city,datetime,target,y_true,y_pred,order_p,order_d,order_q,aic
Adilabad,2023-10-15 02:30:00,hum,65.0,70.53526387145659,2,1,0,269.6388758217376
Adilabad,2023-10-16 02:30:00,hum,63.0,62.55389544157966,2,1,0,269.6388758217376
Adilabad,2023-10-17 02:30:00,hum,67.0,64.36547248731858,2,1,0,269.6388758217376
Adilabad,2023-10-18 02:30:00,hum,73.0,66.72193818620784,2,1,0,269.6388758217376
Adilabad,2023-10-19 02:30:00,hum,72.0,70.46852537447528,2,1,0,269.6388758217376
Adilabad,2023-10-20 02:30:00,hum,85.0,70.30481568153036,2,1,0,269.6388758217376
Adilabad,2023-10-21 02:30:00,hum,76.0,82.64851431041501,2,1,0,269.6388758217376
Adilabad,2023-10-22 02:30:00,hum,64.0,75.08623355332074,2,1,0,269.6388758217376
Adilabad,2023-10-23 02:15:00,hum,63.0,69.59643737744862,2,1,0,269.6388758217376
Adilabad,2023-10-24 02:15:00,hum,69.0,66.660052521255,2,1,0,269.6388758217376
Adilabad,2023-10-25 02:30:00,hum,62.0,68.33060821098272,2,1,0,269.6388758217376
Adilabad,2023-10-26 02:00:00,hum,59.0,61.45134679367506,2,1,0,269.6388758217376
Adilabad,2023-10-27 02:30:00,hum,56.0,61.73508496572819,2,1,0,269.6388758217376
Adilabad,2023-10-28 02:00:00,hum,57.0,57.3633532016819,2,1,0,269.6388758217376
Adilabad,2023-10-29 02:45:00,hum,58.0,57.70832635457731,2,1,0,269.6388758217376
Adilabad,2023-10-30 02:00:00,hum,64.0,57.54615850131204,2,1,0,269.6388758217376
Agar,2023-10-15 02:30:00,hum,48.0,53.0,0,1,0,297.11602306026464
Agar,2023-10-16 02:30:00,hum,65.0,48.0,0,1,0,297.11602306026464
Agar,2023-10-17 02:30:00,hum,66.0,65.0,0,1,0,297.11602306026464
Agar,2023-10-18 02:30:00,hum,65.0,66.0,0,1,0,297.11602306026464
Agar,2023-10-19 02:30:00,hum,55.0,65.0,0,1,0,297.11602306026464
Agar,2023-10-20 02:30:00,hum,52.0,55.0,0,1,0,297.11602306026464
Agar,2023-10-21 02:30:00,hum,50.0,52.0,0,1,0,297.11602306026464
Agar,2023-10-22 02:30:00,hum,48.0,50.0,0,1,0,297.11602306026464
Agar,2023-10-23 02:15:00,hum,46.0,48.0,0,1,0,297.11602306026464
Agar,2023-10-24 02:15:00,hum,41.0,46.0,0,1,0,297.11602306026464
Agar,2023-10-25 02:30:00,hum,38.0,41.0,0,1,0,297.11602306026464
Agar,2023-10-26 02:00:00,hum,36.0,38.0,0,1,0,297.11602306026464
Agar,2023-10-27 02:30:00,hum,34.0,36.0,0,1,0,297.11602306026464
Agar,2023-10-28 02:00:00,hum,37.0,34.0,0,1,0,297.11602306026464
Agar,2023-10-29 02:45:00,hum,40.0,37.0,0,1,0,297.11602306026464
Agar,2023-10-30 02:00:00,hum,41.0,40.0,0,1,0,297.11602306026464
Agra,2023-10-15 02:30:00,hum,37.0,31.880053026226488,0,1,1,336.5127825637468
Agra,2023-10-16 02:30:00,hum,39.0,35.26148074677868,0,1,1,336.5127825637468
Agra,2023-10-17 02:30:00,hum,74.0,37.749292688951684,0,1,1,336.5127825637468
Agra,2023-10-18 02:30:00,hum,57.0,63.38148897368693,0,1,1,336.5127825637468
Agra,2023-10-19 02:30:00,hum,42.0,58.64251287025438,0,1,1,336.5127825637468
Agra,2023-10-20 02:30:00,hum,39.0,47.868893192569814,0,1,1,336.5127825637468
Agra,2023-10-21 02:15:00,hum,44.0,41.86599343655871,0,1,1,336.5127825637468
Agra,2023-10-22 02:30:00,hum,44.0,43.29943357415652,0,1,1,336.5127825637468
Agra,2023-10-23 02:15:00,hum,34.0,43.761684789889394,0,1,1,336.5127825637468
Agra,2023-10-24 02:15:00,hum,39.0,37.32455818837677,0,1,1,336.5127825637468
Agra,2023-10-25 02:30:00,hum,42.0,38.434818210866574,0,1,1,336.5127825637468
Agra,2023-10-26 02:00:00,hum,37.0,40.77056608788626,0,1,1,336.5127825637468
Agra,2023-10-27 02:15:00,hum,28.0,38.30710722384312,0,1,1,336.5127825637468
Agra,2023-10-28 02:00:00,hum,28.0,31.520480403940827,0,1,1,336.5127825637468
Agra,2023-10-29 02:45:00,hum,33.0,29.152529380576965,0,1,1,336.5127825637468
Agra,2023-10-30 02:00:00,hum,36.0,31.704101453494502,0,1,1,336.5127825637468
Ahmadnagar,2023-10-15 02:30:00,hum,60.0,54.0,0,1,0,288.75022104074117
Ahmadnagar,2023-10-16 02:30:00,hum,59.0,60.0,0,1,0,288.75022104074117
Ahmadnagar,2023-10-17 02:30:00,hum,55.0,59.0,0,1,0,288.75022104074117
Ahmadnagar,2023-10-18 02:30:00,hum,56.0,55.0,0,1,0,288.75022104074117
Ahmadnagar,2023-10-19 02:30:00,hum,57.0,56.0,0,1,0,288.75022104074117
Ahmadnagar,2023-10-20 02:30:00,hum,60.0,57.0,0,1,0,288.75022104074117
Ahmadnagar,2023-10-21 02:15:00,hum,56.0,60.0,0,1,0,288.75022104074117
Ahmadnagar,2023-10-22 02:30:00,hum,55.0,56.0,0,1,0,288.75022104074117
Ahmadnagar,2023-10-23 02:15:00,hum,53.0,55.0,0,1,0,288.75022104074117
Ahmadnagar,2023-10-24 02:15:00,hum,47.0,53.0,0,1,0,288.75022104074117
Ahmadnagar,2023-10-25 02:15:00,hum,52.0,47.0,0,1,0,288.75022104074117
Ahmadnagar,2023-10-26 02:00:00,hum,44.0,52.0,0,1,0,288.75022104074117
Ahmadnagar,2023-10-27 02:15:00,hum,43.0,44.0,0,1,0,288.75022104074117
Ahmadnagar,2023-10-28 02:00:00,hum,49.0,43.0,0,1,0,288.75022104074117
Ahmadnagar,2023-10-29 02:45:00,hum,47.0,49.0,0,1,0,288.75022104074117
Ahmadnagar,2023-10-30 02:00:00,hum,41.0,47.0,0,1,0,288.75022104074117
Aizawl,2023-10-15 02:30:00,hum,98.0,98.55555056597008,0,0,0,195.34768699217224
Aizawl,2023-10-16 02:30:00,hum,98.0,98.54347324904123,0,0,0,195.34768699217224
Aizawl,2023-10-17 02:15:00,hum,94.0,98.53190984054672,0,0,0,195.34768699217224
Aizawl,2023-10-18 02:30:00,hum,92.0,98.4374949212941,0,0,0,195.34768699217224
Aizawl,2023-10-19 02:15:00,hum,96.0,98.30611760821822,0,0,0,195.34768699217224
Aizawl,2023-10-20 02:30:00,hum,92.0,98.25999500801883,0,0,0,195.34768699217224
Aizawl,2023-10-21 02:15:00,hum,89.0,98.13724987323053,0,0,0,195.34768699217224
Aizawl,2023-10-22 02:15:00,hum,93.0,97.96153343930756,0,0,0,195.34768699217224
Aizawl,2023-10-23 02:15:00,hum,100.0,97.86791958541215,0,0,0,195.34768699217224
Aizawl,2023-10-24 02:15:00,hum,100.0,97.90740200889353,0,0,0,195.34768699217224
Aizawl,2023-10-25 02:15:00,hum,82.0,97.94544955322667,0,0,0,195.34768699217224
Aizawl,2023-10-26 02:00:00,hum,96.0,97.66070936746483,0,0,0,195.34768699217224
Aizawl,2023-10-27 02:15:00,hum,99.0,97.63157407498998,0,0,0,195.34768699217224
Aizawl,2023-10-28 02:00:00,hum,98.0,97.65516745860702,0,0,0,195.34768699217224
Aizawl,2023-10-29 02:30:00,hum,97.0,97.66101196727261,0,0,0,195.34768699217224
Aizawl,2023-10-30 01:45:00,hum,84.0,97.6499949833259,0,0,0,195.34768699217224
Ajmer,2023-10-15 02:30:00,hum,46.0,39.89528657092242,0,1,2,321.086759231697
Ajmer,2023-10-16 02:30:00,hum,53.0,44.90852950097465,0,1,2,321.086759231697
Ajmer,2023-10-17 02:30:00,hum,67.0,54.462297039640106,0,1,2,321.086759231697
Ajmer,2023-10-18 02:30:00,hum,65.0,69.01777497340825,0,1,2,321.086759231697
Ajmer,2023-10-19 02:30:00,hum,49.0,70.6301552364127,0,1,2,321.086759231697
Ajmer,2023-10-20 02:30:00,hum,44.0,49.3414817841487,0,1,2,321.086759231697
Ajmer,2023-10-21 02:15:00,hum,39.0,37.81092010096495,0,1,2,321.086759231697
Ajmer,2023-10-22 02:30:00,hum,39.0,37.491098718565105,0,1,2,321.086759231697
Ajmer,2023-10-23 02:15:00,hum,42.0,39.211708498705995,0,1,2,321.086759231697
Ajmer,2023-10-24 02:15:00,hum,33.0,42.35762085044914,0,1,2,321.086759231697
Ajmer,2023-10-25 02:30:00,hum,38.0,34.248271325466014,0,1,2,321.086759231697
Ajmer,2023-10-26 02:00:00,hum,33.0,34.97153569088808,0,1,2,321.086759231697
Ajmer,2023-10-27 02:15:00,hum,39.0,34.23995186289997,0,1,2,321.086759231697
Ajmer,2023-10-28 02:00:00,hum,30.0,38.177161137644426,0,1,2,321.086759231697
Ajmer,2023-10-29 02:45:00,hum,28.0,31.95290928042925,0,1,2,321.086759231697
Ajmer,2023-10-30 02:00:00,hum,34.0,25.67458096077202,0,1,2,321.086759231697
Akola,2023-10-15 02:30:00,hum,54.0,55.0,0,1,0,272.4354905496961
Akola,2023-10-16 02:30:00,hum,60.0,54.0,0,1,0,272.4354905496961
Akola,2023-10-17 02:30:00,hum,60.0,60.0,0,1,0,272.4354905496961
Akola,2023-10-18 02:30:00,hum,68.0,60.0,0,1,0,272.4354905496961
Akola,2023-10-19 02:30:00,hum,57.0,68.0,0,1,0,272.4354905496961
Akola,2023-10-20 02:30:00,hum,71.0,57.0,0,1,0,272.4354905496961
Akola,2023-10-21 02:15:00,hum,60.0,71.0,0,1,0,272.4354905496961
Akola,2023-10-22 02:30:00,hum,56.0,60.0,0,1,0,272.4354905496961
Akola,2023-10-23 02:15:00,hum,49.0,56.0,0,1,0,272.4354905496961
Akola,2023-10-24 02:15:00,hum,56.0,49.0,0,1,0,272.4354905496961
Akola,2023-10-25 02:15:00,hum,49.0,56.0,0,1,0,272.4354905496961
Akola,2023-10-26 02:00:00,hum,44.0,49.0,0,1,0,272.4354905496961
Akola,2023-10-27 02:15:00,hum,48.0,44.0,0,1,0,272.4354905496961
Akola,2023-10-28 02:00:00,hum,53.0,48.0,0,1,0,272.4354905496961
Akola,2023-10-29 02:45:00,hum,52.0,53.0,0,1,0,272.4354905496961
Akola,2023-10-30 02:00:00,hum,56.0,52.0,0,1,0,272.4354905496961
Alappuzha,2023-10-15 02:30:00,hum,84.0,85.0653918655462,1,1,1,237.9119907916212
Alappuzha,2023-10-16 02:30:00,hum,84.0,84.17003190554212,1,1,1,237.9119907916212
Alappuzha,2023-10-17 02:30:00,hum,83.0,84.1610861401685,1,1,1,237.9119907916212
Alappuzha,2023-10-18 02:30:00,hum,82.0,83.67707822077926,1,1,1,237.9119907916212
Alappuzha,2023-10-19 02:15:00,hum,80.0,83.14954822617123,1,1,1,237.9119907916212
Alappuzha,2023-10-20 02:30:00,hum,81.0,82.08097212320202,1,1,1,237.9119907916212
Alappuzha,2023-10-21 02:15:00,hum,76.0,82.35259108840103,1,1,1,237.9119907916212
Alappuzha,2023-10-22 02:15:00,hum,88.0,79.61475116961103,1,1,1,237.9119907916212
Alappuzha,2023-10-23 02:15:00,hum,90.0,84.89469736444383,1,1,1,237.9119907916212
Alappuzha,2023-10-24 02:15:00,hum,84.0,86.45730811380655,1,1,1,237.9119907916212
Alappuzha,2023-10-25 02:15:00,hum,85.0,83.91856646345667,1,1,1,237.9119907916212
Alappuzha,2023-10-26 02:00:00,hum,82.0,84.35964654186232,1,1,1,237.9119907916212
Alappuzha,2023-10-27 02:15:00,hum,83.0,83.12859317078382,1,1,1,237.9119907916212
Alappuzha,2023-10-28 02:00:00,hum,85.0,83.47573524475847,1,1,1,237.9119907916212
Alappuzha,2023-10-29 02:30:00,hum,82.0,84.28929192974354,1,1,1,237.9119907916212
Alappuzha,2023-10-30 01:45:00,hum,83.0,83.0863683760233,1,1,1,237.9119907916212
Aligarh,2023-10-15 02:30:00,hum,38.0,40.0,0,1,0,324.79149919513736
Aligarh,2023-10-16 02:30:00,hum,50.0,38.0,0,1,0,324.79149919513736
Aligarh,2023-10-17 02:30:00,hum,78.0,50.0,0,1,0,324.79149919513736
Aligarh,2023-10-18 02:30:00,hum,57.0,78.0,0,1,0,324.79149919513736
Aligarh,2023-10-19 02:30:00,hum,49.0,57.0,0,1,0,324.79149919513736
Aligarh,2023-10-20 02:30:00,hum,40.0,49.0,0,1,0,324.79149919513736
Aligarh,2023-10-21 02:15:00,hum,47.0,40.0,0,1,0,324.79149919513736
Aligarh,2023-10-22 02:30:00,hum,48.0,47.0,0,1,0,324.79149919513736
Aligarh,2023-10-23 02:15:00,hum,38.0,48.0,0,1,0,324.79149919513736
Aligarh,2023-10-24 02:15:00,hum,41.0,38.0,0,1,0,324.79149919513736
Aligarh,2023-10-25 02:30:00,hum,49.0,41.0,0,1,0,324.79149919513736
Aligarh,2023-10-26 02:00:00,hum,38.0,49.0,0,1,0,324.79149919513736
Aligarh,2023-10-27 02:30:00,hum,30.0,38.0,0,1,0,324.79149919513736
Aligarh,2023-10-28 02:00:00,hum,35.0,30.0,0,1,0,324.79149919513736
Aligarh,2023-10-29 02:45:00,hum,37.0,35.0,0,1,0,324.79149919513736
Aligarh,2023-10-30 02:00:00,hum,41.0,37.0,0,1,0,324.79149919513736
Alirajpur,2023-10-15 02:30:00,hum,51.0,50.0,0,1,0,279.07681792764635
Alirajpur,2023-10-16 02:30:00,hum,68.0,51.0,0,1,0,279.07681792764635
Alirajpur,2023-10-17 02:15:00,hum,57.0,68.0,0,1,0,279.07681792764635
Alirajpur,2023-10-18 02:15:00,hum,61.0,57.0,0,1,0,279.07681792764635
Alirajpur,2023-10-19 02:15:00,hum,53.0,61.0,0,1,0,279.07681792764635
Alirajpur,2023-10-20 02:15:00,hum,44.0,53.0,0,1,0,279.07681792764635
Alirajpur,2023-10-21 02:00:00,hum,52.0,44.0,0,1,0,279.07681792764635
Alirajpur,2023-10-22 02:15:00,hum,55.0,52.0,0,1,0,279.07681792764635
Alirajpur,2023-10-23 02:00:00,hum,44.0,55.0,0,1,0,279.07681792764635
Alirajpur,2023-10-24 02:15:00,hum,43.0,44.0,0,1,0,279.07681792764635
Alirajpur,2023-10-25 02:15:00,hum,47.0,43.0,0,1,0,279.07681792764635
Alirajpur,2023-10-26 02:00:00,hum,34.0,47.0,0,1,0,279.07681792764635
Alirajpur,2023-10-27 02:15:00,hum,35.0,34.0,0,1,0,279.07681792764635
Alirajpur,2023-10-28 02:00:00,hum,39.0,35.0,0,1,0,279.07681792764635
Alirajpur,2023-10-29 02:30:00,hum,39.0,39.0,0,1,0,279.07681792764635
Alirajpur,2023-10-30 01:45:00,hum,39.0,39.0,0,1,0,279.07681792764635
Allahabad,2023-10-15 02:30:00,hum,50.0,47.0,0,1,0,325.8144174054636
Allahabad,2023-10-16 02:30:00,hum,48.0,50.0,0,1,0,325.8144174054636
Allahabad,2023-10-17 02:30:00,hum,84.0,48.0,0,1,0,325.8144174054636
Allahabad,2023-10-18 02:30:00,hum,74.0,84.0,0,1,0,325.8144174054636
Allahabad,2023-10-19 02:30:00,hum,54.0,74.0,0,1,0,325.8144174054636
Allahabad,2023-10-20 02:30:00,hum,48.0,54.0,0,1,0,325.8144174054636
Allahabad,2023-10-21 02:15:00,hum,53.0,48.0,0,1,0,325.8144174054636
Allahabad,2023-10-22 02:30:00,hum,49.0,53.0,0,1,0,325.8144174054636
Allahabad,2023-10-23 02:15:00,hum,51.0,49.0,0,1,0,325.8144174054636
Allahabad,2023-10-24 02:15:00,hum,47.0,51.0,0,1,0,325.8144174054636
Allahabad,2023-10-25 02:30:00,hum,45.0,47.0,0,1,0,325.8144174054636
Allahabad,2023-10-26 02:00:00,hum,56.0,45.0,0,1,0,325.8144174054636
Allahabad,2023-10-27 02:30:00,hum,45.0,56.0,0,1,0,325.8144174054636
Allahabad,2023-10-28 02:00:00,hum,36.0,45.0,0,1,0,325.8144174054636
Allahabad,2023-10-29 02:45:00,hum,41.0,36.0,0,1,0,325.8144174054636
Allahabad,2023-10-30 02:00:00,hum,42.0,41.0,0,1,0,325.8144174054636
Almora,2023-10-15 02:30:00,hum,59.0,65.0,0,1,0,312.2890044541932
Almora,2023-10-16 02:30:00,hum,67.0,59.00000000000001,0,1,0,312.2890044541932
Almora,2023-10-17 02:30:00,hum,73.0,67.0,0,1,0,312.2890044541932
Almora,2023-10-18 02:30:00,hum,68.0,73.0,0,1,0,312.2890044541932
Almora,2023-10-19 02:15:00,hum,71.0,68.0,0,1,0,312.2890044541932
Almora,2023-10-20 02:30:00,hum,69.0,71.0,0,1,0,312.2890044541932
Almora,2023-10-21 02:15:00,hum,67.0,69.0,0,1,0,312.2890044541932
Almora,2023-10-22 02:15:00,hum,66.0,67.0,0,1,0,312.2890044541932
Almora,2023-10-23 02:15:00,hum,47.0,66.0,0,1,0,312.2890044541932
Almora,2023-10-24 02:15:00,hum,57.0,47.00000000000001,0,1,0,312.2890044541932
Almora,2023-10-25 02:15:00,hum,53.0,57.0,0,1,0,312.2890044541932
Almora,2023-10-26 02:00:00,hum,59.0,53.0,0,1,0,312.2890044541932
Almora,2023-10-27 02:15:00,hum,55.0,59.0,0,1,0,312.2890044541932
Almora,2023-10-28 02:00:00,hum,58.0,55.0,0,1,0,312.2890044541932
Almora,2023-10-29 02:30:00,hum,62.0,58.0,0,1,0,312.2890044541932
Almora,2023-10-30 01:45:00,hum,67.0,62.0,0,1,0,312.2890044541932
Alwar,2023-10-15 02:30:00,hum,34.0,38.0,0,1,0,306.71672426334806
Alwar,2023-10-16 02:30:00,hum,42.0,34.0,0,1,0,306.71672426334806
Alwar,2023-10-17 02:30:00,hum,79.0,42.0,0,1,0,306.71672426334806
Alwar,2023-10-18 02:30:00,hum,61.0,79.0,0,1,0,306.71672426334806
Alwar,2023-10-19 02:30:00,hum,51.0,61.0,0,1,0,306.71672426334806
Alwar,2023-10-20 02:30:00,hum,40.0,51.0,0,1,0,306.71672426334806
Alwar,2023-10-21 02:30:00,hum,43.0,40.0,0,1,0,306.71672426334806
Alwar,2023-10-22 02:30:00,hum,42.0,43.0,0,1,0,306.71672426334806
Alwar,2023-10-23 02:15:00,hum,39.0,42.0,0,1,0,306.71672426334806
Alwar,2023-10-24 02:15:00,hum,37.0,39.0,0,1,0,306.71672426334806
Alwar,2023-10-25 02:30:00,hum,37.0,37.0,0,1,0,306.71672426334806
Alwar,2023-10-26 02:00:00,hum,39.0,37.0,0,1,0,306.71672426334806
Alwar,2023-10-27 02:30:00,hum,30.0,39.0,0,1,0,306.71672426334806
Alwar,2023-10-28 02:00:00,hum,21.0,30.0,0,1,0,306.71672426334806
Alwar,2023-10-29 02:45:00,hum,33.0,21.0,0,1,0,306.71672426334806
Alwar,2023-10-30 02:00:00,hum,38.0,33.0,0,1,0,306.71672426334806
Ambala,2023-10-15 02:30:00,hum,51.0,54.023712288529495,0,1,2,312.3224517410645
Ambala,2023-10-16 02:30:00,hum,52.0,50.17966514303641,0,1,2,312.3224517410645
Ambala,2023-10-17 02:15:00,hum,81.0,52.07649576209608,0,1,2,312.3224517410645
Ambala,2023-10-18 02:30:00,hum,56.0,72.91204300503148,0,1,2,312.3224517410645
Ambala,2023-10-19 02:15:00,hum,51.0,56.410744261772706,0,1,2,312.3224517410645
Ambala,2023-10-20 02:30:00,hum,48.0,55.40143016826163,0,1,2,312.3224517410645
Ambala,2023-10-21 02:15:00,hum,49.0,51.638982439092544,0,1,2,312.3224517410645
Ambala,2023-10-22 02:15:00,hum,52.0,51.46876351718011,0,1,2,312.3224517410645
Ambala,2023-10-23 02:15:00,hum,47.0,52.33731413654573,0,1,2,312.3224517410645
Ambala,2023-10-24 02:15:00,hum,49.0,48.85417579180993,0,1,2,312.3224517410645
Ambala,2023-10-25 02:15:00,hum,44.0,50.010873136736436,0,1,2,312.3224517410645
Ambala,2023-10-26 02:00:00,hum,39.0,46.179688645713796,0,1,2,312.3224517410645
Ambala,2023-10-27 02:15:00,hum,44.0,42.697651895946194,0,1,2,312.3224517410645
Ambala,2023-10-28 02:00:00,hum,43.0,44.931740956669756,0,1,2,312.3224517410645
Ambala,2023-10-29 02:30:00,hum,49.0,43.4367215903678,0,1,2,312.3224517410645
Ambala,2023-10-30 01:45:00,hum,48.0,47.34961788161582,0,1,2,312.3224517410645
Amethi,2023-10-15 02:30:00,hum,63.0,64.81671873237302,0,1,1,309.581535184587
Amethi,2023-10-16 02:30:00,hum,69.0,64.05615499568437,0,1,1,309.581535184587
Amethi,2023-10-17 02:30:00,hum,87.0,66.08788300873844,0,1,1,309.581535184587
Amethi,2023-10-18 02:30:00,hum,75.0,74.92439229908695,0,1,1,309.581535184587
Amethi,2023-10-19 02:30:00,hum,65.0,74.95829600564613,0,1,1,309.581535184587
Amethi,2023-10-20 02:30:00,hum,61.0,70.8205024406727,0,1,1,309.581535184587
Amethi,2023-10-21 02:15:00,hum,64.0,67.04571003980182,0,1,1,309.581535184587
Amethi,2023-10-22 02:30:00,hum,60.0,65.78034579883146,0,1,1,309.581535184587
Amethi,2023-10-23 02:15:00,hum,60.0,63.29249635474511,0,1,1,309.581535184587
Amethi,2023-10-24 02:15:00,hum,54.0,61.81569498873006,0,1,1,309.581535184587
Amethi,2023-10-25 02:30:00,hum,56.0,58.188372457408434,0,1,1,309.581535184587
Amethi,2023-10-26 02:00:00,hum,57.0,57.13257949127547,0,1,1,309.581535184587
Amethi,2023-10-27 02:30:00,hum,57.0,57.071453780331865,0,1,1,309.581535184587
Amethi,2023-10-28 02:00:00,hum,53.0,57.03915471541531,0,1,1,309.581535184587
Amethi,2023-10-29 02:45:00,hum,54.0,55.17480387450049,0,1,1,309.581535184587
Amethi,2023-10-30 02:00:00,hum,59.0,54.62693307708659,0,1,1,309.581535184587
Amravati,2023-10-15 02:30:00,hum,57.0,57.60715439227266,1,1,2,283.05625760102527
Amravati,2023-10-16 02:30:00,hum,59.0,59.407230634281035,1,1,2,283.05625760102527
Amravati,2023-10-17 02:30:00,hum,57.0,57.69204443624775,1,1,2,283.05625760102527
Amravati,2023-10-18 02:30:00,hum,69.0,57.95987539753523,1,1,2,283.05625760102527
Amravati,2023-10-19 02:30:00,hum,59.0,68.61871667998909,1,1,2,283.05625760102527
Amravati,2023-10-20 02:30:00,hum,70.0,55.920013526944466,1,1,2,283.05625760102527
Amravati,2023-10-21 02:15:00,hum,65.0,72.07571682888118,1,1,2,283.05625760102527
Amravati,2023-10-22 02:30:00,hum,57.0,61.62380167624454,1,1,2,283.05625760102527
Amravati,2023-10-23 02:15:00,hum,58.0,63.613382281287066,1,1,2,283.05625760102527
Amravati,2023-10-24 02:15:00,hum,56.0,55.68676335441948,1,1,2,283.05625760102527
Amravati,2023-10-25 02:15:00,hum,53.0,59.50718477516721,1,1,2,283.05625760102527
Amravati,2023-10-26 02:00:00,hum,44.0,51.85038685349744,1,1,2,283.05625760102527
Amravati,2023-10-27 02:15:00,hum,53.0,48.75703480381439,1,1,2,283.05625760102527
Amravati,2023-10-28 02:00:00,hum,54.0,50.557455623969204,1,1,2,283.05625760102527
Amravati,2023-10-29 02:45:00,hum,54.0,54.047113613046186,1,1,2,283.05625760102527
Amravati,2023-10-30 02:00:00,hum,60.0,52.802329413922656,1,1,2,283.05625760102527
Amreli,2023-10-15 02:30:00,hum,56.0,69.48950748114099,0,1,2,293.71709509498055
Amreli,2023-10-16 02:30:00,hum,69.0,60.93809051481465,0,1,2,293.71709509498055
Amreli,2023-10-17 02:15:00,hum,71.0,69.94013569029973,0,1,2,293.71709509498055
Amreli,2023-10-18 02:15:00,hum,50.0,68.90027473947603,0,1,2,293.71709509498055
Amreli,2023-10-19 02:15:00,hum,44.0,55.83413811905484,0,1,2,293.71709509498055
Amreli,2023-10-20 02:30:00,hum,42.0,51.516585109290396,0,1,2,293.71709509498055
Amreli,2023-10-21 02:15:00,hum,50.0,45.91422447019217,0,1,2,293.71709509498055
Amreli,2023-10-22 02:15:00,hum,53.0,51.294511589167605,0,1,2,293.71709509498055
Amreli,2023-10-23 02:00:00,hum,45.0,51.75867181252698,0,1,2,293.71709509498055
Amreli,2023-10-24 02:15:00,hum,47.0,46.06177658567949,0,1,2,293.71709509498055
Amreli,2023-10-25 02:15:00,hum,45.0,48.447504239514714,0,1,2,293.71709509498055
Amreli,2023-10-26 02:00:00,hum,39.0,45.53201397239913,0,1,2,293.71709509498055
Amreli,2023-10-27 02:15:00,hum,41.0,41.177863898637675,0,1,2,293.71709509498055
Amreli,2023-10-28 02:00:00,hum,40.0,42.5869591531893,0,1,2,293.71709509498055
Amreli,2023-10-29 02:30:00,hum,39.0,40.570588812994096,0,1,2,293.71709509498055
Amreli,2023-10-30 01:45:00,hum,40.0,39.92190043909011,0,1,2,293.71709509498055
Amritsar,2023-10-15 02:30:00,hum,88.0,86.37186169924061,1,1,1,302.50557961680823
Amritsar,2023-10-16 02:30:00,hum,94.0,88.53003127391759,1,1,1,302.50557961680823
Amritsar,2023-10-17 02:30:00,hum,94.0,91.15091383922942,1,1,1,302.50557961680823
Amritsar,2023-10-18 02:30:00,hum,94.0,91.23872691135092,1,1,1,302.50557961680823
Amritsar,2023-10-19 02:15:00,hum,94.0,91.3202913485573,1,1,1,302.50557961680823
Amritsar,2023-10-20 02:30:00,hum,94.0,91.39762292026994,1,1,1,302.50557961680823
Amritsar,2023-10-21 02:15:00,hum,94.0,91.47036034788186,1,1,1,302.50557961680823
Amritsar,2023-10-22 02:15:00,hum,88.0,91.5390207405707,1,1,1,302.50557961680823
Amritsar,2023-10-23 02:15:00,hum,94.0,88.82283385567875,1,1,1,302.50557961680823
Amritsar,2023-10-24 02:15:00,hum,88.0,91.52251711622708,1,1,1,302.50557961680823
Amritsar,2023-10-25 02:15:00,hum,88.0,88.86684500055674,1,1,1,302.50557961680823
Amritsar,2023-10-26 02:00:00,hum,94.0,88.85187861550932,1,1,1,302.50557961680823
Amritsar,2023-10-27 02:15:00,hum,94.0,91.48975067843176,1,1,1,302.50557961680823
Amritsar,2023-10-28 02:00:00,hum,88.0,91.55115395773367,1,1,1,302.50557961680823
Amritsar,2023-10-29 02:45:00,hum,83.0,88.93071373896197,1,1,1,302.50557961680823
Amritsar,2023-10-30 02:00:00,hum,94.0,86.70071234366254,1,1,1,302.50557961680823
Anand,2023-10-15 02:30:00,hum,55.0,54.7781687913817,2,1,1,293.3832475348119
Anand,2023-10-16 02:30:00,hum,63.0,60.04820997187049,2,1,1,293.3832475348119
Anand,2023-10-17 02:15:00,hum,50.0,67.79883743671897,2,1,1,293.3832475348119
Anand,2023-10-18 02:15:00,hum,51.0,46.60940132201639,2,1,1,293.3832475348119
Anand,2023-10-19 02:15:00,hum,52.0,53.740667640484524,2,1,1,293.3832475348119
Anand,2023-10-20 02:30:00,hum,49.0,53.91434804081936,2,1,1,293.3832475348119
Anand,2023-10-21 02:15:00,hum,45.0,49.39478374469156,2,1,1,293.3832475348119
Anand,2023-10-22 02:15:00,hum,39.0,45.40929562860367,2,1,1,293.3832475348119
Anand,2023-10-23 02:00:00,hum,40.0,39.24487847768137,2,1,1,293.3832475348119
Anand,2023-10-24 02:15:00,hum,38.0,42.4888122077659,2,1,1,293.3832475348119
Anand,2023-10-25 02:15:00,hum,35.0,38.881194047860006,2,1,1,293.3832475348119
Anand,2023-10-26 02:00:00,hum,31.0,35.535419049729235,2,1,1,293.3832475348119
Anand,2023-10-27 02:15:00,hum,34.0,31.353271136422837,2,1,1,293.3832475348119
Anand,2023-10-28 02:00:00,hum,35.0,36.27826160768704,2,1,1,293.3832475348119
Anand,2023-10-29 02:30:00,hum,34.0,35.75416334460722,2,1,1,293.3832475348119
Anand,2023-10-30 01:45:00,hum,34.0,33.93704422554472,2,1,1,293.3832475348119
Anantapur,2023-10-15 02:30:00,hum,51.0,60.85683559266133,1,1,1,301.03902796931243
Anantapur,2023-10-16 02:30:00,hum,61.0,54.30616052883095,1,1,1,301.03902796931243
Anantapur,2023-10-17 02:15:00,hum,60.0,62.34641752538668,1,1,1,301.03902796931243
Anantapur,2023-10-18 02:30:00,hum,53.0,61.26269536858088,1,1,1,301.03902796931243
Anantapur,2023-10-19 02:15:00,hum,69.0,55.34303314977631,1,1,1,301.03902796931243
Anantapur,2023-10-20 02:30:00,hum,70.0,67.9018241195327,1,1,1,301.03902796931243
Anantapur,2023-10-21 02:15:00,hum,69.0,69.04750464858793,1,1,1,301.03902796931243
Anantapur,2023-10-22 02:15:00,hum,72.0,68.38085349856422,1,1,1,301.03902796931243
Anantapur,2023-10-23 02:00:00,hum,56.0,71.07674964673099,1,1,1,301.03902796931243
Anantapur,2023-10-24 02:15:00,hum,49.0,58.765910855006595,1,1,1,301.03902796931243
Anantapur,2023-10-25 02:15:00,hum,46.0,53.20792099955231,1,1,1,301.03902796931243
Anantapur,2023-10-26 02:00:00,hum,52.0,50.197112889879335,1,1,1,301.03902796931243
Anantapur,2023-10-27 02:15:00,hum,54.0,54.392362904073096,1,1,1,301.03902796931243
Anantapur,2023-10-28 02:00:00,hum,79.0,55.65396342339663,1,1,1,301.03902796931243
Anantapur,2023-10-29 02:30:00,hum,80.0,77.08429195221153,1,1,1,301.03902796931243
Anantapur,2023-10-30 01:45:00,hum,71.0,80.75992370635645,1,1,1,301.03902796931243
Anantnag,2023-10-16 02:30:00,hum,56.0,72.55522134474799,2,1,2,307.09076374243347
Anantnag,2023-10-17 02:15:00,hum,89.0,55.3457625176286,2,1,2,307.09076374243347
Anantnag,2023-10-18 02:15:00,hum,81.0,92.06244567710628,2,1,2,307.09076374243347
Anantnag,2023-10-19 02:15:00,hum,61.0,75.31301948436054,2,1,2,307.09076374243347
Anantnag,2023-10-20 02:15:00,hum,56.0,55.903308395429484,2,1,2,307.09076374243347
Anantnag,2023-10-21 02:15:00,hum,52.0,61.08353141904087,2,1,2,307.09076374243347
Anantnag,2023-10-22 02:15:00,hum,47.0,64.19305349042858,2,1,2,307.09076374243347
Anantnag,2023-10-23 02:00:00,hum,82.0,49.15979740643782,2,1,2,307.09076374243347
Anantnag,2023-10-24 02:15:00,hum,53.0,85.1313804837935,2,1,2,307.09076374243347
Anantnag,2023-10-25 02:15:00,hum,61.0,46.488864696574126,2,1,2,307.09076374243347
Anantnag,2023-10-26 02:00:00,hum,43.0,61.30503415603459,2,1,2,307.09076374243347
Anantnag,2023-10-27 02:15:00,hum,45.0,52.85249605671163,2,1,2,307.09076374243347
Anantnag,2023-10-28 02:00:00,hum,47.0,45.272005442938124,2,1,2,307.09076374243347
Anantnag,2023-10-29 02:30:00,hum,44.0,54.28242838060399,2,1,2,307.09076374243347
Anantnag,2023-10-30 01:45:00,hum,37.0,44.59025863297627,2,1,2,307.09076374243347
Anugul,2023-10-15 02:30:00,hum,75.0,82.99149108362727,2,1,0,269.6571118161533
Anugul,2023-10-16 02:30:00,hum,71.0,74.43619990621578,2,1,0,269.6571118161533
Anugul,2023-10-17 02:30:00,hum,71.0,74.04446560817001,2,1,0,269.6571118161533
Anugul,2023-10-18 02:30:00,hum,82.0,72.68868583169268,2,1,0,269.6571118161533
Anugul,2023-10-19 02:30:00,hum,88.0,80.92368390434716,2,1,0,269.6571118161533
Anugul,2023-10-20 02:30:00,hum,85.0,82.82597439261642,2,1,0,269.6571118161533
Anugul,2023-10-21 02:15:00,hum,82.0,82.53211872070877,2,1,0,269.6571118161533
Anugul,2023-10-22 02:30:00,hum,77.0,83.40113444989866,2,1,0,269.6571118161533
Anugul,2023-10-23 02:15:00,hum,71.0,78.36710614849605,2,1,0,269.6571118161533
Anugul,2023-10-24 02:15:00,hum,81.0,73.00634263425293,2,1,0,269.6571118161533
Anugul,2023-10-25 02:15:00,hum,88.0,83.28752654179344,2,1,0,269.6571118161533
Anugul,2023-10-26 02:00:00,hum,76.0,83.53148331621279,2,1,0,269.6571118161533
Anugul,2023-10-27 02:15:00,hum,69.0,72.93265954583848,2,1,0,269.6571118161533
Anugul,2023-10-28 02:00:00,hum,70.0,75.11341995330527,2,1,0,269.6571118161533
Anugul,2023-10-29 02:45:00,hum,70.0,73.32517716423646,2,1,0,269.6571118161533
Anugul,2023-10-30 02:00:00,hum,75.0,69.53877802098198,2,1,0,269.6571118161533
Anuppur,2023-10-15 02:30:00,hum,54.0,52.79439978877047,2,1,2,305.74955692072257
Anuppur,2023-10-16 02:30:00,hum,58.0,62.49124582857522,2,1,2,305.74955692072257
Anuppur,2023-10-17 02:15:00,hum,72.0,50.79916447553995,2,1,2,305.74955692072257
Anuppur,2023-10-18 02:15:00,hum,82.0,69.99828833088232,2,1,2,305.74955692072257
Anuppur,2023-10-19 02:15:00,hum,78.0,76.09303973621618,2,1,2,305.74955692072257
Anuppur,2023-10-20 02:15:00,hum,70.0,73.75659085913969,2,1,2,305.74955692072257
Anuppur,2023-10-21 02:00:00,hum,59.0,69.44446895468866,2,1,2,305.74955692072257
Anuppur,2023-10-22 02:15:00,hum,62.0,60.47049796268329,2,1,2,305.74955692072257
Anuppur,2023-10-23 02:00:00,hum,62.0,66.69374215325222,2,1,2,305.74955692072257
Anuppur,2023-10-24 02:15:00,hum,66.0,61.22716268358554,2,1,2,305.74955692072257
Anuppur,2023-10-25 02:15:00,hum,65.0,68.43995442549677,2,1,2,305.74955692072257
Anuppur,2023-10-26 02:00:00,hum,57.0,62.73781765681453,2,1,2,305.74955692072257
Anuppur,2023-10-27 02:15:00,hum,51.0,59.183669677851455,2,1,2,305.74955692072257
Anuppur,2023-10-28 02:00:00,hum,53.0,53.334726139166534,2,1,2,305.74955692072257
Anuppur,2023-10-29 02:30:00,hum,54.0,56.688935194842415,2,1,2,305.74955692072257
Anuppur,2023-10-30 01:45:00,hum,60.0,54.1490581622529,2,1,2,305.74955692072257
Araria,2023-10-15 02:30:00,hum,71.0,70.0,0,1,0,295.2179822414631
Araria,2023-10-16 02:30:00,hum,76.0,71.0,0,1,0,295.2179822414631
Araria,2023-10-17 02:15:00,hum,81.0,76.0,0,1,0,295.2179822414631
Araria,2023-10-18 02:30:00,hum,81.0,81.0,0,1,0,295.2179822414631
Araria,2023-10-19 02:15:00,hum,78.0,81.0,0,1,0,295.2179822414631
Araria,2023-10-20 02:30:00,hum,82.0,78.0,0,1,0,295.2179822414631
Araria,2023-10-21 02:15:00,hum,80.0,82.0,0,1,0,295.2179822414631
Araria,2023-10-22 02:15:00,hum,74.0,80.0,0,1,0,295.2179822414631
Araria,2023-10-23 02:00:00,hum,74.0,74.0,0,1,0,295.2179822414631
Araria,2023-10-24 02:15:00,hum,73.0,74.0,0,1,0,295.2179822414631
Araria,2023-10-25 02:15:00,hum,67.0,73.0,0,1,0,295.2179822414631
Araria,2023-10-26 02:00:00,hum,79.0,67.0,0,1,0,295.2179822414631
Araria,2023-10-27 02:15:00,hum,68.0,79.0,0,1,0,295.2179822414631
Araria,2023-10-28 02:00:00,hum,69.0,68.0,0,1,0,295.2179822414631
Araria,2023-10-29 02:30:00,hum,72.0,69.0,0,1,0,295.2179822414631
Araria,2023-10-30 01:45:00,hum,71.0,72.0,0,1,0,295.2179822414631
Ariyalur,2023-10-15 02:30:00,hum,100.0,85.93220276783887,1,1,1,296.46599877846336
Ariyalur,2023-10-16 02:30:00,hum,94.0,91.2949478009424,1,1,1,296.46599877846336
Ariyalur,2023-10-17 02:30:00,hum,94.0,89.67369267299227,1,1,1,296.46599877846336
Ariyalur,2023-10-18 02:30:00,hum,89.0,90.36167243833894,1,1,1,296.46599877846336
Ariyalur,2023-10-19 02:30:00,hum,94.0,88.33485428186616,1,1,1,296.46599877846336
Ariyalur,2023-10-20 02:30:00,hum,94.0,91.01695801942024,1,1,1,296.46599877846336
Ariyalur,2023-10-21 02:15:00,hum,84.0,91.54514870246184,1,1,1,296.46599877846336
Ariyalur,2023-10-22 02:30:00,hum,89.0,86.87334710465072,1,1,1,296.46599877846336
Ariyalur,2023-10-23 02:15:00,hum,89.0,88.92236198184436,1,1,1,296.46599877846336
Ariyalur,2023-10-24 02:15:00,hum,89.0,88.92798912984605,1,1,1,296.46599877846336
Ariyalur,2023-10-25 02:30:00,hum,79.0,88.93314810669887,1,1,1,296.46599877846336
Ariyalur,2023-10-26 02:00:00,hum,89.0,84.2716136655792,1,1,1,296.46599877846336
Ariyalur,2023-10-27 02:15:00,hum,79.0,88.2875812220765,1,1,1,296.46599877846336
Ariyalur,2023-10-28 02:00:00,hum,89.0,84.08023193559876,1,1,1,296.46599877846336
Ariyalur,2023-10-29 02:45:00,hum,89.0,87.82265634556991,1,1,1,296.46599877846336
Ariyalur,2023-10-30 02:00:00,hum,94.0,87.9319073359674,1,1,1,296.46599877846336
Arong,2023-10-15 02:30:00,hum,80.0,82.1098644421789,0,1,2,227.52418260907302
Arong,2023-10-16 02:30:00,hum,77.0,80.5504917326879,0,1,2,227.52418260907302
Arong,2023-10-17 02:15:00,hum,79.0,79.8070686844783,0,1,2,227.52418260907302
Arong,2023-10-18 02:30:00,hum,84.0,80.84636675872916,0,1,2,227.52418260907302
Arong,2023-10-19 02:15:00,hum,81.0,82.5555458916989,0,1,2,227.52418260907302
Arong,2023-10-20 02:30:00,hum,76.0,80.61752973616322,0,1,2,227.52418260907302
Arong,2023-10-21 02:15:00,hum,79.0,79.10840423323899,0,1,2,227.52418260907302
Arong,2023-10-22 02:15:00,hum,76.0,80.9808930563632,0,1,2,227.52418260907302
Arong,2023-10-23 02:15:00,hum,79.0,78.33746283928953,0,1,2,227.52418260907302
Arong,2023-10-24 02:15:00,hum,74.0,80.42569002523955,0,1,2,227.52418260907302
Arong,2023-10-25 02:15:00,hum,75.0,76.83430543850815,0,1,2,227.52418260907302
Arong,2023-10-26 02:00:00,hum,76.0,77.45900906665769,0,1,2,227.52418260907302
Arong,2023-10-27 02:15:00,hum,75.0,77.07083543715626,0,1,2,227.52418260907302
Arong,2023-10-28 02:00:00,hum,78.0,76.26048623247615,0,1,2,227.52418260907302
Arong,2023-10-29 02:30:00,hum,74.0,77.7240076811235,0,1,2,227.52418260907302
Arong,2023-10-30 01:45:00,hum,74.0,75.43062818067123,0,1,2,227.52418260907302
Arwal,2023-10-15 02:30:00,hum,89.0,88.9496396079311,0,1,1,292.6064459826938
Arwal,2023-10-16 02:30:00,hum,89.0,88.98319494138548,0,1,1,292.6064459826938
Arwal,2023-10-17 02:15:00,hum,83.0,88.99901880032174,0,1,1,292.6064459826938
Arwal,2023-10-18 02:30:00,hum,94.0,87.58533348744638,0,1,1,292.6064459826938
Arwal,2023-10-19 02:15:00,hum,69.0,89.04417121838367,0,1,1,292.6064459826938
Arwal,2023-10-20 02:30:00,hum,94.0,84.8829946317093,0,1,1,292.6064459826938
Arwal,2023-10-21 02:15:00,hum,94.0,87.10352440513402,0,1,1,292.6064459826938
Arwal,2023-10-22 02:15:00,hum,100.0,88.36739389943718,0,1,1,292.6064459826938
Arwal,2023-10-23 02:00:00,hum,94.0,90.0692521105649,0,1,1,292.6064459826938
Arwal,2023-10-24 02:15:00,hum,79.0,90.54868571631644,0,1,1,292.6064459826938
Arwal,2023-10-25 02:15:00,hum,79.0,89.16444439102244,0,1,1,292.6064459826938
Arwal,2023-10-26 02:00:00,hum,83.0,87.71471934552906,0,1,1,292.6064459826938
Arwal,2023-10-27 02:15:00,hum,89.0,86.9308672205768,0,1,1,292.6064459826938
Arwal,2023-10-28 02:00:00,hum,94.0,87.28304987148981,0,1,1,292.6064459826938
Arwal,2023-10-29 02:30:00,hum,94.0,88.27231604946081,0,1,1,292.6064459826938
Arwal,2023-10-30 01:45:00,hum,89.0,89.00294168382653,0,1,1,292.6064459826938
Ashoknagar,2023-10-15 02:30:00,hum,46.0,48.0,0,1,0,308.5732624864805
Ashoknagar,2023-10-16 02:30:00,hum,45.0,46.0,0,1,0,308.5732624864805
Ashoknagar,2023-10-17 02:15:00,hum,79.0,45.0,0,1,0,308.5732624864805
Ashoknagar,2023-10-18 02:15:00,hum,57.0,79.0,0,1,0,308.5732624864805
Ashoknagar,2023-10-19 02:15:00,hum,61.0,57.0,0,1,0,308.5732624864805
Ashoknagar,2023-10-20 02:15:00,hum,47.0,61.0,0,1,0,308.5732624864805
Ashoknagar,2023-10-21 02:00:00,hum,51.0,47.0,0,1,0,308.5732624864805
Ashoknagar,2023-10-22 02:15:00,hum,49.0,51.0,0,1,0,308.5732624864805
Ashoknagar,2023-10-23 02:00:00,hum,49.0,49.0,0,1,0,308.5732624864805
Ashoknagar,2023-10-24 02:15:00,hum,48.0,49.0,0,1,0,308.5732624864805
Ashoknagar,2023-10-25 02:15:00,hum,44.0,48.0,0,1,0,308.5732624864805
Ashoknagar,2023-10-26 02:00:00,hum,42.0,44.0,0,1,0,308.5732624864805
Ashoknagar,2023-10-27 02:15:00,hum,38.0,42.0,0,1,0,308.5732624864805
Ashoknagar,2023-10-28 02:00:00,hum,31.0,38.0,0,1,0,308.5732624864805
Ashoknagar,2023-10-29 02:30:00,hum,37.0,31.0,0,1,0,308.5732624864805
Ashoknagar,2023-10-30 01:45:00,hum,40.0,37.0,0,1,0,308.5732624864805
Auraiya,2023-10-15 02:30:00,hum,40.0,39.195661653794325,0,1,1,332.07470340801785
Auraiya,2023-10-16 02:30:00,hum,45.0,39.771448169541245,0,1,1,332.07470340801785
Auraiya,2023-10-17 02:30:00,hum,78.0,43.522102586842436,0,1,1,332.07470340801785
Auraiya,2023-10-18 02:30:00,hum,64.0,69.80777224376187,0,1,1,332.07470340801785
Auraiya,2023-10-19 02:30:00,hum,47.0,65.2510846374942,0,1,1,332.07470340801785
Auraiya,2023-10-20 02:30:00,hum,44.0,52.33233207196562,0,1,1,332.07470340801785
Auraiya,2023-10-21 02:15:00,hum,45.0,46.090901172151995,0,1,1,332.07470340801785
Auraiya,2023-10-22 02:30:00,hum,49.0,45.27864067947626,0,1,1,332.07470340801785
Auraiya,2023-10-23 02:15:00,hum,52.0,48.01143636257065,0,1,1,332.07470340801785
Auraiya,2023-10-24 02:15:00,hum,44.0,50.94560799626623,0,1,1,332.07470340801785
Auraiya,2023-10-25 02:30:00,hum,50.0,45.87769807006825,0,1,1,332.07470340801785
Auraiya,2023-10-26 02:00:00,hum,41.0,48.867744685054824,0,1,1,332.07470340801785
Auraiya,2023-10-27 02:30:00,hum,36.0,43.20512675361834,0,1,1,332.07470340801785
Auraiya,2023-10-28 02:00:00,hum,38.0,37.927394284390694,0,1,1,332.07470340801785
Auraiya,2023-10-29 02:45:00,hum,36.0,37.980954158080465,0,1,1,332.07470340801785
Auraiya,2023-10-30 02:00:00,hum,40.0,36.533729178399916,0,1,1,332.07470340801785
Aurangabad,2023-10-15 02:30:00,hum,47.0,57.39499023962005,2,1,2,278.864867509709
Aurangabad,2023-10-16 02:30:00,hum,56.0,47.72548692451364,2,1,2,278.864867509709
Aurangabad,2023-10-17 02:15:00,hum,55.0,53.32640125626619,2,1,2,278.864867509709
Aurangabad,2023-10-18 02:15:00,hum,63.0,55.408460016544986,2,1,2,278.864867509709
Aurangabad,2023-10-19 02:15:00,hum,52.0,61.740159086573165,2,1,2,278.864867509709
Aurangabad,2023-10-20 02:30:00,hum,58.0,58.364769877596515,2,1,2,278.864867509709
Aurangabad,2023-10-21 02:15:00,hum,59.0,57.205023701607246,2,1,2,278.864867509709
Aurangabad,2023-10-22 02:15:00,hum,56.0,53.770182862369055,2,1,2,278.864867509709
Aurangabad,2023-10-23 02:00:00,hum,48.0,55.00187531574306,2,1,2,278.864867509709
Aurangabad,2023-10-24 02:15:00,hum,50.0,55.3032473782285,2,1,2,278.864867509709
Aurangabad,2023-10-25 02:15:00,hum,54.0,52.647079381772386,2,1,2,278.864867509709
Aurangabad,2023-10-26 02:00:00,hum,42.0,47.78226734686746,2,1,2,278.864867509709
Aurangabad,2023-10-27 02:15:00,hum,44.0,42.09784142217215,2,1,2,278.864867509709
Aurangabad,2023-10-28 02:00:00,hum,51.0,45.922541893004635,2,1,2,278.864867509709
Aurangabad,2023-10-29 02:30:00,hum,52.0,49.37563305989256,2,1,2,278.864867509709
Aurangabad,2023-10-30 01:45:00,hum,47.0,50.51847212179434,2,1,2,278.864867509709
Azamgarh,2023-10-15 02:30:00,hum,58.0,55.0,0,1,0,310.64719153134433
Azamgarh,2023-10-16 02:30:00,hum,67.0,58.0,0,1,0,310.64719153134433
Azamgarh,2023-10-17 02:30:00,hum,85.0,67.0,0,1,0,310.64719153134433
Azamgarh,2023-10-18 02:30:00,hum,77.0,85.0,0,1,0,310.64719153134433
Azamgarh,2023-10-19 02:30:00,hum,62.0,77.0,0,1,0,310.64719153134433
Azamgarh,2023-10-20 02:30:00,hum,54.0,61.99999999999999,0,1,0,310.64719153134433
Azamgarh,2023-10-21 02:15:00,hum,57.0,54.0,0,1,0,310.64719153134433
Azamgarh,2023-10-22 02:30:00,hum,54.0,57.0,0,1,0,310.64719153134433
Azamgarh,2023-10-23 02:15:00,hum,54.0,54.0,0,1,0,310.64719153134433
Azamgarh,2023-10-24 02:15:00,hum,52.0,54.0,0,1,0,310.64719153134433
Azamgarh,2023-10-25 02:30:00,hum,57.0,52.0,0,1,0,310.64719153134433
Azamgarh,2023-10-26 02:00:00,hum,66.0,57.0,0,1,0,310.64719153134433
Azamgarh,2023-10-27 02:30:00,hum,55.0,66.0,0,1,0,310.64719153134433
Azamgarh,2023-10-28 02:00:00,hum,49.0,55.0,0,1,0,310.64719153134433
Azamgarh,2023-10-29 02:45:00,hum,47.0,49.0,0,1,0,310.64719153134433
Azamgarh,2023-10-30 02:00:00,hum,50.0,47.0,0,1,0,310.64719153134433
Badgam,2023-10-15 02:30:00,hum,73.0,65.64871846789707,2,1,2,327.8480285987564
Badgam,2023-10-16 02:30:00,hum,66.0,79.44982877662932,2,1,2,327.8480285987564
Badgam,2023-10-17 02:15:00,hum,92.0,65.02590736640443,2,1,2,327.8480285987564
Badgam,2023-10-18 02:15:00,hum,87.0,88.34336116509749,2,1,2,327.8480285987564
Badgam,2023-10-19 02:15:00,hum,61.0,73.99813426953082,2,1,2,327.8480285987564
Badgam,2023-10-20 02:15:00,hum,52.0,55.99791850770097,2,1,2,327.8480285987564
Badgam,2023-10-21 02:15:00,hum,46.0,59.873324103532255,2,1,2,327.8480285987564
Badgam,2023-10-22 02:15:00,hum,45.0,62.82996082759729,2,1,2,327.8480285987564
Badgam,2023-10-23 02:00:00,hum,83.0,60.62135675355272,2,1,2,327.8480285987564
Badgam,2023-10-24 02:15:00,hum,57.0,85.34107561582312,2,1,2,327.8480285987564
Badgam,2023-10-25 02:15:00,hum,58.0,47.239757520305844,2,1,2,327.8480285987564
Badgam,2023-10-26 02:00:00,hum,44.0,43.5695552585489,2,1,2,327.8480285987564
Badgam,2023-10-27 02:15:00,hum,45.0,34.84481304764754,2,1,2,327.8480285987564
Badgam,2023-10-28 02:00:00,hum,46.0,45.159388927520126,2,1,2,327.8480285987564
Badgam,2023-10-29 02:30:00,hum,45.0,54.35090378054743,2,1,2,327.8480285987564
Badgam,2023-10-30 01:45:00,hum,37.0,56.92455814124272,2,1,2,327.8480285987564
Bagalkot,2023-10-15 02:30:00,hum,51.0,55.22355363002327,0,1,1,286.77632699188524
Bagalkot,2023-10-16 02:30:00,hum,53.0,52.232515921437525,0,1,1,286.77632699188524
Bagalkot,2023-10-17 02:30:00,hum,54.0,52.77672480251401,0,1,1,286.77632699188524
Bagalkot,2023-10-18 02:30:00,hum,56.0,53.64054289253616,0,1,1,286.77632699188524
Bagalkot,2023-10-19 02:15:00,hum,55.0,55.309741373603444,0,1,1,286.77632699188524
Bagalkot,2023-10-20 02:30:00,hum,51.0,55.090418252669195,0,1,1,286.77632699188524
Bagalkot,2023-10-21 02:15:00,hum,55.0,52.20345299838081,0,1,1,286.77632699188524
Bagalkot,2023-10-22 02:15:00,hum,60.0,54.1682885044761,0,1,1,286.77632699188524
Bagalkot,2023-10-23 02:15:00,hum,54.0,58.28143606055131,0,1,1,286.77632699188524
Bagalkot,2023-10-24 02:15:00,hum,51.0,55.293909997776,0,1,1,286.77632699188524
Bagalkot,2023-10-25 02:15:00,hum,52.0,52.2997950172396,0,1,1,286.77632699188524
Bagalkot,2023-10-26 02:00:00,hum,51.0,52.08982889547485,0,1,1,286.77632699188524
Bagalkot,2023-10-27 02:15:00,hum,49.0,51.328612166443314,0,1,1,286.77632699188524
Bagalkot,2023-10-28 02:00:00,hum,48.0,49.69818309234262,0,1,1,286.77632699188524
Bagalkot,2023-10-29 02:30:00,hum,54.0,48.5041523283639,0,1,1,286.77632699188524
Bagalkot,2023-10-30 02:00:00,hum,64.0,52.330526605576814,0,1,1,286.77632699188524
Bageshwar,2023-10-15 02:30:00,hum,73.0,76.51876706815119,0,1,2,318.73179626308917
Bageshwar,2023-10-16 02:30:00,hum,72.0,71.2400624280145,0,1,2,318.73179626308917
Bageshwar,2023-10-17 02:15:00,hum,77.0,73.93294506669608,0,1,2,318.73179626308917
Bageshwar,2023-10-18 02:30:00,hum,60.0,76.85120566301381,0,1,2,318.73179626308917
Bageshwar,2023-10-19 02:15:00,hum,56.0,57.17566827079694,0,1,2,318.73179626308917
Bageshwar,2023-10-20 02:30:00,hum,62.0,65.18532064182232,0,1,2,318.73179626308917
Bageshwar,2023-10-21 02:15:00,hum,64.0,62.37239350832534,0,1,2,318.73179626308917
Bageshwar,2023-10-22 02:15:00,hum,69.0,65.67823818349376,0,1,2,318.73179626308917
Bageshwar,2023-10-23 02:15:00,hum,52.0,68.3515778643627,0,1,2,318.73179626308917
Bageshwar,2023-10-24 02:15:00,hum,50.0,48.94820024333398,0,1,2,318.73179626308917
Bageshwar,2023-10-25 02:15:00,hum,34.0,59.28810542109338,0,1,2,318.73179626308917
Bageshwar,2023-10-26 02:00:00,hum,42.0,31.724843519647703,0,1,2,318.73179626308917
Bageshwar,2023-10-27 02:15:00,hum,58.0,52.17205905517315,0,1,2,318.73179626308917
Bageshwar,2023-10-28 02:00:00,hum,65.0,53.95285348846678,0,1,2,318.73179626308917
Bageshwar,2023-10-29 02:30:00,hum,66.0,62.5699218523208,0,1,2,318.73179626308917
Bageshwar,2023-10-30 01:45:00,hum,62.0,60.99045903869061,0,1,2,318.73179626308917
Baghpat,2023-10-15 02:30:00,hum,74.0,66.70959133760776,0,1,1,335.9137664479614
Baghpat,2023-10-16 02:30:00,hum,65.0,69.69432310066107,0,1,1,335.9137664479614
Baghpat,2023-10-17 02:30:00,hum,94.0,67.77316090226928,0,1,1,335.9137664479614
Baghpat,2023-10-18 02:30:00,hum,78.0,78.35629367713695,0,1,1,335.9137664479614
Baghpat,2023-10-19 02:30:00,hum,69.0,78.18224408783134,0,1,1,335.9137664479614
Baghpat,2023-10-20 02:30:00,hum,69.0,74.47678296207668,0,1,1,335.9137664479614
Baghpat,2023-10-21 02:15:00,hum,73.0,72.41301546646983,0,1,1,335.9137664479614
Baghpat,2023-10-22 02:30:00,hum,69.0,72.63569404095266,0,1,1,335.9137664479614
Baghpat,2023-10-23 02:15:00,hum,78.0,71.2648495860869,0,1,1,335.9137664479614
Baghpat,2023-10-24 02:15:00,hum,65.0,73.78246637274592,0,1,1,335.9137664479614
Baghpat,2023-10-25 02:30:00,hum,64.0,70.55256937601445,0,1,1,335.9137664479614
Baghpat,2023-10-26 02:00:00,hum,61.0,68.08536470546491,0,1,1,335.9137664479614
Baghpat,2023-10-27 02:30:00,hum,60.0,65.28995043906566,0,1,1,335.9137664479614
Baghpat,2023-10-28 02:00:00,hum,60.0,63.11245543223865,0,1,1,335.9137664479614
Baghpat,2023-10-29 02:45:00,hum,73.0,61.815542354262504,0,1,1,335.9137664479614
Baghpat,2023-10-30 02:00:00,hum,69.0,66.22028289047395,0,1,1,335.9137664479614
Bahraich,2023-10-15 02:30:00,hum,64.0,64.0,0,1,0,305.14512862915524
Bahraich,2023-10-16 02:30:00,hum,66.0,64.0,0,1,0,305.14512862915524
Bahraich,2023-10-17 02:30:00,hum,80.0,66.0,0,1,0,305.14512862915524
Bahraich,2023-10-18 02:30:00,hum,77.0,80.0,0,1,0,305.14512862915524
Bahraich,2023-10-19 02:30:00,hum,70.0,77.0,0,1,0,305.14512862915524
Bahraich,2023-10-20 02:30:00,hum,59.0,70.0,0,1,0,305.14512862915524
Bahraich,2023-10-21 02:15:00,hum,53.0,59.0,0,1,0,305.14512862915524
Bahraich,2023-10-22 02:30:00,hum,58.0,53.0,0,1,0,305.14512862915524
Bahraich,2023-10-23 02:15:00,hum,65.0,58.0,0,1,0,305.14512862915524
Bahraich,2023-10-24 02:15:00,hum,64.0,65.0,0,1,0,305.14512862915524
Bahraich,2023-10-25 02:30:00,hum,69.0,63.99999999999999,0,1,0,305.14512862915524
Bahraich,2023-10-26 02:00:00,hum,60.0,69.0,0,1,0,305.14512862915524
Bahraich,2023-10-27 02:30:00,hum,58.0,59.99999999999999,0,1,0,305.14512862915524
Bahraich,2023-10-28 02:00:00,hum,55.0,58.0,0,1,0,305.14512862915524
Bahraich,2023-10-29 02:45:00,hum,53.0,55.0,0,1,0,305.14512862915524
Bahraich,2023-10-30 02:00:00,hum,57.0,53.0,0,1,0,305.14512862915524
Baksa Duar,2023-10-15 02:30:00,hum,82.0,86.39445362325199,2,1,1,298.0767116107467
Baksa Duar,2023-10-16 02:30:00,hum,82.0,81.8817906543003,2,1,1,298.0767116107467
Baksa Duar,2023-10-17 02:15:00,hum,71.0,83.12864581869452,2,1,1,298.0767116107467
Baksa Duar,2023-10-18 02:15:00,hum,60.0,72.3590287834415,2,1,1,298.0767116107467
Baksa Duar,2023-10-19 02:15:00,hum,75.0,63.82601999948453,2,1,1,298.0767116107467
Baksa Duar,2023-10-20 02:30:00,hum,65.0,83.33901165675431,2,1,1,298.0767116107467
Baksa Duar,2023-10-21 02:15:00,hum,60.0,60.400751218866105,2,1,1,298.0767116107467
Baksa Duar,2023-10-22 02:15:00,hum,54.0,64.58924649217083,2,1,1,298.0767116107467
Baksa Duar,2023-10-23 02:15:00,hum,47.0,58.697376999130455,2,1,1,298.0767116107467
Baksa Duar,2023-10-24 02:15:00,hum,48.0,49.993637516489926,2,1,1,298.0767116107467
Baksa Duar,2023-10-25 02:15:00,hum,48.0,45.88788445206017,2,1,1,298.0767116107467
Baksa Duar,2023-10-26 02:00:00,hum,52.0,49.813065521533716,2,1,1,298.0767116107467
Baksa Duar,2023-10-27 02:15:00,hum,61.0,50.86738472253146,2,1,1,298.0767116107467
Baksa Duar,2023-10-28 02:00:00,hum,71.0,62.99987752982911,2,1,1,298.0767116107467
Baksa Duar,2023-10-29 02:30:00,hum,71.0,70.46114070191389,2,1,1,298.0767116107467
Baksa Duar,2023-10-30 01:45:00,hum,62.0,71.34981685072624,2,1,1,298.0767116107467
Balaghat,2023-10-15 02:30:00,hum,71.0,72.1320016287621,1,1,0,254.802132859508
Balaghat,2023-10-16 02:30:00,hum,74.0,69.24777358491727,1,1,0,254.802132859508
Balaghat,2023-10-17 02:15:00,hum,71.0,72.2827726159168,1,1,0,254.802132859508
Balaghat,2023-10-18 02:15:00,hum,75.0,72.72722959951348,1,1,0,254.802132859508
Balaghat,2023-10-19 02:15:00,hum,74.0,72.67449443800857,1,1,0,254.802132859508
Balaghat,2023-10-20 02:15:00,hum,81.0,74.57738720768808,1,1,0,254.802132859508
Balaghat,2023-10-21 02:00:00,hum,69.0,76.9251550213839,1,1,0,254.802132859508
Balaghat,2023-10-22 02:15:00,hum,67.0,76.48189730187714,1,1,0,254.802132859508
Balaghat,2023-10-23 02:00:00,hum,68.0,68.0900720899404,1,1,0,254.802132859508
Balaghat,2023-10-24 02:15:00,hum,65.0,67.45489880936177,1,1,0,254.802132859508
Balaghat,2023-10-25 02:15:00,hum,68.0,66.64071225594766,1,1,0,254.802132859508
Balaghat,2023-10-26 02:00:00,hum,61.0,66.35048740286905,1,1,0,254.802132859508
Balaghat,2023-10-27 02:15:00,hum,55.0,64.92406771369401,1,1,0,254.802132859508
Balaghat,2023-10-28 02:00:00,hum,68.0,58.08661262881459,1,1,0,254.802132859508
Balaghat,2023-10-29 02:30:00,hum,70.0,60.82679778590972,1,1,0,254.802132859508
Balaghat,2023-10-30 01:45:00,hum,69.0,69.0346595157128,1,1,0,254.802132859508
Balangir,2023-10-15 02:30:00,hum,75.0,78.76335394962837,0,1,2,241.68865802690078
Balangir,2023-10-16 02:30:00,hum,70.0,75.15659754249103,0,1,2,241.68865802690078
Balangir,2023-10-17 02:30:00,hum,74.0,70.7019125105236,0,1,2,241.68865802690078
Balangir,2023-10-18 02:30:00,hum,79.0,77.11130781070119,0,1,2,241.68865802690078
Balangir,2023-10-19 02:30:00,hum,86.0,77.73437958558927,0,1,2,241.68865802690078
Balangir,2023-10-20 02:30:00,hum,87.0,86.390133357067,0,1,2,241.68865802690078
Balangir,2023-10-21 02:15:00,hum,85.0,83.0866584617985,0,1,2,241.68865802690078
Balangir,2023-10-22 02:30:00,hum,76.0,85.05538372552381,0,1,2,241.68865802690078
Balangir,2023-10-23 02:15:00,hum,78.0,74.28317260946459,0,1,2,241.68865802690078
Balangir,2023-10-24 02:15:00,hum,85.0,82.02661137358663,0,1,2,241.68865802690078
Balangir,2023-10-25 02:30:00,hum,89.0,83.49988683919943,0,1,2,241.68865802690078
Balangir,2023-10-26 02:00:00,hum,81.0,88.16812145595952,0,1,2,241.68865802690078
Balangir,2023-10-27 02:15:00,hum,72.0,78.49833544788133,0,1,2,241.68865802690078
Balangir,2023-10-28 02:00:00,hum,73.0,75.06287379511565,0,1,2,241.68865802690078
Balangir,2023-10-29 02:45:00,hum,73.0,75.66059483270784,0,1,2,241.68865802690078
Balangir,2023-10-30 02:00:00,hum,78.0,73.56866618210012,0,1,2,241.68865802690078
Baleshwar,2023-10-15 02:30:00,hum,79.0,80.0,0,1,0,239.41558945353526
Baleshwar,2023-10-16 02:30:00,hum,72.0,79.0,0,1,0,239.41558945353526
Baleshwar,2023-10-17 02:30:00,hum,81.0,72.0,0,1,0,239.41558945353526
Baleshwar,2023-10-18 02:30:00,hum,80.0,81.0,0,1,0,239.41558945353526
Baleshwar,2023-10-19 02:30:00,hum,79.0,80.0,0,1,0,239.41558945353526
Baleshwar,2023-10-20 02:30:00,hum,81.0,79.0,0,1,0,239.41558945353526
Baleshwar,2023-10-21 02:15:00,hum,76.0,81.0,0,1,0,239.41558945353526
Baleshwar,2023-10-22 02:30:00,hum,72.0,76.0,0,1,0,239.41558945353526
Baleshwar,2023-10-23 02:15:00,hum,72.0,72.0,0,1,0,239.41558945353526
Baleshwar,2023-10-24 02:15:00,hum,94.0,72.0,0,1,0,239.41558945353526
Baleshwar,2023-10-25 02:15:00,hum,82.0,94.0,0,1,0,239.41558945353526
Baleshwar,2023-10-26 02:00:00,hum,82.0,82.0,0,1,0,239.41558945353526
Baleshwar,2023-10-27 02:15:00,hum,82.0,82.0,0,1,0,239.41558945353526
Baleshwar,2023-10-28 02:00:00,hum,72.0,82.0,0,1,0,239.41558945353526
Baleshwar,2023-10-29 02:45:00,hum,66.0,72.0,0,1,0,239.41558945353526
Baleshwar,2023-10-30 02:00:00,hum,71.0,66.0,0,1,0,239.41558945353526
Ballia,2023-10-15 02:30:00,hum,64.0,55.0,0,1,0,310.07565462060467
Ballia,2023-10-16 02:30:00,hum,72.0,64.0,0,1,0,310.07565462060467
Ballia,2023-10-17 02:30:00,hum,84.0,72.0,0,1,0,310.07565462060467
Ballia,2023-10-18 02:30:00,hum,81.0,84.0,0,1,0,310.07565462060467
Ballia,2023-10-19 02:30:00,hum,64.0,81.0,0,1,0,310.07565462060467
Ballia,2023-10-20 02:30:00,hum,52.0,64.0,0,1,0,310.07565462060467
Ballia,2023-10-21 02:15:00,hum,56.0,52.0,0,1,0,310.07565462060467
Ballia,2023-10-22 02:30:00,hum,61.0,56.0,0,1,0,310.07565462060467
Ballia,2023-10-23 02:15:00,hum,62.0,61.0,0,1,0,310.07565462060467
Ballia,2023-10-24 02:15:00,hum,61.0,62.0,0,1,0,310.07565462060467
Ballia,2023-10-25 02:30:00,hum,64.0,61.0,0,1,0,310.07565462060467
Ballia,2023-10-26 02:00:00,hum,56.0,64.0,0,1,0,310.07565462060467
Ballia,2023-10-27 02:30:00,hum,63.0,56.0,0,1,0,310.07565462060467
Ballia,2023-10-28 02:00:00,hum,54.0,63.0,0,1,0,310.07565462060467
Ballia,2023-10-29 02:45:00,hum,50.0,54.0,0,1,0,310.07565462060467
Ballia,2023-10-30 02:00:00,hum,53.0,50.0,0,1,0,310.07565462060467
Balod,2023-10-15 02:30:00,hum,70.0,70.3357310908401,1,1,1,249.97483347038832
Balod,2023-10-16 02:30:00,hum,70.0,70.39016100698996,1,1,1,249.97483347038832
Balod,2023-10-17 02:30:00,hum,71.0,69.6178117706912,1,1,1,249.97483347038832
Balod,2023-10-18 02:30:00,hum,72.0,71.6354018614382,1,1,1,249.97483347038832
Balod,2023-10-19 02:15:00,hum,83.0,71.63820224060261,1,1,1,249.97483347038832
Balod,2023-10-20 02:30:00,hum,87.0,86.01511677689209,1,1,1,249.97483347038832
Balod,2023-10-21 02:15:00,hum,86.0,84.93437608882198,1,1,1,249.97483347038832
Balod,2023-10-22 02:15:00,hum,71.0,87.7285016759456,1,1,1,249.97483347038832
Balod,2023-10-23 02:15:00,hum,72.0,67.56760802847646,1,1,1,249.97483347038832
Balod,2023-10-24 02:15:00,hum,78.0,74.20863925804125,1,1,1,249.97483347038832
Balod,2023-10-25 02:15:00,hum,75.0,76.7219911896193,1,1,1,249.97483347038832
Balod,2023-10-26 02:00:00,hum,68.0,75.73354438909135,1,1,1,249.97483347038832
Balod,2023-10-27 02:15:00,hum,65.0,66.72585881473985,1,1,1,249.97483347038832
Balod,2023-10-28 02:00:00,hum,70.0,65.40566726404926,1,1,1,249.97483347038832
Balod,2023-10-29 02:30:00,hum,74.0,70.32565535053558,1,1,1,249.97483347038832
Balod,2023-10-30 01:45:00,hum,76.0,74.34178479982248,1,1,1,249.97483347038832
Baloda Bazar,2023-10-15 02:30:00,hum,69.0,69.0,0,1,0,289.69917950223163
Baloda Bazar,2023-10-16 02:30:00,hum,71.0,69.0,0,1,0,289.69917950223163
Baloda Bazar,2023-10-17 02:30:00,hum,70.0,71.0,0,1,0,289.69917950223163
Baloda Bazar,2023-10-18 02:30:00,hum,81.0,70.0,0,1,0,289.69917950223163
Baloda Bazar,2023-10-19 02:15:00,hum,76.0,81.0,0,1,0,289.69917950223163
Baloda Bazar,2023-10-20 02:30:00,hum,73.0,76.0,0,1,0,289.69917950223163
Baloda Bazar,2023-10-21 02:15:00,hum,62.0,73.0,0,1,0,289.69917950223163
Baloda Bazar,2023-10-22 02:15:00,hum,68.0,62.0,0,1,0,289.69917950223163
Baloda Bazar,2023-10-23 02:15:00,hum,64.0,68.0,0,1,0,289.69917950223163
Baloda Bazar,2023-10-24 02:15:00,hum,66.0,64.0,0,1,0,289.69917950223163
Baloda Bazar,2023-10-25 02:15:00,hum,64.0,66.0,0,1,0,289.69917950223163
Baloda Bazar,2023-10-26 02:00:00,hum,62.0,63.99999999999999,0,1,0,289.69917950223163
Baloda Bazar,2023-10-27 02:15:00,hum,60.0,62.0,0,1,0,289.69917950223163
Baloda Bazar,2023-10-28 02:00:00,hum,61.0,60.0,0,1,0,289.69917950223163
Baloda Bazar,2023-10-29 02:30:00,hum,62.0,61.0,0,1,0,289.69917950223163
Baloda Bazar,2023-10-30 01:45:00,hum,64.0,62.0,0,1,0,289.69917950223163
Balrampur,2023-10-15 02:30:00,hum,65.0,63.359443006240085,0,1,1,300.73762907170425
Balrampur,2023-10-16 02:30:00,hum,75.0,64.51848878334378,0,1,1,300.73762907170425
Balrampur,2023-10-17 02:30:00,hum,88.0,72.07437005009696,0,1,1,300.73762907170425
Balrampur,2023-10-18 02:30:00,hum,78.0,85.19070576989755,0,1,1,300.73762907170425
Balrampur,2023-10-19 02:15:00,hum,73.0,79.51936340147496,0,1,1,300.73762907170425
Balrampur,2023-10-20 02:30:00,hum,62.0,74.56441926990314,0,1,1,300.73762907170425
Balrampur,2023-10-21 02:15:00,hum,54.0,64.36160182108402,0,1,1,300.73762907170425
Balrampur,2023-10-22 02:15:00,hum,60.0,55.25405733517435,0,1,1,300.73762907170425
Balrampur,2023-10-23 02:15:00,hum,70.0,59.30852496580262,0,1,1,300.73762907170425
Balrampur,2023-10-24 02:15:00,hum,66.0,68.50565945523205,0,1,1,300.73762907170425
Balrampur,2023-10-25 02:15:00,hum,67.0,66.36197752052941,0,1,1,300.73762907170425
Balrampur,2023-10-26 02:00:00,hum,66.0,66.90207319453191,0,1,1,300.73762907170425
Balrampur,2023-10-27 02:15:00,hum,63.0,66.1387353197636,0,1,1,300.73762907170425
Balrampur,2023-10-28 02:00:00,hum,55.0,63.47907655785221,0,1,1,300.73762907170425
Balrampur,2023-10-29 02:30:00,hum,52.0,56.18111520477709,0,1,1,300.73762907170425
Balrampur,2023-10-30 01:45:00,hum,56.0,52.500784477878184,0,1,1,300.73762907170425
Banda,2023-10-15 02:30:00,hum,44.0,42.271076424172946,0,1,1,344.0673777290821
Banda,2023-10-16 02:30:00,hum,43.0,43.309403799549365,0,1,1,344.0673777290821
Banda,2023-10-17 02:30:00,hum,81.0,43.12351310371112,0,1,1,344.0673777290821
Banda,2023-10-18 02:30:00,hum,70.0,66.00522256612153,0,1,1,344.0673777290821
Banda,2023-10-19 02:30:00,hum,50.0,68.77453200663474,0,1,1,344.0673777290821
Banda,2023-10-20 02:30:00,hum,45.0,57.57006726551994,0,1,1,344.0673777290821
Banda,2023-10-21 02:15:00,hum,47.0,50.040546210180686,0,1,1,344.0673777290821
Banda,2023-10-22 02:30:00,hum,45.0,48.162269384002215,0,1,1,344.0673777290821
Banda,2023-10-23 02:15:00,hum,52.0,46.23070699471328,0,1,1,344.0673777290821
Banda,2023-10-24 02:15:00,hum,50.0,49.70578481867251,0,1,1,344.0673777290821
Banda,2023-10-25 02:30:00,hum,48.0,49.88200949339617,0,1,1,344.0673777290821
Banda,2023-10-26 02:00:00,hum,45.0,48.755030826444155,0,1,1,344.0673777290821
Banda,2023-10-27 02:30:00,hum,36.0,46.50467593790012,0,1,1,344.0673777290821
Banda,2023-10-28 02:00:00,hum,37.0,40.12576462296914,0,1,1,344.0673777290821
Banda,2023-10-29 02:45:00,hum,39.0,38.186883947815595,0,1,1,344.0673777290821
Banda,2023-10-30 02:00:00,hum,39.0,38.6868270044098,0,1,1,344.0673777290821
Bangalore,2023-10-15 02:30:00,hum,89.0,84.53294925052944,0,1,1,320.1525605529183
Bangalore,2023-10-16 02:30:00,hum,83.0,86.09888817846765,0,1,1,320.1525605529183
Bangalore,2023-10-17 02:15:00,hum,89.0,85.14096037026428,0,1,1,320.1525605529183
Bangalore,2023-10-17 02:30:00,hum,89.0,86.3052334845032,0,1,1,320.1525605529183
Bangalore,2023-10-18 02:30:00,hum,83.0,87.11805474009518,0,1,1,320.1525605529183
Bangalore,2023-10-19 02:15:00,hum,83.0,85.91207785658156,0,1,1,320.1525605529183
Bangalore,2023-10-20 02:30:00,hum,83.0,85.08643006465145,0,1,1,320.1525605529183
Bangalore,2023-10-21 02:15:00,hum,83.0,84.45536105140721,0,1,1,320.1525605529183
Bangalore,2023-10-22 02:15:00,hum,83.0,83.9946154147644,0,1,1,320.1525605529183
Bangalore,2023-10-23 02:15:00,hum,78.0,83.67580734177386,0,1,1,320.1525605529183
Bangalore,2023-10-24 02:15:00,hum,73.0,81.70851275773148,0,1,1,320.1525605529183
Bangalore,2023-10-25 02:15:00,hum,68.0,77.57568345741448,0,1,1,320.1525605529183
Bangalore,2023-10-26 02:00:00,hum,61.0,71.08914254423831,0,1,1,320.1525605529183
Bangalore,2023-10-27 02:15:00,hum,83.0,63.25107590861613,0,1,1,320.1525605529183
Bangalore,2023-10-28 02:00:00,hum,88.0,74.49756783223978,0,1,1,320.1525605529183
Bangalore,2023-10-29 02:45:00,hum,89.0,83.48441097197967,0,1,1,320.1525605529183
Bangalore,2023-10-30 01:45:00,hum,88.0,88.14501587621317,0,1,1,320.1525605529183
Banka,2023-10-15 02:30:00,hum,73.0,74.72712830655028,2,1,2,301.4425486826856
Banka,2023-10-16 02:30:00,hum,69.0,77.18453228389001,2,1,2,301.4425486826856
Banka,2023-10-17 02:15:00,hum,75.0,67.90622472524156,2,1,2,301.4425486826856
Banka,2023-10-18 02:30:00,hum,78.0,73.34451160996392,2,1,2,301.4425486826856
Banka,2023-10-19 02:15:00,hum,80.0,75.97617274150086,2,1,2,301.4425486826856
Banka,2023-10-20 02:30:00,hum,73.0,78.10689636618594,2,1,2,301.4425486826856
Banka,2023-10-21 02:15:00,hum,71.0,73.54342522889156,2,1,2,301.4425486826856
Banka,2023-10-22 02:15:00,hum,70.0,73.41847028596978,2,1,2,301.4425486826856
Banka,2023-10-23 02:00:00,hum,68.0,71.7627035309258,2,1,2,301.4425486826856
Banka,2023-10-24 02:15:00,hum,82.0,67.94237425930477,2,1,2,301.4425486826856
Banka,2023-10-25 02:15:00,hum,86.0,78.61902224270347,2,1,2,301.4425486826856
Banka,2023-10-26 02:00:00,hum,84.0,82.89033431088444,2,1,2,301.4425486826856
Banka,2023-10-27 02:15:00,hum,61.0,84.39584506611986,2,1,2,301.4425486826856
Banka,2023-10-28 02:00:00,hum,64.0,61.961247763276106,2,1,2,301.4425486826856
Banka,2023-10-29 02:30:00,hum,56.0,69.84205937674521,2,1,2,301.4425486826856
Banka,2023-10-30 01:45:00,hum,68.0,58.968350940619615,2,1,2,301.4425486826856
Bankura,2023-10-15 02:30:00,hum,64.0,67.0,0,1,0,279.67036615412314
Bankura,2023-10-16 02:30:00,hum,69.0,64.0,0,1,0,279.67036615412314
Bankura,2023-10-17 02:30:00,hum,72.0,69.0,0,1,0,279.67036615412314
Bankura,2023-10-18 02:30:00,hum,76.0,72.0,0,1,0,279.67036615412314
Bankura,2023-10-19 02:15:00,hum,74.0,76.0,0,1,0,279.67036615412314
Bankura,2023-10-20 02:30:00,hum,70.0,74.0,0,1,0,279.67036615412314
Bankura,2023-10-21 02:15:00,hum,69.0,70.0,0,1,0,279.67036615412314
Bankura,2023-10-22 02:15:00,hum,65.0,69.0,0,1,0,279.67036615412314
Bankura,2023-10-23 02:15:00,hum,72.0,65.0,0,1,0,279.67036615412314
Bankura,2023-10-24 02:15:00,hum,79.0,72.0,0,1,0,279.67036615412314
Bankura,2023-10-25 02:15:00,hum,85.0,79.0,0,1,0,279.67036615412314
Bankura,2023-10-26 02:00:00,hum,70.0,85.0,0,1,0,279.67036615412314
Bankura,2023-10-27 02:15:00,hum,67.0,70.0,0,1,0,279.67036615412314
Bankura,2023-10-28 02:00:00,hum,51.0,67.0,0,1,0,279.67036615412314
Bankura,2023-10-29 02:45:00,hum,52.0,51.00000000000001,0,1,0,279.67036615412314
Bankura,2023-10-30 02:00:00,hum,63.0,52.0,0,1,0,279.67036615412314
Banswara,2023-10-15 02:30:00,hum,55.0,46.49417615097098,2,1,2,297.6604873080848
Banswara,2023-10-16 02:30:00,hum,66.0,57.92827825921931,2,1,2,297.6604873080848
Banswara,2023-10-17 02:30:00,hum,62.0,64.58314229187124,2,1,2,297.6604873080848
Banswara,2023-10-18 02:30:00,hum,62.0,63.53420319512094,2,1,2,297.6604873080848
Banswara,2023-10-19 02:30:00,hum,54.0,59.99916386459627,2,1,2,297.6604873080848
Banswara,2023-10-20 02:30:00,hum,51.0,55.542990477788166,2,1,2,297.6604873080848
Banswara,2023-10-21 02:30:00,hum,54.0,48.6428864436778,2,1,2,297.6604873080848
Banswara,2023-10-22 02:30:00,hum,55.0,55.12761746019872,2,1,2,297.6604873080848
Banswara,2023-10-23 02:15:00,hum,43.0,56.21135091243546,2,1,2,297.6604873080848
Banswara,2023-10-24 02:15:00,hum,40.0,39.961021935745315,2,1,2,297.6604873080848
Banswara,2023-10-25 02:30:00,hum,40.0,39.18065721019455,2,1,2,297.6604873080848
Banswara,2023-10-26 02:00:00,hum,34.0,42.835443603457655,2,1,2,297.6604873080848
Banswara,2023-10-27 02:30:00,hum,30.0,32.442379323350345,2,1,2,297.6604873080848
Banswara,2023-10-28 02:00:00,hum,37.0,29.732153086751026,2,1,2,297.6604873080848
Banswara,2023-10-29 02:45:00,hum,39.0,37.648215513940514,2,1,2,297.6604873080848
Banswara,2023-10-30 02:00:00,hum,41.0,39.775089988466576,2,1,2,297.6604873080848
Bara Banki,2023-10-15 02:30:00,hum,89.0,84.53616006450734,1,1,1,281.48922816404905
Bara Banki,2023-10-16 02:30:00,hum,89.0,88.65985791304226,1,1,1,281.48922816404905
Bara Banki,2023-10-17 02:30:00,hum,83.0,88.66663169391694,1,1,1,281.48922816404905
Bara Banki,2023-10-18 02:30:00,hum,88.0,84.65542392011592,1,1,1,281.48922816404905
Bara Banki,2023-10-19 02:30:00,hum,83.0,87.86321187671429,1,1,1,281.48922816404905
Bara Banki,2023-10-20 02:30:00,hum,83.0,84.57714648955962,1,1,1,281.48922816404905
Bara Banki,2023-10-21 02:15:00,hum,94.0,84.43343181717748,1,1,1,281.48922816404905
Bara Banki,2023-10-22 02:30:00,hum,83.0,91.39675956507436,1,1,1,281.48922816404905
Bara Banki,2023-10-23 02:15:00,hum,83.0,84.71611213210441,1,1,1,281.48922816404905
Bara Banki,2023-10-24 02:15:00,hum,88.0,84.58031540891693,1,1,1,281.48922816404905
Bara Banki,2023-10-25 02:30:00,hum,83.0,87.371453001433,1,1,1,281.48922816404905
Bara Banki,2023-10-26 02:00:00,hum,69.0,84.5491214424602,1,1,1,281.48922816404905
Bara Banki,2023-10-27 02:30:00,hum,73.0,76.2496061018762,1,1,1,281.48922816404905
Bara Banki,2023-10-28 02:00:00,hum,73.0,77.67877509127388,1,1,1,281.48922816404905
Bara Banki,2023-10-29 02:45:00,hum,44.0,77.00160502295365,1,1,1,281.48922816404905
Bara Banki,2023-10-30 02:00:00,hum,83.0,53.34763316746297,1,1,1,281.48922816404905
Baramula,2023-10-15 02:30:00,hum,72.0,55.66450683961443,1,1,1,332.5703334135984
Baramula,2023-10-16 02:30:00,hum,72.0,66.40647707498383,1,1,1,332.5703334135984
Baramula,2023-10-17 02:15:00,hum,91.0,67.6358858813462,1,1,1,332.5703334135984
Baramula,2023-10-18 02:15:00,hum,84.0,88.33086802310535,1,1,1,332.5703334135984
Baramula,2023-10-19 02:15:00,hum,68.0,86.64128033051036,1,1,1,332.5703334135984
Baramula,2023-10-20 02:15:00,hum,59.0,67.53168276347625,1,1,1,332.5703334135984
Baramula,2023-10-21 02:15:00,hum,58.0,60.64380691196975,1,1,1,332.5703334135984
Baramula,2023-10-22 02:15:00,hum,62.0,59.79491672280567,1,1,1,332.5703334135984
Baramula,2023-10-23 02:00:00,hum,84.0,62.704433851292016,1,1,1,332.5703334135984
Baramula,2023-10-24 02:15:00,hum,65.0,79.61792209690864,1,1,1,332.5703334135984
Baramula,2023-10-25 02:15:00,hum,62.0,65.15686914468705,1,1,1,332.5703334135984
Baramula,2023-10-26 02:00:00,hum,54.0,63.01606557858906,1,1,1,332.5703334135984
Baramula,2023-10-27 02:15:00,hum,54.0,57.265446826761206,1,1,1,332.5703334135984
Baramula,2023-10-28 02:00:00,hum,55.0,57.04324027843723,1,1,1,332.5703334135984
Baramula,2023-10-29 02:30:00,hum,53.0,57.56141549198255,1,1,1,332.5703334135984
Baramula,2023-10-30 01:45:00,hum,49.0,55.928882223336124,1,1,1,332.5703334135984
Baran,2023-10-15 02:30:00,hum,35.0,45.0,0,1,0,291.2048451744317
Baran,2023-10-16 02:30:00,hum,42.0,35.0,0,1,0,291.2048451744317
Baran,2023-10-17 02:30:00,hum,79.0,42.0,0,1,0,291.2048451744317
Baran,2023-10-18 02:30:00,hum,62.0,79.0,0,1,0,291.2048451744317
Baran,2023-10-19 02:30:00,hum,59.0,61.99999999999999,0,1,0,291.2048451744317
Baran,2023-10-20 02:30:00,hum,47.0,59.0,0,1,0,291.2048451744317
Baran,2023-10-21 02:30:00,hum,46.0,47.0,0,1,0,291.2048451744317
Baran,2023-10-22 02:30:00,hum,43.0,46.0,0,1,0,291.2048451744317
Baran,2023-10-23 02:15:00,hum,48.0,43.0,0,1,0,291.2048451744317
Baran,2023-10-24 02:15:00,hum,40.0,48.0,0,1,0,291.2048451744317
Baran,2023-10-25 02:30:00,hum,37.0,40.0,0,1,0,291.2048451744317
Baran,2023-10-26 02:00:00,hum,39.0,37.0,0,1,0,291.2048451744317
Baran,2023-10-27 02:30:00,hum,38.0,39.0,0,1,0,291.2048451744317
Baran,2023-10-28 02:00:00,hum,32.0,38.0,0,1,0,291.2048451744317
Baran,2023-10-29 02:45:00,hum,39.0,31.999999999999996,0,1,0,291.2048451744317
Baran,2023-10-30 02:00:00,hum,42.0,39.0,0,1,0,291.2048451744317
Barddhaman,2023-10-13 02:45:00,hum,66.0,66.0,0,1,0,391.3043244492033
Barddhaman,2023-10-14 02:30:00,hum,62.0,66.0,0,1,0,391.3043244492033
Barddhaman,2023-10-15 02:30:00,hum,66.0,62.00000000000001,0,1,0,391.3043244492033
Barddhaman,2023-10-16 02:30:00,hum,70.0,66.0,0,1,0,391.3043244492033
Barddhaman,2023-10-17 02:30:00,hum,77.0,70.0,0,1,0,391.3043244492033
Barddhaman,2023-10-18 02:30:00,hum,74.0,77.0,0,1,0,391.3043244492033
Barddhaman,2023-10-19 02:15:00,hum,76.0,74.0,0,1,0,391.3043244492033
Barddhaman,2023-10-19 02:30:00,hum,76.0,76.0,0,1,0,391.3043244492033
Barddhaman,2023-10-20 02:30:00,hum,72.0,76.0,0,1,0,391.3043244492033
Barddhaman,2023-10-21 02:15:00,hum,76.0,72.0,0,1,0,391.3043244492033
Barddhaman,2023-10-21 02:30:00,hum,76.0,76.0,0,1,0,391.3043244492033
Barddhaman,2023-10-22 02:15:00,hum,72.0,76.0,0,1,0,391.3043244492033
Barddhaman,2023-10-22 02:30:00,hum,72.0,72.0,0,1,0,391.3043244492033
Barddhaman,2023-10-23 02:15:00,hum,76.0,72.0,0,1,0,391.3043244492033
Barddhaman,2023-10-24 02:15:00,hum,90.0,76.0,0,1,0,391.3043244492033
Barddhaman,2023-10-25 02:15:00,hum,89.0,90.0,0,1,0,391.3043244492033
Barddhaman,2023-10-25 02:30:00,hum,89.0,89.0,0,1,0,391.3043244492033
Barddhaman,2023-10-26 02:00:00,hum,69.0,89.0,0,1,0,391.3043244492033
Barddhaman,2023-10-27 02:15:00,hum,66.0,69.0,0,1,0,391.3043244492033
Barddhaman,2023-10-27 02:30:00,hum,66.0,66.0,0,1,0,391.3043244492033
Barddhaman,2023-10-28 02:00:00,hum,58.0,66.0,0,1,0,391.3043244492033
Barddhaman,2023-10-29 02:45:00,hum,61.0,57.99999999999999,0,1,0,391.3043244492033
Barddhaman,2023-10-30 02:00:00,hum,68.0,61.0,0,1,0,391.3043244492033
Bareilly,2023-10-15 02:30:00,hum,58.0,55.280648928641746,2,1,1,336.18894049300286
Bareilly,2023-10-16 02:30:00,hum,61.0,55.692488780623954,2,1,1,336.18894049300286
Bareilly,2023-10-17 02:30:00,hum,84.0,58.47841979732006,2,1,1,336.18894049300286
Bareilly,2023-10-18 02:30:00,hum,64.0,69.78430477837296,2,1,1,336.18894049300286
Bareilly,2023-10-19 02:30:00,hum,57.0,59.302897513665584,2,1,1,336.18894049300286
Bareilly,2023-10-20 02:30:00,hum,57.0,67.77799531381378,2,1,1,336.18894049300286
Bareilly,2023-10-21 02:15:00,hum,54.0,64.11423755717256,2,1,1,336.18894049300286
Bareilly,2023-10-22 02:30:00,hum,59.0,58.562923589841475,2,1,1,336.18894049300286
Bareilly,2023-10-23 02:15:00,hum,48.0,59.49355039679351,2,1,1,336.18894049300286
Bareilly,2023-10-24 02:15:00,hum,51.0,51.97223863389425,2,1,1,336.18894049300286
Bareilly,2023-10-25 02:30:00,hum,53.0,55.33854582617678,2,1,1,336.18894049300286
Bareilly,2023-10-26 02:00:00,hum,49.0,52.475988969564014,2,1,1,336.18894049300286
Bareilly,2023-10-27 02:30:00,hum,52.0,50.0895354819151,2,1,1,336.18894049300286
Bareilly,2023-10-28 02:00:00,hum,51.0,52.4274902535677,2,1,1,336.18894049300286
Bareilly,2023-10-29 02:45:00,hum,49.0,50.510973145410055,2,1,1,336.18894049300286
Bareilly,2023-10-30 02:00:00,hum,55.0,50.26072563789662,2,1,1,336.18894049300286
Bargarh,2023-10-15 02:30:00,hum,71.0,75.0,0,1,0,257.87144888950104
Bargarh,2023-10-16 02:30:00,hum,72.0,71.0,0,1,0,257.87144888950104
Bargarh,2023-10-17 02:30:00,hum,74.0,72.0,0,1,0,257.87144888950104
Bargarh,2023-10-18 02:30:00,hum,76.0,74.0,0,1,0,257.87144888950104
Bargarh,2023-10-19 02:30:00,hum,77.0,76.0,0,1,0,257.87144888950104
Bargarh,2023-10-20 02:30:00,hum,77.0,77.0,0,1,0,257.87144888950104
Bargarh,2023-10-21 02:15:00,hum,74.0,77.0,0,1,0,257.87144888950104
Bargarh,2023-10-22 02:30:00,hum,67.0,74.0,0,1,0,257.87144888950104
Bargarh,2023-10-23 02:15:00,hum,67.0,67.0,0,1,0,257.87144888950104
Bargarh,2023-10-24 02:15:00,hum,77.0,67.0,0,1,0,257.87144888950104
Bargarh,2023-10-25 02:15:00,hum,71.0,77.0,0,1,0,257.87144888950104
Bargarh,2023-10-26 02:00:00,hum,64.0,71.0,0,1,0,257.87144888950104
Bargarh,2023-10-27 02:15:00,hum,60.0,64.0,0,1,0,257.87144888950104
Bargarh,2023-10-28 02:00:00,hum,65.0,60.0,0,1,0,257.87144888950104
Bargarh,2023-10-29 02:45:00,hum,66.0,65.0,0,1,0,257.87144888950104
Bargarh,2023-10-30 02:00:00,hum,69.0,66.0,0,1,0,257.87144888950104
Barmer,2023-10-15 02:30:00,hum,35.0,47.0,0,1,0,330.404592928405
Barmer,2023-10-16 02:30:00,hum,60.0,35.0,0,1,0,330.404592928405
Barmer,2023-10-17 02:30:00,hum,60.0,60.0,0,1,0,330.404592928405
Barmer,2023-10-18 02:30:00,hum,57.0,60.0,0,1,0,330.404592928405
Barmer,2023-10-19 02:30:00,hum,44.0,57.0,0,1,0,330.404592928405
Barmer,2023-10-20 02:30:00,hum,40.0,44.0,0,1,0,330.404592928405
Barmer,2023-10-21 02:15:00,hum,28.0,40.0,0,1,0,330.404592928405
Barmer,2023-10-22 02:30:00,hum,32.0,28.0,0,1,0,330.404592928405
Barmer,2023-10-23 02:15:00,hum,32.0,32.0,0,1,0,330.404592928405
Barmer,2023-10-24 02:15:00,hum,26.0,32.0,0,1,0,330.404592928405
Barmer,2023-10-25 02:30:00,hum,32.0,26.000000000000004,0,1,0,330.404592928405
Barmer,2023-10-26 02:00:00,hum,25.0,32.0,0,1,0,330.404592928405
Barmer,2023-10-27 02:15:00,hum,35.0,25.0,0,1,0,330.404592928405
Barmer,2023-10-28 02:00:00,hum,28.0,35.0,0,1,0,330.404592928405
Barmer,2023-10-29 02:45:00,hum,32.0,27.999999999999996,0,1,0,330.404592928405
Barmer,2023-10-30 02:00:00,hum,27.0,32.0,0,1,0,330.404592928405
Barnala,2023-10-15 02:30:00,hum,44.0,38.0,0,1,0,333.9144147937436
Barnala,2023-10-16 02:30:00,hum,49.0,44.0,0,1,0,333.9144147937436
Barnala,2023-10-17 02:30:00,hum,83.0,49.0,0,1,0,333.9144147937436
Barnala,2023-10-18 02:30:00,hum,57.0,83.0,0,1,0,333.9144147937436
Barnala,2023-10-19 02:15:00,hum,51.0,57.00000000000001,0,1,0,333.9144147937436
Barnala,2023-10-20 02:30:00,hum,43.0,51.0,0,1,0,333.9144147937436
Barnala,2023-10-21 02:15:00,hum,35.0,43.0,0,1,0,333.9144147937436
Barnala,2023-10-22 02:15:00,hum,38.0,35.0,0,1,0,333.9144147937436
Barnala,2023-10-23 02:15:00,hum,45.0,38.0,0,1,0,333.9144147937436
Barnala,2023-10-24 02:15:00,hum,48.0,45.0,0,1,0,333.9144147937436
Barnala,2023-10-25 02:15:00,hum,42.0,48.0,0,1,0,333.9144147937436
Barnala,2023-10-26 02:00:00,hum,36.0,42.0,0,1,0,333.9144147937436
Barnala,2023-10-27 02:15:00,hum,36.0,36.0,0,1,0,333.9144147937436
Barnala,2023-10-28 02:00:00,hum,31.0,36.0,0,1,0,333.9144147937436
Barnala,2023-10-29 02:45:00,hum,34.0,31.0,0,1,0,333.9144147937436
Barnala,2023-10-30 02:00:00,hum,37.0,34.0,0,1,0,333.9144147937436
Barpeta,2023-10-15 02:30:00,hum,89.0,86.78898992596619,0,1,1,246.9348131364305
Barpeta,2023-10-16 02:30:00,hum,88.0,88.3661532271705,0,1,1,246.9348131364305
Barpeta,2023-10-17 02:15:00,hum,90.0,88.11229292917415,0,1,1,246.9348131364305
Barpeta,2023-10-18 02:30:00,hum,90.0,89.41910961833231,0,1,1,246.9348131364305
Barpeta,2023-10-19 02:15:00,hum,90.0,89.82274146906545,0,1,1,246.9348131364305
Barpeta,2023-10-20 02:30:00,hum,88.0,89.94576225071113,0,1,1,246.9348131364305
Barpeta,2023-10-21 02:15:00,hum,89.0,88.59874419747871,0,1,1,246.9348131364305
Barpeta,2023-10-22 02:15:00,hum,87.0,88.87664877823556,0,1,1,246.9348131364305
Barpeta,2023-10-23 02:15:00,hum,88.0,87.57928170093996,0,1,1,246.9348131364305
Barpeta,2023-10-24 02:15:00,hum,80.0,87.87035288567029,0,1,1,246.9348131364305
Barpeta,2023-10-25 02:15:00,hum,81.0,82.42103078275953,0,1,1,246.9348131364305
Barpeta,2023-10-26 02:00:00,hum,87.0,81.38402019642324,0,1,1,246.9348131364305
Barpeta,2023-10-27 02:15:00,hum,88.0,85.22928510468779,0,1,1,246.9348131364305
Barpeta,2023-10-28 02:00:00,hum,89.0,87.17550419814799,0,1,1,246.9348131364305
Barpeta,2023-10-29 02:30:00,hum,83.0,88.4735432273276,0,1,1,246.9348131364305
Barpeta,2023-10-30 01:45:00,hum,86.0,84.72064127033575,0,1,1,246.9348131364305
Barwani,2023-10-15 02:30:00,hum,47.0,52.65994070272732,2,1,0,282.75220039566716
Barwani,2023-10-16 02:30:00,hum,61.0,47.67823857313392,2,1,0,282.75220039566716
Barwani,2023-10-17 02:15:00,hum,57.0,63.990998875426136,2,1,0,282.75220039566716
Barwani,2023-10-18 02:15:00,hum,62.0,52.38599212729018,2,1,0,282.75220039566716
Barwani,2023-10-19 02:15:00,hum,55.0,63.22280148997342,2,1,0,282.75220039566716
Barwani,2023-10-20 02:15:00,hum,46.0,53.686561603753866,2,1,0,282.75220039566716
Barwani,2023-10-21 02:00:00,hum,49.0,47.0163415375029,2,1,0,282.75220039566716
Barwani,2023-10-22 02:15:00,hum,52.0,51.3194353458137,2,1,0,282.75220039566716
Barwani,2023-10-23 02:00:00,hum,45.0,51.453522473523485,2,1,0,282.75220039566716
Barwani,2023-10-24 02:15:00,hum,44.0,43.897857205349105,2,1,0,282.75220039566716
Barwani,2023-10-25 02:15:00,hum,45.0,45.706016406090974,2,1,0,282.75220039566716
Barwani,2023-10-26 02:00:00,hum,39.0,45.29846593162658,2,1,0,282.75220039566716
Barwani,2023-10-27 02:15:00,hum,38.0,38.47486419223519,2,1,0,282.75220039566716
Barwani,2023-10-28 02:00:00,hum,39.0,39.426800281778775,2,1,0,282.75220039566716
Barwani,2023-10-29 02:30:00,hum,37.0,39.292962362548685,2,1,0,282.75220039566716
Barwani,2023-10-30 01:45:00,hum,36.0,36.66213944828554,2,1,0,282.75220039566716
Bastar,2023-10-15 02:30:00,hum,72.0,74.0,0,1,0,249.48109737269834
Bastar,2023-10-16 02:30:00,hum,65.0,72.0,0,1,0,249.48109737269834
Bastar,2023-10-17 02:30:00,hum,73.0,65.0,0,1,0,249.48109737269834
Bastar,2023-10-18 02:30:00,hum,82.0,73.0,0,1,0,249.48109737269834
Bastar,2023-10-19 02:15:00,hum,87.0,82.0,0,1,0,249.48109737269834
Bastar,2023-10-20 02:30:00,hum,89.0,87.0,0,1,0,249.48109737269834
Bastar,2023-10-21 02:15:00,hum,91.0,89.0,0,1,0,249.48109737269834
Bastar,2023-10-22 02:15:00,hum,85.0,91.0,0,1,0,249.48109737269834
Bastar,2023-10-23 02:15:00,hum,85.0,85.0,0,1,0,249.48109737269834
Bastar,2023-10-24 02:15:00,hum,88.0,85.0,0,1,0,249.48109737269834
Bastar,2023-10-25 02:15:00,hum,92.0,88.0,0,1,0,249.48109737269834
Bastar,2023-10-26 02:00:00,hum,84.0,92.0,0,1,0,249.48109737269834
Bastar,2023-10-27 02:15:00,hum,75.0,84.0,0,1,0,249.48109737269834
Bastar,2023-10-28 02:00:00,hum,74.0,75.0,0,1,0,249.48109737269834
Bastar,2023-10-29 02:30:00,hum,77.0,74.0,0,1,0,249.48109737269834
Bastar,2023-10-30 01:45:00,hum,73.0,77.0,0,1,0,249.48109737269834
Basti,2023-10-15 02:30:00,hum,62.0,62.508105455590865,0,1,2,293.7546785608114
Basti,2023-10-16 02:30:00,hum,70.0,60.299573727786466,0,1,2,293.7546785608114
Basti,2023-10-17 02:30:00,hum,90.0,73.75664587181433,0,1,2,293.7546785608114
Basti,2023-10-18 02:30:00,hum,74.0,91.50265960095793,0,1,2,293.7546785608114
Basti,2023-10-19 02:30:00,hum,67.0,58.59514763062508,0,1,2,293.7546785608114
Basti,2023-10-20 02:30:00,hum,54.0,77.9627724747584,0,1,2,293.7546785608114
Basti,2023-10-21 02:15:00,hum,54.0,51.33237794671474,0,1,2,293.7546785608114
Basti,2023-10-22 02:30:00,hum,56.0,62.34260067054117,0,1,2,293.7546785608114
Basti,2023-10-23 02:15:00,hum,58.0,55.177606656267976,0,1,2,293.7546785608114
Basti,2023-10-24 02:15:00,hum,62.0,59.53310562888866,0,1,2,293.7546785608114
Basti,2023-10-25 02:30:00,hum,61.0,61.16242489660726,0,1,2,293.7546785608114
Basti,2023-10-26 02:00:00,hum,63.0,60.192080313416,0,1,2,293.7546785608114
Basti,2023-10-27 02:30:00,hum,56.0,63.21827753048479,0,1,2,293.7546785608114
Basti,2023-10-28 02:00:00,hum,48.0,54.58632542982603,0,1,2,293.7546785608114
Basti,2023-10-29 02:45:00,hum,52.0,50.234728662821304,0,1,2,293.7546785608114
Basti,2023-10-30 02:00:00,hum,53.0,54.594608966075484,0,1,2,293.7546785608114
Baudh,2023-10-15 02:30:00,hum,75.0,82.99149108362727,2,1,0,269.6571118161533
Baudh,2023-10-16 02:30:00,hum,71.0,74.43619990621578,2,1,0,269.6571118161533
Baudh,2023-10-17 02:30:00,hum,71.0,74.04446560817001,2,1,0,269.6571118161533
Baudh,2023-10-18 02:30:00,hum,82.0,72.68868583169268,2,1,0,269.6571118161533
Baudh,2023-10-19 02:30:00,hum,88.0,80.92368390434716,2,1,0,269.6571118161533
Baudh,2023-10-20 02:30:00,hum,85.0,82.82597439261642,2,1,0,269.6571118161533
Baudh,2023-10-21 02:15:00,hum,82.0,82.53211872070877,2,1,0,269.6571118161533
Baudh,2023-10-22 02:30:00,hum,77.0,83.40113444989866,2,1,0,269.6571118161533
Baudh,2023-10-23 02:15:00,hum,71.0,78.36710614849605,2,1,0,269.6571118161533
Baudh,2023-10-24 02:15:00,hum,81.0,73.00634263425293,2,1,0,269.6571118161533
Baudh,2023-10-25 02:15:00,hum,88.0,83.28752654179344,2,1,0,269.6571118161533
Baudh,2023-10-26 02:00:00,hum,76.0,83.53148331621279,2,1,0,269.6571118161533
Baudh,2023-10-27 02:15:00,hum,69.0,72.93265954583848,2,1,0,269.6571118161533
Baudh,2023-10-28 02:00:00,hum,70.0,75.11341995330527,2,1,0,269.6571118161533
Baudh,2023-10-29 02:45:00,hum,70.0,73.32517716423646,2,1,0,269.6571118161533
Baudh,2023-10-30 02:00:00,hum,75.0,69.53877802098198,2,1,0,269.6571118161533
Begusarai,2023-10-15 02:30:00,hum,72.0,72.86298192715498,2,1,1,301.7912393962317
Begusarai,2023-10-16 02:30:00,hum,72.0,76.9449664054737,2,1,1,301.7912393962317
Begusarai,2023-10-17 02:15:00,hum,77.0,74.70240586478921,2,1,1,301.7912393962317
Begusarai,2023-10-18 02:30:00,hum,72.0,79.90384425340326,2,1,1,301.7912393962317
Begusarai,2023-10-19 02:15:00,hum,74.0,71.60659007487806,2,1,1,301.7912393962317
Begusarai,2023-10-20 02:30:00,hum,67.0,76.54304293304322,2,1,1,301.7912393962317
Begusarai,2023-10-21 02:15:00,hum,63.0,66.79422517208097,2,1,1,301.7912393962317
Begusarai,2023-10-22 02:15:00,hum,59.0,64.49327108725461,2,1,1,301.7912393962317
Begusarai,2023-10-23 02:15:00,hum,62.0,60.90631200105431,2,1,1,301.7912393962317
Begusarai,2023-10-24 02:15:00,hum,68.0,65.10459540773493,2,1,1,301.7912393962317
Begusarai,2023-10-25 02:15:00,hum,69.0,70.22369055676899,2,1,1,301.7912393962317
Begusarai,2023-10-26 02:00:00,hum,63.0,68.93478668082687,2,1,1,301.7912393962317
Begusarai,2023-10-27 02:15:00,hum,62.0,61.900365627868375,2,1,1,301.7912393962317
Begusarai,2023-10-28 02:00:00,hum,63.0,62.98888032487109,2,1,1,301.7912393962317
Begusarai,2023-10-29 02:30:00,hum,63.0,64.19071385257521,2,1,1,301.7912393962317
Begusarai,2023-10-30 01:45:00,hum,60.0,63.59747205100702,2,1,1,301.7912393962317
Belgaum,2023-10-15 02:30:00,hum,82.0,72.55270951749513,1,1,2,237.86290796447082
Belgaum,2023-10-16 02:30:00,hum,82.0,74.84028443775419,1,1,2,237.86290796447082
Belgaum,2023-10-17 02:30:00,hum,73.0,79.25159768056342,1,1,2,237.86290796447082
Belgaum,2023-10-18 02:30:00,hum,79.0,76.73438658384052,1,1,2,237.86290796447082
Belgaum,2023-10-19 02:30:00,hum,61.0,77.53274438610642,1,1,2,237.86290796447082
Belgaum,2023-10-20 02:30:00,hum,64.0,68.06667094036288,1,1,2,237.86290796447082
Belgaum,2023-10-21 02:15:00,hum,73.0,66.25114357054268,1,1,2,237.86290796447082
Belgaum,2023-10-22 02:30:00,hum,67.0,70.05298554663489,1,1,2,237.86290796447082
Belgaum,2023-10-23 02:15:00,hum,70.0,68.16708631889563,1,1,2,237.86290796447082
Belgaum,2023-10-24 02:15:00,hum,59.0,69.54303533837202,1,1,2,237.86290796447082
Belgaum,2023-10-25 02:15:00,hum,66.0,63.08099037888971,1,1,2,237.86290796447082
Belgaum,2023-10-26 02:00:00,hum,54.0,63.18383639607044,1,1,2,237.86290796447082
Belgaum,2023-10-27 02:15:00,hum,52.0,59.93530034564626,1,1,2,237.86290796447082
Belgaum,2023-10-28 02:00:00,hum,49.0,56.277285138001695,1,1,2,237.86290796447082
Belgaum,2023-10-29 02:45:00,hum,53.0,50.49960729267521,1,1,2,237.86290796447082
Belgaum,2023-10-30 02:00:00,hum,80.0,51.00636657160653,1,1,2,237.86290796447082
Bellary,2023-10-15 02:30:00,hum,51.0,55.60742281474774,0,1,1,295.47765890143353
Bellary,2023-10-16 02:30:00,hum,54.0,52.225005087710464,0,1,1,295.47765890143353
Bellary,2023-10-17 02:30:00,hum,62.0,53.52245771512941,0,1,1,295.47765890143353
Bellary,2023-10-18 02:30:00,hum,49.0,59.684040535637685,0,1,1,295.47765890143353
Bellary,2023-10-19 02:15:00,hum,66.0,52.347036734346524,0,1,1,295.47765890143353
Bellary,2023-10-20 02:30:00,hum,69.0,61.003118469126534,0,1,1,295.47765890143353
Bellary,2023-10-21 02:15:00,hum,73.0,66.46004902446312,0,1,1,295.47765890143353
Bellary,2023-10-22 02:15:00,hum,76.0,71.12098042264361,0,1,1,295.47765890143353
Bellary,2023-10-23 02:15:00,hum,57.0,74.65895734379959,0,1,1,295.47765890143353
Bellary,2023-10-24 02:15:00,hum,58.0,62.927473141173344,0,1,1,295.47765890143353
Bellary,2023-10-25 02:15:00,hum,56.0,59.406043664022405,0,1,1,295.47765890143353
Bellary,2023-10-26 02:00:00,hum,56.0,56.98932083628138,0,1,1,295.47765890143353
Bellary,2023-10-27 02:15:00,hum,58.0,56.29126912625311,0,1,1,295.47765890143353
Bellary,2023-10-28 02:00:00,hum,60.0,57.48794553417474,0,1,1,295.47765890143353
Bellary,2023-10-29 02:45:00,hum,78.0,59.24696747010486,0,1,1,295.47765890143353
Bellary,2023-10-30 02:00:00,hum,83.0,72.82733277443985,0,1,1,295.47765890143353
Betul,2023-10-15 02:30:00,hum,52.0,55.0,0,1,0,267.3626260828335
Betul,2023-10-16 02:30:00,hum,62.0,52.0,0,1,0,267.3626260828335
Betul,2023-10-17 02:15:00,hum,72.0,62.0,0,1,0,267.3626260828335
Betul,2023-10-18 02:15:00,hum,66.0,72.0,0,1,0,267.3626260828335
Betul,2023-10-19 02:15:00,hum,66.0,66.0,0,1,0,267.3626260828335
Betul,2023-10-20 02:15:00,hum,70.0,66.0,0,1,0,267.3626260828335
Betul,2023-10-21 02:00:00,hum,55.0,70.0,0,1,0,267.3626260828335
Betul,2023-10-22 02:15:00,hum,50.0,54.99999999999999,0,1,0,267.3626260828335
Betul,2023-10-23 02:00:00,hum,53.0,50.0,0,1,0,267.3626260828335
Betul,2023-10-24 02:15:00,hum,59.0,53.0,0,1,0,267.3626260828335
Betul,2023-10-25 02:15:00,hum,58.0,59.0,0,1,0,267.3626260828335
Betul,2023-10-26 02:00:00,hum,48.0,58.0,0,1,0,267.3626260828335
Betul,2023-10-27 02:15:00,hum,50.0,48.0,0,1,0,267.3626260828335
Betul,2023-10-28 02:00:00,hum,46.0,50.0,0,1,0,267.3626260828335
Betul,2023-10-29 02:30:00,hum,48.0,46.0,0,1,0,267.3626260828335
Betul,2023-10-30 01:45:00,hum,48.0,48.0,0,1,0,267.3626260828335
Bhabua,2023-10-15 02:30:00,hum,60.0,55.0,0,1,0,317.28708181733896
Bhabua,2023-10-16 02:30:00,hum,69.0,60.0,0,1,0,317.28708181733896
Bhabua,2023-10-17 02:15:00,hum,82.0,69.0,0,1,0,317.28708181733896
Bhabua,2023-10-18 02:30:00,hum,78.0,82.0,0,1,0,317.28708181733896
Bhabua,2023-10-19 02:15:00,hum,77.0,78.0,0,1,0,317.28708181733896
Bhabua,2023-10-20 02:30:00,hum,72.0,77.0,0,1,0,317.28708181733896
Bhabua,2023-10-21 02:15:00,hum,63.0,72.0,0,1,0,317.28708181733896
Bhabua,2023-10-22 02:15:00,hum,64.0,62.99999999999999,0,1,0,317.28708181733896
Bhabua,2023-10-23 02:15:00,hum,67.0,64.0,0,1,0,317.28708181733896
Bhabua,2023-10-24 02:15:00,hum,69.0,67.0,0,1,0,317.28708181733896
Bhabua,2023-10-25 02:15:00,hum,69.0,69.0,0,1,0,317.28708181733896
Bhabua,2023-10-26 02:00:00,hum,57.0,69.0,0,1,0,317.28708181733896
Bhabua,2023-10-27 02:15:00,hum,61.0,57.0,0,1,0,317.28708181733896
Bhabua,2023-10-28 02:00:00,hum,55.0,61.0,0,1,0,317.28708181733896
Bhabua,2023-10-29 02:30:00,hum,56.0,55.0,0,1,0,317.28708181733896
Bhabua,2023-10-30 01:45:00,hum,58.0,56.0,0,1,0,317.28708181733896
Bhadohi,2023-10-15 02:30:00,hum,51.0,50.0,0,1,0,330.74609591780137
Bhadohi,2023-10-16 02:30:00,hum,55.0,51.0,0,1,0,330.74609591780137
Bhadohi,2023-10-17 02:30:00,hum,68.0,55.0,0,1,0,330.74609591780137
Bhadohi,2023-10-18 02:30:00,hum,83.0,68.0,0,1,0,330.74609591780137
Bhadohi,2023-10-19 02:30:00,hum,59.0,83.0,0,1,0,330.74609591780137
Bhadohi,2023-10-20 02:30:00,hum,57.0,59.0,0,1,0,330.74609591780137
Bhadohi,2023-10-21 02:15:00,hum,58.0,57.0,0,1,0,330.74609591780137
Bhadohi,2023-10-22 02:30:00,hum,53.0,58.0,0,1,0,330.74609591780137
Bhadohi,2023-10-23 02:15:00,hum,53.0,53.0,0,1,0,330.74609591780137
Bhadohi,2023-10-24 02:15:00,hum,56.0,53.0,0,1,0,330.74609591780137
Bhadohi,2023-10-25 02:30:00,hum,52.0,56.0,0,1,0,330.74609591780137
Bhadohi,2023-10-26 02:00:00,hum,55.0,52.0,0,1,0,330.74609591780137
Bhadohi,2023-10-27 02:30:00,hum,53.0,55.0,0,1,0,330.74609591780137
Bhadohi,2023-10-28 02:00:00,hum,47.0,53.0,0,1,0,330.74609591780137
Bhadohi,2023-10-29 02:45:00,hum,49.0,47.0,0,1,0,330.74609591780137
Bhadohi,2023-10-30 02:00:00,hum,51.0,49.0,0,1,0,330.74609591780137
Bhadrak,2023-10-15 02:30:00,hum,82.0,81.27833121534026,2,1,0,260.75071736858774
Bhadrak,2023-10-16 02:30:00,hum,83.0,83.02920132801911,2,1,0,260.75071736858774
Bhadrak,2023-10-17 02:30:00,hum,83.0,81.83947302135981,2,1,0,260.75071736858774
Bhadrak,2023-10-18 02:30:00,hum,83.0,82.58321634511842,2,1,0,260.75071736858774
Bhadrak,2023-10-19 02:30:00,hum,80.0,83.0,2,1,0,260.75071736858774
Bhadrak,2023-10-20 02:30:00,hum,82.0,80.96414600655,2,1,0,260.75071736858774
Bhadrak,2023-10-21 02:15:00,hum,76.0,82.60450585963461,2,1,0,260.75071736858774
Bhadrak,2023-10-22 02:30:00,hum,72.0,77.19516921149315,2,1,0,260.75071736858774
Bhadrak,2023-10-23 02:15:00,hum,70.0,75.64961209264374,2,1,0,260.75071736858774
Bhadrak,2023-10-24 02:15:00,hum,88.0,72.03523687374623,2,1,0,260.75071736858774
Bhadrak,2023-10-25 02:30:00,hum,82.0,83.1408129771336,2,1,0,260.75071736858774
Bhadrak,2023-10-26 02:00:00,hum,90.0,76.26604011509006,2,1,0,260.75071736858774
Bhadrak,2023-10-27 02:15:00,hum,84.0,88.83274568841739,2,1,0,260.75071736858774
Bhadrak,2023-10-28 02:00:00,hum,84.0,84.16906728758741,2,1,0,260.75071736858774
Bhadrak,2023-10-29 02:45:00,hum,71.0,85.53459762262403,2,1,0,260.75071736858774
Bhadrak,2023-10-30 02:00:00,hum,73.0,75.55002197433926,2,1,0,260.75071736858774
Bhagalpur,2023-10-15 02:30:00,hum,72.0,76.59068074378507,2,1,2,302.60923503334703
Bhagalpur,2023-10-16 02:30:00,hum,68.0,76.38162558098873,2,1,2,302.60923503334703
Bhagalpur,2023-10-17 02:15:00,hum,75.0,66.42098352168468,2,1,2,302.60923503334703
Bhagalpur,2023-10-18 02:15:00,hum,74.0,77.90918290240002,2,1,2,302.60923503334703
Bhagalpur,2023-10-19 02:15:00,hum,74.0,75.36020487826042,2,1,2,302.60923503334703
Bhagalpur,2023-10-20 02:30:00,hum,71.0,75.65273410265196,2,1,2,302.60923503334703
Bhagalpur,2023-10-21 02:15:00,hum,66.0,72.5904650229949,2,1,2,302.60923503334703
Bhagalpur,2023-10-22 02:15:00,hum,65.0,66.93336968501285,2,1,2,302.60923503334703
Bhagalpur,2023-10-23 02:00:00,hum,64.0,66.62707340744326,2,1,2,302.60923503334703
Bhagalpur,2023-10-24 02:15:00,hum,80.0,65.45215258341456,2,1,2,302.60923503334703
Bhagalpur,2023-10-25 02:15:00,hum,76.0,82.90112034651305,2,1,2,302.60923503334703
Bhagalpur,2023-10-26 02:00:00,hum,77.0,74.805584523797,2,1,2,302.60923503334703
Bhagalpur,2023-10-27 02:15:00,hum,57.0,77.88685327174365,2,1,2,302.60923503334703
Bhagalpur,2023-10-28 02:00:00,hum,57.0,56.76106893936979,2,1,2,302.60923503334703
Bhagalpur,2023-10-29 02:30:00,hum,53.0,59.67623849568447,2,1,2,302.60923503334703
Bhagalpur,2023-10-30 01:45:00,hum,66.0,53.452540264106965,2,1,2,302.60923503334703
Bhandara,2023-10-15 02:30:00,hum,64.0,63.5577114592011,1,1,0,273.0500448137913
Bhandara,2023-10-16 02:30:00,hum,64.0,64.0,1,1,0,273.0500448137913
Bhandara,2023-10-17 02:30:00,hum,74.0,64.0,1,1,0,273.0500448137913
Bhandara,2023-10-18 02:30:00,hum,74.0,69.58187087805663,1,1,0,273.0500448137913
Bhandara,2023-10-19 02:30:00,hum,73.0,74.0,1,1,0,273.0500448137913
Bhandara,2023-10-20 02:30:00,hum,83.0,73.41372379326995,1,1,0,273.0500448137913
Bhandara,2023-10-21 02:15:00,hum,80.0,78.80562206610244,1,1,0,273.0500448137913
Bhandara,2023-10-22 02:30:00,hum,67.0,81.23721807519053,1,1,0,273.0500448137913
Bhandara,2023-10-23 02:15:00,hum,67.0,72.01744528941208,1,1,0,273.0500448137913
Bhandara,2023-10-24 02:15:00,hum,64.0,66.99999999999999,1,1,0,273.0500448137913
Bhandara,2023-10-25 02:15:00,hum,64.0,65.05151082575777,1,1,0,273.0500448137913
Bhandara,2023-10-26 02:00:00,hum,59.0,63.99999999999999,1,1,0,273.0500448137913
Bhandara,2023-10-27 02:15:00,hum,54.0,60.744609134113624,1,1,0,273.0500448137913
Bhandara,2023-10-28 02:00:00,hum,62.0,55.653999346866094,1,1,0,273.0500448137913
Bhandara,2023-10-29 02:45:00,hum,63.0,59.2197156264086,1,1,0,273.0500448137913
Bhandara,2023-10-30 02:00:00,hum,64.0,62.66786595577569,1,1,0,273.0500448137913
Bharatpur,2023-10-15 02:30:00,hum,33.0,36.0,0,1,0,320.21000631803537
Bharatpur,2023-10-16 02:30:00,hum,40.0,33.0,0,1,0,320.21000631803537
Bharatpur,2023-10-17 02:30:00,hum,74.0,40.0,0,1,0,320.21000631803537
Bharatpur,2023-10-18 02:30:00,hum,61.0,74.0,0,1,0,320.21000631803537
Bharatpur,2023-10-19 02:30:00,hum,43.0,61.0,0,1,0,320.21000631803537
Bharatpur,2023-10-20 02:30:00,hum,38.0,43.0,0,1,0,320.21000631803537
Bharatpur,2023-10-21 02:15:00,hum,44.0,38.0,0,1,0,320.21000631803537
Bharatpur,2023-10-22 02:30:00,hum,44.0,44.0,0,1,0,320.21000631803537
Bharatpur,2023-10-23 02:15:00,hum,34.0,44.0,0,1,0,320.21000631803537
Bharatpur,2023-10-24 02:15:00,hum,39.0,34.0,0,1,0,320.21000631803537
Bharatpur,2023-10-25 02:30:00,hum,40.0,39.0,0,1,0,320.21000631803537
Bharatpur,2023-10-26 02:00:00,hum,36.0,40.0,0,1,0,320.21000631803537
Bharatpur,2023-10-27 02:15:00,hum,27.0,36.0,0,1,0,320.21000631803537
Bharatpur,2023-10-28 02:00:00,hum,25.0,27.000000000000004,0,1,0,320.21000631803537
Bharatpur,2023-10-29 02:45:00,hum,39.0,25.0,0,1,0,320.21000631803537
Bharatpur,2023-10-30 02:00:00,hum,40.0,39.0,0,1,0,320.21000631803537
Bharuch,2023-10-15 02:30:00,hum,56.0,58.0,0,1,0,283.8978515425826
Bharuch,2023-10-16 02:30:00,hum,68.0,56.0,0,1,0,283.8978515425826
Bharuch,2023-10-17 02:15:00,hum,65.0,68.0,0,1,0,283.8978515425826
Bharuch,2023-10-18 02:15:00,hum,58.0,65.0,0,1,0,283.8978515425826
Bharuch,2023-10-19 02:15:00,hum,56.0,58.0,0,1,0,283.8978515425826
Bharuch,2023-10-20 02:30:00,hum,47.0,56.0,0,1,0,283.8978515425826
Bharuch,2023-10-21 02:15:00,hum,50.0,47.0,0,1,0,283.8978515425826
Bharuch,2023-10-22 02:15:00,hum,44.0,50.0,0,1,0,283.8978515425826
Bharuch,2023-10-23 02:00:00,hum,39.0,44.0,0,1,0,283.8978515425826
Bharuch,2023-10-24 02:15:00,hum,43.0,39.0,0,1,0,283.8978515425826
Bharuch,2023-10-25 02:15:00,hum,37.0,43.0,0,1,0,283.8978515425826
Bharuch,2023-10-26 02:00:00,hum,35.0,37.0,0,1,0,283.8978515425826
Bharuch,2023-10-27 02:15:00,hum,39.0,35.0,0,1,0,283.8978515425826
Bharuch,2023-10-28 02:00:00,hum,36.0,39.0,0,1,0,283.8978515425826
Bharuch,2023-10-29 02:30:00,hum,37.0,36.0,0,1,0,283.8978515425826
Bharuch,2023-10-30 01:45:00,hum,35.0,37.0,0,1,0,283.8978515425826
Bhavnagar,2023-10-15 02:30:00,hum,61.0,61.0,0,1,0,293.18873994381136
Bhavnagar,2023-10-16 02:30:00,hum,64.0,61.0,0,1,0,293.18873994381136
Bhavnagar,2023-10-17 02:15:00,hum,60.0,64.0,0,1,0,293.18873994381136
Bhavnagar,2023-10-18 02:15:00,hum,57.0,60.0,0,1,0,293.18873994381136
Bhavnagar,2023-10-19 02:15:00,hum,52.0,57.0,0,1,0,293.18873994381136
Bhavnagar,2023-10-20 02:30:00,hum,52.0,52.0,0,1,0,293.18873994381136
Bhavnagar,2023-10-21 02:15:00,hum,51.0,52.0,0,1,0,293.18873994381136
Bhavnagar,2023-10-22 02:15:00,hum,49.0,51.0,0,1,0,293.18873994381136
Bhavnagar,2023-10-23 02:00:00,hum,51.0,49.0,0,1,0,293.18873994381136
Bhavnagar,2023-10-24 02:15:00,hum,43.0,51.0,0,1,0,293.18873994381136
Bhavnagar,2023-10-25 02:15:00,hum,43.0,43.0,0,1,0,293.18873994381136
Bhavnagar,2023-10-26 02:00:00,hum,41.0,43.0,0,1,0,293.18873994381136
Bhavnagar,2023-10-27 02:15:00,hum,39.0,41.0,0,1,0,293.18873994381136
Bhavnagar,2023-10-28 02:00:00,hum,46.0,39.0,0,1,0,293.18873994381136
Bhavnagar,2023-10-29 02:30:00,hum,44.0,46.0,0,1,0,293.18873994381136
Bhavnagar,2023-10-30 01:45:00,hum,45.0,44.0,0,1,0,293.18873994381136
Bhilwara,2023-10-15 02:30:00,hum,46.0,47.0,0,1,0,312.39237755090164
Bhilwara,2023-10-16 02:30:00,hum,51.0,46.0,0,1,0,312.39237755090164
Bhilwara,2023-10-17 02:30:00,hum,66.0,51.0,0,1,0,312.39237755090164
Bhilwara,2023-10-18 02:30:00,hum,65.0,66.0,0,1,0,312.39237755090164
Bhilwara,2023-10-19 02:30:00,hum,54.0,65.0,0,1,0,312.39237755090164
Bhilwara,2023-10-20 02:30:00,hum,46.0,54.0,0,1,0,312.39237755090164
Bhilwara,2023-10-21 02:15:00,hum,43.0,46.0,0,1,0,312.39237755090164
Bhilwara,2023-10-22 02:30:00,hum,35.0,43.0,0,1,0,312.39237755090164
Bhilwara,2023-10-23 02:15:00,hum,36.0,35.0,0,1,0,312.39237755090164
Bhilwara,2023-10-24 02:15:00,hum,40.0,36.0,0,1,0,312.39237755090164
Bhilwara,2023-10-25 02:30:00,hum,31.0,40.0,0,1,0,312.39237755090164
Bhilwara,2023-10-26 02:00:00,hum,34.0,31.0,0,1,0,312.39237755090164
Bhilwara,2023-10-27 02:15:00,hum,30.0,34.0,0,1,0,312.39237755090164
Bhilwara,2023-10-28 02:00:00,hum,28.0,30.0,0,1,0,312.39237755090164
Bhilwara,2023-10-29 02:45:00,hum,29.0,28.0,0,1,0,312.39237755090164
Bhilwara,2023-10-30 02:00:00,hum,37.0,29.0,0,1,0,312.39237755090164
Bhind,2023-10-15 02:30:00,hum,36.0,36.0,0,1,0,316.0151234753448
Bhind,2023-10-16 02:30:00,hum,44.0,36.0,0,1,0,316.0151234753448
Bhind,2023-10-17 02:15:00,hum,72.0,44.0,0,1,0,316.0151234753448
Bhind,2023-10-18 02:15:00,hum,63.0,72.0,0,1,0,316.0151234753448
Bhind,2023-10-19 02:15:00,hum,46.0,62.99999999999999,0,1,0,316.0151234753448
Bhind,2023-10-20 02:15:00,hum,44.0,46.0,0,1,0,316.0151234753448
Bhind,2023-10-21 02:00:00,hum,45.0,44.0,0,1,0,316.0151234753448
Bhind,2023-10-22 02:15:00,hum,45.0,45.0,0,1,0,316.0151234753448
Bhind,2023-10-23 02:00:00,hum,42.0,45.0,0,1,0,316.0151234753448
Bhind,2023-10-24 02:15:00,hum,45.0,42.0,0,1,0,316.0151234753448
Bhind,2023-10-25 02:15:00,hum,47.0,45.0,0,1,0,316.0151234753448
Bhind,2023-10-26 02:00:00,hum,37.0,47.0,0,1,0,316.0151234753448
Bhind,2023-10-27 02:15:00,hum,34.0,37.0,0,1,0,316.0151234753448
Bhind,2023-10-28 02:00:00,hum,35.0,34.0,0,1,0,316.0151234753448
Bhind,2023-10-29 02:30:00,hum,32.0,35.0,0,1,0,316.0151234753448
Bhind,2023-10-30 01:45:00,hum,36.0,32.0,0,1,0,316.0151234753448
Bhiwani,2023-10-15 02:30:00,hum,31.0,28.0,0,1,0,314.41041875245
Bhiwani,2023-10-16 02:30:00,hum,39.0,31.0,0,1,0,314.41041875245
Bhiwani,2023-10-17 02:15:00,hum,77.0,39.0,0,1,0,314.41041875245
Bhiwani,2023-10-18 02:30:00,hum,54.0,77.0,0,1,0,314.41041875245
Bhiwani,2023-10-19 02:15:00,hum,42.0,54.0,0,1,0,314.41041875245
Bhiwani,2023-10-20 02:30:00,hum,44.0,42.0,0,1,0,314.41041875245
Bhiwani,2023-10-21 02:15:00,hum,47.0,44.0,0,1,0,314.41041875245
Bhiwani,2023-10-22 02:15:00,hum,28.0,47.0,0,1,0,314.41041875245
Bhiwani,2023-10-23 02:15:00,hum,38.0,27.999999999999996,0,1,0,314.41041875245
Bhiwani,2023-10-24 02:15:00,hum,42.0,38.0,0,1,0,314.41041875245
Bhiwani,2023-10-25 02:15:00,hum,40.0,42.0,0,1,0,314.41041875245
Bhiwani,2023-10-26 02:00:00,hum,33.0,40.0,0,1,0,314.41041875245
Bhiwani,2023-10-27 02:15:00,hum,27.0,33.0,0,1,0,314.41041875245
Bhiwani,2023-10-28 02:00:00,hum,29.0,27.0,0,1,0,314.41041875245
Bhiwani,2023-10-29 02:30:00,hum,28.0,29.0,0,1,0,314.41041875245
Bhiwani,2023-10-30 01:45:00,hum,33.0,28.0,0,1,0,314.41041875245
Bhojpur,2023-10-15 02:30:00,hum,72.0,76.16855533827841,2,1,0,270.858027660234
Bhojpur,2023-10-16 02:30:00,hum,67.0,70.92310428632783,2,1,0,270.858027660234
Bhojpur,2023-10-17 02:15:00,hum,71.0,68.00756449987051,2,1,0,270.858027660234
Bhojpur,2023-10-18 02:30:00,hum,81.0,72.43993741294145,2,1,0,270.858027660234
Bhojpur,2023-10-19 02:15:00,hum,81.0,79.58136243973489,2,1,0,270.858027660234
Bhojpur,2023-10-20 02:30:00,hum,81.0,77.54931124085196,2,1,0,270.858027660234
Bhojpur,2023-10-21 02:15:00,hum,78.0,81.0,2,1,0,270.858027660234
Bhojpur,2023-10-22 02:15:00,hum,69.0,77.97672567343142,2,1,0,270.858027660234
Bhojpur,2023-10-23 02:15:00,hum,69.0,69.69894311008785,2,1,0,270.858027660234
Bhojpur,2023-10-24 02:15:00,hum,76.0,71.85590254760966,2,1,0,270.858027660234
Bhojpur,2023-10-25 02:15:00,hum,78.0,76.24095407894463,2,1,0,270.858027660234
Bhojpur,2023-10-26 02:00:00,hum,72.0,75.66837707445855,2,1,0,270.858027660234
Bhojpur,2023-10-27 02:15:00,hum,62.0,71.03905608359639,2,1,0,270.858027660234
Bhojpur,2023-10-28 02:00:00,hum,67.0,63.4975495586457,2,1,0,270.858027660234
Bhojpur,2023-10-29 02:30:00,hum,72.0,71.17616313573382,2,1,0,270.858027660234
Bhojpur,2023-10-30 01:45:00,hum,70.0,70.31374784162648,2,1,0,270.858027660234
Bhopal,2023-10-15 02:30:00,hum,46.0,51.0,0,1,0,293.0286981981737
Bhopal,2023-10-16 02:30:00,hum,51.0,46.0,0,1,0,293.0286981981737
Bhopal,2023-10-17 02:15:00,hum,68.0,51.0,0,1,0,293.0286981981737
Bhopal,2023-10-18 02:15:00,hum,69.0,68.0,0,1,0,293.0286981981737
Bhopal,2023-10-19 02:15:00,hum,61.0,69.0,0,1,0,293.0286981981737
Bhopal,2023-10-20 02:15:00,hum,57.0,61.00000000000001,0,1,0,293.0286981981737
Bhopal,2023-10-21 02:00:00,hum,49.0,57.0,0,1,0,293.0286981981737
Bhopal,2023-10-22 02:15:00,hum,40.0,49.0,0,1,0,293.0286981981737
Bhopal,2023-10-23 02:00:00,hum,53.0,40.0,0,1,0,293.0286981981737
Bhopal,2023-10-24 02:00:00,hum,51.0,53.0,0,1,0,293.0286981981737
Bhopal,2023-10-25 02:15:00,hum,45.0,51.0,0,1,0,293.0286981981737
Bhopal,2023-10-26 02:00:00,hum,38.0,45.0,0,1,0,293.0286981981737
Bhopal,2023-10-27 02:15:00,hum,39.0,38.0,0,1,0,293.0286981981737
Bhopal,2023-10-28 01:45:00,hum,37.0,39.0,0,1,0,293.0286981981737
Bhopal,2023-10-29 02:30:00,hum,38.0,37.0,0,1,0,293.0286981981737
Bhopal,2023-10-30 01:45:00,hum,60.0,38.0,0,1,0,293.0286981981737
Bid,2023-10-15 02:30:00,hum,52.0,53.695449073326884,1,1,0,278.37337799419606
Bid,2023-10-16 02:30:00,hum,49.0,52.611692157828706,1,1,0,278.37337799419606
Bid,2023-10-17 02:30:00,hum,57.0,49.90302192329903,1,1,0,278.37337799419606
Bid,2023-10-18 02:30:00,hum,65.0,54.47751344958669,1,1,0,278.37337799419606
Bid,2023-10-19 02:30:00,hum,64.0,62.916927805530854,1,1,0,278.37337799419606
Bid,2023-10-20 02:30:00,hum,68.0,64.25508820039515,1,1,0,278.37337799419606
Bid,2023-10-21 02:15:00,hum,68.0,66.97008914140568,1,1,0,278.37337799419606
Bid,2023-10-22 02:30:00,hum,59.0,68.0,1,1,0,278.37337799419606
Bid,2023-10-23 02:15:00,hum,56.0,61.29378125953664,1,1,0,278.37337799419606
Bid,2023-10-24 02:15:00,hum,56.0,56.68061040130383,1,1,0,278.37337799419606
Bid,2023-10-25 02:15:00,hum,56.0,56.0,1,1,0,278.37337799419606
Bid,2023-10-26 02:00:00,hum,53.0,56.0,1,1,0,278.37337799419606
Bid,2023-10-27 02:15:00,hum,52.0,53.677641037539125,1,1,0,278.37337799419606
Bid,2023-10-28 02:00:00,hum,54.0,52.22301104199252,1,1,0,278.37337799419606
Bid,2023-10-29 02:45:00,hum,52.0,53.551788819329396,1,1,0,278.37337799419606
Bid,2023-10-30 02:00:00,hum,50.0,52.45193822654357,1,1,0,278.37337799419606
Bidar,2023-10-15 02:30:00,hum,67.0,73.20459077686156,1,1,0,276.2043629269817
Bidar,2023-10-16 02:30:00,hum,66.0,69.84000865410482,1,1,0,276.2043629269817
Bidar,2023-10-17 02:30:00,hum,71.0,66.3888388497445,1,1,0,276.2043629269817
Bidar,2023-10-18 02:30:00,hum,74.0,69.04103323392405,1,1,0,276.2043629269817
Bidar,2023-10-19 02:15:00,hum,69.0,72.87080986758895,1,1,0,276.2043629269817
Bidar,2023-10-20 02:30:00,hum,74.0,70.91827408459791,1,1,0,276.2043629269817
Bidar,2023-10-21 02:15:00,hum,80.0,72.03428496289635,1,1,0,276.2043629269817
Bidar,2023-10-22 02:15:00,hum,73.0,77.78566934979358,1,1,0,276.2043629269817
Bidar,2023-10-23 02:15:00,hum,64.0,75.70165833611874,1,1,0,276.2043629269817
Bidar,2023-10-24 02:15:00,hum,67.0,67.04833330732565,1,1,0,276.2043629269817
Bidar,2023-10-25 02:15:00,hum,59.0,65.98425442300912,1,1,0,276.2043629269817
Bidar,2023-10-26 02:00:00,hum,57.0,61.799148307175116,1,1,0,276.2043629269817
Bidar,2023-10-27 02:15:00,hum,59.0,57.65951349216874,1,1,0,276.2043629269817
Bidar,2023-10-28 02:00:00,hum,59.0,58.337484409282624,1,1,0,276.2043629269817
Bidar,2023-10-29 02:45:00,hum,66.0,59.0,1,1,0,276.2043629269817
Bidar,2023-10-30 02:00:00,hum,69.0,63.685843584040796,1,1,0,276.2043629269817
Bijapur,2023-10-15 02:30:00,hum,49.0,54.0,0,1,0,285.6387379507585
Bijapur,2023-10-16 02:30:00,hum,51.0,49.0,0,1,0,285.6387379507585
Bijapur,2023-10-17 02:30:00,hum,50.0,51.0,0,1,0,285.6387379507585
Bijapur,2023-10-18 02:30:00,hum,58.0,50.0,0,1,0,285.6387379507585
Bijapur,2023-10-19 02:15:00,hum,54.0,58.0,0,1,0,285.6387379507585
Bijapur,2023-10-20 02:30:00,hum,49.0,54.0,0,1,0,285.6387379507585
Bijapur,2023-10-21 02:15:00,hum,58.0,49.0,0,1,0,285.6387379507585
Bijapur,2023-10-22 02:15:00,hum,57.0,58.0,0,1,0,285.6387379507585
Bijapur,2023-10-23 02:15:00,hum,51.0,57.0,0,1,0,285.6387379507585
Bijapur,2023-10-24 02:15:00,hum,52.0,51.0,0,1,0,285.6387379507585
Bijapur,2023-10-25 02:15:00,hum,50.0,52.0,0,1,0,285.6387379507585
Bijapur,2023-10-26 02:00:00,hum,52.0,50.0,0,1,0,285.6387379507585
Bijapur,2023-10-27 02:15:00,hum,48.0,52.0,0,1,0,285.6387379507585
Bijapur,2023-10-28 02:00:00,hum,48.0,48.0,0,1,0,285.6387379507585
Bijapur,2023-10-29 02:30:00,hum,47.0,48.0,0,1,0,285.6387379507585
Bijapur,2023-10-30 01:45:00,hum,54.0,47.0,0,1,0,285.6387379507585
Bijnor,2023-10-15 02:30:00,hum,53.0,52.399644182374175,0,1,1,327.21700532140386
Bijnor,2023-10-16 02:30:00,hum,55.0,52.77853520564523,0,1,1,327.21700532140386
Bijnor,2023-10-17 02:30:00,hum,81.0,54.18223274567127,0,1,1,327.21700532140386
Bijnor,2023-10-18 02:30:00,hum,62.0,71.91874437444974,0,1,1,327.21700532140386
Bijnor,2023-10-19 02:30:00,hum,54.0,65.2481132577905,0,1,1,327.21700532140386
Bijnor,2023-10-20 02:30:00,hum,55.0,58.77158517265464,0,1,1,327.21700532140386
Bijnor,2023-10-21 02:15:00,hum,53.0,56.52972336345511,0,1,1,327.21700532140386
Bijnor,2023-10-22 02:30:00,hum,58.0,54.417176060142275,0,1,1,327.21700532140386
Bijnor,2023-10-23 02:15:00,hum,57.0,56.53101915709077,0,1,1,327.21700532140386
Bijnor,2023-10-24 02:15:00,hum,48.0,56.80496603300969,0,1,1,327.21700532140386
Bijnor,2023-10-25 02:30:00,hum,50.0,51.67793280768257,0,1,1,327.21700532140386
Bijnor,2023-10-26 02:00:00,hum,46.0,50.681228857530535,0,1,1,327.21700532140386
Bijnor,2023-10-27 02:30:00,hum,48.0,47.893449067981045,0,1,1,327.21700532140386
Bijnor,2023-10-28 02:00:00,hum,47.0,47.957678653651605,0,1,1,327.21700532140386
Bijnor,2023-10-29 02:45:00,hum,48.0,47.389548413518206,0,1,1,327.21700532140386
Bijnor,2023-10-30 02:00:00,hum,55.0,47.75147120392639,0,1,1,327.21700532140386
Bikaner,2023-10-15 02:30:00,hum,41.0,29.0,0,1,0,324.3890573652294
Bikaner,2023-10-16 02:30:00,hum,37.0,41.0,0,1,0,324.3890573652294
Bikaner,2023-10-17 02:30:00,hum,51.0,37.0,0,1,0,324.3890573652294
Bikaner,2023-10-18 02:30:00,hum,57.0,51.0,0,1,0,324.3890573652294
Bikaner,2023-10-19 02:30:00,hum,47.0,57.0,0,1,0,324.3890573652294
Bikaner,2023-10-20 02:30:00,hum,39.0,47.0,0,1,0,324.3890573652294
Bikaner,2023-10-21 02:15:00,hum,35.0,39.0,0,1,0,324.3890573652294
Bikaner,2023-10-22 02:30:00,hum,36.0,35.0,0,1,0,324.3890573652294
Bikaner,2023-10-23 02:15:00,hum,37.0,36.0,0,1,0,324.3890573652294
Bikaner,2023-10-24 02:15:00,hum,34.0,37.0,0,1,0,324.3890573652294
Bikaner,2023-10-25 02:30:00,hum,36.0,34.0,0,1,0,324.3890573652294
Bikaner,2023-10-26 02:00:00,hum,35.0,36.0,0,1,0,324.3890573652294
Bikaner,2023-10-27 02:15:00,hum,23.0,35.0,0,1,0,324.3890573652294
Bikaner,2023-10-28 02:00:00,hum,21.0,23.000000000000004,0,1,0,324.3890573652294
Bikaner,2023-10-29 02:45:00,hum,26.0,21.0,0,1,0,324.3890573652294
Bikaner,2023-10-30 02:00:00,hum,25.0,26.0,0,1,0,324.3890573652294
Bilaspur,2023-10-15 02:30:00,hum,66.0,63.406439779360745,2,1,2,289.3039261940995
Bilaspur,2023-10-16 02:30:00,hum,72.0,68.41784694157796,2,1,2,289.3039261940995
Bilaspur,2023-10-17 02:15:00,hum,70.0,73.40838907353869,2,1,2,289.3039261940995
Bilaspur,2023-10-18 02:15:00,hum,77.0,70.63852779667063,2,1,2,289.3039261940995
Bilaspur,2023-10-19 02:15:00,hum,76.0,73.53970479343637,2,1,2,289.3039261940995
Bilaspur,2023-10-20 02:15:00,hum,73.0,78.99500336352757,2,1,2,289.3039261940995
Bilaspur,2023-10-21 02:15:00,hum,61.0,76.0811744755716,2,1,2,289.3039261940995
Bilaspur,2023-10-22 02:15:00,hum,66.0,58.68670648193379,2,1,2,289.3039261940995
Bilaspur,2023-10-23 02:00:00,hum,59.0,65.34864070348556,2,1,2,289.3039261940995
Bilaspur,2023-10-24 02:15:00,hum,66.0,63.40996267500715,2,1,2,289.3039261940995
Bilaspur,2023-10-25 02:15:00,hum,62.0,64.07307784796573,2,1,2,289.3039261940995
Bilaspur,2023-10-26 02:00:00,hum,59.0,64.94066633379609,2,1,2,289.3039261940995
Bilaspur,2023-10-27 02:15:00,hum,62.0,57.32154712693624,2,1,2,289.3039261940995
Bilaspur,2023-10-28 02:00:00,hum,62.0,61.56970564594933,2,1,2,289.3039261940995
Bilaspur,2023-10-29 02:30:00,hum,62.0,63.82349632213352,2,1,2,289.3039261940995
Bilaspur,2023-10-30 01:45:00,hum,64.0,62.01512378344028,2,1,2,289.3039261940995
Bishnupur,2023-10-15 02:30:00,hum,84.0,81.04404117491305,0,1,1,257.32759157819777
Bishnupur,2023-10-16 02:30:00,hum,89.0,82.29865183245464,0,1,1,257.32759157819777
Bishnupur,2023-10-17 02:15:00,hum,84.0,84.60787736613538,0,1,1,257.32759157819777
Bishnupur,2023-10-18 02:30:00,hum,84.0,84.41219786898601,0,1,1,257.32759157819777
Bishnupur,2023-10-19 02:15:00,hum,84.0,84.27989513248502,0,1,1,257.32759157819777
Bishnupur,2023-10-20 02:30:00,hum,83.0,84.19017773263121,0,1,1,257.32759157819777
Bishnupur,2023-10-21 02:15:00,hum,83.0,83.80806341285677,0,1,1,257.32759157819777
Bishnupur,2023-10-22 02:15:00,hum,83.0,83.54762668444083,0,1,1,257.32759157819777
Bishnupur,2023-10-23 02:15:00,hum,84.0,83.37082733128197,0,1,1,257.32759157819777
Bishnupur,2023-10-24 02:15:00,hum,83.0,83.57397331223471,0,1,1,257.32759157819777
Bishnupur,2023-10-25 02:15:00,hum,94.0,83.38975137729152,0,1,1,257.32759157819777
Bishnupur,2023-10-26 02:00:00,hum,89.0,86.74051608955376,0,1,1,257.32759157819777
Bishnupur,2023-10-27 02:15:00,hum,84.0,87.57948678034364,0,1,1,257.32759157819777
Bishnupur,2023-10-28 02:00:00,hum,83.0,86.34831208742287,0,1,1,257.32759157819777
Bishnupur,2023-10-29 02:30:00,hum,83.0,85.31860779192604,0,1,1,257.32759157819777
Bishnupur,2023-10-30 01:45:00,hum,83.0,84.60900868828847,0,1,1,257.32759157819777
Biswanath,2023-10-15 02:30:00,hum,80.0,71.0,0,1,0,237.59682199498963
Biswanath,2023-10-16 02:30:00,hum,69.0,80.0,0,1,0,237.59682199498963
Biswanath,2023-10-17 02:30:00,hum,70.0,69.0,0,1,0,237.59682199498963
Biswanath,2023-10-18 02:30:00,hum,76.0,70.0,0,1,0,237.59682199498963
Biswanath,2023-10-19 02:30:00,hum,74.0,76.0,0,1,0,237.59682199498963
Biswanath,2023-10-20 02:30:00,hum,72.0,74.0,0,1,0,237.59682199498963
Biswanath,2023-10-21 02:30:00,hum,69.0,72.0,0,1,0,237.59682199498963
Biswanath,2023-10-22 02:30:00,hum,72.0,69.0,0,1,0,237.59682199498963
Biswanath,2023-10-23 02:15:00,hum,81.0,72.0,0,1,0,237.59682199498963
Biswanath,2023-10-24 02:15:00,hum,95.0,81.0,0,1,0,237.59682199498963
Biswanath,2023-10-25 02:30:00,hum,88.0,95.0,0,1,0,237.59682199498963
Biswanath,2023-10-26 02:00:00,hum,77.0,88.0,0,1,0,237.59682199498963
Biswanath,2023-10-27 02:30:00,hum,74.0,77.0,0,1,0,237.59682199498963
Biswanath,2023-10-28 02:00:00,hum,67.0,74.0,0,1,0,237.59682199498963
Biswanath,2023-10-29 02:45:00,hum,67.0,67.0,0,1,0,237.59682199498963
Biswanath,2023-10-30 02:00:00,hum,67.0,67.0,0,1,0,237.59682199498963
Bokaro,2023-10-15 02:30:00,hum,72.0,81.00648464043938,2,1,0,288.1783272910096
Bokaro,2023-10-16 02:30:00,hum,65.0,68.42316879469637,2,1,0,288.1783272910096
Bokaro,2023-10-17 02:15:00,hum,75.0,64.64418278897308,2,1,0,288.1783272910096
Bokaro,2023-10-18 02:30:00,hum,77.0,78.3800865325601,2,1,0,288.1783272910096
Bokaro,2023-10-19 02:15:00,hum,82.0,74.38540728135398,2,1,0,288.1783272910096
Bokaro,2023-10-20 02:30:00,hum,74.0,82.15142907662666,2,1,0,288.1783272910096
Bokaro,2023-10-21 02:15:00,hum,73.0,71.84761713033589,2,1,0,288.1783272910096
Bokaro,2023-10-22 02:15:00,hum,64.0,74.90850946711866,2,1,0,288.1783272910096
Bokaro,2023-10-23 02:00:00,hum,65.0,63.249185712293595,2,1,0,288.1783272910096
Bokaro,2023-10-24 02:15:00,hum,71.0,66.98993622831499,2,1,0,288.1783272910096
Bokaro,2023-10-25 02:15:00,hum,71.0,71.38902055725106,2,1,0,288.1783272910096
Bokaro,2023-10-26 02:00:00,hum,62.0,69.6363001020518,2,1,0,288.1783272910096
Bokaro,2023-10-27 02:15:00,hum,58.0,61.069421348538235,2,1,0,288.1783272910096
Bokaro,2023-10-28 02:00:00,hum,61.0,59.7797471130695,2,1,0,288.1783272910096
Bokaro,2023-10-29 02:30:00,hum,64.0,62.358506252586416,2,1,0,288.1783272910096
Bokaro,2023-10-30 01:45:00,hum,68.0,63.57825715516756,2,1,0,288.1783272910096
Bongaigaon,2023-10-15 02:30:00,hum,89.0,86.78898992596619,0,1,1,246.9348131364305
Bongaigaon,2023-10-16 02:30:00,hum,88.0,88.3661532271705,0,1,1,246.9348131364305
Bongaigaon,2023-10-17 02:15:00,hum,90.0,88.11229292917415,0,1,1,246.9348131364305
Bongaigaon,2023-10-18 02:30:00,hum,90.0,89.41910961833231,0,1,1,246.9348131364305
Bongaigaon,2023-10-19 02:15:00,hum,90.0,89.82274146906545,0,1,1,246.9348131364305
Bongaigaon,2023-10-20 02:30:00,hum,88.0,89.94576225071113,0,1,1,246.9348131364305
Bongaigaon,2023-10-21 02:15:00,hum,89.0,88.59874419747871,0,1,1,246.9348131364305
Bongaigaon,2023-10-22 02:15:00,hum,87.0,88.87664877823556,0,1,1,246.9348131364305
Bongaigaon,2023-10-23 02:15:00,hum,88.0,87.57928170093996,0,1,1,246.9348131364305
Bongaigaon,2023-10-24 02:15:00,hum,80.0,87.87035288567029,0,1,1,246.9348131364305
Bongaigaon,2023-10-25 02:15:00,hum,81.0,82.42103078275953,0,1,1,246.9348131364305
Bongaigaon,2023-10-26 02:00:00,hum,87.0,81.38402019642324,0,1,1,246.9348131364305
Bongaigaon,2023-10-27 02:15:00,hum,88.0,85.22928510468779,0,1,1,246.9348131364305
Bongaigaon,2023-10-28 02:00:00,hum,89.0,87.17550419814799,0,1,1,246.9348131364305
Bongaigaon,2023-10-29 02:30:00,hum,83.0,88.4735432273276,0,1,1,246.9348131364305
Bongaigaon,2023-10-30 01:45:00,hum,86.0,84.72064127033575,0,1,1,246.9348131364305
Budaun,2023-10-15 02:30:00,hum,52.0,48.84085836972451,0,1,1,339.1366865573177
Budaun,2023-10-16 02:30:00,hum,58.0,50.45356821412448,0,1,1,339.1366865573177
Budaun,2023-10-17 02:30:00,hum,75.0,54.34582656894466,0,1,1,339.1366865573177
Budaun,2023-10-18 02:30:00,hum,59.0,65.7775105634008,0,1,1,339.1366865573177
Budaun,2023-10-19 02:30:00,hum,53.0,61.941180871107136,0,1,1,339.1366865573177
Budaun,2023-10-20 02:30:00,hum,49.0,57.327425797141686,0,1,1,339.1366865573177
Budaun,2023-10-21 02:15:00,hum,48.0,52.967446513704694,0,1,1,339.1366865573177
Budaun,2023-10-22 02:30:00,hum,54.0,50.288114245288796,0,1,1,339.1366865573177
Budaun,2023-10-23 02:15:00,hum,42.0,52.26236866968102,0,1,1,339.1366865573177
Budaun,2023-10-24 02:15:00,hum,51.0,46.86849382952818,0,1,1,339.1366865573177
Budaun,2023-10-25 02:30:00,hum,50.0,49.04726230336372,0,1,1,339.1366865573177
Budaun,2023-10-26 02:00:00,hum,39.0,49.54114989797169,0,1,1,339.1366865573177
Budaun,2023-10-27 02:30:00,hum,44.0,44.08487891499544,0,1,1,339.1366865573177
Budaun,2023-10-28 02:00:00,hum,40.0,44.04118427798344,0,1,1,339.1366865573177
Budaun,2023-10-29 02:45:00,hum,44.0,41.931650541276056,0,1,1,339.1366865573177
Budaun,2023-10-30 02:00:00,hum,49.0,43.01003357434284,0,1,1,339.1366865573177
Buddha Gaya,2023-10-15 02:30:00,hum,75.0,83.96399043651611,1,1,1,297.84549907786646
Buddha Gaya,2023-10-16 02:30:00,hum,94.0,81.65947666068185,1,1,1,297.84549907786646
Buddha Gaya,2023-10-17 02:30:00,hum,89.0,91.5033717619547,1,1,1,297.84549907786646
Buddha Gaya,2023-10-18 02:30:00,hum,79.0,89.20123811719597,1,1,1,297.84549907786646
Buddha Gaya,2023-10-19 02:30:00,hum,81.0,84.52060645336937,1,1,1,297.84549907786646
Buddha Gaya,2023-10-20 02:30:00,hum,88.0,85.23638538868765,1,1,1,297.84549907786646
Buddha Gaya,2023-10-21 02:15:00,hum,88.0,88.52810571140584,1,1,1,297.84549907786646
Buddha Gaya,2023-10-22 02:30:00,hum,100.0,88.51850312399863,1,1,1,297.84549907786646
Buddha Gaya,2023-10-23 02:15:00,hum,66.0,94.12123069124578,1,1,1,297.84549907786646
Buddha Gaya,2023-10-24 02:15:00,hum,88.0,80.79177503564819,1,1,1,297.84549907786646
Buddha Gaya,2023-10-25 02:30:00,hum,94.0,88.5113414446709,1,1,1,297.84549907786646
Buddha Gaya,2023-10-26 02:00:00,hum,64.0,90.3605411579702,1,1,1,297.84549907786646
Buddha Gaya,2023-10-27 02:30:00,hum,62.0,80.58103765105693,1,1,1,297.84549907786646
Buddha Gaya,2023-10-28 02:00:00,hum,88.0,74.66225655875262,1,1,1,297.84549907786646
Buddha Gaya,2023-10-29 02:45:00,hum,88.0,82.78352140213096,1,1,1,297.84549907786646
Buddha Gaya,2023-10-30 02:00:00,hum,65.0,84.48346243970136,1,1,1,297.84549907786646
Bulandshahr,2023-10-15 02:30:00,hum,48.0,43.0,0,1,0,325.35539684904876
Bulandshahr,2023-10-16 02:30:00,hum,49.0,48.0,0,1,0,325.35539684904876
Bulandshahr,2023-10-17 02:30:00,hum,81.0,49.0,0,1,0,325.35539684904876
Bulandshahr,2023-10-18 02:30:00,hum,56.0,81.0,0,1,0,325.35539684904876
Bulandshahr,2023-10-19 02:30:00,hum,47.0,55.99999999999999,0,1,0,325.35539684904876
Bulandshahr,2023-10-20 02:30:00,hum,41.0,47.0,0,1,0,325.35539684904876
Bulandshahr,2023-10-21 02:15:00,hum,47.0,41.0,0,1,0,325.35539684904876
Bulandshahr,2023-10-22 02:30:00,hum,48.0,47.0,0,1,0,325.35539684904876
Bulandshahr,2023-10-23 02:15:00,hum,45.0,48.0,0,1,0,325.35539684904876
Bulandshahr,2023-10-24 02:15:00,hum,44.0,45.0,0,1,0,325.35539684904876
Bulandshahr,2023-10-25 02:30:00,hum,43.0,44.0,0,1,0,325.35539684904876
Bulandshahr,2023-10-26 02:00:00,hum,38.0,43.0,0,1,0,325.35539684904876
Bulandshahr,2023-10-27 02:30:00,hum,33.0,38.0,0,1,0,325.35539684904876
Bulandshahr,2023-10-28 02:00:00,hum,30.0,33.0,0,1,0,325.35539684904876
Bulandshahr,2023-10-29 02:45:00,hum,39.0,30.0,0,1,0,325.35539684904876
Bulandshahr,2023-10-30 02:00:00,hum,44.0,39.0,0,1,0,325.35539684904876
Buldana,2023-10-15 02:30:00,hum,47.0,55.0,0,1,0,292.1729550626339
Buldana,2023-10-16 02:30:00,hum,54.0,47.0,0,1,0,292.1729550626339
Buldana,2023-10-17 02:30:00,hum,55.0,54.0,0,1,0,292.1729550626339
Buldana,2023-10-18 02:30:00,hum,68.0,55.0,0,1,0,292.1729550626339
Buldana,2023-10-19 02:30:00,hum,60.0,68.0,0,1,0,292.1729550626339
Buldana,2023-10-20 02:30:00,hum,72.0,59.99999999999999,0,1,0,292.1729550626339
Buldana,2023-10-21 02:15:00,hum,64.0,72.0,0,1,0,292.1729550626339
Buldana,2023-10-22 02:30:00,hum,56.0,64.0,0,1,0,292.1729550626339
Buldana,2023-10-23 02:15:00,hum,45.0,56.0,0,1,0,292.1729550626339
Buldana,2023-10-24 02:15:00,hum,53.0,45.0,0,1,0,292.1729550626339
Buldana,2023-10-25 02:15:00,hum,50.0,53.0,0,1,0,292.1729550626339
Buldana,2023-10-26 02:00:00,hum,39.0,50.0,0,1,0,292.1729550626339
Buldana,2023-10-27 02:15:00,hum,44.0,39.0,0,1,0,292.1729550626339
Buldana,2023-10-28 02:00:00,hum,51.0,44.0,0,1,0,292.1729550626339
Buldana,2023-10-29 02:45:00,hum,49.0,51.0,0,1,0,292.1729550626339
Buldana,2023-10-30 02:00:00,hum,54.0,49.0,0,1,0,292.1729550626339
Bundi,2023-10-15 02:30:00,hum,41.0,43.68104244574244,0,1,2,289.70273853006205
Bundi,2023-10-16 02:30:00,hum,43.0,41.67037290509438,0,1,2,289.70273853006205
Bundi,2023-10-17 02:30:00,hum,75.0,42.025315552335286,0,1,2,289.70273853006205
Bundi,2023-10-18 02:30:00,hum,64.0,77.5695739802493,0,1,2,289.70273853006205
Bundi,2023-10-19 02:30:00,hum,52.0,77.66177423710647,0,1,2,289.70273853006205
Bundi,2023-10-20 02:30:00,hum,45.0,51.50421613034946,0,1,2,289.70273853006205
Bundi,2023-10-21 02:15:00,hum,44.0,43.52722473974549,0,1,2,289.70273853006205
Bundi,2023-10-22 02:30:00,hum,41.0,43.52425204739501,0,1,2,289.70273853006205
Bundi,2023-10-23 02:15:00,hum,43.0,40.98003779905235,0,1,2,289.70273853006205
Bundi,2023-10-24 02:15:00,hum,38.0,42.81664981594193,0,1,2,289.70273853006205
Bundi,2023-10-25 02:30:00,hum,34.0,38.08866939654987,0,1,2,289.70273853006205
Bundi,2023-10-26 02:00:00,hum,36.0,33.435691553443434,0,1,2,289.70273853006205
Bundi,2023-10-27 02:15:00,hum,32.0,35.6958151376389,0,1,2,289.70273853006205
Bundi,2023-10-28 02:00:00,hum,35.0,32.165571752804134,0,1,2,289.70273853006205
Bundi,2023-10-29 02:45:00,hum,38.0,34.69367704543383,0,1,2,289.70273853006205
Bundi,2023-10-30 02:00:00,hum,38.0,38.335018877567364,0,1,2,289.70273853006205
Burhanpur,2023-10-15 02:30:00,hum,48.0,56.0,0,1,0,287.9606195330303
Burhanpur,2023-10-16 02:30:00,hum,53.0,48.0,0,1,0,287.9606195330303
Burhanpur,2023-10-17 02:15:00,hum,59.0,53.0,0,1,0,287.9606195330303
Burhanpur,2023-10-18 02:15:00,hum,68.0,59.0,0,1,0,287.9606195330303
Burhanpur,2023-10-19 02:15:00,hum,62.0,68.0,0,1,0,287.9606195330303
Burhanpur,2023-10-20 02:15:00,hum,67.0,62.0,0,1,0,287.9606195330303
Burhanpur,2023-10-21 02:00:00,hum,54.0,67.0,0,1,0,287.9606195330303
Burhanpur,2023-10-22 02:15:00,hum,50.0,54.0,0,1,0,287.9606195330303
Burhanpur,2023-10-23 02:00:00,hum,43.0,50.0,0,1,0,287.9606195330303
Burhanpur,2023-10-24 02:15:00,hum,54.0,43.0,0,1,0,287.9606195330303
Burhanpur,2023-10-25 02:15:00,hum,51.0,54.0,0,1,0,287.9606195330303
Burhanpur,2023-10-26 02:00:00,hum,43.0,51.0,0,1,0,287.9606195330303
Burhanpur,2023-10-27 02:15:00,hum,43.0,43.0,0,1,0,287.9606195330303
Burhanpur,2023-10-28 02:00:00,hum,48.0,43.0,0,1,0,287.9606195330303
Burhanpur,2023-10-29 02:30:00,hum,48.0,48.0,0,1,0,287.9606195330303
Burhanpur,2023-10-30 01:45:00,hum,47.0,48.0,0,1,0,287.9606195330303
Buxar,2023-10-15 02:30:00,hum,65.0,58.0,0,1,0,309.82618549027643
Buxar,2023-10-16 02:30:00,hum,73.0,65.0,0,1,0,309.82618549027643
Buxar,2023-10-17 02:15:00,hum,86.0,73.0,0,1,0,309.82618549027643
Buxar,2023-10-18 02:30:00,hum,85.0,86.0,0,1,0,309.82618549027643
Buxar,2023-10-19 02:15:00,hum,66.0,85.0,0,1,0,309.82618549027643
Buxar,2023-10-20 02:30:00,hum,55.0,66.0,0,1,0,309.82618549027643
Buxar,2023-10-21 02:15:00,hum,61.0,54.99999999999999,0,1,0,309.82618549027643
Buxar,2023-10-22 02:15:00,hum,65.0,61.0,0,1,0,309.82618549027643
Buxar,2023-10-23 02:15:00,hum,65.0,65.0,0,1,0,309.82618549027643
Buxar,2023-10-24 02:15:00,hum,66.0,65.0,0,1,0,309.82618549027643
Buxar,2023-10-25 02:15:00,hum,67.0,66.0,0,1,0,309.82618549027643
Buxar,2023-10-26 02:00:00,hum,58.0,67.0,0,1,0,309.82618549027643
Buxar,2023-10-27 02:15:00,hum,64.0,58.00000000000001,0,1,0,309.82618549027643
Buxar,2023-10-28 02:00:00,hum,54.0,64.0,0,1,0,309.82618549027643
Buxar,2023-10-29 02:30:00,hum,53.0,54.00000000000001,0,1,0,309.82618549027643
Buxar,2023-10-30 01:45:00,hum,53.0,53.0,0,1,0,309.82618549027643
Chamba,2023-10-15 02:30:00,hum,58.0,51.237105239287956,0,1,1,318.42222639334494
Chamba,2023-10-16 02:30:00,hum,48.0,56.14758326664153,0,1,1,318.42222639334494
Chamba,2023-10-17 02:15:00,hum,72.0,50.33937587428712,0,1,1,318.42222639334494
Chamba,2023-10-18 02:15:00,hum,59.0,64.95214563687546,0,1,1,318.42222639334494
Chamba,2023-10-19 02:15:00,hum,56.0,60.92891355859651,0,1,1,318.42222639334494
Chamba,2023-10-20 02:15:00,hum,50.0,57.77164157674406,0,1,1,318.42222639334494
Chamba,2023-10-21 02:15:00,hum,54.0,52.713220062510075,0,1,1,318.42222639334494
Chamba,2023-10-22 02:15:00,hum,55.0,53.55500011307219,0,1,1,318.42222639334494
Chamba,2023-10-23 02:00:00,hum,52.0,54.48766725816411,0,1,1,318.42222639334494
Chamba,2023-10-24 02:15:00,hum,59.0,52.884470861795116,0,1,1,318.42222639334494
Chamba,2023-10-25 02:15:00,hum,46.0,56.80627756228754,0,1,1,318.42222639334494
Chamba,2023-10-26 02:00:00,hum,43.0,50.00611161189702,0,1,1,318.42222639334494
Chamba,2023-10-27 02:15:00,hum,51.0,45.46145177195819,0,1,1,318.42222639334494
Chamba,2023-10-28 02:00:00,hum,47.0,48.992098666498855,0,1,1,318.42222639334494
Chamba,2023-10-29 02:30:00,hum,54.0,47.7421404052559,0,1,1,318.42222639334494
Chamba,2023-10-30 01:45:00,hum,57.0,51.65452943017202,0,1,1,318.42222639334494
Chamoli,2023-10-15 02:30:00,hum,67.0,68.3745763662796,0,1,2,314.06086868636
Chamoli,2023-10-16 02:30:00,hum,61.0,66.12100573189703,0,1,2,314.06086868636
Chamoli,2023-10-17 02:30:00,hum,80.0,62.44995320438018,0,1,2,314.06086868636
Chamoli,2023-10-18 02:30:00,hum,69.0,78.03917437680849,0,1,2,314.06086868636
Chamoli,2023-10-19 02:15:00,hum,57.0,65.50238182843015,0,1,2,314.06086868636
Chamoli,2023-10-20 02:30:00,hum,59.0,62.01683896832018,0,1,2,314.06086868636
Chamoli,2023-10-21 02:15:00,hum,64.0,62.51278564059042,0,1,2,314.06086868636
Chamoli,2023-10-22 02:15:00,hum,65.0,64.74094674720143,0,1,2,314.06086868636
Chamoli,2023-10-23 02:15:00,hum,64.0,64.40518149496893,0,1,2,314.06086868636
Chamoli,2023-10-24 02:15:00,hum,59.0,64.00395964097665,0,1,2,314.06086868636
Chamoli,2023-10-25 02:15:00,hum,44.0,60.32749482569067,0,1,2,314.06086868636
Chamoli,2023-10-26 02:00:00,hum,46.0,49.21711963169285,0,1,2,314.06086868636
Chamoli,2023-10-27 02:15:00,hum,46.0,52.351191187078385,0,1,2,314.06086868636
Chamoli,2023-10-28 02:00:00,hum,41.0,48.00308865920492,0,1,2,314.06086868636
Chamoli,2023-10-29 02:30:00,hum,49.0,43.938602718511014,0,1,2,314.06086868636
Chamoli,2023-10-30 01:45:00,hum,55.0,50.46759827680166,0,1,2,314.06086868636
Champawat,2023-10-15 02:30:00,hum,69.0,74.94608924223651,1,1,1,287.1272963972887
Champawat,2023-10-16 02:30:00,hum,74.0,71.35258335888459,1,1,1,287.1272963972887
Champawat,2023-10-17 02:30:00,hum,84.0,74.44075474150718,1,1,1,287.1272963972887
Champawat,2023-10-18 02:30:00,hum,67.0,82.93059763465143,1,1,1,287.1272963972887
Champawat,2023-10-19 02:15:00,hum,73.0,70.78826148532275,1,1,1,287.1272963972887
Champawat,2023-10-20 02:30:00,hum,69.0,73.57440896676505,1,1,1,287.1272963972887
Champawat,2023-10-21 02:15:00,hum,72.0,70.9997860006607,1,1,1,287.1272963972887
Champawat,2023-10-22 02:15:00,hum,71.0,72.3186722875958,1,1,1,287.1272963972887
Champawat,2023-10-23 02:15:00,hum,71.0,71.63477678274978,1,1,1,287.1272963972887
Champawat,2023-10-24 02:15:00,hum,59.0,71.47692055601128,1,1,1,287.1272963972887
Champawat,2023-10-25 02:15:00,hum,58.0,64.1411106302443,1,1,1,287.1272963972887
Champawat,2023-10-26 02:00:00,hum,66.0,61.80614059720451,1,1,1,287.1272963972887
Champawat,2023-10-27 02:15:00,hum,70.0,65.92643101004036,1,1,1,287.1272963972887
Champawat,2023-10-28 02:00:00,hum,69.0,68.54329646454127,1,1,1,287.1272963972887
Champawat,2023-10-29 02:30:00,hum,69.0,68.2829273911172,1,1,1,287.1272963972887
Champawat,2023-10-30 01:45:00,hum,73.0,68.45764745313737,1,1,1,287.1272963972887
Chandauli,2023-10-15 02:30:00,hum,56.0,57.0,0,1,0,319.62573441885604
Chandauli,2023-10-16 02:30:00,hum,60.0,56.0,0,1,0,319.62573441885604
Chandauli,2023-10-17 02:30:00,hum,76.0,60.0,0,1,0,319.62573441885604
Chandauli,2023-10-18 02:30:00,hum,86.0,76.0,0,1,0,319.62573441885604
Chandauli,2023-10-19 02:30:00,hum,63.0,86.0,0,1,0,319.62573441885604
Chandauli,2023-10-20 02:30:00,hum,59.0,62.99999999999999,0,1,0,319.62573441885604
Chandauli,2023-10-21 02:15:00,hum,61.0,59.0,0,1,0,319.62573441885604
Chandauli,2023-10-22 02:30:00,hum,62.0,61.0,0,1,0,319.62573441885604
Chandauli,2023-10-23 02:15:00,hum,58.0,62.0,0,1,0,319.62573441885604
Chandauli,2023-10-24 02:15:00,hum,64.0,58.0,0,1,0,319.62573441885604
Chandauli,2023-10-25 02:30:00,hum,58.0,64.0,0,1,0,319.62573441885604
Chandauli,2023-10-26 02:00:00,hum,58.0,58.0,0,1,0,319.62573441885604
Chandauli,2023-10-27 02:30:00,hum,59.0,58.0,0,1,0,319.62573441885604
Chandauli,2023-10-28 02:00:00,hum,49.0,59.0,0,1,0,319.62573441885604
Chandauli,2023-10-29 02:45:00,hum,52.0,49.0,0,1,0,319.62573441885604
Chandauli,2023-10-30 02:00:00,hum,55.0,52.0,0,1,0,319.62573441885604
Chandel,2023-10-15 02:30:00,hum,89.0,88.0314638728615,0,1,1,218.34043469919223
Chandel,2023-10-16 02:30:00,hum,88.0,88.32710956125858,0,1,1,218.34043469919223
Chandel,2023-10-17 02:15:00,hum,83.0,88.25734286078655,0,1,1,218.34043469919223
Chandel,2023-10-18 02:30:00,hum,85.0,86.74526906078128,0,1,1,218.34043469919223
Chandel,2023-10-19 02:15:00,hum,85.0,86.06935213791817,0,1,1,218.34043469919223
Chandel,2023-10-20 02:30:00,hum,78.0,85.68469438894111,0,1,1,218.34043469919223
Chandel,2023-10-21 02:15:00,hum,84.0,82.7308584369758,0,1,1,218.34043469919223
Chandel,2023-10-22 02:15:00,hum,74.0,83.28788618684138,0,1,1,218.34043469919223
Chandel,2023-10-23 02:15:00,hum,72.0,79.42444483737138,0,1,1,218.34043469919223
Chandel,2023-10-24 02:15:00,hum,69.0,75.31278672460874,0,1,1,218.34043469919223
Chandel,2023-10-25 02:15:00,hum,79.0,71.42932259609245,0,1,1,218.34043469919223
Chandel,2023-10-26 02:00:00,hum,71.0,75.53567555136478,0,1,1,218.34043469919223
Chandel,2023-10-27 02:15:00,hum,59.0,73.36147214661817,0,1,1,218.34043469919223
Chandel,2023-10-28 02:00:00,hum,54.0,65.7146707435741,0,1,1,218.34043469919223
Chandel,2023-10-29 02:30:00,hum,68.0,57.095918610811154,0,1,1,218.34043469919223
Chandel,2023-10-30 01:45:00,hum,71.0,63.99312546909148,0,1,1,218.34043469919223
Chandigarh,2023-10-15 02:30:00,hum,43.0,44.741354440015584,0,1,1,309.2190559740413
Chandigarh,2023-10-16 02:30:00,hum,43.0,43.838346872216405,0,1,1,309.2190559740413
Chandigarh,2023-10-17 02:15:00,hum,59.0,43.404743807830435,0,1,1,309.2190559740413
Chandigarh,2023-10-18 02:30:00,hum,55.0,51.413041018877045,0,1,1,309.2190559740413
Chandigarh,2023-10-19 02:15:00,hum,51.0,53.40919563520247,0,1,1,309.2190559740413
Chandigarh,2023-10-20 02:30:00,hum,48.0,52.11874315610493,0,1,1,309.2190559740413
Chandigarh,2023-10-21 02:15:00,hum,48.0,49.98290824208523,0,1,1,309.2190559740413
Chandigarh,2023-10-22 02:15:00,hum,45.0,48.95257057189955,0,1,1,309.2190559740413
Chandigarh,2023-10-23 02:15:00,hum,43.0,46.88269948379001,0,1,1,309.2190559740413
Chandigarh,2023-10-24 02:15:00,hum,47.0,44.816406664555835,0,1,1,309.2190559740413
Chandigarh,2023-10-25 02:15:00,hum,44.0,45.97351021553055,0,1,1,309.2190559740413
Chandigarh,2023-10-26 02:00:00,hum,40.0,44.93841557154055,0,1,1,309.2190559740413
Chandigarh,2023-10-27 02:15:00,hum,42.0,42.32922268223064,0,1,1,309.2190559740413
Chandigarh,2023-10-28 02:00:00,hum,43.0,42.15427197841892,0,1,1,309.2190559740413
Chandigarh,2023-10-29 02:30:00,hum,48.0,42.60140955986012,0,1,1,309.2190559740413
Chandigarh,2023-10-30 01:45:00,hum,40.0,45.44162960318325,0,1,1,309.2190559740413
Chandrapur,2023-10-15 02:30:00,hum,71.0,73.0,0,1,0,257.10085126064536
Chandrapur,2023-10-16 02:30:00,hum,67.0,71.0,0,1,0,257.10085126064536
Chandrapur,2023-10-17 02:30:00,hum,70.0,67.0,0,1,0,257.10085126064536
Chandrapur,2023-10-18 02:30:00,hum,73.0,70.0,0,1,0,257.10085126064536
Chandrapur,2023-10-19 02:30:00,hum,74.0,73.0,0,1,0,257.10085126064536
Chandrapur,2023-10-20 02:30:00,hum,82.0,74.0,0,1,0,257.10085126064536
Chandrapur,2023-10-21 02:15:00,hum,79.0,82.0,0,1,0,257.10085126064536
Chandrapur,2023-10-22 02:30:00,hum,65.0,79.0,0,1,0,257.10085126064536
Chandrapur,2023-10-23 02:15:00,hum,69.0,65.0,0,1,0,257.10085126064536
Chandrapur,2023-10-24 02:15:00,hum,66.0,69.0,0,1,0,257.10085126064536
Chandrapur,2023-10-25 02:15:00,hum,64.0,66.0,0,1,0,257.10085126064536
Chandrapur,2023-10-26 02:00:00,hum,60.0,63.99999999999999,0,1,0,257.10085126064536
Chandrapur,2023-10-27 02:15:00,hum,56.0,60.0,0,1,0,257.10085126064536
Chandrapur,2023-10-28 02:00:00,hum,64.0,56.0,0,1,0,257.10085126064536
Chandrapur,2023-10-29 02:45:00,hum,64.0,64.0,0,1,0,257.10085126064536
Chandrapur,2023-10-30 02:00:00,hum,70.0,64.0,0,1,0,257.10085126064536
Chatra,2023-10-15 02:30:00,hum,74.0,82.8995376326158,0,1,2,287.64699616991714
Chatra,2023-10-16 02:30:00,hum,94.0,84.96978864187157,0,1,2,287.64699616991714
Chatra,2023-10-17 02:15:00,hum,89.0,95.15273059283258,0,1,2,287.64699616991714
Chatra,2023-10-18 02:30:00,hum,86.0,86.6984732478806,0,1,2,287.64699616991714
Chatra,2023-10-19 02:15:00,hum,90.0,89.47687470106705,0,1,2,287.64699616991714
Chatra,2023-10-20 02:30:00,hum,88.0,90.12775910921798,0,1,2,287.64699616991714
Chatra,2023-10-21 02:15:00,hum,88.0,88.62376502503803,0,1,2,287.64699616991714
Chatra,2023-10-22 02:15:00,hum,63.0,89.42337509346056,0,1,2,287.64699616991714
Chatra,2023-10-23 02:00:00,hum,71.0,72.0286181319035,0,1,2,287.64699616991714
Chatra,2023-10-24 02:15:00,hum,88.0,83.29953713842553,0,1,2,287.64699616991714
Chatra,2023-10-25 02:15:00,hum,94.0,87.52383581472688,0,1,2,287.64699616991714
Chatra,2023-10-26 02:00:00,hum,67.0,91.65105439156683,0,1,2,287.64699616991714
Chatra,2023-10-27 02:15:00,hum,67.0,72.27022436295047,0,1,2,287.64699616991714
Chatra,2023-10-28 02:00:00,hum,88.0,78.37681611974884,0,1,2,287.64699616991714
Chatra,2023-10-29 02:30:00,hum,68.0,87.41188889936677,0,1,2,287.64699616991714
Chatra,2023-10-30 01:45:00,hum,72.0,70.03222070291928,0,1,2,287.64699616991714
Chennai,2023-10-15 02:30:00,hum,89.0,87.80686390738656,0,1,1,241.74661310895854
Chennai,2023-10-16 02:30:00,hum,94.0,88.002141258764,0,1,1,241.74661310895854
Chennai,2023-10-17 02:30:00,hum,89.0,88.60742885581897,0,1,1,241.74661310895854
Chennai,2023-10-18 02:30:00,hum,84.0,88.63256425367925,0,1,1,241.74661310895854
Chennai,2023-10-19 02:30:00,hum,84.0,88.34366616733124,0,1,1,241.74661310895854
Chennai,2023-10-20 02:30:00,hum,89.0,87.90118848334316,0,1,1,241.74661310895854
Chennai,2023-10-21 02:15:00,hum,84.0,88.06550431899696,0,1,1,241.74661310895854
Chennai,2023-10-22 02:30:00,hum,89.0,87.54386634114354,0,1,1,241.74661310895854
Chennai,2023-10-23 02:15:00,hum,84.0,87.76338140528264,0,1,1,241.74661310895854
Chennai,2023-10-24 02:15:00,hum,84.0,87.2665065494664,0,1,1,241.74661310895854
Chennai,2023-10-25 02:30:00,hum,84.0,86.76573142375081,0,1,1,241.74661310895854
Chennai,2023-10-26 02:00:00,hum,84.0,86.29701633915178,0,1,1,241.74661310895854
Chennai,2023-10-27 02:30:00,hum,84.0,85.88288305314349,0,1,1,241.74661310895854
Chennai,2023-10-28 02:00:00,hum,89.0,85.53210986089702,0,1,1,241.74661310895854
Chennai,2023-10-29 02:45:00,hum,84.0,86.1401058656369,0,1,1,241.74661310895854
Chennai,2023-10-30 02:00:00,hum,89.0,85.81438559788468,0,1,1,241.74661310895854
Chhatarpur,2023-10-15 02:30:00,hum,46.0,45.68111679032987,1,1,0,333.0581906676724
Chhatarpur,2023-10-16 02:30:00,hum,49.0,45.65915199482356,1,1,0,333.0581906676724
Chhatarpur,2023-10-17 02:15:00,hum,81.0,47.978919497903576,1,1,0,333.0581906676724
Chhatarpur,2023-10-18 02:15:00,hum,74.0,70.75165456379511,1,1,0,333.0581906676724
Chhatarpur,2023-10-19 02:15:00,hum,58.0,76.12804412565278,1,1,0,333.0581906676724
Chhatarpur,2023-10-20 02:15:00,hum,44.0,62.54309015613473,1,1,0,333.0581906676724
Chhatarpur,2023-10-21 02:00:00,hum,50.0,47.347803336128855,1,1,0,333.0581906676724
Chhatarpur,2023-10-22 02:15:00,hum,49.0,48.53213491332726,1,1,0,333.0581906676724
Chhatarpur,2023-10-23 02:00:00,hum,50.0,49.24432818477784,1,1,0,333.0581906676724
Chhatarpur,2023-10-24 02:15:00,hum,49.0,49.755473194127546,1,1,0,333.0581906676724
Chhatarpur,2023-10-25 02:15:00,hum,46.0,49.244721714864404,1,1,0,333.0581906676724
Chhatarpur,2023-10-26 02:00:00,hum,39.0,46.73297149044331,1,1,0,333.0581906676724
Chhatarpur,2023-10-27 02:15:00,hum,39.0,40.68691159269652,1,1,0,333.0581906676724
Chhatarpur,2023-10-28 02:00:00,hum,35.0,39.0,1,1,0,333.0581906676724
Chhatarpur,2023-10-29 02:30:00,hum,38.0,35.95762840960111,1,1,0,333.0581906676724
Chhatarpur,2023-10-30 01:45:00,hum,40.0,37.27802571485591,1,1,0,333.0581906676724
Chhindwara,2023-10-15 02:30:00,hum,58.0,51.0,0,1,0,291.9387873998398
Chhindwara,2023-10-16 02:30:00,hum,58.0,58.00000000000001,0,1,0,291.9387873998398
Chhindwara,2023-10-17 02:15:00,hum,70.0,58.0,0,1,0,291.9387873998398
Chhindwara,2023-10-18 02:15:00,hum,65.0,70.0,0,1,0,291.9387873998398
Chhindwara,2023-10-19 02:15:00,hum,69.0,65.0,0,1,0,291.9387873998398
Chhindwara,2023-10-20 02:15:00,hum,76.0,69.0,0,1,0,291.9387873998398
Chhindwara,2023-10-21 02:00:00,hum,53.0,76.0,0,1,0,291.9387873998398
Chhindwara,2023-10-22 02:15:00,hum,56.0,52.99999999999999,0,1,0,291.9387873998398
Chhindwara,2023-10-23 02:00:00,hum,62.0,56.0,0,1,0,291.9387873998398
Chhindwara,2023-10-24 02:15:00,hum,58.0,62.0,0,1,0,291.9387873998398
Chhindwara,2023-10-25 02:15:00,hum,50.0,58.0,0,1,0,291.9387873998398
Chhindwara,2023-10-26 02:00:00,hum,47.0,50.0,0,1,0,291.9387873998398
Chhindwara,2023-10-27 02:15:00,hum,50.0,47.0,0,1,0,291.9387873998398
Chhindwara,2023-10-28 02:00:00,hum,58.0,50.0,0,1,0,291.9387873998398
Chhindwara,2023-10-29 02:30:00,hum,57.0,58.0,0,1,0,291.9387873998398
Chhindwara,2023-10-30 01:45:00,hum,50.0,57.0,0,1,0,291.9387873998398
Chikmagalur,2023-10-15 02:30:00,hum,86.0,81.38696108510784,1,1,0,208.65470484883426
Chikmagalur,2023-10-16 02:30:00,hum,83.0,82.99622794655257,1,1,0,208.65470484883426
Chikmagalur,2023-10-17 02:30:00,hum,90.0,84.50238960145886,1,1,0,208.65470484883426
Chikmagalur,2023-10-18 02:30:00,hum,85.0,86.21446412941454,1,1,0,208.65470484883426
Chikmagalur,2023-10-19 02:15:00,hum,76.0,87.79841980718776,1,1,0,208.65470484883426
Chikmagalur,2023-10-20 02:30:00,hum,64.0,79.89766724943607,1,1,0,208.65470484883426
Chikmagalur,2023-10-21 02:15:00,hum,67.0,66.09040444968548,1,1,0,208.65470484883426
Chikmagalur,2023-10-22 02:15:00,hum,65.0,66.43051459286887,1,1,0,208.65470484883426
Chikmagalur,2023-10-23 02:15:00,hum,65.0,65.39185961492912,1,1,0,208.65470484883426
Chikmagalur,2023-10-24 02:15:00,hum,54.0,65.0,1,1,0,208.65470484883426
Chikmagalur,2023-10-25 02:15:00,hum,48.0,56.13771430059787,1,1,0,208.65470484883426
Chikmagalur,2023-10-26 02:00:00,hum,49.0,48.52352097013061,1,1,0,208.65470484883426
Chikmagalur,2023-10-27 02:15:00,hum,52.0,48.909440362083856,1,1,0,208.65470484883426
Chikmagalur,2023-10-28 02:00:00,hum,66.0,51.738914435783315,1,1,0,208.65470484883426
Chikmagalur,2023-10-29 02:45:00,hum,89.0,65.46245534495742,1,1,0,208.65470484883426
Chikmagalur,2023-10-30 02:00:00,hum,90.0,95.0742144719293,1,1,0,208.65470484883426
Chitradurga,2023-10-15 02:30:00,hum,58.0,59.646113680426055,0,1,1,283.7932901909303
Chitradurga,2023-10-16 02:30:00,hum,64.0,58.64612621332869,0,1,1,283.7932901909303
Chitradurga,2023-10-17 02:30:00,hum,70.0,61.568455381488604,0,1,1,283.7932901909303
Chitradurga,2023-10-18 02:30:00,hum,56.0,66.02735838761535,0,1,1,283.7932901909303
Chitradurga,2023-10-19 02:15:00,hum,60.0,60.950711631358665,0,1,1,283.7932901909303
Chitradurga,2023-10-20 02:30:00,hum,53.0,60.47705785825777,0,1,1,283.7932901909303
Chitradurga,2023-10-21 02:15:00,hum,66.0,56.68863944311325,0,1,1,283.7932901909303
Chitradurga,2023-10-22 02:15:00,hum,67.0,61.240625707531805,0,1,1,283.7932901909303
Chitradurga,2023-10-23 02:15:00,hum,47.0,64.01904245774305,0,1,1,283.7932901909303
Chitradurga,2023-10-24 02:15:00,hum,47.0,56.36024568388967,0,1,1,283.7932901909303
Chitradurga,2023-10-25 02:15:00,hum,46.0,51.69067941962687,0,1,1,283.7932901909303
Chitradurga,2023-10-26 02:00:00,hum,46.0,48.60152722890913,0,1,1,283.7932901909303
Chitradurga,2023-10-27 02:15:00,hum,45.0,47.19500810242798,0,1,1,283.7932901909303
Chitradurga,2023-10-28 02:00:00,hum,55.0,46.02754600475075,0,1,1,283.7932901909303
Chitradurga,2023-10-29 02:30:00,hum,76.0,50.58870200844082,0,1,1,283.7932901909303
Chitradurga,2023-10-30 02:00:00,hum,71.0,65.63689162656256,0,1,1,283.7932901909303
Chittaurgarh,2023-10-15 02:30:00,hum,49.0,50.096367244654246,2,1,2,313.6553814434678
Chittaurgarh,2023-10-16 02:30:00,hum,58.0,52.94735366715122,2,1,2,313.6553814434678
Chittaurgarh,2023-10-17 02:30:00,hum,59.0,52.813904177750864,2,1,2,313.6553814434678
Chittaurgarh,2023-10-18 02:30:00,hum,64.0,62.3621911918022,2,1,2,313.6553814434678
Chittaurgarh,2023-10-19 02:30:00,hum,56.0,63.5517525280557,2,1,2,313.6553814434678
Chittaurgarh,2023-10-20 02:30:00,hum,47.0,54.297344502119365,2,1,2,313.6553814434678
Chittaurgarh,2023-10-21 02:15:00,hum,47.0,51.9377142756406,2,1,2,313.6553814434678
Chittaurgarh,2023-10-22 02:30:00,hum,34.0,42.32713237155265,2,1,2,313.6553814434678
Chittaurgarh,2023-10-23 02:15:00,hum,39.0,36.78333019409692,2,1,2,313.6553814434678
Chittaurgarh,2023-10-24 02:15:00,hum,41.0,39.66201634239113,2,1,2,313.6553814434678
Chittaurgarh,2023-10-25 02:30:00,hum,34.0,36.88286312458627,2,1,2,313.6553814434678
Chittaurgarh,2023-10-26 02:00:00,hum,33.0,39.588128633783654,2,1,2,313.6553814434678
Chittaurgarh,2023-10-27 02:15:00,hum,28.0,28.68782801946503,2,1,2,313.6553814434678
Chittaurgarh,2023-10-28 02:00:00,hum,33.0,29.667462157217194,2,1,2,313.6553814434678
Chittaurgarh,2023-10-29 02:45:00,hum,34.0,34.67948535718539,2,1,2,313.6553814434678
Chittaurgarh,2023-10-30 02:00:00,hum,42.0,29.615980532498675,2,1,2,313.6553814434678
Chittoor,2023-10-15 02:30:00,hum,92.0,90.41378210104766,0,1,1,299.7349693960805
Chittoor,2023-10-16 02:30:00,hum,93.0,91.33543223377706,0,1,1,299.7349693960805
Chittoor,2023-10-17 02:15:00,hum,94.0,92.30480026899879,0,1,1,299.7349693960805
Chittoor,2023-10-18 02:15:00,hum,84.0,93.2943948326865,0,1,1,299.7349693960805
Chittoor,2023-10-19 02:15:00,hum,90.0,87.94320489660012,0,1,1,299.7349693960805
Chittoor,2023-10-20 02:30:00,hum,90.0,89.13233408527428,0,1,1,299.7349693960805
Chittoor,2023-10-21 02:15:00,hum,92.0,89.62635611910638,0,1,1,299.7349693960805
Chittoor,2023-10-22 02:15:00,hum,81.0,90.97711780938072,0,1,1,299.7349693960805
Chittoor,2023-10-23 02:00:00,hum,86.0,85.36338435419182,0,1,1,299.7349693960805
Chittoor,2023-10-24 02:15:00,hum,83.0,85.72678671234047,0,1,1,299.7349693960805
Chittoor,2023-10-25 02:15:00,hum,85.0,84.18935415573256,0,1,1,299.7349693960805
Chittoor,2023-10-26 02:00:00,hum,82.0,84.64646618860793,0,1,1,299.7349693960805
Chittoor,2023-10-27 02:15:00,hum,92.0,83.15848661462535,0,1,1,299.7349693960805
Chittoor,2023-10-28 02:00:00,hum,94.0,88.07219038908185,0,1,1,299.7349693960805
Chittoor,2023-10-29 02:30:00,hum,95.0,91.4735100737991,0,1,1,299.7349693960805
Chittoor,2023-10-30 01:45:00,hum,94.0,93.53904014275209,0,1,1,299.7349693960805
Churachandpur,2023-10-15 02:30:00,hum,98.0,97.92312996379229,2,0,1,183.65771800086466
Churachandpur,2023-10-16 02:30:00,hum,98.0,97.96607813089602,2,0,1,183.65771800086466
Churachandpur,2023-10-17 02:15:00,hum,96.0,98.00601260872044,2,0,1,183.65771800086466
Churachandpur,2023-10-18 02:30:00,hum,97.0,97.15570465207215,2,0,1,183.65771800086466
Churachandpur,2023-10-19 02:15:00,hum,96.0,97.88431852427846,2,0,1,183.65771800086466
Churachandpur,2023-10-20 02:30:00,hum,95.0,97.53511551673166,2,0,1,183.65771800086466
Churachandpur,2023-10-21 02:15:00,hum,96.0,97.17572056828068,2,0,1,183.65771800086466
Churachandpur,2023-10-22 02:15:00,hum,98.0,97.8664399685722,2,0,1,183.65771800086466
Churachandpur,2023-10-23 02:15:00,hum,97.0,99.03844637078988,2,0,1,183.65771800086466
Churachandpur,2023-10-24 02:15:00,hum,98.0,98.30490039754704,2,0,1,183.65771800086466
Churachandpur,2023-10-25 02:15:00,hum,99.0,98.81943441926673,2,0,1,183.65771800086466
Churachandpur,2023-10-26 02:00:00,hum,99.0,99.28466791643052,2,0,1,183.65771800086466
Churachandpur,2023-10-27 02:15:00,hum,99.0,99.14084140338703,2,0,1,183.65771800086466
Churachandpur,2023-10-28 02:00:00,hum,98.0,99.01874259397647,2,0,1,183.65771800086466
Churachandpur,2023-10-29 02:30:00,hum,98.0,98.39762332892133,2,0,1,183.65771800086466
Churachandpur,2023-10-30 01:45:00,hum,95.0,98.37427750672236,2,0,1,183.65771800086466
Churu,2023-10-15 02:30:00,hum,36.0,36.17499030735664,0,1,1,318.3308231535712
Churu,2023-10-16 02:30:00,hum,35.0,35.94673933068729,0,1,1,318.3308231535712
Churu,2023-10-17 02:30:00,hum,61.0,34.703639796580084,0,1,1,318.3308231535712
Churu,2023-10-18 02:30:00,hum,54.0,69.28279547005627,0,1,1,318.3308231535712
Churu,2023-10-19 02:30:00,hum,45.0,51.875960968052865,0,1,1,318.3308231535712
Churu,2023-10-20 02:30:00,hum,43.0,43.63651532833483,0,1,1,318.3308231535712
Churu,2023-10-21 02:15:00,hum,42.0,42.85928018957412,0,1,1,318.3308231535712
Churu,2023-10-22 02:30:00,hum,36.0,41.80953224668196,0,1,1,318.3308231535712
Churu,2023-10-23 02:15:00,hum,37.0,34.702852948635815,0,1,1,318.3308231535712
Churu,2023-10-24 02:15:00,hum,43.0,37.49823481483564,0,1,1,318.3308231535712
Churu,2023-10-25 02:30:00,hum,41.0,44.236665490447876,0,1,1,318.3308231535712
Churu,2023-10-26 02:00:00,hum,37.0,40.290835042370034,0,1,1,318.3308231535712
Churu,2023-10-27 02:15:00,hum,35.0,36.2623970114983,0,1,1,318.3308231535712
Churu,2023-10-28 02:00:00,hum,27.0,34.71445573289633,0,1,1,318.3308231535712
Churu,2023-10-29 02:45:00,hum,26.0,25.237086037786543,0,1,1,318.3308231535712
Churu,2023-10-30 02:00:00,hum,30.0,26.169957346714508,0,1,1,318.3308231535712
Coimbatore,2023-10-15 02:30:00,hum,84.0,89.37776338020628,0,1,1,249.96042831602625
Coimbatore,2023-10-16 02:30:00,hum,89.0,89.26083636955582,0,1,1,249.96042831602625
Coimbatore,2023-10-17 02:30:00,hum,94.0,89.2552912795592,0,1,1,249.96042831602625
Coimbatore,2023-10-18 02:30:00,hum,94.0,89.35415409025032,0,1,1,249.96042831602625
Coimbatore,2023-10-19 02:30:00,hum,70.0,89.448962880932,0,1,1,249.96042831602625
Coimbatore,2023-10-20 02:30:00,hum,79.0,89.05981391760363,0,1,1,249.96042831602625
Coimbatore,2023-10-21 02:15:00,hum,94.0,88.33051457129284,0,1,1,249.96042831602625
Coimbatore,2023-10-22 02:30:00,hum,89.0,88.96142310768701,0,1,1,249.96042831602625
Coimbatore,2023-10-23 02:15:00,hum,89.0,88.96222120680082,0,1,1,249.96042831602625
Coimbatore,2023-10-24 02:15:00,hum,89.0,88.96289841647612,0,1,1,249.96042831602625
Coimbatore,2023-10-25 02:30:00,hum,89.0,88.96353475566332,0,1,1,249.96042831602625
Coimbatore,2023-10-26 02:00:00,hum,84.0,88.96418201508166,0,1,1,249.96042831602625
Coimbatore,2023-10-27 02:30:00,hum,74.0,88.87687506954573,0,1,1,249.96042831602625
Coimbatore,2023-10-28 02:00:00,hum,74.0,87.17341485139022,0,1,1,249.96042831602625
Coimbatore,2023-10-29 02:45:00,hum,79.0,84.54145330195446,0,1,1,249.96042831602625
Coimbatore,2023-10-30 02:00:00,hum,83.0,82.93624100436774,0,1,1,249.96042831602625
Cuddalore,2023-10-15 02:30:00,hum,77.0,81.52159360268529,2,0,2,263.75897524023014
Cuddalore,2023-10-16 02:30:00,hum,82.0,78.31023846294767,2,0,2,263.75897524023014
Cuddalore,2023-10-17 02:30:00,hum,81.0,79.8479627185268,2,0,2,263.75897524023014
Cuddalore,2023-10-18 02:30:00,hum,78.0,79.33452008476712,2,0,2,263.75897524023014
Cuddalore,2023-10-19 02:30:00,hum,82.0,79.59337792163264,2,0,2,263.75897524023014
Cuddalore,2023-10-20 02:30:00,hum,72.0,81.60550967094402,2,0,2,263.75897524023014
Cuddalore,2023-10-21 02:15:00,hum,81.0,76.32066876284485,2,0,2,263.75897524023014
Cuddalore,2023-10-22 02:30:00,hum,86.0,79.1596770927166,2,0,2,263.75897524023014
Cuddalore,2023-10-23 02:15:00,hum,82.0,81.66898298881334,2,0,2,263.75897524023014
Cuddalore,2023-10-24 02:15:00,hum,80.0,82.41000572424782,2,0,2,263.75897524023014
Cuddalore,2023-10-25 02:30:00,hum,77.0,80.75508217767778,2,0,2,263.75897524023014
Cuddalore,2023-10-26 02:00:00,hum,71.0,80.22330313299643,2,0,2,263.75897524023014
Cuddalore,2023-10-27 02:30:00,hum,76.0,76.74229241371613,2,0,2,263.75897524023014
Cuddalore,2023-10-28 02:00:00,hum,73.0,78.25528006508047,2,0,2,263.75897524023014
Cuddalore,2023-10-29 02:45:00,hum,82.0,76.66720560458033,2,0,2,263.75897524023014
Cuddalore,2023-10-30 02:00:00,hum,83.0,84.17784776215743,2,0,2,263.75897524023014
Cuttack,2023-10-15 02:30:00,hum,84.0,86.42872496643312,0,1,1,269.1744883988528
Cuttack,2023-10-16 02:30:00,hum,89.0,85.78296106030126,0,1,1,269.1744883988528
Cuttack,2023-10-17 02:30:00,hum,89.0,86.6166167207738,0,1,1,269.1744883988528
Cuttack,2023-10-18 02:30:00,hum,94.0,87.17903741964959,0,1,1,269.1744883988528
Cuttack,2023-10-19 02:30:00,hum,89.0,88.76760875215803,0,1,1,269.1744883988528
Cuttack,2023-10-20 02:30:00,hum,94.0,88.82445853216879,0,1,1,269.1744883988528
Cuttack,2023-10-21 02:15:00,hum,89.0,90.23803477644202,0,1,1,269.1744883988528
Cuttack,2023-10-22 02:30:00,hum,83.0,89.86866452846076,0,1,1,269.1744883988528
Cuttack,2023-10-23 02:15:00,hum,79.0,88.23454032299264,0,1,1,269.1744883988528
Cuttack,2023-10-24 02:15:00,hum,89.0,86.07399853801458,0,1,1,269.1744883988528
Cuttack,2023-10-25 02:15:00,hum,94.0,86.8632446230954,0,1,1,269.1744883988528
Cuttack,2023-10-26 02:00:00,hum,94.0,88.32489217315924,0,1,1,269.1744883988528
Cuttack,2023-10-27 02:15:00,hum,83.0,89.46443183173382,0,1,1,269.1744883988528
Cuttack,2023-10-28 02:00:00,hum,78.0,88.18730159441083,0,1,1,269.1744883988528
Cuttack,2023-10-29 02:45:00,hum,83.0,86.332412864404,0,1,1,269.1744883988528
Cuttack,2023-10-30 02:00:00,hum,88.0,85.57598401217788,0,1,1,269.1744883988528
Dadra,2023-10-15 02:30:00,hum,78.0,71.26461159033033,0,1,2,221.1645651242737
Dadra,2023-10-16 02:30:00,hum,75.0,74.2918996389463,0,1,2,221.1645651242737
Dadra,2023-10-17 02:15:00,hum,72.0,77.65274864910236,0,1,2,221.1645651242737
Dadra,2023-10-18 02:15:00,hum,69.0,74.31950526775692,0,1,2,221.1645651242737
Dadra,2023-10-19 02:15:00,hum,63.0,70.15066471872193,0,1,2,221.1645651242737
Dadra,2023-10-20 02:30:00,hum,55.0,64.15328479515021,0,1,2,221.1645651242737
Dadra,2023-10-21 02:15:00,hum,65.0,55.69508893952459,0,1,2,221.1645651242737
Dadra,2023-10-22 02:15:00,hum,56.0,59.5518780556278,0,1,2,221.1645651242737
Dadra,2023-10-23 02:00:00,hum,57.0,60.04543897406933,0,1,2,221.1645651242737
Dadra,2023-10-24 02:15:00,hum,51.0,57.36730800841812,0,1,2,221.1645651242737
Dadra,2023-10-25 02:15:00,hum,51.0,52.61490485622671,0,1,2,221.1645651242737
Dadra,2023-10-26 02:00:00,hum,45.0,49.83943415299672,0,1,2,221.1645651242737
Dadra,2023-10-27 02:15:00,hum,44.0,46.189836696651156,0,1,2,221.1645651242737
Dadra,2023-10-28 02:00:00,hum,46.0,43.30264387679319,0,1,2,221.1645651242737
Dadra,2023-10-29 02:30:00,hum,48.0,44.254833139339155,0,1,2,221.1645651242737
Dadra,2023-10-30 01:45:00,hum,43.0,47.554735051870026,0,1,2,221.1645651242737
Daman,2023-10-15 02:30:00,hum,79.0,69.93927816920193,2,1,2,230.48071534049873
Daman,2023-10-16 02:30:00,hum,75.0,73.71732309466698,2,1,2,230.48071534049873
Daman,2023-10-17 02:15:00,hum,72.0,77.9376156153659,2,1,2,230.48071534049873
Daman,2023-10-18 02:15:00,hum,67.0,75.44372589882715,2,1,2,230.48071534049873
Daman,2023-10-19 02:15:00,hum,63.0,71.73973671503269,2,1,2,230.48071534049873
Daman,2023-10-20 02:30:00,hum,55.0,62.3031414625249,2,1,2,230.48071534049873
Daman,2023-10-21 02:15:00,hum,60.0,52.805800984535935,2,1,2,230.48071534049873
Daman,2023-10-22 02:15:00,hum,48.0,60.05078644374916,2,1,2,230.48071534049873
Daman,2023-10-23 02:00:00,hum,55.0,50.23696239406561,2,1,2,230.48071534049873
Daman,2023-10-24 02:15:00,hum,50.0,52.86884579560548,2,1,2,230.48071534049873
Daman,2023-10-25 02:15:00,hum,49.0,51.02536538401765,2,1,2,230.48071534049873
Daman,2023-10-26 02:00:00,hum,44.0,49.42970632775706,2,1,2,230.48071534049873
Daman,2023-10-27 02:15:00,hum,44.0,45.10033040413524,2,1,2,230.48071534049873
Daman,2023-10-28 02:00:00,hum,46.0,42.632593638640145,2,1,2,230.48071534049873
Daman,2023-10-29 02:30:00,hum,46.0,44.02898075956189,2,1,2,230.48071534049873
Daman,2023-10-30 01:45:00,hum,42.0,45.86377485744096,2,1,2,230.48071534049873
Damoh,2023-10-15 02:30:00,hum,51.0,52.693549004512434,0,1,1,315.98553637057375
Damoh,2023-10-16 02:30:00,hum,55.0,51.598239719780715,0,1,1,315.98553637057375
Damoh,2023-10-17 02:15:00,hum,72.0,53.786923351181606,0,1,1,315.98553637057375
Damoh,2023-10-18 02:15:00,hum,73.0,65.85917611842987,0,1,1,315.98553637057375
Damoh,2023-10-19 02:15:00,hum,63.0,71.23786273423536,0,1,1,315.98553637057375
Damoh,2023-10-20 02:15:00,hum,49.0,65.52340992785015,0,1,1,315.98553637057375
Damoh,2023-10-21 02:00:00,hum,54.0,53.81351142994759,0,1,1,315.98553637057375
Damoh,2023-10-22 02:15:00,hum,52.0,53.95418214867898,0,1,1,315.98553637057375
Damoh,2023-10-23 02:00:00,hum,54.0,52.56267360749691,0,1,1,315.98553637057375
Damoh,2023-10-24 02:15:00,hum,55.0,53.58050517428667,0,1,1,315.98553637057375
Damoh,2023-10-25 02:15:00,hum,48.0,54.583483624550375,0,1,1,315.98553637057375
Damoh,2023-10-26 02:00:00,hum,47.0,49.960356597875915,0,1,1,315.98553637057375
Damoh,2023-10-27 02:15:00,hum,46.0,47.844924624697725,0,1,1,315.98553637057375
Damoh,2023-10-28 02:00:00,hum,46.0,46.523693940024565,0,1,1,315.98553637057375
Damoh,2023-10-29 02:30:00,hum,45.0,46.14923257043649,0,1,1,315.98553637057375
Damoh,2023-10-30 01:45:00,hum,48.0,45.32773615768624,0,1,1,315.98553637057375
Darbhanga,2023-10-15 02:30:00,hum,68.0,58.572286933082694,2,1,2,292.82631108886994
Darbhanga,2023-10-16 02:30:00,hum,74.0,72.90951159988361,2,1,2,292.82631108886994
Darbhanga,2023-10-17 02:15:00,hum,82.0,75.46794939601659,2,1,2,292.82631108886994
Darbhanga,2023-10-18 02:30:00,hum,76.0,77.99145014332456,2,1,2,292.82631108886994
Darbhanga,2023-10-19 02:15:00,hum,70.0,69.61875197182863,2,1,2,292.82631108886994
Darbhanga,2023-10-20 02:30:00,hum,67.0,69.80151561421596,2,1,2,292.82631108886994
Darbhanga,2023-10-21 02:15:00,hum,67.0,72.63580154067077,2,1,2,292.82631108886994
Darbhanga,2023-10-22 02:15:00,hum,61.0,71.08194448822358,2,1,2,292.82631108886994
Darbhanga,2023-10-23 02:15:00,hum,63.0,57.56361337435464,2,1,2,292.82631108886994
Darbhanga,2023-10-24 02:15:00,hum,74.0,58.473691579607255,2,1,2,292.82631108886994
Darbhanga,2023-10-25 02:15:00,hum,64.0,77.46605002762621,2,1,2,292.82631108886994
Darbhanga,2023-10-26 02:00:00,hum,74.0,64.52835738510416,2,1,2,292.82631108886994
Darbhanga,2023-10-27 02:15:00,hum,65.0,78.19222459851186,2,1,2,292.82631108886994
Darbhanga,2023-10-28 02:00:00,hum,53.0,63.840148902610565,2,1,2,292.82631108886994
Darbhanga,2023-10-29 02:30:00,hum,63.0,53.98698631635206,2,1,2,292.82631108886994
Darbhanga,2023-10-30 01:45:00,hum,64.0,66.42566668667496,2,1,2,292.82631108886994
Darjiling,2023-10-15 02:30:00,hum,92.0,92.48233784232839,2,0,2,289.6718671429902
Darjiling,2023-10-16 02:30:00,hum,94.0,91.72745802622742,2,0,2,289.6718671429902
Darjiling,2023-10-17 02:30:00,hum,87.0,91.38950756885696,2,0,2,289.6718671429902
Darjiling,2023-10-18 02:30:00,hum,85.0,87.82445201559413,2,0,2,289.6718671429902
Darjiling,2023-10-19 02:15:00,hum,88.0,83.87041580078255,2,0,2,289.6718671429902
Darjiling,2023-10-20 02:30:00,hum,90.0,88.89426973677034,2,0,2,289.6718671429902
Darjiling,2023-10-21 02:15:00,hum,83.0,94.10880219647073,2,0,2,289.6718671429902
Darjiling,2023-10-22 02:15:00,hum,65.0,84.85146007450496,2,0,2,289.6718671429902
Darjiling,2023-10-23 02:15:00,hum,57.0,62.74611874048194,2,0,2,289.6718671429902
Darjiling,2023-10-24 02:15:00,hum,56.0,61.247782263497754,2,0,2,289.6718671429902
Darjiling,2023-10-25 02:15:00,hum,62.0,75.28931003314065,2,0,2,289.6718671429902
Darjiling,2023-10-26 02:00:00,hum,80.0,74.05748085824474,2,0,2,289.6718671429902
Darjiling,2023-10-27 02:15:00,hum,90.0,84.33100832272723,2,0,2,289.6718671429902
Darjiling,2023-10-28 02:00:00,hum,88.0,95.81809286014177,2,0,2,289.6718671429902
Darjiling,2023-10-29 02:45:00,hum,87.0,88.97235212487332,2,0,2,289.6718671429902
Darjiling,2023-10-30 02:00:00,hum,84.0,81.62593622697923,2,0,2,289.6718671429902
Darrang,2023-10-15 02:30:00,hum,96.0,93.9247570282043,1,1,1,230.65433322406076
Darrang,2023-10-16 02:30:00,hum,93.0,95.29185223242756,1,1,1,230.65433322406076
Darrang,2023-10-17 02:15:00,hum,90.0,93.3059896198689,1,1,1,230.65433322406076
Darrang,2023-10-18 02:30:00,hum,91.0,91.23663935596434,1,1,1,230.65433322406076
Darrang,2023-10-19 02:15:00,hum,90.0,91.84823619001597,1,1,1,230.65433322406076
Darrang,2023-10-20 02:30:00,hum,88.0,91.1696716350249,1,1,1,230.65433322406076
Darrang,2023-10-21 02:15:00,hum,88.0,89.76553445159394,1,1,1,230.65433322406076
Darrang,2023-10-22 02:15:00,hum,88.0,89.66019507074196,1,1,1,230.65433322406076
Darrang,2023-10-23 02:15:00,hum,87.0,89.56673652309699,1,1,1,230.65433322406076
Darrang,2023-10-24 02:15:00,hum,77.0,88.74038382620088,1,1,1,230.65433322406076
Darrang,2023-10-25 02:15:00,hum,87.0,79.63517951756337,1,1,1,230.65433322406076
Darrang,2023-10-26 02:00:00,hum,91.0,88.6862505416881,1,1,1,230.65433322406076
Darrang,2023-10-27 02:15:00,hum,94.0,91.4600084555096,1,1,1,230.65433322406076
Darrang,2023-10-28 02:00:00,hum,93.0,93.49320010423901,1,1,1,230.65433322406076
Darrang,2023-10-29 02:30:00,hum,91.0,92.8229695835094,1,1,1,230.65433322406076
Darrang,2023-10-30 01:45:00,hum,92.0,91.47373675321208,1,1,1,230.65433322406076
Datia,2023-10-15 02:30:00,hum,42.0,44.0,0,1,0,308.2179007898466
Datia,2023-10-16 02:30:00,hum,42.0,42.0,0,1,0,308.2179007898466
Datia,2023-10-17 02:15:00,hum,79.0,42.0,0,1,0,308.2179007898466
Datia,2023-10-18 02:15:00,hum,63.0,79.0,0,1,0,308.2179007898466
Datia,2023-10-19 02:15:00,hum,45.0,62.99999999999999,0,1,0,308.2179007898466
Datia,2023-10-20 02:15:00,hum,42.0,45.0,0,1,0,308.2179007898466
Datia,2023-10-21 02:00:00,hum,47.0,42.0,0,1,0,308.2179007898466
Datia,2023-10-22 02:15:00,hum,43.0,47.0,0,1,0,308.2179007898466
Datia,2023-10-23 02:00:00,hum,41.0,43.0,0,1,0,308.2179007898466
Datia,2023-10-24 02:15:00,hum,43.0,41.0,0,1,0,308.2179007898466
Datia,2023-10-25 02:15:00,hum,44.0,43.0,0,1,0,308.2179007898466
Datia,2023-10-26 02:00:00,hum,40.0,44.0,0,1,0,308.2179007898466
Datia,2023-10-27 02:15:00,hum,40.0,40.0,0,1,0,308.2179007898466
Datia,2023-10-28 02:00:00,hum,32.0,40.0,0,1,0,308.2179007898466
Datia,2023-10-29 02:30:00,hum,34.0,32.0,0,1,0,308.2179007898466
Datia,2023-10-30 01:45:00,hum,37.0,34.0,0,1,0,308.2179007898466
Dausa,2023-10-15 02:30:00,hum,40.0,57.026801523585206,1,1,0,316.03295704081796
Dausa,2023-10-16 02:30:00,hum,61.0,44.042241149037835,1,1,0,316.03295704081796
Dausa,2023-10-17 02:30:00,hum,69.0,52.30066632275576,1,1,0,316.03295704081796
Dausa,2023-10-18 02:30:00,hum,73.0,66.32859518410115,1,1,0,316.03295704081796
Dausa,2023-10-19 02:30:00,hum,65.0,71.71211677635993,1,1,0,316.03295704081796
Dausa,2023-10-20 02:30:00,hum,61.0,67.62447655444852,1,1,0,316.03295704081796
Dausa,2023-10-21 02:15:00,hum,61.0,62.26553894955264,1,1,0,316.03295704081796
Dausa,2023-10-22 02:30:00,hum,57.0,61.0,1,1,0,316.03295704081796
Dausa,2023-10-23 02:15:00,hum,61.0,58.26195856311599,1,1,0,316.03295704081796
Dausa,2023-10-24 02:15:00,hum,57.0,59.727984378068854,1,1,0,316.03295704081796
Dausa,2023-10-25 02:30:00,hum,54.0,58.281951010315005,1,1,0,316.03295704081796
Dausa,2023-10-26 02:00:00,hum,65.0,54.950462104222055,1,1,0,316.03295704081796
Dausa,2023-10-27 02:15:00,hum,49.0,61.442964877422654,1,1,0,316.03295704081796
Dausa,2023-10-28 02:00:00,hum,44.0,54.637525449723974,1,1,0,316.03295704081796
Dausa,2023-10-29 02:45:00,hum,64.0,45.590027390169524,1,1,0,316.03295704081796
Dausa,2023-10-30 02:00:00,hum,53.0,57.27714975977719,1,1,0,316.03295704081796
Dehradun,2023-10-15 02:30:00,hum,59.0,62.10939712612801,2,1,2,278.92442840810725
Dehradun,2023-10-16 02:30:00,hum,61.0,64.01305713173635,2,1,2,278.92442840810725
Dehradun,2023-10-17 02:30:00,hum,70.0,57.75236145854032,2,1,2,278.92442840810725
Dehradun,2023-10-18 02:30:00,hum,63.0,66.52263225756013,2,1,2,278.92442840810725
Dehradun,2023-10-19 02:15:00,hum,67.0,69.20916776438989,2,1,2,278.92442840810725
Dehradun,2023-10-20 02:30:00,hum,63.0,63.80858948201368,2,1,2,278.92442840810725
Dehradun,2023-10-21 02:15:00,hum,59.0,63.21296250241728,2,1,2,278.92442840810725
Dehradun,2023-10-22 02:15:00,hum,55.0,62.16768916948896,2,1,2,278.92442840810725
Dehradun,2023-10-23 02:15:00,hum,61.0,54.51069354910571,2,1,2,278.92442840810725
Dehradun,2023-10-24 02:15:00,hum,59.0,57.56999971645231,2,1,2,278.92442840810725
Dehradun,2023-10-25 02:15:00,hum,48.0,61.68959971150714,2,1,2,278.92442840810725
Dehradun,2023-10-26 02:00:00,hum,50.0,52.42059111846737,2,1,2,278.92442840810725
Dehradun,2023-10-27 02:15:00,hum,47.0,46.47791747756821,2,1,2,278.92442840810725
Dehradun,2023-10-28 02:00:00,hum,57.0,47.53016946214185,2,1,2,278.92442840810725
Dehradun,2023-10-29 02:30:00,hum,59.0,54.52892997109239,2,1,2,278.92442840810725
Dehradun,2023-10-30 01:45:00,hum,58.0,59.2413727946829,2,1,2,278.92442840810725
Deoghar,2023-10-15 02:30:00,hum,68.0,86.1487049201386,0,0,2,309.11617576045336
Deoghar,2023-10-16 02:30:00,hum,68.0,79.82360397727237,0,0,2,309.11617576045336
Deoghar,2023-10-17 02:15:00,hum,73.0,62.040637351376915,0,0,2,309.11617576045336
Deoghar,2023-10-18 02:30:00,hum,73.0,89.61815606359968,0,0,2,309.11617576045336
Deoghar,2023-10-19 02:15:00,hum,78.0,77.35903055941485,0,0,2,309.11617576045336
Deoghar,2023-10-20 02:30:00,hum,68.0,77.53671090349451,0,0,2,309.11617576045336
Deoghar,2023-10-21 02:15:00,hum,65.0,76.57846727208923,0,0,2,309.11617576045336
Deoghar,2023-10-22 02:15:00,hum,61.0,68.17800770906402,0,0,2,309.11617576045336
Deoghar,2023-10-23 02:00:00,hum,61.0,69.91907756432407,0,0,2,309.11617576045336
Deoghar,2023-10-24 02:15:00,hum,75.0,70.54548207231925,0,0,2,309.11617576045336
Deoghar,2023-10-25 02:15:00,hum,75.0,81.40830963063343,0,0,2,309.11617576045336
Deoghar,2023-10-26 02:00:00,hum,70.0,79.3285072603849,0,0,2,309.11617576045336
Deoghar,2023-10-27 02:15:00,hum,56.0,68.90586869408516,0,0,2,309.11617576045336
Deoghar,2023-10-28 02:00:00,hum,57.0,62.702920520017216,0,0,2,309.11617576045336
Deoghar,2023-10-29 02:30:00,hum,55.0,66.86038069281668,0,0,2,309.11617576045336
Deoghar,2023-10-30 01:45:00,hum,63.0,65.45517088976865,0,0,2,309.11617576045336
Deoria,2023-10-15 02:30:00,hum,63.0,61.0,0,1,0,308.2827258476068
Deoria,2023-10-16 02:30:00,hum,73.0,63.0,0,1,0,308.2827258476068
Deoria,2023-10-17 02:30:00,hum,85.0,73.0,0,1,0,308.2827258476068
Deoria,2023-10-18 02:30:00,hum,71.0,85.0,0,1,0,308.2827258476068
Deoria,2023-10-19 02:30:00,hum,64.0,71.0,0,1,0,308.2827258476068
Deoria,2023-10-20 02:30:00,hum,55.0,64.0,0,1,0,308.2827258476068
Deoria,2023-10-21 02:15:00,hum,58.0,55.0,0,1,0,308.2827258476068
Deoria,2023-10-22 02:30:00,hum,57.0,58.0,0,1,0,308.2827258476068
Deoria,2023-10-23 02:15:00,hum,58.0,57.0,0,1,0,308.2827258476068
Deoria,2023-10-24 02:15:00,hum,63.0,58.0,0,1,0,308.2827258476068
Deoria,2023-10-25 02:30:00,hum,63.0,63.0,0,1,0,308.2827258476068
Deoria,2023-10-26 02:00:00,hum,69.0,63.0,0,1,0,308.2827258476068
Deoria,2023-10-27 02:30:00,hum,57.0,69.0,0,1,0,308.2827258476068
Deoria,2023-10-28 02:00:00,hum,52.0,56.99999999999999,0,1,0,308.2827258476068
Deoria,2023-10-29 02:45:00,hum,53.0,52.0,0,1,0,308.2827258476068
Deoria,2023-10-30 02:00:00,hum,54.0,53.0,0,1,0,308.2827258476068
Dewas,2023-10-15 02:30:00,hum,50.0,58.825444638732975,0,1,1,305.63490102303257
Dewas,2023-10-16 02:30:00,hum,60.0,52.05424389635305,0,1,1,305.63490102303257
Dewas,2023-10-17 02:15:00,hum,66.0,57.637462173267814,0,1,1,305.63490102303257
Dewas,2023-10-18 02:15:00,hum,64.0,63.41731750651778,0,1,1,305.63490102303257
Dewas,2023-10-19 02:15:00,hum,58.0,63.82710665156635,0,1,1,305.63490102303257
Dewas,2023-10-20 02:15:00,hum,60.0,59.83687844276125,0,1,1,305.63490102303257
Dewas,2023-10-21 02:00:00,hum,55.0,59.948992837063535,0,1,1,305.63490102303257
Dewas,2023-10-22 02:15:00,hum,53.0,56.55614926720961,0,1,1,305.63490102303257
Dewas,2023-10-23 02:00:00,hum,65.0,54.07573064015491,0,1,1,305.63490102303257
Dewas,2023-10-24 02:15:00,hum,43.0,61.41610555279362,0,1,1,305.63490102303257
Dewas,2023-10-25 02:15:00,hum,43.0,50.07154658176377,0,1,1,305.63490102303257
Dewas,2023-10-26 02:00:00,hum,46.0,45.32925444261758,0,1,1,305.63490102303257
Dewas,2023-10-27 02:15:00,hum,35.0,45.77076523563823,0,1,1,305.63490102303257
Dewas,2023-10-28 02:00:00,hum,49.0,38.735384668456234,0,1,1,305.63490102303257
Dewas,2023-10-29 02:30:00,hum,60.0,45.21550049215945,0,1,1,305.63490102303257
Dewas,2023-10-30 01:45:00,hum,45.0,54.735449536595546,0,1,1,305.63490102303257
Dhalai,2023-10-15 02:30:00,hum,90.0,95.95056736468996,0,1,1,198.405278451858
Dhalai,2023-10-16 02:30:00,hum,90.0,92.73783925647308,0,1,1,198.405278451858
Dhalai,2023-10-17 02:15:00,hum,91.0,91.13266979678336,0,1,1,198.405278451858
Dhalai,2023-10-18 02:30:00,hum,91.0,91.06606895180118,0,1,1,198.405278451858
Dhalai,2023-10-19 02:15:00,hum,88.0,91.03669748851325,0,1,1,198.405278451858
Dhalai,2023-10-20 02:30:00,hum,89.0,89.64998600305208,0,1,1,198.405278451858
Dhalai,2023-10-21 02:15:00,hum,90.0,89.33433799119248,0,1,1,198.405278451858
Dhalai,2023-10-22 02:15:00,hum,88.0,89.64472545265845,0,1,1,198.405278451858
Dhalai,2023-10-23 02:15:00,hum,96.0,88.8923626157237,0,1,1,198.405278451858
Dhalai,2023-10-24 02:15:00,hum,94.0,91.84812258625428,0,1,1,198.405278451858
Dhalai,2023-10-25 02:15:00,hum,76.0,92.92861633906459,0,1,1,198.405278451858
Dhalai,2023-10-26 02:00:00,hum,96.0,87.43109616046475,0,1,1,198.405278451858
Dhalai,2023-10-27 02:15:00,hum,93.0,90.06400541909574,0,1,1,198.405278451858
Dhalai,2023-10-28 02:00:00,hum,93.0,90.72588590790244,0,1,1,198.405278451858
Dhalai,2023-10-29 02:30:00,hum,92.0,91.22482919254809,0,1,1,198.405278451858
Dhalai,2023-10-30 01:45:00,hum,91.0,91.3961894223139,0,1,1,198.405278451858
Dhamtari,2023-10-15 02:30:00,hum,70.0,70.3357310908401,1,1,1,249.97483347038832
Dhamtari,2023-10-16 02:30:00,hum,70.0,70.39016100698996,1,1,1,249.97483347038832
Dhamtari,2023-10-17 02:30:00,hum,71.0,69.6178117706912,1,1,1,249.97483347038832
Dhamtari,2023-10-18 02:30:00,hum,72.0,71.6354018614382,1,1,1,249.97483347038832
Dhamtari,2023-10-19 02:15:00,hum,83.0,71.63820224060261,1,1,1,249.97483347038832
Dhamtari,2023-10-20 02:30:00,hum,87.0,86.01511677689209,1,1,1,249.97483347038832
Dhamtari,2023-10-21 02:15:00,hum,86.0,84.93437608882198,1,1,1,249.97483347038832
Dhamtari,2023-10-22 02:15:00,hum,71.0,87.7285016759456,1,1,1,249.97483347038832
Dhamtari,2023-10-23 02:15:00,hum,72.0,67.56760802847646,1,1,1,249.97483347038832
Dhamtari,2023-10-24 02:15:00,hum,78.0,74.20863925804125,1,1,1,249.97483347038832
Dhamtari,2023-10-25 02:15:00,hum,75.0,76.7219911896193,1,1,1,249.97483347038832
Dhamtari,2023-10-26 02:00:00,hum,68.0,75.73354438909135,1,1,1,249.97483347038832
Dhamtari,2023-10-27 02:15:00,hum,65.0,66.72585881473985,1,1,1,249.97483347038832
Dhamtari,2023-10-28 02:00:00,hum,70.0,65.40566726404926,1,1,1,249.97483347038832
Dhamtari,2023-10-29 02:30:00,hum,74.0,70.32565535053558,1,1,1,249.97483347038832
Dhamtari,2023-10-30 01:45:00,hum,76.0,74.34178479982248,1,1,1,249.97483347038832
Dhanbad,2023-10-15 02:30:00,hum,66.0,65.0,0,1,0,302.08459054685727
Dhanbad,2023-10-16 02:30:00,hum,67.0,66.0,0,1,0,302.08459054685727
Dhanbad,2023-10-17 02:15:00,hum,71.0,67.0,0,1,0,302.08459054685727
Dhanbad,2023-10-18 02:30:00,hum,72.0,71.0,0,1,0,302.08459054685727
Dhanbad,2023-10-19 02:15:00,hum,76.0,72.0,0,1,0,302.08459054685727
Dhanbad,2023-10-20 02:30:00,hum,67.0,76.0,0,1,0,302.08459054685727
Dhanbad,2023-10-21 02:15:00,hum,68.0,67.0,0,1,0,302.08459054685727
Dhanbad,2023-10-22 02:15:00,hum,60.0,68.0,0,1,0,302.08459054685727
Dhanbad,2023-10-23 02:00:00,hum,61.0,60.00000000000001,0,1,0,302.08459054685727
Dhanbad,2023-10-24 02:15:00,hum,68.0,60.99999999999999,0,1,0,302.08459054685727
Dhanbad,2023-10-25 02:15:00,hum,71.0,68.0,0,1,0,302.08459054685727
Dhanbad,2023-10-26 02:00:00,hum,62.0,71.0,0,1,0,302.08459054685727
Dhanbad,2023-10-27 02:15:00,hum,54.0,62.00000000000001,0,1,0,302.08459054685727
Dhanbad,2023-10-28 02:00:00,hum,55.0,54.0,0,1,0,302.08459054685727
Dhanbad,2023-10-29 02:30:00,hum,62.0,55.0,0,1,0,302.08459054685727
Dhanbad,2023-10-30 01:45:00,hum,62.0,62.0,0,1,0,302.08459054685727
Dhar,2023-10-15 02:30:00,hum,54.0,57.4488132176967,1,1,0,307.1979785329133
Dhar,2023-10-16 02:30:00,hum,64.0,54.0,1,1,0,307.1979785329133
Dhar,2023-10-17 02:15:00,hum,65.0,60.669555111011164,1,1,0,307.1979785329133
Dhar,2023-10-18 02:15:00,hum,63.0,64.68124885402436,1,1,0,307.1979785329133
Dhar,2023-10-19 02:15:00,hum,55.0,63.638887863107314,1,1,0,307.1979785329133
Dhar,2023-10-20 02:15:00,hum,54.0,57.50927731574234,1,1,0,307.1979785329133
Dhar,2023-10-21 02:00:00,hum,57.0,54.3046213999029,1,1,0,307.1979785329133
Dhar,2023-10-22 02:15:00,hum,57.0,56.08319386936645,1,1,0,307.1979785329133
Dhar,2023-10-23 02:00:00,hum,65.0,57.0,1,1,0,307.1979785329133
Dhar,2023-10-24 02:15:00,hum,42.0,62.56160629169278,1,1,0,307.1979785329133
Dhar,2023-10-25 02:15:00,hum,40.0,50.19258592379343,1,1,0,307.1979785329133
Dhar,2023-10-26 02:00:00,hum,46.0,40.58503986740606,1,1,0,307.1979785329133
Dhar,2023-10-27 02:15:00,hum,33.0,44.22694460523205,1,1,0,307.1979785329133
Dhar,2023-10-28 02:00:00,hum,49.0,37.07555034984854,1,1,0,307.1979785329133
Dhar,2023-10-29 02:30:00,hum,60.0,43.34955097272159,1,1,0,307.1979785329133
Dhar,2023-10-30 01:45:00,hum,42.0,56.82375791433514,1,1,0,307.1979785329133
Dharmanagar,2023-10-15 02:30:00,hum,92.0,90.44695677742031,1,1,1,256.2605583208682
Dharmanagar,2023-10-16 02:30:00,hum,93.0,93.3187725815791,1,1,1,256.2605583208682
Dharmanagar,2023-10-16 02:30:00,hum,94.0,93.95959942654893,1,1,1,256.2605583208682
Dharmanagar,2023-10-17 02:15:00,hum,89.0,94.61813276431022,1,1,1,256.2605583208682
Dharmanagar,2023-10-18 02:30:00,hum,87.0,90.9472173716564,1,1,1,256.2605583208682
Dharmanagar,2023-10-18 02:30:00,hum,88.0,88.72769400105487,1,1,1,256.2605583208682
Dharmanagar,2023-10-19 02:15:00,hum,89.0,89.17699637766253,1,1,1,256.2605583208682
Dharmanagar,2023-10-20 02:30:00,hum,93.0,89.75920401960558,1,1,1,256.2605583208682
Dharmanagar,2023-10-20 02:30:00,hum,94.0,93.1815852066468,1,1,1,256.2605583208682
Dharmanagar,2023-10-21 02:15:00,hum,93.0,94.10693975044876,1,1,1,256.2605583208682
Dharmanagar,2023-10-22 02:15:00,hum,89.0,93.17856640175978,1,1,1,256.2605583208682
Dharmanagar,2023-10-23 02:15:00,hum,96.0,89.9449734421148,1,1,1,256.2605583208682
Dharmanagar,2023-10-24 02:15:00,hum,96.0,95.25598916804307,1,1,1,256.2605583208682
Dharmanagar,2023-10-25 02:15:00,hum,84.0,95.43080273565097,1,1,1,256.2605583208682
Dharmanagar,2023-10-26 02:00:00,hum,98.0,87.19259897107325,1,1,1,256.2605583208682
Dharmanagar,2023-10-27 02:15:00,hum,97.0,94.65355580133524,1,1,1,256.2605583208682
Dharmanagar,2023-10-28 02:00:00,hum,93.0,94.81727350454514,1,1,1,256.2605583208682
Dharmanagar,2023-10-29 02:30:00,hum,84.0,92.99283065050106,1,1,1,256.2605583208682
Dharmanagar,2023-10-30 01:45:00,hum,88.0,88.41592003090855,1,1,1,256.2605583208682
Dharmapuri,2023-10-15 02:30:00,hum,85.0,82.63674667684619,1,1,1,283.2399823264917
Dharmapuri,2023-10-16 02:30:00,hum,88.0,83.8093616814812,1,1,1,283.2399823264917
Dharmapuri,2023-10-17 02:30:00,hum,97.0,85.6368102990689,1,1,1,283.2399823264917
Dharmapuri,2023-10-18 02:30:00,hum,86.0,91.4336243328353,1,1,1,283.2399823264917
Dharmapuri,2023-10-19 02:30:00,hum,85.0,85.31428759666824,1,1,1,283.2399823264917
Dharmapuri,2023-10-20 02:30:00,hum,90.0,84.80805673438131,1,1,1,283.2399823264917
Dharmapuri,2023-10-21 02:15:00,hum,91.0,87.6722248963753,1,1,1,283.2399823264917
Dharmapuri,2023-10-22 02:30:00,hum,84.0,88.53641078995966,1,1,1,283.2399823264917
Dharmapuri,2023-10-23 02:15:00,hum,83.0,84.82742202730496,1,1,1,283.2399823264917
Dharmapuri,2023-10-24 02:15:00,hum,50.0,84.15821905773586,1,1,1,283.2399823264917
Dharmapuri,2023-10-25 02:30:00,hum,60.0,63.72310985687554,1,1,1,283.2399823264917
Dharmapuri,2023-10-26 02:00:00,hum,75.0,68.30268445903575,1,1,1,283.2399823264917
Dharmapuri,2023-10-27 02:30:00,hum,87.0,77.66581381393057,1,1,1,283.2399823264917
Dharmapuri,2023-10-28 02:00:00,hum,93.0,84.36808444169829,1,1,1,283.2399823264917
Dharmapuri,2023-10-29 02:45:00,hum,90.0,87.87708841300955,1,1,1,283.2399823264917
Dharmapuri,2023-10-30 02:00:00,hum,97.0,86.31532881716265,1,1,1,283.2399823264917
Dharwad,2023-10-15 02:30:00,hum,63.0,57.286744779597115,1,1,2,270.58793068096395
Dharwad,2023-10-16 02:30:00,hum,69.0,62.55396193478837,1,1,2,270.58793068096395
Dharwad,2023-10-17 02:30:00,hum,61.0,65.83624757578617,1,1,2,270.58793068096395
Dharwad,2023-10-18 02:30:00,hum,59.0,62.37587829642641,1,1,2,270.58793068096395
Dharwad,2023-10-19 02:15:00,hum,52.0,60.75307405269332,1,1,2,270.58793068096395
Dharwad,2023-10-20 02:30:00,hum,53.0,54.350680620612195,1,1,2,270.58793068096395
Dharwad,2023-10-21 02:15:00,hum,58.0,54.7270082000854,1,1,2,270.58793068096395
Dharwad,2023-10-22 02:15:00,hum,48.0,56.447519058817946,1,1,2,270.58793068096395
Dharwad,2023-10-23 02:15:00,hum,50.0,50.15806695514457,1,1,2,270.58793068096395
Dharwad,2023-10-24 02:15:00,hum,45.0,51.56781620030642,1,1,2,270.58793068096395
Dharwad,2023-10-25 02:15:00,hum,49.0,45.85358880054935,1,1,2,270.58793068096395
Dharwad,2023-10-26 02:00:00,hum,50.0,49.60000181973581,1,1,2,270.58793068096395
Dharwad,2023-10-27 02:15:00,hum,49.0,48.42902190522842,1,1,2,270.58793068096395
Dharwad,2023-10-28 02:00:00,hum,44.0,49.79467935642954,1,1,2,270.58793068096395
Dharwad,2023-10-29 02:45:00,hum,61.0,45.03302147164909,1,1,2,270.58793068096395
Dharwad,2023-10-30 02:00:00,hum,73.0,56.33707281508907,1,1,2,270.58793068096395
Dhaulpur,2023-10-15 02:30:00,hum,39.0,42.0,0,1,0,319.67576284948746
Dhaulpur,2023-10-16 02:30:00,hum,41.0,39.0,0,1,0,319.67576284948746
Dhaulpur,2023-10-17 02:30:00,hum,79.0,41.0,0,1,0,319.67576284948746
Dhaulpur,2023-10-18 02:30:00,hum,63.0,79.0,0,1,0,319.67576284948746
Dhaulpur,2023-10-19 02:30:00,hum,46.0,63.0,0,1,0,319.67576284948746
Dhaulpur,2023-10-20 02:30:00,hum,43.0,46.0,0,1,0,319.67576284948746
Dhaulpur,2023-10-21 02:30:00,hum,45.0,43.0,0,1,0,319.67576284948746
Dhaulpur,2023-10-22 02:30:00,hum,47.0,45.0,0,1,0,319.67576284948746
Dhaulpur,2023-10-23 02:15:00,hum,39.0,47.0,0,1,0,319.67576284948746
Dhaulpur,2023-10-24 02:15:00,hum,42.0,39.0,0,1,0,319.67576284948746
Dhaulpur,2023-10-25 02:30:00,hum,44.0,42.0,0,1,0,319.67576284948746
Dhaulpur,2023-10-26 02:00:00,hum,39.0,44.0,0,1,0,319.67576284948746
Dhaulpur,2023-10-27 02:30:00,hum,30.0,39.0,0,1,0,319.67576284948746
Dhaulpur,2023-10-28 02:00:00,hum,30.0,30.0,0,1,0,319.67576284948746
Dhaulpur,2023-10-29 02:45:00,hum,36.0,30.0,0,1,0,319.67576284948746
Dhaulpur,2023-10-30 02:00:00,hum,40.0,36.0,0,1,0,319.67576284948746
Dhemaji,2023-10-15 02:30:00,hum,96.0,96.14585012513739,1,1,1,235.01470003564708
Dhemaji,2023-10-16 02:30:00,hum,95.0,95.57694467620048,1,1,1,235.01470003564708
Dhemaji,2023-10-17 02:15:00,hum,93.0,94.96420307076917,1,1,1,235.01470003564708
Dhemaji,2023-10-18 02:30:00,hum,87.0,93.65283955759556,1,1,1,235.01470003564708
Dhemaji,2023-10-19 02:15:00,hum,93.0,89.31287012190336,1,1,1,235.01470003564708
Dhemaji,2023-10-20 02:30:00,hum,91.0,93.3581280385672,1,1,1,235.01470003564708
Dhemaji,2023-10-21 02:15:00,hum,90.0,92.03431202734966,1,1,1,235.01470003564708
Dhemaji,2023-10-22 02:15:00,hum,86.0,91.26689692225696,1,1,1,235.01470003564708
Dhemaji,2023-10-23 02:15:00,hum,83.0,88.60535453440532,1,1,1,235.01470003564708
Dhemaji,2023-10-24 02:15:00,hum,74.0,86.09838310435065,1,1,1,235.01470003564708
Dhemaji,2023-10-25 02:15:00,hum,64.0,76.55331907834531,1,1,1,235.01470003564708
Dhemaji,2023-10-26 02:00:00,hum,90.0,64.1359467871049,1,1,1,235.01470003564708
Dhemaji,2023-10-27 02:15:00,hum,96.0,90.6867199804587,1,1,1,235.01470003564708
Dhemaji,2023-10-28 02:00:00,hum,95.0,94.64854790979797,1,1,1,235.01470003564708
Dhemaji,2023-10-29 02:30:00,hum,95.0,94.01163293528457,1,1,1,235.01470003564708
Dhemaji,2023-10-30 01:45:00,hum,90.0,94.03026509079693,1,1,1,235.01470003564708
Dhenkanal,2023-10-15 02:30:00,hum,84.0,86.36659163372121,0,1,1,268.1307718696184
Dhenkanal,2023-10-16 02:30:00,hum,89.0,85.71885713325167,0,1,1,268.1307718696184
Dhenkanal,2023-10-17 02:30:00,hum,89.0,86.59366055334645,0,1,1,268.1307718696184
Dhenkanal,2023-10-18 02:30:00,hum,94.0,87.18242605068859,0,1,1,268.1307718696184
Dhenkanal,2023-10-19 02:30:00,hum,89.0,88.8560504786077,0,1,1,268.1307718696184
Dhenkanal,2023-10-20 02:30:00,hum,94.0,88.89240832475176,0,1,1,268.1307718696184
Dhenkanal,2023-10-21 02:15:00,hum,89.0,90.36011650031591,0,1,1,268.1307718696184
Dhenkanal,2023-10-22 02:30:00,hum,83.0,89.9388890101569,0,1,1,268.1307718696184
Dhenkanal,2023-10-23 02:15:00,hum,79.0,88.21367779971706,0,1,1,268.1307718696184
Dhenkanal,2023-10-24 02:15:00,hum,89.0,85.91015632728056,0,1,1,268.1307718696184
Dhenkanal,2023-10-25 02:15:00,hum,94.0,86.80221035279793,0,1,1,268.1307718696184
Dhenkanal,2023-10-26 02:00:00,hum,94.0,88.34836722583685,0,1,1,268.1307718696184
Dhenkanal,2023-10-27 02:15:00,hum,83.0,89.5491346975085,0,1,1,268.1307718696184
Dhenkanal,2023-10-28 02:00:00,hum,60.0,88.18426608376235,0,1,1,268.1307718696184
Dhenkanal,2023-10-29 02:45:00,hum,83.0,82.41283759044661,0,1,1,268.1307718696184
Dhenkanal,2023-10-30 02:00:00,hum,88.0,82.66355071327725,0,1,1,268.1307718696184
Dhubri,2023-10-15 02:30:00,hum,84.0,80.0,0,1,0,259.3240566184936
Dhubri,2023-10-16 02:30:00,hum,83.0,84.0,0,1,0,259.3240566184936
Dhubri,2023-10-17 02:15:00,hum,87.0,83.0,0,1,0,259.3240566184936
Dhubri,2023-10-18 02:30:00,hum,85.0,87.0,0,1,0,259.3240566184936
Dhubri,2023-10-19 02:15:00,hum,87.0,85.0,0,1,0,259.3240566184936
Dhubri,2023-10-20 02:30:00,hum,85.0,87.0,0,1,0,259.3240566184936
Dhubri,2023-10-21 02:15:00,hum,86.0,85.0,0,1,0,259.3240566184936
Dhubri,2023-10-22 02:15:00,hum,84.0,86.0,0,1,0,259.3240566184936
Dhubri,2023-10-23 02:15:00,hum,84.0,84.0,0,1,0,259.3240566184936
Dhubri,2023-10-24 02:15:00,hum,83.0,84.0,0,1,0,259.3240566184936
Dhubri,2023-10-25 02:15:00,hum,77.0,83.0,0,1,0,259.3240566184936
Dhubri,2023-10-26 02:00:00,hum,79.0,77.0,0,1,0,259.3240566184936
Dhubri,2023-10-27 02:15:00,hum,84.0,79.0,0,1,0,259.3240566184936
Dhubri,2023-10-28 02:00:00,hum,83.0,84.0,0,1,0,259.3240566184936
Dhubri,2023-10-29 02:30:00,hum,78.0,83.0,0,1,0,259.3240566184936
Dhubri,2023-10-30 01:45:00,hum,84.0,78.0,0,1,0,259.3240566184936
Dhule,2023-10-15 02:30:00,hum,49.0,45.0,0,1,0,268.57705459733626
Dhule,2023-10-16 02:30:00,hum,53.0,49.0,0,1,0,268.57705459733626
Dhule,2023-10-17 02:30:00,hum,56.0,53.0,0,1,0,268.57705459733626
Dhule,2023-10-18 02:30:00,hum,57.0,56.0,0,1,0,268.57705459733626
Dhule,2023-10-19 02:30:00,hum,49.0,57.0,0,1,0,268.57705459733626
Dhule,2023-10-20 02:30:00,hum,48.0,49.0,0,1,0,268.57705459733626
Dhule,2023-10-21 02:15:00,hum,52.0,48.0,0,1,0,268.57705459733626
Dhule,2023-10-22 02:30:00,hum,48.0,52.0,0,1,0,268.57705459733626
Dhule,2023-10-23 02:15:00,hum,43.0,48.0,0,1,0,268.57705459733626
Dhule,2023-10-24 02:15:00,hum,44.0,43.0,0,1,0,268.57705459733626
Dhule,2023-10-25 02:15:00,hum,46.0,44.0,0,1,0,268.57705459733626
Dhule,2023-10-26 02:00:00,hum,41.0,46.0,0,1,0,268.57705459733626
Dhule,2023-10-27 02:15:00,hum,42.0,41.0,0,1,0,268.57705459733626
Dhule,2023-10-28 02:00:00,hum,39.0,42.0,0,1,0,268.57705459733626
Dhule,2023-10-29 02:45:00,hum,42.0,39.0,0,1,0,268.57705459733626
Dhule,2023-10-30 02:00:00,hum,43.0,42.0,0,1,0,268.57705459733626
Dibrugarh,2023-10-15 02:30:00,hum,96.0,95.98033007006346,1,1,1,246.68923598886263
Dibrugarh,2023-10-16 02:30:00,hum,95.0,95.5390040299219,1,1,1,246.68923598886263
Dibrugarh,2023-10-17 02:15:00,hum,93.0,95.03705409673856,1,1,1,246.68923598886263
Dibrugarh,2023-10-18 02:30:00,hum,87.0,93.93030307525672,1,1,1,246.68923598886263
Dibrugarh,2023-10-19 02:15:00,hum,93.0,90.26137317245956,1,1,1,246.68923598886263
Dibrugarh,2023-10-20 02:30:00,hum,91.0,93.51068899126138,1,1,1,246.68923598886263
Dibrugarh,2023-10-21 02:15:00,hum,90.0,92.38753029443258,1,1,1,246.68923598886263
Dibrugarh,2023-10-22 02:15:00,hum,86.0,91.70148031331688,1,1,1,246.68923598886263
Dibrugarh,2023-10-23 02:15:00,hum,83.0,89.2164915509014,1,1,1,246.68923598886263
Dibrugarh,2023-10-24 02:15:00,hum,74.0,86.97664948383887,1,1,1,246.68923598886263
Dibrugarh,2023-10-25 02:15:00,hum,64.0,77.96911919228121,1,1,1,246.68923598886263
Dibrugarh,2023-10-26 02:00:00,hum,90.0,64.69916778163477,1,1,1,246.68923598886263
Dibrugarh,2023-10-27 02:15:00,hum,96.0,90.73960996662217,1,1,1,246.68923598886263
Dibrugarh,2023-10-28 02:00:00,hum,95.0,94.48279511562033,1,1,1,246.68923598886263
Dibrugarh,2023-10-29 02:30:00,hum,95.0,93.88561249400058,1,1,1,246.68923598886263
Dibrugarh,2023-10-30 01:45:00,hum,90.0,93.90681507700032,1,1,1,246.68923598886263
Dimapur,2023-10-15 02:30:00,hum,93.0,95.35978352795861,1,1,1,245.88639573135868
Dimapur,2023-10-16 02:30:00,hum,93.0,94.19130413278154,1,1,1,245.88639573135868
Dimapur,2023-10-17 02:15:00,hum,90.0,94.05303438858923,1,1,1,245.88639573135868
Dimapur,2023-10-18 02:30:00,hum,89.0,92.33458885043373,1,1,1,245.88639573135868
Dimapur,2023-10-19 02:15:00,hum,95.0,91.64132395142518,1,1,1,245.88639573135868
Dimapur,2023-10-20 02:30:00,hum,91.0,94.83590824723308,1,1,1,245.88639573135868
Dimapur,2023-10-21 02:15:00,hum,90.0,92.77666955958213,1,1,1,245.88639573135868
Dimapur,2023-10-22 02:15:00,hum,88.0,92.17008053388672,1,1,1,245.88639573135868
Dimapur,2023-10-23 02:15:00,hum,89.0,90.92129145767993,1,1,1,245.88639573135868
Dimapur,2023-10-24 02:15:00,hum,92.0,91.3428925699924,1,1,1,245.88639573135868
Dimapur,2023-10-25 02:15:00,hum,92.0,93.00642784956057,1,1,1,245.88639573135868
Dimapur,2023-10-26 02:00:00,hum,97.0,92.98400397602738,1,1,1,245.88639573135868
Dimapur,2023-10-27 02:15:00,hum,97.0,95.75056067172268,1,1,1,245.88639573135868
Dimapur,2023-10-28 02:00:00,hum,90.0,95.78080457826692,1,1,1,245.88639573135868
Dimapur,2023-10-29 02:30:00,hum,90.0,91.98675122040825,1,1,1,245.88639573135868
Dimapur,2023-10-30 01:45:00,hum,90.0,91.91639592893743,1,1,1,245.88639573135868
Dindigul,2023-10-15 02:30:00,hum,86.0,87.76248600931818,1,1,1,266.1277252357082
Dindigul,2023-10-16 02:30:00,hum,84.0,85.88200301620104,1,1,1,266.1277252357082
Dindigul,2023-10-17 02:30:00,hum,94.0,84.51743880967312,1,1,1,266.1277252357082
Dindigul,2023-10-18 02:30:00,hum,94.0,90.91001731880813,1,1,1,266.1277252357082
Dindigul,2023-10-19 02:30:00,hum,83.0,91.43508465400643,1,1,1,266.1277252357082
Dindigul,2023-10-20 02:30:00,hum,85.0,84.8458733525607,1,1,1,266.1277252357082
Dindigul,2023-10-21 02:15:00,hum,94.0,85.8335466336456,1,1,1,266.1277252357082
Dindigul,2023-10-22 02:30:00,hum,89.0,91.00016958605762,1,1,1,266.1277252357082
Dindigul,2023-10-23 02:15:00,hum,89.0,88.53851300264168,1,1,1,266.1277252357082
Dindigul,2023-10-24 02:15:00,hum,82.0,88.5994293461635,1,1,1,266.1277252357082
Dindigul,2023-10-25 02:30:00,hum,86.0,84.66033134710696,1,1,1,266.1277252357082
Dindigul,2023-10-26 02:00:00,hum,85.0,86.619857686305,1,1,1,266.1277252357082
Dindigul,2023-10-27 02:30:00,hum,86.0,85.99654569497804,1,1,1,266.1277252357082
Dindigul,2023-10-28 02:00:00,hum,79.0,86.43937082874127,1,1,1,266.1277252357082
Dindigul,2023-10-29 02:45:00,hum,89.0,82.50770372286335,1,1,1,266.1277252357082
Dindigul,2023-10-30 02:00:00,hum,94.0,87.5873557183162,1,1,1,266.1277252357082
Dindori,2023-10-15 02:30:00,hum,67.0,68.16707632687513,1,1,2,315.62850636794894
Dindori,2023-10-16 02:30:00,hum,66.0,70.14910644240851,1,1,2,315.62850636794894
Dindori,2023-10-17 02:15:00,hum,74.0,65.80274272601146,1,1,2,315.62850636794894
Dindori,2023-10-18 02:15:00,hum,81.0,74.97555921009602,1,1,2,315.62850636794894
Dindori,2023-10-19 02:15:00,hum,81.0,74.49354237433027,1,1,2,315.62850636794894
Dindori,2023-10-20 02:15:00,hum,80.0,79.27688381809601,1,1,2,315.62850636794894
Dindori,2023-10-21 02:00:00,hum,62.0,76.8173849234069,1,1,2,315.62850636794894
Dindori,2023-10-22 02:15:00,hum,65.0,65.94931119660659,1,1,2,315.62850636794894
Dindori,2023-10-23 02:00:00,hum,64.0,72.57898578161166,1,1,2,315.62850636794894
Dindori,2023-10-24 02:15:00,hum,67.0,62.41454261923911,1,1,2,315.62850636794894
Dindori,2023-10-25 02:15:00,hum,69.0,72.27655671741005,1,1,2,315.62850636794894
Dindori,2023-10-26 02:00:00,hum,62.0,64.16374026018012,1,1,2,315.62850636794894
Dindori,2023-10-27 02:15:00,hum,60.0,66.80043547986725,1,1,2,315.62850636794894
Dindori,2023-10-28 02:00:00,hum,60.0,60.010436449726384,1,1,2,315.62850636794894
Dindori,2023-10-29 02:30:00,hum,59.0,64.16349892784588,1,1,2,315.62850636794894
Dindori,2023-10-30 01:45:00,hum,65.0,57.65841293539474,1,1,2,315.62850636794894
Diu,2023-10-15 02:30:00,hum,70.0,82.29588926347957,1,1,0,226.69333188560915
Diu,2023-10-16 02:30:00,hum,81.0,75.20354091745223,1,1,0,226.69333188560915
Diu,2023-10-17 02:15:00,hum,77.0,75.34016169969087,1,1,0,226.69333188560915
Diu,2023-10-18 02:15:00,hum,74.0,78.9655276539094,1,1,0,226.69333188560915
Diu,2023-10-19 02:15:00,hum,64.0,75.39877712602224,1,1,0,226.69333188560915
Diu,2023-10-20 02:30:00,hum,51.0,68.22182107878092,1,1,0,226.69333188560915
Diu,2023-10-21 02:15:00,hum,72.0,53.986222408607006,1,1,0,226.69333188560915
Diu,2023-10-22 02:15:00,hum,69.0,62.66707003999503,1,1,0,226.69333188560915
Diu,2023-10-23 02:00:00,hum,63.0,70.07261213961313,1,1,0,226.69333188560915
Diu,2023-10-24 02:15:00,hum,65.0,65.06159888226163,1,1,0,226.69333188560915
Diu,2023-10-25 02:15:00,hum,70.0,64.31303673035723,1,1,0,226.69333188560915
Diu,2023-10-26 02:00:00,hum,65.0,68.31886642399131,1,1,0,226.69333188560915
Diu,2023-10-27 02:15:00,hum,69.0,66.73331022639694,1,1,0,226.69333188560915
Diu,2023-10-28 02:00:00,hum,69.0,67.58511015636257,1,1,0,226.69333188560915
Diu,2023-10-29 02:30:00,hum,61.0,69.0,1,1,0,226.69333188560915
Diu,2023-10-30 01:45:00,hum,63.0,63.80163115505336,1,1,0,226.69333188560915
Doda,2023-10-15 02:30:00,hum,64.0,52.95180404874858,2,1,1,315.51031602005156
Doda,2023-10-16 02:30:00,hum,56.0,63.00789725686943,2,1,1,315.51031602005156
Doda,2023-10-17 02:15:00,hum,79.0,52.41113646859525,2,1,1,315.51031602005156
Doda,2023-10-18 02:15:00,hum,73.0,77.52854731294406,2,1,1,315.51031602005156
Doda,2023-10-19 02:15:00,hum,68.0,66.9302283374047,2,1,1,315.51031602005156
Doda,2023-10-20 02:15:00,hum,67.0,65.68734516020365,2,1,1,315.51031602005156
Doda,2023-10-21 02:15:00,hum,63.0,66.64010770686774,2,1,1,315.51031602005156
Doda,2023-10-22 02:15:00,hum,62.0,63.27091538629062,2,1,1,315.51031602005156
Doda,2023-10-23 02:00:00,hum,71.0,63.12820173830486,2,1,1,315.51031602005156
Doda,2023-10-24 02:15:00,hum,61.0,71.16348931610679,2,1,1,315.51031602005156
Doda,2023-10-25 02:15:00,hum,51.0,60.36934128172923,2,1,1,315.51031602005156
Doda,2023-10-26 02:00:00,hum,50.0,53.68300476867691,2,1,1,315.51031602005156
Doda,2023-10-27 02:15:00,hum,50.0,54.129791512487905,2,1,1,315.51031602005156
Doda,2023-10-28 02:00:00,hum,52.0,53.03040919465784,2,1,1,315.51031602005156
Doda,2023-10-29 02:30:00,hum,50.0,53.945779863143485,2,1,1,315.51031602005156
Doda,2023-10-30 01:45:00,hum,46.0,51.04289305663652,2,1,1,315.51031602005156
Dohad,2023-10-15 02:30:00,hum,57.0,53.0,0,1,0,281.07506560030566
Dohad,2023-10-16 02:30:00,hum,64.0,57.0,0,1,0,281.07506560030566
Dohad,2023-10-17 02:15:00,hum,58.0,64.0,0,1,0,281.07506560030566
Dohad,2023-10-18 02:15:00,hum,59.0,58.0,0,1,0,281.07506560030566
Dohad,2023-10-19 02:15:00,hum,58.0,59.0,0,1,0,281.07506560030566
Dohad,2023-10-20 02:30:00,hum,49.0,58.0,0,1,0,281.07506560030566
Dohad,2023-10-21 02:15:00,hum,54.0,49.0,0,1,0,281.07506560030566
Dohad,2023-10-22 02:15:00,hum,54.0,54.0,0,1,0,281.07506560030566
Dohad,2023-10-23 02:00:00,hum,41.0,54.0,0,1,0,281.07506560030566
Dohad,2023-10-24 02:15:00,hum,37.0,41.0,0,1,0,281.07506560030566
Dohad,2023-10-25 02:15:00,hum,39.0,37.0,0,1,0,281.07506560030566
Dohad,2023-10-26 02:00:00,hum,33.0,39.0,0,1,0,281.07506560030566
Dohad,2023-10-27 02:15:00,hum,32.0,33.0,0,1,0,281.07506560030566
Dohad,2023-10-28 02:00:00,hum,36.0,32.0,0,1,0,281.07506560030566
Dohad,2023-10-29 02:30:00,hum,36.0,36.0,0,1,0,281.07506560030566
Dohad,2023-10-30 01:45:00,hum,36.0,36.0,0,1,0,281.07506560030566
Dumka,2023-10-15 02:30:00,hum,70.0,65.0,0,1,0,304.2135979310949
Dumka,2023-10-16 02:30:00,hum,69.0,70.0,0,1,0,304.2135979310949
Dumka,2023-10-17 02:15:00,hum,75.0,69.0,0,1,0,304.2135979310949
Dumka,2023-10-18 02:30:00,hum,76.0,75.0,0,1,0,304.2135979310949
Dumka,2023-10-19 02:15:00,hum,79.0,76.0,0,1,0,304.2135979310949
Dumka,2023-10-20 02:30:00,hum,69.0,79.0,0,1,0,304.2135979310949
Dumka,2023-10-21 02:15:00,hum,71.0,69.0,0,1,0,304.2135979310949
Dumka,2023-10-22 02:15:00,hum,66.0,71.0,0,1,0,304.2135979310949
Dumka,2023-10-23 02:00:00,hum,68.0,66.0,0,1,0,304.2135979310949
Dumka,2023-10-24 02:15:00,hum,81.0,68.0,0,1,0,304.2135979310949
Dumka,2023-10-25 02:15:00,hum,88.0,81.0,0,1,0,304.2135979310949
Dumka,2023-10-26 02:00:00,hum,79.0,88.0,0,1,0,304.2135979310949
Dumka,2023-10-27 02:15:00,hum,61.0,79.0,0,1,0,304.2135979310949
Dumka,2023-10-28 02:00:00,hum,58.0,61.00000000000001,0,1,0,304.2135979310949
Dumka,2023-10-29 02:30:00,hum,58.0,58.0,0,1,0,304.2135979310949
Dumka,2023-10-30 01:45:00,hum,64.0,58.0,0,1,0,304.2135979310949
Dungarpur,2023-10-15 02:30:00,hum,48.0,46.0,0,1,0,297.05335986431896
Dungarpur,2023-10-16 02:30:00,hum,56.0,48.0,0,1,0,297.05335986431896
Dungarpur,2023-10-17 02:30:00,hum,47.0,56.0,0,1,0,297.05335986431896
Dungarpur,2023-10-18 02:30:00,hum,53.0,47.0,0,1,0,297.05335986431896
Dungarpur,2023-10-19 02:30:00,hum,48.0,53.0,0,1,0,297.05335986431896
Dungarpur,2023-10-20 02:30:00,hum,46.0,48.0,0,1,0,297.05335986431896
Dungarpur,2023-10-21 02:15:00,hum,45.0,46.0,0,1,0,297.05335986431896
Dungarpur,2023-10-22 02:30:00,hum,35.0,45.0,0,1,0,297.05335986431896
Dungarpur,2023-10-23 02:15:00,hum,37.0,35.0,0,1,0,297.05335986431896
Dungarpur,2023-10-24 02:15:00,hum,36.0,37.0,0,1,0,297.05335986431896
Dungarpur,2023-10-25 02:30:00,hum,33.0,36.0,0,1,0,297.05335986431896
Dungarpur,2023-10-26 02:00:00,hum,31.0,33.0,0,1,0,297.05335986431896
Dungarpur,2023-10-27 02:15:00,hum,34.0,30.999999999999996,0,1,0,297.05335986431896
Dungarpur,2023-10-28 02:00:00,hum,29.0,34.0,0,1,0,297.05335986431896
Dungarpur,2023-10-29 02:45:00,hum,34.0,29.0,0,1,0,297.05335986431896
Dungarpur,2023-10-30 02:00:00,hum,38.0,34.0,0,1,0,297.05335986431896
Durg,2023-10-15 02:30:00,hum,66.0,61.69861041580549,1,1,2,288.61012246692053
Durg,2023-10-16 02:30:00,hum,67.0,65.19208602379734,1,1,2,288.61012246692053
Durg,2023-10-17 02:30:00,hum,64.0,68.57145370939762,1,1,2,288.61012246692053
Durg,2023-10-18 02:30:00,hum,71.0,66.16812644236191,1,1,2,288.61012246692053
Durg,2023-10-19 02:15:00,hum,76.0,66.1775994856059,1,1,2,288.61012246692053
Durg,2023-10-20 02:30:00,hum,81.0,75.61165899770008,1,1,2,288.61012246692053
Durg,2023-10-21 02:15:00,hum,72.0,83.17432905380736,1,1,2,288.61012246692053
Durg,2023-10-22 02:15:00,hum,64.0,77.44794423946753,1,1,2,288.61012246692053
Durg,2023-10-23 02:15:00,hum,63.0,63.99334996488965,1,1,2,288.61012246692053
Durg,2023-10-24 02:15:00,hum,63.0,60.00350391107846,1,1,2,288.61012246692053
Durg,2023-10-25 02:15:00,hum,62.0,63.00639801259195,1,1,2,288.61012246692053
Durg,2023-10-26 02:00:00,hum,57.0,62.92151314038195,1,1,2,288.61012246692053
Durg,2023-10-27 02:15:00,hum,56.0,58.444944696317386,1,1,2,288.61012246692053
Durg,2023-10-28 02:00:00,hum,60.0,54.964307683760126,1,1,2,288.61012246692053
Durg,2023-10-29 02:30:00,hum,63.0,58.29977137884874,1,1,2,288.61012246692053
Durg,2023-10-30 01:45:00,hum,66.0,63.07499702486242,1,1,2,288.61012246692053
Dwarka,2023-10-15 02:30:00,hum,69.0,73.72123811795382,0,1,1,249.8204268071005
Dwarka,2023-10-16 02:30:00,hum,72.0,71.16260631961943,0,1,1,249.8204268071005
Dwarka,2023-10-17 02:15:00,hum,72.0,71.62396377904669,0,1,1,249.8204268071005
Dwarka,2023-10-18 02:15:00,hum,79.0,71.82560341719025,0,1,1,249.8204268071005
Dwarka,2023-10-19 02:15:00,hum,81.0,75.64747319942394,0,1,1,249.8204268071005
Dwarka,2023-10-20 02:30:00,hum,78.0,79.02503893844796,0,1,1,249.8204268071005
Dwarka,2023-10-21 02:15:00,hum,77.0,78.38346417361652,0,1,1,249.8204268071005
Dwarka,2023-10-22 02:15:00,hum,68.0,77.57844003950709,0,1,1,249.8204268071005
Dwarka,2023-10-23 02:00:00,hum,77.0,71.97180391146482,0,1,1,249.8204268071005
Dwarka,2023-10-24 02:15:00,hum,79.0,74.88614626999671,0,1,1,249.8204268071005
Dwarka,2023-10-25 02:15:00,hum,77.0,76.9713873548226,0,1,1,249.8204268071005
Dwarka,2023-10-26 02:00:00,hum,75.0,76.98563218280876,0,1,1,249.8204268071005
Dwarka,2023-10-27 02:15:00,hum,75.0,75.98544467653096,0,1,1,249.8204268071005
Dwarka,2023-10-28 02:00:00,hum,73.0,75.49048860499056,0,1,1,249.8204268071005
Dwarka,2023-10-29 02:30:00,hum,73.0,74.22388665965096,0,1,1,249.8204268071005
Dwarka,2023-10-30 01:45:00,hum,70.0,73.58751657139192,0,1,1,249.8204268071005
East Godavari,2023-10-15 02:30:00,hum,84.0,86.81484732829834,2,1,1,496.47771767195377
East Godavari,2023-10-16 02:30:00,hum,80.0,83.28372489897049,2,1,1,496.47771767195377
East Godavari,2023-10-17 02:15:00,hum,73.0,81.37731906134199,2,1,1,496.47771767195377
East Godavari,2023-10-17 02:30:00,hum,73.0,73.43116044886625,2,1,1,496.47771767195377
East Godavari,2023-10-18 02:15:00,hum,79.0,74.71966355660396,2,1,1,496.47771767195377
East Godavari,2023-10-18 02:30:00,hum,79.0,76.85288292871896,2,1,1,496.47771767195377
East Godavari,2023-10-19 02:15:00,hum,92.0,79.27289319438643,2,1,1,496.47771767195377
East Godavari,2023-10-19 02:30:00,hum,92.0,90.9407168118779,2,1,1,496.47771767195377
East Godavari,2023-10-20 02:30:00,hum,90.0,89.11779703257608,2,1,1,496.47771767195377
East Godavari,2023-10-21 02:15:00,hum,87.0,92.9471876568525,2,1,1,496.47771767195377
East Godavari,2023-10-21 02:30:00,hum,87.0,84.91837934956143,2,1,1,496.47771767195377
East Godavari,2023-10-22 02:15:00,hum,82.0,89.88470620914651,2,1,1,496.47771767195377
East Godavari,2023-10-22 02:30:00,hum,82.0,79.59645115604039,2,1,1,496.47771767195377
East Godavari,2023-10-23 02:00:00,hum,85.0,85.69339473307534,2,1,1,496.47771767195377
East Godavari,2023-10-23 02:15:00,hum,85.0,81.1654807069197,2,1,1,496.47771767195377
East Godavari,2023-10-24 02:15:00,hum,76.0,87.86050208695588,2,1,1,496.47771767195377
East Godavari,2023-10-25 02:15:00,hum,80.0,74.06889955117173,2,1,1,496.47771767195377
East Godavari,2023-10-25 02:30:00,hum,80.0,83.59270155198027,2,1,1,496.47771767195377
East Godavari,2023-10-26 02:00:00,hum,83.0,75.74703183127106,2,1,1,496.47771767195377
East Godavari,2023-10-27 02:15:00,hum,84.0,82.8869697263532,2,1,1,496.47771767195377
East Godavari,2023-10-27 02:30:00,hum,84.0,83.52895279740078,2,1,1,496.47771767195377
East Godavari,2023-10-28 02:00:00,hum,92.0,83.90155072461066,2,1,1,496.47771767195377
East Godavari,2023-10-29 02:30:00,hum,83.0,87.68182390264897,2,1,1,496.47771767195377
East Godavari,2023-10-29 02:45:00,hum,83.0,86.65466276878772,2,1,1,496.47771767195377
East Godavari,2023-10-30 01:45:00,hum,78.0,82.01290989795383,2,1,1,496.47771767195377
East Godavari,2023-10-30 02:00:00,hum,78.0,79.38726173480867,2,1,1,496.47771767195377
Ernakulam,2023-10-15 02:30:00,hum,94.0,95.55525750997576,0,1,1,242.2679785541867
Ernakulam,2023-10-16 02:30:00,hum,94.0,95.48323650600352,0,1,1,242.2679785541867
Ernakulam,2023-10-17 02:30:00,hum,94.0,95.24079360718926,0,1,1,242.2679785541867
Ernakulam,2023-10-18 02:30:00,hum,94.0,95.05507985410253,0,1,1,242.2679785541867
Ernakulam,2023-10-19 02:15:00,hum,94.0,94.90943866764648,0,1,1,242.2679785541867
Ernakulam,2023-10-20 02:30:00,hum,94.0,94.79327458290118,0,1,1,242.2679785541867
Ernakulam,2023-10-21 02:15:00,hum,94.0,94.69773366043111,0,1,1,242.2679785541867
Ernakulam,2023-10-22 02:15:00,hum,94.0,94.61891866500247,0,1,1,242.2679785541867
Ernakulam,2023-10-23 02:15:00,hum,94.0,94.55228243174442,0,1,1,242.2679785541867
Ernakulam,2023-10-24 02:15:00,hum,94.0,94.49529254306995,0,1,1,242.2679785541867
Ernakulam,2023-10-25 02:15:00,hum,100.0,94.44606506205461,0,1,1,242.2679785541867
Ernakulam,2023-10-26 02:00:00,hum,100.0,94.9896482493128,0,1,1,242.2679785541867
Ernakulam,2023-10-27 02:15:00,hum,94.0,95.36335954414011,0,1,1,242.2679785541867
Ernakulam,2023-10-28 02:00:00,hum,89.0,95.29194069250845,0,1,1,242.2679785541867
Ernakulam,2023-10-29 02:30:00,hum,94.0,94.8984320105493,0,1,1,242.2679785541867
Ernakulam,2023-10-30 01:45:00,hum,94.0,94.83302056305148,0,1,1,242.2679785541867
Erode,2023-10-15 02:30:00,hum,87.0,81.28556149062729,1,1,1,268.24458763679854
Erode,2023-10-16 02:30:00,hum,78.0,85.31031045745013,1,1,1,268.24458763679854
Erode,2023-10-17 02:30:00,hum,95.0,79.40401477175008,1,1,1,268.24458763679854
Erode,2023-10-18 02:30:00,hum,90.0,89.89364462919866,1,1,1,268.24458763679854
Erode,2023-10-19 02:30:00,hum,80.0,86.95067603444929,1,1,1,268.24458763679854
Erode,2023-10-20 02:30:00,hum,81.0,80.99654369592064,1,1,1,268.24458763679854
Erode,2023-10-21 02:15:00,hum,82.0,81.55773306457094,1,1,1,268.24458763679854
Erode,2023-10-22 02:30:00,hum,78.0,82.12639983183195,1,1,1,268.24458763679854
Erode,2023-10-23 02:15:00,hum,85.0,79.80949363144858,1,1,1,268.24458763679854
Erode,2023-10-24 02:15:00,hum,79.0,83.79167607579257,1,1,1,268.24458763679854
Erode,2023-10-25 02:30:00,hum,79.0,80.44644378842739,1,1,1,268.24458763679854
Erode,2023-10-26 02:00:00,hum,82.0,80.41335190830749,1,1,1,268.24458763679854
Erode,2023-10-27 02:30:00,hum,78.0,82.07074488501736,1,1,1,268.24458763679854
Erode,2023-10-28 02:00:00,hum,83.0,79.8404543754606,1,1,1,268.24458763679854
Erode,2023-10-29 02:45:00,hum,92.0,82.58968774879204,1,1,1,268.24458763679854
Erode,2023-10-30 02:00:00,hum,91.0,87.58159773018481,1,1,1,268.24458763679854
Etah,2023-10-15 02:30:00,hum,44.0,41.67825249951282,0,1,1,322.10343904642616
Etah,2023-10-16 02:30:00,hum,50.0,43.386339066491374,0,1,1,322.10343904642616
Etah,2023-10-17 02:30:00,hum,73.0,48.29921227998244,0,1,1,322.10343904642616
Etah,2023-10-18 02:30:00,hum,56.0,68.28480754497285,0,1,1,322.10343904642616
Etah,2023-10-19 02:30:00,hum,52.0,58.81927572597906,0,1,1,322.10343904642616
Etah,2023-10-20 02:30:00,hum,44.0,53.90095757937966,0,1,1,322.10343904642616
Etah,2023-10-21 02:15:00,hum,46.0,46.491647340187505,0,1,1,322.10343904642616
Etah,2023-10-22 02:30:00,hum,48.0,46.120488441451606,0,1,1,322.10343904642616
Etah,2023-10-23 02:15:00,hum,38.0,47.51937413593818,0,1,1,322.10343904642616
Etah,2023-10-24 02:15:00,hum,45.0,40.468583050899134,0,1,1,322.10343904642616
Etah,2023-10-25 02:30:00,hum,49.0,43.80057976201473,0,1,1,322.10343904642616
Etah,2023-10-26 02:00:00,hum,37.0,47.60500925261658,0,1,1,322.10343904642616
Etah,2023-10-27 02:30:00,hum,36.0,40.00103260467013,0,1,1,322.10343904642616
Etah,2023-10-28 02:00:00,hum,39.0,37.07964750352299,0,1,1,322.10343904642616
Etah,2023-10-29 02:45:00,hum,38.0,38.46982671553027,0,1,1,322.10343904642616
Etah,2023-10-30 02:00:00,hum,43.0,38.13131167632172,0,1,1,322.10343904642616
Etawah,2023-10-15 02:30:00,hum,37.0,36.0,0,1,0,315.0537868583131
Etawah,2023-10-16 02:30:00,hum,42.0,37.0,0,1,0,315.0537868583131
Etawah,2023-10-17 02:30:00,hum,74.0,42.0,0,1,0,315.0537868583131
Etawah,2023-10-18 02:30:00,hum,63.0,74.0,0,1,0,315.0537868583131
Etawah,2023-10-19 02:30:00,hum,47.0,62.99999999999999,0,1,0,315.0537868583131
Etawah,2023-10-20 02:30:00,hum,45.0,47.0,0,1,0,315.0537868583131
Etawah,2023-10-21 02:15:00,hum,46.0,45.0,0,1,0,315.0537868583131
Etawah,2023-10-22 02:30:00,hum,48.0,46.0,0,1,0,315.0537868583131
Etawah,2023-10-23 02:15:00,hum,46.0,48.0,0,1,0,315.0537868583131
Etawah,2023-10-24 02:15:00,hum,46.0,46.0,0,1,0,315.0537868583131
Etawah,2023-10-25 02:30:00,hum,49.0,46.0,0,1,0,315.0537868583131
Etawah,2023-10-26 02:00:00,hum,37.0,49.0,0,1,0,315.0537868583131
Etawah,2023-10-27 02:30:00,hum,33.0,37.0,0,1,0,315.0537868583131
Etawah,2023-10-28 02:00:00,hum,39.0,33.0,0,1,0,315.0537868583131
Etawah,2023-10-29 02:45:00,hum,33.0,39.0,0,1,0,315.0537868583131
Etawah,2023-10-30 02:00:00,hum,40.0,33.0,0,1,0,315.0537868583131
Faizabad,2023-10-15 02:30:00,hum,60.0,59.0,0,1,0,312.77422240391695
Faizabad,2023-10-16 02:30:00,hum,67.0,60.0,0,1,0,312.77422240391695
Faizabad,2023-10-17 02:30:00,hum,86.0,67.0,0,1,0,312.77422240391695
Faizabad,2023-10-18 02:30:00,hum,74.0,86.0,0,1,0,312.77422240391695
Faizabad,2023-10-19 02:30:00,hum,66.0,74.0,0,1,0,312.77422240391695
Faizabad,2023-10-20 02:30:00,hum,49.0,66.0,0,1,0,312.77422240391695
Faizabad,2023-10-21 02:15:00,hum,52.0,49.0,0,1,0,312.77422240391695
Faizabad,2023-10-22 02:30:00,hum,52.0,52.0,0,1,0,312.77422240391695
Faizabad,2023-10-23 02:15:00,hum,63.0,52.0,0,1,0,312.77422240391695
Faizabad,2023-10-24 02:15:00,hum,56.0,63.0,0,1,0,312.77422240391695
Faizabad,2023-10-25 02:30:00,hum,60.0,56.0,0,1,0,312.77422240391695
Faizabad,2023-10-26 02:00:00,hum,64.0,60.0,0,1,0,312.77422240391695
Faizabad,2023-10-27 02:30:00,hum,54.0,64.0,0,1,0,312.77422240391695
Faizabad,2023-10-28 02:00:00,hum,44.0,54.0,0,1,0,312.77422240391695
Faizabad,2023-10-29 02:45:00,hum,50.0,44.0,0,1,0,312.77422240391695
Faizabad,2023-10-30 02:00:00,hum,53.0,50.0,0,1,0,312.77422240391695
Faridabad,2023-10-15 02:30:00,hum,74.0,66.59415422376665,0,1,1,342.94848439409304
Faridabad,2023-10-16 02:30:00,hum,65.0,69.29027171017796,0,1,1,342.94848439409304
Faridabad,2023-10-17 02:15:00,hum,94.0,67.72577073045932,0,1,1,342.94848439409304
Faridabad,2023-10-18 02:15:00,hum,78.0,77.26724682367868,0,1,1,342.94848439409304
Faridabad,2023-10-19 02:15:00,hum,69.0,77.56755933727592,0,1,1,342.94848439409304
Faridabad,2023-10-20 02:30:00,hum,69.0,74.38426598206694,0,1,1,342.94848439409304
Faridabad,2023-10-21 02:15:00,hum,73.0,72.51933574181423,0,1,1,342.94848439409304
Faridabad,2023-10-22 02:15:00,hum,69.0,72.68583351049023,0,1,1,342.94848439409304
Faridabad,2023-10-23 02:15:00,hum,78.0,71.4142695035355,0,1,1,342.94848439409304
Faridabad,2023-10-24 02:15:00,hum,65.0,73.67346695674729,0,1,1,342.94848439409304
Faridabad,2023-10-25 02:15:00,hum,64.0,70.73316620613545,0,1,1,342.94848439409304
Faridabad,2023-10-26 02:00:00,hum,61.0,68.41026407612583,0,1,1,342.94848439409304
Faridabad,2023-10-27 02:15:00,hum,60.0,65.7484550899873,0,1,1,342.94848439409304
Faridabad,2023-10-28 02:00:00,hum,60.0,63.59761336320142,0,1,1,342.94848439409304
Faridabad,2023-10-29 02:30:00,hum,30.0,62.23001469624273,0,1,1,342.94848439409304
Faridabad,2023-10-30 01:45:00,hum,69.0,48.728496513313985,0,1,1,342.94848439409304
Faridkot,2023-10-15 02:30:00,hum,45.0,32.0,0,1,0,337.2403646325279
Faridkot,2023-10-16 02:30:00,hum,57.0,45.0,0,1,0,337.2403646325279
Faridkot,2023-10-17 02:30:00,hum,89.0,57.0,0,1,0,337.2403646325279
Faridkot,2023-10-18 02:30:00,hum,61.0,89.0,0,1,0,337.2403646325279
Faridkot,2023-10-19 02:15:00,hum,48.0,61.0,0,1,0,337.2403646325279
Faridkot,2023-10-20 02:30:00,hum,45.0,48.0,0,1,0,337.2403646325279
Faridkot,2023-10-21 02:15:00,hum,42.0,45.0,0,1,0,337.2403646325279
Faridkot,2023-10-22 02:15:00,hum,48.0,42.0,0,1,0,337.2403646325279
Faridkot,2023-10-23 02:15:00,hum,49.0,48.0,0,1,0,337.2403646325279
Faridkot,2023-10-24 02:15:00,hum,52.0,49.0,0,1,0,337.2403646325279
Faridkot,2023-10-25 02:15:00,hum,46.0,52.0,0,1,0,337.2403646325279
Faridkot,2023-10-26 02:00:00,hum,35.0,46.0,0,1,0,337.2403646325279
Faridkot,2023-10-27 02:15:00,hum,32.0,35.0,0,1,0,337.2403646325279
Faridkot,2023-10-28 02:00:00,hum,32.0,32.0,0,1,0,337.2403646325279
Faridkot,2023-10-29 02:45:00,hum,35.0,32.0,0,1,0,337.2403646325279
Faridkot,2023-10-30 02:00:00,hum,35.0,35.0,0,1,0,337.2403646325279
Farrukhabad,2023-10-15 02:30:00,hum,49.0,46.997428891058036,0,1,1,339.2782591181494
Farrukhabad,2023-10-16 02:30:00,hum,54.0,47.95042306661615,0,1,1,339.2782591181494
Farrukhabad,2023-10-17 02:30:00,hum,68.0,50.84440628757146,0,1,1,339.2782591181494
Farrukhabad,2023-10-18 02:30:00,hum,62.0,59.416481465648125,0,1,1,339.2782591181494
Farrukhabad,2023-10-19 02:30:00,hum,56.0,60.78635225919657,0,1,1,339.2782591181494
Farrukhabad,2023-10-20 02:30:00,hum,45.0,58.36608543199527,0,1,1,339.2782591181494
Farrukhabad,2023-10-21 02:15:00,hum,47.0,51.804009055171015,0,1,1,339.2782591181494
Farrukhabad,2023-10-22 02:30:00,hum,51.0,49.355603785333365,0,1,1,339.2782591181494
Farrukhabad,2023-10-23 02:15:00,hum,48.0,50.18689264081633,0,1,1,339.2782591181494
Farrukhabad,2023-10-24 02:15:00,hum,47.0,49.097577306557994,0,1,1,339.2782591181494
Farrukhabad,2023-10-25 02:30:00,hum,50.0,48.05031893937445,0,1,1,339.2782591181494
Farrukhabad,2023-10-26 02:00:00,hum,42.0,49.02192079548224,0,1,1,339.2782591181494
Farrukhabad,2023-10-27 02:30:00,hum,40.0,45.53221972802419,0,1,1,339.2782591181494
Farrukhabad,2023-10-28 02:00:00,hum,43.0,42.7350033577972,0,1,1,339.2782591181494
Farrukhabad,2023-10-29 02:45:00,hum,41.0,42.87015594795324,0,1,1,339.2782591181494
Farrukhabad,2023-10-30 02:00:00,hum,47.0,41.92809308794688,0,1,1,339.2782591181494
Fatehabad,2023-10-15 02:30:00,hum,34.0,27.0,0,1,0,330.9013331240295
Fatehabad,2023-10-16 02:30:00,hum,49.0,34.0,0,1,0,330.9013331240295
Fatehabad,2023-10-17 02:15:00,hum,81.0,49.0,0,1,0,330.9013331240295
Fatehabad,2023-10-18 02:30:00,hum,63.0,81.0,0,1,0,330.9013331240295
Fatehabad,2023-10-19 02:15:00,hum,43.0,63.0,0,1,0,330.9013331240295
Fatehabad,2023-10-20 02:30:00,hum,38.0,43.0,0,1,0,330.9013331240295
Fatehabad,2023-10-21 02:15:00,hum,34.0,38.0,0,1,0,330.9013331240295
Fatehabad,2023-10-22 02:15:00,hum,33.0,34.0,0,1,0,330.9013331240295
Fatehabad,2023-10-23 02:15:00,hum,37.0,33.0,0,1,0,330.9013331240295
Fatehabad,2023-10-24 02:15:00,hum,48.0,37.0,0,1,0,330.9013331240295
Fatehabad,2023-10-25 02:15:00,hum,39.0,48.0,0,1,0,330.9013331240295
Fatehabad,2023-10-26 02:00:00,hum,33.0,39.0,0,1,0,330.9013331240295
Fatehabad,2023-10-27 02:15:00,hum,29.0,33.0,0,1,0,330.9013331240295
Fatehabad,2023-10-28 02:00:00,hum,22.0,29.000000000000004,0,1,0,330.9013331240295
Fatehabad,2023-10-29 02:30:00,hum,27.0,22.0,0,1,0,330.9013331240295
Fatehabad,2023-10-30 01:45:00,hum,32.0,27.0,0,1,0,330.9013331240295
Fatehgarh Sahib,2023-10-15 02:30:00,hum,43.0,38.768162809362316,0,1,1,322.46094562760175
Fatehgarh Sahib,2023-10-16 02:30:00,hum,46.0,41.817562533116806,0,1,1,322.46094562760175
Fatehgarh Sahib,2023-10-17 02:30:00,hum,76.0,44.85044573665053,0,1,1,322.46094562760175
Fatehgarh Sahib,2023-10-18 02:30:00,hum,50.0,69.0506788667441,0,1,1,322.46094562760175
Fatehgarh Sahib,2023-10-19 02:15:00,hum,50.0,55.280211424658674,0,1,1,322.46094562760175
Fatehgarh Sahib,2023-10-20 02:30:00,hum,44.0,51.91947461484439,0,1,1,322.46094562760175
Fatehgarh Sahib,2023-10-21 02:15:00,hum,39.0,46.76732713949756,0,1,1,322.46094562760175
Fatehgarh Sahib,2023-10-22 02:15:00,hum,41.0,41.536881674208935,0,1,1,322.46094562760175
Fatehgarh Sahib,2023-10-23 02:15:00,hum,45.0,41.174648965274585,0,1,1,322.46094562760175
Fatehgarh Sahib,2023-10-24 02:15:00,hum,48.0,43.71595164405389,0,1,1,322.46094562760175
Fatehgarh Sahib,2023-10-25 02:15:00,hum,40.0,46.56748661090426,0,1,1,322.46094562760175
Fatehgarh Sahib,2023-10-26 02:00:00,hum,36.0,42.2370058996626,0,1,1,322.46094562760175
Fatehgarh Sahib,2023-10-27 02:15:00,hum,39.0,38.0827883285794,0,1,1,322.46094562760175
Fatehgarh Sahib,2023-10-28 02:00:00,hum,36.0,38.69519808034432,0,1,1,322.46094562760175
Fatehgarh Sahib,2023-10-29 02:45:00,hum,38.0,36.90666163355562,0,1,1,322.46094562760175
Fatehgarh Sahib,2023-10-30 02:00:00,hum,39.0,37.63198711127954,0,1,1,322.46094562760175
Fatehpur,2023-10-15 02:30:00,hum,53.0,50.71828087359889,0,1,1,319.6878832458226
Fatehpur,2023-10-16 02:30:00,hum,53.0,52.32564801295263,0,1,1,319.6878832458226
Fatehpur,2023-10-17 02:30:00,hum,81.0,52.800749050660734,0,1,1,319.6878832458226
Fatehpur,2023-10-18 02:30:00,hum,59.0,73.30088252305023,0,1,1,319.6878832458226
Fatehpur,2023-10-19 02:30:00,hum,51.0,63.2560979757475,0,1,1,319.6878832458226
Fatehpur,2023-10-20 02:30:00,hum,48.0,55.91900332724997,0,1,1,319.6878832458226
Fatehpur,2023-10-21 02:15:00,hum,51.0,50.77671146109772,0,1,1,319.6878832458226
Fatehpur,2023-10-22 02:30:00,hum,51.0,50.922729933092874,0,1,1,319.6878832458226
Fatehpur,2023-10-23 02:15:00,hum,48.0,50.97194534555259,0,1,1,319.6878832458226
Fatehpur,2023-10-24 02:15:00,hum,47.0,49.09679664433883,0,1,1,319.6878832458226
Fatehpur,2023-10-25 02:30:00,hum,48.0,47.766703884889274,0,1,1,319.6878832458226
Fatehpur,2023-10-26 02:00:00,hum,38.0,47.914864522086326,0,1,1,319.6878832458226
Fatehpur,2023-10-27 02:30:00,hum,45.0,41.610062149860205,0,1,1,319.6878832458226
Fatehpur,2023-10-28 02:00:00,hum,44.0,43.77054580539055,0,1,1,319.6878832458226
Fatehpur,2023-10-29 02:45:00,hum,43.0,43.913891061290094,0,1,1,319.6878832458226
Fatehpur,2023-10-30 02:00:00,hum,51.0,43.34333830763434,0,1,1,319.6878832458226
Fazilka,2023-10-15 02:30:00,hum,43.0,33.0,0,1,0,337.86484289794515
Fazilka,2023-10-16 02:30:00,hum,47.0,43.0,0,1,0,337.86484289794515
Fazilka,2023-10-17 02:15:00,hum,85.0,47.0,0,1,0,337.86484289794515
Fazilka,2023-10-18 02:30:00,hum,69.0,85.0,0,1,0,337.86484289794515
Fazilka,2023-10-19 02:15:00,hum,47.0,69.0,0,1,0,337.86484289794515
Fazilka,2023-10-20 02:30:00,hum,47.0,47.0,0,1,0,337.86484289794515
Fazilka,2023-10-21 02:15:00,hum,38.0,47.0,0,1,0,337.86484289794515
Fazilka,2023-10-22 02:15:00,hum,59.0,38.0,0,1,0,337.86484289794515
Fazilka,2023-10-23 02:15:00,hum,47.0,59.0,0,1,0,337.86484289794515
Fazilka,2023-10-24 02:15:00,hum,53.0,47.0,0,1,0,337.86484289794515
Fazilka,2023-10-25 02:15:00,hum,49.0,53.0,0,1,0,337.86484289794515
Fazilka,2023-10-26 02:00:00,hum,33.0,49.0,0,1,0,337.86484289794515
Fazilka,2023-10-27 02:15:00,hum,29.0,33.0,0,1,0,337.86484289794515
Fazilka,2023-10-28 02:00:00,hum,28.0,28.999999999999996,0,1,0,337.86484289794515
Fazilka,2023-10-29 02:45:00,hum,29.0,28.0,0,1,0,337.86484289794515
Fazilka,2023-10-30 02:00:00,hum,32.0,29.0,0,1,0,337.86484289794515
Firozabad,2023-10-15 02:30:00,hum,37.0,33.54301118790931,0,1,1,328.821546411974
Firozabad,2023-10-16 02:30:00,hum,43.0,36.019826614966625,0,1,1,328.821546411974
Firozabad,2023-10-17 02:30:00,hum,73.0,41.06256127014103,0,1,1,328.821546411974
Firozabad,2023-10-18 02:30:00,hum,57.0,66.4044937673945,0,1,1,328.821546411974
Firozabad,2023-10-19 02:30:00,hum,47.0,58.985063663539435,0,1,1,328.821546411974
Firozabad,2023-10-20 02:30:00,hum,44.0,50.37812492049752,0,1,1,328.821546411974
Firozabad,2023-10-21 02:15:00,hum,46.0,45.63123691338837,0,1,1,328.821546411974
Firozabad,2023-10-22 02:30:00,hum,46.0,45.90463612934612,0,1,1,328.821546411974
Firozabad,2023-10-23 02:15:00,hum,38.0,45.974793760767966,0,1,1,328.821546411974
Firozabad,2023-10-24 02:15:00,hum,42.0,40.110161136920674,0,1,1,328.821546411974
Firozabad,2023-10-25 02:30:00,hum,48.0,41.50100174481534,0,1,1,328.821546411974
Firozabad,2023-10-26 02:00:00,hum,37.0,46.251743155313676,0,1,1,328.821546411974
Firozabad,2023-10-27 02:30:00,hum,32.0,39.59481982661015,0,1,1,328.821546411974
Firozabad,2023-10-28 02:00:00,hum,34.0,34.02208024630263,0,1,1,328.821546411974
Firozabad,2023-10-29 02:45:00,hum,33.0,34.006137909104936,0,1,1,328.821546411974
Firozabad,2023-10-30 02:00:00,hum,38.0,33.270669799891174,0,1,1,328.821546411974
Firozpur,2023-10-15 02:30:00,hum,43.0,32.0,0,1,0,335.55656201023737
Firozpur,2023-10-16 02:30:00,hum,50.0,43.0,0,1,0,335.55656201023737
Firozpur,2023-10-17 02:30:00,hum,84.0,50.0,0,1,0,335.55656201023737
Firozpur,2023-10-18 02:30:00,hum,60.0,84.0,0,1,0,335.55656201023737
Firozpur,2023-10-19 02:15:00,hum,48.0,60.0,0,1,0,335.55656201023737
Firozpur,2023-10-20 02:30:00,hum,45.0,48.0,0,1,0,335.55656201023737
Firozpur,2023-10-21 02:15:00,hum,43.0,45.0,0,1,0,335.55656201023737
Firozpur,2023-10-22 02:15:00,hum,47.0,43.0,0,1,0,335.55656201023737
Firozpur,2023-10-23 02:15:00,hum,49.0,47.0,0,1,0,335.55656201023737
Firozpur,2023-10-24 02:15:00,hum,51.0,49.0,0,1,0,335.55656201023737
Firozpur,2023-10-25 02:15:00,hum,44.0,51.0,0,1,0,335.55656201023737
Firozpur,2023-10-26 02:00:00,hum,34.0,44.0,0,1,0,335.55656201023737
Firozpur,2023-10-27 02:15:00,hum,32.0,34.0,0,1,0,335.55656201023737
Firozpur,2023-10-28 02:00:00,hum,34.0,32.0,0,1,0,335.55656201023737
Firozpur,2023-10-29 02:45:00,hum,34.0,34.0,0,1,0,335.55656201023737
Firozpur,2023-10-30 02:00:00,hum,36.0,34.0,0,1,0,335.55656201023737
Gadag,2023-10-15 02:30:00,hum,55.0,52.325547093187936,0,1,2,274.576235754087
Gadag,2023-10-16 02:30:00,hum,57.0,53.685876888733986,0,1,2,274.576235754087
Gadag,2023-10-17 02:30:00,hum,59.0,56.187495113398924,0,1,2,274.576235754087
Gadag,2023-10-18 02:30:00,hum,55.0,58.661038572559974,0,1,2,274.576235754087
Gadag,2023-10-19 02:15:00,hum,53.0,57.384744481763406,0,1,2,274.576235754087
Gadag,2023-10-20 02:30:00,hum,51.0,54.01393500373389,0,1,2,274.576235754087
Gadag,2023-10-21 02:15:00,hum,52.0,51.20253632234595,0,1,2,274.576235754087
Gadag,2023-10-22 02:15:00,hum,58.0,50.94515983678354,0,1,2,274.576235754087
Gadag,2023-10-23 02:15:00,hum,50.0,55.216928908984954,0,1,2,274.576235754087
Gadag,2023-10-24 02:15:00,hum,50.0,53.82839238435577,0,1,2,274.576235754087
Gadag,2023-10-25 02:15:00,hum,50.0,50.5682554887064,0,1,2,274.576235754087
Gadag,2023-10-26 02:00:00,hum,50.0,49.50836426692709,0,1,2,274.576235754087
Gadag,2023-10-27 02:15:00,hum,45.0,49.675420080458565,0,1,2,274.576235754087
Gadag,2023-10-28 02:00:00,hum,42.0,47.177591664005895,0,1,2,274.576235754087
Gadag,2023-10-29 02:30:00,hum,66.0,43.24304342123114,0,1,2,274.576235754087
Gadag,2023-10-30 02:00:00,hum,70.0,53.594872776138374,0,1,2,274.576235754087
Ganderbal,2023-10-15 02:30:00,hum,73.0,65.64871846789707,2,1,2,327.8480285987564
Ganderbal,2023-10-16 02:30:00,hum,66.0,79.44982877662932,2,1,2,327.8480285987564
Ganderbal,2023-10-17 02:15:00,hum,92.0,65.02590736640443,2,1,2,327.8480285987564
Ganderbal,2023-10-18 02:15:00,hum,87.0,88.34336116509749,2,1,2,327.8480285987564
Ganderbal,2023-10-19 02:15:00,hum,61.0,73.99813426953082,2,1,2,327.8480285987564
Ganderbal,2023-10-20 02:15:00,hum,52.0,55.99791850770097,2,1,2,327.8480285987564
Ganderbal,2023-10-21 02:15:00,hum,46.0,59.873324103532255,2,1,2,327.8480285987564
Ganderbal,2023-10-22 02:15:00,hum,45.0,62.82996082759729,2,1,2,327.8480285987564
Ganderbal,2023-10-23 02:00:00,hum,83.0,60.62135675355272,2,1,2,327.8480285987564
Ganderbal,2023-10-24 02:15:00,hum,57.0,85.34107561582312,2,1,2,327.8480285987564
Ganderbal,2023-10-25 02:15:00,hum,58.0,47.239757520305844,2,1,2,327.8480285987564
Ganderbal,2023-10-26 02:00:00,hum,44.0,43.5695552585489,2,1,2,327.8480285987564
Ganderbal,2023-10-27 02:15:00,hum,45.0,34.84481304764754,2,1,2,327.8480285987564
Ganderbal,2023-10-28 02:00:00,hum,46.0,45.159388927520126,2,1,2,327.8480285987564
Ganderbal,2023-10-29 02:30:00,hum,45.0,54.35090378054743,2,1,2,327.8480285987564
Ganderbal,2023-10-30 01:45:00,hum,37.0,56.92455814124272,2,1,2,327.8480285987564
Gandhinagar,2023-10-15 02:30:00,hum,62.0,74.0,0,1,0,301.9725836980863
Gandhinagar,2023-10-16 02:30:00,hum,74.0,62.0,0,1,0,301.9725836980863
Gandhinagar,2023-10-17 02:15:00,hum,70.0,74.0,0,1,0,301.9725836980863
Gandhinagar,2023-10-18 02:15:00,hum,78.0,70.0,0,1,0,301.9725836980863
Gandhinagar,2023-10-19 02:15:00,hum,69.0,78.0,0,1,0,301.9725836980863
Gandhinagar,2023-10-20 02:30:00,hum,79.0,69.0,0,1,0,301.9725836980863
Gandhinagar,2023-10-21 02:15:00,hum,74.0,79.0,0,1,0,301.9725836980863
Gandhinagar,2023-10-22 02:15:00,hum,74.0,74.0,0,1,0,301.9725836980863
Gandhinagar,2023-10-23 02:00:00,hum,74.0,74.0,0,1,0,301.9725836980863
Gandhinagar,2023-10-24 02:15:00,hum,74.0,74.0,0,1,0,301.9725836980863
Gandhinagar,2023-10-25 02:15:00,hum,74.0,74.0,0,1,0,301.9725836980863
Gandhinagar,2023-10-26 02:00:00,hum,69.0,74.0,0,1,0,301.9725836980863
Gandhinagar,2023-10-27 02:15:00,hum,78.0,69.0,0,1,0,301.9725836980863
Gandhinagar,2023-10-28 02:00:00,hum,78.0,78.0,0,1,0,301.9725836980863
Gandhinagar,2023-10-29 02:30:00,hum,65.0,78.0,0,1,0,301.9725836980863
Gandhinagar,2023-10-30 01:45:00,hum,73.0,65.0,0,1,0,301.9725836980863
Ganganagar,2023-10-15 02:30:00,hum,36.0,33.0,0,1,0,329.81292108146584
Ganganagar,2023-10-16 02:30:00,hum,45.0,36.0,0,1,0,329.81292108146584
Ganganagar,2023-10-17 02:30:00,hum,80.0,45.0,0,1,0,329.81292108146584
Ganganagar,2023-10-18 02:30:00,hum,65.0,80.0,0,1,0,329.81292108146584
Ganganagar,2023-10-19 02:30:00,hum,44.0,65.0,0,1,0,329.81292108146584
Ganganagar,2023-10-20 02:30:00,hum,47.0,44.0,0,1,0,329.81292108146584
Ganganagar,2023-10-21 02:15:00,hum,46.0,47.0,0,1,0,329.81292108146584
Ganganagar,2023-10-22 02:30:00,hum,51.0,46.0,0,1,0,329.81292108146584
Ganganagar,2023-10-23 02:15:00,hum,43.0,51.0,0,1,0,329.81292108146584
Ganganagar,2023-10-24 02:15:00,hum,51.0,43.0,0,1,0,329.81292108146584
Ganganagar,2023-10-25 02:30:00,hum,52.0,51.0,0,1,0,329.81292108146584
Ganganagar,2023-10-26 02:00:00,hum,32.0,52.0,0,1,0,329.81292108146584
Ganganagar,2023-10-27 02:15:00,hum,29.0,32.0,0,1,0,329.81292108146584
Ganganagar,2023-10-28 02:00:00,hum,29.0,28.999999999999996,0,1,0,329.81292108146584
Ganganagar,2023-10-29 02:45:00,hum,27.0,29.0,0,1,0,329.81292108146584
Ganganagar,2023-10-30 02:00:00,hum,30.0,27.0,0,1,0,329.81292108146584
Ganjam,2023-10-15 02:30:00,hum,82.0,79.0,0,1,0,270.94760575879707
Ganjam,2023-10-16 02:30:00,hum,79.0,82.0,0,1,0,270.94760575879707
Ganjam,2023-10-17 02:30:00,hum,79.0,79.0,0,1,0,270.94760575879707
Ganjam,2023-10-18 02:30:00,hum,83.0,79.0,0,1,0,270.94760575879707
Ganjam,2023-10-19 02:30:00,hum,88.0,83.0,0,1,0,270.94760575879707
Ganjam,2023-10-20 02:30:00,hum,90.0,88.0,0,1,0,270.94760575879707
Ganjam,2023-10-21 02:15:00,hum,83.0,90.0,0,1,0,270.94760575879707
Ganjam,2023-10-22 02:15:00,hum,80.0,83.0,0,1,0,270.94760575879707
Ganjam,2023-10-23 02:15:00,hum,74.0,80.0,0,1,0,270.94760575879707
Ganjam,2023-10-24 02:15:00,hum,73.0,74.0,0,1,0,270.94760575879707
Ganjam,2023-10-25 02:30:00,hum,87.0,73.0,0,1,0,270.94760575879707
Ganjam,2023-10-26 02:00:00,hum,83.0,87.0,0,1,0,270.94760575879707
Ganjam,2023-10-27 02:15:00,hum,84.0,83.0,0,1,0,270.94760575879707
Ganjam,2023-10-28 02:00:00,hum,77.0,84.0,0,1,0,270.94760575879707
Ganjam,2023-10-29 02:45:00,hum,82.0,77.0,0,1,0,270.94760575879707
Ganjam,2023-10-30 02:00:00,hum,71.0,82.0,0,1,0,270.94760575879707
Garhwa,2023-10-15 02:30:00,hum,64.0,59.0,0,1,0,304.07126056479746
Garhwa,2023-10-16 02:30:00,hum,63.0,64.0,0,1,0,304.07126056479746
Garhwa,2023-10-17 02:15:00,hum,73.0,63.0,0,1,0,304.07126056479746
Garhwa,2023-10-18 02:30:00,hum,82.0,73.0,0,1,0,304.07126056479746
Garhwa,2023-10-19 02:15:00,hum,78.0,82.0,0,1,0,304.07126056479746
Garhwa,2023-10-20 02:30:00,hum,69.0,78.0,0,1,0,304.07126056479746
Garhwa,2023-10-21 02:15:00,hum,64.0,69.0,0,1,0,304.07126056479746
Garhwa,2023-10-22 02:15:00,hum,69.0,64.0,0,1,0,304.07126056479746
Garhwa,2023-10-23 02:00:00,hum,73.0,69.0,0,1,0,304.07126056479746
Garhwa,2023-10-24 02:15:00,hum,74.0,73.0,0,1,0,304.07126056479746
Garhwa,2023-10-25 02:15:00,hum,70.0,74.0,0,1,0,304.07126056479746
Garhwa,2023-10-26 02:00:00,hum,64.0,70.0,0,1,0,304.07126056479746
Garhwa,2023-10-27 02:15:00,hum,68.0,64.0,0,1,0,304.07126056479746
Garhwa,2023-10-28 02:00:00,hum,56.0,68.0,0,1,0,304.07126056479746
Garhwa,2023-10-29 02:30:00,hum,64.0,55.99999999999999,0,1,0,304.07126056479746
Garhwa,2023-10-30 01:45:00,hum,61.0,64.0,0,1,0,304.07126056479746
Garhwal,2023-10-15 02:30:00,hum,56.0,52.159525172475135,0,1,1,320.2411955549275
Garhwal,2023-10-16 02:30:00,hum,54.0,54.3053831277558,0,1,1,320.2411955549275
Garhwal,2023-10-17 02:30:00,hum,76.0,54.133590215370134,0,1,1,320.2411955549275
Garhwal,2023-10-18 02:30:00,hum,63.0,66.6499001316564,0,1,1,320.2411955549275
Garhwal,2023-10-19 02:15:00,hum,61.0,64.37802863343627,0,1,1,320.2411955549275
Garhwal,2023-10-20 02:30:00,hum,69.0,62.539321489942864,0,1,1,320.2411955549275
Garhwal,2023-10-21 02:15:00,hum,62.0,66.00035033359185,0,1,1,320.2411955549275
Garhwal,2023-10-22 02:15:00,hum,60.0,63.8647890112473,0,1,1,320.2411955549275
Garhwal,2023-10-23 02:15:00,hum,57.0,61.8247528480838,0,1,1,320.2411955549275
Garhwal,2023-10-24 02:15:00,hum,48.0,59.233546309857886,0,1,1,320.2411955549275
Garhwal,2023-10-25 02:15:00,hum,54.0,52.87740521391806,0,1,1,320.2411955549275
Garhwal,2023-10-26 02:00:00,hum,48.0,53.53120030887646,0,1,1,320.2411955549275
Garhwal,2023-10-27 02:15:00,hum,54.0,50.402261596605086,0,1,1,320.2411955549275
Garhwal,2023-10-28 02:00:00,hum,50.0,52.42444794084235,0,1,1,320.2411955549275
Garhwal,2023-10-29 02:30:00,hum,54.0,51.08128197444698,0,1,1,320.2411955549275
Garhwal,2023-10-30 01:45:00,hum,53.0,52.69425654083362,0,1,1,320.2411955549275
Gariaband,2023-10-15 02:30:00,hum,68.0,75.0,0,1,0,244.18294560413673
Gariaband,2023-10-16 02:30:00,hum,75.0,68.0,0,1,0,244.18294560413673
Gariaband,2023-10-17 02:30:00,hum,74.0,75.0,0,1,0,244.18294560413673
Gariaband,2023-10-18 02:30:00,hum,81.0,74.0,0,1,0,244.18294560413673
Gariaband,2023-10-19 02:15:00,hum,84.0,81.0,0,1,0,244.18294560413673
Gariaband,2023-10-20 02:30:00,hum,90.0,84.0,0,1,0,244.18294560413673
Gariaband,2023-10-21 02:15:00,hum,85.0,90.0,0,1,0,244.18294560413673
Gariaband,2023-10-22 02:15:00,hum,73.0,85.0,0,1,0,244.18294560413673
Gariaband,2023-10-23 02:15:00,hum,78.0,73.0,0,1,0,244.18294560413673
Gariaband,2023-10-24 02:15:00,hum,85.0,78.0,0,1,0,244.18294560413673
Gariaband,2023-10-25 02:15:00,hum,81.0,85.0,0,1,0,244.18294560413673
Gariaband,2023-10-26 02:00:00,hum,75.0,81.0,0,1,0,244.18294560413673
Gariaband,2023-10-27 02:15:00,hum,71.0,75.0,0,1,0,244.18294560413673
Gariaband,2023-10-28 02:00:00,hum,75.0,71.0,0,1,0,244.18294560413673
Gariaband,2023-10-29 02:30:00,hum,76.0,75.0,0,1,0,244.18294560413673
Gariaband,2023-10-30 01:45:00,hum,77.0,76.0,0,1,0,244.18294560413673
Gaya,2023-10-15 02:30:00,hum,75.0,86.69067484309869,0,1,1,310.1016018217126
Gaya,2023-10-16 02:30:00,hum,94.0,81.15668308464112,0,1,1,310.1016018217126
Gaya,2023-10-17 02:15:00,hum,89.0,86.62549342572454,0,1,1,310.1016018217126
Gaya,2023-10-18 02:30:00,hum,79.0,87.30179539091249,0,1,1,310.1016018217126
Gaya,2023-10-19 02:15:00,hum,81.0,85.07105561086624,0,1,1,310.1016018217126
Gaya,2023-10-20 02:15:00,hum,88.0,83.81545161540947,0,1,1,310.1016018217126
Gaya,2023-10-21 02:15:00,hum,88.0,85.06407520864538,0,1,1,310.1016018217126
Gaya,2023-10-22 02:15:00,hum,64.0,85.83047631946066,0,1,1,310.1016018217126
Gaya,2023-10-23 02:00:00,hum,66.0,80.09222354736752,0,1,1,310.1016018217126
Gaya,2023-10-24 02:15:00,hum,88.0,74.0955422157057,0,1,1,310.1016018217126
Gaya,2023-10-25 02:15:00,hum,94.0,79.51545109787085,0,1,1,310.1016018217126
Gaya,2023-10-26 02:00:00,hum,64.0,83.0971803391502,0,1,1,310.1016018217126
Gaya,2023-10-27 02:15:00,hum,62.0,78.92837364483455,0,1,1,310.1016018217126
Gaya,2023-10-28 02:00:00,hum,88.0,74.201054330409,0,1,1,310.1016018217126
Gaya,2023-10-29 02:30:00,hum,88.0,78.10836343103911,0,1,1,310.1016018217126
Gaya,2023-10-30 01:45:00,hum,64.0,80.21756222371599,0,1,1,310.1016018217126
Ghaziabad,2023-10-15 02:30:00,hum,74.0,66.6998378286863,0,1,1,339.9560127821264
Ghaziabad,2023-10-16 02:30:00,hum,65.0,69.57230488525371,0,1,1,339.9560127821264
Ghaziabad,2023-10-17 02:30:00,hum,94.0,67.77289526174916,0,1,1,339.9560127821264
Ghaziabad,2023-10-18 02:30:00,hum,78.0,77.97691014893337,0,1,1,339.9560127821264
Ghaziabad,2023-10-19 02:30:00,hum,69.0,77.98082846971552,0,1,1,339.9560127821264
Ghaziabad,2023-10-20 02:30:00,hum,69.0,74.45396457885398,0,1,1,339.9560127821264
Ghaziabad,2023-10-21 02:15:00,hum,73.0,72.46431236655245,0,1,1,339.9560127821264
Ghaziabad,2023-10-22 02:30:00,hum,69.0,72.66068483984245,0,1,1,339.9560127821264
Ghaziabad,2023-10-23 02:15:00,hum,78.0,71.32652054572789,0,1,1,339.9560127821264
Ghaziabad,2023-10-24 02:15:00,hum,65.0,73.7396040896629,0,1,1,339.9560127821264
Ghaziabad,2023-10-25 02:30:00,hum,64.0,70.62808725300263,0,1,1,339.9560127821264
Ghaziabad,2023-10-26 02:00:00,hum,61.0,68.21413187031273,0,1,1,339.9560127821264
Ghaziabad,2023-10-27 02:30:00,hum,60.0,65.4595731670383,0,1,1,339.9560127821264
Ghaziabad,2023-10-28 02:00:00,hum,60.0,63.27988803365028,0,1,1,339.9560127821264
Ghaziabad,2023-10-29 02:45:00,hum,73.0,61.95183821934746,0,1,1,339.9560127821264
Ghaziabad,2023-10-30 02:00:00,hum,69.0,66.1799190987865,0,1,1,339.9560127821264
Ghazipur,2023-10-15 02:30:00,hum,61.0,56.0,0,1,0,308.87787292145237
Ghazipur,2023-10-16 02:30:00,hum,67.0,61.0,0,1,0,308.87787292145237
Ghazipur,2023-10-17 02:30:00,hum,83.0,67.0,0,1,0,308.87787292145237
Ghazipur,2023-10-18 02:30:00,hum,83.0,83.0,0,1,0,308.87787292145237
Ghazipur,2023-10-19 02:30:00,hum,63.0,83.0,0,1,0,308.87787292145237
Ghazipur,2023-10-20 02:30:00,hum,55.0,63.00000000000001,0,1,0,308.87787292145237
Ghazipur,2023-10-21 02:15:00,hum,59.0,55.0,0,1,0,308.87787292145237
Ghazipur,2023-10-22 02:30:00,hum,61.0,59.0,0,1,0,308.87787292145237
Ghazipur,2023-10-23 02:15:00,hum,59.0,61.0,0,1,0,308.87787292145237
Ghazipur,2023-10-24 02:15:00,hum,63.0,59.0,0,1,0,308.87787292145237
Ghazipur,2023-10-25 02:30:00,hum,61.0,63.0,0,1,0,308.87787292145237
Ghazipur,2023-10-26 02:00:00,hum,58.0,61.0,0,1,0,308.87787292145237
Ghazipur,2023-10-27 02:30:00,hum,60.0,58.0,0,1,0,308.87787292145237
Ghazipur,2023-10-28 02:00:00,hum,50.0,60.0,0,1,0,308.87787292145237
Ghazipur,2023-10-29 02:45:00,hum,50.0,50.0,0,1,0,308.87787292145237
Ghazipur,2023-10-30 02:00:00,hum,52.0,50.0,0,1,0,308.87787292145237
Giridih,2023-10-15 02:30:00,hum,71.0,77.0,0,1,0,313.12377737044835
Giridih,2023-10-16 02:30:00,hum,69.0,71.0,0,1,0,313.12377737044835
Giridih,2023-10-17 02:15:00,hum,74.0,69.0,0,1,0,313.12377737044835
Giridih,2023-10-18 02:30:00,hum,76.0,74.0,0,1,0,313.12377737044835
Giridih,2023-10-19 02:15:00,hum,81.0,76.0,0,1,0,313.12377737044835
Giridih,2023-10-20 02:30:00,hum,70.0,81.0,0,1,0,313.12377737044835
Giridih,2023-10-21 02:15:00,hum,69.0,70.0,0,1,0,313.12377737044835
Giridih,2023-10-22 02:15:00,hum,61.0,69.0,0,1,0,313.12377737044835
Giridih,2023-10-23 02:00:00,hum,61.0,60.99999999999999,0,1,0,313.12377737044835
Giridih,2023-10-24 02:15:00,hum,73.0,61.0,0,1,0,313.12377737044835
Giridih,2023-10-25 02:15:00,hum,73.0,73.0,0,1,0,313.12377737044835
Giridih,2023-10-26 02:00:00,hum,65.0,73.0,0,1,0,313.12377737044835
Giridih,2023-10-27 02:15:00,hum,56.0,65.0,0,1,0,313.12377737044835
Giridih,2023-10-28 02:00:00,hum,58.0,56.00000000000001,0,1,0,313.12377737044835
Giridih,2023-10-29 02:30:00,hum,65.0,58.0,0,1,0,313.12377737044835
Giridih,2023-10-30 01:45:00,hum,64.0,65.0,0,1,0,313.12377737044835
Goa,2023-10-16 02:30:00,hum,85.0,86.11283844805565,0,1,1,221.09168686538368
Goa,2023-10-17 02:15:00,hum,80.0,85.70468781710422,0,1,1,221.09168686538368
Goa,2023-10-18 02:30:00,hum,83.0,83.45343445926214,0,1,1,221.09168686538368
Goa,2023-10-19 02:15:00,hum,85.0,83.25058573899855,0,1,1,221.09168686538368
Goa,2023-10-20 02:30:00,hum,77.0,83.92869372990914,0,1,1,221.09168686538368
Goa,2023-10-21 02:15:00,hum,81.0,81.35224320530202,0,1,1,221.09168686538368
Goa,2023-10-21 02:15:00,hum,83.0,81.20088540898182,0,1,1,221.09168686538368
Goa,2023-10-22 02:15:00,hum,75.0,81.89531821114119,0,1,1,221.09168686538368
Goa,2023-10-23 02:15:00,hum,73.0,79.30232586783124,0,1,1,221.09168686538368
Goa,2023-10-24 02:15:00,hum,68.0,76.31826506982067,0,1,1,221.09168686538368
Goa,2023-10-25 02:15:00,hum,79.0,71.43149208120373,0,1,1,221.09168686538368
Goa,2023-10-26 02:00:00,hum,70.0,75.44691403668656,0,1,1,221.09168686538368
Goa,2023-10-27 02:15:00,hum,61.0,73.05728081883903,0,1,1,221.09168686538368
Goa,2023-10-28 02:00:00,hum,55.0,66.93982032735508,0,1,1,221.09168686538368
Goa,2023-10-29 02:30:00,hum,67.0,58.62439704115012,0,1,1,221.09168686538368
Goa,2023-10-30 01:45:00,hum,71.0,63.885874313617144,0,1,1,221.09168686538368
Goalpara,2023-10-15 02:30:00,hum,89.0,86.91063718169235,0,1,1,248.24523979555175
Goalpara,2023-10-16 02:30:00,hum,88.0,88.36762229408176,0,1,1,248.24523979555175
Goalpara,2023-10-17 02:15:00,hum,90.0,88.1187170958976,0,1,1,248.24523979555175
Goalpara,2023-10-18 02:30:00,hum,90.0,89.39032297480776,0,1,1,248.24523979555175
Goalpara,2023-10-19 02:15:00,hum,90.0,89.80391316239064,0,1,1,248.24523979555175
Goalpara,2023-10-20 02:30:00,hum,88.0,89.93679397868745,0,1,1,248.24523979555175
Goalpara,2023-10-21 02:15:00,hum,89.0,88.62783356455485,0,1,1,248.24523979555175
Goalpara,2023-10-22 02:15:00,hum,87.0,88.87950041326825,0,1,1,248.24523979555175
Goalpara,2023-10-23 02:15:00,hum,88.0,87.61069621777634,0,1,1,248.24523979555175
Goalpara,2023-10-24 02:15:00,hum,80.0,87.87377735319848,0,1,1,248.24523979555175
Goalpara,2023-10-25 02:15:00,hum,81.0,82.54394470179135,0,1,1,248.24523979555175
Goalpara,2023-10-26 02:00:00,hum,87.0,81.43962632122278,0,1,1,248.24523979555175
Goalpara,2023-10-27 02:15:00,hum,88.0,85.16778949416829,0,1,1,248.24523979555175
Goalpara,2023-10-28 02:00:00,hum,89.0,87.10944756603152,0,1,1,248.24523979555175
Goalpara,2023-10-29 02:30:00,hum,83.0,88.42472698710843,0,1,1,248.24523979555175
Goalpara,2023-10-30 01:45:00,hum,86.0,84.78941618567671,0,1,1,248.24523979555175
Godda,2023-10-15 02:30:00,hum,73.0,74.72712830655028,2,1,2,301.4425486826856
Godda,2023-10-16 02:30:00,hum,69.0,77.18453228389001,2,1,2,301.4425486826856
Godda,2023-10-17 02:15:00,hum,75.0,67.90622472524156,2,1,2,301.4425486826856
Godda,2023-10-18 02:30:00,hum,78.0,73.34451160996392,2,1,2,301.4425486826856
Godda,2023-10-19 02:15:00,hum,80.0,75.97617274150086,2,1,2,301.4425486826856
Godda,2023-10-20 02:30:00,hum,73.0,78.10689636618594,2,1,2,301.4425486826856
Godda,2023-10-21 02:15:00,hum,71.0,73.54342522889156,2,1,2,301.4425486826856
Godda,2023-10-22 02:15:00,hum,70.0,73.41847028596978,2,1,2,301.4425486826856
Godda,2023-10-23 02:00:00,hum,68.0,71.7627035309258,2,1,2,301.4425486826856
Godda,2023-10-24 02:15:00,hum,82.0,67.94237425930477,2,1,2,301.4425486826856
Godda,2023-10-25 02:15:00,hum,86.0,78.61902224270347,2,1,2,301.4425486826856
Godda,2023-10-26 02:00:00,hum,84.0,82.89033431088444,2,1,2,301.4425486826856
Godda,2023-10-27 02:15:00,hum,61.0,84.39584506611986,2,1,2,301.4425486826856
Godda,2023-10-28 02:00:00,hum,64.0,61.961247763276106,2,1,2,301.4425486826856
Godda,2023-10-29 02:30:00,hum,56.0,69.84205937674521,2,1,2,301.4425486826856
Godda,2023-10-30 01:45:00,hum,68.0,58.968350940619615,2,1,2,301.4425486826856
Golaghat,2023-10-15 02:30:00,hum,97.0,96.8834676649724,1,1,1,197.37202106327047
Golaghat,2023-10-16 02:30:00,hum,95.0,96.89643965255578,1,1,1,197.37202106327047
Golaghat,2023-10-17 02:15:00,hum,94.0,95.58098336223618,1,1,1,197.37202106327047
Golaghat,2023-10-18 02:30:00,hum,95.0,94.82263133074976,1,1,1,197.37202106327047
Golaghat,2023-10-19 02:15:00,hum,95.0,95.41357177212528,1,1,1,197.37202106327047
Golaghat,2023-10-20 02:30:00,hum,94.0,95.37247841426226,1,1,1,197.37202106327047
Golaghat,2023-10-21 02:15:00,hum,94.0,94.66382820110472,1,1,1,197.37202106327047
Golaghat,2023-10-22 02:15:00,hum,94.0,94.59869450660265,1,1,1,197.37202106327047
Golaghat,2023-10-23 02:15:00,hum,94.0,94.54398706267811,1,1,1,197.37202106327047
Golaghat,2023-10-24 02:15:00,hum,85.0,94.49677827045397,1,1,1,197.37202106327047
Golaghat,2023-10-25 02:15:00,hum,89.0,87.78220529439596,1,1,1,197.37202106327047
Golaghat,2023-10-26 02:00:00,hum,96.0,90.4805348682298,1,1,1,197.37202106327047
Golaghat,2023-10-27 02:15:00,hum,98.0,95.51023448959845,1,1,1,197.37202106327047
Golaghat,2023-10-28 02:00:00,hum,96.0,96.81895456595674,1,1,1,197.37202106327047
Golaghat,2023-10-29 02:30:00,hum,95.0,95.56399843814881,1,1,1,197.37202106327047
Golaghat,2023-10-30 01:45:00,hum,95.0,94.93323592029195,1,1,1,197.37202106327047
Gonda,2023-10-15 02:30:00,hum,61.0,61.0,0,1,0,312.15573832508505
Gonda,2023-10-16 02:30:00,hum,67.0,61.0,0,1,0,312.15573832508505
Gonda,2023-10-17 02:30:00,hum,80.0,67.0,0,1,0,312.15573832508505
Gonda,2023-10-18 02:30:00,hum,74.0,80.0,0,1,0,312.15573832508505
Gonda,2023-10-19 02:30:00,hum,68.0,74.0,0,1,0,312.15573832508505
Gonda,2023-10-20 02:30:00,hum,52.0,68.0,0,1,0,312.15573832508505
Gonda,2023-10-21 02:15:00,hum,54.0,52.0,0,1,0,312.15573832508505
Gonda,2023-10-22 02:30:00,hum,52.0,54.0,0,1,0,312.15573832508505
Gonda,2023-10-23 02:15:00,hum,64.0,52.0,0,1,0,312.15573832508505
Gonda,2023-10-24 02:15:00,hum,62.0,64.0,0,1,0,312.15573832508505
Gonda,2023-10-25 02:30:00,hum,61.0,61.99999999999999,0,1,0,312.15573832508505
Gonda,2023-10-26 02:00:00,hum,59.0,61.0,0,1,0,312.15573832508505
Gonda,2023-10-27 02:30:00,hum,55.0,59.0,0,1,0,312.15573832508505
Gonda,2023-10-28 02:00:00,hum,46.0,55.0,0,1,0,312.15573832508505
Gonda,2023-10-29 02:45:00,hum,49.0,46.0,0,1,0,312.15573832508505
Gonda,2023-10-30 02:00:00,hum,55.0,49.0,0,1,0,312.15573832508505
Gopalganj,2023-10-15 02:30:00,hum,65.0,67.83098495233237,1,1,2,294.82900122875975
Gopalganj,2023-10-16 02:30:00,hum,76.0,69.19177295879442,1,1,2,294.82900122875975
Gopalganj,2023-10-17 02:15:00,hum,84.0,80.83286593459619,1,1,2,294.82900122875975
Gopalganj,2023-10-18 02:30:00,hum,74.0,84.03934497031207,1,1,2,294.82900122875975
Gopalganj,2023-10-19 02:15:00,hum,65.0,71.22322354233779,1,1,2,294.82900122875975
Gopalganj,2023-10-20 02:30:00,hum,56.0,67.80164205352142,1,1,2,294.82900122875975
Gopalganj,2023-10-21 02:15:00,hum,59.0,56.97400471402268,1,1,2,294.82900122875975
Gopalganj,2023-10-22 02:15:00,hum,58.0,65.10160930151838,1,1,2,294.82900122875975
Gopalganj,2023-10-23 02:15:00,hum,61.0,58.72775247038098,1,1,2,294.82900122875975
Gopalganj,2023-10-24 02:15:00,hum,56.0,64.69163094467407,1,1,2,294.82900122875975
Gopalganj,2023-10-25 02:15:00,hum,66.0,55.46051251425285,1,1,2,294.82900122875975
Gopalganj,2023-10-26 02:00:00,hum,67.0,70.52171032701972,1,1,2,294.82900122875975
Gopalganj,2023-10-27 02:15:00,hum,58.0,65.49004798187777,1,1,2,294.82900122875975
Gopalganj,2023-10-28 02:00:00,hum,59.0,57.39406152243683,1,1,2,294.82900122875975
Gopalganj,2023-10-29 02:30:00,hum,56.0,61.56561534082907,1,1,2,294.82900122875975
Gopalganj,2023-10-30 01:45:00,hum,55.0,55.998169165762114,1,1,2,294.82900122875975
Gorakhpur,2023-10-15 02:30:00,hum,34.0,28.0,0,1,0,331.4690829367761
Gorakhpur,2023-10-16 02:30:00,hum,48.0,34.0,0,1,0,331.4690829367761
Gorakhpur,2023-10-17 02:30:00,hum,79.0,48.0,0,1,0,331.4690829367761
Gorakhpur,2023-10-18 02:30:00,hum,61.0,79.0,0,1,0,331.4690829367761
Gorakhpur,2023-10-19 02:30:00,hum,43.0,61.0,0,1,0,331.4690829367761
Gorakhpur,2023-10-20 02:30:00,hum,36.0,43.0,0,1,0,331.4690829367761
Gorakhpur,2023-10-21 02:15:00,hum,35.0,36.0,0,1,0,331.4690829367761
Gorakhpur,2023-10-22 02:30:00,hum,37.0,35.0,0,1,0,331.4690829367761
Gorakhpur,2023-10-23 02:15:00,hum,37.0,37.0,0,1,0,331.4690829367761
Gorakhpur,2023-10-24 02:15:00,hum,46.0,37.0,0,1,0,331.4690829367761
Gorakhpur,2023-10-25 02:30:00,hum,38.0,46.0,0,1,0,331.4690829367761
Gorakhpur,2023-10-26 02:00:00,hum,33.0,38.0,0,1,0,331.4690829367761
Gorakhpur,2023-10-27 02:30:00,hum,30.0,33.0,0,1,0,331.4690829367761
Gorakhpur,2023-10-28 02:00:00,hum,22.0,30.0,0,1,0,331.4690829367761
Gorakhpur,2023-10-29 02:45:00,hum,27.0,22.0,0,1,0,331.4690829367761
Gorakhpur,2023-10-30 02:00:00,hum,33.0,27.0,0,1,0,331.4690829367761
Gulbarga,2023-10-15 02:30:00,hum,64.0,62.0,0,1,0,280.5915442511622
Gulbarga,2023-10-16 02:30:00,hum,59.0,64.0,0,1,0,280.5915442511622
Gulbarga,2023-10-17 02:30:00,hum,65.0,59.0,0,1,0,280.5915442511622
Gulbarga,2023-10-18 02:30:00,hum,69.0,65.0,0,1,0,280.5915442511622
Gulbarga,2023-10-19 02:15:00,hum,67.0,69.0,0,1,0,280.5915442511622
Gulbarga,2023-10-20 02:30:00,hum,69.0,67.0,0,1,0,280.5915442511622
Gulbarga,2023-10-21 02:15:00,hum,73.0,69.0,0,1,0,280.5915442511622
Gulbarga,2023-10-22 02:15:00,hum,70.0,73.0,0,1,0,280.5915442511622
Gulbarga,2023-10-23 02:15:00,hum,58.0,70.0,0,1,0,280.5915442511622
Gulbarga,2023-10-24 02:15:00,hum,61.0,58.0,0,1,0,280.5915442511622
Gulbarga,2023-10-25 02:15:00,hum,55.0,61.0,0,1,0,280.5915442511622
Gulbarga,2023-10-26 02:00:00,hum,54.0,55.0,0,1,0,280.5915442511622
Gulbarga,2023-10-27 02:15:00,hum,57.0,54.0,0,1,0,280.5915442511622
Gulbarga,2023-10-28 02:00:00,hum,56.0,57.0,0,1,0,280.5915442511622
Gulbarga,2023-10-29 02:30:00,hum,59.0,56.0,0,1,0,280.5915442511622
Gulbarga,2023-10-30 02:00:00,hum,64.0,59.0,0,1,0,280.5915442511622
Gumla,2023-10-15 02:30:00,hum,62.0,54.00000000000001,0,1,0,280.286622726093
Gumla,2023-10-16 02:30:00,hum,69.0,62.0,0,1,0,280.286622726093
Gumla,2023-10-17 02:15:00,hum,72.0,69.0,0,1,0,280.286622726093
Gumla,2023-10-18 02:30:00,hum,77.0,72.0,0,1,0,280.286622726093
Gumla,2023-10-19 02:15:00,hum,83.0,77.0,0,1,0,280.286622726093
Gumla,2023-10-20 02:30:00,hum,78.0,83.0,0,1,0,280.286622726093
Gumla,2023-10-21 02:15:00,hum,71.0,78.0,0,1,0,280.286622726093
Gumla,2023-10-22 02:15:00,hum,70.0,71.0,0,1,0,280.286622726093
Gumla,2023-10-23 02:00:00,hum,73.0,70.0,0,1,0,280.286622726093
Gumla,2023-10-24 02:15:00,hum,79.0,73.0,0,1,0,280.286622726093
Gumla,2023-10-25 02:15:00,hum,86.0,79.0,0,1,0,280.286622726093
Gumla,2023-10-26 02:00:00,hum,63.0,86.0,0,1,0,280.286622726093
Gumla,2023-10-27 02:15:00,hum,66.0,63.0,0,1,0,280.286622726093
Gumla,2023-10-28 02:00:00,hum,63.0,66.0,0,1,0,280.286622726093
Gumla,2023-10-29 02:30:00,hum,71.0,63.0,0,1,0,280.286622726093
Gumla,2023-10-30 01:45:00,hum,80.0,71.0,0,1,0,280.286622726093
Guna,2023-10-15 02:30:00,hum,48.0,49.0,0,1,0,298.22896295562936
Guna,2023-10-16 02:30:00,hum,45.0,48.0,0,1,0,298.22896295562936
Guna,2023-10-17 02:15:00,hum,81.0,45.0,0,1,0,298.22896295562936
Guna,2023-10-18 02:15:00,hum,56.0,81.0,0,1,0,298.22896295562936
Guna,2023-10-19 02:15:00,hum,60.0,56.0,0,1,0,298.22896295562936
Guna,2023-10-20 02:15:00,hum,47.0,60.0,0,1,0,298.22896295562936
Guna,2023-10-21 02:00:00,hum,52.0,47.0,0,1,0,298.22896295562936
Guna,2023-10-22 02:15:00,hum,50.0,52.0,0,1,0,298.22896295562936
Guna,2023-10-23 02:00:00,hum,48.0,50.0,0,1,0,298.22896295562936
Guna,2023-10-24 02:15:00,hum,45.0,48.0,0,1,0,298.22896295562936
Guna,2023-10-25 02:15:00,hum,43.0,45.0,0,1,0,298.22896295562936
Guna,2023-10-26 02:00:00,hum,41.0,43.0,0,1,0,298.22896295562936
Guna,2023-10-27 02:15:00,hum,41.0,41.0,0,1,0,298.22896295562936
Guna,2023-10-28 02:00:00,hum,30.0,41.0,0,1,0,298.22896295562936
Guna,2023-10-29 02:30:00,hum,42.0,30.0,0,1,0,298.22896295562936
Guna,2023-10-30 01:45:00,hum,40.0,42.0,0,1,0,298.22896295562936
Guntur,2023-10-15 02:30:00,hum,85.0,89.44153806680943,0,1,1,250.0464251986114
Guntur,2023-10-16 02:30:00,hum,88.0,87.22642263604261,0,1,1,250.0464251986114
Guntur,2023-10-17 02:15:00,hum,87.0,87.59963145098247,0,1,1,250.0464251986114
Guntur,2023-10-18 02:30:00,hum,82.0,87.31204303679965,0,1,1,250.0464251986114
Guntur,2023-10-19 02:15:00,hum,88.0,84.73361482934725,0,1,1,250.0464251986114
Guntur,2023-10-20 02:30:00,hum,92.0,86.31248340471372,0,1,1,250.0464251986114
Guntur,2023-10-21 02:15:00,hum,91.0,88.9283843401908,0,1,1,250.0464251986114
Guntur,2023-10-22 02:15:00,hum,88.0,89.97006733120647,0,1,1,250.0464251986114
Guntur,2023-10-23 02:00:00,hum,73.0,89.01834195426478,0,1,1,250.0464251986114
Guntur,2023-10-24 02:15:00,hum,62.0,81.96403278978146,0,1,1,250.0464251986114
Guntur,2023-10-25 02:15:00,hum,74.0,64.30133922322682,0,1,1,250.0464251986114
Guntur,2023-10-26 02:00:00,hum,71.0,71.80721509519714,0,1,1,250.0464251986114
Guntur,2023-10-27 02:15:00,hum,75.0,71.25618954923843,0,1,1,250.0464251986114
Guntur,2023-10-28 02:00:00,hum,93.0,73.8022848224702,0,1,1,250.0464251986114
Guntur,2023-10-29 02:30:00,hum,92.0,88.20534954982315,0,1,1,250.0464251986114
Guntur,2023-10-30 01:45:00,hum,90.0,91.42090789151877,0,1,1,250.0464251986114
Gurdaspur,2023-10-15 02:30:00,hum,46.0,52.10306389841749,0,1,1,319.12876568630384
Gurdaspur,2023-10-16 02:30:00,hum,41.0,48.34773634774419,0,1,1,319.12876568630384
Gurdaspur,2023-10-17 02:30:00,hum,75.0,43.73904750002122,0,1,1,319.12876568630384
Gurdaspur,2023-10-18 02:30:00,hum,47.0,60.60799349367054,0,1,1,319.12876568630384
Gurdaspur,2023-10-19 02:15:00,hum,56.0,53.41594305579146,0,1,1,319.12876568630384
Gurdaspur,2023-10-20 02:30:00,hum,56.0,54.585662652984354,0,1,1,319.12876568630384
Gurdaspur,2023-10-21 02:15:00,hum,47.0,55.2278105678257,0,1,1,319.12876568630384
Gurdaspur,2023-10-22 02:15:00,hum,51.0,51.53268483800066,0,1,1,319.12876568630384
Gurdaspur,2023-10-23 02:15:00,hum,46.0,51.29272383769926,0,1,1,319.12876568630384
Gurdaspur,2023-10-24 02:15:00,hum,52.0,48.89304539139651,0,1,1,319.12876568630384
Gurdaspur,2023-10-25 02:15:00,hum,39.0,50.30150449316625,0,1,1,319.12876568630384
Gurdaspur,2023-10-26 02:00:00,hum,43.0,45.21782195552532,0,1,1,319.12876568630384
Gurdaspur,2023-10-27 02:15:00,hum,54.0,44.1835745739345,0,1,1,319.12876568630384
Gurdaspur,2023-10-28 02:00:00,hum,52.0,48.56946071408495,0,1,1,319.12876568630384
Gurdaspur,2023-10-29 02:45:00,hum,49.0,50.092241213522016,0,1,1,319.12876568630384
Gurdaspur,2023-10-30 02:00:00,hum,51.0,49.606495611385064,0,1,1,319.12876568630384
Gurgaon,2023-10-15 02:30:00,hum,74.0,66.59504184501878,0,1,1,342.5027384099218
Gurgaon,2023-10-16 02:30:00,hum,65.0,69.30749176239277,0,1,1,342.5027384099218
Gurgaon,2023-10-17 02:15:00,hum,94.0,67.72704883861906,0,1,1,342.5027384099218
Gurgaon,2023-10-18 02:15:00,hum,78.0,77.3249844126051,0,1,1,342.5027384099218
Gurgaon,2023-10-19 02:15:00,hum,69.0,77.60285633381204,0,1,1,342.5027384099218
Gurgaon,2023-10-20 02:30:00,hum,69.0,74.391549746229,0,1,1,342.5027384099218
Gurgaon,2023-10-21 02:15:00,hum,73.0,72.51370854410872,0,1,1,342.5027384099218
Gurgaon,2023-10-22 02:15:00,hum,69.0,72.6831670679235,0,1,1,342.5027384099218
Gurgaon,2023-10-23 02:00:00,hum,78.0,71.40497383576184,0,1,1,342.5027384099218
Gurgaon,2023-10-24 02:15:00,hum,65.0,73.6806647744175,0,1,1,342.5027384099218
Gurgaon,2023-10-25 02:15:00,hum,64.0,70.72080520663329,0,1,1,342.5027384099218
Gurgaon,2023-10-26 02:00:00,hum,61.0,68.38848566361982,0,1,1,342.5027384099218
Gurgaon,2023-10-27 02:15:00,hum,60.0,65.71936356354895,0,1,1,342.5027384099218
Gurgaon,2023-10-28 02:00:00,hum,60.0,63.56839821053111,0,1,1,342.5027384099218
Gurgaon,2023-10-29 02:30:00,hum,28.0,62.20543089229584,0,1,1,342.5027384099218
Gurgaon,2023-10-30 01:45:00,hum,69.0,47.734323445011846,0,1,1,342.5027384099218
Gwalior,2023-10-15 02:30:00,hum,38.0,44.0,0,1,0,308.9895683576624
Gwalior,2023-10-16 02:30:00,hum,42.0,38.0,0,1,0,308.9895683576624
Gwalior,2023-10-17 02:15:00,hum,80.0,42.0,0,1,0,308.9895683576624
Gwalior,2023-10-18 02:15:00,hum,67.0,80.0,0,1,0,308.9895683576624
Gwalior,2023-10-19 02:15:00,hum,45.0,67.0,0,1,0,308.9895683576624
Gwalior,2023-10-20 02:15:00,hum,47.0,45.0,0,1,0,308.9895683576624
Gwalior,2023-10-21 02:00:00,hum,46.0,47.0,0,1,0,308.9895683576624
Gwalior,2023-10-22 02:15:00,hum,48.0,46.0,0,1,0,308.9895683576624
Gwalior,2023-10-23 02:00:00,hum,41.0,48.0,0,1,0,308.9895683576624
Gwalior,2023-10-24 02:15:00,hum,43.0,41.0,0,1,0,308.9895683576624
Gwalior,2023-10-25 02:15:00,hum,45.0,43.0,0,1,0,308.9895683576624
Gwalior,2023-10-26 02:00:00,hum,38.0,45.0,0,1,0,308.9895683576624
Gwalior,2023-10-27 02:15:00,hum,32.0,38.0,0,1,0,308.9895683576624
Gwalior,2023-10-28 02:00:00,hum,32.0,32.0,0,1,0,308.9895683576624
Gwalior,2023-10-29 02:30:00,hum,36.0,32.0,0,1,0,308.9895683576624
Gwalior,2023-10-30 01:45:00,hum,36.0,36.0,0,1,0,308.9895683576624
Hailakandi,2023-10-15 02:30:00,hum,90.0,95.81782182380431,0,1,1,204.2006115758327
Hailakandi,2023-10-16 02:30:00,hum,90.0,92.47009157571868,0,1,1,204.2006115758327
Hailakandi,2023-10-17 02:15:00,hum,91.0,91.05313957373316,0,1,1,204.2006115758327
Hailakandi,2023-10-18 02:30:00,hum,90.0,91.02831237503547,0,1,1,204.2006115758327
Hailakandi,2023-10-19 02:15:00,hum,88.0,90.56506045164969,0,1,1,204.2006115758327
Hailakandi,2023-10-20 02:30:00,hum,89.0,89.37641680562626,0,1,1,204.2006115758327
Hailakandi,2023-10-21 02:15:00,hum,90.0,89.19609986374174,0,1,1,204.2006115758327
Hailakandi,2023-10-22 02:15:00,hum,87.0,89.56545989839273,0,1,1,204.2006115758327
Hailakandi,2023-10-23 02:15:00,hum,96.0,88.40239359540112,0,1,1,204.2006115758327
Hailakandi,2023-10-24 02:15:00,hum,94.0,91.48960110363697,0,1,1,204.2006115758327
Hailakandi,2023-10-25 02:15:00,hum,76.0,92.67813840923847,0,1,1,204.2006115758327
Hailakandi,2023-10-26 02:00:00,hum,97.0,87.31261236349229,0,1,1,204.2006115758327
Hailakandi,2023-10-27 02:15:00,hum,93.0,90.17786680172178,0,1,1,204.2006115758327
Hailakandi,2023-10-28 02:00:00,hum,92.0,90.80055864345674,0,1,1,204.2006115758327
Hailakandi,2023-10-29 02:30:00,hum,91.0,91.0620225818694,0,1,1,204.2006115758327
Hailakandi,2023-10-30 01:45:00,hum,90.0,91.04824123417343,0,1,1,204.2006115758327
Hamirpur,2023-10-15 02:30:00,hum,38.0,39.22500364987893,1,1,0,336.9737503649363
Hamirpur,2023-10-16 02:30:00,hum,41.0,38.776195390375655,1,1,0,336.9737503649363
Hamirpur,2023-10-17 02:15:00,hum,79.0,39.8329863584084,1,1,0,336.9737503649363
Hamirpur,2023-10-18 02:15:00,hum,62.0,65.03470944155825,1,1,0,336.9737503649363
Hamirpur,2023-10-19 02:15:00,hum,46.0,68.50993107591927,1,1,0,336.9737503649363
Hamirpur,2023-10-20 02:15:00,hum,43.0,51.33958926551989,1,1,0,336.9737503649363
Hamirpur,2023-10-21 02:15:00,hum,44.0,43.95184876035331,1,1,0,336.9737503649363
Hamirpur,2023-10-22 02:15:00,hum,48.0,43.68257836911167,1,1,0,336.9737503649363
Hamirpur,2023-10-23 02:00:00,hum,51.0,46.73204798661267,1,1,0,336.9737503649363
Hamirpur,2023-10-24 02:15:00,hum,41.0,50.055073139422944,1,1,0,336.9737503649363
Hamirpur,2023-10-25 02:15:00,hum,47.0,44.18370301543526,1,1,0,336.9737503649363
Hamirpur,2023-10-26 02:00:00,hum,42.0,45.068580420652964,1,1,0,336.9737503649363
Hamirpur,2023-10-27 02:15:00,hum,36.0,43.62112107571798,1,1,0,336.9737503649363
Hamirpur,2023-10-28 02:00:00,hum,35.0,37.91797952877382,1,1,0,336.9737503649363
Hamirpur,2023-10-29 02:30:00,hum,36.0,35.31763969056092,1,1,0,336.9737503649363
Hamirpur,2023-10-30 01:45:00,hum,38.0,35.682185976508116,1,1,0,336.9737503649363
Hanumangarh,2023-10-15 02:30:00,hum,32.0,32.0,0,1,0,320.03677774783966
Hanumangarh,2023-10-16 02:30:00,hum,39.0,32.0,0,1,0,320.03677774783966
Hanumangarh,2023-10-17 02:30:00,hum,79.0,39.0,0,1,0,320.03677774783966
Hanumangarh,2023-10-18 02:30:00,hum,63.0,79.0,0,1,0,320.03677774783966
Hanumangarh,2023-10-19 02:30:00,hum,43.0,63.0,0,1,0,320.03677774783966
Hanumangarh,2023-10-20 02:30:00,hum,45.0,43.0,0,1,0,320.03677774783966
Hanumangarh,2023-10-21 02:15:00,hum,45.0,45.0,0,1,0,320.03677774783966
Hanumangarh,2023-10-22 02:30:00,hum,50.0,45.0,0,1,0,320.03677774783966
Hanumangarh,2023-10-23 02:15:00,hum,42.0,50.0,0,1,0,320.03677774783966
Hanumangarh,2023-10-24 02:15:00,hum,50.0,42.0,0,1,0,320.03677774783966
Hanumangarh,2023-10-25 02:30:00,hum,48.0,50.0,0,1,0,320.03677774783966
Hanumangarh,2023-10-26 02:00:00,hum,34.0,48.0,0,1,0,320.03677774783966
Hanumangarh,2023-10-27 02:15:00,hum,27.0,34.0,0,1,0,320.03677774783966
Hanumangarh,2023-10-28 02:00:00,hum,28.0,27.000000000000004,0,1,0,320.03677774783966
Hanumangarh,2023-10-29 02:45:00,hum,28.0,28.0,0,1,0,320.03677774783966
Hanumangarh,2023-10-30 02:00:00,hum,31.0,28.0,0,1,0,320.03677774783966
Haora,2023-10-15 02:30:00,hum,84.0,81.04404117491305,0,1,1,257.32759157819777
Haora,2023-10-16 02:30:00,hum,89.0,82.29865183245464,0,1,1,257.32759157819777
Haora,2023-10-17 02:30:00,hum,84.0,84.60787736613538,0,1,1,257.32759157819777
Haora,2023-10-18 02:30:00,hum,84.0,84.41219786898601,0,1,1,257.32759157819777
Haora,2023-10-19 02:15:00,hum,84.0,84.27989513248502,0,1,1,257.32759157819777
Haora,2023-10-20 02:30:00,hum,83.0,84.19017773263121,0,1,1,257.32759157819777
Haora,2023-10-21 02:15:00,hum,83.0,83.80806341285677,0,1,1,257.32759157819777
Haora,2023-10-22 02:15:00,hum,83.0,83.54762668444083,0,1,1,257.32759157819777
Haora,2023-10-23 02:15:00,hum,84.0,83.37082733128197,0,1,1,257.32759157819777
Haora,2023-10-24 02:15:00,hum,83.0,83.57397331223471,0,1,1,257.32759157819777
Haora,2023-10-25 02:15:00,hum,94.0,83.38975137729152,0,1,1,257.32759157819777
Haora,2023-10-26 02:00:00,hum,89.0,86.74051608955376,0,1,1,257.32759157819777
Haora,2023-10-27 02:15:00,hum,84.0,87.57948678034364,0,1,1,257.32759157819777
Haora,2023-10-28 02:00:00,hum,83.0,86.34831208742287,0,1,1,257.32759157819777
Haora,2023-10-29 02:45:00,hum,83.0,85.31860779192604,0,1,1,257.32759157819777
Haora,2023-10-30 01:45:00,hum,83.0,84.60900868828847,0,1,1,257.32759157819777
Hapur,2023-10-15 02:30:00,hum,51.0,46.57969715659208,0,1,2,334.36631442143755
Hapur,2023-10-16 02:30:00,hum,50.0,48.56421155199637,0,1,2,334.36631442143755
Hapur,2023-10-17 02:30:00,hum,82.0,48.466683367219126,0,1,2,334.36631442143755
Hapur,2023-10-18 02:30:00,hum,57.0,74.56179654752204,0,1,2,334.36631442143755
Hapur,2023-10-19 02:30:00,hum,47.0,54.027932126312805,0,1,2,334.36631442143755
Hapur,2023-10-20 02:30:00,hum,42.0,52.474066862768765,0,1,2,334.36631442143755
Hapur,2023-10-21 02:15:00,hum,48.0,46.6076476209313,0,1,2,334.36631442143755
Hapur,2023-10-22 02:30:00,hum,47.0,50.23304509140678,0,1,2,334.36631442143755
Hapur,2023-10-23 02:15:00,hum,49.0,47.635057655674544,0,1,2,334.36631442143755
Hapur,2023-10-24 02:15:00,hum,50.0,49.37989163529699,0,1,2,334.36631442143755
Hapur,2023-10-25 02:30:00,hum,38.0,49.472963954223786,0,1,2,334.36631442143755
Hapur,2023-10-26 02:00:00,hum,36.0,41.33241295928913,0,1,2,334.36631442143755
Hapur,2023-10-27 02:30:00,hum,36.0,40.42625032694636,0,1,2,334.36631442143755
Hapur,2023-10-28 02:00:00,hum,30.0,38.539935589615006,0,1,2,334.36631442143755
Hapur,2023-10-29 02:45:00,hum,39.0,33.378687125645406,0,1,2,334.36631442143755
Hapur,2023-10-30 02:00:00,hum,44.0,39.48059297037811,0,1,2,334.36631442143755
Harda,2023-10-15 02:30:00,hum,52.0,55.0,0,1,0,266.90880115055023
Harda,2023-10-16 02:30:00,hum,59.0,52.0,0,1,0,266.90880115055023
Harda,2023-10-17 02:15:00,hum,69.0,59.0,0,1,0,266.90880115055023
Harda,2023-10-18 02:15:00,hum,66.0,69.0,0,1,0,266.90880115055023
Harda,2023-10-19 02:15:00,hum,59.0,66.0,0,1,0,266.90880115055023
Harda,2023-10-20 02:15:00,hum,61.0,59.0,0,1,0,266.90880115055023
Harda,2023-10-21 02:00:00,hum,50.0,61.0,0,1,0,266.90880115055023
Harda,2023-10-22 02:15:00,hum,51.0,50.0,0,1,0,266.90880115055023
Harda,2023-10-23 02:00:00,hum,50.0,51.0,0,1,0,266.90880115055023
Harda,2023-10-24 02:15:00,hum,59.0,50.0,0,1,0,266.90880115055023
Harda,2023-10-25 02:15:00,hum,56.0,59.0,0,1,0,266.90880115055023
Harda,2023-10-26 02:00:00,hum,47.0,56.0,0,1,0,266.90880115055023
Harda,2023-10-27 02:15:00,hum,47.0,47.0,0,1,0,266.90880115055023
Harda,2023-10-28 02:00:00,hum,46.0,47.0,0,1,0,266.90880115055023
Harda,2023-10-29 02:30:00,hum,46.0,46.0,0,1,0,266.90880115055023
Harda,2023-10-30 01:45:00,hum,46.0,46.0,0,1,0,266.90880115055023
Hardoi,2023-10-15 02:30:00,hum,50.0,48.93589298789837,0,1,1,333.0274190877503
Hardoi,2023-10-16 02:30:00,hum,56.0,49.519132890668104,0,1,1,333.0274190877503
Hardoi,2023-10-17 02:30:00,hum,78.0,53.085585302182835,0,1,1,333.0274190877503
Hardoi,2023-10-18 02:30:00,hum,66.0,67.71094919149759,0,1,1,333.0274190877503
Hardoi,2023-10-19 02:30:00,hum,55.0,66.63702680590904,0,1,1,333.0274190877503
Hardoi,2023-10-20 02:30:00,hum,43.0,60.07808839230822,0,1,1,333.0274190877503
Hardoi,2023-10-21 02:15:00,hum,53.0,50.17427857395052,0,1,1,333.0274190877503
Hardoi,2023-10-22 02:30:00,hum,53.0,51.86398551330881,0,1,1,333.0274190877503
Hardoi,2023-10-23 02:15:00,hum,53.0,52.50904011092281,0,1,1,333.0274190877503
Hardoi,2023-10-24 02:15:00,hum,47.0,52.786226724884045,0,1,1,333.0274190877503
Hardoi,2023-10-25 02:30:00,hum,51.0,49.52172185455193,0,1,1,333.0274190877503
Hardoi,2023-10-26 02:00:00,hum,44.0,50.35760828648467,0,1,1,333.0274190877503
Hardoi,2023-10-27 02:30:00,hum,41.0,46.774019307993505,0,1,1,333.0274190877503
Hardoi,2023-10-28 02:00:00,hum,43.0,43.46179070402549,0,1,1,333.0274190877503
Hardoi,2023-10-29 02:45:00,hum,42.0,43.19625655213782,0,1,1,333.0274190877503
Hardoi,2023-10-30 02:00:00,hum,48.0,42.511371365209875,0,1,1,333.0274190877503
Hardwar,2023-10-15 02:30:00,hum,60.0,61.15004233719709,1,1,0,288.9725718070247
Hardwar,2023-10-16 02:30:00,hum,61.0,60.85252992244116,1,1,0,288.9725718070247
Hardwar,2023-10-17 02:30:00,hum,76.0,60.57339789031784,1,1,0,288.9725718070247
Hardwar,2023-10-18 02:30:00,hum,65.0,69.72552220098586,1,1,0,288.9725718070247
Hardwar,2023-10-19 02:15:00,hum,67.0,69.9335355180532,1,1,0,288.9725718070247
Hardwar,2023-10-20 02:30:00,hum,70.0,66.12877227954489,1,1,0,288.9725718070247
Hardwar,2023-10-21 02:15:00,hum,64.0,68.70221496653087,1,1,0,288.9725718070247
Hardwar,2023-10-22 02:15:00,hum,62.0,66.63005348480006,1,1,0,288.9725718070247
Hardwar,2023-10-23 02:15:00,hum,61.0,62.854785499012706,1,1,0,288.9725718070247
Hardwar,2023-10-24 02:15:00,hum,58.0,61.42605889544838,1,1,0,288.9725718070247
Hardwar,2023-10-25 02:15:00,hum,53.0,59.27439944770322,1,1,0,288.9725718070247
Hardwar,2023-10-26 02:00:00,hum,50.0,55.086767457271606,1,1,0,288.9725718070247
Hardwar,2023-10-27 02:15:00,hum,55.0,51.222303898255404,1,1,0,288.9725718070247
Hardwar,2023-10-28 02:00:00,hum,55.0,52.9403234956181,1,1,0,288.9725718070247
Hardwar,2023-10-29 02:30:00,hum,57.0,55.0,1,1,0,288.9725718070247
Hardwar,2023-10-30 01:45:00,hum,56.0,56.18367527933837,1,1,0,288.9725718070247
Hassan,2023-10-16 02:30:00,hum,76.0,85.5817742443527,0,1,1,243.13332320272576
Hassan,2023-10-17 02:30:00,hum,89.0,81.53776182506489,0,1,1,243.13332320272576
Hassan,2023-10-18 02:30:00,hum,81.0,84.27055871324798,0,1,1,243.13332320272576
Hassan,2023-10-19 02:15:00,hum,82.0,83.15007809895057,0,1,1,243.13332320272576
Hassan,2023-10-20 02:30:00,hum,71.0,82.75847022819215,0,1,1,243.13332320272576
Hassan,2023-10-21 02:15:00,hum,73.0,78.5186719268264,0,1,1,243.13332320272576
Hassan,2023-10-22 02:15:00,hum,66.0,75.87015968521261,0,1,1,243.13332320272576
Hassan,2023-10-23 02:15:00,hum,67.0,70.51429138687276,0,1,1,243.13332320272576
Hassan,2023-10-24 02:15:00,hum,50.0,68.46758228784068,0,1,1,243.13332320272576
Hassan,2023-10-25 02:15:00,hum,50.0,57.02610964738643,0,1,1,243.13332320272576
Hassan,2023-10-26 02:00:00,hum,49.0,51.96839441745103,0,1,1,243.13332320272576
Hassan,2023-10-27 02:15:00,hum,57.0,49.89870817135936,0,1,1,243.13332320272576
Hassan,2023-10-28 02:00:00,hum,63.0,54.62685867790846,0,1,1,243.13332320272576
Hassan,2023-10-29 02:45:00,hum,87.0,60.3202067409335,0,1,1,243.13332320272576
Hassan,2023-10-30 02:00:00,hum,91.0,81.62368683445943,0,1,1,243.13332320272576
Haveri,2023-10-15 02:30:00,hum,79.0,64.0,0,1,0,243.34081463485268
Haveri,2023-10-16 02:30:00,hum,90.0,79.0,0,1,0,243.34081463485268
Haveri,2023-10-17 02:30:00,hum,77.0,90.0,0,1,0,243.34081463485268
Haveri,2023-10-18 02:30:00,hum,73.0,77.0,0,1,0,243.34081463485268
Haveri,2023-10-19 02:15:00,hum,59.0,73.0,0,1,0,243.34081463485268
Haveri,2023-10-20 02:30:00,hum,61.0,59.0,0,1,0,243.34081463485268
Haveri,2023-10-21 02:15:00,hum,75.0,61.0,0,1,0,243.34081463485268
Haveri,2023-10-22 02:15:00,hum,68.0,75.0,0,1,0,243.34081463485268
Haveri,2023-10-23 02:15:00,hum,49.0,68.0,0,1,0,243.34081463485268
Haveri,2023-10-24 02:15:00,hum,50.0,48.99999999999999,0,1,0,243.34081463485268
Haveri,2023-10-25 02:15:00,hum,54.0,50.0,0,1,0,243.34081463485268
Haveri,2023-10-26 02:00:00,hum,50.0,54.0,0,1,0,243.34081463485268
Haveri,2023-10-27 02:15:00,hum,49.0,50.0,0,1,0,243.34081463485268
Haveri,2023-10-28 02:00:00,hum,47.0,49.0,0,1,0,243.34081463485268
Haveri,2023-10-29 02:45:00,hum,71.0,47.0,0,1,0,243.34081463485268
Haveri,2023-10-30 02:00:00,hum,76.0,71.0,0,1,0,243.34081463485268
Hazaribagh,2023-10-15 02:30:00,hum,72.0,94.59085585373406,2,1,2,292.47299410150873
Hazaribagh,2023-10-16 02:30:00,hum,66.0,59.71434721960054,2,1,2,292.47299410150873
Hazaribagh,2023-10-17 02:15:00,hum,79.0,70.02683403103254,2,1,2,292.47299410150873
Hazaribagh,2023-10-18 02:30:00,hum,83.0,83.30883065179879,2,1,2,292.47299410150873
Hazaribagh,2023-10-19 02:15:00,hum,91.0,71.9033068276573,2,1,2,292.47299410150873
Hazaribagh,2023-10-20 02:30:00,hum,77.0,94.61006392074192,2,1,2,292.47299410150873
Hazaribagh,2023-10-21 02:15:00,hum,73.0,76.6366575524932,2,1,2,292.47299410150873
Hazaribagh,2023-10-22 02:15:00,hum,64.0,74.51227725711887,2,1,2,292.47299410150873
Hazaribagh,2023-10-23 02:00:00,hum,70.0,65.62867647514345,2,1,2,292.47299410150873
Hazaribagh,2023-10-24 02:15:00,hum,67.0,75.98473347003123,2,1,2,292.47299410150873
Hazaribagh,2023-10-25 02:15:00,hum,77.0,65.79815923850568,2,1,2,292.47299410150873
Hazaribagh,2023-10-26 02:00:00,hum,67.0,77.8114548632472,2,1,2,292.47299410150873
Hazaribagh,2023-10-27 02:15:00,hum,65.0,67.62141889297415,2,1,2,292.47299410150873
Hazaribagh,2023-10-28 02:00:00,hum,77.0,67.2418603956828,2,1,2,292.47299410150873
Hazaribagh,2023-10-29 02:30:00,hum,66.0,72.64809803183854,2,1,2,292.47299410150873
Hazaribagh,2023-10-30 01:45:00,hum,72.0,69.08731363314736,2,1,2,292.47299410150873
Hingoli,2023-10-15 02:30:00,hum,59.0,63.39241137793428,1,1,0,255.99804953796445
Hingoli,2023-10-16 02:30:00,hum,62.0,60.551410461811074,1,1,0,255.99804953796445
Hingoli,2023-10-17 02:30:00,hum,64.0,60.818261062267425,1,1,0,255.99804953796445
Hingoli,2023-10-18 02:30:00,hum,67.0,63.231291936353934,1,1,0,255.99804953796445
Hingoli,2023-10-19 02:30:00,hum,61.0,65.86959232549376,1,1,0,255.99804953796445
Hingoli,2023-10-20 02:30:00,hum,74.0,63.34783569879526,1,1,0,255.99804953796445
Hingoli,2023-10-21 02:15:00,hum,78.0,68.12880282632278,1,1,0,255.99804953796445
Hingoli,2023-10-22 02:30:00,hum,58.0,76.61841396563493,1,1,0,255.99804953796445
Hingoli,2023-10-23 02:15:00,hum,61.0,66.07161486882322,1,1,0,255.99804953796445
Hingoli,2023-10-24 02:15:00,hum,62.0,59.97494720904126,1,1,0,255.99804953796445
Hingoli,2023-10-25 02:15:00,hum,57.0,61.66191376922771,1,1,0,255.99804953796445
Hingoli,2023-10-26 02:00:00,hum,46.0,58.704706590690925,1,1,0,255.99804953796445
Hingoli,2023-10-27 02:15:00,hum,52.0,49.32618407760558,1,1,0,255.99804953796445
Hingoli,2023-10-28 02:00:00,hum,55.0,50.08675431217715,1,1,0,255.99804953796445
Hingoli,2023-10-29 02:45:00,hum,51.0,54.091747073906014,1,1,0,255.99804953796445
Hingoli,2023-10-30 02:00:00,hum,58.0,52.23145443901647,1,1,0,255.99804953796445
Hisar,2023-10-15 02:30:00,hum,31.0,27.0,0,1,0,324.1074023259103
Hisar,2023-10-16 02:30:00,hum,42.0,31.0,0,1,0,324.1074023259103
Hisar,2023-10-17 02:15:00,hum,75.0,42.0,0,1,0,324.1074023259103
Hisar,2023-10-18 02:30:00,hum,58.0,75.0,0,1,0,324.1074023259103
Hisar,2023-10-19 02:15:00,hum,41.0,58.0,0,1,0,324.1074023259103
Hisar,2023-10-20 02:30:00,hum,35.0,41.0,0,1,0,324.1074023259103
Hisar,2023-10-21 02:15:00,hum,40.0,35.0,0,1,0,324.1074023259103
Hisar,2023-10-22 02:15:00,hum,39.0,40.0,0,1,0,324.1074023259103
Hisar,2023-10-23 02:15:00,hum,37.0,39.0,0,1,0,324.1074023259103
Hisar,2023-10-24 02:15:00,hum,45.0,37.0,0,1,0,324.1074023259103
Hisar,2023-10-25 02:15:00,hum,38.0,45.0,0,1,0,324.1074023259103
Hisar,2023-10-26 02:00:00,hum,31.0,38.0,0,1,0,324.1074023259103
Hisar,2023-10-27 02:15:00,hum,25.0,31.0,0,1,0,324.1074023259103
Hisar,2023-10-28 02:00:00,hum,25.0,25.0,0,1,0,324.1074023259103
Hisar,2023-10-29 02:30:00,hum,27.0,25.0,0,1,0,324.1074023259103
Hisar,2023-10-30 01:45:00,hum,30.0,27.0,0,1,0,324.1074023259103
Hojai,2023-10-15 02:30:00,hum,94.0,93.27572831672497,1,0,2,189.76788158770594
Hojai,2023-10-16 02:30:00,hum,93.0,93.05203955803165,1,0,2,189.76788158770594
Hojai,2023-10-17 02:30:00,hum,93.0,94.41430430965228,1,0,2,189.76788158770594
Hojai,2023-10-18 02:30:00,hum,94.0,93.40958129646653,1,0,2,189.76788158770594
Hojai,2023-10-19 02:30:00,hum,94.0,93.69109885698826,1,0,2,189.76788158770594
Hojai,2023-10-20 02:30:00,hum,92.0,94.6807240644308,1,0,2,189.76788158770594
Hojai,2023-10-21 02:30:00,hum,94.0,92.79906644165024,1,0,2,189.76788158770594
Hojai,2023-10-22 02:30:00,hum,93.0,93.08754409655117,1,0,2,189.76788158770594
Hojai,2023-10-23 02:15:00,hum,92.0,94.45453488501408,1,0,2,189.76788158770594
Hojai,2023-10-24 02:15:00,hum,85.0,92.64586819158446,1,0,2,189.76788158770594
Hojai,2023-10-25 02:30:00,hum,93.0,86.75308587556879,1,0,2,189.76788158770594
Hojai,2023-10-26 02:00:00,hum,96.0,91.84940364135596,1,0,2,189.76788158770594
Hojai,2023-10-27 02:30:00,hum,95.0,97.29270273405938,1,0,2,189.76788158770594
Hojai,2023-10-28 02:00:00,hum,95.0,94.665240500113,1,0,2,189.76788158770594
Hojai,2023-10-29 02:45:00,hum,93.0,94.27040411810133,1,0,2,189.76788158770594
Hojai,2023-10-30 02:00:00,hum,94.0,93.50821022767528,1,0,2,189.76788158770594
Hoshangabad,2023-10-15 02:30:00,hum,55.0,56.0,0,1,0,279.1082577289431
Hoshangabad,2023-10-16 02:30:00,hum,56.0,55.0,0,1,0,279.1082577289431
Hoshangabad,2023-10-17 02:15:00,hum,73.0,56.0,0,1,0,279.1082577289431
Hoshangabad,2023-10-18 02:15:00,hum,64.0,73.0,0,1,0,279.1082577289431
Hoshangabad,2023-10-19 02:15:00,hum,61.0,64.0,0,1,0,279.1082577289431
Hoshangabad,2023-10-20 02:15:00,hum,69.0,61.0,0,1,0,279.1082577289431
Hoshangabad,2023-10-21 02:00:00,hum,54.0,69.0,0,1,0,279.1082577289431
Hoshangabad,2023-10-22 02:15:00,hum,53.0,53.99999999999999,0,1,0,279.1082577289431
Hoshangabad,2023-10-23 02:00:00,hum,60.0,53.0,0,1,0,279.1082577289431
Hoshangabad,2023-10-24 02:15:00,hum,61.0,59.99999999999999,0,1,0,279.1082577289431
Hoshangabad,2023-10-25 02:15:00,hum,52.0,61.0,0,1,0,279.1082577289431
Hoshangabad,2023-10-26 02:00:00,hum,47.0,52.0,0,1,0,279.1082577289431
Hoshangabad,2023-10-27 02:15:00,hum,46.0,47.0,0,1,0,279.1082577289431
Hoshangabad,2023-10-28 02:00:00,hum,48.0,46.0,0,1,0,279.1082577289431
Hoshangabad,2023-10-29 02:30:00,hum,46.0,48.0,0,1,0,279.1082577289431
Hoshangabad,2023-10-30 01:45:00,hum,52.0,46.0,0,1,0,279.1082577289431
Hoshiarpur,2023-10-15 02:30:00,hum,45.0,45.46373590361787,0,1,1,294.39548212699987
Hoshiarpur,2023-10-16 02:30:00,hum,50.0,45.196707171254886,0,1,1,294.39548212699987
Hoshiarpur,2023-10-17 02:30:00,hum,70.0,47.957836277485136,0,1,1,294.39548212699987
Hoshiarpur,2023-10-18 02:30:00,hum,50.0,61.71913972188615,0,1,1,294.39548212699987
Hoshiarpur,2023-10-19 02:15:00,hum,57.0,54.487208805540845,0,1,1,294.39548212699987
Hoshiarpur,2023-10-20 02:30:00,hum,51.0,55.82367062493027,0,1,1,294.39548212699987
Hoshiarpur,2023-10-21 02:15:00,hum,46.0,53.27408419795559,0,1,1,294.39548212699987
Hoshiarpur,2023-10-22 02:15:00,hum,47.0,49.38357184192014,0,1,1,294.39548212699987
Hoshiarpur,2023-10-23 02:15:00,hum,47.0,48.07487328276328,0,1,1,294.39548212699987
Hoshiarpur,2023-10-24 02:15:00,hum,53.0,47.48809917777595,0,1,1,294.39548212699987
Hoshiarpur,2023-10-25 02:15:00,hum,45.0,50.44729167311752,0,1,1,294.39548212699987
Hoshiarpur,2023-10-26 02:00:00,hum,42.0,47.554792769508715,0,1,1,294.39548212699987
Hoshiarpur,2023-10-27 02:15:00,hum,47.0,44.5730641673961,0,1,1,294.39548212699987
Hoshiarpur,2023-10-28 02:00:00,hum,45.0,45.876374629562264,0,1,1,294.39548212699987
Hoshiarpur,2023-10-29 02:45:00,hum,45.0,45.411610070863,0,1,1,294.39548212699987
Hoshiarpur,2023-10-30 02:00:00,hum,46.0,45.19332332494236,0,1,1,294.39548212699987
Hugli,2023-10-15 02:30:00,hum,84.0,81.12971379737702,0,1,1,258.3370574224992
Hugli,2023-10-16 02:30:00,hum,89.0,82.33681554980618,0,1,1,258.3370574224992
Hugli,2023-10-17 02:30:00,hum,84.0,84.60385286626318,0,1,1,258.3370574224992
Hugli,2023-10-18 02:30:00,hum,84.0,84.41354858238114,0,1,1,258.3370574224992
Hugli,2023-10-19 02:15:00,hum,84.0,84.28345581607596,0,1,1,258.3370574224992
Hugli,2023-10-20 02:30:00,hum,83.0,84.19439005932061,0,1,1,258.3370574224992
Hugli,2023-10-21 02:15:00,hum,83.0,83.81827171028361,0,1,1,258.3370574224992
Hugli,2023-10-22 02:15:00,hum,83.0,83.55951495078018,0,1,1,258.3370574224992
Hugli,2023-10-23 02:15:00,hum,84.0,83.38224522714088,0,1,1,258.3370574224992
Hugli,2023-10-24 02:15:00,hum,83.0,83.57800555908041,0,1,1,258.3370574224992
Hugli,2023-10-25 02:15:00,hum,94.0,83.39601394735061,0,1,1,258.3370574224992
Hugli,2023-10-26 02:00:00,hum,89.0,86.67780028950298,0,1,1,258.3370574224992
Hugli,2023-10-27 02:15:00,hum,84.0,87.52283716562059,0,1,1,258.3370574224992
Hugli,2023-10-28 02:00:00,hum,83.0,86.33111005631821,0,1,1,258.3370574224992
Hugli,2023-10-29 02:45:00,hum,83.0,85.32539487292483,0,1,1,258.3370574224992
Hugli,2023-10-30 02:00:00,hum,83.0,84.62853720073342,0,1,1,258.3370574224992
Idukki,2023-10-15 02:30:00,hum,94.0,90.17980290007539,0,1,2,197.19605078702568
Idukki,2023-10-16 02:30:00,hum,83.0,92.11429633567161,0,1,2,197.19605078702568
Idukki,2023-10-17 02:30:00,hum,92.0,89.5720537903264,0,1,2,197.19605078702568
Idukki,2023-10-18 02:30:00,hum,93.0,90.92864550731488,0,1,2,197.19605078702568
Idukki,2023-10-19 02:15:00,hum,89.0,91.02225269567367,0,1,2,197.19605078702568
Idukki,2023-10-20 02:30:00,hum,91.0,90.63934238463462,0,1,2,197.19605078702568
Idukki,2023-10-21 02:15:00,hum,89.0,90.82993101048189,0,1,2,197.19605078702568
Idukki,2023-10-22 02:15:00,hum,89.0,90.63360751891521,0,1,2,197.19605078702568
Idukki,2023-10-23 02:15:00,hum,91.0,90.59964412158207,0,1,2,197.19605078702568
Idukki,2023-10-24 02:15:00,hum,94.0,90.77195434365296,0,1,2,197.19605078702568
Idukki,2023-10-25 02:15:00,hum,91.0,91.08022284124074,0,1,2,197.19605078702568
Idukki,2023-10-26 02:00:00,hum,92.0,90.7957208753519,0,1,2,197.19605078702568
Idukki,2023-10-27 02:15:00,hum,93.0,90.92519670700537,0,1,2,197.19605078702568
Idukki,2023-10-28 02:00:00,hum,94.0,91.05337443418605,0,1,2,197.19605078702568
Idukki,2023-10-29 02:30:00,hum,92.0,91.23666671077044,0,1,2,197.19605078702568
Idukki,2023-10-30 02:00:00,hum,93.0,91.01891338356866,0,1,2,197.19605078702568
Imphal,2023-10-15 02:30:00,hum,95.0,96.42468824107203,0,1,2,191.7730186616747
Imphal,2023-10-16 02:30:00,hum,94.0,96.24648778023392,0,1,2,191.7730186616747
Imphal,2023-10-17 02:15:00,hum,94.0,95.43868352486865,0,1,2,191.7730186616747
Imphal,2023-10-18 02:30:00,hum,92.0,95.48715568445904,0,1,2,191.7730186616747
Imphal,2023-10-19 02:15:00,hum,90.0,93.19656294513507,0,1,2,191.7730186616747
Imphal,2023-10-20 02:30:00,hum,92.0,91.49938933834753,0,1,2,191.7730186616747
Imphal,2023-10-21 02:15:00,hum,88.0,93.06420051629242,0,1,2,191.7730186616747
Imphal,2023-10-22 02:15:00,hum,94.0,88.38800028229664,0,1,2,191.7730186616747
Imphal,2023-10-23 02:15:00,hum,96.0,93.97523058014187,0,1,2,191.7730186616747
Imphal,2023-10-24 02:15:00,hum,89.0,93.92227965768497,0,1,2,191.7730186616747
Imphal,2023-10-25 02:15:00,hum,99.0,89.66133316014721,0,1,2,191.7730186616747
Imphal,2023-10-26 02:00:00,hum,98.0,96.82144272936259,0,1,2,191.7730186616747
Imphal,2023-10-27 02:15:00,hum,98.0,94.74903052820099,0,1,2,191.7730186616747
Imphal,2023-10-28 02:00:00,hum,94.0,96.79718613600971,0,1,2,191.7730186616747
Imphal,2023-10-29 02:30:00,hum,92.0,94.33644844323695,0,1,2,191.7730186616747
Imphal,2023-10-30 01:45:00,hum,94.0,93.65237104308066,0,1,2,191.7730186616747
Indore,2023-10-15 02:30:00,hum,51.0,58.609006984361486,0,1,1,304.1834694311991
Indore,2023-10-16 02:30:00,hum,62.0,52.616584314670035,0,1,1,304.1834694311991
Indore,2023-10-17 02:15:00,hum,64.0,59.41396473741145,0,1,1,304.1834694311991
Indore,2023-10-18 02:15:00,hum,62.0,62.72371993142712,0,1,1,304.1834694311991
Indore,2023-10-19 02:15:00,hum,56.0,62.20173556000276,0,1,1,304.1834694311991
Indore,2023-10-20 02:15:00,hum,58.0,57.77711635755698,0,1,1,304.1834694311991
Indore,2023-10-21 02:00:00,hum,53.0,57.937200977904276,0,1,1,304.1834694311991
Indore,2023-10-22 02:15:00,hum,56.0,54.40226294815218,0,1,1,304.1834694311991
Indore,2023-10-23 02:00:00,hum,65.0,55.545575172281794,0,1,1,304.1834694311991
Indore,2023-10-24 02:15:00,hum,45.0,62.27787370087029,0,1,1,304.1834694311991
Indore,2023-10-25 02:15:00,hum,42.0,50.925680639934995,0,1,1,304.1834694311991
Indore,2023-10-26 02:00:00,hum,46.0,44.534013476285985,0,1,1,304.1834694311991
Indore,2023-10-27 02:15:00,hum,36.0,45.56851447970999,0,1,1,304.1834694311991
Indore,2023-10-28 01:45:00,hum,49.0,38.91697388244409,0,1,1,304.1834694311991
Indore,2023-10-29 02:30:00,hum,60.0,45.684108116186245,0,1,1,304.1834694311991
Indore,2023-10-30 01:45:00,hum,42.0,55.667177232507115,0,1,1,304.1834694311991
Jabalpur,2023-10-15 02:30:00,hum,60.0,64.94965162455682,0,1,2,309.94394941815636
Jabalpur,2023-10-16 02:30:00,hum,65.0,62.91608282536578,0,1,2,309.94394941815636
Jabalpur,2023-10-17 02:15:00,hum,75.0,65.6331492395296,0,1,2,309.94394941815636
Jabalpur,2023-10-18 02:15:00,hum,75.0,71.9995622942664,0,1,2,309.94394941815636
Jabalpur,2023-10-19 02:15:00,hum,68.0,71.6050192102497,0,1,2,309.94394941815636
Jabalpur,2023-10-20 02:15:00,hum,63.0,68.16217444588435,0,1,2,309.94394941815636
Jabalpur,2023-10-21 02:00:00,hum,57.0,65.48664854954464,0,1,2,309.94394941815636
Jabalpur,2023-10-22 02:15:00,hum,55.0,60.75040788193333,0,1,2,309.94394941815636
Jabalpur,2023-10-23 02:00:00,hum,56.0,58.836186778175716,0,1,2,309.94394941815636
Jabalpur,2023-10-24 02:15:00,hum,63.0,58.24092642851521,0,1,2,309.94394941815636
Jabalpur,2023-10-25 02:15:00,hum,59.0,62.69332719376753,0,1,2,309.94394941815636
Jabalpur,2023-10-26 02:00:00,hum,54.0,58.582435103884364,0,1,2,309.94394941815636
Jabalpur,2023-10-27 02:15:00,hum,51.0,56.177705327614106,0,1,2,309.94394941815636
Jabalpur,2023-10-28 02:00:00,hum,49.0,53.50918770546536,0,1,2,309.94394941815636
Jabalpur,2023-10-29 02:30:00,hum,54.0,51.44083934314789,0,1,2,309.94394941815636
Jabalpur,2023-10-30 01:45:00,hum,50.0,54.68726626336697,0,1,2,309.94394941815636
Jagatsinghapur,2023-10-15 02:30:00,hum,84.0,86.17424463583312,0,1,1,269.59401757121634
Jagatsinghapur,2023-10-16 02:30:00,hum,89.0,85.58279175852944,0,1,1,269.59401757121634
Jagatsinghapur,2023-10-17 02:30:00,hum,89.0,86.47731217511947,0,1,1,269.59401757121634
Jagatsinghapur,2023-10-18 02:30:00,hum,94.0,87.07393938585797,0,1,1,269.59401757121634
Jagatsinghapur,2023-10-19 02:30:00,hum,89.0,88.68693439339282,0,1,1,269.59401757121634
Jagatsinghapur,2023-10-20 02:30:00,hum,94.0,88.76475708450447,0,1,1,269.59401757121634
Jagatsinghapur,2023-10-21 02:15:00,hum,89.0,90.20405281831418,0,1,1,269.59401757121634
Jagatsinghapur,2023-10-22 02:30:00,hum,83.0,89.84161662123522,0,1,1,269.59401757121634
Jagatsinghapur,2023-10-23 02:15:00,hum,79.0,88.20286084329888,0,1,1,269.59401757121634
Jagatsinghapur,2023-10-24 02:15:00,hum,89.0,86.05835012831078,0,1,1,269.59401757121634
Jagatsinghapur,2023-10-25 02:15:00,hum,94.0,86.84319580574265,0,1,1,269.59401757121634
Jagatsinghapur,2023-10-26 02:00:00,hum,94.0,88.3085150319522,0,1,1,269.59401757121634
Jagatsinghapur,2023-10-27 02:15:00,hum,83.0,89.46042183055204,0,1,1,269.59401757121634
Jagatsinghapur,2023-10-28 02:00:00,hum,78.0,88.17331889655514,0,1,1,269.59401757121634
Jagatsinghapur,2023-10-29 02:45:00,hum,83.0,86.31762691263631,0,1,1,269.59401757121634
Jagatsinghapur,2023-10-30 02:00:00,hum,88.0,85.5678616939932,0,1,1,269.59401757121634
Jagtial,2023-10-15 02:30:00,hum,68.0,73.12153057033878,0,1,1,260.9727856424266
Jagtial,2023-10-16 02:30:00,hum,63.0,69.38157722367212,0,1,1,260.9727856424266
Jagtial,2023-10-17 02:30:00,hum,70.0,64.4300411880678,0,1,1,260.9727856424266
Jagtial,2023-10-18 02:30:00,hum,71.0,68.55309836246035,0,1,1,260.9727856424266
Jagtial,2023-10-19 02:30:00,hum,72.0,70.34862150463056,0,1,1,260.9727856424266
Jagtial,2023-10-20 02:30:00,hum,81.0,71.57059426082893,0,1,1,260.9727856424266
Jagtial,2023-10-21 02:30:00,hum,77.0,78.76731419067704,0,1,1,260.9727856424266
Jagtial,2023-10-22 02:30:00,hum,65.0,77.40804119026039,0,1,1,260.9727856424266
Jagtial,2023-10-23 02:15:00,hum,59.0,68.33598955118094,0,1,1,260.9727856424266
Jagtial,2023-10-24 02:15:00,hum,68.0,60.100107276219056,0,1,1,260.9727856424266
Jagtial,2023-10-25 02:30:00,hum,65.0,66.38528161924347,0,1,1,260.9727856424266
Jagtial,2023-10-26 02:00:00,hum,60.0,65.32559481527264,0,1,1,260.9727856424266
Jagtial,2023-10-27 02:30:00,hum,54.0,61.26311459369012,0,1,1,260.9727856424266
Jagtial,2023-10-28 02:00:00,hum,61.0,55.36478547952834,0,1,1,260.9727856424266
Jagtial,2023-10-29 02:45:00,hum,61.0,59.729497051785614,0,1,1,260.9727856424266
Jagtial,2023-10-30 02:00:00,hum,63.0,60.69948562530965,0,1,1,260.9727856424266
Jaipur,2023-10-15 02:30:00,hum,40.0,57.026801523585206,1,1,0,316.03295704081796
Jaipur,2023-10-16 02:30:00,hum,61.0,44.042241149037835,1,1,0,316.03295704081796
Jaipur,2023-10-17 02:30:00,hum,69.0,52.30066632275576,1,1,0,316.03295704081796
Jaipur,2023-10-18 02:30:00,hum,73.0,66.32859518410115,1,1,0,316.03295704081796
Jaipur,2023-10-19 02:30:00,hum,65.0,71.71211677635993,1,1,0,316.03295704081796
Jaipur,2023-10-20 02:30:00,hum,61.0,67.62447655444852,1,1,0,316.03295704081796
Jaipur,2023-10-21 02:15:00,hum,61.0,62.26553894955264,1,1,0,316.03295704081796
Jaipur,2023-10-22 02:30:00,hum,57.0,61.0,1,1,0,316.03295704081796
Jaipur,2023-10-23 02:15:00,hum,61.0,58.26195856311599,1,1,0,316.03295704081796
Jaipur,2023-10-24 02:15:00,hum,57.0,59.727984378068854,1,1,0,316.03295704081796
Jaipur,2023-10-25 02:15:00,hum,54.0,58.281951010315005,1,1,0,316.03295704081796
Jaipur,2023-10-26 02:00:00,hum,65.0,54.950462104222055,1,1,0,316.03295704081796
Jaipur,2023-10-27 02:15:00,hum,49.0,61.442964877422654,1,1,0,316.03295704081796
Jaipur,2023-10-28 02:00:00,hum,44.0,54.637525449723974,1,1,0,316.03295704081796
Jaipur,2023-10-29 02:45:00,hum,64.0,45.590027390169524,1,1,0,316.03295704081796
Jaipur,2023-10-30 02:00:00,hum,53.0,57.27714975977719,1,1,0,316.03295704081796
Jaisalmer,2023-10-15 02:30:00,hum,47.0,45.0,0,1,0,342.43120314646654
Jaisalmer,2023-10-16 02:30:00,hum,31.0,47.0,0,1,0,342.43120314646654
Jaisalmer,2023-10-17 02:30:00,hum,54.0,30.999999999999996,0,1,0,342.43120314646654
Jaisalmer,2023-10-18 02:30:00,hum,58.0,54.0,0,1,0,342.43120314646654
Jaisalmer,2023-10-19 02:30:00,hum,53.0,58.0,0,1,0,342.43120314646654
Jaisalmer,2023-10-20 02:30:00,hum,38.0,53.0,0,1,0,342.43120314646654
Jaisalmer,2023-10-21 02:15:00,hum,31.0,38.0,0,1,0,342.43120314646654
Jaisalmer,2023-10-22 02:30:00,hum,31.0,31.0,0,1,0,342.43120314646654
Jaisalmer,2023-10-23 02:15:00,hum,37.0,31.0,0,1,0,342.43120314646654
Jaisalmer,2023-10-24 02:15:00,hum,28.0,37.0,0,1,0,342.43120314646654
Jaisalmer,2023-10-25 02:30:00,hum,24.0,28.0,0,1,0,342.43120314646654
Jaisalmer,2023-10-26 02:00:00,hum,21.0,24.0,0,1,0,342.43120314646654
Jaisalmer,2023-10-27 02:15:00,hum,27.0,21.0,0,1,0,342.43120314646654
Jaisalmer,2023-10-28 02:00:00,hum,32.0,27.0,0,1,0,342.43120314646654
Jaisalmer,2023-10-29 02:45:00,hum,30.0,32.0,0,1,0,342.43120314646654
Jaisalmer,2023-10-30 02:00:00,hum,26.0,30.0,0,1,0,342.43120314646654
Jalandhar,2023-10-15 02:30:00,hum,43.0,40.0,1,1,0,307.97541975757736
Jalandhar,2023-10-16 02:30:00,hum,46.0,42.08101373630769,1,1,0,307.97541975757736
Jalandhar,2023-10-17 02:30:00,hum,68.0,45.092752867571384,1,1,0,307.97541975757736
Jalandhar,2023-10-18 02:30:00,hum,50.0,61.88481745299913,1,1,0,307.97541975757736
Jalandhar,2023-10-19 02:15:00,hum,52.0,56.371442215901034,1,1,0,307.97541975757736
Jalandhar,2023-10-20 02:30:00,hum,48.0,51.333662406092245,1,1,0,307.97541975757736
Jalandhar,2023-10-21 02:15:00,hum,43.0,49.34020235534659,1,1,0,307.97541975757736
Jalandhar,2023-10-22 02:15:00,hum,48.0,44.64194208038173,1,1,0,307.97541975757736
Jalandhar,2023-10-23 02:15:00,hum,45.0,46.33547691622322,1,1,0,307.97541975757736
Jalandhar,2023-10-24 02:15:00,hum,50.0,46.00429358830099,1,1,0,307.97541975757736
Jalandhar,2023-10-25 02:15:00,hum,43.0,48.31011971445088,1,1,0,307.97541975757736
Jalandhar,2023-10-26 02:00:00,hum,38.0,45.41441615174555,1,1,0,307.97541975757736
Jalandhar,2023-10-27 02:15:00,hum,41.0,39.65823155248355,1,1,0,307.97541975757736
Jalandhar,2023-10-28 02:00:00,hum,40.0,39.999644032728014,1,1,0,307.97541975757736
Jalandhar,2023-10-29 02:45:00,hum,42.0,40.33355030160467,1,1,0,307.97541975757736
Jalandhar,2023-10-30 01:45:00,hum,42.0,41.33187132550205,1,1,0,307.97541975757736
Jalaun,2023-10-15 02:30:00,hum,37.0,36.80566923554163,1,1,0,325.1678812347981
Jalaun,2023-10-16 02:30:00,hum,40.0,37.23874891346283,1,1,0,325.1678812347981
Jalaun,2023-10-17 02:30:00,hum,72.0,39.28144275559332,1,1,0,325.1678812347981
Jalaun,2023-10-18 02:30:00,hum,60.0,65.12998122942297,1,1,0,325.1678812347981
Jalaun,2023-10-19 02:30:00,hum,44.0,62.9567125010055,1,1,0,325.1678812347981
Jalaun,2023-10-20 02:30:00,hum,43.0,47.25656709371127,1,1,0,325.1678812347981
Jalaun,2023-10-21 02:15:00,hum,42.0,43.19141709241808,1,1,0,325.1678812347981
Jalaun,2023-10-22 02:30:00,hum,45.0,42.19127646227008,1,1,0,325.1678812347981
Jalaun,2023-10-23 02:15:00,hum,47.0,44.424465958823426,1,1,0,325.1678812347981
Jalaun,2023-10-24 02:15:00,hum,41.0,46.61894619408366,1,1,0,325.1678812347981
Jalaun,2023-10-25 02:30:00,hum,45.0,42.155480591131884,1,1,0,325.1678812347981
Jalaun,2023-10-26 02:00:00,hum,39.0,44.21731921195962,1,1,0,325.1678812347981
Jalaun,2023-10-27 02:30:00,hum,34.0,40.19647374764448,1,1,0,325.1678812347981
Jalaun,2023-10-28 02:00:00,hum,35.0,34.964513309005675,1,1,0,325.1678812347981
Jalaun,2023-10-29 02:45:00,hum,34.0,34.807008993822535,1,1,0,325.1678812347981
Jalaun,2023-10-30 02:00:00,hum,38.0,34.193187476612124,1,1,0,325.1678812347981
Jalgaon,2023-10-15 02:30:00,hum,49.0,53.0,0,1,0,279.54607228623337
Jalgaon,2023-10-16 02:30:00,hum,58.0,49.0,0,1,0,279.54607228623337
Jalgaon,2023-10-17 02:30:00,hum,59.0,58.0,0,1,0,279.54607228623337
Jalgaon,2023-10-18 02:30:00,hum,68.0,59.0,0,1,0,279.54607228623337
Jalgaon,2023-10-19 02:30:00,hum,56.0,68.0,0,1,0,279.54607228623337
Jalgaon,2023-10-20 02:30:00,hum,73.0,55.99999999999999,0,1,0,279.54607228623337
Jalgaon,2023-10-21 02:15:00,hum,64.0,73.0,0,1,0,279.54607228623337
Jalgaon,2023-10-22 02:30:00,hum,54.0,64.0,0,1,0,279.54607228623337
Jalgaon,2023-10-23 02:15:00,hum,48.0,54.0,0,1,0,279.54607228623337
Jalgaon,2023-10-24 02:15:00,hum,57.0,48.0,0,1,0,279.54607228623337
Jalgaon,2023-10-25 02:15:00,hum,52.0,57.0,0,1,0,279.54607228623337
Jalgaon,2023-10-26 02:00:00,hum,43.0,52.0,0,1,0,279.54607228623337
Jalgaon,2023-10-27 02:15:00,hum,49.0,43.0,0,1,0,279.54607228623337
Jalgaon,2023-10-28 02:00:00,hum,52.0,49.0,0,1,0,279.54607228623337
Jalgaon,2023-10-29 02:45:00,hum,52.0,52.0,0,1,0,279.54607228623337
Jalgaon,2023-10-30 02:00:00,hum,54.0,52.0,0,1,0,279.54607228623337
Jalna,2023-10-15 02:30:00,hum,52.0,57.77637956258456,0,1,1,283.1393982340765
Jalna,2023-10-16 02:30:00,hum,51.0,53.982359889375594,0,1,1,283.1393982340765
Jalna,2023-10-17 02:30:00,hum,59.0,51.98657515098195,0,1,1,283.1393982340765
Jalna,2023-10-18 02:30:00,hum,66.0,56.54962757635893,0,1,1,283.1393982340765
Jalna,2023-10-19 02:30:00,hum,52.0,62.99190758899249,0,1,1,283.1393982340765
Jalna,2023-10-20 02:30:00,hum,68.0,55.992188433863866,0,1,1,283.1393982340765
Jalna,2023-10-21 02:15:00,hum,66.0,63.06219810406515,0,1,1,283.1393982340765
Jalna,2023-10-22 02:30:00,hum,52.0,64.8484815565705,0,1,1,283.1393982340765
Jalna,2023-10-23 02:15:00,hum,52.0,57.53254275705022,0,1,1,283.1393982340765
Jalna,2023-10-24 02:15:00,hum,55.0,54.24146977594174,0,1,1,283.1393982340765
Jalna,2023-10-25 02:15:00,hum,55.0,54.691147021413656,0,1,1,283.1393982340765
Jalna,2023-10-26 02:00:00,hum,42.0,54.87021614759149,0,1,1,283.1393982340765
Jalna,2023-10-27 02:15:00,hum,48.0,47.368198279891786,0,1,1,283.1393982340765
Jalna,2023-10-28 02:00:00,hum,58.0,47.75059259831023,0,1,1,283.1393982340765
Jalna,2023-10-29 02:45:00,hum,52.0,53.55391035562037,0,1,1,283.1393982340765
Jalna,2023-10-30 02:00:00,hum,53.0,52.67287602971915,0,1,1,283.1393982340765
Jalor,2023-10-15 02:30:00,hum,63.0,48.06723056877918,0,1,2,294.66866860618074
Jalor,2023-10-16 02:30:00,hum,58.0,60.39094386616373,0,1,2,294.66866860618074
Jalor,2023-10-17 02:30:00,hum,62.0,62.6752579345481,0,1,2,294.66866860618074
Jalor,2023-10-18 02:30:00,hum,54.0,61.412986907039546,0,1,2,294.66866860618074
Jalor,2023-10-19 02:30:00,hum,44.0,54.26294091204467,0,1,2,294.66866860618074
Jalor,2023-10-20 02:30:00,hum,38.0,41.879135837539266,0,1,2,294.66866860618074
Jalor,2023-10-21 02:15:00,hum,36.0,34.70109387220367,0,1,2,294.66866860618074
Jalor,2023-10-22 02:30:00,hum,32.0,34.72021991234545,0,1,2,294.66866860618074
Jalor,2023-10-23 02:15:00,hum,40.0,32.470850358347036,0,1,2,294.66866860618074
Jalor,2023-10-24 02:15:00,hum,34.0,38.92443735979893,0,1,2,294.66866860618074
Jalor,2023-10-25 02:30:00,hum,35.0,36.78969558993507,0,1,2,294.66866860618074
Jalor,2023-10-26 02:00:00,hum,32.0,33.33764243458377,0,1,2,294.66866860618074
Jalor,2023-10-27 02:15:00,hum,27.0,31.40797144245937,0,1,2,294.66866860618074
Jalor,2023-10-28 02:00:00,hum,31.0,26.641319756242464,0,1,2,294.66866860618074
Jalor,2023-10-29 02:45:00,hum,37.0,29.293529083265863,0,1,2,294.66866860618074
Jalor,2023-10-30 02:00:00,hum,34.0,38.417244363621144,0,1,2,294.66866860618074
Jalpaiguri,2023-10-15 02:30:00,hum,79.0,85.45293900745438,0,1,1,294.8013738118382
Jalpaiguri,2023-10-16 02:30:00,hum,76.0,80.57473477242134,0,1,1,294.8013738118382
Jalpaiguri,2023-10-17 02:30:00,hum,83.0,77.01697444439723,0,1,1,294.8013738118382
Jalpaiguri,2023-10-18 02:30:00,hum,75.0,81.50337270970074,0,1,1,294.8013738118382
Jalpaiguri,2023-10-19 02:15:00,hum,81.0,76.76257857286357,0,1,1,294.8013738118382
Jalpaiguri,2023-10-20 02:30:00,hum,76.0,79.80154571721228,0,1,1,294.8013738118382
Jalpaiguri,2023-10-21 02:15:00,hum,75.0,77.11360552041882,0,1,1,294.8013738118382
Jalpaiguri,2023-10-22 02:15:00,hum,69.0,75.61054166207889,0,1,1,294.8013738118382
Jalpaiguri,2023-10-23 02:15:00,hum,75.0,70.83384477513675,0,1,1,294.8013738118382
Jalpaiguri,2023-10-24 02:15:00,hum,69.0,73.80333609245913,0,1,1,294.8013738118382
Jalpaiguri,2023-10-25 02:15:00,hum,71.0,70.44595860996668,0,1,1,294.8013738118382
Jalpaiguri,2023-10-26 02:00:00,hum,78.0,70.83398097905499,0,1,1,294.8013738118382
Jalpaiguri,2023-10-27 02:15:00,hum,79.0,75.80786831464172,0,1,1,294.8013738118382
Jalpaiguri,2023-10-28 02:00:00,hum,78.0,78.08711590264433,0,1,1,294.8013738118382
Jalpaiguri,2023-10-29 02:45:00,hum,72.0,78.02507003143931,0,1,1,294.8013738118382
Jalpaiguri,2023-10-30 02:00:00,hum,77.0,73.80009332266738,0,1,1,294.8013738118382
Jammu,2023-10-15 02:30:00,hum,46.0,42.0,0,1,0,318.702579418417
Jammu,2023-10-16 02:30:00,hum,43.0,46.0,0,1,0,318.702579418417
Jammu,2023-10-17 02:15:00,hum,72.0,43.0,0,1,0,318.702579418417
Jammu,2023-10-18 02:15:00,hum,54.0,72.0,0,1,0,318.702579418417
Jammu,2023-10-19 02:15:00,hum,56.0,54.00000000000001,0,1,0,318.702579418417
Jammu,2023-10-20 02:15:00,hum,62.0,56.0,0,1,0,318.702579418417
Jammu,2023-10-21 02:15:00,hum,52.0,62.0,0,1,0,318.702579418417
Jammu,2023-10-22 02:15:00,hum,50.0,52.0,0,1,0,318.702579418417
Jammu,2023-10-23 02:00:00,hum,49.0,50.0,0,1,0,318.702579418417
Jammu,2023-10-24 02:15:00,hum,54.0,49.0,0,1,0,318.702579418417
Jammu,2023-10-25 02:15:00,hum,43.0,54.0,0,1,0,318.702579418417
Jammu,2023-10-26 02:00:00,hum,44.0,43.0,0,1,0,318.702579418417
Jammu,2023-10-27 02:15:00,hum,47.0,44.0,0,1,0,318.702579418417
Jammu,2023-10-28 02:00:00,hum,45.0,47.0,0,1,0,318.702579418417
Jammu,2023-10-29 02:30:00,hum,42.0,45.0,0,1,0,318.702579418417
Jammu,2023-10-30 01:45:00,hum,42.0,42.0,0,1,0,318.702579418417
Jamnagar,2023-10-15 02:30:00,hum,65.0,73.4349578814466,1,1,1,251.08860026570207
Jamnagar,2023-10-16 02:30:00,hum,73.0,69.98201633769743,1,1,1,251.08860026570207
Jamnagar,2023-10-17 02:15:00,hum,73.0,67.41147434358443,1,1,1,251.08860026570207
Jamnagar,2023-10-18 02:15:00,hum,75.0,75.88085349547794,1,1,1,251.08860026570207
Jamnagar,2023-10-19 02:15:00,hum,53.0,72.83509171417177,1,1,1,251.08860026570207
Jamnagar,2023-10-20 02:30:00,hum,58.0,60.91335515678658,1,1,1,251.08860026570207
Jamnagar,2023-10-21 02:15:00,hum,44.0,51.66391830261559,1,1,1,251.08860026570207
Jamnagar,2023-10-22 02:15:00,hum,44.0,52.46671938456706,1,1,1,251.08860026570207
Jamnagar,2023-10-23 02:00:00,hum,64.0,38.77664589526949,1,1,1,251.08860026570207
Jamnagar,2023-10-24 02:15:00,hum,56.0,57.65869945597231,1,1,1,251.08860026570207
Jamnagar,2023-10-25 02:15:00,hum,57.0,60.38668460810426,1,1,1,251.08860026570207
Jamnagar,2023-10-26 02:00:00,hum,58.0,56.28241883091867,1,1,1,251.08860026570207
Jamnagar,2023-10-27 02:15:00,hum,69.0,57.63665471869273,1,1,1,251.08860026570207
Jamnagar,2023-10-28 02:00:00,hum,66.0,65.35538700765474,1,1,1,251.08860026570207
Jamnagar,2023-10-29 02:30:00,hum,50.0,68.06454438691807,1,1,1,251.08860026570207
Jamnagar,2023-10-30 01:45:00,hum,37.0,55.32612407373127,1,1,1,251.08860026570207
Jamtara,2023-10-15 02:30:00,hum,69.0,63.769843890722825,2,1,2,298.6723729710126
Jamtara,2023-10-16 02:30:00,hum,67.0,74.15185537266284,2,1,2,298.6723729710126
Jamtara,2023-10-17 02:15:00,hum,73.0,68.11771451877418,2,1,2,298.6723729710126
Jamtara,2023-10-18 02:30:00,hum,73.0,69.57845683687796,2,1,2,298.6723729710126
Jamtara,2023-10-19 02:15:00,hum,77.0,68.4947583435278,2,1,2,298.6723729710126
Jamtara,2023-10-20 02:30:00,hum,67.0,75.01887412560157,2,1,2,298.6723729710126
Jamtara,2023-10-21 02:15:00,hum,68.0,67.98799206158868,2,1,2,298.6723729710126
Jamtara,2023-10-22 02:15:00,hum,62.0,71.15992594264632,2,1,2,298.6723729710126
Jamtara,2023-10-23 02:00:00,hum,64.0,63.980740787138096,2,1,2,298.6723729710126
Jamtara,2023-10-24 02:15:00,hum,75.0,63.866522272692194,2,1,2,298.6723729710126
Jamtara,2023-10-25 02:15:00,hum,81.0,71.8623281164662,2,1,2,298.6723729710126
Jamtara,2023-10-26 02:00:00,hum,67.0,77.79201118343715,2,1,2,298.6723729710126
Jamtara,2023-10-27 02:15:00,hum,58.0,68.47404608087236,2,1,2,298.6723729710126
Jamtara,2023-10-28 02:00:00,hum,58.0,63.17728188433712,2,1,2,298.6723729710126
Jamtara,2023-10-29 02:30:00,hum,58.0,61.5688438461188,2,1,2,298.6723729710126
Jamtara,2023-10-30 01:45:00,hum,62.0,56.887811150398484,2,1,2,298.6723729710126
Jamui,2023-10-15 02:30:00,hum,72.0,79.0,0,1,0,312.096379125511
Jamui,2023-10-16 02:30:00,hum,69.0,72.0,0,1,0,312.096379125511
Jamui,2023-10-17 02:15:00,hum,76.0,69.0,0,1,0,312.096379125511
Jamui,2023-10-18 02:30:00,hum,76.0,76.0,0,1,0,312.096379125511
Jamui,2023-10-19 02:15:00,hum,80.0,76.0,0,1,0,312.096379125511
Jamui,2023-10-20 02:30:00,hum,72.0,80.0,0,1,0,312.096379125511
Jamui,2023-10-21 02:15:00,hum,66.0,72.0,0,1,0,312.096379125511
Jamui,2023-10-22 02:15:00,hum,62.0,66.0,0,1,0,312.096379125511
Jamui,2023-10-23 02:15:00,hum,63.0,62.0,0,1,0,312.096379125511
Jamui,2023-10-24 02:15:00,hum,69.0,63.0,0,1,0,312.096379125511
Jamui,2023-10-25 02:15:00,hum,73.0,69.0,0,1,0,312.096379125511
Jamui,2023-10-26 02:00:00,hum,66.0,73.0,0,1,0,312.096379125511
Jamui,2023-10-27 02:15:00,hum,60.0,66.0,0,1,0,312.096379125511
Jamui,2023-10-28 02:00:00,hum,63.0,59.99999999999999,0,1,0,312.096379125511
Jamui,2023-10-29 02:30:00,hum,66.0,63.0,0,1,0,312.096379125511
Jamui,2023-10-30 01:45:00,hum,64.0,66.0,0,1,0,312.096379125511
Jangaon,2023-10-15 02:30:00,hum,72.0,71.34956530285297,2,1,2,272.9118400827277
Jangaon,2023-10-16 02:30:00,hum,73.0,75.21849426788744,2,1,2,272.9118400827277
Jangaon,2023-10-17 02:30:00,hum,77.0,74.4981959114792,2,1,2,272.9118400827277
Jangaon,2023-10-18 02:30:00,hum,75.0,72.30823012142221,2,1,2,272.9118400827277
Jangaon,2023-10-19 02:30:00,hum,68.0,77.69953814633696,2,1,2,272.9118400827277
Jangaon,2023-10-20 02:30:00,hum,76.0,70.63906151843311,2,1,2,272.9118400827277
Jangaon,2023-10-21 02:30:00,hum,75.0,71.75892377467792,2,1,2,272.9118400827277
Jangaon,2023-10-22 02:30:00,hum,65.0,75.75324280571608,2,1,2,272.9118400827277
Jangaon,2023-10-23 02:15:00,hum,55.0,68.60721109333001,2,1,2,272.9118400827277
Jangaon,2023-10-24 02:15:00,hum,63.0,52.52647574748146,2,1,2,272.9118400827277
Jangaon,2023-10-25 02:30:00,hum,60.0,61.07084381185919,2,1,2,272.9118400827277
Jangaon,2023-10-26 02:00:00,hum,57.0,58.7467061366731,2,1,2,272.9118400827277
Jangaon,2023-10-27 02:30:00,hum,55.0,60.03646519712654,2,1,2,272.9118400827277
Jangaon,2023-10-28 02:00:00,hum,50.0,54.69789004998854,2,1,2,272.9118400827277
Jangaon,2023-10-29 02:45:00,hum,68.0,50.187027185814785,2,1,2,272.9118400827277
Jangaon,2023-10-30 02:00:00,hum,88.0,65.943047848996,2,1,2,272.9118400827277
Janjgir,2023-10-15 02:30:00,hum,69.0,69.0,0,1,0,289.69917950223163
Janjgir,2023-10-16 02:30:00,hum,71.0,69.0,0,1,0,289.69917950223163
Janjgir,2023-10-17 02:30:00,hum,70.0,71.0,0,1,0,289.69917950223163
Janjgir,2023-10-18 02:30:00,hum,81.0,70.0,0,1,0,289.69917950223163
Janjgir,2023-10-19 02:15:00,hum,76.0,81.0,0,1,0,289.69917950223163
Janjgir,2023-10-20 02:30:00,hum,73.0,76.0,0,1,0,289.69917950223163
Janjgir,2023-10-21 02:15:00,hum,62.0,73.0,0,1,0,289.69917950223163
Janjgir,2023-10-22 02:15:00,hum,68.0,62.0,0,1,0,289.69917950223163
Janjgir,2023-10-23 02:15:00,hum,64.0,68.0,0,1,0,289.69917950223163
Janjgir,2023-10-24 02:15:00,hum,66.0,64.0,0,1,0,289.69917950223163
Janjgir,2023-10-25 02:15:00,hum,64.0,66.0,0,1,0,289.69917950223163
Janjgir,2023-10-26 02:00:00,hum,62.0,63.99999999999999,0,1,0,289.69917950223163
Janjgir,2023-10-27 02:15:00,hum,60.0,62.0,0,1,0,289.69917950223163
Janjgir,2023-10-28 02:00:00,hum,61.0,60.0,0,1,0,289.69917950223163
Janjgir,2023-10-29 02:30:00,hum,62.0,61.0,0,1,0,289.69917950223163
Janjgir,2023-10-30 01:45:00,hum,64.0,62.0,0,1,0,289.69917950223163
Jashpur,2023-10-15 02:30:00,hum,62.0,54.00000000000001,0,1,0,283.0727384535183
Jashpur,2023-10-16 02:30:00,hum,69.0,62.0,0,1,0,283.0727384535183
Jashpur,2023-10-17 02:30:00,hum,72.0,69.0,0,1,0,283.0727384535183
Jashpur,2023-10-18 02:30:00,hum,77.0,72.0,0,1,0,283.0727384535183
Jashpur,2023-10-19 02:15:00,hum,83.0,77.0,0,1,0,283.0727384535183
Jashpur,2023-10-20 02:30:00,hum,78.0,83.0,0,1,0,283.0727384535183
Jashpur,2023-10-21 02:15:00,hum,71.0,78.0,0,1,0,283.0727384535183
Jashpur,2023-10-22 02:15:00,hum,70.0,71.0,0,1,0,283.0727384535183
Jashpur,2023-10-23 02:15:00,hum,73.0,70.0,0,1,0,283.0727384535183
Jashpur,2023-10-24 02:15:00,hum,79.0,73.0,0,1,0,283.0727384535183
Jashpur,2023-10-25 02:15:00,hum,86.0,79.0,0,1,0,283.0727384535183
Jashpur,2023-10-26 02:00:00,hum,63.0,86.0,0,1,0,283.0727384535183
Jashpur,2023-10-27 02:15:00,hum,66.0,63.0,0,1,0,283.0727384535183
Jashpur,2023-10-28 02:00:00,hum,63.0,66.0,0,1,0,283.0727384535183
Jashpur,2023-10-29 02:30:00,hum,71.0,63.0,0,1,0,283.0727384535183
Jashpur,2023-10-30 01:45:00,hum,80.0,71.0,0,1,0,283.0727384535183
Jaunpur,2023-10-15 02:30:00,hum,53.0,51.0,0,1,0,321.8820136562207
Jaunpur,2023-10-16 02:30:00,hum,62.0,53.0,0,1,0,321.8820136562207
Jaunpur,2023-10-17 02:30:00,hum,79.0,62.0,0,1,0,321.8820136562207
Jaunpur,2023-10-18 02:30:00,hum,74.0,79.0,0,1,0,321.8820136562207
Jaunpur,2023-10-19 02:30:00,hum,60.0,74.0,0,1,0,321.8820136562207
Jaunpur,2023-10-20 02:30:00,hum,53.0,59.99999999999999,0,1,0,321.8820136562207
Jaunpur,2023-10-21 02:15:00,hum,55.0,53.0,0,1,0,321.8820136562207
Jaunpur,2023-10-22 02:30:00,hum,51.0,55.0,0,1,0,321.8820136562207
Jaunpur,2023-10-23 02:15:00,hum,51.0,51.0,0,1,0,321.8820136562207
Jaunpur,2023-10-24 02:15:00,hum,54.0,51.0,0,1,0,321.8820136562207
Jaunpur,2023-10-25 02:30:00,hum,53.0,54.0,0,1,0,321.8820136562207
Jaunpur,2023-10-26 02:00:00,hum,62.0,53.0,0,1,0,321.8820136562207
Jaunpur,2023-10-27 02:30:00,hum,51.0,62.0,0,1,0,321.8820136562207
Jaunpur,2023-10-28 02:00:00,hum,38.0,51.0,0,1,0,321.8820136562207
Jaunpur,2023-10-29 02:45:00,hum,43.0,38.00000000000001,0,1,0,321.8820136562207
Jaunpur,2023-10-30 02:00:00,hum,47.0,43.0,0,1,0,321.8820136562207
Jhabua,2023-10-15 02:30:00,hum,57.0,53.0,0,1,0,284.70777602898494
Jhabua,2023-10-16 02:30:00,hum,64.0,57.0,0,1,0,284.70777602898494
Jhabua,2023-10-17 02:15:00,hum,58.0,64.0,0,1,0,284.70777602898494
Jhabua,2023-10-18 02:15:00,hum,59.0,58.0,0,1,0,284.70777602898494
Jhabua,2023-10-19 02:15:00,hum,58.0,59.0,0,1,0,284.70777602898494
Jhabua,2023-10-20 02:15:00,hum,49.0,58.0,0,1,0,284.70777602898494
Jhabua,2023-10-21 02:00:00,hum,54.0,49.0,0,1,0,284.70777602898494
Jhabua,2023-10-22 02:15:00,hum,54.0,54.0,0,1,0,284.70777602898494
Jhabua,2023-10-23 02:00:00,hum,41.0,54.0,0,1,0,284.70777602898494
Jhabua,2023-10-24 02:15:00,hum,37.0,41.0,0,1,0,284.70777602898494
Jhabua,2023-10-25 02:15:00,hum,39.0,37.0,0,1,0,284.70777602898494
Jhabua,2023-10-26 02:00:00,hum,33.0,39.0,0,1,0,284.70777602898494
Jhabua,2023-10-27 02:15:00,hum,32.0,33.0,0,1,0,284.70777602898494
Jhabua,2023-10-28 02:00:00,hum,36.0,32.0,0,1,0,284.70777602898494
Jhabua,2023-10-29 02:30:00,hum,36.0,36.0,0,1,0,284.70777602898494
Jhabua,2023-10-30 01:45:00,hum,36.0,36.0,0,1,0,284.70777602898494
Jhajjar,2023-10-15 02:30:00,hum,74.0,66.59192478481626,0,1,1,345.027535506526
Jhajjar,2023-10-16 02:30:00,hum,65.0,69.2116134371534,0,1,1,345.027535506526
Jhajjar,2023-10-17 02:15:00,hum,94.0,67.71981997070688,0,1,1,345.027535506526
Jhajjar,2023-10-18 02:30:00,hum,78.0,76.99841774077551,0,1,1,345.027535506526
Jhajjar,2023-10-19 02:15:00,hum,69.0,77.39945599444006,0,1,1,345.027535506526
Jhajjar,2023-10-20 02:30:00,hum,69.0,74.34815482276345,0,1,1,345.027535506526
Jhajjar,2023-10-21 02:15:00,hum,73.0,72.54149886821186,0,1,1,345.027535506526
Jhajjar,2023-10-22 02:15:00,hum,69.0,72.69610555964279,0,1,1,345.027535506526
Jhajjar,2023-10-23 02:15:00,hum,78.0,71.45453126955196,0,1,1,345.027535506526
Jhajjar,2023-10-24 02:15:00,hum,65.0,73.6416705228664,0,1,1,345.027535506526
Jhajjar,2023-10-25 02:15:00,hum,64.0,70.78646783556268,0,1,1,345.027535506526
Jhajjar,2023-10-26 02:00:00,hum,61.0,68.50646289553508,0,1,1,345.027535506526
Jhajjar,2023-10-27 02:15:00,hum,60.0,65.88039420365351,0,1,1,345.027535506526
Jhajjar,2023-10-28 02:00:00,hum,60.0,63.73487548829748,0,1,1,345.027535506526
Jhajjar,2023-10-29 02:30:00,hum,27.0,62.34819722133473,0,1,1,345.027535506526
Jhajjar,2023-10-30 01:45:00,hum,69.0,47.71982339618718,0,1,1,345.027535506526
Jhalawar,2023-10-15 02:30:00,hum,40.0,46.0,0,1,0,298.73483194453587
Jhalawar,2023-10-16 02:30:00,hum,59.0,40.0,0,1,0,298.73483194453587
Jhalawar,2023-10-17 02:30:00,hum,71.0,59.0,0,1,0,298.73483194453587
Jhalawar,2023-10-18 02:30:00,hum,66.0,71.0,0,1,0,298.73483194453587
Jhalawar,2023-10-19 02:30:00,hum,60.0,66.0,0,1,0,298.73483194453587
Jhalawar,2023-10-20 02:30:00,hum,48.0,59.99999999999999,0,1,0,298.73483194453587
Jhalawar,2023-10-21 02:30:00,hum,47.0,48.0,0,1,0,298.73483194453587
Jhalawar,2023-10-22 02:30:00,hum,41.0,47.0,0,1,0,298.73483194453587
Jhalawar,2023-10-23 02:15:00,hum,48.0,41.0,0,1,0,298.73483194453587
Jhalawar,2023-10-24 02:15:00,hum,40.0,48.0,0,1,0,298.73483194453587
Jhalawar,2023-10-25 02:30:00,hum,38.0,40.0,0,1,0,298.73483194453587
Jhalawar,2023-10-26 02:00:00,hum,36.0,38.0,0,1,0,298.73483194453587
Jhalawar,2023-10-27 02:30:00,hum,35.0,36.0,0,1,0,298.73483194453587
Jhalawar,2023-10-28 02:00:00,hum,35.0,35.0,0,1,0,298.73483194453587
Jhalawar,2023-10-29 02:45:00,hum,37.0,35.0,0,1,0,298.73483194453587
Jhalawar,2023-10-30 02:00:00,hum,43.0,37.0,0,1,0,298.73483194453587
Jhansi,2023-10-15 02:30:00,hum,42.0,44.0,0,1,0,306.02326382085715
Jhansi,2023-10-16 02:30:00,hum,42.0,42.0,0,1,0,306.02326382085715
Jhansi,2023-10-17 02:30:00,hum,79.0,42.0,0,1,0,306.02326382085715
Jhansi,2023-10-18 02:30:00,hum,63.0,79.0,0,1,0,306.02326382085715
Jhansi,2023-10-19 02:30:00,hum,45.0,63.0,0,1,0,306.02326382085715
Jhansi,2023-10-20 02:30:00,hum,42.0,45.0,0,1,0,306.02326382085715
Jhansi,2023-10-21 02:15:00,hum,47.0,42.0,0,1,0,306.02326382085715
Jhansi,2023-10-22 02:30:00,hum,43.0,47.0,0,1,0,306.02326382085715
Jhansi,2023-10-23 02:15:00,hum,41.0,43.0,0,1,0,306.02326382085715
Jhansi,2023-10-24 02:15:00,hum,43.0,41.0,0,1,0,306.02326382085715
Jhansi,2023-10-25 02:30:00,hum,44.0,43.0,0,1,0,306.02326382085715
Jhansi,2023-10-26 02:00:00,hum,40.0,44.0,0,1,0,306.02326382085715
Jhansi,2023-10-27 02:30:00,hum,40.0,40.0,0,1,0,306.02326382085715
Jhansi,2023-10-28 02:00:00,hum,32.0,40.0,0,1,0,306.02326382085715
Jhansi,2023-10-29 02:45:00,hum,33.0,32.0,0,1,0,306.02326382085715
Jhansi,2023-10-30 02:00:00,hum,38.0,33.0,0,1,0,306.02326382085715
Jhargram,2023-10-15 02:30:00,hum,61.0,69.0,0,1,0,279.54607228622535
Jhargram,2023-10-16 02:30:00,hum,70.0,61.00000000000001,0,1,0,279.54607228622535
Jhargram,2023-10-17 02:30:00,hum,74.0,70.0,0,1,0,279.54607228622535
Jhargram,2023-10-18 02:30:00,hum,76.0,74.0,0,1,0,279.54607228622535
Jhargram,2023-10-19 02:30:00,hum,75.0,76.0,0,1,0,279.54607228622535
Jhargram,2023-10-20 02:30:00,hum,72.0,75.0,0,1,0,279.54607228622535
Jhargram,2023-10-21 02:30:00,hum,71.0,72.0,0,1,0,279.54607228622535
Jhargram,2023-10-22 02:30:00,hum,71.0,71.0,0,1,0,279.54607228622535
Jhargram,2023-10-23 02:15:00,hum,76.0,71.0,0,1,0,279.54607228622535
Jhargram,2023-10-24 02:15:00,hum,91.0,76.0,0,1,0,279.54607228622535
Jhargram,2023-10-25 02:30:00,hum,87.0,91.0,0,1,0,279.54607228622535
Jhargram,2023-10-26 02:00:00,hum,71.0,87.0,0,1,0,279.54607228622535
Jhargram,2023-10-27 02:30:00,hum,65.0,71.0,0,1,0,279.54607228622535
Jhargram,2023-10-28 02:00:00,hum,53.0,65.0,0,1,0,279.54607228622535
Jhargram,2023-10-29 02:45:00,hum,63.0,53.00000000000001,0,1,0,279.54607228622535
Jhargram,2023-10-30 02:00:00,hum,67.0,63.0,0,1,0,279.54607228622535
Jharsuguda,2023-10-15 02:30:00,hum,71.0,70.0,0,1,0,273.8747030722381
Jharsuguda,2023-10-16 02:30:00,hum,68.0,71.0,0,1,0,273.8747030722381
Jharsuguda,2023-10-17 02:30:00,hum,73.0,68.0,0,1,0,273.8747030722381
Jharsuguda,2023-10-18 02:30:00,hum,78.0,73.0,0,1,0,273.8747030722381
Jharsuguda,2023-10-19 02:30:00,hum,73.0,78.0,0,1,0,273.8747030722381
Jharsuguda,2023-10-20 02:30:00,hum,71.0,73.0,0,1,0,273.8747030722381
Jharsuguda,2023-10-21 02:15:00,hum,70.0,71.0,0,1,0,273.8747030722381
Jharsuguda,2023-10-22 02:30:00,hum,68.0,70.0,0,1,0,273.8747030722381
Jharsuguda,2023-10-23 02:15:00,hum,64.0,68.0,0,1,0,273.8747030722381
Jharsuguda,2023-10-24 02:15:00,hum,72.0,64.0,0,1,0,273.8747030722381
Jharsuguda,2023-10-25 02:30:00,hum,69.0,72.0,0,1,0,273.8747030722381
Jharsuguda,2023-10-26 02:00:00,hum,61.0,69.0,0,1,0,273.8747030722381
Jharsuguda,2023-10-27 02:15:00,hum,60.0,61.0,0,1,0,273.8747030722381
Jharsuguda,2023-10-28 02:00:00,hum,64.0,60.0,0,1,0,273.8747030722381
Jharsuguda,2023-10-29 02:45:00,hum,67.0,64.0,0,1,0,273.8747030722381
Jharsuguda,2023-10-30 02:00:00,hum,67.0,67.0,0,1,0,273.8747030722381
Jhunjhunun,2023-10-15 02:30:00,hum,34.0,39.929582770123055,0,1,1,314.78007678634435
Jhunjhunun,2023-10-16 02:30:00,hum,36.0,32.62767957531128,0,1,1,314.78007678634435
Jhunjhunun,2023-10-17 02:30:00,hum,61.0,36.781578871366115,0,1,1,314.78007678634435
Jhunjhunun,2023-10-18 02:30:00,hum,54.0,67.98503911132092,0,1,1,314.78007678634435
Jhunjhunun,2023-10-19 02:30:00,hum,48.0,52.06272632586749,0,1,1,314.78007678634435
Jhunjhunun,2023-10-20 02:30:00,hum,45.0,47.276528801889796,0,1,1,314.78007678634435
Jhunjhunun,2023-10-21 02:15:00,hum,43.0,44.55128574949759,0,1,1,314.78007678634435
Jhunjhunun,2023-10-22 02:30:00,hum,33.0,42.6926939741243,0,1,1,314.78007678634435
Jhunjhunun,2023-10-23 02:15:00,hum,37.0,31.039779588268594,0,1,1,314.78007678634435
Jhunjhunun,2023-10-24 02:15:00,hum,43.0,38.053333086881736,0,1,1,314.78007678634435
Jhunjhunun,2023-10-25 02:30:00,hum,43.0,43.94883007041952,0,1,1,314.78007678634435
Jhunjhunun,2023-10-26 02:00:00,hum,39.0,42.81581584324509,0,1,1,314.78007678634435
Jhunjhunun,2023-10-27 02:15:00,hum,34.0,38.24871884762436,0,1,1,314.78007678634435
Jhunjhunun,2023-10-28 02:00:00,hum,28.0,33.143912597324736,0,1,1,314.78007678634435
Jhunjhunun,2023-10-29 02:45:00,hum,27.0,26.931231441537577,0,1,1,314.78007678634435
Jhunjhunun,2023-10-30 02:00:00,hum,30.0,27.014334778202333,0,1,1,314.78007678634435
Jind,2023-10-15 02:30:00,hum,37.0,34.0,0,1,0,329.2936231790087
Jind,2023-10-16 02:30:00,hum,46.0,37.0,0,1,0,329.2936231790087
Jind,2023-10-17 02:15:00,hum,77.0,46.0,0,1,0,329.2936231790087
Jind,2023-10-18 02:30:00,hum,57.0,77.0,0,1,0,329.2936231790087
Jind,2023-10-19 02:15:00,hum,43.0,57.0,0,1,0,329.2936231790087
Jind,2023-10-20 02:30:00,hum,34.0,43.0,0,1,0,329.2936231790087
Jind,2023-10-21 02:15:00,hum,36.0,34.0,0,1,0,329.2936231790087
Jind,2023-10-22 02:15:00,hum,31.0,36.0,0,1,0,329.2936231790087
Jind,2023-10-23 02:15:00,hum,39.0,30.999999999999996,0,1,0,329.2936231790087
Jind,2023-10-24 02:15:00,hum,42.0,39.0,0,1,0,329.2936231790087
Jind,2023-10-25 02:15:00,hum,39.0,42.0,0,1,0,329.2936231790087
Jind,2023-10-26 02:00:00,hum,32.0,39.0,0,1,0,329.2936231790087
Jind,2023-10-27 02:15:00,hum,30.0,32.0,0,1,0,329.2936231790087
Jind,2023-10-28 02:00:00,hum,24.0,30.0,0,1,0,329.2936231790087
Jind,2023-10-29 02:30:00,hum,28.0,24.0,0,1,0,329.2936231790087
Jind,2023-10-30 01:45:00,hum,34.0,28.0,0,1,0,329.2936231790087
Jodhpur,2023-10-15 02:30:00,hum,53.0,43.83209230833915,0,1,1,341.974021808985
Jodhpur,2023-10-16 02:30:00,hum,50.0,50.0027794019768,0,1,1,341.974021808985
Jodhpur,2023-10-17 02:30:00,hum,55.0,50.00036359407575,0,1,1,341.974021808985
Jodhpur,2023-10-18 02:30:00,hum,60.0,53.371474702827676,0,1,1,341.974021808985
Jodhpur,2023-10-19 02:30:00,hum,44.0,57.90574247677742,0,1,1,341.974021808985
Jodhpur,2023-10-20 02:30:00,hum,38.0,48.69643431304577,0,1,1,341.974021808985
Jodhpur,2023-10-21 02:15:00,hum,32.0,41.31451117314747,0,1,1,341.974021808985
Jodhpur,2023-10-22 02:30:00,hum,33.0,34.60042215863057,0,1,1,341.974021808985
Jodhpur,2023-10-23 02:15:00,hum,37.0,33.444270953423974,0,1,1,341.974021808985
Jodhpur,2023-10-24 02:15:00,hum,29.0,35.9721371089139,0,1,1,341.974021808985
Jodhpur,2023-10-25 02:30:00,hum,29.0,31.045502568287432,0,1,1,341.974021808985
Jodhpur,2023-10-26 02:00:00,hum,27.0,29.590940274772066,0,1,1,341.974021808985
Jodhpur,2023-10-27 02:15:00,hum,23.0,27.747451642196225,0,1,1,341.974021808985
Jodhpur,2023-10-28 02:00:00,hum,22.0,24.354105710479594,0,1,1,341.974021808985
Jodhpur,2023-10-29 02:45:00,hum,32.0,22.663134402151652,0,1,1,341.974021808985
Jodhpur,2023-10-30 02:00:00,hum,29.0,29.293677602501074,0,1,1,341.974021808985
Jorhat,2023-10-15 02:30:00,hum,96.0,96.20122516066512,0,1,2,224.09188672672147
Jorhat,2023-10-16 02:30:00,hum,95.0,96.1718471208677,0,1,2,224.09188672672147
Jorhat,2023-10-17 02:15:00,hum,94.0,95.71179906827692,0,1,2,224.09188672672147
Jorhat,2023-10-18 02:30:00,hum,95.0,95.28953059390562,0,1,2,224.09188672672147
Jorhat,2023-10-19 02:15:00,hum,96.0,95.65219842676112,0,1,2,224.09188672672147
Jorhat,2023-10-20 02:30:00,hum,94.0,95.88729405266022,0,1,2,224.09188672672147
Jorhat,2023-10-21 02:15:00,hum,94.0,94.96519677066145,0,1,2,224.09188672672147
Jorhat,2023-10-22 02:15:00,hum,94.0,95.08686638877951,0,1,2,224.09188672672147
Jorhat,2023-10-23 02:15:00,hum,93.0,94.88352820061051,0,1,2,224.09188672672147
Jorhat,2023-10-24 02:15:00,hum,88.0,94.34565586098763,0,1,2,224.09188672672147
Jorhat,2023-10-25 02:15:00,hum,93.0,91.70143290429992,0,1,2,224.09188672672147
Jorhat,2023-10-26 02:00:00,hum,96.0,94.15057185801093,0,1,2,224.09188672672147
Jorhat,2023-10-27 02:15:00,hum,96.0,94.79252470761408,0,1,2,224.09188672672147
Jorhat,2023-10-28 02:00:00,hum,96.0,94.8809898080219,0,1,2,224.09188672672147
Jorhat,2023-10-29 02:30:00,hum,95.0,95.05059521570114,0,1,2,224.09188672672147
Jorhat,2023-10-30 01:45:00,hum,95.0,94.68077203753113,0,1,2,224.09188672672147
Junagadh,2023-10-15 02:30:00,hum,64.0,81.15638240889312,2,1,2,273.3343698562811
Junagadh,2023-10-16 02:30:00,hum,81.0,68.10185721565425,2,1,2,273.3343698562811
Junagadh,2023-10-17 02:15:00,hum,76.0,75.42016521809012,2,1,2,273.3343698562811
Junagadh,2023-10-18 02:15:00,hum,73.0,73.80142342352703,2,1,2,273.3343698562811
Junagadh,2023-10-19 02:15:00,hum,48.0,76.76855029302155,2,1,2,273.3343698562811
Junagadh,2023-10-20 02:30:00,hum,44.0,64.37156411869378,2,1,2,273.3343698562811
Junagadh,2023-10-21 02:15:00,hum,61.0,46.105631438396905,2,1,2,273.3343698562811
Junagadh,2023-10-22 02:15:00,hum,65.0,60.30930614805007,2,1,2,273.3343698562811
Junagadh,2023-10-23 02:00:00,hum,51.0,55.493440079215084,2,1,2,273.3343698562811
Junagadh,2023-10-24 02:15:00,hum,53.0,44.01751787910529,2,1,2,273.3343698562811
Junagadh,2023-10-25 02:15:00,hum,62.0,46.9647972346813,2,1,2,273.3343698562811
Junagadh,2023-10-26 02:00:00,hum,54.0,61.306488382618674,2,1,2,273.3343698562811
Junagadh,2023-10-27 02:15:00,hum,65.0,55.81982372678509,2,1,2,273.3343698562811
Junagadh,2023-10-28 02:00:00,hum,60.0,64.68023969456267,2,1,2,273.3343698562811
Junagadh,2023-10-29 02:30:00,hum,56.0,61.378982658095524,2,1,2,273.3343698562811
Junagadh,2023-10-30 01:45:00,hum,54.0,58.94584208935461,2,1,2,273.3343698562811
Kadapa,2023-10-15 02:30:00,hum,63.0,70.11407194008531,0,0,2,323.81150247470816
Kadapa,2023-10-16 02:30:00,hum,71.0,74.18739299076485,0,0,2,323.81150247470816
Kadapa,2023-10-17 02:15:00,hum,72.0,67.61331046539556,0,0,2,323.81150247470816
Kadapa,2023-10-18 02:30:00,hum,70.0,73.47919181012163,0,0,2,323.81150247470816
Kadapa,2023-10-19 02:15:00,hum,78.0,75.09625739853033,0,0,2,323.81150247470816
Kadapa,2023-10-20 02:30:00,hum,83.0,72.60217199314917,0,0,2,323.81150247470816
Kadapa,2023-10-21 02:15:00,hum,83.0,80.30877486397245,0,0,2,323.81150247470816
Kadapa,2023-10-22 02:15:00,hum,79.0,82.17662054093695,0,0,2,323.81150247470816
Kadapa,2023-10-23 02:00:00,hum,61.0,74.58060292379301,0,0,2,323.81150247470816
Kadapa,2023-10-24 02:15:00,hum,52.0,65.68559641741302,0,0,2,323.81150247470816
Kadapa,2023-10-25 02:15:00,hum,61.0,57.957614574571764,0,0,2,323.81150247470816
Kadapa,2023-10-26 02:00:00,hum,68.0,65.25450765235905,0,0,2,323.81150247470816
Kadapa,2023-10-27 02:15:00,hum,76.0,76.71468283971777,0,0,2,323.81150247470816
Kadapa,2023-10-28 02:00:00,hum,87.0,74.90658309809751,0,0,2,323.81150247470816
Kadapa,2023-10-29 02:30:00,hum,84.0,78.60054143897572,0,0,2,323.81150247470816
Kadapa,2023-10-30 01:45:00,hum,80.0,84.88781008619479,0,0,2,323.81150247470816
Kaithal,2023-10-15 02:30:00,hum,44.0,44.0,0,1,0,315.59197766725373
Kaithal,2023-10-16 02:30:00,hum,44.0,44.0,0,1,0,315.59197766725373
Kaithal,2023-10-17 02:15:00,hum,83.0,44.0,0,1,0,315.59197766725373
Kaithal,2023-10-18 02:30:00,hum,53.0,83.0,0,1,0,315.59197766725373
Kaithal,2023-10-19 02:15:00,hum,45.0,52.99999999999999,0,1,0,315.59197766725373
Kaithal,2023-10-20 02:30:00,hum,42.0,45.0,0,1,0,315.59197766725373
Kaithal,2023-10-21 02:15:00,hum,35.0,42.0,0,1,0,315.59197766725373
Kaithal,2023-10-22 02:15:00,hum,37.0,35.0,0,1,0,315.59197766725373
Kaithal,2023-10-23 02:15:00,hum,41.0,37.0,0,1,0,315.59197766725373
Kaithal,2023-10-24 02:15:00,hum,44.0,41.0,0,1,0,315.59197766725373
Kaithal,2023-10-25 02:15:00,hum,38.0,44.0,0,1,0,315.59197766725373
Kaithal,2023-10-26 02:00:00,hum,34.0,38.0,0,1,0,315.59197766725373
Kaithal,2023-10-27 02:15:00,hum,35.0,34.0,0,1,0,315.59197766725373
Kaithal,2023-10-28 02:00:00,hum,35.0,35.0,0,1,0,315.59197766725373
Kaithal,2023-10-29 02:30:00,hum,39.0,35.0,0,1,0,315.59197766725373
Kaithal,2023-10-30 01:45:00,hum,40.0,39.0,0,1,0,315.59197766725373
Kakching,2023-10-15 02:30:00,hum,95.0,96.5992809817894,1,1,1,185.8826609864474
Kakching,2023-10-16 02:30:00,hum,94.0,96.04487086751112,1,1,1,185.8826609864474
Kakching,2023-10-17 02:30:00,hum,94.0,95.41888281537219,1,1,1,185.8826609864474
Kakching,2023-10-18 02:30:00,hum,92.0,95.32119093721533,1,1,1,185.8826609864474
Kakching,2023-10-19 02:30:00,hum,90.0,93.89326013609394,1,1,1,185.8826609864474
Kakching,2023-10-20 02:30:00,hum,92.0,91.8159778183342,1,1,1,185.8826609864474
Kakching,2023-10-21 02:30:00,hum,89.0,93.20148631099268,1,1,1,185.8826609864474
Kakching,2023-10-22 02:30:00,hum,94.0,90.21138044929205,1,1,1,185.8826609864474
Kakching,2023-10-23 02:15:00,hum,96.0,94.15770516155665,1,1,1,185.8826609864474
Kakching,2023-10-24 02:15:00,hum,92.0,96.09354264533474,1,1,1,185.8826609864474
Kakching,2023-10-25 02:30:00,hum,99.0,92.68855697450888,1,1,1,185.8826609864474
Kakching,2023-10-26 02:00:00,hum,98.0,98.08385063440143,1,1,1,185.8826609864474
Kakching,2023-10-27 02:30:00,hum,98.0,97.45529402802083,1,1,1,185.8826609864474
Kakching,2023-10-28 02:00:00,hum,94.0,97.46706215904955,1,1,1,185.8826609864474
Kakching,2023-10-29 02:45:00,hum,92.0,94.6826687509207,1,1,1,185.8826609864474
Kakching,2023-10-30 02:00:00,hum,94.0,93.2717824306886,1,1,1,185.8826609864474
Kancheepuram,2023-10-15 02:30:00,hum,89.0,87.80686390738656,0,1,1,241.74661310895854
Kancheepuram,2023-10-16 02:30:00,hum,94.0,88.002141258764,0,1,1,241.74661310895854
Kancheepuram,2023-10-17 02:30:00,hum,89.0,88.60742885581897,0,1,1,241.74661310895854
Kancheepuram,2023-10-18 02:30:00,hum,84.0,88.63256425367925,0,1,1,241.74661310895854
Kancheepuram,2023-10-19 02:30:00,hum,84.0,88.34366616733124,0,1,1,241.74661310895854
Kancheepuram,2023-10-20 02:30:00,hum,89.0,87.90118848334316,0,1,1,241.74661310895854
Kancheepuram,2023-10-21 02:15:00,hum,84.0,88.06550431899696,0,1,1,241.74661310895854
Kancheepuram,2023-10-22 02:30:00,hum,89.0,87.54386634114354,0,1,1,241.74661310895854
Kancheepuram,2023-10-23 02:15:00,hum,84.0,87.76338140528264,0,1,1,241.74661310895854
Kancheepuram,2023-10-24 02:15:00,hum,84.0,87.2665065494664,0,1,1,241.74661310895854
Kancheepuram,2023-10-25 02:30:00,hum,84.0,86.76573142375081,0,1,1,241.74661310895854
Kancheepuram,2023-10-26 02:00:00,hum,84.0,86.29701633915178,0,1,1,241.74661310895854
Kancheepuram,2023-10-27 02:30:00,hum,84.0,85.88288305314349,0,1,1,241.74661310895854
Kancheepuram,2023-10-28 02:00:00,hum,89.0,85.53210986089702,0,1,1,241.74661310895854
Kancheepuram,2023-10-29 02:45:00,hum,84.0,86.1401058656369,0,1,1,241.74661310895854
Kancheepuram,2023-10-30 02:00:00,hum,89.0,85.81438559788468,0,1,1,241.74661310895854
Kangpokpi,2023-10-15 02:30:00,hum,95.0,96.52701462732185,1,1,1,189.1703839015855
Kangpokpi,2023-10-16 02:30:00,hum,94.0,95.9547402165487,1,1,1,189.1703839015855
Kangpokpi,2023-10-17 02:15:00,hum,94.0,95.32289895094499,1,1,1,189.1703839015855
Kangpokpi,2023-10-18 02:30:00,hum,92.0,95.24111414225158,1,1,1,189.1703839015855
Kangpokpi,2023-10-19 02:15:00,hum,90.0,93.82282391881418,1,1,1,189.1703839015855
Kangpokpi,2023-10-20 02:30:00,hum,92.0,91.97809554968686,1,1,1,189.1703839015855
Kangpokpi,2023-10-21 02:15:00,hum,88.0,93.38047729899999,1,1,1,189.1703839015855
Kangpokpi,2023-10-22 02:15:00,hum,94.0,89.4150080681007,1,1,1,189.1703839015855
Kangpokpi,2023-10-23 02:15:00,hum,96.0,94.28822351434411,1,1,1,189.1703839015855
Kangpokpi,2023-10-24 02:15:00,hum,89.0,96.13521318916435,1,1,1,189.1703839015855
Kangpokpi,2023-10-25 02:15:00,hum,99.0,90.69182107645189,1,1,1,189.1703839015855
Kangpokpi,2023-10-26 02:00:00,hum,98.0,96.64733090788725,1,1,1,189.1703839015855
Kangpokpi,2023-10-27 02:15:00,hum,98.0,96.7894390327261,1,1,1,189.1703839015855
Kangpokpi,2023-10-28 02:00:00,hum,94.0,97.16859997792584,1,1,1,189.1703839015855
Kangpokpi,2023-10-29 02:30:00,hum,92.0,94.5820915080661,1,1,1,189.1703839015855
Kangpokpi,2023-10-30 01:45:00,hum,94.0,93.35908380874426,1,1,1,189.1703839015855
Kangra,2023-10-15 02:30:00,hum,57.0,50.18950185353048,0,1,1,320.89950625082804
Kangra,2023-10-16 02:30:00,hum,40.0,54.85574983742129,0,1,1,320.89950625082804
Kangra,2023-10-17 02:15:00,hum,63.0,44.99085654293676,0,1,1,320.89950625082804
Kangra,2023-10-18 02:15:00,hum,48.0,56.227923001035464,0,1,1,320.89950625082804
Kangra,2023-10-19 02:15:00,hum,51.0,51.262718762714194,0,1,1,320.89950625082804
Kangra,2023-10-20 02:15:00,hum,45.0,51.10761873922436,0,1,1,320.89950625082804
Kangra,2023-10-21 02:00:00,hum,51.0,47.49097276798036,0,1,1,320.89950625082804
Kangra,2023-10-22 02:15:00,hum,50.0,49.56492112356348,0,1,1,320.89950625082804
Kangra,2023-10-23 02:00:00,hum,45.0,49.82043735768136,0,1,1,320.89950625082804
Kangra,2023-10-24 02:15:00,hum,49.0,46.99257226295748,0,1,1,320.89950625082804
Kangra,2023-10-25 02:15:00,hum,37.0,48.16987823450267,0,1,1,320.89950625082804
Kangra,2023-10-26 02:00:00,hum,42.0,41.63992159619293,0,1,1,320.89950625082804
Kangra,2023-10-27 02:15:00,hum,50.0,41.85400818966304,0,1,1,320.89950625082804
Kangra,2023-10-28 02:00:00,hum,47.0,46.569079137476685,0,1,1,320.89950625082804
Kangra,2023-10-29 02:30:00,hum,53.0,46.819000885022746,0,1,1,320.89950625082804
Kangra,2023-10-30 01:45:00,hum,55.0,50.415084661914385,0,1,1,320.89950625082804
Kanker,2023-10-15 02:30:00,hum,70.0,70.1853297204313,1,1,1,249.4121526858626
Kanker,2023-10-16 02:30:00,hum,70.0,70.53285238750439,1,1,1,249.4121526858626
Kanker,2023-10-17 02:15:00,hum,71.0,69.47870694893884,1,1,1,249.4121526858626
Kanker,2023-10-18 02:30:00,hum,72.0,71.77205164902222,1,1,1,249.4121526858626
Kanker,2023-10-19 02:15:00,hum,83.0,71.5067939367448,1,1,1,249.4121526858626
Kanker,2023-10-20 02:30:00,hum,87.0,86.08819751958657,1,1,1,249.4121526858626
Kanker,2023-10-21 02:15:00,hum,86.0,84.8368485534828,1,1,1,249.4121526858626
Kanker,2023-10-22 02:15:00,hum,71.0,87.80484779041124,1,1,1,249.4121526858626
Kanker,2023-10-23 02:15:00,hum,72.0,67.50836959468319,1,1,1,249.4121526858626
Kanker,2023-10-24 02:15:00,hum,78.0,74.24434994621724,1,1,1,249.4121526858626
Kanker,2023-10-25 02:15:00,hum,75.0,76.69234946946105,1,1,1,249.4121526858626
Kanker,2023-10-26 02:00:00,hum,68.0,75.75479584972508,1,1,1,249.4121526858626
Kanker,2023-10-27 02:15:00,hum,65.0,66.72611016960087,1,1,1,249.4121526858626
Kanker,2023-10-28 02:00:00,hum,70.0,65.38211582163994,1,1,1,249.4121526858626
Kanker,2023-10-29 02:30:00,hum,74.0,70.32896995520483,1,1,1,249.4121526858626
Kanker,2023-10-30 01:45:00,hum,76.0,74.33600809572907,1,1,1,249.4121526858626
Kannauj,2023-10-15 02:30:00,hum,50.0,48.93589298789837,0,1,1,333.0274190877503
Kannauj,2023-10-16 02:30:00,hum,56.0,49.519132890668104,0,1,1,333.0274190877503
Kannauj,2023-10-17 02:30:00,hum,78.0,53.085585302182835,0,1,1,333.0274190877503
Kannauj,2023-10-18 02:30:00,hum,66.0,67.71094919149759,0,1,1,333.0274190877503
Kannauj,2023-10-19 02:30:00,hum,55.0,66.63702680590904,0,1,1,333.0274190877503
Kannauj,2023-10-20 02:30:00,hum,43.0,60.07808839230822,0,1,1,333.0274190877503
Kannauj,2023-10-21 02:15:00,hum,53.0,50.17427857395052,0,1,1,333.0274190877503
Kannauj,2023-10-22 02:30:00,hum,53.0,51.86398551330881,0,1,1,333.0274190877503
Kannauj,2023-10-23 02:15:00,hum,53.0,52.50904011092281,0,1,1,333.0274190877503
Kannauj,2023-10-24 02:15:00,hum,47.0,52.786226724884045,0,1,1,333.0274190877503
Kannauj,2023-10-25 02:30:00,hum,51.0,49.52172185455193,0,1,1,333.0274190877503
Kannauj,2023-10-26 02:00:00,hum,44.0,50.35760828648467,0,1,1,333.0274190877503
Kannauj,2023-10-27 02:30:00,hum,41.0,46.774019307993505,0,1,1,333.0274190877503
Kannauj,2023-10-28 02:00:00,hum,43.0,43.46179070402549,0,1,1,333.0274190877503
Kannauj,2023-10-29 02:45:00,hum,42.0,43.19625655213782,0,1,1,333.0274190877503
Kannauj,2023-10-30 02:00:00,hum,48.0,42.511371365209875,0,1,1,333.0274190877503
Kanniyakumari,2023-10-15 02:30:00,hum,90.0,89.12709792667827,1,1,1,248.82671175949423
Kanniyakumari,2023-10-16 02:30:00,hum,86.0,88.80670907660216,1,1,1,248.82671175949423
Kanniyakumari,2023-10-17 02:30:00,hum,85.0,87.01685453179921,1,1,1,248.82671175949423
Kanniyakumari,2023-10-18 02:30:00,hum,94.0,86.45982025892836,1,1,1,248.82671175949423
Kanniyakumari,2023-10-19 02:30:00,hum,83.0,90.28901608368366,1,1,1,248.82671175949423
Kanniyakumari,2023-10-20 02:30:00,hum,84.0,86.15317549173352,1,1,1,248.82671175949423
Kanniyakumari,2023-10-21 02:15:00,hum,85.0,86.30096892291633,1,1,1,248.82671175949423
Kanniyakumari,2023-10-22 02:30:00,hum,86.0,86.58851899058126,1,1,1,248.82671175949423
Kanniyakumari,2023-10-23 02:15:00,hum,86.0,86.90729967840134,1,1,1,248.82671175949423
Kanniyakumari,2023-10-24 02:15:00,hum,88.0,86.8888439326329,1,1,1,248.82671175949423
Kanniyakumari,2023-10-25 02:30:00,hum,85.0,87.5768320057624,1,1,1,248.82671175949423
Kanniyakumari,2023-10-26 02:00:00,hum,84.0,86.53937230358666,1,1,1,248.82671175949423
Kanniyakumari,2023-10-27 02:30:00,hum,84.0,86.1397849524464,1,1,1,248.82671175949423
Kanniyakumari,2023-10-28 02:00:00,hum,84.0,86.07490763953739,1,1,1,248.82671175949423
Kanniyakumari,2023-10-29 02:45:00,hum,83.0,86.013846893128,1,1,1,248.82671175949423
Kanniyakumari,2023-10-30 02:00:00,hum,83.0,85.56030372322282,1,1,1,248.82671175949423
Kannur,2023-10-15 02:30:00,hum,88.0,91.34104599333345,0,1,1,183.17589956340686
Kannur,2023-10-16 02:30:00,hum,89.0,90.80516191697085,0,1,1,183.17589956340686
Kannur,2023-10-17 02:30:00,hum,88.0,90.57308755374038,0,1,1,183.17589956340686
Kannur,2023-10-18 02:30:00,hum,92.0,90.24952454073217,0,1,1,183.17589956340686
Kannur,2023-10-19 02:15:00,hum,85.0,90.47321337266447,0,1,1,183.17589956340686
Kannur,2023-10-20 02:30:00,hum,85.0,89.77067873003715,0,1,1,183.17589956340686
Kannur,2023-10-21 02:15:00,hum,87.0,88.06505673594748,0,1,1,183.17589956340686
Kannur,2023-10-22 02:15:00,hum,91.0,87.61789620651541,0,1,1,183.17589956340686
Kannur,2023-10-23 02:15:00,hum,88.0,88.73413226785738,0,1,1,183.17589956340686
Kannur,2023-10-24 02:15:00,hum,86.0,88.55780074217802,0,1,1,183.17589956340686
Kannur,2023-10-25 02:15:00,hum,90.0,87.9268336852792,0,1,1,183.17589956340686
Kannur,2023-10-26 02:00:00,hum,87.0,88.44113229889408,0,1,1,183.17589956340686
Kannur,2023-10-27 02:15:00,hum,82.0,88.12605604925261,0,1,1,183.17589956340686
Kannur,2023-10-28 02:00:00,hum,83.0,86.59776803472236,0,1,1,183.17589956340686
Kannur,2023-10-29 02:30:00,hum,88.0,85.35917629445557,0,1,1,183.17589956340686
Kannur,2023-10-30 01:45:00,hum,89.0,86.23648857782891,0,1,1,183.17589956340686
Kanpur,2023-10-15 02:30:00,hum,77.0,69.444595066896,2,1,2,265.62280153097004
Kanpur,2023-10-16 02:30:00,hum,70.0,78.89701857658144,2,1,2,265.62280153097004
Kanpur,2023-10-17 02:30:00,hum,73.0,67.92681668321258,2,1,2,265.62280153097004
Kanpur,2023-10-18 02:30:00,hum,77.0,75.96412534267957,2,1,2,265.62280153097004
Kanpur,2023-10-19 02:30:00,hum,81.0,75.47763533308368,2,1,2,265.62280153097004
Kanpur,2023-10-20 02:30:00,hum,81.0,79.78945157501182,2,1,2,265.62280153097004
Kanpur,2023-10-21 02:15:00,hum,78.0,81.39256118389665,2,1,2,265.62280153097004
Kanpur,2023-10-22 02:30:00,hum,69.0,77.97948949145112,2,1,2,265.62280153097004
Kanpur,2023-10-23 02:15:00,hum,71.0,68.10992153710556,2,1,2,265.62280153097004
Kanpur,2023-10-24 02:15:00,hum,80.0,73.97785321602639,2,1,2,265.62280153097004
Kanpur,2023-10-25 02:30:00,hum,83.0,79.30296579060091,2,1,2,265.62280153097004
Kanpur,2023-10-26 02:00:00,hum,74.0,80.13894445029348,2,1,2,265.62280153097004
Kanpur,2023-10-27 02:30:00,hum,66.0,73.75671075877453,2,1,2,265.62280153097004
Kanpur,2023-10-28 02:00:00,hum,68.0,68.26355464528731,2,1,2,265.62280153097004
Kanpur,2023-10-29 02:45:00,hum,69.0,69.3390023550322,2,1,2,265.62280153097004
Kanpur,2023-10-30 02:00:00,hum,73.0,66.8815671205681,2,1,2,265.62280153097004
Kantha,2023-10-15 02:30:00,hum,89.0,84.64698467106341,1,1,1,309.31809049501555
Kantha,2023-10-15 02:30:00,hum,89.0,88.15661855953088,1,1,1,309.31809049501555
Kantha,2023-10-16 02:30:00,hum,89.0,88.32188461103436,1,1,1,309.31809049501555
Kantha,2023-10-17 02:15:00,hum,83.0,88.42463131714776,1,1,1,309.31809049501555
Kantha,2023-10-18 02:15:00,hum,88.0,85.03229941819767,1,1,1,309.31809049501555
Kantha,2023-10-19 02:15:00,hum,83.0,87.67272554613821,1,1,1,309.31809049501555
Kantha,2023-10-20 02:30:00,hum,83.0,84.9430427248471,1,1,1,309.31809049501555
Kantha,2023-10-21 02:15:00,hum,94.0,84.78120115814053,1,1,1,309.31809049501555
Kantha,2023-10-22 02:15:00,hum,83.0,90.6491249796636,1,1,1,309.31809049501555
Kantha,2023-10-23 02:00:00,hum,83.0,85.07084209830751,1,1,1,309.31809049501555
Kantha,2023-10-24 02:15:00,hum,88.0,84.92018404066093,1,1,1,309.31809049501555
Kantha,2023-10-25 02:15:00,hum,83.0,87.24930201851963,1,1,1,309.31809049501555
Kantha,2023-10-26 02:00:00,hum,69.0,84.87593929937795,1,1,1,309.31809049501555
Kantha,2023-10-27 02:15:00,hum,73.0,77.77584044562595,1,1,1,309.31809049501555
Kantha,2023-10-28 02:00:00,hum,73.0,78.68183106830726,1,1,1,309.31809049501555
Kantha,2023-10-29 02:30:00,hum,41.0,77.88691615333849,1,1,1,309.31809049501555
Kantha,2023-10-30 01:45:00,hum,83.0,53.46864014120918,1,1,1,309.31809049501555
Kapurthala,2023-10-15 02:30:00,hum,88.0,83.5447044174771,0,1,1,363.9816684605428
Kapurthala,2023-10-16 02:30:00,hum,94.0,84.25009361490652,0,1,1,363.9816684605428
Kapurthala,2023-10-17 02:30:00,hum,94.0,85.6549691181872,0,1,1,363.9816684605428
Kapurthala,2023-10-18 02:30:00,hum,94.0,86.82582487138015,0,1,1,363.9816684605428
Kapurthala,2023-10-19 02:15:00,hum,94.0,87.92482218982161,0,1,1,363.9816684605428
Kapurthala,2023-10-20 02:30:00,hum,94.0,88.98237220880814,0,1,1,363.9816684605428
Kapurthala,2023-10-21 02:15:00,hum,94.0,89.94221437640964,0,1,1,363.9816684605428
Kapurthala,2023-10-22 02:15:00,hum,88.0,90.75471506626931,0,1,1,363.9816684605428
Kapurthala,2023-10-23 02:15:00,hum,94.0,90.19569324108328,0,1,1,363.9816684605428
Kapurthala,2023-10-24 02:15:00,hum,88.0,90.89066161458261,0,1,1,363.9816684605428
Kapurthala,2023-10-25 02:15:00,hum,88.0,90.35295622425588,0,1,1,363.9816684605428
Kapurthala,2023-10-26 02:00:00,hum,94.0,89.94618263527926,0,1,1,363.9816684605428
Kapurthala,2023-10-27 02:15:00,hum,94.0,90.61628801831472,0,1,1,363.9816684605428
Kapurthala,2023-10-28 02:00:00,hum,88.0,91.19047764945482,0,1,1,363.9816684605428
Kapurthala,2023-10-29 02:45:00,hum,42.0,90.64161807952723,0,1,1,363.9816684605428
Kapurthala,2023-10-30 02:00:00,hum,94.0,84.58450925814515,0,1,1,363.9816684605428
Karaikal,2023-10-15 02:30:00,hum,83.0,81.12432068124765,0,0,2,251.10553321392322
Karaikal,2023-10-16 02:30:00,hum,79.0,81.81914392021467,0,0,2,251.10553321392322
Karaikal,2023-10-17 02:15:00,hum,80.0,80.94095798846305,0,0,2,251.10553321392322
Karaikal,2023-10-18 02:30:00,hum,79.0,79.11044419291383,0,0,2,251.10553321392322
Karaikal,2023-10-19 02:15:00,hum,79.0,80.84775444050777,0,0,2,251.10553321392322
Karaikal,2023-10-20 02:30:00,hum,81.0,80.17049015868119,0,0,2,251.10553321392322
Karaikal,2023-10-21 02:15:00,hum,79.0,80.82213064254015,0,0,2,251.10553321392322
Karaikal,2023-10-22 02:15:00,hum,89.0,80.75132594891772,0,0,2,251.10553321392322
Karaikal,2023-10-23 02:15:00,hum,83.0,85.84022638092343,0,0,2,251.10553321392322
Karaikal,2023-10-24 02:15:00,hum,83.0,85.28752861528775,0,0,2,251.10553321392322
Karaikal,2023-10-25 02:15:00,hum,83.0,78.46361537223743,0,0,2,251.10553321392322
Karaikal,2023-10-26 02:00:00,hum,77.0,82.92809936181321,0,0,2,251.10553321392322
Karaikal,2023-10-27 02:15:00,hum,78.0,81.00847382533159,0,0,2,251.10553321392322
Karaikal,2023-10-28 02:00:00,hum,85.0,76.69507120934567,0,0,2,251.10553321392322
Karaikal,2023-10-29 02:30:00,hum,77.0,84.32173157329683,0,0,2,251.10553321392322
Karaikal,2023-10-30 01:45:00,hum,81.0,82.86607855568157,0,0,2,251.10553321392322
Karauli,2023-10-15 02:30:00,hum,40.0,40.0,0,1,0,304.88348266491045
Karauli,2023-10-16 02:30:00,hum,46.0,40.0,0,1,0,304.88348266491045
Karauli,2023-10-17 02:30:00,hum,82.0,46.0,0,1,0,304.88348266491045
Karauli,2023-10-18 02:30:00,hum,64.0,82.0,0,1,0,304.88348266491045
Karauli,2023-10-19 02:30:00,hum,45.0,64.0,0,1,0,304.88348266491045
Karauli,2023-10-20 02:30:00,hum,45.0,45.0,0,1,0,304.88348266491045
Karauli,2023-10-21 02:30:00,hum,44.0,45.0,0,1,0,304.88348266491045
Karauli,2023-10-22 02:30:00,hum,47.0,44.0,0,1,0,304.88348266491045
Karauli,2023-10-23 02:15:00,hum,41.0,47.0,0,1,0,304.88348266491045
Karauli,2023-10-24 02:15:00,hum,39.0,41.0,0,1,0,304.88348266491045
Karauli,2023-10-25 02:30:00,hum,43.0,39.0,0,1,0,304.88348266491045
Karauli,2023-10-26 02:00:00,hum,37.0,43.0,0,1,0,304.88348266491045
Karauli,2023-10-27 02:30:00,hum,30.0,37.0,0,1,0,304.88348266491045
Karauli,2023-10-28 02:00:00,hum,32.0,30.0,0,1,0,304.88348266491045
Karauli,2023-10-29 02:45:00,hum,40.0,32.0,0,1,0,304.88348266491045
Karauli,2023-10-30 02:00:00,hum,40.0,40.0,0,1,0,304.88348266491045
Kargil,2023-10-15 02:30:00,hum,67.0,45.061942338641984,0,1,1,323.58626435959
Kargil,2023-10-16 02:30:00,hum,55.0,50.694362485146016,0,1,1,323.58626435959
Kargil,2023-10-17 02:15:00,hum,52.0,52.025308044510524,0,1,1,323.58626435959
Kargil,2023-10-18 02:15:00,hum,62.0,52.00721040206944,0,1,1,323.58626435959
Kargil,2023-10-19 02:15:00,hum,55.0,55.20588782030592,0,1,1,323.58626435959
Kargil,2023-10-20 02:30:00,hum,55.0,55.12609669301775,0,1,1,323.58626435959
Kargil,2023-10-21 02:15:00,hum,57.0,55.08071720792947,0,1,1,323.58626435959
Kargil,2023-10-22 02:15:00,hum,54.0,55.6679930011638,0,1,1,323.58626435959
Kargil,2023-10-23 02:00:00,hum,67.0,55.16081702493763,0,1,1,323.58626435959
Kargil,2023-10-24 02:15:00,hum,52.0,58.76323320514597,0,1,1,323.58626435959
Kargil,2023-10-25 02:15:00,hum,54.0,56.64371228465526,0,1,1,323.58626435959
Kargil,2023-10-26 02:00:00,hum,47.0,55.896797962459836,0,1,1,323.58626435959
Kargil,2023-10-27 02:15:00,hum,45.0,53.42803171248405,0,1,1,323.58626435959
Kargil,2023-10-28 02:00:00,hum,45.0,50.83175757839322,0,1,1,323.58626435959
Kargil,2023-10-29 02:30:00,hum,41.0,48.77411976500629,0,1,1,323.58626435959
Kargil,2023-10-30 01:45:00,hum,40.0,45.824235273410004,0,1,1,323.58626435959
Karimganj,2023-10-15 03:00:00,hum,93.0,93.58471267861052,2,0,1,187.32324980198882
Karimganj,2023-10-16 03:00:00,hum,90.0,95.83837919704153,2,0,1,187.32324980198882
Karimganj,2023-10-17 02:45:00,hum,90.0,94.22832655533395,2,0,1,187.32324980198882
Karimganj,2023-10-18 03:00:00,hum,84.0,93.70802719675336,2,0,1,187.32324980198882
Karimganj,2023-10-19 02:45:00,hum,87.0,87.51382178116707,2,0,1,187.32324980198882
Karimganj,2023-10-20 03:00:00,hum,89.0,88.77073869607844,2,0,1,187.32324980198882
Karimganj,2023-10-21 02:45:00,hum,90.0,90.73533804743776,2,0,1,187.32324980198882
Karimganj,2023-10-22 02:45:00,hum,85.0,91.13619267507079,2,0,1,187.32324980198882
Karimganj,2023-10-23 02:45:00,hum,93.0,87.65667691846637,2,0,1,187.32324980198882
Karimganj,2023-10-24 02:45:00,hum,94.0,92.41885433666835,2,0,1,187.32324980198882
Karimganj,2023-10-25 02:45:00,hum,76.0,93.6661729206589,2,0,1,187.32324980198882
Karimganj,2023-10-26 02:30:00,hum,96.0,82.04914426845772,2,0,1,187.32324980198882
Karimganj,2023-10-27 02:45:00,hum,95.0,88.56005036470856,2,0,1,187.32324980198882
Karimganj,2023-10-28 02:30:00,hum,91.0,91.95352402901396,2,0,1,187.32324980198882
Karimganj,2023-10-29 03:00:00,hum,91.0,91.96829153205103,2,0,1,187.32324980198882
Karimganj,2023-10-30 02:15:00,hum,88.0,91.84288766920174,2,0,1,187.32324980198882
Karimnagar,2023-10-15 02:30:00,hum,72.0,74.0,0,1,0,261.15765525783905
Karimnagar,2023-10-16 02:30:00,hum,65.0,72.0,0,1,0,261.15765525783905
Karimnagar,2023-10-17 02:30:00,hum,74.0,65.0,0,1,0,261.15765525783905
Karimnagar,2023-10-18 02:30:00,hum,68.0,74.0,0,1,0,261.15765525783905
Karimnagar,2023-10-19 02:30:00,hum,71.0,68.0,0,1,0,261.15765525783905
Karimnagar,2023-10-20 02:30:00,hum,80.0,71.0,0,1,0,261.15765525783905
Karimnagar,2023-10-21 02:30:00,hum,75.0,80.0,0,1,0,261.15765525783905
Karimnagar,2023-10-22 02:30:00,hum,63.0,75.0,0,1,0,261.15765525783905
Karimnagar,2023-10-23 02:15:00,hum,57.0,63.00000000000001,0,1,0,261.15765525783905
Karimnagar,2023-10-24 02:15:00,hum,64.0,57.0,0,1,0,261.15765525783905
Karimnagar,2023-10-25 02:30:00,hum,62.0,64.0,0,1,0,261.15765525783905
Karimnagar,2023-10-26 02:00:00,hum,59.0,62.0,0,1,0,261.15765525783905
Karimnagar,2023-10-27 02:30:00,hum,53.0,59.0,0,1,0,261.15765525783905
Karimnagar,2023-10-28 02:00:00,hum,57.0,53.0,0,1,0,261.15765525783905
Karimnagar,2023-10-29 02:45:00,hum,60.0,57.0,0,1,0,261.15765525783905
Karimnagar,2023-10-30 02:00:00,hum,61.0,60.0,0,1,0,261.15765525783905
Karnal,2023-10-15 02:30:00,hum,48.0,48.0,0,1,0,318.70257941842124
Karnal,2023-10-16 02:30:00,hum,51.0,48.0,0,1,0,318.70257941842124
Karnal,2023-10-17 02:15:00,hum,81.0,51.0,0,1,0,318.70257941842124
Karnal,2023-10-18 02:30:00,hum,56.0,81.0,0,1,0,318.70257941842124
Karnal,2023-10-19 02:15:00,hum,46.0,56.0,0,1,0,318.70257941842124
Karnal,2023-10-20 02:30:00,hum,42.0,46.0,0,1,0,318.70257941842124
Karnal,2023-10-21 02:15:00,hum,46.0,42.0,0,1,0,318.70257941842124
Karnal,2023-10-22 02:15:00,hum,46.0,46.0,0,1,0,318.70257941842124
Karnal,2023-10-23 02:15:00,hum,46.0,46.0,0,1,0,318.70257941842124
Karnal,2023-10-24 02:15:00,hum,48.0,46.0,0,1,0,318.70257941842124
Karnal,2023-10-25 02:15:00,hum,45.0,48.0,0,1,0,318.70257941842124
Karnal,2023-10-26 02:00:00,hum,36.0,45.0,0,1,0,318.70257941842124
Karnal,2023-10-27 02:15:00,hum,39.0,36.0,0,1,0,318.70257941842124
Karnal,2023-10-28 02:00:00,hum,39.0,39.0,0,1,0,318.70257941842124
Karnal,2023-10-29 02:30:00,hum,39.0,39.0,0,1,0,318.70257941842124
Karnal,2023-10-30 01:45:00,hum,46.0,39.0,0,1,0,318.70257941842124
Karur,2023-10-15 02:30:00,hum,82.0,77.4666846821192,2,1,2,276.03176749768716
Karur,2023-10-16 02:30:00,hum,77.0,81.74510726748903,2,1,2,276.03176749768716
Karur,2023-10-17 02:30:00,hum,91.0,73.5997280136645,2,1,2,276.03176749768716
Karur,2023-10-18 02:30:00,hum,89.0,90.212222815732,2,1,2,276.03176749768716
Karur,2023-10-19 02:30:00,hum,81.0,80.44689066835862,2,1,2,276.03176749768716
Karur,2023-10-20 02:30:00,hum,83.0,82.29644299251927,2,1,2,276.03176749768716
Karur,2023-10-21 02:15:00,hum,84.0,78.27086579106088,2,1,2,276.03176749768716
Karur,2023-10-22 02:30:00,hum,81.0,84.05013881901046,2,1,2,276.03176749768716
Karur,2023-10-23 02:15:00,hum,82.0,77.62331042845689,2,1,2,276.03176749768716
Karur,2023-10-24 02:15:00,hum,78.0,81.47275066431934,2,1,2,276.03176749768716
Karur,2023-10-25 02:30:00,hum,83.0,76.83615438107887,2,1,2,276.03176749768716
Karur,2023-10-26 02:00:00,hum,89.0,82.97985535514947,2,1,2,276.03176749768716
Karur,2023-10-27 02:30:00,hum,81.0,85.96797499320597,2,1,2,276.03176749768716
Karur,2023-10-28 02:00:00,hum,76.0,79.74282598306155,2,1,2,276.03176749768716
Karur,2023-10-29 02:45:00,hum,91.0,77.31712129106772,2,1,2,276.03176749768716
Karur,2023-10-30 02:00:00,hum,90.0,90.11221630193545,2,1,2,276.03176749768716
Kasaragod,2023-10-15 02:30:00,hum,94.0,92.38748376495643,1,1,2,251.18374085355705
Kasaragod,2023-10-16 02:30:00,hum,94.0,90.81740531505233,1,1,2,251.18374085355705
Kasaragod,2023-10-17 02:15:00,hum,94.0,90.15996077735056,1,1,2,251.18374085355705
Kasaragod,2023-10-18 02:30:00,hum,100.0,90.6542196962235,1,1,2,251.18374085355705
Kasaragod,2023-10-19 02:15:00,hum,94.0,90.25546538274855,1,1,2,251.18374085355705
Kasaragod,2023-10-20 02:30:00,hum,84.0,94.17881089869321,1,1,2,251.18374085355705
Kasaragod,2023-10-21 02:15:00,hum,89.0,100.82910760104483,1,1,2,251.18374085355705
Kasaragod,2023-10-22 02:15:00,hum,94.0,94.0696728732197,1,1,2,251.18374085355705
Kasaragod,2023-10-23 02:15:00,hum,89.0,92.43289177223159,1,1,2,251.18374085355705
Kasaragod,2023-10-24 02:15:00,hum,89.0,92.30139367061834,1,1,2,251.18374085355705
Kasaragod,2023-10-25 02:15:00,hum,89.0,91.86907245294084,1,1,2,251.18374085355705
Kasaragod,2023-10-26 02:00:00,hum,89.0,91.24084003126237,1,1,2,251.18374085355705
Kasaragod,2023-10-27 02:15:00,hum,89.0,90.59012650749561,1,1,2,251.18374085355705
Kasaragod,2023-10-28 02:00:00,hum,84.0,90.02215963472239,1,1,2,251.18374085355705
Kasaragod,2023-10-29 02:30:00,hum,89.0,89.32924168579862,1,1,2,251.18374085355705
Kasaragod,2023-10-30 01:45:00,hum,94.0,87.93891365556019,1,1,2,251.18374085355705
Kathua,2023-10-15 02:30:00,hum,46.0,51.60987553188169,0,1,1,317.6265502286274
Kathua,2023-10-16 02:30:00,hum,42.0,47.929221841590454,0,1,1,317.6265502286274
Kathua,2023-10-17 02:15:00,hum,75.0,43.95888310735432,0,1,1,317.6265502286274
Kathua,2023-10-18 02:15:00,hum,47.0,61.989734826731606,0,1,1,317.6265502286274
Kathua,2023-10-19 02:15:00,hum,55.0,53.54405303172533,0,1,1,317.6265502286274
Kathua,2023-10-20 02:30:00,hum,55.0,54.23453548120399,0,1,1,317.6265502286274
Kathua,2023-10-21 02:00:00,hum,47.0,54.59765181329333,0,1,1,317.6265502286274
Kathua,2023-10-22 02:15:00,hum,51.0,51.01359628581455,0,1,1,317.6265502286274
Kathua,2023-10-23 02:00:00,hum,46.0,51.00799464866058,0,1,1,317.6265502286274
Kathua,2023-10-24 02:15:00,hum,52.0,48.6254705148118,0,1,1,317.6265502286274
Kathua,2023-10-25 02:15:00,hum,38.0,50.227953484261285,0,1,1,317.6265502286274
Kathua,2023-10-26 02:00:00,hum,42.0,44.47389338770662,0,1,1,317.6265502286274
Kathua,2023-10-27 02:15:00,hum,53.0,43.260370003604145,0,1,1,317.6265502286274
Kathua,2023-10-28 02:00:00,hum,52.0,47.81820994323049,0,1,1,317.6265502286274
Kathua,2023-10-29 02:30:00,hum,49.0,49.76343315018318,0,1,1,317.6265502286274
Kathua,2023-10-30 01:45:00,hum,51.0,49.406572379241894,0,1,1,317.6265502286274
Katihar,2023-10-15 02:30:00,hum,74.0,64.0,0,1,0,298.5129657857545
Katihar,2023-10-16 02:30:00,hum,66.0,74.0,0,1,0,298.5129657857545
Katihar,2023-10-17 02:15:00,hum,77.0,66.0,0,1,0,298.5129657857545
Katihar,2023-10-18 02:30:00,hum,76.0,77.0,0,1,0,298.5129657857545
Katihar,2023-10-19 02:15:00,hum,72.0,76.0,0,1,0,298.5129657857545
Katihar,2023-10-20 02:30:00,hum,72.0,72.0,0,1,0,298.5129657857545
Katihar,2023-10-21 02:15:00,hum,70.0,72.0,0,1,0,298.5129657857545
Katihar,2023-10-22 02:15:00,hum,71.0,70.0,0,1,0,298.5129657857545
Katihar,2023-10-23 02:15:00,hum,79.0,71.0,0,1,0,298.5129657857545
Katihar,2023-10-24 02:15:00,hum,82.0,79.0,0,1,0,298.5129657857545
Katihar,2023-10-25 02:15:00,hum,79.0,82.0,0,1,0,298.5129657857545
Katihar,2023-10-26 02:00:00,hum,80.0,79.0,0,1,0,298.5129657857545
Katihar,2023-10-27 02:15:00,hum,57.0,80.0,0,1,0,298.5129657857545
Katihar,2023-10-28 02:00:00,hum,60.0,57.0,0,1,0,298.5129657857545
Katihar,2023-10-29 02:30:00,hum,56.0,60.0,0,1,0,298.5129657857545
Katihar,2023-10-30 01:45:00,hum,66.0,56.0,0,1,0,298.5129657857545
Katni,2023-10-15 02:30:00,hum,84.0,86.19779628035316,0,1,1,250.63307587087414
Katni,2023-10-16 02:30:00,hum,89.0,85.51837667128387,0,1,1,250.63307587087414
Katni,2023-10-17 02:15:00,hum,89.0,86.52903339436217,0,1,1,250.63307587087414
Katni,2023-10-18 02:15:00,hum,94.0,87.1539957030155,0,1,1,250.63307587087414
Katni,2023-10-19 02:15:00,hum,89.0,88.85750513558904,0,1,1,250.63307587087414
Katni,2023-10-20 02:15:00,hum,94.0,88.89564755763689,0,1,1,250.63307587087414
Katni,2023-10-21 02:00:00,hum,89.0,90.50833478932327,0,1,1,250.63307587087414
Katni,2023-10-22 02:15:00,hum,83.0,89.98412467668275,0,1,1,250.63307587087414
Katni,2023-10-23 02:00:00,hum,79.0,88.21593580704891,0,1,1,250.63307587087414
Katni,2023-10-24 02:15:00,hum,89.0,85.7860414815349,0,1,1,250.63307587087414
Katni,2023-10-25 02:15:00,hum,94.0,86.82443430739278,0,1,1,250.63307587087414
Katni,2023-10-26 02:00:00,hum,94.0,88.32717303761201,0,1,1,250.63307587087414
Katni,2023-10-27 02:15:00,hum,83.0,89.46982698836462,0,1,1,250.63307587087414
Katni,2023-10-28 02:00:00,hum,78.0,88.19523345530041,0,1,1,250.63307587087414
Katni,2023-10-29 02:30:00,hum,83.0,86.3565911488659,0,1,1,250.63307587087414
Katni,2023-10-30 01:45:00,hum,88.0,85.56136996211221,0,1,1,250.63307587087414
Kavaratti,2023-10-15 02:30:00,hum,74.0,75.0,0,1,0,217.605553132487
Kavaratti,2023-10-16 02:30:00,hum,79.0,74.0,0,1,0,217.605553132487
Kavaratti,2023-10-17 02:30:00,hum,78.0,79.0,0,1,0,217.605553132487
Kavaratti,2023-10-18 02:30:00,hum,71.0,78.0,0,1,0,217.605553132487
Kavaratti,2023-10-19 02:15:00,hum,72.0,71.0,0,1,0,217.605553132487
Kavaratti,2023-10-20 02:30:00,hum,70.0,72.0,0,1,0,217.605553132487
Kavaratti,2023-10-21 02:15:00,hum,72.0,70.0,0,1,0,217.605553132487
Kavaratti,2023-10-22 02:15:00,hum,72.0,72.0,0,1,0,217.605553132487
Kavaratti,2023-10-23 02:15:00,hum,74.0,72.0,0,1,0,217.605553132487
Kavaratti,2023-10-24 02:15:00,hum,71.0,74.0,0,1,0,217.605553132487
Kavaratti,2023-10-25 02:15:00,hum,72.0,71.0,0,1,0,217.605553132487
Kavaratti,2023-10-26 02:00:00,hum,68.0,72.0,0,1,0,217.605553132487
Kavaratti,2023-10-27 02:15:00,hum,69.0,68.0,0,1,0,217.605553132487
Kavaratti,2023-10-28 02:00:00,hum,67.0,69.0,0,1,0,217.605553132487
Kavaratti,2023-10-29 02:30:00,hum,71.0,67.0,0,1,0,217.605553132487
Kavaratti,2023-10-30 01:45:00,hum,70.0,71.0,0,1,0,217.605553132487
Kendrapara,2023-10-15 02:30:00,hum,81.0,76.45680229757612,0,1,2,228.5519643231962
Kendrapara,2023-10-16 02:30:00,hum,76.0,80.54708386299116,0,1,2,228.5519643231962
Kendrapara,2023-10-17 02:30:00,hum,73.0,76.68549130272494,0,1,2,228.5519643231962
Kendrapara,2023-10-18 02:30:00,hum,75.0,75.21828825935303,0,1,2,228.5519643231962
Kendrapara,2023-10-19 02:30:00,hum,78.0,75.9005509522223,0,1,2,228.5519643231962
Kendrapara,2023-10-20 02:30:00,hum,78.0,77.37860068823987,0,1,2,228.5519643231962
Kendrapara,2023-10-21 02:15:00,hum,75.0,77.26904875787068,0,1,2,228.5519643231962
Kendrapara,2023-10-22 02:30:00,hum,74.0,75.613926546019,0,1,2,228.5519643231962
Kendrapara,2023-10-23 02:15:00,hum,82.0,75.12349684917662,0,1,2,228.5519643231962
Kendrapara,2023-10-24 02:15:00,hum,89.0,80.05893281507602,0,1,2,228.5519643231962
Kendrapara,2023-10-25 02:15:00,hum,80.0,84.61590570263137,0,1,2,228.5519643231962
Kendrapara,2023-10-26 02:00:00,hum,84.0,78.27129239827697,0,1,2,228.5519643231962
Kendrapara,2023-10-27 02:15:00,hum,83.0,83.434257115136,0,1,2,228.5519643231962
Kendrapara,2023-10-28 02:00:00,hum,82.0,81.77980040133066,0,1,2,228.5519643231962
Kendrapara,2023-10-29 02:45:00,hum,77.0,82.0338236492338,0,1,2,228.5519643231962
Kendrapara,2023-10-30 02:00:00,hum,70.0,78.70197640621261,0,1,2,228.5519643231962
Khagaria,2023-10-15 02:30:00,hum,72.0,71.0,0,1,0,308.7819077798254
Khagaria,2023-10-16 02:30:00,hum,71.0,72.0,0,1,0,308.7819077798254
Khagaria,2023-10-17 02:15:00,hum,75.0,71.0,0,1,0,308.7819077798254
Khagaria,2023-10-18 02:30:00,hum,72.0,75.0,0,1,0,308.7819077798254
Khagaria,2023-10-19 02:15:00,hum,75.0,72.0,0,1,0,308.7819077798254
Khagaria,2023-10-20 02:30:00,hum,68.0,75.0,0,1,0,308.7819077798254
Khagaria,2023-10-21 02:15:00,hum,64.0,68.0,0,1,0,308.7819077798254
Khagaria,2023-10-22 02:15:00,hum,62.0,63.99999999999999,0,1,0,308.7819077798254
Khagaria,2023-10-23 02:15:00,hum,62.0,62.0,0,1,0,308.7819077798254
Khagaria,2023-10-24 02:15:00,hum,74.0,62.0,0,1,0,308.7819077798254
Khagaria,2023-10-25 02:15:00,hum,73.0,74.0,0,1,0,308.7819077798254
Khagaria,2023-10-26 02:00:00,hum,69.0,73.0,0,1,0,308.7819077798254
Khagaria,2023-10-27 02:15:00,hum,59.0,69.0,0,1,0,308.7819077798254
Khagaria,2023-10-28 02:00:00,hum,62.0,59.0,0,1,0,308.7819077798254
Khagaria,2023-10-29 02:30:00,hum,59.0,62.0,0,1,0,308.7819077798254
Khagaria,2023-10-30 01:45:00,hum,63.0,59.0,0,1,0,308.7819077798254
Khammam,2023-10-15 02:30:00,hum,85.0,85.40024585398267,1,1,1,262.86081893366355
Khammam,2023-10-16 02:30:00,hum,87.0,85.39208081144885,1,1,1,262.86081893366355
Khammam,2023-10-17 02:30:00,hum,89.0,86.8545450079674,1,1,1,262.86081893366355
Khammam,2023-10-18 02:30:00,hum,86.0,88.31900158691647,1,1,1,262.86081893366355
Khammam,2023-10-19 02:30:00,hum,78.0,86.14465907184005,1,1,1,262.86081893366355
Khammam,2023-10-20 02:30:00,hum,90.0,80.25166403028308,1,1,1,262.86081893366355
Khammam,2023-10-21 02:30:00,hum,83.0,88.84512123903873,1,1,1,262.86081893366355
Khammam,2023-10-22 02:30:00,hum,84.0,84.20120005316332,1,1,1,262.86081893366355
Khammam,2023-10-23 02:15:00,hum,67.0,84.84047745698818,1,1,1,262.86081893366355
Khammam,2023-10-24 02:15:00,hum,68.0,72.67229871404675,1,1,1,262.86081893366355
Khammam,2023-10-25 02:30:00,hum,69.0,72.05412611618266,1,1,1,262.86081893366355
Khammam,2023-10-26 02:00:00,hum,69.0,72.0290182624829,1,1,1,262.86081893366355
Khammam,2023-10-27 02:30:00,hum,58.0,71.39613168765722,1,1,1,262.86081893366355
Khammam,2023-10-28 02:00:00,hum,73.0,60.76120194419802,1,1,1,262.86081893366355
Khammam,2023-10-29 02:45:00,hum,89.0,69.70018798648611,1,1,1,262.86081893366355
Khammam,2023-10-30 02:00:00,hum,94.0,87.45611923602478,1,1,1,262.86081893366355
Khandwa,2023-10-15 02:30:00,hum,50.0,54.0,0,1,0,284.45801187685333
Khandwa,2023-10-16 02:30:00,hum,60.0,50.0,0,1,0,284.45801187685333
Khandwa,2023-10-17 02:15:00,hum,63.0,60.0,0,1,0,284.45801187685333
Khandwa,2023-10-18 02:15:00,hum,64.0,63.0,0,1,0,284.45801187685333
Khandwa,2023-10-19 02:15:00,hum,61.0,64.0,0,1,0,284.45801187685333
Khandwa,2023-10-20 02:15:00,hum,65.0,61.0,0,1,0,284.45801187685333
Khandwa,2023-10-21 02:00:00,hum,47.0,65.0,0,1,0,284.45801187685333
Khandwa,2023-10-22 02:15:00,hum,53.0,46.99999999999999,0,1,0,284.45801187685333
Khandwa,2023-10-23 02:00:00,hum,47.0,53.0,0,1,0,284.45801187685333
Khandwa,2023-10-24 02:15:00,hum,58.0,47.0,0,1,0,284.45801187685333
Khandwa,2023-10-25 02:15:00,hum,53.0,58.0,0,1,0,284.45801187685333
Khandwa,2023-10-26 02:00:00,hum,46.0,53.0,0,1,0,284.45801187685333
Khandwa,2023-10-27 02:15:00,hum,45.0,46.0,0,1,0,284.45801187685333
Khandwa,2023-10-28 02:00:00,hum,45.0,45.0,0,1,0,284.45801187685333
Khandwa,2023-10-29 02:30:00,hum,46.0,45.0,0,1,0,284.45801187685333
Khandwa,2023-10-30 01:45:00,hum,45.0,46.0,0,1,0,284.45801187685333
Khargone,2023-10-15 02:30:00,hum,47.0,52.65994070272732,2,1,0,282.75220039566716
Khargone,2023-10-16 02:30:00,hum,61.0,47.67823857313392,2,1,0,282.75220039566716
Khargone,2023-10-17 02:15:00,hum,57.0,63.990998875426136,2,1,0,282.75220039566716
Khargone,2023-10-18 02:15:00,hum,62.0,52.38599212729018,2,1,0,282.75220039566716
Khargone,2023-10-19 02:15:00,hum,55.0,63.22280148997342,2,1,0,282.75220039566716
Khargone,2023-10-20 02:15:00,hum,46.0,53.686561603753866,2,1,0,282.75220039566716
Khargone,2023-10-21 02:00:00,hum,49.0,47.0163415375029,2,1,0,282.75220039566716
Khargone,2023-10-22 02:15:00,hum,52.0,51.3194353458137,2,1,0,282.75220039566716
Khargone,2023-10-23 02:00:00,hum,45.0,51.453522473523485,2,1,0,282.75220039566716
Khargone,2023-10-24 02:15:00,hum,44.0,43.897857205349105,2,1,0,282.75220039566716
Khargone,2023-10-25 02:15:00,hum,45.0,45.706016406090974,2,1,0,282.75220039566716
Khargone,2023-10-26 02:00:00,hum,39.0,45.29846593162658,2,1,0,282.75220039566716
Khargone,2023-10-27 02:15:00,hum,38.0,38.47486419223519,2,1,0,282.75220039566716
Khargone,2023-10-28 02:00:00,hum,39.0,39.426800281778775,2,1,0,282.75220039566716
Khargone,2023-10-29 02:30:00,hum,37.0,39.292962362548685,2,1,0,282.75220039566716
Khargone,2023-10-30 01:45:00,hum,36.0,36.66213944828554,2,1,0,282.75220039566716
Kheda,2023-10-15 02:30:00,hum,62.0,74.0,0,1,0,301.9725836980863
Kheda,2023-10-16 02:30:00,hum,74.0,62.0,0,1,0,301.9725836980863
Kheda,2023-10-17 02:15:00,hum,70.0,74.0,0,1,0,301.9725836980863
Kheda,2023-10-18 02:15:00,hum,78.0,70.0,0,1,0,301.9725836980863
Kheda,2023-10-19 02:15:00,hum,69.0,78.0,0,1,0,301.9725836980863
Kheda,2023-10-20 02:15:00,hum,79.0,69.0,0,1,0,301.9725836980863
Kheda,2023-10-21 02:15:00,hum,74.0,79.0,0,1,0,301.9725836980863
Kheda,2023-10-22 02:15:00,hum,74.0,74.0,0,1,0,301.9725836980863
Kheda,2023-10-23 02:00:00,hum,74.0,74.0,0,1,0,301.9725836980863
Kheda,2023-10-24 02:15:00,hum,74.0,74.0,0,1,0,301.9725836980863
Kheda,2023-10-25 02:15:00,hum,74.0,74.0,0,1,0,301.9725836980863
Kheda,2023-10-26 02:00:00,hum,69.0,74.0,0,1,0,301.9725836980863
Kheda,2023-10-27 02:15:00,hum,78.0,69.0,0,1,0,301.9725836980863
Kheda,2023-10-28 02:00:00,hum,78.0,78.0,0,1,0,301.9725836980863
Kheda,2023-10-29 02:30:00,hum,65.0,78.0,0,1,0,301.9725836980863
Kheda,2023-10-30 01:45:00,hum,73.0,65.0,0,1,0,301.9725836980863
Kheri,2023-10-15 02:30:00,hum,63.0,64.81671873237302,0,1,1,309.581535184587
Kheri,2023-10-16 02:30:00,hum,69.0,64.05615499568437,0,1,1,309.581535184587
Kheri,2023-10-17 02:30:00,hum,87.0,66.08788300873844,0,1,1,309.581535184587
Kheri,2023-10-18 02:30:00,hum,75.0,74.92439229908695,0,1,1,309.581535184587
Kheri,2023-10-19 02:30:00,hum,65.0,74.95829600564613,0,1,1,309.581535184587
Kheri,2023-10-20 02:30:00,hum,61.0,70.8205024406727,0,1,1,309.581535184587
Kheri,2023-10-21 02:15:00,hum,64.0,67.04571003980182,0,1,1,309.581535184587
Kheri,2023-10-22 02:30:00,hum,60.0,65.78034579883146,0,1,1,309.581535184587
Kheri,2023-10-23 02:15:00,hum,60.0,63.29249635474511,0,1,1,309.581535184587
Kheri,2023-10-24 02:15:00,hum,54.0,61.81569498873006,0,1,1,309.581535184587
Kheri,2023-10-25 02:30:00,hum,56.0,58.188372457408434,0,1,1,309.581535184587
Kheri,2023-10-26 02:00:00,hum,57.0,57.13257949127547,0,1,1,309.581535184587
Kheri,2023-10-27 02:30:00,hum,57.0,57.071453780331865,0,1,1,309.581535184587
Kheri,2023-10-28 02:00:00,hum,53.0,57.03915471541531,0,1,1,309.581535184587
Kheri,2023-10-29 02:45:00,hum,54.0,55.17480387450049,0,1,1,309.581535184587
Kheri,2023-10-30 02:00:00,hum,59.0,54.62693307708659,0,1,1,309.581535184587
Khordha,2023-10-15 02:30:00,hum,84.0,86.42872496643312,0,1,1,269.1744883988528
Khordha,2023-10-16 02:30:00,hum,89.0,85.78296106030126,0,1,1,269.1744883988528
Khordha,2023-10-17 02:30:00,hum,89.0,86.6166167207738,0,1,1,269.1744883988528
Khordha,2023-10-18 02:30:00,hum,94.0,87.17903741964959,0,1,1,269.1744883988528
Khordha,2023-10-19 02:30:00,hum,89.0,88.76760875215803,0,1,1,269.1744883988528
Khordha,2023-10-20 02:30:00,hum,94.0,88.82445853216879,0,1,1,269.1744883988528
Khordha,2023-10-21 02:15:00,hum,89.0,90.23803477644202,0,1,1,269.1744883988528
Khordha,2023-10-22 02:30:00,hum,83.0,89.86866452846076,0,1,1,269.1744883988528
Khordha,2023-10-23 02:15:00,hum,79.0,88.23454032299264,0,1,1,269.1744883988528
Khordha,2023-10-24 02:15:00,hum,89.0,86.07399853801458,0,1,1,269.1744883988528
Khordha,2023-10-25 02:15:00,hum,94.0,86.8632446230954,0,1,1,269.1744883988528
Khordha,2023-10-26 02:00:00,hum,94.0,88.32489217315924,0,1,1,269.1744883988528
Khordha,2023-10-27 02:15:00,hum,83.0,89.46443183173382,0,1,1,269.1744883988528
Khordha,2023-10-28 02:00:00,hum,78.0,88.18730159441083,0,1,1,269.1744883988528
Khordha,2023-10-29 02:45:00,hum,83.0,86.332412864404,0,1,1,269.1744883988528
Khordha,2023-10-30 02:00:00,hum,88.0,85.57598401217788,0,1,1,269.1744883988528
Khowai,2023-10-15 03:00:00,hum,93.0,96.82429138852342,1,1,2,212.06297437719778
Khowai,2023-10-16 03:00:00,hum,94.0,91.4825376403611,1,1,2,212.06297437719778
Khowai,2023-10-17 02:45:00,hum,89.0,95.21909845508718,1,1,2,212.06297437719778
Khowai,2023-10-18 03:00:00,hum,88.0,89.69606398924871,1,1,2,212.06297437719778
Khowai,2023-10-19 02:45:00,hum,89.0,90.93636133579528,1,1,2,212.06297437719778
Khowai,2023-10-20 03:00:00,hum,94.0,89.03998326383149,1,1,2,212.06297437719778
Khowai,2023-10-21 02:45:00,hum,93.0,93.54653068089759,1,1,2,212.06297437719778
Khowai,2023-10-22 02:45:00,hum,89.0,91.09430165677132,1,1,2,212.06297437719778
Khowai,2023-10-23 02:45:00,hum,96.0,90.4174306010026,1,1,2,212.06297437719778
Khowai,2023-10-24 02:45:00,hum,96.0,94.48279912293134,1,1,2,212.06297437719778
Khowai,2023-10-25 02:45:00,hum,84.0,93.10558064667119,1,1,2,212.06297437719778
Khowai,2023-10-26 02:30:00,hum,98.0,86.77863851409987,1,1,2,212.06297437719778
Khowai,2023-10-27 02:45:00,hum,97.0,96.8539094917707,1,1,2,212.06297437719778
Khowai,2023-10-28 02:30:00,hum,93.0,91.50299419887493,1,1,2,212.06297437719778
Khowai,2023-10-29 03:00:00,hum,85.0,94.74785938981714,1,1,2,212.06297437719778
Khowai,2023-10-30 02:15:00,hum,88.0,89.10336845095229,1,1,2,212.06297437719778
Khunti,2023-10-15 02:30:00,hum,83.0,72.21340160038157,1,1,2,303.15994250666597
Khunti,2023-10-16 02:30:00,hum,94.0,70.5628725874946,1,1,2,303.15994250666597
Khunti,2023-10-17 02:15:00,hum,74.0,85.67490119999408,1,1,2,303.15994250666597
Khunti,2023-10-18 02:30:00,hum,94.0,82.65795617461494,1,1,2,303.15994250666597
Khunti,2023-10-19 02:15:00,hum,88.0,81.05771952753778,1,1,2,303.15994250666597
Khunti,2023-10-20 02:30:00,hum,83.0,87.40381075670852,1,1,2,303.15994250666597
Khunti,2023-10-21 02:00:00,hum,94.0,83.87873144995487,1,1,2,303.15994250666597
Khunti,2023-10-22 02:15:00,hum,94.0,87.15201376185027,1,1,2,303.15994250666597
Khunti,2023-10-23 02:00:00,hum,77.0,88.84668744999829,1,1,2,303.15994250666597
Khunti,2023-10-24 02:15:00,hum,78.0,86.91427522981783,1,1,2,303.15994250666597
Khunti,2023-10-25 02:15:00,hum,77.0,84.1057063920897,1,1,2,303.15994250666597
Khunti,2023-10-26 02:00:00,hum,83.0,82.34472188590867,1,1,2,303.15994250666597
Khunti,2023-10-27 02:15:00,hum,83.0,82.87123386040784,1,1,2,303.15994250666597
Khunti,2023-10-28 02:00:00,hum,77.0,83.14300275709526,1,1,2,303.15994250666597
Khunti,2023-10-29 02:30:00,hum,64.0,81.60732020854753,1,1,2,303.15994250666597
Khunti,2023-10-30 01:45:00,hum,83.0,76.23157975323099,1,1,2,303.15994250666597
Kishanganj,2023-10-15 02:30:00,hum,73.0,73.0,0,1,0,291.8447702700852
Kishanganj,2023-10-16 02:30:00,hum,71.0,73.0,0,1,0,291.8447702700852
Kishanganj,2023-10-17 02:15:00,hum,83.0,71.0,0,1,0,291.8447702700852
Kishanganj,2023-10-18 02:30:00,hum,82.0,83.0,0,1,0,291.8447702700852
Kishanganj,2023-10-19 02:15:00,hum,79.0,82.0,0,1,0,291.8447702700852
Kishanganj,2023-10-20 02:30:00,hum,81.0,79.0,0,1,0,291.8447702700852
Kishanganj,2023-10-21 02:15:00,hum,78.0,81.0,0,1,0,291.8447702700852
Kishanganj,2023-10-22 02:15:00,hum,77.0,78.0,0,1,0,291.8447702700852
Kishanganj,2023-10-23 02:00:00,hum,78.0,77.0,0,1,0,291.8447702700852
Kishanganj,2023-10-24 02:15:00,hum,79.0,78.0,0,1,0,291.8447702700852
Kishanganj,2023-10-25 02:15:00,hum,74.0,79.0,0,1,0,291.8447702700852
Kishanganj,2023-10-26 02:00:00,hum,75.0,74.0,0,1,0,291.8447702700852
Kishanganj,2023-10-27 02:15:00,hum,61.0,75.0,0,1,0,291.8447702700852
Kishanganj,2023-10-28 02:00:00,hum,65.0,61.0,0,1,0,291.8447702700852
Kishanganj,2023-10-29 02:30:00,hum,62.0,65.0,0,1,0,291.8447702700852
Kishanganj,2023-10-30 01:45:00,hum,71.0,62.0,0,1,0,291.8447702700852
Kishtwar,2023-10-15 02:30:00,hum,65.0,60.55485935998609,2,1,1,311.19421544472567
Kishtwar,2023-10-16 02:30:00,hum,65.0,63.47084141810083,2,1,1,311.19421544472567
Kishtwar,2023-10-17 02:15:00,hum,84.0,62.82872095668124,2,1,1,311.19421544472567
Kishtwar,2023-10-18 02:15:00,hum,77.0,84.17451657178388,2,1,1,311.19421544472567
Kishtwar,2023-10-19 02:15:00,hum,71.0,70.01878257305447,2,1,1,311.19421544472567
Kishtwar,2023-10-20 02:30:00,hum,72.0,68.19781687864287,2,1,1,311.19421544472567
Kishtwar,2023-10-21 02:15:00,hum,65.0,72.12087471876552,2,1,1,311.19421544472567
Kishtwar,2023-10-22 02:15:00,hum,64.0,64.38067432255906,2,1,1,311.19421544472567
Kishtwar,2023-10-23 02:00:00,hum,75.0,65.66256154234657,2,1,1,311.19421544472567
Kishtwar,2023-10-24 02:15:00,hum,63.0,76.88013017676985,2,1,1,311.19421544472567
Kishtwar,2023-10-25 02:15:00,hum,57.0,61.15947601970853,2,1,1,311.19421544472567
Kishtwar,2023-10-26 02:00:00,hum,55.0,59.08850344529993,2,1,1,311.19421544472567
Kishtwar,2023-10-27 02:15:00,hum,56.0,58.19359148050107,2,1,1,311.19421544472567
Kishtwar,2023-10-28 02:00:00,hum,57.0,58.87345046308322,2,1,1,311.19421544472567
Kishtwar,2023-10-29 02:30:00,hum,56.0,58.79300810058582,2,1,1,311.19421544472567
Kishtwar,2023-10-30 01:45:00,hum,52.0,56.972986387121445,2,1,1,311.19421544472567
Koch Bihar,2023-10-15 02:30:00,hum,85.0,85.89771397949194,1,1,1,279.859049404704
Koch Bihar,2023-10-16 02:30:00,hum,81.0,86.47501210322199,1,1,1,279.859049404704
Koch Bihar,2023-10-17 02:30:00,hum,83.0,83.83020981804368,1,1,1,279.859049404704
Koch Bihar,2023-10-18 02:30:00,hum,78.0,85.03293890076787,1,1,1,279.859049404704
Koch Bihar,2023-10-19 02:15:00,hum,88.0,81.53323613326023,1,1,1,279.859049404704
Koch Bihar,2023-10-20 02:30:00,hum,80.0,88.13647862603439,1,1,1,279.859049404704
Koch Bihar,2023-10-21 02:15:00,hum,75.0,82.61794280000348,1,1,1,279.859049404704
Koch Bihar,2023-10-22 02:15:00,hum,70.0,79.39541551766203,1,1,1,279.859049404704
Koch Bihar,2023-10-23 02:15:00,hum,66.0,70.9098599399699,1,1,1,279.859049404704
Koch Bihar,2023-10-24 02:15:00,hum,63.0,66.14538174091099,1,1,1,279.859049404704
Koch Bihar,2023-10-25 02:15:00,hum,67.0,63.344801911755184,1,1,1,279.859049404704
Koch Bihar,2023-10-26 02:00:00,hum,78.0,66.28304118261276,1,1,1,279.859049404704
Koch Bihar,2023-10-27 02:15:00,hum,84.0,77.07052187793231,1,1,1,279.859049404704
Koch Bihar,2023-10-28 02:00:00,hum,84.0,83.85451609749663,1,1,1,279.859049404704
Koch Bihar,2023-10-29 02:45:00,hum,76.0,84.08390564016811,1,1,1,279.859049404704
Koch Bihar,2023-10-30 02:00:00,hum,77.0,76.65967977913182,1,1,1,279.859049404704
Kodarma,2023-10-15 02:30:00,hum,73.0,75.0,0,1,0,308.15298008461286
Kodarma,2023-10-16 02:30:00,hum,67.0,73.0,0,1,0,308.15298008461286
Kodarma,2023-10-17 02:15:00,hum,82.0,67.0,0,1,0,308.15298008461286
Kodarma,2023-10-18 02:30:00,hum,78.0,82.0,0,1,0,308.15298008461286
Kodarma,2023-10-19 02:15:00,hum,86.0,78.0,0,1,0,308.15298008461286
Kodarma,2023-10-20 02:30:00,hum,74.0,86.0,0,1,0,308.15298008461286
Kodarma,2023-10-21 02:15:00,hum,71.0,74.0,0,1,0,308.15298008461286
Kodarma,2023-10-22 02:15:00,hum,61.0,71.0,0,1,0,308.15298008461286
Kodarma,2023-10-23 02:00:00,hum,65.0,61.0,0,1,0,308.15298008461286
Kodarma,2023-10-24 02:15:00,hum,64.0,65.0,0,1,0,308.15298008461286
Kodarma,2023-10-25 02:15:00,hum,75.0,64.0,0,1,0,308.15298008461286
Kodarma,2023-10-26 02:00:00,hum,68.0,75.0,0,1,0,308.15298008461286
Kodarma,2023-10-27 02:15:00,hum,62.0,68.0,0,1,0,308.15298008461286
Kodarma,2023-10-28 02:00:00,hum,61.0,62.0,0,1,0,308.15298008461286
Kodarma,2023-10-29 02:30:00,hum,62.0,61.0,0,1,0,308.15298008461286
Kodarma,2023-10-30 01:45:00,hum,67.0,62.0,0,1,0,308.15298008461286
Kohima,2023-10-15 02:30:00,hum,93.0,95.35978352795861,1,1,1,245.88639573135868
Kohima,2023-10-16 02:30:00,hum,93.0,94.19130413278154,1,1,1,245.88639573135868
Kohima,2023-10-17 02:15:00,hum,90.0,94.05303438858923,1,1,1,245.88639573135868
Kohima,2023-10-18 02:30:00,hum,89.0,92.33458885043373,1,1,1,245.88639573135868
Kohima,2023-10-19 02:15:00,hum,95.0,91.64132395142518,1,1,1,245.88639573135868
Kohima,2023-10-20 02:30:00,hum,91.0,94.83590824723308,1,1,1,245.88639573135868
Kohima,2023-10-21 02:15:00,hum,90.0,92.77666955958213,1,1,1,245.88639573135868
Kohima,2023-10-22 02:15:00,hum,88.0,92.17008053388672,1,1,1,245.88639573135868
Kohima,2023-10-23 02:15:00,hum,89.0,90.92129145767993,1,1,1,245.88639573135868
Kohima,2023-10-24 02:15:00,hum,92.0,91.3428925699924,1,1,1,245.88639573135868
Kohima,2023-10-25 02:15:00,hum,92.0,93.00642784956057,1,1,1,245.88639573135868
Kohima,2023-10-26 02:00:00,hum,97.0,92.98400397602738,1,1,1,245.88639573135868
Kohima,2023-10-27 02:15:00,hum,97.0,95.75056067172268,1,1,1,245.88639573135868
Kohima,2023-10-28 02:00:00,hum,90.0,95.78080457826692,1,1,1,245.88639573135868
Kohima,2023-10-29 02:30:00,hum,90.0,91.98675122040825,1,1,1,245.88639573135868
Kohima,2023-10-30 01:45:00,hum,90.0,91.91639592893743,1,1,1,245.88639573135868
Kokrajhar,2023-10-15 02:30:00,hum,89.0,86.78898992596619,0,1,1,246.9348131364305
Kokrajhar,2023-10-16 02:30:00,hum,88.0,88.3661532271705,0,1,1,246.9348131364305
Kokrajhar,2023-10-17 02:15:00,hum,90.0,88.11229292917415,0,1,1,246.9348131364305
Kokrajhar,2023-10-18 02:30:00,hum,90.0,89.41910961833231,0,1,1,246.9348131364305
Kokrajhar,2023-10-19 02:15:00,hum,90.0,89.82274146906545,0,1,1,246.9348131364305
Kokrajhar,2023-10-20 02:30:00,hum,88.0,89.94576225071113,0,1,1,246.9348131364305
Kokrajhar,2023-10-21 02:15:00,hum,89.0,88.59874419747871,0,1,1,246.9348131364305
Kokrajhar,2023-10-22 02:15:00,hum,87.0,88.87664877823556,0,1,1,246.9348131364305
Kokrajhar,2023-10-23 02:15:00,hum,88.0,87.57928170093996,0,1,1,246.9348131364305
Kokrajhar,2023-10-24 02:15:00,hum,80.0,87.87035288567029,0,1,1,246.9348131364305
Kokrajhar,2023-10-25 02:15:00,hum,81.0,82.42103078275953,0,1,1,246.9348131364305
Kokrajhar,2023-10-26 02:00:00,hum,87.0,81.38402019642324,0,1,1,246.9348131364305
Kokrajhar,2023-10-27 02:15:00,hum,88.0,85.22928510468779,0,1,1,246.9348131364305
Kokrajhar,2023-10-28 02:00:00,hum,89.0,87.17550419814799,0,1,1,246.9348131364305
Kokrajhar,2023-10-29 02:30:00,hum,83.0,88.4735432273276,0,1,1,246.9348131364305
Kokrajhar,2023-10-30 01:45:00,hum,86.0,84.72064127033575,0,1,1,246.9348131364305
Kolar,2023-10-15 02:30:00,hum,94.0,87.6934678249095,0,1,1,265.64886223512525
Kolar,2023-10-16 02:30:00,hum,88.0,88.84361881541565,0,1,1,265.64886223512525
Kolar,2023-10-17 02:30:00,hum,88.0,88.67233756295444,0,1,1,265.64886223512525
Kolar,2023-10-18 02:30:00,hum,88.0,88.54688047287001,0,1,1,265.64886223512525
Kolar,2023-10-19 02:15:00,hum,78.0,88.4491934336852,0,1,1,265.64886223512525
Kolar,2023-10-20 02:30:00,hum,83.0,86.69340892925496,0,1,1,265.64886223512525
Kolar,2023-10-21 02:15:00,hum,88.0,85.82793754413305,0,1,1,265.64886223512525
Kolar,2023-10-22 02:15:00,hum,78.0,86.34912620120463,0,1,1,265.64886223512525
Kolar,2023-10-23 02:15:00,hum,78.0,84.41647086127665,0,1,1,265.64886223512525
Kolar,2023-10-24 02:15:00,hum,68.0,82.2711251559796,0,1,1,265.64886223512525
Kolar,2023-10-25 02:15:00,hum,60.0,75.98225626175623,0,1,1,265.64886223512525
Kolar,2023-10-26 02:00:00,hum,68.0,66.05197215850633,0,1,1,265.64886223512525
Kolar,2023-10-27 02:15:00,hum,78.0,67.27158356227949,0,1,1,265.64886223512525
Kolar,2023-10-28 02:00:00,hum,88.0,72.58489956539266,0,1,1,265.64886223512525
Kolar,2023-10-29 02:45:00,hum,94.0,81.20228522010908,0,1,1,265.64886223512525
Kolar,2023-10-30 02:00:00,hum,88.0,91.3298672914949,0,1,1,265.64886223512525
Kolhapur,2023-10-15 02:30:00,hum,73.0,50.79201731153203,1,1,1,245.4945446642344
Kolhapur,2023-10-16 02:30:00,hum,86.0,68.94243246809265,1,1,1,245.4945446642344
Kolhapur,2023-10-17 02:30:00,hum,71.0,86.11139018136963,1,1,1,245.4945446642344
Kolhapur,2023-10-18 02:30:00,hum,79.0,70.46040658429044,1,1,1,245.4945446642344
Kolhapur,2023-10-19 02:30:00,hum,53.0,77.52051441928147,1,1,1,245.4945446642344
Kolhapur,2023-10-20 02:30:00,hum,66.0,63.63075313323428,1,1,1,245.4945446642344
Kolhapur,2023-10-21 02:15:00,hum,64.0,65.59109567403442,1,1,1,245.4945446642344
Kolhapur,2023-10-22 02:30:00,hum,65.0,64.64757878653194,1,1,1,245.4945446642344
Kolhapur,2023-10-23 02:15:00,hum,70.0,64.84377400454699,1,1,1,245.4945446642344
Kolhapur,2023-10-24 02:15:00,hum,67.0,67.55894143695402,1,1,1,245.4945446642344
Kolhapur,2023-10-25 02:15:00,hum,73.0,67.189382271766,1,1,1,245.4945446642344
Kolhapur,2023-10-26 02:00:00,hum,54.0,70.21397481344997,1,1,1,245.4945446642344
Kolhapur,2023-10-27 02:15:00,hum,48.0,62.516116110889385,1,1,1,245.4945446642344
Kolhapur,2023-10-28 02:00:00,hum,49.0,54.226730687393754,1,1,1,245.4945446642344
Kolhapur,2023-10-29 02:45:00,hum,47.0,51.57583556152907,1,1,1,245.4945446642344
Kolhapur,2023-10-30 02:00:00,hum,51.0,48.68957969359159,1,1,1,245.4945446642344
Kolkata,2023-10-14 02:30:00,hum,74.0,89.36266852885414,1,1,1,355.93954050577105
Kolkata,2023-10-15 02:30:00,hum,84.0,79.53407432156304,1,1,1,355.93954050577105
Kolkata,2023-10-16 02:30:00,hum,89.0,82.89314448289859,1,1,1,355.93954050577105
Kolkata,2023-10-17 02:30:00,hum,84.0,85.85153373020543,1,1,1,355.93954050577105
Kolkata,2023-10-18 02:30:00,hum,84.0,84.22369787126985,1,1,1,355.93954050577105
Kolkata,2023-10-19 02:15:00,hum,84.0,84.16633673392921,1,1,1,355.93954050577105
Kolkata,2023-10-19 02:30:00,hum,84.0,84.12383168616921,1,1,1,355.93954050577105
Kolkata,2023-10-20 02:30:00,hum,83.0,84.09225603859083,1,1,1,355.93954050577105
Kolkata,2023-10-21 02:15:00,hum,83.0,83.60271568364323,1,1,1,355.93954050577105
Kolkata,2023-10-21 02:30:00,hum,83.0,83.44841961764847,1,1,1,355.93954050577105
Kolkata,2023-10-22 02:15:00,hum,83.0,83.33349843020976,1,1,1,355.93954050577105
Kolkata,2023-10-22 02:30:00,hum,83.0,83.24788404254299,1,1,1,355.93954050577105
Kolkata,2023-10-23 02:15:00,hum,84.0,83.18422143954184,1,1,1,355.93954050577105
Kolkata,2023-10-24 02:15:00,hum,83.0,83.60512648515049,1,1,1,355.93954050577105
Kolkata,2023-10-25 02:15:00,hum,94.0,83.23914075485555,1,1,1,355.93954050577105
Kolkata,2023-10-25 02:30:00,hum,94.0,88.2690871529699,1,1,1,355.93954050577105
Kolkata,2023-10-26 02:00:00,hum,89.0,90.05519203560702,1,1,1,355.93954050577105
Kolkata,2023-10-27 02:15:00,hum,84.0,88.32199665120322,1,1,1,355.93954050577105
Kolkata,2023-10-27 02:30:00,hum,84.0,85.54304297989258,1,1,1,355.93954050577105
Kolkata,2023-10-28 02:00:00,hum,83.0,85.20249490167197,1,1,1,355.93954050577105
Kolkata,2023-10-29 02:45:00,hum,83.0,84.45191324188964,1,1,1,355.93954050577105
Kolkata,2023-10-30 02:00:00,hum,83.0,84.22722904018296,1,1,1,355.93954050577105
Kollam,2023-10-15 02:30:00,hum,89.0,86.74206189783361,0,1,1,225.7598409828601
Kollam,2023-10-16 02:30:00,hum,83.0,86.89843966038138,0,1,1,225.7598409828601
Kollam,2023-10-17 02:30:00,hum,85.0,86.67264000775333,0,1,1,225.7598409828601
Kollam,2023-10-18 02:30:00,hum,87.0,86.55519330993585,0,1,1,225.7598409828601
Kollam,2023-10-19 02:15:00,hum,79.0,86.59547801137931,0,1,1,225.7598409828601
Kollam,2023-10-20 02:30:00,hum,81.0,85.96146628242204,0,1,1,225.7598409828601
Kollam,2023-10-21 02:15:00,hum,82.0,85.29838450978664,0,1,1,225.7598409828601
Kollam,2023-10-22 02:15:00,hum,88.0,84.6463111161539,0,1,1,225.7598409828601
Kollam,2023-10-23 02:15:00,hum,90.0,85.28521439911792,0,1,1,225.7598409828601
Kollam,2023-10-24 02:15:00,hum,83.0,85.84821818844324,0,1,1,225.7598409828601
Kollam,2023-10-25 02:15:00,hum,86.0,85.5791551755643,0,1,1,225.7598409828601
Kollam,2023-10-26 02:00:00,hum,85.0,85.62484464395983,0,1,1,225.7598409828601
Kollam,2023-10-27 02:15:00,hum,85.0,85.56689842208984,0,1,1,225.7598409828601
Kollam,2023-10-28 02:00:00,hum,84.0,85.51442870720746,0,1,1,225.7598409828601
Kollam,2023-10-29 02:30:00,hum,84.0,85.36823232570539,0,1,1,225.7598409828601
Kollam,2023-10-30 01:45:00,hum,84.0,85.22985804770057,0,1,1,225.7598409828601
Kondagaon,2023-10-15 02:30:00,hum,75.0,75.60014234947401,1,1,0,274.06252807250786
Kondagaon,2023-10-16 02:30:00,hum,63.0,75.0,1,1,0,274.06252807250786
Kondagaon,2023-10-17 02:30:00,hum,67.0,66.58395293519506,1,1,0,274.06252807250786
Kondagaon,2023-10-18 02:30:00,hum,78.0,65.79107469099073,1,1,0,274.06252807250786
Kondagaon,2023-10-19 02:15:00,hum,87.0,75.04618301848214,1,1,0,274.06252807250786
Kondagaon,2023-10-20 02:30:00,hum,87.0,85.32926173477495,1,1,0,274.06252807250786
Kondagaon,2023-10-21 02:15:00,hum,89.0,87.0,1,1,0,274.06252807250786
Kondagaon,2023-10-22 02:15:00,hum,80.0,88.64645408879443,1,1,0,274.06252807250786
Kondagaon,2023-10-23 02:15:00,hum,84.0,81.68300947589101,1,1,0,274.06252807250786
Kondagaon,2023-10-24 02:15:00,hum,86.0,83.20429612835872,1,1,0,274.06252807250786
Kondagaon,2023-10-25 02:15:00,hum,84.0,85.61466032189375,1,1,0,274.06252807250786
Kondagaon,2023-10-26 02:00:00,hum,66.0,84.38909495466375,1,1,0,274.06252807250786
Kondagaon,2023-10-27 02:15:00,hum,71.0,69.12001245279947,1,1,0,274.06252807250786
Kondagaon,2023-10-28 02:00:00,hum,77.0,70.05284607058734,1,1,0,274.06252807250786
Kondagaon,2023-10-29 02:30:00,hum,74.0,75.96099960032589,1,1,0,274.06252807250786
Kondagaon,2023-10-30 01:45:00,hum,76.0,74.53587386055167,1,1,0,274.06252807250786
Koppal,2023-10-15 02:30:00,hum,54.0,50.0,0,1,0,271.77216140436343
Koppal,2023-10-16 02:30:00,hum,55.0,54.0,0,1,0,271.77216140436343
Koppal,2023-10-17 02:30:00,hum,64.0,55.0,0,1,0,271.77216140436343
Koppal,2023-10-18 02:30:00,hum,50.0,64.0,0,1,0,271.77216140436343
Koppal,2023-10-19 02:30:00,hum,60.0,50.00000000000001,0,1,0,271.77216140436343
Koppal,2023-10-20 02:30:00,hum,67.0,60.0,0,1,0,271.77216140436343
Koppal,2023-10-21 02:15:00,hum,64.0,67.0,0,1,0,271.77216140436343
Koppal,2023-10-22 02:30:00,hum,68.0,63.99999999999999,0,1,0,271.77216140436343
Koppal,2023-10-23 02:15:00,hum,57.0,68.0,0,1,0,271.77216140436343
Koppal,2023-10-24 02:15:00,hum,54.0,57.00000000000001,0,1,0,271.77216140436343
Koppal,2023-10-25 02:15:00,hum,55.0,54.0,0,1,0,271.77216140436343
Koppal,2023-10-26 02:00:00,hum,55.0,55.0,0,1,0,271.77216140436343
Koppal,2023-10-27 02:15:00,hum,55.0,55.0,0,1,0,271.77216140436343
Koppal,2023-10-28 02:00:00,hum,49.0,55.0,0,1,0,271.77216140436343
Koppal,2023-10-29 02:45:00,hum,74.0,49.0,0,1,0,271.77216140436343
Koppal,2023-10-30 02:00:00,hum,74.0,74.0,0,1,0,271.77216140436343
Koraput,2023-10-15 02:30:00,hum,72.0,77.16950334860582,2,1,2,255.70420414025915
Koraput,2023-10-16 02:30:00,hum,73.0,69.14487730157869,2,1,2,255.70420414025915
Koraput,2023-10-17 02:30:00,hum,70.0,74.78483926686457,2,1,2,255.70420414025915
Koraput,2023-10-18 02:30:00,hum,80.0,72.9469274624551,2,1,2,255.70420414025915
Koraput,2023-10-19 02:30:00,hum,88.0,75.93456222407782,2,1,2,255.70420414025915
Koraput,2023-10-20 02:30:00,hum,89.0,83.3930927097584,2,1,2,255.70420414025915
Koraput,2023-10-21 02:15:00,hum,88.0,91.46946622092622,2,1,2,255.70420414025915
Koraput,2023-10-22 02:30:00,hum,86.0,90.85095309078088,2,1,2,255.70420414025915
Koraput,2023-10-23 02:15:00,hum,68.0,86.0091467513885,2,1,2,255.70420414025915
Koraput,2023-10-24 02:15:00,hum,76.0,68.28255850336139,2,1,2,255.70420414025915
Koraput,2023-10-25 02:15:00,hum,89.0,79.29434591508404,2,1,2,255.70420414025915
Koraput,2023-10-26 02:00:00,hum,84.0,85.81856588148113,2,1,2,255.70420414025915
Koraput,2023-10-27 02:15:00,hum,84.0,81.70927914438565,2,1,2,255.70420414025915
Koraput,2023-10-28 02:00:00,hum,85.0,84.19534761005818,2,1,2,255.70420414025915
Koraput,2023-10-29 02:45:00,hum,88.0,83.96314299812941,2,1,2,255.70420414025915
Koraput,2023-10-30 02:00:00,hum,88.0,87.29164323022262,2,1,2,255.70420414025915
Korba,2023-10-15 02:30:00,hum,67.0,65.7045867402507,1,1,0,277.478383580226
Korba,2023-10-16 02:30:00,hum,72.0,66.52421093658543,1,1,0,277.478383580226
Korba,2023-10-17 02:30:00,hum,70.0,70.85154948508007,1,1,0,277.478383580226
Korba,2023-10-18 02:30:00,hum,75.0,70.46585351536831,1,1,0,277.478383580226
Korba,2023-10-19 02:15:00,hum,81.0,73.80197995383669,1,1,0,277.478383580226
Korba,2023-10-20 02:30:00,hum,72.0,79.71834340664451,1,1,0,277.478383580226
Korba,2023-10-21 02:15:00,hum,61.0,74.21395147455618,1,1,0,277.478383580226
Korba,2023-10-22 02:15:00,hum,67.0,62.833929902255136,1,1,0,277.478383580226
Korba,2023-10-23 02:15:00,hum,64.0,65.83065128741136,1,1,0,277.478383580226
Korba,2023-10-24 02:15:00,hum,74.0,64.60466094079223,1,1,0,277.478383580226
Korba,2023-10-25 02:15:00,hum,75.0,71.81754997885159,1,1,0,277.478383580226
Korba,2023-10-26 02:00:00,hum,66.0,74.7996331282155,1,1,0,277.478383580226
Korba,2023-10-27 02:15:00,hum,69.0,67.84701561338015,1,1,0,277.478383580226
Korba,2023-10-28 02:00:00,hum,63.0,68.3673790686172,1,1,0,277.478383580226
Korba,2023-10-29 02:30:00,hum,62.0,64.317043924615,1,1,0,277.478383580226
Korba,2023-10-30 01:45:00,hum,65.0,62.21225177691322,1,1,0,277.478383580226
Kota,2023-10-15 02:30:00,hum,40.0,43.8651943243483,0,1,2,295.0822265333506
Kota,2023-10-16 02:30:00,hum,43.0,40.12595615439965,0,1,2,295.0822265333506
Kota,2023-10-17 02:30:00,hum,74.0,41.93132697393668,0,1,2,295.0822265333506
Kota,2023-10-18 02:30:00,hum,64.0,80.11811128623597,0,1,2,295.0822265333506
Kota,2023-10-19 02:30:00,hum,54.0,74.0439989101903,0,1,2,295.0822265333506
Kota,2023-10-20 02:30:00,hum,45.0,53.0260743144167,0,1,2,295.0822265333506
Kota,2023-10-21 02:15:00,hum,44.0,43.27524891558622,0,1,2,295.0822265333506
Kota,2023-10-22 02:30:00,hum,40.0,43.44419571091235,0,1,2,295.0822265333506
Kota,2023-10-23 02:15:00,hum,45.0,39.769795891718545,0,1,2,295.0822265333506
Kota,2023-10-24 02:15:00,hum,38.0,45.09495925120757,0,1,2,295.0822265333506
Kota,2023-10-25 02:30:00,hum,35.0,38.03140391922129,0,1,2,295.0822265333506
Kota,2023-10-26 02:00:00,hum,34.0,34.0375874838268,0,1,2,295.0822265333506
Kota,2023-10-27 02:15:00,hum,32.0,33.69158246126772,0,1,2,295.0822265333506
Kota,2023-10-28 02:00:00,hum,34.0,31.863390903342967,0,1,2,295.0822265333506
Kota,2023-10-29 02:45:00,hum,37.0,33.99081197117931,0,1,2,295.0822265333506
Kota,2023-10-30 02:00:00,hum,38.0,37.46504203727631,0,1,2,295.0822265333506
Kottayam,2023-10-15 02:30:00,hum,93.0,98.51719382283378,2,0,2,202.24720230847478
Kottayam,2023-10-16 02:30:00,hum,93.0,96.04533313464849,2,0,2,202.24720230847478
Kottayam,2023-10-17 02:30:00,hum,94.0,92.33942104269036,2,0,2,202.24720230847478
Kottayam,2023-10-18 02:30:00,hum,95.0,92.58738258256565,2,0,2,202.24720230847478
Kottayam,2023-10-19 02:15:00,hum,95.0,94.84411259285001,2,0,2,202.24720230847478
Kottayam,2023-10-20 02:30:00,hum,90.0,95.60811990736482,2,0,2,202.24720230847478
Kottayam,2023-10-21 02:15:00,hum,91.0,92.40426625264266,2,0,2,202.24720230847478
Kottayam,2023-10-22 02:15:00,hum,94.0,91.59356711557713,2,0,2,202.24720230847478
Kottayam,2023-10-23 02:15:00,hum,96.0,94.82347391955656,2,0,2,202.24720230847478
Kottayam,2023-10-24 02:15:00,hum,95.0,96.72448472519439,2,0,2,202.24720230847478
Kottayam,2023-10-25 02:15:00,hum,97.0,93.59012738279885,2,0,2,202.24720230847478
Kottayam,2023-10-26 02:00:00,hum,96.0,95.39465953169517,2,0,2,202.24720230847478
Kottayam,2023-10-27 02:15:00,hum,95.0,95.83430660708633,2,0,2,202.24720230847478
Kottayam,2023-10-28 02:00:00,hum,96.0,94.65550084974494,2,0,2,202.24720230847478
Kottayam,2023-10-29 02:45:00,hum,95.0,95.08198088414804,2,0,2,202.24720230847478
Kottayam,2023-10-30 02:00:00,hum,96.0,95.15299047084507,2,0,2,202.24720230847478
Kozhikode,2023-10-15 02:30:00,hum,100.0,95.79090033313207,1,1,1,269.29845440518363
Kozhikode,2023-10-16 02:30:00,hum,89.0,96.17309899125529,1,1,1,269.29845440518363
Kozhikode,2023-10-17 02:30:00,hum,94.0,92.62967604617496,1,1,1,269.29845440518363
Kozhikode,2023-10-18 02:30:00,hum,94.0,94.04484057061772,1,1,1,269.29845440518363
Kozhikode,2023-10-19 02:15:00,hum,89.0,94.0275805399766,1,1,1,269.29845440518363
Kozhikode,2023-10-20 02:30:00,hum,89.0,92.46272082970019,1,1,1,269.29845440518363
Kozhikode,2023-10-21 02:15:00,hum,94.0,92.31942519259712,1,1,1,269.29845440518363
Kozhikode,2023-10-22 02:15:00,hum,83.0,93.76798638487723,1,1,1,269.29845440518363
Kozhikode,2023-10-23 02:15:00,hum,94.0,90.53512660415394,1,1,1,269.29845440518363
Kozhikode,2023-10-24 02:15:00,hum,94.0,93.6183053365511,1,1,1,269.29845440518363
Kozhikode,2023-10-25 02:15:00,hum,94.0,93.62512192633817,1,1,1,269.29845440518363
Kozhikode,2023-10-26 02:00:00,hum,89.0,93.63167608220732,1,1,1,269.29845440518363
Kozhikode,2023-10-27 02:15:00,hum,89.0,92.33447368577842,1,1,1,269.29845440518363
Kozhikode,2023-10-28 02:00:00,hum,100.0,91.57673905213016,1,1,1,269.29845440518363
Kozhikode,2023-10-29 02:45:00,hum,94.0,94.98378777563191,1,1,1,269.29845440518363
Kozhikode,2023-10-30 02:00:00,hum,94.0,93.59670853039758,1,1,1,269.29845440518363
Krishna,2023-10-15 02:30:00,hum,77.0,81.65020345849113,1,1,1,242.20841936812158
Krishna,2023-10-16 02:30:00,hum,78.0,79.06018274767973,1,1,1,242.20841936812158
Krishna,2023-10-17 02:15:00,hum,73.0,79.43219060788883,1,1,1,242.20841936812158
Krishna,2023-10-18 02:15:00,hum,77.0,75.42614096972612,1,1,1,242.20841936812158
Krishna,2023-10-19 02:15:00,hum,79.0,77.92831523084271,1,1,1,242.20841936812158
Krishna,2023-10-20 02:30:00,hum,79.0,79.22431954200106,1,1,1,242.20841936812158
Krishna,2023-10-21 02:15:00,hum,81.0,79.1841707634596,1,1,1,242.20841936812158
Krishna,2023-10-22 02:15:00,hum,82.0,80.61337815120832,1,1,1,242.20841936812158
Krishna,2023-10-23 02:00:00,hum,70.0,81.43682035009765,1,1,1,242.20841936812158
Krishna,2023-10-24 02:15:00,hum,63.0,73.65161507985002,1,1,1,242.20841936812158
Krishna,2023-10-25 02:15:00,hum,66.0,66.64502031088556,1,1,1,242.20841936812158
Krishna,2023-10-26 02:00:00,hum,79.0,68.24073592561581,1,1,1,242.20841936812158
Krishna,2023-10-27 02:15:00,hum,80.0,77.92742505558179,1,1,1,242.20841936812158
Krishna,2023-10-28 02:00:00,hum,82.0,80.5426706863605,1,1,1,242.20841936812158
Krishna,2023-10-29 02:30:00,hum,82.0,80.6813178988868,1,1,1,242.20841936812158
Krishna,2023-10-30 01:45:00,hum,82.0,80.90166505780185,1,1,1,242.20841936812158
Krishnagiri,2023-10-15 02:30:00,hum,87.0,86.02900402761266,1,1,1,276.7562310318465
Krishnagiri,2023-10-16 02:30:00,hum,89.0,86.10576568036501,1,1,1,276.7562310318465
Krishnagiri,2023-10-17 02:30:00,hum,96.0,87.5629242454933,1,1,1,276.7562310318465
Krishnagiri,2023-10-18 02:30:00,hum,87.0,92.63223616167677,1,1,1,276.7562310318465
Krishnagiri,2023-10-19 02:30:00,hum,86.0,86.65013841351025,1,1,1,276.7562310318465
Krishnagiri,2023-10-20 02:30:00,hum,89.0,85.9991244742849,1,1,1,276.7562310318465
Krishnagiri,2023-10-21 02:15:00,hum,93.0,88.00547832461547,1,1,1,276.7562310318465
Krishnagiri,2023-10-22 02:30:00,hum,84.0,90.77165625486658,1,1,1,276.7562310318465
Krishnagiri,2023-10-23 02:15:00,hum,85.0,85.04705716661458,1,1,1,276.7562310318465
Krishnagiri,2023-10-24 02:15:00,hum,68.0,85.59596977136917,1,1,1,276.7562310318465
Krishnagiri,2023-10-25 02:30:00,hum,79.0,73.90704010136852,1,1,1,276.7562310318465
Krishnagiri,2023-10-26 02:00:00,hum,89.0,81.19587904580617,1,1,1,276.7562310318465
Krishnagiri,2023-10-27 02:30:00,hum,90.0,87.1794285916816,1,1,1,276.7562310318465
Krishnagiri,2023-10-28 02:00:00,hum,95.0,87.88336989065502,1,1,1,276.7562310318465
Krishnagiri,2023-10-29 02:45:00,hum,91.0,91.10429197810082,1,1,1,276.7562310318465
Krishnagiri,2023-10-30 02:00:00,hum,95.0,88.90186813967595,1,1,1,276.7562310318465
Kulgam,2023-10-15 02:30:00,hum,67.0,64.35334576504629,2,1,2,305.2726961485338
Kulgam,2023-10-16 02:30:00,hum,56.0,72.87659890684475,2,1,2,305.2726961485338
Kulgam,2023-10-17 02:15:00,hum,89.0,56.57027899305021,2,1,2,305.2726961485338
Kulgam,2023-10-18 02:15:00,hum,81.0,91.94355798117121,2,1,2,305.2726961485338
Kulgam,2023-10-19 02:15:00,hum,61.0,75.95997384598323,2,1,2,305.2726961485338
Kulgam,2023-10-20 02:15:00,hum,56.0,55.88512878916035,2,1,2,305.2726961485338
Kulgam,2023-10-21 02:15:00,hum,52.0,60.51297106407765,2,1,2,305.2726961485338
Kulgam,2023-10-22 02:15:00,hum,47.0,63.13257862345179,2,1,2,305.2726961485338
Kulgam,2023-10-23 02:00:00,hum,82.0,56.23079403409892,2,1,2,305.2726961485338
Kulgam,2023-10-24 02:15:00,hum,53.0,84.31783582803207,2,1,2,305.2726961485338
Kulgam,2023-10-25 02:15:00,hum,61.0,46.51010717521778,2,1,2,305.2726961485338
Kulgam,2023-10-26 02:00:00,hum,43.0,61.32190032128759,2,1,2,305.2726961485338
Kulgam,2023-10-27 02:15:00,hum,45.0,52.854874331023765,2,1,2,305.2726961485338
Kulgam,2023-10-28 02:00:00,hum,47.0,45.10001951365811,2,1,2,305.2726961485338
Kulgam,2023-10-29 02:30:00,hum,44.0,54.28018054140191,2,1,2,305.2726961485338
Kulgam,2023-10-30 01:45:00,hum,37.0,44.4930778473894,2,1,2,305.2726961485338
Kupwara,2023-10-15 02:00:00,hum,60.0,46.0,0,1,0,318.8556674243773
Kupwara,2023-10-16 02:00:00,hum,52.0,60.0,0,1,0,318.8556674243773
Kupwara,2023-10-17 01:45:00,hum,83.0,52.0,0,1,0,318.8556674243773
Kupwara,2023-10-18 01:45:00,hum,71.0,83.0,0,1,0,318.8556674243773
Kupwara,2023-10-19 01:45:00,hum,66.0,71.0,0,1,0,318.8556674243773
Kupwara,2023-10-20 01:45:00,hum,59.0,66.0,0,1,0,318.8556674243773
Kupwara,2023-10-21 01:45:00,hum,56.0,59.00000000000001,0,1,0,318.8556674243773
Kupwara,2023-10-22 01:45:00,hum,56.0,56.0,0,1,0,318.8556674243773
Kupwara,2023-10-23 01:30:00,hum,70.0,56.0,0,1,0,318.8556674243773
Kupwara,2023-10-24 01:45:00,hum,65.0,70.0,0,1,0,318.8556674243773
Kupwara,2023-10-25 01:45:00,hum,56.0,65.0,0,1,0,318.8556674243773
Kupwara,2023-10-26 01:30:00,hum,47.0,56.0,0,1,0,318.8556674243773
Kupwara,2023-10-27 01:45:00,hum,52.0,47.0,0,1,0,318.8556674243773
Kupwara,2023-10-28 01:30:00,hum,54.0,52.0,0,1,0,318.8556674243773
Kupwara,2023-10-29 02:00:00,hum,51.0,54.0,0,1,0,318.8556674243773
Kupwara,2023-10-30 01:15:00,hum,49.0,51.0,0,1,0,318.8556674243773
Kurnool,2023-10-15 02:30:00,hum,66.0,66.0,0,1,0,295.08702976398973
Kurnool,2023-10-16 02:30:00,hum,66.0,66.0,0,1,0,295.08702976398973
Kurnool,2023-10-17 02:15:00,hum,64.0,66.0,0,1,0,295.08702976398973
Kurnool,2023-10-18 02:15:00,hum,71.0,64.0,0,1,0,295.08702976398973
Kurnool,2023-10-19 02:15:00,hum,69.0,71.0,0,1,0,295.08702976398973
Kurnool,2023-10-20 02:30:00,hum,72.0,69.0,0,1,0,295.08702976398973
Kurnool,2023-10-21 02:15:00,hum,74.0,72.0,0,1,0,295.08702976398973
Kurnool,2023-10-22 02:15:00,hum,69.0,74.0,0,1,0,295.08702976398973
Kurnool,2023-10-23 02:00:00,hum,55.0,69.0,0,1,0,295.08702976398973
Kurnool,2023-10-24 02:15:00,hum,65.0,55.0,0,1,0,295.08702976398973
Kurnool,2023-10-25 02:15:00,hum,59.0,65.0,0,1,0,295.08702976398973
Kurnool,2023-10-26 02:00:00,hum,58.0,59.0,0,1,0,295.08702976398973
Kurnool,2023-10-27 02:15:00,hum,48.0,58.0,0,1,0,295.08702976398973
Kurnool,2023-10-28 02:00:00,hum,63.0,48.0,0,1,0,295.08702976398973
Kurnool,2023-10-29 02:30:00,hum,66.0,63.0,0,1,0,295.08702976398973
Kurnool,2023-10-30 01:45:00,hum,79.0,66.0,0,1,0,295.08702976398973
Lakhimpur,2023-10-15 02:30:00,hum,63.0,64.66787894880993,0,1,1,311.06126722612777
Lakhimpur,2023-10-16 02:30:00,hum,69.0,63.92579281605079,0,1,1,311.06126722612777
Lakhimpur,2023-10-17 02:15:00,hum,87.0,66.14838776257268,0,1,1,311.06126722612777
Lakhimpur,2023-10-18 02:30:00,hum,75.0,75.77909067370041,0,1,1,311.06126722612777
Lakhimpur,2023-10-19 02:15:00,hum,65.0,75.34514544367731,0,1,1,311.06126722612777
Lakhimpur,2023-10-20 02:30:00,hum,61.0,70.78357311672583,0,1,1,311.06126722612777
Lakhimpur,2023-10-21 02:15:00,hum,64.0,66.68581063596706,0,1,1,311.06126722612777
Lakhimpur,2023-10-22 02:15:00,hum,60.0,65.45720856228986,0,1,1,311.06126722612777
Lakhimpur,2023-10-23 02:15:00,hum,60.0,62.908412296922904,0,1,1,311.06126722612777
Lakhimpur,2023-10-24 02:15:00,hum,54.0,61.5087778698071,0,1,1,311.06126722612777
Lakhimpur,2023-10-25 02:15:00,hum,56.0,57.798213704482315,0,1,1,311.06126722612777
Lakhimpur,2023-10-26 02:00:00,hum,57.0,56.88065594569778,0,1,1,311.06126722612777
Lakhimpur,2023-10-27 02:15:00,hum,57.0,56.941117478183905,0,1,1,311.06126722612777
Lakhimpur,2023-10-28 02:00:00,hum,53.0,56.9704904035819,0,1,1,311.06126722612777
Lakhimpur,2023-10-29 02:30:00,hum,54.0,55.02111731402319,0,1,1,311.06126722612777
Lakhimpur,2023-10-30 01:45:00,hum,58.0,54.51538747240121,0,1,1,311.06126722612777
Lakhisarai,2023-10-15 02:30:00,hum,72.0,72.94204173319082,2,1,1,300.456706290299
Lakhisarai,2023-10-16 02:30:00,hum,72.0,77.00973093286728,2,1,1,300.456706290299
Lakhisarai,2023-10-17 02:15:00,hum,77.0,74.70041252106174,2,1,1,300.456706290299
Lakhisarai,2023-10-18 02:30:00,hum,72.0,79.95067498079086,2,1,1,300.456706290299
Lakhisarai,2023-10-19 02:15:00,hum,74.0,73.03921067945288,2,1,1,300.456706290299
Lakhisarai,2023-10-20 02:30:00,hum,68.0,76.55719033708755,2,1,1,300.456706290299
Lakhisarai,2023-10-21 02:15:00,hum,63.0,67.81055051472423,2,1,1,300.456706290299
Lakhisarai,2023-10-22 02:15:00,hum,59.0,64.09013275056894,2,1,1,300.456706290299
Lakhisarai,2023-10-23 02:15:00,hum,62.0,60.90965344425035,2,1,1,300.456706290299
Lakhisarai,2023-10-24 02:15:00,hum,68.0,65.18824244686122,2,1,1,300.456706290299
Lakhisarai,2023-10-25 02:15:00,hum,69.0,70.30983174299499,2,1,1,300.456706290299
Lakhisarai,2023-10-26 02:00:00,hum,63.0,68.92499696941212,2,1,1,300.456706290299
Lakhisarai,2023-10-27 02:15:00,hum,62.0,61.80329123920953,2,1,1,300.456706290299
Lakhisarai,2023-10-28 02:00:00,hum,63.0,62.985282024760444,2,1,1,300.456706290299
Lakhisarai,2023-10-29 02:30:00,hum,63.0,64.20768337632929,2,1,1,300.456706290299
Lakhisarai,2023-10-30 01:45:00,hum,60.0,63.591250871905196,2,1,1,300.456706290299
Lalitpur,2023-10-15 02:30:00,hum,42.0,45.0,0,1,0,301.76649432840503
Lalitpur,2023-10-16 02:30:00,hum,46.0,42.0,0,1,0,301.76649432840503
Lalitpur,2023-10-17 02:30:00,hum,84.0,46.0,0,1,0,301.76649432840503
Lalitpur,2023-10-18 02:30:00,hum,65.0,84.0,0,1,0,301.76649432840503
Lalitpur,2023-10-19 02:30:00,hum,60.0,65.0,0,1,0,301.76649432840503
Lalitpur,2023-10-20 02:30:00,hum,44.0,60.0,0,1,0,301.76649432840503
Lalitpur,2023-10-21 02:15:00,hum,50.0,44.0,0,1,0,301.76649432840503
Lalitpur,2023-10-22 02:30:00,hum,49.0,50.0,0,1,0,301.76649432840503
Lalitpur,2023-10-23 02:15:00,hum,46.0,49.0,0,1,0,301.76649432840503
Lalitpur,2023-10-24 02:15:00,hum,48.0,46.0,0,1,0,301.76649432840503
Lalitpur,2023-10-25 02:30:00,hum,45.0,48.0,0,1,0,301.76649432840503
Lalitpur,2023-10-26 02:00:00,hum,43.0,45.0,0,1,0,301.76649432840503
Lalitpur,2023-10-27 02:30:00,hum,42.0,43.0,0,1,0,301.76649432840503
Lalitpur,2023-10-28 02:00:00,hum,32.0,42.0,0,1,0,301.76649432840503
Lalitpur,2023-10-29 02:45:00,hum,35.0,32.0,0,1,0,301.76649432840503
Lalitpur,2023-10-30 02:00:00,hum,41.0,35.0,0,1,0,301.76649432840503
Latehar,2023-10-15 02:30:00,hum,70.0,63.17297475570802,1,1,0,310.93416256331466
Latehar,2023-10-16 02:30:00,hum,70.0,67.06872120283835,1,1,0,310.93416256331466
Latehar,2023-10-17 02:15:00,hum,83.0,70.0,1,1,0,310.93416256331466
Latehar,2023-10-18 02:30:00,hum,86.0,78.87408574307996,1,1,0,310.93416256331466
Latehar,2023-10-19 02:15:00,hum,87.0,85.12983999320646,1,1,0,310.93416256331466
Latehar,2023-10-20 02:30:00,hum,80.0,86.7114877115839,1,1,0,310.93416256331466
Latehar,2023-10-21 02:15:00,hum,74.0,82.03365300502948,1,1,0,310.93416256331466
Latehar,2023-10-22 02:15:00,hum,75.0,75.64502575875458,1,1,0,310.93416256331466
Latehar,2023-10-23 02:00:00,hum,76.0,74.72684313709524,1,1,0,310.93416256331466
Latehar,2023-10-24 02:15:00,hum,83.0,75.7271157389983,1,1,0,310.93416256331466
Latehar,2023-10-25 02:15:00,hum,86.0,81.1043967633961,1,1,0,310.93416256331466
Latehar,2023-10-26 02:00:00,hum,67.0,85.21666055046383,1,1,0,310.93416256331466
Latehar,2023-10-27 02:15:00,hum,67.0,72.24758775596678,1,1,0,310.93416256331466
Latehar,2023-10-28 02:00:00,hum,67.0,67.0,1,1,0,310.93416256331466
Latehar,2023-10-29 02:30:00,hum,73.0,67.0,1,1,0,310.93416256331466
Latehar,2023-10-30 01:45:00,hum,77.0,71.49553327737677,1,1,0,310.93416256331466
Latur,2023-10-15 02:30:00,hum,55.0,62.36742491334074,1,1,0,276.8204507245198
Latur,2023-10-16 02:30:00,hum,63.0,57.53589824742716,1,1,0,276.8204507245198
Latur,2023-10-17 02:30:00,hum,62.0,59.90129491786733,1,1,0,276.8204507245198
Latur,2023-10-18 02:30:00,hum,71.0,62.376930459514206,1,1,0,276.8204507245198
Latur,2023-10-19 02:30:00,hum,66.0,67.56131659857046,1,1,0,276.8204507245198
Latur,2023-10-20 02:30:00,hum,76.0,67.95316519575208,1,1,0,276.8204507245198
Latur,2023-10-21 02:15:00,hum,75.0,71.8590047393365,1,1,0,276.8204507245198
Latur,2023-10-22 02:15:00,hum,67.0,75.39675676041648,1,1,0,276.8204507245198
Latur,2023-10-23 02:15:00,hum,60.0,70.13564800555453,1,1,0,276.8204507245198
Latur,2023-10-24 02:15:00,hum,63.0,62.43682148730922,1,1,0,276.8204507245198
Latur,2023-10-25 02:15:00,hum,58.0,61.94916685718656,1,1,0,276.8204507245198
Latur,2023-10-26 02:00:00,hum,60.0,59.78253053497702,1,1,0,276.8204507245198
Latur,2023-10-27 02:15:00,hum,59.0,59.28562369581405,1,1,0,276.8204507245198
Latur,2023-10-28 02:00:00,hum,57.0,59.357592055412006,1,1,0,276.8204507245198
Latur,2023-10-29 02:45:00,hum,57.0,57.712938182906676,1,1,0,276.8204507245198
Latur,2023-10-30 02:00:00,hum,63.0,57.0,1,1,0,276.8204507245198
Lawngtlai,2023-10-15 02:30:00,hum,86.0,98.10472317156524,2,0,1,173.4307819175087
Lawngtlai,2023-10-16 02:30:00,hum,86.0,98.37487055628326,2,0,1,173.4307819175087
Lawngtlai,2023-10-17 02:15:00,hum,84.0,94.20890088016257,2,0,1,173.4307819175087
Lawngtlai,2023-10-18 02:30:00,hum,80.0,87.79885629173211,2,0,1,173.4307819175087
Lawngtlai,2023-10-19 02:15:00,hum,83.0,81.82016341530411,2,0,1,173.4307819175087
Lawngtlai,2023-10-20 02:30:00,hum,81.0,83.73704902004596,2,0,1,173.4307819175087
Lawngtlai,2023-10-21 02:15:00,hum,78.0,82.35441913826426,2,0,1,173.4307819175087
Lawngtlai,2023-10-22 02:15:00,hum,96.0,79.25455399956562,2,0,1,173.4307819175087
Lawngtlai,2023-10-23 02:15:00,hum,99.0,93.05930889489235,2,0,1,173.4307819175087
Lawngtlai,2023-10-24 02:15:00,hum,100.0,98.15827006736228,2,0,1,173.4307819175087
Lawngtlai,2023-10-25 02:15:00,hum,100.0,99.3916355366552,2,0,1,173.4307819175087
Lawngtlai,2023-10-26 02:00:00,hum,99.0,99.183432522904,2,0,1,173.4307819175087
Lawngtlai,2023-10-27 02:15:00,hum,97.0,98.53788592221846,2,0,1,173.4307819175087
Lawngtlai,2023-10-28 02:00:00,hum,92.0,96.86927553217603,2,0,1,173.4307819175087
Lawngtlai,2023-10-29 02:30:00,hum,86.0,92.92171100741447,2,0,1,173.4307819175087
Lawngtlai,2023-10-30 01:45:00,hum,80.0,87.98011184003886,2,0,1,173.4307819175087
Leh,2023-10-15 02:30:00,hum,68.0,45.04630810437469,1,1,1,322.7865563479704
Leh,2023-10-16 02:30:00,hum,64.0,58.044956892291715,1,1,1,322.7865563479704
Leh,2023-10-17 02:15:00,hum,51.0,56.4072726374678,1,1,1,322.7865563479704
Leh,2023-10-18 02:15:00,hum,65.0,48.07423667641622,1,1,1,322.7865563479704
Leh,2023-10-19 02:15:00,hum,55.0,57.64772367419758,1,1,1,322.7865563479704
Leh,2023-10-20 02:15:00,hum,52.0,51.13747094468754,1,1,1,322.7865563479704
Leh,2023-10-21 02:00:00,hum,51.0,49.354201860072,1,1,1,322.7865563479704
Leh,2023-10-22 02:15:00,hum,46.0,48.868359755398686,1,1,1,322.7865563479704
Leh,2023-10-23 02:00:00,hum,57.0,45.507051628841296,1,1,1,322.7865563479704
Leh,2023-10-24 02:15:00,hum,52.0,53.15255949549342,1,1,1,322.7865563479704
Leh,2023-10-25 02:15:00,hum,49.0,50.03991770170635,1,1,1,322.7865563479704
Leh,2023-10-26 02:00:00,hum,41.0,48.136084157493485,1,1,1,322.7865563479704
Leh,2023-10-27 02:15:00,hum,39.0,42.6773382476728,1,1,1,322.7865563479704
Leh,2023-10-28 02:00:00,hum,44.0,41.12449343908297,1,1,1,322.7865563479704
Leh,2023-10-29 02:30:00,hum,41.0,44.352824437252714,1,1,1,322.7865563479704
Leh,2023-10-30 01:45:00,hum,42.0,42.358045013501794,1,1,1,322.7865563479704
Lohardaga,2023-10-15 02:30:00,hum,63.0,53.0,0,1,0,282.0852382601827
Lohardaga,2023-10-16 02:30:00,hum,70.0,63.0,0,1,0,282.0852382601827
Lohardaga,2023-10-17 02:15:00,hum,71.0,70.0,0,1,0,282.0852382601827
Lohardaga,2023-10-18 02:30:00,hum,78.0,71.0,0,1,0,282.0852382601827
Lohardaga,2023-10-19 02:15:00,hum,85.0,78.0,0,1,0,282.0852382601827
Lohardaga,2023-10-20 02:30:00,hum,78.0,85.0,0,1,0,282.0852382601827
Lohardaga,2023-10-21 02:15:00,hum,71.0,78.0,0,1,0,282.0852382601827
Lohardaga,2023-10-22 02:15:00,hum,70.0,71.0,0,1,0,282.0852382601827
Lohardaga,2023-10-23 02:00:00,hum,73.0,70.0,0,1,0,282.0852382601827
Lohardaga,2023-10-24 02:15:00,hum,77.0,73.0,0,1,0,282.0852382601827
Lohardaga,2023-10-25 02:15:00,hum,85.0,77.0,0,1,0,282.0852382601827
Lohardaga,2023-10-26 02:00:00,hum,62.0,85.0,0,1,0,282.0852382601827
Lohardaga,2023-10-27 02:15:00,hum,65.0,62.0,0,1,0,282.0852382601827
Lohardaga,2023-10-28 02:00:00,hum,64.0,65.0,0,1,0,282.0852382601827
Lohardaga,2023-10-29 02:30:00,hum,70.0,64.0,0,1,0,282.0852382601827
Lohardaga,2023-10-30 01:45:00,hum,78.0,70.0,0,1,0,282.0852382601827
Lucknow,2023-10-15 02:30:00,hum,89.0,84.38719376500414,1,1,1,276.3353307181344
Lucknow,2023-10-16 02:30:00,hum,89.0,88.63763568874141,1,1,1,276.3353307181344
Lucknow,2023-10-17 02:30:00,hum,83.0,88.6448238686772,1,1,1,276.3353307181344
Lucknow,2023-10-18 02:30:00,hum,88.0,84.51491504033928,1,1,1,276.3353307181344
Lucknow,2023-10-19 02:30:00,hum,83.0,87.88244736886675,1,1,1,276.3353307181344
Lucknow,2023-10-20 02:30:00,hum,83.0,84.44960081858417,1,1,1,276.3353307181344
Lucknow,2023-10-21 02:15:00,hum,94.0,84.31975733782302,1,1,1,276.3353307181344
Lucknow,2023-10-22 02:30:00,hum,83.0,91.50372354299047,1,1,1,276.3353307181344
Lucknow,2023-10-23 02:15:00,hum,83.0,84.59895877301618,1,1,1,276.3353307181344
Lucknow,2023-10-24 02:15:00,hum,88.0,84.47386015990723,1,1,1,276.3353307181344
Lucknow,2023-10-25 02:15:00,hum,83.0,87.38498356810345,1,1,1,276.3353307181344
Lucknow,2023-10-26 02:00:00,hum,69.0,84.4509507204358,1,1,1,276.3353307181344
Lucknow,2023-10-27 02:30:00,hum,73.0,75.85812454753965,1,1,1,276.3353307181344
Lucknow,2023-10-28 02:00:00,hum,73.0,77.42808598992413,1,1,1,276.3353307181344
Lucknow,2023-10-29 02:45:00,hum,42.0,76.77937813470399,1,1,1,276.3353307181344
Lucknow,2023-10-30 02:00:00,hum,83.0,50.002961704918576,1,1,1,276.3353307181344
Ludhiana,2023-10-15 02:30:00,hum,45.0,41.74405896127812,0,1,1,316.79980579052886
Ludhiana,2023-10-16 02:30:00,hum,49.0,43.860724067643424,0,1,1,316.79980579052886
Ludhiana,2023-10-17 02:30:00,hum,73.0,47.218220628249334,0,1,1,316.79980579052886
Ludhiana,2023-10-18 02:30:00,hum,47.0,65.3572713153422,0,1,1,316.79980579052886
Ludhiana,2023-10-19 02:15:00,hum,51.0,53.29426728200371,0,1,1,316.79980579052886
Ludhiana,2023-10-20 02:30:00,hum,47.0,51.95830240004244,0,1,1,316.79980579052886
Ludhiana,2023-10-21 02:15:00,hum,42.0,49.050191854404034,0,1,1,316.79980579052886
Ludhiana,2023-10-22 02:15:00,hum,44.0,44.825638839965805,0,1,1,316.79980579052886
Ludhiana,2023-10-23 02:15:00,hum,45.0,44.32654529749639,0,1,1,316.79980579052886
Ludhiana,2023-10-24 02:15:00,hum,50.0,44.72968409751778,0,1,1,316.79980579052886
Ludhiana,2023-10-25 02:15:00,hum,42.0,47.86442526663786,0,1,1,316.79980579052886
Ludhiana,2023-10-26 02:00:00,hum,38.0,44.401580424835515,0,1,1,316.79980579052886
Ludhiana,2023-10-27 02:15:00,hum,41.0,40.5912818837423,0,1,1,316.79980579052886
Ludhiana,2023-10-28 02:00:00,hum,39.0,40.83643627860484,0,1,1,316.79980579052886
Ludhiana,2023-10-29 02:45:00,hum,41.0,39.74442310426794,0,1,1,316.79980579052886
Ludhiana,2023-10-30 01:45:00,hum,41.0,40.49020725576637,0,1,1,316.79980579052886
Lunglei,2023-10-15 02:30:00,hum,89.0,98.64443939398862,0,0,0,157.77051511171067
Lunglei,2023-10-16 02:30:00,hum,88.0,98.4347776389865,0,0,0,157.77051511171067
Lunglei,2023-10-17 02:15:00,hum,82.0,98.21276093350299,0,0,0,157.77051511171067
Lunglei,2023-10-18 02:30:00,hum,79.0,97.87499501765528,0,0,0,157.77051511171067
Lunglei,2023-10-19 02:15:00,hum,80.0,97.48979061632866,0,0,0,157.77051511171067
Lunglei,2023-10-20 02:30:00,hum,79.0,97.13999504389088,0,0,0,157.77051511171067
Lunglei,2023-10-21 02:15:00,hum,77.0,96.78430887290243,0,0,0,157.77051511171067
Lunglei,2023-10-22 02:15:00,hum,94.0,96.40384129097961,0,0,0,157.77051511171067
Lunglei,2023-10-23 02:15:00,hum,100.0,96.35848572223153,0,0,0,157.77051511171067
Lunglei,2023-10-24 02:15:00,hum,100.0,96.42592108963332,0,0,0,157.77051511171067
Lunglei,2023-10-25 02:15:00,hum,99.0,96.49090414297437,0,0,0,157.77051511171067
Lunglei,2023-10-26 02:00:00,hum,99.0,96.5357094178782,0,0,0,157.77051511171067
Lunglei,2023-10-27 02:15:00,hum,98.0,96.57894243144865,0,0,0,157.77051511171067
Lunglei,2023-10-28 02:00:00,hum,90.0,96.60344336414039,0,0,0,157.77051511171067
Lunglei,2023-10-29 02:30:00,hum,87.0,96.49152045853681,0,0,0,157.77051511171067
Lunglei,2023-10-30 01:45:00,hum,78.0,96.33332835518013,0,0,0,157.77051511171067
Madhubani,2023-10-15 02:30:00,hum,69.0,63.0,0,1,0,290.65228536027803
Madhubani,2023-10-16 02:30:00,hum,75.0,69.0,0,1,0,290.65228536027803
Madhubani,2023-10-17 02:15:00,hum,84.0,75.0,0,1,0,290.65228536027803
Madhubani,2023-10-18 02:30:00,hum,79.0,84.0,0,1,0,290.65228536027803
Madhubani,2023-10-19 02:15:00,hum,74.0,79.0,0,1,0,290.65228536027803
Madhubani,2023-10-20 02:30:00,hum,74.0,74.0,0,1,0,290.65228536027803
Madhubani,2023-10-21 02:15:00,hum,72.0,74.0,0,1,0,290.65228536027803
Madhubani,2023-10-22 02:15:00,hum,64.0,72.0,0,1,0,290.65228536027803
Madhubani,2023-10-23 02:15:00,hum,71.0,64.0,0,1,0,290.65228536027803
Madhubani,2023-10-24 02:15:00,hum,74.0,71.0,0,1,0,290.65228536027803
Madhubani,2023-10-25 02:15:00,hum,68.0,74.0,0,1,0,290.65228536027803
Madhubani,2023-10-26 02:00:00,hum,77.0,68.0,0,1,0,290.65228536027803
Madhubani,2023-10-27 02:15:00,hum,66.0,77.0,0,1,0,290.65228536027803
Madhubani,2023-10-28 02:00:00,hum,61.0,66.0,0,1,0,290.65228536027803
Madhubani,2023-10-29 02:30:00,hum,66.0,61.0,0,1,0,290.65228536027803
Madhubani,2023-10-30 01:45:00,hum,70.0,66.0,0,1,0,290.65228536027803
Madurai,2023-10-15 02:30:00,hum,82.0,88.3066070515292,0,1,1,292.07085463889473
Madurai,2023-10-16 02:30:00,hum,85.0,85.37989041815182,0,1,1,292.07085463889473
Madurai,2023-10-17 02:30:00,hum,89.0,85.20280712099853,0,1,1,292.07085463889473
Madurai,2023-10-18 02:30:00,hum,94.0,86.94304682865277,0,1,1,292.07085463889473
Madurai,2023-10-19 02:30:00,hum,86.0,90.23367338578525,0,1,1,292.07085463889473
Madurai,2023-10-20 02:30:00,hum,83.0,88.25931868083694,0,1,1,292.07085463889473
Madurai,2023-10-21 02:15:00,hum,94.0,85.92530731708796,0,1,1,292.07085463889473
Madurai,2023-10-22 02:30:00,hum,89.0,89.40020981847962,0,1,1,292.07085463889473
Madurai,2023-10-23 02:15:00,hum,89.0,89.22723641961386,0,1,1,292.07085463889473
Madurai,2023-10-24 02:15:00,hum,86.0,89.13057485987201,0,1,1,292.07085463889473
Madurai,2023-10-25 02:30:00,hum,87.0,87.81697083744106,0,1,1,292.07085463889473
Madurai,2023-10-26 02:00:00,hum,86.0,87.47315386970436,0,1,1,292.07085463889473
Madurai,2023-10-27 02:30:00,hum,84.0,86.85117172351156,0,1,1,292.07085463889473
Madurai,2023-10-28 02:00:00,hum,79.0,85.63444157617428,0,1,1,292.07085463889473
Madurai,2023-10-29 02:45:00,hum,89.0,82.68594172225029,0,1,1,292.07085463889473
Madurai,2023-10-30 02:00:00,hum,94.0,85.4333140055166,0,1,1,292.07085463889473
Mahamaya,2023-10-15 02:30:00,hum,84.0,60.3524182486294,2,1,2,254.76408035081127
Mahamaya,2023-10-16 02:30:00,hum,68.0,70.6734177138247,2,1,2,254.76408035081127
Mahamaya,2023-10-17 02:30:00,hum,70.0,70.23737986365062,2,1,2,254.76408035081127
Mahamaya,2023-10-18 02:30:00,hum,75.0,75.50819486368817,2,1,2,254.76408035081127
Mahamaya,2023-10-19 02:30:00,hum,84.0,77.53256264730197,2,1,2,254.76408035081127
Mahamaya,2023-10-20 02:30:00,hum,75.0,78.70181969633163,2,1,2,254.76408035081127
Mahamaya,2023-10-21 02:15:00,hum,70.0,77.64505281445771,2,1,2,254.76408035081127
Mahamaya,2023-10-22 02:30:00,hum,71.0,75.2708964529861,2,1,2,254.76408035081127
Mahamaya,2023-10-23 02:15:00,hum,79.0,73.37115431259565,2,1,2,254.76408035081127
Mahamaya,2023-10-24 02:15:00,hum,96.0,73.64869650780949,2,1,2,254.76408035081127
Mahamaya,2023-10-25 02:30:00,hum,94.0,80.01866077624062,2,1,2,254.76408035081127
Mahamaya,2023-10-26 02:00:00,hum,75.0,91.56247259790939,2,1,2,254.76408035081127
Mahamaya,2023-10-27 02:30:00,hum,72.0,86.89050921962024,2,1,2,254.76408035081127
Mahamaya,2023-10-28 02:00:00,hum,58.0,85.34000348200159,2,1,2,254.76408035081127
Mahamaya,2023-10-29 02:45:00,hum,65.0,64.76375559725021,2,1,2,254.76408035081127
Mahamaya,2023-10-30 02:00:00,hum,67.0,66.76892206989946,2,1,2,254.76408035081127
Mahasamund,2023-10-15 02:30:00,hum,65.0,66.36776067226323,2,1,2,275.24125903326126
Mahasamund,2023-10-16 02:30:00,hum,65.0,67.20040165357835,2,1,2,275.24125903326126
Mahasamund,2023-10-17 02:15:00,hum,65.0,64.13212778499495,2,1,2,275.24125903326126
Mahasamund,2023-10-18 02:30:00,hum,70.0,62.76673804095456,2,1,2,275.24125903326126
Mahasamund,2023-10-19 02:15:00,hum,79.0,69.5136443254997,2,1,2,275.24125903326126
Mahasamund,2023-10-20 02:30:00,hum,78.0,81.99643162292983,2,1,2,275.24125903326126
Mahasamund,2023-10-21 02:15:00,hum,70.0,82.72211932549672,2,1,2,275.24125903326126
Mahasamund,2023-10-22 02:15:00,hum,66.0,71.37363947253294,2,1,2,275.24125903326126
Mahasamund,2023-10-23 02:15:00,hum,61.0,63.02815700766037,2,1,2,275.24125903326126
Mahasamund,2023-10-24 02:15:00,hum,64.0,60.91939427580608,2,1,2,275.24125903326126
Mahasamund,2023-10-25 02:15:00,hum,65.0,65.30575642880186,2,1,2,275.24125903326126
Mahasamund,2023-10-26 02:00:00,hum,60.0,65.16799360013849,2,1,2,275.24125903326126
Mahasamund,2023-10-27 02:15:00,hum,56.0,59.41692825486683,2,1,2,275.24125903326126
Mahasamund,2023-10-28 02:00:00,hum,63.0,55.092129423589114,2,1,2,275.24125903326126
Mahasamund,2023-10-29 02:30:00,hum,65.0,62.18088885340242,2,1,2,275.24125903326126
Mahasamund,2023-10-30 01:45:00,hum,67.0,67.89139816935105,2,1,2,275.24125903326126
Mahe,2023-10-15 02:30:00,hum,91.0,91.38761853319673,0,1,1,189.55485178280114
Mahe,2023-10-16 02:30:00,hum,90.0,91.32247094162761,0,1,1,189.55485178280114
Mahe,2023-10-17 02:15:00,hum,87.0,91.10955807656329,0,1,1,189.55485178280114
Mahe,2023-10-18 02:30:00,hum,93.0,90.44237245881055,0,1,1,189.55485178280114
Mahe,2023-10-19 02:15:00,hum,85.0,90.87431853585473,0,1,1,189.55485178280114
Mahe,2023-10-20 02:30:00,hum,84.0,89.94956245058003,0,1,1,189.55485178280114
Mahe,2023-10-21 02:15:00,hum,89.0,87.76515510650992,0,1,1,189.55485178280114
Mahe,2023-10-22 02:15:00,hum,92.0,88.29937323496812,0,1,1,189.55485178280114
Mahe,2023-10-23 02:15:00,hum,90.0,89.37365121657307,0,1,1,189.55485178280114
Mahe,2023-10-24 02:15:00,hum,87.0,89.50326207798001,0,1,1,189.55485178280114
Mahe,2023-10-25 02:15:00,hum,90.0,89.00699637713376,0,1,1,189.55485178280114
Mahe,2023-10-26 02:00:00,hum,89.0,89.21532714207513,0,1,1,189.55485178280114
Mahe,2023-10-27 02:15:00,hum,82.0,89.17510750786268,0,1,1,189.55485178280114
Mahe,2023-10-28 02:00:00,hum,84.0,87.66411614249444,0,1,1,189.55485178280114
Mahe,2023-10-29 02:30:00,hum,90.0,86.51084264402742,0,1,1,189.55485178280114
Mahe,2023-10-30 01:45:00,hum,93.0,87.54916135381625,0,1,1,189.55485178280114
Mahendragarh,2023-10-15 02:30:00,hum,33.0,32.0,0,1,0,318.22717692536514
Mahendragarh,2023-10-16 02:30:00,hum,38.0,33.0,0,1,0,318.22717692536514
Mahendragarh,2023-10-17 02:15:00,hum,79.0,38.0,0,1,0,318.22717692536514
Mahendragarh,2023-10-18 02:30:00,hum,57.0,79.0,0,1,0,318.22717692536514
Mahendragarh,2023-10-19 02:15:00,hum,45.0,56.999999999999986,0,1,0,318.22717692536514
Mahendragarh,2023-10-20 02:30:00,hum,43.0,45.0,0,1,0,318.22717692536514
Mahendragarh,2023-10-21 02:15:00,hum,42.0,43.0,0,1,0,318.22717692536514
Mahendragarh,2023-10-22 02:15:00,hum,34.0,42.0,0,1,0,318.22717692536514
Mahendragarh,2023-10-23 02:15:00,hum,37.0,34.0,0,1,0,318.22717692536514
Mahendragarh,2023-10-24 02:15:00,hum,65.0,37.0,0,1,0,318.22717692536514
Mahendragarh,2023-10-25 02:15:00,hum,40.0,65.0,0,1,0,318.22717692536514
Mahendragarh,2023-10-26 02:00:00,hum,42.0,40.0,0,1,0,318.22717692536514
Mahendragarh,2023-10-27 02:15:00,hum,34.0,42.0,0,1,0,318.22717692536514
Mahendragarh,2023-10-28 02:00:00,hum,21.0,34.0,0,1,0,318.22717692536514
Mahendragarh,2023-10-29 02:30:00,hum,31.0,21.0,0,1,0,318.22717692536514
Mahendragarh,2023-10-30 01:45:00,hum,36.0,31.0,0,1,0,318.22717692536514
Mahesana,2023-10-15 02:30:00,hum,67.0,50.0,0,1,0,294.42635669080977
Mahesana,2023-10-16 02:30:00,hum,65.0,67.0,0,1,0,294.42635669080977
Mahesana,2023-10-17 02:15:00,hum,67.0,65.0,0,1,0,294.42635669080977
Mahesana,2023-10-18 02:15:00,hum,62.0,67.0,0,1,0,294.42635669080977
Mahesana,2023-10-19 02:15:00,hum,46.0,62.0,0,1,0,294.42635669080977
Mahesana,2023-10-20 02:30:00,hum,43.0,46.0,0,1,0,294.42635669080977
Mahesana,2023-10-21 02:15:00,hum,43.0,43.0,0,1,0,294.42635669080977
Mahesana,2023-10-22 02:15:00,hum,38.0,43.0,0,1,0,294.42635669080977
Mahesana,2023-10-23 02:00:00,hum,39.0,38.0,0,1,0,294.42635669080977
Mahesana,2023-10-24 02:15:00,hum,38.0,39.0,0,1,0,294.42635669080977
Mahesana,2023-10-25 02:15:00,hum,33.0,38.0,0,1,0,294.42635669080977
Mahesana,2023-10-26 02:00:00,hum,39.0,33.0,0,1,0,294.42635669080977
Mahesana,2023-10-27 02:15:00,hum,39.0,39.0,0,1,0,294.42635669080977
Mahesana,2023-10-28 02:00:00,hum,33.0,39.0,0,1,0,294.42635669080977
Mahesana,2023-10-29 02:30:00,hum,33.0,33.0,0,1,0,294.42635669080977
Mahesana,2023-10-30 01:45:00,hum,34.0,33.0,0,1,0,294.42635669080977
Mahoba,2023-10-15 02:30:00,hum,41.0,42.0,0,1,0,332.889623201524
Mahoba,2023-10-16 02:30:00,hum,42.0,41.0,0,1,0,332.889623201524
Mahoba,2023-10-17 02:30:00,hum,76.0,42.0,0,1,0,332.889623201524
Mahoba,2023-10-18 02:30:00,hum,69.0,76.0,0,1,0,332.889623201524
Mahoba,2023-10-19 02:30:00,hum,48.0,69.0,0,1,0,332.889623201524
Mahoba,2023-10-20 02:30:00,hum,43.0,48.0,0,1,0,332.889623201524
Mahoba,2023-10-21 02:15:00,hum,46.0,43.0,0,1,0,332.889623201524
Mahoba,2023-10-22 02:30:00,hum,45.0,46.0,0,1,0,332.889623201524
Mahoba,2023-10-23 02:15:00,hum,51.0,45.0,0,1,0,332.889623201524
Mahoba,2023-10-24 02:15:00,hum,49.0,51.0,0,1,0,332.889623201524
Mahoba,2023-10-25 02:30:00,hum,48.0,49.0,0,1,0,332.889623201524
Mahoba,2023-10-26 02:00:00,hum,41.0,48.0,0,1,0,332.889623201524
Mahoba,2023-10-27 02:30:00,hum,34.0,41.0,0,1,0,332.889623201524
Mahoba,2023-10-28 02:00:00,hum,35.0,34.0,0,1,0,332.889623201524
Mahoba,2023-10-29 02:45:00,hum,37.0,35.0,0,1,0,332.889623201524
Mahoba,2023-10-30 02:00:00,hum,39.0,37.0,0,1,0,332.889623201524
Mainpuri,2023-10-15 02:30:00,hum,37.0,35.0,0,1,0,324.935925533618
Mainpuri,2023-10-16 02:30:00,hum,42.0,37.0,0,1,0,324.935925533618
Mainpuri,2023-10-17 02:30:00,hum,73.0,42.0,0,1,0,324.935925533618
Mainpuri,2023-10-18 02:30:00,hum,58.0,73.0,0,1,0,324.935925533618
Mainpuri,2023-10-19 02:30:00,hum,48.0,58.0,0,1,0,324.935925533618
Mainpuri,2023-10-20 02:30:00,hum,45.0,48.0,0,1,0,324.935925533618
Mainpuri,2023-10-21 02:15:00,hum,46.0,45.0,0,1,0,324.935925533618
Mainpuri,2023-10-22 02:30:00,hum,47.0,46.0,0,1,0,324.935925533618
Mainpuri,2023-10-23 02:15:00,hum,40.0,47.0,0,1,0,324.935925533618
Mainpuri,2023-10-24 02:15:00,hum,43.0,40.0,0,1,0,324.935925533618
Mainpuri,2023-10-25 02:30:00,hum,49.0,43.0,0,1,0,324.935925533618
Mainpuri,2023-10-26 02:00:00,hum,37.0,49.0,0,1,0,324.935925533618
Mainpuri,2023-10-27 02:30:00,hum,33.0,37.0,0,1,0,324.935925533618
Mainpuri,2023-10-28 02:00:00,hum,37.0,33.0,0,1,0,324.935925533618
Mainpuri,2023-10-29 02:45:00,hum,33.0,37.0,0,1,0,324.935925533618
Mainpuri,2023-10-30 02:00:00,hum,38.0,33.0,0,1,0,324.935925533618
Majuli,2023-10-15 02:30:00,hum,97.0,96.84634929721634,1,1,1,215.9064968954567
Majuli,2023-10-16 02:30:00,hum,95.0,96.8648160253902,1,1,1,215.9064968954567
Majuli,2023-10-17 02:30:00,hum,94.0,95.83210230995735,1,1,1,215.9064968954567
Majuli,2023-10-18 02:30:00,hum,95.0,95.18445798233923,1,1,1,215.9064968954567
Majuli,2023-10-19 02:30:00,hum,95.0,95.58275979606803,1,1,1,215.9064968954567
Majuli,2023-10-20 02:30:00,hum,94.0,95.52128033887182,1,1,1,215.9064968954567
Majuli,2023-10-21 02:30:00,hum,94.0,94.93689747145251,1,1,1,215.9064968954567
Majuli,2023-10-22 02:30:00,hum,94.0,94.83952572716743,1,1,1,215.9064968954567
Majuli,2023-10-23 02:15:00,hum,94.0,94.75597432875135,1,1,1,215.9064968954567
Majuli,2023-10-24 02:15:00,hum,85.0,94.68223235190845,1,1,1,215.9064968954567
Majuli,2023-10-25 02:30:00,hum,89.0,89.26734178647762,1,1,1,215.9064968954567
Majuli,2023-10-26 02:00:00,hum,96.0,90.94710705799481,1,1,1,215.9064968954567
Majuli,2023-10-27 02:30:00,hum,98.0,95.19286264444305,1,1,1,215.9064968954567
Majuli,2023-10-28 02:00:00,hum,96.0,96.46695588644455,1,1,1,215.9064968954567
Majuli,2023-10-29 02:45:00,hum,95.0,95.43524596764483,1,1,1,215.9064968954567
Majuli,2023-10-30 02:00:00,hum,96.0,94.91537386898837,1,1,1,215.9064968954567
Malappuram,2023-10-15 02:30:00,hum,100.0,95.79090033313207,1,1,1,269.29845440518363
Malappuram,2023-10-16 02:30:00,hum,89.0,96.17309899125529,1,1,1,269.29845440518363
Malappuram,2023-10-17 02:30:00,hum,94.0,92.62967604617496,1,1,1,269.29845440518363
Malappuram,2023-10-18 02:30:00,hum,94.0,94.04484057061772,1,1,1,269.29845440518363
Malappuram,2023-10-19 02:15:00,hum,89.0,94.0275805399766,1,1,1,269.29845440518363
Malappuram,2023-10-20 02:30:00,hum,89.0,92.46272082970019,1,1,1,269.29845440518363
Malappuram,2023-10-21 02:15:00,hum,94.0,92.31942519259712,1,1,1,269.29845440518363
Malappuram,2023-10-22 02:15:00,hum,83.0,93.76798638487723,1,1,1,269.29845440518363
Malappuram,2023-10-23 02:15:00,hum,94.0,90.53512660415394,1,1,1,269.29845440518363
Malappuram,2023-10-24 02:15:00,hum,94.0,93.6183053365511,1,1,1,269.29845440518363
Malappuram,2023-10-25 02:15:00,hum,94.0,93.62512192633817,1,1,1,269.29845440518363
Malappuram,2023-10-26 02:00:00,hum,89.0,93.63167608220732,1,1,1,269.29845440518363
Malappuram,2023-10-27 02:15:00,hum,89.0,92.33447368577842,1,1,1,269.29845440518363
Malappuram,2023-10-28 02:00:00,hum,100.0,91.57673905213016,1,1,1,269.29845440518363
Malappuram,2023-10-29 02:45:00,hum,94.0,94.98378777563191,1,1,1,269.29845440518363
Malappuram,2023-10-30 02:00:00,hum,94.0,93.59670853039758,1,1,1,269.29845440518363
Maldah,2023-10-15 02:30:00,hum,68.0,77.07056261206625,1,1,2,297.46744748645216
Maldah,2023-10-16 02:30:00,hum,69.0,63.09634825914102,1,1,2,297.46744748645216
Maldah,2023-10-17 02:30:00,hum,76.0,69.60388212940114,1,1,2,297.46744748645216
Maldah,2023-10-18 02:30:00,hum,76.0,77.59319243373294,1,1,2,297.46744748645216
Maldah,2023-10-19 02:15:00,hum,78.0,76.7375287376098,1,1,2,297.46744748645216
Maldah,2023-10-20 02:30:00,hum,74.0,78.74883750559385,1,1,2,297.46744748645216
Maldah,2023-10-21 02:15:00,hum,76.0,74.64422665004572,1,1,2,297.46744748645216
Maldah,2023-10-22 02:15:00,hum,77.0,76.98116425040675,1,1,2,297.46744748645216
Maldah,2023-10-23 02:15:00,hum,79.0,77.68033413090944,1,1,2,297.46744748645216
Maldah,2023-10-24 02:15:00,hum,95.0,79.5123527510264,1,1,2,297.46744748645216
Maldah,2023-10-25 02:15:00,hum,89.0,94.67866045030657,1,1,2,297.46744748645216
Maldah,2023-10-26 02:00:00,hum,79.0,87.24459845134655,1,1,2,297.46744748645216
Maldah,2023-10-27 02:15:00,hum,58.0,78.49812499136841,1,1,2,297.46744748645216
Maldah,2023-10-28 02:00:00,hum,63.0,58.525088187544625,1,1,2,297.46744748645216
Maldah,2023-10-29 02:45:00,hum,58.0,67.2651112718548,1,1,2,297.46744748645216
Maldah,2023-10-30 01:45:00,hum,69.0,60.381310238172006,1,1,2,297.46744748645216
Malkangiri,2023-10-15 02:30:00,hum,84.0,77.74155308035556,2,1,1,251.15219871794346
Malkangiri,2023-10-16 02:30:00,hum,82.0,82.86912823309031,2,1,1,251.15219871794346
Malkangiri,2023-10-17 02:30:00,hum,82.0,80.46089074447475,2,1,1,251.15219871794346
Malkangiri,2023-10-18 02:30:00,hum,79.0,83.92813500454899,2,1,1,251.15219871794346
Malkangiri,2023-10-19 02:30:00,hum,83.0,78.21846855293539,2,1,1,251.15219871794346
Malkangiri,2023-10-20 02:30:00,hum,83.0,83.9337660590447,2,1,1,251.15219871794346
Malkangiri,2023-10-21 02:15:00,hum,84.0,80.77033078733953,2,1,1,251.15219871794346
Malkangiri,2023-10-22 02:30:00,hum,76.0,85.0842670501962,2,1,1,251.15219871794346
Malkangiri,2023-10-23 02:15:00,hum,83.0,77.00272890777752,2,1,1,251.15219871794346
Malkangiri,2023-10-24 02:15:00,hum,84.0,83.45289669508188,2,1,1,251.15219871794346
Malkangiri,2023-10-25 02:15:00,hum,79.0,80.85895563818595,2,1,1,251.15219871794346
Malkangiri,2023-10-26 02:00:00,hum,78.0,81.32249168173098,2,1,1,251.15219871794346
Malkangiri,2023-10-27 02:15:00,hum,68.0,79.55091027716605,2,1,1,251.15219871794346
Malkangiri,2023-10-28 02:00:00,hum,68.0,70.2946307011641,2,1,1,251.15219871794346
Malkangiri,2023-10-29 02:45:00,hum,80.0,70.27082654182885,2,1,1,251.15219871794346
Malkangiri,2023-10-30 02:00:00,hum,72.0,75.89290827445599,2,1,1,251.15219871794346
Mamit,2023-10-15 02:30:00,hum,98.0,98.55555056597008,0,0,0,195.34768699217224
Mamit,2023-10-16 02:30:00,hum,98.0,98.54347324904123,0,0,0,195.34768699217224
Mamit,2023-10-17 02:15:00,hum,94.0,98.53190984054672,0,0,0,195.34768699217224
Mamit,2023-10-18 02:30:00,hum,92.0,98.4374949212941,0,0,0,195.34768699217224
Mamit,2023-10-19 02:15:00,hum,96.0,98.30611760821822,0,0,0,195.34768699217224
Mamit,2023-10-20 02:30:00,hum,92.0,98.25999500801883,0,0,0,195.34768699217224
Mamit,2023-10-21 02:15:00,hum,89.0,98.13724987323053,0,0,0,195.34768699217224
Mamit,2023-10-22 02:15:00,hum,93.0,97.96153343930756,0,0,0,195.34768699217224
Mamit,2023-10-23 02:15:00,hum,100.0,97.86791958541215,0,0,0,195.34768699217224
Mamit,2023-10-24 02:15:00,hum,100.0,97.90740200889353,0,0,0,195.34768699217224
Mamit,2023-10-25 02:15:00,hum,82.0,97.94544955322667,0,0,0,195.34768699217224
Mamit,2023-10-26 02:00:00,hum,96.0,97.66070936746483,0,0,0,195.34768699217224
Mamit,2023-10-27 02:15:00,hum,99.0,97.63157407498998,0,0,0,195.34768699217224
Mamit,2023-10-28 02:00:00,hum,98.0,97.65516745860702,0,0,0,195.34768699217224
Mamit,2023-10-29 02:30:00,hum,97.0,97.66101196727261,0,0,0,195.34768699217224
Mamit,2023-10-30 01:45:00,hum,84.0,97.6499949833259,0,0,0,195.34768699217224
Mancherial,2023-10-16 02:30:00,hum,69.0,69.4880047650064,0,1,1,259.4328181763526
Mancherial,2023-10-17 02:30:00,hum,64.0,69.11303824778436,0,1,1,259.4328181763526
Mancherial,2023-10-18 02:30:00,hum,75.0,65.16052840633022,0,1,1,259.4328181763526
Mancherial,2023-10-19 02:30:00,hum,75.0,72.28428382517126,0,1,1,259.4328181763526
Mancherial,2023-10-20 02:30:00,hum,76.0,74.33643414233256,0,1,1,259.4328181763526
Mancherial,2023-10-21 02:30:00,hum,70.0,75.58621616116693,0,1,1,259.4328181763526
Mancherial,2023-10-22 02:30:00,hum,61.0,71.5019085300383,0,1,1,259.4328181763526
Mancherial,2023-10-23 02:15:00,hum,61.0,63.16720902152817,0,1,1,259.4328181763526
Mancherial,2023-10-24 02:15:00,hum,65.0,61.35660772696627,0,1,1,259.4328181763526
Mancherial,2023-10-25 02:30:00,hum,62.0,64.27156639958626,0,1,1,259.4328181763526
Mancherial,2023-10-26 02:00:00,hum,57.0,62.473175600918246,0,1,1,259.4328181763526
Mancherial,2023-10-27 02:30:00,hum,53.0,58.092097498203444,0,1,1,259.4328181763526
Mancherial,2023-10-28 02:00:00,hum,63.0,53.84197336964306,0,1,1,259.4328181763526
Mancherial,2023-10-29 02:45:00,hum,59.0,60.99433722151242,0,1,1,259.4328181763526
Mancherial,2023-10-30 02:00:00,hum,66.0,59.45796349460368,0,1,1,259.4328181763526
Mandi,2023-10-15 02:30:00,hum,57.0,56.0,0,1,0,295.888430209338
Mandi,2023-10-16 02:30:00,hum,59.0,57.0,0,1,0,295.888430209338
Mandi,2023-10-17 02:15:00,hum,61.0,59.0,0,1,0,295.888430209338
Mandi,2023-10-18 02:15:00,hum,54.0,61.0,0,1,0,295.888430209338
Mandi,2023-10-19 02:15:00,hum,54.0,54.0,0,1,0,295.888430209338
Mandi,2023-10-20 02:15:00,hum,53.0,54.0,0,1,0,295.888430209338
Mandi,2023-10-21 02:15:00,hum,54.0,53.0,0,1,0,295.888430209338
Mandi,2023-10-22 02:15:00,hum,45.0,54.0,0,1,0,295.888430209338
Mandi,2023-10-23 02:00:00,hum,44.0,45.0,0,1,0,295.888430209338
Mandi,2023-10-24 02:15:00,hum,49.0,44.0,0,1,0,295.888430209338
Mandi,2023-10-25 02:15:00,hum,45.0,49.0,0,1,0,295.888430209338
Mandi,2023-10-26 02:00:00,hum,40.0,45.0,0,1,0,295.888430209338
Mandi,2023-10-27 02:15:00,hum,42.0,40.0,0,1,0,295.888430209338
Mandi,2023-10-28 02:00:00,hum,47.0,42.0,0,1,0,295.888430209338
Mandi,2023-10-29 02:30:00,hum,46.0,47.0,0,1,0,295.888430209338
Mandi,2023-10-30 01:45:00,hum,45.0,46.0,0,1,0,295.888430209338
Mandla,2023-10-15 02:30:00,hum,71.0,69.32100214523851,1,1,1,298.51888243943404
Mandla,2023-10-16 02:30:00,hum,71.0,72.1780710303894,1,1,1,298.51888243943404
Mandla,2023-10-17 02:15:00,hum,81.0,71.82293594700971,1,1,1,298.51888243943404
Mandla,2023-10-18 02:15:00,hum,79.0,78.35205759610044,1,1,1,298.51888243943404
Mandla,2023-10-19 02:15:00,hum,79.0,77.69689555065136,1,1,1,298.51888243943404
Mandla,2023-10-20 02:15:00,hum,80.0,78.00935304230747,1,1,1,298.51888243943404
Mandla,2023-10-21 02:00:00,hum,62.0,78.89618391956822,1,1,1,298.51888243943404
Mandla,2023-10-22 02:15:00,hum,63.0,67.71205667715662,1,1,1,298.51888243943404
Mandla,2023-10-23 02:00:00,hum,62.0,66.7397760144594,1,1,1,298.51888243943404
Mandla,2023-10-24 02:15:00,hum,65.0,65.03681538802685,1,1,1,298.51888243943404
Mandla,2023-10-25 02:15:00,hum,69.0,66.36654019336108,1,1,1,298.51888243943404
Mandla,2023-10-26 02:00:00,hum,63.0,68.8121766336688,1,1,1,298.51888243943404
Mandla,2023-10-27 02:15:00,hum,56.0,64.74191116092095,1,1,1,298.51888243943404
Mandla,2023-10-28 02:00:00,hum,59.0,59.41894217934549,1,1,1,298.51888243943404
Mandla,2023-10-29 02:30:00,hum,63.0,60.59393908740465,1,1,1,298.51888243943404
Mandla,2023-10-30 01:45:00,hum,61.0,62.967486032134225,1,1,1,298.51888243943404
Mandsaur,2023-10-15 02:30:00,hum,50.0,48.0,0,1,0,294.955686382813
Mandsaur,2023-10-16 02:30:00,hum,68.0,50.0,0,1,0,294.955686382813
Mandsaur,2023-10-17 02:15:00,hum,61.0,68.0,0,1,0,294.955686382813
Mandsaur,2023-10-18 02:15:00,hum,59.0,61.00000000000001,0,1,0,294.955686382813
Mandsaur,2023-10-19 02:15:00,hum,58.0,59.0,0,1,0,294.955686382813
Mandsaur,2023-10-20 02:15:00,hum,50.0,58.0,0,1,0,294.955686382813
Mandsaur,2023-10-21 02:00:00,hum,49.0,50.0,0,1,0,294.955686382813
Mandsaur,2023-10-22 02:15:00,hum,40.0,49.0,0,1,0,294.955686382813
Mandsaur,2023-10-23 02:00:00,hum,42.0,40.0,0,1,0,294.955686382813
Mandsaur,2023-10-24 02:15:00,hum,40.0,42.0,0,1,0,294.955686382813
Mandsaur,2023-10-25 02:15:00,hum,37.0,40.0,0,1,0,294.955686382813
Mandsaur,2023-10-26 02:00:00,hum,35.0,37.0,0,1,0,294.955686382813
Mandsaur,2023-10-27 02:15:00,hum,31.0,35.0,0,1,0,294.955686382813
Mandsaur,2023-10-28 02:00:00,hum,36.0,31.0,0,1,0,294.955686382813
Mandsaur,2023-10-29 02:30:00,hum,40.0,36.0,0,1,0,294.955686382813
Mandsaur,2023-10-30 01:45:00,hum,38.0,40.0,0,1,0,294.955686382813
Mandya,2023-10-15 02:30:00,hum,62.0,71.32799033870725,0,1,1,262.4358144254937
Mandya,2023-10-16 02:30:00,hum,75.0,63.37759327182098,0,1,1,262.4358144254937
Mandya,2023-10-17 02:30:00,hum,93.0,71.68933463466996,0,1,1,262.4358144254937
Mandya,2023-10-18 02:30:00,hum,82.0,93.16330396354913,0,1,1,262.4358144254937
Mandya,2023-10-19 02:15:00,hum,71.0,83.40889406182403,0,1,1,262.4358144254937
Mandya,2023-10-20 02:30:00,hum,75.0,76.63139719594558,0,1,1,262.4358144254937
Mandya,2023-10-21 02:15:00,hum,73.0,75.70754969993696,0,1,1,262.4358144254937
Mandya,2023-10-22 02:15:00,hum,76.0,74.07792564445181,0,1,1,262.4358144254937
Mandya,2023-10-23 02:15:00,hum,65.0,75.17439149494687,0,1,1,262.4358144254937
Mandya,2023-10-24 02:15:00,hum,52.0,69.64168281474622,0,1,1,262.4358144254937
Mandya,2023-10-25 02:15:00,hum,53.0,52.41593285773057,0,1,1,262.4358144254937
Mandya,2023-10-26 02:00:00,hum,55.0,52.98171374891245,0,1,1,262.4358144254937
Mandya,2023-10-27 02:15:00,hum,61.0,54.91463545311629,0,1,1,262.4358144254937
Mandya,2023-10-28 02:00:00,hum,75.0,60.85039569536892,0,1,1,262.4358144254937
Mandya,2023-10-29 02:45:00,hum,81.0,76.00683544773894,0,1,1,262.4358144254937
Mandya,2023-10-30 02:00:00,hum,89.0,81.55493162191,0,1,1,262.4358144254937
Mansa,2023-10-15 02:30:00,hum,38.0,34.0,0,1,0,337.4244653195165
Mansa,2023-10-16 02:30:00,hum,57.0,38.0,0,1,0,337.4244653195165
Mansa,2023-10-17 02:30:00,hum,86.0,57.0,0,1,0,337.4244653195165
Mansa,2023-10-18 02:30:00,hum,67.0,86.0,0,1,0,337.4244653195165
Mansa,2023-10-19 02:15:00,hum,47.0,67.0,0,1,0,337.4244653195165
Mansa,2023-10-20 02:30:00,hum,42.0,47.0,0,1,0,337.4244653195165
Mansa,2023-10-21 02:15:00,hum,35.0,42.0,0,1,0,337.4244653195165
Mansa,2023-10-22 02:15:00,hum,42.0,35.0,0,1,0,337.4244653195165
Mansa,2023-10-23 02:15:00,hum,41.0,42.0,0,1,0,337.4244653195165
Mansa,2023-10-24 02:15:00,hum,49.0,41.0,0,1,0,337.4244653195165
Mansa,2023-10-25 02:15:00,hum,40.0,49.0,0,1,0,337.4244653195165
Mansa,2023-10-26 02:00:00,hum,36.0,40.0,0,1,0,337.4244653195165
Mansa,2023-10-27 02:15:00,hum,32.0,36.0,0,1,0,337.4244653195165
Mansa,2023-10-28 02:00:00,hum,25.0,32.0,0,1,0,337.4244653195165
Mansa,2023-10-29 02:45:00,hum,30.0,25.0,0,1,0,337.4244653195165
Mansa,2023-10-30 02:00:00,hum,33.0,30.0,0,1,0,337.4244653195165
Mathura,2023-10-15 02:30:00,hum,33.0,33.0,0,1,0,328.1538739773242
Mathura,2023-10-16 02:30:00,hum,41.0,33.0,0,1,0,328.1538739773242
Mathura,2023-10-17 02:30:00,hum,77.0,41.0,0,1,0,328.1538739773242
Mathura,2023-10-18 02:30:00,hum,59.0,77.0,0,1,0,328.1538739773242
Mathura,2023-10-19 02:30:00,hum,43.0,58.99999999999999,0,1,0,328.1538739773242
Mathura,2023-10-20 02:30:00,hum,39.0,43.0,0,1,0,328.1538739773242
Mathura,2023-10-21 02:15:00,hum,47.0,39.0,0,1,0,328.1538739773242
Mathura,2023-10-22 02:30:00,hum,46.0,47.0,0,1,0,328.1538739773242
Mathura,2023-10-23 02:15:00,hum,36.0,46.0,0,1,0,328.1538739773242
Mathura,2023-10-24 02:15:00,hum,39.0,36.0,0,1,0,328.1538739773242
Mathura,2023-10-25 02:30:00,hum,44.0,39.0,0,1,0,328.1538739773242
Mathura,2023-10-26 02:00:00,hum,39.0,44.0,0,1,0,328.1538739773242
Mathura,2023-10-27 02:30:00,hum,28.0,39.0,0,1,0,328.1538739773242
Mathura,2023-10-28 02:00:00,hum,27.0,28.0,0,1,0,328.1538739773242
Mathura,2023-10-29 02:45:00,hum,38.0,27.0,0,1,0,328.1538739773242
Mathura,2023-10-30 02:00:00,hum,39.0,38.0,0,1,0,328.1538739773242
Mau,2023-10-15 02:30:00,hum,60.0,56.0,0,1,0,307.3498287111353
Mau,2023-10-16 02:30:00,hum,69.0,60.0,0,1,0,307.3498287111353
Mau,2023-10-17 02:30:00,hum,85.0,69.0,0,1,0,307.3498287111353
Mau,2023-10-18 02:30:00,hum,79.0,85.0,0,1,0,307.3498287111353
Mau,2023-10-19 02:30:00,hum,62.0,79.0,0,1,0,307.3498287111353
Mau,2023-10-20 02:30:00,hum,54.0,62.0,0,1,0,307.3498287111353
Mau,2023-10-21 02:15:00,hum,56.0,54.0,0,1,0,307.3498287111353
Mau,2023-10-22 02:30:00,hum,55.0,56.0,0,1,0,307.3498287111353
Mau,2023-10-23 02:15:00,hum,56.0,55.0,0,1,0,307.3498287111353
Mau,2023-10-24 02:15:00,hum,56.0,56.0,0,1,0,307.3498287111353
Mau,2023-10-25 02:30:00,hum,60.0,56.0,0,1,0,307.3498287111353
Mau,2023-10-26 02:00:00,hum,56.0,60.0,0,1,0,307.3498287111353
Mau,2023-10-27 02:30:00,hum,56.0,56.0,0,1,0,307.3498287111353
Mau,2023-10-28 02:00:00,hum,51.0,56.0,0,1,0,307.3498287111353
Mau,2023-10-29 02:45:00,hum,49.0,51.0,0,1,0,307.3498287111353
Mau,2023-10-30 02:00:00,hum,51.0,49.0,0,1,0,307.3498287111353
Mayurbhanj,2023-10-15 02:30:00,hum,60.0,66.83825686081977,2,1,2,267.0669734003712
Mayurbhanj,2023-10-16 02:30:00,hum,63.0,55.87789987711536,2,1,2,267.0669734003712
Mayurbhanj,2023-10-17 02:30:00,hum,72.0,67.19123740721889,2,1,2,267.0669734003712
Mayurbhanj,2023-10-18 02:30:00,hum,70.0,70.73601993117448,2,1,2,267.0669734003712
Mayurbhanj,2023-10-19 02:30:00,hum,74.0,68.21712095443623,2,1,2,267.0669734003712
Mayurbhanj,2023-10-20 02:30:00,hum,79.0,73.84232338207136,2,1,2,267.0669734003712
Mayurbhanj,2023-10-21 02:15:00,hum,73.0,78.51547907319666,2,1,2,267.0669734003712
Mayurbhanj,2023-10-22 02:30:00,hum,62.0,71.1032258657039,2,1,2,267.0669734003712
Mayurbhanj,2023-10-23 02:15:00,hum,66.0,64.00535320361575,2,1,2,267.0669734003712
Mayurbhanj,2023-10-24 02:15:00,hum,94.0,67.33298297595681,2,1,2,267.0669734003712
Mayurbhanj,2023-10-25 02:15:00,hum,79.0,93.51498978368905,2,1,2,267.0669734003712
Mayurbhanj,2023-10-26 02:00:00,hum,71.0,72.42126764827509,2,1,2,267.0669734003712
Mayurbhanj,2023-10-27 02:15:00,hum,68.0,76.50411132144728,2,1,2,267.0669734003712
Mayurbhanj,2023-10-28 02:00:00,hum,55.0,73.11705929646016,2,1,2,267.0669734003712
Mayurbhanj,2023-10-29 02:45:00,hum,59.0,57.33699616550967,2,1,2,267.0669734003712
Mayurbhanj,2023-10-30 02:00:00,hum,67.0,62.63854496427678,2,1,2,267.0669734003712
Medak,2023-10-15 02:30:00,hum,72.0,75.0,0,1,0,258.828555887078
Medak,2023-10-16 02:30:00,hum,69.0,72.0,0,1,0,258.828555887078
Medak,2023-10-17 02:30:00,hum,77.0,69.0,0,1,0,258.828555887078
Medak,2023-10-18 02:30:00,hum,70.0,77.0,0,1,0,258.828555887078
Medak,2023-10-19 02:30:00,hum,70.0,70.0,0,1,0,258.828555887078
Medak,2023-10-20 02:30:00,hum,73.0,70.0,0,1,0,258.828555887078
Medak,2023-10-21 02:30:00,hum,77.0,73.0,0,1,0,258.828555887078
Medak,2023-10-22 02:30:00,hum,65.0,77.0,0,1,0,258.828555887078
Medak,2023-10-23 02:15:00,hum,57.0,65.0,0,1,0,258.828555887078
Medak,2023-10-24 02:15:00,hum,66.0,57.0,0,1,0,258.828555887078
Medak,2023-10-25 02:30:00,hum,62.0,66.0,0,1,0,258.828555887078
Medak,2023-10-26 02:00:00,hum,59.0,61.99999999999999,0,1,0,258.828555887078
Medak,2023-10-27 02:30:00,hum,56.0,59.0,0,1,0,258.828555887078
Medak,2023-10-28 02:00:00,hum,56.0,56.0,0,1,0,258.828555887078
Medak,2023-10-29 02:45:00,hum,66.0,56.0,0,1,0,258.828555887078
Medak,2023-10-30 02:00:00,hum,63.0,66.0,0,1,0,258.828555887078
Medchal,2023-10-15 02:30:00,hum,79.0,82.19984206200739,0,1,1,296.18703706160494
Medchal,2023-10-16 02:30:00,hum,83.0,81.35835108218227,0,1,1,296.18703706160494
Medchal,2023-10-17 02:30:00,hum,78.0,81.7959101184816,0,1,1,296.18703706160494
Medchal,2023-10-18 02:30:00,hum,73.0,80.80814390196471,0,1,1,296.18703706160494
Medchal,2023-10-19 02:30:00,hum,67.0,78.61349274614446,0,1,1,296.18703706160494
Medchal,2023-10-20 02:30:00,hum,78.0,74.62049084835198,0,1,1,296.18703706160494
Medchal,2023-10-21 02:30:00,hum,78.0,75.87602245643642,0,1,1,296.18703706160494
Medchal,2023-10-22 02:30:00,hum,69.0,76.54242517896058,0,1,1,296.18703706160494
Medchal,2023-10-23 02:15:00,hum,73.0,74.23333526064647,0,1,1,296.18703706160494
Medchal,2023-10-24 02:15:00,hum,73.0,73.83482807689829,0,1,1,296.18703706160494
Medchal,2023-10-25 02:30:00,hum,64.0,73.57055699697472,0,1,1,296.18703706160494
Medchal,2023-10-26 02:00:00,hum,60.0,70.43807974598366,0,1,1,296.18703706160494
Medchal,2023-10-27 02:30:00,hum,64.0,66.48627065008307,0,1,1,296.18703706160494
Medchal,2023-10-28 02:00:00,hum,56.0,65.46886965025644,0,1,1,296.18703706160494
Medchal,2023-10-29 02:45:00,hum,73.0,61.55343624746585,0,1,1,296.18703706160494
Medchal,2023-10-30 02:00:00,hum,88.0,66.02889731791983,0,1,1,296.18703706160494
Medinipur,2023-10-15 02:30:00,hum,63.0,75.0,0,1,0,271.9181772078055
Medinipur,2023-10-16 02:30:00,hum,73.0,63.0,0,1,0,271.9181772078055
Medinipur,2023-10-17 02:30:00,hum,74.0,73.0,0,1,0,271.9181772078055
Medinipur,2023-10-18 02:30:00,hum,77.0,74.0,0,1,0,271.9181772078055
Medinipur,2023-10-19 02:15:00,hum,73.0,77.0,0,1,0,271.9181772078055
Medinipur,2023-10-20 02:30:00,hum,72.0,73.0,0,1,0,271.9181772078055
Medinipur,2023-10-21 02:15:00,hum,71.0,72.0,0,1,0,271.9181772078055
Medinipur,2023-10-22 02:15:00,hum,73.0,71.0,0,1,0,271.9181772078055
Medinipur,2023-10-23 02:15:00,hum,74.0,73.0,0,1,0,271.9181772078055
Medinipur,2023-10-24 02:15:00,hum,93.0,74.0,0,1,0,271.9181772078055
Medinipur,2023-10-25 02:15:00,hum,88.0,93.0,0,1,0,271.9181772078055
Medinipur,2023-10-26 02:00:00,hum,76.0,88.0,0,1,0,271.9181772078055
Medinipur,2023-10-27 02:15:00,hum,70.0,76.0,0,1,0,271.9181772078055
Medinipur,2023-10-28 02:00:00,hum,61.0,70.0,0,1,0,271.9181772078055
Medinipur,2023-10-29 02:45:00,hum,63.0,60.99999999999999,0,1,0,271.9181772078055
Medinipur,2023-10-30 02:00:00,hum,69.0,63.0,0,1,0,271.9181772078055
Meerut,2023-10-15 02:30:00,hum,47.0,43.52885577974008,1,1,2,333.3165987976525
Meerut,2023-10-16 02:30:00,hum,48.0,45.91368400476373,1,1,2,333.3165987976525
Meerut,2023-10-17 02:30:00,hum,81.0,46.9535652393554,1,1,2,333.3165987976525
Meerut,2023-10-18 02:30:00,hum,56.0,77.41836364675987,1,1,2,333.3165987976525
Meerut,2023-10-19 02:30:00,hum,45.0,49.00811542970666,1,1,2,333.3165987976525
Meerut,2023-10-20 02:30:00,hum,41.0,59.634703131925306,1,1,2,333.3165987976525
Meerut,2023-10-21 02:15:00,hum,44.0,45.309148442084954,1,1,2,333.3165987976525
Meerut,2023-10-22 02:30:00,hum,43.0,46.83808512431826,1,1,2,333.3165987976525
Meerut,2023-10-23 02:15:00,hum,47.0,44.48198311982503,1,1,2,333.3165987976525
Meerut,2023-10-24 02:15:00,hum,49.0,47.28381002624682,1,1,2,333.3165987976525
Meerut,2023-10-25 02:30:00,hum,37.0,48.03971704023521,1,1,2,333.3165987976525
Meerut,2023-10-26 02:00:00,hum,31.0,39.521681048798676,1,1,2,333.3165987976525
Meerut,2023-10-27 02:30:00,hum,36.0,36.0367752010774,1,1,2,333.3165987976525
Meerut,2023-10-28 02:00:00,hum,30.0,38.15857790480841,1,1,2,333.3165987976525
Meerut,2023-10-29 02:45:00,hum,37.0,31.826516982233837,1,1,2,333.3165987976525
Meerut,2023-10-30 02:00:00,hum,43.0,37.75596293477938,1,1,2,333.3165987976525
Mirzapur,2023-10-15 02:30:00,hum,51.0,50.0,0,1,0,330.74609591780137
Mirzapur,2023-10-16 02:30:00,hum,55.0,51.0,0,1,0,330.74609591780137
Mirzapur,2023-10-17 02:30:00,hum,68.0,55.0,0,1,0,330.74609591780137
Mirzapur,2023-10-18 02:30:00,hum,83.0,68.0,0,1,0,330.74609591780137
Mirzapur,2023-10-19 02:30:00,hum,59.0,83.0,0,1,0,330.74609591780137
Mirzapur,2023-10-20 02:30:00,hum,57.0,59.0,0,1,0,330.74609591780137
Mirzapur,2023-10-21 02:15:00,hum,58.0,57.0,0,1,0,330.74609591780137
Mirzapur,2023-10-22 02:30:00,hum,53.0,58.0,0,1,0,330.74609591780137
Mirzapur,2023-10-23 02:15:00,hum,53.0,53.0,0,1,0,330.74609591780137
Mirzapur,2023-10-24 02:15:00,hum,56.0,53.0,0,1,0,330.74609591780137
Mirzapur,2023-10-25 02:30:00,hum,52.0,56.0,0,1,0,330.74609591780137
Mirzapur,2023-10-26 02:00:00,hum,55.0,52.0,0,1,0,330.74609591780137
Mirzapur,2023-10-27 02:30:00,hum,53.0,55.0,0,1,0,330.74609591780137
Mirzapur,2023-10-28 02:00:00,hum,47.0,53.0,0,1,0,330.74609591780137
Mirzapur,2023-10-29 02:45:00,hum,49.0,47.0,0,1,0,330.74609591780137
Mirzapur,2023-10-30 02:00:00,hum,51.0,49.0,0,1,0,330.74609591780137
Moga,2023-10-15 02:30:00,hum,43.0,36.0,0,1,0,332.2367922346227
Moga,2023-10-16 02:30:00,hum,51.0,43.0,0,1,0,332.2367922346227
Moga,2023-10-17 02:30:00,hum,83.0,51.0,0,1,0,332.2367922346227
Moga,2023-10-18 02:30:00,hum,52.0,83.0,0,1,0,332.2367922346227
Moga,2023-10-19 02:15:00,hum,52.0,52.0,0,1,0,332.2367922346227
Moga,2023-10-20 02:30:00,hum,45.0,52.0,0,1,0,332.2367922346227
Moga,2023-10-21 02:15:00,hum,37.0,45.0,0,1,0,332.2367922346227
Moga,2023-10-22 02:15:00,hum,40.0,37.0,0,1,0,332.2367922346227
Moga,2023-10-23 02:15:00,hum,46.0,40.0,0,1,0,332.2367922346227
Moga,2023-10-24 02:15:00,hum,48.0,46.0,0,1,0,332.2367922346227
Moga,2023-10-25 02:15:00,hum,45.0,48.0,0,1,0,332.2367922346227
Moga,2023-10-26 02:00:00,hum,35.0,45.0,0,1,0,332.2367922346227
Moga,2023-10-27 02:15:00,hum,37.0,35.0,0,1,0,332.2367922346227
Moga,2023-10-28 02:00:00,hum,34.0,37.0,0,1,0,332.2367922346227
Moga,2023-10-29 02:45:00,hum,37.0,34.0,0,1,0,332.2367922346227
Moga,2023-10-30 02:00:00,hum,36.0,37.0,0,1,0,332.2367922346227
Mokokchung,2023-10-15 02:30:00,hum,96.0,97.93654377648,1,1,1,222.15524512189074
Mokokchung,2023-10-16 02:30:00,hum,95.0,97.22057020413125,1,1,1,222.15524512189074
Mokokchung,2023-10-17 02:15:00,hum,88.0,96.71462492912346,1,1,1,222.15524512189074
Mokokchung,2023-10-18 02:30:00,hum,93.0,93.40042672363226,1,1,1,222.15524512189074
Mokokchung,2023-10-19 02:15:00,hum,95.0,95.304265226626,1,1,1,222.15524512189074
Mokokchung,2023-10-20 02:30:00,hum,95.0,96.08638658716266,1,1,1,222.15524512189074
Mokokchung,2023-10-21 02:15:00,hum,93.0,96.05814640873595,1,1,1,222.15524512189074
Mokokchung,2023-10-22 02:15:00,hum,85.0,95.15115546122176,1,1,1,222.15524512189074
Mokokchung,2023-10-23 02:15:00,hum,89.0,89.85030743723638,1,1,1,222.15524512189074
Mokokchung,2023-10-24 02:15:00,hum,91.0,90.609829666402,1,1,1,222.15524512189074
Mokokchung,2023-10-25 02:15:00,hum,85.0,91.27676471300472,1,1,1,222.15524512189074
Mokokchung,2023-10-26 02:00:00,hum,98.0,87.91418046353269,1,1,1,222.15524512189074
Mokokchung,2023-10-27 02:15:00,hum,98.0,93.1616640738183,1,1,1,222.15524512189074
Mokokchung,2023-10-28 02:00:00,hum,97.0,95.04662749737419,1,1,1,222.15524512189074
Mokokchung,2023-10-29 02:30:00,hum,89.0,95.21129681717528,1,1,1,222.15524512189074
Mokokchung,2023-10-30 01:45:00,hum,96.0,91.66277621502077,1,1,1,222.15524512189074
Mon,2023-10-15 02:30:00,hum,93.0,94.93132399506915,1,1,1,272.405051464872
Mon,2023-10-16 02:30:00,hum,97.0,93.28601089044622,1,1,1,272.405051464872
Mon,2023-10-17 02:15:00,hum,86.0,95.56130538340027,1,1,1,272.405051464872
Mon,2023-10-18 02:30:00,hum,94.0,89.65579404622692,1,1,1,272.405051464872
Mon,2023-10-19 02:15:00,hum,94.0,93.76483664843528,1,1,1,272.405051464872
Mon,2023-10-20 02:30:00,hum,95.0,93.76925746160154,1,1,1,272.405051464872
Mon,2023-10-21 02:15:00,hum,81.0,94.27391193976405,1,1,1,272.405051464872
Mon,2023-10-22 02:15:00,hum,81.0,87.42959007984544,1,1,1,272.405051464872
Mon,2023-10-23 02:15:00,hum,81.0,86.6974517083591,1,1,1,272.405051464872
Mon,2023-10-24 02:15:00,hum,83.0,86.11621277596399,1,1,1,272.405051464872
Mon,2023-10-25 02:15:00,hum,85.0,86.99042702945547,1,1,1,272.405051464872
Mon,2023-10-26 02:00:00,hum,97.0,88.04307239357347,1,1,1,272.405051464872
Mon,2023-10-27 02:15:00,hum,98.0,95.11817223801069,1,1,1,272.405051464872
Mon,2023-10-28 02:00:00,hum,94.0,95.75508337992092,1,1,1,272.405051464872
Mon,2023-10-29 02:30:00,hum,90.0,93.47001675584197,1,1,1,272.405051464872
Mon,2023-10-30 01:45:00,hum,93.0,91.18948682228417,1,1,1,272.405051464872
Moradabad,2023-10-15 02:30:00,hum,55.0,56.78516148217454,0,1,2,338.67628987047726
Moradabad,2023-10-16 02:30:00,hum,57.0,55.70641094522576,0,1,2,338.67628987047726
Moradabad,2023-10-17 02:30:00,hum,86.0,56.89603819209825,0,1,2,338.67628987047726
Moradabad,2023-10-18 02:30:00,hum,62.0,74.0520762252512,0,1,2,338.67628987047726
Moradabad,2023-10-19 02:30:00,hum,57.0,60.55683295340047,0,1,2,338.67628987047726
Moradabad,2023-10-20 02:30:00,hum,63.0,60.93633180734208,0,1,2,338.67628987047726
Moradabad,2023-10-21 02:15:00,hum,53.0,62.81391435403108,0,1,2,338.67628987047726
Moradabad,2023-10-22 02:30:00,hum,61.0,56.962494353699896,0,1,2,338.67628987047726
Moradabad,2023-10-23 02:15:00,hum,57.0,61.37876862374863,0,1,2,338.67628987047726
Moradabad,2023-10-24 02:15:00,hum,49.0,58.15286742704883,0,1,2,338.67628987047726
Moradabad,2023-10-25 02:30:00,hum,51.0,54.118064662175115,0,1,2,338.67628987047726
Moradabad,2023-10-26 02:00:00,hum,48.0,54.44263287775863,0,1,2,338.67628987047726
Moradabad,2023-10-27 02:30:00,hum,55.0,51.52728893181839,0,1,2,338.67628987047726
Moradabad,2023-10-28 02:00:00,hum,48.0,54.88009658274813,0,1,2,338.67628987047726
Moradabad,2023-10-29 02:45:00,hum,49.0,50.36090267913754,0,1,2,338.67628987047726
Moradabad,2023-10-30 02:00:00,hum,56.0,51.05205563533004,0,1,2,338.67628987047726
Morbi,2023-10-15 02:30:00,hum,60.0,62.0,0,1,0,282.7267340494391
Morbi,2023-10-16 02:30:00,hum,72.0,60.0,0,1,0,282.7267340494391
Morbi,2023-10-17 02:15:00,hum,71.0,72.0,0,1,0,282.7267340494391
Morbi,2023-10-18 02:15:00,hum,70.0,71.0,0,1,0,282.7267340494391
Morbi,2023-10-19 02:15:00,hum,41.0,70.0,0,1,0,282.7267340494391
Morbi,2023-10-20 02:15:00,hum,38.0,41.0,0,1,0,282.7267340494391
Morbi,2023-10-21 02:15:00,hum,39.0,38.0,0,1,0,282.7267340494391
Morbi,2023-10-22 02:15:00,hum,39.0,39.0,0,1,0,282.7267340494391
Morbi,2023-10-23 02:00:00,hum,34.0,39.0,0,1,0,282.7267340494391
Morbi,2023-10-24 02:15:00,hum,40.0,34.0,0,1,0,282.7267340494391
Morbi,2023-10-25 02:15:00,hum,31.0,40.0,0,1,0,282.7267340494391
Morbi,2023-10-26 02:00:00,hum,40.0,31.0,0,1,0,282.7267340494391
Morbi,2023-10-27 02:15:00,hum,52.0,40.0,0,1,0,282.7267340494391
Morbi,2023-10-28 02:00:00,hum,38.0,52.0,0,1,0,282.7267340494391
Morbi,2023-10-29 02:30:00,hum,33.0,38.0,0,1,0,282.7267340494391
Morbi,2023-10-30 01:45:00,hum,33.0,33.0,0,1,0,282.7267340494391
Morena,2023-10-15 02:30:00,hum,40.0,43.51326002037954,2,1,2,307.9167956834292
Morena,2023-10-16 02:30:00,hum,41.0,37.2189165210759,2,1,2,307.9167956834292
Morena,2023-10-17 02:15:00,hum,80.0,39.82027858275577,2,1,2,307.9167956834292
Morena,2023-10-18 02:15:00,hum,64.0,78.52106683374365,2,1,2,307.9167956834292
Morena,2023-10-19 02:15:00,hum,46.0,66.2297210900167,2,1,2,307.9167956834292
Morena,2023-10-20 02:15:00,hum,46.0,50.130569477357156,2,1,2,307.9167956834292
Morena,2023-10-21 02:00:00,hum,45.0,51.73258269164762,2,1,2,307.9167956834292
Morena,2023-10-22 02:15:00,hum,47.0,44.78207729632903,2,1,2,307.9167956834292
Morena,2023-10-23 02:00:00,hum,40.0,47.019648329389284,2,1,2,307.9167956834292
Morena,2023-10-24 02:15:00,hum,42.0,41.11923650730131,2,1,2,307.9167956834292
Morena,2023-10-25 02:15:00,hum,45.0,47.81754708147806,2,1,2,307.9167956834292
Morena,2023-10-26 02:00:00,hum,39.0,44.95535962247069,2,1,2,307.9167956834292
Morena,2023-10-27 02:15:00,hum,32.0,33.847783739505914,2,1,2,307.9167956834292
Morena,2023-10-28 02:00:00,hum,31.0,31.927785001004793,2,1,2,307.9167956834292
Morena,2023-10-29 02:30:00,hum,36.0,36.32731110591861,2,1,2,307.9167956834292
Morena,2023-10-30 01:45:00,hum,37.0,36.810213369319506,2,1,2,307.9167956834292
Muktsar,2023-10-15 02:30:00,hum,44.0,28.0,0,1,0,341.39816794924604
Muktsar,2023-10-16 02:30:00,hum,61.0,44.0,0,1,0,341.39816794924604
Muktsar,2023-10-17 02:30:00,hum,88.0,61.0,0,1,0,341.39816794924604
Muktsar,2023-10-18 02:30:00,hum,68.0,88.0,0,1,0,341.39816794924604
Muktsar,2023-10-19 02:15:00,hum,48.0,68.0,0,1,0,341.39816794924604
Muktsar,2023-10-20 02:30:00,hum,47.0,48.0,0,1,0,341.39816794924604
Muktsar,2023-10-21 02:15:00,hum,37.0,47.0,0,1,0,341.39816794924604
Muktsar,2023-10-22 02:15:00,hum,53.0,37.0,0,1,0,341.39816794924604
Muktsar,2023-10-23 02:15:00,hum,48.0,53.0,0,1,0,341.39816794924604
Muktsar,2023-10-24 02:15:00,hum,54.0,48.0,0,1,0,341.39816794924604
Muktsar,2023-10-25 02:15:00,hum,47.0,54.0,0,1,0,341.39816794924604
Muktsar,2023-10-26 02:00:00,hum,34.0,47.0,0,1,0,341.39816794924604
Muktsar,2023-10-27 02:15:00,hum,30.0,34.0,0,1,0,341.39816794924604
Muktsar,2023-10-28 02:00:00,hum,28.0,30.0,0,1,0,341.39816794924604
Muktsar,2023-10-29 02:45:00,hum,34.0,28.0,0,1,0,341.39816794924604
Muktsar,2023-10-30 02:00:00,hum,34.0,34.0,0,1,0,341.39816794924604
Mumbai,2023-10-17 02:15:00,hum,66.0,79.13760812130143,2,1,2,376.1189492841408
Mumbai,2023-10-17 02:30:00,hum,66.0,78.87904784651835,2,1,2,376.1189492841408
Mumbai,2023-10-18 02:30:00,hum,94.0,85.75715668506068,2,1,2,376.1189492841408
Mumbai,2023-10-19 02:15:00,hum,70.0,95.7387684365244,2,1,2,376.1189492841408
Mumbai,2023-10-19 02:30:00,hum,70.0,81.80042647654932,2,1,2,376.1189492841408
Mumbai,2023-10-20 02:30:00,hum,59.0,80.89386672807355,2,1,2,376.1189492841408
Mumbai,2023-10-21 02:15:00,hum,59.0,73.82249920316033,2,1,2,376.1189492841408
Mumbai,2023-10-22 02:15:00,hum,66.0,63.15771867422463,2,1,2,376.1189492841408
Mumbai,2023-10-22 02:30:00,hum,66.0,59.37695522492764,2,1,2,376.1189492841408
Mumbai,2023-10-23 02:15:00,hum,89.0,54.50363991197068,2,1,2,376.1189492841408
Mumbai,2023-10-23 02:15:00,hum,89.0,69.43695807816509,2,1,2,376.1189492841408
Mumbai,2023-10-24 02:15:00,hum,55.0,75.25903278408515,2,1,2,376.1189492841408
Mumbai,2023-10-25 02:15:00,hum,62.0,58.97492337844493,2,1,2,376.1189492841408
Mumbai,2023-10-26 02:00:00,hum,52.0,67.59747952363934,2,1,2,376.1189492841408
Mumbai,2023-10-27 02:15:00,hum,55.0,63.672643732908334,2,1,2,376.1189492841408
Mumbai,2023-10-28 02:00:00,hum,48.0,63.07539338907757,2,1,2,376.1189492841408
Mumbai,2023-10-29 02:45:00,hum,51.0,59.72292493936326,2,1,2,376.1189492841408
Mumbai,2023-10-30 01:45:00,hum,58.0,56.51981826460824,2,1,2,376.1189492841408
Mumbai,2023-10-30 02:00:00,hum,58.0,57.19154563481766,2,1,2,376.1189492841408
Mungeli,2023-10-15 02:30:00,hum,64.0,60.0,0,1,0,283.0440084492513
Mungeli,2023-10-16 02:30:00,hum,64.0,64.0,0,1,0,283.0440084492513
Mungeli,2023-10-17 02:30:00,hum,70.0,64.0,0,1,0,283.0440084492513
Mungeli,2023-10-18 02:30:00,hum,76.0,70.0,0,1,0,283.0440084492513
Mungeli,2023-10-19 02:15:00,hum,75.0,76.0,0,1,0,283.0440084492513
Mungeli,2023-10-20 02:30:00,hum,72.0,75.0,0,1,0,283.0440084492513
Mungeli,2023-10-21 02:15:00,hum,58.0,72.0,0,1,0,283.0440084492513
Mungeli,2023-10-22 02:15:00,hum,67.0,58.0,0,1,0,283.0440084492513
Mungeli,2023-10-23 02:15:00,hum,57.0,67.0,0,1,0,283.0440084492513
Mungeli,2023-10-24 02:15:00,hum,63.0,56.99999999999999,0,1,0,283.0440084492513
Mungeli,2023-10-25 02:15:00,hum,58.0,63.0,0,1,0,283.0440084492513
Mungeli,2023-10-26 02:00:00,hum,59.0,58.0,0,1,0,283.0440084492513
Mungeli,2023-10-27 02:15:00,hum,54.0,59.0,0,1,0,283.0440084492513
Mungeli,2023-10-28 02:00:00,hum,63.0,54.0,0,1,0,283.0440084492513
Mungeli,2023-10-29 02:30:00,hum,61.0,63.0,0,1,0,283.0440084492513
Mungeli,2023-10-30 01:45:00,hum,63.0,61.0,0,1,0,283.0440084492513
Munger,2023-10-15 02:30:00,hum,72.0,71.0,0,1,0,308.81391942182995
Munger,2023-10-16 02:30:00,hum,71.0,72.0,0,1,0,308.81391942182995
Munger,2023-10-17 02:15:00,hum,75.0,71.0,0,1,0,308.81391942182995
Munger,2023-10-18 02:30:00,hum,72.0,75.0,0,1,0,308.81391942182995
Munger,2023-10-19 02:15:00,hum,75.0,72.0,0,1,0,308.81391942182995
Munger,2023-10-20 02:30:00,hum,68.0,75.0,0,1,0,308.81391942182995
Munger,2023-10-21 02:15:00,hum,64.0,68.0,0,1,0,308.81391942182995
Munger,2023-10-22 02:15:00,hum,61.0,64.0,0,1,0,308.81391942182995
Munger,2023-10-23 02:15:00,hum,62.0,61.00000000000001,0,1,0,308.81391942182995
Munger,2023-10-24 02:15:00,hum,74.0,62.0,0,1,0,308.81391942182995
Munger,2023-10-25 02:15:00,hum,73.0,74.0,0,1,0,308.81391942182995
Munger,2023-10-26 02:00:00,hum,69.0,73.0,0,1,0,308.81391942182995
Munger,2023-10-27 02:15:00,hum,59.0,69.0,0,1,0,308.81391942182995
Munger,2023-10-28 02:00:00,hum,62.0,59.0,0,1,0,308.81391942182995
Munger,2023-10-29 02:30:00,hum,60.0,62.0,0,1,0,308.81391942182995
Munger,2023-10-30 01:45:00,hum,62.0,60.0,0,1,0,308.81391942182995
Murshidabad,2023-10-15 02:30:00,hum,68.0,62.99999999999999,0,1,0,286.3642505712926
Murshidabad,2023-10-16 02:30:00,hum,67.0,68.0,0,1,0,286.3642505712926
Murshidabad,2023-10-17 02:30:00,hum,77.0,67.0,0,1,0,286.3642505712926
Murshidabad,2023-10-18 02:30:00,hum,69.0,77.0,0,1,0,286.3642505712926
Murshidabad,2023-10-19 02:15:00,hum,75.0,69.0,0,1,0,286.3642505712926
Murshidabad,2023-10-20 02:30:00,hum,69.0,75.0,0,1,0,286.3642505712926
Murshidabad,2023-10-21 02:15:00,hum,73.0,69.0,0,1,0,286.3642505712926
Murshidabad,2023-10-22 02:15:00,hum,79.0,73.0,0,1,0,286.3642505712926
Murshidabad,2023-10-23 02:15:00,hum,76.0,79.0,0,1,0,286.3642505712926
Murshidabad,2023-10-24 02:15:00,hum,90.0,76.0,0,1,0,286.3642505712926
Murshidabad,2023-10-25 02:15:00,hum,86.0,90.0,0,1,0,286.3642505712926
Murshidabad,2023-10-26 02:00:00,hum,70.0,86.0,0,1,0,286.3642505712926
Murshidabad,2023-10-27 02:15:00,hum,65.0,70.0,0,1,0,286.3642505712926
Murshidabad,2023-10-28 02:00:00,hum,58.0,65.0,0,1,0,286.3642505712926
Murshidabad,2023-10-29 02:45:00,hum,60.0,58.0,0,1,0,286.3642505712926
Murshidabad,2023-10-30 02:00:00,hum,67.0,60.0,0,1,0,286.3642505712926
Muzaffarnagar,2023-10-15 02:30:00,hum,53.0,51.0,0,1,0,323.0666780452576
Muzaffarnagar,2023-10-16 02:30:00,hum,53.0,53.0,0,1,0,323.0666780452576
Muzaffarnagar,2023-10-17 02:30:00,hum,87.0,53.0,0,1,0,323.0666780452576
Muzaffarnagar,2023-10-18 02:30:00,hum,61.0,87.0,0,1,0,323.0666780452576
Muzaffarnagar,2023-10-19 02:30:00,hum,52.0,61.0,0,1,0,323.0666780452576
Muzaffarnagar,2023-10-20 02:30:00,hum,51.0,52.0,0,1,0,323.0666780452576
Muzaffarnagar,2023-10-21 02:15:00,hum,53.0,51.0,0,1,0,323.0666780452576
Muzaffarnagar,2023-10-22 02:30:00,hum,53.0,53.0,0,1,0,323.0666780452576
Muzaffarnagar,2023-10-23 02:15:00,hum,52.0,53.0,0,1,0,323.0666780452576
Muzaffarnagar,2023-10-24 02:15:00,hum,48.0,52.0,0,1,0,323.0666780452576
Muzaffarnagar,2023-10-25 02:30:00,hum,50.0,48.0,0,1,0,323.0666780452576
Muzaffarnagar,2023-10-26 02:00:00,hum,40.0,50.0,0,1,0,323.0666780452576
Muzaffarnagar,2023-10-27 02:30:00,hum,43.0,40.0,0,1,0,323.0666780452576
Muzaffarnagar,2023-10-28 02:00:00,hum,47.0,43.0,0,1,0,323.0666780452576
Muzaffarnagar,2023-10-29 02:45:00,hum,43.0,47.0,0,1,0,323.0666780452576
Muzaffarnagar,2023-10-30 02:00:00,hum,51.0,43.0,0,1,0,323.0666780452576
Muzaffarpur,2023-10-15 02:30:00,hum,66.0,58.85247910018227,2,1,2,298.9754953456774
Muzaffarpur,2023-10-16 02:30:00,hum,74.0,73.00752315710868,2,1,2,298.9754953456774
Muzaffarpur,2023-10-17 02:15:00,hum,81.0,76.43907039364791,2,1,2,298.9754953456774
Muzaffarpur,2023-10-18 02:30:00,hum,77.0,76.43782784773823,2,1,2,298.9754953456774
Muzaffarpur,2023-10-19 02:15:00,hum,67.0,70.46313051323325,2,1,2,298.9754953456774
Muzaffarpur,2023-10-20 02:30:00,hum,60.0,66.02192844691253,2,1,2,298.9754953456774
Muzaffarpur,2023-10-21 02:15:00,hum,62.0,65.24748763339167,2,1,2,298.9754953456774
Muzaffarpur,2023-10-22 02:15:00,hum,58.0,67.13266498987375,2,1,2,298.9754953456774
Muzaffarpur,2023-10-23 02:15:00,hum,60.0,53.63136228436235,2,1,2,298.9754953456774
Muzaffarpur,2023-10-24 02:15:00,hum,68.0,55.926559990580486,2,1,2,298.9754953456774
Muzaffarpur,2023-10-25 02:15:00,hum,65.0,71.22955517674579,2,1,2,298.9754953456774
Muzaffarpur,2023-10-26 02:00:00,hum,65.0,64.41727304162406,2,1,2,298.9754953456774
Muzaffarpur,2023-10-27 02:15:00,hum,65.0,64.50277394804695,2,1,2,298.9754953456774
Muzaffarpur,2023-10-28 02:00:00,hum,54.0,65.14747648808473,2,1,2,298.9754953456774
Muzaffarpur,2023-10-29 02:30:00,hum,61.0,52.935174199421205,2,1,2,298.9754953456774
Muzaffarpur,2023-10-30 01:45:00,hum,59.0,64.07772597768786,2,1,2,298.9754953456774
Mysore,2023-10-15 02:30:00,hum,83.0,74.0,0,1,0,232.28297979054972
Mysore,2023-10-16 02:30:00,hum,78.0,83.0,0,1,0,232.28297979054972
Mysore,2023-10-17 02:30:00,hum,93.0,78.0,0,1,0,232.28297979054972
Mysore,2023-10-18 02:30:00,hum,87.0,93.0,0,1,0,232.28297979054972
Mysore,2023-10-19 02:15:00,hum,72.0,87.0,0,1,0,232.28297979054972
Mysore,2023-10-20 02:30:00,hum,72.0,72.0,0,1,0,232.28297979054972
Mysore,2023-10-21 02:15:00,hum,69.0,72.0,0,1,0,232.28297979054972
Mysore,2023-10-22 02:15:00,hum,70.0,69.0,0,1,0,232.28297979054972
Mysore,2023-10-23 02:15:00,hum,71.0,70.0,0,1,0,232.28297979054972
Mysore,2023-10-24 02:15:00,hum,60.0,71.0,0,1,0,232.28297979054972
Mysore,2023-10-25 02:15:00,hum,55.0,60.0,0,1,0,232.28297979054972
Mysore,2023-10-26 02:00:00,hum,54.0,55.0,0,1,0,232.28297979054972
Mysore,2023-10-27 02:15:00,hum,59.0,54.0,0,1,0,232.28297979054972
Mysore,2023-10-28 02:00:00,hum,75.0,59.0,0,1,0,232.28297979054972
Mysore,2023-10-29 02:45:00,hum,83.0,75.0,0,1,0,232.28297979054972
Mysore,2023-10-30 02:00:00,hum,89.0,83.0,0,1,0,232.28297979054972
Nadia,2023-10-15 02:30:00,hum,69.0,56.51990018108252,2,1,2,272.9348391937656
Nadia,2023-10-16 02:30:00,hum,66.0,66.47890730454374,2,1,2,272.9348391937656
Nadia,2023-10-17 02:30:00,hum,70.0,68.01330224737647,2,1,2,272.9348391937656
Nadia,2023-10-18 02:30:00,hum,69.0,67.96226142764593,2,1,2,272.9348391937656
Nadia,2023-10-19 02:15:00,hum,76.0,70.54100549339847,2,1,2,272.9348391937656
Nadia,2023-10-20 02:30:00,hum,71.0,73.8854442809529,2,1,2,272.9348391937656
Nadia,2023-10-21 02:15:00,hum,74.0,73.7926145385843,2,1,2,272.9348391937656
Nadia,2023-10-22 02:15:00,hum,71.0,71.58521177058441,2,1,2,272.9348391937656
Nadia,2023-10-23 02:15:00,hum,72.0,73.32612901123312,2,1,2,272.9348391937656
Nadia,2023-10-24 02:15:00,hum,89.0,70.19157837319153,2,1,2,272.9348391937656
Nadia,2023-10-25 02:15:00,hum,86.0,86.05466965802134,2,1,2,272.9348391937656
Nadia,2023-10-26 02:00:00,hum,70.0,89.04976608962932,2,1,2,272.9348391937656
Nadia,2023-10-27 02:15:00,hum,69.0,72.86602653299167,2,1,2,272.9348391937656
Nadia,2023-10-28 02:00:00,hum,58.0,69.46346684173815,2,1,2,272.9348391937656
Nadia,2023-10-29 02:45:00,hum,61.0,60.58981784566523,2,1,2,272.9348391937656
Nadia,2023-10-30 02:00:00,hum,68.0,60.48248095693323,2,1,2,272.9348391937656
Nagaon,2023-10-15 02:30:00,hum,83.0,78.12780949523116,1,1,2,179.05049815610468
Nagaon,2023-10-16 02:30:00,hum,91.0,77.97956348486137,1,1,2,179.05049815610468
Nagaon,2023-10-17 02:15:00,hum,87.0,89.56517049592188,1,1,2,179.05049815610468
Nagaon,2023-10-18 02:30:00,hum,94.0,86.89914219500231,1,1,2,179.05049815610468
Nagaon,2023-10-19 02:15:00,hum,73.0,93.1873095478188,1,1,2,179.05049815610468
Nagaon,2023-10-20 02:30:00,hum,69.0,84.63242681263348,1,1,2,179.05049815610468
Nagaon,2023-10-21 02:15:00,hum,72.0,59.54362926353484,1,1,2,179.05049815610468
Nagaon,2023-10-22 02:15:00,hum,72.0,73.2993303991346,1,1,2,179.05049815610468
Nagaon,2023-10-23 02:15:00,hum,85.0,72.68185498093314,1,1,2,179.05049815610468
Nagaon,2023-10-24 02:15:00,hum,74.0,84.07708544771633,1,1,2,179.05049815610468
Nagaon,2023-10-25 02:15:00,hum,78.0,74.6519841624447,1,1,2,179.05049815610468
Nagaon,2023-10-26 02:00:00,hum,74.0,79.3419398874345,1,1,2,179.05049815610468
Nagaon,2023-10-27 02:15:00,hum,48.0,72.96039484234073,1,1,2,179.05049815610468
Nagaon,2023-10-28 02:00:00,hum,50.0,54.81774744461936,1,1,2,179.05049815610468
Nagaon,2023-10-29 02:30:00,hum,56.0,55.95586029816876,1,1,2,179.05049815610468
Nagaon,2023-10-30 01:45:00,hum,61.0,53.32188466190266,1,1,2,179.05049815610468
Nagapattinam,2023-10-15 02:30:00,hum,82.0,81.41079419999411,0,0,2,240.4526051409661
Nagapattinam,2023-10-16 02:30:00,hum,81.0,79.78237764669053,0,0,2,240.4526051409661
Nagapattinam,2023-10-17 02:30:00,hum,81.0,82.84205711590407,0,0,2,240.4526051409661
Nagapattinam,2023-10-18 02:30:00,hum,79.0,81.89835553990649,0,0,2,240.4526051409661
Nagapattinam,2023-10-19 02:30:00,hum,79.0,79.31116830376702,0,0,2,240.4526051409661
Nagapattinam,2023-10-20 02:30:00,hum,81.0,79.73026067908386,0,0,2,240.4526051409661
Nagapattinam,2023-10-21 02:15:00,hum,78.0,82.11480606390614,0,0,2,240.4526051409661
Nagapattinam,2023-10-22 02:30:00,hum,89.0,80.62084031034365,0,0,2,240.4526051409661
Nagapattinam,2023-10-23 02:15:00,hum,83.0,82.24127012583035,0,0,2,240.4526051409661
Nagapattinam,2023-10-24 02:15:00,hum,84.0,87.391509520181,0,0,2,240.4526051409661
Nagapattinam,2023-10-25 02:30:00,hum,80.0,80.9360546082684,0,0,2,240.4526051409661
Nagapattinam,2023-10-26 02:00:00,hum,77.0,79.73482868039613,0,0,2,240.4526051409661
Nagapattinam,2023-10-27 02:30:00,hum,78.0,80.21333378337377,0,0,2,240.4526051409661
Nagapattinam,2023-10-28 02:00:00,hum,85.0,79.29851613565121,0,0,2,240.4526051409661
Nagapattinam,2023-10-29 02:45:00,hum,76.0,82.3286335676606,0,0,2,240.4526051409661
Nagapattinam,2023-10-30 02:00:00,hum,84.0,83.17714010300725,0,0,2,240.4526051409661
Nagar,2023-10-15 02:30:00,hum,62.0,60.10381422759813,0,1,1,428.9357545838029
Nagar,2023-10-16 02:30:00,hum,64.0,61.19465353977143,0,1,1,428.9357545838029
Nagar,2023-10-17 02:30:00,hum,74.0,62.78124302425713,0,1,1,428.9357545838029
Nagar,2023-10-18 02:30:00,hum,85.0,69.19959896832239,0,1,1,428.9357545838029
Nagar,2023-10-19 02:15:00,hum,82.0,79.38583698694049,0,1,1,428.9357545838029
Nagar,2023-10-19 02:30:00,hum,82.0,81.15999198957782,0,1,1,428.9357545838029
Nagar,2023-10-20 02:30:00,hum,73.0,81.70747313298124,0,1,1,428.9357545838029
Nagar,2023-10-21 02:15:00,hum,61.0,76.17036336001945,0,1,1,428.9357545838029
Nagar,2023-10-22 02:15:00,hum,65.0,65.9665705279912,0,1,1,428.9357545838029
Nagar,2023-10-22 02:30:00,hum,65.0,65.29033658220597,0,1,1,428.9357545838029
Nagar,2023-10-23 02:15:00,hum,60.0,65.09413181872665,0,1,1,428.9357545838029
Nagar,2023-10-24 02:15:00,hum,67.0,61.64958062886125,0,1,1,428.9357545838029
Nagar,2023-10-25 02:15:00,hum,60.0,65.23608595135073,0,1,1,428.9357545838029
Nagar,2023-10-25 02:30:00,hum,60.0,61.76142920414085,0,1,1,428.9357545838029
Nagar,2023-10-26 02:00:00,hum,63.0,60.588485414870654,0,1,1,428.9357545838029
Nagar,2023-10-27 02:15:00,hum,65.0,62.18810398780988,0,1,1,428.9357545838029
Nagar,2023-10-27 02:30:00,hum,65.0,64.05384132263492,0,1,1,428.9357545838029
Nagar,2023-10-28 02:00:00,hum,52.0,64.68302071337237,0,1,1,428.9357545838029
Nagar,2023-10-29 02:30:00,hum,64.0,56.34094808324051,0,1,1,428.9357545838029
Nagar,2023-10-29 02:45:00,hum,64.0,61.299394731293305,0,1,1,428.9357545838029
Nagar,2023-10-30 01:45:00,hum,61.0,63.02028177211089,0,1,1,428.9357545838029
Nagar,2023-10-30 02:00:00,hum,62.0,61.735868138867154,0,1,1,428.9357545838029
Nagaur,2023-10-15 02:30:00,hum,49.0,36.0,0,1,0,329.93189366408586
Nagaur,2023-10-16 02:30:00,hum,46.0,49.0,0,1,0,329.93189366408586
Nagaur,2023-10-17 02:30:00,hum,58.0,46.0,0,1,0,329.93189366408586
Nagaur,2023-10-18 02:30:00,hum,60.0,58.0,0,1,0,329.93189366408586
Nagaur,2023-10-19 02:30:00,hum,52.0,60.0,0,1,0,329.93189366408586
Nagaur,2023-10-20 02:30:00,hum,41.0,52.0,0,1,0,329.93189366408586
Nagaur,2023-10-21 02:15:00,hum,37.0,41.0,0,1,0,329.93189366408586
Nagaur,2023-10-22 02:30:00,hum,36.0,37.0,0,1,0,329.93189366408586
Nagaur,2023-10-23 02:15:00,hum,39.0,36.0,0,1,0,329.93189366408586
Nagaur,2023-10-24 02:15:00,hum,33.0,39.0,0,1,0,329.93189366408586
Nagaur,2023-10-25 02:30:00,hum,36.0,33.0,0,1,0,329.93189366408586
Nagaur,2023-10-26 02:00:00,hum,34.0,36.0,0,1,0,329.93189366408586
Nagaur,2023-10-27 02:15:00,hum,29.0,34.0,0,1,0,329.93189366408586
Nagaur,2023-10-28 02:00:00,hum,24.0,28.999999999999996,0,1,0,329.93189366408586
Nagaur,2023-10-29 02:45:00,hum,30.0,24.0,0,1,0,329.93189366408586
Nagaur,2023-10-30 02:00:00,hum,30.0,30.0,0,1,0,329.93189366408586
Nagpur,2023-10-15 02:30:00,hum,89.0,82.6018750657786,0,1,1,273.9288274773695
Nagpur,2023-10-16 02:30:00,hum,83.0,85.3480714919626,0,1,1,273.9288274773695
Nagpur,2023-10-17 02:30:00,hum,89.0,84.3646173928264,0,1,1,273.9288274773695
Nagpur,2023-10-18 02:30:00,hum,79.0,86.28267543015478,0,1,1,273.9288274773695
Nagpur,2023-10-19 02:30:00,hum,84.0,83.34910811182668,0,1,1,273.9288274773695
Nagpur,2023-10-20 02:30:00,hum,79.0,83.61075841717724,0,1,1,273.9288274773695
Nagpur,2023-10-21 02:15:00,hum,83.0,81.7630353366858,0,1,1,273.9288274773695
Nagpur,2023-10-22 02:30:00,hum,83.0,82.26613615794054,0,1,1,273.9288274773695
Nagpur,2023-10-23 02:15:00,hum,78.0,82.55714021618407,0,1,1,273.9288274773695
Nagpur,2023-10-24 02:15:00,hum,78.0,80.75226888294657,0,1,1,273.9288274773695
Nagpur,2023-10-25 02:15:00,hum,78.0,79.62545062413216,0,1,1,273.9288274773695
Nagpur,2023-10-26 02:00:00,hum,83.0,78.9501067692727,0,1,1,273.9288274773695
Nagpur,2023-10-27 02:15:00,hum,83.0,80.58710600557562,0,1,1,273.9288274773695
Nagpur,2023-10-28 02:00:00,hum,78.0,81.54737858511265,0,1,1,273.9288274773695
Nagpur,2023-10-29 02:45:00,hum,83.0,80.14551387434858,0,1,1,273.9288274773695
Nagpur,2023-10-30 02:00:00,hum,78.0,81.26162791206727,0,1,1,273.9288274773695
Nalbari,2023-10-15 02:30:00,hum,90.0,93.2698636430742,2,1,0,222.90468926720786
Nalbari,2023-10-16 02:30:00,hum,93.0,90.80532589625383,2,1,0,222.90468926720786
Nalbari,2023-10-17 02:15:00,hum,91.0,92.5720179563681,2,1,0,222.90468926720786
Nalbari,2023-10-18 02:30:00,hum,93.0,90.63815235554341,2,1,0,222.90468926720786
Nalbari,2023-10-19 02:15:00,hum,95.0,92.92493963793625,2,1,0,222.90468926720786
Nalbari,2023-10-20 02:30:00,hum,91.0,93.3672841690387,2,1,0,222.90468926720786
Nalbari,2023-10-21 02:15:00,hum,93.0,91.91866088831613,2,1,0,222.90468926720786
Nalbari,2023-10-22 02:15:00,hum,91.0,93.7450202682429,2,1,0,222.90468926720786
Nalbari,2023-10-23 02:15:00,hum,91.0,91.1158306087778,2,1,0,222.90468926720786
Nalbari,2023-10-24 02:15:00,hum,90.0,91.77786737556607,2,1,0,222.90468926720786
Nalbari,2023-10-25 02:15:00,hum,93.0,90.44382204962474,2,1,0,222.90468926720786
Nalbari,2023-10-26 02:00:00,hum,94.0,92.03598694736294,2,1,0,222.90468926720786
Nalbari,2023-10-27 02:15:00,hum,94.0,92.41023283560858,2,1,0,222.90468926720786
Nalbari,2023-10-28 02:00:00,hum,94.0,93.62654359043516,2,1,0,222.90468926720786
Nalbari,2023-10-29 02:30:00,hum,94.0,94.0,2,1,0,222.90468926720786
Nalbari,2023-10-30 01:45:00,hum,94.0,94.0,2,1,0,222.90468926720786
Nalgonda,2023-10-15 02:30:00,hum,74.0,77.79002110307835,1,1,1,286.56968622949336
Nalgonda,2023-10-16 02:30:00,hum,73.0,75.85313972383584,1,1,1,286.56968622949336
Nalgonda,2023-10-17 02:30:00,hum,84.0,74.77522663701649,1,1,1,286.56968622949336
Nalgonda,2023-10-18 02:30:00,hum,80.0,82.61566289253287,1,1,1,286.56968622949336
Nalgonda,2023-10-19 02:30:00,hum,74.0,79.99026112972872,1,1,1,286.56968622949336
Nalgonda,2023-10-20 02:30:00,hum,87.0,75.83276313203488,1,1,1,286.56968622949336
Nalgonda,2023-10-21 02:30:00,hum,75.0,84.19877366680296,1,1,1,286.56968622949336
Nalgonda,2023-10-22 02:30:00,hum,73.0,76.77343035527078,1,1,1,286.56968622949336
Nalgonda,2023-10-23 02:15:00,hum,58.0,75.46701471336053,1,1,1,286.56968622949336
Nalgonda,2023-10-24 02:15:00,hum,68.0,66.12355041114597,1,1,1,286.56968622949336
Nalgonda,2023-10-25 02:30:00,hum,63.0,71.27020389013916,1,1,1,286.56968622949336
Nalgonda,2023-10-26 02:00:00,hum,64.0,67.55504883094308,1,1,1,286.56968622949336
Nalgonda,2023-10-27 02:30:00,hum,53.0,67.31597894112352,1,1,1,286.56968622949336
Nalgonda,2023-10-28 02:00:00,hum,51.0,57.54329376194553,1,1,1,286.56968622949336
Nalgonda,2023-10-29 02:45:00,hum,84.0,53.46779589120581,1,1,1,286.56968622949336
Nalgonda,2023-10-30 02:00:00,hum,89.0,77.03507056619648,1,1,1,286.56968622949336
Namakkal,2023-10-15 02:30:00,hum,96.0,89.62670994398448,2,1,2,265.4967222657484
Namakkal,2023-10-16 02:30:00,hum,83.0,92.192400470697,2,1,2,265.4967222657484
Namakkal,2023-10-17 02:30:00,hum,86.0,82.59481801048027,2,1,2,265.4967222657484
Namakkal,2023-10-18 02:30:00,hum,90.0,89.81455944555071,2,1,2,265.4967222657484
Namakkal,2023-10-19 02:30:00,hum,84.0,87.48952504261541,2,1,2,265.4967222657484
Namakkal,2023-10-20 02:30:00,hum,87.0,85.71682015045255,2,1,2,265.4967222657484
Namakkal,2023-10-21 02:15:00,hum,86.0,88.1575189389139,2,1,2,265.4967222657484
Namakkal,2023-10-22 02:30:00,hum,82.0,85.80191912450043,2,1,2,265.4967222657484
Namakkal,2023-10-23 02:15:00,hum,85.0,84.04766059543597,2,1,2,265.4967222657484
Namakkal,2023-10-24 02:15:00,hum,81.0,87.16446172165898,2,1,2,265.4967222657484
Namakkal,2023-10-25 02:30:00,hum,85.0,81.0992717766025,2,1,2,265.4967222657484
Namakkal,2023-10-26 02:00:00,hum,87.0,89.08004385787689,2,1,2,265.4967222657484
Namakkal,2023-10-27 02:30:00,hum,89.0,84.63295915619287,2,1,2,265.4967222657484
Namakkal,2023-10-28 02:00:00,hum,87.0,91.26473988203584,2,1,2,265.4967222657484
Namakkal,2023-10-29 02:45:00,hum,89.0,84.17761592491371,2,1,2,265.4967222657484
Namakkal,2023-10-30 02:00:00,hum,92.0,91.58183165633787,2,1,2,265.4967222657484
Nanded,2023-10-15 02:30:00,hum,67.0,65.66659315377815,1,1,0,254.69908128193555
Nanded,2023-10-16 02:30:00,hum,62.0,65.73284584127379,1,1,0,254.69908128193555
Nanded,2023-10-17 02:30:00,hum,65.0,64.16984027024053,1,1,0,254.69908128193555
Nanded,2023-10-18 02:30:00,hum,66.0,63.68502177903359,1,1,0,254.69908128193555
Nanded,2023-10-19 02:30:00,hum,71.0,65.56846800326207,1,1,0,254.69908128193555
Nanded,2023-10-20 02:30:00,hum,77.0,68.8700843846929,1,1,0,254.69908128193555
Nanded,2023-10-21 02:15:00,hum,75.0,74.68396466339887,1,1,0,254.69908128193555
Nanded,2023-10-22 02:30:00,hum,61.0,75.76873756390174,1,1,0,254.69908128193555
Nanded,2023-10-23 02:15:00,hum,64.0,65.9729514477259,1,1,0,254.69908128193555
Nanded,2023-10-24 02:15:00,hum,66.0,62.999523556455024,1,1,0,254.69908128193555
Nanded,2023-10-25 02:15:00,hum,62.0,65.34701234629763,1,1,0,254.69908128193555
Nanded,2023-10-26 02:00:00,hum,56.0,63.32713520749629,1,1,0,254.69908128193555
Nanded,2023-10-27 02:15:00,hum,59.0,57.8537094589034,1,1,0,254.69908128193555
Nanded,2023-10-28 02:00:00,hum,56.0,58.05734986422737,1,1,0,254.69908128193555
Nanded,2023-10-29 02:45:00,hum,52.0,56.95671470391613,1,1,0,254.69908128193555
Nanded,2023-10-30 02:00:00,hum,58.0,53.23137305280567,1,1,0,254.69908128193555
Nandi Hills,2023-10-15 02:30:00,hum,94.0,87.57487391766273,0,1,1,272.04211007141254
Nandi Hills,2023-10-16 02:30:00,hum,88.0,88.80873497886812,0,1,1,272.04211007141254
Nandi Hills,2023-10-17 02:15:00,hum,88.0,88.63158502800415,0,1,1,272.04211007141254
Nandi Hills,2023-10-18 02:30:00,hum,88.0,88.50480395313798,0,1,1,272.04211007141254
Nandi Hills,2023-10-19 02:15:00,hum,78.0,88.4080936360844,0,1,1,272.04211007141254
Nandi Hills,2023-10-20 02:30:00,hum,83.0,86.5956449515031,0,1,1,272.04211007141254
Nandi Hills,2023-10-21 02:15:00,hum,88.0,85.77787194200282,0,1,1,272.04211007141254
Nandi Hills,2023-10-22 02:15:00,hum,78.0,86.29425279424562,0,1,1,272.04211007141254
Nandi Hills,2023-10-23 02:15:00,hum,78.0,84.42626783191945,0,1,1,272.04211007141254
Nandi Hills,2023-10-24 02:15:00,hum,68.0,82.40137406785402,0,1,1,272.04211007141254
Nandi Hills,2023-10-25 02:15:00,hum,60.0,76.49384560663582,0,1,1,272.04211007141254
Nandi Hills,2023-10-26 02:00:00,hum,68.0,66.99261922167202,0,1,1,272.04211007141254
Nandi Hills,2023-10-27 02:15:00,hum,78.0,67.59295328535256,0,1,1,272.04211007141254
Nandi Hills,2023-10-28 02:00:00,hum,88.0,72.50176706823846,0,1,1,272.04211007141254
Nandi Hills,2023-10-29 02:30:00,hum,94.0,79.68220436904905,0,1,1,272.04211007141254
Nandi Hills,2023-10-30 01:45:00,hum,88.0,90.31294594944536,0,1,1,272.04211007141254
Nandurbar,2023-10-15 02:30:00,hum,48.0,47.487275534914595,0,1,1,275.84640361169164
Nandurbar,2023-10-16 02:30:00,hum,61.0,48.12835945973167,0,1,1,275.84640361169164
Nandurbar,2023-10-17 02:30:00,hum,54.0,64.49603865734747,0,1,1,275.84640361169164
Nandurbar,2023-10-18 02:30:00,hum,57.0,52.58910332006325,0,1,1,275.84640361169164
Nandurbar,2023-10-19 02:30:00,hum,56.0,57.47492584621431,0,1,1,275.84640361169164
Nandurbar,2023-10-20 02:30:00,hum,48.0,55.83723659205439,0,1,1,275.84640361169164
Nandurbar,2023-10-21 02:15:00,hum,49.0,47.0200125654635,0,1,1,275.84640361169164
Nandurbar,2023-10-22 02:30:00,hum,44.0,49.215243952892266,0,1,1,275.84640361169164
Nandurbar,2023-10-23 02:15:00,hum,44.0,43.46533935996344,0,1,1,275.84640361169164
Nandurbar,2023-10-24 02:15:00,hum,42.0,44.052848129067684,0,1,1,275.84640361169164
Nandurbar,2023-10-25 02:15:00,hum,42.0,41.796011732930644,0,1,1,275.84640361169164
Nandurbar,2023-10-26 02:00:00,hum,36.0,42.02017149253427,0,1,1,275.84640361169164
Nandurbar,2023-10-27 02:15:00,hum,38.0,35.413728864818765,0,1,1,275.84640361169164
Nandurbar,2023-10-28 02:00:00,hum,36.0,38.218477660817804,0,1,1,275.84640361169164
Nandurbar,2023-10-29 02:45:00,hum,36.0,35.81893277966993,0,1,1,275.84640361169164
Nandurbar,2023-10-30 02:00:00,hum,36.0,36.01476638507826,0,1,1,275.84640361169164
Narayanpet,2023-10-15 02:30:00,hum,59.0,65.0,0,1,0,302.67719209697924
Narayanpet,2023-10-16 02:30:00,hum,61.0,58.99999999999999,0,1,0,302.67719209697924
Narayanpet,2023-10-17 02:30:00,hum,64.0,61.0,0,1,0,302.67719209697924
Narayanpet,2023-10-18 02:30:00,hum,69.0,64.0,0,1,0,302.67719209697924
Narayanpet,2023-10-19 02:30:00,hum,65.0,69.0,0,1,0,302.67719209697924
Narayanpet,2023-10-20 02:30:00,hum,69.0,65.0,0,1,0,302.67719209697924
Narayanpet,2023-10-21 02:30:00,hum,67.0,69.0,0,1,0,302.67719209697924
Narayanpet,2023-10-22 02:30:00,hum,61.0,67.0,0,1,0,302.67719209697924
Narayanpet,2023-10-23 02:15:00,hum,50.0,61.0,0,1,0,302.67719209697924
Narayanpet,2023-10-24 02:15:00,hum,61.0,50.0,0,1,0,302.67719209697924
Narayanpet,2023-10-25 02:30:00,hum,52.0,61.0,0,1,0,302.67719209697924
Narayanpet,2023-10-26 02:00:00,hum,53.0,52.0,0,1,0,302.67719209697924
Narayanpet,2023-10-27 02:30:00,hum,51.0,53.0,0,1,0,302.67719209697924
Narayanpet,2023-10-28 02:00:00,hum,51.0,51.0,0,1,0,302.67719209697924
Narayanpet,2023-10-29 02:45:00,hum,58.0,51.0,0,1,0,302.67719209697924
Narayanpet,2023-10-30 02:00:00,hum,81.0,58.0,0,1,0,302.67719209697924
Narayanpur,2023-10-15 02:30:00,hum,38.0,40.0,0,1,0,301.63484216779045
Narayanpur,2023-10-16 02:30:00,hum,44.0,38.0,0,1,0,301.63484216779045
Narayanpur,2023-10-17 02:30:00,hum,77.0,44.0,0,1,0,301.63484216779045
Narayanpur,2023-10-18 02:30:00,hum,64.0,77.0,0,1,0,301.63484216779045
Narayanpur,2023-10-19 02:15:00,hum,44.0,64.0,0,1,0,301.63484216779045
Narayanpur,2023-10-20 02:30:00,hum,44.0,44.0,0,1,0,301.63484216779045
Narayanpur,2023-10-21 02:15:00,hum,44.0,44.0,0,1,0,301.63484216779045
Narayanpur,2023-10-22 02:15:00,hum,43.0,44.0,0,1,0,301.63484216779045
Narayanpur,2023-10-23 02:15:00,hum,44.0,43.0,0,1,0,301.63484216779045
Narayanpur,2023-10-24 02:15:00,hum,38.0,44.0,0,1,0,301.63484216779045
Narayanpur,2023-10-25 02:15:00,hum,42.0,38.0,0,1,0,301.63484216779045
Narayanpur,2023-10-26 02:00:00,hum,36.0,42.0,0,1,0,301.63484216779045
Narayanpur,2023-10-27 02:15:00,hum,34.0,36.0,0,1,0,301.63484216779045
Narayanpur,2023-10-28 02:00:00,hum,34.0,34.0,0,1,0,301.63484216779045
Narayanpur,2023-10-29 02:30:00,hum,39.0,34.0,0,1,0,301.63484216779045
Narayanpur,2023-10-30 01:45:00,hum,38.0,39.0,0,1,0,301.63484216779045
Narsimhapur,2023-10-16 02:30:00,hum,59.0,57.569668510268784,0,1,1,299.3032137084589
Narsimhapur,2023-10-17 02:15:00,hum,74.0,58.657495692601,0,1,1,299.3032137084589
Narsimhapur,2023-10-18 02:15:00,hum,65.0,70.52138576036695,0,1,1,299.3032137084589
Narsimhapur,2023-10-19 02:15:00,hum,64.0,66.30306905014136,0,1,1,299.3032137084589
Narsimhapur,2023-10-20 02:15:00,hum,51.0,64.60410383034525,0,1,1,299.3032137084589
Narsimhapur,2023-10-21 02:00:00,hum,52.0,54.352030549758204,0,1,1,299.3032137084589
Narsimhapur,2023-10-22 02:15:00,hum,49.0,52.50550220981319,0,1,1,299.3032137084589
Narsimhapur,2023-10-23 02:00:00,hum,60.0,49.78493382164602,0,1,1,299.3032137084589
Narsimhapur,2023-10-24 02:00:00,hum,57.0,57.512573644011326,0,1,1,299.3032137084589
Narsimhapur,2023-10-25 02:15:00,hum,50.0,57.12278084713919,0,1,1,299.3032137084589
Narsimhapur,2023-10-26 02:00:00,hum,47.0,51.79676627934043,0,1,1,299.3032137084589
Narsimhapur,2023-10-27 02:15:00,hum,46.0,48.12867710250267,0,1,1,299.3032137084589
Narsimhapur,2023-10-28 02:00:00,hum,48.0,46.4911053967545,0,1,1,299.3032137084589
Narsimhapur,2023-10-29 02:30:00,hum,48.0,47.64489501501402,0,1,1,299.3032137084589
Narsimhapur,2023-10-30 01:45:00,hum,48.0,47.91598891130895,0,1,1,299.3032137084589
Navsari,2023-10-15 02:30:00,hum,77.0,68.53892423930193,2,1,2,221.60410652469116
Navsari,2023-10-16 02:30:00,hum,74.0,70.30017482019171,2,1,2,221.60410652469116
Navsari,2023-10-17 02:15:00,hum,71.0,72.78236131818065,2,1,2,221.60410652469116
Navsari,2023-10-18 02:15:00,hum,64.0,73.9532932708078,2,1,2,221.60410652469116
Navsari,2023-10-19 02:15:00,hum,61.0,66.51948166362878,2,1,2,221.60410652469116
Navsari,2023-10-20 02:30:00,hum,53.0,62.248251752070885,2,1,2,221.60410652469116
Navsari,2023-10-21 02:15:00,hum,59.0,50.42897092764159,2,1,2,221.60410652469116
Navsari,2023-10-22 02:15:00,hum,50.0,59.86929405407918,2,1,2,221.60410652469116
Navsari,2023-10-23 02:00:00,hum,54.0,53.335712063050075,2,1,2,221.60410652469116
Navsari,2023-10-24 02:15:00,hum,50.0,51.411402113580685,2,1,2,221.60410652469116
Navsari,2023-10-25 02:15:00,hum,48.0,52.7075845006609,2,1,2,221.60410652469116
Navsari,2023-10-26 02:00:00,hum,44.0,47.010154912963266,2,1,2,221.60410652469116
Navsari,2023-10-27 02:15:00,hum,45.0,43.44856594491389,2,1,2,221.60410652469116
Navsari,2023-10-28 02:00:00,hum,44.0,42.728960410277324,2,1,2,221.60410652469116
Navsari,2023-10-29 02:30:00,hum,44.0,42.60094325306637,2,1,2,221.60410652469116
Navsari,2023-10-30 01:45:00,hum,42.0,42.48408659822724,2,1,2,221.60410652469116
Nawada,2023-10-15 02:30:00,hum,74.0,85.10057307320633,0,0,2,311.3282246929737
Nawada,2023-10-16 02:30:00,hum,73.0,82.84764586956715,0,0,2,311.3282246929737
Nawada,2023-10-17 02:15:00,hum,82.0,68.19519967196226,0,0,2,311.3282246929737
Nawada,2023-10-18 02:30:00,hum,78.0,87.06431568327393,0,0,2,311.3282246929737
Nawada,2023-10-19 02:15:00,hum,77.0,82.05938957059628,0,0,2,311.3282246929737
Nawada,2023-10-20 02:30:00,hum,72.0,75.08030307634543,0,0,2,311.3282246929737
Nawada,2023-10-21 02:15:00,hum,67.0,77.7132260972786,0,0,2,311.3282246929737
Nawada,2023-10-22 02:15:00,hum,61.0,72.55730302051575,0,0,2,311.3282246929737
Nawada,2023-10-23 02:00:00,hum,65.0,67.47799746543815,0,0,2,311.3282246929737
Nawada,2023-10-24 02:15:00,hum,63.0,73.78556284213188,0,0,2,311.3282246929737
Nawada,2023-10-25 02:15:00,hum,67.0,71.31279142729792,0,0,2,311.3282246929737
Nawada,2023-10-26 02:00:00,hum,61.0,71.90620467394746,0,0,2,311.3282246929737
Nawada,2023-10-27 02:15:00,hum,65.0,69.65150869293217,0,0,2,311.3282246929737
Nawada,2023-10-28 02:00:00,hum,61.0,70.685936702657,0,0,2,311.3282246929737
Nawada,2023-10-29 02:30:00,hum,63.0,69.36807586631146,0,0,2,311.3282246929737
Nawada,2023-10-30 01:45:00,hum,62.0,68.98207613977684,0,0,2,311.3282246929737
Nayagarh,2023-10-15 02:30:00,hum,83.0,82.0,0,1,0,272.94458713781734
Nayagarh,2023-10-16 02:30:00,hum,76.0,83.0,0,1,0,272.94458713781734
Nayagarh,2023-10-17 02:30:00,hum,78.0,76.0,0,1,0,272.94458713781734
Nayagarh,2023-10-18 02:30:00,hum,76.0,78.0,0,1,0,272.94458713781734
Nayagarh,2023-10-19 02:30:00,hum,86.0,76.0,0,1,0,272.94458713781734
Nayagarh,2023-10-20 02:30:00,hum,86.0,86.0,0,1,0,272.94458713781734
Nayagarh,2023-10-21 02:15:00,hum,76.0,86.0,0,1,0,272.94458713781734
Nayagarh,2023-10-22 02:30:00,hum,73.0,76.0,0,1,0,272.94458713781734
Nayagarh,2023-10-23 02:15:00,hum,77.0,73.0,0,1,0,272.94458713781734
Nayagarh,2023-10-24 02:15:00,hum,74.0,77.0,0,1,0,272.94458713781734
Nayagarh,2023-10-25 02:15:00,hum,85.0,74.0,0,1,0,272.94458713781734
Nayagarh,2023-10-26 02:00:00,hum,76.0,85.0,0,1,0,272.94458713781734
Nayagarh,2023-10-27 02:15:00,hum,72.0,76.0,0,1,0,272.94458713781734
Nayagarh,2023-10-28 02:00:00,hum,63.0,72.0,0,1,0,272.94458713781734
Nayagarh,2023-10-29 02:45:00,hum,67.0,63.00000000000001,0,1,0,272.94458713781734
Nayagarh,2023-10-30 02:00:00,hum,69.0,67.0,0,1,0,272.94458713781734
Neemuch,2023-10-15 02:30:00,hum,52.0,50.09996167769048,1,1,0,297.9735308425348
Neemuch,2023-10-16 02:30:00,hum,63.0,52.221520362297134,1,1,0,297.9735308425348
Neemuch,2023-10-17 02:15:00,hum,58.0,65.49089967226375,1,1,0,297.9735308425348
Neemuch,2023-10-18 02:15:00,hum,62.0,57.052134946311995,1,1,0,297.9735308425348
Neemuch,2023-10-19 02:15:00,hum,58.0,62.71465968007385,1,1,0,297.9735308425348
Neemuch,2023-10-20 02:15:00,hum,48.0,57.31834325784925,1,1,0,297.9735308425348
Neemuch,2023-10-21 02:00:00,hum,50.0,46.13379821451237,1,1,0,297.9735308425348
Neemuch,2023-10-22 02:15:00,hum,34.0,50.34100003236936,1,1,0,297.9735308425348
Neemuch,2023-10-23 02:00:00,hum,46.0,31.495022115920325,1,1,0,297.9735308425348
Neemuch,2023-10-24 02:15:00,hum,44.0,46.82771139892343,1,1,0,297.9735308425348
Neemuch,2023-10-25 02:15:00,hum,37.0,43.88627578958609,1,1,0,297.9735308425348
Neemuch,2023-10-26 02:00:00,hum,33.0,36.56752013202401,1,1,0,297.9735308425348
Neemuch,2023-10-27 02:15:00,hum,28.0,32.717736441871224,1,1,0,297.9735308425348
Neemuch,2023-10-28 02:00:00,hum,39.0,27.614160960609528,1,1,0,297.9735308425348
Neemuch,2023-10-29 02:30:00,hum,37.0,39.63178237344086,1,1,0,297.9735308425348
Neemuch,2023-10-30 01:45:00,hum,42.0,36.90433428475734,1,1,0,297.9735308425348
Nellore,2023-10-15 02:30:00,hum,80.0,76.81473518166959,1,1,1,296.02721637591156
Nellore,2023-10-16 02:30:00,hum,80.0,78.08058567306686,1,1,1,296.02721637591156
Nellore,2023-10-17 02:15:00,hum,76.0,78.5633171936163,1,1,1,296.02721637591156
Nellore,2023-10-18 02:15:00,hum,73.0,76.08164773340535,1,1,1,296.02721637591156
Nellore,2023-10-19 02:15:00,hum,79.0,73.82415525551694,1,1,1,296.02721637591156
Nellore,2023-10-20 02:30:00,hum,81.0,77.82986190593103,1,1,1,296.02721637591156
Nellore,2023-10-21 02:15:00,hum,79.0,79.39315224004612,1,1,1,296.02721637591156
Nellore,2023-10-22 02:15:00,hum,71.0,78.4140454970945,1,1,1,296.02721637591156
Nellore,2023-10-23 02:00:00,hum,68.0,73.17417467748125,1,1,1,296.02721637591156
Nellore,2023-10-24 02:15:00,hum,65.0,70.28698894714117,1,1,1,296.02721637591156
Nellore,2023-10-25 02:15:00,hum,71.0,66.41836618881807,1,1,1,296.02721637591156
Nellore,2023-10-26 02:00:00,hum,77.0,70.64692269015265,1,1,1,296.02721637591156
Nellore,2023-10-27 02:15:00,hum,78.0,75.66348433105483,1,1,1,296.02721637591156
Nellore,2023-10-28 02:00:00,hum,81.0,76.49905355616038,1,1,1,296.02721637591156
Nellore,2023-10-29 02:30:00,hum,79.0,78.76281193787078,1,1,1,296.02721637591156
Nellore,2023-10-30 01:45:00,hum,76.0,77.62611778389306,1,1,1,296.02721637591156
New Delhi,2023-10-15 02:30:00,hum,74.0,66.70955657762119,0,1,1,348.2241219438799
New Delhi,2023-10-16 02:30:00,hum,65.0,69.22236027854981,0,1,1,348.2241219438799
New Delhi,2023-10-17 02:30:00,hum,94.0,67.7672224632501,0,1,1,348.2241219438799
New Delhi,2023-10-18 02:30:00,hum,78.0,76.75933884781065,0,1,1,348.2241219438799
New Delhi,2023-10-19 02:30:00,hum,69.0,77.24329185432279,0,1,1,348.2241219438799
New Delhi,2023-10-20 02:30:00,hum,69.0,74.32116538640642,0,1,1,348.2241219438799
New Delhi,2023-10-21 02:30:00,hum,73.0,72.57235568977244,0,1,1,348.2241219438799
New Delhi,2023-10-22 02:30:00,hum,69.0,72.7124629493107,0,1,1,348.2241219438799
New Delhi,2023-10-23 02:15:00,hum,78.0,71.50088754233352,0,1,1,348.2241219438799
New Delhi,2023-10-24 02:15:00,hum,65.0,73.61101146474094,0,1,1,348.2241219438799
New Delhi,2023-10-25 02:30:00,hum,64.0,70.846427755626,0,1,1,348.2241219438799
New Delhi,2023-10-26 02:00:00,hum,61.0,68.61157180094678,0,1,1,348.2241219438799
New Delhi,2023-10-27 02:30:00,hum,60.0,66.02079475565387,0,1,1,348.2241219438799
New Delhi,2023-10-28 02:00:00,hum,60.0,63.877524365448345,0,1,1,348.2241219438799
New Delhi,2023-10-29 02:45:00,hum,73.0,62.470002116337014,0,1,1,348.2241219438799
New Delhi,2023-10-30 02:00:00,hum,69.0,66.11234673144853,0,1,1,348.2241219438799
Nirmal,2023-10-15 02:30:00,hum,69.0,73.0,0,1,0,247.26957664233004
Nirmal,2023-10-16 02:30:00,hum,69.0,69.0,0,1,0,247.26957664233004
Nirmal,2023-10-17 02:30:00,hum,67.0,69.0,0,1,0,247.26957664233004
Nirmal,2023-10-18 02:30:00,hum,71.0,67.0,0,1,0,247.26957664233004
Nirmal,2023-10-19 02:30:00,hum,75.0,71.0,0,1,0,247.26957664233004
Nirmal,2023-10-20 02:30:00,hum,81.0,75.0,0,1,0,247.26957664233004
Nirmal,2023-10-21 02:30:00,hum,75.0,81.0,0,1,0,247.26957664233004
Nirmal,2023-10-22 02:30:00,hum,64.0,75.0,0,1,0,247.26957664233004
Nirmal,2023-10-23 02:15:00,hum,62.0,64.0,0,1,0,247.26957664233004
Nirmal,2023-10-24 02:15:00,hum,66.0,62.0,0,1,0,247.26957664233004
Nirmal,2023-10-25 02:30:00,hum,59.0,66.0,0,1,0,247.26957664233004
Nirmal,2023-10-26 02:00:00,hum,56.0,59.0,0,1,0,247.26957664233004
Nirmal,2023-10-27 02:30:00,hum,54.0,56.0,0,1,0,247.26957664233004
Nirmal,2023-10-28 02:00:00,hum,58.0,54.0,0,1,0,247.26957664233004
Nirmal,2023-10-29 02:45:00,hum,57.0,58.0,0,1,0,247.26957664233004
Nirmal,2023-10-30 02:00:00,hum,61.0,57.0,0,1,0,247.26957664233004
Niwari,2023-10-15 02:30:00,hum,74.0,67.9958541601669,1,1,1,333.2822021748127
Niwari,2023-10-16 02:30:00,hum,65.0,71.13051060702807,1,1,1,333.2822021748127
Niwari,2023-10-17 02:30:00,hum,94.0,66.68906351033623,1,1,1,333.2822021748127
Niwari,2023-10-18 02:30:00,hum,78.0,81.98672773750135,1,1,1,333.2822021748127
Niwari,2023-10-19 02:30:00,hum,69.0,76.13317194742456,1,1,1,333.2822021748127
Niwari,2023-10-20 02:30:00,hum,69.0,71.76420110869067,1,1,1,333.2822021748127
Niwari,2023-10-21 02:30:00,hum,73.0,71.10612283242635,1,1,1,333.2822021748127
Niwari,2023-10-22 02:30:00,hum,69.0,72.73053230468936,1,1,1,333.2822021748127
Niwari,2023-10-23 02:15:00,hum,78.0,70.7178025699561,1,1,1,333.2822021748127
Niwari,2023-10-24 02:15:00,hum,65.0,74.96860037059761,1,1,1,333.2822021748127
Niwari,2023-10-25 02:30:00,hum,64.0,69.07182921162742,1,1,1,333.2822021748127
Niwari,2023-10-26 02:00:00,hum,61.0,67.62046234612409,1,1,1,333.2822021748127
Niwari,2023-10-27 02:30:00,hum,60.0,65.22977778449163,1,1,1,333.2822021748127
Niwari,2023-10-28 02:00:00,hum,60.0,63.70070968292744,1,1,1,333.2822021748127
Niwari,2023-10-29 02:45:00,hum,73.0,62.80228755592294,1,1,1,333.2822021748127
Niwari,2023-10-30 02:00:00,hum,69.0,69.15773101049928,1,1,1,333.2822021748127
Nizamabad,2023-10-15 02:30:00,hum,68.0,70.0,0,1,0,244.04370498158386
Nizamabad,2023-10-16 02:30:00,hum,68.0,68.0,0,1,0,244.04370498158386
Nizamabad,2023-10-17 02:30:00,hum,70.0,68.0,0,1,0,244.04370498158386
Nizamabad,2023-10-18 02:30:00,hum,71.0,70.0,0,1,0,244.04370498158386
Nizamabad,2023-10-19 02:30:00,hum,73.0,71.0,0,1,0,244.04370498158386
Nizamabad,2023-10-20 02:30:00,hum,79.0,73.0,0,1,0,244.04370498158386
Nizamabad,2023-10-21 02:30:00,hum,78.0,79.0,0,1,0,244.04370498158386
Nizamabad,2023-10-22 02:30:00,hum,66.0,78.0,0,1,0,244.04370498158386
Nizamabad,2023-10-23 02:15:00,hum,65.0,66.0,0,1,0,244.04370498158386
Nizamabad,2023-10-24 02:15:00,hum,73.0,65.0,0,1,0,244.04370498158386
Nizamabad,2023-10-25 02:30:00,hum,66.0,73.0,0,1,0,244.04370498158386
Nizamabad,2023-10-26 02:00:00,hum,61.0,66.0,0,1,0,244.04370498158386
Nizamabad,2023-10-27 02:30:00,hum,58.0,61.00000000000001,0,1,0,244.04370498158386
Nizamabad,2023-10-28 02:00:00,hum,61.0,58.0,0,1,0,244.04370498158386
Nizamabad,2023-10-29 02:45:00,hum,64.0,61.0,0,1,0,244.04370498158386
Nizamabad,2023-10-30 02:00:00,hum,65.0,64.0,0,1,0,244.04370498158386
North Gauhati,2023-10-15 02:30:00,hum,90.0,93.42041275811336,2,1,0,223.45660930979503
North Gauhati,2023-10-16 02:30:00,hum,93.0,94.78130226252478,2,1,0,223.45660930979503
North Gauhati,2023-10-17 02:30:00,hum,91.0,92.6937172600658,2,1,0,223.45660930979503
North Gauhati,2023-10-18 02:30:00,hum,93.0,90.46371319006148,2,1,0,223.45660930979503
North Gauhati,2023-10-19 02:30:00,hum,95.0,93.04233251257921,2,1,0,223.45660930979503
North Gauhati,2023-10-20 02:30:00,hum,91.0,93.26004633050127,2,1,0,223.45660930979503
North Gauhati,2023-10-21 02:30:00,hum,93.0,91.7968126646891,2,1,0,223.45660930979503
North Gauhati,2023-10-22 02:30:00,hum,91.0,93.96650833016827,2,1,0,223.45660930979503
North Gauhati,2023-10-23 02:15:00,hum,91.0,91.0035077960887,2,1,0,223.45660930979503
North Gauhati,2023-10-24 02:15:00,hum,90.0,91.8843286798877,2,1,0,223.45660930979503
North Gauhati,2023-10-25 02:30:00,hum,93.0,90.44160523404739,2,1,0,223.45660930979503
North Gauhati,2023-10-26 02:00:00,hum,94.0,92.09676402992059,2,1,0,223.45660930979503
North Gauhati,2023-10-27 02:30:00,hum,94.0,92.25192452974493,2,1,0,223.45660930979503
North Gauhati,2023-10-28 02:00:00,hum,94.0,93.57348028299862,2,1,0,223.45660930979503
North Gauhati,2023-10-29 02:45:00,hum,94.0,94.0,2,1,0,223.45660930979503
North Gauhati,2023-10-30 02:00:00,hum,94.0,94.0,2,1,0,223.45660930979503
Osmanabad,2023-10-15 02:30:00,hum,52.0,57.24865638038831,1,1,0,287.9159344553603
Osmanabad,2023-10-16 02:30:00,hum,57.0,53.22869054178738,1,1,0,287.9159344553603
Osmanabad,2023-10-17 02:30:00,hum,55.0,55.71868482477258,1,1,0,287.9159344553603
Osmanabad,2023-10-18 02:30:00,hum,66.0,55.51668533935213,1,1,0,287.9159344553603
Osmanabad,2023-10-19 02:30:00,hum,62.0,63.035190410045864,1,1,0,287.9159344553603
Osmanabad,2023-10-20 02:30:00,hum,66.0,63.101852584840636,1,1,0,287.9159344553603
Osmanabad,2023-10-21 02:15:00,hum,71.0,64.8742824393889,1,1,0,287.9159344553603
Osmanabad,2023-10-22 02:30:00,hum,61.0,69.65454917930744,1,1,0,287.9159344553603
Osmanabad,2023-10-23 02:15:00,hum,58.0,63.90483888674404,1,1,0,287.9159344553603
Osmanabad,2023-10-24 02:15:00,hum,56.0,58.787624157736744,1,1,0,287.9159344553603
Osmanabad,2023-10-25 02:15:00,hum,54.0,56.51733364050877,1,1,0,287.9159344553603
Osmanabad,2023-10-26 02:00:00,hum,55.0,54.51273226942273,1,1,0,287.9159344553603
Osmanabad,2023-10-27 02:15:00,hum,55.0,54.7430938889738,1,1,0,287.9159344553603
Osmanabad,2023-10-28 02:00:00,hum,54.0,55.0,1,1,0,287.9159344553603
Osmanabad,2023-10-29 02:45:00,hum,50.0,54.256939925934056,1,1,0,287.9159344553603
Osmanabad,2023-10-30 02:00:00,hum,54.0,51.019893034238336,1,1,0,287.9159344553603
Palakkad,2023-10-15 02:30:00,hum,93.0,89.19996904701166,0,1,1,250.41850805989753
Palakkad,2023-10-16 02:30:00,hum,89.0,89.28260400309262,0,1,1,250.41850805989753
Palakkad,2023-10-17 02:30:00,hum,94.0,89.27668055006912,0,1,1,250.41850805989753
Palakkad,2023-10-18 02:30:00,hum,94.0,89.37498132263696,0,1,1,250.41850805989753
Palakkad,2023-10-19 02:15:00,hum,70.0,89.4693706154962,0,1,1,250.41850805989753
Palakkad,2023-10-20 02:30:00,hum,79.0,89.07943798700526,0,1,1,250.41850805989753
Palakkad,2023-10-21 02:15:00,hum,94.0,88.8820923215752,0,1,1,250.41850805989753
Palakkad,2023-10-22 02:15:00,hum,89.0,88.97979827546055,0,1,1,250.41850805989753
Palakkad,2023-10-23 02:15:00,hum,89.0,88.98105740312408,0,1,1,250.41850805989753
Palakkad,2023-10-24 02:15:00,hum,89.0,88.97936529787063,0,1,1,250.41850805989753
Palakkad,2023-10-25 02:15:00,hum,89.0,88.9817653145938,0,1,1,250.41850805989753
Palakkad,2023-10-26 02:00:00,hum,84.0,88.98207898553851,0,1,1,250.41850805989753
Palakkad,2023-10-27 02:15:00,hum,74.0,88.89449808315813,0,1,1,250.41850805989753
Palakkad,2023-10-28 02:00:00,hum,74.0,87.65831367187384,0,1,1,250.41850805989753
Palakkad,2023-10-29 02:45:00,hum,79.0,84.75963953391677,0,1,1,250.41850805989753
Palakkad,2023-10-30 02:00:00,hum,83.0,82.92825736857293,0,1,1,250.41850805989753
Palghar,2023-10-16 02:30:00,hum,74.0,72.41833148011197,0,1,1,236.27409496278304
Palghar,2023-10-17 02:30:00,hum,71.0,73.36651756990426,0,1,1,236.27409496278304
Palghar,2023-10-18 02:30:00,hum,70.0,71.98938745121252,0,1,1,236.27409496278304
Palghar,2023-10-19 02:30:00,hum,66.0,70.80567588226634,0,1,1,236.27409496278304
Palghar,2023-10-20 02:30:00,hum,61.0,67.8275107963549,0,1,1,236.27409496278304
Palghar,2023-10-21 02:15:00,hum,71.0,63.09916506189164,0,1,1,236.27409496278304
Palghar,2023-10-22 02:30:00,hum,68.0,68.03046458801884,0,1,1,236.27409496278304
Palghar,2023-10-23 02:15:00,hum,64.0,68.01256174695958,0,1,1,236.27409496278304
Palghar,2023-10-24 02:15:00,hum,55.0,65.72117192209976,0,1,1,236.27409496278304
Palghar,2023-10-25 02:15:00,hum,53.0,58.973511359758554,0,1,1,236.27409496278304
Palghar,2023-10-26 02:00:00,hum,53.0,54.389237434468996,0,1,1,236.27409496278304
Palghar,2023-10-27 02:15:00,hum,51.0,53.34502635355304,0,1,1,236.27409496278304
Palghar,2023-10-28 02:00:00,hum,54.0,51.60327361441784,0,1,1,236.27409496278304
Palghar,2023-10-29 02:45:00,hum,48.0,53.36129157818691,0,1,1,236.27409496278304
Palghar,2023-10-30 02:00:00,hum,49.0,49.49016870410833,0,1,1,236.27409496278304
Pali,2023-10-15 02:30:00,hum,57.0,44.0,0,1,0,303.2982069719183
Pali,2023-10-16 02:30:00,hum,52.0,57.0,0,1,0,303.2982069719183
Pali,2023-10-17 02:30:00,hum,57.0,52.0,0,1,0,303.2982069719183
Pali,2023-10-18 02:30:00,hum,57.0,57.0,0,1,0,303.2982069719183
Pali,2023-10-19 02:30:00,hum,39.0,57.0,0,1,0,303.2982069719183
Pali,2023-10-20 02:30:00,hum,34.0,39.0,0,1,0,303.2982069719183
Pali,2023-10-21 02:15:00,hum,30.0,34.0,0,1,0,303.2982069719183
Pali,2023-10-22 02:30:00,hum,32.0,30.0,0,1,0,303.2982069719183
Pali,2023-10-23 02:15:00,hum,36.0,32.0,0,1,0,303.2982069719183
Pali,2023-10-24 02:15:00,hum,31.0,36.0,0,1,0,303.2982069719183
Pali,2023-10-25 02:30:00,hum,30.0,30.999999999999996,0,1,0,303.2982069719183
Pali,2023-10-26 02:00:00,hum,29.0,30.0,0,1,0,303.2982069719183
Pali,2023-10-27 02:15:00,hum,22.0,29.0,0,1,0,303.2982069719183
Pali,2023-10-28 02:00:00,hum,20.0,22.0,0,1,0,303.2982069719183
Pali,2023-10-29 02:45:00,hum,35.0,20.0,0,1,0,303.2982069719183
Pali,2023-10-30 02:00:00,hum,31.0,35.0,0,1,0,303.2982069719183
Palwal,2023-10-15 02:30:00,hum,74.0,66.53729071726134,0,1,1,349.03336618698296
Palwal,2023-10-16 02:30:00,hum,65.0,69.35176345425917,0,1,1,349.03336618698296
Palwal,2023-10-17 02:15:00,hum,94.0,67.70664984365166,0,1,1,349.03336618698296
Palwal,2023-10-18 02:30:00,hum,78.0,77.61129804387492,0,1,1,349.03336618698296
Palwal,2023-10-19 02:15:00,hum,69.0,77.77084452203343,0,1,1,349.03336618698296
Palwal,2023-10-20 02:30:00,hum,69.0,74.42180699103272,0,1,1,349.03336618698296
Palwal,2023-10-21 02:15:00,hum,73.0,72.46923334865528,0,1,1,349.03336618698296
Palwal,2023-10-22 02:15:00,hum,69.0,72.66081371708053,0,1,1,349.03336618698296
Palwal,2023-10-23 02:15:00,hum,78.0,71.34542966219782,0,1,1,349.03336618698296
Palwal,2023-10-24 02:15:00,hum,65.0,73.72347770262878,0,1,1,349.03336618698296
Palwal,2023-10-25 02:15:00,hum,64.0,70.64068585753382,0,1,1,349.03336618698296
Palwal,2023-10-26 02:00:00,hum,61.0,68.2563405367469,0,1,1,349.03336618698296
Palwal,2023-10-27 02:15:00,hum,60.0,65.55942428321492,0,1,1,349.03336618698296
Palwal,2023-10-28 02:00:00,hum,60.0,63.42278183055581,0,1,1,349.03336618698296
Palwal,2023-10-29 02:30:00,hum,34.0,62.091962904345706,0,1,1,349.03336618698296
Palwal,2023-10-30 01:45:00,hum,69.0,50.35703380411904,0,1,1,349.03336618698296
Panipat,2023-10-15 02:30:00,hum,48.0,45.0,0,1,0,317.942050743543
Panipat,2023-10-16 02:30:00,hum,48.0,48.0,0,1,0,317.942050743543
Panipat,2023-10-17 02:15:00,hum,83.0,48.0,0,1,0,317.942050743543
Panipat,2023-10-18 02:15:00,hum,58.0,83.0,0,1,0,317.942050743543
Panipat,2023-10-19 02:15:00,hum,44.0,58.0,0,1,0,317.942050743543
Panipat,2023-10-20 02:30:00,hum,38.0,44.0,0,1,0,317.942050743543
Panipat,2023-10-21 02:15:00,hum,43.0,38.0,0,1,0,317.942050743543
Panipat,2023-10-22 02:15:00,hum,41.0,43.0,0,1,0,317.942050743543
Panipat,2023-10-23 02:15:00,hum,45.0,41.0,0,1,0,317.942050743543
Panipat,2023-10-24 02:15:00,hum,49.0,45.0,0,1,0,317.942050743543
Panipat,2023-10-25 02:15:00,hum,41.0,49.0,0,1,0,317.942050743543
Panipat,2023-10-26 02:00:00,hum,32.0,41.0,0,1,0,317.942050743543
Panipat,2023-10-27 02:15:00,hum,36.0,32.0,0,1,0,317.942050743543
Panipat,2023-10-28 02:00:00,hum,35.0,36.0,0,1,0,317.942050743543
Panipat,2023-10-29 02:30:00,hum,33.0,35.0,0,1,0,317.942050743543
Panipat,2023-10-30 01:45:00,hum,42.0,33.0,0,1,0,317.942050743543
Panna,2023-10-15 02:30:00,hum,46.0,45.68111679032987,1,1,0,333.0581906676724
Panna,2023-10-16 02:30:00,hum,49.0,45.65915199482356,1,1,0,333.0581906676724
Panna,2023-10-17 02:15:00,hum,81.0,47.978919497903576,1,1,0,333.0581906676724
Panna,2023-10-18 02:15:00,hum,74.0,70.75165456379511,1,1,0,333.0581906676724
Panna,2023-10-19 02:15:00,hum,58.0,76.12804412565278,1,1,0,333.0581906676724
Panna,2023-10-20 02:15:00,hum,44.0,62.54309015613473,1,1,0,333.0581906676724
Panna,2023-10-21 02:00:00,hum,50.0,47.347803336128855,1,1,0,333.0581906676724
Panna,2023-10-22 02:15:00,hum,49.0,48.53213491332726,1,1,0,333.0581906676724
Panna,2023-10-23 02:00:00,hum,50.0,49.24432818477784,1,1,0,333.0581906676724
Panna,2023-10-24 02:15:00,hum,49.0,49.755473194127546,1,1,0,333.0581906676724
Panna,2023-10-25 02:15:00,hum,46.0,49.244721714864404,1,1,0,333.0581906676724
Panna,2023-10-26 02:00:00,hum,39.0,46.73297149044331,1,1,0,333.0581906676724
Panna,2023-10-27 02:15:00,hum,39.0,40.68691159269652,1,1,0,333.0581906676724
Panna,2023-10-28 02:00:00,hum,35.0,39.0,1,1,0,333.0581906676724
Panna,2023-10-29 02:30:00,hum,38.0,35.95762840960111,1,1,0,333.0581906676724
Panna,2023-10-30 01:45:00,hum,40.0,37.27802571485591,1,1,0,333.0581906676724
Parbhani,2023-10-15 02:30:00,hum,62.0,61.61230883890097,1,1,0,265.54472920568367
Parbhani,2023-10-16 02:30:00,hum,61.0,62.0,1,1,0,265.54472920568367
Parbhani,2023-10-17 02:30:00,hum,64.0,61.38772732737204,1,1,0,265.54472920568367
Parbhani,2023-10-18 02:30:00,hum,63.0,62.82985027020016,1,1,0,265.54472920568367
Parbhani,2023-10-19 02:30:00,hum,67.0,63.38978198148835,1,1,0,265.54472920568367
Parbhani,2023-10-20 02:30:00,hum,75.0,65.42853420393746,1,1,0,265.54472920568367
Parbhani,2023-10-21 02:15:00,hum,77.0,72.11415272398969,1,1,0,265.54472920568367
Parbhani,2023-10-22 02:30:00,hum,60.0,76.33992982578161,1,1,0,265.54472920568367
Parbhani,2023-10-23 02:15:00,hum,62.0,66.02030617968848,1,1,0,265.54472920568367
Parbhani,2023-10-24 02:15:00,hum,61.0,61.378568522612454,1,1,0,265.54472920568367
Parbhani,2023-10-25 02:15:00,hum,61.0,61.31130324617846,1,1,0,265.54472920568367
Parbhani,2023-10-26 02:00:00,hum,52.0,61.0,1,1,0,265.54472920568367
Parbhani,2023-10-27 02:15:00,hum,57.0,54.79891866059249,1,1,0,265.54472920568367
Parbhani,2023-10-28 02:00:00,hum,55.0,55.38484899280628,1,1,0,265.54472920568367
Parbhani,2023-10-29 02:45:00,hum,51.0,55.64854091047141,1,1,0,265.54472920568367
Parbhani,2023-10-30 02:00:00,hum,57.0,52.27506850325835,1,1,0,265.54472920568367
Patan,2023-10-15 02:30:00,hum,68.0,43.71410361635306,2,1,2,296.31410768471716
Patan,2023-10-16 02:30:00,hum,65.0,66.8815636854828,2,1,2,296.31410768471716
Patan,2023-10-17 02:15:00,hum,71.0,68.43543077513013,2,1,2,296.31410768471716
Patan,2023-10-18 02:15:00,hum,59.0,69.3296206430015,2,1,2,296.31410768471716
Patan,2023-10-19 02:15:00,hum,46.0,58.862014885822745,2,1,2,296.31410768471716
Patan,2023-10-20 02:30:00,hum,41.0,43.56951636572571,2,1,2,296.31410768471716
Patan,2023-10-21 02:15:00,hum,41.0,38.03809033530316,2,1,2,296.31410768471716
Patan,2023-10-22 02:15:00,hum,37.0,41.41531215388069,2,1,2,296.31410768471716
Patan,2023-10-23 02:00:00,hum,39.0,38.50109036799011,2,1,2,296.31410768471716
Patan,2023-10-24 02:15:00,hum,40.0,37.448609794375464,2,1,2,296.31410768471716
Patan,2023-10-25 02:15:00,hum,37.0,39.713119062271794,2,1,2,296.31410768471716
Patan,2023-10-26 02:00:00,hum,42.0,38.377377887365384,2,1,2,296.31410768471716
Patan,2023-10-27 02:15:00,hum,38.0,41.19031479499248,2,1,2,296.31410768471716
Patan,2023-10-28 02:00:00,hum,34.0,38.781737487064255,2,1,2,296.31410768471716
Patan,2023-10-29 02:30:00,hum,33.0,33.050179563406324,2,1,2,296.31410768471716
Patan,2023-10-30 01:45:00,hum,33.0,31.096466588334827,2,1,2,296.31410768471716
Pathanamthitta,2023-10-15 02:30:00,hum,97.0,97.43329195460333,1,1,2,170.84420646261913
Pathanamthitta,2023-10-16 02:30:00,hum,93.0,96.32410611119856,1,1,2,170.84420646261913
Pathanamthitta,2023-10-17 02:30:00,hum,95.0,93.36691486669024,1,1,2,170.84420646261913
Pathanamthitta,2023-10-18 02:30:00,hum,98.0,96.30895009917754,1,1,2,170.84420646261913
Pathanamthitta,2023-10-19 02:15:00,hum,95.0,97.39343199678594,1,1,2,170.84420646261913
Pathanamthitta,2023-10-20 02:30:00,hum,96.0,94.47615231053028,1,1,2,170.84420646261913
Pathanamthitta,2023-10-21 02:15:00,hum,95.0,96.83780646612122,1,1,2,170.84420646261913
Pathanamthitta,2023-10-22 02:15:00,hum,95.0,94.9342404676588,1,1,2,170.84420646261913
Pathanamthitta,2023-10-23 02:15:00,hum,98.0,95.75519581123251,1,1,2,170.84420646261913
Pathanamthitta,2023-10-24 02:15:00,hum,95.0,97.5328037781974,1,1,2,170.84420646261913
Pathanamthitta,2023-10-25 02:15:00,hum,99.0,94.39692497706733,1,1,2,170.84420646261913
Pathanamthitta,2023-10-26 02:00:00,hum,96.0,98.19201374999403,1,1,2,170.84420646261913
Pathanamthitta,2023-10-27 02:15:00,hum,96.0,94.66053978503454,1,1,2,170.84420646261913
Pathanamthitta,2023-10-28 02:00:00,hum,96.0,97.28899805558217,1,1,2,170.84420646261913
Pathanamthitta,2023-10-29 02:30:00,hum,95.0,96.02589869025735,1,1,2,170.84420646261913
Pathanamthitta,2023-10-30 01:45:00,hum,95.0,96.71235037573638,1,1,2,170.84420646261913
Pathankot,2023-10-15 02:30:00,hum,46.0,51.52481009306381,0,1,1,318.8441081870486
Pathankot,2023-10-16 02:30:00,hum,42.0,48.040466621243986,0,1,1,318.8441081870486
Pathankot,2023-10-17 02:30:00,hum,75.0,44.160970216898136,0,1,1,318.8441081870486
Pathankot,2023-10-18 02:30:00,hum,47.0,61.41537918725931,0,1,1,318.8441081870486
Pathankot,2023-10-19 02:15:00,hum,55.0,53.527709498028365,0,1,1,318.8441081870486
Pathankot,2023-10-20 02:30:00,hum,55.0,54.208733955150066,0,1,1,318.8441081870486
Pathankot,2023-10-21 02:15:00,hum,47.0,54.57484542283188,0,1,1,318.8441081870486
Pathankot,2023-10-22 02:15:00,hum,51.0,51.09115082101013,0,1,1,318.8441081870486
Pathankot,2023-10-23 02:15:00,hum,46.0,51.04974119035548,0,1,1,318.8441081870486
Pathankot,2023-10-24 02:15:00,hum,52.0,48.707394447216636,0,1,1,318.8441081870486
Pathankot,2023-10-25 02:15:00,hum,38.0,50.23279605944276,0,1,1,318.8441081870486
Pathankot,2023-10-26 02:00:00,hum,42.0,44.613028995386436,0,1,1,318.8441081870486
Pathankot,2023-10-27 02:15:00,hum,53.0,43.360311244672346,0,1,1,318.8441081870486
Pathankot,2023-10-28 02:00:00,hum,52.0,47.77163034882037,0,1,1,318.8441081870486
Pathankot,2023-10-29 02:45:00,hum,49.0,49.68954982242569,0,1,1,318.8441081870486
Pathankot,2023-10-30 02:00:00,hum,50.0,49.37497725474694,0,1,1,318.8441081870486
Patiala,2023-10-15 02:30:00,hum,44.0,46.56000778464962,0,1,1,316.1461804334854
Patiala,2023-10-16 02:30:00,hum,49.0,44.68731625034982,0,1,1,316.1461804334854
Patiala,2023-10-17 02:30:00,hum,81.0,47.82197953487962,0,1,1,316.1461804334854
Patiala,2023-10-18 02:30:00,hum,53.0,73.93334733159824,0,1,1,316.1461804334854
Patiala,2023-10-19 02:15:00,hum,48.0,58.81211691644536,0,1,1,316.1461804334854
Patiala,2023-10-20 02:30:00,hum,45.0,52.29925599468154,0,1,1,316.1461804334854
Patiala,2023-10-21 02:15:00,hum,43.0,47.65715861501609,0,1,1,316.1461804334854
Patiala,2023-10-22 02:15:00,hum,47.0,44.63160813094923,0,1,1,316.1461804334854
Patiala,2023-10-23 02:15:00,hum,44.0,46.14584012674321,0,1,1,316.1461804334854
Patiala,2023-10-24 02:15:00,hum,47.0,44.78923354626703,0,1,1,316.1461804334854
Patiala,2023-10-25 02:15:00,hum,40.0,46.18470434885532,0,1,1,316.1461804334854
Patiala,2023-10-26 02:00:00,hum,36.0,42.297101843119954,0,1,1,316.1461804334854
Patiala,2023-10-27 02:15:00,hum,41.0,38.263495455317596,0,1,1,316.1461804334854
Patiala,2023-10-28 02:00:00,hum,39.0,40.010171564186045,0,1,1,316.1461804334854
Patiala,2023-10-29 02:45:00,hum,42.0,39.37221876405873,0,1,1,316.1461804334854
Patiala,2023-10-30 02:00:00,hum,43.0,41.029779082734485,0,1,1,316.1461804334854
Patna,2023-10-15 02:30:00,hum,89.0,87.91283786539785,0,1,1,296.24045207374866
Patna,2023-10-16 02:30:00,hum,89.0,88.27289696944327,0,1,1,296.24045207374866
Patna,2023-10-17 02:15:00,hum,83.0,88.47166503650045,0,1,1,296.24045207374866
Patna,2023-10-18 02:30:00,hum,94.0,87.18874581064485,0,1,1,296.24045207374866
Patna,2023-10-19 02:15:00,hum,69.0,88.72271713840249,0,1,1,296.24045207374866
Patna,2023-10-20 02:30:00,hum,94.0,84.61208987942604,0,1,1,296.24045207374866
Patna,2023-10-21 02:15:00,hum,94.0,86.86227527450833,0,1,1,296.24045207374866
Patna,2023-10-22 02:15:00,hum,100.0,88.17026632750832,0,1,1,296.24045207374866
Patna,2023-10-23 02:15:00,hum,94.0,89.95349142584274,0,1,1,296.24045207374866
Patna,2023-10-24 02:15:00,hum,79.0,90.505850561126,0,1,1,296.24045207374866
Patna,2023-10-25 02:15:00,hum,79.0,88.97717387041935,0,1,1,296.24045207374866
Patna,2023-10-26 02:00:00,hum,83.0,87.50857138201675,0,1,1,296.24045207374866
Patna,2023-10-27 02:15:00,hum,89.0,86.74937064741825,0,1,1,296.24045207374866
Patna,2023-10-28 02:00:00,hum,94.0,87.13543386228679,0,1,1,296.24045207374866
Patna,2023-10-29 02:30:00,hum,94.0,88.17033053021372,0,1,1,296.24045207374866
Patna,2023-10-30 01:45:00,hum,89.0,88.95302396662018,0,1,1,296.24045207374866
Peddapalli,2023-10-15 02:30:00,hum,75.0,75.0,0,1,0,248.73531680689348
Peddapalli,2023-10-16 02:30:00,hum,65.0,75.0,0,1,0,248.73531680689348
Peddapalli,2023-10-17 02:30:00,hum,65.0,65.0,0,1,0,248.73531680689348
Peddapalli,2023-10-18 02:30:00,hum,72.0,65.0,0,1,0,248.73531680689348
Peddapalli,2023-10-19 02:30:00,hum,74.0,72.0,0,1,0,248.73531680689348
Peddapalli,2023-10-20 02:30:00,hum,79.0,74.0,0,1,0,248.73531680689348
Peddapalli,2023-10-21 02:30:00,hum,73.0,79.0,0,1,0,248.73531680689348
Peddapalli,2023-10-22 02:30:00,hum,63.0,73.0,0,1,0,248.73531680689348
Peddapalli,2023-10-23 02:15:00,hum,62.0,63.00000000000001,0,1,0,248.73531680689348
Peddapalli,2023-10-24 02:15:00,hum,65.0,62.0,0,1,0,248.73531680689348
Peddapalli,2023-10-25 02:30:00,hum,64.0,65.0,0,1,0,248.73531680689348
Peddapalli,2023-10-26 02:00:00,hum,59.0,64.0,0,1,0,248.73531680689348
Peddapalli,2023-10-27 02:30:00,hum,55.0,59.0,0,1,0,248.73531680689348
Peddapalli,2023-10-28 02:00:00,hum,62.0,55.0,0,1,0,248.73531680689348
Peddapalli,2023-10-29 02:45:00,hum,59.0,62.0,0,1,0,248.73531680689348
Peddapalli,2023-10-30 02:00:00,hum,65.0,59.0,0,1,0,248.73531680689348
Pendra,2023-10-15 02:30:00,hum,48.0,51.0,0,1,0,279.5149438803413
Pendra,2023-10-16 02:30:00,hum,66.0,48.0,0,1,0,279.5149438803413
Pendra,2023-10-17 02:30:00,hum,52.0,66.0,0,1,0,279.5149438803413
Pendra,2023-10-18 02:30:00,hum,62.0,52.00000000000001,0,1,0,279.5149438803413
Pendra,2023-10-19 02:30:00,hum,56.0,62.0,0,1,0,279.5149438803413
Pendra,2023-10-20 02:30:00,hum,42.0,56.0,0,1,0,279.5149438803413
Pendra,2023-10-21 02:30:00,hum,51.0,42.0,0,1,0,279.5149438803413
Pendra,2023-10-22 02:30:00,hum,51.0,51.0,0,1,0,279.5149438803413
Pendra,2023-10-23 02:15:00,hum,43.0,51.0,0,1,0,279.5149438803413
Pendra,2023-10-24 02:15:00,hum,42.0,43.0,0,1,0,279.5149438803413
Pendra,2023-10-25 02:30:00,hum,43.0,42.0,0,1,0,279.5149438803413
Pendra,2023-10-26 02:00:00,hum,35.0,43.0,0,1,0,279.5149438803413
Pendra,2023-10-27 02:30:00,hum,41.0,35.0,0,1,0,279.5149438803413
Pendra,2023-10-28 02:00:00,hum,36.0,41.0,0,1,0,279.5149438803413
Pendra,2023-10-29 02:45:00,hum,34.0,36.0,0,1,0,279.5149438803413
Pendra,2023-10-30 02:00:00,hum,35.0,34.0,0,1,0,279.5149438803413
Perambalur,2023-10-15 02:30:00,hum,100.0,85.91988274155842,1,1,1,296.5383555096794
Perambalur,2023-10-16 02:30:00,hum,94.0,91.44137217391926,1,1,1,296.5383555096794
Perambalur,2023-10-17 02:30:00,hum,94.0,89.63419980843189,1,1,1,296.5383555096794
Perambalur,2023-10-18 02:30:00,hum,89.0,90.27554853315056,1,1,1,296.5383555096794
Perambalur,2023-10-19 02:30:00,hum,94.0,88.16074114206292,1,1,1,296.5383555096794
Perambalur,2023-10-20 02:30:00,hum,94.0,90.90871601677601,1,1,1,296.5383555096794
Perambalur,2023-10-21 02:15:00,hum,84.0,91.41118660372982,1,1,1,296.5383555096794
Perambalur,2023-10-22 02:30:00,hum,89.0,86.60132531597276,1,1,1,296.5383555096794
Perambalur,2023-10-23 02:15:00,hum,89.0,88.78562333394528,1,1,1,296.5383555096794
Perambalur,2023-10-24 02:15:00,hum,89.0,88.80736129768619,1,1,1,296.5383555096794
Perambalur,2023-10-25 02:30:00,hum,79.0,88.82597845488166,1,1,1,296.5383555096794
Perambalur,2023-10-26 02:00:00,hum,89.0,84.01993603234064,1,1,1,296.5383555096794
Perambalur,2023-10-27 02:15:00,hum,79.0,88.24984121183276,1,1,1,296.5383555096794
Perambalur,2023-10-28 02:00:00,hum,89.0,83.8874375417434,1,1,1,296.5383555096794
Perambalur,2023-10-29 02:45:00,hum,89.0,87.83333046671132,1,1,1,296.5383555096794
Perambalur,2023-10-30 02:00:00,hum,94.0,87.93107822989094,1,1,1,296.5383555096794
Phek,2023-10-15 02:30:00,hum,97.0,98.99961246020634,2,1,2,200.47385976695833
Phek,2023-10-16 02:30:00,hum,98.0,97.33369807249704,2,1,2,200.47385976695833
Phek,2023-10-17 02:15:00,hum,98.0,98.45630105126028,2,1,2,200.47385976695833
Phek,2023-10-18 02:30:00,hum,97.0,98.48906869746097,2,1,2,200.47385976695833
Phek,2023-10-19 02:15:00,hum,99.0,97.64386386575411,2,1,2,200.47385976695833
Phek,2023-10-20 02:30:00,hum,97.0,99.4253571272761,2,1,2,200.47385976695833
Phek,2023-10-21 02:15:00,hum,97.0,97.56010034766966,2,1,2,200.47385976695833
Phek,2023-10-22 02:15:00,hum,95.0,97.62635426027599,2,1,2,200.47385976695833
Phek,2023-10-23 02:15:00,hum,96.0,95.83377716726667,2,1,2,200.47385976695833
Phek,2023-10-24 02:15:00,hum,79.0,96.96735917665593,2,1,2,200.47385976695833
Phek,2023-10-25 02:15:00,hum,96.0,83.15961214884572,2,1,2,200.47385976695833
Phek,2023-10-26 02:00:00,hum,99.0,90.19475128922748,2,1,2,200.47385976695833
Phek,2023-10-27 02:15:00,hum,99.0,99.80879178816329,2,1,2,200.47385976695833
Phek,2023-10-28 02:00:00,hum,99.0,97.37738280847749,2,1,2,200.47385976695833
Phek,2023-10-29 02:30:00,hum,97.0,98.98859046530471,2,1,2,200.47385976695833
Phek,2023-10-30 01:45:00,hum,96.0,97.30147805359255,2,1,2,200.47385976695833
Pilibhit,2023-10-15 02:30:00,hum,70.0,67.17873384317686,1,1,2,303.19438877927706
Pilibhit,2023-10-16 02:30:00,hum,71.0,65.83748748037327,1,1,2,303.19438877927706
Pilibhit,2023-10-17 02:30:00,hum,84.0,65.51692596861957,1,1,2,303.19438877927706
Pilibhit,2023-10-18 02:30:00,hum,71.0,70.98251484459418,1,1,2,303.19438877927706
Pilibhit,2023-10-19 02:30:00,hum,69.0,73.2760857592077,1,1,2,303.19438877927706
Pilibhit,2023-10-20 02:30:00,hum,69.0,71.44167297883891,1,1,2,303.19438877927706
Pilibhit,2023-10-21 02:15:00,hum,70.0,71.25744960424014,1,1,2,303.19438877927706
Pilibhit,2023-10-22 02:30:00,hum,66.0,71.31694360341557,1,1,2,303.19438877927706
Pilibhit,2023-10-23 02:15:00,hum,61.0,70.52998032582296,1,1,2,303.19438877927706
Pilibhit,2023-10-24 02:15:00,hum,64.0,68.25717284422402,1,1,2,303.19438877927706
Pilibhit,2023-10-25 02:30:00,hum,59.0,66.39277452277872,1,1,2,303.19438877927706
Pilibhit,2023-10-26 02:00:00,hum,61.0,62.425738424856526,1,1,2,303.19438877927706
Pilibhit,2023-10-27 02:15:00,hum,63.0,60.88452724663961,1,1,2,303.19438877927706
Pilibhit,2023-10-28 02:00:00,hum,66.0,60.79358641131486,1,1,2,303.19438877927706
Pilibhit,2023-10-29 02:45:00,hum,58.0,62.00716363619414,1,1,2,303.19438877927706
Pilibhit,2023-10-30 02:00:00,hum,64.0,60.50963036346609,1,1,2,303.19438877927706
Pithoragarh,2023-10-15 02:30:00,hum,69.0,73.6661354142937,1,1,0,287.699336218118
Pithoragarh,2023-10-16 02:30:00,hum,74.0,70.31272269177484,1,1,0,287.699336218118
Pithoragarh,2023-10-17 02:30:00,hum,84.0,72.31973819950609,1,1,0,287.699336218118
Pithoragarh,2023-10-18 02:30:00,hum,67.0,80.94682947191268,1,1,0,287.699336218118
Pithoragarh,2023-10-19 02:15:00,hum,73.0,73.34826362331127,1,1,0,287.699336218118
Pithoragarh,2023-10-20 02:30:00,hum,69.0,70.77381371593735,1,1,0,287.699336218118
Pithoragarh,2023-10-21 02:15:00,hum,72.0,70.50271568750235,1,1,0,287.699336218118
Pithoragarh,2023-10-22 02:15:00,hum,71.0,70.86498770150263,1,1,0,287.699336218118
Pithoragarh,2023-10-23 02:15:00,hum,71.0,71.3783072683823,1,1,0,287.699336218118
Pithoragarh,2023-10-24 02:15:00,hum,59.0,71.0,1,1,0,287.699336218118
Pithoragarh,2023-10-25 02:15:00,hum,58.0,63.534994713354514,1,1,0,287.699336218118
Pithoragarh,2023-10-26 02:00:00,hum,66.0,58.351674002197484,1,1,0,287.699336218118
Pithoragarh,2023-10-27 02:15:00,hum,70.0,63.16283768504077,1,1,0,287.699336218118
Pithoragarh,2023-10-28 02:00:00,hum,69.0,68.66592547829025,1,1,0,287.699336218118
Pithoragarh,2023-10-29 02:30:00,hum,69.0,69.33310449628266,1,1,0,287.699336218118
Pithoragarh,2023-10-30 01:45:00,hum,73.0,69.0,1,1,0,287.699336218118
Porbandar,2023-10-15 02:30:00,hum,68.0,76.41442064275225,1,1,0,246.51272493787582
Porbandar,2023-10-16 02:30:00,hum,75.0,73.58264911254491,1,1,0,246.51272493787582
Porbandar,2023-10-17 02:15:00,hum,74.0,70.98258270879666,1,1,0,246.51272493787582
Porbandar,2023-10-18 02:15:00,hum,80.0,74.55224865568137,1,1,0,246.51272493787582
Porbandar,2023-10-19 02:15:00,hum,74.0,76.65428936409202,1,1,0,246.51272493787582
Porbandar,2023-10-20 02:30:00,hum,66.0,77.44149792640295,1,1,0,246.51272493787582
Porbandar,2023-10-21 02:15:00,hum,72.0,70.04847764788754,1,1,0,246.51272493787582
Porbandar,2023-10-22 02:15:00,hum,60.0,68.87777005492995,1,1,0,246.51272493787582
Porbandar,2023-10-23 02:00:00,hum,66.0,66.7929299273566,1,1,0,246.51272493787582
Porbandar,2023-10-24 02:15:00,hum,69.0,62.64633592120209,1,1,0,246.51272493787582
Porbandar,2023-10-25 02:15:00,hum,63.0,67.41000664976221,1,1,0,246.51272493787582
Porbandar,2023-10-26 02:00:00,hum,65.0,66.23937820574156,1,1,0,246.51272493787582
Porbandar,2023-10-27 02:15:00,hum,61.0,63.93071825995825,1,1,0,246.51272493787582
Porbandar,2023-10-28 02:00:00,hum,65.0,63.1559870186893,1,1,0,246.51272493787582
Porbandar,2023-10-29 02:30:00,hum,64.0,62.8222465569849,1,1,0,246.51272493787582
Porbandar,2023-10-30 01:45:00,hum,63.0,64.54124064669544,1,1,0,246.51272493787582
Pratapgarh,2023-10-15 02:30:00,hum,50.0,48.0,0,1,0,297.51083090388096
Pratapgarh,2023-10-16 02:30:00,hum,68.0,50.0,0,1,0,297.51083090388096
Pratapgarh,2023-10-17 02:30:00,hum,61.0,68.0,0,1,0,297.51083090388096
Pratapgarh,2023-10-18 02:30:00,hum,59.0,61.0,0,1,0,297.51083090388096
Pratapgarh,2023-10-19 02:30:00,hum,58.0,59.0,0,1,0,297.51083090388096
Pratapgarh,2023-10-20 02:30:00,hum,50.0,58.0,0,1,0,297.51083090388096
Pratapgarh,2023-10-21 02:15:00,hum,49.0,50.0,0,1,0,297.51083090388096
Pratapgarh,2023-10-22 02:30:00,hum,40.0,49.0,0,1,0,297.51083090388096
Pratapgarh,2023-10-23 02:15:00,hum,42.0,40.0,0,1,0,297.51083090388096
Pratapgarh,2023-10-24 02:15:00,hum,40.0,42.0,0,1,0,297.51083090388096
Pratapgarh,2023-10-25 02:15:00,hum,37.0,40.0,0,1,0,297.51083090388096
Pratapgarh,2023-10-26 02:00:00,hum,35.0,37.0,0,1,0,297.51083090388096
Pratapgarh,2023-10-27 02:15:00,hum,31.0,35.0,0,1,0,297.51083090388096
Pratapgarh,2023-10-28 02:00:00,hum,36.0,31.0,0,1,0,297.51083090388096
Pratapgarh,2023-10-29 02:45:00,hum,40.0,36.0,0,1,0,297.51083090388096
Pratapgarh,2023-10-30 02:00:00,hum,39.0,40.0,0,1,0,297.51083090388096
Puducherry,2023-10-15 02:30:00,hum,80.0,82.8862646777284,1,1,1,268.52344226792815
Puducherry,2023-10-16 02:30:00,hum,84.0,80.53061298774014,1,1,1,268.52344226792815
Puducherry,2023-10-17 02:15:00,hum,81.0,82.86940553682213,1,1,1,268.52344226792815
Puducherry,2023-10-18 02:30:00,hum,79.0,81.13483422260039,1,1,1,268.52344226792815
Puducherry,2023-10-19 02:15:00,hum,82.0,79.9693839493877,1,1,1,268.52344226792815
Puducherry,2023-10-20 02:30:00,hum,74.0,81.69144053135658,1,1,1,268.52344226792815
Puducherry,2023-10-21 02:15:00,hum,82.0,76.82066674632895,1,1,1,268.52344226792815
Puducherry,2023-10-22 02:15:00,hum,86.0,81.61099129083685,1,1,1,268.52344226792815
Puducherry,2023-10-23 02:15:00,hum,82.0,83.8230901837075,1,1,1,268.52344226792815
Puducherry,2023-10-24 02:15:00,hum,78.0,81.65529651537817,1,1,1,268.52344226792815
Puducherry,2023-10-25 02:15:00,hum,77.0,79.49416278944595,1,1,1,268.52344226792815
Puducherry,2023-10-26 02:00:00,hum,72.0,78.90565526924361,1,1,1,268.52344226792815
Puducherry,2023-10-27 02:15:00,hum,78.0,75.96383998527963,1,1,1,268.52344226792815
Puducherry,2023-10-28 02:00:00,hum,74.0,79.32680458606738,1,1,1,268.52344226792815
Puducherry,2023-10-29 02:30:00,hum,86.0,77.0240019226532,1,1,1,268.52344226792815
Puducherry,2023-10-30 01:45:00,hum,83.0,83.53281188844286,1,1,1,268.52344226792815
Pudukkottai,2023-10-15 02:30:00,hum,100.0,86.00038983291361,1,1,1,298.61627881136195
Pudukkottai,2023-10-16 02:30:00,hum,94.0,91.3050607477554,1,1,1,298.61627881136195
Pudukkottai,2023-10-17 02:30:00,hum,94.0,89.60652928160496,1,1,1,298.61627881136195
Pudukkottai,2023-10-18 02:30:00,hum,89.0,90.24046903431295,1,1,1,298.61627881136195
Pudukkottai,2023-10-19 02:30:00,hum,94.0,88.21428478753603,1,1,1,298.61627881136195
Pudukkottai,2023-10-20 02:30:00,hum,94.0,90.86347609843521,1,1,1,298.61627881136195
Pudukkottai,2023-10-21 02:15:00,hum,84.0,91.36555038232395,1,1,1,298.61627881136195
Pudukkottai,2023-10-22 02:30:00,hum,89.0,86.72933863683015,1,1,1,298.61627881136195
Pudukkottai,2023-10-23 02:15:00,hum,89.0,88.81468719769867,1,1,1,298.61627881136195
Pudukkottai,2023-10-24 02:15:00,hum,89.0,88.8325775046174,1,1,1,298.61627881136195
Pudukkottai,2023-10-25 02:30:00,hum,79.0,88.84795002648049,1,1,1,298.61627881136195
Pudukkottai,2023-10-26 02:00:00,hum,83.0,84.1981416476434,1,1,1,298.61627881136195
Pudukkottai,2023-10-27 02:30:00,hum,79.0,85.50480195049904,1,1,1,298.61627881136195
Pudukkottai,2023-10-28 02:00:00,hum,89.0,83.34071467328627,1,1,1,298.61627881136195
Pudukkottai,2023-10-29 02:45:00,hum,89.0,87.61911498622601,1,1,1,298.61627881136195
Pudukkottai,2023-10-30 02:00:00,hum,94.0,87.72127430145457,1,1,1,298.61627881136195
Pulwama,2023-10-15 02:30:00,hum,73.0,67.097038311331,2,1,2,327.23806007645067
Pulwama,2023-10-16 02:30:00,hum,66.0,79.21198577106497,2,1,2,327.23806007645067
Pulwama,2023-10-17 02:15:00,hum,92.0,64.2144452247208,2,1,2,327.23806007645067
Pulwama,2023-10-18 02:15:00,hum,87.0,81.50449111067843,2,1,2,327.23806007645067
Pulwama,2023-10-19 02:15:00,hum,61.0,73.96031299924607,2,1,2,327.23806007645067
Pulwama,2023-10-20 02:15:00,hum,53.0,55.992865257833046,2,1,2,327.23806007645067
Pulwama,2023-10-21 02:15:00,hum,47.0,60.82722758400917,2,1,2,327.23806007645067
Pulwama,2023-10-22 02:15:00,hum,46.0,63.576558643886145,2,1,2,327.23806007645067
Pulwama,2023-10-23 02:00:00,hum,82.0,61.32450413714436,2,1,2,327.23806007645067
Pulwama,2023-10-24 02:15:00,hum,57.0,84.59202943639968,2,1,2,327.23806007645067
Pulwama,2023-10-25 02:15:00,hum,58.0,47.798671608180506,2,1,2,327.23806007645067
Pulwama,2023-10-26 02:00:00,hum,44.0,44.11053675765673,2,1,2,327.23806007645067
Pulwama,2023-10-27 02:15:00,hum,45.0,34.95111994757959,2,1,2,327.23806007645067
Pulwama,2023-10-28 02:00:00,hum,46.0,44.84935514275105,2,1,2,327.23806007645067
Pulwama,2023-10-29 02:30:00,hum,45.0,53.7859298776489,2,1,2,327.23806007645067
Pulwama,2023-10-30 01:45:00,hum,37.0,56.3354085191438,2,1,2,327.23806007645067
Punch,2023-10-15 02:30:00,hum,38.0,30.816970575469114,2,1,2,324.2704645641003
Punch,2023-10-16 02:30:00,hum,38.0,39.459487640605815,2,1,2,324.2704645641003
Punch,2023-10-17 02:15:00,hum,69.0,38.694068514046016,2,1,2,324.2704645641003
Punch,2023-10-18 02:15:00,hum,58.0,61.725851277337235,2,1,2,324.2704645641003
Punch,2023-10-19 02:15:00,hum,41.0,69.56385621796635,2,1,2,324.2704645641003
Punch,2023-10-20 02:15:00,hum,41.0,41.81846677137259,2,1,2,324.2704645641003
Punch,2023-10-21 02:15:00,hum,43.0,41.99684739369341,2,1,2,324.2704645641003
Punch,2023-10-22 02:15:00,hum,42.0,43.0385961054581,2,1,2,324.2704645641003
Punch,2023-10-23 02:00:00,hum,44.0,42.80945751747537,2,1,2,324.2704645641003
Punch,2023-10-24 02:15:00,hum,40.0,43.611349510315335,2,1,2,324.2704645641003
Punch,2023-10-25 02:15:00,hum,43.0,41.430918449156074,2,1,2,324.2704645641003
Punch,2023-10-26 02:00:00,hum,35.0,42.202997354595446,2,1,2,324.2704645641003
Punch,2023-10-27 02:15:00,hum,34.0,37.79017324274514,2,1,2,324.2704645641003
Punch,2023-10-28 02:00:00,hum,34.0,34.1974104554908,2,1,2,324.2704645641003
Punch,2023-10-29 02:30:00,hum,33.0,35.45103607943946,2,1,2,324.2704645641003
Punch,2023-10-30 01:45:00,hum,36.0,33.56419391884516,2,1,2,324.2704645641003
Pune,2023-10-15 02:30:00,hum,70.0,72.14078170417989,1,1,2,259.9155646542868
Pune,2023-10-16 02:30:00,hum,71.0,69.78126653095643,1,1,2,259.9155646542868
Pune,2023-10-17 02:15:00,hum,67.0,71.69689753067134,1,1,2,259.9155646542868
Pune,2023-10-18 02:30:00,hum,69.0,68.2782899757007,1,1,2,259.9155646542868
Pune,2023-10-19 02:15:00,hum,60.0,67.79334210445369,1,1,2,259.9155646542868
Pune,2023-10-20 02:30:00,hum,70.0,62.41585299673643,1,1,2,259.9155646542868
Pune,2023-10-21 02:15:00,hum,66.0,65.95982330713207,1,1,2,259.9155646542868
Pune,2023-10-22 02:15:00,hum,62.0,65.86486279168805,1,1,2,259.9155646542868
Pune,2023-10-23 02:15:00,hum,66.0,63.10874722965163,1,1,2,259.9155646542868
Pune,2023-10-24 02:15:00,hum,59.0,64.50867337181934,1,1,2,259.9155646542868
Pune,2023-10-25 02:15:00,hum,57.0,62.09679578758518,1,1,2,259.9155646542868
Pune,2023-10-26 02:00:00,hum,49.0,58.081811957547345,1,1,2,259.9155646542868
Pune,2023-10-27 02:15:00,hum,45.0,52.060081442462234,1,1,2,259.9155646542868
Pune,2023-10-28 02:00:00,hum,46.0,46.172423683533,1,1,2,259.9155646542868
Pune,2023-10-29 02:45:00,hum,47.0,44.37789863125396,1,1,2,259.9155646542868
Pune,2023-10-30 01:45:00,hum,50.0,44.38424947922087,1,1,2,259.9155646542868
Puri,2023-10-15 02:30:00,hum,84.0,82.92395159998082,0,1,1,279.787342927013
Puri,2023-10-16 02:30:00,hum,89.0,83.30833583997833,0,1,1,279.787342927013
Puri,2023-10-17 02:30:00,hum,89.0,84.89058709013011,0,1,1,279.787342927013
Puri,2023-10-18 02:30:00,hum,94.0,85.83247406387507,0,1,1,279.787342927013
Puri,2023-10-19 02:30:00,hum,89.0,87.56113779492622,0,1,1,279.787342927013
Puri,2023-10-20 02:30:00,hum,94.0,87.88322871812312,0,1,1,279.787342927013
Puri,2023-10-21 02:15:00,hum,89.0,89.42905331563466,0,1,1,279.787342927013
Puri,2023-10-22 02:15:00,hum,83.0,89.30094317587455,0,1,1,279.787342927013
Puri,2023-10-23 02:15:00,hum,79.0,87.83190286993319,0,1,1,279.787342927013
Puri,2023-10-24 02:15:00,hum,89.0,86.02178015517757,0,1,1,279.787342927013
Puri,2023-10-25 02:15:00,hum,94.0,86.66589479758714,0,1,1,279.787342927013
Puri,2023-10-26 02:00:00,hum,94.0,88.06356236183632,0,1,1,279.787342927013
Puri,2023-10-27 02:15:00,hum,83.0,89.25194174354851,0,1,1,279.787342927013
Puri,2023-10-28 02:00:00,hum,78.0,88.00657895438665,0,1,1,279.787342927013
Puri,2023-10-29 02:45:00,hum,83.0,86.25215524510833,0,1,1,279.787342927013
Puri,2023-10-30 02:00:00,hum,88.0,85.60717298921723,0,1,1,279.787342927013
Puri District,2023-10-17 02:30:00,hum,89.0,84.91676468578369,0,1,1,296.602865864052
Puri District,2023-10-18 02:30:00,hum,94.0,85.84090882609377,0,1,1,296.602865864052
Puri District,2023-10-19 02:15:00,hum,89.0,87.5337921830324,0,1,1,296.602865864052
Puri District,2023-10-20 02:30:00,hum,94.0,87.85152743518722,0,1,1,296.602865864052
Puri District,2023-10-21 02:15:00,hum,89.0,89.34818336503692,0,1,1,296.602865864052
Puri District,2023-10-22 02:15:00,hum,83.0,89.24661290145302,0,1,1,296.602865864052
Puri District,2023-10-23 02:15:00,hum,79.0,87.82852151976047,0,1,1,296.602865864052
Puri District,2023-10-24 02:15:00,hum,89.0,86.06121672269165,0,1,1,296.602865864052
Puri District,2023-10-25 02:15:00,hum,94.0,86.6808599285047,0,1,1,296.602865864052
Puri District,2023-10-26 02:00:00,hum,94.0,88.04901292715176,0,1,1,296.602865864052
Puri District,2023-10-27 02:15:00,hum,83.0,89.21194173714382,0,1,1,296.602865864052
Puri District,2023-10-28 02:00:00,hum,78.0,88.00235827443373,0,1,1,296.602865864052
Puri District,2023-10-29 02:30:00,hum,83.0,86.2771131297921,0,1,1,296.602865864052
Puri District,2023-10-29 02:45:00,hum,83.0,85.64074405442985,0,1,1,296.602865864052
Puri District,2023-10-30 01:45:00,hum,88.0,85.08824414457763,0,1,1,296.602865864052
Puri District,2023-10-30 02:00:00,hum,88.0,85.6845617637002,0,1,1,296.602865864052
Purnia,2023-10-15 02:30:00,hum,73.0,66.0,0,1,0,299.0155986218589
Purnia,2023-10-16 02:30:00,hum,69.0,73.0,0,1,0,299.0155986218589
Purnia,2023-10-17 02:15:00,hum,79.0,69.0,0,1,0,299.0155986218589
Purnia,2023-10-18 02:30:00,hum,77.0,79.0,0,1,0,299.0155986218589
Purnia,2023-10-19 02:15:00,hum,72.0,77.0,0,1,0,299.0155986218589
Purnia,2023-10-20 02:30:00,hum,78.0,72.0,0,1,0,299.0155986218589
Purnia,2023-10-21 02:15:00,hum,75.0,78.0,0,1,0,299.0155986218589
Purnia,2023-10-22 02:15:00,hum,72.0,75.0,0,1,0,299.0155986218589
Purnia,2023-10-23 02:00:00,hum,78.0,72.0,0,1,0,299.0155986218589
Purnia,2023-10-24 02:15:00,hum,77.0,78.0,0,1,0,299.0155986218589
Purnia,2023-10-25 02:15:00,hum,73.0,77.0,0,1,0,299.0155986218589
Purnia,2023-10-26 02:00:00,hum,76.0,73.0,0,1,0,299.0155986218589
Purnia,2023-10-27 02:15:00,hum,57.0,76.0,0,1,0,299.0155986218589
Purnia,2023-10-28 02:00:00,hum,63.0,57.0,0,1,0,299.0155986218589
Purnia,2023-10-29 02:30:00,hum,59.0,63.0,0,1,0,299.0155986218589
Purnia,2023-10-30 01:45:00,hum,66.0,59.0,0,1,0,299.0155986218589
Puruliya,2023-10-15 02:30:00,hum,69.0,68.0,0,1,0,294.3375126424733
Puruliya,2023-10-16 02:30:00,hum,66.0,69.0,0,1,0,294.3375126424733
Puruliya,2023-10-17 02:30:00,hum,76.0,66.0,0,1,0,294.3375126424733
Puruliya,2023-10-18 02:30:00,hum,74.0,76.0,0,1,0,294.3375126424733
Puruliya,2023-10-19 02:15:00,hum,78.0,74.0,0,1,0,294.3375126424733
Puruliya,2023-10-20 02:30:00,hum,71.0,78.0,0,1,0,294.3375126424733
Puruliya,2023-10-21 02:15:00,hum,72.0,71.0,0,1,0,294.3375126424733
Puruliya,2023-10-22 02:15:00,hum,65.0,72.0,0,1,0,294.3375126424733
Puruliya,2023-10-23 02:15:00,hum,67.0,65.0,0,1,0,294.3375126424733
Puruliya,2023-10-24 02:15:00,hum,72.0,67.0,0,1,0,294.3375126424733
Puruliya,2023-10-25 02:15:00,hum,73.0,72.0,0,1,0,294.3375126424733
Puruliya,2023-10-26 02:00:00,hum,68.0,73.0,0,1,0,294.3375126424733
Puruliya,2023-10-27 02:15:00,hum,61.0,68.0,0,1,0,294.3375126424733
Puruliya,2023-10-28 02:00:00,hum,77.0,61.0,0,1,0,294.3375126424733
Puruliya,2023-10-29 02:45:00,hum,62.0,77.0,0,1,0,294.3375126424733
Puruliya,2023-10-30 02:00:00,hum,62.0,62.0,0,1,0,294.3375126424733
Rae Bareli,2023-10-15 02:30:00,hum,48.0,52.31273449791386,0,1,1,310.0746394103022
Rae Bareli,2023-10-16 02:30:00,hum,61.0,46.625981253210945,0,1,1,310.0746394103022
Rae Bareli,2023-10-17 02:30:00,hum,80.0,65.26545928988871,0,1,1,310.0746394103022
Rae Bareli,2023-10-18 02:30:00,hum,69.0,84.97701468646835,0,1,1,310.0746394103022
Rae Bareli,2023-10-19 02:30:00,hum,57.0,63.82511020758711,0,1,1,310.0746394103022
Rae Bareli,2023-10-20 02:30:00,hum,49.0,54.7488113802592,0,1,1,310.0746394103022
Rae Bareli,2023-10-21 02:15:00,hum,52.0,46.91144478511239,0,1,1,310.0746394103022
Rae Bareli,2023-10-22 02:30:00,hum,51.0,53.79691859479734,0,1,1,310.0746394103022
Rae Bareli,2023-10-23 02:15:00,hum,61.0,50.02873658771365,0,1,1,310.0746394103022
Rae Bareli,2023-10-24 02:15:00,hum,58.0,64.68396512845464,0,1,1,310.0746394103022
Rae Bareli,2023-10-25 02:30:00,hum,53.0,55.94759205705137,0,1,1,310.0746394103022
Rae Bareli,2023-10-26 02:00:00,hum,62.0,52.0643994122873,0,1,1,310.0746394103022
Rae Bareli,2023-10-27 02:30:00,hum,42.0,65.24988552221777,0,1,1,310.0746394103022
Rae Bareli,2023-10-28 02:00:00,hum,36.0,36.02438942730517,0,1,1,310.0746394103022
Rae Bareli,2023-10-29 02:45:00,hum,45.0,35.99516171610472,0,1,1,310.0746394103022
Rae Bareli,2023-10-30 02:00:00,hum,47.0,47.49504880752447,0,1,1,310.0746394103022
Raichur,2023-10-15 02:30:00,hum,64.0,67.03108373175031,1,1,1,304.60093630548414
Raichur,2023-10-16 02:30:00,hum,62.0,66.15896622624923,1,1,1,304.60093630548414
Raichur,2023-10-17 02:30:00,hum,62.0,64.45710489495814,1,1,1,304.60093630548414
Raichur,2023-10-18 02:30:00,hum,65.0,64.338938903251,1,1,1,304.60093630548414
Raichur,2023-10-19 02:15:00,hum,66.0,66.6801738501821,1,1,1,304.60093630548414
Raichur,2023-10-20 02:30:00,hum,68.0,67.43060489469553,1,1,1,304.60093630548414
Raichur,2023-10-21 02:15:00,hum,69.0,68.98547906534704,1,1,1,304.60093630548414
Raichur,2023-10-22 02:15:00,hum,69.0,69.75555496745956,1,1,1,304.60093630548414
Raichur,2023-10-23 02:15:00,hum,54.0,69.741681048896,1,1,1,304.60093630548414
Raichur,2023-10-24 02:15:00,hum,63.0,57.12797612735798,1,1,1,304.60093630548414
Raichur,2023-10-25 02:15:00,hum,55.0,64.13621699527559,1,1,1,304.60093630548414
Raichur,2023-10-26 02:00:00,hum,56.0,57.62158389009071,1,1,1,304.60093630548414
Raichur,2023-10-27 02:15:00,hum,49.0,58.102812819603884,1,1,1,304.60093630548414
Raichur,2023-10-28 02:00:00,hum,59.0,52.15448282928802,1,1,1,304.60093630548414
Raichur,2023-10-29 02:45:00,hum,65.0,59.84062721557886,1,1,1,304.60093630548414
Raichur,2023-10-30 02:00:00,hum,77.0,64.5463826168812,1,1,1,304.60093630548414
Raigarh,2023-10-15 02:30:00,hum,72.0,72.0,0,1,0,286.6299518615244
Raigarh,2023-10-16 02:30:00,hum,68.0,72.0,0,1,0,286.6299518615244
Raigarh,2023-10-17 02:30:00,hum,71.0,68.0,0,1,0,286.6299518615244
Raigarh,2023-10-18 02:30:00,hum,76.0,71.0,0,1,0,286.6299518615244
Raigarh,2023-10-19 02:15:00,hum,75.0,76.0,0,1,0,286.6299518615244
Raigarh,2023-10-20 02:30:00,hum,71.0,75.0,0,1,0,286.6299518615244
Raigarh,2023-10-21 02:15:00,hum,63.0,71.0,0,1,0,286.6299518615244
Raigarh,2023-10-22 02:15:00,hum,66.0,63.0,0,1,0,286.6299518615244
Raigarh,2023-10-23 02:15:00,hum,63.0,66.0,0,1,0,286.6299518615244
Raigarh,2023-10-24 02:15:00,hum,76.0,63.0,0,1,0,286.6299518615244
Raigarh,2023-10-25 02:15:00,hum,69.0,76.0,0,1,0,286.6299518615244
Raigarh,2023-10-26 02:00:00,hum,60.0,69.0,0,1,0,286.6299518615244
Raigarh,2023-10-27 02:15:00,hum,60.0,59.99999999999999,0,1,0,286.6299518615244
Raigarh,2023-10-28 02:00:00,hum,65.0,60.0,0,1,0,286.6299518615244
Raigarh,2023-10-29 02:30:00,hum,66.0,65.0,0,1,0,286.6299518615244
Raigarh,2023-10-30 01:45:00,hum,66.0,66.0,0,1,0,286.6299518615244
Raipur,2023-10-15 02:30:00,hum,65.0,65.0254948105155,0,1,2,270.200936800124
Raipur,2023-10-16 02:30:00,hum,65.0,67.05770172793655,0,1,2,270.200936800124
Raipur,2023-10-17 02:30:00,hum,65.0,65.2999851767949,0,1,2,270.200936800124
Raipur,2023-10-18 02:30:00,hum,70.0,63.60980916086938,0,1,2,270.200936800124
Raipur,2023-10-19 02:15:00,hum,79.0,68.81480745318737,0,1,2,270.200936800124
Raipur,2023-10-20 02:30:00,hum,78.0,81.84719963097575,0,1,2,270.200936800124
Raipur,2023-10-21 02:15:00,hum,70.0,84.12537738047197,0,1,2,270.200936800124
Raipur,2023-10-22 02:15:00,hum,66.0,71.32777459444965,0,1,2,270.200936800124
Raipur,2023-10-23 02:15:00,hum,61.0,61.55814747145877,0,1,2,270.200936800124
Raipur,2023-10-24 02:15:00,hum,64.0,59.390841447685425,0,1,2,270.200936800124
Raipur,2023-10-25 02:15:00,hum,65.0,63.51000521368944,0,1,2,270.200936800124
Raipur,2023-10-26 02:00:00,hum,60.0,66.79774944601957,0,1,2,270.200936800124
Raipur,2023-10-27 02:15:00,hum,56.0,61.141322520676695,0,1,2,270.200936800124
Raipur,2023-10-28 02:00:00,hum,63.0,53.634203669685796,0,1,2,270.200936800124
Raipur,2023-10-29 02:30:00,hum,65.0,60.6618473837612,0,1,2,270.200936800124
Raipur,2023-10-30 01:45:00,hum,67.0,66.39312232858929,0,1,2,270.200936800124
Raisen,2023-10-15 02:30:00,hum,44.0,47.0,0,1,0,300.83654813258636
Raisen,2023-10-16 02:30:00,hum,50.0,44.0,0,1,0,300.83654813258636
Raisen,2023-10-17 02:15:00,hum,74.0,50.0,0,1,0,300.83654813258636
Raisen,2023-10-18 02:15:00,hum,69.0,74.0,0,1,0,300.83654813258636
Raisen,2023-10-19 02:15:00,hum,65.0,69.0,0,1,0,300.83654813258636
Raisen,2023-10-20 02:15:00,hum,52.0,65.0,0,1,0,300.83654813258636
Raisen,2023-10-21 02:00:00,hum,50.0,52.0,0,1,0,300.83654813258636
Raisen,2023-10-22 02:15:00,hum,40.0,50.0,0,1,0,300.83654813258636
Raisen,2023-10-23 02:00:00,hum,54.0,40.0,0,1,0,300.83654813258636
Raisen,2023-10-24 02:15:00,hum,51.0,54.0,0,1,0,300.83654813258636
Raisen,2023-10-25 02:15:00,hum,45.0,51.0,0,1,0,300.83654813258636
Raisen,2023-10-26 02:00:00,hum,43.0,45.0,0,1,0,300.83654813258636
Raisen,2023-10-27 02:15:00,hum,44.0,43.0,0,1,0,300.83654813258636
Raisen,2023-10-28 02:00:00,hum,41.0,44.0,0,1,0,300.83654813258636
Raisen,2023-10-29 02:30:00,hum,41.0,41.0,0,1,0,300.83654813258636
Raisen,2023-10-30 01:45:00,hum,60.0,41.0,0,1,0,300.83654813258636
Rajgarh,2023-10-15 02:30:00,hum,35.0,38.0,0,1,0,305.439791932431
Rajgarh,2023-10-16 02:30:00,hum,44.0,35.0,0,1,0,305.439791932431
Rajgarh,2023-10-17 02:15:00,hum,72.0,44.0,0,1,0,305.439791932431
Rajgarh,2023-10-18 02:15:00,hum,62.0,72.0,0,1,0,305.439791932431
Rajgarh,2023-10-19 02:15:00,hum,47.0,62.0,0,1,0,305.439791932431
Rajgarh,2023-10-20 02:15:00,hum,43.0,47.0,0,1,0,305.439791932431
Rajgarh,2023-10-21 02:00:00,hum,44.0,43.0,0,1,0,305.439791932431
Rajgarh,2023-10-22 02:15:00,hum,44.0,44.0,0,1,0,305.439791932431
Rajgarh,2023-10-23 02:00:00,hum,40.0,44.0,0,1,0,305.439791932431
Rajgarh,2023-10-24 02:15:00,hum,38.0,40.0,0,1,0,305.439791932431
Rajgarh,2023-10-25 02:15:00,hum,37.0,38.0,0,1,0,305.439791932431
Rajgarh,2023-10-26 02:00:00,hum,36.0,37.0,0,1,0,305.439791932431
Rajgarh,2023-10-27 02:15:00,hum,29.0,36.0,0,1,0,305.439791932431
Rajgarh,2023-10-28 02:00:00,hum,24.0,28.999999999999996,0,1,0,305.439791932431
Rajgarh,2023-10-29 02:30:00,hum,35.0,24.0,0,1,0,305.439791932431
Rajgarh,2023-10-30 01:45:00,hum,36.0,35.0,0,1,0,305.439791932431
Rajkot,2023-10-15 02:30:00,hum,57.0,64.8260973005107,0,1,1,297.00255392523195
Rajkot,2023-10-16 02:30:00,hum,73.0,58.847446146752034,0,1,1,297.00255392523195
Rajkot,2023-10-17 02:15:00,hum,74.0,68.862788821562,0,1,1,297.00255392523195
Rajkot,2023-10-18 02:15:00,hum,70.0,72.6204030235956,0,1,1,297.00255392523195
Rajkot,2023-10-19 02:15:00,hum,38.0,70.74246529125473,0,1,1,297.00255392523195
Rajkot,2023-10-20 02:30:00,hum,38.0,47.2910932069033,0,1,1,297.00255392523195
Rajkot,2023-10-21 02:15:00,hum,40.0,38.91093724287523,0,1,1,297.00255392523195
Rajkot,2023-10-22 02:15:00,hum,46.0,39.82150345947044,0,1,1,297.00255392523195
Rajkot,2023-10-23 02:00:00,hum,40.0,44.9259824909334,0,1,1,297.00255392523195
Rajkot,2023-10-24 02:15:00,hum,39.0,40.90023867562527,0,1,1,297.00255392523195
Rajkot,2023-10-25 02:15:00,hum,34.0,39.34522793381987,0,1,1,297.00255392523195
Rajkot,2023-10-26 02:00:00,hum,33.0,34.946142462697615,0,1,1,297.00255392523195
Rajkot,2023-10-27 02:15:00,hum,51.0,33.33317800448877,0,1,1,297.00255392523195
Rajkot,2023-10-28 02:00:00,hum,49.0,47.586224324494864,0,1,1,297.00255392523195
Rajkot,2023-10-29 02:30:00,hum,47.0,48.76545325096944,0,1,1,297.00255392523195
Rajkot,2023-10-30 01:45:00,hum,30.0,47.32978255298658,0,1,1,297.00255392523195
Rajsamand,2023-10-15 02:30:00,hum,66.0,52.27777420171599,2,1,2,295.2016574235423
Rajsamand,2023-10-16 02:30:00,hum,59.0,65.99300731688267,2,1,2,295.2016574235423
Rajsamand,2023-10-17 02:30:00,hum,57.0,62.30259472677963,2,1,2,295.2016574235423
Rajsamand,2023-10-18 02:30:00,hum,62.0,50.62161240534735,2,1,2,295.2016574235423
Rajsamand,2023-10-19 02:30:00,hum,52.0,63.992558180162455,2,1,2,295.2016574235423
Rajsamand,2023-10-20 02:30:00,hum,49.0,50.46150617622292,2,1,2,295.2016574235423
Rajsamand,2023-10-21 02:15:00,hum,41.0,45.517872519050684,2,1,2,295.2016574235423
Rajsamand,2023-10-22 02:30:00,hum,35.0,40.50536899029628,2,1,2,295.2016574235423
Rajsamand,2023-10-23 02:15:00,hum,37.0,31.627488390833648,2,1,2,295.2016574235423
Rajsamand,2023-10-24 02:15:00,hum,39.0,36.5317483734674,2,1,2,295.2016574235423
Rajsamand,2023-10-25 02:30:00,hum,36.0,39.324830106910944,2,1,2,295.2016574235423
Rajsamand,2023-10-26 02:00:00,hum,34.0,39.48360634365144,2,1,2,295.2016574235423
Rajsamand,2023-10-27 02:15:00,hum,25.0,33.880749369301284,2,1,2,295.2016574235423
Rajsamand,2023-10-28 02:00:00,hum,30.0,24.47414282257634,2,1,2,295.2016574235423
Rajsamand,2023-10-29 02:45:00,hum,35.0,28.719672818338093,2,1,2,295.2016574235423
Rajsamand,2023-10-30 02:00:00,hum,38.0,34.788221215402345,2,1,2,295.2016574235423
Ramanathapuram,2023-10-15 02:30:00,hum,79.0,77.280889775792,2,1,2,238.96086207191993
Ramanathapuram,2023-10-16 02:30:00,hum,76.0,79.9124803882825,2,1,2,238.96086207191993
Ramanathapuram,2023-10-17 02:30:00,hum,83.0,76.84689095856203,2,1,2,238.96086207191993
Ramanathapuram,2023-10-18 02:30:00,hum,80.0,82.00012611784264,2,1,2,238.96086207191993
Ramanathapuram,2023-10-19 02:30:00,hum,76.0,78.47061852056214,2,1,2,238.96086207191993
Ramanathapuram,2023-10-20 02:30:00,hum,79.0,78.47711110797148,2,1,2,238.96086207191993
Ramanathapuram,2023-10-21 02:15:00,hum,72.0,79.98831619434783,2,1,2,238.96086207191993
Ramanathapuram,2023-10-22 02:30:00,hum,75.0,69.69104852403018,2,1,2,238.96086207191993
Ramanathapuram,2023-10-23 02:15:00,hum,73.0,75.78166644775956,2,1,2,238.96086207191993
Ramanathapuram,2023-10-24 02:15:00,hum,78.0,73.70537376311687,2,1,2,238.96086207191993
Ramanathapuram,2023-10-25 02:30:00,hum,77.0,76.80584158319822,2,1,2,238.96086207191993
Ramanathapuram,2023-10-26 02:00:00,hum,76.0,76.08859693956312,2,1,2,238.96086207191993
Ramanathapuram,2023-10-27 02:15:00,hum,75.0,77.00143973857858,2,1,2,238.96086207191993
Ramanathapuram,2023-10-28 02:00:00,hum,77.0,77.9929633783171,2,1,2,238.96086207191993
Ramanathapuram,2023-10-29 02:45:00,hum,79.0,79.01823406645462,2,1,2,238.96086207191993
Ramanathapuram,2023-10-30 02:00:00,hum,78.0,79.04209761662092,2,1,2,238.96086207191993
Ramban,2023-10-15 02:30:00,hum,61.0,51.383277891495396,0,1,2,325.66422977689933
Ramban,2023-10-16 02:30:00,hum,58.0,60.01150669090565,0,1,2,325.66422977689933
Ramban,2023-10-17 02:15:00,hum,77.0,55.160726760971635,0,1,2,325.66422977689933
Ramban,2023-10-18 02:15:00,hum,75.0,75.04947436109704,0,1,2,325.66422977689933
Ramban,2023-10-19 02:15:00,hum,65.0,69.02491988503735,0,1,2,325.66422977689933
Ramban,2023-10-20 02:15:00,hum,61.0,65.41646957377729,0,1,2,325.66422977689933
Ramban,2023-10-21 02:15:00,hum,60.0,62.62610672856284,0,1,2,325.66422977689933
Ramban,2023-10-22 02:15:00,hum,66.0,61.68549757430139,0,1,2,325.66422977689933
Ramban,2023-10-23 02:00:00,hum,77.0,66.2499914696767,0,1,2,325.66422977689933
Ramban,2023-10-24 02:15:00,hum,60.0,74.33463865962305,0,1,2,325.66422977689933
Ramban,2023-10-25 02:15:00,hum,58.0,58.66278553824835,0,1,2,325.66422977689933
Ramban,2023-10-26 02:00:00,hum,43.0,62.611011761665026,0,1,2,325.66422977689933
Ramban,2023-10-27 02:15:00,hum,42.0,46.172679332630196,0,1,2,325.66422977689933
Ramban,2023-10-28 02:00:00,hum,43.0,47.95723022702629,0,1,2,325.66422977689933
Ramban,2023-10-29 02:30:00,hum,41.0,44.482263225774915,0,1,2,325.66422977689933
Ramban,2023-10-30 01:45:00,hum,37.0,42.49786586254201,0,1,2,325.66422977689933
Ramgarh,2023-10-15 02:30:00,hum,83.0,72.21340160038157,1,1,2,303.15994250666597
Ramgarh,2023-10-16 02:30:00,hum,94.0,70.5628725874946,1,1,2,303.15994250666597
Ramgarh,2023-10-17 02:15:00,hum,74.0,85.67490119999408,1,1,2,303.15994250666597
Ramgarh,2023-10-18 02:30:00,hum,94.0,82.65795617461494,1,1,2,303.15994250666597
Ramgarh,2023-10-19 02:15:00,hum,88.0,81.05771952753778,1,1,2,303.15994250666597
Ramgarh,2023-10-20 02:30:00,hum,83.0,87.40381075670852,1,1,2,303.15994250666597
Ramgarh,2023-10-21 02:15:00,hum,94.0,83.87873144995487,1,1,2,303.15994250666597
Ramgarh,2023-10-22 02:15:00,hum,94.0,87.15201376185027,1,1,2,303.15994250666597
Ramgarh,2023-10-23 02:00:00,hum,77.0,88.84668744999829,1,1,2,303.15994250666597
Ramgarh,2023-10-24 02:15:00,hum,78.0,86.91427522981783,1,1,2,303.15994250666597
Ramgarh,2023-10-25 02:15:00,hum,77.0,84.1057063920897,1,1,2,303.15994250666597
Ramgarh,2023-10-26 02:00:00,hum,83.0,82.34472188590867,1,1,2,303.15994250666597
Ramgarh,2023-10-27 02:15:00,hum,83.0,82.87123386040784,1,1,2,303.15994250666597
Ramgarh,2023-10-28 02:00:00,hum,77.0,83.14300275709526,1,1,2,303.15994250666597
Ramgarh,2023-10-29 02:30:00,hum,64.0,81.60732020854753,1,1,2,303.15994250666597
Ramgarh,2023-10-30 01:45:00,hum,83.0,76.23157975323099,1,1,2,303.15994250666597
Rampur,2023-10-15 02:30:00,hum,59.0,57.69752085217862,0,1,1,328.3553873898983
Rampur,2023-10-16 02:30:00,hum,60.0,58.21742248514379,0,1,1,328.3553873898983
Rampur,2023-10-17 02:30:00,hum,85.0,58.917646480445434,0,1,1,328.3553873898983
Rampur,2023-10-18 02:30:00,hum,64.0,69.122711398744,0,1,1,328.3553873898983
Rampur,2023-10-19 02:30:00,hum,59.0,66.90894429525922,0,1,1,328.3553873898983
Rampur,2023-10-20 02:30:00,hum,67.0,63.974681361322155,0,1,1,328.3553873898983
Rampur,2023-10-21 02:15:00,hum,58.0,65.0637262802874,0,1,1,328.3553873898983
Rampur,2023-10-22 02:30:00,hum,61.0,62.53459529138016,0,1,1,328.3553873898983
Rampur,2023-10-23 02:15:00,hum,55.0,61.98240707995198,0,1,1,328.3553873898983
Rampur,2023-10-24 02:15:00,hum,53.0,59.43894723358558,0,1,1,328.3553873898983
Rampur,2023-10-25 02:30:00,hum,54.0,56.99979765166832,0,1,1,328.3553873898983
Rampur,2023-10-26 02:00:00,hum,50.0,55.83581067690969,0,1,1,328.3553873898983
Rampur,2023-10-27 02:30:00,hum,58.0,53.54429191854546,0,1,1,328.3553873898983
Rampur,2023-10-28 02:00:00,hum,53.0,55.27731522732603,0,1,1,328.3553873898983
Rampur,2023-10-29 02:45:00,hum,53.0,54.416981188988,0,1,1,328.3553873898983
Rampur,2023-10-30 02:00:00,hum,58.0,53.880243276385364,0,1,1,328.3553873898983
Ranchi,2023-10-15 02:30:00,hum,83.0,72.20320732506619,1,1,2,301.281649451829
Ranchi,2023-10-16 02:30:00,hum,94.0,78.46573713898331,1,1,2,301.281649451829
Ranchi,2023-10-17 02:15:00,hum,74.0,85.93350124355058,1,1,2,301.281649451829
Ranchi,2023-10-18 02:30:00,hum,94.0,82.61418044404489,1,1,2,301.281649451829
Ranchi,2023-10-19 02:15:00,hum,88.0,81.18796127496108,1,1,2,301.281649451829
Ranchi,2023-10-20 02:30:00,hum,83.0,87.35935914000345,1,1,2,301.281649451829
Ranchi,2023-10-21 02:15:00,hum,94.0,83.96538237350958,1,1,2,301.281649451829
Ranchi,2023-10-22 02:15:00,hum,94.0,87.1282103997308,1,1,2,301.281649451829
Ranchi,2023-10-23 02:00:00,hum,77.0,88.86787711844393,1,1,2,301.281649451829
Ranchi,2023-10-24 02:15:00,hum,78.0,85.90957465879598,1,1,2,301.281649451829
Ranchi,2023-10-25 02:15:00,hum,77.0,84.14629493016635,1,1,2,301.281649451829
Ranchi,2023-10-26 02:00:00,hum,83.0,82.36260634262487,1,1,2,301.281649451829
Ranchi,2023-10-27 02:15:00,hum,83.0,82.87852698362317,1,1,2,301.281649451829
Ranchi,2023-10-28 02:00:00,hum,77.0,83.14569511061728,1,1,2,301.281649451829
Ranchi,2023-10-29 02:30:00,hum,64.0,81.36243744302675,1,1,2,301.281649451829
Ranchi,2023-10-30 01:45:00,hum,83.0,76.20567927392337,1,1,2,301.281649451829
Ranipet,2023-10-15 02:30:00,hum,90.0,89.16999656188973,0,1,1,300.8990553052502
Ranipet,2023-10-16 02:30:00,hum,92.0,89.73434408068935,0,1,1,300.8990553052502
Ranipet,2023-10-17 02:30:00,hum,92.0,91.27772338383113,0,1,1,300.8990553052502
Ranipet,2023-10-18 02:30:00,hum,83.0,91.77078007119896,0,1,1,300.8990553052502
Ranipet,2023-10-19 02:30:00,hum,89.0,85.84672083631062,0,1,1,300.8990553052502
Ranipet,2023-10-20 02:30:00,hum,87.0,87.97058333076836,0,1,1,300.8990553052502
Ranipet,2023-10-21 02:30:00,hum,89.0,87.32742326575644,0,1,1,300.8990553052502
Ranipet,2023-10-22 02:30:00,hum,80.0,88.43460625305627,0,1,1,300.8990553052502
Ranipet,2023-10-23 02:15:00,hum,85.0,82.89266693109673,0,1,1,300.8990553052502
Ranipet,2023-10-24 02:15:00,hum,78.0,84.2816074525964,0,1,1,300.8990553052502
Ranipet,2023-10-25 02:30:00,hum,79.0,80.18939482258145,0,1,1,300.8990553052502
Ranipet,2023-10-26 02:00:00,hum,78.0,79.40440253283847,0,1,1,300.8990553052502
Ranipet,2023-10-27 02:30:00,hum,89.0,78.48082471104827,0,1,1,300.8990553052502
Ranipet,2023-10-28 02:00:00,hum,92.0,85.2787667043012,0,1,1,300.8990553052502
Ranipet,2023-10-29 02:45:00,hum,94.0,89.87737083790705,0,1,1,300.8990553052502
Ranipet,2023-10-30 02:00:00,hum,92.0,92.76075749330187,0,1,1,300.8990553052502
Ratlam,2023-10-15 02:30:00,hum,54.0,50.0,0,1,0,301.72891960367247
Ratlam,2023-10-16 02:30:00,hum,66.0,54.0,0,1,0,301.72891960367247
Ratlam,2023-10-17 02:15:00,hum,62.0,66.0,0,1,0,301.72891960367247
Ratlam,2023-10-18 02:15:00,hum,62.0,62.0,0,1,0,301.72891960367247
Ratlam,2023-10-19 02:15:00,hum,54.0,62.0,0,1,0,301.72891960367247
Ratlam,2023-10-20 02:15:00,hum,52.0,54.0,0,1,0,301.72891960367247
Ratlam,2023-10-21 02:00:00,hum,54.0,52.0,0,1,0,301.72891960367247
Ratlam,2023-10-22 02:15:00,hum,55.0,54.0,0,1,0,301.72891960367247
Ratlam,2023-10-23 02:00:00,hum,43.0,55.0,0,1,0,301.72891960367247
Ratlam,2023-10-24 02:15:00,hum,40.0,43.0,0,1,0,301.72891960367247
Ratlam,2023-10-25 02:15:00,hum,40.0,40.0,0,1,0,301.72891960367247
Ratlam,2023-10-26 02:00:00,hum,34.0,40.0,0,1,0,301.72891960367247
Ratlam,2023-10-27 02:15:00,hum,30.0,34.0,0,1,0,301.72891960367247
Ratlam,2023-10-28 02:00:00,hum,37.0,29.999999999999996,0,1,0,301.72891960367247
Ratlam,2023-10-29 02:30:00,hum,39.0,37.0,0,1,0,301.72891960367247
Ratlam,2023-10-30 01:45:00,hum,40.0,39.0,0,1,0,301.72891960367247
Ratnagiri,2023-10-15 02:30:00,hum,70.0,83.10695318185472,1,1,1,223.3796808456846
Ratnagiri,2023-10-16 02:30:00,hum,83.0,73.23404918110491,1,1,1,223.3796808456846
Ratnagiri,2023-10-17 02:30:00,hum,80.0,84.68933381697592,1,1,1,223.3796808456846
Ratnagiri,2023-10-18 02:30:00,hum,84.0,82.77906689383701,1,1,1,223.3796808456846
Ratnagiri,2023-10-19 02:30:00,hum,80.0,85.12010275463042,1,1,1,223.3796808456846
Ratnagiri,2023-10-20 02:30:00,hum,75.0,82.47321424294242,1,1,1,223.3796808456846
Ratnagiri,2023-10-21 02:15:00,hum,73.0,77.78620955415397,1,1,1,223.3796808456846
Ratnagiri,2023-10-22 02:30:00,hum,71.0,75.48890054537333,1,1,1,223.3796808456846
Ratnagiri,2023-10-23 02:15:00,hum,77.0,73.145690222466,1,1,1,223.3796808456846
Ratnagiri,2023-10-24 02:15:00,hum,69.0,77.07650378711932,1,1,1,223.3796808456846
Ratnagiri,2023-10-25 02:15:00,hum,75.0,71.35318644765039,1,1,1,223.3796808456846
Ratnagiri,2023-10-26 02:00:00,hum,72.0,74.57048491985863,1,1,1,223.3796808456846
Ratnagiri,2023-10-27 02:15:00,hum,57.0,72.74981420604826,1,1,1,223.3796808456846
Ratnagiri,2023-10-28 02:00:00,hum,53.0,62.647990044508575,1,1,1,223.3796808456846
Ratnagiri,2023-10-29 02:45:00,hum,59.0,55.829409676837,1,1,1,223.3796808456846
Ratnagiri,2023-10-30 02:00:00,hum,60.0,59.697375971315125,1,1,1,223.3796808456846
Rayagada,2023-10-15 02:30:00,hum,83.0,81.72463060309113,2,1,0,274.78817656428174
Rayagada,2023-10-16 02:30:00,hum,75.0,80.83780575009759,2,1,0,274.78817656428174
Rayagada,2023-10-17 02:30:00,hum,71.0,74.94376495594533,2,1,0,274.78817656428174
Rayagada,2023-10-18 02:30:00,hum,81.0,74.70157162633801,2,1,0,274.78817656428174
Rayagada,2023-10-19 02:30:00,hum,88.0,81.90066149986654,2,1,0,274.78817656428174
Rayagada,2023-10-20 02:30:00,hum,90.0,82.84603171757738,2,1,0,274.78817656428174
Rayagada,2023-10-21 02:15:00,hum,88.0,86.97110389116689,2,1,0,274.78817656428174
Rayagada,2023-10-22 02:30:00,hum,81.0,87.18157364312373,2,1,0,274.78817656428174
Rayagada,2023-10-23 02:15:00,hum,67.0,81.9051944176216,2,1,0,274.78817656428174
Rayagada,2023-10-24 02:15:00,hum,74.0,68.95709981669692,2,1,0,274.78817656428174
Rayagada,2023-10-25 02:15:00,hum,94.0,80.1712650854137,2,1,0,274.78817656428174
Rayagada,2023-10-26 02:00:00,hum,90.0,91.82068306073441,2,1,0,274.78817656428174
Rayagada,2023-10-27 02:15:00,hum,77.0,78.93522847894616,2,1,0,274.78817656428174
Rayagada,2023-10-28 02:00:00,hum,75.0,78.38295491231018,2,1,0,274.78817656428174
Rayagada,2023-10-29 02:45:00,hum,88.0,82.02669196057309,2,1,0,274.78817656428174
Rayagada,2023-10-30 02:00:00,hum,86.0,90.21827839767215,2,1,0,274.78817656428174
Rewa,2023-10-15 02:30:00,hum,54.0,52.22200824150981,2,1,1,329.6947386649361
Rewa,2023-10-16 02:30:00,hum,55.0,52.171647512226734,2,1,1,329.6947386649361
Rewa,2023-10-17 02:15:00,hum,67.0,54.35184419466886,2,1,1,329.6947386649361
Rewa,2023-10-18 02:15:00,hum,69.0,63.0811730373389,2,1,1,329.6947386649361
Rewa,2023-10-19 02:15:00,hum,60.0,63.55123398516175,2,1,1,329.6947386649361
Rewa,2023-10-20 02:15:00,hum,50.0,63.96371268831477,2,1,1,329.6947386649361
Rewa,2023-10-21 02:00:00,hum,54.0,55.94052974364017,2,1,1,329.6947386649361
Rewa,2023-10-22 02:15:00,hum,52.0,55.69524893854251,2,1,1,329.6947386649361
Rewa,2023-10-23 02:00:00,hum,51.0,49.67345618764189,2,1,1,329.6947386649361
Rewa,2023-10-24 02:15:00,hum,53.0,53.3568677041224,2,1,1,329.6947386649361
Rewa,2023-10-25 02:15:00,hum,53.0,51.95113705005245,2,1,1,329.6947386649361
Rewa,2023-10-26 02:00:00,hum,52.0,52.39601064134537,2,1,1,329.6947386649361
Rewa,2023-10-27 02:15:00,hum,39.0,52.5367903269097,2,1,1,329.6947386649361
Rewa,2023-10-28 02:00:00,hum,42.0,42.76390297128489,2,1,1,329.6947386649361
Rewa,2023-10-29 02:30:00,hum,43.0,46.415147724935046,2,1,1,329.6947386649361
Rewa,2023-10-30 01:45:00,hum,45.0,39.212801477438376,2,1,1,329.6947386649361
Rewari,2023-10-15 02:30:00,hum,33.0,26.569987545869903,2,1,2,314.97631161977847
Rewari,2023-10-16 02:30:00,hum,38.0,35.81146686274066,2,1,2,314.97631161977847
Rewari,2023-10-17 02:15:00,hum,78.0,36.099201693672775,2,1,2,314.97631161977847
Rewari,2023-10-18 02:30:00,hum,58.0,73.95701781053704,2,1,2,314.97631161977847
Rewari,2023-10-19 02:15:00,hum,46.0,64.09080627857156,2,1,2,314.97631161977847
Rewari,2023-10-20 02:30:00,hum,43.0,47.4625383096862,2,1,2,314.97631161977847
Rewari,2023-10-21 02:15:00,hum,42.0,43.117953797767576,2,1,2,314.97631161977847
Rewari,2023-10-22 02:15:00,hum,34.0,44.667171213062566,2,1,2,314.97631161977847
Rewari,2023-10-23 02:15:00,hum,37.0,33.47915524252364,2,1,2,314.97631161977847
Rewari,2023-10-24 02:15:00,hum,41.0,37.6528779351205,2,1,2,314.97631161977847
Rewari,2023-10-25 02:15:00,hum,40.0,40.15188217709451,2,1,2,314.97631161977847
Rewari,2023-10-26 02:00:00,hum,42.0,42.887784835758794,2,1,2,314.97631161977847
Rewari,2023-10-27 02:15:00,hum,34.0,42.6027772425212,2,1,2,314.97631161977847
Rewari,2023-10-28 02:00:00,hum,21.0,36.080755544761665,2,1,2,314.97631161977847
Rewari,2023-10-29 02:30:00,hum,31.0,23.424512290345625,2,1,2,314.97631161977847
Rewari,2023-10-30 01:45:00,hum,36.0,31.375384371914322,2,1,2,314.97631161977847
Rohtak,2023-10-15 02:30:00,hum,33.0,31.0,0,1,0,325.8144174054665
Rohtak,2023-10-16 02:30:00,hum,40.0,33.0,0,1,0,325.8144174054665
Rohtak,2023-10-17 02:15:00,hum,81.0,40.0,0,1,0,325.8144174054665
Rohtak,2023-10-18 02:15:00,hum,54.0,81.0,0,1,0,325.8144174054665
Rohtak,2023-10-19 02:15:00,hum,43.0,54.0,0,1,0,325.8144174054665
Rohtak,2023-10-20 02:30:00,hum,38.0,43.0,0,1,0,325.8144174054665
Rohtak,2023-10-21 02:15:00,hum,42.0,38.0,0,1,0,325.8144174054665
Rohtak,2023-10-22 02:15:00,hum,33.0,42.0,0,1,0,325.8144174054665
Rohtak,2023-10-23 02:15:00,hum,39.0,33.0,0,1,0,325.8144174054665
Rohtak,2023-10-24 02:15:00,hum,37.0,39.0,0,1,0,325.8144174054665
Rohtak,2023-10-25 02:15:00,hum,37.0,37.0,0,1,0,325.8144174054665
Rohtak,2023-10-26 02:00:00,hum,34.0,37.0,0,1,0,325.8144174054665
Rohtak,2023-10-27 02:15:00,hum,26.0,34.0,0,1,0,325.8144174054665
Rohtak,2023-10-28 02:00:00,hum,25.0,26.000000000000004,0,1,0,325.8144174054665
Rohtak,2023-10-29 02:30:00,hum,29.0,25.0,0,1,0,325.8144174054665
Rohtak,2023-10-30 01:45:00,hum,34.0,29.0,0,1,0,325.8144174054665
Rudraprayag,2023-10-15 02:30:00,hum,70.0,74.22806368440051,1,1,0,267.93768010917165
Rudraprayag,2023-10-16 02:30:00,hum,74.0,71.34275320417612,1,1,0,267.93768010917165
Rudraprayag,2023-10-17 02:30:00,hum,77.0,72.87946222829771,1,1,0,267.93768010917165
Rudraprayag,2023-10-18 02:30:00,hum,77.0,76.20168669156017,1,1,0,267.93768010917165
Rudraprayag,2023-10-19 02:15:00,hum,67.0,77.0,1,1,0,267.93768010917165
Rudraprayag,2023-10-20 02:30:00,hum,70.0,69.63808434659462,1,1,0,267.93768010917165
Rudraprayag,2023-10-21 02:15:00,hum,73.0,69.19978932821172,1,1,0,267.93768010917165
Rudraprayag,2023-10-22 02:15:00,hum,73.0,72.22616665434879,1,1,0,267.93768010917165
Rudraprayag,2023-10-23 02:15:00,hum,61.0,73.0,1,1,0,267.93768010917165
Rudraprayag,2023-10-24 02:15:00,hum,63.0,64.06922733420868,1,1,0,267.93768010917165
Rudraprayag,2023-10-25 02:15:00,hum,55.0,62.506052435683515,1,1,0,267.93768010917165
Rudraprayag,2023-10-26 02:00:00,hum,59.0,57.05787755151958,1,1,0,267.93768010917165
Rudraprayag,2023-10-27 02:15:00,hum,63.0,57.92973870925333,1,1,0,267.93768010917165
Rudraprayag,2023-10-28 02:00:00,hum,67.0,61.98276058304614,1,1,0,267.93768010917165
Rudraprayag,2023-10-29 02:30:00,hum,65.0,66.03475502090375,1,1,0,267.93768010917165
Rudraprayag,2023-10-30 01:45:00,hum,66.0,65.48808102269062,1,1,0,267.93768010917165
Rupnagar,2023-10-15 02:30:00,hum,42.0,44.29343239897659,0,1,1,303.9815820104233
Rupnagar,2023-10-16 02:30:00,hum,43.0,42.98524647632284,0,1,1,303.9815820104233
Rupnagar,2023-10-17 02:30:00,hum,58.0,42.993803722685065,0,1,1,303.9815820104233
Rupnagar,2023-10-18 02:30:00,hum,55.0,51.49789805151111,0,1,1,303.9815820104233
Rupnagar,2023-10-19 02:15:00,hum,51.0,53.66206680754629,0,1,1,303.9815820104233
Rupnagar,2023-10-20 02:30:00,hum,49.0,52.09109804897205,0,1,1,303.9815820104233
Rupnagar,2023-10-21 02:15:00,hum,48.0,50.315439595498205,0,1,1,303.9815820104233
Rupnagar,2023-10-22 02:15:00,hum,45.0,48.97975974695267,0,1,1,303.9815820104233
Rupnagar,2023-10-23 02:15:00,hum,43.0,46.660550353682574,0,1,1,303.9815820104233
Rupnagar,2023-10-24 02:15:00,hum,47.0,44.49014952755273,0,1,1,303.9815820104233
Rupnagar,2023-10-25 02:15:00,hum,44.0,45.966642374298566,0,1,1,303.9815820104233
Rupnagar,2023-10-26 02:00:00,hum,40.0,44.821141950058035,0,1,1,303.9815820104233
Rupnagar,2023-10-27 02:15:00,hum,42.0,41.993514228903024,0,1,1,303.9815820104233
Rupnagar,2023-10-28 02:00:00,hum,43.0,41.99770780429948,0,1,1,303.9815820104233
Rupnagar,2023-10-29 02:45:00,hum,47.0,42.5847712665788,0,1,1,303.9815820104233
Rupnagar,2023-10-30 02:00:00,hum,41.0,45.166373832328375,0,1,1,303.9815820104233
Sagar,2023-10-15 02:30:00,hum,53.0,51.458400578522436,0,1,1,306.21431497780077
Sagar,2023-10-16 02:30:00,hum,47.0,52.62907657729577,0,1,1,306.21431497780077
Sagar,2023-10-17 02:15:00,hum,70.0,48.374109365483484,0,1,1,306.21431497780077
Sagar,2023-10-18 02:15:00,hum,69.0,63.797789474262146,0,1,1,306.21431497780077
Sagar,2023-10-19 02:15:00,hum,63.0,67.8691693256258,0,1,1,306.21431497780077
Sagar,2023-10-20 02:15:00,hum,47.0,64.27109719276145,0,1,1,306.21431497780077
Sagar,2023-10-21 02:00:00,hum,52.0,51.393991388981235,0,1,1,306.21431497780077
Sagar,2023-10-22 02:15:00,hum,46.0,51.86333649869304,0,1,1,306.21431497780077
Sagar,2023-10-23 02:00:00,hum,58.0,47.46073589812456,0,1,1,306.21431497780077
Sagar,2023-10-24 02:00:00,hum,53.0,55.12415407648762,0,1,1,306.21431497780077
Sagar,2023-10-25 02:15:00,hum,46.0,53.58885676584711,0,1,1,306.21431497780077
Sagar,2023-10-26 02:00:00,hum,44.0,48.1649424889266,0,1,1,306.21431497780077
Sagar,2023-10-27 02:15:00,hum,42.0,45.116337370361016,0,1,1,306.21431497780077
Sagar,2023-10-28 02:00:00,hum,44.0,42.820613438481764,0,1,1,306.21431497780077
Sagar,2023-10-29 02:30:00,hum,42.0,43.685404513224704,0,1,1,306.21431497780077
Sagar,2023-10-30 01:45:00,hum,45.0,42.45347670807733,0,1,1,306.21431497780077
Saharanpur,2023-10-15 02:30:00,hum,54.0,58.45968793153069,1,1,0,308.00880529152016
Saharanpur,2023-10-16 02:30:00,hum,55.0,57.10351701573117,1,1,0,308.00880529152016
Saharanpur,2023-10-17 02:30:00,hum,80.0,54.48594073165359,1,1,0,308.00880529152016
Saharanpur,2023-10-18 02:30:00,hum,63.0,67.37879942543039,1,1,0,308.00880529152016
Saharanpur,2023-10-19 02:30:00,hum,60.0,72.01272818352503,1,1,0,308.00880529152016
Saharanpur,2023-10-20 02:30:00,hum,61.0,61.457814421419165,1,1,0,308.00880529152016
Saharanpur,2023-10-21 02:15:00,hum,58.0,60.514168620966245,1,1,0,308.00880529152016
Saharanpur,2023-10-22 02:30:00,hum,57.0,59.4596192958098,1,1,0,308.00880529152016
Saharanpur,2023-10-23 02:15:00,hum,58.0,57.48510969088806,1,1,0,308.00880529152016
Saharanpur,2023-10-24 02:15:00,hum,55.0,57.51461083170629,1,1,0,308.00880529152016
Saharanpur,2023-10-25 02:30:00,hum,54.0,56.45823547150053,1,1,0,308.00880529152016
Saharanpur,2023-10-26 02:00:00,hum,48.0,54.48463294585231,1,1,0,308.00880529152016
Saharanpur,2023-10-27 02:30:00,hum,51.0,50.89971389186754,1,1,0,308.00880529152016
Saharanpur,2023-10-28 02:00:00,hum,48.0,49.54931892492705,1,1,0,308.00880529152016
Saharanpur,2023-10-29 02:45:00,hum,52.0,49.45406429287738,1,1,0,308.00880529152016
Saharanpur,2023-10-30 02:00:00,hum,55.0,50.05424905046596,1,1,0,308.00880529152016
Saharsa,2023-10-15 02:30:00,hum,68.0,64.0,0,1,0,298.8754392314643
Saharsa,2023-10-16 02:30:00,hum,72.0,68.0,0,1,0,298.8754392314643
Saharsa,2023-10-17 02:15:00,hum,80.0,72.0,0,1,0,298.8754392314643
Saharsa,2023-10-18 02:30:00,hum,75.0,80.0,0,1,0,298.8754392314643
Saharsa,2023-10-19 02:15:00,hum,70.0,75.0,0,1,0,298.8754392314643
Saharsa,2023-10-20 02:30:00,hum,69.0,70.0,0,1,0,298.8754392314643
Saharsa,2023-10-21 02:15:00,hum,65.0,69.0,0,1,0,298.8754392314643
Saharsa,2023-10-22 02:15:00,hum,64.0,65.0,0,1,0,298.8754392314643
Saharsa,2023-10-23 02:15:00,hum,68.0,63.99999999999999,0,1,0,298.8754392314643
Saharsa,2023-10-24 02:15:00,hum,74.0,68.0,0,1,0,298.8754392314643
Saharsa,2023-10-25 02:15:00,hum,66.0,74.0,0,1,0,298.8754392314643
Saharsa,2023-10-26 02:00:00,hum,73.0,66.0,0,1,0,298.8754392314643
Saharsa,2023-10-27 02:15:00,hum,58.0,73.0,0,1,0,298.8754392314643
Saharsa,2023-10-28 02:00:00,hum,55.0,58.0,0,1,0,298.8754392314643
Saharsa,2023-10-29 02:30:00,hum,61.0,55.0,0,1,0,298.8754392314643
Saharsa,2023-10-30 01:45:00,hum,66.0,61.0,0,1,0,298.8754392314643
Sahibganj,2023-10-15 02:30:00,hum,72.0,68.0,0,1,0,308.1042266170288
Sahibganj,2023-10-16 02:30:00,hum,64.0,72.0,0,1,0,308.1042266170288
Sahibganj,2023-10-17 02:15:00,hum,75.0,64.0,0,1,0,308.1042266170288
Sahibganj,2023-10-18 02:30:00,hum,76.0,75.0,0,1,0,308.1042266170288
Sahibganj,2023-10-19 02:15:00,hum,77.0,76.0,0,1,0,308.1042266170288
Sahibganj,2023-10-20 02:30:00,hum,71.0,77.0,0,1,0,308.1042266170288
Sahibganj,2023-10-21 02:15:00,hum,69.0,71.00000000000001,0,1,0,308.1042266170288
Sahibganj,2023-10-22 02:15:00,hum,69.0,69.0,0,1,0,308.1042266170288
Sahibganj,2023-10-23 02:00:00,hum,74.0,69.0,0,1,0,308.1042266170288
Sahibganj,2023-10-24 02:15:00,hum,87.0,74.0,0,1,0,308.1042266170288
Sahibganj,2023-10-25 02:15:00,hum,85.0,87.0,0,1,0,308.1042266170288
Sahibganj,2023-10-26 02:00:00,hum,82.0,85.0,0,1,0,308.1042266170288
Sahibganj,2023-10-27 02:15:00,hum,58.0,82.0,0,1,0,308.1042266170288
Sahibganj,2023-10-28 02:00:00,hum,58.0,58.0,0,1,0,308.1042266170288
Sahibganj,2023-10-29 02:30:00,hum,56.0,58.0,0,1,0,308.1042266170288
Sahibganj,2023-10-30 01:45:00,hum,68.0,56.0,0,1,0,308.1042266170288
Saiha,2023-10-15 02:30:00,hum,86.0,98.10472317156524,2,0,1,173.4307819175087
Saiha,2023-10-16 02:30:00,hum,86.0,98.37487055628326,2,0,1,173.4307819175087
Saiha,2023-10-17 02:15:00,hum,84.0,94.20890088016257,2,0,1,173.4307819175087
Saiha,2023-10-18 02:30:00,hum,80.0,87.79885629173211,2,0,1,173.4307819175087
Saiha,2023-10-19 02:15:00,hum,83.0,81.82016341530411,2,0,1,173.4307819175087
Saiha,2023-10-20 02:30:00,hum,81.0,83.73704902004596,2,0,1,173.4307819175087
Saiha,2023-10-21 02:15:00,hum,78.0,82.35441913826426,2,0,1,173.4307819175087
Saiha,2023-10-22 02:15:00,hum,96.0,79.25455399956562,2,0,1,173.4307819175087
Saiha,2023-10-23 02:15:00,hum,99.0,93.05930889489235,2,0,1,173.4307819175087
Saiha,2023-10-24 02:15:00,hum,100.0,98.15827006736228,2,0,1,173.4307819175087
Saiha,2023-10-25 02:15:00,hum,100.0,99.3916355366552,2,0,1,173.4307819175087
Saiha,2023-10-26 02:00:00,hum,99.0,99.183432522904,2,0,1,173.4307819175087
Saiha,2023-10-27 02:15:00,hum,97.0,98.53788592221846,2,0,1,173.4307819175087
Saiha,2023-10-28 02:00:00,hum,92.0,96.86927553217603,2,0,1,173.4307819175087
Saiha,2023-10-29 02:30:00,hum,86.0,92.92171100741447,2,0,1,173.4307819175087
Saiha,2023-10-30 01:45:00,hum,80.0,87.98011184003886,2,0,1,173.4307819175087
Saitual,2023-10-15 02:30:00,hum,98.0,98.55555056597008,0,0,0,195.34768699217224
Saitual,2023-10-16 02:30:00,hum,98.0,98.54347324904123,0,0,0,195.34768699217224
Saitual,2023-10-17 02:30:00,hum,94.0,98.53190984054672,0,0,0,195.34768699217224
Saitual,2023-10-18 02:30:00,hum,92.0,98.4374949212941,0,0,0,195.34768699217224
Saitual,2023-10-19 02:30:00,hum,96.0,98.30611760821822,0,0,0,195.34768699217224
Saitual,2023-10-20 02:30:00,hum,92.0,98.25999500801883,0,0,0,195.34768699217224
Saitual,2023-10-21 02:30:00,hum,89.0,98.13724987323053,0,0,0,195.34768699217224
Saitual,2023-10-22 02:30:00,hum,93.0,97.96153343930756,0,0,0,195.34768699217224
Saitual,2023-10-23 02:15:00,hum,100.0,97.86791958541215,0,0,0,195.34768699217224
Saitual,2023-10-24 02:15:00,hum,100.0,97.90740200889353,0,0,0,195.34768699217224
Saitual,2023-10-25 02:30:00,hum,82.0,97.94544955322667,0,0,0,195.34768699217224
Saitual,2023-10-26 02:00:00,hum,96.0,97.66070936746483,0,0,0,195.34768699217224
Saitual,2023-10-27 02:30:00,hum,99.0,97.63157407498998,0,0,0,195.34768699217224
Saitual,2023-10-28 02:00:00,hum,98.0,97.65516745860702,0,0,0,195.34768699217224
Saitual,2023-10-29 02:45:00,hum,97.0,97.66101196727261,0,0,0,195.34768699217224
Saitual,2023-10-30 02:00:00,hum,84.0,97.6499949833259,0,0,0,195.34768699217224
Salem,2023-10-15 02:30:00,hum,94.0,87.96693961577608,1,1,1,254.89570938708133
Salem,2023-10-16 02:30:00,hum,85.0,92.98221883293306,1,1,1,254.89570938708133
Salem,2023-10-17 02:30:00,hum,92.0,86.72083395826903,1,1,1,254.89570938708133
Salem,2023-10-18 02:30:00,hum,92.0,91.48652592961375,1,1,1,254.89570938708133
Salem,2023-10-19 02:30:00,hum,86.0,91.49654906368141,1,1,1,254.89570938708133
Salem,2023-10-20 02:30:00,hum,87.0,87.52601467487335,1,1,1,254.89570938708133
Salem,2023-10-21 02:15:00,hum,87.0,88.1553020830352,1,1,1,254.89570938708133
Salem,2023-10-22 02:30:00,hum,80.0,88.12558924377538,1,1,1,254.89570938708133
Salem,2023-10-23 02:15:00,hum,85.0,83.09000173243754,1,1,1,254.89570938708133
Salem,2023-10-24 02:15:00,hum,73.0,86.5828198041039,1,1,1,254.89570938708133
Salem,2023-10-25 02:30:00,hum,78.0,77.37020441208458,1,1,1,254.89570938708133
Salem,2023-10-26 02:00:00,hum,86.0,80.72902843474144,1,1,1,254.89570938708133
Salem,2023-10-27 02:15:00,hum,87.0,86.48916186813295,1,1,1,254.89570938708133
Salem,2023-10-28 02:00:00,hum,88.0,87.1891528217634,1,1,1,254.89570938708133
Salem,2023-10-29 02:45:00,hum,90.0,87.92258978458212,1,1,1,254.89570938708133
Salem,2023-10-30 02:00:00,hum,94.0,89.43613248085003,1,1,1,254.89570938708133
Samastipur,2023-10-15 02:30:00,hum,70.0,55.0,0,1,0,309.60673366382633
Samastipur,2023-10-16 02:30:00,hum,73.0,70.0,0,1,0,309.60673366382633
Samastipur,2023-10-17 02:15:00,hum,83.0,73.0,0,1,0,309.60673366382633
Samastipur,2023-10-18 02:30:00,hum,73.0,83.0,0,1,0,309.60673366382633
Samastipur,2023-10-19 02:15:00,hum,69.0,73.0,0,1,0,309.60673366382633
Samastipur,2023-10-20 02:30:00,hum,60.0,69.0,0,1,0,309.60673366382633
Samastipur,2023-10-21 02:15:00,hum,61.0,60.0,0,1,0,309.60673366382633
Samastipur,2023-10-22 02:15:00,hum,58.0,61.0,0,1,0,309.60673366382633
Samastipur,2023-10-23 02:15:00,hum,60.0,58.0,0,1,0,309.60673366382633
Samastipur,2023-10-24 02:15:00,hum,73.0,60.0,0,1,0,309.60673366382633
Samastipur,2023-10-25 02:15:00,hum,64.0,73.0,0,1,0,309.60673366382633
Samastipur,2023-10-26 02:00:00,hum,63.0,63.99999999999999,0,1,0,309.60673366382633
Samastipur,2023-10-27 02:15:00,hum,63.0,63.0,0,1,0,309.60673366382633
Samastipur,2023-10-28 02:00:00,hum,54.0,63.0,0,1,0,309.60673366382633
Samastipur,2023-10-29 02:30:00,hum,60.0,54.0,0,1,0,309.60673366382633
Samastipur,2023-10-30 01:45:00,hum,61.0,60.0,0,1,0,309.60673366382633
Samba,2023-10-15 02:30:00,hum,45.0,42.0,0,1,0,316.258966463932
Samba,2023-10-16 02:30:00,hum,43.0,45.0,0,1,0,316.258966463932
Samba,2023-10-17 02:15:00,hum,73.0,43.0,0,1,0,316.258966463932
Samba,2023-10-18 02:15:00,hum,54.0,73.0,0,1,0,316.258966463932
Samba,2023-10-19 02:15:00,hum,56.0,54.0,0,1,0,316.258966463932
Samba,2023-10-20 02:15:00,hum,61.0,56.0,0,1,0,316.258966463932
Samba,2023-10-21 02:15:00,hum,52.0,61.0,0,1,0,316.258966463932
Samba,2023-10-22 02:15:00,hum,50.0,52.0,0,1,0,316.258966463932
Samba,2023-10-23 02:00:00,hum,49.0,50.0,0,1,0,316.258966463932
Samba,2023-10-24 02:15:00,hum,54.0,49.0,0,1,0,316.258966463932
Samba,2023-10-25 02:15:00,hum,43.0,54.0,0,1,0,316.258966463932
Samba,2023-10-26 02:00:00,hum,43.0,43.0,0,1,0,316.258966463932
Samba,2023-10-27 02:15:00,hum,46.0,43.0,0,1,0,316.258966463932
Samba,2023-10-28 02:00:00,hum,45.0,46.0,0,1,0,316.258966463932
Samba,2023-10-29 02:30:00,hum,42.0,45.0,0,1,0,316.258966463932
Samba,2023-10-30 01:45:00,hum,42.0,42.0,0,1,0,316.258966463932
Sambalpur,2023-10-15 02:30:00,hum,77.0,78.09402399467847,1,1,2,265.0430958510649
Sambalpur,2023-10-16 02:30:00,hum,69.0,77.53266748871486,1,1,2,265.0430958510649
Sambalpur,2023-10-17 02:30:00,hum,77.0,67.89646651512497,1,1,2,265.0430958510649
Sambalpur,2023-10-18 02:30:00,hum,77.0,80.73130678088467,1,1,2,265.0430958510649
Sambalpur,2023-10-19 02:30:00,hum,76.0,72.20066848836123,1,1,2,265.0430958510649
Sambalpur,2023-10-20 02:30:00,hum,75.0,79.69931099324663,1,1,2,265.0430958510649
Sambalpur,2023-10-21 02:15:00,hum,73.0,72.0844210267282,1,1,2,265.0430958510649
Sambalpur,2023-10-22 02:30:00,hum,68.0,76.10522695214514,1,1,2,265.0430958510649
Sambalpur,2023-10-23 02:15:00,hum,64.0,68.25956645360853,1,1,2,265.0430958510649
Sambalpur,2023-10-24 02:15:00,hum,75.0,66.61945790389026,1,1,2,265.0430958510649
Sambalpur,2023-10-25 02:15:00,hum,76.0,72.22089394671477,1,1,2,265.0430958510649
Sambalpur,2023-10-26 02:00:00,hum,68.0,75.21519874196487,1,1,2,265.0430958510649
Sambalpur,2023-10-27 02:15:00,hum,64.0,69.06559969208121,1,1,2,265.0430958510649
Sambalpur,2023-10-28 02:00:00,hum,65.0,65.84289584034663,1,1,2,265.0430958510649
Sambalpur,2023-10-29 02:45:00,hum,68.0,66.25127548421662,1,1,2,265.0430958510649
Sambalpur,2023-10-30 02:00:00,hum,69.0,67.79687072701343,1,1,2,265.0430958510649
Sambhal,2023-10-15 02:30:00,hum,53.0,54.296999879080126,2,1,1,333.67656728876284
Sambhal,2023-10-16 02:30:00,hum,58.0,49.23868233821233,2,1,1,333.67656728876284
Sambhal,2023-10-17 02:30:00,hum,87.0,54.73209237431101,2,1,1,333.67656728876284
Sambhal,2023-10-18 02:30:00,hum,60.0,75.72939642544357,2,1,1,333.67656728876284
Sambhal,2023-10-19 02:30:00,hum,55.0,50.447168233253315,2,1,1,333.67656728876284
Sambhal,2023-10-20 02:30:00,hum,52.0,61.87025750761089,2,1,1,333.67656728876284
Sambhal,2023-10-21 02:15:00,hum,47.0,58.24096968643557,2,1,1,333.67656728876284
Sambhal,2023-10-22 02:30:00,hum,54.0,53.436227748122164,2,1,1,333.67656728876284
Sambhal,2023-10-23 02:15:00,hum,50.0,57.152517119951646,2,1,1,333.67656728876284
Sambhal,2023-10-24 02:15:00,hum,53.0,51.156541505315516,2,1,1,333.67656728876284
Sambhal,2023-10-25 02:30:00,hum,47.0,53.89782269559154,2,1,1,333.67656728876284
Sambhal,2023-10-26 02:00:00,hum,41.0,48.76973485277839,2,1,1,333.67656728876284
Sambhal,2023-10-27 02:15:00,hum,47.0,45.98911083263773,2,1,1,333.67656728876284
Sambhal,2023-10-28 02:00:00,hum,39.0,49.806585614327446,2,1,1,333.67656728876284
Sambhal,2023-10-29 02:45:00,hum,44.0,41.57316369888651,2,1,1,333.67656728876284
Sambhal,2023-10-30 02:00:00,hum,50.0,46.20505174786684,2,1,1,333.67656728876284
Sangli,2023-10-15 02:30:00,hum,68.0,50.566856728625396,1,1,2,256.9107818500953
Sangli,2023-10-16 02:30:00,hum,72.0,65.7260797416562,1,1,2,256.9107818500953
Sangli,2023-10-17 02:30:00,hum,61.0,68.99531988140329,1,1,2,256.9107818500953
Sangli,2023-10-18 02:30:00,hum,59.0,60.806974833929914,1,1,2,256.9107818500953
Sangli,2023-10-19 02:30:00,hum,50.0,62.0354928293497,1,1,2,256.9107818500953
Sangli,2023-10-20 02:30:00,hum,54.0,50.52230237466268,1,1,2,256.9107818500953
Sangli,2023-10-21 02:15:00,hum,47.0,57.08181576370864,1,1,2,256.9107818500953
Sangli,2023-10-22 02:30:00,hum,59.0,46.92878369461309,1,1,2,256.9107818500953
Sangli,2023-10-23 02:15:00,hum,60.0,58.20115230823123,1,1,2,256.9107818500953
Sangli,2023-10-24 02:15:00,hum,50.0,57.69837059166146,1,1,2,256.9107818500953
Sangli,2023-10-25 02:15:00,hum,56.0,51.95292759650309,1,1,2,256.9107818500953
Sangli,2023-10-26 02:00:00,hum,51.0,56.096307304343185,1,1,2,256.9107818500953
Sangli,2023-10-27 02:15:00,hum,50.0,53.48339980697757,1,1,2,256.9107818500953
Sangli,2023-10-28 02:00:00,hum,48.0,51.37085303271031,1,1,2,256.9107818500953
Sangli,2023-10-29 02:45:00,hum,43.0,49.93442320493819,1,1,2,256.9107818500953
Sangli,2023-10-30 02:00:00,hum,45.0,44.960173473776656,1,1,2,256.9107818500953
Sangrur,2023-10-15 02:30:00,hum,43.0,39.0,0,1,0,322.8229744023532
Sangrur,2023-10-16 02:30:00,hum,46.0,43.0,0,1,0,322.8229744023532
Sangrur,2023-10-17 02:30:00,hum,84.0,46.0,0,1,0,322.8229744023532
Sangrur,2023-10-18 02:30:00,hum,56.0,84.0,0,1,0,322.8229744023532
Sangrur,2023-10-19 02:15:00,hum,50.0,55.99999999999999,0,1,0,322.8229744023532
Sangrur,2023-10-20 02:30:00,hum,40.0,50.0,0,1,0,322.8229744023532
Sangrur,2023-10-21 02:15:00,hum,35.0,40.0,0,1,0,322.8229744023532
Sangrur,2023-10-22 02:15:00,hum,30.0,35.0,0,1,0,322.8229744023532
Sangrur,2023-10-23 02:15:00,hum,41.0,30.0,0,1,0,322.8229744023532
Sangrur,2023-10-24 02:15:00,hum,47.0,41.0,0,1,0,322.8229744023532
Sangrur,2023-10-25 02:15:00,hum,38.0,47.0,0,1,0,322.8229744023532
Sangrur,2023-10-26 02:00:00,hum,35.0,38.0,0,1,0,322.8229744023532
Sangrur,2023-10-27 02:15:00,hum,35.0,35.0,0,1,0,322.8229744023532
Sangrur,2023-10-28 02:00:00,hum,32.0,35.0,0,1,0,322.8229744023532
Sangrur,2023-10-29 02:45:00,hum,36.0,31.999999999999996,0,1,0,322.8229744023532
Sangrur,2023-10-30 02:00:00,hum,36.0,36.0,0,1,0,322.8229744023532
Sant,2023-10-15 02:30:00,hum,62.0,54.0,0,1,0,295.0214070820902
Sant,2023-10-16 02:30:00,hum,67.0,62.0,0,1,0,295.0214070820902
Sant,2023-10-17 02:30:00,hum,55.0,67.0,0,1,0,295.0214070820902
Sant,2023-10-18 02:30:00,hum,57.0,55.0,0,1,0,295.0214070820902
Sant,2023-10-19 02:30:00,hum,57.0,57.0,0,1,0,295.0214070820902
Sant,2023-10-20 02:30:00,hum,51.0,57.0,0,1,0,295.0214070820902
Sant,2023-10-21 02:15:00,hum,48.0,51.0,0,1,0,295.0214070820902
Sant,2023-10-22 02:30:00,hum,42.0,48.0,0,1,0,295.0214070820902
Sant,2023-10-23 02:15:00,hum,42.0,42.0,0,1,0,295.0214070820902
Sant,2023-10-24 02:15:00,hum,38.0,42.0,0,1,0,295.0214070820902
Sant,2023-10-25 02:30:00,hum,36.0,38.0,0,1,0,295.0214070820902
Sant,2023-10-26 02:00:00,hum,32.0,36.0,0,1,0,295.0214070820902
Sant,2023-10-27 02:30:00,hum,35.0,32.0,0,1,0,295.0214070820902
Sant,2023-10-28 02:00:00,hum,34.0,35.0,0,1,0,295.0214070820902
Sant,2023-10-29 02:45:00,hum,36.0,34.0,0,1,0,295.0214070820902
Sant,2023-10-30 02:00:00,hum,34.0,36.0,0,1,0,295.0214070820902
Saraikela,2023-10-15 02:30:00,hum,68.0,69.0,0,1,0,265.7746094756191
Saraikela,2023-10-16 02:30:00,hum,75.0,68.0,0,1,0,265.7746094756191
Saraikela,2023-10-17 02:15:00,hum,75.0,75.0,0,1,0,265.7746094756191
Saraikela,2023-10-18 02:30:00,hum,75.0,75.0,0,1,0,265.7746094756191
Saraikela,2023-10-19 02:15:00,hum,73.0,75.0,0,1,0,265.7746094756191
Saraikela,2023-10-20 02:30:00,hum,67.0,73.0,0,1,0,265.7746094756191
Saraikela,2023-10-21 02:15:00,hum,66.0,67.0,0,1,0,265.7746094756191
Saraikela,2023-10-22 02:15:00,hum,64.0,66.0,0,1,0,265.7746094756191
Saraikela,2023-10-23 02:00:00,hum,66.0,64.0,0,1,0,265.7746094756191
Saraikela,2023-10-24 02:15:00,hum,76.0,66.0,0,1,0,265.7746094756191
Saraikela,2023-10-25 02:15:00,hum,77.0,76.0,0,1,0,265.7746094756191
Saraikela,2023-10-26 02:00:00,hum,69.0,77.0,0,1,0,265.7746094756191
Saraikela,2023-10-27 02:15:00,hum,63.0,69.0,0,1,0,265.7746094756191
Saraikela,2023-10-28 02:00:00,hum,60.0,63.0,0,1,0,265.7746094756191
Saraikela,2023-10-29 02:30:00,hum,57.0,60.0,0,1,0,265.7746094756191
Saraikela,2023-10-30 01:45:00,hum,63.0,57.0,0,1,0,265.7746094756191
Saran,2023-10-15 02:30:00,hum,71.0,77.0,0,1,0,313.12377737044835
Saran,2023-10-16 02:30:00,hum,69.0,71.0,0,1,0,313.12377737044835
Saran,2023-10-17 02:15:00,hum,74.0,69.0,0,1,0,313.12377737044835
Saran,2023-10-18 02:30:00,hum,76.0,74.0,0,1,0,313.12377737044835
Saran,2023-10-19 02:15:00,hum,81.0,76.0,0,1,0,313.12377737044835
Saran,2023-10-20 02:30:00,hum,70.0,81.0,0,1,0,313.12377737044835
Saran,2023-10-21 02:15:00,hum,69.0,70.0,0,1,0,313.12377737044835
Saran,2023-10-22 02:15:00,hum,61.0,69.0,0,1,0,313.12377737044835
Saran,2023-10-23 02:15:00,hum,61.0,60.99999999999999,0,1,0,313.12377737044835
Saran,2023-10-24 02:15:00,hum,73.0,61.0,0,1,0,313.12377737044835
Saran,2023-10-25 02:15:00,hum,73.0,73.0,0,1,0,313.12377737044835
Saran,2023-10-26 02:00:00,hum,65.0,73.0,0,1,0,313.12377737044835
Saran,2023-10-27 02:15:00,hum,56.0,65.0,0,1,0,313.12377737044835
Saran,2023-10-28 02:00:00,hum,58.0,56.00000000000001,0,1,0,313.12377737044835
Saran,2023-10-29 02:30:00,hum,65.0,58.0,0,1,0,313.12377737044835
Saran,2023-10-30 01:45:00,hum,64.0,65.0,0,1,0,313.12377737044835
Satara,2023-10-15 02:30:00,hum,72.0,59.99999999999999,0,1,0,243.55286323804134
Satara,2023-10-16 02:30:00,hum,69.0,72.0,0,1,0,243.55286323804134
Satara,2023-10-17 02:30:00,hum,61.0,69.0,0,1,0,243.55286323804134
Satara,2023-10-18 02:30:00,hum,74.0,61.0,0,1,0,243.55286323804134
Satara,2023-10-19 02:30:00,hum,62.0,74.0,0,1,0,243.55286323804134
Satara,2023-10-20 02:30:00,hum,69.0,62.00000000000001,0,1,0,243.55286323804134
Satara,2023-10-21 02:15:00,hum,70.0,69.0,0,1,0,243.55286323804134
Satara,2023-10-22 02:30:00,hum,60.0,70.0,0,1,0,243.55286323804134
Satara,2023-10-23 02:15:00,hum,68.0,60.0,0,1,0,243.55286323804134
Satara,2023-10-24 02:15:00,hum,64.0,68.0,0,1,0,243.55286323804134
Satara,2023-10-25 02:15:00,hum,63.0,64.0,0,1,0,243.55286323804134
Satara,2023-10-26 02:00:00,hum,54.0,63.0,0,1,0,243.55286323804134
Satara,2023-10-27 02:15:00,hum,44.0,54.0,0,1,0,243.55286323804134
Satara,2023-10-28 02:00:00,hum,50.0,44.0,0,1,0,243.55286323804134
Satara,2023-10-29 02:45:00,hum,48.0,50.0,0,1,0,243.55286323804134
Satara,2023-10-30 02:00:00,hum,51.0,48.0,0,1,0,243.55286323804134
Satna,2023-10-15 02:30:00,hum,51.0,49.430898483981814,2,1,1,326.41093389629697
Satna,2023-10-16 02:30:00,hum,49.0,49.0126024076684,2,1,1,326.41093389629697
Satna,2023-10-17 02:15:00,hum,73.0,50.118518035073016,2,1,1,326.41093389629697
Satna,2023-10-18 02:15:00,hum,70.0,69.85828517174943,2,1,1,326.41093389629697
Satna,2023-10-19 02:15:00,hum,61.0,59.121995332184,2,1,1,326.41093389629697
Satna,2023-10-20 02:15:00,hum,49.0,71.6463527713774,2,1,1,326.41093389629697
Satna,2023-10-21 02:00:00,hum,53.0,49.531188801776565,2,1,1,326.41093389629697
Satna,2023-10-22 02:15:00,hum,50.0,57.70915517957816,2,1,1,326.41093389629697
Satna,2023-10-23 02:00:00,hum,48.0,46.16892135847755,2,1,1,326.41093389629697
Satna,2023-10-24 02:15:00,hum,53.0,51.96032882365437,2,1,1,326.41093389629697
Satna,2023-10-25 02:15:00,hum,52.0,50.817579701396674,2,1,1,326.41093389629697
Satna,2023-10-26 02:00:00,hum,49.0,50.85313167768865,2,1,1,326.41093389629697
Satna,2023-10-27 02:15:00,hum,40.0,50.7329455795502,2,1,1,326.41093389629697
Satna,2023-10-28 02:00:00,hum,41.0,42.18980070204166,2,1,1,326.41093389629697
Satna,2023-10-29 02:30:00,hum,42.0,44.07177829011444,2,1,1,326.41093389629697
Satna,2023-10-30 01:45:00,hum,43.0,39.57057624442747,2,1,1,326.41093389629697
Sawai Madhopur,2023-10-15 02:30:00,hum,41.0,39.94309184019373,0,1,2,293.96422704760374
Sawai Madhopur,2023-10-16 02:30:00,hum,44.0,41.510511737520986,0,1,2,293.96422704760374
Sawai Madhopur,2023-10-17 02:30:00,hum,78.0,44.28276657721208,0,1,2,293.96422704760374
Sawai Madhopur,2023-10-18 02:30:00,hum,68.0,77.62949505427095,0,1,2,293.96422704760374
Sawai Madhopur,2023-10-19 02:30:00,hum,52.0,83.9839416076649,0,1,2,293.96422704760374
Sawai Madhopur,2023-10-20 02:30:00,hum,44.0,53.137307264121155,0,1,2,293.96422704760374
Sawai Madhopur,2023-10-21 02:30:00,hum,45.0,44.69400199111358,0,1,2,293.96422704760374
Sawai Madhopur,2023-10-22 02:30:00,hum,47.0,45.49110591464271,0,1,2,293.96422704760374
Sawai Madhopur,2023-10-23 02:15:00,hum,46.0,47.00036633893087,0,1,2,293.96422704760374
Sawai Madhopur,2023-10-24 02:15:00,hum,42.0,45.89840412856756,0,1,2,293.96422704760374
Sawai Madhopur,2023-10-25 02:30:00,hum,40.0,42.027980893579105,0,1,2,293.96422704760374
Sawai Madhopur,2023-10-26 02:00:00,hum,36.0,40.22619409495659,0,1,2,293.96422704760374
Sawai Madhopur,2023-10-27 02:30:00,hum,33.0,36.05102643722913,0,1,2,293.96422704760374
Sawai Madhopur,2023-10-28 02:00:00,hum,35.0,33.16731145174656,0,1,2,293.96422704760374
Sawai Madhopur,2023-10-29 02:45:00,hum,42.0,35.205975078309066,0,1,2,293.96422704760374
Sawai Madhopur,2023-10-30 02:00:00,hum,44.0,42.012619330101344,0,1,2,293.96422704760374
Sehore,2023-10-15 02:30:00,hum,50.0,52.0,0,1,0,293.4390638669094
Sehore,2023-10-16 02:30:00,hum,59.0,50.0,0,1,0,293.4390638669094
Sehore,2023-10-17 02:15:00,hum,67.0,59.0,0,1,0,293.4390638669094
Sehore,2023-10-18 02:15:00,hum,69.0,67.0,0,1,0,293.4390638669094
Sehore,2023-10-19 02:15:00,hum,61.0,69.0,0,1,0,293.4390638669094
Sehore,2023-10-20 02:15:00,hum,58.0,61.0,0,1,0,293.4390638669094
Sehore,2023-10-21 02:00:00,hum,50.0,58.0,0,1,0,293.4390638669094
Sehore,2023-10-22 02:15:00,hum,42.0,50.0,0,1,0,293.4390638669094
Sehore,2023-10-23 02:00:00,hum,52.0,42.0,0,1,0,293.4390638669094
Sehore,2023-10-24 02:15:00,hum,49.0,52.0,0,1,0,293.4390638669094
Sehore,2023-10-25 02:15:00,hum,45.0,49.0,0,1,0,293.4390638669094
Sehore,2023-10-26 02:00:00,hum,36.0,45.0,0,1,0,293.4390638669094
Sehore,2023-10-27 02:15:00,hum,37.0,36.0,0,1,0,293.4390638669094
Sehore,2023-10-28 02:00:00,hum,35.0,37.0,0,1,0,293.4390638669094
Sehore,2023-10-29 02:30:00,hum,36.0,35.0,0,1,0,293.4390638669094
Sehore,2023-10-30 01:45:00,hum,60.0,36.0,0,1,0,293.4390638669094
Seoni,2023-10-16 02:30:00,hum,52.0,64.5345763449354,1,1,0,298.5318158745452
Seoni,2023-10-17 02:15:00,hum,74.0,58.87305363373032,1,1,0,298.5318158745452
Seoni,2023-10-18 02:15:00,hum,68.0,62.65592412149498,1,1,0,298.5318158745452
Seoni,2023-10-19 02:15:00,hum,73.0,70.87967749279457,1,1,0,298.5318158745452
Seoni,2023-10-20 02:15:00,hum,76.0,70.58011566956455,1,1,0,298.5318158745452
Seoni,2023-10-21 02:00:00,hum,57.0,74.57220239601708,1,1,0,298.5318158745452
Seoni,2023-10-22 02:15:00,hum,58.0,66.3233072867039,1,1,0,298.5318158745452
Seoni,2023-10-23 02:00:00,hum,66.0,57.55193896882139,1,1,0,298.5318158745452
Seoni,2023-10-24 02:15:00,hum,64.0,62.43410792566243,1,1,0,298.5318158745452
Seoni,2023-10-25 02:15:00,hum,58.0,64.88511992794737,1,1,0,298.5318158745452
Seoni,2023-10-26 02:00:00,hum,53.0,60.63356743845538,1,1,0,298.5318158745452
Seoni,2023-10-27 02:15:00,hum,50.0,55.13437819565749,1,1,0,298.5318158745452
Seoni,2023-10-28 02:00:00,hum,51.0,51.260699183772715,1,1,0,298.5318158745452
Seoni,2023-10-29 02:30:00,hum,56.0,50.57984276415369,1,1,0,298.5318158745452
Seoni,2023-10-30 01:45:00,hum,54.0,53.90600565728347,1,1,0,298.5318158745452
Serchhip,2023-10-15 02:30:00,hum,89.0,98.64443939398862,0,0,0,157.77051511171067
Serchhip,2023-10-16 02:30:00,hum,88.0,98.4347776389865,0,0,0,157.77051511171067
Serchhip,2023-10-17 02:15:00,hum,82.0,98.21276093350299,0,0,0,157.77051511171067
Serchhip,2023-10-18 02:30:00,hum,79.0,97.87499501765528,0,0,0,157.77051511171067
Serchhip,2023-10-19 02:15:00,hum,80.0,97.48979061632866,0,0,0,157.77051511171067
Serchhip,2023-10-20 02:30:00,hum,79.0,97.13999504389088,0,0,0,157.77051511171067
Serchhip,2023-10-21 02:15:00,hum,77.0,96.78430887290243,0,0,0,157.77051511171067
Serchhip,2023-10-22 02:15:00,hum,94.0,96.40384129097961,0,0,0,157.77051511171067
Serchhip,2023-10-23 02:15:00,hum,100.0,96.35848572223153,0,0,0,157.77051511171067
Serchhip,2023-10-24 02:15:00,hum,100.0,96.42592108963332,0,0,0,157.77051511171067
Serchhip,2023-10-25 02:15:00,hum,99.0,96.49090414297437,0,0,0,157.77051511171067
Serchhip,2023-10-26 02:00:00,hum,99.0,96.5357094178782,0,0,0,157.77051511171067
Serchhip,2023-10-27 02:15:00,hum,98.0,96.57894243144865,0,0,0,157.77051511171067
Serchhip,2023-10-28 02:00:00,hum,90.0,96.60344336414039,0,0,0,157.77051511171067
Serchhip,2023-10-29 02:30:00,hum,87.0,96.49152045853681,0,0,0,157.77051511171067
Serchhip,2023-10-30 01:45:00,hum,78.0,96.33332835518013,0,0,0,157.77051511171067
Shahdara,2023-10-15 02:30:00,hum,74.0,66.70277507832769,0,1,1,347.17559200129415
Shahdara,2023-10-16 02:30:00,hum,65.0,69.29126546164406,0,1,1,347.17559200129415
Shahdara,2023-10-17 02:30:00,hum,94.0,67.76887451524887,0,1,1,347.17559200129415
Shahdara,2023-10-18 02:30:00,hum,78.0,77.01659026514878,0,1,1,347.17559200129415
Shahdara,2023-10-19 02:30:00,hum,69.0,77.41186580335936,0,1,1,347.17559200129415
Shahdara,2023-10-20 02:30:00,hum,69.0,74.35803365969198,0,1,1,347.17559200129415
Shahdara,2023-10-21 02:15:00,hum,73.0,72.55590441911517,0,1,1,347.17559200129415
Shahdara,2023-10-22 02:30:00,hum,69.0,72.70508522691648,0,1,1,347.17559200129415
Shahdara,2023-10-23 02:15:00,hum,78.0,71.46604909249437,0,1,1,347.17559200129415
Shahdara,2023-10-24 02:15:00,hum,65.0,73.63877542366076,0,1,1,347.17559200129415
Shahdara,2023-10-25 02:30:00,hum,64.0,70.8009073296096,0,1,1,347.17559200129415
Shahdara,2023-10-26 02:00:00,hum,61.0,68.52609553045737,0,1,1,347.17559200129415
Shahdara,2023-10-27 02:30:00,hum,60.0,65.89687792698079,0,1,1,347.17559200129415
Shahdara,2023-10-28 02:00:00,hum,60.0,63.74194767363271,0,1,1,347.17559200129415
Shahdara,2023-10-29 02:45:00,hum,73.0,62.34901304019358,0,1,1,347.17559200129415
Shahdara,2023-10-30 02:00:00,hum,69.0,66.11886357431602,0,1,1,347.17559200129415
Shahdol,2023-10-15 02:30:00,hum,63.0,66.7459237632264,0,1,2,296.72665640532625
Shahdol,2023-10-16 02:30:00,hum,54.0,65.4642951693796,0,1,2,296.72665640532625
Shahdol,2023-10-17 02:15:00,hum,73.0,55.63695790024277,0,1,2,296.72665640532625
Shahdol,2023-10-18 02:15:00,hum,84.0,75.44839203325117,0,1,2,296.72665640532625
Shahdol,2023-10-19 02:15:00,hum,79.0,75.85945363025894,0,1,2,296.72665640532625
Shahdol,2023-10-20 02:15:00,hum,63.0,75.52687456079094,0,1,2,296.72665640532625
Shahdol,2023-10-21 02:00:00,hum,63.0,63.19741669561964,0,1,2,296.72665640532625
Shahdol,2023-10-22 02:15:00,hum,64.0,68.60411312265832,0,1,2,296.72665640532625
Shahdol,2023-10-23 02:00:00,hum,63.0,64.72927573338355,0,1,2,296.72665640532625
Shahdol,2023-10-24 02:15:00,hum,68.0,65.17147719929218,0,1,2,296.72665640532625
Shahdol,2023-10-25 02:15:00,hum,62.0,68.40350331012407,0,1,2,296.72665640532625
Shahdol,2023-10-26 02:00:00,hum,64.0,61.53718616476588,0,1,2,296.72665640532625
Shahdol,2023-10-27 02:15:00,hum,61.0,66.53295859288787,0,1,2,296.72665640532625
Shahdol,2023-10-28 02:00:00,hum,55.0,60.69793960987023,0,1,2,296.72665640532625
Shahdol,2023-10-29 02:30:00,hum,57.0,58.06056451770781,0,1,2,296.72665640532625
Shahdol,2023-10-30 01:45:00,hum,62.0,59.53874780390387,0,1,2,296.72665640532625
Shahjahanpur,2023-10-15 02:30:00,hum,57.0,55.41891723561389,0,1,1,325.687929988054
Shahjahanpur,2023-10-16 02:30:00,hum,59.0,56.10729680374538,0,1,1,325.687929988054
Shahjahanpur,2023-10-17 02:30:00,hum,77.0,57.34573284382936,0,1,1,325.687929988054
Shahjahanpur,2023-10-18 02:30:00,hum,65.0,65.86165920611239,0,1,1,325.687929988054
Shahjahanpur,2023-10-19 02:30:00,hum,59.0,65.45003283705523,0,1,1,325.687929988054
Shahjahanpur,2023-10-20 02:30:00,hum,51.0,62.67989036917545,0,1,1,325.687929988054
Shahjahanpur,2023-10-21 02:15:00,hum,55.0,57.81794180011021,0,1,1,325.687929988054
Shahjahanpur,2023-10-22 02:30:00,hum,55.0,56.588260535782524,0,1,1,325.687929988054
Shahjahanpur,2023-10-23 02:15:00,hum,53.0,55.89914555996568,0,1,1,325.687929988054
Shahjahanpur,2023-10-24 02:15:00,hum,50.0,54.642368241636945,0,1,1,325.687929988054
Shahjahanpur,2023-10-25 02:30:00,hum,53.0,52.60393474617256,0,1,1,325.687929988054
Shahjahanpur,2023-10-26 02:00:00,hum,50.0,52.77971800638042,0,1,1,325.687929988054
Shahjahanpur,2023-10-27 02:30:00,hum,48.0,51.56406944343172,0,1,1,325.687929988054
Shahjahanpur,2023-10-28 02:00:00,hum,51.0,49.99090483536386,0,1,1,325.687929988054
Shahjahanpur,2023-10-29 02:45:00,hum,48.0,50.43731666617501,0,1,1,325.687929988054
Shahjahanpur,2023-10-30 02:00:00,hum,53.0,49.367467536693326,0,1,1,325.687929988054
Shajapur,2023-10-15 02:30:00,hum,48.0,53.0,0,1,0,297.65539803695026
Shajapur,2023-10-16 02:30:00,hum,65.0,48.0,0,1,0,297.65539803695026
Shajapur,2023-10-17 02:15:00,hum,66.0,65.0,0,1,0,297.65539803695026
Shajapur,2023-10-18 02:15:00,hum,65.0,66.0,0,1,0,297.65539803695026
Shajapur,2023-10-19 02:15:00,hum,55.0,65.0,0,1,0,297.65539803695026
Shajapur,2023-10-20 02:15:00,hum,52.0,54.99999999999999,0,1,0,297.65539803695026
Shajapur,2023-10-21 02:00:00,hum,50.0,52.0,0,1,0,297.65539803695026
Shajapur,2023-10-22 02:15:00,hum,48.0,50.0,0,1,0,297.65539803695026
Shajapur,2023-10-23 02:00:00,hum,46.0,48.0,0,1,0,297.65539803695026
Shajapur,2023-10-24 02:15:00,hum,41.0,46.0,0,1,0,297.65539803695026
Shajapur,2023-10-25 02:15:00,hum,38.0,41.0,0,1,0,297.65539803695026
Shajapur,2023-10-26 02:00:00,hum,36.0,38.0,0,1,0,297.65539803695026
Shajapur,2023-10-27 02:15:00,hum,34.0,36.0,0,1,0,297.65539803695026
Shajapur,2023-10-28 02:00:00,hum,37.0,34.0,0,1,0,297.65539803695026
Shajapur,2023-10-29 02:30:00,hum,40.0,37.0,0,1,0,297.65539803695026
Shajapur,2023-10-30 01:45:00,hum,41.0,40.0,0,1,0,297.65539803695026
Sheikhpura,2023-10-15 02:30:00,hum,72.0,55.63339656467516,1,1,1,332.7768157024376
Sheikhpura,2023-10-16 02:30:00,hum,72.0,66.32306614335224,1,1,1,332.7768157024376
Sheikhpura,2023-10-17 02:15:00,hum,91.0,67.56997652079644,1,1,1,332.7768157024376
Sheikhpura,2023-10-18 02:30:00,hum,84.0,88.30643202156801,1,1,1,332.7768157024376
Sheikhpura,2023-10-19 02:15:00,hum,68.0,86.66896606148863,1,1,1,332.7768157024376
Sheikhpura,2023-10-20 02:30:00,hum,59.0,67.49103306738866,1,1,1,332.7768157024376
Sheikhpura,2023-10-21 02:15:00,hum,58.0,60.63441273657902,1,1,1,332.7768157024376
Sheikhpura,2023-10-22 02:15:00,hum,62.0,59.78660227083239,1,1,1,332.7768157024376
Sheikhpura,2023-10-23 02:15:00,hum,84.0,62.684784025189515,1,1,1,332.7768157024376
Sheikhpura,2023-10-24 02:15:00,hum,65.0,79.63234646291231,1,1,1,332.7768157024376
Sheikhpura,2023-10-25 02:15:00,hum,62.0,65.13717982647167,1,1,1,332.7768157024376
Sheikhpura,2023-10-26 02:00:00,hum,54.0,63.00540704377124,1,1,1,332.7768157024376
Sheikhpura,2023-10-27 02:15:00,hum,54.0,57.2687062921339,1,1,1,332.7768157024376
Sheikhpura,2023-10-28 02:00:00,hum,55.0,57.04128159651884,1,1,1,332.7768157024376
Sheikhpura,2023-10-29 02:30:00,hum,53.0,57.55465464518821,1,1,1,332.7768157024376
Sheikhpura,2023-10-30 01:45:00,hum,49.0,55.92292887750433,1,1,1,332.7768157024376
Sheohar,2023-10-15 02:30:00,hum,69.0,62.0,0,1,0,299.65070211550824
Sheohar,2023-10-16 02:30:00,hum,77.0,69.0,0,1,0,299.65070211550824
Sheohar,2023-10-17 02:15:00,hum,86.0,77.0,0,1,0,299.65070211550824
Sheohar,2023-10-18 02:30:00,hum,79.0,86.0,0,1,0,299.65070211550824
Sheohar,2023-10-19 02:15:00,hum,76.0,79.0,0,1,0,299.65070211550824
Sheohar,2023-10-20 02:30:00,hum,75.0,76.0,0,1,0,299.65070211550824
Sheohar,2023-10-21 02:15:00,hum,71.0,75.0,0,1,0,299.65070211550824
Sheohar,2023-10-22 02:15:00,hum,65.0,71.0,0,1,0,299.65070211550824
Sheohar,2023-10-23 02:15:00,hum,68.0,65.0,0,1,0,299.65070211550824
Sheohar,2023-10-24 02:15:00,hum,72.0,68.0,0,1,0,299.65070211550824
Sheohar,2023-10-25 02:15:00,hum,70.0,72.0,0,1,0,299.65070211550824
Sheohar,2023-10-26 02:00:00,hum,75.0,70.0,0,1,0,299.65070211550824
Sheohar,2023-10-27 02:15:00,hum,72.0,75.0,0,1,0,299.65070211550824
Sheohar,2023-10-28 02:00:00,hum,68.0,72.0,0,1,0,299.65070211550824
Sheohar,2023-10-29 02:30:00,hum,66.0,68.0,0,1,0,299.65070211550824
Sheohar,2023-10-30 01:45:00,hum,66.0,66.0,0,1,0,299.65070211550824
Sheopur,2023-10-15 02:30:00,hum,42.0,46.0,0,1,0,296.31561803079217
Sheopur,2023-10-16 02:30:00,hum,47.0,42.0,0,1,0,296.31561803079217
Sheopur,2023-10-17 02:15:00,hum,82.0,47.0,0,1,0,296.31561803079217
Sheopur,2023-10-18 02:15:00,hum,63.0,82.0,0,1,0,296.31561803079217
Sheopur,2023-10-19 02:15:00,hum,56.0,63.0,0,1,0,296.31561803079217
Sheopur,2023-10-20 02:15:00,hum,43.0,56.0,0,1,0,296.31561803079217
Sheopur,2023-10-21 02:00:00,hum,45.0,43.0,0,1,0,296.31561803079217
Sheopur,2023-10-22 02:15:00,hum,46.0,45.0,0,1,0,296.31561803079217
Sheopur,2023-10-23 02:00:00,hum,48.0,46.0,0,1,0,296.31561803079217
Sheopur,2023-10-24 02:15:00,hum,43.0,48.0,0,1,0,296.31561803079217
Sheopur,2023-10-25 02:15:00,hum,39.0,43.0,0,1,0,296.31561803079217
Sheopur,2023-10-26 02:00:00,hum,39.0,39.0,0,1,0,296.31561803079217
Sheopur,2023-10-27 02:15:00,hum,38.0,39.0,0,1,0,296.31561803079217
Sheopur,2023-10-28 02:00:00,hum,33.0,38.0,0,1,0,296.31561803079217
Sheopur,2023-10-29 02:30:00,hum,42.0,33.0,0,1,0,296.31561803079217
Sheopur,2023-10-30 01:45:00,hum,43.0,42.0,0,1,0,296.31561803079217
Shimla,2023-10-15 02:30:00,hum,68.0,58.95348137103459,1,1,0,287.93839439512277
Shimla,2023-10-16 02:30:00,hum,67.0,63.86369720943675,1,1,0,287.93839439512277
Shimla,2023-10-17 02:15:00,hum,65.0,67.3257377002998,1,1,0,287.93839439512277
Shimla,2023-10-18 02:15:00,hum,71.0,65.64936408549839,1,1,0,287.93839439512277
Shimla,2023-10-19 02:15:00,hum,63.0,69.01922548918319,1,1,0,287.93839439512277
Shimla,2023-10-20 02:15:00,hum,68.0,65.78460953206222,1,1,0,287.93839439512277
Shimla,2023-10-21 02:00:00,hum,68.0,66.21635582224796,1,1,0,287.93839439512277
Shimla,2023-10-22 02:15:00,hum,56.0,68.0,1,1,0,287.93839439512277
Shimla,2023-10-23 02:00:00,hum,54.0,60.226511075073056,1,1,0,287.93839439512277
Shimla,2023-10-24 02:15:00,hum,66.0,54.63790800503558,1,1,0,287.93839439512277
Shimla,2023-10-25 02:15:00,hum,62.0,62.05464402097925,1,1,0,287.93839439512277
Shimla,2023-10-26 02:00:00,hum,56.0,63.316653111846,1,1,0,287.93839439512277
Shimla,2023-10-27 02:15:00,hum,53.0,57.901897576165474,1,1,0,287.93839439512277
Shimla,2023-10-28 02:00:00,hum,53.0,53.91497506496886,1,1,0,287.93839439512277
Shimla,2023-10-29 02:30:00,hum,55.0,53.0,1,1,0,287.93839439512277
Shimla,2023-10-30 01:45:00,hum,53.0,54.39192853832144,1,1,0,287.93839439512277
Shimoga,2023-10-15 02:30:00,hum,88.0,85.50634125625723,0,1,1,249.7147290625856
Shimoga,2023-10-16 02:30:00,hum,91.0,86.65563814691788,0,1,1,249.7147290625856
Shimoga,2023-10-17 02:30:00,hum,86.0,88.17214339624118,0,1,1,249.7147290625856
Shimoga,2023-10-18 02:30:00,hum,88.0,87.48349459487268,0,1,1,249.7147290625856
Shimoga,2023-10-19 02:15:00,hum,67.0,87.64950390918028,0,1,1,249.7147290625856
Shimoga,2023-10-20 02:30:00,hum,74.0,80.57844798009764,0,1,1,249.7147290625856
Shimoga,2023-10-21 02:15:00,hum,87.0,76.64151825495232,0,1,1,249.7147290625856
Shimoga,2023-10-22 02:15:00,hum,78.0,81.38689732102374,0,1,1,249.7147290625856
Shimoga,2023-10-23 02:15:00,hum,63.0,80.22896801682919,0,1,1,249.7147290625856
Shimoga,2023-10-24 02:15:00,hum,55.0,73.63595070226732,0,1,1,249.7147290625856
Shimoga,2023-10-25 02:15:00,hum,58.0,61.81640169946104,0,1,1,249.7147290625856
Shimoga,2023-10-26 02:00:00,hum,49.0,58.96910967493662,0,1,1,249.7147290625856
Shimoga,2023-10-27 02:15:00,hum,51.0,52.03522394924007,0,1,1,249.7147290625856
Shimoga,2023-10-28 02:00:00,hum,60.0,51.299506796662,0,1,1,249.7147290625856
Shimoga,2023-10-29 02:45:00,hum,85.0,57.06857664876392,0,1,1,249.7147290625856
Shimoga,2023-10-30 02:00:00,hum,81.0,81.53367114039587,0,1,1,249.7147290625856
Shivpuri,2023-10-15 02:30:00,hum,44.0,42.0,0,1,0,304.24911044309727
Shivpuri,2023-10-16 02:30:00,hum,43.0,44.0,0,1,0,304.24911044309727
Shivpuri,2023-10-17 02:15:00,hum,87.0,43.0,0,1,0,304.24911044309727
Shivpuri,2023-10-18 02:15:00,hum,69.0,87.0,0,1,0,304.24911044309727
Shivpuri,2023-10-19 02:15:00,hum,58.0,69.0,0,1,0,304.24911044309727
Shivpuri,2023-10-20 02:15:00,hum,46.0,58.0,0,1,0,304.24911044309727
Shivpuri,2023-10-21 02:00:00,hum,50.0,46.0,0,1,0,304.24911044309727
Shivpuri,2023-10-22 02:15:00,hum,53.0,50.0,0,1,0,304.24911044309727
Shivpuri,2023-10-23 02:00:00,hum,45.0,53.0,0,1,0,304.24911044309727
Shivpuri,2023-10-24 02:15:00,hum,48.0,45.0,0,1,0,304.24911044309727
Shivpuri,2023-10-25 02:15:00,hum,45.0,48.0,0,1,0,304.24911044309727
Shivpuri,2023-10-26 02:00:00,hum,42.0,45.0,0,1,0,304.24911044309727
Shivpuri,2023-10-27 02:15:00,hum,41.0,42.0,0,1,0,304.24911044309727
Shivpuri,2023-10-28 02:00:00,hum,33.0,41.0,0,1,0,304.24911044309727
Shivpuri,2023-10-29 02:30:00,hum,40.0,33.0,0,1,0,304.24911044309727
Shivpuri,2023-10-30 01:45:00,hum,40.0,40.0,0,1,0,304.24911044309727
Shupiyan,2023-10-15 02:30:00,hum,67.0,64.35334576504629,2,1,2,305.2726961485338
Shupiyan,2023-10-16 02:30:00,hum,56.0,72.87659890684475,2,1,2,305.2726961485338
Shupiyan,2023-10-17 02:15:00,hum,89.0,56.57027899305021,2,1,2,305.2726961485338
Shupiyan,2023-10-18 02:15:00,hum,81.0,91.94355798117121,2,1,2,305.2726961485338
Shupiyan,2023-10-19 02:15:00,hum,61.0,75.95997384598323,2,1,2,305.2726961485338
Shupiyan,2023-10-20 02:15:00,hum,56.0,55.88512878916035,2,1,2,305.2726961485338
Shupiyan,2023-10-21 02:15:00,hum,52.0,60.51297106407765,2,1,2,305.2726961485338
Shupiyan,2023-10-22 02:15:00,hum,47.0,63.13257862345179,2,1,2,305.2726961485338
Shupiyan,2023-10-23 02:00:00,hum,82.0,56.23079403409892,2,1,2,305.2726961485338
Shupiyan,2023-10-24 02:15:00,hum,53.0,84.31783582803207,2,1,2,305.2726961485338
Shupiyan,2023-10-25 02:15:00,hum,61.0,46.51010717521778,2,1,2,305.2726961485338
Shupiyan,2023-10-26 02:00:00,hum,43.0,61.32190032128759,2,1,2,305.2726961485338
Shupiyan,2023-10-27 02:15:00,hum,45.0,52.854874331023765,2,1,2,305.2726961485338
Shupiyan,2023-10-28 02:00:00,hum,47.0,45.10001951365811,2,1,2,305.2726961485338
Shupiyan,2023-10-29 02:30:00,hum,44.0,54.28018054140191,2,1,2,305.2726961485338
Shupiyan,2023-10-30 01:45:00,hum,37.0,44.4930778473894,2,1,2,305.2726961485338
Siang,2023-10-14 02:30:00,hum,52.0,58.0,1,1,0,440.8087460435247
Siang,2023-10-15 02:30:00,hum,59.0,53.28983254966618,1,1,0,440.8087460435247
Siang,2023-10-16 02:30:00,hum,63.0,57.367766753706796,1,1,0,440.8087460435247
Siang,2023-10-17 02:15:00,hum,68.0,62.1490175173952,1,1,0,440.8087460435247
Siang,2023-10-17 02:30:00,hum,68.0,66.99648975574088,1,1,0,440.8087460435247
Siang,2023-10-18 02:30:00,hum,71.0,68.0,1,1,0,440.8087460435247
Siang,2023-10-19 02:15:00,hum,77.0,70.40534044520787,1,1,0,440.8087460435247
Siang,2023-10-19 02:30:00,hum,77.0,75.87078292988318,1,1,0,440.8087460435247
Siang,2023-10-20 02:30:00,hum,70.0,77.0,1,1,0,440.8087460435247
Siang,2023-10-21 02:15:00,hum,59.0,71.29391777052271,1,1,0,440.8087460435247
Siang,2023-10-21 02:30:00,hum,59.0,60.57319329688406,1,1,0,440.8087460435247
Siang,2023-10-22 02:15:00,hum,66.0,59.0,1,1,0,440.8087460435247
Siang,2023-10-22 02:30:00,hum,66.0,65.05430044168118,1,1,0,440.8087460435247
Siang,2023-10-23 02:15:00,hum,69.0,66.0,1,1,0,440.8087460435247
Siang,2023-10-24 02:15:00,hum,74.0,68.60349170285704,1,1,0,440.8087460435247
Siang,2023-10-25 02:15:00,hum,80.0,73.37526952573994,1,1,0,440.8087460435247
Siang,2023-10-25 02:30:00,hum,80.0,79.33806956646313,1,1,0,440.8087460435247
Siang,2023-10-26 02:00:00,hum,60.0,80.0,1,1,0,440.8087460435247
Siang,2023-10-27 02:15:00,hum,59.0,62.16824135965768,1,1,0,440.8087460435247
Siang,2023-10-27 02:30:00,hum,59.0,59.0850046214115,1,1,0,440.8087460435247
Siang,2023-10-28 02:00:00,hum,64.0,59.0,1,1,0,440.8087460435247
Siang,2023-10-29 02:30:00,hum,64.0,63.57506602265103,1,1,0,440.8087460435247
Siang,2023-10-29 02:45:00,hum,64.0,64.0,1,1,0,440.8087460435247
Siang,2023-10-30 01:45:00,hum,72.0,64.0,1,1,0,440.8087460435247
Siang,2023-10-30 02:00:00,hum,73.0,71.32624795926321,1,1,0,440.8087460435247
Siddipet,2023-10-15 02:30:00,hum,72.0,75.0,0,1,0,258.828555887078
Siddipet,2023-10-16 02:30:00,hum,69.0,72.0,0,1,0,258.828555887078
Siddipet,2023-10-17 02:30:00,hum,77.0,69.0,0,1,0,258.828555887078
Siddipet,2023-10-18 02:30:00,hum,70.0,77.0,0,1,0,258.828555887078
Siddipet,2023-10-19 02:30:00,hum,70.0,70.0,0,1,0,258.828555887078
Siddipet,2023-10-20 02:30:00,hum,73.0,70.0,0,1,0,258.828555887078
Siddipet,2023-10-21 02:30:00,hum,77.0,73.0,0,1,0,258.828555887078
Siddipet,2023-10-22 02:30:00,hum,65.0,77.0,0,1,0,258.828555887078
Siddipet,2023-10-23 02:15:00,hum,57.0,65.0,0,1,0,258.828555887078
Siddipet,2023-10-24 02:15:00,hum,66.0,57.0,0,1,0,258.828555887078
Siddipet,2023-10-25 02:30:00,hum,62.0,66.0,0,1,0,258.828555887078
Siddipet,2023-10-26 02:00:00,hum,59.0,61.99999999999999,0,1,0,258.828555887078
Siddipet,2023-10-27 02:30:00,hum,56.0,59.0,0,1,0,258.828555887078
Siddipet,2023-10-28 02:00:00,hum,56.0,56.0,0,1,0,258.828555887078
Siddipet,2023-10-29 02:45:00,hum,66.0,56.0,0,1,0,258.828555887078
Siddipet,2023-10-30 02:00:00,hum,63.0,66.0,0,1,0,258.828555887078
Sidhi,2023-10-15 02:30:00,hum,61.0,58.6958394299879,0,1,1,318.29954019763227
Sidhi,2023-10-16 02:30:00,hum,61.0,60.450215220959926,0,1,1,318.29954019763227
Sidhi,2023-10-17 02:15:00,hum,70.0,60.868812557551806,0,1,1,318.29954019763227
Sidhi,2023-10-18 02:15:00,hum,76.0,67.84630783289536,0,1,1,318.29954019763227
Sidhi,2023-10-19 02:15:00,hum,65.0,74.31195600660543,0,1,1,318.29954019763227
Sidhi,2023-10-20 02:15:00,hum,54.0,67.17739687539023,0,1,1,318.29954019763227
Sidhi,2023-10-21 02:00:00,hum,59.0,56.75254947701224,0,1,1,318.29954019763227
Sidhi,2023-10-22 02:15:00,hum,58.0,58.53371618317883,0,1,1,318.29954019763227
Sidhi,2023-10-23 02:00:00,hum,58.0,58.1187400930476,0,1,1,318.29954019763227
Sidhi,2023-10-24 02:15:00,hum,59.0,58.026447289539,0,1,1,318.29954019763227
Sidhi,2023-10-25 02:15:00,hum,53.0,58.78310776722819,0,1,1,318.29954019763227
Sidhi,2023-10-26 02:00:00,hum,59.0,54.2980109085484,0,1,1,318.29954019763227
Sidhi,2023-10-27 02:15:00,hum,53.0,57.91617775574958,0,1,1,318.29954019763227
Sidhi,2023-10-28 02:00:00,hum,46.0,54.165546162246166,0,1,1,318.29954019763227
Sidhi,2023-10-29 02:30:00,hum,50.0,47.84830343911684,0,1,1,318.29954019763227
Sidhi,2023-10-30 01:45:00,hum,54.0,49.51021366578372,0,1,1,318.29954019763227
Sikar,2023-10-15 02:30:00,hum,40.0,39.0,0,1,0,314.3258033417641
Sikar,2023-10-16 02:30:00,hum,38.0,40.0,0,1,0,314.3258033417641
Sikar,2023-10-17 02:30:00,hum,65.0,38.0,0,1,0,314.3258033417641
Sikar,2023-10-18 02:30:00,hum,55.0,65.0,0,1,0,314.3258033417641
Sikar,2023-10-19 02:30:00,hum,53.0,54.99999999999999,0,1,0,314.3258033417641
Sikar,2023-10-20 02:30:00,hum,45.0,53.0,0,1,0,314.3258033417641
Sikar,2023-10-21 02:15:00,hum,45.0,45.0,0,1,0,314.3258033417641
Sikar,2023-10-22 02:30:00,hum,34.0,45.0,0,1,0,314.3258033417641
Sikar,2023-10-23 02:15:00,hum,38.0,34.0,0,1,0,314.3258033417641
Sikar,2023-10-24 02:15:00,hum,38.0,38.0,0,1,0,314.3258033417641
Sikar,2023-10-25 02:30:00,hum,45.0,38.0,0,1,0,314.3258033417641
Sikar,2023-10-26 02:00:00,hum,43.0,45.0,0,1,0,314.3258033417641
Sikar,2023-10-27 02:15:00,hum,36.0,43.0,0,1,0,314.3258033417641
Sikar,2023-10-28 02:00:00,hum,29.0,36.0,0,1,0,314.3258033417641
Sikar,2023-10-29 02:45:00,hum,27.0,29.0,0,1,0,314.3258033417641
Sikar,2023-10-30 02:00:00,hum,34.0,27.0,0,1,0,314.3258033417641
Simdega,2023-10-15 02:30:00,hum,66.0,62.415495467135855,1,1,0,292.7514640370264
Simdega,2023-10-16 02:30:00,hum,67.0,65.13352098089622,1,1,0,292.7514640370264
Simdega,2023-10-17 02:15:00,hum,67.0,66.71378332637725,1,1,0,292.7514640370264
Simdega,2023-10-18 02:30:00,hum,79.0,67.0,1,1,0,292.7514640370264
Simdega,2023-10-19 02:15:00,hum,75.0,75.56954382044638,1,1,0,292.7514640370264
Simdega,2023-10-20 02:30:00,hum,70.0,76.1564707742574,1,1,0,292.7514640370264
Simdega,2023-10-21 02:15:00,hum,66.0,71.38970831866115,1,1,0,292.7514640370264
Simdega,2023-10-22 02:15:00,hum,67.0,67.06344896868714,1,1,0,292.7514640370264
Simdega,2023-10-23 02:00:00,hum,71.0,66.73415450121806,1,1,0,292.7514640370264
Simdega,2023-10-24 02:15:00,hum,77.0,69.94403727882333,1,1,0,292.7514640370264
Simdega,2023-10-25 02:15:00,hum,73.0,75.49126478577824,1,1,0,292.7514640370264
Simdega,2023-10-26 02:00:00,hum,66.0,74.0321981277502,1,1,0,292.7514640370264
Simdega,2023-10-27 02:15:00,hum,66.0,67.70850609172493,1,1,0,292.7514640370264
Simdega,2023-10-28 02:00:00,hum,63.0,66.0,1,1,0,292.7514640370264
Simdega,2023-10-29 02:30:00,hum,67.0,63.71735992704699,1,1,0,292.7514640370264
Simdega,2023-10-30 01:45:00,hum,74.0,66.02665527977106,1,1,0,292.7514640370264
Sirmaur,2023-10-15 02:30:00,hum,49.0,43.0,0,1,0,327.4157586174966
Sirmaur,2023-10-16 02:30:00,hum,51.0,49.0,0,1,0,327.4157586174966
Sirmaur,2023-10-17 02:15:00,hum,65.0,51.0,0,1,0,327.4157586174966
Sirmaur,2023-10-18 02:15:00,hum,70.0,65.0,0,1,0,327.4157586174966
Sirmaur,2023-10-19 02:15:00,hum,57.0,70.0,0,1,0,327.4157586174966
Sirmaur,2023-10-20 02:15:00,hum,50.0,57.0,0,1,0,327.4157586174966
Sirmaur,2023-10-21 02:15:00,hum,57.0,50.0,0,1,0,327.4157586174966
Sirmaur,2023-10-22 02:15:00,hum,48.0,57.0,0,1,0,327.4157586174966
Sirmaur,2023-10-23 02:00:00,hum,52.0,48.0,0,1,0,327.4157586174966
Sirmaur,2023-10-24 02:15:00,hum,50.0,52.0,0,1,0,327.4157586174966
Sirmaur,2023-10-25 02:15:00,hum,47.0,50.0,0,1,0,327.4157586174966
Sirmaur,2023-10-26 02:00:00,hum,55.0,47.0,0,1,0,327.4157586174966
Sirmaur,2023-10-27 02:15:00,hum,41.0,55.0,0,1,0,327.4157586174966
Sirmaur,2023-10-28 02:00:00,hum,39.0,41.0,0,1,0,327.4157586174966
Sirmaur,2023-10-29 02:30:00,hum,42.0,39.0,0,1,0,327.4157586174966
Sirmaur,2023-10-30 01:45:00,hum,42.0,42.0,0,1,0,327.4157586174966
Sirohi,2023-10-15 02:30:00,hum,63.0,48.06723056877918,0,1,2,294.66866860618074
Sirohi,2023-10-16 02:30:00,hum,58.0,60.39094386616373,0,1,2,294.66866860618074
Sirohi,2023-10-17 02:30:00,hum,62.0,62.6752579345481,0,1,2,294.66866860618074
Sirohi,2023-10-18 02:30:00,hum,54.0,61.412986907039546,0,1,2,294.66866860618074
Sirohi,2023-10-19 02:30:00,hum,44.0,54.26294091204467,0,1,2,294.66866860618074
Sirohi,2023-10-20 02:30:00,hum,38.0,41.879135837539266,0,1,2,294.66866860618074
Sirohi,2023-10-21 02:15:00,hum,36.0,34.70109387220367,0,1,2,294.66866860618074
Sirohi,2023-10-22 02:30:00,hum,32.0,34.72021991234545,0,1,2,294.66866860618074
Sirohi,2023-10-23 02:15:00,hum,40.0,32.470850358347036,0,1,2,294.66866860618074
Sirohi,2023-10-24 02:15:00,hum,34.0,38.92443735979893,0,1,2,294.66866860618074
Sirohi,2023-10-25 02:30:00,hum,35.0,36.78969558993507,0,1,2,294.66866860618074
Sirohi,2023-10-26 02:00:00,hum,32.0,33.33764243458377,0,1,2,294.66866860618074
Sirohi,2023-10-27 02:15:00,hum,27.0,31.40797144245937,0,1,2,294.66866860618074
Sirohi,2023-10-28 02:00:00,hum,31.0,26.641319756242464,0,1,2,294.66866860618074
Sirohi,2023-10-29 02:45:00,hum,37.0,29.293529083265863,0,1,2,294.66866860618074
Sirohi,2023-10-30 02:00:00,hum,34.0,38.417244363621144,0,1,2,294.66866860618074
Sirsa,2023-10-15 02:30:00,hum,32.0,32.430310475928486,0,1,1,322.7323975576263
Sirsa,2023-10-16 02:30:00,hum,45.0,31.898209262450045,0,1,1,322.7323975576263
Sirsa,2023-10-17 02:15:00,hum,83.0,48.04781834368536,0,1,1,322.7323975576263
Sirsa,2023-10-18 02:30:00,hum,64.0,94.1150641402681,0,1,1,322.7323975576263
Sirsa,2023-10-19 02:15:00,hum,43.0,60.6679762628844,0,1,1,322.7323975576263
Sirsa,2023-10-20 02:30:00,hum,41.0,39.46295012788568,0,1,1,322.7323975576263
Sirsa,2023-10-21 02:15:00,hum,31.0,41.38557761282744,0,1,1,322.7323975576263
Sirsa,2023-10-22 02:15:00,hum,44.0,28.449199095894045,0,1,1,322.7323975576263
Sirsa,2023-10-23 02:15:00,hum,40.0,47.192873084356705,0,1,1,322.7323975576263
Sirsa,2023-10-24 02:15:00,hum,50.0,38.738159783136986,0,1,1,322.7323975576263
Sirsa,2023-10-25 02:15:00,hum,40.0,51.83720661271901,0,1,1,322.7323975576263
Sirsa,2023-10-26 02:00:00,hum,32.0,38.38638007907969,0,1,1,322.7323975576263
Sirsa,2023-10-27 02:15:00,hum,26.0,31.0415840711215,0,1,1,322.7323975576263
Sirsa,2023-10-28 02:00:00,hum,27.0,25.203798009394212,0,1,1,322.7323975576263
Sirsa,2023-10-29 02:30:00,hum,26.0,27.281317488059724,0,1,1,322.7323975576263
Sirsa,2023-10-30 01:45:00,hum,31.0,25.799497619172776,0,1,1,322.7323975576263
Sitamarhi,2023-10-15 02:30:00,hum,69.0,62.0,0,1,0,299.65070211550824
Sitamarhi,2023-10-16 02:30:00,hum,77.0,69.0,0,1,0,299.65070211550824
Sitamarhi,2023-10-17 02:15:00,hum,86.0,77.0,0,1,0,299.65070211550824
Sitamarhi,2023-10-18 02:30:00,hum,79.0,86.0,0,1,0,299.65070211550824
Sitamarhi,2023-10-19 02:15:00,hum,76.0,79.0,0,1,0,299.65070211550824
Sitamarhi,2023-10-20 02:30:00,hum,75.0,76.0,0,1,0,299.65070211550824
Sitamarhi,2023-10-21 02:15:00,hum,71.0,75.0,0,1,0,299.65070211550824
Sitamarhi,2023-10-22 02:15:00,hum,65.0,71.0,0,1,0,299.65070211550824
Sitamarhi,2023-10-23 02:15:00,hum,68.0,65.0,0,1,0,299.65070211550824
Sitamarhi,2023-10-24 02:15:00,hum,72.0,68.0,0,1,0,299.65070211550824
Sitamarhi,2023-10-25 02:15:00,hum,70.0,72.0,0,1,0,299.65070211550824
Sitamarhi,2023-10-26 02:00:00,hum,75.0,70.0,0,1,0,299.65070211550824
Sitamarhi,2023-10-27 02:15:00,hum,72.0,75.0,0,1,0,299.65070211550824
Sitamarhi,2023-10-28 02:00:00,hum,68.0,72.0,0,1,0,299.65070211550824
Sitamarhi,2023-10-29 02:30:00,hum,66.0,68.0,0,1,0,299.65070211550824
Sitamarhi,2023-10-30 01:45:00,hum,66.0,66.0,0,1,0,299.65070211550824
Sitapur,2023-10-15 02:30:00,hum,60.0,57.72978828927603,0,1,1,320.19723289423615
Sitapur,2023-10-16 02:30:00,hum,64.0,58.949704102959686,0,1,1,320.19723289423615
Sitapur,2023-10-17 02:30:00,hum,77.0,61.65835042931183,0,1,1,320.19723289423615
Sitapur,2023-10-18 02:30:00,hum,71.0,70.37230598616273,0,1,1,320.19723289423615
Sitapur,2023-10-19 02:30:00,hum,61.0,70.75165294356837,0,1,1,320.19723289423615
Sitapur,2023-10-20 02:30:00,hum,51.0,65.37406694764705,0,1,1,320.19723289423615
Sitapur,2023-10-21 02:15:00,hum,59.0,57.09665776602212,0,1,1,320.19723289423615
Sitapur,2023-10-22 02:30:00,hum,56.0,58.24711721307228,0,1,1,320.19723289423615
Sitapur,2023-10-23 02:15:00,hum,56.0,56.9714522169377,0,1,1,320.19723289423615
Sitapur,2023-10-24 02:15:00,hum,50.0,56.420576883883435,0,1,1,320.19723289423615
Sitapur,2023-10-25 02:30:00,hum,56.0,52.750156054023016,0,1,1,320.19723289423615
Sitapur,2023-10-26 02:00:00,hum,52.0,54.605079204036606,0,1,1,320.19723289423615
Sitapur,2023-10-27 02:15:00,hum,49.0,53.140163487348644,0,1,1,320.19723289423615
Sitapur,2023-10-28 02:00:00,hum,47.0,50.794632729836046,0,1,1,320.19723289423615
Sitapur,2023-10-29 02:45:00,hum,50.0,48.61230512475111,0,1,1,320.19723289423615
Sitapur,2023-10-30 02:00:00,hum,54.0,49.40876223064449,0,1,1,320.19723289423615
Sivaganga,2023-10-15 02:30:00,hum,82.0,85.88347639665973,0,1,1,300.59859368709135
Sivaganga,2023-10-16 02:30:00,hum,82.0,84.6866324089181,0,1,1,300.59859368709135
Sivaganga,2023-10-17 02:30:00,hum,89.0,83.92915395883453,0,1,1,300.59859368709135
Sivaganga,2023-10-18 02:30:00,hum,94.0,85.3357831327864,0,1,1,300.59859368709135
Sivaganga,2023-10-19 02:30:00,hum,86.0,87.93558205781397,0,1,1,300.59859368709135
Sivaganga,2023-10-20 02:30:00,hum,80.0,87.30623945121117,0,1,1,300.59859368709135
Sivaganga,2023-10-21 02:15:00,hum,94.0,85.26998342520646,0,1,1,300.59859368709135
Sivaganga,2023-10-22 02:30:00,hum,89.0,87.53809375929316,0,1,1,300.59859368709135
Sivaganga,2023-10-23 02:15:00,hum,89.0,87.94119760557425,0,1,1,300.59859368709135
Sivaganga,2023-10-24 02:15:00,hum,85.0,88.23201196629186,0,1,1,300.59859368709135
Sivaganga,2023-10-25 02:30:00,hum,84.0,87.36594767789066,0,1,1,300.59859368709135
Sivaganga,2023-10-26 02:00:00,hum,81.0,86.50449638906187,0,1,1,300.59859368709135
Sivaganga,2023-10-27 02:15:00,hum,82.0,85.06975716785836,0,1,1,300.59859368709135
Sivaganga,2023-10-28 02:00:00,hum,86.0,84.20393145264303,0,1,1,300.59859368709135
Sivaganga,2023-10-29 02:45:00,hum,89.0,84.71210523555749,0,1,1,300.59859368709135
Sivaganga,2023-10-30 02:00:00,hum,94.0,85.82597917143792,0,1,1,300.59859368709135
Siwan,2023-10-15 02:30:00,hum,63.0,59.0,0,1,0,302.8241037526274
Siwan,2023-10-16 02:30:00,hum,74.0,63.0,0,1,0,302.8241037526274
Siwan,2023-10-17 02:15:00,hum,84.0,74.0,0,1,0,302.8241037526274
Siwan,2023-10-18 02:30:00,hum,75.0,84.0,0,1,0,302.8241037526274
Siwan,2023-10-19 02:15:00,hum,65.0,75.0,0,1,0,302.8241037526274
Siwan,2023-10-20 02:30:00,hum,53.0,65.0,0,1,0,302.8241037526274
Siwan,2023-10-21 02:15:00,hum,55.0,53.0,0,1,0,302.8241037526274
Siwan,2023-10-22 02:15:00,hum,57.0,55.0,0,1,0,302.8241037526274
Siwan,2023-10-23 02:15:00,hum,54.0,57.0,0,1,0,302.8241037526274
Siwan,2023-10-24 02:15:00,hum,53.0,54.0,0,1,0,302.8241037526274
Siwan,2023-10-25 02:15:00,hum,65.0,53.0,0,1,0,302.8241037526274
Siwan,2023-10-26 02:00:00,hum,56.0,65.0,0,1,0,302.8241037526274
Siwan,2023-10-27 02:15:00,hum,59.0,56.0,0,1,0,302.8241037526274
Siwan,2023-10-28 02:00:00,hum,56.0,59.0,0,1,0,302.8241037526274
Siwan,2023-10-29 02:30:00,hum,53.0,56.0,0,1,0,302.8241037526274
Siwan,2023-10-30 01:45:00,hum,55.0,53.0,0,1,0,302.8241037526274
Solan,2023-10-15 02:30:00,hum,68.0,58.96332477239027,1,1,0,287.12004724265137
Solan,2023-10-16 02:30:00,hum,67.0,63.84172550172334,1,1,0,287.12004724265137
Solan,2023-10-17 02:15:00,hum,65.0,67.32711004566991,1,1,0,287.12004724265137
Solan,2023-10-18 02:15:00,hum,71.0,65.65206719468952,1,1,0,287.12004724265137
Solan,2023-10-19 02:15:00,hum,63.0,69.01059546582651,1,1,0,287.12004724265137
Solan,2023-10-20 02:15:00,hum,68.0,65.79826533558852,1,1,0,287.12004724265137
Solan,2023-10-21 02:00:00,hum,68.0,66.20740297463497,1,1,0,287.12004724265137
Solan,2023-10-22 02:15:00,hum,56.0,68.0,1,1,0,287.12004724265137
Solan,2023-10-23 02:00:00,hum,54.0,60.24680457990588,1,1,0,287.12004724265137
Solan,2023-10-24 02:15:00,hum,66.0,54.64008345695473,1,1,0,287.12004724265137
Solan,2023-10-25 02:15:00,hum,62.0,62.0399085345603,1,1,0,287.12004724265137
Solan,2023-10-26 02:00:00,hum,56.0,63.32128336873139,1,1,0,287.12004724265137
Solan,2023-10-27 02:15:00,hum,53.0,57.90778055619672,1,1,0,287.12004724265137
Solan,2023-10-28 02:00:00,hum,53.0,53.91738126385804,1,1,0,287.12004724265137
Solan,2023-10-29 02:30:00,hum,55.0,53.0,1,1,0,287.12004724265137
Solan,2023-10-30 01:45:00,hum,53.0,54.39036032470656,1,1,0,287.12004724265137
Solapur,2023-10-15 02:30:00,hum,51.0,54.0,0,1,0,288.3444544764236
Solapur,2023-10-16 02:30:00,hum,53.0,51.0,0,1,0,288.3444544764236
Solapur,2023-10-17 02:30:00,hum,55.0,53.0,0,1,0,288.3444544764236
Solapur,2023-10-18 02:30:00,hum,56.0,55.0,0,1,0,288.3444544764236
Solapur,2023-10-19 02:30:00,hum,57.0,56.0,0,1,0,288.3444544764236
Solapur,2023-10-20 02:30:00,hum,59.0,57.0,0,1,0,288.3444544764236
Solapur,2023-10-21 02:15:00,hum,54.0,59.0,0,1,0,288.3444544764236
Solapur,2023-10-22 02:30:00,hum,55.0,54.0,0,1,0,288.3444544764236
Solapur,2023-10-23 02:15:00,hum,53.0,55.0,0,1,0,288.3444544764236
Solapur,2023-10-24 02:15:00,hum,52.0,53.0,0,1,0,288.3444544764236
Solapur,2023-10-25 02:15:00,hum,52.0,52.0,0,1,0,288.3444544764236
Solapur,2023-10-26 02:00:00,hum,53.0,52.0,0,1,0,288.3444544764236
Solapur,2023-10-27 02:15:00,hum,50.0,53.0,0,1,0,288.3444544764236
Solapur,2023-10-28 02:00:00,hum,47.0,50.0,0,1,0,288.3444544764236
Solapur,2023-10-29 02:45:00,hum,46.0,47.0,0,1,0,288.3444544764236
Solapur,2023-10-30 02:00:00,hum,52.0,46.0,0,1,0,288.3444544764236
Somnath,2023-10-15 02:30:00,hum,70.0,82.32005135489496,1,1,0,227.30777481249967
Somnath,2023-10-16 02:30:00,hum,81.0,75.04696239457344,1,1,0,227.30777481249967
Somnath,2023-10-17 02:15:00,hum,77.0,75.44195082203633,1,1,0,227.30777481249967
Somnath,2023-10-18 02:15:00,hum,74.0,78.93446583294453,1,1,0,227.30777481249967
Somnath,2023-10-19 02:15:00,hum,64.0,75.3761434453866,1,1,0,227.30777481249967
Somnath,2023-10-20 02:30:00,hum,51.0,68.14864342418275,1,1,0,227.30777481249967
Somnath,2023-10-21 02:15:00,hum,72.0,53.90753171191026,1,1,0,227.30777481249967
Somnath,2023-10-22 02:15:00,hum,69.0,62.78125718028181,1,1,0,227.30777481249967
Somnath,2023-10-23 02:00:00,hum,63.0,70.06130814112517,1,1,0,227.30777481249967
Somnath,2023-10-24 02:15:00,hum,66.0,65.0392424712819,1,1,0,227.30777481249967
Somnath,2023-10-25 02:15:00,hum,69.0,64.96904847160178,1,1,0,227.30777481249967
Somnath,2023-10-26 02:00:00,hum,65.0,67.99186584394324,1,1,0,227.30777481249967
Somnath,2023-10-27 02:15:00,hum,69.0,66.36703386492961,1,1,0,227.30777481249967
Somnath,2023-10-28 02:00:00,hum,68.0,67.6064329130962,1,1,0,227.30777481249967
Somnath,2023-10-29 02:30:00,hum,61.0,68.34752341576078,1,1,0,227.30777481249967
Somnath,2023-10-30 01:45:00,hum,63.0,63.40011168713691,1,1,0,227.30777481249967
Sonipat,2023-10-15 02:30:00,hum,74.0,66.6225169366277,0,1,1,339.4971201316094
Sonipat,2023-10-16 02:30:00,hum,65.0,69.57183704541458,0,1,1,339.4971201316094
Sonipat,2023-10-17 02:15:00,hum,94.0,67.74210176278154,0,1,1,339.4971201316094
Sonipat,2023-10-18 02:30:00,hum,78.0,78.13790652248979,0,1,1,339.4971201316094
Sonipat,2023-10-19 02:15:00,hum,69.0,78.06686946112669,0,1,1,339.4971201316094
Sonipat,2023-10-20 02:30:00,hum,69.0,74.45535812183456,0,1,1,339.4971201316094
Sonipat,2023-10-21 02:15:00,hum,73.0,72.43761357868993,0,1,1,339.4971201316094
Sonipat,2023-10-22 02:15:00,hum,69.0,72.64671293111151,0,1,1,339.4971201316094
Sonipat,2023-10-23 02:15:00,hum,78.0,71.29881321397076,0,1,1,339.4971201316094
Sonipat,2023-10-24 02:15:00,hum,65.0,73.75529578245292,0,1,1,339.4971201316094
Sonipat,2023-10-25 02:15:00,hum,64.0,70.59687030950941,0,1,1,339.4971201316094
Sonipat,2023-10-26 02:00:00,hum,61.0,68.16128383912317,0,1,1,339.4971201316094
Sonipat,2023-10-27 02:15:00,hum,60.0,65.3878906325012,0,1,1,339.4971201316094
Sonipat,2023-10-28 02:00:00,hum,60.0,63.206269504696984,0,1,1,339.4971201316094
Sonipat,2023-10-29 02:30:00,hum,31.0,61.89062512566645,0,1,1,339.4971201316094
Sonipat,2023-10-30 01:45:00,hum,69.0,47.878534629337466,0,1,1,339.4971201316094
South Salmara,2023-10-16 02:30:00,hum,83.0,83.33490668566202,2,1,2,271.41603222155
South Salmara,2023-10-17 02:30:00,hum,87.0,85.44664235283237,2,1,2,271.41603222155
South Salmara,2023-10-18 02:30:00,hum,85.0,85.75406960976899,2,1,2,271.41603222155
South Salmara,2023-10-19 02:30:00,hum,87.0,87.15645305660676,2,1,2,271.41603222155
South Salmara,2023-10-20 02:30:00,hum,85.0,85.71709802693316,2,1,2,271.41603222155
South Salmara,2023-10-21 02:15:00,hum,86.0,87.15714776730032,2,1,2,271.41603222155
South Salmara,2023-10-21 02:30:00,hum,86.0,84.87024113721627,2,1,2,271.41603222155
South Salmara,2023-10-22 02:30:00,hum,84.0,87.92310658939647,2,1,2,271.41603222155
South Salmara,2023-10-23 02:15:00,hum,84.0,83.29336443034467,2,1,2,271.41603222155
South Salmara,2023-10-24 02:15:00,hum,83.0,86.1579219069229,2,1,2,271.41603222155
South Salmara,2023-10-25 02:30:00,hum,77.0,82.5607340923583,2,1,2,271.41603222155
South Salmara,2023-10-26 02:00:00,hum,79.0,80.05291592521672,2,1,2,271.41603222155
South Salmara,2023-10-27 02:30:00,hum,84.0,78.71934726314088,2,1,2,271.41603222155
South Salmara,2023-10-28 02:00:00,hum,83.0,85.95343708527777,2,1,2,271.41603222155
South Salmara,2023-10-29 02:45:00,hum,78.0,82.64001741295529,2,1,2,271.41603222155
South Salmara,2023-10-30 02:00:00,hum,85.0,80.79602182895644,2,1,2,271.41603222155
South Suburban,2023-10-15 02:30:00,hum,84.0,80.98679302115684,0,1,1,252.8217175180293
South Suburban,2023-10-16 02:30:00,hum,89.0,82.29544695022561,0,1,1,252.8217175180293
South Suburban,2023-10-17 02:30:00,hum,84.0,84.58277424318248,0,1,1,252.8217175180293
South Suburban,2023-10-18 02:30:00,hum,84.0,84.40012712997138,0,1,1,252.8217175180293
South Suburban,2023-10-19 02:30:00,hum,84.0,84.27503929301281,0,1,1,252.8217175180293
South Suburban,2023-10-20 02:30:00,hum,83.0,84.18916648139735,0,1,1,252.8217175180293
South Suburban,2023-10-21 02:30:00,hum,83.0,83.81703851831377,0,1,1,252.8217175180293
South Suburban,2023-10-22 02:30:00,hum,83.0,83.56008016172125,0,1,1,252.8217175180293
South Suburban,2023-10-23 02:15:00,hum,84.0,83.38349474705564,0,1,1,252.8217175180293
South Suburban,2023-10-24 02:15:00,hum,83.0,83.57787205854451,0,1,1,252.8217175180293
South Suburban,2023-10-25 02:30:00,hum,94.0,83.3970018720712,0,1,1,252.8217175180293
South Suburban,2023-10-26 02:00:00,hum,89.0,86.64780486770044,0,1,1,252.8217175180293
South Suburban,2023-10-27 02:30:00,hum,84.0,87.52367457720743,0,1,1,252.8217175180293
South Suburban,2023-10-28 02:00:00,hum,83.0,86.31965013898261,0,1,1,252.8217175180293
South Suburban,2023-10-29 02:45:00,hum,83.0,85.32982589656504,0,1,1,252.8217175180293
South Suburban,2023-10-30 02:00:00,hum,83.0,84.6428477826154,0,1,1,252.8217175180293
Srikakulam,2023-10-15 02:30:00,hum,83.0,81.81512469657102,1,1,1,265.33632938712634
Srikakulam,2023-10-16 02:30:00,hum,80.0,83.23128363462958,1,1,1,265.33632938712634
Srikakulam,2023-10-17 02:15:00,hum,80.0,81.08361703233741,1,1,1,265.33632938712634
Srikakulam,2023-10-18 02:15:00,hum,82.0,81.04853055654839,1,1,1,265.33632938712634
Srikakulam,2023-10-19 02:15:00,hum,87.0,82.46758711589256,1,1,1,265.33632938712634
Srikakulam,2023-10-20 02:30:00,hum,89.0,85.99319679491296,1,1,1,265.33632938712634
Srikakulam,2023-10-21 02:15:00,hum,85.0,87.44432241158901,1,1,1,265.33632938712634
Srikakulam,2023-10-22 02:15:00,hum,83.0,84.63337180033133,1,1,1,265.33632938712634
Srikakulam,2023-10-23 02:00:00,hum,67.0,83.24236399322359,1,1,1,265.33632938712634
Srikakulam,2023-10-24 02:15:00,hum,67.0,66.75355712620475,1,1,1,265.33632938712634
Srikakulam,2023-10-25 02:15:00,hum,82.0,67.02649679006043,1,1,1,265.33632938712634
Srikakulam,2023-10-26 02:00:00,hum,80.0,82.26667628107107,1,1,1,265.33632938712634
Srikakulam,2023-10-27 02:15:00,hum,84.0,81.05229341041886,1,1,1,265.33632938712634
Srikakulam,2023-10-28 02:00:00,hum,81.0,83.72637298848566,1,1,1,265.33632938712634
Srikakulam,2023-10-29 02:30:00,hum,81.0,81.73111112520203,1,1,1,265.33632938712634
Srikakulam,2023-10-30 01:45:00,hum,78.0,81.71773555340292,1,1,1,265.33632938712634
Srinagar,2023-10-15 02:30:00,hum,73.0,65.40484961740437,2,1,2,327.4857630677846
Srinagar,2023-10-16 02:30:00,hum,66.0,79.42635632021121,2,1,2,327.4857630677846
Srinagar,2023-10-17 02:15:00,hum,92.0,65.22195761085953,2,1,2,327.4857630677846
Srinagar,2023-10-18 02:15:00,hum,87.0,88.48908661122289,2,1,2,327.4857630677846
Srinagar,2023-10-19 02:15:00,hum,61.0,80.26379981087537,2,1,2,327.4857630677846
Srinagar,2023-10-20 02:15:00,hum,52.0,56.032033742039665,2,1,2,327.4857630677846
Srinagar,2023-10-21 02:00:00,hum,46.0,59.81691920230804,2,1,2,327.4857630677846
Srinagar,2023-10-22 02:15:00,hum,45.0,62.76641743588097,2,1,2,327.4857630677846
Srinagar,2023-10-23 02:00:00,hum,83.0,60.47324529799352,2,1,2,327.4857630677846
Srinagar,2023-10-24 02:15:00,hum,57.0,85.30333431290404,2,1,2,327.4857630677846
Srinagar,2023-10-25 02:15:00,hum,58.0,47.202141163467246,2,1,2,327.4857630677846
Srinagar,2023-10-26 02:00:00,hum,44.0,43.56152025295012,2,1,2,327.4857630677846
Srinagar,2023-10-27 02:15:00,hum,45.0,34.86191354676405,2,1,2,327.4857630677846
Srinagar,2023-10-28 02:00:00,hum,46.0,45.21960294574227,2,1,2,327.4857630677846
Srinagar,2023-10-29 02:30:00,hum,45.0,54.43265486602909,2,1,2,327.4857630677846
Srinagar,2023-10-30 01:45:00,hum,37.0,56.973470538779445,2,1,2,327.4857630677846
Sukma,2023-10-15 02:30:00,hum,84.0,77.4055855266568,2,1,1,251.14667663677855
Sukma,2023-10-16 02:30:00,hum,82.0,82.89055529268148,2,1,1,251.14667663677855
Sukma,2023-10-17 02:30:00,hum,82.0,80.58513844797655,2,1,1,251.14667663677855
Sukma,2023-10-18 02:30:00,hum,79.0,83.77967452624065,2,1,1,251.14667663677855
Sukma,2023-10-19 02:15:00,hum,83.0,78.43785668152375,2,1,1,251.14667663677855
Sukma,2023-10-20 02:30:00,hum,83.0,83.6451696492076,2,1,1,251.14667663677855
Sukma,2023-10-21 02:15:00,hum,84.0,81.02347851634342,2,1,1,251.14667663677855
Sukma,2023-10-22 02:15:00,hum,76.0,84.88616578292965,2,1,1,251.14667663677855
Sukma,2023-10-23 02:15:00,hum,83.0,77.23423975611598,2,1,1,251.14667663677855
Sukma,2023-10-24 02:15:00,hum,84.0,83.17757565775068,2,1,1,251.14667663677855
Sukma,2023-10-25 02:15:00,hum,79.0,81.07464582466754,2,1,1,251.14667663677855
Sukma,2023-10-26 02:00:00,hum,78.0,81.2660602072552,2,1,1,251.14667663677855
Sukma,2023-10-27 02:15:00,hum,68.0,79.54140307907599,2,1,1,251.14667663677855
Sukma,2023-10-28 02:00:00,hum,68.0,70.3964776103518,2,1,1,251.14667663677855
Sukma,2023-10-29 02:30:00,hum,80.0,70.10545048410799,2,1,1,251.14667663677855
Sukma,2023-10-30 01:45:00,hum,72.0,75.85470726020492,2,1,1,251.14667663677855
Sultanpur,2023-10-15 02:30:00,hum,52.0,53.0,0,1,0,316.6757763034914
Sultanpur,2023-10-16 02:30:00,hum,66.0,52.0,0,1,0,316.6757763034914
Sultanpur,2023-10-17 02:30:00,hum,88.0,66.0,0,1,0,316.6757763034914
Sultanpur,2023-10-18 02:30:00,hum,69.0,88.0,0,1,0,316.6757763034914
Sultanpur,2023-10-19 02:30:00,hum,61.0,69.0,0,1,0,316.6757763034914
Sultanpur,2023-10-20 02:30:00,hum,52.0,61.0,0,1,0,316.6757763034914
Sultanpur,2023-10-21 02:15:00,hum,55.0,52.0,0,1,0,316.6757763034914
Sultanpur,2023-10-22 02:30:00,hum,50.0,55.0,0,1,0,316.6757763034914
Sultanpur,2023-10-23 02:15:00,hum,55.0,50.0,0,1,0,316.6757763034914
Sultanpur,2023-10-24 02:15:00,hum,47.0,55.0,0,1,0,316.6757763034914
Sultanpur,2023-10-25 02:30:00,hum,55.0,47.0,0,1,0,316.6757763034914
Sultanpur,2023-10-26 02:00:00,hum,64.0,55.0,0,1,0,316.6757763034914
Sultanpur,2023-10-27 02:30:00,hum,51.0,64.0,0,1,0,316.6757763034914
Sultanpur,2023-10-28 02:00:00,hum,38.0,51.0,0,1,0,316.6757763034914
Sultanpur,2023-10-29 02:45:00,hum,46.0,38.0,0,1,0,316.6757763034914
Sultanpur,2023-10-30 02:00:00,hum,50.0,46.0,0,1,0,316.6757763034914
Sundargarh,2023-10-15 02:30:00,hum,70.0,71.42433158506046,2,1,2,279.27062592322613
Sundargarh,2023-10-16 02:30:00,hum,65.0,69.91720114730569,2,1,2,279.27062592322613
Sundargarh,2023-10-17 02:30:00,hum,72.0,61.838664755636394,2,1,2,279.27062592322613
Sundargarh,2023-10-18 02:30:00,hum,77.0,68.72031637665422,2,1,2,279.27062592322613
Sundargarh,2023-10-19 02:30:00,hum,70.0,75.60363215683994,2,1,2,279.27062592322613
Sundargarh,2023-10-20 02:30:00,hum,71.0,67.91863426708011,2,1,2,279.27062592322613
Sundargarh,2023-10-21 02:15:00,hum,71.0,76.23771126010548,2,1,2,279.27062592322613
Sundargarh,2023-10-22 02:30:00,hum,69.0,71.18285305743957,2,1,2,279.27062592322613
Sundargarh,2023-10-23 02:15:00,hum,65.0,70.05554666984546,2,1,2,279.27062592322613
Sundargarh,2023-10-24 02:15:00,hum,73.0,67.05156384346259,2,1,2,279.27062592322613
Sundargarh,2023-10-25 02:30:00,hum,69.0,70.31918244298944,2,1,2,279.27062592322613
Sundargarh,2023-10-26 02:00:00,hum,61.0,69.8148015531131,2,1,2,279.27062592322613
Sundargarh,2023-10-27 02:15:00,hum,60.0,63.593933401476384,2,1,2,279.27062592322613
Sundargarh,2023-10-28 02:00:00,hum,64.0,58.653904280493734,2,1,2,279.27062592322613
Sundargarh,2023-10-29 02:45:00,hum,67.0,66.08818797890052,2,1,2,279.27062592322613
Sundargarh,2023-10-30 02:00:00,hum,68.0,66.22183811363303,2,1,2,279.27062592322613
Supaul,2023-10-15 02:30:00,hum,68.0,64.0,0,1,0,298.8754392314643
Supaul,2023-10-16 02:30:00,hum,72.0,68.0,0,1,0,298.8754392314643
Supaul,2023-10-17 02:15:00,hum,80.0,72.0,0,1,0,298.8754392314643
Supaul,2023-10-18 02:30:00,hum,75.0,80.0,0,1,0,298.8754392314643
Supaul,2023-10-19 02:15:00,hum,70.0,75.0,0,1,0,298.8754392314643
Supaul,2023-10-20 02:30:00,hum,69.0,70.0,0,1,0,298.8754392314643
Supaul,2023-10-21 02:15:00,hum,65.0,69.0,0,1,0,298.8754392314643
Supaul,2023-10-22 02:15:00,hum,64.0,65.0,0,1,0,298.8754392314643
Supaul,2023-10-23 02:15:00,hum,68.0,63.99999999999999,0,1,0,298.8754392314643
Supaul,2023-10-24 02:15:00,hum,74.0,68.0,0,1,0,298.8754392314643
Supaul,2023-10-25 02:15:00,hum,66.0,74.0,0,1,0,298.8754392314643
Supaul,2023-10-26 02:00:00,hum,73.0,66.0,0,1,0,298.8754392314643
Supaul,2023-10-27 02:15:00,hum,58.0,73.0,0,1,0,298.8754392314643
Supaul,2023-10-28 02:00:00,hum,55.0,58.0,0,1,0,298.8754392314643
Supaul,2023-10-29 02:30:00,hum,61.0,55.0,0,1,0,298.8754392314643
Supaul,2023-10-30 01:45:00,hum,66.0,61.0,0,1,0,298.8754392314643
Surajpur,2023-10-15 02:30:00,hum,42.0,44.250733225575615,0,1,1,308.6238582328924
Surajpur,2023-10-16 02:30:00,hum,43.0,43.04502091436888,0,1,1,308.6238582328924
Surajpur,2023-10-17 02:30:00,hum,58.0,43.021069185934145,0,1,1,308.6238582328924
Surajpur,2023-10-18 02:30:00,hum,55.0,50.99804361425644,0,1,1,308.6238582328924
Surajpur,2023-10-19 02:15:00,hum,51.0,53.30605319472686,0,1,1,308.6238582328924
Surajpur,2023-10-20 02:30:00,hum,49.0,52.021967928493495,0,1,1,308.6238582328924
Surajpur,2023-10-21 02:15:00,hum,48.0,50.38827199498631,0,1,1,308.6238582328924
Surajpur,2023-10-22 02:15:00,hum,45.0,49.09608891914604,0,1,1,308.6238582328924
Surajpur,2023-10-23 02:15:00,hum,43.0,46.860229242632826,0,1,1,308.6238582328924
Surajpur,2023-10-24 02:15:00,hum,47.0,44.71822214983213,0,1,1,308.6238582328924
Surajpur,2023-10-25 02:15:00,hum,44.0,45.97772037782975,0,1,1,308.6238582328924
Surajpur,2023-10-26 02:00:00,hum,40.0,44.89675590467932,0,1,1,308.6238582328924
Surajpur,2023-10-27 02:15:00,hum,42.0,42.20179831455609,0,1,1,308.6238582328924
Surajpur,2023-10-28 02:00:00,hum,43.0,42.090309807383164,0,1,1,308.6238582328924
Surajpur,2023-10-29 02:30:00,hum,47.0,42.590889660949784,0,1,1,308.6238582328924
Surajpur,2023-10-30 01:45:00,hum,40.0,45.00896031856207,0,1,1,308.6238582328924
Surat,2023-10-15 02:30:00,hum,74.0,69.34548990745756,0,1,1,235.13850617905555
Surat,2023-10-16 02:30:00,hum,74.0,72.26004570052638,0,1,1,235.13850617905555
Surat,2023-10-17 02:15:00,hum,69.0,73.35734408668932,0,1,1,235.13850617905555
Surat,2023-10-18 02:15:00,hum,61.0,70.6908470098351,0,1,1,235.13850617905555
Surat,2023-10-19 02:15:00,hum,59.0,64.23417054518895,0,1,1,235.13850617905555
Surat,2023-10-20 02:30:00,hum,51.0,60.07879052662809,0,1,1,235.13850617905555
Surat,2023-10-21 02:15:00,hum,56.0,52.484542156000614,0,1,1,235.13850617905555
Surat,2023-10-22 02:15:00,hum,50.0,55.33606004916092,0,1,1,235.13850617905555
Surat,2023-10-23 02:00:00,hum,52.0,51.16211631288397,0,1,1,235.13850617905555
Surat,2023-10-24 02:15:00,hum,49.0,51.81869384089524,0,1,1,235.13850617905555
Surat,2023-10-25 02:15:00,hum,46.0,49.624099217096585,0,1,1,235.13850617905555
Surat,2023-10-26 02:00:00,hum,43.0,46.76051926045012,0,1,1,235.13850617905555
Surat,2023-10-27 02:15:00,hum,45.0,43.72820348264738,0,1,1,235.13850617905555
Surat,2023-10-28 02:00:00,hum,42.0,44.74775849867288,0,1,1,235.13850617905555
Surat,2023-10-29 02:30:00,hum,42.0,42.55781823390596,0,1,1,235.13850617905555
Surat,2023-10-30 01:45:00,hum,40.0,42.11183075093202,0,1,1,235.13850617905555
Surendranagar,2023-10-15 02:30:00,hum,56.0,55.0,0,1,0,311.9476298290388
Surendranagar,2023-10-16 02:30:00,hum,62.0,56.0,0,1,0,311.9476298290388
Surendranagar,2023-10-17 02:15:00,hum,66.0,62.0,0,1,0,311.9476298290388
Surendranagar,2023-10-18 02:15:00,hum,50.0,66.0,0,1,0,311.9476298290388
Surendranagar,2023-10-19 02:15:00,hum,43.0,49.99999999999999,0,1,0,311.9476298290388
Surendranagar,2023-10-20 02:30:00,hum,42.0,43.0,0,1,0,311.9476298290388
Surendranagar,2023-10-21 02:15:00,hum,40.0,42.0,0,1,0,311.9476298290388
Surendranagar,2023-10-22 02:15:00,hum,40.0,40.0,0,1,0,311.9476298290388
Surendranagar,2023-10-23 02:00:00,hum,35.0,40.0,0,1,0,311.9476298290388
Surendranagar,2023-10-24 02:15:00,hum,28.0,35.0,0,1,0,311.9476298290388
Surendranagar,2023-10-25 02:15:00,hum,33.0,28.000000000000004,0,1,0,311.9476298290388
Surendranagar,2023-10-26 02:00:00,hum,31.0,33.0,0,1,0,311.9476298290388
Surendranagar,2023-10-27 02:15:00,hum,34.0,30.999999999999996,0,1,0,311.9476298290388
Surendranagar,2023-10-28 02:00:00,hum,32.0,34.0,0,1,0,311.9476298290388
Surendranagar,2023-10-29 02:30:00,hum,29.0,31.999999999999996,0,1,0,311.9476298290388
Surendranagar,2023-10-30 01:45:00,hum,37.0,29.0,0,1,0,311.9476298290388
Surguja,2023-10-15 02:30:00,hum,68.0,64.09422337973517,1,1,0,299.29117452015464
Surguja,2023-10-16 02:30:00,hum,68.0,64.01387339616986,1,1,0,299.29117452015464
Surguja,2023-10-17 02:30:00,hum,76.0,68.0,1,1,0,299.29117452015464
Surguja,2023-10-18 02:30:00,hum,80.0,72.56450193817031,1,1,0,299.29117452015464
Surguja,2023-10-19 02:15:00,hum,84.0,78.3701160362208,1,1,0,299.29117452015464
Surguja,2023-10-20 02:30:00,hum,78.0,82.40295970396193,1,1,0,299.29117452015464
Surguja,2023-10-21 02:15:00,hum,63.0,80.43471254787823,1,1,0,299.29117452015464
Surguja,2023-10-22 02:15:00,hum,67.0,68.50930153993899,1,1,0,299.29117452015464
Surguja,2023-10-23 02:15:00,hum,65.0,65.5605186901106,1,1,0,299.29117452015464
Surguja,2023-10-24 02:15:00,hum,71.0,65.72148616753702,1,1,0,299.29117452015464
Surguja,2023-10-25 02:15:00,hum,69.0,68.81421904573523,1,1,0,299.29117452015464
Surguja,2023-10-26 02:00:00,hum,62.0,69.72810654041525,1,1,0,299.29117452015464
Surguja,2023-10-27 02:15:00,hum,66.0,64.51276692147536,1,1,0,299.29117452015464
Surguja,2023-10-28 02:00:00,hum,58.0,64.55028791419039,1,1,0,299.29117452015464
Surguja,2023-10-29 02:30:00,hum,71.0,60.96668844327609,1,1,0,299.29117452015464
Surguja,2023-10-30 01:45:00,hum,69.0,65.85339475667583,1,1,0,299.29117452015464
Suryapet,2023-10-15 02:30:00,hum,77.0,77.7012246075445,1,1,1,278.0972623911808
Suryapet,2023-10-16 02:30:00,hum,76.0,79.00042703486052,1,1,1,278.0972623911808
Suryapet,2023-10-17 02:30:00,hum,87.0,78.1607747352451,1,1,1,278.0972623911808
Suryapet,2023-10-18 02:30:00,hum,81.0,85.73237296077085,1,1,1,278.0972623911808
Suryapet,2023-10-19 02:30:00,hum,75.0,81.78972475888617,1,1,1,278.0972623911808
Suryapet,2023-10-20 02:30:00,hum,89.0,77.30008478841062,1,1,1,278.0972623911808
Suryapet,2023-10-21 02:30:00,hum,83.0,86.76141722779167,1,1,1,278.0972623911808
Suryapet,2023-10-22 02:30:00,hum,77.0,83.10049253462066,1,1,1,278.0972623911808
Suryapet,2023-10-23 02:15:00,hum,64.0,79.01418981702867,1,1,1,278.0972623911808
Suryapet,2023-10-24 02:15:00,hum,67.0,70.11899324610332,1,1,1,278.0972623911808
Suryapet,2023-10-25 02:30:00,hum,68.0,71.2027606725268,1,1,1,278.0972623911808
Suryapet,2023-10-26 02:00:00,hum,66.0,71.26036965999458,1,1,1,278.0972623911808
Suryapet,2023-10-27 02:30:00,hum,54.0,69.21109579852867,1,1,1,278.0972623911808
Suryapet,2023-10-28 02:00:00,hum,54.0,58.742318177183975,1,1,1,278.0972623911808
Suryapet,2023-10-29 02:45:00,hum,86.0,56.25825224753698,1,1,1,278.0972623911808
Suryapet,2023-10-30 02:00:00,hum,91.0,81.5539288141478,1,1,1,278.0972623911808
Talab Data,2023-10-15 02:30:00,hum,46.0,42.66305334271024,0,1,2,320.6279542157684
Talab Data,2023-10-16 02:30:00,hum,43.0,45.004036042771716,0,1,2,320.6279542157684
Talab Data,2023-10-17 02:15:00,hum,72.0,42.72102468946325,0,1,2,320.6279542157684
Talab Data,2023-10-18 02:15:00,hum,54.0,64.79069180499178,0,1,2,320.6279542157684
Talab Data,2023-10-19 02:15:00,hum,56.0,51.01394468878065,0,1,2,320.6279542157684
Talab Data,2023-10-20 02:15:00,hum,62.0,56.10148887180206,0,1,2,320.6279542157684
Talab Data,2023-10-21 02:15:00,hum,52.0,59.34204999470168,0,1,2,320.6279542157684
Talab Data,2023-10-22 02:15:00,hum,50.0,53.25949471836814,0,1,2,320.6279542157684
Talab Data,2023-10-23 02:00:00,hum,49.0,52.448792919930625,0,1,2,320.6279542157684
Talab Data,2023-10-24 02:15:00,hum,54.0,50.75567627844481,0,1,2,320.6279542157684
Talab Data,2023-10-25 02:15:00,hum,43.0,53.60619314273957,0,1,2,320.6279542157684
Talab Data,2023-10-26 02:00:00,hum,44.0,45.948275486552866,0,1,2,320.6279542157684
Talab Data,2023-10-27 02:15:00,hum,47.0,46.61936976832595,0,1,2,320.6279542157684
Talab Data,2023-10-28 02:00:00,hum,45.0,47.235925692782764,0,1,2,320.6279542157684
Talab Data,2023-10-29 02:30:00,hum,42.0,45.6641001070324,0,1,2,320.6279542157684
Talab Data,2023-10-30 01:45:00,hum,42.0,43.612477045101066,0,1,2,320.6279542157684
Tamenglong,2023-10-15 02:30:00,hum,88.0,92.54877219679244,2,0,1,256.09179721959265
Tamenglong,2023-10-16 02:30:00,hum,90.0,91.44243065440543,2,0,1,256.09179721959265
Tamenglong,2023-10-17 02:15:00,hum,85.0,93.69670299659575,2,0,1,256.09179721959265
Tamenglong,2023-10-18 02:30:00,hum,89.0,90.74905362144469,2,0,1,256.09179721959265
Tamenglong,2023-10-19 02:15:00,hum,88.0,94.28106765502105,2,0,1,256.09179721959265
Tamenglong,2023-10-20 02:30:00,hum,88.0,93.23657277898117,2,0,1,256.09179721959265
Tamenglong,2023-10-21 02:15:00,hum,81.0,92.79231274943454,2,0,1,256.09179721959265
Tamenglong,2023-10-22 02:15:00,hum,87.0,85.86947383121978,2,0,1,256.09179721959265
Tamenglong,2023-10-23 02:15:00,hum,98.0,90.799883170401,2,0,1,256.09179721959265
Tamenglong,2023-10-24 02:15:00,hum,93.0,100.41624187664931,2,0,1,256.09179721959265
Tamenglong,2023-10-25 02:15:00,hum,86.0,93.28344691529018,2,0,1,256.09179721959265
Tamenglong,2023-10-26 02:00:00,hum,98.0,88.92679488133638,2,0,1,256.09179721959265
Tamenglong,2023-10-27 02:15:00,hum,97.0,98.46298737201597,2,0,1,256.09179721959265
Tamenglong,2023-10-28 02:00:00,hum,92.0,95.26872452900363,2,0,1,256.09179721959265
Tamenglong,2023-10-29 02:30:00,hum,83.0,93.40527288667104,2,0,1,256.09179721959265
Tamenglong,2023-10-30 01:45:00,hum,84.0,86.60395880789288,2,0,1,256.09179721959265
Tarn Taran,2023-10-15 02:30:00,hum,88.0,86.38779173053304,1,1,1,302.51868285084834
Tarn Taran,2023-10-16 02:30:00,hum,94.0,88.54270680612757,1,1,1,302.51868285084834
Tarn Taran,2023-10-17 02:30:00,hum,94.0,91.15985148155269,1,1,1,302.51868285084834
Tarn Taran,2023-10-18 02:30:00,hum,94.0,91.24654136490359,1,1,1,302.51868285084834
Tarn Taran,2023-10-19 02:15:00,hum,94.0,91.3283278316139,1,1,1,302.51868285084834
Tarn Taran,2023-10-20 02:30:00,hum,94.0,91.40504681360372,1,1,1,302.51868285084834
Tarn Taran,2023-10-21 02:15:00,hum,94.0,91.4775476589172,1,1,1,302.51868285084834
Tarn Taran,2023-10-22 02:15:00,hum,88.0,91.5455521242274,1,1,1,302.51868285084834
Tarn Taran,2023-10-23 02:15:00,hum,94.0,88.83395603651813,1,1,1,302.51868285084834
Tarn Taran,2023-10-24 02:15:00,hum,88.0,91.52872069326091,1,1,1,302.51868285084834
Tarn Taran,2023-10-25 02:15:00,hum,88.0,88.87824292754783,1,1,1,302.51868285084834
Tarn Taran,2023-10-26 02:00:00,hum,94.0,88.86280867308385,1,1,1,302.51868285084834
Tarn Taran,2023-10-27 02:15:00,hum,94.0,91.49521590919089,1,1,1,302.51868285084834
Tarn Taran,2023-10-28 02:00:00,hum,88.0,91.55640199449333,1,1,1,302.51868285084834
Tarn Taran,2023-10-29 02:30:00,hum,83.0,88.94178021886133,1,1,1,302.51868285084834
Tarn Taran,2023-10-30 02:00:00,hum,94.0,86.71579106837692,1,1,1,302.51868285084834
Tawang,2023-10-15 02:30:00,hum,85.0,84.0469139020685,2,1,2,240.47827999002985
Tawang,2023-10-16 02:30:00,hum,83.0,87.28261683914782,2,1,2,240.47827999002985
Tawang,2023-10-17 02:15:00,hum,75.0,85.07577173157696,2,1,2,240.47827999002985
Tawang,2023-10-18 02:30:00,hum,85.0,73.35222278453244,2,1,2,240.47827999002985
Tawang,2023-10-19 02:15:00,hum,80.0,86.4090605775031,2,1,2,240.47827999002985
Tawang,2023-10-20 02:30:00,hum,84.0,81.90822732269733,2,1,2,240.47827999002985
Tawang,2023-10-21 02:15:00,hum,83.0,84.70064846628203,2,1,2,240.47827999002985
Tawang,2023-10-22 02:15:00,hum,75.0,84.65382264318238,2,1,2,240.47827999002985
Tawang,2023-10-23 02:15:00,hum,66.0,77.66157657828577,2,1,2,240.47827999002985
Tawang,2023-10-24 02:15:00,hum,63.0,65.35690282441054,2,1,2,240.47827999002985
Tawang,2023-10-25 02:15:00,hum,60.0,63.517939144816516,2,1,2,240.47827999002985
Tawang,2023-10-26 02:00:00,hum,78.0,60.63030056676921,2,1,2,240.47827999002985
Tawang,2023-10-27 02:15:00,hum,72.0,79.45755468063737,2,1,2,240.47827999002985
Tawang,2023-10-28 02:00:00,hum,77.0,73.32420113178587,2,1,2,240.47827999002985
Tawang,2023-10-29 02:30:00,hum,81.0,75.06710522753852,2,1,2,240.47827999002985
Tawang,2023-10-30 01:45:00,hum,89.0,82.4909612241059,2,1,2,240.47827999002985
Tehri-Garhwal,2023-10-15 02:30:00,hum,68.0,74.28822183954375,1,1,2,263.6478565371402
Tehri-Garhwal,2023-10-16 02:30:00,hum,69.0,71.81562776259769,1,1,2,263.6478565371402
Tehri-Garhwal,2023-10-17 02:30:00,hum,72.0,65.66933957013555,1,1,2,263.6478565371402
Tehri-Garhwal,2023-10-18 02:30:00,hum,72.0,70.69221372380359,1,1,2,263.6478565371402
Tehri-Garhwal,2023-10-19 02:15:00,hum,72.0,74.13441185800869,1,1,2,263.6478565371402
Tehri-Garhwal,2023-10-20 02:30:00,hum,68.0,72.07303106597992,1,1,2,263.6478565371402
Tehri-Garhwal,2023-10-21 02:15:00,hum,63.0,68.5040002548704,1,1,2,263.6478565371402
Tehri-Garhwal,2023-10-22 02:15:00,hum,61.0,62.81609282964095,1,1,2,263.6478565371402
Tehri-Garhwal,2023-10-23 02:15:00,hum,69.0,59.68228353144484,1,1,2,263.6478565371402
Tehri-Garhwal,2023-10-24 02:15:00,hum,61.0,66.61921777839906,1,1,2,263.6478565371402
Tehri-Garhwal,2023-10-25 02:15:00,hum,53.0,66.5276541493121,1,1,2,263.6478565371402
Tehri-Garhwal,2023-10-26 02:00:00,hum,55.0,53.829109079764656,1,1,2,263.6478565371402
Tehri-Garhwal,2023-10-27 02:15:00,hum,55.0,52.76032229111233,1,1,2,263.6478565371402
Tehri-Garhwal,2023-10-28 02:00:00,hum,64.0,55.364045868184384,1,1,2,263.6478565371402
Tehri-Garhwal,2023-10-29 02:30:00,hum,64.0,61.81152860832617,1,1,2,263.6478565371402
Tehri-Garhwal,2023-10-30 01:45:00,hum,64.0,65.74145410892491,1,1,2,263.6478565371402
Tenkasi,2023-10-15 02:30:00,hum,92.0,89.0287908321632,0,1,2,219.2321706447097
Tenkasi,2023-10-16 02:30:00,hum,86.0,90.21315456302793,0,1,2,219.2321706447097
Tenkasi,2023-10-17 02:30:00,hum,89.0,88.3021944668978,0,1,2,219.2321706447097
Tenkasi,2023-10-18 02:30:00,hum,88.0,89.4460356327547,0,1,2,219.2321706447097
Tenkasi,2023-10-19 02:30:00,hum,82.0,88.94462184177165,0,1,2,219.2321706447097
Tenkasi,2023-10-20 02:30:00,hum,83.0,86.98582998526932,0,1,2,219.2321706447097
Tenkasi,2023-10-21 02:30:00,hum,84.0,86.7518836671794,0,1,2,219.2321706447097
Tenkasi,2023-10-22 02:30:00,hum,83.0,86.20084854113047,0,1,2,219.2321706447097
Tenkasi,2023-10-23 02:15:00,hum,88.0,85.11677793433273,0,1,2,219.2321706447097
Tenkasi,2023-10-24 02:15:00,hum,89.0,87.27323697657695,0,1,2,219.2321706447097
Tenkasi,2023-10-25 02:30:00,hum,87.0,87.48313818828619,0,1,2,219.2321706447097
Tenkasi,2023-10-26 02:00:00,hum,84.0,86.86117814064696,0,1,2,219.2321706447097
Tenkasi,2023-10-27 02:30:00,hum,87.0,85.70873992179918,0,1,2,219.2321706447097
Tenkasi,2023-10-28 02:00:00,hum,86.0,87.01037259121438,0,1,2,219.2321706447097
Tenkasi,2023-10-29 02:45:00,hum,88.0,86.25564435571688,0,1,2,219.2321706447097
Tenkasi,2023-10-30 02:00:00,hum,88.0,87.23189250086375,0,1,2,219.2321706447097
Thane,2023-10-15 02:30:00,hum,89.0,82.58140054754162,0,1,1,316.8344087606901
Thane,2023-10-16 02:30:00,hum,89.0,84.03776948221869,0,1,1,316.8344087606901
Thane,2023-10-17 02:30:00,hum,66.0,85.04751547830563,0,1,1,316.8344087606901
Thane,2023-10-18 02:30:00,hum,94.0,81.1970177746709,0,1,1,316.8344087606901
Thane,2023-10-19 02:15:00,hum,70.0,83.89842492539645,0,1,1,316.8344087606901
Thane,2023-10-20 02:30:00,hum,59.0,81.25626152710517,0,1,1,316.8344087606901
Thane,2023-10-21 02:15:00,hum,59.0,76.16041102515888,0,1,1,316.8344087606901
Thane,2023-10-22 02:30:00,hum,66.0,70.78377286437649,0,1,1,316.8344087606901
Thane,2023-10-23 02:15:00,hum,89.0,69.07885601409045,0,1,1,316.8344087606901
Thane,2023-10-24 02:15:00,hum,55.0,74.81555343550349,0,1,1,316.8344087606901
Thane,2023-10-25 02:15:00,hum,62.0,70.06373250214284,0,1,1,316.8344087606901
Thane,2023-10-26 02:00:00,hum,52.0,67.86640780113098,0,1,1,316.8344087606901
Thane,2023-10-27 02:15:00,hum,55.0,63.21446826827409,0,1,1,316.8344087606901
Thane,2023-10-28 02:00:00,hum,48.0,60.56266942981623,0,1,1,316.8344087606901
Thane,2023-10-29 02:45:00,hum,51.0,56.334054563471106,0,1,1,316.8344087606901
Thane,2023-10-30 02:00:00,hum,58.0,54.46628229617613,0,1,1,316.8344087606901
Thanjavur,2023-10-15 02:30:00,hum,100.0,85.91988274155842,1,1,1,296.5383555096794
Thanjavur,2023-10-16 02:30:00,hum,94.0,91.44137217391926,1,1,1,296.5383555096794
Thanjavur,2023-10-17 02:30:00,hum,94.0,89.63419980843189,1,1,1,296.5383555096794
Thanjavur,2023-10-18 02:30:00,hum,89.0,90.27554853315056,1,1,1,296.5383555096794
Thanjavur,2023-10-19 02:30:00,hum,94.0,88.16074114206292,1,1,1,296.5383555096794
Thanjavur,2023-10-20 02:30:00,hum,94.0,90.90871601677601,1,1,1,296.5383555096794
Thanjavur,2023-10-21 02:15:00,hum,84.0,91.41118660372982,1,1,1,296.5383555096794
Thanjavur,2023-10-22 02:30:00,hum,89.0,86.60132531597276,1,1,1,296.5383555096794
Thanjavur,2023-10-23 02:15:00,hum,89.0,88.78562333394528,1,1,1,296.5383555096794
Thanjavur,2023-10-24 02:15:00,hum,89.0,88.80736129768619,1,1,1,296.5383555096794
Thanjavur,2023-10-25 02:30:00,hum,79.0,88.82597845488166,1,1,1,296.5383555096794
Thanjavur,2023-10-26 02:00:00,hum,89.0,84.01993603234064,1,1,1,296.5383555096794
Thanjavur,2023-10-27 02:15:00,hum,79.0,88.24984121183276,1,1,1,296.5383555096794
Thanjavur,2023-10-28 02:00:00,hum,89.0,83.8874375417434,1,1,1,296.5383555096794
Thanjavur,2023-10-29 02:45:00,hum,89.0,87.83333046671132,1,1,1,296.5383555096794
Thanjavur,2023-10-30 02:00:00,hum,94.0,87.93107822989094,1,1,1,296.5383555096794
Thiruvananthapuram,2023-10-15 02:30:00,hum,100.0,87.82216601787363,0,1,1,278.3004704795596
Thiruvananthapuram,2023-10-16 02:30:00,hum,89.0,88.08692705187124,0,1,1,278.3004704795596
Thiruvananthapuram,2023-10-17 02:15:00,hum,84.0,88.10636323732243,0,1,1,278.3004704795596
Thiruvananthapuram,2023-10-18 02:30:00,hum,89.0,88.02079275845126,0,1,1,278.3004704795596
Thiruvananthapuram,2023-10-19 02:15:00,hum,94.0,88.04106772737646,0,1,1,278.3004704795596
Thiruvananthapuram,2023-10-20 02:30:00,hum,100.0,88.16097067507808,0,1,1,278.3004704795596
Thiruvananthapuram,2023-10-21 02:15:00,hum,89.0,88.39228702650276,0,1,1,278.3004704795596
Thiruvananthapuram,2023-10-22 02:15:00,hum,89.0,88.41110372551626,0,1,1,278.3004704795596
Thiruvananthapuram,2023-10-23 02:15:00,hum,89.0,88.41524644236623,0,1,1,278.3004704795596
Thiruvananthapuram,2023-10-24 02:15:00,hum,94.0,88.42882325795594,0,1,1,278.3004704795596
Thiruvananthapuram,2023-10-25 02:15:00,hum,89.0,89.00022425361983,0,1,1,278.3004704795596
Thiruvananthapuram,2023-10-26 02:00:00,hum,84.0,88.98050337248667,0,1,1,278.3004704795596
Thiruvananthapuram,2023-10-27 02:15:00,hum,84.0,88.45728964604857,0,1,1,278.3004704795596
Thiruvananthapuram,2023-10-28 02:00:00,hum,89.0,88.37932085658946,0,1,1,278.3004704795596
Thiruvananthapuram,2023-10-29 02:30:00,hum,89.0,88.38984643242969,0,1,1,278.3004704795596
Thiruvananthapuram,2023-10-30 02:00:00,hum,89.0,88.40018907368433,0,1,1,278.3004704795596
Thiruvarur,2023-10-15 02:30:00,hum,86.0,82.77523943057354,2,1,2,259.90783357079624
Thiruvarur,2023-10-16 02:30:00,hum,85.0,83.43579463322628,2,1,2,259.90783357079624
Thiruvarur,2023-10-17 02:30:00,hum,87.0,85.24938532283949,2,1,2,259.90783357079624
Thiruvarur,2023-10-18 02:30:00,hum,86.0,84.6925281464954,2,1,2,259.90783357079624
Thiruvarur,2023-10-19 02:30:00,hum,83.0,86.00018023276317,2,1,2,259.90783357079624
Thiruvarur,2023-10-20 02:30:00,hum,87.0,82.9902153577528,2,1,2,259.90783357079624
Thiruvarur,2023-10-21 02:15:00,hum,83.0,84.88034273717932,2,1,2,259.90783357079624
Thiruvarur,2023-10-22 02:30:00,hum,94.0,84.51414298279465,2,1,2,259.90783357079624
Thiruvarur,2023-10-23 02:15:00,hum,87.0,87.39363393729444,2,1,2,259.90783357079624
Thiruvarur,2023-10-24 02:15:00,hum,86.0,90.1318704869825,2,1,2,259.90783357079624
Thiruvarur,2023-10-25 02:30:00,hum,83.0,83.79764642953171,2,1,2,259.90783357079624
Thiruvarur,2023-10-26 02:00:00,hum,83.0,85.04648046300588,2,1,2,259.90783357079624
Thiruvarur,2023-10-27 02:15:00,hum,82.0,82.39980157294966,2,1,2,259.90783357079624
Thiruvarur,2023-10-28 02:00:00,hum,90.0,83.23412843277038,2,1,2,259.90783357079624
Thiruvarur,2023-10-29 02:45:00,hum,80.0,85.92686457765107,2,1,2,259.90783357079624
Thiruvarur,2023-10-30 02:00:00,hum,90.0,85.15526899916836,2,1,2,259.90783357079624
Thoubal,2023-10-15 02:30:00,hum,95.0,96.52701462732185,1,1,1,189.1703839015855
Thoubal,2023-10-16 02:30:00,hum,94.0,95.9547402165487,1,1,1,189.1703839015855
Thoubal,2023-10-17 02:15:00,hum,94.0,95.32289895094499,1,1,1,189.1703839015855
Thoubal,2023-10-18 02:30:00,hum,92.0,95.24111414225158,1,1,1,189.1703839015855
Thoubal,2023-10-19 02:15:00,hum,90.0,93.82282391881418,1,1,1,189.1703839015855
Thoubal,2023-10-20 02:30:00,hum,92.0,91.97809554968686,1,1,1,189.1703839015855
Thoubal,2023-10-21 02:15:00,hum,88.0,93.38047729899999,1,1,1,189.1703839015855
Thoubal,2023-10-22 02:15:00,hum,94.0,89.4150080681007,1,1,1,189.1703839015855
Thoubal,2023-10-23 02:15:00,hum,96.0,94.28822351434411,1,1,1,189.1703839015855
Thoubal,2023-10-24 02:15:00,hum,89.0,96.13521318916435,1,1,1,189.1703839015855
Thoubal,2023-10-25 02:15:00,hum,99.0,90.69182107645189,1,1,1,189.1703839015855
Thoubal,2023-10-26 02:00:00,hum,98.0,96.64733090788725,1,1,1,189.1703839015855
Thoubal,2023-10-27 02:15:00,hum,98.0,96.7894390327261,1,1,1,189.1703839015855
Thoubal,2023-10-28 02:00:00,hum,94.0,97.16859997792584,1,1,1,189.1703839015855
Thoubal,2023-10-29 02:30:00,hum,92.0,94.5820915080661,1,1,1,189.1703839015855
Thoubal,2023-10-30 01:45:00,hum,94.0,93.35908380874426,1,1,1,189.1703839015855
Thrissur,2023-10-15 02:30:00,hum,94.0,95.68407691908864,0,1,1,243.6167802484831
Thrissur,2023-10-16 02:30:00,hum,94.0,95.21901734162547,0,1,1,243.6167802484831
Thrissur,2023-10-17 02:30:00,hum,94.0,94.96389170556324,0,1,1,243.6167802484831
Thrissur,2023-10-18 02:30:00,hum,94.0,94.79732471455094,0,1,1,243.6167802484831
Thrissur,2023-10-19 02:15:00,hum,94.0,94.67619829326013,0,1,1,243.6167802484831
Thrissur,2023-10-20 02:30:00,hum,94.0,94.58230087491204,0,1,1,243.6167802484831
Thrissur,2023-10-21 02:15:00,hum,94.0,94.50668438419058,0,1,1,243.6167802484831
Thrissur,2023-10-22 02:15:00,hum,94.0,94.44471168096673,0,1,1,243.6167802484831
Thrissur,2023-10-23 02:15:00,hum,94.0,94.39272591453384,0,1,1,243.6167802484831
Thrissur,2023-10-24 02:15:00,hum,94.0,94.34854160445741,0,1,1,243.6167802484831
Thrissur,2023-10-25 02:15:00,hum,100.0,94.31059100080923,0,1,1,243.6167802484831
Thrissur,2023-10-26 02:00:00,hum,100.0,94.91264043507242,0,1,1,243.6167802484831
Thrissur,2023-10-27 02:15:00,hum,94.0,95.31035499473475,0,1,1,243.6167802484831
Thrissur,2023-10-28 02:00:00,hum,89.0,95.23372659335156,0,1,1,243.6167802484831
Thrissur,2023-10-29 02:45:00,hum,94.0,94.80240035157406,0,1,1,243.6167802484831
Thrissur,2023-10-30 02:00:00,hum,94.0,94.7363595547594,0,1,1,243.6167802484831
Tikamgarh,2023-10-15 02:30:00,hum,42.0,45.0,0,1,0,303.49726139323127
Tikamgarh,2023-10-16 02:30:00,hum,46.0,42.0,0,1,0,303.49726139323127
Tikamgarh,2023-10-17 02:15:00,hum,84.0,46.0,0,1,0,303.49726139323127
Tikamgarh,2023-10-18 02:15:00,hum,66.0,84.0,0,1,0,303.49726139323127
Tikamgarh,2023-10-19 02:15:00,hum,60.0,66.0,0,1,0,303.49726139323127
Tikamgarh,2023-10-20 02:15:00,hum,44.0,59.99999999999999,0,1,0,303.49726139323127
Tikamgarh,2023-10-21 02:00:00,hum,50.0,44.0,0,1,0,303.49726139323127
Tikamgarh,2023-10-22 02:15:00,hum,49.0,50.0,0,1,0,303.49726139323127
Tikamgarh,2023-10-23 02:00:00,hum,46.0,49.0,0,1,0,303.49726139323127
Tikamgarh,2023-10-24 02:15:00,hum,48.0,46.0,0,1,0,303.49726139323127
Tikamgarh,2023-10-25 02:15:00,hum,45.0,48.0,0,1,0,303.49726139323127
Tikamgarh,2023-10-26 02:00:00,hum,43.0,45.0,0,1,0,303.49726139323127
Tikamgarh,2023-10-27 02:15:00,hum,42.0,43.0,0,1,0,303.49726139323127
Tikamgarh,2023-10-28 02:00:00,hum,32.0,42.0,0,1,0,303.49726139323127
Tikamgarh,2023-10-29 02:30:00,hum,35.0,32.0,0,1,0,303.49726139323127
Tikamgarh,2023-10-30 01:45:00,hum,40.0,35.0,0,1,0,303.49726139323127
Tinsukia,2023-10-15 02:30:00,hum,98.0,97.66530323168797,0,1,1,227.3265303529248
Tinsukia,2023-10-16 02:30:00,hum,97.0,97.7130718754911,0,1,1,227.3265303529248
Tinsukia,2023-10-17 02:15:00,hum,96.0,97.60875947238357,0,1,1,227.3265303529248
Tinsukia,2023-10-18 02:30:00,hum,90.0,97.3879122430493,0,1,1,227.3265303529248
Tinsukia,2023-10-19 02:15:00,hum,97.0,96.43780099536956,0,1,1,227.3265303529248
Tinsukia,2023-10-20 02:30:00,hum,96.0,96.52608918308981,0,1,1,227.3265303529248
Tinsukia,2023-10-21 02:15:00,hum,89.0,96.45379871294682,0,1,1,227.3265303529248
Tinsukia,2023-10-22 02:15:00,hum,89.0,94.96284342728703,0,1,1,227.3265303529248
Tinsukia,2023-10-23 02:15:00,hum,90.0,92.56794716828156,0,1,1,227.3265303529248
Tinsukia,2023-10-24 02:15:00,hum,73.0,91.40808136865533,0,1,1,227.3265303529248
Tinsukia,2023-10-25 02:15:00,hum,68.0,81.69417963975835,0,1,1,227.3265303529248
Tinsukia,2023-10-26 02:00:00,hum,97.0,70.12654970510442,0,1,1,227.3265303529248
Tinsukia,2023-10-27 02:15:00,hum,99.0,85.31872764663584,0,1,1,227.3265303529248
Tinsukia,2023-10-28 02:00:00,hum,98.0,89.46254420389312,0,1,1,227.3265303529248
Tinsukia,2023-10-29 02:30:00,hum,98.0,94.89728548228209,0,1,1,227.3265303529248
Tinsukia,2023-10-30 01:45:00,hum,94.0,97.1262953817122,0,1,1,227.3265303529248
Tirap,2023-10-15 02:30:00,hum,87.0,94.95025460637491,0,1,2,281.86420133266387
Tirap,2023-10-16 02:30:00,hum,84.0,89.13276616773875,0,1,2,281.86420133266387
Tirap,2023-10-17 02:30:00,hum,82.0,89.70820582055373,0,1,2,281.86420133266387
Tirap,2023-10-18 02:30:00,hum,86.0,87.49604495756563,0,1,2,281.86420133266387
Tirap,2023-10-19 02:30:00,hum,83.0,90.61494701726225,0,1,2,281.86420133266387
Tirap,2023-10-20 02:30:00,hum,79.0,87.06991183163737,0,1,2,281.86420133266387
Tirap,2023-10-21 02:30:00,hum,77.0,83.80526151373974,0,1,2,281.86420133266387
Tirap,2023-10-22 02:30:00,hum,68.0,80.28176196074892,0,1,2,281.86420133266387
Tirap,2023-10-23 02:15:00,hum,59.0,71.33776630683985,0,1,2,281.86420133266387
Tirap,2023-10-24 02:15:00,hum,60.0,62.907782887563656,0,1,2,281.86420133266387
Tirap,2023-10-25 02:30:00,hum,78.0,63.008161881239985,0,1,2,281.86420133266387
Tirap,2023-10-26 02:00:00,hum,98.0,77.80294146458151,0,1,2,281.86420133266387
Tirap,2023-10-27 02:30:00,hum,98.0,90.49123026982424,0,1,2,281.86420133266387
Tirap,2023-10-28 02:00:00,hum,87.0,90.92965442376337,0,1,2,281.86420133266387
Tirap,2023-10-29 02:45:00,hum,80.0,84.3428900925173,0,1,2,281.86420133266387
Tirap,2023-10-30 02:00:00,hum,79.0,81.20774845356085,0,1,2,281.86420133266387
Tiruchirappalli,2023-10-15 02:30:00,hum,100.0,85.91988274155842,1,1,1,296.5383555096794
Tiruchirappalli,2023-10-16 02:30:00,hum,94.0,91.44137217391926,1,1,1,296.5383555096794
Tiruchirappalli,2023-10-17 02:30:00,hum,94.0,89.63419980843189,1,1,1,296.5383555096794
Tiruchirappalli,2023-10-18 02:30:00,hum,89.0,90.27554853315056,1,1,1,296.5383555096794
Tiruchirappalli,2023-10-19 02:30:00,hum,94.0,88.16074114206292,1,1,1,296.5383555096794
Tiruchirappalli,2023-10-20 02:30:00,hum,94.0,90.90871601677601,1,1,1,296.5383555096794
Tiruchirappalli,2023-10-21 02:15:00,hum,84.0,91.41118660372982,1,1,1,296.5383555096794
Tiruchirappalli,2023-10-22 02:30:00,hum,89.0,86.60132531597276,1,1,1,296.5383555096794
Tiruchirappalli,2023-10-23 02:15:00,hum,89.0,88.78562333394528,1,1,1,296.5383555096794
Tiruchirappalli,2023-10-24 02:15:00,hum,89.0,88.80736129768619,1,1,1,296.5383555096794
Tiruchirappalli,2023-10-25 02:30:00,hum,79.0,88.82597845488166,1,1,1,296.5383555096794
Tiruchirappalli,2023-10-26 02:00:00,hum,89.0,84.01993603234064,1,1,1,296.5383555096794
Tiruchirappalli,2023-10-27 02:15:00,hum,79.0,88.24984121183276,1,1,1,296.5383555096794
Tiruchirappalli,2023-10-28 02:00:00,hum,89.0,83.8874375417434,1,1,1,296.5383555096794
Tiruchirappalli,2023-10-29 02:45:00,hum,89.0,87.83333046671132,1,1,1,296.5383555096794
Tiruchirappalli,2023-10-30 02:00:00,hum,94.0,87.93107822989094,1,1,1,296.5383555096794
Tirunelveli,2023-10-15 02:30:00,hum,75.0,72.65748350098755,0,1,2,261.45768973793463
Tirunelveli,2023-10-16 02:30:00,hum,67.0,72.44798235367553,0,1,2,261.45768973793463
Tirunelveli,2023-10-17 02:30:00,hum,77.0,68.82441049014157,0,1,2,261.45768973793463
Tirunelveli,2023-10-18 02:30:00,hum,78.0,74.70076732865176,0,1,2,261.45768973793463
Tirunelveli,2023-10-19 02:30:00,hum,75.0,72.8700659037593,0,1,2,261.45768973793463
Tirunelveli,2023-10-20 02:30:00,hum,71.0,72.64322700516205,0,1,2,261.45768973793463
Tirunelveli,2023-10-21 02:15:00,hum,72.0,70.92825811080114,0,1,2,261.45768973793463
Tirunelveli,2023-10-22 02:30:00,hum,72.0,72.08316329722955,0,1,2,261.45768973793463
Tirunelveli,2023-10-23 02:15:00,hum,77.0,71.58666697142188,0,1,2,261.45768973793463
Tirunelveli,2023-10-24 02:15:00,hum,79.0,74.35333725781688,0,1,2,261.45768973793463
Tirunelveli,2023-10-25 02:30:00,hum,78.0,74.67149803580529,0,1,2,261.45768973793463
Tirunelveli,2023-10-26 02:00:00,hum,72.0,74.67540797630407,0,1,2,261.45768973793463
Tirunelveli,2023-10-27 02:15:00,hum,76.0,71.91021801447476,0,1,2,261.45768973793463
Tirunelveli,2023-10-28 02:00:00,hum,77.0,75.08330217454723,0,1,2,261.45768973793463
Tirunelveli,2023-10-29 02:45:00,hum,80.0,74.54597834109852,0,1,2,261.45768973793463
Tirunelveli,2023-10-30 02:00:00,hum,79.0,76.77991931070594,0,1,2,261.45768973793463
Tiruppur,2023-10-15 02:30:00,hum,81.0,89.31115673695913,0,1,1,251.93750489579756
Tiruppur,2023-10-16 02:30:00,hum,89.0,89.1303963856038,0,1,1,251.93750489579756
Tiruppur,2023-10-17 02:30:00,hum,94.0,89.1275280921225,0,1,1,251.93750489579756
Tiruppur,2023-10-18 02:30:00,hum,94.0,89.22913408404735,0,1,1,251.93750489579756
Tiruppur,2023-10-19 02:30:00,hum,70.0,89.3265236676822,0,1,1,251.93750489579756
Tiruppur,2023-10-20 02:30:00,hum,79.0,88.93992408560962,0,1,1,251.93750489579756
Tiruppur,2023-10-21 02:15:00,hum,94.0,88.21411399127737,0,1,1,251.93750489579756
Tiruppur,2023-10-22 02:30:00,hum,89.0,88.84464243197075,0,1,1,251.93750489579756
Tiruppur,2023-10-23 02:15:00,hum,89.0,88.84893661643983,0,1,1,251.93750489579756
Tiruppur,2023-10-24 02:15:00,hum,89.0,88.85073575735646,0,1,1,251.93750489579756
Tiruppur,2023-10-25 02:30:00,hum,89.0,88.85444377233611,0,1,1,251.93750489579756
Tiruppur,2023-10-26 02:00:00,hum,84.0,88.85684444383111,0,1,1,251.93750489579756
Tiruppur,2023-10-27 02:15:00,hum,74.0,88.77170142539285,0,1,1,251.93750489579756
Tiruppur,2023-10-28 02:00:00,hum,74.0,87.22211842840751,0,1,1,251.93750489579756
Tiruppur,2023-10-29 02:45:00,hum,79.0,84.82779338730916,0,1,1,251.93750489579756
Tiruppur,2023-10-30 02:00:00,hum,83.0,83.31322298458755,0,1,1,251.93750489579756
Tiruvannamalai,2023-10-15 02:30:00,hum,88.0,87.63025536647784,0,1,2,283.4076785783129
Tiruvannamalai,2023-10-16 02:30:00,hum,91.0,87.07326088936269,0,1,2,283.4076785783129
Tiruvannamalai,2023-10-17 02:30:00,hum,92.0,90.67662323476459,0,1,2,283.4076785783129
Tiruvannamalai,2023-10-18 02:30:00,hum,81.0,90.15163638203909,0,1,2,283.4076785783129
Tiruvannamalai,2023-10-19 02:30:00,hum,84.0,80.7164032067641,0,1,2,283.4076785783129
Tiruvannamalai,2023-10-20 02:30:00,hum,86.0,88.2876066084812,0,1,2,283.4076785783129
Tiruvannamalai,2023-10-21 02:15:00,hum,91.0,84.5505714907529,0,1,2,283.4076785783129
Tiruvannamalai,2023-10-22 02:30:00,hum,80.0,91.5253106796606,0,1,2,283.4076785783129
Tiruvannamalai,2023-10-23 02:15:00,hum,84.0,78.69529352311005,0,1,2,283.4076785783129
Tiruvannamalai,2023-10-24 02:15:00,hum,82.0,87.78385351689178,0,1,2,283.4076785783129
Tiruvannamalai,2023-10-25 02:30:00,hum,86.0,81.25518248533932,0,1,2,283.4076785783129
Tiruvannamalai,2023-10-26 02:00:00,hum,81.0,87.00093119654919,0,1,2,283.4076785783129
Tiruvannamalai,2023-10-27 02:15:00,hum,85.0,80.70040162535243,0,1,2,283.4076785783129
Tiruvannamalai,2023-10-28 02:00:00,hum,90.0,85.97745162862375,0,1,2,283.4076785783129
Tiruvannamalai,2023-10-29 02:45:00,hum,88.0,87.63996919509115,0,1,2,283.4076785783129
Tiruvannamalai,2023-10-30 02:00:00,hum,91.0,86.54447618732596,0,1,2,283.4076785783129
Tonk,2023-10-15 02:30:00,hum,38.0,39.0,0,1,0,304.83096624732207
Tonk,2023-10-16 02:30:00,hum,39.0,38.0,0,1,0,304.83096624732207
Tonk,2023-10-17 02:30:00,hum,71.0,39.0,0,1,0,304.83096624732207
Tonk,2023-10-18 02:30:00,hum,63.0,71.0,0,1,0,304.83096624732207
Tonk,2023-10-19 02:30:00,hum,48.0,63.0,0,1,0,304.83096624732207
Tonk,2023-10-20 02:30:00,hum,42.0,48.0,0,1,0,304.83096624732207
Tonk,2023-10-21 02:15:00,hum,42.0,42.0,0,1,0,304.83096624732207
Tonk,2023-10-22 02:30:00,hum,41.0,42.0,0,1,0,304.83096624732207
Tonk,2023-10-23 02:15:00,hum,41.0,41.0,0,1,0,304.83096624732207
Tonk,2023-10-24 02:15:00,hum,36.0,41.0,0,1,0,304.83096624732207
Tonk,2023-10-25 02:30:00,hum,37.0,36.0,0,1,0,304.83096624732207
Tonk,2023-10-26 02:00:00,hum,34.0,37.0,0,1,0,304.83096624732207
Tonk,2023-10-27 02:15:00,hum,29.0,34.0,0,1,0,304.83096624732207
Tonk,2023-10-28 02:00:00,hum,31.0,29.0,0,1,0,304.83096624732207
Tonk,2023-10-29 02:45:00,hum,36.0,31.0,0,1,0,304.83096624732207
Tonk,2023-10-30 02:00:00,hum,35.0,36.0,0,1,0,304.83096624732207
Tuensang,2023-10-15 02:30:00,hum,96.0,97.93654377648,1,1,1,222.15524512189074
Tuensang,2023-10-16 02:30:00,hum,95.0,97.22057020413125,1,1,1,222.15524512189074
Tuensang,2023-10-17 02:15:00,hum,88.0,96.71462492912346,1,1,1,222.15524512189074
Tuensang,2023-10-18 02:30:00,hum,93.0,93.40042672363226,1,1,1,222.15524512189074
Tuensang,2023-10-19 02:15:00,hum,95.0,95.304265226626,1,1,1,222.15524512189074
Tuensang,2023-10-20 02:30:00,hum,95.0,96.08638658716266,1,1,1,222.15524512189074
Tuensang,2023-10-21 02:15:00,hum,93.0,96.05814640873595,1,1,1,222.15524512189074
Tuensang,2023-10-22 02:15:00,hum,85.0,95.15115546122176,1,1,1,222.15524512189074
Tuensang,2023-10-23 02:15:00,hum,89.0,89.85030743723638,1,1,1,222.15524512189074
Tuensang,2023-10-24 02:15:00,hum,91.0,90.609829666402,1,1,1,222.15524512189074
Tuensang,2023-10-25 02:15:00,hum,85.0,91.27676471300472,1,1,1,222.15524512189074
Tuensang,2023-10-26 02:00:00,hum,98.0,87.91418046353269,1,1,1,222.15524512189074
Tuensang,2023-10-27 02:15:00,hum,98.0,93.1616640738183,1,1,1,222.15524512189074
Tuensang,2023-10-28 02:00:00,hum,97.0,95.04662749737419,1,1,1,222.15524512189074
Tuensang,2023-10-29 02:30:00,hum,89.0,95.21129681717528,1,1,1,222.15524512189074
Tuensang,2023-10-30 01:45:00,hum,96.0,91.66277621502077,1,1,1,222.15524512189074
Tumkur,2023-10-15 02:30:00,hum,67.0,76.93419742303485,0,1,1,266.43612794248924
Tumkur,2023-10-16 02:30:00,hum,78.0,71.34002339849778,0,1,1,266.43612794248924
Tumkur,2023-10-17 02:30:00,hum,81.0,74.97787668348244,0,1,1,266.43612794248924
Tumkur,2023-10-18 02:30:00,hum,75.0,78.14462094113563,0,1,1,266.43612794248924
Tumkur,2023-10-19 02:15:00,hum,76.0,76.49110336454251,0,1,1,266.43612794248924
Tumkur,2023-10-20 02:30:00,hum,82.0,76.24137257269801,0,1,1,266.43612794248924
Tumkur,2023-10-21 02:15:00,hum,75.0,79.162467726092,0,1,1,266.43612794248924
Tumkur,2023-10-22 02:15:00,hum,82.0,77.07084734660194,0,1,1,266.43612794248924
Tumkur,2023-10-23 02:15:00,hum,66.0,79.48149425951036,0,1,1,266.43612794248924
Tumkur,2023-10-24 02:15:00,hum,45.0,73.24276551170281,0,1,1,266.43612794248924
Tumkur,2023-10-25 02:15:00,hum,47.0,52.17326258578584,0,1,1,266.43612794248924
Tumkur,2023-10-26 02:00:00,hum,46.0,47.62355153357376,0,1,1,266.43612794248924
Tumkur,2023-10-27 02:15:00,hum,59.0,46.314590050684416,0,1,1,266.43612794248924
Tumkur,2023-10-28 02:00:00,hum,76.0,56.164725847046455,0,1,1,266.43612794248924
Tumkur,2023-10-29 02:45:00,hum,86.0,74.46550260098249,0,1,1,266.43612794248924
Tumkur,2023-10-30 02:00:00,hum,91.0,86.03505525760039,0,1,1,266.43612794248924
Udaipur,2023-10-16 02:30:00,hum,70.0,50.434480565276516,2,1,2,755.2365848498462
Udaipur,2023-10-16 02:30:00,hum,37.0,48.18423172482059,2,1,2,755.2365848498462
Udaipur,2023-10-17 02:15:00,hum,74.0,70.82849474876613,2,1,2,755.2365848498462
Udaipur,2023-10-17 02:30:00,hum,62.0,42.81115513005625,2,1,2,755.2365848498462
Udaipur,2023-10-18 02:15:00,hum,79.0,67.49228778030799,2,1,2,755.2365848498462
Udaipur,2023-10-18 02:30:00,hum,52.0,52.16809612188502,2,1,2,755.2365848498462
Udaipur,2023-10-19 02:15:00,hum,86.0,75.57214769473413,2,1,2,755.2365848498462
Udaipur,2023-10-19 02:30:00,hum,50.0,52.44373866432763,2,1,2,755.2365848498462
Udaipur,2023-10-20 02:30:00,hum,87.0,80.00792830439119,2,1,2,755.2365848498462
Udaipur,2023-10-20 02:30:00,hum,45.0,53.01017090414856,2,1,2,755.2365848498462
Udaipur,2023-10-21 02:15:00,hum,85.0,82.57079893291622,2,1,2,755.2365848498462
Udaipur,2023-10-21 02:15:00,hum,43.0,51.153577282908,2,1,2,755.2365848498462
Udaipur,2023-10-22 02:15:00,hum,76.0,82.02898886593782,2,1,2,755.2365848498462
Udaipur,2023-10-22 02:30:00,hum,32.0,49.63590631009933,2,1,2,755.2365848498462
Udaipur,2023-10-23 02:00:00,hum,78.0,78.55055536612569,2,1,2,755.2365848498462
Udaipur,2023-10-23 02:15:00,hum,38.0,41.40399441042402,2,1,2,755.2365848498462
Udaipur,2023-10-24 02:15:00,hum,85.0,74.9886312307561,2,1,2,755.2365848498462
Udaipur,2023-10-24 02:15:00,hum,40.0,40.26658515189408,2,1,2,755.2365848498462
Udaipur,2023-10-25 02:15:00,hum,89.0,78.28202374115276,2,1,2,755.2365848498462
Udaipur,2023-10-25 02:30:00,hum,45.0,41.71539881635127,2,1,2,755.2365848498462
Udaipur,2023-10-26 02:00:00,hum,81.0,81.71170756768166,2,1,2,755.2365848498462
Udaipur,2023-10-26 02:00:00,hum,42.0,46.03867535791072,2,1,2,755.2365848498462
Udaipur,2023-10-27 02:15:00,hum,72.0,81.22982926263225,2,1,2,755.2365848498462
Udaipur,2023-10-27 02:15:00,hum,36.0,45.344907588417186,2,1,2,755.2365848498462
Udaipur,2023-10-28 02:00:00,hum,73.0,76.799329461611,2,1,2,755.2365848498462
Udaipur,2023-10-28 02:00:00,hum,29.0,40.155487006239134,2,1,2,755.2365848498462
Udaipur,2023-10-29 02:30:00,hum,73.0,74.42326045793914,2,1,2,755.2365848498462
Udaipur,2023-10-29 02:45:00,hum,26.0,35.0611669877485,2,1,2,755.2365848498462
Udaipur,2023-10-30 01:45:00,hum,77.0,72.1566110983166,2,1,2,755.2365848498462
Udaipur,2023-10-30 02:00:00,hum,32.0,31.111779781097745,2,1,2,755.2365848498462
Udalguri,2023-10-15 02:30:00,hum,89.0,90.022570263811,1,1,1,242.05530584082095
Udalguri,2023-10-16 02:30:00,hum,86.0,89.27310492231463,1,1,1,242.05530584082095
Udalguri,2023-10-17 02:15:00,hum,86.0,87.00226245940382,1,1,1,242.05530584082095
Udalguri,2023-10-18 02:30:00,hum,85.0,86.9671358885214,1,1,1,242.05530584082095
Udalguri,2023-10-19 02:15:00,hum,84.0,86.15276074455639,1,1,1,242.05530584082095
Udalguri,2023-10-20 02:30:00,hum,79.0,85.30547963757516,1,1,1,242.05530584082095
Udalguri,2023-10-21 02:15:00,hum,77.0,81.01841362890114,1,1,1,242.05530584082095
Udalguri,2023-10-22 02:15:00,hum,77.0,76.9637064307053,1,1,1,242.05530584082095
Udalguri,2023-10-23 02:15:00,hum,71.0,77.01203322968499,1,1,1,242.05530584082095
Udalguri,2023-10-24 02:15:00,hum,70.0,70.45985049309779,1,1,1,242.05530584082095
Udalguri,2023-10-25 02:15:00,hum,78.0,70.10521279921666,1,1,1,242.05530584082095
Udalguri,2023-10-26 02:00:00,hum,77.0,78.75539322586106,1,1,1,242.05530584082095
Udalguri,2023-10-27 02:15:00,hum,86.0,76.61042226826629,1,1,1,242.05530584082095
Udalguri,2023-10-28 02:00:00,hum,85.0,86.26779747875685,1,1,1,242.05530584082095
Udalguri,2023-10-29 02:30:00,hum,82.0,85.39859594460921,1,1,1,242.05530584082095
Udalguri,2023-10-30 01:45:00,hum,83.0,82.77749726590496,1,1,1,242.05530584082095
Udhampur,2023-10-15 02:30:00,hum,46.0,42.0,0,1,0,318.54895691730945
Udhampur,2023-10-16 02:30:00,hum,43.0,46.0,0,1,0,318.54895691730945
Udhampur,2023-10-17 02:15:00,hum,72.0,43.0,0,1,0,318.54895691730945
Udhampur,2023-10-18 02:15:00,hum,54.0,72.0,0,1,0,318.54895691730945
Udhampur,2023-10-19 02:15:00,hum,56.0,54.0,0,1,0,318.54895691730945
Udhampur,2023-10-20 02:15:00,hum,62.0,56.0,0,1,0,318.54895691730945
Udhampur,2023-10-21 02:15:00,hum,52.0,62.0,0,1,0,318.54895691730945
Udhampur,2023-10-22 02:15:00,hum,50.0,52.0,0,1,0,318.54895691730945
Udhampur,2023-10-23 02:00:00,hum,49.0,50.0,0,1,0,318.54895691730945
Udhampur,2023-10-24 02:15:00,hum,54.0,49.0,0,1,0,318.54895691730945
Udhampur,2023-10-25 02:15:00,hum,43.0,54.0,0,1,0,318.54895691730945
Udhampur,2023-10-26 02:00:00,hum,44.0,43.0,0,1,0,318.54895691730945
Udhampur,2023-10-27 02:15:00,hum,47.0,44.0,0,1,0,318.54895691730945
Udhampur,2023-10-28 02:00:00,hum,45.0,47.0,0,1,0,318.54895691730945
Udhampur,2023-10-29 02:30:00,hum,42.0,45.0,0,1,0,318.54895691730945
Udhampur,2023-10-30 01:45:00,hum,42.0,42.0,0,1,0,318.54895691730945
Udupi,2023-10-15 02:30:00,hum,94.0,90.44697439249606,1,1,2,251.13769195439104
Udupi,2023-10-16 02:30:00,hum,91.0,89.74989554907425,1,1,2,251.13769195439104
Udupi,2023-10-17 02:30:00,hum,94.0,91.41782114574899,1,1,2,251.13769195439104
Udupi,2023-10-18 02:30:00,hum,100.0,91.66781307674295,1,1,2,251.13769195439104
Udupi,2023-10-19 02:15:00,hum,94.0,90.46970438355605,1,1,2,251.13769195439104
Udupi,2023-10-20 02:30:00,hum,84.0,94.08808161208891,1,1,2,251.13769195439104
Udupi,2023-10-21 02:15:00,hum,89.0,100.82757954148647,1,1,2,251.13769195439104
Udupi,2023-10-22 02:15:00,hum,94.0,94.25370070244718,1,1,2,251.13769195439104
Udupi,2023-10-23 02:15:00,hum,89.0,92.28308556112815,1,1,2,251.13769195439104
Udupi,2023-10-24 02:15:00,hum,89.0,92.05568190803216,1,1,2,251.13769195439104
Udupi,2023-10-25 02:15:00,hum,89.0,91.56771445889778,1,1,2,251.13769195439104
Udupi,2023-10-26 02:00:00,hum,89.0,90.85439455146825,1,1,2,251.13769195439104
Udupi,2023-10-27 02:15:00,hum,89.0,90.05892355248444,1,1,2,251.13769195439104
Udupi,2023-10-28 02:00:00,hum,84.0,89.39498535421568,1,1,2,251.13769195439104
Udupi,2023-10-29 02:45:00,hum,89.0,88.44416230089092,1,1,2,251.13769195439104
Udupi,2023-10-30 02:00:00,hum,94.0,87.33549496468655,1,1,2,251.13769195439104
Ujjain,2023-10-15 02:30:00,hum,56.0,58.16585572963174,1,1,0,307.93394868939725
Ujjain,2023-10-16 02:30:00,hum,60.0,55.65460861249394,1,1,0,307.93394868939725
Ujjain,2023-10-17 02:15:00,hum,66.0,58.623868550944806,1,1,0,307.93394868939725
Ujjain,2023-10-18 02:15:00,hum,65.0,63.99489328761512,1,1,0,307.93394868939725
Ujjain,2023-10-19 02:15:00,hum,56.0,65.33233628925544,1,1,0,307.93394868939725
Ujjain,2023-10-20 02:15:00,hum,55.0,58.96257948560815,1,1,0,307.93394868939725
Ujjain,2023-10-21 02:00:00,hum,58.0,55.317795261874515,1,1,0,307.93394868939725
Ujjain,2023-10-22 02:15:00,hum,57.0,57.04370068249646,1,1,0,307.93394868939725
Ujjain,2023-10-23 02:00:00,hum,65.0,57.31892780662209,1,1,0,307.93394868939725
Ujjain,2023-10-24 02:00:00,hum,53.0,62.42895216433951,1,1,0,307.93394868939725
Ujjain,2023-10-25 02:15:00,hum,42.0,57.14015870251773,1,1,0,307.93394868939725
Ujjain,2023-10-26 02:00:00,hum,46.0,45.190765510601274,1,1,0,307.93394868939725
Ujjain,2023-10-27 02:15:00,hum,34.0,44.82901714253068,1,1,0,307.93394868939725
Ujjain,2023-10-28 02:00:00,hum,49.0,37.66187755162889,1,1,0,307.93394868939725
Ujjain,2023-10-29 02:30:00,hum,60.0,43.85922326584309,1,1,0,307.93394868939725
Ujjain,2023-10-30 01:45:00,hum,44.0,56.9273481538873,1,1,0,307.93394868939725
Ukhrul,2023-10-15 02:30:00,hum,94.0,97.14789041310027,2,1,1,246.0925437567888
Ukhrul,2023-10-16 02:30:00,hum,96.0,93.26371934761437,2,1,1,246.0925437567888
Ukhrul,2023-10-17 02:15:00,hum,95.0,97.76386399992823,2,1,1,246.0925437567888
Ukhrul,2023-10-18 02:30:00,hum,92.0,95.38798486979925,2,1,1,246.0925437567888
Ukhrul,2023-10-19 02:15:00,hum,92.0,92.54894026540767,2,1,1,246.0925437567888
Ukhrul,2023-10-20 02:30:00,hum,94.0,94.07803510984914,2,1,1,246.0925437567888
Ukhrul,2023-10-21 02:15:00,hum,92.0,96.12651009515331,2,1,1,246.0925437567888
Ukhrul,2023-10-22 02:15:00,hum,89.0,92.67868563470236,2,1,1,246.0925437567888
Ukhrul,2023-10-23 02:15:00,hum,87.0,90.10455991262276,2,1,1,246.0925437567888
Ukhrul,2023-10-24 02:15:00,hum,83.0,89.04356121249457,2,1,1,246.0925437567888
Ukhrul,2023-10-25 02:15:00,hum,99.0,84.60232268298452,2,1,1,246.0925437567888
Ukhrul,2023-10-26 02:00:00,hum,99.0,105.11564853153601,2,1,1,246.0925437567888
Ukhrul,2023-10-27 02:15:00,hum,99.0,97.35974545000057,2,1,1,246.0925437567888
Ukhrul,2023-10-28 02:00:00,hum,95.0,97.40196996193129,2,1,1,246.0925437567888
Ukhrul,2023-10-29 02:30:00,hum,94.0,93.58008647994181,2,1,1,246.0925437567888
Ukhrul,2023-10-30 01:45:00,hum,92.0,94.2428800267457,2,1,1,246.0925437567888
Umaria,2023-10-15 02:30:00,hum,52.0,62.62394560493619,0,1,2,311.54983088614745
Umaria,2023-10-16 02:30:00,hum,62.0,55.85912342552375,0,1,2,311.54983088614745
Umaria,2023-10-17 02:15:00,hum,75.0,64.0429277701144,0,1,2,311.54983088614745
Umaria,2023-10-18 02:15:00,hum,84.0,71.2611150733769,0,1,2,311.54983088614745
Umaria,2023-10-19 02:15:00,hum,73.0,78.1745975338169,0,1,2,311.54983088614745
Umaria,2023-10-20 02:15:00,hum,63.0,68.93420280359466,0,1,2,311.54983088614745
Umaria,2023-10-21 02:00:00,hum,60.0,66.01209450122754,0,1,2,311.54983088614745
Umaria,2023-10-22 02:15:00,hum,62.0,63.309438576878115,0,1,2,311.54983088614745
Umaria,2023-10-23 02:00:00,hum,60.0,64.66665936326797,0,1,2,311.54983088614745
Umaria,2023-10-24 02:15:00,hum,66.0,61.25744326396967,0,1,2,311.54983088614745
Umaria,2023-10-25 02:15:00,hum,67.0,67.07434334886936,0,1,2,311.54983088614745
Umaria,2023-10-26 02:00:00,hum,56.0,65.13337377094686,0,1,2,311.54983088614745
Umaria,2023-10-27 02:15:00,hum,49.0,57.52527471769935,0,1,2,311.54983088614745
Umaria,2023-10-28 02:00:00,hum,51.0,53.913952842656656,0,1,2,311.54983088614745
Umaria,2023-10-29 02:30:00,hum,55.0,54.77248922202354,0,1,2,311.54983088614745
Umaria,2023-10-30 01:45:00,hum,57.0,56.12149953156215,0,1,2,311.54983088614745
Una,2023-10-15 02:30:00,hum,68.0,80.02866320429804,0,1,1,263.7179145892894
Una,2023-10-16 02:30:00,hum,77.0,73.07965729710337,0,1,1,263.7179145892894
Una,2023-10-17 02:15:00,hum,69.0,75.42249271670292,0,1,1,263.7179145892894
Una,2023-10-18 02:15:00,hum,65.0,71.89970323969335,0,1,1,263.7179145892894
Una,2023-10-19 02:15:00,hum,64.0,67.81270605250135,0,1,1,263.7179145892894
Una,2023-10-20 02:15:00,hum,50.0,65.44407327471197,0,1,1,263.7179145892894
Una,2023-10-21 02:00:00,hum,56.0,55.12652155443117,0,1,1,263.7179145892894
Una,2023-10-22 02:15:00,hum,60.0,55.73980317805216,0,1,1,263.7179145892894
Una,2023-10-23 02:00:00,hum,59.0,58.49182795079099,0,1,1,263.7179145892894
Una,2023-10-24 02:15:00,hum,57.0,58.817997901366546,0,1,1,263.7179145892894
Una,2023-10-25 02:15:00,hum,52.0,57.65403186415658,0,1,1,263.7179145892894
Una,2023-10-26 02:00:00,hum,47.0,54.01213877887439,0,1,1,263.7179145892894
Una,2023-10-27 02:15:00,hum,45.0,49.29919150284113,0,1,1,263.7179145892894
Una,2023-10-28 02:00:00,hum,47.0,46.30056762107997,0,1,1,263.7179145892894
Una,2023-10-29 02:30:00,hum,47.0,46.78346238179175,0,1,1,263.7179145892894
Una,2023-10-30 01:45:00,hum,47.0,46.931319892589485,0,1,1,263.7179145892894
Unnao,2023-10-15 02:30:00,hum,89.0,84.42984969801842,1,1,1,277.8961903094925
Unnao,2023-10-16 02:30:00,hum,89.0,88.71780253111007,1,1,1,277.8961903094925
Unnao,2023-10-17 02:30:00,hum,83.0,88.72288539271237,1,1,1,277.8961903094925
Unnao,2023-10-18 02:30:00,hum,88.0,84.54053503003666,1,1,1,277.8961903094925
Unnao,2023-10-19 02:30:00,hum,83.0,87.90322289595632,1,1,1,277.8961903094925
Unnao,2023-10-20 02:30:00,hum,83.0,84.46877249637348,1,1,1,277.8961903094925
Unnao,2023-10-21 02:15:00,hum,94.0,84.33473672425829,1,1,1,277.8961903094925
Unnao,2023-10-22 02:30:00,hum,83.0,91.60015969017,1,1,1,277.8961903094925
Unnao,2023-10-23 02:15:00,hum,83.0,84.60894107889152,1,1,1,277.8961903094925
Unnao,2023-10-24 02:15:00,hum,88.0,84.48021962439167,1,1,1,277.8961903094925
Unnao,2023-10-25 02:30:00,hum,83.0,87.40004358549155,1,1,1,277.8961903094925
Unnao,2023-10-26 02:00:00,hum,69.0,84.454054195477,1,1,1,277.8961903094925
Unnao,2023-10-27 02:30:00,hum,73.0,75.82426380116264,1,1,1,277.8961903094925
Unnao,2023-10-28 02:00:00,hum,73.0,77.40813049997956,1,1,1,277.8961903094925
Unnao,2023-10-29 02:45:00,hum,42.0,76.76470120940652,1,1,1,277.8961903094925
Unnao,2023-10-30 02:00:00,hum,83.0,50.6492658105704,1,1,1,277.8961903094925
Upper Tirupati,2023-10-15 02:30:00,hum,78.0,78.59903786038427,2,0,2,301.7994954873894
Upper Tirupati,2023-10-16 02:30:00,hum,92.0,75.75912767254965,2,0,2,301.7994954873894
Upper Tirupati,2023-10-17 02:15:00,hum,89.0,85.00443170907383,2,0,2,301.7994954873894
Upper Tirupati,2023-10-18 02:30:00,hum,80.0,84.5821348082921,2,0,2,301.7994954873894
Upper Tirupati,2023-10-19 02:15:00,hum,86.0,80.78399353744268,2,0,2,301.7994954873894
Upper Tirupati,2023-10-20 02:30:00,hum,89.0,83.12557038014786,2,0,2,301.7994954873894
Upper Tirupati,2023-10-21 02:15:00,hum,89.0,84.63189091020537,2,0,2,301.7994954873894
Upper Tirupati,2023-10-22 02:15:00,hum,87.0,85.76527797300858,2,0,2,301.7994954873894
Upper Tirupati,2023-10-23 02:15:00,hum,81.0,84.69570833870078,2,0,2,301.7994954873894
Upper Tirupati,2023-10-24 02:15:00,hum,65.0,81.45414559418832,2,0,2,301.7994954873894
Upper Tirupati,2023-10-25 02:15:00,hum,66.0,71.07107400968428,2,0,2,301.7994954873894
Upper Tirupati,2023-10-26 02:00:00,hum,75.0,71.28577976989433,2,0,2,301.7994954873894
Upper Tirupati,2023-10-27 02:15:00,hum,87.0,74.20989960215097,2,0,2,301.7994954873894
Upper Tirupati,2023-10-28 02:00:00,hum,91.0,83.01548754019235,2,0,2,301.7994954873894
Upper Tirupati,2023-10-29 02:30:00,hum,94.0,84.86144520295252,2,0,2,301.7994954873894
Upper Tirupati,2023-10-30 01:45:00,hum,92.0,89.21644174110823,2,0,2,301.7994954873894
Uttarkashi,2023-10-15 02:30:00,hum,78.0,73.05168335590325,0,1,1,339.05415259812236
Uttarkashi,2023-10-16 02:30:00,hum,74.0,76.33441602269474,0,1,1,339.05415259812236
Uttarkashi,2023-10-17 02:30:00,hum,83.0,74.89001329025538,0,1,1,339.05415259812236
Uttarkashi,2023-10-18 02:30:00,hum,64.0,79.81541524027418,0,1,1,339.05415259812236
Uttarkashi,2023-10-19 02:15:00,hum,68.0,70.5942472111687,0,1,1,339.05415259812236
Uttarkashi,2023-10-20 02:30:00,hum,55.0,69.06035923165491,0,1,1,339.05415259812236
Uttarkashi,2023-10-21 02:15:00,hum,68.0,60.53885343400402,0,1,1,339.05415259812236
Uttarkashi,2023-10-22 02:15:00,hum,75.0,65.02151122672517,0,1,1,339.05415259812236
Uttarkashi,2023-10-23 02:15:00,hum,77.0,70.77175977995428,0,1,1,339.05415259812236
Uttarkashi,2023-10-24 02:15:00,hum,73.0,74.49722854564475,0,1,1,339.05415259812236
Uttarkashi,2023-10-25 02:15:00,hum,64.0,73.60506446532936,0,1,1,339.05415259812236
Uttarkashi,2023-10-26 02:00:00,hum,59.0,68.02782969020691,0,1,1,339.05415259812236
Uttarkashi,2023-10-27 02:15:00,hum,47.0,62.57880783979077,0,1,1,339.05415259812236
Uttarkashi,2023-10-28 02:00:00,hum,34.0,52.46950565054347,0,1,1,339.05415259812236
Uttarkashi,2023-10-29 02:30:00,hum,53.0,39.22929881560787,0,1,1,339.05415259812236
Uttarkashi,2023-10-30 01:45:00,hum,65.0,48.56600173923094,0,1,1,339.05415259812236
Vadodara,2023-10-15 02:30:00,hum,50.0,50.91458646250128,1,1,0,287.76771652237494
Vadodara,2023-10-16 02:30:00,hum,61.0,49.56040028484698,1,1,0,287.76771652237494
Vadodara,2023-10-17 02:15:00,hum,48.0,63.2716138099449,1,1,0,287.76771652237494
Vadodara,2023-10-18 02:15:00,hum,55.0,46.48290123871087,1,1,0,287.76771652237494
Vadodara,2023-10-19 02:15:00,hum,54.0,55.43797932081643,1,1,0,287.76771652237494
Vadodara,2023-10-20 02:30:00,hum,48.0,53.942211914289615,1,1,0,287.76771652237494
Vadodara,2023-10-21 02:15:00,hum,47.0,47.63623444454654,1,1,0,287.76771652237494
Vadodara,2023-10-22 02:15:00,hum,42.0,46.9375573331077,1,1,0,287.76771652237494
Vadodara,2023-10-23 02:00:00,hum,38.0,41.67615518811937,1,1,0,287.76771652237494
Vadodara,2023-10-24 02:15:00,hum,39.0,37.70674208724175,1,1,0,287.76771652237494
Vadodara,2023-10-25 02:15:00,hum,36.0,39.07095387266079,1,1,0,287.76771652237494
Vadodara,2023-10-26 02:00:00,hum,31.0,35.79132918229674,1,1,0,287.76771652237494
Vadodara,2023-10-27 02:15:00,hum,33.0,30.61918680474502,1,1,0,287.76771652237494
Vadodara,2023-10-28 02:00:00,hum,35.0,33.14155982137067,1,1,0,287.76771652237494
Vadodara,2023-10-29 02:30:00,hum,34.0,35.14496567258908,1,1,0,287.76771652237494
Vadodara,2023-10-30 01:45:00,hum,31.0,33.92853281749727,1,1,0,287.76771652237494
Valsad,2023-10-15 02:30:00,hum,79.0,69.93927816920193,2,1,2,230.48071534049873
Valsad,2023-10-16 02:30:00,hum,75.0,73.71732309466698,2,1,2,230.48071534049873
Valsad,2023-10-17 02:15:00,hum,72.0,77.9376156153659,2,1,2,230.48071534049873
Valsad,2023-10-18 02:15:00,hum,67.0,75.44372589882715,2,1,2,230.48071534049873
Valsad,2023-10-19 02:15:00,hum,63.0,71.73973671503269,2,1,2,230.48071534049873
Valsad,2023-10-20 02:30:00,hum,55.0,62.3031414625249,2,1,2,230.48071534049873
Valsad,2023-10-21 02:15:00,hum,60.0,52.805800984535935,2,1,2,230.48071534049873
Valsad,2023-10-22 02:15:00,hum,48.0,60.05078644374916,2,1,2,230.48071534049873
Valsad,2023-10-23 02:00:00,hum,55.0,50.23696239406561,2,1,2,230.48071534049873
Valsad,2023-10-24 02:15:00,hum,50.0,52.86884579560548,2,1,2,230.48071534049873
Valsad,2023-10-25 02:15:00,hum,49.0,51.02536538401765,2,1,2,230.48071534049873
Valsad,2023-10-26 02:00:00,hum,44.0,49.42970632775706,2,1,2,230.48071534049873
Valsad,2023-10-27 02:15:00,hum,44.0,45.10033040413524,2,1,2,230.48071534049873
Valsad,2023-10-28 02:00:00,hum,46.0,42.632593638640145,2,1,2,230.48071534049873
Valsad,2023-10-29 02:30:00,hum,46.0,44.02898075956189,2,1,2,230.48071534049873
Valsad,2023-10-30 01:45:00,hum,42.0,45.86377485744096,2,1,2,230.48071534049873
Varanasi,2023-10-15 02:30:00,hum,55.0,55.0,0,1,0,324.53480854958167
Varanasi,2023-10-16 02:30:00,hum,60.0,55.0,0,1,0,324.53480854958167
Varanasi,2023-10-17 02:30:00,hum,74.0,60.0,0,1,0,324.53480854958167
Varanasi,2023-10-18 02:30:00,hum,85.0,74.0,0,1,0,324.53480854958167
Varanasi,2023-10-19 02:30:00,hum,62.0,85.0,0,1,0,324.53480854958167
Varanasi,2023-10-20 02:30:00,hum,58.0,62.0,0,1,0,324.53480854958167
Varanasi,2023-10-21 02:15:00,hum,61.0,58.0,0,1,0,324.53480854958167
Varanasi,2023-10-22 02:30:00,hum,59.0,61.0,0,1,0,324.53480854958167
Varanasi,2023-10-23 02:15:00,hum,56.0,59.0,0,1,0,324.53480854958167
Varanasi,2023-10-24 02:15:00,hum,62.0,56.0,0,1,0,324.53480854958167
Varanasi,2023-10-25 02:30:00,hum,56.0,62.0,0,1,0,324.53480854958167
Varanasi,2023-10-26 02:00:00,hum,58.0,56.0,0,1,0,324.53480854958167
Varanasi,2023-10-27 02:30:00,hum,57.0,58.0,0,1,0,324.53480854958167
Varanasi,2023-10-28 02:00:00,hum,47.0,57.0,0,1,0,324.53480854958167
Varanasi,2023-10-29 02:45:00,hum,51.0,47.0,0,1,0,324.53480854958167
Varanasi,2023-10-30 02:00:00,hum,54.0,51.0,0,1,0,324.53480854958167
Vellore,2023-10-15 02:30:00,hum,92.0,90.52175331829244,0,1,1,299.33395945331097
Vellore,2023-10-16 02:30:00,hum,93.0,91.3838700667234,0,1,1,299.33395945331097
Vellore,2023-10-17 02:30:00,hum,94.0,92.32830629614037,0,1,1,299.33395945331097
Vellore,2023-10-18 02:30:00,hum,84.0,93.30748722196184,0,1,1,299.33395945331097
Vellore,2023-10-19 02:30:00,hum,90.0,87.92766190645588,0,1,1,299.33395945331097
Vellore,2023-10-20 02:30:00,hum,90.0,89.13066156818638,0,1,1,299.33395945331097
Vellore,2023-10-21 02:15:00,hum,92.0,89.62759885093827,0,1,1,299.33395945331097
Vellore,2023-10-22 02:30:00,hum,81.0,90.98304239402982,0,1,1,299.33395945331097
Vellore,2023-10-23 02:15:00,hum,86.0,85.34355433984102,0,1,1,299.33395945331097
Vellore,2023-10-24 02:15:00,hum,83.0,85.71968994906666,0,1,1,299.33395945331097
Vellore,2023-10-25 02:30:00,hum,85.0,84.18044712761629,0,1,1,299.33395945331097
Vellore,2023-10-26 02:00:00,hum,82.0,84.64431727425566,0,1,1,299.33395945331097
Vellore,2023-10-27 02:30:00,hum,92.0,83.15190005614691,0,1,1,299.33395945331097
Vellore,2023-10-28 02:00:00,hum,94.0,88.08825406474018,0,1,1,299.33395945331097
Vellore,2023-10-29 02:45:00,hum,95.0,91.49339670389331,0,1,1,299.33395945331097
Vellore,2023-10-30 02:00:00,hum,94.0,93.55438713239992,0,1,1,299.33395945331097
Vidisha,2023-10-15 02:30:00,hum,44.0,47.0,0,1,0,295.97420021697565
Vidisha,2023-10-16 02:30:00,hum,50.0,44.0,0,1,0,295.97420021697565
Vidisha,2023-10-17 02:15:00,hum,74.0,50.0,0,1,0,295.97420021697565
Vidisha,2023-10-18 02:15:00,hum,69.0,74.0,0,1,0,295.97420021697565
Vidisha,2023-10-19 02:15:00,hum,64.0,69.0,0,1,0,295.97420021697565
Vidisha,2023-10-20 02:15:00,hum,52.0,63.99999999999999,0,1,0,295.97420021697565
Vidisha,2023-10-21 02:00:00,hum,50.0,52.0,0,1,0,295.97420021697565
Vidisha,2023-10-22 02:15:00,hum,41.0,50.0,0,1,0,295.97420021697565
Vidisha,2023-10-23 02:00:00,hum,54.0,41.0,0,1,0,295.97420021697565
Vidisha,2023-10-24 02:15:00,hum,51.0,54.0,0,1,0,295.97420021697565
Vidisha,2023-10-25 02:15:00,hum,45.0,51.0,0,1,0,295.97420021697565
Vidisha,2023-10-26 02:00:00,hum,43.0,45.0,0,1,0,295.97420021697565
Vidisha,2023-10-27 02:15:00,hum,44.0,43.0,0,1,0,295.97420021697565
Vidisha,2023-10-28 02:00:00,hum,41.0,44.0,0,1,0,295.97420021697565
Vidisha,2023-10-29 02:30:00,hum,41.0,41.0,0,1,0,295.97420021697565
Vidisha,2023-10-30 01:45:00,hum,60.0,41.0,0,1,0,295.97420021697565
Vikarabad,2023-10-15 02:30:00,hum,79.0,87.60087051501495,2,1,2,295.8648361131455
Vikarabad,2023-10-16 02:30:00,hum,83.0,79.23953599456253,2,1,2,295.8648361131455
Vikarabad,2023-10-17 02:30:00,hum,78.0,80.42337605393422,2,1,2,295.8648361131455
Vikarabad,2023-10-18 02:30:00,hum,73.0,78.27174276197331,2,1,2,295.8648361131455
Vikarabad,2023-10-19 02:30:00,hum,88.0,77.8467321580574,2,1,2,295.8648361131455
Vikarabad,2023-10-20 02:30:00,hum,78.0,82.63950005216384,2,1,2,295.8648361131455
Vikarabad,2023-10-21 02:30:00,hum,78.0,76.53131269254705,2,1,2,295.8648361131455
Vikarabad,2023-10-22 02:30:00,hum,69.0,80.56895531060297,2,1,2,295.8648361131455
Vikarabad,2023-10-23 02:15:00,hum,73.0,77.50321136605163,2,1,2,295.8648361131455
Vikarabad,2023-10-24 02:15:00,hum,73.0,76.31301023846281,2,1,2,295.8648361131455
Vikarabad,2023-10-25 02:30:00,hum,64.0,71.32936796569436,2,1,2,295.8648361131455
Vikarabad,2023-10-26 02:00:00,hum,60.0,66.76217232427375,2,1,2,295.8648361131455
Vikarabad,2023-10-27 02:30:00,hum,64.0,66.09071250826227,2,1,2,295.8648361131455
Vikarabad,2023-10-28 02:00:00,hum,56.0,64.93359077440894,2,1,2,295.8648361131455
Vikarabad,2023-10-29 02:45:00,hum,73.0,58.20981950916857,2,1,2,295.8648361131455
Vikarabad,2023-10-30 02:00:00,hum,75.0,65.59442144545746,2,1,2,295.8648361131455
Visakhapatnam,2023-10-15 02:30:00,hum,78.0,80.37478696019369,1,1,1,262.93842891498485
Visakhapatnam,2023-10-16 02:30:00,hum,74.0,79.10550659062451,1,1,1,262.93842891498485
Visakhapatnam,2023-10-17 02:15:00,hum,72.0,76.45295301849688,1,1,1,262.93842891498485
Visakhapatnam,2023-10-18 02:15:00,hum,74.0,74.86143333352821,1,1,1,262.93842891498485
Visakhapatnam,2023-10-19 02:15:00,hum,82.0,76.10837721352715,1,1,1,262.93842891498485
Visakhapatnam,2023-10-20 02:30:00,hum,83.0,81.44888795349915,1,1,1,262.93842891498485
Visakhapatnam,2023-10-21 02:15:00,hum,83.0,82.10641219869532,1,1,1,262.93842891498485
Visakhapatnam,2023-10-22 02:15:00,hum,81.0,82.12480716828013,1,1,1,262.93842891498485
Visakhapatnam,2023-10-23 02:00:00,hum,64.0,80.84657823195263,1,1,1,262.93842891498485
Visakhapatnam,2023-10-24 02:15:00,hum,73.0,69.60676963715129,1,1,1,262.93842891498485
Visakhapatnam,2023-10-25 02:15:00,hum,84.0,75.52360886403267,1,1,1,262.93842891498485
Visakhapatnam,2023-10-26 02:00:00,hum,78.0,82.39895273506416,1,1,1,262.93842891498485
Visakhapatnam,2023-10-27 02:15:00,hum,78.0,78.86515089942567,1,1,1,262.93842891498485
Visakhapatnam,2023-10-28 02:00:00,hum,81.0,78.79418258866684,1,1,1,262.93842891498485
Visakhapatnam,2023-10-29 02:30:00,hum,81.0,80.65546118456993,1,1,1,262.93842891498485
Visakhapatnam,2023-10-30 01:45:00,hum,70.0,80.65137036916478,1,1,1,262.93842891498485
Vizianagaram,2023-10-15 02:30:00,hum,84.0,84.69494311217615,1,1,1,274.4830062079339
Vizianagaram,2023-10-16 02:30:00,hum,79.0,84.01017754415739,1,1,1,274.4830062079339
Vizianagaram,2023-10-17 02:15:00,hum,77.0,80.54415302198777,1,1,1,274.4830062079339
Vizianagaram,2023-10-18 02:30:00,hum,79.0,79.03461912543582,1,1,1,274.4830062079339
Vizianagaram,2023-10-19 02:15:00,hum,86.0,80.40734755066799,1,1,1,274.4830062079339
Vizianagaram,2023-10-20 02:30:00,hum,88.0,85.27895964877001,1,1,1,274.4830062079339
Vizianagaram,2023-10-21 02:15:00,hum,85.0,86.6715552378659,1,1,1,274.4830062079339
Vizianagaram,2023-10-22 02:15:00,hum,84.0,84.63046679255777,1,1,1,274.4830062079339
Vizianagaram,2023-10-23 02:00:00,hum,65.0,83.95386397129941,1,1,1,274.4830062079339
Vizianagaram,2023-10-24 02:15:00,hum,79.0,70.77335648855866,1,1,1,274.4830062079339
Vizianagaram,2023-10-25 02:15:00,hum,90.0,80.77259401477673,1,1,1,274.4830062079339
Vizianagaram,2023-10-26 02:00:00,hum,83.0,87.39209894773623,1,1,1,274.4830062079339
Vizianagaram,2023-10-27 02:15:00,hum,85.0,83.28962700355262,1,1,1,274.4830062079339
Vizianagaram,2023-10-28 02:00:00,hum,85.0,84.44712105884874,1,1,1,274.4830062079339
Vizianagaram,2023-10-29 02:30:00,hum,87.0,84.45608793657429,1,1,1,274.4830062079339
Vizianagaram,2023-10-30 01:45:00,hum,78.0,85.62666315330046,1,1,1,274.4830062079339
Wanaparthy,2023-10-15 02:30:00,hum,70.0,74.0,0,1,0,285.50306100101
Wanaparthy,2023-10-16 02:30:00,hum,69.0,70.0,0,1,0,285.50306100101
Wanaparthy,2023-10-17 02:30:00,hum,71.0,69.0,0,1,0,285.50306100101
Wanaparthy,2023-10-18 02:30:00,hum,76.0,71.0,0,1,0,285.50306100101
Wanaparthy,2023-10-19 02:30:00,hum,74.0,76.0,0,1,0,285.50306100101
Wanaparthy,2023-10-20 02:30:00,hum,79.0,74.0,0,1,0,285.50306100101
Wanaparthy,2023-10-21 02:30:00,hum,76.0,79.0,0,1,0,285.50306100101
Wanaparthy,2023-10-22 02:30:00,hum,75.0,76.0,0,1,0,285.50306100101
Wanaparthy,2023-10-23 02:15:00,hum,58.0,75.0,0,1,0,285.50306100101
Wanaparthy,2023-10-24 02:15:00,hum,66.0,58.0,0,1,0,285.50306100101
Wanaparthy,2023-10-25 02:30:00,hum,60.0,66.0,0,1,0,285.50306100101
Wanaparthy,2023-10-26 02:00:00,hum,59.0,60.00000000000001,0,1,0,285.50306100101
Wanaparthy,2023-10-27 02:30:00,hum,49.0,59.0,0,1,0,285.50306100101
Wanaparthy,2023-10-28 02:00:00,hum,64.0,49.0,0,1,0,285.50306100101
Wanaparthy,2023-10-29 02:45:00,hum,74.0,64.0,0,1,0,285.50306100101
Wanaparthy,2023-10-30 02:00:00,hum,85.0,74.0,0,1,0,285.50306100101
Warangal,2023-10-15 02:30:00,hum,72.0,77.0,0,1,0,264.08292748938624
Warangal,2023-10-16 02:30:00,hum,73.0,72.0,0,1,0,264.08292748938624
Warangal,2023-10-17 02:30:00,hum,78.0,73.0,0,1,0,264.08292748938624
Warangal,2023-10-18 02:30:00,hum,75.0,78.0,0,1,0,264.08292748938624
Warangal,2023-10-19 02:30:00,hum,70.0,75.0,0,1,0,264.08292748938624
Warangal,2023-10-20 02:30:00,hum,80.0,70.0,0,1,0,264.08292748938624
Warangal,2023-10-21 02:30:00,hum,79.0,80.0,0,1,0,264.08292748938624
Warangal,2023-10-22 02:30:00,hum,71.0,79.0,0,1,0,264.08292748938624
Warangal,2023-10-23 02:15:00,hum,63.0,71.0,0,1,0,264.08292748938624
Warangal,2023-10-24 02:15:00,hum,68.0,63.0,0,1,0,264.08292748938624
Warangal,2023-10-25 02:30:00,hum,66.0,68.0,0,1,0,264.08292748938624
Warangal,2023-10-26 02:00:00,hum,67.0,66.0,0,1,0,264.08292748938624
Warangal,2023-10-27 02:30:00,hum,57.0,67.0,0,1,0,264.08292748938624
Warangal,2023-10-28 02:00:00,hum,55.0,57.0,0,1,0,264.08292748938624
Warangal,2023-10-29 02:45:00,hum,66.0,55.0,0,1,0,264.08292748938624
Warangal,2023-10-30 02:00:00,hum,65.0,66.0,0,1,0,264.08292748938624
Wardha,2023-10-15 02:30:00,hum,89.0,82.6018750657786,0,1,1,273.9288274773695
Wardha,2023-10-16 02:30:00,hum,83.0,85.3480714919626,0,1,1,273.9288274773695
Wardha,2023-10-17 02:30:00,hum,89.0,84.3646173928264,0,1,1,273.9288274773695
Wardha,2023-10-18 02:30:00,hum,79.0,86.28267543015478,0,1,1,273.9288274773695
Wardha,2023-10-19 02:30:00,hum,84.0,83.34910811182668,0,1,1,273.9288274773695
Wardha,2023-10-20 02:30:00,hum,79.0,83.61075841717724,0,1,1,273.9288274773695
Wardha,2023-10-21 02:15:00,hum,83.0,81.7630353366858,0,1,1,273.9288274773695
Wardha,2023-10-22 02:30:00,hum,83.0,82.26613615794054,0,1,1,273.9288274773695
Wardha,2023-10-23 02:15:00,hum,78.0,82.55714021618407,0,1,1,273.9288274773695
Wardha,2023-10-24 02:15:00,hum,78.0,80.75226888294657,0,1,1,273.9288274773695
Wardha,2023-10-25 02:15:00,hum,78.0,79.62545062413216,0,1,1,273.9288274773695
Wardha,2023-10-26 02:00:00,hum,83.0,78.9501067692727,0,1,1,273.9288274773695
Wardha,2023-10-27 02:15:00,hum,83.0,80.58710600557562,0,1,1,273.9288274773695
Wardha,2023-10-28 02:00:00,hum,53.0,81.54737858511265,0,1,1,273.9288274773695
Wardha,2023-10-29 02:45:00,hum,83.0,70.94251553481092,0,1,1,273.9288274773695
Wardha,2023-10-30 02:00:00,hum,78.0,75.9611883080285,0,1,1,273.9288274773695
Washim,2023-10-15 02:30:00,hum,59.0,63.400202393313236,1,1,0,256.4101453408879
Washim,2023-10-16 02:30:00,hum,62.0,60.58281874123191,1,1,0,256.4101453408879
Washim,2023-10-17 02:30:00,hum,64.0,60.79536739897101,1,1,0,256.4101453408879
Washim,2023-10-18 02:30:00,hum,67.0,63.215842809436346,1,1,0,256.4101453408879
Washim,2023-10-19 02:15:00,hum,61.0,65.84613079264034,1,1,0,256.4101453408879
Washim,2023-10-20 02:30:00,hum,74.0,63.39292609733116,1,1,0,256.4101453408879
Washim,2023-10-21 02:15:00,hum,78.0,68.04703488225931,1,1,0,256.4101453408879
Washim,2023-10-22 02:30:00,hum,58.0,76.59101678024544,1,1,0,256.4101453408879
Washim,2023-10-23 02:15:00,hum,61.0,66.19048100839515,1,1,0,256.4101453408879
Washim,2023-10-24 02:15:00,hum,62.0,59.959556315483326,1,1,0,256.4101453408879
Washim,2023-10-25 02:15:00,hum,57.0,61.65677308858935,1,1,0,256.4101453408879
Washim,2023-10-26 02:00:00,hum,46.0,58.730257685753756,1,1,0,256.4101453408879
Washim,2023-10-27 02:15:00,hum,52.0,49.38560316216815,1,1,0,256.4101453408879
Washim,2023-10-28 02:00:00,hum,55.0,50.05740154574893,1,1,0,256.4101453408879
Washim,2023-10-29 02:45:00,hum,51.0,54.076924094493776,1,1,0,256.4101453408879
Washim,2023-10-30 02:00:00,hum,58.0,52.25094734280768,1,1,0,256.4101453408879
West Godavari,2023-10-15 02:30:00,hum,84.0,87.95562143738447,1,1,1,261.88401410012443
West Godavari,2023-10-16 02:30:00,hum,88.0,85.17704397917099,1,1,1,261.88401410012443
West Godavari,2023-10-17 02:15:00,hum,84.0,87.93644110802131,1,1,1,261.88401410012443
West Godavari,2023-10-18 02:30:00,hum,84.0,85.20222276822969,1,1,1,261.88401410012443
West Godavari,2023-10-19 02:15:00,hum,83.0,85.16197318729706,1,1,1,261.88401410012443
West Godavari,2023-10-20 02:30:00,hum,88.0,84.41123899424616,1,1,1,261.88401410012443
West Godavari,2023-10-21 02:15:00,hum,88.0,87.8617564195836,1,1,1,261.88401410012443
West Godavari,2023-10-22 02:15:00,hum,88.0,87.86430626342562,1,1,1,261.88401410012443
West Godavari,2023-10-23 02:00:00,hum,72.0,87.86681975759706,1,1,1,261.88401410012443
West Godavari,2023-10-24 02:15:00,hum,67.0,76.76597780112266,1,1,1,261.88401410012443
West Godavari,2023-10-25 02:15:00,hum,67.0,70.9686219738971,1,1,1,261.88401410012443
West Godavari,2023-10-26 02:00:00,hum,79.0,69.90542157373628,1,1,1,261.88401410012443
West Godavari,2023-10-27 02:15:00,hum,87.0,80.5098067542119,1,1,1,261.88401410012443
West Godavari,2023-10-28 02:00:00,hum,92.0,86.83478399965406,1,1,1,261.88401410012443
West Godavari,2023-10-29 02:30:00,hum,88.0,92.12683392667638,1,1,1,261.88401410012443
West Godavari,2023-10-30 01:45:00,hum,90.0,87.94612553958513,1,1,1,261.88401410012443
Wokha,2023-10-15 02:30:00,hum,95.0,98.67501672458317,2,0,2,207.99245711221596
Wokha,2023-10-16 02:30:00,hum,98.0,98.37298841379354,2,0,2,207.99245711221596
Wokha,2023-10-17 02:15:00,hum,96.0,98.25233014434217,2,0,2,207.99245711221596
Wokha,2023-10-18 02:30:00,hum,96.0,95.80115590092801,2,0,2,207.99245711221596
Wokha,2023-10-19 02:15:00,hum,98.0,95.83057758594235,2,0,2,207.99245711221596
Wokha,2023-10-20 02:30:00,hum,97.0,96.79466260504346,2,0,2,207.99245711221596
Wokha,2023-10-21 02:15:00,hum,97.0,98.1136322729471,2,0,2,207.99245711221596
Wokha,2023-10-22 02:15:00,hum,94.0,98.84866956771508,2,0,2,207.99245711221596
Wokha,2023-10-23 02:15:00,hum,96.0,96.50938291533443,2,0,2,207.99245711221596
Wokha,2023-10-24 02:15:00,hum,92.0,95.55968662634953,2,0,2,207.99245711221596
Wokha,2023-10-25 02:15:00,hum,88.0,95.21544699070179,2,0,2,207.99245711221596
Wokha,2023-10-26 02:00:00,hum,99.0,91.62933215401353,2,0,2,207.99245711221596
Wokha,2023-10-27 02:15:00,hum,99.0,93.5873984111678,2,0,2,207.99245711221596
Wokha,2023-10-28 02:00:00,hum,98.0,98.24663145564217,2,0,2,207.99245711221596
Wokha,2023-10-29 02:30:00,hum,97.0,99.9336365979642,2,0,2,207.99245711221596
Wokha,2023-10-30 01:45:00,hum,98.0,98.64336327074676,2,0,2,207.99245711221596
Yadgir,2023-10-15 02:30:00,hum,59.0,65.0,0,1,0,303.5153126755248
Yadgir,2023-10-16 02:30:00,hum,61.0,59.00000000000001,0,1,0,303.5153126755248
Yadgir,2023-10-17 02:30:00,hum,64.0,61.0,0,1,0,303.5153126755248
Yadgir,2023-10-18 02:30:00,hum,69.0,64.0,0,1,0,303.5153126755248
Yadgir,2023-10-19 02:15:00,hum,65.0,69.0,0,1,0,303.5153126755248
Yadgir,2023-10-20 02:30:00,hum,69.0,65.0,0,1,0,303.5153126755248
Yadgir,2023-10-21 02:15:00,hum,67.0,69.0,0,1,0,303.5153126755248
Yadgir,2023-10-22 02:15:00,hum,61.0,67.0,0,1,0,303.5153126755248
Yadgir,2023-10-23 02:15:00,hum,50.0,61.0,0,1,0,303.5153126755248
Yadgir,2023-10-24 02:15:00,hum,61.0,50.0,0,1,0,303.5153126755248
Yadgir,2023-10-25 02:15:00,hum,52.0,61.0,0,1,0,303.5153126755248
Yadgir,2023-10-26 02:00:00,hum,53.0,52.0,0,1,0,303.5153126755248
Yadgir,2023-10-27 02:15:00,hum,51.0,53.0,0,1,0,303.5153126755248
Yadgir,2023-10-28 02:00:00,hum,51.0,51.0,0,1,0,303.5153126755248
Yadgir,2023-10-29 02:45:00,hum,58.0,51.0,0,1,0,303.5153126755248
Yadgir,2023-10-30 02:00:00,hum,81.0,58.0,0,1,0,303.5153126755248
Yamunanagar,2023-10-15 02:30:00,hum,55.0,56.99240312891969,0,1,1,311.1070865786325
Yamunanagar,2023-10-16 02:30:00,hum,56.0,56.042509028807224,0,1,1,311.1070865786325
Yamunanagar,2023-10-17 02:15:00,hum,81.0,56.02241143140926,0,1,1,311.1070865786325
Yamunanagar,2023-10-18 02:30:00,hum,61.0,67.88091604010282,0,1,1,311.1070865786325
Yamunanagar,2023-10-19 02:15:00,hum,57.0,64.31303712469628,0,1,1,311.1070865786325
Yamunanagar,2023-10-20 02:30:00,hum,57.0,61.18549912878565,0,1,1,311.1070865786325
Yamunanagar,2023-10-21 02:15:00,hum,56.0,59.4229321540451,0,1,1,311.1070865786325
Yamunanagar,2023-10-22 02:15:00,hum,55.0,57.95526199035361,0,1,1,311.1070865786325
Yamunanagar,2023-10-23 02:15:00,hum,56.0,56.66944404220912,0,1,1,311.1070865786325
Yamunanagar,2023-10-24 02:15:00,hum,54.0,56.37829341578807,0,1,1,311.1070865786325
Yamunanagar,2023-10-25 02:15:00,hum,52.0,55.343735129975016,0,1,1,311.1070865786325
Yamunanagar,2023-10-26 02:00:00,hum,45.0,53.87501154530493,0,1,1,311.1070865786325
Yamunanagar,2023-10-27 02:15:00,hum,52.0,49.849097526281284,0,1,1,311.1070865786325
Yamunanagar,2023-10-28 02:00:00,hum,48.0,50.84334376231789,0,1,1,311.1070865786325
Yamunanagar,2023-10-29 02:30:00,hum,51.0,49.569210872906794,0,1,1,311.1070865786325
Yamunanagar,2023-10-30 01:45:00,hum,53.0,50.20973563191674,0,1,1,311.1070865786325
Yanam,2023-10-15 02:30:00,hum,84.0,86.11439052688215,0,1,1,292.1040169170273
Yanam,2023-10-16 02:30:00,hum,80.0,85.12934539141632,0,1,1,292.1040169170273
Yanam,2023-10-17 02:15:00,hum,73.0,82.69767124530031,0,1,1,292.1040169170273
Yanam,2023-10-18 02:30:00,hum,79.0,77.64149451748447,0,1,1,292.1040169170273
Yanam,2023-10-19 02:15:00,hum,92.0,78.3825489745049,0,1,1,292.1040169170273
Yanam,2023-10-20 02:30:00,hum,90.0,84.70919914061149,0,1,1,292.1040169170273
Yanam,2023-10-21 02:15:00,hum,87.0,87.48356483770168,0,1,1,292.1040169170273
Yanam,2023-10-22 02:15:00,hum,82.0,87.22885305299367,0,1,1,292.1040169170273
Yanam,2023-10-23 02:15:00,hum,85.0,84.73474420145916,0,1,1,292.1040169170273
Yanam,2023-10-24 02:15:00,hum,76.0,84.85951128280423,0,1,1,292.1040169170273
Yanam,2023-10-25 02:15:00,hum,80.0,80.66552310347141,0,1,1,292.1040169170273
Yanam,2023-10-26 02:00:00,hum,83.0,80.32927639285562,0,1,1,292.1040169170273
Yanam,2023-10-27 02:15:00,hum,84.0,81.60630879591056,0,1,1,292.1040169170273
Yanam,2023-10-28 02:00:00,hum,92.0,82.72081063479347,0,1,1,292.1040169170273
Yanam,2023-10-29 02:30:00,hum,83.0,87.20264990505386,0,1,1,292.1040169170273
Yanam,2023-10-30 01:45:00,hum,78.0,85.13441271446537,0,1,1,292.1040169170273
Yavatmal,2023-10-15 02:30:00,hum,50.0,58.38812059226409,0,1,1,282.25983147452166
Yavatmal,2023-10-16 02:30:00,hum,52.0,52.073460606154256,0,1,1,282.25983147452166
Yavatmal,2023-10-17 02:30:00,hum,61.0,52.01756652981101,0,1,1,282.25983147452166
Yavatmal,2023-10-18 02:30:00,hum,69.0,58.63388063100227,0,1,1,282.25983147452166
Yavatmal,2023-10-19 02:30:00,hum,59.0,67.08856255802664,0,1,1,282.25983147452166
Yavatmal,2023-10-20 02:30:00,hum,81.0,60.93450082004829,0,1,1,282.25983147452166
Yavatmal,2023-10-21 02:15:00,hum,71.0,74.92432319873797,0,1,1,282.25983147452166
Yavatmal,2023-10-22 02:30:00,hum,62.0,72.1224440278469,0,1,1,282.25983147452166
Yavatmal,2023-10-23 02:15:00,hum,60.0,65.50279767332228,0,1,1,282.25983147452166
Yavatmal,2023-10-24 02:15:00,hum,59.0,61.727828503712786,0,1,1,282.25983147452166
Yavatmal,2023-10-25 02:15:00,hum,58.0,59.83542490323275,0,1,1,282.25983147452166
Yavatmal,2023-10-26 02:00:00,hum,52.0,58.5654869992698,0,1,1,282.25983147452166
Yavatmal,2023-10-27 02:15:00,hum,48.0,53.97519896973646,0,1,1,282.25983147452166
Yavatmal,2023-10-28 02:00:00,hum,56.0,49.65835401019802,0,1,1,282.25983147452166
Yavatmal,2023-10-29 02:45:00,hum,56.0,54.1183969056618,0,1,1,282.25983147452166
Yavatmal,2023-10-30 02:00:00,hum,63.0,55.43464122608179,0,1,1,282.25983147452166
Zunheboto,2023-10-15 02:30:00,hum,96.0,98.1885844665111,0,0,2,221.72280108297173
Zunheboto,2023-10-16 02:30:00,hum,98.0,96.52986469110971,0,0,2,221.72280108297173
Zunheboto,2023-10-17 02:15:00,hum,98.0,97.40019878390294,0,0,2,221.72280108297173
Zunheboto,2023-10-18 02:30:00,hum,94.0,99.12319488505528,0,0,2,221.72280108297173
Zunheboto,2023-10-19 02:15:00,hum,98.0,95.24555440832347,0,0,2,221.72280108297173
Zunheboto,2023-10-20 02:30:00,hum,97.0,96.32018309786045,0,0,2,221.72280108297173
Zunheboto,2023-10-21 02:15:00,hum,95.0,99.47661106683015,0,0,2,221.72280108297173
Zunheboto,2023-10-22 02:15:00,hum,91.0,95.59530804305159,0,0,2,221.72280108297173
Zunheboto,2023-10-23 02:15:00,hum,95.0,93.23483215754543,0,0,2,221.72280108297173
Zunheboto,2023-10-24 02:15:00,hum,81.0,96.68247393025538,0,0,2,221.72280108297173
Zunheboto,2023-10-25 02:15:00,hum,98.0,94.48980634458921,0,0,2,221.72280108297173
Zunheboto,2023-10-26 02:00:00,hum,100.0,89.72739088838995,0,0,2,221.72280108297173
Zunheboto,2023-10-27 02:15:00,hum,99.0,102.12258370530401,0,0,2,221.72280108297173
Zunheboto,2023-10-28 02:00:00,hum,98.0,98.61276968578993,0,0,2,221.72280108297173
Zunheboto,2023-10-29 02:30:00,hum,97.0,96.34771971713897,0,0,2,221.72280108297173
Zunheboto,2023-10-30 01:45:00,hum,98.0,97.45661448807776,0,0,2,221.72280108297173
