city,datetime,target,y_true,y_pred,order_p,order_d,order_q,aic
Adilabad,2023-10-15 02:30:00,temp,22.9,22.565049317620396,1,1,1,113.28525177878885
Adilabad,2023-10-16 02:30:00,temp,23.1,22.78456699893738,1,1,1,113.28525177878885
Adilabad,2023-10-17 02:30:00,temp,22.2,22.91571824443665,1,1,1,113.28525177878885
Adilabad,2023-10-18 02:30:00,temp,22.3,22.434484951791745,1,1,1,113.28525177878885
Adilabad,2023-10-19 02:30:00,temp,21.9,22.45981057245561,1,1,1,113.28525177878885
Adilabad,2023-10-20 02:30:00,temp,21.4,22.214795831700055,1,1,1,113.28525177878885
Adilabad,2023-10-21 02:30:00,temp,21.2,21.877657000601022,1,1,1,113.28525177878885
Adilabad,2023-10-22 02:30:00,temp,20.2,21.674527864153315,1,1,1,113.28525177878885
Adilabad,2023-10-23 02:15:00,temp,19.3,20.920684835998912,1,1,1,113.28525177878885
Adilabad,2023-10-24 02:15:00,temp,18.5,20.030616296788644,1,1,1,113.28525177878885
Adilabad,2023-10-25 02:30:00,temp,18.8,19.06718893430674,1,1,1,113.28525177878885
Adilabad,2023-10-26 02:00:00,temp,18.9,19.116448442012917,1,1,1,113.28525177878885
Adilabad,2023-10-27 02:30:00,temp,18.3,19.068387469329277,1,1,1,113.28525177878885
Adilabad,2023-10-28 02:00:00,temp,18.8,18.480078969316608,1,1,1,113.28525177878885
Adilabad,2023-10-29 02:45:00,temp,18.2,18.80890080184186,1,1,1,113.28525177878885
Adilabad,2023-10-30 02:00:00,temp,18.6,18.329442829541957,1,1,1,113.28525177878885
Agar,2023-10-15 02:30:00,temp,23.0,23.5,0,1,0,104.6561253124602
Agar,2023-10-16 02:30:00,temp,22.8,23.0,0,1,0,104.6561253124602
Agar,2023-10-17 02:30:00,temp,22.0,22.8,0,1,0,104.6561253124602
Agar,2023-10-18 02:30:00,temp,21.5,22.0,0,1,0,104.6561253124602
Agar,2023-10-19 02:30:00,temp,22.2,21.5,0,1,0,104.6561253124602
Agar,2023-10-20 02:30:00,temp,21.7,22.2,0,1,0,104.6561253124602
Agar,2023-10-21 02:30:00,temp,22.8,21.7,0,1,0,104.6561253124602
Agar,2023-10-22 02:30:00,temp,21.9,22.8,0,1,0,104.6561253124602
Agar,2023-10-23 02:15:00,temp,21.6,21.9,0,1,0,104.6561253124602
Agar,2023-10-24 02:15:00,temp,22.0,21.6,0,1,0,104.6561253124602
Agar,2023-10-25 02:30:00,temp,20.4,22.0,0,1,0,104.6561253124602
Agar,2023-10-26 02:00:00,temp,20.5,20.4,0,1,0,104.6561253124602
Agar,2023-10-27 02:30:00,temp,20.2,20.5,0,1,0,104.6561253124602
Agar,2023-10-28 02:00:00,temp,20.3,20.2,0,1,0,104.6561253124602
Agar,2023-10-29 02:45:00,temp,20.7,20.3,0,1,0,104.6561253124602
Agar,2023-10-30 02:00:00,temp,21.0,20.7,0,1,0,104.6561253124602
Agra,2023-10-15 02:30:00,temp,28.3,26.86449962039415,2,0,2,148.43815518801813
Agra,2023-10-16 02:30:00,temp,27.7,27.825660370042453,2,0,2,148.43815518801813
Agra,2023-10-17 02:30:00,temp,21.5,28.378280878748527,2,0,2,148.43815518801813
Agra,2023-10-18 02:30:00,temp,23.8,23.409727840736256,2,0,2,148.43815518801813
Agra,2023-10-19 02:30:00,temp,23.5,24.73120043403194,2,0,2,148.43815518801813
Agra,2023-10-20 02:30:00,temp,23.3,26.5286969786379,2,0,2,148.43815518801813
Agra,2023-10-21 02:15:00,temp,23.3,27.958933559151976,2,0,2,148.43815518801813
Agra,2023-10-22 02:30:00,temp,23.2,24.79122492419518,2,0,2,148.43815518801813
Agra,2023-10-23 02:15:00,temp,23.6,24.670104734248277,2,0,2,148.43815518801813
Agra,2023-10-24 02:15:00,temp,23.5,24.84998380854962,2,0,2,148.43815518801813
Agra,2023-10-25 02:30:00,temp,22.7,24.620043668301236,2,0,2,148.43815518801813
Agra,2023-10-26 02:00:00,temp,23.2,23.585801378097567,2,0,2,148.43815518801813
Agra,2023-10-27 02:15:00,temp,23.0,23.932073258787916,2,0,2,148.43815518801813
Agra,2023-10-28 02:00:00,temp,22.3,23.63300643327358,2,0,2,148.43815518801813
Agra,2023-10-29 02:45:00,temp,23.8,22.997440234774306,2,0,2,148.43815518801813
Agra,2023-10-30 02:00:00,temp,24.0,24.178391904366528,2,0,2,148.43815518801813
Ahmadnagar,2023-10-15 02:30:00,temp,24.9,23.06618763080476,2,0,2,118.09932076102201
Ahmadnagar,2023-10-16 02:30:00,temp,23.4,23.499107009388087,2,0,2,118.09932076102201
Ahmadnagar,2023-10-17 02:30:00,temp,23.9,22.521157066021033,2,0,2,118.09932076102201
Ahmadnagar,2023-10-18 02:30:00,temp,25.2,22.767304749340397,2,0,2,118.09932076102201
Ahmadnagar,2023-10-19 02:30:00,temp,23.5,24.150519513114084,2,0,2,118.09932076102201
Ahmadnagar,2023-10-20 02:30:00,temp,24.9,23.1817735419198,2,0,2,118.09932076102201
Ahmadnagar,2023-10-21 02:15:00,temp,23.3,23.97360682624485,2,0,2,118.09932076102201
Ahmadnagar,2023-10-22 02:30:00,temp,23.4,23.398302930764018,2,0,2,118.09932076102201
Ahmadnagar,2023-10-23 02:15:00,temp,22.5,23.085895034900897,2,0,2,118.09932076102201
Ahmadnagar,2023-10-24 02:15:00,temp,23.4,22.641554972183943,2,0,2,118.09932076102201
Ahmadnagar,2023-10-25 02:15:00,temp,22.3,23.002113348679785,2,0,2,118.09932076102201
Ahmadnagar,2023-10-26 02:00:00,temp,21.2,22.78172267433593,2,0,2,118.09932076102201
Ahmadnagar,2023-10-27 02:15:00,temp,20.5,21.575129743274506,2,0,2,118.09932076102201
Ahmadnagar,2023-10-28 02:00:00,temp,20.4,20.908339392685804,2,0,2,118.09932076102201
Ahmadnagar,2023-10-29 02:45:00,temp,20.2,20.98979599728754,2,0,2,118.09932076102201
Ahmadnagar,2023-10-30 02:00:00,temp,20.7,20.94922780293657,2,0,2,118.09932076102201
Aizawl,2023-10-15 02:30:00,temp,17.3,20.77858463099976,2,1,2,126.32034629681708
Aizawl,2023-10-16 02:30:00,temp,18.6,18.342852083566513,2,1,2,126.32034629681708
Aizawl,2023-10-17 02:15:00,temp,19.0,18.088747414107917,2,1,2,126.32034629681708
Aizawl,2023-10-18 02:30:00,temp,19.5,18.434585844194242,2,1,2,126.32034629681708
Aizawl,2023-10-19 02:15:00,temp,19.1,20.505963950735723,2,1,2,126.32034629681708
Aizawl,2023-10-20 02:30:00,temp,19.1,18.28644555227616,2,1,2,126.32034629681708
Aizawl,2023-10-21 02:15:00,temp,19.1,19.102274522320673,2,1,2,126.32034629681708
Aizawl,2023-10-22 02:15:00,temp,20.2,19.82804282596986,2,1,2,126.32034629681708
Aizawl,2023-10-23 02:15:00,temp,21.6,19.252740483492406,2,1,2,126.32034629681708
Aizawl,2023-10-24 02:15:00,temp,20.6,21.79255611501962,2,1,2,126.32034629681708
Aizawl,2023-10-25 02:15:00,temp,21.9,21.23178563988112,2,1,2,126.32034629681708
Aizawl,2023-10-26 02:00:00,temp,20.8,21.03380224056372,2,1,2,126.32034629681708
Aizawl,2023-10-27 02:15:00,temp,19.8,21.251174289161785,2,1,2,126.32034629681708
Aizawl,2023-10-28 02:00:00,temp,18.8,20.266433633500363,2,1,2,126.32034629681708
Aizawl,2023-10-29 02:30:00,temp,18.5,19.26765559388751,2,1,2,126.32034629681708
Aizawl,2023-10-30 01:45:00,temp,18.6,19.26904114835691,2,1,2,126.32034629681708
Ajmer,2023-10-15 02:30:00,temp,25.6,25.961475154417748,2,0,2,153.24933093308238
Ajmer,2023-10-16 02:30:00,temp,24.3,25.0607377733793,2,0,2,153.24933093308238
Ajmer,2023-10-17 02:30:00,temp,22.5,24.30333662550631,2,0,2,153.24933093308238
Ajmer,2023-10-18 02:30:00,temp,22.2,23.929111567204973,2,0,2,153.24933093308238
Ajmer,2023-10-19 02:30:00,temp,22.7,23.753695284504012,2,0,2,153.24933093308238
Ajmer,2023-10-20 02:30:00,temp,22.7,23.95139539340556,2,0,2,153.24933093308238
Ajmer,2023-10-21 02:15:00,temp,23.1,24.36954391993529,2,0,2,153.24933093308238
Ajmer,2023-10-22 02:30:00,temp,23.9,24.3737917064267,2,0,2,153.24933093308238
Ajmer,2023-10-23 02:15:00,temp,24.1,24.413444620082025,2,0,2,153.24933093308238
Ajmer,2023-10-24 02:15:00,temp,21.7,24.595840647393235,2,0,2,153.24933093308238
Ajmer,2023-10-25 02:30:00,temp,22.0,23.808057888740688,2,0,2,153.24933093308238
Ajmer,2023-10-26 02:00:00,temp,22.7,22.635939972571695,2,0,2,153.24933093308238
Ajmer,2023-10-27 02:15:00,temp,21.8,22.982344023578055,2,0,2,153.24933093308238
Ajmer,2023-10-28 02:00:00,temp,23.1,23.740097131839235,2,0,2,153.24933093308238
Ajmer,2023-10-29 02:45:00,temp,23.6,24.260593013600047,2,0,2,153.24933093308238
Ajmer,2023-10-30 02:00:00,temp,23.5,24.35920791403982,2,0,2,153.24933093308238
Akola,2023-10-15 02:30:00,temp,25.9,24.946558363008425,2,0,1,121.89194470468328
Akola,2023-10-16 02:30:00,temp,24.2,25.196986623599752,2,0,1,121.89194470468328
Akola,2023-10-17 02:30:00,temp,24.3,23.649452164049748,2,0,1,121.89194470468328
Akola,2023-10-18 02:30:00,temp,23.5,23.826677760433668,2,0,1,121.89194470468328
Akola,2023-10-19 02:30:00,temp,24.4,23.207041948085518,2,0,1,121.89194470468328
Akola,2023-10-20 02:30:00,temp,23.7,24.074797948759738,2,0,1,121.89194470468328
Akola,2023-10-21 02:15:00,temp,24.5,23.53513346358208,2,0,1,121.89194470468328
Akola,2023-10-22 02:30:00,temp,23.7,24.23884536596086,2,0,1,121.89194470468328
Akola,2023-10-23 02:15:00,temp,21.5,24.13198843218246,2,0,1,121.89194470468328
Akola,2023-10-24 02:15:00,temp,21.5,21.95680580568331,2,0,1,121.89194470468328
Akola,2023-10-25 02:15:00,temp,21.2,22.21049249348937,2,0,1,121.89194470468328
Akola,2023-10-26 02:00:00,temp,20.4,22.179013343778486,2,0,1,121.89194470468328
Akola,2023-10-27 02:15:00,temp,20.5,21.626885042363167,2,0,1,121.89194470468328
Akola,2023-10-28 02:00:00,temp,20.5,21.844951889805017,2,0,1,121.89194470468328
Akola,2023-10-29 02:45:00,temp,20.3,21.820305159869566,2,0,1,121.89194470468328
Akola,2023-10-30 02:00:00,temp,20.8,21.45791212224704,2,0,1,121.89194470468328
Alappuzha,2023-10-15 02:30:00,temp,26.0,25.532442082600365,1,0,0,78.55272882572022
Alappuzha,2023-10-16 02:30:00,temp,25.6,25.714036157031096,1,0,0,78.55272882572022
Alappuzha,2023-10-17 02:30:00,temp,25.8,25.61529915603204,1,0,0,78.55272882572022
Alappuzha,2023-10-18 02:30:00,temp,26.0,25.666675237585505,1,0,0,78.55272882572022
Alappuzha,2023-10-19 02:15:00,temp,26.2,25.722692374257598,1,0,0,78.55272882572022
Alappuzha,2023-10-20 02:30:00,temp,26.1,25.7878381422717,1,0,0,78.55272882572022
Alappuzha,2023-10-21 02:15:00,temp,26.7,25.77401280213573,1,0,0,78.55272882572022
Alappuzha,2023-10-22 02:15:00,temp,25.3,25.981219441632646,1,0,0,78.55272882572022
Alappuzha,2023-10-23 02:15:00,temp,25.1,25.571674482091268,1,0,0,78.55272882572022
Alappuzha,2023-10-24 02:15:00,temp,25.5,25.507166153101533,1,0,0,78.55272882572022
Alappuzha,2023-10-25 02:15:00,temp,25.6,25.611506029804424,1,0,0,78.55272882572022
Alappuzha,2023-10-26 02:00:00,temp,25.9,25.63745177213194,1,0,0,78.55272882572022
Alappuzha,2023-10-27 02:15:00,temp,26.0,25.720387322042445,1,0,0,78.55272882572022
Alappuzha,2023-10-28 02:00:00,temp,25.8,25.752803388736535,1,0,0,78.55272882572022
Alappuzha,2023-10-29 02:30:00,temp,26.0,25.70064377596924,1,0,0,78.55272882572022
Alappuzha,2023-10-30 01:45:00,temp,26.1,25.759805313903108,1,0,0,78.55272882572022
Aligarh,2023-10-15 02:30:00,temp,26.2,25.480777951630575,2,1,1,149.44027634147213
Aligarh,2023-10-16 02:30:00,temp,25.1,26.59875604816994,2,1,1,149.44027634147213
Aligarh,2023-10-17 02:30:00,temp,21.3,25.147775931922077,2,1,1,149.44027634147213
Aligarh,2023-10-18 02:30:00,temp,22.1,21.893407695041265,2,1,1,149.44027634147213
Aligarh,2023-10-19 02:30:00,temp,21.9,23.888766025807403,2,1,1,149.44027634147213
Aligarh,2023-10-20 02:30:00,temp,21.7,22.98275870316525,2,1,1,149.44027634147213
Aligarh,2023-10-21 02:15:00,temp,22.3,22.582650086711855,2,1,1,149.44027634147213
Aligarh,2023-10-22 02:30:00,temp,21.6,23.05443634208886,2,1,1,149.44027634147213
Aligarh,2023-10-23 02:15:00,temp,22.6,21.986335385872476,2,1,1,149.44027634147213
Aligarh,2023-10-24 02:15:00,temp,22.3,23.097265610234547,2,1,1,149.44027634147213
Aligarh,2023-10-25 02:30:00,temp,21.8,22.434514856888796,2,1,1,149.44027634147213
Aligarh,2023-10-26 02:00:00,temp,22.2,21.97096282790304,2,1,1,149.44027634147213
Aligarh,2023-10-27 02:30:00,temp,22.0,22.448699024648075,2,1,1,149.44027634147213
Aligarh,2023-10-28 02:00:00,temp,21.7,22.101050646119923,2,1,1,149.44027634147213
Aligarh,2023-10-29 02:45:00,temp,22.3,21.836515743920323,2,1,1,149.44027634147213
Aligarh,2023-10-30 02:00:00,temp,22.7,22.457571266183585,2,1,1,149.44027634147213
Alirajpur,2023-10-15 02:30:00,temp,24.9,24.96773893912252,2,0,1,86.15785848042974
Alirajpur,2023-10-16 02:30:00,temp,24.7,24.48082043241044,2,0,1,86.15785848042974
Alirajpur,2023-10-17 02:15:00,temp,24.2,24.21379915618267,2,0,1,86.15785848042974
Alirajpur,2023-10-18 02:15:00,temp,23.9,23.769151904424007,2,0,1,86.15785848042974
Alirajpur,2023-10-19 02:15:00,temp,24.3,23.545969358448687,2,0,1,86.15785848042974
Alirajpur,2023-10-20 02:15:00,temp,24.7,23.873309541988085,2,0,1,86.15785848042974
Alirajpur,2023-10-21 02:00:00,temp,25.2,24.151438156482527,2,0,1,86.15785848042974
Alirajpur,2023-10-22 02:15:00,temp,24.7,24.892282972533977,2,0,1,86.15785848042974
Alirajpur,2023-10-23 02:00:00,temp,24.9,24.29909269114615,2,0,1,86.15785848042974
Alirajpur,2023-10-24 02:15:00,temp,24.5,24.503552944462676,2,0,1,86.15785848042974
Alirajpur,2023-10-25 02:15:00,temp,23.9,23.886519755579396,2,0,1,86.15785848042974
Alirajpur,2023-10-26 02:00:00,temp,22.8,23.428960438684875,2,0,1,86.15785848042974
Alirajpur,2023-10-27 02:15:00,temp,22.8,22.598456929856376,2,0,1,86.15785848042974
Alirajpur,2023-10-28 02:00:00,temp,22.6,22.760940891002157,2,0,1,86.15785848042974
Alirajpur,2023-10-29 02:30:00,temp,22.2,22.737837964484957,2,0,1,86.15785848042974
Alirajpur,2023-10-30 01:45:00,temp,22.9,22.560675714552815,2,0,1,86.15785848042974
Allahabad,2023-10-15 02:30:00,temp,24.8,24.0,0,1,0,137.4384181638665
Allahabad,2023-10-16 02:30:00,temp,26.1,24.8,0,1,0,137.4384181638665
Allahabad,2023-10-17 02:30:00,temp,21.5,26.1,0,1,0,137.4384181638665
Allahabad,2023-10-18 02:30:00,temp,22.7,21.5,0,1,0,137.4384181638665
Allahabad,2023-10-19 02:30:00,temp,22.2,22.7,0,1,0,137.4384181638665
Allahabad,2023-10-20 02:30:00,temp,21.9,22.2,0,1,0,137.4384181638665
Allahabad,2023-10-21 02:15:00,temp,21.5,21.9,0,1,0,137.4384181638665
Allahabad,2023-10-22 02:30:00,temp,20.3,21.5,0,1,0,137.4384181638665
Allahabad,2023-10-23 02:15:00,temp,20.7,20.3,0,1,0,137.4384181638665
Allahabad,2023-10-24 02:15:00,temp,21.2,20.7,0,1,0,137.4384181638665
Allahabad,2023-10-25 02:30:00,temp,21.4,21.2,0,1,0,137.4384181638665
Allahabad,2023-10-26 02:00:00,temp,22.0,21.4,0,1,0,137.4384181638665
Allahabad,2023-10-27 02:30:00,temp,21.3,22.0,0,1,0,137.4384181638665
Allahabad,2023-10-28 02:00:00,temp,20.9,21.3,0,1,0,137.4384181638665
Allahabad,2023-10-29 02:45:00,temp,21.4,20.9,0,1,0,137.4384181638665
Allahabad,2023-10-30 02:00:00,temp,21.6,21.4,0,1,0,137.4384181638665
Almora,2023-10-15 02:30:00,temp,16.6,15.7,0,1,0,104.82147687872248
Almora,2023-10-16 02:30:00,temp,15.4,16.6,0,1,0,104.82147687872248
Almora,2023-10-17 02:30:00,temp,14.6,15.399999999999999,0,1,0,104.82147687872248
Almora,2023-10-18 02:30:00,temp,13.9,14.6,0,1,0,104.82147687872248
Almora,2023-10-19 02:15:00,temp,13.3,13.9,0,1,0,104.82147687872248
Almora,2023-10-20 02:30:00,temp,13.2,13.3,0,1,0,104.82147687872248
Almora,2023-10-21 02:15:00,temp,13.3,13.2,0,1,0,104.82147687872248
Almora,2023-10-22 02:15:00,temp,13.9,13.3,0,1,0,104.82147687872248
Almora,2023-10-23 02:15:00,temp,13.4,13.9,0,1,0,104.82147687872248
Almora,2023-10-24 02:15:00,temp,13.4,13.4,0,1,0,104.82147687872248
Almora,2023-10-25 02:15:00,temp,14.2,13.4,0,1,0,104.82147687872248
Almora,2023-10-26 02:00:00,temp,14.5,14.2,0,1,0,104.82147687872248
Almora,2023-10-27 02:15:00,temp,14.1,14.5,0,1,0,104.82147687872248
Almora,2023-10-28 02:00:00,temp,13.7,14.1,0,1,0,104.82147687872248
Almora,2023-10-29 02:30:00,temp,13.7,13.7,0,1,0,104.82147687872248
Almora,2023-10-30 01:45:00,temp,14.0,13.7,0,1,0,104.82147687872248
Alwar,2023-10-15 02:30:00,temp,27.0,26.332565952294473,2,0,2,133.81011730846697
Alwar,2023-10-16 02:30:00,temp,25.5,27.090551623266006,2,0,2,133.81011730846697
Alwar,2023-10-17 02:30:00,temp,20.5,26.123299858293453,2,0,2,133.81011730846697
Alwar,2023-10-18 02:30:00,temp,23.2,21.812494970405517,2,0,2,133.81011730846697
Alwar,2023-10-19 02:30:00,temp,22.2,22.90228968638914,2,0,2,133.81011730846697
Alwar,2023-10-20 02:30:00,temp,22.7,25.442107463852874,2,0,2,133.81011730846697
Alwar,2023-10-21 02:30:00,temp,23.3,26.731218386907905,2,0,2,133.81011730846697
Alwar,2023-10-22 02:30:00,temp,23.2,24.377618967588226,2,0,2,133.81011730846697
Alwar,2023-10-23 02:15:00,temp,23.5,24.31688325765,2,0,2,133.81011730846697
Alwar,2023-10-24 02:15:00,temp,22.6,24.56817533417845,2,0,2,133.81011730846697
Alwar,2023-10-25 02:30:00,temp,22.8,23.76791240973716,2,0,2,133.81011730846697
Alwar,2023-10-26 02:00:00,temp,22.3,23.57720261292264,2,0,2,133.81011730846697
Alwar,2023-10-27 02:30:00,temp,22.0,23.394909571192244,2,0,2,133.81011730846697
Alwar,2023-10-28 02:00:00,temp,22.5,22.96776808520106,2,0,2,133.81011730846697
Alwar,2023-10-29 02:45:00,temp,23.5,23.292003925336523,2,0,2,133.81011730846697
Alwar,2023-10-30 02:00:00,temp,23.7,24.27699960789793,2,0,2,133.81011730846697
Ambala,2023-10-15 02:30:00,temp,22.0,21.5310565060892,1,1,1,154.07433199371673
Ambala,2023-10-16 02:30:00,temp,21.9,22.129452180435685,1,1,1,154.07433199371673
Ambala,2023-10-17 02:15:00,temp,17.6,22.038993191106286,1,1,1,154.07433199371673
Ambala,2023-10-18 02:30:00,temp,19.5,18.8711358747072,1,1,1,154.07433199371673
Ambala,2023-10-19 02:15:00,temp,18.2,20.086274378813233,1,1,1,154.07433199371673
Ambala,2023-10-20 02:30:00,temp,18.8,18.97021333806891,1,1,1,154.07433199371673
Ambala,2023-10-21 02:15:00,temp,18.9,19.256898217382144,1,1,1,154.07433199371673
Ambala,2023-10-22 02:15:00,temp,19.4,19.230628477760266,1,1,1,154.07433199371673
Ambala,2023-10-23 02:15:00,temp,19.6,19.54026385383235,1,1,1,154.07433199371673
Ambala,2023-10-24 02:15:00,temp,19.5,19.662257405637362,1,1,1,154.07433199371673
Ambala,2023-10-25 02:15:00,temp,19.9,19.574876527911776,1,1,1,154.07433199371673
Ambala,2023-10-26 02:00:00,temp,20.0,19.857287714729786,1,1,1,154.07433199371673
Ambala,2023-10-27 02:15:00,temp,19.3,19.939708270491337,1,1,1,154.07433199371673
Ambala,2023-10-28 02:00:00,temp,19.7,19.438221228937387,1,1,1,154.07433199371673
Ambala,2023-10-29 02:30:00,temp,19.9,19.703891486859636,1,1,1,154.07433199371673
Ambala,2023-10-30 01:45:00,temp,19.9,19.848829348751092,1,1,1,154.07433199371673
Amethi,2023-10-15 02:30:00,temp,22.4,22.92963127723529,2,1,2,146.49183953468864
Amethi,2023-10-16 02:30:00,temp,22.9,23.47336482923817,2,1,2,146.49183953468864
Amethi,2023-10-17 02:30:00,temp,19.7,23.516057486464682,2,1,2,146.49183953468864
Amethi,2023-10-18 02:30:00,temp,20.1,20.10975677219487,2,1,2,146.49183953468864
Amethi,2023-10-19 02:30:00,temp,19.0,20.868764774271792,2,1,2,146.49183953468864
Amethi,2023-10-20 02:30:00,temp,18.4,19.61538019709968,2,1,2,146.49183953468864
Amethi,2023-10-21 02:15:00,temp,19.2,18.89152175823621,2,1,2,146.49183953468864
Amethi,2023-10-22 02:30:00,temp,19.6,19.654104319494415,2,1,2,146.49183953468864
Amethi,2023-10-23 02:15:00,temp,19.6,19.70511511169063,2,1,2,146.49183953468864
Amethi,2023-10-24 02:15:00,temp,19.4,19.41270215965436,2,1,2,146.49183953468864
Amethi,2023-10-25 02:30:00,temp,20.5,19.122399893381967,2,1,2,146.49183953468864
Amethi,2023-10-26 02:00:00,temp,20.4,20.21026086043615,2,1,2,146.49183953468864
Amethi,2023-10-27 02:30:00,temp,20.0,20.041577582344242,2,1,2,146.49183953468864
Amethi,2023-10-28 02:00:00,temp,20.3,19.76008657309651,2,1,2,146.49183953468864
Amethi,2023-10-29 02:45:00,temp,20.3,20.242654920300602,2,1,2,146.49183953468864
Amethi,2023-10-30 02:00:00,temp,20.0,20.31718285151804,2,1,2,146.49183953468864
Amravati,2023-10-15 02:30:00,temp,24.5,23.88979270415302,1,1,1,125.51914179053276
Amravati,2023-10-16 02:30:00,temp,24.2,24.339045671937793,1,1,1,125.51914179053276
Amravati,2023-10-17 02:30:00,temp,25.0,24.11705030723844,1,1,1,125.51914179053276
Amravati,2023-10-18 02:30:00,temp,22.9,24.720281528429716,1,1,1,125.51914179053276
Amravati,2023-10-19 02:30:00,temp,23.8,23.177042251811844,1,1,1,125.51914179053276
Amravati,2023-10-20 02:30:00,temp,22.6,23.822917616926894,1,1,1,125.51914179053276
Amravati,2023-10-21 02:15:00,temp,22.3,22.907790554238478,1,1,1,125.51914179053276
Amravati,2023-10-22 02:30:00,temp,21.5,22.26807434592075,1,1,1,125.51914179053276
Amravati,2023-10-23 02:15:00,temp,20.7,21.650873491330554,1,1,1,125.51914179053276
Amravati,2023-10-24 02:15:00,temp,20.2,20.76449911897572,1,1,1,125.51914179053276
Amravati,2023-10-25 02:15:00,temp,19.7,20.35688863816994,1,1,1,125.51914179053276
Amravati,2023-10-26 02:00:00,temp,19.4,19.690394613503344,1,1,1,125.51914179053276
Amravati,2023-10-27 02:15:00,temp,19.4,19.492914058322537,1,1,1,125.51914179053276
Amravati,2023-10-28 02:00:00,temp,19.9,19.33193015302297,1,1,1,125.51914179053276
Amravati,2023-10-29 02:45:00,temp,19.8,19.838875532043343,1,1,1,125.51914179053276
Amravati,2023-10-30 02:00:00,temp,20.0,19.838448856069046,1,1,1,125.51914179053276
Amreli,2023-10-15 02:30:00,temp,27.7,26.956010431209112,2,0,1,116.55376646016049
Amreli,2023-10-16 02:30:00,temp,25.7,26.92372639068514,2,0,1,116.55376646016049
Amreli,2023-10-17 02:15:00,temp,25.5,25.291197349421182,2,0,1,116.55376646016049
Amreli,2023-10-18 02:15:00,temp,26.6,25.124589566859257,2,0,1,116.55376646016049
Amreli,2023-10-19 02:15:00,temp,27.2,26.10545645150179,2,0,1,116.55376646016049
Amreli,2023-10-20 02:30:00,temp,26.0,26.453798904353185,2,0,1,116.55376646016049
Amreli,2023-10-21 02:15:00,temp,26.4,25.442519588419923,2,0,1,116.55376646016049
Amreli,2023-10-22 02:15:00,temp,26.7,25.984814930322024,2,0,1,116.55376646016049
Amreli,2023-10-23 02:00:00,temp,27.1,26.15652383363705,2,0,1,116.55376646016049
Amreli,2023-10-24 02:15:00,temp,26.5,26.49214517182612,2,0,1,116.55376646016049
Amreli,2023-10-25 02:15:00,temp,26.0,25.98828285111978,2,0,1,116.55376646016049
Amreli,2023-10-26 02:00:00,temp,26.2,25.695804536480793,2,0,1,116.55376646016049
Amreli,2023-10-27 02:15:00,temp,25.5,25.909323707432286,2,0,1,116.55376646016049
Amreli,2023-10-28 02:00:00,temp,25.3,25.333054379089074,2,0,1,116.55376646016049
Amreli,2023-10-29 02:30:00,temp,25.6,25.275459974938638,2,0,1,116.55376646016049
Amreli,2023-10-30 01:45:00,temp,25.6,25.510318836531113,2,0,1,116.55376646016049
Amritsar,2023-10-15 02:30:00,temp,20.0,23.746914276875867,2,1,2,170.76718095341886
Amritsar,2023-10-16 02:30:00,temp,21.0,20.86657896093447,2,1,2,170.76718095341886
Amritsar,2023-10-17 02:30:00,temp,18.0,21.525913362948042,2,1,2,170.76718095341886
Amritsar,2023-10-18 02:30:00,temp,15.0,19.348970102285808,2,1,2,170.76718095341886
Amritsar,2023-10-19 02:15:00,temp,17.0,16.898074293190874,2,1,2,170.76718095341886
Amritsar,2023-10-20 02:30:00,temp,18.0,17.46949003211358,2,1,2,170.76718095341886
Amritsar,2023-10-21 02:15:00,temp,18.0,18.13118944123124,2,1,2,170.76718095341886
Amritsar,2023-10-22 02:15:00,temp,21.0,17.901777582609093,2,1,2,170.76718095341886
Amritsar,2023-10-23 02:15:00,temp,19.0,20.554795309426776,2,1,2,170.76718095341886
Amritsar,2023-10-24 02:15:00,temp,19.0,18.38979759029828,2,1,2,170.76718095341886
Amritsar,2023-10-25 02:15:00,temp,19.0,19.54206697133992,2,1,2,170.76718095341886
Amritsar,2023-10-26 02:00:00,temp,18.0,18.508776679411117,2,1,2,170.76718095341886
Amritsar,2023-10-27 02:15:00,temp,17.0,18.71734172834853,2,1,2,170.76718095341886
Amritsar,2023-10-28 02:00:00,temp,20.0,17.156885293373012,2,1,2,170.76718095341886
Amritsar,2023-10-29 02:45:00,temp,21.0,19.93066128219522,2,1,2,170.76718095341886
Amritsar,2023-10-30 02:00:00,temp,20.0,19.73792497589739,2,1,2,170.76718095341886
Anand,2023-10-15 02:30:00,temp,28.2,27.113569949610152,0,0,2,104.65115415297474
Anand,2023-10-16 02:30:00,temp,25.4,27.502504848712775,0,0,2,104.65115415297474
Anand,2023-10-17 02:15:00,temp,27.0,25.177958158844856,0,0,2,104.65115415297474
Anand,2023-10-18 02:15:00,temp,26.3,26.595151141941223,0,0,2,104.65115415297474
Anand,2023-10-19 02:15:00,temp,26.0,26.83274606348411,0,0,2,104.65115415297474
Anand,2023-10-20 02:30:00,temp,25.3,25.743250610797823,0,0,2,104.65115415297474
Anand,2023-10-21 02:15:00,temp,26.0,25.75275697890659,0,0,2,104.65115415297474
Anand,2023-10-22 02:15:00,temp,26.1,26.32345377276548,0,0,2,104.65115415297474
Anand,2023-10-23 02:00:00,temp,26.3,26.25547541224211,0,0,2,104.65115415297474
Anand,2023-10-24 02:15:00,temp,26.7,26.25504167610225,0,0,2,104.65115415297474
Anand,2023-10-25 02:15:00,temp,25.3,26.641350601895343,0,0,2,104.65115415297474
Anand,2023-10-26 02:00:00,temp,25.1,25.58058556140245,0,0,2,104.65115415297474
Anand,2023-10-27 02:15:00,temp,25.4,25.46589267482521,0,0,2,104.65115415297474
Anand,2023-10-28 02:00:00,temp,24.4,26.050911578940095,0,0,2,104.65115415297474
Anand,2023-10-29 02:30:00,temp,24.7,25.11007449519879,0,0,2,104.65115415297474
Anand,2023-10-30 01:45:00,temp,25.4,25.35446238332392,0,0,2,104.65115415297474
Anantapur,2023-10-15 02:30:00,temp,24.3,23.648860636329108,2,0,1,150.3415713804978
Anantapur,2023-10-16 02:30:00,temp,24.7,24.315036941624648,2,0,1,150.3415713804978
Anantapur,2023-10-17 02:15:00,temp,26.0,24.620335957482286,2,0,1,150.3415713804978
Anantapur,2023-10-18 02:30:00,temp,24.0,25.213009389153257,2,0,1,150.3415713804978
Anantapur,2023-10-19 02:15:00,temp,23.4,24.307971477035803,2,0,1,150.3415713804978
Anantapur,2023-10-20 02:30:00,temp,24.4,24.231229936286425,2,0,1,150.3415713804978
Anantapur,2023-10-21 02:15:00,temp,24.2,24.872142317065187,2,0,1,150.3415713804978
Anantapur,2023-10-22 02:15:00,temp,24.2,24.878854697062508,2,0,1,150.3415713804978
Anantapur,2023-10-23 02:00:00,temp,22.4,24.980895848505785,2,0,1,150.3415713804978
Anantapur,2023-10-24 02:15:00,temp,21.6,24.28875653911724,2,0,1,150.3415713804978
Anantapur,2023-10-25 02:15:00,temp,21.6,23.93262212677346,2,0,1,150.3415713804978
Anantapur,2023-10-26 02:00:00,temp,21.4,23.010479273200794,2,0,1,150.3415713804978
Anantapur,2023-10-27 02:15:00,temp,21.1,22.742946428555815,2,0,1,150.3415713804978
Anantapur,2023-10-28 02:00:00,temp,22.5,22.36701510023122,2,0,1,150.3415713804978
Anantapur,2023-10-29 02:30:00,temp,23.4,23.24946737968616,2,0,1,150.3415713804978
Anantapur,2023-10-30 01:45:00,temp,24.9,23.863469794804978,2,0,1,150.3415713804978
Anantnag,2023-10-16 02:30:00,temp,10.6,10.099999999999998,0,1,0,148.57831326594098
Anantnag,2023-10-17 02:15:00,temp,8.9,10.6,0,1,0,148.57831326594098
Anantnag,2023-10-18 02:15:00,temp,8.5,8.9,0,1,0,148.57831326594098
Anantnag,2023-10-19 02:15:00,temp,8.5,8.5,0,1,0,148.57831326594098
Anantnag,2023-10-20 02:15:00,temp,9.0,8.5,0,1,0,148.57831326594098
Anantnag,2023-10-21 02:15:00,temp,9.5,9.0,0,1,0,148.57831326594098
Anantnag,2023-10-22 02:15:00,temp,10.5,9.5,0,1,0,148.57831326594098
Anantnag,2023-10-23 02:00:00,temp,6.7,10.5,0,1,0,148.57831326594098
Anantnag,2023-10-24 02:15:00,temp,8.7,6.700000000000001,0,1,0,148.57831326594098
Anantnag,2023-10-25 02:15:00,temp,8.4,8.7,0,1,0,148.57831326594098
Anantnag,2023-10-26 02:00:00,temp,8.9,8.4,0,1,0,148.57831326594098
Anantnag,2023-10-27 02:15:00,temp,9.1,8.9,0,1,0,148.57831326594098
Anantnag,2023-10-28 02:00:00,temp,9.5,9.1,0,1,0,148.57831326594098
Anantnag,2023-10-29 02:30:00,temp,9.6,9.5,0,1,0,148.57831326594098
Anantnag,2023-10-30 01:45:00,temp,10.1,9.6,0,1,0,148.57831326594098
Anugul,2023-10-15 02:30:00,temp,20.8,22.10411192804239,0,1,2,131.0770084012692
Anugul,2023-10-16 02:30:00,temp,22.0,21.862815464185772,0,1,2,131.0770084012692
Anugul,2023-10-17 02:30:00,temp,22.0,22.520461343641642,0,1,2,131.0770084012692
Anugul,2023-10-18 02:30:00,temp,22.5,22.084175477048916,0,1,2,131.0770084012692
Anugul,2023-10-19 02:30:00,temp,22.0,22.597774796126014,0,1,2,131.0770084012692
Anugul,2023-10-20 02:30:00,temp,21.9,22.008142710483398,0,1,2,131.0770084012692
Anugul,2023-10-21 02:15:00,temp,21.7,22.175448948489784,0,1,2,131.0770084012692
Anugul,2023-10-22 02:30:00,temp,20.0,21.886637715641452,0,1,2,131.0770084012692
Anugul,2023-10-23 02:15:00,temp,18.5,20.707652522668138,0,1,2,131.0770084012692
Anugul,2023-10-24 02:15:00,temp,19.4,19.706966121611703,0,1,2,131.0770084012692
Anugul,2023-10-25 02:15:00,temp,19.1,20.322768306754902,0,1,2,131.0770084012692
Anugul,2023-10-26 02:00:00,temp,19.9,19.383983648804584,0,1,2,131.0770084012692
Anugul,2023-10-27 02:15:00,temp,19.3,20.245543653610255,0,1,2,131.0770084012692
Anugul,2023-10-28 02:00:00,temp,18.8,19.308752395454295,0,1,2,131.0770084012692
Anugul,2023-10-29 02:45:00,temp,19.2,19.218927785054017,0,1,2,131.0770084012692
Anugul,2023-10-30 02:00:00,temp,19.6,19.38086331620565,0,1,2,131.0770084012692
Anuppur,2023-10-15 02:30:00,temp,20.7,20.565383705539023,1,1,1,135.82062493441694
Anuppur,2023-10-16 02:30:00,temp,20.5,20.852223966349662,1,1,1,135.82062493441694
Anuppur,2023-10-17 02:15:00,temp,19.2,20.697568102712037,1,1,1,135.82062493441694
Anuppur,2023-10-18 02:15:00,temp,19.0,19.78248372120759,1,1,1,135.82062493441694
Anuppur,2023-10-19 02:15:00,temp,18.2,19.530047426201673,1,1,1,135.82062493441694
Anuppur,2023-10-20 02:15:00,temp,18.5,18.819421069760516,1,1,1,135.82062493441694
Anuppur,2023-10-21 02:00:00,temp,18.5,18.927057692545745,1,1,1,135.82062493441694
Anuppur,2023-10-22 02:15:00,temp,17.5,18.843634215931797,1,1,1,135.82062493441694
Anuppur,2023-10-23 02:00:00,temp,14.8,17.97779784637354,1,1,1,135.82062493441694
Anuppur,2023-10-24 02:15:00,temp,15.7,15.488943331513422,1,1,1,135.82062493441694
Anuppur,2023-10-25 02:15:00,temp,16.8,16.072243298605972,1,1,1,135.82062493441694
Anuppur,2023-10-26 02:00:00,temp,16.2,16.935448247113467,1,1,1,135.82062493441694
Anuppur,2023-10-27 02:15:00,temp,15.9,16.369384414082536,1,1,1,135.82062493441694
Anuppur,2023-10-28 02:00:00,temp,15.9,16.063762386121734,1,1,1,135.82062493441694
Anuppur,2023-10-29 02:30:00,temp,16.3,16.01177619949512,1,1,1,135.82062493441694
Anuppur,2023-10-30 01:45:00,temp,16.3,16.305273294665923,1,1,1,135.82062493441694
Araria,2023-10-15 02:30:00,temp,21.8,22.6,0,1,0,147.53424883617126
Araria,2023-10-16 02:30:00,temp,23.0,21.799999999999997,0,1,0,147.53424883617126
Araria,2023-10-17 02:15:00,temp,22.2,23.0,0,1,0,147.53424883617126
Araria,2023-10-18 02:30:00,temp,22.1,22.2,0,1,0,147.53424883617126
Araria,2023-10-19 02:15:00,temp,21.3,22.1,0,1,0,147.53424883617126
Araria,2023-10-20 02:30:00,temp,21.1,21.3,0,1,0,147.53424883617126
Araria,2023-10-21 02:15:00,temp,20.6,21.1,0,1,0,147.53424883617126
Araria,2023-10-22 02:15:00,temp,21.1,20.6,0,1,0,147.53424883617126
Araria,2023-10-23 02:00:00,temp,20.8,21.1,0,1,0,147.53424883617126
Araria,2023-10-24 02:15:00,temp,20.3,20.8,0,1,0,147.53424883617126
Araria,2023-10-25 02:15:00,temp,20.8,20.3,0,1,0,147.53424883617126
Araria,2023-10-26 02:00:00,temp,21.1,20.8,0,1,0,147.53424883617126
Araria,2023-10-27 02:15:00,temp,20.8,21.1,0,1,0,147.53424883617126
Araria,2023-10-28 02:00:00,temp,20.3,20.8,0,1,0,147.53424883617126
Araria,2023-10-29 02:30:00,temp,21.0,20.3,0,1,0,147.53424883617126
Araria,2023-10-30 01:45:00,temp,21.2,21.0,0,1,0,147.53424883617126
Ariyalur,2023-10-15 02:30:00,temp,24.0,26.281173887767068,2,1,2,122.11925000674309
Ariyalur,2023-10-16 02:30:00,temp,27.0,25.40754994209658,2,1,2,122.11925000674309
Ariyalur,2023-10-17 02:30:00,temp,25.0,26.036847734919817,2,1,2,122.11925000674309
Ariyalur,2023-10-18 02:30:00,temp,26.0,25.118936337556033,2,1,2,122.11925000674309
Ariyalur,2023-10-19 02:30:00,temp,26.0,25.714013304130408,2,1,2,122.11925000674309
Ariyalur,2023-10-20 02:30:00,temp,26.0,26.10323501476376,2,1,2,122.11925000674309
Ariyalur,2023-10-21 02:15:00,temp,26.0,26.330845241043043,2,1,2,122.11925000674309
Ariyalur,2023-10-22 02:30:00,temp,26.0,26.14325860034995,2,1,2,122.11925000674309
Ariyalur,2023-10-23 02:15:00,temp,27.0,26.156989129378182,2,1,2,122.11925000674309
Ariyalur,2023-10-24 02:15:00,temp,26.0,26.100227571895925,2,1,2,122.11925000674309
Ariyalur,2023-10-25 02:30:00,temp,28.0,26.60412213244252,2,1,2,122.11925000674309
Ariyalur,2023-10-26 02:00:00,temp,27.0,27.65033986250474,2,1,2,122.11925000674309
Ariyalur,2023-10-27 02:15:00,temp,27.0,27.608149148274173,2,1,2,122.11925000674309
Ariyalur,2023-10-28 02:00:00,temp,26.0,27.32024131635206,2,1,2,122.11925000674309
Ariyalur,2023-10-29 02:45:00,temp,26.0,26.226421843747456,2,1,2,122.11925000674309
Ariyalur,2023-10-30 02:00:00,temp,25.0,25.43031750286233,2,1,2,122.11925000674309
Arong,2023-10-15 02:30:00,temp,27.6,27.379995031289763,0,0,0,123.15306399851829
Arong,2023-10-16 02:30:00,temp,28.0,27.38477767079545,0,0,0,123.15306399851829
Arong,2023-10-17 02:15:00,temp,27.4,27.397867401072006,0,0,0,123.15306399851829
Arong,2023-10-18 02:30:00,temp,27.0,27.397911783038477,0,0,0,123.15306399851829
Arong,2023-10-19 02:15:00,temp,27.6,27.389791026983215,0,0,0,123.15306399851829
Arong,2023-10-20 02:30:00,temp,27.7,27.39399521596329,0,0,0,123.15306399851829
Arong,2023-10-21 02:15:00,temp,27.7,27.399995043537444,0,0,0,123.15306399851829
Arong,2023-10-22 02:15:00,temp,27.5,27.405764377492492,0,0,0,123.15306399851829
Arong,2023-10-23 02:15:00,temp,27.3,27.407542228892694,0,0,0,123.15306399851829
Arong,2023-10-24 02:15:00,temp,27.8,27.405550594840374,0,0,0,123.15306399851829
Arong,2023-10-25 02:15:00,temp,27.9,27.412722257810206,0,0,0,123.15306399851829
Arong,2023-10-26 02:00:00,temp,27.4,27.42142337356236,0,0,0,123.15306399851829
Arong,2023-10-27 02:15:00,temp,27.5,27.421047817932653,0,0,0,123.15306399851829
Arong,2023-10-28 02:00:00,temp,27.5,27.422408985833126,0,0,0,123.15306399851829
Arong,2023-10-29 02:30:00,temp,27.7,27.423724011750707,0,0,0,123.15306399851829
Arong,2023-10-30 01:45:00,temp,27.9,27.428328428645802,0,0,0,123.15306399851829
Arwal,2023-10-15 02:30:00,temp,26.0,24.353843109837282,1,1,0,172.4264686465295
Arwal,2023-10-16 02:30:00,temp,26.0,25.701381134982416,1,1,0,172.4264686465295
Arwal,2023-10-17 02:15:00,temp,23.0,26.0,1,1,0,172.4264686465295
Arwal,2023-10-18 02:30:00,temp,26.0,23.88867855633971,1,1,0,172.4264686465295
Arwal,2023-10-19 02:15:00,temp,20.9,24.980284515686765,1,1,0,172.4264686465295
Arwal,2023-10-20 02:30:00,temp,25.0,23.033586040173542,1,1,0,172.4264686465295
Arwal,2023-10-21 02:15:00,temp,23.0,23.058516312639306,1,1,0,172.4264686465295
Arwal,2023-10-22 02:15:00,temp,22.0,23.949844453021598,1,1,0,172.4264686465295
Arwal,2023-10-23 02:00:00,temp,22.0,22.45564438301527,1,1,0,172.4264686465295
Arwal,2023-10-24 02:15:00,temp,26.0,22.0,1,1,0,172.4264686465295
Arwal,2023-10-25 02:15:00,temp,26.0,24.188490259135225,1,1,0,172.4264686465295
Arwal,2023-10-26 02:00:00,temp,24.0,26.0,1,1,0,172.4264686465295
Arwal,2023-10-27 02:15:00,temp,23.0,24.83970618061891,1,1,0,172.4264686465295
Arwal,2023-10-28 02:00:00,temp,24.0,23.403366110237158,1,1,0,172.4264686465295
Arwal,2023-10-29 02:30:00,temp,22.0,23.593865036410588,1,1,0,172.4264686465295
Arwal,2023-10-30 01:45:00,temp,24.0,22.826477673673427,1,1,0,172.4264686465295
Ashoknagar,2023-10-15 02:30:00,temp,24.9,23.82884373332611,1,1,1,126.69949799158746
Ashoknagar,2023-10-16 02:30:00,temp,23.7,24.56480043017118,1,1,1,126.69949799158746
Ashoknagar,2023-10-17 02:15:00,temp,19.6,23.69104746607508,1,1,1,126.69949799158746
Ashoknagar,2023-10-18 02:15:00,temp,22.0,19.367621631502132,1,1,1,126.69949799158746
Ashoknagar,2023-10-19 02:15:00,temp,22.0,22.432000492025246,1,1,1,126.69949799158746
Ashoknagar,2023-10-20 02:15:00,temp,21.2,22.387336928758888,1,1,1,126.69949799158746
Ashoknagar,2023-10-21 02:00:00,temp,21.3,21.76318838348642,1,1,1,126.69949799158746
Ashoknagar,2023-10-22 02:15:00,temp,21.3,21.7663075466276,1,1,1,126.69949799158746
Ashoknagar,2023-10-23 02:00:00,temp,21.0,21.70784238129214,1,1,1,126.69949799158746
Ashoknagar,2023-10-24 02:15:00,temp,20.4,21.431075141864405,1,1,1,126.69949799158746
Ashoknagar,2023-10-25 02:15:00,temp,20.3,20.915456848860927,1,1,1,126.69949799158746
Ashoknagar,2023-10-26 02:00:00,temp,20.8,20.75761669804662,1,1,1,126.69949799158746
Ashoknagar,2023-10-27 02:15:00,temp,21.1,21.073374578981095,1,1,1,126.69949799158746
Ashoknagar,2023-10-28 02:00:00,temp,20.1,21.26311751449056,1,1,1,126.69949799158746
Ashoknagar,2023-10-29 02:30:00,temp,20.9,20.47965139850161,1,1,1,126.69949799158746
Ashoknagar,2023-10-30 01:45:00,temp,20.8,21.02600546990048,1,1,1,126.69949799158746
Auraiya,2023-10-15 02:30:00,temp,26.2,25.855366704586068,2,1,1,147.33429080700003
Auraiya,2023-10-16 02:30:00,temp,26.1,26.537329432326462,2,1,1,147.33429080700003
Auraiya,2023-10-17 02:30:00,temp,21.0,25.929058333852257,2,1,1,147.33429080700003
Auraiya,2023-10-18 02:30:00,temp,22.8,21.21908421528519,2,1,1,147.33429080700003
Auraiya,2023-10-19 02:30:00,temp,23.2,24.98413184691157,2,1,1,147.33429080700003
Auraiya,2023-10-20 02:30:00,temp,22.1,24.119659122187088,2,1,1,147.33429080700003
Auraiya,2023-10-21 02:15:00,temp,21.7,22.72118174189266,2,1,1,147.33429080700003
Auraiya,2023-10-22 02:30:00,temp,21.6,22.447915907227006,2,1,1,147.33429080700003
Auraiya,2023-10-23 02:15:00,temp,21.7,22.204407044545317,2,1,1,147.33429080700003
Auraiya,2023-10-24 02:15:00,temp,22.0,22.10603965532678,2,1,1,147.33429080700003
Auraiya,2023-10-25 02:30:00,temp,21.9,22.205604856518068,2,1,1,147.33429080700003
Auraiya,2023-10-26 02:00:00,temp,21.8,21.945443762035115,2,1,1,147.33429080700003
Auraiya,2023-10-27 02:30:00,temp,21.7,21.87063921691818,2,1,1,147.33429080700003
Auraiya,2023-10-28 02:00:00,temp,22.0,21.78842874585434,2,1,1,147.33429080700003
Auraiya,2023-10-29 02:45:00,temp,22.7,22.058399020010526,2,1,1,147.33429080700003
Auraiya,2023-10-30 02:00:00,temp,22.4,22.56793719955088,2,1,1,147.33429080700003
Aurangabad,2023-10-15 02:30:00,temp,25.8,23.083409434297867,1,0,0,112.97136355678855
Aurangabad,2023-10-16 02:30:00,temp,24.0,24.50887042924083,1,0,0,112.97136355678855
Aurangabad,2023-10-17 02:15:00,temp,24.5,23.456035905838267,1,0,0,112.97136355678855
Aurangabad,2023-10-18 02:15:00,temp,23.0,23.78062032994542,1,0,0,112.97136355678855
Aurangabad,2023-10-19 02:15:00,temp,25.5,22.9333835239899,1,0,0,112.97136355678855
Aurangabad,2023-10-20 02:30:00,temp,23.8,24.317254810321522,1,0,0,112.97136355678855
Aurangabad,2023-10-21 02:15:00,temp,22.8,23.38131192664668,1,0,0,112.97136355678855
Aurangabad,2023-10-22 02:15:00,temp,22.2,22.859631071079,1,0,0,112.97136355678855
Aurangabad,2023-10-23 02:00:00,temp,21.7,22.544122899034367,1,0,0,112.97136355678855
Aurangabad,2023-10-24 02:15:00,temp,21.8,22.264424445091954,1,0,0,112.97136355678855
Aurangabad,2023-10-25 02:15:00,temp,20.9,22.298167923978003,1,0,0,112.97136355678855
Aurangabad,2023-10-26 02:00:00,temp,20.7,21.757461817967055,1,0,0,112.97136355678855
Aurangabad,2023-10-27 02:15:00,temp,20.3,21.567268011934864,1,0,0,112.97136355678855
Aurangabad,2023-10-28 02:00:00,temp,19.2,21.22679260665919,1,0,0,112.97136355678855
Aurangabad,2023-10-29 02:30:00,temp,19.9,20.306650139379563,1,0,0,112.97136355678855
Aurangabad,2023-10-30 01:45:00,temp,20.5,20.72892038660161,1,0,0,112.97136355678855
Azamgarh,2023-10-15 02:30:00,temp,23.4,23.1,0,1,0,150.4079246733315
Azamgarh,2023-10-16 02:30:00,temp,23.8,23.4,0,1,0,150.4079246733315
Azamgarh,2023-10-17 02:30:00,temp,22.8,23.8,0,1,0,150.4079246733315
Azamgarh,2023-10-18 02:30:00,temp,22.0,22.8,0,1,0,150.4079246733315
Azamgarh,2023-10-19 02:30:00,temp,21.4,22.0,0,1,0,150.4079246733315
Azamgarh,2023-10-20 02:30:00,temp,21.3,21.4,0,1,0,150.4079246733315
Azamgarh,2023-10-21 02:15:00,temp,21.1,21.3,0,1,0,150.4079246733315
Azamgarh,2023-10-22 02:30:00,temp,20.9,21.1,0,1,0,150.4079246733315
Azamgarh,2023-10-23 02:15:00,temp,21.3,20.9,0,1,0,150.4079246733315
Azamgarh,2023-10-24 02:15:00,temp,21.2,21.3,0,1,0,150.4079246733315
Azamgarh,2023-10-25 02:30:00,temp,22.1,21.2,0,1,0,150.4079246733315
Azamgarh,2023-10-26 02:00:00,temp,22.1,22.1,0,1,0,150.4079246733315
Azamgarh,2023-10-27 02:30:00,temp,21.8,22.1,0,1,0,150.4079246733315
Azamgarh,2023-10-28 02:00:00,temp,21.6,21.8,0,1,0,150.4079246733315
Azamgarh,2023-10-29 02:45:00,temp,21.8,21.6,0,1,0,150.4079246733315
Azamgarh,2023-10-30 02:00:00,temp,21.6,21.8,0,1,0,150.4079246733315
Badgam,2023-10-15 02:30:00,temp,7.1,10.37285189307966,2,1,0,150.3695423838583
Badgam,2023-10-16 02:30:00,temp,7.5,6.643397231778041,2,1,0,150.3695423838583
Badgam,2023-10-17 02:15:00,temp,5.0,8.624950920015861,2,1,0,150.3695423838583
Badgam,2023-10-18 02:15:00,temp,3.5,4.867055709972214,2,1,0,150.3695423838583
Badgam,2023-10-19 02:15:00,temp,5.3,3.894310983175676,2,1,0,150.3695423838583
Badgam,2023-10-20 02:15:00,temp,6.2,5.7140375638874445,2,1,0,150.3695423838583
Badgam,2023-10-21 02:15:00,temp,6.3,5.817171992795015,2,1,0,150.3695423838583
Badgam,2023-10-22 02:15:00,temp,7.4,6.099613789896514,2,1,0,150.3695423838583
Badgam,2023-10-23 02:00:00,temp,3.8,7.4365954006089705,2,1,0,150.3695423838583
Badgam,2023-10-24 02:15:00,temp,5.7,3.5096056718937314,2,1,0,150.3695423838583
Badgam,2023-10-25 02:15:00,temp,6.0,6.300463512465853,2,1,0,150.3695423838583
Badgam,2023-10-26 02:00:00,temp,6.6,5.628090011106814,2,1,0,150.3695423838583
Badgam,2023-10-27 02:15:00,temp,6.5,6.515649277132574,2,1,0,150.3695423838583
Badgam,2023-10-28 02:00:00,temp,6.5,6.402805636791233,2,1,0,150.3695423838583
Badgam,2023-10-29 02:30:00,temp,6.4,6.517080669835807,2,1,0,150.3695423838583
Badgam,2023-10-30 01:45:00,temp,7.3,6.405525499145118,2,1,0,150.3695423838583
Bagalkot,2023-10-15 02:30:00,temp,25.9,25.399676078863827,0,1,1,135.11000605123613
Bagalkot,2023-10-16 02:30:00,temp,25.4,25.630643669958417,0,1,1,135.11000605123613
Bagalkot,2023-10-17 02:30:00,temp,26.4,25.523959638449764,0,1,1,135.11000605123613
Bagalkot,2023-10-18 02:30:00,temp,25.2,25.92693338411158,0,1,1,135.11000605123613
Bagalkot,2023-10-19 02:15:00,temp,24.3,25.595019817928378,0,1,1,135.11000605123613
Bagalkot,2023-10-20 02:30:00,temp,24.8,25.008277422598102,0,1,1,135.11000605123613
Bagalkot,2023-10-21 02:15:00,temp,24.7,24.909260760994886,0,1,1,135.11000605123613
Bagalkot,2023-10-22 02:15:00,temp,24.6,24.811127096476564,0,1,1,135.11000605123613
Bagalkot,2023-10-23 02:15:00,temp,22.4,24.712398963377684,0,1,1,135.11000605123613
Bagalkot,2023-10-24 02:15:00,temp,22.7,23.581152095604306,0,1,1,135.11000605123613
Bagalkot,2023-10-25 02:15:00,temp,21.7,23.078381334637935,0,1,1,135.11000605123613
Bagalkot,2023-10-26 02:00:00,temp,21.6,22.268745565624002,0,1,1,135.11000605123613
Bagalkot,2023-10-27 02:15:00,temp,20.7,21.861536768481876,0,1,1,135.11000605123613
Bagalkot,2023-10-28 02:00:00,temp,20.7,21.143815826695743,0,1,1,135.11000605123613
Bagalkot,2023-10-29 02:30:00,temp,25.1,20.863712270418805,0,1,1,135.11000605123613
Bagalkot,2023-10-30 02:00:00,temp,25.1,23.210430119544455,0,1,1,135.11000605123613
Bageshwar,2023-10-15 02:30:00,temp,2.9,5.872918605012347,0,1,1,118.99050868462842
Bageshwar,2023-10-16 02:30:00,temp,1.8,3.9193186102249014,0,1,1,118.99050868462842
Bageshwar,2023-10-17 02:15:00,temp,3.8,2.0202898469111714,0,1,1,118.99050868462842
Bageshwar,2023-10-18 02:30:00,temp,-0.7,3.3821944805740602,0,1,1,118.99050868462842
Bageshwar,2023-10-19 02:15:00,temp,1.7,0.6498774745180809,0,1,1,118.99050868462842
Bageshwar,2023-10-20 02:30:00,temp,1.6,1.374556437494669,0,1,1,118.99050868462842
Bageshwar,2023-10-21 02:15:00,temp,1.9,1.5142157450533245,0,1,1,118.99050868462842
Bageshwar,2023-10-22 02:15:00,temp,1.4,1.7522133833634836,0,1,1,118.99050868462842
Bageshwar,2023-10-23 02:15:00,temp,1.4,1.535260232478336,0,1,1,118.99050868462842
Bageshwar,2023-10-24 02:15:00,temp,1.9,1.4519843501011096,0,1,1,118.99050868462842
Bageshwar,2023-10-25 02:15:00,temp,1.7,1.727333357959047,0,1,1,118.99050868462842
Bageshwar,2023-10-26 02:00:00,temp,2.0,1.7105150479126503,0,1,1,118.99050868462842
Bageshwar,2023-10-27 02:15:00,temp,2.6,1.888389349790724,0,1,1,118.99050868462842
Bageshwar,2023-10-28 02:00:00,temp,3.2,2.32775360048611,0,1,1,118.99050868462842
Bageshwar,2023-10-29 02:30:00,temp,3.7,2.8754438674005423,0,1,1,118.99050868462842
Bageshwar,2023-10-30 01:45:00,temp,3.3,3.4041656223515724,0,1,1,118.99050868462842
Baghpat,2023-10-15 02:30:00,temp,24.0,25.946126256792883,2,1,2,164.21245838819678
Baghpat,2023-10-16 02:30:00,temp,26.0,24.6405657990343,2,1,2,164.21245838819678
Baghpat,2023-10-17 02:30:00,temp,19.0,26.512759426200137,2,1,2,164.21245838819678
Baghpat,2023-10-18 02:30:00,temp,21.0,20.166324653589868,2,1,2,164.21245838819678
Baghpat,2023-10-19 02:30:00,temp,21.0,22.82362010417287,2,1,2,164.21245838819678
Baghpat,2023-10-20 02:30:00,temp,21.0,22.545147832822238,2,1,2,164.21245838819678
Baghpat,2023-10-21 02:15:00,temp,20.0,22.155470082212155,2,1,2,164.21245838819678
Baghpat,2023-10-22 02:30:00,temp,21.0,20.376672897912773,2,1,2,164.21245838819678
Baghpat,2023-10-23 02:15:00,temp,21.0,21.462890850543566,2,1,2,164.21245838819678
Baghpat,2023-10-24 02:15:00,temp,22.0,21.36810708713095,2,1,2,164.21245838819678
Baghpat,2023-10-25 02:30:00,temp,21.0,21.8580485198442,2,1,2,164.21245838819678
Baghpat,2023-10-26 02:00:00,temp,22.0,20.80934244385344,2,1,2,164.21245838819678
Baghpat,2023-10-27 02:30:00,temp,21.0,21.78861410742152,2,1,2,164.21245838819678
Baghpat,2023-10-28 02:00:00,temp,20.0,20.839268943093266,2,1,2,164.21245838819678
Baghpat,2023-10-29 02:45:00,temp,20.0,20.131676267019085,2,1,2,164.21245838819678
Baghpat,2023-10-30 02:00:00,temp,22.0,20.322698066884367,2,1,2,164.21245838819678
Bahraich,2023-10-15 02:30:00,temp,22.7,23.225319554526383,2,1,2,140.15844525706237
Bahraich,2023-10-16 02:30:00,temp,23.1,23.818527796424373,2,1,2,140.15844525706237
Bahraich,2023-10-17 02:30:00,temp,21.3,23.95707246868002,2,1,2,140.15844525706237
Bahraich,2023-10-18 02:30:00,temp,20.5,22.20730732036997,2,1,2,140.15844525706237
Bahraich,2023-10-19 02:30:00,temp,19.3,21.01753105182995,2,1,2,140.15844525706237
Bahraich,2023-10-20 02:30:00,temp,18.8,19.83399884312301,2,1,2,140.15844525706237
Bahraich,2023-10-21 02:15:00,temp,18.9,19.362092669191416,2,1,2,140.15844525706237
Bahraich,2023-10-22 02:30:00,temp,20.0,19.40183852076925,2,1,2,140.15844525706237
Bahraich,2023-10-23 02:15:00,temp,19.9,20.363441873078706,2,1,2,140.15844525706237
Bahraich,2023-10-24 02:15:00,temp,20.0,19.9153520557208,2,1,2,140.15844525706237
Bahraich,2023-10-25 02:30:00,temp,21.2,19.906177184259104,2,1,2,140.15844525706237
Bahraich,2023-10-26 02:00:00,temp,20.7,21.081088982425012,2,1,2,140.15844525706237
Bahraich,2023-10-27 02:30:00,temp,20.5,20.42719101565748,2,1,2,140.15844525706237
Bahraich,2023-10-28 02:00:00,temp,20.3,20.301673149886074,2,1,2,140.15844525706237
Bahraich,2023-10-29 02:45:00,temp,20.4,20.204602717277194,2,1,2,140.15844525706237
Bahraich,2023-10-30 02:00:00,temp,20.3,20.387138550309018,2,1,2,140.15844525706237
Baksa Duar,2023-10-15 02:30:00,temp,15.3,15.4,0,1,0,96.70680806945275
Baksa Duar,2023-10-16 02:30:00,temp,14.8,15.3,0,1,0,96.70680806945275
Baksa Duar,2023-10-17 02:15:00,temp,15.5,14.8,0,1,0,96.70680806945275
Baksa Duar,2023-10-18 02:15:00,temp,15.0,15.500000000000002,0,1,0,96.70680806945275
Baksa Duar,2023-10-19 02:15:00,temp,13.8,15.0,0,1,0,96.70680806945275
Baksa Duar,2023-10-20 02:30:00,temp,14.1,13.8,0,1,0,96.70680806945275
Baksa Duar,2023-10-21 02:15:00,temp,14.2,14.1,0,1,0,96.70680806945275
Baksa Duar,2023-10-22 02:15:00,temp,14.7,14.2,0,1,0,96.70680806945275
Baksa Duar,2023-10-23 02:15:00,temp,14.5,14.7,0,1,0,96.70680806945275
Baksa Duar,2023-10-24 02:15:00,temp,15.6,14.5,0,1,0,96.70680806945275
Baksa Duar,2023-10-25 02:15:00,temp,15.2,15.6,0,1,0,96.70680806945275
Baksa Duar,2023-10-26 02:00:00,temp,14.9,15.2,0,1,0,96.70680806945275
Baksa Duar,2023-10-27 02:15:00,temp,14.3,14.9,0,1,0,96.70680806945275
Baksa Duar,2023-10-28 02:00:00,temp,13.9,14.3,0,1,0,96.70680806945275
Baksa Duar,2023-10-29 02:30:00,temp,14.8,13.9,0,1,0,96.70680806945275
Baksa Duar,2023-10-30 01:45:00,temp,15.4,14.8,0,1,0,96.70680806945275
Balaghat,2023-10-15 02:30:00,temp,23.1,21.701234209750158,1,1,1,115.16351156356168
Balaghat,2023-10-16 02:30:00,temp,22.4,22.832672338782583,1,1,1,115.16351156356168
Balaghat,2023-10-17 02:15:00,temp,21.4,22.55946469997653,1,1,1,115.16351156356168
Balaghat,2023-10-18 02:15:00,temp,22.0,21.59450068131273,1,1,1,115.16351156356168
Balaghat,2023-10-19 02:15:00,temp,20.5,22.01933444718327,1,1,1,115.16351156356168
Balaghat,2023-10-20 02:15:00,temp,20.5,20.916939538571174,1,1,1,115.16351156356168
Balaghat,2023-10-21 02:00:00,temp,19.1,20.854759389520087,1,1,1,115.16351156356168
Balaghat,2023-10-22 02:15:00,temp,18.5,19.37341034005817,1,1,1,115.16351156356168
Balaghat,2023-10-23 02:00:00,temp,17.9,18.561579353218963,1,1,1,115.16351156356168
Balaghat,2023-10-24 02:15:00,temp,17.1,17.98340788232365,1,1,1,115.16351156356168
Balaghat,2023-10-25 02:15:00,temp,17.2,17.198599642154754,1,1,1,115.16351156356168
Balaghat,2023-10-26 02:00:00,temp,17.2,17.163952190267164,1,1,1,115.16351156356168
Balaghat,2023-10-27 02:15:00,temp,16.7,17.20784627473205,1,1,1,115.16351156356168
Balaghat,2023-10-28 02:00:00,temp,17.3,16.770671826022117,1,1,1,115.16351156356168
Balaghat,2023-10-29 02:30:00,temp,17.1,17.19488432904306,1,1,1,115.16351156356168
Balaghat,2023-10-30 01:45:00,temp,18.2,17.152016949765613,1,1,1,115.16351156356168
Balangir,2023-10-15 02:30:00,temp,22.5,22.532276271021885,0,1,2,106.34062462132795
Balangir,2023-10-16 02:30:00,temp,21.3,22.75857037160366,0,1,2,106.34062462132795
Balangir,2023-10-17 02:30:00,temp,21.1,21.690741907844334,0,1,2,106.34062462132795
Balangir,2023-10-18 02:30:00,temp,21.8,21.78833833154321,0,1,2,106.34062462132795
Balangir,2023-10-19 02:30:00,temp,21.4,22.01020345636056,0,1,2,106.34062462132795
Balangir,2023-10-20 02:30:00,temp,21.2,21.508604874028727,0,1,2,106.34062462132795
Balangir,2023-10-21 02:15:00,temp,20.6,21.475981472496763,0,1,2,106.34062462132795
Balangir,2023-10-22 02:30:00,temp,19.2,20.84926561555776,0,1,2,106.34062462132795
Balangir,2023-10-23 02:15:00,temp,18.3,19.654868360613406,0,1,2,106.34062462132795
Balangir,2023-10-24 02:15:00,temp,18.4,18.791550323628236,0,1,2,106.34062462132795
Balangir,2023-10-25 02:30:00,temp,20.2,18.721069321325036,0,1,2,106.34062462132795
Balangir,2023-10-26 02:00:00,temp,19.4,20.2562520330038,0,1,2,106.34062462132795
Balangir,2023-10-27 02:15:00,temp,18.3,19.07241910088411,0,1,2,106.34062462132795
Balangir,2023-10-28 02:00:00,temp,17.9,18.623362111456174,0,1,2,106.34062462132795
Balangir,2023-10-29 02:45:00,temp,17.6,18.168835538137536,0,1,2,106.34062462132795
Balangir,2023-10-30 02:00:00,temp,18.0,17.83293110930997,0,1,2,106.34062462132795
Baleshwar,2023-10-15 02:30:00,temp,23.2,24.796750874784927,0,1,1,80.81860543081773
Baleshwar,2023-10-16 02:30:00,temp,22.7,23.615590950411246,0,1,1,80.81860543081773
Baleshwar,2023-10-17 02:30:00,temp,23.5,22.83263241919061,0,1,1,80.81860543081773
Baleshwar,2023-10-18 02:30:00,temp,23.6,23.365809730031955,0,1,1,80.81860543081773
Baleshwar,2023-10-19 02:30:00,temp,23.7,23.550818409853264,0,1,1,80.81860543081773
Baleshwar,2023-10-20 02:30:00,temp,22.8,23.669026121121068,0,1,1,80.81860543081773
Baleshwar,2023-10-21 02:15:00,temp,21.8,22.991545249071315,0,1,1,80.81860543081773
Baleshwar,2023-10-22 02:30:00,temp,20.9,21.976976865084755,0,1,1,80.81860543081773
Baleshwar,2023-10-23 02:15:00,temp,22.4,20.980979837081684,0,1,1,80.81860543081773
Baleshwar,2023-10-24 02:15:00,temp,21.9,22.17065844238244,0,1,1,80.81860543081773
Baleshwar,2023-10-25 02:15:00,temp,23.1,21.948624301730277,0,1,1,80.81860543081773
Baleshwar,2023-10-26 02:00:00,temp,23.0,22.87600908288113,0,1,1,80.81860543081773
Baleshwar,2023-10-27 02:15:00,temp,23.6,22.97808734131594,0,1,1,80.81860543081773
Baleshwar,2023-10-28 02:00:00,temp,24.7,23.489127142343666,0,1,1,80.81860543081773
Baleshwar,2023-10-29 02:45:00,temp,21.6,24.526413592770517,0,1,1,80.81860543081773
Baleshwar,2023-10-30 02:00:00,temp,20.9,22.434534433617653,0,1,1,80.81860543081773
Ballia,2023-10-15 02:30:00,temp,22.8,23.277575398448505,1,1,1,163.0880780802841
Ballia,2023-10-16 02:30:00,temp,23.5,23.26204283945873,1,1,1,163.0880780802841
Ballia,2023-10-17 02:30:00,temp,23.1,23.740329588780607,1,1,1,163.0880780802841
Ballia,2023-10-18 02:30:00,temp,22.2,23.39375243077976,1,1,1,163.0880780802841
Ballia,2023-10-19 02:30:00,temp,21.1,22.64264850540042,1,1,1,163.0880780802841
Ballia,2023-10-20 02:30:00,temp,21.1,21.67634644048158,1,1,1,163.0880780802841
Ballia,2023-10-21 02:15:00,temp,20.7,21.563152138724938,1,1,1,163.0880780802841
Ballia,2023-10-22 02:30:00,temp,21.0,21.139185261998566,1,1,1,163.0880780802841
Ballia,2023-10-23 02:15:00,temp,20.4,21.304189613046926,1,1,1,163.0880780802841
Ballia,2023-10-24 02:15:00,temp,20.9,20.74484164930837,1,1,1,163.0880780802841
Ballia,2023-10-25 02:30:00,temp,21.9,21.094157487139054,1,1,1,163.0880780802841
Ballia,2023-10-26 02:00:00,temp,20.8,21.883335343164322,1,1,1,163.0880780802841
Ballia,2023-10-27 02:30:00,temp,21.1,20.987726189711147,1,1,1,163.0880780802841
Ballia,2023-10-28 02:00:00,temp,21.3,21.19640076910092,1,1,1,163.0880780802841
Ballia,2023-10-29 02:45:00,temp,21.3,21.34060894079764,1,1,1,163.0880780802841
Ballia,2023-10-30 02:00:00,temp,21.0,21.3334523861726,1,1,1,163.0880780802841
Balod,2023-10-15 02:30:00,temp,22.1,22.00909766369719,2,1,1,99.80909795035416
Balod,2023-10-16 02:30:00,temp,21.9,22.086382346416197,2,1,1,99.80909795035416
Balod,2023-10-17 02:30:00,temp,20.9,21.8989004817309,2,1,1,99.80909795035416
Balod,2023-10-18 02:30:00,temp,21.6,20.81959573489898,2,1,1,99.80909795035416
Balod,2023-10-19 02:15:00,temp,20.8,22.052941820403728,2,1,1,99.80909795035416
Balod,2023-10-20 02:30:00,temp,20.8,20.824943006981954,2,1,1,99.80909795035416
Balod,2023-10-21 02:15:00,temp,19.7,21.10447627666608,2,1,1,99.80909795035416
Balod,2023-10-22 02:15:00,temp,18.0,19.806399534176123,2,1,1,99.80909795035416
Balod,2023-10-23 02:15:00,temp,17.2,18.0364789459903,2,1,1,99.80909795035416
Balod,2023-10-24 02:15:00,temp,17.0,17.544010266758374,2,1,1,99.80909795035416
Balod,2023-10-25 02:15:00,temp,17.6,17.42872995864905,2,1,1,99.80909795035416
Balod,2023-10-26 02:00:00,temp,17.9,18.196259185121722,2,1,1,99.80909795035416
Balod,2023-10-27 02:15:00,temp,17.1,18.211161806111875,2,1,1,99.80909795035416
Balod,2023-10-28 02:00:00,temp,17.6,16.8884349266635,2,1,1,99.80909795035416
Balod,2023-10-29 02:30:00,temp,17.3,17.894882961566424,2,1,1,99.80909795035416
Balod,2023-10-30 01:45:00,temp,17.9,17.26745418373746,2,1,1,99.80909795035416
Baloda Bazar,2023-10-15 02:30:00,temp,22.3,24.487105746099335,2,1,2,130.75279255853982
Baloda Bazar,2023-10-16 02:30:00,temp,22.4,22.710417183099143,2,1,2,130.75279255853982
Baloda Bazar,2023-10-17 02:30:00,temp,22.2,22.96741563698961,2,1,2,130.75279255853982
Baloda Bazar,2023-10-18 02:30:00,temp,21.4,22.596179380633284,2,1,2,130.75279255853982
Baloda Bazar,2023-10-19 02:15:00,temp,21.4,21.993033391935732,2,1,2,130.75279255853982
Baloda Bazar,2023-10-20 02:30:00,temp,21.6,21.9928468007915,2,1,2,130.75279255853982
Baloda Bazar,2023-10-21 02:15:00,temp,19.4,22.026292863494916,2,1,2,130.75279255853982
Baloda Bazar,2023-10-22 02:15:00,temp,19.0,20.017601612470187,2,1,2,130.75279255853982
Baloda Bazar,2023-10-23 02:15:00,temp,17.5,19.274909057115238,2,1,2,130.75279255853982
Baloda Bazar,2023-10-24 02:15:00,temp,17.8,16.828474465787732,2,1,2,130.75279255853982
Baloda Bazar,2023-10-25 02:15:00,temp,18.7,18.289229528808235,2,1,2,130.75279255853982
Baloda Bazar,2023-10-26 02:00:00,temp,18.6,18.88137419716366,2,1,2,130.75279255853982
Baloda Bazar,2023-10-27 02:15:00,temp,18.4,17.947041345440883,2,1,2,130.75279255853982
Baloda Bazar,2023-10-28 02:00:00,temp,18.2,18.775626282273482,2,1,2,130.75279255853982
Baloda Bazar,2023-10-29 02:30:00,temp,18.4,18.553709591069,2,1,2,130.75279255853982
Baloda Bazar,2023-10-30 01:45:00,temp,19.0,17.800086419387327,2,1,2,130.75279255853982
Balrampur,2023-10-15 02:30:00,temp,22.1,21.5,0,1,0,135.17116440960845
Balrampur,2023-10-16 02:30:00,temp,22.5,22.1,0,1,0,135.17116440960845
Balrampur,2023-10-17 02:30:00,temp,20.5,22.5,0,1,0,135.17116440960845
Balrampur,2023-10-18 02:30:00,temp,20.3,20.5,0,1,0,135.17116440960845
Balrampur,2023-10-19 02:15:00,temp,19.1,20.3,0,1,0,135.17116440960845
Balrampur,2023-10-20 02:30:00,temp,18.9,19.1,0,1,0,135.17116440960845
Balrampur,2023-10-21 02:15:00,temp,18.7,18.9,0,1,0,135.17116440960845
Balrampur,2023-10-22 02:15:00,temp,19.8,18.7,0,1,0,135.17116440960845
Balrampur,2023-10-23 02:15:00,temp,20.1,19.8,0,1,0,135.17116440960845
Balrampur,2023-10-24 02:15:00,temp,20.6,20.1,0,1,0,135.17116440960845
Balrampur,2023-10-25 02:15:00,temp,21.2,20.6,0,1,0,135.17116440960845
Balrampur,2023-10-26 02:00:00,temp,20.6,21.2,0,1,0,135.17116440960845
Balrampur,2023-10-27 02:15:00,temp,20.3,20.6,0,1,0,135.17116440960845
Balrampur,2023-10-28 02:00:00,temp,20.2,20.3,0,1,0,135.17116440960845
Balrampur,2023-10-29 02:30:00,temp,20.6,20.2,0,1,0,135.17116440960845
Balrampur,2023-10-30 01:45:00,temp,20.4,20.6,0,1,0,135.17116440960845
Banda,2023-10-15 02:30:00,temp,26.1,25.92962557799501,1,1,1,154.1678002893892
Banda,2023-10-16 02:30:00,temp,26.3,26.30116578722991,1,1,1,154.1678002893892
Banda,2023-10-17 02:30:00,temp,21.2,26.445761019454938,1,1,1,154.1678002893892
Banda,2023-10-18 02:30:00,temp,23.3,22.476839837728903,1,1,1,154.1678002893892
Banda,2023-10-19 02:30:00,temp,23.5,24.018779278360455,1,1,1,154.1678002893892
Banda,2023-10-20 02:30:00,temp,22.6,24.070601522630383,1,1,1,154.1678002893892
Banda,2023-10-21 02:15:00,temp,22.1,23.270131866253855,1,1,1,154.1678002893892
Banda,2023-10-22 02:30:00,temp,21.5,22.74581121614989,1,1,1,154.1678002893892
Banda,2023-10-23 02:15:00,temp,21.4,22.124171769001414,1,1,1,154.1678002893892
Banda,2023-10-24 02:15:00,temp,21.6,21.915379891936126,1,1,1,154.1678002893892
Banda,2023-10-25 02:30:00,temp,21.8,21.98225281436139,1,1,1,154.1678002893892
Banda,2023-10-26 02:00:00,temp,22.1,22.07607823472818,1,1,1,154.1678002893892
Banda,2023-10-27 02:30:00,temp,21.6,22.273820291350567,1,1,1,154.1678002893892
Banda,2023-10-28 02:00:00,temp,21.6,21.830445405778494,1,1,1,154.1678002893892
Banda,2023-10-29 02:45:00,temp,22.2,21.78805347783653,1,1,1,154.1678002893892
Banda,2023-10-30 02:00:00,temp,22.3,22.242058884026527,1,1,1,154.1678002893892
Bangalore,2023-10-15 02:30:00,temp,23.0,22.0,0,1,0,177.54107698475434
Bangalore,2023-10-16 02:30:00,temp,24.0,23.0,0,1,0,177.54107698475434
Bangalore,2023-10-17 02:15:00,temp,23.0,24.0,0,1,0,177.54107698475434
Bangalore,2023-10-17 02:30:00,temp,23.0,23.0,0,1,0,177.54107698475434
Bangalore,2023-10-18 02:30:00,temp,22.0,23.0,0,1,0,177.54107698475434
Bangalore,2023-10-19 02:15:00,temp,22.0,22.0,0,1,0,177.54107698475434
Bangalore,2023-10-20 02:30:00,temp,23.0,22.0,0,1,0,177.54107698475434
Bangalore,2023-10-21 02:15:00,temp,23.0,23.0,0,1,0,177.54107698475434
Bangalore,2023-10-22 02:15:00,temp,23.0,23.0,0,1,0,177.54107698475434
Bangalore,2023-10-23 02:15:00,temp,22.0,23.0,0,1,0,177.54107698475434
Bangalore,2023-10-24 02:15:00,temp,19.0,22.0,0,1,0,177.54107698475434
Bangalore,2023-10-25 02:15:00,temp,20.0,19.0,0,1,0,177.54107698475434
Bangalore,2023-10-26 02:00:00,temp,22.0,20.0,0,1,0,177.54107698475434
Bangalore,2023-10-27 02:15:00,temp,22.0,22.0,0,1,0,177.54107698475434
Bangalore,2023-10-28 02:00:00,temp,22.0,22.0,0,1,0,177.54107698475434
Bangalore,2023-10-29 02:45:00,temp,23.0,22.0,0,1,0,177.54107698475434
Bangalore,2023-10-30 01:45:00,temp,22.0,23.0,0,1,0,177.54107698475434
Banka,2023-10-15 02:30:00,temp,22.0,23.3,0,1,0,135.94268203134482
Banka,2023-10-16 02:30:00,temp,23.6,22.0,0,1,0,135.94268203134482
Banka,2023-10-17 02:15:00,temp,23.5,23.6,0,1,0,135.94268203134482
Banka,2023-10-18 02:30:00,temp,23.1,23.5,0,1,0,135.94268203134482
Banka,2023-10-19 02:15:00,temp,21.6,23.1,0,1,0,135.94268203134482
Banka,2023-10-20 02:30:00,temp,21.0,21.6,0,1,0,135.94268203134482
Banka,2023-10-21 02:15:00,temp,20.2,21.0,0,1,0,135.94268203134482
Banka,2023-10-22 02:15:00,temp,19.8,20.199999999999996,0,1,0,135.94268203134482
Banka,2023-10-23 02:00:00,temp,20.3,19.8,0,1,0,135.94268203134482
Banka,2023-10-24 02:15:00,temp,21.8,20.3,0,1,0,135.94268203134482
Banka,2023-10-25 02:15:00,temp,22.0,21.8,0,1,0,135.94268203134482
Banka,2023-10-26 02:00:00,temp,21.2,22.0,0,1,0,135.94268203134482
Banka,2023-10-27 02:15:00,temp,20.6,21.2,0,1,0,135.94268203134482
Banka,2023-10-28 02:00:00,temp,20.5,20.6,0,1,0,135.94268203134482
Banka,2023-10-29 02:30:00,temp,20.7,20.5,0,1,0,135.94268203134482
Banka,2023-10-30 01:45:00,temp,21.2,20.7,0,1,0,135.94268203134482
Bankura,2023-10-15 02:30:00,temp,22.1,23.6,0,1,0,112.89585743195765
Bankura,2023-10-16 02:30:00,temp,22.6,22.1,0,1,0,112.89585743195765
Bankura,2023-10-17 02:30:00,temp,23.4,22.6,0,1,0,112.89585743195765
Bankura,2023-10-18 02:30:00,temp,23.4,23.4,0,1,0,112.89585743195765
Bankura,2023-10-19 02:15:00,temp,23.1,23.4,0,1,0,112.89585743195765
Bankura,2023-10-20 02:30:00,temp,22.2,23.1,0,1,0,112.89585743195765
Bankura,2023-10-21 02:15:00,temp,21.4,22.2,0,1,0,112.89585743195765
Bankura,2023-10-22 02:15:00,temp,20.5,21.4,0,1,0,112.89585743195765
Bankura,2023-10-23 02:15:00,temp,21.1,20.5,0,1,0,112.89585743195765
Bankura,2023-10-24 02:15:00,temp,22.5,21.1,0,1,0,112.89585743195765
Bankura,2023-10-25 02:15:00,temp,22.6,22.5,0,1,0,112.89585743195765
Bankura,2023-10-26 02:00:00,temp,24.2,22.6,0,1,0,112.89585743195765
Bankura,2023-10-27 02:15:00,temp,22.1,24.2,0,1,0,112.89585743195765
Bankura,2023-10-28 02:00:00,temp,21.7,22.1,0,1,0,112.89585743195765
Bankura,2023-10-29 02:45:00,temp,21.0,21.7,0,1,0,112.89585743195765
Bankura,2023-10-30 02:00:00,temp,20.5,21.0,0,1,0,112.89585743195765
Banswara,2023-10-15 02:30:00,temp,24.6,24.154945946071493,0,0,2,99.16694503235898
Banswara,2023-10-16 02:30:00,temp,23.2,23.837389570760372,0,0,2,99.16694503235898
Banswara,2023-10-17 02:30:00,temp,23.3,22.68299079212648,0,0,2,99.16694503235898
Banswara,2023-10-18 02:30:00,temp,22.1,22.919745276237126,0,0,2,99.16694503235898
Banswara,2023-10-19 02:30:00,temp,23.0,22.686949992134156,0,0,2,99.16694503235898
Banswara,2023-10-20 02:30:00,temp,22.5,22.600893287281774,0,0,2,99.16694503235898
Banswara,2023-10-21 02:30:00,temp,23.5,22.968196383762507,0,0,2,99.16694503235898
Banswara,2023-10-22 02:30:00,temp,23.0,23.164108737529528,0,0,2,99.16694503235898
Banswara,2023-10-23 02:15:00,temp,22.7,23.084926505881967,0,0,2,99.16694503235898
Banswara,2023-10-24 02:15:00,temp,23.2,22.516408520886912,0,0,2,99.16694503235898
Banswara,2023-10-25 02:30:00,temp,21.5,23.089477510225315,0,0,2,99.16694503235898
Banswara,2023-10-26 02:00:00,temp,21.2,22.308850130106485,0,0,2,99.16694503235898
Banswara,2023-10-27 02:30:00,temp,20.8,21.25628518867193,0,0,2,99.16694503235898
Banswara,2023-10-28 02:00:00,temp,20.4,21.934066297004392,0,0,2,99.16694503235898
Banswara,2023-10-29 02:45:00,temp,21.3,21.554400474357877,0,0,2,99.16694503235898
Banswara,2023-10-30 02:00:00,temp,21.3,21.68588759126184,0,0,2,99.16694503235898
Bara Banki,2023-10-15 02:30:00,temp,23.0,23.44966578081426,1,1,1,136.27653186421773
Bara Banki,2023-10-16 02:30:00,temp,23.0,23.354328477337052,1,1,1,136.27653186421773
Bara Banki,2023-10-17 02:30:00,temp,20.0,23.27961267585379,1,1,1,136.27653186421773
Bara Banki,2023-10-18 02:30:00,temp,20.0,20.754884717446615,1,1,1,136.27653186421773
Bara Banki,2023-10-19 02:30:00,temp,21.0,20.474580275288858,1,1,1,136.27653186421773
Bara Banki,2023-10-20 02:30:00,temp,19.0,21.197295063745877,1,1,1,136.27653186421773
Bara Banki,2023-10-21 02:15:00,temp,18.0,19.440628537191234,1,1,1,136.27653186421773
Bara Banki,2023-10-22 02:30:00,temp,18.0,18.375362832091554,1,1,1,136.27653186421773
Bara Banki,2023-10-23 02:15:00,temp,20.0,18.20797500451994,1,1,1,136.27653186421773
Bara Banki,2023-10-24 02:15:00,temp,19.0,19.855033304382182,1,1,1,136.27653186421773
Bara Banki,2023-10-25 02:30:00,temp,19.0,19.063642048264583,1,1,1,136.27653186421773
Bara Banki,2023-10-26 02:00:00,temp,22.0,19.039935656505182,1,1,1,136.27653186421773
Bara Banki,2023-10-27 02:30:00,temp,19.0,21.470965054589602,1,1,1,136.27653186421773
Bara Banki,2023-10-28 02:00:00,temp,19.0,19.341254398144002,1,1,1,136.27653186421773
Bara Banki,2023-10-29 02:45:00,temp,22.1,19.201942328854848,1,1,1,136.27653186421773
Bara Banki,2023-10-30 02:00:00,temp,19.0,21.327635537711416,1,1,1,136.27653186421773
Baramula,2023-10-15 02:30:00,temp,6.1,8.5,0,1,0,130.29914869584502
Baramula,2023-10-16 02:30:00,temp,5.9,6.1,0,1,0,130.29914869584502
Baramula,2023-10-17 02:15:00,temp,7.9,5.9,0,1,0,130.29914869584502
Baramula,2023-10-18 02:15:00,temp,1.8,7.9,0,1,0,130.29914869584502
Baramula,2023-10-19 02:15:00,temp,3.4,1.799999999999999,0,1,0,130.29914869584502
Baramula,2023-10-20 02:15:00,temp,4.1,3.4000000000000004,0,1,0,130.29914869584502
Baramula,2023-10-21 02:15:00,temp,4.8,4.1,0,1,0,130.29914869584502
Baramula,2023-10-22 02:15:00,temp,5.6,4.8,0,1,0,130.29914869584502
Baramula,2023-10-23 02:00:00,temp,3.1,5.6,0,1,0,130.29914869584502
Baramula,2023-10-24 02:15:00,temp,4.1,3.0999999999999996,0,1,0,130.29914869584502
Baramula,2023-10-25 02:15:00,temp,3.7,4.1,0,1,0,130.29914869584502
Baramula,2023-10-26 02:00:00,temp,4.4,3.7000000000000006,0,1,0,130.29914869584502
Baramula,2023-10-27 02:15:00,temp,4.7,4.4,0,1,0,130.29914869584502
Baramula,2023-10-28 02:00:00,temp,5.1,4.7,0,1,0,130.29914869584502
Baramula,2023-10-29 02:30:00,temp,5.3,5.1,0,1,0,130.29914869584502
Baramula,2023-10-30 01:45:00,temp,6.2,5.3,0,1,0,130.29914869584502
Baran,2023-10-15 02:30:00,temp,26.9,25.826898611511872,2,0,2,133.44683960505844
Baran,2023-10-16 02:30:00,temp,26.4,26.649253630923575,2,0,2,133.44683960505844
Baran,2023-10-17 02:30:00,temp,20.8,25.941460216428034,2,0,2,133.44683960505844
Baran,2023-10-18 02:30:00,temp,24.0,21.303168295079054,2,0,2,133.44683960505844
Baran,2023-10-19 02:30:00,temp,22.9,23.087297848942313,2,0,2,133.44683960505844
Baran,2023-10-20 02:30:00,temp,22.4,25.76071170813359,2,0,2,133.44683960505844
Baran,2023-10-21 02:30:00,temp,22.8,24.860921090397042,2,0,2,133.44683960505844
Baran,2023-10-22 02:30:00,temp,23.2,23.54481348652579,2,0,2,133.44683960505844
Baran,2023-10-23 02:15:00,temp,22.9,23.981072543271363,2,0,2,133.44683960505844
Baran,2023-10-24 02:15:00,temp,22.7,24.099528976512413,2,0,2,133.44683960505844
Baran,2023-10-25 02:30:00,temp,21.8,23.667258178320104,2,0,2,133.44683960505844
Baran,2023-10-26 02:00:00,temp,22.2,22.915397610892395,2,0,2,133.44683960505844
Baran,2023-10-27 02:30:00,temp,21.8,23.0648977213975,2,0,2,133.44683960505844
Baran,2023-10-28 02:00:00,temp,21.4,22.972796963906184,2,0,2,133.44683960505844
Baran,2023-10-29 02:45:00,temp,22.5,22.422719843693628,2,0,2,133.44683960505844
Baran,2023-10-30 02:00:00,temp,22.9,23.079448592034588,2,0,2,133.44683960505844
Barddhaman,2023-10-13 02:45:00,temp,24.3,24.3,0,1,0,156.84109822127144
Barddhaman,2023-10-14 02:30:00,temp,24.3,24.3,0,1,0,156.84109822127144
Barddhaman,2023-10-15 02:30:00,temp,22.2,24.3,0,1,0,156.84109822127144
Barddhaman,2023-10-16 02:30:00,temp,22.3,22.2,0,1,0,156.84109822127144
Barddhaman,2023-10-17 02:30:00,temp,22.6,22.3,0,1,0,156.84109822127144
Barddhaman,2023-10-18 02:30:00,temp,23.0,22.6,0,1,0,156.84109822127144
Barddhaman,2023-10-19 02:15:00,temp,22.6,23.0,0,1,0,156.84109822127144
Barddhaman,2023-10-19 02:30:00,temp,22.6,22.6,0,1,0,156.84109822127144
Barddhaman,2023-10-20 02:30:00,temp,21.6,22.6,0,1,0,156.84109822127144
Barddhaman,2023-10-21 02:15:00,temp,20.8,21.6,0,1,0,156.84109822127144
Barddhaman,2023-10-21 02:30:00,temp,20.8,20.8,0,1,0,156.84109822127144
Barddhaman,2023-10-22 02:15:00,temp,20.6,20.8,0,1,0,156.84109822127144
Barddhaman,2023-10-22 02:30:00,temp,20.6,20.6,0,1,0,156.84109822127144
Barddhaman,2023-10-23 02:15:00,temp,21.6,20.6,0,1,0,156.84109822127144
Barddhaman,2023-10-24 02:15:00,temp,22.2,21.6,0,1,0,156.84109822127144
Barddhaman,2023-10-25 02:15:00,temp,22.4,22.2,0,1,0,156.84109822127144
Barddhaman,2023-10-25 02:30:00,temp,22.4,22.4,0,1,0,156.84109822127144
Barddhaman,2023-10-26 02:00:00,temp,25.2,22.4,0,1,0,156.84109822127144
Barddhaman,2023-10-27 02:15:00,temp,22.3,25.2,0,1,0,156.84109822127144
Barddhaman,2023-10-27 02:30:00,temp,22.3,22.3,0,1,0,156.84109822127144
Barddhaman,2023-10-28 02:00:00,temp,23.4,22.3,0,1,0,156.84109822127144
Barddhaman,2023-10-29 02:45:00,temp,20.4,23.4,0,1,0,156.84109822127144
Barddhaman,2023-10-30 02:00:00,temp,21.0,20.4,0,1,0,156.84109822127144
Bareilly,2023-10-15 02:30:00,temp,22.8,23.05841751726286,2,1,1,129.13517494928178
Bareilly,2023-10-16 02:30:00,temp,22.7,23.612280401113814,2,1,1,129.13517494928178
Bareilly,2023-10-17 02:30:00,temp,19.5,22.87896941787508,2,1,1,129.13517494928178
Bareilly,2023-10-18 02:30:00,temp,19.9,19.0464791419832,2,1,1,129.13517494928178
Bareilly,2023-10-19 02:30:00,temp,19.3,21.246833213716023,2,1,1,129.13517494928178
Bareilly,2023-10-20 02:30:00,temp,18.9,19.895165707834632,2,1,1,129.13517494928178
Bareilly,2023-10-21 02:15:00,temp,19.4,19.43990141620461,2,1,1,129.13517494928178
Bareilly,2023-10-22 02:30:00,temp,19.2,20.016914117200024,2,1,1,129.13517494928178
Bareilly,2023-10-23 02:15:00,temp,20.1,19.362863095666558,2,1,1,129.13517494928178
Bareilly,2023-10-24 02:15:00,temp,19.8,20.452257121942342,2,1,1,129.13517494928178
Bareilly,2023-10-25 02:30:00,temp,20.5,19.644521133445714,2,1,1,129.13517494928178
Bareilly,2023-10-26 02:00:00,temp,20.5,20.61167400993398,2,1,1,129.13517494928178
Bareilly,2023-10-27 02:30:00,temp,20.4,20.317775510904866,2,1,1,129.13517494928178
Bareilly,2023-10-28 02:00:00,temp,19.8,20.25616760202253,2,1,1,129.13517494928178
Bareilly,2023-10-29 02:45:00,temp,20.3,19.9764516455397,2,1,1,129.13517494928178
Bareilly,2023-10-30 02:00:00,temp,20.1,20.481837069198143,2,1,1,129.13517494928178
Bargarh,2023-10-15 02:30:00,temp,22.8,23.596585263606148,1,1,1,101.15683149989998
Bargarh,2023-10-16 02:30:00,temp,22.2,22.979790127906966,1,1,1,101.15683149989998
Bargarh,2023-10-17 02:30:00,temp,22.7,22.486685937999273,1,1,1,101.15683149989998
Bargarh,2023-10-18 02:30:00,temp,22.5,22.849926781642363,1,1,1,101.15683149989998
Bargarh,2023-10-19 02:30:00,temp,22.2,22.675641239806776,1,1,1,101.15683149989998
Bargarh,2023-10-20 02:30:00,temp,22.0,22.415396640630743,1,1,1,101.15683149989998
Bargarh,2023-10-21 02:15:00,temp,21.2,22.2244037622962,1,1,1,101.15683149989998
Bargarh,2023-10-22 02:30:00,temp,19.6,21.521072238208234,1,1,1,101.15683149989998
Bargarh,2023-10-23 02:15:00,temp,19.4,19.487608303959068,1,1,1,101.15683149989998
Bargarh,2023-10-24 02:15:00,temp,19.7,19.63787957699501,1,1,1,101.15683149989998
Bargarh,2023-10-25 02:15:00,temp,20.5,19.693813547514182,1,1,1,101.15683149989998
Bargarh,2023-10-26 02:00:00,temp,19.5,20.598778309483496,1,1,1,101.15683149989998
Bargarh,2023-10-27 02:15:00,temp,18.7,19.37395441596141,1,1,1,101.15683149989998
Bargarh,2023-10-28 02:00:00,temp,19.2,18.76793076377171,1,1,1,101.15683149989998
Bargarh,2023-10-29 02:45:00,temp,19.4,19.161959059468096,1,1,1,101.15683149989998
Bargarh,2023-10-30 02:00:00,temp,19.5,19.44986235922128,1,1,1,101.15683149989998
Barmer,2023-10-15 02:30:00,temp,27.6,28.159410922975955,1,1,1,172.32319376131525
Barmer,2023-10-16 02:30:00,temp,26.7,27.662826060245262,1,1,1,172.32319376131525
Barmer,2023-10-17 02:30:00,temp,26.8,27.15911164110214,1,1,1,172.32319376131525
Barmer,2023-10-18 02:30:00,temp,27.0,27.203411849531726,1,1,1,172.32319376131525
Barmer,2023-10-19 02:30:00,temp,26.7,27.306694777068273,1,1,1,172.32319376131525
Barmer,2023-10-20 02:30:00,temp,28.1,27.129625352154914,1,1,1,172.32319376131525
Barmer,2023-10-21 02:15:00,temp,28.3,27.90676932020644,1,1,1,172.32319376131525
Barmer,2023-10-22 02:30:00,temp,28.5,28.02173442108549,1,1,1,172.32319376131525
Barmer,2023-10-23 02:15:00,temp,28.7,28.139014027798698,1,1,1,172.32319376131525
Barmer,2023-10-24 02:15:00,temp,27.9,28.259196656341224,1,1,1,172.32319376131525
Barmer,2023-10-25 02:30:00,temp,27.9,27.81941550125023,1,1,1,172.32319376131525
Barmer,2023-10-26 02:00:00,temp,27.1,27.820762777099315,1,1,1,172.32319376131525
Barmer,2023-10-27 02:15:00,temp,27.1,27.37823987381608,1,1,1,172.32319376131525
Barmer,2023-10-28 02:00:00,temp,28.4,27.37295820561122,1,1,1,172.32319376131525
Barmer,2023-10-29 02:45:00,temp,26.8,28.08711373766336,1,1,1,172.32319376131525
Barmer,2023-10-30 02:00:00,temp,27.5,27.217580738533588,1,1,1,172.32319376131525
Barnala,2023-10-15 02:30:00,temp,24.0,23.6231034798031,2,1,1,177.45273611286558
Barnala,2023-10-16 02:30:00,temp,22.3,24.17696821829657,2,1,1,177.45273611286558
Barnala,2023-10-17 02:30:00,temp,18.6,22.65456736118314,2,1,1,177.45273611286558
Barnala,2023-10-18 02:30:00,temp,19.7,19.918143936254044,2,1,1,177.45273611286558
Barnala,2023-10-19 02:15:00,temp,19.4,21.6806375783094,2,1,1,177.45273611286558
Barnala,2023-10-20 02:30:00,temp,20.6,20.6131374065445,2,1,1,177.45273611286558
Barnala,2023-10-21 02:15:00,temp,20.3,21.514847382961285,2,1,1,177.45273611286558
Barnala,2023-10-22 02:15:00,temp,21.8,20.795135072044502,2,1,1,177.45273611286558
Barnala,2023-10-23 02:15:00,temp,21.3,22.092818596365426,2,1,1,177.45273611286558
Barnala,2023-10-24 02:15:00,temp,21.3,21.29270735286032,2,1,1,177.45273611286558
Barnala,2023-10-25 02:15:00,temp,21.4,21.396695236065483,2,1,1,177.45273611286558
Barnala,2023-10-26 02:00:00,temp,20.9,21.465748022613365,2,1,1,177.45273611286558
Barnala,2023-10-27 02:15:00,temp,20.5,21.01101499067541,2,1,1,177.45273611286558
Barnala,2023-10-28 02:00:00,temp,22.1,20.75819240106738,2,1,1,177.45273611286558
Barnala,2023-10-29 02:45:00,temp,22.3,22.13705433231938,2,1,1,177.45273611286558
Barnala,2023-10-30 02:00:00,temp,21.9,21.96993119806715,2,1,1,177.45273611286558
Barpeta,2023-10-15 02:30:00,temp,21.9,22.7,0,1,0,109.73537897115338
Barpeta,2023-10-16 02:30:00,temp,21.8,21.9,0,1,0,109.73537897115338
Barpeta,2023-10-17 02:15:00,temp,21.7,21.8,0,1,0,109.73537897115338
Barpeta,2023-10-18 02:30:00,temp,21.8,21.7,0,1,0,109.73537897115338
Barpeta,2023-10-19 02:15:00,temp,21.6,21.8,0,1,0,109.73537897115338
Barpeta,2023-10-20 02:30:00,temp,21.2,21.6,0,1,0,109.73537897115338
Barpeta,2023-10-21 02:15:00,temp,20.7,21.2,0,1,0,109.73537897115338
Barpeta,2023-10-22 02:15:00,temp,20.3,20.7,0,1,0,109.73537897115338
Barpeta,2023-10-23 02:15:00,temp,20.0,20.3,0,1,0,109.73537897115338
Barpeta,2023-10-24 02:15:00,temp,21.0,20.0,0,1,0,109.73537897115338
Barpeta,2023-10-25 02:15:00,temp,20.2,21.0,0,1,0,109.73537897115338
Barpeta,2023-10-26 02:00:00,temp,20.8,20.2,0,1,0,109.73537897115338
Barpeta,2023-10-27 02:15:00,temp,21.2,20.8,0,1,0,109.73537897115338
Barpeta,2023-10-28 02:00:00,temp,20.5,21.2,0,1,0,109.73537897115338
Barpeta,2023-10-29 02:30:00,temp,20.4,20.5,0,1,0,109.73537897115338
Barpeta,2023-10-30 01:45:00,temp,21.0,20.4,0,1,0,109.73537897115338
Barwani,2023-10-15 02:30:00,temp,26.3,26.051326383963293,0,0,2,101.2540345080524
Barwani,2023-10-16 02:30:00,temp,25.1,24.832030332572398,0,0,2,101.2540345080524
Barwani,2023-10-17 02:15:00,temp,24.2,23.85300219236923,0,0,2,101.2540345080524
Barwani,2023-10-18 02:15:00,temp,24.1,23.97116874829232,0,0,2,101.2540345080524
Barwani,2023-10-19 02:15:00,temp,24.1,23.853878840444388,0,0,2,101.2540345080524
Barwani,2023-10-20 02:15:00,temp,24.5,23.824952703292993,0,0,2,101.2540345080524
Barwani,2023-10-21 02:00:00,temp,24.6,24.314006876354657,0,0,2,101.2540345080524
Barwani,2023-10-22 02:15:00,temp,25.6,24.302672449289744,0,0,2,101.2540345080524
Barwani,2023-10-23 02:00:00,temp,24.9,24.91657242654911,0,0,2,101.2540345080524
Barwani,2023-10-24 02:15:00,temp,24.4,24.582732989947687,0,0,2,101.2540345080524
Barwani,2023-10-25 02:15:00,temp,23.7,23.469374158565138,0,0,2,101.2540345080524
Barwani,2023-10-26 02:00:00,temp,22.2,23.704943257593474,0,0,2,101.2540345080524
Barwani,2023-10-27 02:15:00,temp,22.1,22.603043629049928,0,0,2,101.2540345080524
Barwani,2023-10-28 02:00:00,temp,21.9,22.050258601062875,0,0,2,101.2540345080524
Barwani,2023-10-29 02:30:00,temp,21.9,23.046506354387912,0,0,2,101.2540345080524
Barwani,2023-10-30 01:45:00,temp,22.4,22.49447337654807,0,0,2,101.2540345080524
Bastar,2023-10-15 02:30:00,temp,20.2,19.316268173914498,0,1,2,102.16373178247783
Bastar,2023-10-16 02:30:00,temp,19.3,20.556458054580116,0,1,2,102.16373178247783
Bastar,2023-10-17 02:30:00,temp,18.8,19.2716945614354,0,1,2,102.16373178247783
Bastar,2023-10-18 02:30:00,temp,18.4,19.30537369497868,0,1,2,102.16373178247783
Bastar,2023-10-19 02:15:00,temp,19.2,18.67687506031643,0,1,2,102.16373178247783
Bastar,2023-10-20 02:30:00,temp,18.5,19.3973453686087,0,1,2,102.16373178247783
Bastar,2023-10-21 02:15:00,temp,18.2,18.513980392165152,0,1,2,102.16373178247783
Bastar,2023-10-22 02:15:00,temp,16.5,18.503864485209096,0,1,2,102.16373178247783
Bastar,2023-10-23 02:15:00,temp,15.7,16.859925053776372,0,1,2,102.16373178247783
Bastar,2023-10-24 02:15:00,temp,16.4,16.18689466421187,0,1,2,102.16373178247783
Bastar,2023-10-25 02:15:00,temp,17.8,16.61800222672705,0,1,2,102.16373178247783
Bastar,2023-10-26 02:00:00,temp,17.6,17.666999620429205,0,1,2,102.16373178247783
Bastar,2023-10-27 02:15:00,temp,16.2,17.305769240220428,0,1,2,102.16373178247783
Bastar,2023-10-28 02:00:00,temp,16.5,16.3303649642992,0,1,2,102.16373178247783
Bastar,2023-10-29 02:30:00,temp,16.6,16.794802291346468,0,1,2,102.16373178247783
Bastar,2023-10-30 01:45:00,temp,16.2,16.572834147831763,0,1,2,102.16373178247783
Basti,2023-10-15 02:30:00,temp,23.1,22.965497527736048,1,1,2,131.66215296741473
Basti,2023-10-16 02:30:00,temp,23.2,23.762829528300408,1,1,2,131.66215296741473
Basti,2023-10-17 02:30:00,temp,20.9,23.381788925940793,1,1,2,131.66215296741473
Basti,2023-10-18 02:30:00,temp,21.5,20.8959826587615,1,1,2,131.66215296741473
Basti,2023-10-19 02:30:00,temp,20.0,22.607310070529635,1,1,2,131.66215296741473
Basti,2023-10-20 02:30:00,temp,19.9,20.07463518878942,1,1,2,131.66215296741473
Basti,2023-10-21 02:15:00,temp,19.9,20.55469106789884,1,1,2,131.66215296741473
Basti,2023-10-22 02:30:00,temp,20.1,20.150652408649655,1,1,2,131.66215296741473
Basti,2023-10-23 02:15:00,temp,20.9,20.345941699551112,1,1,2,131.66215296741473
Basti,2023-10-24 02:15:00,temp,21.7,21.072570595943837,1,1,2,131.66215296741473
Basti,2023-10-25 02:30:00,temp,21.9,21.70447424231286,1,1,2,131.66215296741473
Basti,2023-10-26 02:00:00,temp,21.9,21.762881407400496,1,1,2,131.66215296741473
Basti,2023-10-27 02:30:00,temp,21.0,21.790744115461592,1,1,2,131.66215296741473
Basti,2023-10-28 02:00:00,temp,20.9,20.867362249852164,1,1,2,131.66215296741473
Basti,2023-10-29 02:45:00,temp,21.3,21.049439829819438,1,1,2,131.66215296741473
Basti,2023-10-30 02:00:00,temp,20.8,21.374709035738125,1,1,2,131.66215296741473
Baudh,2023-10-15 02:30:00,temp,20.8,22.10411192804239,0,1,2,131.0770084012692
Baudh,2023-10-16 02:30:00,temp,22.0,21.862815464185772,0,1,2,131.0770084012692
Baudh,2023-10-17 02:30:00,temp,22.0,22.520461343641642,0,1,2,131.0770084012692
Baudh,2023-10-18 02:30:00,temp,22.5,22.084175477048916,0,1,2,131.0770084012692
Baudh,2023-10-19 02:30:00,temp,22.0,22.597774796126014,0,1,2,131.0770084012692
Baudh,2023-10-20 02:30:00,temp,21.9,22.008142710483398,0,1,2,131.0770084012692
Baudh,2023-10-21 02:15:00,temp,21.7,22.175448948489784,0,1,2,131.0770084012692
Baudh,2023-10-22 02:30:00,temp,20.0,21.886637715641452,0,1,2,131.0770084012692
Baudh,2023-10-23 02:15:00,temp,18.5,20.707652522668138,0,1,2,131.0770084012692
Baudh,2023-10-24 02:15:00,temp,19.4,19.706966121611703,0,1,2,131.0770084012692
Baudh,2023-10-25 02:15:00,temp,19.1,20.322768306754902,0,1,2,131.0770084012692
Baudh,2023-10-26 02:00:00,temp,19.9,19.383983648804584,0,1,2,131.0770084012692
Baudh,2023-10-27 02:15:00,temp,19.3,20.245543653610255,0,1,2,131.0770084012692
Baudh,2023-10-28 02:00:00,temp,18.8,19.308752395454295,0,1,2,131.0770084012692
Baudh,2023-10-29 02:45:00,temp,19.2,19.218927785054017,0,1,2,131.0770084012692
Baudh,2023-10-30 02:00:00,temp,19.6,19.38086331620565,0,1,2,131.0770084012692
Begusarai,2023-10-15 02:30:00,temp,22.6,24.46349618476912,2,1,2,156.45967057408527
Begusarai,2023-10-16 02:30:00,temp,24.2,23.59030414998632,2,1,2,156.45967057408527
Begusarai,2023-10-17 02:15:00,temp,23.9,24.82985804063981,2,1,2,156.45967057408527
Begusarai,2023-10-18 02:30:00,temp,24.0,24.547249129789662,2,1,2,156.45967057408527
Begusarai,2023-10-19 02:15:00,temp,22.0,24.555210672803852,2,1,2,156.45967057408527
Begusarai,2023-10-20 02:30:00,temp,22.2,22.93605231626115,2,1,2,156.45967057408527
Begusarai,2023-10-21 02:15:00,temp,21.2,22.199886708642,2,1,2,156.45967057408527
Begusarai,2023-10-22 02:15:00,temp,21.1,22.11062551989045,2,1,2,156.45967057408527
Begusarai,2023-10-23 02:15:00,temp,21.0,21.064340179650014,2,1,2,156.45967057408527
Begusarai,2023-10-24 02:15:00,temp,22.1,21.768337732665167,2,1,2,156.45967057408527
Begusarai,2023-10-25 02:15:00,temp,23.0,21.81099662460291,2,1,2,156.45967057408527
Begusarai,2023-10-26 02:00:00,temp,22.0,23.404746548009317,2,1,2,156.45967057408527
Begusarai,2023-10-27 02:15:00,temp,20.3,21.77255134355717,2,1,2,156.45967057408527
Begusarai,2023-10-28 02:00:00,temp,21.7,21.021210205465582,2,1,2,156.45967057408527
Begusarai,2023-10-29 02:30:00,temp,22.0,21.397229065687913,2,1,2,156.45967057408527
Begusarai,2023-10-30 01:45:00,temp,22.0,22.831490645638777,2,1,2,156.45967057408527
Belgaum,2023-10-15 02:30:00,temp,21.3,21.417596561134538,1,0,0,83.74975253357562
Belgaum,2023-10-16 02:30:00,temp,21.6,20.98229600469,1,0,0,83.74975253357562
Belgaum,2023-10-17 02:30:00,temp,22.7,21.171376126671102,1,0,0,83.74975253357562
Belgaum,2023-10-18 02:30:00,temp,22.2,21.930666849415047,1,0,0,83.74975253357562
Belgaum,2023-10-19 02:30:00,temp,23.3,21.662137405696782,1,0,0,83.74975253357562
Belgaum,2023-10-20 02:30:00,temp,22.3,22.589510364346317,1,0,0,83.74975253357562
Belgaum,2023-10-21 02:15:00,temp,22.4,21.84517556235934,1,0,0,83.74975253357562
Belgaum,2023-10-22 02:30:00,temp,23.4,21.957898197730206,1,0,0,83.74975253357562
Belgaum,2023-10-23 02:15:00,temp,20.6,22.826662646047563,1,0,0,83.74975253357562
Belgaum,2023-10-24 02:15:00,temp,20.5,20.68686661671174,1,0,0,83.74975253357562
Belgaum,2023-10-25 02:15:00,temp,20.0,20.618742539046263,1,0,0,83.74975253357562
Belgaum,2023-10-26 02:00:00,temp,19.7,20.28123205665833,1,0,0,83.74975253357562
Belgaum,2023-10-27 02:15:00,temp,18.7,20.064471911978178,1,0,0,83.74975253357562
Belgaum,2023-10-28 02:00:00,temp,18.8,19.316698198222163,1,0,0,83.74975253357562
Belgaum,2023-10-29 02:45:00,temp,21.2,19.338229699967513,1,0,0,83.74975253357562
Belgaum,2023-10-30 02:00:00,temp,22.2,21.046550337063852,1,0,0,83.74975253357562
Bellary,2023-10-15 02:30:00,temp,25.7,24.30519097611649,1,0,0,145.79806018715985
Bellary,2023-10-16 02:30:00,temp,26.1,24.977521583219428,1,0,0,145.79806018715985
Bellary,2023-10-17 02:30:00,temp,25.7,25.220076705703722,1,0,0,145.79806018715985
Bellary,2023-10-18 02:30:00,temp,25.3,25.052181736777968,1,0,0,145.79806018715985
Bellary,2023-10-19 02:15:00,temp,23.1,24.86495590863434,1,0,0,145.79806018715985
Bellary,2023-10-20 02:30:00,temp,24.0,23.769238199373294,1,0,0,145.79806018715985
Bellary,2023-10-21 02:15:00,temp,23.4,24.20189818759818,1,0,0,145.79806018715985
Bellary,2023-10-22 02:15:00,temp,23.1,23.900944238238033,1,0,0,145.79806018715985
Bellary,2023-10-23 02:15:00,temp,21.5,23.733123583340753,1,0,0,145.79806018715985
Bellary,2023-10-24 02:15:00,temp,20.8,22.835379112981144,1,0,0,145.79806018715985
Bellary,2023-10-25 02:15:00,temp,20.4,22.241939463771974,1,0,0,145.79806018715985
Bellary,2023-10-26 02:00:00,temp,20.2,21.767986071307224,1,0,0,145.79806018715985
Bellary,2023-10-27 02:15:00,temp,19.7,21.435016326680586,1,0,0,145.79806018715985
Bellary,2023-10-28 02:00:00,temp,21.4,20.868019706456842,1,0,0,145.79806018715985
Bellary,2023-10-29 02:45:00,temp,23.8,22.136771528438935,1,0,0,145.79806018715985
Bellary,2023-10-30 02:00:00,temp,22.7,23.86201196580308,1,0,0,145.79806018715985
Betul,2023-10-15 02:30:00,temp,23.7,22.40817896921931,1,0,2,100.04079199497458
Betul,2023-10-16 02:30:00,temp,22.1,22.973053272964677,1,0,2,100.04079199497458
Betul,2023-10-17 02:15:00,temp,20.8,22.61017994915216,1,0,2,100.04079199497458
Betul,2023-10-18 02:15:00,temp,22.3,20.784497056966764,1,0,2,100.04079199497458
Betul,2023-10-19 02:15:00,temp,21.0,21.421151323996597,1,0,2,100.04079199497458
Betul,2023-10-20 02:15:00,temp,21.2,21.96086705080336,1,0,2,100.04079199497458
Betul,2023-10-21 02:00:00,temp,21.3,21.39239617628244,1,0,2,100.04079199497458
Betul,2023-10-22 02:15:00,temp,20.7,21.308793822014174,1,0,2,100.04079199497458
Betul,2023-10-23 02:00:00,temp,20.0,21.214305411320126,1,0,2,100.04079199497458
Betul,2023-10-24 02:15:00,temp,19.7,20.644572603277073,1,0,2,100.04079199497458
Betul,2023-10-25 02:15:00,temp,18.4,20.137410471838756,1,0,2,100.04079199497458
Betul,2023-10-26 02:00:00,temp,18.8,19.308927533764567,1,0,2,100.04079199497458
Betul,2023-10-27 02:15:00,temp,18.8,19.05705504809083,1,0,2,100.04079199497458
Betul,2023-10-28 02:00:00,temp,18.9,19.43736216417331,1,0,2,100.04079199497458
Betul,2023-10-29 02:30:00,temp,18.7,19.55698436750875,1,0,2,100.04079199497458
Betul,2023-10-30 01:45:00,temp,19.4,19.266814475981786,1,0,2,100.04079199497458
Bhabua,2023-10-15 02:30:00,temp,21.6,21.634892432832572,0,1,1,155.5003635485781
Bhabua,2023-10-16 02:30:00,temp,22.1,21.60787783145769,0,1,1,155.5003635485781
Bhabua,2023-10-17 02:15:00,temp,21.8,21.979749185654793,0,1,1,155.5003635485781
Bhabua,2023-10-18 02:30:00,temp,22.2,21.844271212354474,0,1,1,155.5003635485781
Bhabua,2023-10-19 02:15:00,temp,20.5,22.111932588795504,0,1,1,155.5003635485781
Bhabua,2023-10-20 02:30:00,temp,20.0,20.91308608933349,0,1,1,155.5003635485781
Bhabua,2023-10-21 02:15:00,temp,19.6,20.205295054316554,0,1,1,155.5003635485781
Bhabua,2023-10-22 02:15:00,temp,19.8,19.731538784784835,0,1,1,155.5003635485781
Bhabua,2023-10-23 02:15:00,temp,19.0,19.78489657494317,0,1,1,155.5003635485781
Bhabua,2023-10-24 02:15:00,temp,19.5,19.174250115072603,0,1,1,155.5003635485781
Bhabua,2023-10-25 02:15:00,temp,20.4,19.427103321622113,0,1,1,155.5003635485781
Bhabua,2023-10-26 02:00:00,temp,19.2,20.18209780977426,0,1,1,155.5003635485781
Bhabua,2023-10-27 02:15:00,temp,19.7,19.4309613955805,0,1,1,155.5003635485781
Bhabua,2023-10-28 02:00:00,temp,19.6,19.63548276389286,0,1,1,155.5003635485781
Bhabua,2023-10-29 02:30:00,temp,19.7,19.60858018912391,0,1,1,155.5003635485781
Bhabua,2023-10-30 01:45:00,temp,20.2,19.677874848234172,0,1,1,155.5003635485781
Bhadohi,2023-10-15 02:30:00,temp,23.5,22.89505865889427,2,1,2,126.5446938542694
Bhadohi,2023-10-16 02:30:00,temp,23.8,23.56185810954413,2,1,2,126.5446938542694
Bhadohi,2023-10-17 02:30:00,temp,23.2,23.68921703673976,2,1,2,126.5446938542694
Bhadohi,2023-10-18 02:30:00,temp,21.7,23.12423985636953,2,1,2,126.5446938542694
Bhadohi,2023-10-19 02:30:00,temp,21.5,22.162677960840536,2,1,2,126.5446938542694
Bhadohi,2023-10-20 02:30:00,temp,20.9,21.757120032750024,2,1,2,126.5446938542694
Bhadohi,2023-10-21 02:15:00,temp,20.9,21.308272692961346,2,1,2,126.5446938542694
Bhadohi,2023-10-22 02:30:00,temp,19.9,21.390715568015832,2,1,2,126.5446938542694
Bhadohi,2023-10-23 02:15:00,temp,19.6,20.593838021795115,2,1,2,126.5446938542694
Bhadohi,2023-10-24 02:15:00,temp,19.9,20.357155067574478,2,1,2,126.5446938542694
Bhadohi,2023-10-25 02:30:00,temp,20.3,20.59050820923979,2,1,2,126.5446938542694
Bhadohi,2023-10-26 02:00:00,temp,20.4,20.836753383554655,2,1,2,126.5446938542694
Bhadohi,2023-10-27 02:30:00,temp,20.5,20.747283114313905,2,1,2,126.5446938542694
Bhadohi,2023-10-28 02:00:00,temp,19.8,20.646676586791596,2,1,2,126.5446938542694
Bhadohi,2023-10-29 02:45:00,temp,20.2,19.931571693813247,2,1,2,126.5446938542694
Bhadohi,2023-10-30 02:00:00,temp,20.3,20.051049737781064,2,1,2,126.5446938542694
Bhadrak,2023-10-15 02:30:00,temp,23.5,25.01115034623818,0,1,1,87.44446572462908
Bhadrak,2023-10-16 02:30:00,temp,22.7,24.03673255586874,0,1,1,87.44446572462908
Bhadrak,2023-10-17 02:30:00,temp,23.3,23.017348279238796,0,1,1,87.44446572462908
Bhadrak,2023-10-18 02:30:00,temp,23.3,23.22886192688091,0,1,1,87.44446572462908
Bhadrak,2023-10-19 02:30:00,temp,23.3,23.279805670991816,0,1,1,87.44446572462908
Bhadrak,2023-10-20 02:30:00,temp,22.8,23.294250668757403,0,1,1,87.44446572462908
Bhadrak,2023-10-21 02:15:00,temp,22.1,22.94096463266502,0,1,1,87.44446572462908
Bhadrak,2023-10-22 02:30:00,temp,21.4,22.322578471787732,0,1,1,87.44446572462908
Bhadrak,2023-10-23 02:15:00,temp,22.4,21.604403160391715,0,1,1,87.44446572462908
Bhadrak,2023-10-24 02:15:00,temp,22.5,22.198591327413567,0,1,1,87.44446572462908
Bhadrak,2023-10-25 02:30:00,temp,23.0,22.42172867163099,0,1,1,87.44446572462908
Bhadrak,2023-10-26 02:00:00,temp,23.0,22.85558016001513,0,1,1,87.44446572462908
Bhadrak,2023-10-27 02:15:00,temp,22.6,22.96491484354897,0,1,1,87.44446572462908
Bhadrak,2023-10-28 02:00:00,temp,21.6,22.691738384476803,0,1,1,87.44446572462908
Bhadrak,2023-10-29 02:45:00,temp,21.2,21.859355572131747,0,1,1,87.44446572462908
Bhadrak,2023-10-30 02:00:00,temp,21.1,21.328158483213134,0,1,1,87.44446572462908
Bhagalpur,2023-10-15 02:30:00,temp,22.6,23.83344802969486,2,1,2,142.88303457463218
Bhagalpur,2023-10-16 02:30:00,temp,24.3,22.18714915599321,2,1,2,142.88303457463218
Bhagalpur,2023-10-17 02:15:00,temp,23.8,24.091611930937137,2,1,2,142.88303457463218
Bhagalpur,2023-10-18 02:15:00,temp,24.1,23.77454940913901,2,1,2,142.88303457463218
Bhagalpur,2023-10-19 02:15:00,temp,22.2,23.66771277743816,2,1,2,142.88303457463218
Bhagalpur,2023-10-20 02:30:00,temp,21.9,22.35726697209705,2,1,2,142.88303457463218
Bhagalpur,2023-10-21 02:15:00,temp,21.1,21.295036126881413,2,1,2,142.88303457463218
Bhagalpur,2023-10-22 02:15:00,temp,20.9,21.61961549215565,2,1,2,142.88303457463218
Bhagalpur,2023-10-23 02:00:00,temp,21.2,20.2308984836942,2,1,2,142.88303457463218
Bhagalpur,2023-10-24 02:15:00,temp,22.1,21.982711603619105,2,1,2,142.88303457463218
Bhagalpur,2023-10-25 02:15:00,temp,22.8,21.60535182730468,2,1,2,142.88303457463218
Bhagalpur,2023-10-26 02:00:00,temp,22.0,22.702610869084307,2,1,2,142.88303457463218
Bhagalpur,2023-10-27 02:15:00,temp,21.1,21.44249172537065,2,1,2,142.88303457463218
Bhagalpur,2023-10-28 02:00:00,temp,20.8,21.36776577941324,2,1,2,142.88303457463218
Bhagalpur,2023-10-29 02:30:00,temp,21.4,21.281447449020263,2,1,2,142.88303457463218
Bhagalpur,2023-10-30 01:45:00,temp,22.0,21.888097630028067,2,1,2,142.88303457463218
Bhandara,2023-10-15 02:30:00,temp,24.7,24.125518632720947,1,0,0,118.93645057485772
Bhandara,2023-10-16 02:30:00,temp,25.1,24.281892655523663,1,0,0,118.93645057485772
Bhandara,2023-10-17 02:30:00,temp,22.3,24.5920452121801,1,0,0,118.93645057485772
Bhandara,2023-10-18 02:30:00,temp,22.1,22.710173334464514,1,0,0,118.93645057485772
Bhandara,2023-10-19 02:30:00,temp,21.6,22.56048201526925,1,0,0,118.93645057485772
Bhandara,2023-10-20 02:30:00,temp,21.2,22.194174417730153,1,0,0,118.93645057485772
Bhandara,2023-10-21 02:15:00,temp,19.9,21.86369380400972,1,0,0,118.93645057485772
Bhandara,2023-10-22 02:30:00,temp,19.3,20.773606484572603,1,0,0,118.93645057485772
Bhandara,2023-10-23 02:15:00,temp,18.7,20.10313368057836,1,0,0,118.93645057485772
Bhandara,2023-10-24 02:15:00,temp,17.9,19.39984953732559,1,0,0,118.93645057485772
Bhandara,2023-10-25 02:15:00,temp,18.1,18.48255578291567,1,0,0,118.93645057485772
Bhandara,2023-10-26 02:00:00,temp,17.9,18.599408777810456,1,0,0,118.93645057485772
Bhandara,2023-10-27 02:15:00,temp,17.4,18.336333982739404,1,0,0,118.93645057485772
Bhandara,2023-10-28 02:00:00,temp,18.4,17.781502994128665,1,0,0,118.93645057485772
Bhandara,2023-10-29 02:45:00,temp,18.3,18.753624171533254,1,0,0,118.93645057485772
Bhandara,2023-10-30 02:00:00,temp,18.4,18.62987434518517,1,0,0,118.93645057485772
Bharatpur,2023-10-15 02:30:00,temp,28.8,27.0469663764564,2,0,2,159.7211472880827
Bharatpur,2023-10-16 02:30:00,temp,27.5,27.769175392242012,2,0,2,159.7211472880827
Bharatpur,2023-10-17 02:30:00,temp,21.6,27.892070262324186,2,0,2,159.7211472880827
Bharatpur,2023-10-18 02:30:00,temp,23.7,24.251367692072417,2,0,2,159.7211472880827
Bharatpur,2023-10-19 02:30:00,temp,23.5,24.81777659141767,2,0,2,159.7211472880827
Bharatpur,2023-10-20 02:30:00,temp,23.5,26.40886441879902,2,0,2,159.7211472880827
Bharatpur,2023-10-21 02:15:00,temp,23.5,27.321178199757384,2,0,2,159.7211472880827
Bharatpur,2023-10-22 02:30:00,temp,23.3,25.1894368007129,2,0,2,159.7211472880827
Bharatpur,2023-10-23 02:15:00,temp,23.7,24.858530522404124,2,0,2,159.7211472880827
Bharatpur,2023-10-24 02:15:00,temp,23.1,25.063454044349307,2,0,2,159.7211472880827
Bharatpur,2023-10-25 02:30:00,temp,22.7,24.38536178475932,2,0,2,159.7211472880827
Bharatpur,2023-10-26 02:00:00,temp,23.0,23.9759185487536,2,0,2,159.7211472880827
Bharatpur,2023-10-27 02:15:00,temp,22.5,24.18069131425905,2,0,2,159.7211472880827
Bharatpur,2023-10-28 02:00:00,temp,22.3,23.327036080329076,2,0,2,159.7211472880827
Bharatpur,2023-10-29 02:45:00,temp,23.4,23.08401488896488,2,0,2,159.7211472880827
Bharatpur,2023-10-30 02:00:00,temp,23.9,23.850332432500217,2,0,2,159.7211472880827
Bharuch,2023-10-15 02:30:00,temp,28.4,27.913789242848875,0,0,2,102.58728639334358
Bharuch,2023-10-16 02:30:00,temp,26.2,27.114851776332117,0,0,2,102.58728639334358
Bharuch,2023-10-17 02:15:00,temp,26.7,25.343818824220385,0,0,2,102.58728639334358
Bharuch,2023-10-18 02:15:00,temp,26.4,26.732449103423516,0,0,2,102.58728639334358
Bharuch,2023-10-19 02:15:00,temp,25.6,26.794095507043235,0,0,2,102.58728639334358
Bharuch,2023-10-20 02:30:00,temp,25.0,24.25695798751791,0,0,2,102.58728639334358
Bharuch,2023-10-21 02:15:00,temp,25.8,25.726737366844784,0,0,2,102.58728639334358
Bharuch,2023-10-22 02:15:00,temp,25.8,26.567198623952088,0,0,2,102.58728639334358
Bharuch,2023-10-23 02:00:00,temp,26.0,25.320009984311454,0,0,2,102.58728639334358
Bharuch,2023-10-24 02:15:00,temp,25.2,26.10373323194125,0,0,2,102.58728639334358
Bharuch,2023-10-25 02:15:00,temp,24.7,25.38261391875912,0,0,2,102.58728639334358
Bharuch,2023-10-26 02:00:00,temp,25.0,24.676018497934862,0,0,2,102.58728639334358
Bharuch,2023-10-27 02:15:00,temp,24.4,25.755595512637104,0,0,2,102.58728639334358
Bharuch,2023-10-28 02:00:00,temp,24.1,24.78400236838932,0,0,2,102.58728639334358
Bharuch,2023-10-29 02:30:00,temp,24.7,24.443254963164144,0,0,2,102.58728639334358
Bharuch,2023-10-30 01:45:00,temp,25.2,25.67818082060077,0,0,2,102.58728639334358
Bhavnagar,2023-10-15 02:30:00,temp,29.0,27.50844820502669,2,0,1,122.09584804705635
Bhavnagar,2023-10-16 02:30:00,temp,27.8,27.07712977866612,2,0,1,122.09584804705635
Bhavnagar,2023-10-17 02:15:00,temp,28.3,26.414624011649593,2,0,1,122.09584804705635
Bhavnagar,2023-10-18 02:15:00,temp,29.0,26.899012724018533,2,0,1,122.09584804705635
Bhavnagar,2023-10-19 02:15:00,temp,28.6,27.527072126379686,2,0,1,122.09584804705635
Bhavnagar,2023-10-20 02:30:00,temp,28.7,27.495077015190336,2,0,1,122.09584804705635
Bhavnagar,2023-10-21 02:15:00,temp,29.2,27.985893101442667,2,0,1,122.09584804705635
Bhavnagar,2023-10-22 02:15:00,temp,28.6,28.306125739071923,2,0,1,122.09584804705635
Bhavnagar,2023-10-23 02:00:00,temp,28.6,28.055919390471075,2,0,1,122.09584804705635
Bhavnagar,2023-10-24 02:15:00,temp,28.3,28.03317854186604,2,0,1,122.09584804705635
Bhavnagar,2023-10-25 02:15:00,temp,28.6,27.92720019369972,2,0,1,122.09584804705635
Bhavnagar,2023-10-26 02:00:00,temp,28.6,28.057369694818636,2,0,1,122.09584804705635
Bhavnagar,2023-10-27 02:15:00,temp,27.6,28.125633654759135,2,0,1,122.09584804705635
Bhavnagar,2023-10-28 02:00:00,temp,27.8,27.57685341292813,2,0,1,122.09584804705635
Bhavnagar,2023-10-29 02:30:00,temp,28.0,27.62037666166465,2,0,1,122.09584804705635
Bhavnagar,2023-10-30 01:45:00,temp,28.1,27.776954206181287,2,0,1,122.09584804705635
Bhilwara,2023-10-15 02:30:00,temp,24.4,24.804952944089784,1,0,0,121.55965992013196
Bhilwara,2023-10-16 02:30:00,temp,24.2,24.302795704255097,1,0,0,121.55965992013196
Bhilwara,2023-10-17 02:30:00,temp,21.8,24.193132004873764,1,0,0,121.55965992013196
Bhilwara,2023-10-18 02:30:00,temp,22.2,22.859775925279607,1,0,0,121.55965992013196
Bhilwara,2023-10-19 02:30:00,temp,22.8,23.00849099158274,1,0,0,121.55965992013196
Bhilwara,2023-10-20 02:30:00,temp,22.3,23.333565387191193,1,0,0,121.55965992013196
Bhilwara,2023-10-21 02:15:00,temp,23.0,22.99233004124389,1,0,0,121.55965992013196
Bhilwara,2023-10-22 02:30:00,temp,23.8,23.405960694220195,1,0,0,121.55965992013196
Bhilwara,2023-10-23 02:15:00,temp,24.0,23.886878585228388,1,0,0,121.55965992013196
Bhilwara,2023-10-24 02:15:00,temp,22.3,24.005875701970645,1,0,0,121.55965992013196
Bhilwara,2023-10-25 02:30:00,temp,22.1,22.98270562319117,1,0,0,121.55965992013196
Bhilwara,2023-10-26 02:00:00,temp,22.0,22.810840655396987,1,0,0,121.55965992013196
Bhilwara,2023-10-27 02:15:00,temp,21.6,22.69712284069677,1,0,0,121.55965992013196
Bhilwara,2023-10-28 02:00:00,temp,22.2,22.36668875616756,1,0,0,121.55965992013196
Bhilwara,2023-10-29 02:45:00,temp,22.9,22.74801006356821,1,0,0,121.55965992013196
Bhilwara,2023-10-30 02:00:00,temp,22.3,23.213483471206068,1,0,0,121.55965992013196
Bhind,2023-10-15 02:30:00,temp,28.0,26.410783414521184,2,1,1,151.98712182162447
Bhind,2023-10-16 02:30:00,temp,27.0,27.89281734256259,2,1,1,151.98712182162447
Bhind,2023-10-17 02:15:00,temp,21.6,26.468655476186107,2,1,1,151.98712182162447
Bhind,2023-10-18 02:15:00,temp,22.9,22.27689672592763,2,1,1,151.98712182162447
Bhind,2023-10-19 02:15:00,temp,23.6,25.34279804191246,2,1,1,151.98712182162447
Bhind,2023-10-20 02:15:00,temp,22.5,24.91358543054723,2,1,1,151.98712182162447
Bhind,2023-10-21 02:00:00,temp,22.1,23.446287194447862,2,1,1,151.98712182162447
Bhind,2023-10-22 02:15:00,temp,22.0,23.096788193045118,2,1,1,151.98712182162447
Bhind,2023-10-23 02:00:00,temp,22.3,22.75943365806721,2,1,1,151.98712182162447
Bhind,2023-10-24 02:15:00,temp,21.8,22.79863618325938,2,1,1,151.98712182162447
Bhind,2023-10-25 02:15:00,temp,21.8,22.055692763787498,2,1,1,151.98712182162447
Bhind,2023-10-26 02:00:00,temp,22.1,22.11117669174434,2,1,1,151.98712182162447
Bhind,2023-10-27 02:15:00,temp,21.8,22.274368485343796,2,1,1,151.98712182162447
Bhind,2023-10-28 02:00:00,temp,21.8,21.856926880476422,2,1,1,151.98712182162447
Bhind,2023-10-29 02:30:00,temp,22.8,21.92712021760158,2,1,1,151.98712182162447
Bhind,2023-10-30 01:45:00,temp,23.3,22.766972276401273,2,1,1,151.98712182162447
Bhiwani,2023-10-15 02:30:00,temp,26.6,26.97556993360455,0,0,2,171.1235505119307
Bhiwani,2023-10-16 02:30:00,temp,26.2,27.02592030070836,0,0,2,171.1235505119307
Bhiwani,2023-10-17 02:15:00,temp,19.7,26.61598037198631,0,0,2,171.1235505119307
Bhiwani,2023-10-18 02:30:00,temp,23.4,21.72061125072624,0,0,2,171.1235505119307
Bhiwani,2023-10-19 02:15:00,temp,21.9,25.4773023881179,0,0,2,171.1235505119307
Bhiwani,2023-10-20 02:30:00,temp,22.8,25.722681988096042,0,0,2,171.1235505119307
Bhiwani,2023-10-21 02:15:00,temp,23.6,24.060243058485625,0,0,2,171.1235505119307
Bhiwani,2023-10-22 02:15:00,temp,23.4,25.59399750074016,0,0,2,171.1235505119307
Bhiwani,2023-10-23 02:15:00,temp,23.4,25.312761497459338,0,0,2,171.1235505119307
Bhiwani,2023-10-24 02:15:00,temp,22.5,24.69955344237907,0,0,2,171.1235505119307
Bhiwani,2023-10-25 02:15:00,temp,23.2,24.490713184018766,0,0,2,171.1235505119307
Bhiwani,2023-10-26 02:00:00,temp,22.9,24.854484762322752,0,0,2,171.1235505119307
Bhiwani,2023-10-27 02:15:00,temp,22.2,24.66900666185934,0,0,2,171.1235505119307
Bhiwani,2023-10-28 02:00:00,temp,23.6,23.9289828946749,0,0,2,171.1235505119307
Bhiwani,2023-10-29 02:30:00,temp,24.7,25.12540501107502,0,0,2,171.1235505119307
Bhiwani,2023-10-30 01:45:00,temp,24.7,25.947491710510707,0,0,2,171.1235505119307
Bhojpur,2023-10-15 02:30:00,temp,20.9,22.014178533010615,0,1,2,120.51206747374931
Bhojpur,2023-10-16 02:30:00,temp,20.4,21.601977008930835,0,1,2,120.51206747374931
Bhojpur,2023-10-17 02:15:00,temp,20.4,21.122808776069935,0,1,2,120.51206747374931
Bhojpur,2023-10-18 02:30:00,temp,20.8,20.94511845664729,0,1,2,120.51206747374931
Bhojpur,2023-10-19 02:15:00,temp,20.3,21.041643086773487,0,1,2,120.51206747374931
Bhojpur,2023-10-20 02:30:00,temp,20.0,20.507665392086793,0,1,2,120.51206747374931
Bhojpur,2023-10-21 02:15:00,temp,19.1,20.315545530125732,0,1,2,120.51206747374931
Bhojpur,2023-10-22 02:15:00,temp,17.6,19.488464670256196,0,1,2,120.51206747374931
Bhojpur,2023-10-23 02:15:00,temp,18.3,18.178116715698586,0,1,2,120.51206747374931
Bhojpur,2023-10-24 02:15:00,temp,19.0,18.711317249264017,0,1,2,120.51206747374931
Bhojpur,2023-10-25 02:15:00,temp,21.2,18.930291024780708,0,1,2,120.51206747374931
Bhojpur,2023-10-26 02:00:00,temp,18.7,20.70366298500955,0,1,2,120.51206747374931
Bhojpur,2023-10-27 02:15:00,temp,17.0,18.67210685034433,0,1,2,120.51206747374931
Bhojpur,2023-10-28 02:00:00,temp,17.3,17.90650538579816,0,1,2,120.51206747374931
Bhojpur,2023-10-29 02:30:00,temp,17.9,17.837850488719862,0,1,2,120.51206747374931
Bhojpur,2023-10-30 01:45:00,temp,18.1,18.054172720370467,0,1,2,120.51206747374931
Bhopal,2023-10-15 02:30:00,temp,23.8,22.669012380669272,1,1,1,133.84759229255707
Bhopal,2023-10-16 02:30:00,temp,24.2,23.353385201859883,1,1,1,133.84759229255707
Bhopal,2023-10-17 02:15:00,temp,21.7,23.695619299479887,1,1,1,133.84759229255707
Bhopal,2023-10-18 02:15:00,temp,23.0,22.074742470955016,1,1,1,133.84759229255707
Bhopal,2023-10-19 02:15:00,temp,22.1,22.84376585613681,1,1,1,133.84759229255707
Bhopal,2023-10-20 02:15:00,temp,21.8,22.31072026067929,1,1,1,133.84759229255707
Bhopal,2023-10-21 02:00:00,temp,21.0,22.117515775428487,1,1,1,133.84759229255707
Bhopal,2023-10-22 02:15:00,temp,21.1,21.607468677691344,1,1,1,133.84759229255707
Bhopal,2023-10-23 02:00:00,temp,20.6,21.609383757776012,1,1,1,133.84759229255707
Bhopal,2023-10-24 02:00:00,temp,20.0,21.23455087830883,1,1,1,133.84759229255707
Bhopal,2023-10-25 02:15:00,temp,19.7,20.746270342567115,1,1,1,133.84759229255707
Bhopal,2023-10-26 02:00:00,temp,20.1,20.417089960959125,1,1,1,133.84759229255707
Bhopal,2023-10-27 02:15:00,temp,19.9,20.600742794857464,1,1,1,133.84759229255707
Bhopal,2023-10-28 01:45:00,temp,19.4,20.378200100308497,1,1,1,133.84759229255707
Bhopal,2023-10-29 02:30:00,temp,19.6,19.91994077446118,1,1,1,133.84759229255707
Bhopal,2023-10-30 01:45:00,temp,20.0,19.974933027911817,1,1,1,133.84759229255707
Bid,2023-10-15 02:30:00,temp,23.4,23.20848913261438,1,0,0,116.77846423117568
Bid,2023-10-16 02:30:00,temp,25.2,23.268159722144485,1,0,0,116.77846423117568
Bid,2023-10-17 02:30:00,temp,23.5,24.335764963165072,1,0,0,116.77846423117568
Bid,2023-10-18 02:30:00,temp,22.4,23.33727576532829,1,0,0,116.77846423117568
Bid,2023-10-19 02:30:00,temp,23.2,22.740491231467487,1,0,0,116.77846423117568
Bid,2023-10-20 02:30:00,temp,22.9,23.166636124424937,1,0,0,116.77846423117568
Bid,2023-10-21 02:15:00,temp,22.4,23.00675929153946,1,0,0,116.77846423117568
Bid,2023-10-22 02:30:00,temp,21.9,22.736132932145185,1,0,0,116.77846423117568
Bid,2023-10-23 02:15:00,temp,21.3,22.449019794748896,1,0,0,116.77846423117568
Bid,2023-10-24 02:15:00,temp,20.7,22.06651027455234,1,0,0,116.77846423117568
Bid,2023-10-25 02:15:00,temp,20.4,21.610528408052094,1,0,0,116.77846423117568
Bid,2023-10-26 02:00:00,temp,19.0,21.29301880259719,1,0,0,116.77846423117568
Bid,2023-10-27 02:15:00,temp,18.3,20.02359687344238,1,0,0,116.77846423117568
Bid,2023-10-28 02:00:00,temp,19.1,19.141321909350264,1,0,0,116.77846423117568
Bid,2023-10-29 02:45:00,temp,19.0,19.7779148901968,1,0,0,116.77846423117568
Bid,2023-10-30 02:00:00,temp,19.3,19.60266488213967,1,0,0,116.77846423117568
Bidar,2023-10-15 02:30:00,temp,23.1,22.173977237897606,2,0,1,108.50423083022423
Bidar,2023-10-16 02:30:00,temp,22.3,22.575451804015184,2,0,1,108.50423083022423
Bidar,2023-10-17 02:30:00,temp,21.9,22.101504005773762,2,0,1,108.50423083022423
Bidar,2023-10-18 02:30:00,temp,21.5,21.96637759717976,2,0,1,108.50423083022423
Bidar,2023-10-19 02:15:00,temp,21.9,21.902961054629667,2,0,1,108.50423083022423
Bidar,2023-10-20 02:30:00,temp,22.1,22.2734890121279,2,0,1,108.50423083022423
Bidar,2023-10-21 02:15:00,temp,21.0,22.45828117192878,2,0,1,108.50423083022423
Bidar,2023-10-22 02:15:00,temp,20.4,22.001319297033184,2,0,1,108.50423083022423
Bidar,2023-10-23 02:15:00,temp,19.5,21.837605471555513,2,0,1,108.50423083022423
Bidar,2023-10-24 02:15:00,temp,19.6,21.186814812324407,2,0,1,108.50423083022423
Bidar,2023-10-25 02:15:00,temp,19.5,21.02278388029423,2,0,1,108.50423083022423
Bidar,2023-10-26 02:00:00,temp,19.0,20.452826786221504,2,0,1,108.50423083022423
Bidar,2023-10-27 02:15:00,temp,18.3,19.83103280186675,2,0,1,108.50423083022423
Bidar,2023-10-28 02:00:00,temp,18.4,18.966155123974037,2,0,1,108.50423083022423
Bidar,2023-10-29 02:45:00,temp,19.1,19.024125784189412,2,0,1,108.50423083022423
Bidar,2023-10-30 02:00:00,temp,19.9,19.618384582745737,2,0,1,108.50423083022423
Bijapur,2023-10-15 02:30:00,temp,25.4,24.8,0,1,0,139.82606701209312
Bijapur,2023-10-16 02:30:00,temp,26.7,25.4,0,1,0,139.82606701209312
Bijapur,2023-10-17 02:30:00,temp,27.2,26.7,0,1,0,139.82606701209312
Bijapur,2023-10-18 02:30:00,temp,25.6,27.2,0,1,0,139.82606701209312
Bijapur,2023-10-19 02:15:00,temp,25.1,25.6,0,1,0,139.82606701209312
Bijapur,2023-10-20 02:30:00,temp,25.7,25.1,0,1,0,139.82606701209312
Bijapur,2023-10-21 02:15:00,temp,25.0,25.7,0,1,0,139.82606701209312
Bijapur,2023-10-22 02:15:00,temp,25.3,25.0,0,1,0,139.82606701209312
Bijapur,2023-10-23 02:15:00,temp,23.3,25.3,0,1,0,139.82606701209312
Bijapur,2023-10-24 02:15:00,temp,23.4,23.3,0,1,0,139.82606701209312
Bijapur,2023-10-25 02:15:00,temp,22.7,23.4,0,1,0,139.82606701209312
Bijapur,2023-10-26 02:00:00,temp,22.1,22.7,0,1,0,139.82606701209312
Bijapur,2023-10-27 02:15:00,temp,21.6,22.1,0,1,0,139.82606701209312
Bijapur,2023-10-28 02:00:00,temp,21.5,21.6,0,1,0,139.82606701209312
Bijapur,2023-10-29 02:30:00,temp,22.6,21.5,0,1,0,139.82606701209312
Bijapur,2023-10-30 01:45:00,temp,24.9,22.6,0,1,0,139.82606701209312
Bijnor,2023-10-15 02:30:00,temp,22.6,22.106597350606034,1,1,1,154.8320010843389
Bijnor,2023-10-16 02:30:00,temp,22.3,22.739450836302698,1,1,1,154.8320010843389
Bijnor,2023-10-17 02:30:00,temp,18.9,22.51609287141398,1,1,1,154.8320010843389
Bijnor,2023-10-18 02:30:00,temp,19.4,20.10759401769846,1,1,1,154.8320010843389
Bijnor,2023-10-19 02:30:00,temp,18.5,20.22446995696624,1,1,1,154.8320010843389
Bijnor,2023-10-20 02:30:00,temp,18.7,19.326568407460503,1,1,1,154.8320010843389
Bijnor,2023-10-21 02:15:00,temp,19.2,19.30540038805037,1,1,1,154.8320010843389
Bijnor,2023-10-22 02:30:00,temp,18.6,19.58729005602654,1,1,1,154.8320010843389
Bijnor,2023-10-23 02:15:00,temp,19.6,19.021634783226126,1,1,1,154.8320010843389
Bijnor,2023-10-24 02:15:00,temp,19.0,19.741083701756533,1,1,1,154.8320010843389
Bijnor,2023-10-25 02:30:00,temp,19.6,19.237008197243412,1,1,1,154.8320010843389
Bijnor,2023-10-26 02:00:00,temp,19.9,19.66293015358516,1,1,1,154.8320010843389
Bijnor,2023-10-27 02:30:00,temp,19.6,19.886111924923448,1,1,1,154.8320010843389
Bijnor,2023-10-28 02:00:00,temp,19.3,19.65602284271857,1,1,1,154.8320010843389
Bijnor,2023-10-29 02:45:00,temp,19.2,19.415671650453316,1,1,1,154.8320010843389
Bijnor,2023-10-30 02:00:00,temp,19.2,19.31871205499857,1,1,1,154.8320010843389
Bikaner,2023-10-15 02:30:00,temp,28.8,30.129475961478,2,0,2,169.49213452519174
Bikaner,2023-10-16 02:30:00,temp,28.2,29.860690248813867,2,0,2,169.49213452519174
Bikaner,2023-10-17 02:30:00,temp,25.3,29.025214256233753,2,0,2,169.49213452519174
Bikaner,2023-10-18 02:30:00,temp,24.3,27.386778699041674,2,0,2,169.49213452519174
Bikaner,2023-10-19 02:30:00,temp,25.4,26.127192094031898,2,0,2,169.49213452519174
Bikaner,2023-10-20 02:30:00,temp,26.3,26.917199336874923,2,0,2,169.49213452519174
Bikaner,2023-10-21 02:15:00,temp,26.7,28.653038122890795,2,0,2,169.49213452519174
Bikaner,2023-10-22 02:30:00,temp,27.2,29.147556278929727,2,0,2,169.49213452519174
Bikaner,2023-10-23 02:15:00,temp,26.5,28.332136198814478,2,0,2,169.49213452519174
Bikaner,2023-10-24 02:15:00,temp,25.5,27.229295474656297,2,0,2,169.49213452519174
Bikaner,2023-10-25 02:30:00,temp,26.2,26.64279706347682,2,0,2,169.49213452519174
Bikaner,2023-10-26 02:00:00,temp,26.5,26.969932049719887,2,0,2,169.49213452519174
Bikaner,2023-10-27 02:15:00,temp,27.1,27.170185366484134,2,0,2,169.49213452519174
Bikaner,2023-10-28 02:00:00,temp,27.0,27.587194306134606,2,0,2,169.49213452519174
Bikaner,2023-10-29 02:45:00,temp,28.2,27.562448282866754,2,0,2,169.49213452519174
Bikaner,2023-10-30 02:00:00,temp,27.6,28.28899107799425,2,0,2,169.49213452519174
Bilaspur,2023-10-15 02:30:00,temp,22.3,23.380888603808724,1,1,1,123.58406401199555
Bilaspur,2023-10-16 02:30:00,temp,22.1,22.537086897756783,1,1,1,123.58406401199555
Bilaspur,2023-10-17 02:15:00,temp,22.0,22.36123254592254,1,1,1,123.58406401199555
Bilaspur,2023-10-18 02:15:00,temp,21.1,22.251988305956797,1,1,1,123.58406401199555
Bilaspur,2023-10-19 02:15:00,temp,20.9,21.546068967265228,1,1,1,123.58406401199555
Bilaspur,2023-10-20 02:15:00,temp,20.7,21.309975024432593,1,1,1,123.58406401199555
Bilaspur,2023-10-21 02:15:00,temp,19.0,21.076235999360286,1,1,1,123.58406401199555
Bilaspur,2023-10-22 02:15:00,temp,18.6,19.561864245871412,1,1,1,123.58406401199555
Bilaspur,2023-10-23 02:00:00,temp,17.5,19.02669657723692,1,1,1,123.58406401199555
Bilaspur,2023-10-24 02:15:00,temp,17.4,17.819286983835184,1,1,1,123.58406401199555
Bilaspur,2023-10-25 02:15:00,temp,18.0,17.61447723735002,1,1,1,123.58406401199555
Bilaspur,2023-10-26 02:00:00,temp,18.3,18.14633502130652,1,1,1,123.58406401199555
Bilaspur,2023-10-27 02:15:00,temp,17.8,18.39830779843894,1,1,1,123.58406401199555
Bilaspur,2023-10-28 02:00:00,temp,17.8,17.897498729291748,1,1,1,123.58406401199555
Bilaspur,2023-10-29 02:30:00,temp,17.8,17.871282938445745,1,1,1,123.58406401199555
Bilaspur,2023-10-30 01:45:00,temp,18.4,17.85233870559962,1,1,1,123.58406401199555
Bishnupur,2023-10-15 02:30:00,temp,27.0,26.84114092673585,1,0,2,133.44745800605335
Bishnupur,2023-10-16 02:30:00,temp,26.0,27.63652613300304,1,0,2,133.44745800605335
Bishnupur,2023-10-17 02:15:00,temp,27.0,27.04784803876032,1,0,2,133.44745800605335
Bishnupur,2023-10-18 02:30:00,temp,27.0,27.359101159152548,1,0,2,133.44745800605335
Bishnupur,2023-10-19 02:15:00,temp,26.0,27.662821949239866,1,0,2,133.44745800605335
Bishnupur,2023-10-20 02:30:00,temp,25.0,26.666088654696797,1,0,2,133.44745800605335
Bishnupur,2023-10-21 02:15:00,temp,24.0,26.890832550578963,1,0,2,133.44745800605335
Bishnupur,2023-10-22 02:15:00,temp,25.0,25.474575307757753,1,0,2,133.44745800605335
Bishnupur,2023-10-23 02:15:00,temp,26.0,25.914314199148407,1,0,2,133.44745800605335
Bishnupur,2023-10-24 02:15:00,temp,25.0,26.673068985484903,1,0,2,133.44745800605335
Bishnupur,2023-10-25 02:15:00,temp,24.0,25.976984805368286,1,0,2,133.44745800605335
Bishnupur,2023-10-26 02:00:00,temp,26.0,25.019649813653476,1,0,2,133.44745800605335
Bishnupur,2023-10-27 02:15:00,temp,26.0,26.132627523429978,1,0,2,133.44745800605335
Bishnupur,2023-10-28 02:00:00,temp,25.0,26.291155491822202,1,0,2,133.44745800605335
Bishnupur,2023-10-29 02:30:00,temp,24.0,25.664971924786176,1,0,2,133.44745800605335
Bishnupur,2023-10-30 01:45:00,temp,24.0,24.911207088753986,1,0,2,133.44745800605335
Biswanath,2023-10-15 02:30:00,temp,24.0,24.900817612873592,0,1,2,85.20609686928984
Biswanath,2023-10-16 02:30:00,temp,23.8,24.368932981466635,0,1,2,85.20609686928984
Biswanath,2023-10-17 02:30:00,temp,24.5,24.02838197693214,0,1,2,85.20609686928984
Biswanath,2023-10-18 02:30:00,temp,24.4,24.595839524707564,0,1,2,85.20609686928984
Biswanath,2023-10-19 02:30:00,temp,24.3,24.30971841925066,0,1,2,85.20609686928984
Biswanath,2023-10-20 02:30:00,temp,23.3,24.34933907972708,0,1,2,85.20609686928984
Biswanath,2023-10-21 02:30:00,temp,22.0,23.42923225785656,0,1,2,85.20609686928984
Biswanath,2023-10-22 02:30:00,temp,21.9,22.302417009981994,0,1,2,85.20609686928984
Biswanath,2023-10-23 02:15:00,temp,24.3,22.19178275016644,0,1,2,85.20609686928984
Biswanath,2023-10-24 02:15:00,temp,22.5,24.3290969601613,0,1,2,85.20609686928984
Biswanath,2023-10-25 02:30:00,temp,23.3,22.35485751163109,0,1,2,85.20609686928984
Biswanath,2023-10-26 02:00:00,temp,24.2,23.344156608950875,0,1,2,85.20609686928984
Biswanath,2023-10-27 02:30:00,temp,23.7,23.82809835649223,0,1,2,85.20609686928984
Biswanath,2023-10-28 02:00:00,temp,23.0,23.555844022196553,0,1,2,85.20609686928984
Biswanath,2023-10-29 02:45:00,temp,21.9,23.153938263692133,0,1,2,85.20609686928984
Biswanath,2023-10-30 02:00:00,temp,21.7,22.29874877263381,0,1,2,85.20609686928984
Bokaro,2023-10-15 02:30:00,temp,20.2,21.2,0,1,0,114.18190498623221
Bokaro,2023-10-16 02:30:00,temp,21.2,20.2,0,1,0,114.18190498623221
Bokaro,2023-10-17 02:15:00,temp,21.7,21.2,0,1,0,114.18190498623221
Bokaro,2023-10-18 02:30:00,temp,21.6,21.7,0,1,0,114.18190498623221
Bokaro,2023-10-19 02:15:00,temp,20.8,21.6,0,1,0,114.18190498623221
Bokaro,2023-10-20 02:30:00,temp,20.2,20.8,0,1,0,114.18190498623221
Bokaro,2023-10-21 02:15:00,temp,19.0,20.2,0,1,0,114.18190498623221
Bokaro,2023-10-22 02:15:00,temp,18.5,19.0,0,1,0,114.18190498623221
Bokaro,2023-10-23 02:00:00,temp,18.5,18.5,0,1,0,114.18190498623221
Bokaro,2023-10-24 02:15:00,temp,19.7,18.5,0,1,0,114.18190498623221
Bokaro,2023-10-25 02:15:00,temp,20.4,19.7,0,1,0,114.18190498623221
Bokaro,2023-10-26 02:00:00,temp,22.4,20.4,0,1,0,114.18190498623221
Bokaro,2023-10-27 02:15:00,temp,18.9,22.4,0,1,0,114.18190498623221
Bokaro,2023-10-28 02:00:00,temp,19.1,18.9,0,1,0,114.18190498623221
Bokaro,2023-10-29 02:30:00,temp,18.9,19.1,0,1,0,114.18190498623221
Bokaro,2023-10-30 01:45:00,temp,19.4,18.9,0,1,0,114.18190498623221
Bongaigaon,2023-10-15 02:30:00,temp,21.9,22.7,0,1,0,109.73537897115338
Bongaigaon,2023-10-16 02:30:00,temp,21.8,21.9,0,1,0,109.73537897115338
Bongaigaon,2023-10-17 02:15:00,temp,21.7,21.8,0,1,0,109.73537897115338
Bongaigaon,2023-10-18 02:30:00,temp,21.8,21.7,0,1,0,109.73537897115338
Bongaigaon,2023-10-19 02:15:00,temp,21.6,21.8,0,1,0,109.73537897115338
Bongaigaon,2023-10-20 02:30:00,temp,21.2,21.6,0,1,0,109.73537897115338
Bongaigaon,2023-10-21 02:15:00,temp,20.7,21.2,0,1,0,109.73537897115338
Bongaigaon,2023-10-22 02:15:00,temp,20.3,20.7,0,1,0,109.73537897115338
Bongaigaon,2023-10-23 02:15:00,temp,20.0,20.3,0,1,0,109.73537897115338
Bongaigaon,2023-10-24 02:15:00,temp,21.0,20.0,0,1,0,109.73537897115338
Bongaigaon,2023-10-25 02:15:00,temp,20.2,21.0,0,1,0,109.73537897115338
Bongaigaon,2023-10-26 02:00:00,temp,20.8,20.2,0,1,0,109.73537897115338
Bongaigaon,2023-10-27 02:15:00,temp,21.2,20.8,0,1,0,109.73537897115338
Bongaigaon,2023-10-28 02:00:00,temp,20.5,21.2,0,1,0,109.73537897115338
Bongaigaon,2023-10-29 02:30:00,temp,20.4,20.5,0,1,0,109.73537897115338
Bongaigaon,2023-10-30 01:45:00,temp,21.0,20.4,0,1,0,109.73537897115338
Budaun,2023-10-15 02:30:00,temp,24.7,24.526578596663086,2,1,1,140.889660740222
Budaun,2023-10-16 02:30:00,temp,23.7,25.444262405765766,2,1,1,140.889660740222
Budaun,2023-10-17 02:30:00,temp,21.1,23.849059226844883,2,1,1,140.889660740222
Budaun,2023-10-18 02:30:00,temp,21.1,21.393474759260634,2,1,1,140.889660740222
Budaun,2023-10-19 02:30:00,temp,21.1,22.36113960121233,2,1,1,140.889660740222
Budaun,2023-10-20 02:30:00,temp,20.6,22.020992058213398,2,1,1,140.889660740222
Budaun,2023-10-21 02:15:00,temp,21.1,21.155611130752224,2,1,1,140.889660740222
Budaun,2023-10-22 02:30:00,temp,20.5,21.763182756440234,2,1,1,140.889660740222
Budaun,2023-10-23 02:15:00,temp,21.6,20.647880076287105,2,1,1,140.889660740222
Budaun,2023-10-24 02:15:00,temp,21.2,22.106565707607054,2,1,1,140.889660740222
Budaun,2023-10-25 02:30:00,temp,21.8,21.136970504908536,2,1,1,140.889660740222
Budaun,2023-10-26 02:00:00,temp,21.6,21.965409533036357,2,1,1,140.889660740222
Budaun,2023-10-27 02:30:00,temp,21.6,21.510936770296837,2,1,1,140.889660740222
Budaun,2023-10-28 02:00:00,temp,21.2,21.59702345964881,2,1,1,140.889660740222
Budaun,2023-10-29 02:45:00,temp,21.8,21.163217928473607,2,1,1,140.889660740222
Budaun,2023-10-30 02:00:00,temp,21.6,21.946365822982628,2,1,1,140.889660740222
Buddha Gaya,2023-10-15 02:30:00,temp,21.7,24.352276593691677,0,1,2,161.16122297691604
Buddha Gaya,2023-10-16 02:30:00,temp,25.0,23.580882100535753,0,1,2,161.16122297691604
Buddha Gaya,2023-10-17 02:30:00,temp,23.0,24.957990733708478,0,1,2,161.16122297691604
Buddha Gaya,2023-10-18 02:30:00,temp,22.5,23.705168459975578,0,1,2,161.16122297691604
Buddha Gaya,2023-10-19 02:30:00,temp,21.1,23.432553626699022,0,1,2,161.16122297691604
Buddha Gaya,2023-10-20 02:30:00,temp,21.0,22.38085127742437,0,1,2,161.16122297691604
Buddha Gaya,2023-10-21 02:15:00,temp,20.0,21.97154992555377,0,1,2,161.16122297691604
Buddha Gaya,2023-10-22 02:30:00,temp,19.0,21.000112573449464,0,1,2,161.16122297691604
Buddha Gaya,2023-10-23 02:15:00,temp,19.3,20.02195512747641,0,1,2,161.16122297691604
Buddha Gaya,2023-10-24 02:15:00,temp,22.0,19.825171246773547,0,1,2,161.16122297691604
Buddha Gaya,2023-10-25 02:30:00,temp,22.0,21.278554168436237,0,1,2,161.16122297691604
Buddha Gaya,2023-10-26 02:00:00,temp,19.9,21.355901671882176,0,1,2,161.16122297691604
Buddha Gaya,2023-10-27 02:30:00,temp,19.8,20.380463048428332,0,1,2,161.16122297691604
Buddha Gaya,2023-10-28 02:00:00,temp,20.0,20.300841824769652,0,1,2,161.16122297691604
Buddha Gaya,2023-10-29 02:45:00,temp,19.0,20.22581657730447,0,1,2,161.16122297691604
Buddha Gaya,2023-10-30 02:00:00,temp,20.1,19.54408828372245,0,1,2,161.16122297691604
Bulandshahr,2023-10-15 02:30:00,temp,24.8,24.66377366892239,2,1,1,156.514229956908
Bulandshahr,2023-10-16 02:30:00,temp,24.8,25.273937939345057,2,1,1,156.514229956908
Bulandshahr,2023-10-17 02:30:00,temp,20.9,25.01935439301593,2,1,1,156.514229956908
Bulandshahr,2023-10-18 02:30:00,temp,21.6,21.541143520634975,2,1,1,156.514229956908
Bulandshahr,2023-10-19 02:30:00,temp,21.0,23.065075054858866,2,1,1,156.514229956908
Bulandshahr,2023-10-20 02:30:00,temp,21.3,21.978518952163572,2,1,1,156.514229956908
Bulandshahr,2023-10-21 02:15:00,temp,21.7,22.17631888342181,2,1,1,156.514229956908
Bulandshahr,2023-10-22 02:30:00,temp,21.2,22.318555132984297,2,1,1,156.514229956908
Bulandshahr,2023-10-23 02:15:00,temp,22.2,21.627111630566915,2,1,1,156.514229956908
Bulandshahr,2023-10-24 02:15:00,temp,21.8,22.5829804120419,2,1,1,156.514229956908
Bulandshahr,2023-10-25 02:30:00,temp,21.8,21.949270907423145,2,1,1,156.514229956908
Bulandshahr,2023-10-26 02:00:00,temp,22.1,21.98844935707851,2,1,1,156.514229956908
Bulandshahr,2023-10-27 02:30:00,temp,21.5,22.22833526629176,2,1,1,156.514229956908
Bulandshahr,2023-10-28 02:00:00,temp,21.7,21.60226728198692,2,1,1,156.514229956908
Bulandshahr,2023-10-29 02:45:00,temp,21.8,21.870900883371288,2,1,1,156.514229956908
Bulandshahr,2023-10-30 02:00:00,temp,22.2,21.89392722178542,2,1,1,156.514229956908
Buldana,2023-10-15 02:30:00,temp,24.7,23.49924779501925,1,0,0,128.41063679825038
Buldana,2023-10-16 02:30:00,temp,22.7,23.885599713271784,1,0,0,128.41063679825038
Buldana,2023-10-17 02:30:00,temp,23.3,23.00514383655055,1,0,0,128.41063679825038
Buldana,2023-10-18 02:30:00,temp,22.0,23.253013909650825,1,0,0,128.41063679825038
Buldana,2023-10-19 02:30:00,temp,22.4,22.70955198248705,1,0,0,128.41063679825038
Buldana,2023-10-20 02:30:00,temp,21.7,22.85750115416223,1,0,0,128.41063679825038
Buldana,2023-10-21 02:15:00,temp,21.8,22.52722350929697,1,0,0,128.41063679825038
Buldana,2023-10-22 02:30:00,temp,22.4,22.530862667784618,1,0,0,128.41063679825038
Buldana,2023-10-23 02:15:00,temp,21.8,22.790621023117293,1,0,0,128.41063679825038
Buldana,2023-10-24 02:15:00,temp,21.3,22.491138422104594,1,0,0,128.41063679825038
Buldana,2023-10-25 02:15:00,temp,20.4,22.198016991032052,1,0,0,128.41063679825038
Buldana,2023-10-26 02:00:00,temp,20.4,21.606906054507164,1,0,0,128.41063679825038
Buldana,2023-10-27 02:15:00,temp,20.4,21.47346749004145,1,0,0,128.41063679825038
Buldana,2023-10-28 02:00:00,temp,19.4,21.367482049142676,1,0,0,128.41063679825038
Buldana,2023-10-29 02:45:00,temp,19.7,20.53112458961734,1,0,0,128.41063679825038
Buldana,2023-10-30 02:00:00,temp,19.6,20.62670546881643,1,0,0,128.41063679825038
Bundi,2023-10-15 02:30:00,temp,26.5,25.855485091753692,0,0,2,137.54257680843486
Bundi,2023-10-16 02:30:00,temp,26.3,25.742693699775472,0,0,2,137.54257680843486
Bundi,2023-10-17 02:30:00,temp,21.4,25.825387201799284,0,0,2,137.54257680843486
Bundi,2023-10-18 02:30:00,temp,22.6,23.843001717335817,0,0,2,137.54257680843486
Bundi,2023-10-19 02:30:00,temp,23.6,21.851023981402427,0,0,2,137.54257680843486
Bundi,2023-10-20 02:30:00,temp,22.7,25.095413351862433,0,0,2,137.54257680843486
Bundi,2023-10-21 02:15:00,temp,23.2,24.5853341326699,0,0,2,137.54257680843486
Bundi,2023-10-22 02:30:00,temp,23.8,23.576322788302882,0,0,2,137.54257680843486
Bundi,2023-10-23 02:15:00,temp,24.1,24.590334786701355,0,0,2,137.54257680843486
Bundi,2023-10-24 02:15:00,temp,23.3,24.802215944286342,0,0,2,137.54257680843486
Bundi,2023-10-25 02:30:00,temp,22.5,24.075077228677472,0,0,2,137.54257680843486
Bundi,2023-10-26 02:00:00,temp,22.8,23.584282313919115,0,0,2,137.54257680843486
Bundi,2023-10-27 02:15:00,temp,22.6,23.853620756590406,0,0,2,137.54257680843486
Bundi,2023-10-28 02:00:00,temp,22.0,23.881414111239618,0,0,2,137.54257680843486
Bundi,2023-10-29 02:45:00,temp,22.8,23.310636228809607,0,0,2,137.54257680843486
Bundi,2023-10-30 02:00:00,temp,23.6,23.682636249089658,0,0,2,137.54257680843486
Burhanpur,2023-10-15 02:30:00,temp,24.6,23.514740336095937,1,0,0,115.2220760807865
Burhanpur,2023-10-16 02:30:00,temp,23.5,24.174268328207813,1,0,0,115.2220760807865
Burhanpur,2023-10-17 02:15:00,temp,23.2,23.38386531241397,1,0,0,115.2220760807865
Burhanpur,2023-10-18 02:15:00,temp,21.9,23.175204001577455,1,0,0,115.2220760807865
Burhanpur,2023-10-19 02:15:00,temp,23.1,22.26799534469329,1,0,0,115.2220760807865
Burhanpur,2023-10-20 02:15:00,temp,21.7,23.097376006654486,1,0,0,115.2220760807865
Burhanpur,2023-10-21 02:00:00,temp,21.9,22.144696638695578,1,0,0,115.2220760807865
Burhanpur,2023-10-22 02:15:00,temp,24.1,22.26702830263493,1,0,0,115.2220760807865
Burhanpur,2023-10-23 02:00:00,temp,22.0,23.733038288275598,1,0,0,115.2220760807865
Burhanpur,2023-10-24 02:15:00,temp,21.2,22.39615044214772,1,0,0,115.2220760807865
Burhanpur,2023-10-25 02:15:00,temp,20.7,21.85875878119276,1,0,0,115.2220760807865
Burhanpur,2023-10-26 02:00:00,temp,19.9,21.46302083791253,1,0,0,115.2220760807865
Burhanpur,2023-10-27 02:15:00,temp,19.9,20.7814666919418,1,0,0,115.2220760807865
Burhanpur,2023-10-28 02:00:00,temp,19.2,20.679109570426334,1,0,0,115.2220760807865
Burhanpur,2023-10-29 02:30:00,temp,19.4,19.990237916614127,1,0,0,115.2220760807865
Burhanpur,2023-10-30 01:45:00,temp,19.7,20.073246165698222,1,0,0,115.2220760807865
Buxar,2023-10-15 02:30:00,temp,22.0,22.0,0,1,0,160.2156979395649
Buxar,2023-10-16 02:30:00,temp,22.8,22.0,0,1,0,160.2156979395649
Buxar,2023-10-17 02:15:00,temp,22.4,22.8,0,1,0,160.2156979395649
Buxar,2023-10-18 02:30:00,temp,21.6,22.4,0,1,0,160.2156979395649
Buxar,2023-10-19 02:15:00,temp,20.8,21.6,0,1,0,160.2156979395649
Buxar,2023-10-20 02:30:00,temp,20.6,20.8,0,1,0,160.2156979395649
Buxar,2023-10-21 02:15:00,temp,20.2,20.6,0,1,0,160.2156979395649
Buxar,2023-10-22 02:15:00,temp,19.9,20.2,0,1,0,160.2156979395649
Buxar,2023-10-23 02:15:00,temp,19.7,19.9,0,1,0,160.2156979395649
Buxar,2023-10-24 02:15:00,temp,20.1,19.7,0,1,0,160.2156979395649
Buxar,2023-10-25 02:15:00,temp,21.0,20.1,0,1,0,160.2156979395649
Buxar,2023-10-26 02:00:00,temp,20.0,21.0,0,1,0,160.2156979395649
Buxar,2023-10-27 02:15:00,temp,20.5,20.0,0,1,0,160.2156979395649
Buxar,2023-10-28 02:00:00,temp,20.8,20.5,0,1,0,160.2156979395649
Buxar,2023-10-29 02:30:00,temp,20.6,20.8,0,1,0,160.2156979395649
Buxar,2023-10-30 01:45:00,temp,20.6,20.6,0,1,0,160.2156979395649
Chamba,2023-10-15 02:30:00,temp,11.6,13.0,0,1,0,101.67483733983703
Chamba,2023-10-16 02:30:00,temp,11.0,11.6,0,1,0,101.67483733983703
Chamba,2023-10-17 02:15:00,temp,9.3,11.0,0,1,0,101.67483733983703
Chamba,2023-10-18 02:15:00,temp,7.6,9.3,0,1,0,101.67483733983703
Chamba,2023-10-19 02:15:00,temp,8.5,7.6000000000000005,0,1,0,101.67483733983703
Chamba,2023-10-20 02:15:00,temp,8.7,8.5,0,1,0,101.67483733983703
Chamba,2023-10-21 02:15:00,temp,9.4,8.7,0,1,0,101.67483733983703
Chamba,2023-10-22 02:15:00,temp,10.0,9.4,0,1,0,101.67483733983703
Chamba,2023-10-23 02:00:00,temp,9.3,10.0,0,1,0,101.67483733983703
Chamba,2023-10-24 02:15:00,temp,8.9,9.3,0,1,0,101.67483733983703
Chamba,2023-10-25 02:15:00,temp,9.2,8.9,0,1,0,101.67483733983703
Chamba,2023-10-26 02:00:00,temp,9.8,9.2,0,1,0,101.67483733983703
Chamba,2023-10-27 02:15:00,temp,10.2,9.8,0,1,0,101.67483733983703
Chamba,2023-10-28 02:00:00,temp,10.3,10.2,0,1,0,101.67483733983703
Chamba,2023-10-29 02:30:00,temp,10.8,10.3,0,1,0,101.67483733983703
Chamba,2023-10-30 01:45:00,temp,10.8,10.8,0,1,0,101.67483733983703
Chamoli,2023-10-15 02:30:00,temp,1.7,3.2,0,1,0,117.14816120239952
Chamoli,2023-10-16 02:30:00,temp,0.5,1.7,0,1,0,117.14816120239952
Chamoli,2023-10-17 02:30:00,temp,0.1,0.5,0,1,0,117.14816120239952
Chamoli,2023-10-18 02:30:00,temp,-1.5,0.09999999999999987,0,1,0,117.14816120239952
Chamoli,2023-10-19 02:15:00,temp,-0.8,-1.5000000000000002,0,1,0,117.14816120239952
Chamoli,2023-10-20 02:30:00,temp,-0.5,-0.8,0,1,0,117.14816120239952
Chamoli,2023-10-21 02:15:00,temp,0.2,-0.5,0,1,0,117.14816120239952
Chamoli,2023-10-22 02:15:00,temp,0.1,0.20000000000000007,0,1,0,117.14816120239952
Chamoli,2023-10-23 02:15:00,temp,0.0,0.09999999999999999,0,1,0,117.14816120239952
Chamoli,2023-10-24 02:15:00,temp,-1.9,0.0,0,1,0,117.14816120239952
Chamoli,2023-10-25 02:15:00,temp,-0.7,-1.8999999999999997,0,1,0,117.14816120239952
Chamoli,2023-10-26 02:00:00,temp,-0.9,-0.7,0,1,0,117.14816120239952
Chamoli,2023-10-27 02:15:00,temp,0.7,-0.9000000000000001,0,1,0,117.14816120239952
Chamoli,2023-10-28 02:00:00,temp,1.3,0.7,0,1,0,117.14816120239952
Chamoli,2023-10-29 02:30:00,temp,2.2,1.3,0,1,0,117.14816120239952
Chamoli,2023-10-30 01:45:00,temp,1.1,2.2,0,1,0,117.14816120239952
Champawat,2023-10-15 02:30:00,temp,16.9,16.8,0,1,0,109.09607054565839
Champawat,2023-10-16 02:30:00,temp,16.4,16.9,0,1,0,109.09607054565839
Champawat,2023-10-17 02:30:00,temp,15.9,16.4,0,1,0,109.09607054565839
Champawat,2023-10-18 02:30:00,temp,14.8,15.9,0,1,0,109.09607054565839
Champawat,2023-10-19 02:15:00,temp,14.3,14.8,0,1,0,109.09607054565839
Champawat,2023-10-20 02:30:00,temp,14.0,14.3,0,1,0,109.09607054565839
Champawat,2023-10-21 02:15:00,temp,14.4,14.0,0,1,0,109.09607054565839
Champawat,2023-10-22 02:15:00,temp,14.5,14.4,0,1,0,109.09607054565839
Champawat,2023-10-23 02:15:00,temp,14.7,14.5,0,1,0,109.09607054565839
Champawat,2023-10-24 02:15:00,temp,14.0,14.7,0,1,0,109.09607054565839
Champawat,2023-10-25 02:15:00,temp,14.8,14.0,0,1,0,109.09607054565839
Champawat,2023-10-26 02:00:00,temp,15.1,14.8,0,1,0,109.09607054565839
Champawat,2023-10-27 02:15:00,temp,15.1,15.1,0,1,0,109.09607054565839
Champawat,2023-10-28 02:00:00,temp,14.7,15.1,0,1,0,109.09607054565839
Champawat,2023-10-29 02:30:00,temp,15.0,14.7,0,1,0,109.09607054565839
Champawat,2023-10-30 01:45:00,temp,15.3,15.0,0,1,0,109.09607054565839
Chandauli,2023-10-15 02:30:00,temp,22.7,22.3,0,1,0,136.70890064183413
Chandauli,2023-10-16 02:30:00,temp,23.4,22.7,0,1,0,136.70890064183413
Chandauli,2023-10-17 02:30:00,temp,22.7,23.4,0,1,0,136.70890064183413
Chandauli,2023-10-18 02:30:00,temp,21.6,22.700000000000003,0,1,0,136.70890064183413
Chandauli,2023-10-19 02:30:00,temp,21.2,21.6,0,1,0,136.70890064183413
Chandauli,2023-10-20 02:30:00,temp,20.7,21.2,0,1,0,136.70890064183413
Chandauli,2023-10-21 02:15:00,temp,20.5,20.7,0,1,0,136.70890064183413
Chandauli,2023-10-22 02:30:00,temp,20.0,20.5,0,1,0,136.70890064183413
Chandauli,2023-10-23 02:15:00,temp,19.5,20.0,0,1,0,136.70890064183413
Chandauli,2023-10-24 02:15:00,temp,19.9,19.5,0,1,0,136.70890064183413
Chandauli,2023-10-25 02:30:00,temp,20.2,19.9,0,1,0,136.70890064183413
Chandauli,2023-10-26 02:00:00,temp,20.2,20.2,0,1,0,136.70890064183413
Chandauli,2023-10-27 02:30:00,temp,20.6,20.2,0,1,0,136.70890064183413
Chandauli,2023-10-28 02:00:00,temp,20.1,20.6,0,1,0,136.70890064183413
Chandauli,2023-10-29 02:45:00,temp,20.1,20.1,0,1,0,136.70890064183413
Chandauli,2023-10-30 02:00:00,temp,20.4,20.1,0,1,0,136.70890064183413
Chandel,2023-10-15 02:30:00,temp,25.5,25.7355007478756,1,0,0,70.2474912707699
Chandel,2023-10-16 02:30:00,temp,25.6,25.446950450289894,1,0,0,70.2474912707699
Chandel,2023-10-17 02:15:00,temp,26.2,25.47983288952987,1,0,0,70.2474912707699
Chandel,2023-10-18 02:30:00,temp,26.6,25.679510580088294,1,0,0,70.2474912707699
Chandel,2023-10-19 02:15:00,temp,26.5,25.880613672833533,1,0,0,70.2474912707699
Chandel,2023-10-20 02:30:00,temp,26.7,25.906518421135885,1,0,0,70.2474912707699
Chandel,2023-10-21 02:15:00,temp,26.6,26.064716492188868,1,0,0,70.2474912707699
Chandel,2023-10-22 02:15:00,temp,27.2,26.069053913190764,1,0,0,70.2474912707699
Chandel,2023-10-23 02:15:00,temp,26.1,26.494318187978145,1,0,0,70.2474912707699
Chandel,2023-10-24 02:15:00,temp,24.9,25.854973708480724,1,0,0,70.2474912707699
Chandel,2023-10-25 02:15:00,temp,24.5,25.218693707934758,1,0,0,70.2474912707699
Chandel,2023-10-26 02:00:00,temp,24.7,24.980386775800344,1,0,0,70.2474912707699
Chandel,2023-10-27 02:15:00,temp,24.2,25.07025010251597,1,0,0,70.2474912707699
Chandel,2023-10-28 02:00:00,temp,24.2,24.744792042199578,1,0,0,70.2474912707699
Chandel,2023-10-29 02:30:00,temp,24.5,24.699367113593613,1,0,0,70.2474912707699
Chandel,2023-10-30 01:45:00,temp,26.5,24.86662704840992,1,0,0,70.2474912707699
Chandigarh,2023-10-15 02:30:00,temp,21.2,20.768410842257516,0,1,2,149.05949646155932
Chandigarh,2023-10-16 02:30:00,temp,20.7,21.34563168927199,0,1,2,149.05949646155932
Chandigarh,2023-10-17 02:15:00,temp,19.1,20.663016189391186,0,1,2,149.05949646155932
Chandigarh,2023-10-18 02:30:00,temp,17.5,19.68993130782821,0,1,2,149.05949646155932
Chandigarh,2023-10-19 02:15:00,temp,16.7,18.464265958674464,0,1,2,149.05949646155932
Chandigarh,2023-10-20 02:30:00,temp,17.4,17.637612951014056,0,1,2,149.05949646155932
Chandigarh,2023-10-21 02:15:00,temp,17.3,18.001853018324322,0,1,2,149.05949646155932
Chandigarh,2023-10-22 02:15:00,temp,18.0,17.416906047287046,0,1,2,149.05949646155932
Chandigarh,2023-10-23 02:15:00,temp,18.1,18.185733419599075,0,1,2,149.05949646155932
Chandigarh,2023-10-24 02:15:00,temp,17.8,17.90688954356449,0,1,2,149.05949646155932
Chandigarh,2023-10-25 02:15:00,temp,18.3,17.84234540539133,0,1,2,149.05949646155932
Chandigarh,2023-10-26 02:00:00,temp,18.7,18.28818448625638,0,1,2,149.05949646155932
Chandigarh,2023-10-27 02:15:00,temp,17.8,18.48676845944052,0,1,2,149.05949646155932
Chandigarh,2023-10-28 02:00:00,temp,18.2,17.726755680709335,0,1,2,149.05949646155932
Chandigarh,2023-10-29 02:30:00,temp,18.1,18.396374467651377,0,1,2,149.05949646155932
Chandigarh,2023-10-30 01:45:00,temp,18.7,17.963313636159175,0,1,2,149.05949646155932
Chandrapur,2023-10-15 02:30:00,temp,23.0,23.255918719867374,1,0,0,104.16224341466904
Chandrapur,2023-10-16 02:30:00,temp,22.4,23.24755698782939,1,0,0,104.16224341466904
Chandrapur,2023-10-17 02:30:00,temp,22.2,22.832560911944565,1,0,0,104.16224341466904
Chandrapur,2023-10-18 02:30:00,temp,23.7,22.664163370731945,1,0,0,104.16224341466904
Chandrapur,2023-10-19 02:30:00,temp,22.4,23.68108470780249,1,0,0,104.16224341466904
Chandrapur,2023-10-20 02:30:00,temp,21.9,22.836657710762914,1,0,0,104.16224341466904
Chandrapur,2023-10-21 02:15:00,temp,21.6,22.46368605404879,1,0,0,104.16224341466904
Chandrapur,2023-10-22 02:30:00,temp,19.9,22.19575332179534,1,0,0,104.16224341466904
Chandrapur,2023-10-23 02:15:00,temp,18.9,20.71521309492015,1,0,0,104.16224341466904
Chandrapur,2023-10-24 02:15:00,temp,18.0,19.53798892542672,1,0,0,104.16224341466904
Chandrapur,2023-10-25 02:15:00,temp,18.7,18.438538117771223,1,0,0,104.16224341466904
Chandrapur,2023-10-26 02:00:00,temp,18.5,19.1142757199682,1,0,0,104.16224341466904
Chandrapur,2023-10-27 02:15:00,temp,18.0,18.855781593132484,1,0,0,104.16224341466904
Chandrapur,2023-10-28 02:00:00,temp,18.9,18.30208710161951,1,0,0,104.16224341466904
Chandrapur,2023-10-29 02:45:00,temp,18.5,19.193673242991096,1,0,0,104.16224341466904
Chandrapur,2023-10-30 02:00:00,temp,19.0,18.772311652713658,1,0,0,104.16224341466904
Chatra,2023-10-15 02:30:00,temp,19.8,24.105791396219942,2,1,1,179.77047207760734
Chatra,2023-10-16 02:30:00,temp,25.0,23.71720839419737,2,1,1,179.77047207760734
Chatra,2023-10-17 02:15:00,temp,23.0,26.142120672955915,2,1,1,179.77047207760734
Chatra,2023-10-18 02:30:00,temp,20.2,22.30694595035992,2,1,1,179.77047207760734
Chatra,2023-10-19 02:15:00,temp,19.4,21.553637085865343,2,1,1,179.77047207760734
Chatra,2023-10-20 02:30:00,temp,21.0,21.714757567933205,2,1,1,179.77047207760734
Chatra,2023-10-21 02:15:00,temp,20.0,21.908564509867706,2,1,1,179.77047207760734
Chatra,2023-10-22 02:15:00,temp,18.0,20.01692873288516,2,1,1,179.77047207760734
Chatra,2023-10-23 02:00:00,temp,17.0,19.17167920452551,2,1,1,179.77047207760734
Chatra,2023-10-24 02:15:00,temp,22.0,18.726592637998465,2,1,1,179.77047207760734
Chatra,2023-10-25 02:15:00,temp,22.0,21.441047505461093,2,1,1,179.77047207760734
Chatra,2023-10-26 02:00:00,temp,18.0,19.22939296946585,2,1,1,179.77047207760734
Chatra,2023-10-27 02:15:00,temp,17.3,18.275764511976416,2,1,1,179.77047207760734
Chatra,2023-10-28 02:00:00,temp,20.0,19.808785327403463,2,1,1,179.77047207760734
Chatra,2023-10-29 02:30:00,temp,17.6,20.48248214193189,2,1,1,179.77047207760734
Chatra,2023-10-30 01:45:00,temp,18.2,17.22406262597562,2,1,1,179.77047207760734
Chennai,2023-10-15 02:30:00,temp,27.0,27.691158724656756,0,0,2,138.2306197581965
Chennai,2023-10-16 02:30:00,temp,27.0,27.244190083835896,0,0,2,138.2306197581965
Chennai,2023-10-17 02:30:00,temp,27.0,26.877861394889777,0,0,2,138.2306197581965
Chennai,2023-10-18 02:30:00,temp,27.0,27.225177289808748,0,0,2,138.2306197581965
Chennai,2023-10-19 02:30:00,temp,28.0,27.150199218252517,0,0,2,138.2306197581965
Chennai,2023-10-20 02:30:00,temp,26.0,27.644169504310483,0,0,2,138.2306197581965
Chennai,2023-10-21 02:15:00,temp,28.0,26.64690313835246,0,0,2,138.2306197581965
Chennai,2023-10-22 02:30:00,temp,27.0,27.35890578116317,0,0,2,138.2306197581965
Chennai,2023-10-23 02:15:00,temp,27.0,27.486976692657535,0,0,2,138.2306197581965
Chennai,2023-10-24 02:15:00,temp,26.0,26.912862163134996,0,0,2,138.2306197581965
Chennai,2023-10-25 02:30:00,temp,27.0,26.60882632718883,0,0,2,138.2306197581965
Chennai,2023-10-26 02:00:00,temp,27.0,27.109120452269817,0,0,2,138.2306197581965
Chennai,2023-10-27 02:30:00,temp,27.0,27.275325116675955,0,0,2,138.2306197581965
Chennai,2023-10-28 02:00:00,temp,27.0,27.032291202507253,0,0,2,138.2306197581965
Chennai,2023-10-29 02:45:00,temp,27.0,27.09408973948554,0,0,2,138.2306197581965
Chennai,2023-10-30 02:00:00,temp,25.0,27.13866473256866,0,0,2,138.2306197581965
Chhatarpur,2023-10-15 02:30:00,temp,24.4,23.832112457827904,1,1,1,152.32391694118425
Chhatarpur,2023-10-16 02:30:00,temp,24.2,24.34829822524857,1,1,1,152.32391694118425
Chhatarpur,2023-10-17 02:15:00,temp,20.6,24.22140824899492,1,1,1,152.32391694118425
Chhatarpur,2023-10-18 02:15:00,temp,22.4,21.918288666566195,1,1,1,152.32391694118425
Chhatarpur,2023-10-19 02:15:00,temp,22.3,22.90389429741749,1,1,1,152.32391694118425
Chhatarpur,2023-10-20 02:15:00,temp,21.2,22.76505709551461,1,1,1,152.32391694118425
Chhatarpur,2023-10-21 02:00:00,temp,21.0,21.974074918833722,1,1,1,152.32391694118425
Chhatarpur,2023-10-22 02:15:00,temp,21.0,21.69086635310815,1,1,1,152.32391694118425
Chhatarpur,2023-10-23 02:00:00,temp,19.9,21.55176612297635,1,1,1,152.32391694118425
Chhatarpur,2023-10-24 02:15:00,temp,20.5,20.653852378611006,1,1,1,152.32391694118425
Chhatarpur,2023-10-25 02:15:00,temp,20.5,20.898021026155725,1,1,1,152.32391694118425
Chhatarpur,2023-10-26 02:00:00,temp,20.1,20.79825373410554,1,1,1,152.32391694118425
Chhatarpur,2023-10-27 02:15:00,temp,19.8,20.438705792159816,1,1,1,152.32391694118425
Chhatarpur,2023-10-28 02:00:00,temp,20.2,20.13997753564604,1,1,1,152.32391694118425
Chhatarpur,2023-10-29 02:30:00,temp,20.4,20.32791837915105,1,1,1,152.32391694118425
Chhatarpur,2023-10-30 01:45:00,temp,21.1,20.433130641883736,1,1,1,152.32391694118425
Chhindwara,2023-10-15 02:30:00,temp,22.4,21.396247238173036,2,1,1,98.00390657751569
Chhindwara,2023-10-16 02:30:00,temp,21.6,22.492993585214542,2,1,1,98.00390657751569
Chhindwara,2023-10-17 02:15:00,temp,20.7,21.327916341545755,2,1,1,98.00390657751569
Chhindwara,2023-10-18 02:15:00,temp,20.4,20.571961724137857,2,1,1,98.00390657751569
Chhindwara,2023-10-19 02:15:00,temp,19.8,20.52456549907779,2,1,1,98.00390657751569
Chhindwara,2023-10-20 02:15:00,temp,19.2,19.943940903964325,2,1,1,98.00390657751569
Chhindwara,2023-10-21 02:00:00,temp,18.6,19.426015191476516,2,1,1,98.00390657751569
Chhindwara,2023-10-22 02:15:00,temp,17.9,18.86306547101727,2,1,1,98.00390657751569
Chhindwara,2023-10-23 02:00:00,temp,17.9,17.752532518933783,2,1,1,98.00390657751569
Chhindwara,2023-10-24 02:15:00,temp,17.4,18.2932081627676,2,1,1,98.00390657751569
Chhindwara,2023-10-25 02:15:00,temp,17.5,17.332203827132044,2,1,1,98.00390657751569
Chhindwara,2023-10-26 02:00:00,temp,17.5,17.463903365300492,2,1,1,98.00390657751569
Chhindwara,2023-10-27 02:15:00,temp,17.1,17.54953671010451,2,1,1,98.00390657751569
Chhindwara,2023-10-28 02:00:00,temp,17.4,16.98765274778213,2,1,1,98.00390657751569
Chhindwara,2023-10-29 02:30:00,temp,17.3,17.459248902212185,2,1,1,98.00390657751569
Chhindwara,2023-10-30 01:45:00,temp,17.4,17.29619714292684,2,1,1,98.00390657751569
Chikmagalur,2023-10-15 02:30:00,temp,18.7,19.560909064463075,1,0,0,86.29657762051802
Chikmagalur,2023-10-16 02:30:00,temp,19.2,18.835487217048588,1,0,0,86.29657762051802
Chikmagalur,2023-10-17 02:30:00,temp,19.7,19.194079517167285,1,0,0,86.29657762051802
Chikmagalur,2023-10-18 02:30:00,temp,19.8,19.55224459879124,1,0,0,86.29657762051802
Chikmagalur,2023-10-19 02:15:00,temp,19.1,19.628601989768686,1,0,0,86.29657762051802
Chikmagalur,2023-10-20 02:30:00,temp,20.8,19.129647770704334,1,0,0,86.29657762051802
Chikmagalur,2023-10-21 02:15:00,temp,19.4,20.3228166782097,1,0,0,86.29657762051802
Chikmagalur,2023-10-22 02:15:00,temp,22.1,19.344882765048517,1,0,0,86.29657762051802
Chikmagalur,2023-10-23 02:15:00,temp,21.8,21.147777046325576,1,0,0,86.29657762051802
Chikmagalur,2023-10-24 02:15:00,temp,18.1,21.06207671377632,1,0,0,86.29657762051802
Chikmagalur,2023-10-25 02:15:00,temp,18.0,18.644149870728064,1,0,0,86.29657762051802
Chikmagalur,2023-10-26 02:00:00,temp,17.9,18.55753549221108,1,0,0,86.29657762051802
Chikmagalur,2023-10-27 02:15:00,temp,17.7,18.467237530663503,1,0,0,86.29657762051802
Chikmagalur,2023-10-28 02:00:00,temp,18.7,18.3084516236957,1,0,0,86.29657762051802
Chikmagalur,2023-10-29 02:45:00,temp,19.3,18.91749035446553,1,0,0,86.29657762051802
Chikmagalur,2023-10-30 02:00:00,temp,19.6,19.275300263597593,1,0,0,86.29657762051802
Chitradurga,2023-10-15 02:30:00,temp,24.0,23.23209108953326,0,1,1,119.28102596359969
Chitradurga,2023-10-16 02:30:00,temp,24.4,23.727177588104986,0,1,1,119.28102596359969
Chitradurga,2023-10-17 02:30:00,temp,23.8,24.149221533650277,0,1,1,119.28102596359969
Chitradurga,2023-10-18 02:30:00,temp,23.8,23.93088575193425,0,1,1,119.28102596359969
Chitradurga,2023-10-19 02:15:00,temp,22.6,23.849976753844217,0,1,1,119.28102596359969
Chitradurga,2023-10-20 02:30:00,temp,24.0,23.06881868756366,0,1,1,119.28102596359969
Chitradurga,2023-10-21 02:15:00,temp,23.1,23.636279561313035,0,1,1,119.28102596359969
Chitradurga,2023-10-22 02:15:00,temp,23.0,23.322728475032093,0,1,1,119.28102596359969
Chitradurga,2023-10-23 02:15:00,temp,24.1,23.132887867776738,0,1,1,119.28102596359969
Chitradurga,2023-10-24 02:15:00,temp,21.0,23.69071517632465,0,1,1,119.28102596359969
Chitradurga,2023-10-25 02:15:00,temp,20.6,22.246509510900594,0,1,1,119.28102596359969
Chitradurga,2023-10-26 02:00:00,temp,20.5,21.163014095844726,0,1,1,119.28102596359969
Chitradurga,2023-10-27 02:15:00,temp,19.9,20.70926526484179,0,1,1,119.28102596359969
Chitradurga,2023-10-28 02:00:00,temp,21.4,20.16115007776483,0,1,1,119.28102596359969
Chitradurga,2023-10-29 02:30:00,temp,23.5,20.96266215574956,0,1,1,119.28102596359969
Chitradurga,2023-10-30 02:00:00,temp,24.0,22.707028573637206,0,1,1,119.28102596359969
Chittaurgarh,2023-10-15 02:30:00,temp,23.3,22.955271474056993,0,1,1,116.29358098186837
Chittaurgarh,2023-10-16 02:30:00,temp,23.3,23.125415275795714,0,1,1,116.29358098186837
Chittaurgarh,2023-10-17 02:30:00,temp,22.0,23.209204387453045,0,1,1,116.29358098186837
Chittaurgarh,2023-10-18 02:30:00,temp,21.8,22.665122593254424,0,1,1,116.29358098186837
Chittaurgarh,2023-10-19 02:30:00,temp,21.6,22.266308187625437,0,1,1,116.29358098186837
Chittaurgarh,2023-10-20 02:30:00,temp,21.8,21.93542388436684,0,1,1,116.29358098186837
Chittaurgarh,2023-10-21 02:15:00,temp,22.1,21.867658230213987,0,1,1,116.29358098186837
Chittaurgarh,2023-10-22 02:30:00,temp,24.0,21.980100555635662,0,1,1,116.29358098186837
Chittaurgarh,2023-10-23 02:15:00,temp,22.8,22.919143315562547,0,1,1,116.29358098186837
Chittaurgarh,2023-10-24 02:15:00,temp,21.6,22.858284843581476,0,1,1,116.29358098186837
Chittaurgarh,2023-10-25 02:30:00,temp,21.5,22.303376801862235,0,1,1,116.29358098186837
Chittaurgarh,2023-10-26 02:00:00,temp,21.1,21.941747617548522,0,1,1,116.29358098186837
Chittaurgarh,2023-10-27 02:15:00,temp,20.4,21.527638302235477,0,1,1,116.29358098186837
Chittaurgarh,2023-10-28 02:00:00,temp,20.9,20.919193269976994,0,1,1,116.29358098186837
Chittaurgarh,2023-10-29 02:45:00,temp,21.5,20.908805476340493,0,1,1,116.29358098186837
Chittaurgarh,2023-10-30 02:00:00,temp,21.5,21.21096369148176,0,1,1,116.29358098186837
Chittoor,2023-10-15 02:30:00,temp,22.0,21.546070312944767,0,1,1,144.56576004196393
Chittoor,2023-10-16 02:30:00,temp,22.4,21.763384573498737,0,1,1,144.56576004196393
Chittoor,2023-10-17 02:15:00,temp,21.6,22.036044039614524,0,1,1,144.56576004196393
Chittoor,2023-10-18 02:15:00,temp,21.1,21.853917193832004,0,1,1,144.56576004196393
Chittoor,2023-10-19 02:15:00,temp,20.5,21.53461110736324,0,1,1,144.56576004196393
Chittoor,2023-10-20 02:30:00,temp,20.7,21.07838612511136,0,1,1,144.56576004196393
Chittoor,2023-10-21 02:15:00,temp,21.0,20.90566824441265,0,1,1,144.56576004196393
Chittoor,2023-10-22 02:15:00,temp,21.4,20.94822175480764,0,1,1,144.56576004196393
Chittoor,2023-10-23 02:00:00,temp,21.5,21.1463449534012,0,1,1,144.56576004196393
Chittoor,2023-10-24 02:15:00,temp,20.1,21.30059202284435,0,1,1,144.56576004196393
Chittoor,2023-10-25 02:15:00,temp,20.6,20.782376579269386,0,1,1,144.56576004196393
Chittoor,2023-10-26 02:00:00,temp,20.5,20.702551910194135,0,1,1,144.56576004196393
Chittoor,2023-10-27 02:15:00,temp,20.7,20.61408541106726,0,1,1,144.56576004196393
Chittoor,2023-10-28 02:00:00,temp,21.1,20.651559421785127,0,1,1,144.56576004196393
Chittoor,2023-10-29 02:30:00,temp,21.5,20.845300280601656,0,1,1,144.56576004196393
Chittoor,2023-10-30 01:45:00,temp,21.5,21.129540970685287,0,1,1,144.56576004196393
Churachandpur,2023-10-15 02:30:00,temp,14.7,16.39081507880573,0,1,1,92.67621014522854
Churachandpur,2023-10-16 02:30:00,temp,15.2,15.063385897979463,0,1,1,92.67621014522854
Churachandpur,2023-10-17 02:15:00,temp,15.2,15.168866669185602,0,1,1,92.67621014522854
Churachandpur,2023-10-18 02:30:00,temp,15.2,15.191757468813098,0,1,1,92.67621014522854
Churachandpur,2023-10-19 02:15:00,temp,14.2,15.197802639855587,0,1,1,92.67621014522854
Churachandpur,2023-10-20 02:30:00,temp,14.5,14.46575007621929,0,1,1,92.67621014522854
Churachandpur,2023-10-21 02:15:00,temp,14.6,14.49119227874404,0,1,1,92.67621014522854
Churachandpur,2023-10-22 02:15:00,temp,15.4,14.570827600528155,0,1,1,92.67621014522854
Churachandpur,2023-10-23 02:15:00,temp,17.2,15.17841873607017,0,1,1,92.67621014522854
Churachandpur,2023-10-24 02:15:00,temp,16.3,16.808454433150715,0,1,1,92.67621014522854
Churachandpur,2023-10-25 02:15:00,temp,16.3,16.40115562718803,0,1,1,92.67621014522854
Churachandpur,2023-10-26 02:00:00,temp,15.9,16.324035489702684,0,1,1,92.67621014522854
Churachandpur,2023-10-27 02:15:00,temp,15.0,16.000301419313146,0,1,1,92.67621014522854
Churachandpur,2023-10-28 02:00:00,temp,14.4,15.219315348453906,0,1,1,92.67621014522854
Churachandpur,2023-10-29 02:30:00,temp,14.1,14.5496904081505,0,1,1,92.67621014522854
Churachandpur,2023-10-30 01:45:00,temp,13.9,14.176640013595165,0,1,1,92.67621014522854
Churu,2023-10-15 02:30:00,temp,27.1,28.143408706141166,2,0,2,153.97236175424968
Churu,2023-10-16 02:30:00,temp,27.4,28.199747725733765,2,0,2,153.97236175424968
Churu,2023-10-17 02:30:00,temp,22.6,27.948950195312776,2,0,2,153.97236175424968
Churu,2023-10-18 02:30:00,temp,24.1,25.528921089726257,2,0,2,153.97236175424968
Churu,2023-10-19 02:30:00,temp,23.6,25.02517955301494,2,0,2,153.97236175424968
Churu,2023-10-20 02:30:00,temp,23.8,26.098354712305063,2,0,2,153.97236175424968
Churu,2023-10-21 02:15:00,temp,25.2,27.185808168250112,2,0,2,153.97236175424968
Churu,2023-10-22 02:30:00,temp,25.1,27.371854159544885,2,0,2,153.97236175424968
Churu,2023-10-23 02:15:00,temp,24.9,26.472130732979863,2,0,2,153.97236175424968
Churu,2023-10-24 02:15:00,temp,24.0,25.895556729260857,2,0,2,153.97236175424968
Churu,2023-10-25 02:30:00,temp,24.9,25.30052113857602,2,0,2,153.97236175424968
Churu,2023-10-26 02:00:00,temp,24.6,25.866211743057168,2,0,2,153.97236175424968
Churu,2023-10-27 02:15:00,temp,24.1,26.186113035259094,2,0,2,153.97236175424968
Churu,2023-10-28 02:00:00,temp,25.0,25.52512372171631,2,0,2,153.97236175424968
Churu,2023-10-29 02:45:00,temp,26.7,25.63360874064767,2,0,2,153.97236175424968
Churu,2023-10-30 02:00:00,temp,25.7,27.17722207381979,2,0,2,153.97236175424968
Coimbatore,2023-10-15 02:30:00,temp,23.6,24.419995070806767,0,0,0,105.74102381217331
Coimbatore,2023-10-16 02:30:00,temp,26.0,24.402168794638875,0,0,0,105.74102381217331
Coimbatore,2023-10-17 02:30:00,temp,23.0,24.43616525504357,0,0,0,105.74102381217331
Coimbatore,2023-10-18 02:30:00,temp,24.0,24.406245041928663,0,0,0,105.74102381217331
Coimbatore,2023-10-19 02:30:00,temp,26.0,24.397954225266464,0,0,0,105.74102381217331
Coimbatore,2023-10-20 02:30:00,temp,26.0,24.429995058670322,0,0,0,105.74102381217331
Coimbatore,2023-10-21 02:15:00,temp,25.0,24.460779355458563,0,0,0,105.74102381217331
Coimbatore,2023-10-22 02:30:00,temp,26.0,24.47114889593109,0,0,0,105.74102381217331
Coimbatore,2023-10-23 02:15:00,temp,25.0,24.49999505101793,0,0,0,105.74102381217331
Coimbatore,2023-10-24 02:15:00,temp,24.0,24.50925424984955,0,0,0,105.74102381217331
Coimbatore,2023-10-25 02:30:00,temp,25.0,24.499994819559976,0,0,0,105.74102381217331
Coimbatore,2023-10-26 02:00:00,temp,26.0,24.508923770707558,0,0,0,105.74102381217331
Coimbatore,2023-10-27 02:30:00,temp,27.0,24.53508277599931,0,0,0,105.74102381217331
Coimbatore,2023-10-28 02:00:00,temp,26.0,24.577581116490695,0,0,0,105.74102381217331
Coimbatore,2023-10-29 02:45:00,temp,26.0,24.601689912141932,0,0,0,105.74102381217331
Coimbatore,2023-10-30 02:00:00,temp,25.0,24.624994969035853,0,0,0,105.74102381217331
Cuddalore,2023-10-15 02:30:00,temp,26.9,26.459303343053552,0,0,1,106.7332802173598
Cuddalore,2023-10-16 02:30:00,temp,26.7,26.681094404708954,0,0,1,106.7332802173598
Cuddalore,2023-10-17 02:30:00,temp,26.8,26.576331842305443,0,0,1,106.7332802173598
Cuddalore,2023-10-18 02:30:00,temp,26.3,26.633496662649424,0,0,1,106.7332802173598
Cuddalore,2023-10-19 02:30:00,temp,26.3,26.48628640194533,0,0,1,106.7332802173598
Cuddalore,2023-10-20 02:30:00,temp,26.1,26.517857425602,0,0,1,106.7332802173598
Cuddalore,2023-10-21 02:15:00,temp,26.1,26.448910774579765,0,0,1,106.7332802173598
Cuddalore,2023-10-22 02:30:00,temp,25.3,26.4568690922708,0,0,1,106.7332802173598
Cuddalore,2023-10-23 02:15:00,temp,26.1,26.213936482846368,0,0,1,106.7332802173598
Cuddalore,2023-10-24 02:15:00,temp,26.1,26.486247697358625,0,0,1,106.7332802173598
Cuddalore,2023-10-25 02:30:00,temp,26.5,26.404481109925996,0,0,1,106.7332802173598
Cuddalore,2023-10-26 02:00:00,temp,27.0,26.53409908901975,0,0,1,106.7332802173598
Cuddalore,2023-10-27 02:30:00,temp,26.9,26.643528650032305,0,0,1,106.7332802173598
Cuddalore,2023-10-28 02:00:00,temp,26.9,26.59377427638939,0,0,1,106.7332802173598
Cuddalore,2023-10-29 02:45:00,temp,26.3,26.61441259040379,0,0,1,106.7332802173598
Cuddalore,2023-10-30 02:00:00,temp,26.2,26.440394887016367,0,0,1,106.7332802173598
Cuttack,2023-10-15 02:30:00,temp,27.0,26.293612412330756,1,0,0,101.5822364239057
Cuttack,2023-10-16 02:30:00,temp,25.0,26.760366059244223,1,0,0,101.5822364239057
Cuttack,2023-10-17 02:30:00,temp,26.0,26.365684611637114,1,0,0,101.5822364239057
Cuttack,2023-10-18 02:30:00,temp,25.0,26.5184854998026,1,0,0,101.5822364239057
Cuttack,2023-10-19 02:30:00,temp,26.0,26.231764030662063,1,0,0,101.5822364239057
Cuttack,2023-10-20 02:30:00,temp,24.0,26.45295110679218,1,0,0,101.5822364239057
Cuttack,2023-10-21 02:15:00,temp,24.0,25.79184530757147,1,0,0,101.5822364239057
Cuttack,2023-10-22 02:30:00,temp,24.0,25.447800641760768,1,0,0,101.5822364239057
Cuttack,2023-10-23 02:15:00,temp,25.0,25.21727571406444,1,0,0,101.5822364239057
Cuttack,2023-10-24 02:15:00,temp,25.0,25.69495921878793,1,0,0,101.5822364239057
Cuttack,2023-10-25 02:15:00,temp,24.0,25.656048683221428,1,0,0,101.5822364239057
Cuttack,2023-10-26 02:00:00,temp,25.0,25.001359105769144,1,0,0,101.5822364239057
Cuttack,2023-10-27 02:15:00,temp,23.0,25.569463793999656,1,0,0,101.5822364239057
Cuttack,2023-10-28 02:00:00,temp,22.0,24.21466703828225,1,0,0,101.5822364239057
Cuttack,2023-10-29 02:45:00,temp,21.0,23.153058499830653,1,0,0,101.5822364239057
Cuttack,2023-10-30 02:00:00,temp,21.0,21.933107223729344,1,0,0,101.5822364239057
Dadra,2023-10-15 02:30:00,temp,26.2,26.44502583293029,2,0,2,82.48909892929294
Dadra,2023-10-16 02:30:00,temp,25.8,26.207403799557206,2,0,2,82.48909892929294
Dadra,2023-10-17 02:15:00,temp,26.4,25.813711505872774,2,0,2,82.48909892929294
Dadra,2023-10-18 02:15:00,temp,25.8,26.022985527488295,2,0,2,82.48909892929294
Dadra,2023-10-19 02:15:00,temp,25.5,25.67227869604268,2,0,2,82.48909892929294
Dadra,2023-10-20 02:30:00,temp,25.2,25.38754842568812,2,0,2,82.48909892929294
Dadra,2023-10-21 02:15:00,temp,26.5,25.156619519543803,2,0,2,82.48909892929294
Dadra,2023-10-22 02:15:00,temp,26.5,25.72850441117773,2,0,2,82.48909892929294
Dadra,2023-10-23 02:00:00,temp,25.6,26.24337651087321,2,0,2,82.48909892929294
Dadra,2023-10-24 02:15:00,temp,26.9,25.3379584584973,2,0,2,82.48909892929294
Dadra,2023-10-25 02:15:00,temp,25.2,25.93873737199586,2,0,2,82.48909892929294
Dadra,2023-10-26 02:00:00,temp,24.6,25.425057432365694,2,0,2,82.48909892929294
Dadra,2023-10-27 02:15:00,temp,24.6,24.618139073317437,2,0,2,82.48909892929294
Dadra,2023-10-28 02:00:00,temp,23.6,24.547001243909403,2,0,2,82.48909892929294
Dadra,2023-10-29 02:30:00,temp,23.8,24.41280039634176,2,0,2,82.48909892929294
Dadra,2023-10-30 01:45:00,temp,24.4,24.18404406877014,2,0,2,82.48909892929294
Daman,2023-10-15 02:30:00,temp,25.9,26.071900456322226,2,0,1,91.91794674608542
Daman,2023-10-16 02:30:00,temp,25.4,25.91005385861735,2,0,1,91.91794674608542
Daman,2023-10-17 02:15:00,temp,26.2,25.470278829433788,2,0,1,91.91794674608542
Daman,2023-10-18 02:15:00,temp,25.4,25.831977748049987,2,0,1,91.91794674608542
Daman,2023-10-19 02:15:00,temp,24.7,25.351931193749408,2,0,1,91.91794674608542
Daman,2023-10-20 02:30:00,temp,24.3,24.883146620218064,2,0,1,91.91794674608542
Daman,2023-10-21 02:15:00,temp,25.9,24.61666049855461,2,0,1,91.91794674608542
Daman,2023-10-22 02:15:00,temp,26.7,25.73520585742597,2,0,1,91.91794674608542
Daman,2023-10-23 02:00:00,temp,25.1,26.245621342794475,2,0,1,91.91794674608542
Daman,2023-10-24 02:15:00,temp,26.6,25.083543822953466,2,0,1,91.91794674608542
Daman,2023-10-25 02:15:00,temp,24.5,26.0369268558192,2,0,1,91.91794674608542
Daman,2023-10-26 02:00:00,temp,24.0,25.00563609446034,2,0,1,91.91794674608542
Daman,2023-10-27 02:15:00,temp,23.8,24.47787471646158,2,0,1,91.91794674608542
Daman,2023-10-28 02:00:00,temp,22.7,24.360163905000125,2,0,1,91.91794674608542
Daman,2023-10-29 02:30:00,temp,23.1,23.565204202453128,2,0,1,91.91794674608542
Daman,2023-10-30 01:45:00,temp,23.6,23.716232963038646,2,0,1,91.91794674608542
Damoh,2023-10-15 02:30:00,temp,24.7,22.3,0,1,0,126.49502647140325
Damoh,2023-10-16 02:30:00,temp,23.5,24.7,0,1,0,126.49502647140325
Damoh,2023-10-17 02:15:00,temp,21.7,23.5,0,1,0,126.49502647140325
Damoh,2023-10-18 02:15:00,temp,21.8,21.7,0,1,0,126.49502647140325
Damoh,2023-10-19 02:15:00,temp,22.4,21.8,0,1,0,126.49502647140325
Damoh,2023-10-20 02:15:00,temp,20.6,22.4,0,1,0,126.49502647140325
Damoh,2023-10-21 02:00:00,temp,20.3,20.6,0,1,0,126.49502647140325
Damoh,2023-10-22 02:15:00,temp,19.7,20.3,0,1,0,126.49502647140325
Damoh,2023-10-23 02:00:00,temp,18.5,19.7,0,1,0,126.49502647140325
Damoh,2023-10-24 02:15:00,temp,18.7,18.5,0,1,0,126.49502647140325
Damoh,2023-10-25 02:15:00,temp,18.9,18.7,0,1,0,126.49502647140325
Damoh,2023-10-26 02:00:00,temp,18.6,18.9,0,1,0,126.49502647140325
Damoh,2023-10-27 02:15:00,temp,18.6,18.6,0,1,0,126.49502647140325
Damoh,2023-10-28 02:00:00,temp,18.3,18.6,0,1,0,126.49502647140325
Damoh,2023-10-29 02:30:00,temp,18.5,18.3,0,1,0,126.49502647140325
Damoh,2023-10-30 01:45:00,temp,19.0,18.5,0,1,0,126.49502647140325
Darbhanga,2023-10-15 02:30:00,temp,22.4,21.965922136974168,1,1,1,156.00733403072323
Darbhanga,2023-10-16 02:30:00,temp,23.4,22.924086227143967,1,1,1,156.00733403072323
Darbhanga,2023-10-17 02:15:00,temp,23.0,22.863353863313097,1,1,1,156.00733403072323
Darbhanga,2023-10-18 02:30:00,temp,22.7,23.53457691396405,1,1,1,156.00733403072323
Darbhanga,2023-10-19 02:15:00,temp,21.2,22.18406708544926,1,1,1,156.00733403072323
Darbhanga,2023-10-20 02:30:00,temp,20.9,21.738360533829617,1,1,1,156.00733403072323
Darbhanga,2023-10-21 02:15:00,temp,20.6,20.3794500958766,1,1,1,156.00733403072323
Darbhanga,2023-10-22 02:15:00,temp,20.3,21.116559511108377,1,1,1,156.00733403072323
Darbhanga,2023-10-23 02:15:00,temp,20.9,19.8000117756221,1,1,1,156.00733403072323
Darbhanga,2023-10-24 02:15:00,temp,21.5,21.377115799287544,1,1,1,156.00733403072323
Darbhanga,2023-10-25 02:15:00,temp,22.1,21.01978829171402,1,1,1,156.00733403072323
Darbhanga,2023-10-26 02:00:00,temp,21.7,22.558518643920316,1,1,1,156.00733403072323
Darbhanga,2023-10-27 02:15:00,temp,21.4,21.257546574252345,1,1,1,156.00733403072323
Darbhanga,2023-10-28 02:00:00,temp,21.5,21.840084635048793,1,1,1,156.00733403072323
Darbhanga,2023-10-29 02:30:00,temp,21.5,21.065294837457408,1,1,1,156.00733403072323
Darbhanga,2023-10-30 01:45:00,temp,21.0,21.926930453772417,1,1,1,156.00733403072323
Darjiling,2023-10-15 02:30:00,temp,18.6,18.28095617526644,0,1,1,242.86240821374244
Darjiling,2023-10-16 02:30:00,temp,17.3,18.318133085078834,0,1,1,242.86240821374244
Darjiling,2023-10-17 02:30:00,temp,17.0,18.210231897528327,0,1,1,242.86240821374244
Darjiling,2023-10-18 02:30:00,temp,16.0,18.077063558329925,0,1,1,242.86240821374244
Darjiling,2023-10-19 02:15:00,temp,15.4,17.830231826308992,0,1,1,242.86240821374244
Darjiling,2023-10-20 02:30:00,temp,15.2,17.4978677682997,0,1,1,242.86240821374244
Darjiling,2023-10-21 02:15:00,temp,15.0,17.112415612138875,0,1,1,242.86240821374244
Darjiling,2023-10-22 02:15:00,temp,16.4,16.6492347701839,0,1,1,242.86240821374244
Darjiling,2023-10-23 02:15:00,temp,16.3,16.59415086936188,0,1,1,242.86240821374244
Darjiling,2023-10-24 02:15:00,temp,16.6,16.53301111789087,0,1,1,242.86240821374244
Darjiling,2023-10-25 02:15:00,temp,17.2,16.55222704861316,0,1,1,242.86240821374244
Darjiling,2023-10-26 02:00:00,temp,16.2,16.67776573103361,0,1,1,242.86240821374244
Darjiling,2023-10-27 02:15:00,temp,15.7,16.597583834953745,0,1,1,242.86240821374244
Darjiling,2023-10-28 02:00:00,temp,15.1,16.442513595436637,0,1,1,242.86240821374244
Darjiling,2023-10-29 02:45:00,temp,16.9,16.19801897206116,0,1,1,242.86240821374244
Darjiling,2023-10-30 02:00:00,temp,16.9,16.33065516895147,0,1,1,242.86240821374244
Darrang,2023-10-15 02:30:00,temp,20.8,21.5,0,1,0,100.04970390930448
Darrang,2023-10-16 02:30:00,temp,21.0,20.800000000000004,0,1,0,100.04970390930448
Darrang,2023-10-17 02:15:00,temp,20.5,21.0,0,1,0,100.04970390930448
Darrang,2023-10-18 02:30:00,temp,20.7,20.5,0,1,0,100.04970390930448
Darrang,2023-10-19 02:15:00,temp,20.1,20.7,0,1,0,100.04970390930448
Darrang,2023-10-20 02:30:00,temp,19.7,20.1,0,1,0,100.04970390930448
Darrang,2023-10-21 02:15:00,temp,19.7,19.7,0,1,0,100.04970390930448
Darrang,2023-10-22 02:15:00,temp,19.1,19.7,0,1,0,100.04970390930448
Darrang,2023-10-23 02:15:00,temp,18.9,19.1,0,1,0,100.04970390930448
Darrang,2023-10-24 02:15:00,temp,19.8,18.9,0,1,0,100.04970390930448
Darrang,2023-10-25 02:15:00,temp,19.3,19.8,0,1,0,100.04970390930448
Darrang,2023-10-26 02:00:00,temp,19.4,19.3,0,1,0,100.04970390930448
Darrang,2023-10-27 02:15:00,temp,20.0,19.4,0,1,0,100.04970390930448
Darrang,2023-10-28 02:00:00,temp,19.3,20.0,0,1,0,100.04970390930448
Darrang,2023-10-29 02:30:00,temp,19.2,19.3,0,1,0,100.04970390930448
Darrang,2023-10-30 01:45:00,temp,19.7,19.2,0,1,0,100.04970390930448
Datia,2023-10-15 02:30:00,temp,26.4,25.497165056330363,1,0,0,143.7097937356713
Datia,2023-10-16 02:30:00,temp,26.2,26.13929870585365,1,0,0,143.7097937356713
Datia,2023-10-17 02:15:00,temp,20.9,26.02782506490407,1,0,0,143.7097937356713
Datia,2023-10-18 02:15:00,temp,23.5,23.070840829551347,1,0,0,143.7097937356713
Datia,2023-10-19 02:15:00,temp,23.4,24.513075239949284,1,0,0,143.7097937356713
Datia,2023-10-20 02:15:00,temp,23.0,24.39453077128869,1,0,0,143.7097937356713
Datia,2023-10-21 02:00:00,temp,22.4,24.088566441137274,1,0,0,143.7097937356713
Datia,2023-10-22 02:15:00,temp,22.4,23.616488392964747,1,0,0,143.7097937356713
Datia,2023-10-23 02:00:00,temp,21.8,23.512715094999553,1,0,0,143.7097937356713
Datia,2023-10-24 02:15:00,temp,21.9,22.985600072309868,1,0,0,143.7097937356713
Datia,2023-10-25 02:15:00,temp,21.6,22.95220964105619,1,0,0,143.7097937356713
Datia,2023-10-26 02:00:00,temp,21.7,22.630935204296943,1,0,0,143.7097937356713
Datia,2023-10-27 02:15:00,temp,21.1,22.624861223261526,1,0,0,143.7097937356713
Datia,2023-10-28 02:00:00,temp,21.6,22.063485055338912,1,0,0,143.7097937356713
Datia,2023-10-29 02:30:00,temp,22.0,22.402130263641652,1,0,0,143.7097937356713
Datia,2023-10-30 01:45:00,temp,22.5,22.681333746254722,1,0,0,143.7097937356713
Dausa,2023-10-15 02:30:00,temp,29.0,27.30672188792016,0,1,2,150.16105986249863
Dausa,2023-10-16 02:30:00,temp,26.0,27.6254951613688,0,1,2,150.16105986249863
Dausa,2023-10-17 02:30:00,temp,22.0,25.71764928132578,0,1,2,150.16105986249863
Dausa,2023-10-18 02:30:00,temp,23.0,23.785355610401474,0,1,2,150.16105986249863
Dausa,2023-10-19 02:30:00,temp,23.0,25.201604631671376,0,1,2,150.16105986249863
Dausa,2023-10-20 02:30:00,temp,23.0,23.90828086187832,0,1,2,150.16105986249863
Dausa,2023-10-21 02:15:00,temp,23.0,24.298081138967603,0,1,2,150.16105986249863
Dausa,2023-10-22 02:30:00,temp,24.0,23.591598535890377,0,1,2,150.16105986249863
Dausa,2023-10-23 02:15:00,temp,24.0,24.516526758116335,0,1,2,150.16105986249863
Dausa,2023-10-24 02:15:00,temp,23.0,23.904260907920463,0,1,2,150.16105986249863
Dausa,2023-10-25 02:30:00,temp,24.0,23.38556477826504,0,1,2,150.16105986249863
Dausa,2023-10-26 02:00:00,temp,22.0,24.324816623688594,0,1,2,150.16105986249863
Dausa,2023-10-27 02:15:00,temp,21.0,22.158321540630634,0,1,2,150.16105986249863
Dausa,2023-10-28 02:00:00,temp,24.0,22.258856088841892,0,1,2,150.16105986249863
Dausa,2023-10-29 02:45:00,temp,21.0,24.270505455018803,0,1,2,150.16105986249863
Dausa,2023-10-30 02:00:00,temp,23.0,20.877097048345266,0,1,2,150.16105986249863
Dehradun,2023-10-15 02:30:00,temp,17.6,16.9,0,1,0,119.82151318474358
Dehradun,2023-10-16 02:30:00,temp,16.4,17.6,0,1,0,119.82151318474358
Dehradun,2023-10-17 02:30:00,temp,13.9,16.4,0,1,0,119.82151318474358
Dehradun,2023-10-18 02:30:00,temp,13.8,13.900000000000002,0,1,0,119.82151318474358
Dehradun,2023-10-19 02:15:00,temp,13.7,13.8,0,1,0,119.82151318474358
Dehradun,2023-10-20 02:30:00,temp,13.8,13.7,0,1,0,119.82151318474358
Dehradun,2023-10-21 02:15:00,temp,13.9,13.8,0,1,0,119.82151318474358
Dehradun,2023-10-22 02:15:00,temp,14.5,13.9,0,1,0,119.82151318474358
Dehradun,2023-10-23 02:15:00,temp,14.3,14.5,0,1,0,119.82151318474358
Dehradun,2023-10-24 02:15:00,temp,14.1,14.3,0,1,0,119.82151318474358
Dehradun,2023-10-25 02:15:00,temp,14.4,14.1,0,1,0,119.82151318474358
Dehradun,2023-10-26 02:00:00,temp,15.0,14.4,0,1,0,119.82151318474358
Dehradun,2023-10-27 02:15:00,temp,14.8,15.0,0,1,0,119.82151318474358
Dehradun,2023-10-28 02:00:00,temp,14.8,14.8,0,1,0,119.82151318474358
Dehradun,2023-10-29 02:30:00,temp,14.9,14.8,0,1,0,119.82151318474358
Dehradun,2023-10-30 01:45:00,temp,15.0,14.9,0,1,0,119.82151318474358
Deoghar,2023-10-15 02:30:00,temp,22.4,24.491183851645598,0,0,2,127.73977104294359
Deoghar,2023-10-16 02:30:00,temp,23.5,24.0839135303767,0,0,2,127.73977104294359
Deoghar,2023-10-17 02:15:00,temp,23.5,22.79925718998377,0,0,2,127.73977104294359
Deoghar,2023-10-18 02:30:00,temp,23.4,25.188665122230574,0,0,2,127.73977104294359
Deoghar,2023-10-19 02:15:00,temp,21.9,23.971831790374853,0,0,2,127.73977104294359
Deoghar,2023-10-20 02:30:00,temp,21.7,22.480554010334693,0,0,2,127.73977104294359
Deoghar,2023-10-21 02:15:00,temp,21.0,23.287254358842656,0,0,2,127.73977104294359
Deoghar,2023-10-22 02:15:00,temp,20.6,22.693017368792226,0,0,2,127.73977104294359
Deoghar,2023-10-23 02:00:00,temp,20.7,21.790035352379615,0,0,2,127.73977104294359
Deoghar,2023-10-24 02:15:00,temp,21.5,22.73514186331106,0,0,2,127.73977104294359
Deoghar,2023-10-25 02:15:00,temp,21.8,23.004332586735842,0,0,2,127.73977104294359
Deoghar,2023-10-26 02:00:00,temp,21.8,22.83914539184867,0,0,2,127.73977104294359
Deoghar,2023-10-27 02:15:00,temp,21.1,22.959410481248614,0,0,2,127.73977104294359
Deoghar,2023-10-28 02:00:00,temp,21.0,22.166876524775873,0,0,2,127.73977104294359
Deoghar,2023-10-29 02:30:00,temp,21.3,22.20363322929508,0,0,2,127.73977104294359
Deoghar,2023-10-30 01:45:00,temp,21.5,22.8881808669909,0,0,2,127.73977104294359
Deoria,2023-10-15 02:30:00,temp,22.9,21.99399722576066,1,1,1,136.25693504543497
Deoria,2023-10-16 02:30:00,temp,23.0,23.39046433590492,1,1,1,136.25693504543497
Deoria,2023-10-17 02:30:00,temp,22.8,22.5680015636696,1,1,1,136.25693504543497
Deoria,2023-10-18 02:30:00,temp,22.1,23.1385598605026,1,1,1,136.25693504543497
Deoria,2023-10-19 02:30:00,temp,20.7,21.50106828667716,1,1,1,136.25693504543497
Deoria,2023-10-20 02:30:00,temp,20.4,20.734207403050725,1,1,1,136.25693504543497
Deoria,2023-10-21 02:15:00,temp,20.2,20.24227596823271,1,1,1,136.25693504543497
Deoria,2023-10-22 02:30:00,temp,20.5,20.272105233262263,1,1,1,136.25693504543497
Deoria,2023-10-23 02:15:00,temp,20.8,20.553850267374326,1,1,1,136.25693504543497
Deoria,2023-10-24 02:15:00,temp,21.1,20.872127159152168,1,1,1,136.25693504543497
Deoria,2023-10-25 02:30:00,temp,22.1,21.154431122666196,1,1,1,136.25693504543497
Deoria,2023-10-26 02:00:00,temp,22.4,22.46657879245196,1,1,1,136.25693504543497
Deoria,2023-10-27 02:30:00,temp,21.6,22.165976962742615,1,1,1,136.25693504543497
Deoria,2023-10-28 02:00:00,temp,21.3,21.49260555634167,1,1,1,136.25693504543497
Deoria,2023-10-29 02:45:00,temp,21.5,21.27805064528894,1,1,1,136.25693504543497
Deoria,2023-10-30 02:00:00,temp,20.8,21.606923072938606,1,1,1,136.25693504543497
Dewas,2023-10-15 02:30:00,temp,22.7,21.370821609175863,0,1,1,128.5088745284623
Dewas,2023-10-16 02:30:00,temp,24.5,22.189348005603353,0,1,1,128.5088745284623
Dewas,2023-10-17 02:15:00,temp,22.0,23.84290440866047,0,1,1,128.5088745284623
Dewas,2023-10-18 02:15:00,temp,21.6,22.640196002352898,0,1,1,128.5088745284623
Dewas,2023-10-19 02:15:00,temp,22.0,22.030759793769974,0,1,1,128.5088745284623
Dewas,2023-10-20 02:15:00,temp,21.8,22.012441433627608,0,1,1,128.5088745284623
Dewas,2023-10-21 02:00:00,temp,21.2,21.886907256838427,0,1,1,128.5088745284623
Dewas,2023-10-22 02:15:00,temp,21.8,21.47663979852878,0,1,1,128.5088745284623
Dewas,2023-10-23 02:00:00,temp,23.0,21.66941543501352,0,1,1,128.5088745284623
Dewas,2023-10-24 02:15:00,temp,21.7,22.450942336435478,0,1,1,128.5088745284623
Dewas,2023-10-25 02:15:00,temp,20.2,22.014403778953916,0,1,1,128.5088745284623
Dewas,2023-10-26 02:00:00,temp,20.0,20.978117332459416,0,1,1,128.5088745284623
Dewas,2023-10-27 02:15:00,temp,19.7,20.33849876789127,0,1,1,128.5088745284623
Dewas,2023-10-28 02:00:00,temp,19.0,19.91471621034416,0,1,1,128.5088745284623
Dewas,2023-10-29 02:30:00,temp,18.0,19.298544381185838,0,1,1,128.5088745284623
Dewas,2023-10-30 01:45:00,temp,20.4,18.383756838429886,0,1,1,128.5088745284623
Dhalai,2023-10-15 02:30:00,temp,19.8,20.644411781871906,1,1,0,71.09486439251837
Dhalai,2023-10-16 02:30:00,temp,20.3,20.03562161420737,1,1,0,71.09486439251837
Dhalai,2023-10-17 02:15:00,temp,21.4,20.125244142968576,1,1,0,71.09486439251837
Dhalai,2023-10-18 02:30:00,temp,20.1,21.063914787358634,1,1,0,71.09486439251837
Dhalai,2023-10-19 02:15:00,temp,19.5,20.583099872458998,1,1,0,71.09486439251837
Dhalai,2023-10-20 02:30:00,temp,19.3,19.674991758497324,1,1,0,71.09486439251837
Dhalai,2023-10-21 02:15:00,temp,19.5,19.355844399903607,1,1,0,71.09486439251837
Dhalai,2023-10-22 02:15:00,temp,20.1,19.443816127350253,1,1,0,71.09486439251837
Dhalai,2023-10-23 02:15:00,temp,19.6,19.93582649129696,1,1,0,71.09486439251837
Dhalai,2023-10-24 02:15:00,temp,20.8,19.74230990729959,1,1,0,71.09486439251837
Dhalai,2023-10-25 02:15:00,temp,21.7,20.424836271016652,1,1,0,71.09486439251837
Dhalai,2023-10-26 02:00:00,temp,19.4,21.487255390806034,1,1,0,71.09486439251837
Dhalai,2023-10-27 02:15:00,temp,19.4,20.146907959171113,1,1,0,71.09486439251837
Dhalai,2023-10-28 02:00:00,temp,19.2,19.4,1,1,0,71.09486439251837
Dhalai,2023-10-29 02:30:00,temp,19.1,19.251928820271,1,1,0,71.09486439251837
Dhalai,2023-10-30 01:45:00,temp,19.6,19.125856187649738,1,1,0,71.09486439251837
Dhamtari,2023-10-15 02:30:00,temp,22.1,22.00909766369719,2,1,1,99.80909795035416
Dhamtari,2023-10-16 02:30:00,temp,21.9,22.086382346416197,2,1,1,99.80909795035416
Dhamtari,2023-10-17 02:30:00,temp,20.9,21.8989004817309,2,1,1,99.80909795035416
Dhamtari,2023-10-18 02:30:00,temp,21.6,20.81959573489898,2,1,1,99.80909795035416
Dhamtari,2023-10-19 02:15:00,temp,20.8,22.052941820403728,2,1,1,99.80909795035416
Dhamtari,2023-10-20 02:30:00,temp,20.8,20.824943006981954,2,1,1,99.80909795035416
Dhamtari,2023-10-21 02:15:00,temp,19.7,21.10447627666608,2,1,1,99.80909795035416
Dhamtari,2023-10-22 02:15:00,temp,18.0,19.806399534176123,2,1,1,99.80909795035416
Dhamtari,2023-10-23 02:15:00,temp,17.2,18.0364789459903,2,1,1,99.80909795035416
Dhamtari,2023-10-24 02:15:00,temp,17.0,17.544010266758374,2,1,1,99.80909795035416
Dhamtari,2023-10-25 02:15:00,temp,17.6,17.42872995864905,2,1,1,99.80909795035416
Dhamtari,2023-10-26 02:00:00,temp,17.9,18.196259185121722,2,1,1,99.80909795035416
Dhamtari,2023-10-27 02:15:00,temp,17.1,18.211161806111875,2,1,1,99.80909795035416
Dhamtari,2023-10-28 02:00:00,temp,17.6,16.8884349266635,2,1,1,99.80909795035416
Dhamtari,2023-10-29 02:30:00,temp,17.3,17.894882961566424,2,1,1,99.80909795035416
Dhamtari,2023-10-30 01:45:00,temp,17.9,17.26745418373746,2,1,1,99.80909795035416
Dhanbad,2023-10-15 02:30:00,temp,22.6,24.3,0,1,0,129.88093876743665
Dhanbad,2023-10-16 02:30:00,temp,23.3,22.6,0,1,0,129.88093876743665
Dhanbad,2023-10-17 02:15:00,temp,24.1,23.3,0,1,0,129.88093876743665
Dhanbad,2023-10-18 02:30:00,temp,23.7,24.1,0,1,0,129.88093876743665
Dhanbad,2023-10-19 02:15:00,temp,22.9,23.7,0,1,0,129.88093876743665
Dhanbad,2023-10-20 02:30:00,temp,22.5,22.9,0,1,0,129.88093876743665
Dhanbad,2023-10-21 02:15:00,temp,21.5,22.5,0,1,0,129.88093876743665
Dhanbad,2023-10-22 02:15:00,temp,21.0,21.5,0,1,0,129.88093876743665
Dhanbad,2023-10-23 02:00:00,temp,21.1,21.0,0,1,0,129.88093876743665
Dhanbad,2023-10-24 02:15:00,temp,22.1,21.1,0,1,0,129.88093876743665
Dhanbad,2023-10-25 02:15:00,temp,22.9,22.1,0,1,0,129.88093876743665
Dhanbad,2023-10-26 02:00:00,temp,24.0,22.9,0,1,0,129.88093876743665
Dhanbad,2023-10-27 02:15:00,temp,21.7,24.0,0,1,0,129.88093876743665
Dhanbad,2023-10-28 02:00:00,temp,21.9,21.7,0,1,0,129.88093876743665
Dhanbad,2023-10-29 02:30:00,temp,21.4,21.9,0,1,0,129.88093876743665
Dhanbad,2023-10-30 01:45:00,temp,21.7,21.4,0,1,0,129.88093876743665
Dhar,2023-10-15 02:30:00,temp,24.5,21.76065262555819,0,1,1,131.3026365198573
Dhar,2023-10-16 02:30:00,temp,24.1,23.603412991292213,0,1,1,131.3026365198573
Dhar,2023-10-17 02:15:00,temp,22.4,23.95891207086094,0,1,1,131.3026365198573
Dhar,2023-10-18 02:15:00,temp,22.0,23.01135042136334,0,1,1,131.3026365198573
Dhar,2023-10-19 02:15:00,temp,22.5,22.40373193185482,0,1,1,131.3026365198573
Dhar,2023-10-20 02:15:00,temp,22.5,22.462702726562636,0,1,1,131.3026365198573
Dhar,2023-10-21 02:00:00,temp,22.9,22.48491457483525,0,1,1,131.3026365198573
Dhar,2023-10-22 02:15:00,temp,22.6,22.73005370325597,0,1,1,131.3026365198573
Dhar,2023-10-23 02:00:00,temp,23.0,22.653255409371997,0,1,1,131.3026365198573
Dhar,2023-10-24 02:15:00,temp,22.6,22.857392619154595,0,1,1,131.3026365198573
Dhar,2023-10-25 02:15:00,temp,21.6,22.70615317302697,0,1,1,131.3026365198573
Dhar,2023-10-26 02:00:00,temp,20.0,22.05401954491684,0,1,1,131.3026365198573
Dhar,2023-10-27 02:15:00,temp,20.5,20.68515453851585,0,1,1,131.3026365198573
Dhar,2023-10-28 02:00:00,temp,19.0,20.554094777547206,0,1,1,131.3026365198573
Dhar,2023-10-29 02:30:00,temp,18.0,19.469159492098658,0,1,1,131.3026365198573
Dhar,2023-10-30 01:45:00,temp,21.3,18.363432902612146,0,1,1,131.3026365198573
Dharmanagar,2023-10-15 02:30:00,temp,21.3,21.462553090232728,0,1,1,94.27322558194369
Dharmanagar,2023-10-16 02:30:00,temp,21.4,21.340337837668088,0,1,1,94.27322558194369
Dharmanagar,2023-10-16 02:30:00,temp,21.1,21.384464004282723,0,1,1,94.27322558194369
Dharmanagar,2023-10-17 02:15:00,temp,21.4,21.174610600419054,0,1,1,94.27322558194369
Dharmanagar,2023-10-18 02:30:00,temp,20.9,21.34030244446858,0,1,1,94.27322558194369
Dharmanagar,2023-10-18 02:30:00,temp,20.5,21.018682514843718,0,1,1,94.27322558194369
Dharmanagar,2023-10-19 02:15:00,temp,20.7,20.632678684191657,0,1,1,94.27322558194369
Dharmanagar,2023-10-20 02:30:00,temp,20.7,20.682846287820308,0,1,1,94.27322558194369
Dharmanagar,2023-10-20 02:30:00,temp,20.5,20.695532069118187,0,1,1,94.27322558194369
Dharmanagar,2023-10-21 02:15:00,temp,20.2,20.550971805345196,0,1,1,94.27322558194369
Dharmanagar,2023-10-22 02:15:00,temp,20.9,20.28996929958157,0,1,1,94.27322558194369
Dharmanagar,2023-10-23 02:15:00,temp,21.3,20.736551594203263,0,1,1,94.27322558194369
Dharmanagar,2023-10-24 02:15:00,temp,21.9,21.15847282234634,0,1,1,94.27322558194369
Dharmanagar,2023-10-25 02:15:00,temp,22.1,21.735947615616823,0,1,1,94.27322558194369
Dharmanagar,2023-10-26 02:00:00,temp,21.0,22.026403238994227,0,1,1,94.27322558194369
Dharmanagar,2023-10-27 02:15:00,temp,20.8,21.243396797290302,0,1,1,94.27322558194369
Dharmanagar,2023-10-28 02:00:00,temp,20.5,20.893127958172947,0,1,1,94.27322558194369
Dharmanagar,2023-10-29 02:30:00,temp,19.5,20.579411451381656,0,1,1,94.27322558194369
Dharmanagar,2023-10-30 01:45:00,temp,20.0,19.69045874178042,0,1,1,94.27322558194369
Dharmapuri,2023-10-15 02:30:00,temp,22.3,20.884401718043968,0,1,1,119.20238064230871
Dharmapuri,2023-10-16 02:30:00,temp,22.0,21.619445393933127,0,1,1,119.20238064230871
Dharmapuri,2023-10-17 02:30:00,temp,20.6,21.787864743196682,0,1,1,119.20238064230871
Dharmapuri,2023-10-18 02:30:00,temp,20.2,21.272751892348783,0,1,1,119.20238064230871
Dharmapuri,2023-10-19 02:30:00,temp,20.2,20.762644727954598,0,1,1,119.20238064230871
Dharmapuri,2023-10-20 02:30:00,temp,19.9,20.473367288471756,0,1,1,119.20238064230871
Dharmapuri,2023-10-21 02:15:00,temp,20.2,20.174777593510004,0,1,1,119.20238064230871
Dharmapuri,2023-10-22 02:30:00,temp,20.6,20.18794738643489,0,1,1,119.20238064230871
Dharmapuri,2023-10-23 02:15:00,temp,21.6,20.39322281578904,0,1,1,119.20238064230871
Dharmapuri,2023-10-24 02:15:00,temp,19.1,20.994252077772593,0,1,1,119.20238064230871
Dharmapuri,2023-10-25 02:30:00,temp,18.9,20.115064997340934,0,1,1,119.20238064230871
Dharmapuri,2023-10-26 02:00:00,temp,19.7,19.516905519745727,0,1,1,119.20238064230871
Dharmapuri,2023-10-27 02:30:00,temp,19.3,19.609741403570514,0,1,1,119.20238064230871
Dharmapuri,2023-10-28 02:00:00,temp,20.3,19.460981246525275,0,1,1,119.20238064230871
Dharmapuri,2023-10-29 02:45:00,temp,20.3,19.853064720577617,0,1,1,119.20238064230871
Dharmapuri,2023-10-30 02:00:00,temp,20.2,20.06177287104856,0,1,1,119.20238064230871
Dharwad,2023-10-15 02:30:00,temp,24.6,24.621529698242004,0,1,1,99.65913156023848
Dharwad,2023-10-16 02:30:00,temp,23.8,24.607031564115893,0,1,1,99.65913156023848
Dharwad,2023-10-17 02:30:00,temp,25.2,24.0749375843195,0,1,1,99.65913156023848
Dharwad,2023-10-18 02:30:00,temp,25.3,24.781167685717495,0,1,1,99.65913156023848
Dharwad,2023-10-19 02:15:00,temp,25.4,25.11805920706138,0,1,1,99.65913156023848
Dharwad,2023-10-20 02:30:00,temp,23.9,25.303844283033197,0,1,1,99.65913156023848
Dharwad,2023-10-21 02:15:00,temp,24.4,24.439581001762303,0,1,1,99.65913156023848
Dharwad,2023-10-22 02:15:00,temp,25.5,24.414606454941968,0,1,1,99.65913156023848
Dharwad,2023-10-23 02:15:00,temp,22.2,25.057278290865355,0,1,1,99.65913156023848
Dharwad,2023-10-24 02:15:00,temp,21.4,23.552013752840818,0,1,1,99.65913156023848
Dharwad,2023-10-25 02:15:00,temp,21.3,21.96436314345795,0,1,1,99.65913156023848
Dharwad,2023-10-26 02:00:00,temp,21.2,21.445519524578867,0,1,1,99.65913156023848
Dharwad,2023-10-27 02:15:00,temp,19.8,21.261965989194533,0,1,1,99.65913156023848
Dharwad,2023-10-28 02:00:00,temp,20.7,20.151713579193746,0,1,1,99.65913156023848
Dharwad,2023-10-29 02:45:00,temp,24.4,20.56436040262724,0,1,1,99.65913156023848
Dharwad,2023-10-30 02:00:00,temp,23.9,23.44915425429508,0,1,1,99.65913156023848
Dhaulpur,2023-10-15 02:30:00,temp,28.2,26.7988828327896,2,0,2,147.6192521908954
Dhaulpur,2023-10-16 02:30:00,temp,28.0,27.07374472397065,2,0,2,147.6192521908954
Dhaulpur,2023-10-17 02:30:00,temp,21.3,27.46261934433287,2,0,2,147.6192521908954
Dhaulpur,2023-10-18 02:30:00,temp,23.5,25.256283182060336,2,0,2,147.6192521908954
Dhaulpur,2023-10-19 02:30:00,temp,23.8,24.27457923802252,2,0,2,147.6192521908954
Dhaulpur,2023-10-20 02:30:00,temp,23.3,26.13067814301575,2,0,2,147.6192521908954
Dhaulpur,2023-10-21 02:30:00,temp,22.9,27.130650938764774,2,0,2,147.6192521908954
Dhaulpur,2023-10-22 02:30:00,temp,22.7,24.798786454446876,2,0,2,147.6192521908954
Dhaulpur,2023-10-23 02:15:00,temp,23.2,24.28105643822008,2,0,2,147.6192521908954
Dhaulpur,2023-10-24 02:15:00,temp,22.6,24.16450676412407,2,0,2,147.6192521908954
Dhaulpur,2023-10-25 02:30:00,temp,22.2,23.514934744720204,2,0,2,147.6192521908954
Dhaulpur,2023-10-26 02:00:00,temp,22.6,23.131070926592027,2,0,2,147.6192521908954
Dhaulpur,2023-10-27 02:30:00,temp,21.9,23.313332393906688,2,0,2,147.6192521908954
Dhaulpur,2023-10-28 02:00:00,temp,22.0,23.043527623644934,2,0,2,147.6192521908954
Dhaulpur,2023-10-29 02:45:00,temp,23.1,23.00937122421978,2,0,2,147.6192521908954
Dhaulpur,2023-10-30 02:00:00,temp,23.5,23.880509356053977,2,0,2,147.6192521908954
Dhemaji,2023-10-15 02:30:00,temp,20.6,21.536668208843242,0,1,1,147.15823463757312
Dhemaji,2023-10-16 02:30:00,temp,20.4,21.10242518490973,0,1,1,147.15823463757312
Dhemaji,2023-10-17 02:15:00,temp,20.0,20.766596736314344,0,1,1,147.15823463757312
Dhemaji,2023-10-18 02:30:00,temp,20.9,20.393720080529526,0,1,1,147.15823463757312
Dhemaji,2023-10-19 02:15:00,temp,19.8,20.636330226559853,0,1,1,147.15823463757312
Dhemaji,2023-10-20 02:30:00,temp,19.3,20.243732354900086,0,1,1,147.15823463757312
Dhemaji,2023-10-21 02:15:00,temp,19.2,19.788691973703564,0,1,1,147.15823463757312
Dhemaji,2023-10-22 02:15:00,temp,18.6,19.497708224368353,0,1,1,147.15823463757312
Dhemaji,2023-10-23 02:15:00,temp,17.9,19.046620590952916,0,1,1,147.15823463757312
Dhemaji,2023-10-24 02:15:00,temp,20.0,18.450986109345017,0,1,1,147.15823463757312
Dhemaji,2023-10-25 02:15:00,temp,18.9,19.22689815834272,0,1,1,147.15823463757312
Dhemaji,2023-10-26 02:00:00,temp,18.4,19.06837052208481,0,1,1,147.15823463757312
Dhemaji,2023-10-27 02:15:00,temp,19.3,18.744741151314738,0,1,1,147.15823463757312
Dhemaji,2023-10-28 02:00:00,temp,19.5,19.012985336983455,0,1,1,147.15823463757312
Dhemaji,2023-10-29 02:30:00,temp,18.9,19.24756108318395,0,1,1,147.15823463757312
Dhemaji,2023-10-30 01:45:00,temp,19.6,19.080273501384713,0,1,1,147.15823463757312
Dhenkanal,2023-10-15 02:30:00,temp,27.0,26.182339251039288,1,0,0,100.8135928795391
Dhenkanal,2023-10-16 02:30:00,temp,25.0,26.761214384870705,1,0,0,100.8135928795391
Dhenkanal,2023-10-17 02:30:00,temp,26.0,26.261282340082914,1,0,0,100.8135928795391
Dhenkanal,2023-10-18 02:30:00,temp,25.0,26.4732685895262,1,0,0,100.8135928795391
Dhenkanal,2023-10-19 02:30:00,temp,26.0,26.147184488766673,1,0,0,100.8135928795391
Dhenkanal,2023-10-20 02:30:00,temp,24.0,26.415799265291255,1,0,0,100.8135928795391
Dhenkanal,2023-10-21 02:15:00,temp,24.0,25.687568807455488,1,0,0,100.8135928795391
Dhenkanal,2023-10-22 02:30:00,temp,24.0,25.36921479144785,1,0,0,100.8135928795391
Dhenkanal,2023-10-23 02:15:00,temp,25.0,25.154482547831357,1,0,0,100.8135928795391
Dhenkanal,2023-10-24 02:15:00,temp,25.0,25.659652714316415,1,0,0,100.8135928795391
Dhenkanal,2023-10-25 02:15:00,temp,24.0,25.62334729883432,1,0,0,100.8135928795391
Dhenkanal,2023-10-26 02:00:00,temp,25.0,24.95559900850999,1,0,0,100.8135928795391
Dhenkanal,2023-10-27 02:15:00,temp,23.0,25.5430466687336,1,0,0,100.8135928795391
Dhenkanal,2023-10-28 02:00:00,temp,20.3,24.16451108831583,1,0,0,100.8135928795391
Dhenkanal,2023-10-29 02:45:00,temp,21.0,21.45125116776422,1,0,0,100.8135928795391
Dhenkanal,2023-10-30 02:00:00,temp,21.0,21.886157909524727,1,0,0,100.8135928795391
Dhubri,2023-10-15 02:30:00,temp,22.9,23.9,0,1,0,118.18350308768929
Dhubri,2023-10-16 02:30:00,temp,22.7,22.9,0,1,0,118.18350308768929
Dhubri,2023-10-17 02:15:00,temp,22.3,22.7,0,1,0,118.18350308768929
Dhubri,2023-10-18 02:30:00,temp,22.3,22.3,0,1,0,118.18350308768929
Dhubri,2023-10-19 02:15:00,temp,22.3,22.3,0,1,0,118.18350308768929
Dhubri,2023-10-20 02:30:00,temp,21.8,22.3,0,1,0,118.18350308768929
Dhubri,2023-10-21 02:15:00,temp,21.3,21.8,0,1,0,118.18350308768929
Dhubri,2023-10-22 02:15:00,temp,20.7,21.3,0,1,0,118.18350308768929
Dhubri,2023-10-23 02:15:00,temp,20.9,20.7,0,1,0,118.18350308768929
Dhubri,2023-10-24 02:15:00,temp,21.4,20.9,0,1,0,118.18350308768929
Dhubri,2023-10-25 02:15:00,temp,20.7,21.4,0,1,0,118.18350308768929
Dhubri,2023-10-26 02:00:00,temp,21.4,20.7,0,1,0,118.18350308768929
Dhubri,2023-10-27 02:15:00,temp,22.2,21.4,0,1,0,118.18350308768929
Dhubri,2023-10-28 02:00:00,temp,21.0,22.2,0,1,0,118.18350308768929
Dhubri,2023-10-29 02:30:00,temp,20.9,21.0,0,1,0,118.18350308768929
Dhubri,2023-10-30 01:45:00,temp,21.6,20.9,0,1,0,118.18350308768929
Dhule,2023-10-15 02:30:00,temp,26.2,26.376132887943786,2,0,1,120.96262140638099
Dhule,2023-10-16 02:30:00,temp,26.7,25.002425418885622,2,0,1,120.96262140638099
Dhule,2023-10-17 02:30:00,temp,25.6,25.435469569790747,2,0,1,120.96262140638099
Dhule,2023-10-18 02:30:00,temp,25.9,24.619657317521913,2,0,1,120.96262140638099
Dhule,2023-10-19 02:30:00,temp,26.2,25.012134953765685,2,0,1,120.96262140638099
Dhule,2023-10-20 02:30:00,temp,25.7,25.36506679340074,2,0,1,120.96262140638099
Dhule,2023-10-21 02:15:00,temp,24.2,25.052296595560417,2,0,1,120.96262140638099
Dhule,2023-10-22 02:30:00,temp,25.5,23.928750495417127,2,0,1,120.96262140638099
Dhule,2023-10-23 02:15:00,temp,25.1,25.012204982004288,2,0,1,120.96262140638099
Dhule,2023-10-24 02:15:00,temp,24.4,24.763875946843594,2,0,1,120.96262140638099
Dhule,2023-10-25 02:15:00,temp,23.9,24.57694882666754,2,0,1,120.96262140638099
Dhule,2023-10-26 02:00:00,temp,22.6,24.27466701804196,2,0,1,120.96262140638099
Dhule,2023-10-27 02:15:00,temp,22.2,23.097340183950276,2,0,1,120.96262140638099
Dhule,2023-10-28 02:00:00,temp,21.8,22.864180580226602,2,0,1,120.96262140638099
Dhule,2023-10-29 02:45:00,temp,22.2,22.63576464337083,2,0,1,120.96262140638099
Dhule,2023-10-30 02:00:00,temp,22.3,23.0563315925556,2,0,1,120.96262140638099
Dibrugarh,2023-10-15 02:30:00,temp,20.6,21.341690632355654,0,1,1,120.16612674579905
Dibrugarh,2023-10-16 02:30:00,temp,20.4,20.888892077141055,0,1,1,120.16612674579905
Dibrugarh,2023-10-17 02:15:00,temp,20.0,20.585227817116728,0,1,1,120.16612674579905
Dibrugarh,2023-10-18 02:30:00,temp,20.9,20.218360324021813,0,1,1,120.16612674579905
Dibrugarh,2023-10-19 02:15:00,temp,19.8,20.63805327074528,0,1,1,120.16612674579905
Dibrugarh,2023-10-20 02:30:00,temp,19.3,20.13048656283968,0,1,1,120.16612674579905
Dibrugarh,2023-10-21 02:15:00,temp,19.2,19.616475019615855,0,1,1,120.16612674579905
Dibrugarh,2023-10-22 02:15:00,temp,18.6,19.353720551293616,0,1,1,120.16612674579905
Dibrugarh,2023-10-23 02:15:00,temp,17.9,18.87320152478653,0,1,1,120.16612674579905
Dibrugarh,2023-10-24 02:15:00,temp,20.0,18.234846250106557,0,1,1,120.16612674579905
Dibrugarh,2023-10-25 02:15:00,temp,18.9,19.334733717299866,0,1,1,120.16612674579905
Dibrugarh,2023-10-26 02:00:00,temp,18.4,19.068689045195818,0,1,1,120.16612674579905
Dibrugarh,2023-10-27 02:15:00,temp,19.3,18.664995964562078,0,1,1,120.16612674579905
Dibrugarh,2023-10-28 02:00:00,temp,19.5,19.046051651309313,0,1,1,120.16612674579905
Dibrugarh,2023-10-29 02:30:00,temp,18.9,19.318706971953272,0,1,1,120.16612674579905
Dibrugarh,2023-10-30 01:45:00,temp,19.6,19.068202200944533,0,1,1,120.16612674579905
Dimapur,2023-10-15 02:30:00,temp,18.9,19.306245380739533,0,1,1,79.91291189868953
Dimapur,2023-10-16 02:30:00,temp,18.5,18.986725415926987,0,1,1,79.91291189868953
Dimapur,2023-10-17 02:15:00,temp,17.8,18.598085811179157,0,1,1,79.91291189868953
Dimapur,2023-10-18 02:30:00,temp,18.4,17.941544309371107,0,1,1,79.91291189868953
Dimapur,2023-10-19 02:15:00,temp,17.5,18.311502507531078,0,1,1,79.91291189868953
Dimapur,2023-10-20 02:30:00,temp,17.3,17.670401221028648,0,1,1,79.91291189868953
Dimapur,2023-10-21 02:15:00,temp,16.9,17.37151798075405,0,1,1,79.91291189868953
Dimapur,2023-10-22 02:15:00,temp,16.9,16.9874653718264,0,1,1,79.91291189868953
Dimapur,2023-10-23 02:15:00,temp,17.0,16.91601192236727,0,1,1,79.91291189868953
Dimapur,2023-10-24 02:15:00,temp,18.8,16.98438150826123,0,1,1,79.91291189868953
Dimapur,2023-10-25 02:15:00,temp,17.5,18.470093726182025,0,1,1,79.91291189868953
Dimapur,2023-10-26 02:00:00,temp,17.3,17.710556868092237,0,1,1,79.91291189868953
Dimapur,2023-10-27 02:15:00,temp,17.7,17.398710989789237,0,1,1,79.91291189868953
Dimapur,2023-10-28 02:00:00,temp,17.1,17.626149489172786,0,1,1,79.91291189868953
Dimapur,2023-10-29 02:30:00,temp,16.5,17.231739161217345,0,1,1,79.91291189868953
Dimapur,2023-10-30 01:45:00,temp,17.1,16.67284220307141,0,1,1,79.91291189868953
Dindigul,2023-10-15 02:30:00,temp,22.4,24.32666189884256,0,0,0,170.4576571227928
Dindigul,2023-10-16 02:30:00,temp,23.2,24.284777653638574,0,0,0,170.4576571227928
Dindigul,2023-10-17 02:30:00,temp,21.0,24.261697214587027,0,0,0,170.4576571227928
Dindigul,2023-10-18 02:30:00,temp,25.0,24.193745070238222,0,0,0,170.4576571227928
Dindigul,2023-10-19 02:30:00,temp,21.5,24.21019921055397,0,0,0,170.4576571227928
Dindigul,2023-10-20 02:30:00,temp,21.6,24.155995055645143,0,0,0,170.4576571227928
Dindigul,2023-10-21 02:15:00,temp,25.0,24.105877381471007,0,0,0,170.4576571227928
Dindigul,2023-10-22 02:30:00,temp,24.0,24.123071975284923,0,0,0,170.4576571227928
Dindigul,2023-10-23 02:15:00,temp,26.0,24.12074976288244,0,0,0,170.4576571227928
Dindigul,2023-10-24 02:15:00,temp,22.7,24.155550606873035,0,0,0,170.4576571227928
Dindigul,2023-10-25 02:30:00,temp,22.8,24.129085965658234,0,0,0,170.4576571227928
Dindigul,2023-10-26 02:00:00,temp,22.4,24.105352263814083,0,0,0,170.4576571227928
Dindigul,2023-10-27 02:30:00,temp,21.5,24.075433614007313,0,0,0,170.4576571227928
Dindigul,2023-10-28 02:00:00,temp,27.0,24.031029489357937,0,0,0,170.4576571227928
Dindigul,2023-10-29 02:45:00,temp,26.0,24.081350947284314,0,0,0,170.4576571227928
Dindigul,2023-10-30 02:00:00,temp,25.0,24.11332835024904,0,0,0,170.4576571227928
Dindori,2023-10-15 02:30:00,temp,15.9,13.653261211048171,0,1,1,186.10113061172103
Dindori,2023-10-16 02:30:00,temp,17.0,15.263648203892775,0,1,1,186.10113061172103
Dindori,2023-10-17 02:15:00,temp,16.0,16.565010865085267,0,1,1,186.10113061172103
Dindori,2023-10-18 02:15:00,temp,13.8,16.14625021865904,0,1,1,186.10113061172103
Dindori,2023-10-19 02:15:00,temp,9.7,14.429644663101097,0,1,1,186.10113061172103
Dindori,2023-10-20 02:15:00,temp,9.4,10.600582495448856,0,1,1,186.10113061172103
Dindori,2023-10-21 02:00:00,temp,8.7,9.5712187349869,0,1,1,186.10113061172103
Dindori,2023-10-22 02:15:00,temp,8.2,8.83422453465043,0,1,1,186.10113061172103
Dindori,2023-10-23 02:00:00,temp,6.6,8.296544889077449,0,1,1,186.10113061172103
Dindori,2023-10-24 02:15:00,temp,7.1,6.847924355276663,0,1,1,186.10113061172103
Dindori,2023-10-25 02:15:00,temp,7.2,7.063087431539715,0,1,1,186.10113061172103
Dindori,2023-10-26 02:00:00,temp,7.1,7.179615653300964,0,1,1,186.10113061172103
Dindori,2023-10-27 02:15:00,temp,7.0,7.111859156050734,0,1,1,186.10113061172103
Dindori,2023-10-28 02:00:00,temp,7.2,7.016666386021967,0,1,1,186.10113061172103
Dindori,2023-10-29 02:30:00,temp,7.2,7.172659338519626,0,1,1,186.10113061172103
Dindori,2023-10-30 01:45:00,temp,7.7,7.19592107363603,0,1,1,186.10113061172103
Diu,2023-10-15 02:30:00,temp,26.4,26.504026457248617,1,0,0,62.989313827624244
Diu,2023-10-16 02:30:00,temp,25.7,26.358609105481854,1,0,0,62.989313827624244
Diu,2023-10-17 02:15:00,temp,25.9,25.8476530021719,1,0,0,62.989313827624244
Diu,2023-10-18 02:15:00,temp,26.1,25.991396995673483,1,0,0,62.989313827624244
Diu,2023-10-19 02:15:00,temp,26.8,26.135753657724056,1,0,0,62.989313827624244
Diu,2023-10-20 02:30:00,temp,26.4,26.640313687707927,1,0,0,62.989313827624244
Diu,2023-10-21 02:15:00,temp,27.0,26.35464538635598,1,0,0,62.989313827624244
Diu,2023-10-22 02:15:00,temp,27.2,26.785741724002545,1,0,0,62.989313827624244
Diu,2023-10-23 02:00:00,temp,27.0,26.945067314776605,1,0,0,62.989313827624244
Diu,2023-10-24 02:15:00,temp,26.7,26.80509156027478,1,0,0,62.989313827624244
Diu,2023-10-25 02:15:00,temp,27.3,26.587659942624096,1,0,0,62.989313827624244
Diu,2023-10-26 02:00:00,temp,26.8,27.037325457709738,1,0,0,62.989313827624244
Diu,2023-10-27 02:15:00,temp,26.5,26.667597720707256,1,0,0,62.989313827624244
Diu,2023-10-28 02:00:00,temp,26.4,26.450363206678087,1,0,0,62.989313827624244
Diu,2023-10-29 02:30:00,temp,26.5,26.378472598979645,1,0,0,62.989313827624244
Diu,2023-10-30 01:45:00,temp,26.9,26.451479616583068,1,0,0,62.989313827624244
Doda,2023-10-15 02:30:00,temp,12.2,13.1,0,1,0,133.9453648521458
Doda,2023-10-16 02:30:00,temp,11.5,12.2,0,1,0,133.9453648521458
Doda,2023-10-17 02:15:00,temp,10.4,11.5,0,1,0,133.9453648521458
Doda,2023-10-18 02:15:00,temp,8.0,10.4,0,1,0,133.9453648521458
Doda,2023-10-19 02:15:00,temp,9.1,8.0,0,1,0,133.9453648521458
Doda,2023-10-20 02:15:00,temp,9.5,9.1,0,1,0,133.9453648521458
Doda,2023-10-21 02:15:00,temp,9.5,9.5,0,1,0,133.9453648521458
Doda,2023-10-22 02:15:00,temp,10.7,9.5,0,1,0,133.9453648521458
Doda,2023-10-23 02:00:00,temp,8.9,10.7,0,1,0,133.9453648521458
Doda,2023-10-24 02:15:00,temp,9.3,8.9,0,1,0,133.9453648521458
Doda,2023-10-25 02:15:00,temp,9.1,9.3,0,1,0,133.9453648521458
Doda,2023-10-26 02:00:00,temp,10.1,9.1,0,1,0,133.9453648521458
Doda,2023-10-27 02:15:00,temp,10.2,10.1,0,1,0,133.9453648521458
Doda,2023-10-28 02:00:00,temp,10.5,10.2,0,1,0,133.9453648521458
Doda,2023-10-29 02:30:00,temp,10.8,10.5,0,1,0,133.9453648521458
Doda,2023-10-30 01:45:00,temp,10.7,10.8,0,1,0,133.9453648521458
Dohad,2023-10-15 02:30:00,temp,24.8,24.7837070995523,2,0,1,108.96509425702044
Dohad,2023-10-16 02:30:00,temp,24.7,24.003764073510425,2,0,1,108.96509425702044
Dohad,2023-10-17 02:15:00,temp,24.1,23.796157897788614,2,0,1,108.96509425702044
Dohad,2023-10-18 02:15:00,temp,24.1,23.324666894117087,2,0,1,108.96509425702044
Dohad,2023-10-19 02:15:00,temp,23.7,23.335294692039277,2,0,1,108.96509425702044
Dohad,2023-10-20 02:30:00,temp,23.6,23.092165079386277,2,0,1,108.96509425702044
Dohad,2023-10-21 02:15:00,temp,24.7,23.087943548989056,2,0,1,108.96509425702044
Dohad,2023-10-22 02:15:00,temp,24.5,24.35154379043516,2,0,1,108.96509425702044
Dohad,2023-10-23 02:00:00,temp,24.6,24.062487838693105,2,0,1,108.96509425702044
Dohad,2023-10-24 02:15:00,temp,24.4,23.804951375849143,2,0,1,108.96509425702044
Dohad,2023-10-25 02:15:00,temp,23.0,24.012327799378753,2,0,1,108.96509425702044
Dohad,2023-10-26 02:00:00,temp,22.8,22.728372513755886,2,0,1,108.96509425702044
Dohad,2023-10-27 02:15:00,temp,22.3,22.691337044660962,2,0,1,108.96509425702044
Dohad,2023-10-28 02:00:00,temp,22.4,22.445648324119567,2,0,1,108.96509425702044
Dohad,2023-10-29 02:30:00,temp,23.5,22.63626340292748,2,0,1,108.96509425702044
Dohad,2023-10-30 01:45:00,temp,23.6,23.439149362382924,2,0,1,108.96509425702044
Dumka,2023-10-15 02:30:00,temp,21.8,23.1,0,1,0,120.76204246434257
Dumka,2023-10-16 02:30:00,temp,22.7,21.799999999999997,0,1,0,120.76204246434257
Dumka,2023-10-17 02:15:00,temp,23.5,22.7,0,1,0,120.76204246434257
Dumka,2023-10-18 02:30:00,temp,23.1,23.5,0,1,0,120.76204246434257
Dumka,2023-10-19 02:15:00,temp,21.6,23.1,0,1,0,120.76204246434257
Dumka,2023-10-20 02:30:00,temp,20.9,21.6,0,1,0,120.76204246434257
Dumka,2023-10-21 02:15:00,temp,20.4,20.9,0,1,0,120.76204246434257
Dumka,2023-10-22 02:15:00,temp,19.9,20.4,0,1,0,120.76204246434257
Dumka,2023-10-23 02:00:00,temp,20.4,19.9,0,1,0,120.76204246434257
Dumka,2023-10-24 02:15:00,temp,21.4,20.4,0,1,0,120.76204246434257
Dumka,2023-10-25 02:15:00,temp,21.7,21.4,0,1,0,120.76204246434257
Dumka,2023-10-26 02:00:00,temp,21.4,21.7,0,1,0,120.76204246434257
Dumka,2023-10-27 02:15:00,temp,20.6,21.4,0,1,0,120.76204246434257
Dumka,2023-10-28 02:00:00,temp,20.8,20.6,0,1,0,120.76204246434257
Dumka,2023-10-29 02:30:00,temp,19.9,20.8,0,1,0,120.76204246434257
Dumka,2023-10-30 01:45:00,temp,21.0,19.9,0,1,0,120.76204246434257
Dungarpur,2023-10-15 02:30:00,temp,26.7,24.553016707509073,1,0,0,109.62019421482933
Dungarpur,2023-10-16 02:30:00,temp,24.1,25.74964857980552,1,0,0,109.62019421482933
Dungarpur,2023-10-17 02:30:00,temp,24.3,24.103962535737764,1,0,0,109.62019421482933
Dungarpur,2023-10-18 02:30:00,temp,23.5,24.214006275116223,1,0,0,109.62019421482933
Dungarpur,2023-10-19 02:30:00,temp,24.2,23.77684805428727,1,0,0,109.62019421482933
Dungarpur,2023-10-20 02:30:00,temp,23.4,24.15479738305965,1,0,0,109.62019421482933
Dungarpur,2023-10-21 02:15:00,temp,23.6,23.72287653460683,1,0,0,109.62019421482933
Dungarpur,2023-10-22 02:30:00,temp,23.9,23.823858279762256,1,0,0,109.62019421482933
Dungarpur,2023-10-23 02:15:00,temp,25.0,23.982684038284884,1,0,0,109.62019421482933
Dungarpur,2023-10-24 02:15:00,temp,23.9,24.57231094662875,1,0,0,109.62019421482933
Dungarpur,2023-10-25 02:30:00,temp,23.3,23.993169812789432,1,0,0,109.62019421482933
Dungarpur,2023-10-26 02:00:00,temp,23.2,23.67441199642447,1,0,0,109.62019421482933
Dungarpur,2023-10-27 02:15:00,temp,22.8,23.607767554376633,1,0,0,109.62019421482933
Dungarpur,2023-10-28 02:00:00,temp,22.3,23.367460158561776,1,0,0,109.62019421482933
Dungarpur,2023-10-29 02:45:00,temp,22.5,23.035648433563605,1,0,0,109.62019421482933
Dungarpur,2023-10-30 02:00:00,temp,22.3,23.112031064009127,1,0,0,109.62019421482933
Durg,2023-10-15 02:30:00,temp,23.2,22.90876152034252,2,1,1,97.23627345588301
Durg,2023-10-16 02:30:00,temp,22.6,23.224316955983053,2,1,1,97.23627345588301
Durg,2023-10-17 02:30:00,temp,22.5,22.53406755258037,2,1,1,97.23627345588301
Durg,2023-10-18 02:30:00,temp,22.5,22.673099883499336,2,1,1,97.23627345588301
Durg,2023-10-19 02:15:00,temp,22.4,22.69306717346298,2,1,1,97.23627345588301
Durg,2023-10-20 02:30:00,temp,22.1,22.544854777795287,2,1,1,97.23627345588301
Durg,2023-10-21 02:15:00,temp,21.0,22.196409429375894,2,1,1,97.23627345588301
Durg,2023-10-22 02:15:00,temp,19.8,20.919394068235928,2,1,1,97.23627345588301
Durg,2023-10-23 02:15:00,temp,19.7,19.78284340538178,2,1,1,97.23627345588301
Durg,2023-10-24 02:15:00,temp,18.5,20.168621114060024,2,1,1,97.23627345588301
Durg,2023-10-25 02:15:00,temp,19.1,18.386394432691166,2,1,1,97.23627345588301
Durg,2023-10-26 02:00:00,temp,19.4,19.697482980691593,2,1,1,97.23627345588301
Durg,2023-10-27 02:15:00,temp,18.7,19.732084514417743,2,1,1,97.23627345588301
Durg,2023-10-28 02:00:00,temp,19.1,18.609598198455377,2,1,1,97.23627345588301
Durg,2023-10-29 02:30:00,temp,18.8,19.383088689247053,2,1,1,97.23627345588301
Durg,2023-10-30 01:45:00,temp,19.4,18.80104313665657,2,1,1,97.23627345588301
Dwarka,2023-10-15 02:30:00,temp,26.9,26.97371377343896,0,0,1,38.43545087256331
Dwarka,2023-10-16 02:30:00,temp,27.0,26.996015038750595,0,0,1,38.43545087256331
Dwarka,2023-10-17 02:15:00,temp,26.8,27.032907947246443,0,0,1,38.43545087256331
Dwarka,2023-10-18 02:15:00,temp,26.6,26.911977341774946,0,0,1,38.43545087256331
Dwarka,2023-10-19 02:15:00,temp,27.2,26.862862906407052,0,0,1,38.43545087256331
Dwarka,2023-10-20 02:30:00,temp,27.3,27.18561461102564,0,0,1,38.43545087256331
Dwarka,2023-10-21 02:15:00,temp,27.3,27.08204814389128,0,0,1,38.43545087256331
Dwarka,2023-10-22 02:15:00,temp,28.0,27.13936878518315,0,0,1,38.43545087256331
Dwarka,2023-10-23 02:00:00,temp,27.3,27.494472750718714,0,0,1,38.43545087256331
Dwarka,2023-10-24 02:15:00,temp,27.3,26.961808892651906,0,0,1,38.43545087256331
Dwarka,2023-10-25 02:15:00,temp,27.4,27.217713310748895,0,0,1,38.43545087256331
Dwarka,2023-10-26 02:00:00,temp,27.1,27.152147862436976,0,0,1,38.43545087256331
Dwarka,2023-10-27 02:15:00,temp,27.0,27.039782711760083,0,0,1,38.43545087256331
Dwarka,2023-10-28 02:00:00,temp,27.1,27.044757126301,0,0,1,38.43545087256331
Dwarka,2023-10-29 02:30:00,temp,27.1,27.092678362708707,0,0,1,38.43545087256331
Dwarka,2023-10-30 01:45:00,temp,27.6,27.069388002156103,0,0,1,38.43545087256331
East Godavari,2023-10-15 02:30:00,temp,24.6,24.79535571436839,1,1,2,230.36451714762825
East Godavari,2023-10-16 02:30:00,temp,24.2,24.498275417077856,1,1,2,230.36451714762825
East Godavari,2023-10-17 02:15:00,temp,25.9,24.36007452334558,1,1,2,230.36451714762825
East Godavari,2023-10-17 02:30:00,temp,25.9,25.411099608684616,1,1,2,230.36451714762825
East Godavari,2023-10-18 02:15:00,temp,24.3,25.077494100887968,1,1,2,230.36451714762825
East Godavari,2023-10-18 02:30:00,temp,24.3,24.661004457923063,1,1,2,230.36451714762825
East Godavari,2023-10-19 02:15:00,temp,23.4,24.611566882325697,1,1,2,230.36451714762825
East Godavari,2023-10-19 02:30:00,temp,23.4,23.554564254396045,1,1,2,230.36451714762825
East Godavari,2023-10-20 02:30:00,temp,24.1,24.01352250910234,1,1,2,230.36451714762825
East Godavari,2023-10-21 02:15:00,temp,24.3,23.957279445505304,1,1,2,230.36451714762825
East Godavari,2023-10-21 02:30:00,temp,24.3,24.289755896077295,1,1,2,230.36451714762825
East Godavari,2023-10-22 02:15:00,temp,24.3,24.114152275389422,1,1,2,230.36451714762825
East Godavari,2023-10-22 02:30:00,temp,24.3,24.349593712939196,1,1,2,230.36451714762825
East Godavari,2023-10-23 02:00:00,temp,23.1,24.18149520658425,1,1,2,230.36451714762825
East Godavari,2023-10-23 02:15:00,temp,23.1,23.228475841884187,1,1,2,230.36451714762825
East Godavari,2023-10-24 02:15:00,temp,25.4,23.66996645872799,1,1,2,230.36451714762825
East Godavari,2023-10-25 02:15:00,temp,24.4,25.19414063915786,1,1,2,230.36451714762825
East Godavari,2023-10-25 02:30:00,temp,24.4,23.527398230920852,1,1,2,230.36451714762825
East Godavari,2023-10-26 02:00:00,temp,24.5,25.041738940339897,1,1,2,230.36451714762825
East Godavari,2023-10-27 02:15:00,temp,24.0,23.84622927402062,1,1,2,230.36451714762825
East Godavari,2023-10-27 02:30:00,temp,24.0,24.534000724625926,1,1,2,230.36451714762825
East Godavari,2023-10-28 02:00:00,temp,23.7,23.779304966540312,1,1,2,230.36451714762825
East Godavari,2023-10-29 02:30:00,temp,24.9,24.102416410987605,1,1,2,230.36451714762825
East Godavari,2023-10-29 02:45:00,temp,24.9,24.688767289412315,1,1,2,230.36451714762825
East Godavari,2023-10-30 01:45:00,temp,24.1,24.487667039724634,1,1,2,230.36451714762825
East Godavari,2023-10-30 02:00:00,temp,23.8,24.178580015506068,1,1,2,230.36451714762825
Ernakulam,2023-10-15 02:30:00,temp,25.0,24.955550671208844,0,0,0,118.97307844674884
Ernakulam,2023-10-16 02:30:00,temp,27.0,24.956516848427935,0,0,0,118.97307844674884
Ernakulam,2023-10-17 02:30:00,temp,24.0,24.9999951152462,0,0,0,118.97307844674884
Ernakulam,2023-10-18 02:30:00,temp,25.0,24.979161984514228,0,0,0,118.97307844674884
Ernakulam,2023-10-19 02:15:00,temp,26.0,24.979586899348597,0,0,0,118.97307844674884
Ernakulam,2023-10-20 02:30:00,temp,26.0,24.999994717875147,0,0,0,118.97307844674884
Ernakulam,2023-10-21 02:15:00,temp,25.0,25.019602950314468,0,0,0,118.97307844674884
Ernakulam,2023-10-22 02:15:00,temp,25.0,25.01922587918043,0,0,0,118.97307844674884
Ernakulam,2023-10-23 02:15:00,temp,24.0,25.01886303524121,0,0,0,118.97307844674884
Ernakulam,2023-10-24 02:15:00,temp,24.0,24.99999505758573,0,0,0,118.97307844674884
Ernakulam,2023-10-25 02:15:00,temp,24.0,24.981813209505503,0,0,0,118.97307844674884
Ernakulam,2023-10-26 02:00:00,temp,26.0,24.96428074768164,0,0,0,118.97307844674884
Ernakulam,2023-10-27 02:15:00,temp,25.0,24.982451150756457,0,0,0,118.97307844674884
Ernakulam,2023-10-28 02:00:00,temp,25.0,24.982753630905382,0,0,0,118.97307844674884
Ernakulam,2023-10-29 02:30:00,temp,25.0,24.983045857507406,0,0,0,118.97307844674884
Ernakulam,2023-10-30 01:45:00,temp,24.0,24.983328343268163,0,0,0,118.97307844674884
Erode,2023-10-15 02:30:00,temp,24.1,24.23366672153431,0,1,1,75.08224308717496
Erode,2023-10-16 02:30:00,temp,24.2,24.19770260555052,0,1,1,75.08224308717496
Erode,2023-10-17 02:30:00,temp,22.7,24.19850833129046,0,1,1,75.08224308717496
Erode,2023-10-18 02:30:00,temp,23.8,23.752398720317704,0,1,1,75.08224308717496
Erode,2023-10-19 02:30:00,temp,23.8,23.77248285371009,0,1,1,75.08224308717496
Erode,2023-10-20 02:30:00,temp,23.3,23.782264262988974,0,1,1,75.08224308717496
Erode,2023-10-21 02:15:00,temp,23.4,23.625012233807077,0,1,1,75.08224308717496
Erode,2023-10-22 02:30:00,temp,24.5,23.547736860658105,0,1,1,75.08224308717496
Erode,2023-10-23 02:15:00,temp,23.5,23.837114865543636,0,1,1,75.08224308717496
Erode,2023-10-24 02:15:00,temp,24.3,23.745880136038174,0,1,1,75.08224308717496
Erode,2023-10-25 02:30:00,temp,23.6,23.89291363078903,0,1,1,75.08224308717496
Erode,2023-10-26 02:00:00,temp,23.9,23.81621827553567,0,1,1,75.08224308717496
Erode,2023-10-27 02:30:00,temp,23.3,23.837781222929863,0,1,1,75.08224308717496
Erode,2023-10-28 02:00:00,temp,23.6,23.70004492314266,0,1,1,75.08224308717496
Erode,2023-10-29 02:45:00,temp,23.1,23.673525276650185,0,1,1,75.08224308717496
Erode,2023-10-30 02:00:00,temp,23.0,23.514839390021773,0,1,1,75.08224308717496
Etah,2023-10-15 02:30:00,temp,25.7,25.492211425795194,2,1,1,149.8185187720331
Etah,2023-10-16 02:30:00,temp,25.3,26.255124675038832,2,1,1,149.8185187720331
Etah,2023-10-17 02:30:00,temp,21.1,25.465551022482234,2,1,1,149.8185187720331
Etah,2023-10-18 02:30:00,temp,22.4,21.481597857869932,2,1,1,149.8185187720331
Etah,2023-10-19 02:30:00,temp,22.1,24.22197808136965,2,1,1,149.8185187720331
Etah,2023-10-20 02:30:00,temp,21.5,23.066686114448164,2,1,1,149.8185187720331
Etah,2023-10-21 02:15:00,temp,22.0,22.314042569805636,2,1,1,149.8185187720331
Etah,2023-10-22 02:30:00,temp,21.7,22.78647242424519,2,1,1,149.8185187720331
Etah,2023-10-23 02:15:00,temp,22.4,22.15827209257629,2,1,1,149.8185187720331
Etah,2023-10-24 02:15:00,temp,22.0,22.834362685489438,2,1,1,149.8185187720331
Etah,2023-10-25 02:30:00,temp,21.9,22.157683766413463,2,1,1,149.8185187720331
Etah,2023-10-26 02:00:00,temp,21.9,22.114243564651293,2,1,1,149.8185187720331
Etah,2023-10-27 02:30:00,temp,22.2,22.08810385663633,2,1,1,149.8185187720331
Etah,2023-10-28 02:00:00,temp,21.6,22.338536483102704,2,1,1,149.8185187720331
Etah,2023-10-29 02:45:00,temp,22.6,21.654040890922428,2,1,1,149.8185187720331
Etah,2023-10-30 02:00:00,temp,22.6,22.74491989461255,2,1,1,149.8185187720331
Etawah,2023-10-15 02:30:00,temp,26.7,25.67958216537118,2,1,1,152.63631166723474
Etawah,2023-10-16 02:30:00,temp,26.1,26.784144996706285,2,1,1,152.63631166723474
Etawah,2023-10-17 02:30:00,temp,21.0,25.73688697060479,2,1,1,152.63631166723474
Etawah,2023-10-18 02:30:00,temp,22.5,21.553058201237025,2,1,1,152.63631166723474
Etawah,2023-10-19 02:30:00,temp,23.0,24.648067036116966,2,1,1,152.63631166723474
Etawah,2023-10-20 02:30:00,temp,21.8,24.042778170814092,2,1,1,152.63631166723474
Etawah,2023-10-21 02:15:00,temp,21.3,22.591726091942398,2,1,1,152.63631166723474
Etawah,2023-10-22 02:30:00,temp,21.5,22.2125678929033,2,1,1,152.63631166723474
Etawah,2023-10-23 02:15:00,temp,21.6,22.243163709322936,2,1,1,152.63631166723474
Etawah,2023-10-24 02:15:00,temp,21.5,22.036162767166797,2,1,1,152.63631166723474
Etawah,2023-10-25 02:30:00,temp,21.5,21.771324249896743,2,1,1,152.63631166723474
Etawah,2023-10-26 02:00:00,temp,21.7,21.710730961331407,2,1,1,152.63631166723474
Etawah,2023-10-27 02:30:00,temp,21.8,21.823338969595227,2,1,1,152.63631166723474
Etawah,2023-10-28 02:00:00,temp,21.3,21.818719468376802,2,1,1,152.63631166723474
Etawah,2023-10-29 02:45:00,temp,22.4,21.345833875780297,2,1,1,152.63631166723474
Etawah,2023-10-30 02:00:00,temp,22.3,22.42709490350094,2,1,1,152.63631166723474
Faizabad,2023-10-15 02:30:00,temp,23.5,22.5,0,1,0,132.28839232199624
Faizabad,2023-10-16 02:30:00,temp,23.4,23.5,0,1,0,132.28839232199624
Faizabad,2023-10-17 02:30:00,temp,21.1,23.4,0,1,0,132.28839232199624
Faizabad,2023-10-18 02:30:00,temp,21.3,21.1,0,1,0,132.28839232199624
Faizabad,2023-10-19 02:30:00,temp,20.1,21.3,0,1,0,132.28839232199624
Faizabad,2023-10-20 02:30:00,temp,20.1,20.1,0,1,0,132.28839232199624
Faizabad,2023-10-21 02:15:00,temp,19.6,20.1,0,1,0,132.28839232199624
Faizabad,2023-10-22 02:30:00,temp,20.0,19.6,0,1,0,132.28839232199624
Faizabad,2023-10-23 02:15:00,temp,20.8,20.0,0,1,0,132.28839232199624
Faizabad,2023-10-24 02:15:00,temp,21.5,20.8,0,1,0,132.28839232199624
Faizabad,2023-10-25 02:30:00,temp,21.9,21.5,0,1,0,132.28839232199624
Faizabad,2023-10-26 02:00:00,temp,21.8,21.9,0,1,0,132.28839232199624
Faizabad,2023-10-27 02:30:00,temp,20.9,21.8,0,1,0,132.28839232199624
Faizabad,2023-10-28 02:00:00,temp,21.1,20.9,0,1,0,132.28839232199624
Faizabad,2023-10-29 02:45:00,temp,21.6,21.1,0,1,0,132.28839232199624
Faizabad,2023-10-30 02:00:00,temp,21.1,21.6,0,1,0,132.28839232199624
Faridabad,2023-10-15 02:30:00,temp,24.0,25.80839055469906,2,1,2,170.17159344554935
Faridabad,2023-10-16 02:30:00,temp,26.0,24.704430352214906,2,1,2,170.17159344554935
Faridabad,2023-10-17 02:15:00,temp,19.0,26.422521062233102,2,1,2,170.17159344554935
Faridabad,2023-10-18 02:15:00,temp,21.0,20.875802899461995,2,1,2,170.17159344554935
Faridabad,2023-10-19 02:15:00,temp,21.0,22.520575446933123,2,1,2,170.17159344554935
Faridabad,2023-10-20 02:30:00,temp,21.0,22.626922323177023,2,1,2,170.17159344554935
Faridabad,2023-10-21 02:15:00,temp,20.0,22.205653024633808,2,1,2,170.17159344554935
Faridabad,2023-10-22 02:15:00,temp,21.0,20.29787466710294,2,1,2,170.17159344554935
Faridabad,2023-10-23 02:15:00,temp,21.0,21.512677082022943,2,1,2,170.17159344554935
Faridabad,2023-10-24 02:15:00,temp,22.0,21.07837799707976,2,1,2,170.17159344554935
Faridabad,2023-10-25 02:15:00,temp,21.0,21.973916932519497,2,1,2,170.17159344554935
Faridabad,2023-10-26 02:00:00,temp,22.0,20.86441148019439,2,1,2,170.17159344554935
Faridabad,2023-10-27 02:15:00,temp,21.0,21.823352222377046,2,1,2,170.17159344554935
Faridabad,2023-10-28 02:00:00,temp,20.0,20.927033518208685,2,1,2,170.17159344554935
Faridabad,2023-10-29 02:30:00,temp,23.9,20.19054668066709,2,1,2,170.17159344554935
Faridabad,2023-10-30 01:45:00,temp,22.0,23.36498258616363,2,1,2,170.17159344554935
Faridkot,2023-10-15 02:30:00,temp,23.7,24.36066164126347,2,1,2,162.86995199223114
Faridkot,2023-10-16 02:30:00,temp,21.0,24.03494716433179,2,1,2,162.86995199223114
Faridkot,2023-10-17 02:30:00,temp,17.7,21.224846643659927,2,1,2,162.86995199223114
Faridkot,2023-10-18 02:30:00,temp,19.2,17.696742979329557,2,1,2,162.86995199223114
Faridkot,2023-10-19 02:15:00,temp,19.6,20.569575520766726,2,1,2,162.86995199223114
Faridkot,2023-10-20 02:30:00,temp,20.9,20.43365602051261,2,1,2,162.86995199223114
Faridkot,2023-10-21 02:15:00,temp,20.3,21.06312753397467,2,1,2,162.86995199223114
Faridkot,2023-10-22 02:15:00,temp,22.5,19.725153286302735,2,1,2,162.86995199223114
Faridkot,2023-10-23 02:15:00,temp,21.8,22.2619433470018,2,1,2,162.86995199223114
Faridkot,2023-10-24 02:15:00,temp,21.7,20.97367479974898,2,1,2,162.86995199223114
Faridkot,2023-10-25 02:15:00,temp,20.8,21.199013917289875,2,1,2,162.86995199223114
Faridkot,2023-10-26 02:00:00,temp,20.8,20.556694142275713,2,1,2,162.86995199223114
Faridkot,2023-10-27 02:15:00,temp,20.6,21.241404302552088,2,1,2,162.86995199223114
Faridkot,2023-10-28 02:00:00,temp,22.2,20.8058866209119,2,1,2,162.86995199223114
Faridkot,2023-10-29 02:45:00,temp,22.2,22.526837911152167,2,1,2,162.86995199223114
Faridkot,2023-10-30 02:00:00,temp,22.0,21.967004764930163,2,1,2,162.86995199223114
Farrukhabad,2023-10-15 02:30:00,temp,25.8,25.807506603399826,2,0,0,145.56581395628996
Farrukhabad,2023-10-16 02:30:00,temp,25.4,26.762617356401538,2,0,0,145.56581395628996
Farrukhabad,2023-10-17 02:30:00,temp,22.2,25.804671102746198,2,0,0,145.56581395628996
Farrukhabad,2023-10-18 02:30:00,temp,22.1,22.908952084355775,2,0,0,145.56581395628996
Farrukhabad,2023-10-19 02:30:00,temp,22.2,23.990506095033375,2,0,0,145.56581395628996
Farrukhabad,2023-10-20 02:30:00,temp,21.5,23.8272619172862,2,0,0,145.56581395628996
Farrukhabad,2023-10-21 02:15:00,temp,21.7,22.760415253859076,2,0,0,145.56581395628996
Farrukhabad,2023-10-22 02:30:00,temp,21.6,23.045023756677857,2,0,0,145.56581395628996
Farrukhabad,2023-10-23 02:15:00,temp,21.9,22.694487261984186,2,0,0,145.56581395628996
Farrukhabad,2023-10-24 02:15:00,temp,22.0,22.94770060391864,2,0,0,145.56581395628996
Farrukhabad,2023-10-25 02:30:00,temp,22.4,22.87881461845359,2,0,0,145.56581395628996
Farrukhabad,2023-10-26 02:00:00,temp,22.4,23.232976529308132,2,0,0,145.56581395628996
Farrukhabad,2023-10-27 02:30:00,temp,22.5,23.07316066357962,2,0,0,145.56581395628996
Farrukhabad,2023-10-28 02:00:00,temp,21.8,23.145550049123187,2,0,0,145.56581395628996
Farrukhabad,2023-10-29 02:45:00,temp,22.8,22.310081749630005,2,0,0,145.56581395628996
Farrukhabad,2023-10-30 02:00:00,temp,22.4,23.559958354696466,2,0,0,145.56581395628996
Fatehabad,2023-10-15 02:30:00,temp,25.6,25.320050818529257,1,1,1,181.61779569331094
Fatehabad,2023-10-16 02:30:00,temp,23.2,25.854530846199065,1,1,1,181.61779569331094
Fatehabad,2023-10-17 02:15:00,temp,19.4,24.122226102436088,1,1,1,181.61779569331094
Fatehabad,2023-10-18 02:30:00,temp,21.4,19.330321294900553,1,1,1,181.61779569331094
Fatehabad,2023-10-19 02:15:00,temp,20.3,22.41048452280203,1,1,1,181.61779569331094
Fatehabad,2023-10-20 02:30:00,temp,21.2,21.350243894545898,1,1,1,181.61779569331094
Fatehabad,2023-10-21 02:15:00,temp,22.3,21.91913830503601,1,1,1,181.61779569331094
Fatehabad,2023-10-22 02:15:00,temp,22.5,22.70305926278505,1,1,1,181.61779569331094
Fatehabad,2023-10-23 02:15:00,temp,22.4,22.807742229683765,1,1,1,181.61779569331094
Fatehabad,2023-10-24 02:15:00,temp,21.8,22.687325257274797,1,1,1,181.61779569331094
Fatehabad,2023-10-25 02:15:00,temp,21.6,22.175690973052596,1,1,1,181.61779569331094
Fatehabad,2023-10-26 02:00:00,temp,21.4,21.96740779625078,1,1,1,181.61779569331094
Fatehabad,2023-10-27 02:15:00,temp,21.4,21.760134312580426,1,1,1,181.61779569331094
Fatehabad,2023-10-28 02:00:00,temp,23.2,21.710740088549343,1,1,1,181.61779569331094
Fatehabad,2023-10-29 02:30:00,temp,23.8,23.073376310091962,1,1,1,181.61779569331094
Fatehabad,2023-10-30 01:45:00,temp,23.4,23.562348519867182,1,1,1,181.61779569331094
Fatehgarh Sahib,2023-10-15 02:30:00,temp,24.2,23.320205187258487,0,1,2,169.3494975126779
Fatehgarh Sahib,2023-10-16 02:30:00,temp,22.6,24.19428671277248,0,1,2,169.3494975126779
Fatehgarh Sahib,2023-10-17 02:30:00,temp,19.2,22.669670154739336,0,1,2,169.3494975126779
Fatehgarh Sahib,2023-10-18 02:30:00,temp,19.9,20.879227355783417,0,1,2,169.3494975126779
Fatehgarh Sahib,2023-10-19 02:15:00,temp,19.4,21.770324248896873,0,1,2,169.3494975126779
Fatehgarh Sahib,2023-10-20 02:30:00,temp,20.2,20.030959887685626,0,1,2,169.3494975126779
Fatehgarh Sahib,2023-10-21 02:15:00,temp,20.1,21.032565467610713,0,1,2,169.3494975126779
Fatehgarh Sahib,2023-10-22 02:15:00,temp,20.9,20.15793334943584,0,1,2,169.3494975126779
Fatehgarh Sahib,2023-10-23 02:15:00,temp,21.5,21.099216432038666,0,1,2,169.3494975126779
Fatehgarh Sahib,2023-10-24 02:15:00,temp,20.9,21.14636643779753,0,1,2,169.3494975126779
Fatehgarh Sahib,2023-10-25 02:15:00,temp,21.3,20.795620908235804,0,1,2,169.3494975126779
Fatehgarh Sahib,2023-10-26 02:00:00,temp,20.8,21.302146940590653,0,1,2,169.3494975126779
Fatehgarh Sahib,2023-10-27 02:15:00,temp,20.5,20.6952036782753,0,1,2,169.3494975126779
Fatehgarh Sahib,2023-10-28 02:00:00,temp,21.6,20.74555250088606,0,1,2,169.3494975126779
Fatehgarh Sahib,2023-10-29 02:45:00,temp,22.0,21.50917116868256,0,1,2,169.3494975126779
Fatehgarh Sahib,2023-10-30 02:00:00,temp,21.4,21.544760966589863,0,1,2,169.3494975126779
Fatehpur,2023-10-15 02:30:00,temp,22.4,21.787476388076385,1,1,1,160.6663572617007
Fatehpur,2023-10-16 02:30:00,temp,21.8,22.38532031981182,1,1,1,160.6663572617007
Fatehpur,2023-10-17 02:30:00,temp,17.8,21.995929346630078,1,1,1,160.6663572617007
Fatehpur,2023-10-18 02:30:00,temp,19.6,19.30346287088512,1,1,1,160.6663572617007
Fatehpur,2023-10-19 02:30:00,temp,18.5,20.248764344998616,1,1,1,160.6663572617007
Fatehpur,2023-10-20 02:30:00,temp,19.0,19.326172152643863,1,1,1,160.6663572617007
Fatehpur,2023-10-21 02:15:00,temp,19.2,19.484107482201903,1,1,1,160.6663572617007
Fatehpur,2023-10-22 02:30:00,temp,19.1,19.51080433154276,1,1,1,160.6663572617007
Fatehpur,2023-10-23 02:15:00,temp,19.9,19.36499750331697,1,1,1,160.6663572617007
Fatehpur,2023-10-24 02:15:00,temp,19.3,19.86748526010557,1,1,1,160.6663572617007
Fatehpur,2023-10-25 02:30:00,temp,20.0,19.45739953840845,1,1,1,160.6663572617007
Fatehpur,2023-10-26 02:00:00,temp,19.6,19.902886295716083,1,1,1,160.6663572617007
Fatehpur,2023-10-27 02:30:00,temp,18.9,19.651203110193624,1,1,1,160.6663572617007
Fatehpur,2023-10-28 02:00:00,temp,19.6,19.168699452313756,1,1,1,160.6663572617007
Fatehpur,2023-10-29 02:45:00,temp,19.8,19.582207994243614,1,1,1,160.6663572617007
Fatehpur,2023-10-30 02:00:00,temp,19.7,19.72036969504398,1,1,1,160.6663572617007
Fazilka,2023-10-15 02:30:00,temp,23.9,25.15736543747188,1,1,1,182.42856439992264
Fazilka,2023-10-16 02:30:00,temp,22.9,24.38435201946266,1,1,1,182.42856439992264
Fazilka,2023-10-17 02:15:00,temp,19.0,23.62536320126747,1,1,1,182.42856439992264
Fazilka,2023-10-18 02:30:00,temp,19.8,19.430922321408524,1,1,1,182.42856439992264
Fazilka,2023-10-19 02:15:00,temp,20.8,19.438028664858976,1,1,1,182.42856439992264
Fazilka,2023-10-20 02:30:00,temp,22.3,21.460878138847008,1,1,1,182.42856439992264
Fazilka,2023-10-21 02:15:00,temp,21.8,22.524717322979104,1,1,1,182.42856439992264
Fazilka,2023-10-22 02:15:00,temp,22.5,22.10080725551316,1,1,1,182.42856439992264
Fazilka,2023-10-23 02:15:00,temp,22.3,22.590221199517437,1,1,1,182.42856439992264
Fazilka,2023-10-24 02:15:00,temp,22.4,22.424000376878556,1,1,1,182.42856439992264
Fazilka,2023-10-25 02:15:00,temp,22.0,22.29680413793911,1,1,1,182.42856439992264
Fazilka,2023-10-26 02:00:00,temp,22.5,22.109784083956004,1,1,1,182.42856439992264
Fazilka,2023-10-27 02:15:00,temp,22.3,22.374458257225886,1,1,1,182.42856439992264
Fazilka,2023-10-28 02:00:00,temp,23.5,22.401528838373196,1,1,1,182.42856439992264
Fazilka,2023-10-29 02:45:00,temp,23.3,23.298415018301,1,1,1,182.42856439992264
Fazilka,2023-10-30 02:00:00,temp,22.8,23.450918361749025,1,1,1,182.42856439992264
Firozabad,2023-10-15 02:30:00,temp,27.2,26.369707185387256,2,1,1,148.58844362993315
Firozabad,2023-10-16 02:30:00,temp,26.5,27.410655842420287,2,1,1,148.58844362993315
Firozabad,2023-10-17 02:30:00,temp,21.0,26.266384310299323,2,1,1,148.58844362993315
Firozabad,2023-10-18 02:30:00,temp,23.0,21.325671481861786,2,1,1,148.58844362993315
Firozabad,2023-10-19 02:30:00,temp,22.9,25.349988246626328,2,1,1,148.58844362993315
Firozabad,2023-10-20 02:30:00,temp,22.2,24.038442095476015,2,1,1,148.58844362993315
Firozabad,2023-10-21 02:15:00,temp,22.2,23.166307838164,2,1,1,148.58844362993315
Firozabad,2023-10-22 02:30:00,temp,22.5,23.101312042268397,2,1,1,148.58844362993315
Firozabad,2023-10-23 02:15:00,temp,22.7,23.166807968441333,2,1,1,148.58844362993315
Firozabad,2023-10-24 02:15:00,temp,22.5,23.118584208043835,2,1,1,148.58844362993315
Firozabad,2023-10-25 02:30:00,temp,22.0,22.76447774015455,2,1,1,148.58844362993315
Firozabad,2023-10-26 02:00:00,temp,22.5,22.26017495427186,2,1,1,148.58844362993315
Firozabad,2023-10-27 02:30:00,temp,22.5,22.78272232220803,2,1,1,148.58844362993315
Firozabad,2023-10-28 02:00:00,temp,21.5,22.593450866901847,2,1,1,148.58844362993315
Firozabad,2023-10-29 02:45:00,temp,23.1,21.648656948549725,2,1,1,148.58844362993315
Firozabad,2023-10-30 02:00:00,temp,23.0,23.29658239697864,2,1,1,148.58844362993315
Firozpur,2023-10-15 02:30:00,temp,24.1,24.106034543634472,2,1,1,169.32336676276714
Firozpur,2023-10-16 02:30:00,temp,22.1,24.158100823227446,2,1,1,169.32336676276714
Firozpur,2023-10-17 02:30:00,temp,18.5,22.472141804178385,2,1,1,169.32336676276714
Firozpur,2023-10-18 02:30:00,temp,19.7,19.755049651660457,2,1,1,169.32336676276714
Firozpur,2023-10-19 02:15:00,temp,20.0,21.585016990952127,2,1,1,169.32336676276714
Firozpur,2023-10-20 02:30:00,temp,21.1,20.964789283344167,2,1,1,169.32336676276714
Firozpur,2023-10-21 02:15:00,temp,20.8,21.65406195984558,2,1,1,169.32336676276714
Firozpur,2023-10-22 02:15:00,temp,22.7,21.581156267640274,2,1,1,169.32336676276714
Firozpur,2023-10-23 02:15:00,temp,22.1,22.710762813124305,2,1,1,169.32336676276714
Firozpur,2023-10-24 02:15:00,temp,22.1,21.73145401449991,2,1,1,169.32336676276714
Firozpur,2023-10-25 02:15:00,temp,21.5,21.952787679660602,2,1,1,169.32336676276714
Firozpur,2023-10-26 02:00:00,temp,21.4,21.46822229365347,2,1,1,169.32336676276714
Firozpur,2023-10-27 02:15:00,temp,21.3,21.52765996203378,2,1,1,169.32336676276714
Firozpur,2023-10-28 02:00:00,temp,22.2,21.441371983193996,2,1,1,169.32336676276714
Firozpur,2023-10-29 02:45:00,temp,22.4,22.19902205102017,2,1,1,169.32336676276714
Firozpur,2023-10-30 02:00:00,temp,22.1,22.16092872275162,2,1,1,169.32336676276714
Gadag,2023-10-15 02:30:00,temp,25.5,25.572697759966196,0,1,1,113.84501619562214
Gadag,2023-10-16 02:30:00,temp,25.6,25.523726980780115,0,1,1,113.84501619562214
Gadag,2023-10-17 02:30:00,temp,25.8,25.57460795630895,0,1,1,113.84501619562214
Gadag,2023-10-18 02:30:00,temp,25.5,25.72449022927582,0,1,1,113.84501619562214
Gadag,2023-10-19 02:15:00,temp,24.7,25.57546704517012,0,1,1,113.84501619562214
Gadag,2023-10-20 02:30:00,temp,25.5,24.990761951319453,0,1,1,113.84501619562214
Gadag,2023-10-21 02:15:00,temp,24.7,25.328015693775875,0,1,1,113.84501619562214
Gadag,2023-10-22 02:15:00,temp,24.9,24.919691990125006,0,1,1,113.84501619562214
Gadag,2023-10-23 02:15:00,temp,23.1,24.906855501040237,0,1,1,113.84501619562214
Gadag,2023-10-24 02:15:00,temp,22.2,23.71121256540103,0,1,1,113.84501619562214
Gadag,2023-10-25 02:15:00,temp,21.6,22.562125508164925,0,1,1,113.84501619562214
Gadag,2023-10-26 02:00:00,temp,22.1,21.795108159842222,0,1,1,113.84501619562214
Gadag,2023-10-27 02:15:00,temp,20.8,22.03269614584178,0,1,1,113.84501619562214
Gadag,2023-10-28 02:00:00,temp,21.5,21.083135198780415,0,1,1,113.84501619562214
Gadag,2023-10-29 02:30:00,temp,24.7,21.402943209610743,0,1,1,113.84501619562214
Gadag,2023-10-30 02:00:00,temp,24.1,23.939939279787705,0,1,1,113.84501619562214
Ganderbal,2023-10-15 02:30:00,temp,7.1,10.37285189307966,2,1,0,150.3695423838583
Ganderbal,2023-10-16 02:30:00,temp,7.5,6.643397231778041,2,1,0,150.3695423838583
Ganderbal,2023-10-17 02:15:00,temp,5.0,8.624950920015861,2,1,0,150.3695423838583
Ganderbal,2023-10-18 02:15:00,temp,3.5,4.867055709972214,2,1,0,150.3695423838583
Ganderbal,2023-10-19 02:15:00,temp,5.3,3.894310983175676,2,1,0,150.3695423838583
Ganderbal,2023-10-20 02:15:00,temp,6.2,5.7140375638874445,2,1,0,150.3695423838583
Ganderbal,2023-10-21 02:15:00,temp,6.3,5.817171992795015,2,1,0,150.3695423838583
Ganderbal,2023-10-22 02:15:00,temp,7.4,6.099613789896514,2,1,0,150.3695423838583
Ganderbal,2023-10-23 02:00:00,temp,3.8,7.4365954006089705,2,1,0,150.3695423838583
Ganderbal,2023-10-24 02:15:00,temp,5.7,3.5096056718937314,2,1,0,150.3695423838583
Ganderbal,2023-10-25 02:15:00,temp,6.0,6.300463512465853,2,1,0,150.3695423838583
Ganderbal,2023-10-26 02:00:00,temp,6.6,5.628090011106814,2,1,0,150.3695423838583
Ganderbal,2023-10-27 02:15:00,temp,6.5,6.515649277132574,2,1,0,150.3695423838583
Ganderbal,2023-10-28 02:00:00,temp,6.5,6.402805636791233,2,1,0,150.3695423838583
Ganderbal,2023-10-29 02:30:00,temp,6.4,6.517080669835807,2,1,0,150.3695423838583
Ganderbal,2023-10-30 01:45:00,temp,7.3,6.405525499145118,2,1,0,150.3695423838583
Gandhinagar,2023-10-15 02:30:00,temp,28.0,26.04940193139358,1,1,1,140.47054202917533
Gandhinagar,2023-10-16 02:30:00,temp,26.0,27.20036739660107,1,1,1,140.47054202917533
Gandhinagar,2023-10-17 02:15:00,temp,26.0,26.140377951165846,1,1,1,140.47054202917533
Gandhinagar,2023-10-18 02:15:00,temp,24.0,26.129364393712567,1,1,1,140.47054202917533
Gandhinagar,2023-10-19 02:15:00,temp,24.0,25.080975818507394,1,1,1,140.47054202917533
Gandhinagar,2023-10-20 02:30:00,temp,25.0,24.920242721519074,1,1,1,140.47054202917533
Gandhinagar,2023-10-21 02:15:00,temp,24.0,25.385016715169765,1,1,1,140.47054202917533
Gandhinagar,2023-10-22 02:15:00,temp,25.0,24.763638115180175,1,1,1,140.47054202917533
Gandhinagar,2023-10-23 02:00:00,temp,24.0,25.24986321626086,1,1,1,140.47054202917533
Gandhinagar,2023-10-24 02:15:00,temp,25.0,24.64054799452023,1,1,1,140.47054202917533
Gandhinagar,2023-10-25 02:15:00,temp,24.0,25.136524704100292,1,1,1,140.47054202917533
Gandhinagar,2023-10-26 02:00:00,temp,24.0,24.54562132841723,1,1,1,140.47054202917533
Gandhinagar,2023-10-27 02:15:00,temp,24.0,24.46618704393501,1,1,1,140.47054202917533
Gandhinagar,2023-10-28 02:00:00,temp,23.0,24.397569343859345,1,1,1,140.47054202917533
Gandhinagar,2023-10-29 02:30:00,temp,24.0,23.73775329915487,1,1,1,140.47054202917533
Gandhinagar,2023-10-30 01:45:00,temp,23.0,24.22146643308517,1,1,1,140.47054202917533
Ganganagar,2023-10-15 02:30:00,temp,25.9,27.282300228443034,1,1,1,179.98066597305035
Ganganagar,2023-10-16 02:30:00,temp,25.0,26.31787377905745,1,1,1,179.98066597305035
Ganganagar,2023-10-17 02:30:00,temp,19.9,25.64995084387899,1,1,1,179.98066597305035
Ganganagar,2023-10-18 02:30:00,temp,21.2,21.71916846680787,1,1,1,179.98066597305035
Ganganagar,2023-10-19 02:30:00,temp,21.7,22.393020779239784,1,1,1,179.98066597305035
Ganganagar,2023-10-20 02:30:00,temp,22.9,22.574154914914562,1,1,1,179.98066597305035
Ganganagar,2023-10-21 02:15:00,temp,23.6,23.397288110757746,1,1,1,179.98066597305035
Ganganagar,2023-10-22 02:30:00,temp,23.5,23.875909403262856,1,1,1,179.98066597305035
Ganganagar,2023-10-23 02:15:00,temp,23.4,23.75712847822985,1,1,1,179.98066597305035
Ganganagar,2023-10-24 02:15:00,temp,23.6,23.642355967451127,1,1,1,179.98066597305035
Ganganagar,2023-10-25 02:30:00,temp,23.3,23.76355023123629,1,1,1,179.98066597305035
Ganganagar,2023-10-26 02:00:00,temp,23.5,23.509634259678602,1,1,1,179.98066597305035
Ganganagar,2023-10-27 02:15:00,temp,23.3,23.634810491540073,1,1,1,179.98066597305035
Ganganagar,2023-10-28 02:00:00,temp,24.6,23.46380668664424,1,1,1,179.98066597305035
Ganganagar,2023-10-29 02:45:00,temp,24.8,24.433959531044746,1,1,1,179.98066597305035
Ganganagar,2023-10-30 02:00:00,temp,24.1,24.609370452453422,1,1,1,179.98066597305035
Ganjam,2023-10-15 02:30:00,temp,24.1,25.110615187609937,1,1,0,83.85186971565815
Ganjam,2023-10-16 02:30:00,temp,22.5,24.649138468266237,1,1,0,83.85186971565815
Ganjam,2023-10-17 02:30:00,temp,23.9,22.882104778021358,1,1,0,83.85186971565815
Ganjam,2023-10-18 02:30:00,temp,22.9,23.463956136937075,1,1,0,83.85186971565815
Ganjam,2023-10-19 02:30:00,temp,22.8,23.243870150745224,1,1,0,83.85186971565815
Ganjam,2023-10-20 02:30:00,temp,22.8,22.832648105149367,1,1,0,83.85186971565815
Ganjam,2023-10-21 02:15:00,temp,22.2,22.8,1,1,0,83.85186971565815
Ganjam,2023-10-22 02:15:00,temp,22.3,22.395904625515158,1,1,0,83.85186971565815
Ganjam,2023-10-23 02:15:00,temp,21.5,22.267561018561295,1,1,0,83.85186971565815
Ganjam,2023-10-24 02:15:00,temp,22.0,21.76186443713724,1,1,0,83.85186971565815
Ganjam,2023-10-25 02:30:00,temp,22.7,21.83267512638675,1,1,0,83.85186971565815
Ganjam,2023-10-26 02:00:00,temp,23.8,22.47719884287309,1,1,0,83.85186971565815
Ganjam,2023-10-27 02:15:00,temp,22.4,23.487760197082324,1,1,0,83.85186971565815
Ganjam,2023-10-28 02:00:00,temp,20.8,22.85629557805657,1,1,0,83.85186971565815
Ganjam,2023-10-29 02:45:00,temp,20.3,21.16862746480139,1,1,0,83.85186971565815
Ganjam,2023-10-30 02:00:00,temp,20.4,20.39403894078965,1,1,0,83.85186971565815
Garhwa,2023-10-15 02:30:00,temp,21.3,21.567593159574997,1,1,1,110.18679629946037
Garhwa,2023-10-16 02:30:00,temp,22.1,21.683134046242124,1,1,1,110.18679629946037
Garhwa,2023-10-17 02:15:00,temp,21.3,22.21358769882171,1,1,1,110.18679629946037
Garhwa,2023-10-18 02:30:00,temp,21.0,21.61351960734933,1,1,1,110.18679629946037
Garhwa,2023-10-19 02:15:00,temp,20.7,21.33066426306113,1,1,1,110.18679629946037
Garhwa,2023-10-20 02:30:00,temp,20.3,21.03411828322209,1,1,1,110.18679629946037
Garhwa,2023-10-21 02:15:00,temp,19.2,20.646383962403934,1,1,1,110.18679629946037
Garhwa,2023-10-22 02:15:00,temp,19.0,19.644276223955817,1,1,1,110.18679629946037
Garhwa,2023-10-23 02:00:00,temp,17.9,19.330229687068826,1,1,1,110.18679629946037
Garhwa,2023-10-24 02:15:00,temp,18.1,18.204883925579843,1,1,1,110.18679629946037
Garhwa,2023-10-25 02:15:00,temp,18.5,18.287992486292143,1,1,1,110.18679629946037
Garhwa,2023-10-26 02:00:00,temp,18.2,18.59762179211427,1,1,1,110.18679629946037
Garhwa,2023-10-27 02:15:00,temp,18.4,18.295860164901548,1,1,1,110.18679629946037
Garhwa,2023-10-28 02:00:00,temp,18.2,18.44514694144519,1,1,1,110.18679629946037
Garhwa,2023-10-29 02:30:00,temp,18.2,18.254765156302742,1,1,1,110.18679629946037
Garhwa,2023-10-30 01:45:00,temp,18.9,18.23828153931704,1,1,1,110.18679629946037
Garhwal,2023-10-15 02:30:00,temp,20.1,19.643006966140884,1,1,1,140.00060330349422
Garhwal,2023-10-16 02:30:00,temp,20.0,20.2379138551552,1,1,1,140.00060330349422
Garhwal,2023-10-17 02:30:00,temp,17.6,20.136408391428514,1,1,1,140.00060330349422
Garhwal,2023-10-18 02:30:00,temp,17.5,18.311698801956105,1,1,1,140.00060330349422
Garhwal,2023-10-19 02:15:00,temp,16.3,18.02369286021676,1,1,1,140.00060330349422
Garhwal,2023-10-20 02:30:00,temp,16.5,16.850721074680614,1,1,1,140.00060330349422
Garhwal,2023-10-21 02:15:00,temp,16.8,16.847773901112845,1,1,1,140.00060330349422
Garhwal,2023-10-22 02:15:00,temp,16.7,16.999639187054694,1,1,1,140.00060330349422
Garhwal,2023-10-23 02:15:00,temp,17.1,16.85511429539962,1,1,1,140.00060330349422
Garhwal,2023-10-24 02:15:00,temp,16.6,17.145684091513946,1,1,1,140.00060330349422
Garhwal,2023-10-25 02:15:00,temp,17.4,16.7188562423021,1,1,1,140.00060330349422
Garhwal,2023-10-26 02:00:00,temp,17.9,17.340556469597832,1,1,1,140.00060330349422
Garhwal,2023-10-27 02:15:00,temp,17.4,17.768239010134728,1,1,1,140.00060330349422
Garhwal,2023-10-28 02:00:00,temp,17.3,17.394226770119054,1,1,1,140.00060330349422
Garhwal,2023-10-29 02:30:00,temp,17.3,17.315108454505012,1,1,1,140.00060330349422
Garhwal,2023-10-30 01:45:00,temp,17.8,17.311286040334828,1,1,1,140.00060330349422
Gariaband,2023-10-15 02:30:00,temp,22.2,21.763492802818853,1,1,1,117.65176029049763
Gariaband,2023-10-16 02:30:00,temp,20.5,22.132918927542608,1,1,1,117.65176029049763
Gariaband,2023-10-17 02:30:00,temp,19.5,20.788407047073775,1,1,1,117.65176029049763
Gariaband,2023-10-18 02:30:00,temp,20.0,19.561644706920475,1,1,1,117.65176029049763
Gariaband,2023-10-19 02:15:00,temp,19.8,20.291655553314463,1,1,1,117.65176029049763
Gariaband,2023-10-20 02:30:00,temp,19.6,20.095879762654995,1,1,1,117.65176029049763
Gariaband,2023-10-21 02:15:00,temp,18.6,19.895695873136045,1,1,1,117.65176029049763
Gariaband,2023-10-22 02:15:00,temp,16.9,19.018973959474227,1,1,1,117.65176029049763
Gariaband,2023-10-23 02:15:00,temp,16.3,16.981238178822977,1,1,1,117.65176029049763
Gariaband,2023-10-24 02:15:00,temp,16.2,16.30392080490535,1,1,1,117.65176029049763
Gariaband,2023-10-25 02:15:00,temp,16.7,16.202147383397445,1,1,1,117.65176029049763
Gariaband,2023-10-26 02:00:00,temp,16.5,16.68128411653111,1,1,1,117.65176029049763
Gariaband,2023-10-27 02:15:00,temp,16.0,16.515025617063657,1,1,1,117.65176029049763
Gariaband,2023-10-28 02:00:00,temp,16.4,16.012050735050295,1,1,1,117.65176029049763
Gariaband,2023-10-29 02:30:00,temp,16.2,16.38052061080249,1,1,1,117.65176029049763
Gariaband,2023-10-30 01:45:00,temp,17.0,16.214908609294465,1,1,1,117.65176029049763
Gaya,2023-10-15 02:30:00,temp,21.7,24.306013438023097,0,1,1,158.77380406863008
Gaya,2023-10-16 02:30:00,temp,25.0,22.803018976552675,0,1,1,158.77380406863008
Gaya,2023-10-17 02:15:00,temp,23.0,23.921098428066337,0,1,1,158.77380406863008
Gaya,2023-10-18 02:30:00,temp,22.5,23.55856513563835,0,1,1,158.77380406863008
Gaya,2023-10-19 02:15:00,temp,21.1,23.123936244400653,0,1,1,158.77380406863008
Gaya,2023-10-20 02:15:00,temp,21.0,22.229008085323873,0,1,1,158.77380406863008
Gaya,2023-10-21 02:15:00,temp,20.0,21.631571317791938,0,1,1,158.77380406863008
Gaya,2023-10-22 02:15:00,temp,19.8,20.803048676200333,0,1,1,158.77380406863008
Gaya,2023-10-23 02:00:00,temp,19.3,20.272748764505945,0,1,1,158.77380406863008
Gaya,2023-10-24 02:15:00,temp,22.0,19.7537495686467,0,1,1,158.77380406863008
Gaya,2023-10-25 02:15:00,temp,22.0,20.879266962544985,0,1,1,158.77380406863008
Gaya,2023-10-26 02:00:00,temp,19.9,21.437357348984662,0,1,1,158.77380406863008
Gaya,2023-10-27 02:15:00,temp,19.8,20.689718641488046,0,1,1,158.77380406863008
Gaya,2023-10-28 02:00:00,temp,20.0,20.261004447533036,0,1,1,158.77380406863008
Gaya,2023-10-29 02:30:00,temp,19.0,20.133835375398185,0,1,1,158.77380406863008
Gaya,2023-10-30 01:45:00,temp,20.5,19.576268348517544,0,1,1,158.77380406863008
Ghaziabad,2023-10-15 02:30:00,temp,24.0,25.694057887295894,2,1,1,167.07036366964482
Ghaziabad,2023-10-16 02:30:00,temp,26.0,24.22481293685804,2,1,1,167.07036366964482
Ghaziabad,2023-10-17 02:30:00,temp,19.0,26.517980901447356,2,1,1,167.07036366964482
Ghaziabad,2023-10-18 02:30:00,temp,21.0,19.65587305642176,2,1,1,167.07036366964482
Ghaziabad,2023-10-19 02:30:00,temp,21.0,22.980624404572684,2,1,1,167.07036366964482
Ghaziabad,2023-10-20 02:30:00,temp,21.0,22.103848464511596,2,1,1,167.07036366964482
Ghaziabad,2023-10-21 02:15:00,temp,20.0,21.876309199720975,2,1,1,167.07036366964482
Ghaziabad,2023-10-22 02:30:00,temp,21.0,20.802332226021672,2,1,1,167.07036366964482
Ghaziabad,2023-10-23 02:15:00,temp,21.0,21.647423373485303,2,1,1,167.07036366964482
Ghaziabad,2023-10-24 02:15:00,temp,22.0,21.378246105112485,2,1,1,167.07036366964482
Ghaziabad,2023-10-25 02:30:00,temp,21.0,22.170832875472836,2,1,1,167.07036366964482
Ghaziabad,2023-10-26 02:00:00,temp,22.0,21.154005379485856,2,1,1,167.07036366964482
Ghaziabad,2023-10-27 02:30:00,temp,21.0,22.093343634742407,2,1,1,167.07036366964482
Ghaziabad,2023-10-28 02:00:00,temp,20.0,21.12775769655001,2,1,1,167.07036366964482
Ghaziabad,2023-10-29 02:45:00,temp,20.0,20.388251593068073,2,1,1,167.07036366964482
Ghaziabad,2023-10-30 02:00:00,temp,22.0,20.437261410231837,2,1,1,167.07036366964482
Ghazipur,2023-10-15 02:30:00,temp,22.6,22.5,0,1,0,152.80136719412116
Ghazipur,2023-10-16 02:30:00,temp,23.4,22.6,0,1,0,152.80136719412116
Ghazipur,2023-10-17 02:30:00,temp,23.1,23.4,0,1,0,152.80136719412116
Ghazipur,2023-10-18 02:30:00,temp,22.0,23.1,0,1,0,152.80136719412116
Ghazipur,2023-10-19 02:30:00,temp,21.2,22.0,0,1,0,152.80136719412116
Ghazipur,2023-10-20 02:30:00,temp,21.1,21.2,0,1,0,152.80136719412116
Ghazipur,2023-10-21 02:15:00,temp,20.8,21.1,0,1,0,152.80136719412116
Ghazipur,2023-10-22 02:30:00,temp,20.6,20.8,0,1,0,152.80136719412116
Ghazipur,2023-10-23 02:15:00,temp,20.2,20.6,0,1,0,152.80136719412116
Ghazipur,2023-10-24 02:15:00,temp,20.4,20.2,0,1,0,152.80136719412116
Ghazipur,2023-10-25 02:30:00,temp,21.3,20.4,0,1,0,152.80136719412116
Ghazipur,2023-10-26 02:00:00,temp,20.4,21.3,0,1,0,152.80136719412116
Ghazipur,2023-10-27 02:30:00,temp,21.1,20.4,0,1,0,152.80136719412116
Ghazipur,2023-10-28 02:00:00,temp,20.9,21.1,0,1,0,152.80136719412116
Ghazipur,2023-10-29 02:45:00,temp,21.0,20.9,0,1,0,152.80136719412116
Ghazipur,2023-10-30 02:00:00,temp,20.8,21.0,0,1,0,152.80136719412116
Giridih,2023-10-15 02:30:00,temp,22.0,24.098121219729173,0,0,2,118.63253514893809
Giridih,2023-10-16 02:30:00,temp,22.9,22.685587781206234,0,0,2,118.63253514893809
Giridih,2023-10-17 02:15:00,temp,23.2,23.19139336863376,0,0,2,118.63253514893809
Giridih,2023-10-18 02:30:00,temp,22.9,25.166332863606264,0,0,2,118.63253514893809
Giridih,2023-10-19 02:15:00,temp,21.6,22.977012520571225,0,0,2,118.63253514893809
Giridih,2023-10-20 02:30:00,temp,21.3,22.456069875364634,0,0,2,118.63253514893809
Giridih,2023-10-21 02:15:00,temp,20.5,23.422925622264977,0,0,2,118.63253514893809
Giridih,2023-10-22 02:15:00,temp,19.9,21.66832500739231,0,0,2,118.63253514893809
Giridih,2023-10-23 02:00:00,temp,20.1,21.35012571975348,0,0,2,118.63253514893809
Giridih,2023-10-24 02:15:00,temp,20.9,22.129119396467043,0,0,2,118.63253514893809
Giridih,2023-10-25 02:15:00,temp,21.4,22.359655239795032,0,0,2,118.63253514893809
Giridih,2023-10-26 02:00:00,temp,22.2,22.581908994762014,0,0,2,118.63253514893809
Giridih,2023-10-27 02:15:00,temp,20.2,23.27563495948392,0,0,2,118.63253514893809
Giridih,2023-10-28 02:00:00,temp,20.4,20.76673076591562,0,0,2,118.63253514893809
Giridih,2023-10-29 02:30:00,temp,20.5,21.582158684323083,0,0,2,118.63253514893809
Giridih,2023-10-30 01:45:00,temp,20.8,22.78463097759943,0,0,2,118.63253514893809
Goa,2023-10-16 02:30:00,temp,26.2,26.07082457568467,0,1,1,57.544435437412105
Goa,2023-10-17 02:15:00,temp,26.7,26.112113264407018,0,1,1,57.544435437412105
Goa,2023-10-18 02:30:00,temp,27.0,26.30554770671345,0,1,1,57.544435437412105
Goa,2023-10-19 02:15:00,temp,26.8,26.568997517028183,0,1,1,57.544435437412105
Goa,2023-10-20 02:30:00,temp,27.1,26.664513602787927,0,1,1,57.544435437412105
Goa,2023-10-21 02:15:00,temp,27.3,26.845011409154893,0,1,1,57.544435437412105
Goa,2023-10-21 02:15:00,temp,26.9,27.043805114110693,0,1,1,57.544435437412105
Goa,2023-10-22 02:15:00,temp,27.5,26.981542385140802,0,1,1,57.544435437412105
Goa,2023-10-23 02:15:00,temp,26.5,27.198962045861244,0,1,1,57.544435437412105
Goa,2023-10-24 02:15:00,temp,25.6,26.91555212346173,0,1,1,57.544435437412105
Goa,2023-10-25 02:15:00,temp,25.2,26.383113860997053,0,1,1,57.544435437412105
Goa,2023-10-26 02:00:00,temp,25.4,25.631100534206286,0,1,1,57.544435437412105
Goa,2023-10-27 02:15:00,temp,25.0,25.478356158081553,0,1,1,57.544435437412105
Goa,2023-10-28 02:00:00,temp,25.1,25.180725480582133,0,1,1,57.544435437412105
Goa,2023-10-29 02:30:00,temp,25.4,25.13047150988364,0,1,1,57.544435437412105
Goa,2023-10-30 01:45:00,temp,26.9,25.293879057523576,0,1,1,57.544435437412105
Goalpara,2023-10-15 02:30:00,temp,21.9,22.7,0,1,0,112.03580482894698
Goalpara,2023-10-16 02:30:00,temp,21.8,21.9,0,1,0,112.03580482894698
Goalpara,2023-10-17 02:15:00,temp,21.7,21.8,0,1,0,112.03580482894698
Goalpara,2023-10-18 02:30:00,temp,21.8,21.7,0,1,0,112.03580482894698
Goalpara,2023-10-19 02:15:00,temp,21.6,21.8,0,1,0,112.03580482894698
Goalpara,2023-10-20 02:30:00,temp,21.2,21.6,0,1,0,112.03580482894698
Goalpara,2023-10-21 02:15:00,temp,20.7,21.2,0,1,0,112.03580482894698
Goalpara,2023-10-22 02:15:00,temp,20.3,20.7,0,1,0,112.03580482894698
Goalpara,2023-10-23 02:15:00,temp,20.0,20.3,0,1,0,112.03580482894698
Goalpara,2023-10-24 02:15:00,temp,21.0,20.0,0,1,0,112.03580482894698
Goalpara,2023-10-25 02:15:00,temp,20.2,21.0,0,1,0,112.03580482894698
Goalpara,2023-10-26 02:00:00,temp,20.8,20.2,0,1,0,112.03580482894698
Goalpara,2023-10-27 02:15:00,temp,21.2,20.8,0,1,0,112.03580482894698
Goalpara,2023-10-28 02:00:00,temp,20.5,21.2,0,1,0,112.03580482894698
Goalpara,2023-10-29 02:30:00,temp,20.4,20.5,0,1,0,112.03580482894698
Goalpara,2023-10-30 01:45:00,temp,21.0,20.4,0,1,0,112.03580482894698
Godda,2023-10-15 02:30:00,temp,22.0,23.3,0,1,0,135.94268203134482
Godda,2023-10-16 02:30:00,temp,23.6,22.0,0,1,0,135.94268203134482
Godda,2023-10-17 02:15:00,temp,23.5,23.6,0,1,0,135.94268203134482
Godda,2023-10-18 02:30:00,temp,23.1,23.5,0,1,0,135.94268203134482
Godda,2023-10-19 02:15:00,temp,21.6,23.1,0,1,0,135.94268203134482
Godda,2023-10-20 02:30:00,temp,21.0,21.6,0,1,0,135.94268203134482
Godda,2023-10-21 02:15:00,temp,20.2,21.0,0,1,0,135.94268203134482
Godda,2023-10-22 02:15:00,temp,19.8,20.199999999999996,0,1,0,135.94268203134482
Godda,2023-10-23 02:00:00,temp,20.3,19.8,0,1,0,135.94268203134482
Godda,2023-10-24 02:15:00,temp,21.8,20.3,0,1,0,135.94268203134482
Godda,2023-10-25 02:15:00,temp,22.0,21.8,0,1,0,135.94268203134482
Godda,2023-10-26 02:00:00,temp,21.2,22.0,0,1,0,135.94268203134482
Godda,2023-10-27 02:15:00,temp,20.6,21.2,0,1,0,135.94268203134482
Godda,2023-10-28 02:00:00,temp,20.5,20.6,0,1,0,135.94268203134482
Godda,2023-10-29 02:30:00,temp,20.7,20.5,0,1,0,135.94268203134482
Godda,2023-10-30 01:45:00,temp,21.2,20.7,0,1,0,135.94268203134482
Golaghat,2023-10-15 02:30:00,temp,20.9,21.301433101033318,1,1,0,103.26420789456034
Golaghat,2023-10-16 02:30:00,temp,21.0,20.97431476219641,1,1,0,103.26420789456034
Golaghat,2023-10-17 02:15:00,temp,20.7,20.97518823661727,1,1,0,103.26420789456034
Golaghat,2023-10-18 02:30:00,temp,21.1,20.77476932455173,1,1,0,103.26420789456034
Golaghat,2023-10-19 02:15:00,temp,20.3,20.998833668781828,1,1,0,103.26420789456034
Golaghat,2023-10-20 02:30:00,temp,20.4,20.510534496714143,1,1,0,103.26420789456034
Golaghat,2023-10-21 02:15:00,temp,20.1,20.373989751438636,1,1,0,103.26420789456034
Golaghat,2023-10-22 02:15:00,temp,19.6,20.178350004469195,1,1,0,103.26420789456034
Golaghat,2023-10-23 02:15:00,temp,19.3,19.727501213713058,1,1,0,103.26420789456034
Golaghat,2023-10-24 02:15:00,temp,21.1,19.374246707775963,1,1,0,103.26420789456034
Golaghat,2023-10-25 02:15:00,temp,20.0,20.622451982476218,1,1,0,103.26420789456034
Golaghat,2023-10-26 02:00:00,temp,20.3,20.33081074419012,1,1,0,103.26420789456034
Golaghat,2023-10-27 02:15:00,temp,19.9,20.210059562518886,1,1,0,103.26420789456034
Golaghat,2023-10-28 02:00:00,temp,19.8,20.02107992608586,1,1,0,103.26420789456034
Golaghat,2023-10-29 02:30:00,temp,19.4,19.830010826588524,1,1,0,103.26420789456034
Golaghat,2023-10-30 01:45:00,temp,20.5,19.519545433858998,1,1,0,103.26420789456034
Gonda,2023-10-15 02:30:00,temp,23.4,23.041833876953365,1,1,1,136.46449848491204
Gonda,2023-10-16 02:30:00,temp,23.4,23.737008847968895,1,1,1,136.46449848491204
Gonda,2023-10-17 02:30:00,temp,21.3,23.687665020741008,1,1,1,136.46449848491204
Gonda,2023-10-18 02:30:00,temp,21.0,21.97902401187174,1,1,1,136.46449848491204
Gonda,2023-10-19 02:30:00,temp,19.8,21.55178164662079,1,1,1,136.46449848491204
Gonda,2023-10-20 02:30:00,temp,19.6,20.326530803984504,1,1,1,136.46449848491204
Gonda,2023-10-21 02:15:00,temp,19.3,19.978588957987252,1,1,1,136.46449848491204
Gonda,2023-10-22 02:30:00,temp,20.3,19.583122210176047,1,1,1,136.46449848491204
Gonda,2023-10-23 02:15:00,temp,20.6,20.418078079000825,1,1,1,136.46449848491204
Gonda,2023-10-24 02:15:00,temp,21.0,20.658215405445798,1,1,1,136.46449848491204
Gonda,2023-10-25 02:30:00,temp,21.8,21.001765981550047,1,1,1,136.46449848491204
Gonda,2023-10-26 02:00:00,temp,21.4,21.717939876033412,1,1,1,136.46449848491204
Gonda,2023-10-27 02:30:00,temp,20.9,21.37861079559134,1,1,1,136.46449848491204
Gonda,2023-10-28 02:00:00,temp,21.0,20.951281166001724,1,1,1,136.46449848491204
Gonda,2023-10-29 02:45:00,temp,21.7,21.027173599879667,1,1,1,136.46449848491204
Gonda,2023-10-30 02:00:00,temp,20.9,21.620974617629507,1,1,1,136.46449848491204
Gopalganj,2023-10-15 02:30:00,temp,22.7,22.85748809103826,2,1,1,140.7569806513943
Gopalganj,2023-10-16 02:30:00,temp,23.0,23.527844778763924,2,1,1,140.7569806513943
Gopalganj,2023-10-17 02:15:00,temp,22.9,23.47783165263863,2,1,1,140.7569806513943
Gopalganj,2023-10-18 02:30:00,temp,22.4,23.1636733446757,2,1,1,140.7569806513943
Gopalganj,2023-10-19 02:15:00,temp,20.8,22.57961357678186,2,1,1,140.7569806513943
Gopalganj,2023-10-20 02:30:00,temp,20.5,20.868800922042972,2,1,1,140.7569806513943
Gopalganj,2023-10-21 02:15:00,temp,20.3,21.061611389983394,2,1,1,140.7569806513943
Gopalganj,2023-10-22 02:15:00,temp,20.4,20.76782608287916,2,1,1,140.7569806513943
Gopalganj,2023-10-23 02:15:00,temp,20.6,20.820245826138006,2,1,1,140.7569806513943
Gopalganj,2023-10-24 02:15:00,temp,21.4,20.901804214973804,2,1,1,140.7569806513943
Gopalganj,2023-10-25 02:15:00,temp,22.2,21.69208891529894,2,1,1,140.7569806513943
Gopalganj,2023-10-26 02:00:00,temp,22.2,22.279118898358842,2,1,1,140.7569806513943
Gopalganj,2023-10-27 02:15:00,temp,21.7,21.978761758465463,2,1,1,140.7569806513943
Gopalganj,2023-10-28 02:00:00,temp,21.4,21.450616696142454,2,1,1,140.7569806513943
Gopalganj,2023-10-29 02:30:00,temp,21.7,21.34106648486485,2,1,1,140.7569806513943
Gopalganj,2023-10-30 01:45:00,temp,21.4,21.804670206955556,2,1,1,140.7569806513943
Gorakhpur,2023-10-15 02:30:00,temp,25.3,25.379569136378528,2,1,1,178.38731648730518
Gorakhpur,2023-10-16 02:30:00,temp,23.4,25.62290086965427,2,1,1,178.38731648730518
Gorakhpur,2023-10-17 02:30:00,temp,19.6,23.84995903418764,2,1,1,178.38731648730518
Gorakhpur,2023-10-18 02:30:00,temp,21.6,20.80273869726113,2,1,1,178.38731648730518
Gorakhpur,2023-10-19 02:30:00,temp,20.3,23.533676345102986,2,1,1,178.38731648730518
Gorakhpur,2023-10-20 02:30:00,temp,21.2,21.327402595742022,2,1,1,178.38731648730518
Gorakhpur,2023-10-21 02:15:00,temp,22.4,22.19350767662472,2,1,1,178.38731648730518
Gorakhpur,2023-10-22 02:30:00,temp,22.6,22.902966514920433,2,1,1,178.38731648730518
Gorakhpur,2023-10-23 02:15:00,temp,22.4,22.731250812975162,2,1,1,178.38731648730518
Gorakhpur,2023-10-24 02:15:00,temp,21.7,22.478158104212024,2,1,1,178.38731648730518
Gorakhpur,2023-10-25 02:30:00,temp,21.6,21.870410461164234,2,1,1,178.38731648730518
Gorakhpur,2023-10-26 02:00:00,temp,21.6,21.895152192881664,2,1,1,178.38731648730518
Gorakhpur,2023-10-27 02:30:00,temp,21.4,21.85725747561914,2,1,1,178.38731648730518
Gorakhpur,2023-10-28 02:00:00,temp,22.8,21.62922621808096,2,1,1,178.38731648730518
Gorakhpur,2023-10-29 02:45:00,temp,23.6,22.854968526513044,2,1,1,178.38731648730518
Gorakhpur,2023-10-30 02:00:00,temp,22.9,23.250662403501977,2,1,1,178.38731648730518
Gulbarga,2023-10-15 02:30:00,temp,24.0,23.78969910574856,1,0,0,132.13420231723842
Gulbarga,2023-10-16 02:30:00,temp,25.3,23.992103101451796,1,0,0,132.13420231723842
Gulbarga,2023-10-17 02:30:00,temp,23.5,24.6648052732687,1,0,0,132.13420231723842
Gulbarga,2023-10-18 02:30:00,temp,23.2,23.75971953961672,1,0,0,132.13420231723842
Gulbarga,2023-10-19 02:15:00,temp,22.7,23.60532565342663,1,0,0,132.13420231723842
Gulbarga,2023-10-20 02:30:00,temp,23.0,23.338259652731164,1,0,0,132.13420231723842
Gulbarga,2023-10-21 02:15:00,temp,22.5,23.470618224424697,1,0,0,132.13420231723842
Gulbarga,2023-10-22 02:15:00,temp,22.2,23.187949641337003,1,0,0,132.13420231723842
Gulbarga,2023-10-23 02:15:00,temp,21.3,22.982834415158166,1,0,0,132.13420231723842
Gulbarga,2023-10-24 02:15:00,temp,20.9,22.373008340536586,1,0,0,132.13420231723842
Gulbarga,2023-10-25 02:15:00,temp,20.6,21.972709153437602,1,0,0,132.13420231723842
Gulbarga,2023-10-26 02:00:00,temp,20.3,21.61241659110314,1,0,0,132.13420231723842
Gulbarga,2023-10-27 02:15:00,temp,19.5,21.241216027863384,1,0,0,132.13420231723842
Gulbarga,2023-10-28 02:00:00,temp,19.5,20.417531978185394,1,0,0,132.13420231723842
Gulbarga,2023-10-29 02:30:00,temp,20.7,20.283178963864437,1,0,0,132.13420231723842
Gulbarga,2023-10-30 02:00:00,temp,22.2,21.280581417148113,1,0,0,132.13420231723842
Gumla,2023-10-15 02:30:00,temp,19.0,20.63975514760705,0,1,1,106.43533596607023
Gumla,2023-10-16 02:30:00,temp,19.5,19.49301682769275,0,1,1,106.43533596607023
Gumla,2023-10-17 02:15:00,temp,20.4,19.498234989154707,0,1,1,106.43533596607023
Gumla,2023-10-18 02:30:00,temp,19.0,20.079359302642022,0,1,1,106.43533596607023
Gumla,2023-10-19 02:15:00,temp,18.9,19.414437229336347,0,1,1,106.43533596607023
Gumla,2023-10-20 02:30:00,temp,18.6,19.086176348386193,0,1,1,106.43533596607023
Gumla,2023-10-21 02:15:00,temp,16.6,18.769686444159035,0,1,1,106.43533596607023
Gumla,2023-10-22 02:15:00,temp,16.3,17.238631142244856,0,1,1,106.43533596607023
Gumla,2023-10-23 02:00:00,temp,16.1,16.47733633324819,0,1,1,106.43533596607023
Gumla,2023-10-24 02:15:00,temp,17.3,16.176035111202534,0,1,1,106.43533596607023
Gumla,2023-10-25 02:15:00,temp,17.7,17.036727604418235,0,1,1,106.43533596607023
Gumla,2023-10-26 02:00:00,temp,17.4,17.562435542069583,0,1,1,106.43533596607023
Gumla,2023-10-27 02:15:00,temp,16.3,17.434725558161098,0,1,1,106.43533596607023
Gumla,2023-10-28 02:00:00,temp,16.3,16.551025124450685,0,1,1,106.43533596607023
Gumla,2023-10-29 02:30:00,temp,16.5,16.350184712961113,0,1,1,106.43533596607023
Gumla,2023-10-30 01:45:00,temp,16.7,16.468357593540198,0,1,1,106.43533596607023
Guna,2023-10-15 02:30:00,temp,23.6,23.53131528650637,1,1,1,131.51006725728817
Guna,2023-10-16 02:30:00,temp,24.0,23.532663101977374,1,1,1,131.51006725728817
Guna,2023-10-17 02:15:00,temp,19.2,23.816562509286598,1,1,1,131.51006725728817
Guna,2023-10-18 02:15:00,temp,22.0,20.49957549549877,1,1,1,131.51006725728817
Guna,2023-10-19 02:15:00,temp,22.2,22.2903854565209,1,1,1,131.51006725728817
Guna,2023-10-20 02:15:00,temp,21.1,22.383971874773568,1,1,1,131.51006725728817
Guna,2023-10-21 02:00:00,temp,21.4,21.673467439503955,1,1,1,131.51006725728817
Guna,2023-10-22 02:15:00,temp,21.2,21.78850230021706,1,1,1,131.51006725728817
Guna,2023-10-23 02:00:00,temp,21.1,21.610623860478185,1,1,1,131.51006725728817
Guna,2023-10-24 02:15:00,temp,20.5,21.490584952033696,1,1,1,131.51006725728817
Guna,2023-10-25 02:15:00,temp,20.5,21.04681783329243,1,1,1,131.51006725728817
Guna,2023-10-26 02:00:00,temp,20.6,20.95985058142247,1,1,1,131.51006725728817
Guna,2023-10-27 02:15:00,temp,20.4,20.951443618083054,1,1,1,131.51006725728817
Guna,2023-10-28 02:00:00,temp,20.3,20.760782244359703,1,1,1,131.51006725728817
Guna,2023-10-29 02:30:00,temp,21.0,20.632551251974142,1,1,1,131.51006725728817
Guna,2023-10-30 01:45:00,temp,21.1,21.039679001200337,1,1,1,131.51006725728817
Guntur,2023-10-15 02:30:00,temp,23.5,23.929756253096457,0,1,1,123.06694907056618
Guntur,2023-10-16 02:30:00,temp,24.3,23.783338692814816,0,1,1,123.06694907056618
Guntur,2023-10-17 02:15:00,temp,23.4,23.956456589545112,0,1,1,123.06694907056618
Guntur,2023-10-18 02:30:00,temp,23.4,23.77587133020567,0,1,1,123.06694907056618
Guntur,2023-10-19 02:15:00,temp,23.2,23.65088992097437,0,1,1,123.06694907056618
Guntur,2023-10-20 02:30:00,temp,23.2,23.497508806161857,0,1,1,123.06694907056618
Guntur,2023-10-21 02:15:00,temp,23.2,23.394247425884295,0,1,1,123.06694907056618
Guntur,2023-10-22 02:15:00,temp,22.7,23.326583513071924,0,1,1,123.06694907056618
Guntur,2023-10-23 02:00:00,temp,21.0,23.10480185665526,0,1,1,123.06694907056618
Guntur,2023-10-24 02:15:00,temp,22.9,22.271384593742404,0,1,1,123.06694907056618
Guntur,2023-10-25 02:15:00,temp,20.4,22.54072327574448,0,1,1,123.06694907056618
Guntur,2023-10-26 02:00:00,temp,21.1,21.682548816894702,0,1,1,123.06694907056618
Guntur,2023-10-27 02:15:00,temp,21.5,21.415570822263124,0,1,1,123.06694907056618
Guntur,2023-10-28 02:00:00,temp,23.0,21.4526489384456,0,1,1,123.06694907056618
Guntur,2023-10-29 02:30:00,temp,23.6,22.065467271760653,0,1,1,123.06694907056618
Guntur,2023-10-30 01:45:00,temp,24.0,22.687251506693862,0,1,1,123.06694907056618
Gurdaspur,2023-10-15 02:30:00,temp,21.6,20.55526558685338,0,1,2,143.87973518747125
Gurdaspur,2023-10-16 02:30:00,temp,21.7,21.66235335151487,0,1,2,143.87973518747125
Gurdaspur,2023-10-17 02:30:00,temp,16.7,21.359124273418182,0,1,2,143.87973518747125
Gurdaspur,2023-10-18 02:30:00,temp,15.8,17.59187492679652,0,1,2,143.87973518747125
Gurdaspur,2023-10-19 02:15:00,temp,15.6,17.752905072028312,0,1,2,143.87973518747125
Gurdaspur,2023-10-20 02:30:00,temp,16.6,16.051573871982725,0,1,2,143.87973518747125
Gurdaspur,2023-10-21 02:15:00,temp,17.7,17.05440654601856,0,1,2,143.87973518747125
Gurdaspur,2023-10-22 02:15:00,temp,18.3,17.515562455305425,0,1,2,143.87973518747125
Gurdaspur,2023-10-23 02:15:00,temp,17.6,18.05366382345469,0,1,2,143.87973518747125
Gurdaspur,2023-10-24 02:15:00,temp,17.5,17.391173043613428,0,1,2,143.87973518747125
Gurdaspur,2023-10-25 02:15:00,temp,18.5,17.633905241459853,0,1,2,143.87973518747125
Gurdaspur,2023-10-26 02:00:00,temp,17.4,18.386052583903492,0,1,2,143.87973518747125
Gurdaspur,2023-10-27 02:15:00,temp,18.4,17.211397984767355,0,1,2,143.87973518747125
Gurdaspur,2023-10-28 02:00:00,temp,19.0,18.583350092697646,0,1,2,143.87973518747125
Gurdaspur,2023-10-29 02:45:00,temp,18.1,18.578033350207768,0,1,2,143.87973518747125
Gurdaspur,2023-10-30 02:00:00,temp,18.4,18.016166162270075,0,1,2,143.87973518747125
Gurgaon,2023-10-15 02:30:00,temp,24.0,25.795858582101083,2,1,2,170.20252712800726
Gurgaon,2023-10-16 02:30:00,temp,26.0,24.70618513699224,2,1,2,170.20252712800726
Gurgaon,2023-10-17 02:15:00,temp,19.0,26.41843187703533,2,1,2,170.20252712800726
Gurgaon,2023-10-18 02:15:00,temp,21.0,20.893092216229256,2,1,2,170.20252712800726
Gurgaon,2023-10-19 02:15:00,temp,21.0,22.541616297790696,2,1,2,170.20252712800726
Gurgaon,2023-10-20 02:30:00,temp,21.0,22.64915349284088,2,1,2,170.20252712800726
Gurgaon,2023-10-21 02:15:00,temp,20.0,22.626937180736736,2,1,2,170.20252712800726
Gurgaon,2023-10-22 02:15:00,temp,21.0,20.787679558232313,2,1,2,170.20252712800726
Gurgaon,2023-10-23 02:00:00,temp,21.0,21.533831934224455,2,1,2,170.20252712800726
Gurgaon,2023-10-24 02:15:00,temp,22.0,21.14885331384091,2,1,2,170.20252712800726
Gurgaon,2023-10-25 02:15:00,temp,21.0,21.98512846110243,2,1,2,170.20252712800726
Gurgaon,2023-10-26 02:00:00,temp,22.0,20.88818260231717,2,1,2,170.20252712800726
Gurgaon,2023-10-27 02:15:00,temp,21.0,21.82848151228876,2,1,2,170.20252712800726
Gurgaon,2023-10-28 02:00:00,temp,20.0,20.934484698150133,2,1,2,170.20252712800726
Gurgaon,2023-10-29 02:30:00,temp,24.8,20.19328783480284,2,1,2,170.20252712800726
Gurgaon,2023-10-30 01:45:00,temp,22.0,24.034412042193477,2,1,2,170.20252712800726
Gwalior,2023-10-15 02:30:00,temp,27.3,26.778480406076124,1,0,2,148.9369871975331
Gwalior,2023-10-16 02:30:00,temp,26.3,26.443699017059483,1,0,2,148.9369871975331
Gwalior,2023-10-17 02:15:00,temp,20.4,26.340716450895293,1,0,2,148.9369871975331
Gwalior,2023-10-18 02:15:00,temp,22.2,21.876991287313572,1,0,2,148.9369871975331
Gwalior,2023-10-19 02:15:00,temp,22.6,25.00232095484241,1,0,2,148.9369871975331
Gwalior,2023-10-20 02:15:00,temp,22.1,24.833081511858833,1,0,2,148.9369871975331
Gwalior,2023-10-21 02:00:00,temp,22.0,23.598814838360443,1,0,2,148.9369871975331
Gwalior,2023-10-22 02:15:00,temp,22.0,23.43048064915846,1,0,2,148.9369871975331
Gwalior,2023-10-23 02:00:00,temp,22.2,23.12634634066129,1,0,2,148.9369871975331
Gwalior,2023-10-24 02:15:00,temp,21.6,23.00997626249597,1,0,2,148.9369871975331
Gwalior,2023-10-25 02:15:00,temp,21.4,22.295031972751765,1,0,2,148.9369871975331
Gwalior,2023-10-26 02:00:00,temp,21.9,22.14486906806044,1,0,2,148.9369871975331
Gwalior,2023-10-27 02:15:00,temp,20.8,22.384037399443294,1,0,2,148.9369871975331
Gwalior,2023-10-28 02:00:00,temp,21.1,21.364195576148695,1,0,2,148.9369871975331
Gwalior,2023-10-29 02:30:00,temp,22.1,21.76017903878484,1,0,2,148.9369871975331
Gwalior,2023-10-30 01:45:00,temp,22.9,22.234053273018887,1,0,2,148.9369871975331
Hailakandi,2023-10-15 02:30:00,temp,20.3,20.71258011980622,1,1,0,95.96289982965394
Hailakandi,2023-10-16 02:30:00,temp,21.2,20.228896326353585,1,1,0,95.96289982965394
Hailakandi,2023-10-17 02:15:00,temp,21.6,20.887458848491274,1,1,0,95.96289982965394
Hailakandi,2023-10-18 02:30:00,temp,20.6,21.47142311445302,1,1,0,95.96289982965394
Hailakandi,2023-10-19 02:15:00,temp,20.3,20.93530423527446,1,1,0,95.96289982965394
Hailakandi,2023-10-20 02:30:00,temp,20.0,20.393265621165565,1,1,0,95.96289982965394
Hailakandi,2023-10-21 02:15:00,temp,20.3,20.09193368801489,1,1,0,95.96289982965394
Hailakandi,2023-10-22 02:15:00,temp,20.7,20.20731782731485,1,1,0,95.96289982965394
Hailakandi,2023-10-23 02:15:00,temp,20.5,20.578657038542328,1,1,0,95.96289982965394
Hailakandi,2023-10-24 02:15:00,temp,21.7,20.56093210846072,1,1,0,95.96289982965394
Hailakandi,2023-10-25 02:15:00,temp,22.6,21.324301193685642,1,1,0,95.96289982965394
Hailakandi,2023-10-26 02:00:00,temp,20.1,22.367890640995384,1,1,0,95.96289982965394
Hailakandi,2023-10-27 02:15:00,temp,20.0,20.920007906498856,1,1,0,95.96289982965394
Hailakandi,2023-10-28 02:00:00,temp,20.1,20.026236585380737,1,1,0,95.96289982965394
Hailakandi,2023-10-29 02:30:00,temp,19.3,20.07373452525213,1,1,0,95.96289982965394
Hailakandi,2023-10-30 01:45:00,temp,20.3,19.511887634327742,1,1,0,95.96289982965394
Hamirpur,2023-10-15 02:30:00,temp,26.7,26.92806082209499,2,0,0,144.1663688647014
Hamirpur,2023-10-16 02:30:00,temp,26.6,27.288971739109673,2,0,0,144.1663688647014
Hamirpur,2023-10-17 02:15:00,temp,21.0,26.810518188070752,2,0,0,144.1663688647014
Hamirpur,2023-10-18 02:15:00,temp,23.4,21.748667058806117,2,0,0,144.1663688647014
Hamirpur,2023-10-19 02:15:00,temp,23.4,26.125784434734527,2,0,0,144.1663688647014
Hamirpur,2023-10-20 02:15:00,temp,22.6,24.877639023844157,2,0,0,144.1663688647014
Hamirpur,2023-10-21 02:15:00,temp,21.9,23.98974315961468,2,0,0,144.1663688647014
Hamirpur,2023-10-22 02:15:00,temp,21.7,23.302900000206815,2,0,0,144.1663688647014
Hamirpur,2023-10-23 02:00:00,temp,21.7,23.032556417379404,2,0,0,144.1663688647014
Hamirpur,2023-10-24 02:15:00,temp,22.3,22.887442457120503,2,0,0,144.1663688647014
Hamirpur,2023-10-25 02:15:00,temp,22.1,23.352132482465407,2,0,0,144.1663688647014
Hamirpur,2023-10-26 02:00:00,temp,22.1,22.980987094354507,2,0,0,144.1663688647014
Hamirpur,2023-10-27 02:15:00,temp,21.7,22.93284065447591,2,0,0,144.1663688647014
Hamirpur,2023-10-28 02:00:00,temp,22.1,22.477630415584184,2,0,0,144.1663688647014
Hamirpur,2023-10-29 02:30:00,temp,22.7,22.85167238799813,2,0,0,144.1663688647014
Hamirpur,2023-10-30 01:45:00,temp,23.1,23.3505957645861,2,0,0,144.1663688647014
Hanumangarh,2023-10-15 02:30:00,temp,26.9,27.756101400881324,2,1,1,173.5975438492923
Hanumangarh,2023-10-16 02:30:00,temp,26.0,26.74725711351124,2,1,1,173.5975438492923
Hanumangarh,2023-10-17 02:30:00,temp,20.0,26.218877022512,2,1,1,173.5975438492923
Hanumangarh,2023-10-18 02:30:00,temp,22.1,20.57509847504106,2,1,1,173.5975438492923
Hanumangarh,2023-10-19 02:30:00,temp,21.5,24.943357635766777,2,1,1,173.5975438492923
Hanumangarh,2023-10-20 02:30:00,temp,22.9,22.83013341612102,2,1,1,173.5975438492923
Hanumangarh,2023-10-21 02:15:00,temp,23.7,24.095345519481093,2,1,1,173.5975438492923
Hanumangarh,2023-10-22 02:30:00,temp,23.7,24.26382066268813,2,1,1,173.5975438492923
Hanumangarh,2023-10-23 02:15:00,temp,23.4,23.94070556114888,2,1,1,173.5975438492923
Hanumangarh,2023-10-24 02:15:00,temp,23.4,23.60071816848099,2,1,1,173.5975438492923
Hanumangarh,2023-10-25 02:30:00,temp,23.0,23.639765295028212,2,1,1,173.5975438492923
Hanumangarh,2023-10-26 02:00:00,temp,23.4,23.21317833064775,2,1,1,173.5975438492923
Hanumangarh,2023-10-27 02:15:00,temp,23.1,23.657037755614553,2,1,1,173.5975438492923
Hanumangarh,2023-10-28 02:00:00,temp,24.8,23.22276720380063,2,1,1,173.5975438492923
Hanumangarh,2023-10-29 02:45:00,temp,24.9,24.868596635357605,2,1,1,173.5975438492923
Hanumangarh,2023-10-30 02:00:00,temp,24.3,24.51232202505689,2,1,1,173.5975438492923
Haora,2023-10-15 02:30:00,temp,27.0,26.84114092673585,1,0,2,133.44745800605335
Haora,2023-10-16 02:30:00,temp,26.0,27.63652613300304,1,0,2,133.44745800605335
Haora,2023-10-17 02:30:00,temp,27.0,27.04784803876032,1,0,2,133.44745800605335
Haora,2023-10-18 02:30:00,temp,27.0,27.359101159152548,1,0,2,133.44745800605335
Haora,2023-10-19 02:15:00,temp,26.0,27.662821949239866,1,0,2,133.44745800605335
Haora,2023-10-20 02:30:00,temp,25.0,26.666088654696797,1,0,2,133.44745800605335
Haora,2023-10-21 02:15:00,temp,24.0,26.890832550578963,1,0,2,133.44745800605335
Haora,2023-10-22 02:15:00,temp,25.0,25.474575307757753,1,0,2,133.44745800605335
Haora,2023-10-23 02:15:00,temp,26.0,25.914314199148407,1,0,2,133.44745800605335
Haora,2023-10-24 02:15:00,temp,25.0,26.673068985484903,1,0,2,133.44745800605335
Haora,2023-10-25 02:15:00,temp,24.0,25.976984805368286,1,0,2,133.44745800605335
Haora,2023-10-26 02:00:00,temp,26.0,25.019649813653476,1,0,2,133.44745800605335
Haora,2023-10-27 02:15:00,temp,26.0,26.132627523429978,1,0,2,133.44745800605335
Haora,2023-10-28 02:00:00,temp,25.0,26.291155491822202,1,0,2,133.44745800605335
Haora,2023-10-29 02:45:00,temp,24.0,25.664971924786176,1,0,2,133.44745800605335
Haora,2023-10-30 01:45:00,temp,24.0,24.911207088753986,1,0,2,133.44745800605335
Hapur,2023-10-15 02:30:00,temp,24.3,23.82800767383531,1,1,1,159.0792128422177
Hapur,2023-10-16 02:30:00,temp,24.1,24.495685175735883,1,1,1,159.0792128422177
Hapur,2023-10-17 02:30:00,temp,20.2,24.334172632851953,1,1,1,159.0792128422177
Hapur,2023-10-18 02:30:00,temp,21.2,21.505355900898415,1,1,1,159.0792128422177
Hapur,2023-10-19 02:30:00,temp,20.3,22.04194060097573,1,1,1,159.0792128422177
Hapur,2023-10-20 02:30:00,temp,20.6,21.172071594759746,1,1,1,159.0792128422177
Hapur,2023-10-21 02:15:00,temp,20.8,21.24877606137486,1,1,1,159.0792128422177
Hapur,2023-10-22 02:30:00,temp,20.6,21.292828494617797,1,1,1,159.0792128422177
Hapur,2023-10-23 02:15:00,temp,21.6,21.04074066153444,1,1,1,159.0792128422177
Hapur,2023-10-24 02:15:00,temp,21.0,21.769404880869285,1,1,1,159.0792128422177
Hapur,2023-10-25 02:30:00,temp,21.2,21.26272239938782,1,1,1,159.0792128422177
Hapur,2023-10-26 02:00:00,temp,21.0,21.376261009821338,1,1,1,159.0792128422177
Hapur,2023-10-27 02:30:00,temp,20.8,21.190212496235056,1,1,1,159.0792128422177
Hapur,2023-10-28 02:00:00,temp,21.1,21.002913061148753,1,1,1,159.0792128422177
Hapur,2023-10-29 02:45:00,temp,21.1,21.202663150398056,1,1,1,159.0792128422177
Hapur,2023-10-30 02:00:00,temp,21.5,21.186273895151214,1,1,1,159.0792128422177
Harda,2023-10-15 02:30:00,temp,25.7,24.2,0,1,0,86.02164147794186
Harda,2023-10-16 02:30:00,temp,24.2,25.7,0,1,0,86.02164147794186
Harda,2023-10-17 02:15:00,temp,22.7,24.2,0,1,0,86.02164147794186
Harda,2023-10-18 02:15:00,temp,22.6,22.7,0,1,0,86.02164147794186
Harda,2023-10-19 02:15:00,temp,23.4,22.6,0,1,0,86.02164147794186
Harda,2023-10-20 02:15:00,temp,24.0,23.4,0,1,0,86.02164147794186
Harda,2023-10-21 02:00:00,temp,22.1,24.0,0,1,0,86.02164147794186
Harda,2023-10-22 02:15:00,temp,23.0,22.1,0,1,0,86.02164147794186
Harda,2023-10-23 02:00:00,temp,22.1,23.0,0,1,0,86.02164147794186
Harda,2023-10-24 02:15:00,temp,21.0,22.1,0,1,0,86.02164147794186
Harda,2023-10-25 02:15:00,temp,21.0,21.0,0,1,0,86.02164147794186
Harda,2023-10-26 02:00:00,temp,20.2,21.0,0,1,0,86.02164147794186
Harda,2023-10-27 02:15:00,temp,20.3,20.2,0,1,0,86.02164147794186
Harda,2023-10-28 02:00:00,temp,20.0,20.3,0,1,0,86.02164147794186
Harda,2023-10-29 02:30:00,temp,19.7,20.0,0,1,0,86.02164147794186
Harda,2023-10-30 01:45:00,temp,19.9,19.7,0,1,0,86.02164147794186
Hardoi,2023-10-15 02:30:00,temp,25.3,25.04452372047172,2,1,1,139.31385121520466
Hardoi,2023-10-16 02:30:00,temp,25.0,26.075156330140917,2,1,1,139.31385121520466
Hardoi,2023-10-17 02:30:00,temp,21.4,25.072735461084115,2,1,1,139.31385121520466
Hardoi,2023-10-18 02:30:00,temp,22.2,21.19903576921856,2,1,1,139.31385121520466
Hardoi,2023-10-19 02:30:00,temp,21.9,23.740975165721878,2,1,1,139.31385121520466
Hardoi,2023-10-20 02:30:00,temp,21.3,22.61140402031863,2,1,1,139.31385121520466
Hardoi,2023-10-21 02:15:00,temp,21.1,21.74665941144599,2,1,1,139.31385121520466
Hardoi,2023-10-22 02:30:00,temp,21.2,21.53219649206534,2,1,1,139.31385121520466
Hardoi,2023-10-23 02:15:00,temp,21.7,21.516832335401453,2,1,1,139.31385121520466
Hardoi,2023-10-24 02:15:00,temp,21.6,21.87852804509342,2,1,1,139.31385121520466
Hardoi,2023-10-25 02:30:00,temp,22.3,21.515561585540134,2,1,1,139.31385121520466
Hardoi,2023-10-26 02:00:00,temp,22.4,22.318747869839505,2,1,1,139.31385121520466
Hardoi,2023-10-27 02:30:00,temp,21.9,22.167606359616375,2,1,1,139.31385121520466
Hardoi,2023-10-28 02:00:00,temp,21.6,21.70398300015371,2,1,1,139.31385121520466
Hardoi,2023-10-29 02:45:00,temp,22.6,21.64778139924868,2,1,1,139.31385121520466
Hardoi,2023-10-30 02:00:00,temp,22.2,22.76536305782744,2,1,1,139.31385121520466
Hardwar,2023-10-15 02:30:00,temp,19.4,18.6,0,1,0,106.0582446915674
Hardwar,2023-10-16 02:30:00,temp,19.1,19.4,0,1,0,106.0582446915674
Hardwar,2023-10-17 02:30:00,temp,16.5,19.1,0,1,0,106.0582446915674
Hardwar,2023-10-18 02:30:00,temp,16.5,16.5,0,1,0,106.0582446915674
Hardwar,2023-10-19 02:15:00,temp,15.8,16.5,0,1,0,106.0582446915674
Hardwar,2023-10-20 02:30:00,temp,16.0,15.799999999999999,0,1,0,106.0582446915674
Hardwar,2023-10-21 02:15:00,temp,16.1,16.0,0,1,0,106.0582446915674
Hardwar,2023-10-22 02:15:00,temp,16.4,16.1,0,1,0,106.0582446915674
Hardwar,2023-10-23 02:15:00,temp,16.4,16.4,0,1,0,106.0582446915674
Hardwar,2023-10-24 02:15:00,temp,15.8,16.4,0,1,0,106.0582446915674
Hardwar,2023-10-25 02:15:00,temp,16.6,15.8,0,1,0,106.0582446915674
Hardwar,2023-10-26 02:00:00,temp,17.1,16.6,0,1,0,106.0582446915674
Hardwar,2023-10-27 02:15:00,temp,16.7,17.1,0,1,0,106.0582446915674
Hardwar,2023-10-28 02:00:00,temp,16.7,16.7,0,1,0,106.0582446915674
Hardwar,2023-10-29 02:30:00,temp,16.6,16.7,0,1,0,106.0582446915674
Hardwar,2023-10-30 01:45:00,temp,16.9,16.6,0,1,0,106.0582446915674
Hassan,2023-10-16 02:30:00,temp,19.9,18.455018829026383,2,0,1,92.94161624082176
Hassan,2023-10-17 02:30:00,temp,20.5,19.88011635221656,2,0,1,92.94161624082176
Hassan,2023-10-18 02:30:00,temp,21.5,20.370546916357757,2,0,1,92.94161624082176
Hassan,2023-10-19 02:15:00,temp,19.8,21.093321756403725,2,0,1,92.94161624082176
Hassan,2023-10-20 02:30:00,temp,20.1,19.41917121717691,2,0,1,92.94161624082176
Hassan,2023-10-21 02:15:00,temp,20.2,20.368352934374236,2,0,1,92.94161624082176
Hassan,2023-10-22 02:15:00,temp,22.7,19.744587998871896,2,0,1,92.94161624082176
Hassan,2023-10-23 02:15:00,temp,21.2,21.974085390016036,2,0,1,92.94161624082176
Hassan,2023-10-24 02:15:00,temp,18.8,20.54139662096901,2,0,1,92.94161624082176
Hassan,2023-10-25 02:15:00,temp,18.2,19.012937805992255,2,0,1,92.94161624082176
Hassan,2023-10-26 02:00:00,temp,18.3,18.922073980491767,2,0,1,92.94161624082176
Hassan,2023-10-27 02:15:00,temp,18.2,19.054106916449832,2,0,1,92.94161624082176
Hassan,2023-10-28 02:00:00,temp,21.3,18.87564016679679,2,0,1,92.94161624082176
Hassan,2023-10-29 02:45:00,temp,19.6,21.355416486077797,2,0,1,92.94161624082176
Hassan,2023-10-30 02:00:00,temp,19.7,19.534018700409575,2,0,1,92.94161624082176
Haveri,2023-10-15 02:30:00,temp,22.6,22.016214595830622,1,0,0,96.35294482801393
Haveri,2023-10-16 02:30:00,temp,21.6,22.225118837563024,1,0,0,96.35294482801393
Haveri,2023-10-17 02:30:00,temp,23.5,21.588134469406484,1,0,0,96.35294482801393
Haveri,2023-10-18 02:30:00,temp,24.4,22.774242035923542,1,0,0,96.35294482801393
Haveri,2023-10-19 02:15:00,temp,22.5,23.56629488980319,1,0,0,96.35294482801393
Haveri,2023-10-20 02:30:00,temp,22.4,22.197324146993832,1,0,0,96.35294482801393
Haveri,2023-10-21 02:15:00,temp,22.0,22.141716959921105,1,0,0,96.35294482801393
Haveri,2023-10-22 02:15:00,temp,23.4,21.8892178738673,1,0,0,96.35294482801393
Haveri,2023-10-23 02:15:00,temp,23.3,22.800427197684265,1,0,0,96.35294482801393
Haveri,2023-10-24 02:15:00,temp,20.6,22.771893502612624,1,0,0,96.35294482801393
Haveri,2023-10-25 02:15:00,temp,20.8,21.06481811541155,1,0,0,96.35294482801393
Haveri,2023-10-26 02:00:00,temp,20.8,21.17108234898567,1,0,0,96.35294482801393
Haveri,2023-10-27 02:15:00,temp,20.0,21.158804657196292,1,0,0,96.35294482801393
Haveri,2023-10-28 02:00:00,temp,20.9,20.631966984764993,1,0,0,96.35294482801393
Haveri,2023-10-29 02:45:00,temp,23.3,21.19406269994057,1,0,0,96.35294482801393
Haveri,2023-10-30 02:00:00,temp,23.1,22.633968560868635,1,0,0,96.35294482801393
Hazaribagh,2023-10-15 02:30:00,temp,19.5,19.9,0,1,0,103.10500683998528
Hazaribagh,2023-10-16 02:30:00,temp,20.5,19.5,0,1,0,103.10500683998528
Hazaribagh,2023-10-17 02:15:00,temp,20.1,20.5,0,1,0,103.10500683998528
Hazaribagh,2023-10-18 02:30:00,temp,20.1,20.1,0,1,0,103.10500683998528
Hazaribagh,2023-10-19 02:15:00,temp,19.0,20.1,0,1,0,103.10500683998528
Hazaribagh,2023-10-20 02:30:00,temp,18.9,19.0,0,1,0,103.10500683998528
Hazaribagh,2023-10-21 02:15:00,temp,17.7,18.9,0,1,0,103.10500683998528
Hazaribagh,2023-10-22 02:15:00,temp,17.1,17.7,0,1,0,103.10500683998528
Hazaribagh,2023-10-23 02:00:00,temp,17.2,17.1,0,1,0,103.10500683998528
Hazaribagh,2023-10-24 02:15:00,temp,19.1,17.2,0,1,0,103.10500683998528
Hazaribagh,2023-10-25 02:15:00,temp,18.6,19.1,0,1,0,103.10500683998528
Hazaribagh,2023-10-26 02:00:00,temp,18.8,18.6,0,1,0,103.10500683998528
Hazaribagh,2023-10-27 02:15:00,temp,17.5,18.8,0,1,0,103.10500683998528
Hazaribagh,2023-10-28 02:00:00,temp,18.0,17.5,0,1,0,103.10500683998528
Hazaribagh,2023-10-29 02:30:00,temp,17.6,18.0,0,1,0,103.10500683998528
Hazaribagh,2023-10-30 01:45:00,temp,17.9,17.6,0,1,0,103.10500683998528
Hingoli,2023-10-15 02:30:00,temp,23.0,23.07126886541083,2,0,1,102.55715686643106
Hingoli,2023-10-16 02:30:00,temp,23.4,22.880095392081515,2,0,1,102.55715686643106
Hingoli,2023-10-17 02:30:00,temp,22.7,23.20529099055083,2,0,1,102.55715686643106
Hingoli,2023-10-18 02:30:00,temp,22.8,22.698239771230828,2,0,1,102.55715686643106
Hingoli,2023-10-19 02:30:00,temp,23.0,22.87662896153691,2,0,1,102.55715686643106
Hingoli,2023-10-20 02:30:00,temp,21.6,22.914848495270736,2,0,1,102.55715686643106
Hingoli,2023-10-21 02:15:00,temp,21.8,22.016901318804194,2,0,1,102.55715686643106
Hingoli,2023-10-22 02:30:00,temp,21.1,22.29389446467639,2,0,1,102.55715686643106
Hingoli,2023-10-23 02:15:00,temp,20.1,21.633339694678572,2,0,1,102.55715686643106
Hingoli,2023-10-24 02:15:00,temp,20.0,20.958295966934955,2,0,1,102.55715686643106
Hingoli,2023-10-25 02:15:00,temp,20.0,20.71603580645618,2,0,1,102.55715686643106
Hingoli,2023-10-26 02:00:00,temp,19.5,20.651000357087938,2,0,1,102.55715686643106
Hingoli,2023-10-27 02:15:00,temp,19.0,20.07305078819913,2,0,1,102.55715686643106
Hingoli,2023-10-28 02:00:00,temp,19.5,19.56604925715293,2,0,1,102.55715686643106
Hingoli,2023-10-29 02:45:00,temp,19.2,20.000176253920383,2,0,1,102.55715686643106
Hingoli,2023-10-30 02:00:00,temp,19.5,19.60139564606808,2,0,1,102.55715686643106
Hisar,2023-10-15 02:30:00,temp,26.7,26.41810305733659,2,1,1,174.1293475790112
Hisar,2023-10-16 02:30:00,temp,25.2,26.969391344483913,2,1,1,174.1293475790112
Hisar,2023-10-17 02:15:00,temp,20.2,25.412724646713087,2,1,1,174.1293475790112
Hisar,2023-10-18 02:30:00,temp,22.6,21.016467848692233,2,1,1,174.1293475790112
Hisar,2023-10-19 02:15:00,temp,21.2,24.565327772073047,2,1,1,174.1293475790112
Hisar,2023-10-20 02:30:00,temp,22.2,22.2372521061772,2,1,1,174.1293475790112
Hisar,2023-10-21 02:15:00,temp,23.5,23.173434538835423,2,1,1,174.1293475790112
Hisar,2023-10-22 02:15:00,temp,23.7,24.033079373674536,2,1,1,174.1293475790112
Hisar,2023-10-23 02:15:00,temp,23.3,23.917794021718993,2,1,1,174.1293475790112
Hisar,2023-10-24 02:15:00,temp,22.4,23.489775724458198,2,1,1,174.1293475790112
Hisar,2023-10-25 02:15:00,temp,22.5,22.71509101184597,2,1,1,174.1293475790112
Hisar,2023-10-26 02:00:00,temp,22.5,22.895660430810636,2,1,1,174.1293475790112
Hisar,2023-10-27 02:15:00,temp,22.0,22.811089396818335,2,1,1,174.1293475790112
Hisar,2023-10-28 02:00:00,temp,23.4,22.31564622418138,2,1,1,174.1293475790112
Hisar,2023-10-29 02:30:00,temp,24.5,23.571302284213054,2,1,1,174.1293475790112
Hisar,2023-10-30 01:45:00,temp,24.7,24.284001409387045,2,1,1,174.1293475790112
Hojai,2023-10-15 02:30:00,temp,20.6,21.4,0,1,0,92.2184450807685
Hojai,2023-10-16 02:30:00,temp,20.8,20.6,0,1,0,92.2184450807685
Hojai,2023-10-17 02:30:00,temp,20.8,20.8,0,1,0,92.2184450807685
Hojai,2023-10-18 02:30:00,temp,20.8,20.8,0,1,0,92.2184450807685
Hojai,2023-10-19 02:30:00,temp,20.1,20.8,0,1,0,92.2184450807685
Hojai,2023-10-20 02:30:00,temp,20.0,20.1,0,1,0,92.2184450807685
Hojai,2023-10-21 02:30:00,temp,20.0,20.0,0,1,0,92.2184450807685
Hojai,2023-10-22 02:30:00,temp,19.7,20.0,0,1,0,92.2184450807685
Hojai,2023-10-23 02:15:00,temp,19.6,19.7,0,1,0,92.2184450807685
Hojai,2023-10-24 02:15:00,temp,20.5,19.6,0,1,0,92.2184450807685
Hojai,2023-10-25 02:30:00,temp,19.8,20.5,0,1,0,92.2184450807685
Hojai,2023-10-26 02:00:00,temp,19.7,19.8,0,1,0,92.2184450807685
Hojai,2023-10-27 02:30:00,temp,19.8,19.7,0,1,0,92.2184450807685
Hojai,2023-10-28 02:00:00,temp,19.4,19.8,0,1,0,92.2184450807685
Hojai,2023-10-29 02:45:00,temp,19.3,19.4,0,1,0,92.2184450807685
Hojai,2023-10-30 02:00:00,temp,19.8,19.3,0,1,0,92.2184450807685
Hoshangabad,2023-10-15 02:30:00,temp,22.9,21.8,0,1,0,96.96406088222793
Hoshangabad,2023-10-16 02:30:00,temp,21.8,22.9,0,1,0,96.96406088222793
Hoshangabad,2023-10-17 02:15:00,temp,22.9,21.8,0,1,0,96.96406088222793
Hoshangabad,2023-10-18 02:15:00,temp,21.2,22.9,0,1,0,96.96406088222793
Hoshangabad,2023-10-19 02:15:00,temp,21.9,21.199999999999996,0,1,0,96.96406088222793
Hoshangabad,2023-10-20 02:15:00,temp,20.7,21.9,0,1,0,96.96406088222793
Hoshangabad,2023-10-21 02:00:00,temp,19.3,20.7,0,1,0,96.96406088222793
Hoshangabad,2023-10-22 02:15:00,temp,19.4,19.3,0,1,0,96.96406088222793
Hoshangabad,2023-10-23 02:00:00,temp,19.1,19.4,0,1,0,96.96406088222793
Hoshangabad,2023-10-24 02:15:00,temp,18.5,19.1,0,1,0,96.96406088222793
Hoshangabad,2023-10-25 02:15:00,temp,17.9,18.5,0,1,0,96.96406088222793
Hoshangabad,2023-10-26 02:00:00,temp,17.8,17.9,0,1,0,96.96406088222793
Hoshangabad,2023-10-27 02:15:00,temp,18.3,17.8,0,1,0,96.96406088222793
Hoshangabad,2023-10-28 02:00:00,temp,18.0,18.3,0,1,0,96.96406088222793
Hoshangabad,2023-10-29 02:30:00,temp,17.9,18.0,0,1,0,96.96406088222793
Hoshangabad,2023-10-30 01:45:00,temp,18.0,17.9,0,1,0,96.96406088222793
Hoshiarpur,2023-10-15 02:30:00,temp,22.0,21.69053391627485,0,1,2,139.93251630900852
Hoshiarpur,2023-10-16 02:30:00,temp,21.3,21.91982954416111,0,1,2,139.93251630900852
Hoshiarpur,2023-10-17 02:30:00,temp,17.4,21.196556345324897,0,1,2,139.93251630900852
Hoshiarpur,2023-10-18 02:30:00,temp,17.0,17.78581068708556,0,1,2,139.93251630900852
Hoshiarpur,2023-10-19 02:15:00,temp,16.6,18.78563099143932,0,1,2,139.93251630900852
Hoshiarpur,2023-10-20 02:30:00,temp,17.5,16.762949992898385,0,1,2,139.93251630900852
Hoshiarpur,2023-10-21 02:15:00,temp,17.7,18.138112381025195,0,1,2,139.93251630900852
Hoshiarpur,2023-10-22 02:15:00,temp,18.5,17.485773876824965,0,1,2,139.93251630900852
Hoshiarpur,2023-10-23 02:15:00,temp,18.8,18.57963606078296,0,1,2,139.93251630900852
Hoshiarpur,2023-10-24 02:15:00,temp,18.5,18.456056026210515,0,1,2,139.93251630900852
Hoshiarpur,2023-10-25 02:15:00,temp,18.7,18.42728338990673,0,1,2,139.93251630900852
Hoshiarpur,2023-10-26 02:00:00,temp,18.3,18.676105763207243,0,1,2,139.93251630900852
Hoshiarpur,2023-10-27 02:15:00,temp,18.2,18.218620826707372,0,1,2,139.93251630900852
Hoshiarpur,2023-10-28 02:00:00,temp,19.0,18.329513948917995,0,1,2,139.93251630900852
Hoshiarpur,2023-10-29 02:45:00,temp,19.5,18.985571136614112,0,1,2,139.93251630900852
Hoshiarpur,2023-10-30 02:00:00,temp,19.1,19.253831456651888,0,1,2,139.93251630900852
Hugli,2023-10-15 02:30:00,temp,27.0,26.83975051274856,1,0,2,134.65498666207662
Hugli,2023-10-16 02:30:00,temp,26.0,27.63379255440055,1,0,2,134.65498666207662
Hugli,2023-10-17 02:30:00,temp,27.0,27.043645226386545,1,0,2,134.65498666207662
Hugli,2023-10-18 02:30:00,temp,27.0,27.362188357714064,1,0,2,134.65498666207662
Hugli,2023-10-19 02:15:00,temp,26.0,27.647932708155768,1,0,2,134.65498666207662
Hugli,2023-10-20 02:30:00,temp,25.0,26.938370510124223,1,0,2,134.65498666207662
Hugli,2023-10-21 02:15:00,temp,24.0,26.883149092366594,1,0,2,134.65498666207662
Hugli,2023-10-22 02:15:00,temp,25.0,25.481220123881194,1,0,2,134.65498666207662
Hugli,2023-10-23 02:15:00,temp,26.0,25.895825720139094,1,0,2,134.65498666207662
Hugli,2023-10-24 02:15:00,temp,25.0,26.649939181263232,1,0,2,134.65498666207662
Hugli,2023-10-25 02:15:00,temp,24.0,25.98831179889822,1,0,2,134.65498666207662
Hugli,2023-10-26 02:00:00,temp,26.0,25.03997220862975,1,0,2,134.65498666207662
Hugli,2023-10-27 02:15:00,temp,26.0,26.120776381886436,1,0,2,134.65498666207662
Hugli,2023-10-28 02:00:00,temp,25.0,26.29762714457266,1,0,2,134.65498666207662
Hugli,2023-10-29 02:45:00,temp,24.0,25.681739232938856,1,0,2,134.65498666207662
Hugli,2023-10-30 02:00:00,temp,24.0,24.927874774250036,1,0,2,134.65498666207662
Idukki,2023-10-15 02:30:00,temp,20.7,21.056352899096915,1,1,1,143.70787262586055
Idukki,2023-10-16 02:30:00,temp,20.6,20.921682189716673,1,1,1,143.70787262586055
Idukki,2023-10-17 02:30:00,temp,21.9,20.850581861976877,1,1,1,143.70787262586055
Idukki,2023-10-18 02:30:00,temp,22.1,21.69370293495119,1,1,1,143.70787262586055
Idukki,2023-10-19 02:15:00,temp,21.8,21.82943909375307,1,1,1,143.70787262586055
Idukki,2023-10-20 02:30:00,temp,18.4,21.639085876288835,1,1,1,143.70787262586055
Idukki,2023-10-21 02:15:00,temp,20.5,19.481342896784493,1,1,1,143.70787262586055
Idukki,2023-10-22 02:15:00,temp,17.7,20.81329755015962,1,1,1,143.70787262586055
Idukki,2023-10-23 02:15:00,temp,20.0,19.03275364010875,1,1,1,143.70787262586055
Idukki,2023-10-24 02:15:00,temp,22.2,20.48738857040458,1,1,1,143.70787262586055
Idukki,2023-10-25 02:15:00,temp,22.0,21.77076560268819,1,1,1,143.70787262586055
Idukki,2023-10-26 02:00:00,temp,21.7,21.664018410704795,1,1,1,143.70787262586055
Idukki,2023-10-27 02:15:00,temp,22.0,21.49582986332712,1,1,1,143.70787262586055
Idukki,2023-10-28 02:00:00,temp,19.9,21.67472768392427,1,1,1,143.70787262586055
Idukki,2023-10-29 02:30:00,temp,21.4,20.47614828751714,1,1,1,143.70787262586055
Idukki,2023-10-30 02:00:00,temp,18.8,21.31682332309718,1,1,1,143.70787262586055
Imphal,2023-10-15 02:30:00,temp,13.4,14.699999999999998,0,1,0,98.11105647986325
Imphal,2023-10-16 02:30:00,temp,14.2,13.4,0,1,0,98.11105647986325
Imphal,2023-10-17 02:15:00,temp,15.2,14.2,0,1,0,98.11105647986325
Imphal,2023-10-18 02:30:00,temp,14.9,15.2,0,1,0,98.11105647986325
Imphal,2023-10-19 02:15:00,temp,14.0,14.9,0,1,0,98.11105647986325
Imphal,2023-10-20 02:30:00,temp,14.3,14.0,0,1,0,98.11105647986325
Imphal,2023-10-21 02:15:00,temp,14.6,14.3,0,1,0,98.11105647986325
Imphal,2023-10-22 02:15:00,temp,14.4,14.6,0,1,0,98.11105647986325
Imphal,2023-10-23 02:15:00,temp,15.6,14.4,0,1,0,98.11105647986325
Imphal,2023-10-24 02:15:00,temp,16.0,15.6,0,1,0,98.11105647986325
Imphal,2023-10-25 02:15:00,temp,15.7,16.0,0,1,0,98.11105647986325
Imphal,2023-10-26 02:00:00,temp,15.8,15.699999999999998,0,1,0,98.11105647986325
Imphal,2023-10-27 02:15:00,temp,14.2,15.8,0,1,0,98.11105647986325
Imphal,2023-10-28 02:00:00,temp,13.4,14.2,0,1,0,98.11105647986325
Imphal,2023-10-29 02:30:00,temp,12.8,13.4,0,1,0,98.11105647986325
Imphal,2023-10-30 01:45:00,temp,13.2,12.8,0,1,0,98.11105647986325
Indore,2023-10-15 02:30:00,temp,22.6,21.244791315903065,0,1,1,123.95800304974257
Indore,2023-10-16 02:30:00,temp,23.9,22.056792579409535,0,1,1,123.95800304974257
Indore,2023-10-17 02:15:00,temp,21.9,23.317292440639292,0,1,1,123.95800304974257
Indore,2023-10-18 02:15:00,temp,21.6,22.41995964679763,0,1,1,123.95800304974257
Indore,2023-10-19 02:15:00,temp,22.0,21.945489705505338,0,1,1,123.95800304974257
Indore,2023-10-20 02:15:00,temp,22.1,21.97747340660532,0,1,1,123.95800304974257
Indore,2023-10-21 02:00:00,temp,21.8,22.048195565761027,0,1,1,123.95800304974257
Indore,2023-10-22 02:15:00,temp,21.7,21.90529838103649,0,1,1,123.95800304974257
Indore,2023-10-23 02:00:00,temp,23.0,21.78676363017105,0,1,1,123.95800304974257
Indore,2023-10-24 02:15:00,temp,20.6,22.476550839758733,0,1,1,123.95800304974257
Indore,2023-10-25 02:15:00,temp,21.0,21.471347555203227,0,1,1,123.95800304974257
Indore,2023-10-26 02:00:00,temp,20.0,21.21025980047039,0,1,1,123.95800304974257
Indore,2023-10-27 02:15:00,temp,19.4,20.516360689441623,0,1,1,123.95800304974257
Indore,2023-10-28 01:45:00,temp,19.0,19.826848031091156,0,1,1,123.95800304974257
Indore,2023-10-29 02:30:00,temp,18.0,19.29674029152793,0,1,1,123.95800304974257
Indore,2023-10-30 01:45:00,temp,20.5,18.437183581770704,0,1,1,123.95800304974257
Jabalpur,2023-10-15 02:30:00,temp,21.6,21.26858081564642,1,1,1,132.79935748900056
Jabalpur,2023-10-16 02:30:00,temp,21.8,21.56703693638158,1,1,1,132.79935748900056
Jabalpur,2023-10-17 02:15:00,temp,20.6,21.727164056588254,1,1,1,132.79935748900056
Jabalpur,2023-10-18 02:15:00,temp,20.7,20.832051440568883,1,1,1,132.79935748900056
Jabalpur,2023-10-19 02:15:00,temp,20.8,20.87395366503194,1,1,1,132.79935748900056
Jabalpur,2023-10-20 02:15:00,temp,19.5,20.924320497253568,1,1,1,132.79935748900056
Jabalpur,2023-10-21 02:00:00,temp,19.3,19.928715667328262,1,1,1,132.79935748900056
Jabalpur,2023-10-22 02:15:00,temp,18.8,19.693517171634866,1,1,1,132.79935748900056
Jabalpur,2023-10-23 02:00:00,temp,17.3,19.21660343632469,1,1,1,132.79935748900056
Jabalpur,2023-10-24 02:15:00,temp,17.3,17.83862906652775,1,1,1,132.79935748900056
Jabalpur,2023-10-25 02:15:00,temp,17.6,17.696775664584177,1,1,1,132.79935748900056
Jabalpur,2023-10-26 02:00:00,temp,17.5,17.87315095579517,1,1,1,132.79935748900056
Jabalpur,2023-10-27 02:15:00,temp,17.2,17.720012790776067,1,1,1,132.79935748900056
Jabalpur,2023-10-28 02:00:00,temp,17.4,17.397424682218983,1,1,1,132.79935748900056
Jabalpur,2023-10-29 02:30:00,temp,17.4,17.526890463569842,1,1,1,132.79935748900056
Jabalpur,2023-10-30 01:45:00,temp,17.7,17.495935609374797,1,1,1,132.79935748900056
Jagatsinghapur,2023-10-15 02:30:00,temp,27.0,26.419459644321467,1,0,0,98.58850418180091
Jagatsinghapur,2023-10-16 02:30:00,temp,25.0,26.77679384955074,1,0,0,98.58850418180091
Jagatsinghapur,2023-10-17 02:30:00,temp,26.0,26.33210578596618,1,0,0,98.58850418180091
Jagatsinghapur,2023-10-18 02:30:00,temp,25.0,26.510794274217794,1,0,0,98.58850418180091
Jagatsinghapur,2023-10-19 02:30:00,temp,26.0,26.19628863709853,1,0,0,98.58850418180091
Jagatsinghapur,2023-10-20 02:30:00,temp,24.0,26.445086074849577,1,0,0,98.58850418180091
Jagatsinghapur,2023-10-21 02:15:00,temp,24.0,25.727298264772838,1,0,0,98.58850418180091
Jagatsinghapur,2023-10-22 02:30:00,temp,24.0,25.38358251132537,1,0,0,98.58850418180091
Jagatsinghapur,2023-10-23 02:15:00,temp,25.0,25.15684283736714,1,0,0,98.58850418180091
Jagatsinghapur,2023-10-24 02:15:00,temp,25.0,25.665527318645186,1,0,0,98.58850418180091
Jagatsinghapur,2023-10-25 02:15:00,temp,24.0,25.627446432848934,1,0,0,98.58850418180091
Jagatsinghapur,2023-10-26 02:00:00,temp,25.0,24.949394643338128,1,0,0,98.58850418180091
Jagatsinghapur,2023-10-27 02:15:00,temp,23.0,25.544385161773377,1,0,0,98.58850418180091
Jagatsinghapur,2023-10-28 02:00:00,temp,22.0,24.145950071744757,1,0,0,98.58850418180091
Jagatsinghapur,2023-10-29 02:45:00,temp,21.0,23.072117664033314,1,0,0,98.58850418180091
Jagatsinghapur,2023-10-30 02:00:00,temp,21.0,21.851942663119942,1,0,0,98.58850418180091
Jagtial,2023-10-15 02:30:00,temp,23.1,22.798666674385707,0,1,1,106.64184610518636
Jagtial,2023-10-16 02:30:00,temp,23.4,22.907501681262683,0,1,1,106.64184610518636
Jagtial,2023-10-17 02:30:00,temp,22.7,23.092603979906976,0,1,1,106.64184610518636
Jagtial,2023-10-18 02:30:00,temp,22.1,22.94570440052566,0,1,1,106.64184610518636
Jagtial,2023-10-19 02:30:00,temp,22.2,22.64976786787117,0,1,1,106.64184610518636
Jagtial,2023-10-20 02:30:00,temp,23.2,22.474932274222997,0,1,1,106.64184610518636
Jagtial,2023-10-21 02:30:00,temp,22.4,22.738359676528795,0,1,1,106.64184610518636
Jagtial,2023-10-22 02:30:00,temp,20.2,22.62666148590349,0,1,1,106.64184610518636
Jagtial,2023-10-23 02:15:00,temp,19.4,21.727082407937278,0,1,1,106.64184610518636
Jagtial,2023-10-24 02:15:00,temp,18.9,20.134097942532282,0,1,1,106.64184610518636
Jagtial,2023-10-25 02:30:00,temp,18.8,19.221180774270888,0,1,1,106.64184610518636
Jagtial,2023-10-26 02:00:00,temp,18.8,18.918823744526943,0,1,1,106.64184610518636
Jagtial,2023-10-27 02:30:00,temp,18.1,18.83515713534627,0,1,1,106.64184610518636
Jagtial,2023-10-28 02:00:00,temp,18.6,18.316186510393706,0,1,1,106.64184610518636
Jagtial,2023-10-29 02:45:00,temp,19.2,18.516114234366658,0,1,1,106.64184610518636
Jagtial,2023-10-30 02:00:00,temp,19.5,18.994838274200884,0,1,1,106.64184610518636
Jaipur,2023-10-15 02:30:00,temp,29.0,27.30672188792016,0,1,2,150.16105986249863
Jaipur,2023-10-16 02:30:00,temp,26.0,27.6254951613688,0,1,2,150.16105986249863
Jaipur,2023-10-17 02:30:00,temp,22.0,25.71764928132578,0,1,2,150.16105986249863
Jaipur,2023-10-18 02:30:00,temp,23.0,23.785355610401474,0,1,2,150.16105986249863
Jaipur,2023-10-19 02:30:00,temp,23.0,25.201604631671376,0,1,2,150.16105986249863
Jaipur,2023-10-20 02:30:00,temp,23.0,23.90828086187832,0,1,2,150.16105986249863
Jaipur,2023-10-21 02:15:00,temp,23.0,24.298081138967603,0,1,2,150.16105986249863
Jaipur,2023-10-22 02:30:00,temp,24.0,23.591598535890377,0,1,2,150.16105986249863
Jaipur,2023-10-23 02:15:00,temp,24.0,24.516526758116335,0,1,2,150.16105986249863
Jaipur,2023-10-24 02:15:00,temp,23.0,23.904260907920463,0,1,2,150.16105986249863
Jaipur,2023-10-25 02:15:00,temp,24.0,23.38556477826504,0,1,2,150.16105986249863
Jaipur,2023-10-26 02:00:00,temp,22.0,24.324816623688594,0,1,2,150.16105986249863
Jaipur,2023-10-27 02:15:00,temp,21.0,22.158321540630634,0,1,2,150.16105986249863
Jaipur,2023-10-28 02:00:00,temp,24.0,22.258856088841892,0,1,2,150.16105986249863
Jaipur,2023-10-29 02:45:00,temp,21.0,24.270505455018803,0,1,2,150.16105986249863
Jaipur,2023-10-30 02:00:00,temp,23.0,20.877097048345266,0,1,2,150.16105986249863
Jaisalmer,2023-10-15 02:30:00,temp,26.9,28.089745815373025,0,0,2,184.46758614043017
Jaisalmer,2023-10-16 02:30:00,temp,29.7,27.594215279309264,0,0,2,184.46758614043017
Jaisalmer,2023-10-17 02:30:00,temp,26.3,29.319115245761942,0,0,2,184.46758614043017
Jaisalmer,2023-10-18 02:30:00,temp,25.5,27.813132961832036,0,0,2,184.46758614043017
Jaisalmer,2023-10-19 02:30:00,temp,26.3,26.25259535477198,0,0,2,184.46758614043017
Jaisalmer,2023-10-20 02:30:00,temp,28.1,27.72135228990131,0,0,2,184.46758614043017
Jaisalmer,2023-10-21 02:15:00,temp,29.2,28.66265430750123,0,0,2,184.46758614043017
Jaisalmer,2023-10-22 02:30:00,temp,29.1,28.880337520079706,0,0,2,184.46758614043017
Jaisalmer,2023-10-23 02:15:00,temp,28.1,28.776672039957198,0,0,2,184.46758614043017
Jaisalmer,2023-10-24 02:15:00,temp,27.5,28.16039176250316,0,0,2,184.46758614043017
Jaisalmer,2023-10-25 02:30:00,temp,28.0,27.82987624987001,0,0,2,184.46758614043017
Jaisalmer,2023-10-26 02:00:00,temp,27.9,28.29206836733354,0,0,2,184.46758614043017
Jaisalmer,2023-10-27 02:15:00,temp,27.3,28.26578029351398,0,0,2,184.46758614043017
Jaisalmer,2023-10-28 02:00:00,temp,28.4,27.72424757762058,0,0,2,184.46758614043017
Jaisalmer,2023-10-29 02:45:00,temp,26.7,28.435475711645317,0,0,2,184.46758614043017
Jaisalmer,2023-10-30 02:00:00,temp,27.9,27.672771551388212,0,0,2,184.46758614043017
Jalandhar,2023-10-15 02:30:00,temp,24.0,23.19831802405776,0,1,2,151.593238443411
Jalandhar,2023-10-16 02:30:00,temp,22.4,24.053322535915033,0,1,2,151.593238443411
Jalandhar,2023-10-17 02:30:00,temp,18.9,22.161773551309278,0,1,2,151.593238443411
Jalandhar,2023-10-18 02:30:00,temp,18.6,20.048946109233277,0,1,2,151.593238443411
Jalandhar,2023-10-19 02:15:00,temp,18.7,20.230066079767656,0,1,2,151.593238443411
Jalandhar,2023-10-20 02:30:00,temp,19.6,19.10717749354984,0,1,2,151.593238443411
Jalandhar,2023-10-21 02:15:00,temp,19.8,20.26498426710266,0,1,2,151.593238443411
Jalandhar,2023-10-22 02:15:00,temp,20.3,19.566651983692047,0,1,2,151.593238443411
Jalandhar,2023-10-23 02:15:00,temp,20.9,20.52835349089873,0,1,2,151.593238443411
Jalandhar,2023-10-24 02:15:00,temp,20.6,20.562834265344602,0,1,2,151.593238443411
Jalandhar,2023-10-25 02:15:00,temp,20.6,20.426777164934016,0,1,2,151.593238443411
Jalandhar,2023-10-26 02:00:00,temp,20.3,20.584986459144172,0,1,2,151.593238443411
Jalandhar,2023-10-27 02:15:00,temp,20.2,20.210047408820934,0,1,2,151.593238443411
Jalandhar,2023-10-28 02:00:00,temp,20.9,20.339147874220732,0,1,2,151.593238443411
Jalandhar,2023-10-29 02:45:00,temp,21.0,20.916399665560423,0,1,2,151.593238443411
Jalandhar,2023-10-30 01:45:00,temp,21.4,20.726108962457488,0,1,2,151.593238443411
Jalaun,2023-10-15 02:30:00,temp,27.3,27.23805941862655,2,0,0,149.03888264463018
Jalaun,2023-10-16 02:30:00,temp,27.2,27.68785063090482,2,0,0,149.03888264463018
Jalaun,2023-10-17 02:30:00,temp,21.6,27.259645187998796,2,0,0,149.03888264463018
Jalaun,2023-10-18 02:30:00,temp,23.9,22.755508942999427,2,0,0,149.03888264463018
Jalaun,2023-10-19 02:30:00,temp,24.0,26.672849616306856,2,0,0,149.03888264463018
Jalaun,2023-10-20 02:30:00,temp,23.0,25.573142316899943,2,0,0,149.03888264463018
Jalaun,2023-10-21 02:15:00,temp,22.5,24.544786324085702,2,0,0,149.03888264463018
Jalaun,2023-10-22 02:30:00,temp,22.4,24.098627229308704,2,0,0,149.03888264463018
Jalaun,2023-10-23 02:15:00,temp,22.3,23.878430516487878,2,0,0,149.03888264463018
Jalaun,2023-10-24 02:15:00,temp,22.7,23.612652557298425,2,0,0,149.03888264463018
Jalaun,2023-10-25 02:30:00,temp,22.6,23.858843433906923,2,0,0,149.03888264463018
Jalaun,2023-10-26 02:00:00,temp,22.2,23.607695823951975,2,0,0,149.03888264463018
Jalaun,2023-10-27 02:30:00,temp,22.1,23.159793779424078,2,0,0,149.03888264463018
Jalaun,2023-10-28 02:00:00,temp,22.5,23.02249587345628,2,0,0,149.03888264463018
Jalaun,2023-10-29 02:45:00,temp,23.1,23.33758717870194,2,0,0,149.03888264463018
Jalaun,2023-10-30 02:00:00,temp,23.0,23.811335404457203,2,0,0,149.03888264463018
Jalgaon,2023-10-15 02:30:00,temp,25.4,25.2,0,1,0,114.73870663232782
Jalgaon,2023-10-16 02:30:00,temp,23.8,25.4,0,1,0,114.73870663232782
Jalgaon,2023-10-17 02:30:00,temp,23.6,23.8,0,1,0,114.73870663232782
Jalgaon,2023-10-18 02:30:00,temp,23.3,23.6,0,1,0,114.73870663232782
Jalgaon,2023-10-19 02:30:00,temp,24.3,23.3,0,1,0,114.73870663232782
Jalgaon,2023-10-20 02:30:00,temp,23.1,24.3,0,1,0,114.73870663232782
Jalgaon,2023-10-21 02:15:00,temp,23.5,23.1,0,1,0,114.73870663232782
Jalgaon,2023-10-22 02:30:00,temp,23.8,23.5,0,1,0,114.73870663232782
Jalgaon,2023-10-23 02:15:00,temp,21.3,23.8,0,1,0,114.73870663232782
Jalgaon,2023-10-24 02:15:00,temp,21.2,21.3,0,1,0,114.73870663232782
Jalgaon,2023-10-25 02:15:00,temp,20.9,21.2,0,1,0,114.73870663232782
Jalgaon,2023-10-26 02:00:00,temp,20.4,20.9,0,1,0,114.73870663232782
Jalgaon,2023-10-27 02:15:00,temp,20.2,20.4,0,1,0,114.73870663232782
Jalgaon,2023-10-28 02:00:00,temp,20.5,20.2,0,1,0,114.73870663232782
Jalgaon,2023-10-29 02:45:00,temp,20.3,20.5,0,1,0,114.73870663232782
Jalgaon,2023-10-30 02:00:00,temp,20.7,20.3,0,1,0,114.73870663232782
Jalna,2023-10-15 02:30:00,temp,24.3,23.597840430442155,2,0,1,99.84449322157556
Jalna,2023-10-16 02:30:00,temp,23.9,23.480988420317267,2,0,1,99.84449322157556
Jalna,2023-10-17 02:30:00,temp,23.7,23.134247686586146,2,0,1,99.84449322157556
Jalna,2023-10-18 02:30:00,temp,23.1,23.00342261368966,2,0,1,99.84449322157556
Jalna,2023-10-19 02:30:00,temp,25.4,22.60154482233601,2,0,1,99.84449322157556
Jalna,2023-10-20 02:30:00,temp,22.3,24.313447315668526,2,0,1,99.84449322157556
Jalna,2023-10-21 02:15:00,temp,22.6,23.06732449561891,2,0,1,99.84449322157556
Jalna,2023-10-22 02:30:00,temp,22.8,22.817230306287637,2,0,1,99.84449322157556
Jalna,2023-10-23 02:15:00,temp,21.0,23.031906598516542,2,0,1,99.84449322157556
Jalna,2023-10-24 02:15:00,temp,20.9,22.300449142276374,2,0,1,99.84449322157556
Jalna,2023-10-25 02:15:00,temp,20.2,21.77953717497942,2,0,1,99.84449322157556
Jalna,2023-10-26 02:00:00,temp,20.1,21.439145804644458,2,0,1,99.84449322157556
Jalna,2023-10-27 02:15:00,temp,19.4,20.910807634209558,2,0,1,99.84449322157556
Jalna,2023-10-28 02:00:00,temp,18.7,20.22043555542565,2,0,1,99.84449322157556
Jalna,2023-10-29 02:45:00,temp,19.4,19.395706430760086,2,0,1,99.84449322157556
Jalna,2023-10-30 02:00:00,temp,19.8,19.7599545427216,2,0,1,99.84449322157556
Jalor,2023-10-15 02:30:00,temp,26.0,25.97002321084939,1,0,2,117.60383136833397
Jalor,2023-10-16 02:30:00,temp,25.3,25.91379583828059,1,0,2,117.60383136833397
Jalor,2023-10-17 02:30:00,temp,24.5,25.305498893579806,1,0,2,117.60383136833397
Jalor,2023-10-18 02:30:00,temp,24.9,24.597175715879683,1,0,2,117.60383136833397
Jalor,2023-10-19 02:30:00,temp,24.2,25.028811241587682,1,0,2,117.60383136833397
Jalor,2023-10-20 02:30:00,temp,24.6,24.879409758792665,1,0,2,117.60383136833397
Jalor,2023-10-21 02:15:00,temp,25.0,24.684486808795583,1,0,2,117.60383136833397
Jalor,2023-10-22 02:30:00,temp,25.4,25.257567221277167,1,0,2,117.60383136833397
Jalor,2023-10-23 02:15:00,temp,25.6,25.64292799912196,1,0,2,117.60383136833397
Jalor,2023-10-24 02:15:00,temp,24.7,25.605557137885803,1,0,2,117.60383136833397
Jalor,2023-10-25 02:30:00,temp,25.4,24.870575621861867,1,0,2,117.60383136833397
Jalor,2023-10-26 02:00:00,temp,24.0,25.207332907916033,1,0,2,117.60383136833397
Jalor,2023-10-27 02:15:00,temp,24.0,24.75867044154229,1,0,2,117.60383136833397
Jalor,2023-10-28 02:00:00,temp,25.1,24.088512055022218,1,0,2,117.60383136833397
Jalor,2023-10-29 02:45:00,temp,24.0,25.18747030033524,1,0,2,117.60383136833397
Jalor,2023-10-30 02:00:00,temp,24.3,24.910588821279465,1,0,2,117.60383136833397
Jalpaiguri,2023-10-15 02:30:00,temp,21.4,22.0,0,1,0,131.26883451023
Jalpaiguri,2023-10-16 02:30:00,temp,21.9,21.4,0,1,0,131.26883451023
Jalpaiguri,2023-10-17 02:30:00,temp,20.9,21.9,0,1,0,131.26883451023
Jalpaiguri,2023-10-18 02:30:00,temp,20.9,20.9,0,1,0,131.26883451023
Jalpaiguri,2023-10-19 02:15:00,temp,20.2,20.9,0,1,0,131.26883451023
Jalpaiguri,2023-10-20 02:30:00,temp,20.1,20.2,0,1,0,131.26883451023
Jalpaiguri,2023-10-21 02:15:00,temp,19.8,20.1,0,1,0,131.26883451023
Jalpaiguri,2023-10-22 02:15:00,temp,19.8,19.8,0,1,0,131.26883451023
Jalpaiguri,2023-10-23 02:15:00,temp,19.1,19.8,0,1,0,131.26883451023
Jalpaiguri,2023-10-24 02:15:00,temp,19.9,19.1,0,1,0,131.26883451023
Jalpaiguri,2023-10-25 02:15:00,temp,19.0,19.9,0,1,0,131.26883451023
Jalpaiguri,2023-10-26 02:00:00,temp,20.2,19.0,0,1,0,131.26883451023
Jalpaiguri,2023-10-27 02:15:00,temp,20.2,20.2,0,1,0,131.26883451023
Jalpaiguri,2023-10-28 02:00:00,temp,19.3,20.2,0,1,0,131.26883451023
Jalpaiguri,2023-10-29 02:45:00,temp,19.9,19.3,0,1,0,131.26883451023
Jalpaiguri,2023-10-30 02:00:00,temp,20.0,19.9,0,1,0,131.26883451023
Jammu,2023-10-15 02:30:00,temp,20.7,21.3,0,1,0,140.805767651302
Jammu,2023-10-16 02:30:00,temp,21.3,20.7,0,1,0,140.805767651302
Jammu,2023-10-17 02:15:00,temp,17.6,21.3,0,1,0,140.805767651302
Jammu,2023-10-18 02:15:00,temp,16.5,17.6,0,1,0,140.805767651302
Jammu,2023-10-19 02:15:00,temp,16.7,16.5,0,1,0,140.805767651302
Jammu,2023-10-20 02:15:00,temp,17.4,16.7,0,1,0,140.805767651302
Jammu,2023-10-21 02:15:00,temp,18.0,17.4,0,1,0,140.805767651302
Jammu,2023-10-22 02:15:00,temp,19.0,18.0,0,1,0,140.805767651302
Jammu,2023-10-23 02:00:00,temp,18.2,19.0,0,1,0,140.805767651302
Jammu,2023-10-24 02:15:00,temp,18.2,18.2,0,1,0,140.805767651302
Jammu,2023-10-25 02:15:00,temp,18.4,18.2,0,1,0,140.805767651302
Jammu,2023-10-26 02:00:00,temp,18.6,18.4,0,1,0,140.805767651302
Jammu,2023-10-27 02:15:00,temp,18.3,18.6,0,1,0,140.805767651302
Jammu,2023-10-28 02:00:00,temp,18.8,18.3,0,1,0,140.805767651302
Jammu,2023-10-29 02:30:00,temp,18.9,18.8,0,1,0,140.805767651302
Jammu,2023-10-30 01:45:00,temp,19.6,18.9,0,1,0,140.805767651302
Jamnagar,2023-10-15 02:30:00,temp,26.8,27.07581060056099,1,0,0,83.64702164543013
Jamnagar,2023-10-16 02:30:00,temp,26.6,26.726646573872024,1,0,0,83.64702164543013
Jamnagar,2023-10-17 02:15:00,temp,26.3,26.611936295248345,1,0,0,83.64702164543013
Jamnagar,2023-10-18 02:15:00,temp,26.5,26.437453233847382,1,0,0,83.64702164543013
Jamnagar,2023-10-19 02:15:00,temp,28.3,26.550946427925375,1,0,0,83.64702164543013
Jamnagar,2023-10-20 02:30:00,temp,27.7,27.572879170356533,1,0,0,83.64702164543013
Jamnagar,2023-10-21 02:15:00,temp,28.7,27.254829995255786,1,0,0,83.64702164543013
Jamnagar,2023-10-22 02:15:00,temp,28.9,27.945185655749224,1,0,0,83.64702164543013
Jamnagar,2023-10-23 02:00:00,temp,27.9,28.213763495509077,1,0,0,83.64702164543013
Jamnagar,2023-10-24 02:15:00,temp,28.2,27.51793428314534,1,0,0,83.64702164543013
Jamnagar,2023-10-25 02:15:00,temp,27.9,27.753400394153637,1,0,0,83.64702164543013
Jamnagar,2023-10-26 02:00:00,temp,27.5,27.560166681202567,1,0,0,83.64702164543013
Jamnagar,2023-10-27 02:15:00,temp,26.8,27.287419273610375,1,0,0,83.64702164543013
Jamnagar,2023-10-28 02:00:00,temp,27.1,26.8069305424694,1,0,0,83.64702164543013
Jamnagar,2023-10-29 02:30:00,temp,26.9,27.011901749756266,1,0,0,83.64702164543013
Jamnagar,2023-10-30 01:45:00,temp,28.2,26.876557919479932,1,0,0,83.64702164543013
Jamtara,2023-10-15 02:30:00,temp,22.3,24.2,0,1,0,126.36372831359077
Jamtara,2023-10-16 02:30:00,temp,23.0,22.3,0,1,0,126.36372831359077
Jamtara,2023-10-17 02:15:00,temp,23.8,23.0,0,1,0,126.36372831359077
Jamtara,2023-10-18 02:30:00,temp,23.5,23.8,0,1,0,126.36372831359077
Jamtara,2023-10-19 02:15:00,temp,22.7,23.5,0,1,0,126.36372831359077
Jamtara,2023-10-20 02:30:00,temp,22.2,22.7,0,1,0,126.36372831359077
Jamtara,2023-10-21 02:15:00,temp,21.3,22.2,0,1,0,126.36372831359077
Jamtara,2023-10-22 02:15:00,temp,20.6,21.300000000000004,0,1,0,126.36372831359077
Jamtara,2023-10-23 02:00:00,temp,21.0,20.6,0,1,0,126.36372831359077
Jamtara,2023-10-24 02:15:00,temp,22.0,21.0,0,1,0,126.36372831359077
Jamtara,2023-10-25 02:15:00,temp,22.5,22.0,0,1,0,126.36372831359077
Jamtara,2023-10-26 02:00:00,temp,24.1,22.5,0,1,0,126.36372831359077
Jamtara,2023-10-27 02:15:00,temp,21.6,24.1,0,1,0,126.36372831359077
Jamtara,2023-10-28 02:00:00,temp,21.6,21.6,0,1,0,126.36372831359077
Jamtara,2023-10-29 02:30:00,temp,20.8,21.6,0,1,0,126.36372831359077
Jamtara,2023-10-30 01:45:00,temp,21.5,20.8,0,1,0,126.36372831359077
Jamui,2023-10-15 02:30:00,temp,21.4,22.3,0,1,0,120.991209649046
Jamui,2023-10-16 02:30:00,temp,23.1,21.4,0,1,0,120.991209649046
Jamui,2023-10-17 02:15:00,temp,23.6,23.1,0,1,0,120.991209649046
Jamui,2023-10-18 02:30:00,temp,22.6,23.6,0,1,0,120.991209649046
Jamui,2023-10-19 02:15:00,temp,20.7,22.6,0,1,0,120.991209649046
Jamui,2023-10-20 02:30:00,temp,20.6,20.7,0,1,0,120.991209649046
Jamui,2023-10-21 02:15:00,temp,19.8,20.6,0,1,0,120.991209649046
Jamui,2023-10-22 02:15:00,temp,19.4,19.8,0,1,0,120.991209649046
Jamui,2023-10-23 02:15:00,temp,19.2,19.4,0,1,0,120.991209649046
Jamui,2023-10-24 02:15:00,temp,20.4,19.2,0,1,0,120.991209649046
Jamui,2023-10-25 02:15:00,temp,20.6,20.4,0,1,0,120.991209649046
Jamui,2023-10-26 02:00:00,temp,20.3,20.6,0,1,0,120.991209649046
Jamui,2023-10-27 02:15:00,temp,19.6,20.3,0,1,0,120.991209649046
Jamui,2023-10-28 02:00:00,temp,20.2,19.6,0,1,0,120.991209649046
Jamui,2023-10-29 02:30:00,temp,20.3,20.2,0,1,0,120.991209649046
Jamui,2023-10-30 01:45:00,temp,20.1,20.3,0,1,0,120.991209649046
Jangaon,2023-10-15 02:30:00,temp,23.9,23.751483095693327,0,0,2,98.47885062354206
Jangaon,2023-10-16 02:30:00,temp,24.8,23.512102733404117,0,0,2,98.47885062354206
Jangaon,2023-10-17 02:30:00,temp,23.2,24.495885253681134,0,0,2,98.47885062354206
Jangaon,2023-10-18 02:30:00,temp,22.8,23.45939106162579,0,0,2,98.47885062354206
Jangaon,2023-10-19 02:30:00,temp,22.9,22.647409461638684,0,0,2,98.47885062354206
Jangaon,2023-10-20 02:30:00,temp,22.7,23.441418287121877,0,0,2,98.47885062354206
Jangaon,2023-10-21 02:30:00,temp,22.3,23.191041747921275,0,0,2,98.47885062354206
Jangaon,2023-10-22 02:30:00,temp,21.9,22.690825935394347,0,0,2,98.47885062354206
Jangaon,2023-10-23 02:15:00,temp,20.6,22.635211062721126,0,0,2,98.47885062354206
Jangaon,2023-10-24 02:15:00,temp,19.9,21.830788266256043,0,0,2,98.47885062354206
Jangaon,2023-10-25 02:30:00,temp,19.7,21.14677431901205,0,0,2,98.47885062354206
Jangaon,2023-10-26 02:00:00,temp,19.9,21.427545891097324,0,0,2,98.47885062354206
Jangaon,2023-10-27 02:30:00,temp,19.0,21.40526289564992,0,0,2,98.47885062354206
Jangaon,2023-10-28 02:00:00,temp,20.4,20.45492177082392,0,0,2,98.47885062354206
Jangaon,2023-10-29 02:45:00,temp,21.7,21.832624547139343,0,0,2,98.47885062354206
Jangaon,2023-10-30 02:00:00,temp,22.0,22.963007907323583,0,0,2,98.47885062354206
Janjgir,2023-10-15 02:30:00,temp,22.3,24.487105746099335,2,1,2,130.75279255853982
Janjgir,2023-10-16 02:30:00,temp,22.4,22.710417183099143,2,1,2,130.75279255853982
Janjgir,2023-10-17 02:30:00,temp,22.2,22.96741563698961,2,1,2,130.75279255853982
Janjgir,2023-10-18 02:30:00,temp,21.4,22.596179380633284,2,1,2,130.75279255853982
Janjgir,2023-10-19 02:15:00,temp,21.4,21.993033391935732,2,1,2,130.75279255853982
Janjgir,2023-10-20 02:30:00,temp,21.6,21.9928468007915,2,1,2,130.75279255853982
Janjgir,2023-10-21 02:15:00,temp,19.4,22.026292863494916,2,1,2,130.75279255853982
Janjgir,2023-10-22 02:15:00,temp,19.0,20.017601612470187,2,1,2,130.75279255853982
Janjgir,2023-10-23 02:15:00,temp,17.5,19.274909057115238,2,1,2,130.75279255853982
Janjgir,2023-10-24 02:15:00,temp,17.8,16.828474465787732,2,1,2,130.75279255853982
Janjgir,2023-10-25 02:15:00,temp,18.7,18.289229528808235,2,1,2,130.75279255853982
Janjgir,2023-10-26 02:00:00,temp,18.6,18.88137419716366,2,1,2,130.75279255853982
Janjgir,2023-10-27 02:15:00,temp,18.4,17.947041345440883,2,1,2,130.75279255853982
Janjgir,2023-10-28 02:00:00,temp,18.2,18.775626282273482,2,1,2,130.75279255853982
Janjgir,2023-10-29 02:30:00,temp,18.4,18.553709591069,2,1,2,130.75279255853982
Janjgir,2023-10-30 01:45:00,temp,19.0,17.800086419387327,2,1,2,130.75279255853982
Jashpur,2023-10-15 02:30:00,temp,19.0,20.70114559627358,0,1,1,103.30582403430326
Jashpur,2023-10-16 02:30:00,temp,19.5,19.617868295839788,0,1,1,103.30582403430326
Jashpur,2023-10-17 02:30:00,temp,20.4,19.53764186430914,0,1,1,103.30582403430326
Jashpur,2023-10-18 02:30:00,temp,19.0,20.054180419336607,0,1,1,103.30582403430326
Jashpur,2023-10-19 02:15:00,temp,18.9,19.45099750426323,0,1,1,103.30582403430326
Jashpur,2023-10-20 02:30:00,temp,18.6,19.12230690455959,0,1,1,103.30582403430326
Jashpur,2023-10-21 02:15:00,temp,16.6,18.803454690544633,0,1,1,103.30582403430326
Jashpur,2023-10-22 02:15:00,temp,16.3,17.342108699762136,0,1,1,103.30582403430326
Jashpur,2023-10-23 02:15:00,temp,16.1,16.54211823281517,0,1,1,103.30582403430326
Jashpur,2023-10-24 02:15:00,temp,17.3,16.20700379212478,0,1,1,103.30582403430326
Jashpur,2023-10-25 02:15:00,temp,17.7,16.99739030404641,0,1,1,103.30582403430326
Jashpur,2023-10-26 02:00:00,temp,17.4,17.517921656453026,0,1,1,103.30582403430326
Jashpur,2023-10-27 02:15:00,temp,16.3,17.430784426949888,0,1,1,103.30582403430326
Jashpur,2023-10-28 02:00:00,temp,16.3,16.608352176012204,0,1,1,103.30582403430326
Jashpur,2023-10-29 02:30:00,temp,16.5,16.377875952377025,0,1,1,103.30582403430326
Jashpur,2023-10-30 01:45:00,temp,16.7,16.46803992298005,0,1,1,103.30582403430326
Jaunpur,2023-10-15 02:30:00,temp,24.1,24.25547459778395,2,1,2,134.07401471437367
Jaunpur,2023-10-16 02:30:00,temp,24.5,24.643520669369366,2,1,2,134.07401471437367
Jaunpur,2023-10-17 02:30:00,temp,22.2,24.87513490909416,2,1,2,134.07401471437367
Jaunpur,2023-10-18 02:30:00,temp,22.6,22.758155669064777,2,1,2,134.07401471437367
Jaunpur,2023-10-19 02:30:00,temp,22.0,23.101224769083714,2,1,2,134.07401471437367
Jaunpur,2023-10-20 02:30:00,temp,21.7,22.219631083088004,2,1,2,134.07401471437367
Jaunpur,2023-10-21 02:15:00,temp,21.5,21.98484042703186,2,1,2,134.07401471437367
Jaunpur,2023-10-22 02:30:00,temp,20.8,21.85729333840395,2,1,2,134.07401471437367
Jaunpur,2023-10-23 02:15:00,temp,21.2,21.281303217218337,2,1,2,134.07401471437367
Jaunpur,2023-10-24 02:15:00,temp,21.2,21.636826025072775,2,1,2,134.07401471437367
Jaunpur,2023-10-25 02:30:00,temp,21.8,21.56538286819811,2,1,2,134.07401471437367
Jaunpur,2023-10-26 02:00:00,temp,22.0,21.98914287350095,2,1,2,134.07401471437367
Jaunpur,2023-10-27 02:30:00,temp,21.7,22.007181904638834,2,1,2,134.07401471437367
Jaunpur,2023-10-28 02:00:00,temp,21.3,21.58452260327455,2,1,2,134.07401471437367
Jaunpur,2023-10-29 02:45:00,temp,21.5,21.1273213626879,2,1,2,134.07401471437367
Jaunpur,2023-10-30 02:00:00,temp,21.6,21.228233093226905,2,1,2,134.07401471437367
Jhabua,2023-10-15 02:30:00,temp,24.8,24.254002776621526,0,0,1,114.90396405787173
Jhabua,2023-10-16 02:30:00,temp,24.7,23.834478417908976,0,0,1,114.90396405787173
Jhabua,2023-10-17 02:15:00,temp,24.1,24.02425463796633,0,0,1,114.90396405787173
Jhabua,2023-10-18 02:15:00,temp,24.1,23.63453246544703,0,0,1,114.90396405787173
Jhabua,2023-10-19 02:15:00,temp,23.7,23.841623057129954,0,0,1,114.90396405787173
Jhabua,2023-10-20 02:15:00,temp,23.6,23.537557345594912,0,0,1,114.90396405787173
Jhabua,2023-10-21 02:00:00,temp,24.7,23.639802376056632,0,0,1,114.90396405787173
Jhabua,2023-10-22 02:15:00,temp,24.5,24.167839762379835,0,0,1,114.90396405787173
Jhabua,2023-10-23 02:00:00,temp,24.6,23.813944438626237,0,0,1,114.90396405787173
Jhabua,2023-10-24 02:15:00,temp,24.4,24.065309879202463,0,0,1,114.90396405787173
Jhabua,2023-10-25 02:15:00,temp,23.0,23.84728913923338,0,0,1,114.90396405787173
Jhabua,2023-10-26 02:00:00,temp,22.8,23.22617089905681,0,0,1,114.90396405787173
Jhabua,2023-10-27 02:15:00,temp,22.3,23.42881129147327,0,0,1,114.90396405787173
Jhabua,2023-10-28 02:00:00,temp,22.4,23.036622020018942,0,0,1,114.90396405787173
Jhabua,2023-10-29 02:30:00,temp,23.5,23.272684702586105,0,0,1,114.90396405787173
Jhabua,2023-10-30 01:45:00,temp,23.6,23.724777690959506,0,0,1,114.90396405787173
Jhajjar,2023-10-15 02:30:00,temp,24.0,25.840157161758384,2,1,2,170.08348839421848
Jhajjar,2023-10-16 02:30:00,temp,26.0,24.70042647606214,2,1,2,170.08348839421848
Jhajjar,2023-10-17 02:15:00,temp,19.0,26.432452002881824,2,1,2,170.08348839421848
Jhajjar,2023-10-18 02:30:00,temp,21.0,18.590879673313705,2,1,2,170.08348839421848
Jhajjar,2023-10-19 02:15:00,temp,21.0,22.46870343235627,2,1,2,170.08348839421848
Jhajjar,2023-10-20 02:30:00,temp,21.0,22.58122879326683,2,1,2,170.08348839421848
Jhajjar,2023-10-21 02:15:00,temp,20.0,22.17474638822446,2,1,2,170.08348839421848
Jhajjar,2023-10-22 02:15:00,temp,21.0,20.322009013080113,2,1,2,170.08348839421848
Jhajjar,2023-10-23 02:15:00,temp,21.0,21.401144496247028,2,1,2,170.08348839421848
Jhajjar,2023-10-24 02:15:00,temp,22.0,21.358062451604635,2,1,2,170.08348839421848
Jhajjar,2023-10-25 02:15:00,temp,21.0,21.93392019927412,2,1,2,170.08348839421848
Jhajjar,2023-10-26 02:00:00,temp,22.0,20.775976047009262,2,1,2,170.08348839421848
Jhajjar,2023-10-27 02:15:00,temp,21.0,21.804630664718914,2,1,2,170.08348839421848
Jhajjar,2023-10-28 02:00:00,temp,20.0,20.903279311705216,2,1,2,170.08348839421848
Jhajjar,2023-10-29 02:30:00,temp,25.0,20.18212708304081,2,1,2,170.08348839421848
Jhajjar,2023-10-30 01:45:00,temp,22.0,24.210977963884893,2,1,2,170.08348839421848
Jhalawar,2023-10-15 02:30:00,temp,25.3,26.63725254211255,0,0,2,118.3383614477249
Jhalawar,2023-10-16 02:30:00,temp,24.5,25.097644702099487,0,0,2,118.3383614477249
Jhalawar,2023-10-17 02:30:00,temp,21.9,23.3446953746627,0,0,2,118.3383614477249
Jhalawar,2023-10-18 02:30:00,temp,22.1,23.16636399842211,0,0,2,118.3383614477249
Jhalawar,2023-10-19 02:30:00,temp,22.7,22.767143528253428,0,0,2,118.3383614477249
Jhalawar,2023-10-20 02:30:00,temp,21.8,23.43455549044779,0,0,2,118.3383614477249
Jhalawar,2023-10-21 02:30:00,temp,22.2,23.13590683419918,0,0,2,118.3383614477249
Jhalawar,2023-10-22 02:30:00,temp,22.5,22.309478190701743,0,0,2,118.3383614477249
Jhalawar,2023-10-23 02:15:00,temp,22.2,23.485530811655476,0,0,2,118.3383614477249
Jhalawar,2023-10-24 02:15:00,temp,22.0,23.390877757575147,0,0,2,118.3383614477249
Jhalawar,2023-10-25 02:30:00,temp,21.7,21.958639306699247,0,0,2,118.3383614477249
Jhalawar,2023-10-26 02:00:00,temp,21.9,22.560074531943048,0,0,2,118.3383614477249
Jhalawar,2023-10-27 02:30:00,temp,21.2,23.302843936852124,0,0,2,118.3383614477249
Jhalawar,2023-10-28 02:00:00,temp,21.1,21.83445927117601,0,0,2,118.3383614477249
Jhalawar,2023-10-29 02:45:00,temp,22.3,21.40152105933004,0,0,2,118.3383614477249
Jhalawar,2023-10-30 02:00:00,temp,22.1,23.84062191842538,0,0,2,118.3383614477249
Jhansi,2023-10-15 02:30:00,temp,26.4,25.33773190338739,0,0,2,142.7243662579096
Jhansi,2023-10-16 02:30:00,temp,26.1,26.219982990053392,0,0,2,142.7243662579096
Jhansi,2023-10-17 02:30:00,temp,20.9,25.908344006962455,0,0,2,142.7243662579096
Jhansi,2023-10-18 02:30:00,temp,23.5,22.224978724769006,0,0,2,142.7243662579096
Jhansi,2023-10-19 02:30:00,temp,23.5,24.70507197077033,0,0,2,142.7243662579096
Jhansi,2023-10-20 02:30:00,temp,23.1,25.203137942848628,0,0,2,142.7243662579096
Jhansi,2023-10-21 02:15:00,temp,22.4,24.039228166839294,0,0,2,142.7243662579096
Jhansi,2023-10-22 02:30:00,temp,22.4,23.883254149047115,0,0,2,142.7243662579096
Jhansi,2023-10-23 02:15:00,temp,21.9,23.94955775295919,0,0,2,142.7243662579096
Jhansi,2023-10-24 02:15:00,temp,22.0,23.485482527083832,0,0,2,142.7243662579096
Jhansi,2023-10-25 02:30:00,temp,21.6,23.571611613011466,0,0,2,142.7243662579096
Jhansi,2023-10-26 02:00:00,temp,21.8,23.32269009365466,0,0,2,142.7243662579096
Jhansi,2023-10-27 02:30:00,temp,21.2,23.34744006699685,0,0,2,142.7243662579096
Jhansi,2023-10-28 02:00:00,temp,21.7,22.9573725634694,0,0,2,142.7243662579096
Jhansi,2023-10-29 02:45:00,temp,22.1,23.260432117016514,0,0,2,142.7243662579096
Jhansi,2023-10-30 02:00:00,temp,22.0,23.58095820999699,0,0,2,142.7243662579096
Jhargram,2023-10-15 02:30:00,temp,22.7,25.3,0,1,0,113.82020406083882
Jhargram,2023-10-16 02:30:00,temp,22.8,22.7,0,1,0,113.82020406083882
Jhargram,2023-10-17 02:30:00,temp,24.0,22.8,0,1,0,113.82020406083882
Jhargram,2023-10-18 02:30:00,temp,23.8,24.0,0,1,0,113.82020406083882
Jhargram,2023-10-19 02:30:00,temp,23.9,23.8,0,1,0,113.82020406083882
Jhargram,2023-10-20 02:30:00,temp,22.3,23.9,0,1,0,113.82020406083882
Jhargram,2023-10-21 02:30:00,temp,21.4,22.3,0,1,0,113.82020406083882
Jhargram,2023-10-22 02:30:00,temp,20.9,21.4,0,1,0,113.82020406083882
Jhargram,2023-10-23 02:15:00,temp,21.5,20.9,0,1,0,113.82020406083882
Jhargram,2023-10-24 02:15:00,temp,21.9,21.5,0,1,0,113.82020406083882
Jhargram,2023-10-25 02:30:00,temp,22.8,21.9,0,1,0,113.82020406083882
Jhargram,2023-10-26 02:00:00,temp,23.4,22.8,0,1,0,113.82020406083882
Jhargram,2023-10-27 02:30:00,temp,23.4,23.4,0,1,0,113.82020406083882
Jhargram,2023-10-28 02:00:00,temp,21.8,23.4,0,1,0,113.82020406083882
Jhargram,2023-10-29 02:45:00,temp,20.6,21.8,0,1,0,113.82020406083882
Jhargram,2023-10-30 02:00:00,temp,20.9,20.6,0,1,0,113.82020406083882
Jharsuguda,2023-10-15 02:30:00,temp,22.6,24.186979405325836,0,0,1,117.70116898950612
Jharsuguda,2023-10-16 02:30:00,temp,22.6,23.08708311581549,0,0,1,117.70116898950612
Jharsuguda,2023-10-17 02:30:00,temp,23.0,23.740580826601807,0,0,1,117.70116898950612
Jharsuguda,2023-10-18 02:30:00,temp,22.0,23.552316503257124,0,0,1,117.70116898950612
Jharsuguda,2023-10-19 02:30:00,temp,22.5,22.975317662935048,0,0,1,117.70116898950612
Jharsuguda,2023-10-20 02:30:00,temp,21.7,23.637907737533293,0,0,1,117.70116898950612
Jharsuguda,2023-10-21 02:15:00,temp,20.0,22.630853476782022,0,0,1,117.70116898950612
Jharsuguda,2023-10-22 02:30:00,temp,19.3,22.0326801014819,0,0,1,117.70116898950612
Jharsuguda,2023-10-23 02:15:00,temp,18.6,21.75381423428146,0,0,1,117.70116898950612
Jharsuguda,2023-10-24 02:15:00,temp,19.6,21.286210968318578,0,0,1,117.70116898950612
Jharsuguda,2023-10-25 02:30:00,temp,20.9,22.281128805945293,0,0,1,117.70116898950612
Jharsuguda,2023-10-26 02:00:00,temp,19.5,22.457029272227807,0,0,1,117.70116898950612
Jharsuguda,2023-10-27 02:15:00,temp,18.4,21.140535789283106,0,0,1,117.70116898950612
Jharsuguda,2023-10-28 02:00:00,temp,18.8,21.203120294342728,0,0,1,117.70116898950612
Jharsuguda,2023-10-29 02:45:00,temp,19.0,21.3600664203592,0,0,1,117.70116898950612
Jharsuguda,2023-10-30 02:00:00,temp,19.3,21.312594844087872,0,0,1,117.70116898950612
Jhunjhunun,2023-10-15 02:30:00,temp,26.3,27.358490357064113,2,0,2,156.74983492640882
Jhunjhunun,2023-10-16 02:30:00,temp,26.1,27.258121612616936,2,0,2,156.74983492640882
Jhunjhunun,2023-10-17 02:30:00,temp,22.6,26.603468002225704,2,0,2,156.74983492640882
Jhunjhunun,2023-10-18 02:30:00,temp,23.4,24.52189684578858,2,0,2,156.74983492640882
Jhunjhunun,2023-10-19 02:30:00,temp,22.7,24.353293413277903,2,0,2,156.74983492640882
Jhunjhunun,2023-10-20 02:30:00,temp,22.8,25.132401743683936,2,0,2,156.74983492640882
Jhunjhunun,2023-10-21 02:15:00,temp,24.4,25.662297674141946,2,0,2,156.74983492640882
Jhunjhunun,2023-10-22 02:30:00,temp,24.3,26.024433177117793,2,0,2,156.74983492640882
Jhunjhunun,2023-10-23 02:15:00,temp,24.1,25.701370383469996,2,0,2,156.74983492640882
Jhunjhunun,2023-10-24 02:15:00,temp,22.8,25.11655808986904,2,0,2,156.74983492640882
Jhunjhunun,2023-10-25 02:30:00,temp,23.6,24.13467360909125,2,0,2,156.74983492640882
Jhunjhunun,2023-10-26 02:00:00,temp,23.4,24.36251864320236,2,0,2,156.74983492640882
Jhunjhunun,2023-10-27 02:15:00,temp,23.2,24.979901579967198,2,0,2,156.74983492640882
Jhunjhunun,2023-10-28 02:00:00,temp,24.0,24.836799746454307,2,0,2,156.74983492640882
Jhunjhunun,2023-10-29 02:45:00,temp,25.2,24.815431583800617,2,0,2,156.74983492640882
Jhunjhunun,2023-10-30 02:00:00,temp,24.7,25.72189927334048,2,0,2,156.74983492640882
Jind,2023-10-15 02:30:00,temp,24.5,24.386300410916775,1,1,1,172.18694590798708
Jind,2023-10-16 02:30:00,temp,24.1,24.81698445237097,1,1,1,172.18694590798708
Jind,2023-10-17 02:15:00,temp,19.6,24.503760823458478,1,1,1,172.18694590798708
Jind,2023-10-18 02:30:00,temp,21.7,21.206552471650625,1,1,1,172.18694590798708
Jind,2023-10-19 02:15:00,temp,20.6,22.541726275501993,1,1,1,172.18694590798708
Jind,2023-10-20 02:30:00,temp,20.9,21.55871830200727,1,1,1,172.18694590798708
Jind,2023-10-21 02:15:00,temp,22.1,21.606494776904192,1,1,1,172.18694590798708
Jind,2023-10-22 02:15:00,temp,22.0,22.402354685605783,1,1,1,172.18694590798708
Jind,2023-10-23 02:15:00,temp,22.2,22.275183380212376,1,1,1,172.18694590798708
Jind,2023-10-24 02:15:00,temp,21.1,22.38003224776494,1,1,1,172.18694590798708
Jind,2023-10-25 02:15:00,temp,22.1,21.532998082804284,1,1,1,172.18694590798708
Jind,2023-10-26 02:00:00,temp,21.5,22.19893407775317,1,1,1,172.18694590798708
Jind,2023-10-27 02:15:00,temp,21.1,21.74373922557765,1,1,1,172.18694590798708
Jind,2023-10-28 02:00:00,temp,21.9,21.41301002277396,1,1,1,172.18694590798708
Jind,2023-10-29 02:30:00,temp,23.0,21.942070105481424,1,1,1,172.18694590798708
Jind,2023-10-30 01:45:00,temp,23.1,22.733795073832482,1,1,1,172.18694590798708
Jodhpur,2023-10-15 02:30:00,temp,27.3,27.3634157377772,1,1,1,132.83328575408055
Jodhpur,2023-10-16 02:30:00,temp,26.9,27.362232193666795,1,1,1,132.83328575408055
Jodhpur,2023-10-17 02:30:00,temp,25.3,27.08059305546884,1,1,1,132.83328575408055
Jodhpur,2023-10-18 02:30:00,temp,24.2,25.8418434972966,1,1,1,132.83328575408055
Jodhpur,2023-10-19 02:30:00,temp,24.7,24.885126686987174,1,1,1,132.83328575408055
Jodhpur,2023-10-20 02:30:00,temp,25.6,25.193596176035012,1,1,1,132.83328575408055
Jodhpur,2023-10-21 02:15:00,temp,25.8,25.85857051767048,1,1,1,132.83328575408055
Jodhpur,2023-10-22 02:30:00,temp,26.2,25.987694067070986,1,1,1,132.83328575408055
Jodhpur,2023-10-23 02:15:00,temp,26.7,26.284864355878085,1,1,1,132.83328575408055
Jodhpur,2023-10-24 02:15:00,temp,24.8,26.67614374371023,1,1,1,132.83328575408055
Jodhpur,2023-10-25 02:30:00,temp,24.6,25.212010954202583,1,1,1,132.83328575408055
Jodhpur,2023-10-26 02:00:00,temp,24.6,25.00471103975798,1,1,1,132.83328575408055
Jodhpur,2023-10-27 02:15:00,temp,24.4,24.95142059211961,1,1,1,132.83328575408055
Jodhpur,2023-10-28 02:00:00,temp,27.9,24.747513048138266,1,1,1,132.83328575408055
Jodhpur,2023-10-29 02:45:00,temp,26.3,27.365319974891413,1,1,1,132.83328575408055
Jodhpur,2023-10-30 02:00:00,temp,25.7,26.200149126506425,1,1,1,132.83328575408055
Jorhat,2023-10-15 02:30:00,temp,20.6,21.23632610642326,0,1,1,150.4081080170825
Jorhat,2023-10-16 02:30:00,temp,20.8,20.920972943746396,0,1,1,150.4081080170825
Jorhat,2023-10-17 02:15:00,temp,20.4,20.86167794814403,0,1,1,150.4081080170825
Jorhat,2023-10-18 02:30:00,temp,20.5,20.636988162349965,0,1,1,150.4081080170825
Jorhat,2023-10-19 02:15:00,temp,20.1,20.57020547150506,0,1,1,150.4081080170825
Jorhat,2023-10-20 02:30:00,temp,20.0,20.34045439140365,0,1,1,150.4081080170825
Jorhat,2023-10-21 02:15:00,temp,19.6,20.17251841692585,0,1,1,150.4081080170825
Jorhat,2023-10-22 02:15:00,temp,19.4,19.887312855966684,0,1,1,150.4081080170825
Jorhat,2023-10-23 02:15:00,temp,18.9,19.640785775347528,0,1,1,150.4081080170825
Jorhat,2023-10-24 02:15:00,temp,20.0,19.259492862436012,0,1,1,150.4081080170825
Jorhat,2023-10-25 02:15:00,temp,19.4,19.63506290320278,0,1,1,150.4081080170825
Jorhat,2023-10-26 02:00:00,temp,19.8,19.518133176889684,0,1,1,150.4081080170825
Jorhat,2023-10-27 02:15:00,temp,19.1,19.658149883527088,0,1,1,150.4081080170825
Jorhat,2023-10-28 02:00:00,temp,19.3,19.381718753399817,0,1,1,150.4081080170825
Jorhat,2023-10-29 02:30:00,temp,19.2,19.341179075387892,0,1,1,150.4081080170825
Jorhat,2023-10-30 01:45:00,temp,19.9,19.27114362773039,0,1,1,150.4081080170825
Junagadh,2023-10-15 02:30:00,temp,25.1,25.1649143621511,1,0,0,108.83912304955177
Junagadh,2023-10-16 02:30:00,temp,24.0,24.78077900468221,1,0,0,108.83912304955177
Junagadh,2023-10-17 02:15:00,temp,24.0,24.0721002558847,1,0,0,108.83912304955177
Junagadh,2023-10-18 02:15:00,temp,24.5,24.070549013459594,1,0,0,108.83912304955177
Junagadh,2023-10-19 02:15:00,temp,26.3,24.3876865704495,1,0,0,108.83912304955177
Junagadh,2023-10-20 02:30:00,temp,25.1,25.554298399352486,1,0,0,108.83912304955177
Junagadh,2023-10-21 02:15:00,temp,25.2,24.77859856107331,1,0,0,108.83912304955177
Junagadh,2023-10-22 02:15:00,temp,25.5,24.853407570388605,1,0,0,108.83912304955177
Junagadh,2023-10-23 02:00:00,temp,26.1,25.063035153808347,1,0,0,108.83912304955177
Junagadh,2023-10-24 02:15:00,temp,25.6,25.49755028492111,1,0,0,108.83912304955177
Junagadh,2023-10-25 02:15:00,temp,25.5,25.178693917816346,1,0,0,108.83912304955177
Junagadh,2023-10-26 02:00:00,temp,25.4,25.12652959991819,1,0,0,108.83912304955177
Junagadh,2023-10-27 02:15:00,temp,24.4,25.07026106158508,1,0,0,108.83912304955177
Junagadh,2023-10-28 02:00:00,temp,24.2,24.394382909046556,1,0,0,108.83912304955177
Junagadh,2023-10-29 02:30:00,temp,25.0,24.260369956765867,1,0,0,108.83912304955177
Junagadh,2023-10-30 01:45:00,temp,25.7,24.794011085033343,1,0,0,108.83912304955177
Kadapa,2023-10-15 02:30:00,temp,25.6,24.83660608440633,1,0,0,164.82217730700563
Kadapa,2023-10-16 02:30:00,temp,26.0,25.780346116364502,1,0,0,164.82217730700563
Kadapa,2023-10-17 02:15:00,temp,25.6,25.902548330838464,1,0,0,164.82217730700563
Kadapa,2023-10-18 02:30:00,temp,23.6,25.778911004876107,1,0,0,164.82217730700563
Kadapa,2023-10-19 02:15:00,temp,23.2,25.13833462396064,1,0,0,164.82217730700563
Kadapa,2023-10-20 02:30:00,temp,23.4,24.878188926709903,1,0,0,164.82217730700563
Kadapa,2023-10-21 02:15:00,temp,23.4,24.840049824832224,1,0,0,164.82217730700563
Kadapa,2023-10-22 02:15:00,temp,23.5,24.74947587919471,1,0,0,164.82217730700563
Kadapa,2023-10-23 02:00:00,temp,22.9,24.717908368940066,1,0,0,164.82217730700563
Kadapa,2023-10-24 02:15:00,temp,22.1,24.351842925421526,1,0,0,164.82217730700563
Kadapa,2023-10-25 02:15:00,temp,21.7,23.79984385848993,1,0,0,164.82217730700563
Kadapa,2023-10-26 02:00:00,temp,22.0,23.384351893282933,1,0,0,164.82217730700563
Kadapa,2023-10-27 02:15:00,temp,22.0,23.416383409234328,1,0,0,164.82217730700563
Kadapa,2023-10-28 02:00:00,temp,23.2,23.30208809163265,1,0,0,164.82217730700563
Kadapa,2023-10-29 02:30:00,temp,24.3,24.01991818737133,1,0,0,164.82217730700563
Kadapa,2023-10-30 01:45:00,temp,24.9,24.692585145975134,1,0,0,164.82217730700563
Kaithal,2023-10-15 02:30:00,temp,24.0,23.24138643543984,1,1,1,171.77918004730617
Kaithal,2023-10-16 02:30:00,temp,23.7,24.10370625616127,1,1,1,171.77918004730617
Kaithal,2023-10-17 02:15:00,temp,18.4,23.883946662179312,1,1,1,171.77918004730617
Kaithal,2023-10-18 02:30:00,temp,21.0,20.155809638225577,1,1,1,171.77918004730617
Kaithal,2023-10-19 02:15:00,temp,19.8,21.805184200481364,1,1,1,171.77918004730617
Kaithal,2023-10-20 02:30:00,temp,20.2,20.80200383463742,1,1,1,171.77918004730617
Kaithal,2023-10-21 02:15:00,temp,20.8,20.912194226410655,1,1,1,171.77918004730617
Kaithal,2023-10-22 02:15:00,temp,20.7,21.228514123038753,1,1,1,171.77918004730617
Kaithal,2023-10-23 02:15:00,temp,21.5,21.079270316591387,1,1,1,171.77918004730617
Kaithal,2023-10-24 02:15:00,temp,20.7,21.59863467309364,1,1,1,171.77918004730617
Kaithal,2023-10-25 02:15:00,temp,21.5,21.45663426346836,1,1,1,171.77918004730617
Kaithal,2023-10-26 02:00:00,temp,20.9,21.525777923073857,1,1,1,171.77918004730617
Kaithal,2023-10-27 02:15:00,temp,20.4,21.09634274276938,1,1,1,171.77918004730617
Kaithal,2023-10-28 02:00:00,temp,21.1,20.713726416499526,1,1,1,171.77918004730617
Kaithal,2023-10-29 02:30:00,temp,21.8,21.153864147222826,1,1,1,171.77918004730617
Kaithal,2023-10-30 01:45:00,temp,21.7,21.635660929192486,1,1,1,171.77918004730617
Kakching,2023-10-15 02:30:00,temp,14.0,15.768471259462878,2,1,0,101.52939390012466
Kakching,2023-10-16 02:30:00,temp,14.6,14.44338915091346,2,1,0,101.52939390012466
Kakching,2023-10-17 02:30:00,temp,15.1,14.783832197062988,2,1,0,101.52939390012466
Kakching,2023-10-18 02:30:00,temp,14.8,14.910732254350604,2,1,0,101.52939390012466
Kakching,2023-10-19 02:30:00,temp,13.9,14.699969663921534,2,1,0,101.52939390012466
Kakching,2023-10-20 02:30:00,temp,14.3,14.047467518412294,2,1,0,101.52939390012466
Kakching,2023-10-21 02:30:00,temp,14.1,14.506837647704096,2,1,0,101.52939390012466
Kakching,2023-10-22 02:30:00,temp,14.6,14.01576434536501,2,1,0,101.52939390012466
Kakching,2023-10-23 02:15:00,temp,16.1,14.603186320512915,2,1,0,101.52939390012466
Kakching,2023-10-24 02:15:00,temp,16.1,15.871891110726054,2,1,0,101.52939390012466
Kakching,2023-10-25 02:30:00,temp,16.0,15.723648661497638,2,1,0,101.52939390012466
Kakching,2023-10-26 02:00:00,temp,15.9,16.00551751938218,2,1,0,101.52939390012466
Kakching,2023-10-27 02:30:00,temp,14.6,15.929294933324064,2,1,0,101.52939390012466
Kakching,2023-10-28 02:00:00,temp,13.7,14.688741547179491,2,1,0,101.52939390012466
Kakching,2023-10-29 02:45:00,temp,13.1,14.006782413886643,2,1,0,101.52939390012466
Kakching,2023-10-30 02:00:00,temp,13.3,13.265646364029646,2,1,0,101.52939390012466
Kancheepuram,2023-10-15 02:30:00,temp,27.0,27.691158724656756,0,0,2,138.2306197581965
Kancheepuram,2023-10-16 02:30:00,temp,27.0,27.244190083835896,0,0,2,138.2306197581965
Kancheepuram,2023-10-17 02:30:00,temp,27.0,26.877861394889777,0,0,2,138.2306197581965
Kancheepuram,2023-10-18 02:30:00,temp,27.0,27.225177289808748,0,0,2,138.2306197581965
Kancheepuram,2023-10-19 02:30:00,temp,28.0,27.150199218252517,0,0,2,138.2306197581965
Kancheepuram,2023-10-20 02:30:00,temp,26.0,27.644169504310483,0,0,2,138.2306197581965
Kancheepuram,2023-10-21 02:15:00,temp,28.0,26.64690313835246,0,0,2,138.2306197581965
Kancheepuram,2023-10-22 02:30:00,temp,27.0,27.35890578116317,0,0,2,138.2306197581965
Kancheepuram,2023-10-23 02:15:00,temp,27.0,27.486976692657535,0,0,2,138.2306197581965
Kancheepuram,2023-10-24 02:15:00,temp,26.0,26.912862163134996,0,0,2,138.2306197581965
Kancheepuram,2023-10-25 02:30:00,temp,27.0,26.60882632718883,0,0,2,138.2306197581965
Kancheepuram,2023-10-26 02:00:00,temp,27.0,27.109120452269817,0,0,2,138.2306197581965
Kancheepuram,2023-10-27 02:30:00,temp,27.0,27.275325116675955,0,0,2,138.2306197581965
Kancheepuram,2023-10-28 02:00:00,temp,27.0,27.032291202507253,0,0,2,138.2306197581965
Kancheepuram,2023-10-29 02:45:00,temp,27.0,27.09408973948554,0,0,2,138.2306197581965
Kancheepuram,2023-10-30 02:00:00,temp,25.0,27.13866473256866,0,0,2,138.2306197581965
Kangpokpi,2023-10-15 02:30:00,temp,13.4,14.7,0,1,0,96.96406088223284
Kangpokpi,2023-10-16 02:30:00,temp,14.2,13.4,0,1,0,96.96406088223284
Kangpokpi,2023-10-17 02:15:00,temp,15.2,14.2,0,1,0,96.96406088223284
Kangpokpi,2023-10-18 02:30:00,temp,14.9,15.2,0,1,0,96.96406088223284
Kangpokpi,2023-10-19 02:15:00,temp,14.0,14.9,0,1,0,96.96406088223284
Kangpokpi,2023-10-20 02:30:00,temp,14.3,14.0,0,1,0,96.96406088223284
Kangpokpi,2023-10-21 02:15:00,temp,14.6,14.3,0,1,0,96.96406088223284
Kangpokpi,2023-10-22 02:15:00,temp,14.4,14.6,0,1,0,96.96406088223284
Kangpokpi,2023-10-23 02:15:00,temp,15.6,14.4,0,1,0,96.96406088223284
Kangpokpi,2023-10-24 02:15:00,temp,16.0,15.6,0,1,0,96.96406088223284
Kangpokpi,2023-10-25 02:15:00,temp,15.7,16.0,0,1,0,96.96406088223284
Kangpokpi,2023-10-26 02:00:00,temp,15.8,15.7,0,1,0,96.96406088223284
Kangpokpi,2023-10-27 02:15:00,temp,14.2,15.8,0,1,0,96.96406088223284
Kangpokpi,2023-10-28 02:00:00,temp,13.4,14.2,0,1,0,96.96406088223284
Kangpokpi,2023-10-29 02:30:00,temp,12.8,13.4,0,1,0,96.96406088223284
Kangpokpi,2023-10-30 01:45:00,temp,13.2,12.8,0,1,0,96.96406088223284
Kangra,2023-10-15 02:30:00,temp,11.6,13.0,0,1,0,105.70379385494341
Kangra,2023-10-16 02:30:00,temp,11.9,11.6,0,1,0,105.70379385494341
Kangra,2023-10-17 02:15:00,temp,9.7,11.9,0,1,0,105.70379385494341
Kangra,2023-10-18 02:15:00,temp,8.4,9.7,0,1,0,105.70379385494341
Kangra,2023-10-19 02:15:00,temp,8.7,8.4,0,1,0,105.70379385494341
Kangra,2023-10-20 02:15:00,temp,9.0,8.7,0,1,0,105.70379385494341
Kangra,2023-10-21 02:00:00,temp,9.4,9.0,0,1,0,105.70379385494341
Kangra,2023-10-22 02:15:00,temp,9.9,9.400000000000002,0,1,0,105.70379385494341
Kangra,2023-10-23 02:00:00,temp,9.5,9.9,0,1,0,105.70379385494341
Kangra,2023-10-24 02:15:00,temp,9.6,9.5,0,1,0,105.70379385494341
Kangra,2023-10-25 02:15:00,temp,9.7,9.6,0,1,0,105.70379385494341
Kangra,2023-10-26 02:00:00,temp,11.4,9.7,0,1,0,105.70379385494341
Kangra,2023-10-27 02:15:00,temp,10.4,11.400000000000002,0,1,0,105.70379385494341
Kangra,2023-10-28 02:00:00,temp,11.2,10.4,0,1,0,105.70379385494341
Kangra,2023-10-29 02:30:00,temp,11.5,11.2,0,1,0,105.70379385494341
Kangra,2023-10-30 01:45:00,temp,13.0,11.5,0,1,0,105.70379385494341
Kanker,2023-10-15 02:30:00,temp,22.1,22.032338323808574,2,1,1,102.51240364673279
Kanker,2023-10-16 02:30:00,temp,21.9,22.09516507961197,2,1,1,102.51240364673279
Kanker,2023-10-17 02:15:00,temp,20.9,21.910533848650754,2,1,1,102.51240364673279
Kanker,2023-10-18 02:30:00,temp,21.6,20.86082519805586,2,1,1,102.51240364673279
Kanker,2023-10-19 02:15:00,temp,20.8,22.028422263805023,2,1,1,102.51240364673279
Kanker,2023-10-20 02:30:00,temp,20.8,20.85482747108153,2,1,1,102.51240364673279
Kanker,2023-10-21 02:15:00,temp,19.7,21.105701919817943,2,1,1,102.51240364673279
Kanker,2023-10-22 02:15:00,temp,18.0,19.84395858748499,2,1,1,102.51240364673279
Kanker,2023-10-23 02:15:00,temp,17.2,18.090604622942703,2,1,1,102.51240364673279
Kanker,2023-10-24 02:15:00,temp,17.0,17.55531965985052,2,1,1,102.51240364673279
Kanker,2023-10-25 02:15:00,temp,17.6,17.419865439465532,2,1,1,102.51240364673279
Kanker,2023-10-26 02:00:00,temp,17.9,18.16810153735237,2,1,1,102.51240364673279
Kanker,2023-10-27 02:15:00,temp,17.1,18.204983889361717,2,1,1,102.51240364673279
Kanker,2023-10-28 02:00:00,temp,17.6,16.936579651268296,2,1,1,102.51240364673279
Kanker,2023-10-29 02:30:00,temp,17.3,17.882163151473158,2,1,1,102.51240364673279
Kanker,2023-10-30 01:45:00,temp,17.9,17.28420187747405,2,1,1,102.51240364673279
Kannauj,2023-10-15 02:30:00,temp,25.3,25.04452372047172,2,1,1,139.31385121520466
Kannauj,2023-10-16 02:30:00,temp,25.0,26.075156330140917,2,1,1,139.31385121520466
Kannauj,2023-10-17 02:30:00,temp,21.4,25.072735461084115,2,1,1,139.31385121520466
Kannauj,2023-10-18 02:30:00,temp,22.2,21.19903576921856,2,1,1,139.31385121520466
Kannauj,2023-10-19 02:30:00,temp,21.9,23.740975165721878,2,1,1,139.31385121520466
Kannauj,2023-10-20 02:30:00,temp,21.3,22.61140402031863,2,1,1,139.31385121520466
Kannauj,2023-10-21 02:15:00,temp,21.1,21.74665941144599,2,1,1,139.31385121520466
Kannauj,2023-10-22 02:30:00,temp,21.2,21.53219649206534,2,1,1,139.31385121520466
Kannauj,2023-10-23 02:15:00,temp,21.7,21.516832335401453,2,1,1,139.31385121520466
Kannauj,2023-10-24 02:15:00,temp,21.6,21.87852804509342,2,1,1,139.31385121520466
Kannauj,2023-10-25 02:30:00,temp,22.3,21.515561585540134,2,1,1,139.31385121520466
Kannauj,2023-10-26 02:00:00,temp,22.4,22.318747869839505,2,1,1,139.31385121520466
Kannauj,2023-10-27 02:30:00,temp,21.9,22.167606359616375,2,1,1,139.31385121520466
Kannauj,2023-10-28 02:00:00,temp,21.6,21.70398300015371,2,1,1,139.31385121520466
Kannauj,2023-10-29 02:45:00,temp,22.6,21.64778139924868,2,1,1,139.31385121520466
Kannauj,2023-10-30 02:00:00,temp,22.2,22.76536305782744,2,1,1,139.31385121520466
Kanniyakumari,2023-10-15 02:30:00,temp,24.0,23.51578813194639,0,1,2,59.83853098293583
Kanniyakumari,2023-10-16 02:30:00,temp,23.9,24.372135264297707,0,1,2,59.83853098293583
Kanniyakumari,2023-10-17 02:30:00,temp,25.0,23.803082944298414,0,1,2,59.83853098293583
Kanniyakumari,2023-10-18 02:30:00,temp,23.4,24.7777854648054,0,1,2,59.83853098293583
Kanniyakumari,2023-10-19 02:30:00,temp,24.6,23.63443821603156,0,1,2,59.83853098293583
Kanniyakumari,2023-10-20 02:30:00,temp,24.3,24.35512734510859,0,1,2,59.83853098293583
Kanniyakumari,2023-10-21 02:15:00,temp,24.4,24.171636375984402,0,1,2,59.83853098293583
Kanniyakumari,2023-10-22 02:30:00,temp,24.4,24.275540151714477,0,1,2,59.83853098293583
Kanniyakumari,2023-10-23 02:15:00,temp,24.2,24.284356610740232,0,1,2,59.83853098293583
Kanniyakumari,2023-10-24 02:15:00,temp,24.0,24.224826768675616,0,1,2,59.83853098293583
Kanniyakumari,2023-10-25 02:30:00,temp,24.5,24.147711502324103,0,1,2,59.83853098293583
Kanniyakumari,2023-10-26 02:00:00,temp,24.6,24.33384049285,0,1,2,59.83853098293583
Kanniyakumari,2023-10-27 02:30:00,temp,24.7,24.375267053493396,0,1,2,59.83853098293583
Kanniyakumari,2023-10-28 02:00:00,temp,24.7,24.463109756737715,0,1,2,59.83853098293583
Kanniyakumari,2023-10-29 02:45:00,temp,24.7,24.507070555990595,0,1,2,59.83853098293583
Kanniyakumari,2023-10-30 02:00:00,temp,24.5,24.551650903305788,0,1,2,59.83853098293583
Kannur,2023-10-15 02:30:00,temp,25.2,24.746091471841805,1,0,0,66.05235591364075
Kannur,2023-10-16 02:30:00,temp,25.1,24.818707175694676,1,0,0,66.05235591364075
Kannur,2023-10-17 02:30:00,temp,25.3,24.801623109275766,1,0,0,66.05235591364075
Kannur,2023-10-18 02:30:00,temp,25.0,24.883989591323665,1,0,0,66.05235591364075
Kannur,2023-10-19 02:15:00,temp,25.7,24.791986615221944,1,0,0,66.05235591364075
Kannur,2023-10-20 02:30:00,temp,25.7,25.061910970669576,1,0,0,66.05235591364075
Kannur,2023-10-21 02:15:00,temp,25.2,25.12159576036141,1,0,0,66.05235591364075
Kannur,2023-10-22 02:15:00,temp,24.7,24.926730339759807,1,0,0,66.05235591364075
Kannur,2023-10-23 02:15:00,temp,25.2,24.721124394273765,1,0,0,66.05235591364075
Kannur,2023-10-24 02:15:00,temp,25.5,24.927315074561193,1,0,0,66.05235591364075
Kannur,2023-10-25 02:15:00,temp,24.6,25.069372562602815,1,0,0,66.05235591364075
Kannur,2023-10-26 02:00:00,temp,24.7,24.693360428251957,1,0,0,66.05235591364075
Kannur,2023-10-27 02:15:00,temp,24.6,24.73246164250242,1,0,0,66.05235591364075
Kannur,2023-10-28 02:00:00,temp,25.3,24.691142378385603,1,0,0,66.05235591364075
Kannur,2023-10-29 02:30:00,temp,24.9,24.971150573103092,1,0,0,66.05235591364075
Kannur,2023-10-30 01:45:00,temp,25.1,24.815966843448077,1,0,0,66.05235591364075
Kanpur,2023-10-15 02:30:00,temp,22.4,23.903647564831886,0,1,1,103.15283035829412
Kanpur,2023-10-16 02:30:00,temp,21.9,22.899215369646615,0,1,1,103.15283035829412
Kanpur,2023-10-17 02:30:00,temp,21.9,22.139568128477787,0,1,1,103.15283035829412
Kanpur,2023-10-18 02:30:00,temp,22.3,21.957312740918617,0,1,1,103.15283035829412
Kanpur,2023-10-19 02:30:00,temp,22.2,22.210897268564437,0,1,1,103.15283035829412
Kanpur,2023-10-20 02:30:00,temp,22.1,22.202861090576715,0,1,1,103.15283035829412
Kanpur,2023-10-21 02:15:00,temp,21.2,22.127129297548596,0,1,1,103.15283035829412
Kanpur,2023-10-22 02:30:00,temp,20.0,21.441280798724932,0,1,1,103.15283035829412
Kanpur,2023-10-23 02:15:00,temp,20.4,20.28809981971029,0,1,1,103.15283035829412
Kanpur,2023-10-24 02:15:00,temp,20.5,20.378307575479603,0,1,1,103.15283035829412
Kanpur,2023-10-25 02:30:00,temp,21.6,20.473922059822627,0,1,1,103.15283035829412
Kanpur,2023-10-26 02:00:00,temp,20.7,21.361672497000953,0,1,1,103.15283035829412
Kanpur,2023-10-27 02:30:00,temp,19.1,20.850715187298615,0,1,1,103.15283035829412
Kanpur,2023-10-28 02:00:00,temp,18.8,19.469519324265562,0,1,1,103.15283035829412
Kanpur,2023-10-29 02:45:00,temp,19.0,18.897744992133003,0,1,1,103.15283035829412
Kanpur,2023-10-30 02:00:00,temp,19.2,18.983128682176147,0,1,1,103.15283035829412
Kantha,2023-10-15 02:30:00,temp,23.0,23.54109684543322,1,1,1,154.0840017145167
Kantha,2023-10-15 02:30:00,temp,23.0,23.409667902760066,1,1,1,154.0840017145167
Kantha,2023-10-16 02:30:00,temp,23.0,23.30940516334811,1,1,1,154.0840017145167
Kantha,2023-10-17 02:15:00,temp,20.0,23.234621670702246,1,1,1,154.0840017145167
Kantha,2023-10-18 02:15:00,temp,20.0,21.011273303998745,1,1,1,154.0840017145167
Kantha,2023-10-19 02:15:00,temp,21.0,20.637760087902098,1,1,1,154.0840017145167
Kantha,2023-10-20 02:30:00,temp,19.0,21.204408584662474,1,1,1,154.0840017145167
Kantha,2023-10-21 02:15:00,temp,18.0,19.613695609257757,1,1,1,154.0840017145167
Kantha,2023-10-22 02:15:00,temp,18.0,18.561085166688095,1,1,1,154.0840017145167
Kantha,2023-10-23 02:00:00,temp,20.0,18.308354301625812,1,1,1,154.0840017145167
Kantha,2023-10-24 02:15:00,temp,19.0,19.759920935827033,1,1,1,154.0840017145167
Kantha,2023-10-25 02:15:00,temp,19.0,19.083656670854808,1,1,1,154.0840017145167
Kantha,2023-10-26 02:00:00,temp,22.0,19.051814354782895,1,1,1,154.0840017145167
Kantha,2023-10-27 02:15:00,temp,19.0,21.249556853711,1,1,1,154.0840017145167
Kantha,2023-10-28 02:00:00,temp,19.0,19.407466167669078,1,1,1,154.0840017145167
Kantha,2023-10-29 02:30:00,temp,22.6,19.24477744698332,1,1,1,154.0840017145167
Kantha,2023-10-30 01:45:00,temp,19.0,21.502640838436527,1,1,1,154.0840017145167
Kapurthala,2023-10-15 02:30:00,temp,20.0,23.085867735320463,0,1,1,175.51615193113912
Kapurthala,2023-10-16 02:30:00,temp,21.0,21.33954562089178,0,1,1,175.51615193113912
Kapurthala,2023-10-17 02:30:00,temp,18.0,21.14614617089647,0,1,1,175.51615193113912
Kapurthala,2023-10-18 02:30:00,temp,15.0,19.2911092284367,0,1,1,175.51615193113912
Kapurthala,2023-10-19 02:15:00,temp,17.0,16.241517754710202,0,1,1,175.51615193113912
Kapurthala,2023-10-20 02:30:00,temp,18.0,16.78236599921563,0,1,1,175.51615193113912
Kapurthala,2023-10-21 02:15:00,temp,18.0,17.583001587664977,0,1,1,175.51615193113912
Kapurthala,2023-10-22 02:15:00,temp,21.0,17.857416381652854,0,1,1,175.51615193113912
Kapurthala,2023-10-23 02:15:00,temp,19.0,19.969751855782455,0,1,1,175.51615193113912
Kapurthala,2023-10-24 02:15:00,temp,19.0,19.314836156004223,0,1,1,175.51615193113912
Kapurthala,2023-10-25 02:15:00,temp,19.0,19.109920328427414,0,1,1,175.51615193113912
Kapurthala,2023-10-26 02:00:00,temp,18.0,19.03839963433392,0,1,1,175.51615193113912
Kapurthala,2023-10-27 02:15:00,temp,17.0,18.36155655566729,0,1,1,175.51615193113912
Kapurthala,2023-10-28 02:00:00,temp,20.0,17.45839487723888,0,1,1,175.51615193113912
Kapurthala,2023-10-29 02:45:00,temp,21.0,19.08691323917918,0,1,1,175.51615193113912
Kapurthala,2023-10-30 02:00:00,temp,20.0,20.356919464583562,0,1,1,175.51615193113912
Karaikal,2023-10-15 02:30:00,temp,25.9,26.242532034011575,1,0,2,93.4511918375089
Karaikal,2023-10-16 02:30:00,temp,26.9,26.107890463518768,1,0,2,93.4511918375089
Karaikal,2023-10-17 02:15:00,temp,26.2,27.033438599733074,1,0,2,93.4511918375089
Karaikal,2023-10-18 02:30:00,temp,26.4,26.33052400214113,1,0,2,93.4511918375089
Karaikal,2023-10-19 02:15:00,temp,26.5,26.354690434341705,1,0,2,93.4511918375089
Karaikal,2023-10-20 02:30:00,temp,26.0,26.75339206948985,1,0,2,93.4511918375089
Karaikal,2023-10-21 02:15:00,temp,26.1,25.960022437667835,1,0,2,93.4511918375089
Karaikal,2023-10-22 02:15:00,temp,25.9,26.608299916156867,1,0,2,93.4511918375089
Karaikal,2023-10-23 02:15:00,temp,26.2,26.102488615607545,1,0,2,93.4511918375089
Karaikal,2023-10-24 02:15:00,temp,25.6,26.459303680441288,1,0,2,93.4511918375089
Karaikal,2023-10-25 02:15:00,temp,25.9,26.202311851352885,1,0,2,93.4511918375089
Karaikal,2023-10-26 02:00:00,temp,26.4,26.088705550854833,1,0,2,93.4511918375089
Karaikal,2023-10-27 02:15:00,temp,26.4,26.68132649947276,1,0,2,93.4511918375089
Karaikal,2023-10-28 02:00:00,temp,25.7,26.29869921309626,1,0,2,93.4511918375089
Karaikal,2023-10-29 02:30:00,temp,26.4,26.15391881811955,1,0,2,93.4511918375089
Karaikal,2023-10-30 01:45:00,temp,26.6,26.46008995904485,1,0,2,93.4511918375089
Karauli,2023-10-15 02:30:00,temp,27.9,26.388909874310045,2,0,2,134.30299201858708
Karauli,2023-10-16 02:30:00,temp,26.0,27.146736402567686,2,0,2,134.30299201858708
Karauli,2023-10-17 02:30:00,temp,21.1,25.888186166872103,2,0,2,134.30299201858708
Karauli,2023-10-18 02:30:00,temp,22.9,21.896167152395808,2,0,2,134.30299201858708
Karauli,2023-10-19 02:30:00,temp,23.2,24.416220709218447,2,0,2,134.30299201858708
Karauli,2023-10-20 02:30:00,temp,23.1,26.049322417060594,2,0,2,134.30299201858708
Karauli,2023-10-21 02:30:00,temp,23.3,24.89335443251991,2,0,2,134.30299201858708
Karauli,2023-10-22 02:30:00,temp,23.2,24.48651066652256,2,0,2,134.30299201858708
Karauli,2023-10-23 02:15:00,temp,23.5,24.32605749653577,2,0,2,134.30299201858708
Karauli,2023-10-24 02:15:00,temp,22.2,24.50396816694142,2,0,2,134.30299201858708
Karauli,2023-10-25 02:30:00,temp,22.1,23.332640867612703,2,0,2,134.30299201858708
Karauli,2023-10-26 02:00:00,temp,22.3,23.234088804395746,2,0,2,134.30299201858708
Karauli,2023-10-27 02:30:00,temp,21.7,23.108484800265582,2,0,2,134.30299201858708
Karauli,2023-10-28 02:00:00,temp,22.0,22.748707722278983,2,0,2,134.30299201858708
Karauli,2023-10-29 02:45:00,temp,22.7,22.957825127167233,2,0,2,134.30299201858708
Karauli,2023-10-30 02:00:00,temp,23.7,23.544177434343315,2,0,2,134.30299201858708
Kargil,2023-10-15 02:30:00,temp,2.5,5.6,0,1,0,113.69897330904853
Kargil,2023-10-16 02:30:00,temp,2.9,2.500000000000001,0,1,0,113.69897330904853
Kargil,2023-10-17 02:15:00,temp,3.6,2.9,0,1,0,113.69897330904853
Kargil,2023-10-18 02:15:00,temp,1.0,3.6,0,1,0,113.69897330904853
Kargil,2023-10-19 02:15:00,temp,2.2,1.0,0,1,0,113.69897330904853
Kargil,2023-10-20 02:30:00,temp,1.9,2.2,0,1,0,113.69897330904853
Kargil,2023-10-21 02:15:00,temp,1.3,1.9,0,1,0,113.69897330904853
Kargil,2023-10-22 02:15:00,temp,1.0,1.3,0,1,0,113.69897330904853
Kargil,2023-10-23 02:00:00,temp,1.2,1.0,0,1,0,113.69897330904853
Kargil,2023-10-24 02:15:00,temp,0.6,1.2,0,1,0,113.69897330904853
Kargil,2023-10-25 02:15:00,temp,0.7,0.6,0,1,0,113.69897330904853
Kargil,2023-10-26 02:00:00,temp,0.7,0.7,0,1,0,113.69897330904853
Kargil,2023-10-27 02:15:00,temp,1.1,0.7,0,1,0,113.69897330904853
Kargil,2023-10-28 02:00:00,temp,1.3,1.1,0,1,0,113.69897330904853
Kargil,2023-10-29 02:30:00,temp,1.0,1.3,0,1,0,113.69897330904853
Kargil,2023-10-30 01:45:00,temp,-0.9,1.0,0,1,0,113.69897330904853
Karimganj,2023-10-15 03:00:00,temp,20.7,21.473883965157146,1,1,0,65.89001624216257
Karimganj,2023-10-16 03:00:00,temp,21.1,20.845589730166825,1,1,0,65.89001624216257
Karimganj,2023-10-17 02:45:00,temp,21.3,20.979379012745074,1,1,0,65.89001624216257
Karimganj,2023-10-18 03:00:00,temp,20.2,21.24171933114016,1,1,0,65.89001624216257
Karimganj,2023-10-19 02:45:00,temp,20.2,20.538233668745786,1,1,0,65.89001624216257
Karimganj,2023-10-20 03:00:00,temp,20.0,20.2,1,1,0,65.89001624216257
Karimganj,2023-10-21 02:45:00,temp,20.4,20.0561420732607,1,1,0,65.89001624216257
Karimganj,2023-10-22 02:45:00,temp,20.6,20.28570322873843,1,1,0,65.89001624216257
Karimganj,2023-10-23 02:45:00,temp,21.4,20.544636144868516,1,1,0,65.89001624216257
Karimganj,2023-10-24 02:45:00,temp,21.7,21.188455994381606,1,1,0,65.89001624216257
Karimganj,2023-10-25 02:45:00,temp,22.1,21.62904190831901,1,1,0,65.89001624216257
Karimganj,2023-10-26 02:30:00,temp,20.4,22.009217392485624,1,1,0,65.89001624216257
Karimganj,2023-10-27 02:45:00,temp,20.4,20.857838266187322,1,1,0,65.89001624216257
Karimganj,2023-10-28 02:30:00,temp,20.2,20.4,1,1,0,65.89001624216257
Karimganj,2023-10-29 03:00:00,temp,19.9,20.24516099781837,1,1,0,65.89001624216257
Karimganj,2023-10-30 02:15:00,temp,20.3,19.966594029435264,1,1,0,65.89001624216257
Karimnagar,2023-10-15 02:30:00,temp,23.5,23.55066803343141,1,0,0,101.15908500223928
Karimnagar,2023-10-16 02:30:00,temp,23.7,23.65432511700071,1,0,0,101.15908500223928
Karimnagar,2023-10-17 02:30:00,temp,23.0,23.76053723601915,1,0,0,101.15908500223928
Karimnagar,2023-10-18 02:30:00,temp,22.9,23.37518422986774,1,0,0,101.15908500223928
Karimnagar,2023-10-19 02:30:00,temp,22.7,23.30255378690008,1,0,0,101.15908500223928
Karimnagar,2023-10-20 02:30:00,temp,22.5,23.165814664390894,1,0,0,101.15908500223928
Karimnagar,2023-10-21 02:30:00,temp,22.9,23.016424799105913,1,0,0,101.15908500223928
Karimnagar,2023-10-22 02:30:00,temp,20.6,23.241692374372708,1,0,0,101.15908500223928
Karimnagar,2023-10-23 02:15:00,temp,19.5,21.686908474951345,1,0,0,101.15908500223928
Karimnagar,2023-10-24 02:15:00,temp,19.2,20.384790362005372,1,0,0,101.15908500223928
Karimnagar,2023-10-25 02:30:00,temp,19.2,19.840180049781807,1,0,0,101.15908500223928
Karimnagar,2023-10-26 02:00:00,temp,19.5,19.710340012482746,1,0,0,101.15908500223928
Karimnagar,2023-10-27 02:30:00,temp,18.7,19.93878263860955,1,0,0,101.15908500223928
Karimnagar,2023-10-28 02:00:00,temp,19.2,19.07341011152194,1,0,0,101.15908500223928
Karimnagar,2023-10-29 02:45:00,temp,20.1,19.541604168374608,1,0,0,101.15908500223928
Karimnagar,2023-10-30 02:00:00,temp,20.4,20.401025478067766,1,0,0,101.15908500223928
Karnal,2023-10-15 02:30:00,temp,23.2,22.350051600841972,1,1,1,162.80010769283516
Karnal,2023-10-16 02:30:00,temp,22.2,23.21436824399304,1,1,1,162.80010769283516
Karnal,2023-10-17 02:15:00,temp,18.3,22.514413383992068,1,1,1,162.80010769283516
Karnal,2023-10-18 02:30:00,temp,20.1,19.6663552331042,1,1,1,162.80010769283516
Karnal,2023-10-19 02:15:00,temp,19.2,20.788559916417267,1,1,1,162.80010769283516
Karnal,2023-10-20 02:30:00,temp,19.7,19.982752814862373,1,1,1,162.80010769283516
Karnal,2023-10-21 02:15:00,temp,19.9,20.21086153551894,1,1,1,162.80010769283516
Karnal,2023-10-22 02:15:00,temp,19.6,20.26535052691035,1,1,1,162.80010769283516
Karnal,2023-10-23 02:15:00,temp,20.5,19.96776686506191,1,1,1,162.80010769283516
Karnal,2023-10-24 02:15:00,temp,20.0,20.57649911092921,1,1,1,162.80010769283516
Karnal,2023-10-25 02:15:00,temp,20.4,20.18963177170997,1,1,1,162.80010769283516
Karnal,2023-10-26 02:00:00,temp,20.2,20.451110253845062,1,1,1,162.80010769283516
Karnal,2023-10-27 02:15:00,temp,19.7,20.29561747642381,1,1,1,162.80010769283516
Karnal,2023-10-28 02:00:00,temp,20.2,19.915162297032822,1,1,1,162.80010769283516
Karnal,2023-10-29 02:30:00,temp,20.4,20.24072470239315,1,1,1,162.80010769283516
Karnal,2023-10-30 01:45:00,temp,20.7,20.378759923397,1,1,1,162.80010769283516
Karur,2023-10-15 02:30:00,temp,25.2,25.40655786885631,2,0,2,92.57168754216566
Karur,2023-10-16 02:30:00,temp,25.0,25.578851584328227,2,0,2,92.57168754216566
Karur,2023-10-17 02:30:00,temp,23.4,25.653199838702697,2,0,2,92.57168754216566
Karur,2023-10-18 02:30:00,temp,24.2,25.34090000342307,2,0,2,92.57168754216566
Karur,2023-10-19 02:30:00,temp,24.0,24.529187032940335,2,0,2,92.57168754216566
Karur,2023-10-20 02:30:00,temp,24.2,24.456929019076043,2,0,2,92.57168754216566
Karur,2023-10-21 02:15:00,temp,23.7,24.478280658360678,2,0,2,92.57168754216566
Karur,2023-10-22 02:30:00,temp,24.7,24.272705140858502,2,0,2,92.57168754216566
Karur,2023-10-23 02:15:00,temp,24.2,24.62204399143451,2,0,2,92.57168754216566
Karur,2023-10-24 02:15:00,temp,25.0,24.600267882932453,2,0,2,92.57168754216566
Karur,2023-10-25 02:30:00,temp,24.3,24.916737745282568,2,0,2,92.57168754216566
Karur,2023-10-26 02:00:00,temp,27.0,24.744922529654566,2,0,2,92.57168754216566
Karur,2023-10-27 02:30:00,temp,23.9,25.401680134045566,2,0,2,92.57168754216566
Karur,2023-10-28 02:00:00,temp,25.2,25.606200526622395,2,0,2,92.57168754216566
Karur,2023-10-29 02:45:00,temp,23.5,24.5427592258112,2,0,2,92.57168754216566
Karur,2023-10-30 02:00:00,temp,23.6,25.21886327860766,2,0,2,92.57168754216566
Kasaragod,2023-10-15 02:30:00,temp,26.0,25.821565167681644,0,1,1,114.32956610362605
Kasaragod,2023-10-16 02:30:00,temp,27.0,25.883320434907315,0,1,1,114.32956610362605
Kasaragod,2023-10-17 02:15:00,temp,24.0,26.290151545417245,0,1,1,114.32956610362605
Kasaragod,2023-10-18 02:30:00,temp,25.0,25.562155489326244,0,1,1,114.32956610362605
Kasaragod,2023-10-19 02:15:00,temp,27.0,25.404711900654036,0,1,1,114.32956610362605
Kasaragod,2023-10-20 02:30:00,temp,26.0,25.8247978074925,0,1,1,114.32956610362605
Kasaragod,2023-10-21 02:15:00,temp,26.0,25.87063898509545,0,1,1,114.32956610362605
Kasaragod,2023-10-22 02:15:00,temp,24.0,25.904444667222663,0,1,1,114.32956610362605
Kasaragod,2023-10-23 02:15:00,temp,25.0,25.439788618153806,0,1,1,114.32956610362605
Kasaragod,2023-10-24 02:15:00,temp,27.0,25.32572283047582,0,1,1,114.32956610362605
Kasaragod,2023-10-25 02:15:00,temp,27.0,25.720455939543047,0,1,1,114.32956610362605
Kasaragod,2023-10-26 02:00:00,temp,27.0,26.016314678299572,0,1,1,114.32956610362605
Kasaragod,2023-10-27 02:15:00,temp,26.0,26.28437124914701,0,1,1,114.32956610362605
Kasaragod,2023-10-28 02:00:00,temp,27.0,26.203296068809546,0,1,1,114.32956610362605
Kasaragod,2023-10-29 02:30:00,temp,27.0,26.417133426883446,0,1,1,114.32956610362605
Kasaragod,2023-10-30 01:45:00,temp,23.0,26.585240452979832,0,1,1,114.32956610362605
Kathua,2023-10-15 02:30:00,temp,20.9,20.630642007518702,0,1,2,122.22563319877993
Kathua,2023-10-16 02:30:00,temp,20.9,20.967934445439155,0,1,2,122.22563319877993
Kathua,2023-10-17 02:15:00,temp,16.7,20.8138584492995,0,1,2,122.22563319877993
Kathua,2023-10-18 02:15:00,temp,15.9,16.792631609553638,0,1,2,122.22563319877993
Kathua,2023-10-19 02:15:00,temp,15.7,17.31905508226257,0,1,2,122.22563319877993
Kathua,2023-10-20 02:30:00,temp,16.5,15.753708333675403,0,1,2,122.22563319877993
Kathua,2023-10-21 02:00:00,temp,17.1,16.80438938607659,0,1,2,122.22563319877993
Kathua,2023-10-22 02:15:00,temp,18.3,16.938636108587843,0,1,2,122.22563319877993
Kathua,2023-10-23 02:00:00,temp,17.7,18.276828361113242,0,1,2,122.22563319877993
Kathua,2023-10-24 02:15:00,temp,17.6,17.36826849267057,0,1,2,122.22563319877993
Kathua,2023-10-25 02:15:00,temp,17.7,17.732446834125692,0,1,2,122.22563319877993
Kathua,2023-10-26 02:00:00,temp,17.5,17.647878281849817,0,1,2,122.22563319877993
Kathua,2023-10-27 02:15:00,temp,17.6,17.504836724456016,0,1,2,122.22563319877993
Kathua,2023-10-28 02:00:00,temp,18.2,17.636147529780445,0,1,2,122.22563319877993
Kathua,2023-10-29 02:30:00,temp,18.2,18.189197762186755,0,1,2,122.22563319877993
Kathua,2023-10-30 01:45:00,temp,18.5,18.068357624393503,0,1,2,122.22563319877993
Katihar,2023-10-15 02:30:00,temp,22.7,23.8,0,1,0,151.05901331394375
Katihar,2023-10-16 02:30:00,temp,25.4,22.7,0,1,0,151.05901331394375
Katihar,2023-10-17 02:15:00,temp,23.4,25.4,0,1,0,151.05901331394375
Katihar,2023-10-18 02:30:00,temp,23.7,23.4,0,1,0,151.05901331394375
Katihar,2023-10-19 02:15:00,temp,22.2,23.7,0,1,0,151.05901331394375
Katihar,2023-10-20 02:30:00,temp,22.3,22.2,0,1,0,151.05901331394375
Katihar,2023-10-21 02:15:00,temp,21.6,22.3,0,1,0,151.05901331394375
Katihar,2023-10-22 02:15:00,temp,21.7,21.6,0,1,0,151.05901331394375
Katihar,2023-10-23 02:15:00,temp,21.9,21.7,0,1,0,151.05901331394375
Katihar,2023-10-24 02:15:00,temp,21.9,21.9,0,1,0,151.05901331394375
Katihar,2023-10-25 02:15:00,temp,22.5,21.9,0,1,0,151.05901331394375
Katihar,2023-10-26 02:00:00,temp,21.7,22.5,0,1,0,151.05901331394375
Katihar,2023-10-27 02:15:00,temp,21.2,21.7,0,1,0,151.05901331394375
Katihar,2023-10-28 02:00:00,temp,21.3,21.2,0,1,0,151.05901331394375
Katihar,2023-10-29 02:30:00,temp,21.5,21.3,0,1,0,151.05901331394375
Katihar,2023-10-30 01:45:00,temp,22.0,21.5,0,1,0,151.05901331394375
Katni,2023-10-15 02:30:00,temp,27.0,26.338785421096734,0,0,1,101.75119205742261
Katni,2023-10-16 02:30:00,temp,25.0,26.868621462167425,0,0,1,101.75119205742261
Katni,2023-10-17 02:15:00,temp,26.0,26.315869767074254,0,0,1,101.75119205742261
Katni,2023-10-18 02:15:00,temp,25.0,26.597768982019083,0,0,1,101.75119205742261
Katni,2023-10-19 02:15:00,temp,26.0,26.288626457489798,0,0,1,101.75119205742261
Katni,2023-10-20 02:15:00,temp,24.0,26.55154720112213,0,0,1,101.75119205742261
Katni,2023-10-21 02:00:00,temp,24.0,26.008856971344716,0,0,1,101.75119205742261
Katni,2023-10-22 02:15:00,temp,24.0,25.9660703350744,0,0,1,101.75119205742261
Katni,2023-10-23 02:00:00,temp,25.0,25.815655759875874,0,0,1,101.75119205742261
Katni,2023-10-24 02:15:00,temp,25.0,26.161471960842125,0,0,1,101.75119205742261
Katni,2023-10-25 02:15:00,temp,24.0,26.001015418726624,0,0,1,101.75119205742261
Katni,2023-10-26 02:00:00,temp,25.0,25.621804284570906,0,0,1,101.75119205742261
Katni,2023-10-27 02:15:00,temp,23.0,26.10901775251979,0,0,1,101.75119205742261
Katni,2023-10-28 02:00:00,temp,22.0,25.079645067048563,0,0,1,101.75119205742261
Katni,2023-10-29 02:30:00,temp,21.0,24.89152256659653,0,0,1,101.75119205742261
Katni,2023-10-30 01:45:00,temp,21.0,24.2126820819939,0,0,1,101.75119205742261
Kavaratti,2023-10-15 02:30:00,temp,27.4,27.689996076331184,1,0,0,28.46049320770506
Kavaratti,2023-10-16 02:30:00,temp,27.3,27.438111454432015,1,0,0,28.46049320770506
Kavaratti,2023-10-17 02:30:00,temp,27.7,27.39694569452417,1,0,0,28.46049320770506
Kavaratti,2023-10-18 02:30:00,temp,28.2,27.55385166757618,1,0,0,28.46049320770506
Kavaratti,2023-10-19 02:15:00,temp,28.4,27.776394128532836,1,0,0,28.46049320770506
Kavaratti,2023-10-20 02:30:00,temp,28.0,27.942575303262114,1,0,0,28.46049320770506
Kavaratti,2023-10-21 02:15:00,temp,28.1,27.754705744122155,1,0,0,28.46049320770506
Kavaratti,2023-10-22 02:15:00,temp,28.1,27.825283853055375,1,0,0,28.46049320770506
Kavaratti,2023-10-23 02:15:00,temp,28.4,27.84342888903803,1,0,0,28.46049320770506
Kavaratti,2023-10-24 02:15:00,temp,28.4,28.051089495027366,1,0,0,28.46049320770506
Kavaratti,2023-10-25 02:15:00,temp,28.0,28.087570470914315,1,0,0,28.46049320770506
Kavaratti,2023-10-26 02:00:00,temp,28.1,27.836687390672772,1,0,0,28.46049320770506
Kavaratti,2023-10-27 02:15:00,temp,28.2,27.90837227879446,1,0,0,28.46049320770506
Kavaratti,2023-10-28 02:00:00,temp,28.2,27.984982608905327,1,0,0,28.46049320770506
Kavaratti,2023-10-29 02:30:00,temp,28.4,27.99651189792171,1,0,0,28.46049320770506
Kavaratti,2023-10-30 01:45:00,temp,28.4,28.15092784860522,1,0,0,28.46049320770506
Kendrapara,2023-10-15 02:30:00,temp,25.8,26.734493927320468,0,1,1,69.55007830484247
Kendrapara,2023-10-16 02:30:00,temp,25.9,26.433811772849133,0,1,1,69.55007830484247
Kendrapara,2023-10-17 02:30:00,temp,26.1,26.185156545330297,0,1,1,69.55007830484247
Kendrapara,2023-10-18 02:30:00,temp,25.6,26.14488468565941,0,1,1,69.55007830484247
Kendrapara,2023-10-19 02:30:00,temp,25.4,25.895679451386233,0,1,1,69.55007830484247
Kendrapara,2023-10-20 02:30:00,temp,25.5,25.65072483529135,0,1,1,69.55007830484247
Kendrapara,2023-10-21 02:15:00,temp,24.4,25.57502480453307,0,1,1,69.55007830484247
Kendrapara,2023-10-22 02:30:00,temp,23.8,24.959197393567315,0,1,1,69.55007830484247
Kendrapara,2023-10-23 02:15:00,temp,24.9,24.22256760977955,0,1,1,69.55007830484247
Kendrapara,2023-10-24 02:15:00,temp,23.5,24.63127587535351,0,1,1,69.55007830484247
Kendrapara,2023-10-25 02:15:00,temp,24.8,24.004926299426366,0,1,1,69.55007830484247
Kendrapara,2023-10-26 02:00:00,temp,24.7,24.437770649016368,0,1,1,69.55007830484247
Kendrapara,2023-10-27 02:15:00,temp,24.1,24.573829686811504,0,1,1,69.55007830484247
Kendrapara,2023-10-28 02:00:00,temp,23.4,24.329849582541968,0,1,1,69.55007830484247
Kendrapara,2023-10-29 02:45:00,temp,23.1,23.841110498862548,0,1,1,69.55007830484247
Kendrapara,2023-10-30 02:00:00,temp,23.4,23.417913251824018,0,1,1,69.55007830484247
Khagaria,2023-10-15 02:30:00,temp,22.5,24.063965642303607,1,1,1,154.6786779690301
Khagaria,2023-10-16 02:30:00,temp,24.0,23.075196724246634,1,1,1,154.6786779690301
Khagaria,2023-10-17 02:15:00,temp,23.6,24.163243555284115,1,1,1,154.6786779690301
Khagaria,2023-10-18 02:30:00,temp,23.9,23.836417531447406,1,1,1,154.6786779690301
Khagaria,2023-10-19 02:15:00,temp,21.9,24.03179591945916,1,1,1,154.6786779690301
Khagaria,2023-10-20 02:30:00,temp,22.0,22.49048518853457,1,1,1,154.6786779690301
Khagaria,2023-10-21 02:15:00,temp,21.0,22.462631684133953,1,1,1,154.6786779690301
Khagaria,2023-10-22 02:15:00,temp,21.0,21.571585179114912,1,1,1,154.6786779690301
Khagaria,2023-10-23 02:15:00,temp,20.8,21.45588252206077,1,1,1,154.6786779690301
Khagaria,2023-10-24 02:15:00,temp,22.2,21.198515009527508,1,1,1,154.6786779690301
Khagaria,2023-10-25 02:15:00,temp,22.6,22.272038423291615,1,1,1,154.6786779690301
Khagaria,2023-10-26 02:00:00,temp,21.9,22.58309643846625,1,1,1,154.6786779690301
Khagaria,2023-10-27 02:15:00,temp,20.5,22.02568845081582,1,1,1,154.6786779690301
Khagaria,2023-10-28 02:00:00,temp,21.0,20.89057571306354,1,1,1,154.6786779690301
Khagaria,2023-10-29 02:30:00,temp,21.9,21.21924975783418,1,1,1,154.6786779690301
Khagaria,2023-10-30 01:45:00,temp,21.9,21.894333437965066,1,1,1,154.6786779690301
Khammam,2023-10-15 02:30:00,temp,23.3,23.854106537648732,1,0,0,109.28379620626856
Khammam,2023-10-16 02:30:00,temp,23.5,23.86594815460061,1,0,0,109.28379620626856
Khammam,2023-10-17 02:30:00,temp,23.3,23.943042196168445,1,0,0,109.28379620626856
Khammam,2023-10-18 02:30:00,temp,22.9,23.816825437259176,1,0,0,109.28379620626856
Khammam,2023-10-19 02:30:00,temp,22.6,23.562072372597665,1,0,0,109.28379620626856
Khammam,2023-10-20 02:30:00,temp,22.4,23.327284561485836,1,0,0,109.28379620626856
Khammam,2023-10-21 02:30:00,temp,23.2,23.129645185975832,1,0,0,109.28379620626856
Khammam,2023-10-22 02:30:00,temp,21.9,23.611059841423817,1,0,0,109.28379620626856
Khammam,2023-10-23 02:15:00,temp,20.9,22.725194269453656,1,0,0,109.28379620626856
Khammam,2023-10-24 02:15:00,temp,20.5,21.81423757323269,1,0,0,109.28379620626856
Khammam,2023-10-25 02:30:00,temp,19.9,21.282248359628344,1,0,0,109.28379620626856
Khammam,2023-10-26 02:00:00,temp,19.9,20.558436102459684,1,0,0,109.28379620626856
Khammam,2023-10-27 02:30:00,temp,19.8,20.44632401459577,1,0,0,109.28379620626856
Khammam,2023-10-28 02:00:00,temp,24.1,20.269562843166348,1,0,0,109.28379620626856
Khammam,2023-10-29 02:45:00,temp,23.3,24.051526580933068,1,0,0,109.28379620626856
Khammam,2023-10-30 02:00:00,temp,22.1,23.43528755744335,1,0,0,109.28379620626856
Khandwa,2023-10-15 02:30:00,temp,25.1,24.4,0,1,0,102.04555166920818
Khandwa,2023-10-16 02:30:00,temp,23.9,25.1,0,1,0,102.04555166920818
Khandwa,2023-10-17 02:15:00,temp,22.7,23.9,0,1,0,102.04555166920818
Khandwa,2023-10-18 02:15:00,temp,22.8,22.7,0,1,0,102.04555166920818
Khandwa,2023-10-19 02:15:00,temp,23.6,22.8,0,1,0,102.04555166920818
Khandwa,2023-10-20 02:15:00,temp,23.0,23.6,0,1,0,102.04555166920818
Khandwa,2023-10-21 02:00:00,temp,23.3,23.0,0,1,0,102.04555166920818
Khandwa,2023-10-22 02:15:00,temp,23.0,23.3,0,1,0,102.04555166920818
Khandwa,2023-10-23 02:00:00,temp,22.8,23.0,0,1,0,102.04555166920818
Khandwa,2023-10-24 02:15:00,temp,21.5,22.8,0,1,0,102.04555166920818
Khandwa,2023-10-25 02:15:00,temp,21.6,21.5,0,1,0,102.04555166920818
Khandwa,2023-10-26 02:00:00,temp,20.6,21.6,0,1,0,102.04555166920818
Khandwa,2023-10-27 02:15:00,temp,20.8,20.6,0,1,0,102.04555166920818
Khandwa,2023-10-28 02:00:00,temp,20.4,20.8,0,1,0,102.04555166920818
Khandwa,2023-10-29 02:30:00,temp,20.2,20.4,0,1,0,102.04555166920818
Khandwa,2023-10-30 01:45:00,temp,20.5,20.2,0,1,0,102.04555166920818
Khargone,2023-10-15 02:30:00,temp,26.3,26.051326383963293,0,0,2,101.2540345080524
Khargone,2023-10-16 02:30:00,temp,25.1,24.832030332572398,0,0,2,101.2540345080524
Khargone,2023-10-17 02:15:00,temp,24.2,23.85300219236923,0,0,2,101.2540345080524
Khargone,2023-10-18 02:15:00,temp,24.1,23.97116874829232,0,0,2,101.2540345080524
Khargone,2023-10-19 02:15:00,temp,24.1,23.853878840444388,0,0,2,101.2540345080524
Khargone,2023-10-20 02:15:00,temp,24.5,23.824952703292993,0,0,2,101.2540345080524
Khargone,2023-10-21 02:00:00,temp,24.6,24.314006876354657,0,0,2,101.2540345080524
Khargone,2023-10-22 02:15:00,temp,25.6,24.302672449289744,0,0,2,101.2540345080524
Khargone,2023-10-23 02:00:00,temp,24.9,24.91657242654911,0,0,2,101.2540345080524
Khargone,2023-10-24 02:15:00,temp,24.4,24.582732989947687,0,0,2,101.2540345080524
Khargone,2023-10-25 02:15:00,temp,23.7,23.469374158565138,0,0,2,101.2540345080524
Khargone,2023-10-26 02:00:00,temp,22.2,23.704943257593474,0,0,2,101.2540345080524
Khargone,2023-10-27 02:15:00,temp,22.1,22.603043629049928,0,0,2,101.2540345080524
Khargone,2023-10-28 02:00:00,temp,21.9,22.050258601062875,0,0,2,101.2540345080524
Khargone,2023-10-29 02:30:00,temp,21.9,23.046506354387912,0,0,2,101.2540345080524
Khargone,2023-10-30 01:45:00,temp,22.4,22.49447337654807,0,0,2,101.2540345080524
Kheda,2023-10-15 02:30:00,temp,28.0,26.04940193139358,1,1,1,140.47054202917533
Kheda,2023-10-16 02:30:00,temp,26.0,27.20036739660107,1,1,1,140.47054202917533
Kheda,2023-10-17 02:15:00,temp,26.0,26.140377951165846,1,1,1,140.47054202917533
Kheda,2023-10-18 02:15:00,temp,24.0,26.129364393712567,1,1,1,140.47054202917533
Kheda,2023-10-19 02:15:00,temp,24.0,25.080975818507394,1,1,1,140.47054202917533
Kheda,2023-10-20 02:15:00,temp,25.0,24.920242721519074,1,1,1,140.47054202917533
Kheda,2023-10-21 02:15:00,temp,24.0,25.385016715169765,1,1,1,140.47054202917533
Kheda,2023-10-22 02:15:00,temp,25.0,24.763638115180175,1,1,1,140.47054202917533
Kheda,2023-10-23 02:00:00,temp,24.0,25.24986321626086,1,1,1,140.47054202917533
Kheda,2023-10-24 02:15:00,temp,25.0,24.64054799452023,1,1,1,140.47054202917533
Kheda,2023-10-25 02:15:00,temp,24.0,25.136524704100292,1,1,1,140.47054202917533
Kheda,2023-10-26 02:00:00,temp,24.0,24.54562132841723,1,1,1,140.47054202917533
Kheda,2023-10-27 02:15:00,temp,24.0,24.46618704393501,1,1,1,140.47054202917533
Kheda,2023-10-28 02:00:00,temp,23.0,24.397569343859345,1,1,1,140.47054202917533
Kheda,2023-10-29 02:30:00,temp,24.0,23.73775329915487,1,1,1,140.47054202917533
Kheda,2023-10-30 01:45:00,temp,23.0,24.22146643308517,1,1,1,140.47054202917533
Kheri,2023-10-15 02:30:00,temp,22.4,22.921935230805936,2,1,2,146.05146937074872
Kheri,2023-10-16 02:30:00,temp,22.9,23.485188057417346,2,1,2,146.05146937074872
Kheri,2023-10-17 02:30:00,temp,19.7,23.537771825692538,2,1,2,146.05146937074872
Kheri,2023-10-18 02:30:00,temp,20.1,20.126291432585656,2,1,2,146.05146937074872
Kheri,2023-10-19 02:30:00,temp,19.0,20.88285755646291,2,1,2,146.05146937074872
Kheri,2023-10-20 02:30:00,temp,18.4,19.61836355099644,2,1,2,146.05146937074872
Kheri,2023-10-21 02:15:00,temp,19.2,18.888894598187804,2,1,2,146.05146937074872
Kheri,2023-10-22 02:30:00,temp,19.6,19.649330888822337,2,1,2,146.05146937074872
Kheri,2023-10-23 02:15:00,temp,19.6,19.701678678102162,2,1,2,146.05146937074872
Kheri,2023-10-24 02:15:00,temp,19.4,19.412722843597944,2,1,2,146.05146937074872
Kheri,2023-10-25 02:30:00,temp,20.5,19.125919875079713,2,1,2,146.05146937074872
Kheri,2023-10-26 02:00:00,temp,20.4,20.218368403260364,2,1,2,146.05146937074872
Kheri,2023-10-27 02:30:00,temp,20.0,20.047061802511035,2,1,2,146.05146937074872
Kheri,2023-10-28 02:00:00,temp,20.3,19.762026606812764,2,1,2,146.05146937074872
Kheri,2023-10-29 02:45:00,temp,20.3,20.24145709406556,2,1,2,146.05146937074872
Kheri,2023-10-30 02:00:00,temp,20.0,20.31296194203148,2,1,2,146.05146937074872
Khordha,2023-10-15 02:30:00,temp,27.0,26.393717282384326,1,0,0,99.1193358608209
Khordha,2023-10-16 02:30:00,temp,25.0,26.77360923170321,1,0,0,99.1193358608209
Khordha,2023-10-17 02:30:00,temp,26.0,26.338626710150383,1,0,0,99.1193358608209
Khordha,2023-10-18 02:30:00,temp,25.0,26.512260457329685,1,0,0,99.1193358608209
Khordha,2023-10-19 02:30:00,temp,26.0,26.203082711117887,1,0,0,99.1193358608209
Khordha,2023-10-20 02:30:00,temp,24.0,26.446565014839294,1,0,0,99.1193358608209
Khordha,2023-10-21 02:15:00,temp,24.0,25.73955736993361,1,0,0,99.1193358608209
Khordha,2023-10-22 02:30:00,temp,24.0,25.39555413560981,1,0,0,99.1193358608209
Khordha,2023-10-23 02:15:00,temp,25.0,25.167993121403843,1,0,0,99.1193358608209
Khordha,2023-10-24 02:15:00,temp,25.0,25.67092306784295,1,0,0,99.1193358608209
Khordha,2023-10-25 02:15:00,temp,24.0,25.632681275325275,1,0,0,99.1193358608209
Khordha,2023-10-26 02:00:00,temp,25.0,24.95890388589325,1,0,0,99.1193358608209
Khordha,2023-10-27 02:15:00,temp,23.0,25.548952658932308,1,0,0,99.1193358608209
Khordha,2023-10-28 02:00:00,temp,22.0,24.15847218682129,1,0,0,99.1193358608209
Khordha,2023-10-29 02:45:00,temp,21.0,23.08675274901943,1,0,0,99.1193358608209
Khordha,2023-10-30 02:00:00,temp,21.0,21.866423923416065,1,0,0,99.1193358608209
Khowai,2023-10-15 03:00:00,temp,21.0,21.753386897446884,0,1,1,86.12932486636826
Khowai,2023-10-16 03:00:00,temp,21.1,21.209443306320903,0,1,1,86.12932486636826
Khowai,2023-10-17 02:45:00,temp,21.4,21.131623012528067,0,1,1,86.12932486636826
Khowai,2023-10-18 03:00:00,temp,20.5,21.316105541588122,0,1,1,86.12932486636826
Khowai,2023-10-19 02:45:00,temp,20.7,20.76212855950045,0,1,1,86.12932486636826
Khowai,2023-10-20 03:00:00,temp,20.5,20.719239314540598,0,1,1,86.12932486636826
Khowai,2023-10-21 02:45:00,temp,20.2,20.568908200468833,0,1,1,86.12932486636826
Khowai,2023-10-22 02:45:00,temp,20.9,20.31382895988219,0,1,1,86.12932486636826
Khowai,2023-10-23 02:45:00,temp,21.3,20.71233334914111,0,1,1,86.12932486636826
Khowai,2023-10-24 02:45:00,temp,21.9,21.11911265690836,0,1,1,86.12932486636826
Khowai,2023-10-25 02:45:00,temp,22.1,21.686074529716084,0,1,1,86.12932486636826
Khowai,2023-10-26 02:30:00,temp,21.0,21.996727728594042,0,1,1,86.12932486636826
Khowai,2023-10-27 02:45:00,temp,20.8,21.28819588705038,0,1,1,86.12932486636826
Khowai,2023-10-28 02:30:00,temp,20.5,20.930191486068463,0,1,1,86.12932486636826
Khowai,2023-10-29 03:00:00,temp,19.3,20.60880144018509,0,1,1,86.12932486636826
Khowai,2023-10-30 02:15:00,temp,20.0,19.584026899363625,0,1,1,86.12932486636826
Khunti,2023-10-15 02:30:00,temp,20.0,21.383720146935687,0,1,2,107.72610835117906
Khunti,2023-10-16 02:30:00,temp,19.0,20.458826898046624,0,1,2,107.72610835117906
Khunti,2023-10-17 02:15:00,temp,20.7,19.455147090035975,0,1,2,107.72610835117906
Khunti,2023-10-18 02:30:00,temp,20.0,20.767467827189986,0,1,2,107.72610835117906
Khunti,2023-10-19 02:15:00,temp,20.0,19.97946458683357,0,1,2,107.72610835117906
Khunti,2023-10-20 02:30:00,temp,20.0,20.114027806333926,0,1,2,107.72610835117906
Khunti,2023-10-21 02:00:00,temp,17.0,20.02597816831433,0,1,2,107.72610835117906
Khunti,2023-10-22 02:15:00,temp,16.0,17.733356274610596,0,1,2,107.72610835117906
Khunti,2023-10-23 02:00:00,temp,18.0,16.731852563709307,0,1,2,107.72610835117906
Khunti,2023-10-24 02:15:00,temp,20.0,18.234366759805123,0,1,2,107.72610835117906
Khunti,2023-10-25 02:15:00,temp,18.8,19.500880413542458,0,1,2,107.72610835117906
Khunti,2023-10-26 02:00:00,temp,21.0,18.394935982535454,0,1,2,107.72610835117906
Khunti,2023-10-27 02:15:00,temp,18.0,20.684384151421362,0,1,2,107.72610835117906
Khunti,2023-10-28 02:00:00,temp,18.0,18.249092468603063,0,1,2,107.72610835117906
Khunti,2023-10-29 02:30:00,temp,17.8,18.558490487756597,0,1,2,107.72610835117906
Khunti,2023-10-30 01:45:00,temp,17.0,18.074568701424628,0,1,2,107.72610835117906
Kishanganj,2023-10-15 02:30:00,temp,22.7,23.3,0,1,0,149.63991376777736
Kishanganj,2023-10-16 02:30:00,temp,23.6,22.7,0,1,0,149.63991376777736
Kishanganj,2023-10-17 02:15:00,temp,22.5,23.6,0,1,0,149.63991376777736
Kishanganj,2023-10-18 02:30:00,temp,22.9,22.5,0,1,0,149.63991376777736
Kishanganj,2023-10-19 02:15:00,temp,21.9,22.9,0,1,0,149.63991376777736
Kishanganj,2023-10-20 02:30:00,temp,21.8,21.9,0,1,0,149.63991376777736
Kishanganj,2023-10-21 02:15:00,temp,21.4,21.8,0,1,0,149.63991376777736
Kishanganj,2023-10-22 02:15:00,temp,21.7,21.4,0,1,0,149.63991376777736
Kishanganj,2023-10-23 02:00:00,temp,20.9,21.7,0,1,0,149.63991376777736
Kishanganj,2023-10-24 02:15:00,temp,20.9,20.9,0,1,0,149.63991376777736
Kishanganj,2023-10-25 02:15:00,temp,21.4,20.9,0,1,0,149.63991376777736
Kishanganj,2023-10-26 02:00:00,temp,22.0,21.4,0,1,0,149.63991376777736
Kishanganj,2023-10-27 02:15:00,temp,21.0,22.0,0,1,0,149.63991376777736
Kishanganj,2023-10-28 02:00:00,temp,20.6,21.0,0,1,0,149.63991376777736
Kishanganj,2023-10-29 02:30:00,temp,21.1,20.6,0,1,0,149.63991376777736
Kishanganj,2023-10-30 01:45:00,temp,21.7,21.1,0,1,0,149.63991376777736
Kishtwar,2023-10-15 02:30:00,temp,8.7,8.9,0,1,0,117.43407829834544
Kishtwar,2023-10-16 02:30:00,temp,6.9,8.7,0,1,0,117.43407829834544
Kishtwar,2023-10-17 02:15:00,temp,6.2,6.8999999999999995,0,1,0,117.43407829834544
Kishtwar,2023-10-18 02:15:00,temp,3.7,6.2,0,1,0,117.43407829834544
Kishtwar,2023-10-19 02:15:00,temp,4.6,3.7,0,1,0,117.43407829834544
Kishtwar,2023-10-20 02:30:00,temp,5.2,4.6,0,1,0,117.43407829834544
Kishtwar,2023-10-21 02:15:00,temp,5.7,5.2,0,1,0,117.43407829834544
Kishtwar,2023-10-22 02:15:00,temp,6.3,5.7,0,1,0,117.43407829834544
Kishtwar,2023-10-23 02:00:00,temp,4.7,6.3,0,1,0,117.43407829834544
Kishtwar,2023-10-24 02:15:00,temp,5.4,4.7,0,1,0,117.43407829834544
Kishtwar,2023-10-25 02:15:00,temp,4.8,5.4,0,1,0,117.43407829834544
Kishtwar,2023-10-26 02:00:00,temp,5.6,4.8,0,1,0,117.43407829834544
Kishtwar,2023-10-27 02:15:00,temp,5.8,5.6,0,1,0,117.43407829834544
Kishtwar,2023-10-28 02:00:00,temp,6.2,5.8,0,1,0,117.43407829834544
Kishtwar,2023-10-29 02:30:00,temp,6.4,6.2,0,1,0,117.43407829834544
Kishtwar,2023-10-30 01:45:00,temp,6.5,6.4,0,1,0,117.43407829834544
Koch Bihar,2023-10-15 02:30:00,temp,21.0,22.2,0,1,0,117.58251813550163
Koch Bihar,2023-10-16 02:30:00,temp,21.1,21.0,0,1,0,117.58251813550163
Koch Bihar,2023-10-17 02:30:00,temp,20.9,21.1,0,1,0,117.58251813550163
Koch Bihar,2023-10-18 02:30:00,temp,20.9,20.9,0,1,0,117.58251813550163
Koch Bihar,2023-10-19 02:15:00,temp,20.2,20.9,0,1,0,117.58251813550163
Koch Bihar,2023-10-20 02:30:00,temp,20.5,20.2,0,1,0,117.58251813550163
Koch Bihar,2023-10-21 02:15:00,temp,19.9,20.5,0,1,0,117.58251813550163
Koch Bihar,2023-10-22 02:15:00,temp,19.8,19.9,0,1,0,117.58251813550163
Koch Bihar,2023-10-23 02:15:00,temp,19.0,19.8,0,1,0,117.58251813550163
Koch Bihar,2023-10-24 02:15:00,temp,19.8,19.0,0,1,0,117.58251813550163
Koch Bihar,2023-10-25 02:15:00,temp,19.3,19.8,0,1,0,117.58251813550163
Koch Bihar,2023-10-26 02:00:00,temp,19.9,19.3,0,1,0,117.58251813550163
Koch Bihar,2023-10-27 02:15:00,temp,20.1,19.9,0,1,0,117.58251813550163
Koch Bihar,2023-10-28 02:00:00,temp,19.3,20.1,0,1,0,117.58251813550163
Koch Bihar,2023-10-29 02:45:00,temp,19.7,19.3,0,1,0,117.58251813550163
Koch Bihar,2023-10-30 02:00:00,temp,19.9,19.7,0,1,0,117.58251813550163
Kodarma,2023-10-15 02:30:00,temp,20.6,21.4,0,1,0,113.86054019802258
Kodarma,2023-10-16 02:30:00,temp,21.9,20.6,0,1,0,113.86054019802258
Kodarma,2023-10-17 02:15:00,temp,21.7,21.9,0,1,0,113.86054019802258
Kodarma,2023-10-18 02:30:00,temp,21.4,21.7,0,1,0,113.86054019802258
Kodarma,2023-10-19 02:15:00,temp,20.2,21.4,0,1,0,113.86054019802258
Kodarma,2023-10-20 02:30:00,temp,20.2,20.2,0,1,0,113.86054019802258
Kodarma,2023-10-21 02:15:00,temp,18.9,20.2,0,1,0,113.86054019802258
Kodarma,2023-10-22 02:15:00,temp,18.7,18.9,0,1,0,113.86054019802258
Kodarma,2023-10-23 02:00:00,temp,18.5,18.7,0,1,0,113.86054019802258
Kodarma,2023-10-24 02:15:00,temp,20.0,18.5,0,1,0,113.86054019802258
Kodarma,2023-10-25 02:15:00,temp,19.9,20.0,0,1,0,113.86054019802258
Kodarma,2023-10-26 02:00:00,temp,19.4,19.9,0,1,0,113.86054019802258
Kodarma,2023-10-27 02:15:00,temp,18.5,19.4,0,1,0,113.86054019802258
Kodarma,2023-10-28 02:00:00,temp,19.4,18.5,0,1,0,113.86054019802258
Kodarma,2023-10-29 02:30:00,temp,19.2,19.4,0,1,0,113.86054019802258
Kodarma,2023-10-30 01:45:00,temp,19.5,19.2,0,1,0,113.86054019802258
Kohima,2023-10-15 02:30:00,temp,18.9,19.306245380739533,0,1,1,79.91291189868953
Kohima,2023-10-16 02:30:00,temp,18.5,18.986725415926987,0,1,1,79.91291189868953
Kohima,2023-10-17 02:15:00,temp,17.8,18.598085811179157,0,1,1,79.91291189868953
Kohima,2023-10-18 02:30:00,temp,18.4,17.941544309371107,0,1,1,79.91291189868953
Kohima,2023-10-19 02:15:00,temp,17.5,18.311502507531078,0,1,1,79.91291189868953
Kohima,2023-10-20 02:30:00,temp,17.3,17.670401221028648,0,1,1,79.91291189868953
Kohima,2023-10-21 02:15:00,temp,16.9,17.37151798075405,0,1,1,79.91291189868953
Kohima,2023-10-22 02:15:00,temp,16.9,16.9874653718264,0,1,1,79.91291189868953
Kohima,2023-10-23 02:15:00,temp,17.0,16.91601192236727,0,1,1,79.91291189868953
Kohima,2023-10-24 02:15:00,temp,18.8,16.98438150826123,0,1,1,79.91291189868953
Kohima,2023-10-25 02:15:00,temp,17.5,18.470093726182025,0,1,1,79.91291189868953
Kohima,2023-10-26 02:00:00,temp,17.3,17.710556868092237,0,1,1,79.91291189868953
Kohima,2023-10-27 02:15:00,temp,17.7,17.398710989789237,0,1,1,79.91291189868953
Kohima,2023-10-28 02:00:00,temp,17.1,17.626149489172786,0,1,1,79.91291189868953
Kohima,2023-10-29 02:30:00,temp,16.5,17.231739161217345,0,1,1,79.91291189868953
Kohima,2023-10-30 01:45:00,temp,17.1,16.67284220307141,0,1,1,79.91291189868953
Kokrajhar,2023-10-15 02:30:00,temp,21.9,22.7,0,1,0,109.73537897115338
Kokrajhar,2023-10-16 02:30:00,temp,21.8,21.9,0,1,0,109.73537897115338
Kokrajhar,2023-10-17 02:15:00,temp,21.7,21.8,0,1,0,109.73537897115338
Kokrajhar,2023-10-18 02:30:00,temp,21.8,21.7,0,1,0,109.73537897115338
Kokrajhar,2023-10-19 02:15:00,temp,21.6,21.8,0,1,0,109.73537897115338
Kokrajhar,2023-10-20 02:30:00,temp,21.2,21.6,0,1,0,109.73537897115338
Kokrajhar,2023-10-21 02:15:00,temp,20.7,21.2,0,1,0,109.73537897115338
Kokrajhar,2023-10-22 02:15:00,temp,20.3,20.7,0,1,0,109.73537897115338
Kokrajhar,2023-10-23 02:15:00,temp,20.0,20.3,0,1,0,109.73537897115338
Kokrajhar,2023-10-24 02:15:00,temp,21.0,20.0,0,1,0,109.73537897115338
Kokrajhar,2023-10-25 02:15:00,temp,20.2,21.0,0,1,0,109.73537897115338
Kokrajhar,2023-10-26 02:00:00,temp,20.8,20.2,0,1,0,109.73537897115338
Kokrajhar,2023-10-27 02:15:00,temp,21.2,20.8,0,1,0,109.73537897115338
Kokrajhar,2023-10-28 02:00:00,temp,20.5,21.2,0,1,0,109.73537897115338
Kokrajhar,2023-10-29 02:30:00,temp,20.4,20.5,0,1,0,109.73537897115338
Kokrajhar,2023-10-30 01:45:00,temp,21.0,20.4,0,1,0,109.73537897115338
Kolar,2023-10-15 02:30:00,temp,22.0,21.266661686782005,0,0,0,122.6520589880766
Kolar,2023-10-16 02:30:00,temp,22.0,21.28260375798715,0,0,0,122.6520589880766
Kolar,2023-10-17 02:30:00,temp,22.0,21.29786740010674,0,0,0,122.6520589880766
Kolar,2023-10-18 02:30:00,temp,21.0,21.312495210194623,0,0,0,122.6520589880766
Kolar,2023-10-19 02:15:00,temp,21.0,21.306117493357547,0,0,0,122.6520589880766
Kolar,2023-10-20 02:30:00,temp,21.0,21.299995147609053,0,0,0,122.6520589880766
Kolar,2023-10-21 02:15:00,temp,21.0,21.294112698572203,0,0,0,122.6520589880766
Kolar,2023-10-22 02:15:00,temp,22.0,21.288456552628038,0,0,0,122.6520589880766
Kolar,2023-10-23 02:15:00,temp,21.0,21.301881640044584,0,0,0,122.6520589880766
Kolar,2023-10-24 02:15:00,temp,19.0,21.296291495822842,0,0,0,122.6520589880766
Kolar,2023-10-25 02:15:00,temp,19.0,21.254540465183894,0,0,0,122.6520589880766
Kolar,2023-10-26 02:00:00,temp,18.0,21.21428067902469,0,0,0,122.6520589880766
Kolar,2023-10-27 02:15:00,temp,21.0,21.15788959712126,0,0,0,122.6520589880766
Kolar,2023-10-28 02:00:00,temp,21.0,21.15516727846024,0,0,0,122.6520589880766
Kolar,2023-10-29 02:45:00,temp,21.0,21.152537281828845,0,0,0,122.6520589880766
Kolar,2023-10-30 02:00:00,temp,22.0,21.149994909470415,0,0,0,122.6520589880766
Kolhapur,2023-10-15 02:30:00,temp,22.8,20.809659311226692,2,0,1,83.10678954079486
Kolhapur,2023-10-16 02:30:00,temp,21.8,21.76219840148708,2,0,1,83.10678954079486
Kolhapur,2023-10-17 02:30:00,temp,24.2,21.134195470284673,2,0,1,83.10678954079486
Kolhapur,2023-10-18 02:30:00,temp,23.2,22.58696241957928,2,0,1,83.10678954079486
Kolhapur,2023-10-19 02:30:00,temp,25.2,23.078331273555513,2,0,1,83.10678954079486
Kolhapur,2023-10-20 02:30:00,temp,23.9,23.522022668838577,2,0,1,83.10678954079486
Kolhapur,2023-10-21 02:15:00,temp,24.4,24.440409260240603,2,0,1,83.10678954079486
Kolhapur,2023-10-22 02:30:00,temp,22.3,23.086959638434408,2,0,1,83.10678954079486
Kolhapur,2023-10-23 02:15:00,temp,21.4,23.157740454203804,2,0,1,83.10678954079486
Kolhapur,2023-10-24 02:15:00,temp,20.8,20.879008865345398,2,0,1,83.10678954079486
Kolhapur,2023-10-25 02:15:00,temp,21.4,21.478689860817028,2,0,1,83.10678954079486
Kolhapur,2023-10-26 02:00:00,temp,20.7,20.928351013761404,2,0,1,83.10678954079486
Kolhapur,2023-10-27 02:15:00,temp,19.2,21.377555788679498,2,0,1,83.10678954079486
Kolhapur,2023-10-28 02:00:00,temp,19.5,19.634649153539563,2,0,1,83.10678954079486
Kolhapur,2023-10-29 02:45:00,temp,20.2,19.90236212149409,2,0,1,83.10678954079486
Kolhapur,2023-10-30 02:00:00,temp,23.6,20.347998544441978,2,0,1,83.10678954079486
Kolkata,2023-10-14 02:30:00,temp,26.0,27.926863398496895,1,0,0,179.57608302976476
Kolkata,2023-10-15 02:30:00,temp,27.0,26.607999939787256,1,0,0,179.57608302976476
Kolkata,2023-10-16 02:30:00,temp,26.0,27.26282632824955,1,0,0,179.57608302976476
Kolkata,2023-10-17 02:30:00,temp,27.0,26.593082161413538,1,0,0,179.57608302976476
Kolkata,2023-10-18 02:30:00,temp,27.0,27.249505073541222,1,0,0,179.57608302976476
Kolkata,2023-10-19 02:15:00,temp,26.0,27.24506244963844,1,0,0,179.57608302976476
Kolkata,2023-10-19 02:30:00,temp,26.0,26.574485753536102,1,0,0,179.57608302976476
Kolkata,2023-10-20 02:30:00,temp,25.0,26.55209837752655,1,0,0,179.57608302976476
Kolkata,2023-10-21 02:15:00,temp,24.0,25.812433925725255,1,0,0,179.57608302976476
Kolkata,2023-10-21 02:30:00,temp,24.0,24.95959743794063,1,0,0,179.57608302976476
Kolkata,2023-10-22 02:15:00,temp,25.0,24.852787825877133,1,0,0,179.57608302976476
Kolkata,2023-10-22 02:30:00,temp,25.0,25.615033237817396,1,0,0,179.57608302976476
Kolkata,2023-10-23 02:15:00,temp,26.0,25.582251851971108,1,0,0,179.57608302976476
Kolkata,2023-10-24 02:15:00,temp,25.0,26.35497170021775,1,0,0,179.57608302976476
Kolkata,2023-10-25 02:15:00,temp,24.0,25.558417782309615,1,0,0,179.57608302976476
Kolkata,2023-10-25 02:30:00,temp,24.0,24.699702502517734,1,0,0,179.57608302976476
Kolkata,2023-10-26 02:00:00,temp,26.0,24.64678501153843,1,0,0,179.57608302976476
Kolkata,2023-10-27 02:15:00,temp,26.0,26.29476656851108,1,0,0,179.57608302976476
Kolkata,2023-10-27 02:30:00,temp,26.0,26.288876110079045,1,0,0,179.57608302976476
Kolkata,2023-10-28 02:00:00,temp,25.0,26.283211850356906,1,0,0,179.57608302976476
Kolkata,2023-10-29 02:45:00,temp,24.0,25.470524517860337,1,0,0,179.57608302976476
Kolkata,2023-10-30 02:00:00,temp,24.0,24.612764170423983,1,0,0,179.57608302976476
Kollam,2023-10-15 02:30:00,temp,25.0,25.242217029483818,0,0,0,63.613142537553806
Kollam,2023-10-16 02:30:00,temp,25.5,25.236951091060202,0,0,0,63.613142537553806
Kollam,2023-10-17 02:30:00,temp,25.5,25.24254790429403,0,0,0,63.613142537553806
Kollam,2023-10-18 02:30:00,temp,25.1,25.247911365351207,0,0,0,63.613142537553806
Kollam,2023-10-19 02:15:00,temp,26.0,25.244892771743793,0,0,0,63.613142537553806
Kollam,2023-10-20 02:30:00,temp,25.6,25.259995125042835,0,0,0,63.613142537553806
Kollam,2023-10-21 02:15:00,temp,25.4,25.266661726180047,0,0,0,63.613142537553806
Kollam,2023-10-22 02:15:00,temp,25.1,25.269225819913427,0,0,0,63.613142537553806
Kollam,2023-10-23 02:15:00,temp,24.5,25.26603277299555,0,0,0,63.613142537553806
Kollam,2023-10-24 02:15:00,temp,25.6,25.25184668316951,0,0,0,63.613142537553806
Kollam,2023-10-25 02:15:00,temp,25.1,25.258176450161933,0,0,0,63.613142537553806
Kollam,2023-10-26 02:00:00,temp,25.4,25.25535177746603,0,0,0,63.613142537553806
Kollam,2023-10-27 02:15:00,temp,25.5,25.257889372953144,0,0,0,63.613142537553806
Kollam,2023-10-28 02:00:00,temp,25.8,25.262063752623906,0,0,0,63.613142537553806
Kollam,2023-10-29 02:30:00,temp,25.5,25.27118140926334,0,0,0,63.613142537553806
Kollam,2023-10-30 01:45:00,temp,25.7,25.27499497033991,0,0,0,63.613142537553806
Kondagaon,2023-10-15 02:30:00,temp,20.0,19.94633481259893,0,1,2,102.14894426041515
Kondagaon,2023-10-16 02:30:00,temp,19.5,20.386862745159203,0,1,2,102.14894426041515
Kondagaon,2023-10-17 02:30:00,temp,19.3,19.538474984233115,0,1,2,102.14894426041515
Kondagaon,2023-10-18 02:30:00,temp,19.3,19.728892569446643,0,1,2,102.14894426041515
Kondagaon,2023-10-19 02:15:00,temp,19.3,19.414310304111392,0,1,2,102.14894426041515
Kondagaon,2023-10-20 02:30:00,temp,19.1,19.485209681878715,0,1,2,102.14894426041515
Kondagaon,2023-10-21 02:15:00,temp,18.5,19.148273553753896,0,1,2,102.14894426041515
Kondagaon,2023-10-22 02:15:00,temp,16.5,18.644680554248367,0,1,2,102.14894426041515
Kondagaon,2023-10-23 02:15:00,temp,16.4,16.503886443726685,0,1,2,102.14894426041515
Kondagaon,2023-10-24 02:15:00,temp,16.6,17.085512469329085,0,1,2,102.14894426041515
Kondagaon,2023-10-25 02:15:00,temp,17.7,16.56383446340648,0,1,2,102.14894426041515
Kondagaon,2023-10-26 02:00:00,temp,17.5,17.91883135735887,0,1,2,102.14894426041515
Kondagaon,2023-10-27 02:15:00,temp,16.6,17.145363121041346,0,1,2,102.14894426041515
Kondagaon,2023-10-28 02:00:00,temp,16.4,16.70065505923282,0,1,2,102.14894426041515
Kondagaon,2023-10-29 02:30:00,temp,16.5,16.544526512847217,0,1,2,102.14894426041515
Kondagaon,2023-10-30 01:45:00,temp,16.4,16.58883151737186,0,1,2,102.14894426041515
Koppal,2023-10-15 02:30:00,temp,25.5,24.804779155177787,0,1,1,122.86152728384303
Koppal,2023-10-16 02:30:00,temp,25.8,25.13098487351878,0,1,1,122.86152728384303
Koppal,2023-10-17 02:30:00,temp,25.1,25.45792372581406,0,1,1,122.86152728384303
Koppal,2023-10-18 02:30:00,temp,25.4,25.283979863130458,0,1,1,122.86152728384303
Koppal,2023-10-19 02:30:00,temp,23.1,25.33877187219336,0,1,1,122.86152728384303
Koppal,2023-10-20 02:30:00,temp,23.1,24.30605369520753,0,1,1,122.86152728384303
Koppal,2023-10-21 02:15:00,temp,23.5,23.614718995590525,0,1,1,122.86152728384303
Koppal,2023-10-22 02:30:00,temp,22.5,23.548768808717007,0,1,1,122.86152728384303
Koppal,2023-10-23 02:15:00,temp,21.2,22.95950652122968,0,1,1,122.86152728384303
Koppal,2023-10-24 02:15:00,temp,21.2,21.873934507516044,0,1,1,122.86152728384303
Koppal,2023-10-25 02:15:00,temp,20.3,21.426610071626865,0,1,1,122.86152728384303
Koppal,2023-10-26 02:00:00,temp,20.5,20.671137894969608,0,1,1,122.86152728384303
Koppal,2023-10-27 02:15:00,temp,19.5,20.555171848050026,0,1,1,122.86152728384303
Koppal,2023-10-28 02:00:00,temp,20.1,19.839179754174843,0,1,1,122.86152728384303
Koppal,2023-10-29 02:45:00,temp,23.3,20.016409789059338,0,1,1,122.86152728384303
Koppal,2023-10-30 02:00:00,temp,23.7,22.185930417915912,0,1,1,122.86152728384303
Koraput,2023-10-15 02:30:00,temp,19.0,19.54781727840493,0,1,2,83.21213035971103
Koraput,2023-10-16 02:30:00,temp,18.6,18.68724260108504,0,1,2,83.21213035971103
Koraput,2023-10-17 02:30:00,temp,18.4,18.985080215342645,0,1,2,83.21213035971103
Koraput,2023-10-18 02:30:00,temp,18.2,18.322886728609717,0,1,2,83.21213035971103
Koraput,2023-10-19 02:30:00,temp,18.3,18.592268378252477,0,1,2,83.21213035971103
Koraput,2023-10-20 02:30:00,temp,17.9,18.312421996980955,0,1,2,83.21213035971103
Koraput,2023-10-21 02:15:00,temp,17.7,17.99688378177306,0,1,2,83.21213035971103
Koraput,2023-10-22 02:30:00,temp,17.0,17.90528995432011,0,1,2,83.21213035971103
Koraput,2023-10-23 02:15:00,temp,15.9,16.93153839681951,0,1,2,83.21213035971103
Koraput,2023-10-24 02:15:00,temp,16.1,16.130099384610553,0,1,2,83.21213035971103
Koraput,2023-10-25 02:15:00,temp,17.8,16.71538084560381,0,1,2,83.21213035971103
Koraput,2023-10-26 02:00:00,temp,17.6,18.16827928557153,0,1,2,83.21213035971103
Koraput,2023-10-27 02:15:00,temp,16.9,16.732363488636135,0,1,2,83.21213035971103
Koraput,2023-10-28 02:00:00,temp,17.0,17.335708673300765,0,1,2,83.21213035971103
Koraput,2023-10-29 02:45:00,temp,17.1,16.78858862571845,0,1,2,83.21213035971103
Koraput,2023-10-30 02:00:00,temp,16.1,17.41909685134767,0,1,2,83.21213035971103
Korba,2023-10-15 02:30:00,temp,21.9,22.401061984104775,0,1,2,117.6060741424972
Korba,2023-10-16 02:30:00,temp,21.6,22.340135768516326,0,1,2,117.6060741424972
Korba,2023-10-17 02:30:00,temp,21.5,22.01813086895918,0,1,2,117.6060741424972
Korba,2023-10-18 02:30:00,temp,20.8,21.90506994998717,0,1,2,117.6060741424972
Korba,2023-10-19 02:15:00,temp,20.6,21.295886464630666,0,1,2,117.6060741424972
Korba,2023-10-20 02:30:00,temp,20.5,21.088842222459935,0,1,2,117.6060741424972
Korba,2023-10-21 02:15:00,temp,18.6,20.81109196088022,0,1,2,117.6060741424972
Korba,2023-10-22 02:15:00,temp,18.6,19.20510609845606,0,1,2,117.6060741424972
Korba,2023-10-23 02:15:00,temp,17.4,19.088076798104147,0,1,2,117.6060741424972
Korba,2023-10-24 02:15:00,temp,17.4,17.758561451877544,0,1,2,117.6060741424972
Korba,2023-10-25 02:15:00,temp,18.0,17.565736877959047,0,1,2,117.6060741424972
Korba,2023-10-26 02:00:00,temp,17.4,17.948471062126412,0,1,2,117.6060741424972
Korba,2023-10-27 02:15:00,temp,17.3,17.486925833352508,0,1,2,117.6060741424972
Korba,2023-10-28 02:00:00,temp,17.4,17.37982972493497,0,1,2,117.6060741424972
Korba,2023-10-29 02:30:00,temp,17.5,17.409549373963902,0,1,2,117.6060741424972
Korba,2023-10-30 01:45:00,temp,17.8,17.479091755599757,0,1,2,117.6060741424972
Kota,2023-10-15 02:30:00,temp,26.7,25.450695157925047,0,0,2,130.59414373757238
Kota,2023-10-16 02:30:00,temp,26.2,25.850693204657304,0,0,2,130.59414373757238
Kota,2023-10-17 02:30:00,temp,21.4,25.94805919620859,0,0,2,130.59414373757238
Kota,2023-10-18 02:30:00,temp,22.7,23.309256477199057,0,0,2,130.59414373757238
Kota,2023-10-19 02:30:00,temp,23.0,23.170350411243703,0,0,2,130.59414373757238
Kota,2023-10-20 02:30:00,temp,22.4,24.837322439459513,0,0,2,130.59414373757238
Kota,2023-10-21 02:15:00,temp,22.9,23.84821352741674,0,0,2,130.59414373757238
Kota,2023-10-22 02:30:00,temp,23.5,23.759184565948903,0,0,2,130.59414373757238
Kota,2023-10-23 02:15:00,temp,23.2,24.536106879899485,0,0,2,130.59414373757238
Kota,2023-10-24 02:15:00,temp,23.0,24.182729965350322,0,0,2,130.59414373757238
Kota,2023-10-25 02:30:00,temp,22.0,23.840761742657467,0,0,2,130.59414373757238
Kota,2023-10-26 02:00:00,temp,22.5,23.476863353810185,0,0,2,130.59414373757238
Kota,2023-10-27 02:15:00,temp,22.3,23.60584930308291,0,0,2,130.59414373757238
Kota,2023-10-28 02:00:00,temp,21.9,23.673836459157698,0,0,2,130.59414373757238
Kota,2023-10-29 02:45:00,temp,22.9,23.21345568954265,0,0,2,130.59414373757238
Kota,2023-10-30 02:00:00,temp,23.4,23.806439655462558,0,0,2,130.59414373757238
Kottayam,2023-10-15 02:30:00,temp,24.3,23.602217200275767,0,0,0,84.91668032708877
Kottayam,2023-10-16 02:30:00,temp,23.0,23.617386253115303,0,0,0,84.91668032708877
Kottayam,2023-10-17 02:30:00,temp,24.0,23.604250337470194,0,0,0,84.91668032708877
Kottayam,2023-10-18 02:30:00,temp,23.7,23.612494985858838,0,0,0,84.91668032708877
Kottayam,2023-10-19 02:15:00,temp,23.4,23.614280723569582,0,0,0,84.91668032708877
Kottayam,2023-10-20 02:30:00,temp,24.4,23.609995016104694,0,0,0,84.91668032708877
Kottayam,2023-10-21 02:15:00,temp,24.3,23.625485070604128,0,0,0,84.91668032708877
Kottayam,2023-10-22 02:15:00,temp,24.0,23.63845654986063,0,0,0,84.91668032708877
Kottayam,2023-10-23 02:15:00,temp,23.8,23.645278196685226,0,0,0,84.91668032708877
Kottayam,2023-10-24 02:15:00,temp,23.4,23.64814338988324,0,0,0,84.91668032708877
Kottayam,2023-10-25 02:15:00,temp,23.6,23.64363150793808,0,0,0,84.91668032708877
Kottayam,2023-10-26 02:00:00,temp,23.6,23.642852168853246,0,0,0,84.91668032708877
Kottayam,2023-10-27 02:15:00,temp,23.8,23.64210027045131,0,0,0,84.91668032708877
Kottayam,2023-10-28 02:00:00,temp,23.6,23.644822581090857,0,0,0,84.91668032708877
Kottayam,2023-10-29 02:45:00,temp,23.6,23.644062765739644,0,0,0,84.91668032708877
Kottayam,2023-10-30 02:00:00,temp,23.8,23.643328283527758,0,0,0,84.91668032708877
Kozhikode,2023-10-15 02:30:00,temp,22.0,23.64443946487265,0,0,0,122.05022630741297
Kozhikode,2023-10-16 02:30:00,temp,25.0,23.60869087409193,0,0,0,122.05022630741297
Kozhikode,2023-10-17 02:30:00,temp,23.0,23.638292805874066,0,0,0,122.05022630741297
Kozhikode,2023-10-18 02:30:00,temp,24.0,23.62499521959579,0,0,0,122.05022630741297
Kozhikode,2023-10-19 02:15:00,temp,25.0,23.632648167677093,0,0,0,122.05022630741297
Kozhikode,2023-10-20 02:30:00,temp,26.0,23.659995060023228,0,0,0,122.05022630741297
Kozhikode,2023-10-21 02:15:00,temp,23.0,23.705876979582364,0,0,0,122.05022630741297
Kozhikode,2023-10-22 02:15:00,temp,25.0,23.692302615890693,0,0,0,122.05022630741297
Kozhikode,2023-10-23 02:15:00,temp,24.0,23.716976111170737,0,0,0,122.05022630741297
Kozhikode,2023-10-24 02:15:00,temp,23.0,23.72221720207763,0,0,0,122.05022630741297
Kozhikode,2023-10-25 02:15:00,temp,25.0,23.70908588840394,0,0,0,122.05022630741297
Kozhikode,2023-10-26 02:00:00,temp,25.0,23.732137765308476,0,0,0,122.05022630741297
Kozhikode,2023-10-27 02:15:00,temp,26.0,23.754380971981707,0,0,0,122.05022630741297
Kozhikode,2023-10-28 02:00:00,temp,23.0,23.793098317401547,0,0,0,122.05022630741297
Kozhikode,2023-10-29 02:45:00,temp,24.0,23.779655938137257,0,0,0,122.05022630741297
Kozhikode,2023-10-30 02:00:00,temp,24.0,23.783328263848006,0,0,0,122.05022630741297
Krishna,2023-10-15 02:30:00,temp,26.2,26.240373795172893,1,0,2,106.7214236880567
Krishna,2023-10-16 02:30:00,temp,26.6,26.2698335494358,1,0,2,106.7214236880567
Krishna,2023-10-17 02:15:00,temp,26.1,26.424714420328353,1,0,2,106.7214236880567
Krishna,2023-10-18 02:15:00,temp,25.9,26.323443717888274,1,0,2,106.7214236880567
Krishna,2023-10-19 02:15:00,temp,25.8,25.974368356729187,1,0,2,106.7214236880567
Krishna,2023-10-20 02:30:00,temp,26.1,26.210947942005443,1,0,2,106.7214236880567
Krishna,2023-10-21 02:15:00,temp,25.7,26.207751325198217,1,0,2,106.7214236880567
Krishna,2023-10-22 02:15:00,temp,25.4,26.100496984703312,1,0,2,106.7214236880567
Krishna,2023-10-23 02:00:00,temp,23.1,25.84591537557892,1,0,2,106.7214236880567
Krishna,2023-10-24 02:15:00,temp,24.9,24.995379020789414,1,0,2,106.7214236880567
Krishna,2023-10-25 02:15:00,temp,23.8,25.1709986511936,1,0,2,106.7214236880567
Krishna,2023-10-26 02:00:00,temp,24.9,25.49570490992485,1,0,2,106.7214236880567
Krishna,2023-10-27 02:15:00,temp,24.9,25.366931167619427,1,0,2,106.7214236880567
Krishna,2023-10-28 02:00:00,temp,25.9,25.439154926270888,1,0,2,106.7214236880567
Krishna,2023-10-29 02:30:00,temp,25.6,25.838030807234926,1,0,2,106.7214236880567
Krishna,2023-10-30 01:45:00,temp,25.8,26.1303441057898,1,0,2,106.7214236880567
Krishnagiri,2023-10-15 02:30:00,temp,22.2,19.920883003221817,0,1,1,127.55226345746145
Krishnagiri,2023-10-16 02:30:00,temp,21.0,20.976666638122108,0,1,1,127.55226345746145
Krishnagiri,2023-10-17 02:30:00,temp,20.9,20.985860853460256,0,1,1,127.55226345746145
Krishnagiri,2023-10-18 02:30:00,temp,19.4,20.951482894090855,0,1,1,127.55226345746145
Krishnagiri,2023-10-19 02:30:00,temp,19.4,20.346782950483586,0,1,1,127.55226345746145
Krishnagiri,2023-10-20 02:30:00,temp,18.8,19.91089723879341,0,1,1,127.55226345746145
Krishnagiri,2023-10-21 02:15:00,temp,19.3,19.334674491007256,0,1,1,127.55226345746145
Krishnagiri,2023-10-22 02:30:00,temp,19.6,19.316784928301956,0,1,1,127.55226345746145
Krishnagiri,2023-10-23 02:15:00,temp,20.5,19.454691811511882,0,1,1,127.55226345746145
Krishnagiri,2023-10-24 02:15:00,temp,18.1,19.940841574233346,0,1,1,127.55226345746145
Krishnagiri,2023-10-25 02:30:00,temp,18.6,19.136116010925395,0,1,1,127.55226345746145
Krishnagiri,2023-10-26 02:00:00,temp,19.1,18.886586741103525,0,1,1,127.55226345746145
Krishnagiri,2023-10-27 02:30:00,temp,18.9,18.984292788088986,0,1,1,127.55226345746145
Krishnagiri,2023-10-28 02:00:00,temp,19.6,18.94717691753889,0,1,1,127.55226345746145
Krishnagiri,2023-10-29 02:45:00,temp,20.1,19.230939627657257,0,1,1,127.55226345746145
Krishnagiri,2023-10-30 02:00:00,temp,19.8,19.616094401174628,0,1,1,127.55226345746145
Kulgam,2023-10-15 02:30:00,temp,10.1,12.2,0,1,0,145.48677273721606
Kulgam,2023-10-16 02:30:00,temp,10.6,10.1,0,1,0,145.48677273721606
Kulgam,2023-10-17 02:15:00,temp,8.9,10.6,0,1,0,145.48677273721606
Kulgam,2023-10-18 02:15:00,temp,8.5,8.9,0,1,0,145.48677273721606
Kulgam,2023-10-19 02:15:00,temp,8.5,8.5,0,1,0,145.48677273721606
Kulgam,2023-10-20 02:15:00,temp,9.0,8.5,0,1,0,145.48677273721606
Kulgam,2023-10-21 02:15:00,temp,9.5,9.0,0,1,0,145.48677273721606
Kulgam,2023-10-22 02:15:00,temp,10.5,9.5,0,1,0,145.48677273721606
Kulgam,2023-10-23 02:00:00,temp,6.7,10.5,0,1,0,145.48677273721606
Kulgam,2023-10-24 02:15:00,temp,8.7,6.700000000000001,0,1,0,145.48677273721606
Kulgam,2023-10-25 02:15:00,temp,8.4,8.7,0,1,0,145.48677273721606
Kulgam,2023-10-26 02:00:00,temp,8.9,8.4,0,1,0,145.48677273721606
Kulgam,2023-10-27 02:15:00,temp,9.1,8.9,0,1,0,145.48677273721606
Kulgam,2023-10-28 02:00:00,temp,9.5,9.1,0,1,0,145.48677273721606
Kulgam,2023-10-29 02:30:00,temp,9.6,9.5,0,1,0,145.48677273721606
Kulgam,2023-10-30 01:45:00,temp,10.1,9.6,0,1,0,145.48677273721606
Kupwara,2023-10-15 02:00:00,temp,9.6,12.64374865397707,0,1,2,103.16372130443756
Kupwara,2023-10-16 02:00:00,temp,10.3,8.88190434177468,0,1,2,103.16372130443756
Kupwara,2023-10-17 01:45:00,temp,6.8,10.939806641325776,0,1,2,103.16372130443756
Kupwara,2023-10-18 01:45:00,temp,5.0,7.036091595275945,0,1,2,103.16372130443756
Kupwara,2023-10-19 01:45:00,temp,6.5,4.359569376696724,0,1,2,103.16372130443756
Kupwara,2023-10-20 01:45:00,temp,8.0,6.514806835313193,0,1,2,103.16372130443756
Kupwara,2023-10-21 01:45:00,temp,8.4,7.926954122478622,0,1,2,103.16372130443756
Kupwara,2023-10-22 01:45:00,temp,9.0,8.32554082538809,0,1,2,103.16372130443756
Kupwara,2023-10-23 01:30:00,temp,7.2,9.013530855492261,0,1,2,103.16372130443756
Kupwara,2023-10-24 01:45:00,temp,7.7,7.119679261734371,0,1,2,103.16372130443756
Kupwara,2023-10-25 01:45:00,temp,7.8,7.81924411881529,0,1,2,103.16372130443756
Kupwara,2023-10-26 01:30:00,temp,8.3,7.763623938268901,0,1,2,103.16372130443756
Kupwara,2023-10-27 01:45:00,temp,8.7,8.300560673011711,0,1,2,103.16372130443756
Kupwara,2023-10-28 01:30:00,temp,9.1,8.671725205473281,0,1,2,103.16372130443756
Kupwara,2023-10-29 02:00:00,temp,9.0,9.085234472237927,0,1,2,103.16372130443756
Kupwara,2023-10-30 01:15:00,temp,9.2,8.978484422667316,0,1,2,103.16372130443756
Kurnool,2023-10-15 02:30:00,temp,25.2,24.946302733302172,2,0,1,138.37286574279008
Kurnool,2023-10-16 02:30:00,temp,24.6,24.676249703596913,2,0,1,138.37286574279008
Kurnool,2023-10-17 02:15:00,temp,25.7,24.37986124069974,2,0,1,138.37286574279008
Kurnool,2023-10-18 02:15:00,temp,24.3,24.801548283679175,2,0,1,138.37286574279008
Kurnool,2023-10-19 02:15:00,temp,23.3,24.15726329046661,2,0,1,138.37286574279008
Kurnool,2023-10-20 02:30:00,temp,23.0,23.823122188550297,2,0,1,138.37286574279008
Kurnool,2023-10-21 02:15:00,temp,23.7,23.85303933113064,2,0,1,138.37286574279008
Kurnool,2023-10-22 02:15:00,temp,23.9,24.306132194762483,2,0,1,138.37286574279008
Kurnool,2023-10-23 02:00:00,temp,21.4,24.46933517914711,2,0,1,138.37286574279008
Kurnool,2023-10-24 02:15:00,temp,21.0,23.457043768792467,2,0,1,138.37286574279008
Kurnool,2023-10-25 02:15:00,temp,20.4,23.16125218746026,2,0,1,138.37286574279008
Kurnool,2023-10-26 02:00:00,temp,20.9,22.057652497668364,2,0,1,138.37286574279008
Kurnool,2023-10-27 02:15:00,temp,20.0,22.045896231177533,2,0,1,138.37286574279008
Kurnool,2023-10-28 02:00:00,temp,21.1,21.11923818340651,2,0,1,138.37286574279008
Kurnool,2023-10-29 02:30:00,temp,25.7,21.791169612946486,2,0,1,138.37286574279008
Kurnool,2023-10-30 01:45:00,temp,24.1,26.121052530512177,2,0,1,138.37286574279008
Lakhimpur,2023-10-15 02:30:00,temp,22.4,22.857505856212086,2,1,2,145.91898003077924
Lakhimpur,2023-10-16 02:30:00,temp,22.9,23.461611608336877,2,1,2,145.91898003077924
Lakhimpur,2023-10-17 02:15:00,temp,19.7,23.54312707625633,2,1,2,145.91898003077924
Lakhimpur,2023-10-18 02:30:00,temp,20.1,20.109701263638655,2,1,2,145.91898003077924
Lakhimpur,2023-10-19 02:15:00,temp,19.0,20.851604015887208,2,1,2,145.91898003077924
Lakhimpur,2023-10-20 02:30:00,temp,18.4,19.59328065033041,2,1,2,145.91898003077924
Lakhimpur,2023-10-21 02:15:00,temp,19.2,18.367970721525445,2,1,2,145.91898003077924
Lakhimpur,2023-10-22 02:15:00,temp,19.6,19.64138277703296,2,1,2,145.91898003077924
Lakhimpur,2023-10-23 02:15:00,temp,19.6,19.72449483571957,2,1,2,145.91898003077924
Lakhimpur,2023-10-24 02:15:00,temp,19.4,19.439646937176544,2,1,2,145.91898003077924
Lakhimpur,2023-10-25 02:15:00,temp,20.5,19.13855248076109,2,1,2,145.91898003077924
Lakhimpur,2023-10-26 02:00:00,temp,20.4,20.25086821777417,2,1,2,145.91898003077924
Lakhimpur,2023-10-27 02:15:00,temp,20.0,20.060755544746733,2,1,2,145.91898003077924
Lakhimpur,2023-10-28 02:00:00,temp,20.3,19.75064268770259,2,1,2,145.91898003077924
Lakhimpur,2023-10-29 02:30:00,temp,20.3,20.2248088925629,2,1,2,145.91898003077924
Lakhimpur,2023-10-30 01:45:00,temp,20.4,20.297298690056717,2,1,2,145.91898003077924
Lakhisarai,2023-10-15 02:30:00,temp,22.6,24.424786182775957,2,1,2,154.47553859248404
Lakhisarai,2023-10-16 02:30:00,temp,24.1,23.602969533033985,2,1,2,154.47553859248404
Lakhisarai,2023-10-17 02:15:00,temp,23.9,24.776049750562276,2,1,2,154.47553859248404
Lakhisarai,2023-10-18 02:30:00,temp,23.9,24.55584232820358,2,1,2,154.47553859248404
Lakhisarai,2023-10-19 02:15:00,temp,21.9,24.47878897005368,2,1,2,154.47553859248404
Lakhisarai,2023-10-20 02:30:00,temp,22.1,22.910120878834682,2,1,2,154.47553859248404
Lakhisarai,2023-10-21 02:15:00,temp,21.2,22.695527117948494,2,1,2,154.47553859248404
Lakhisarai,2023-10-22 02:15:00,temp,21.1,22.029307253981607,2,1,2,154.47553859248404
Lakhisarai,2023-10-23 02:15:00,temp,20.9,20.974584103764148,2,1,2,154.47553859248404
Lakhisarai,2023-10-24 02:15:00,temp,22.1,21.624708553702785,2,1,2,154.47553859248404
Lakhisarai,2023-10-25 02:15:00,temp,23.0,21.93187377139397,2,1,2,154.47553859248404
Lakhisarai,2023-10-26 02:00:00,temp,21.9,23.659065480847705,2,1,2,154.47553859248404
Lakhisarai,2023-10-27 02:15:00,temp,20.2,21.70024732854099,2,1,2,154.47553859248404
Lakhisarai,2023-10-28 02:00:00,temp,21.6,20.187020984441983,2,1,2,154.47553859248404
Lakhisarai,2023-10-29 02:30:00,temp,21.9,21.481602920909385,2,1,2,154.47553859248404
Lakhisarai,2023-10-30 01:45:00,temp,22.0,21.75813589772189,2,1,2,154.47553859248404
Lalitpur,2023-10-15 02:30:00,temp,26.7,24.848157208185523,1,1,1,134.07171224173354
Lalitpur,2023-10-16 02:30:00,temp,24.9,26.10803165099277,1,1,1,134.07171224173354
Lalitpur,2023-10-17 02:30:00,temp,19.9,24.858113038655848,1,1,1,134.07171224173354
Lalitpur,2023-10-18 02:30:00,temp,22.5,19.614663547822,1,1,1,134.07171224173354
Lalitpur,2023-10-19 02:30:00,temp,22.2,23.185525221052764,1,1,1,134.07171224173354
Lalitpur,2023-10-20 02:30:00,temp,21.5,22.89626165651127,1,1,1,134.07171224173354
Lalitpur,2023-10-21 02:15:00,temp,21.6,22.30475713563013,1,1,1,134.07171224173354
Lalitpur,2023-10-22 02:30:00,temp,21.6,22.257061181241063,1,1,1,134.07171224173354
Lalitpur,2023-10-23 02:15:00,temp,20.6,22.15883914464289,1,1,1,134.07171224173354
Lalitpur,2023-10-24 02:15:00,temp,20.5,21.31681618199647,1,1,1,134.07171224173354
Lalitpur,2023-10-25 02:30:00,temp,20.8,21.10528755340113,1,1,1,134.07171224173354
Lalitpur,2023-10-26 02:00:00,temp,20.8,21.22591264398605,1,1,1,134.07171224173354
Lalitpur,2023-10-27 02:30:00,temp,20.7,21.14727248887467,1,1,1,134.07171224173354
Lalitpur,2023-10-28 02:00:00,temp,20.3,21.005712692071388,1,1,1,134.07171224173354
Lalitpur,2023-10-29 02:45:00,temp,20.7,20.641415496207767,1,1,1,134.07171224173354
Lalitpur,2023-10-30 02:00:00,temp,20.8,20.882062407432617,1,1,1,134.07171224173354
Latehar,2023-10-15 02:30:00,temp,19.9,20.40896300065721,0,1,1,128.69712381722087
Latehar,2023-10-16 02:30:00,temp,20.5,20.071430317623562,0,1,1,128.69712381722087
Latehar,2023-10-17 02:15:00,temp,20.9,20.331932502450595,0,1,1,128.69712381722087
Latehar,2023-10-18 02:30:00,temp,20.1,20.66330947714674,0,1,1,128.69712381722087
Latehar,2023-10-19 02:15:00,temp,19.5,20.337462802215065,0,1,1,128.69712381722087
Latehar,2023-10-20 02:30:00,temp,19.4,19.847543628509293,0,1,1,128.69712381722087
Latehar,2023-10-21 02:15:00,temp,17.7,19.57750929410665,0,1,1,128.69712381722087
Latehar,2023-10-22 02:15:00,temp,17.4,18.384174757380798,0,1,1,128.69712381722087
Latehar,2023-10-23 02:00:00,temp,16.8,17.691285640121958,0,1,1,128.69712381722087
Latehar,2023-10-24 02:15:00,temp,17.9,17.055019879164348,0,1,1,128.69712381722087
Latehar,2023-10-25 02:15:00,temp,18.7,17.637817569869288,0,1,1,128.69712381722087
Latehar,2023-10-26 02:00:00,temp,17.1,18.369005108151956,0,1,1,128.69712381722087
Latehar,2023-10-27 02:15:00,temp,17.2,17.523155151402573,0,1,1,128.69712381722087
Latehar,2023-10-28 02:00:00,temp,16.9,17.30772759073681,0,1,1,128.69712381722087
Latehar,2023-10-29 02:30:00,temp,17.2,17.034895478246785,0,1,1,128.69712381722087
Latehar,2023-10-30 01:45:00,temp,17.7,17.14506857202917,0,1,1,128.69712381722087
Latur,2023-10-15 02:30:00,temp,22.7,22.042566777121426,0,0,2,109.17371094568331
Latur,2023-10-16 02:30:00,temp,22.6,22.52804120422718,0,0,2,109.17371094568331
Latur,2023-10-17 02:30:00,temp,22.7,22.723538702762504,0,0,2,109.17371094568331
Latur,2023-10-18 02:30:00,temp,22.2,22.422972619010388,0,0,2,109.17371094568331
Latur,2023-10-19 02:30:00,temp,22.4,22.277032420062337,0,0,2,109.17371094568331
Latur,2023-10-20 02:30:00,temp,22.0,22.36143089282917,0,0,2,109.17371094568331
Latur,2023-10-21 02:15:00,temp,21.3,22.266616225810417,0,0,2,109.17371094568331
Latur,2023-10-22 02:15:00,temp,20.5,21.719798315270655,0,0,2,109.17371094568331
Latur,2023-10-23 02:15:00,temp,20.5,21.248002454884265,0,0,2,109.17371094568331
Latur,2023-10-24 02:15:00,temp,20.0,21.328568483289114,0,0,2,109.17371094568331
Latur,2023-10-25 02:15:00,temp,20.0,21.160419509076874,0,0,2,109.17371094568331
Latur,2023-10-26 02:00:00,temp,18.9,20.880251792574,0,0,2,109.17371094568331
Latur,2023-10-27 02:15:00,temp,18.3,20.3735130934993,0,0,2,109.17371094568331
Latur,2023-10-28 02:00:00,temp,18.8,19.69543967182437,0,0,2,109.17371094568331
Latur,2023-10-29 02:45:00,temp,19.2,20.297337684432616,0,0,2,109.17371094568331
Latur,2023-10-30 02:00:00,temp,19.4,20.776051396104755,0,0,2,109.17371094568331
Lawngtlai,2023-10-15 02:30:00,temp,16.5,18.645164860391407,0,0,2,90.11527025823652
Lawngtlai,2023-10-16 02:30:00,temp,17.0,17.72352777537553,0,0,2,90.11527025823652
Lawngtlai,2023-10-17 02:15:00,temp,17.1,18.196385517736303,0,0,2,90.11527025823652
Lawngtlai,2023-10-18 02:30:00,temp,16.6,18.955002826170592,0,0,2,90.11527025823652
Lawngtlai,2023-10-19 02:15:00,temp,16.7,17.62946385796256,0,0,2,90.11527025823652
Lawngtlai,2023-10-20 02:30:00,temp,16.5,17.307284718678783,0,0,2,90.11527025823652
Lawngtlai,2023-10-21 02:15:00,temp,17.2,18.641047673434727,0,0,2,90.11527025823652
Lawngtlai,2023-10-22 02:15:00,temp,17.8,18.245915982639534,0,0,2,90.11527025823652
Lawngtlai,2023-10-23 02:15:00,temp,18.9,18.303748910181287,0,0,2,90.11527025823652
Lawngtlai,2023-10-24 02:15:00,temp,18.4,19.98626471007707,0,0,2,90.11527025823652
Lawngtlai,2023-10-25 02:15:00,temp,18.1,19.39418692446404,0,0,2,90.11527025823652
Lawngtlai,2023-10-26 02:00:00,temp,18.4,17.46594932536752,0,0,2,90.11527025823652
Lawngtlai,2023-10-27 02:15:00,temp,17.2,19.322199999683647,0,0,2,90.11527025823652
Lawngtlai,2023-10-28 02:00:00,temp,16.7,19.115679154121036,0,0,2,90.11527025823652
Lawngtlai,2023-10-29 02:30:00,temp,15.9,16.893383545967453,0,0,2,90.11527025823652
Lawngtlai,2023-10-30 01:45:00,temp,16.7,17.70473705459407,0,0,2,90.11527025823652
Leh,2023-10-15 02:30:00,temp,-4.7,-3.2173133795749855,1,1,0,166.93494411528877
Leh,2023-10-16 02:30:00,temp,-5.9,-4.2223536938637,1,1,0,166.93494411528877
Leh,2023-10-17 02:15:00,temp,-3.8,-5.569604093600169,1,1,0,166.93494411528877
Leh,2023-10-18 02:15:00,temp,-9.0,-4.4161382122977475,1,1,0,166.93494411528877
Leh,2023-10-19 02:15:00,temp,-8.0,-7.070806195787892,1,1,0,166.93494411528877
Leh,2023-10-20 02:15:00,temp,-8.0,-8.338837725508395,1,1,0,166.93494411528877
Leh,2023-10-21 02:00:00,temp,-8.0,-8.0,1,1,0,166.93494411528877
Leh,2023-10-22 02:15:00,temp,-8.4,-8.0,1,1,0,166.93494411528877
Leh,2023-10-23 02:00:00,temp,-8.2,-8.265212243845623,1,1,0,166.93494411528877
Leh,2023-10-24 02:15:00,temp,-8.7,-8.267453018743202,1,1,0,166.93494411528877
Leh,2023-10-25 02:15:00,temp,-9.6,-8.531025155547018,1,1,0,166.93494411528877
Leh,2023-10-26 02:00:00,temp,-9.4,-9.29898461124299,1,1,0,166.93494411528877
Leh,2023-10-27 02:15:00,temp,-8.8,-9.466793819226371,1,1,0,166.93494411528877
Leh,2023-10-28 02:00:00,temp,-9.0,-8.999903837624485,1,1,0,166.93494411528877
Leh,2023-10-29 02:30:00,temp,-9.2,-8.933345141536616,1,1,0,166.93494411528877
Leh,2023-10-30 01:45:00,temp,-7.6,-9.133396644285135,1,1,0,166.93494411528877
Lohardaga,2023-10-15 02:30:00,temp,18.9,20.330225394207336,0,1,1,103.20314191977724
Lohardaga,2023-10-16 02:30:00,temp,19.6,19.45676417551361,0,1,1,103.20314191977724
Lohardaga,2023-10-17 02:15:00,temp,19.9,19.548164473175582,0,1,1,103.20314191977724
Lohardaga,2023-10-18 02:30:00,temp,19.4,19.74995408260696,0,1,1,103.20314191977724
Lohardaga,2023-10-19 02:15:00,temp,18.8,19.552565018044337,0,1,1,103.20314191977724
Lohardaga,2023-10-20 02:30:00,temp,18.8,19.119383379653318,0,1,1,103.20314191977724
Lohardaga,2023-10-21 02:15:00,temp,17.0,18.92883682136165,0,1,1,103.20314191977724
Lohardaga,2023-10-22 02:15:00,temp,16.4,17.69929592906591,0,1,1,103.20314191977724
Lohardaga,2023-10-23 02:00:00,temp,16.6,16.70226650328223,0,1,1,103.20314191977724
Lohardaga,2023-10-24 02:15:00,temp,18.1,16.62486864435056,0,1,1,103.20314191977724
Lohardaga,2023-10-25 02:15:00,temp,18.2,17.6630158266611,0,1,1,103.20314191977724
Lohardaga,2023-10-26 02:00:00,temp,17.8,18.06362952742091,0,1,1,103.20314191977724
Lohardaga,2023-10-27 02:15:00,temp,16.7,17.871947143369496,0,1,1,103.20314191977724
Lohardaga,2023-10-28 02:00:00,temp,16.7,17.029727909083746,0,1,1,103.20314191977724
Lohardaga,2023-10-29 02:30:00,temp,17.1,16.781623347402792,0,1,1,103.20314191977724
Lohardaga,2023-10-30 01:45:00,temp,17.2,17.014609576959927,0,1,1,103.20314191977724
Lucknow,2023-10-15 02:30:00,temp,23.0,23.48194884926559,1,1,1,140.18352655400156
Lucknow,2023-10-16 02:30:00,temp,23.0,23.375408697356143,1,1,1,140.18352655400156
Lucknow,2023-10-17 02:30:00,temp,20.0,23.292724782671538,1,1,1,140.18352655400156
Lucknow,2023-10-18 02:30:00,temp,20.0,20.847893920847337,1,1,1,140.18352655400156
Lucknow,2023-10-19 02:30:00,temp,21.0,20.53278077288268,1,1,1,140.18352655400156
Lucknow,2023-10-20 02:30:00,temp,19.0,21.20688680100807,1,1,1,140.18352655400156
Lucknow,2023-10-21 02:15:00,temp,18.0,19.495864396203093,1,1,1,140.18352655400156
Lucknow,2023-10-22 02:30:00,temp,18.0,18.434320655501676,1,1,1,140.18352655400156
Lucknow,2023-10-23 02:15:00,temp,20.0,18.24243232950337,1,1,1,140.18352655400156
Lucknow,2023-10-24 02:15:00,temp,19.0,19.829485004274368,1,1,1,140.18352655400156
Lucknow,2023-10-25 02:15:00,temp,19.0,19.07094757263226,1,1,1,140.18352655400156
Lucknow,2023-10-26 02:00:00,temp,22.0,19.0445502881366,1,1,1,140.18352655400156
Lucknow,2023-10-27 02:30:00,temp,19.0,21.405900878167703,1,1,1,140.18352655400156
Lucknow,2023-10-28 02:00:00,temp,19.0,19.35513297137019,1,1,1,140.18352655400156
Lucknow,2023-10-29 02:45:00,temp,22.7,19.213375203224164,1,1,1,140.18352655400156
Lucknow,2023-10-30 02:00:00,temp,19.0,21.692776062853746,1,1,1,140.18352655400156
Ludhiana,2023-10-15 02:30:00,temp,23.9,22.934658323388906,0,1,2,162.6196807014856
Ludhiana,2023-10-16 02:30:00,temp,21.8,23.81923644707509,0,1,2,162.6196807014856
Ludhiana,2023-10-17 02:30:00,temp,18.4,21.794708795673294,0,1,2,162.6196807014856
Ludhiana,2023-10-18 02:30:00,temp,18.8,20.00910687653322,0,1,2,162.6196807014856
Ludhiana,2023-10-19 02:15:00,temp,18.7,20.5100142035388,0,1,2,162.6196807014856
Ludhiana,2023-10-20 02:30:00,temp,19.5,19.16777826519836,0,1,2,162.6196807014856
Ludhiana,2023-10-21 02:15:00,temp,19.4,20.155374712501875,0,1,2,162.6196807014856
Ludhiana,2023-10-22 02:15:00,temp,20.0,19.31929627022182,0,1,2,162.6196807014856
Ludhiana,2023-10-23 02:15:00,temp,21.0,20.230175252439466,0,1,2,162.6196807014856
Ludhiana,2023-10-24 02:15:00,temp,20.4,20.64386186432567,0,1,2,162.6196807014856
Ludhiana,2023-10-25 02:15:00,temp,20.3,20.10419794354494,0,1,2,162.6196807014856
Ludhiana,2023-10-26 02:00:00,temp,20.2,20.386802673521196,0,1,2,162.6196807014856
Ludhiana,2023-10-27 02:15:00,temp,20.1,20.133694407049408,0,1,2,162.6196807014856
Ludhiana,2023-10-28 02:00:00,temp,20.9,20.18571094695597,0,1,2,162.6196807014856
Ludhiana,2023-10-29 02:45:00,temp,21.2,20.839999196337985,0,1,2,162.6196807014856
Ludhiana,2023-10-30 01:45:00,temp,21.3,20.84696231615115,0,1,2,162.6196807014856
Lunglei,2023-10-15 02:30:00,temp,16.5,19.136771579839277,0,1,1,110.93151876874185
Lunglei,2023-10-16 02:30:00,temp,17.2,17.579804061816272,0,1,1,110.93151876874185
Lunglei,2023-10-17 02:15:00,temp,17.4,17.3218021760233,0,1,1,110.93151876874185
Lunglei,2023-10-18 02:30:00,temp,16.6,17.367345555922718,0,1,1,110.93151876874185
Lunglei,2023-10-19 02:15:00,temp,16.5,16.935854072295776,0,1,1,110.93151876874185
Lunglei,2023-10-20 02:30:00,temp,17.7,16.683726623994776,0,1,1,110.93151876874185
Lunglei,2023-10-21 02:15:00,temp,16.8,17.24764866047033,0,1,1,110.93151876874185
Lunglei,2023-10-22 02:15:00,temp,17.5,17.004242476668356,0,1,1,110.93151876874185
Lunglei,2023-10-23 02:15:00,temp,18.9,17.271210440595233,0,1,1,110.93151876874185
Lunglei,2023-10-24 02:15:00,temp,18.3,18.17660267703308,0,1,1,110.93151876874185
Lunglei,2023-10-25 02:15:00,temp,17.7,18.249440204694857,0,1,1,110.93151876874185
Lunglei,2023-10-26 02:00:00,temp,17.2,17.943814156143333,0,1,1,110.93151876874185
Lunglei,2023-10-27 02:15:00,temp,17.2,17.53521766143641,0,1,1,110.93151876874185
Lunglei,2023-10-28 02:00:00,temp,16.4,17.34676322031766,0,1,1,110.93151876874185
Lunglei,2023-10-29 02:30:00,temp,15.8,16.801226336962443,0,1,1,110.93151876874185
Lunglei,2023-10-30 01:45:00,temp,16.3,16.18574525979518,0,1,1,110.93151876874185
Madhubani,2023-10-15 02:30:00,temp,21.9,22.0,0,1,0,150.2436359106833
Madhubani,2023-10-16 02:30:00,temp,22.9,21.9,0,1,0,150.2436359106833
Madhubani,2023-10-17 02:15:00,temp,22.4,22.9,0,1,0,150.2436359106833
Madhubani,2023-10-18 02:30:00,temp,22.2,22.4,0,1,0,150.2436359106833
Madhubani,2023-10-19 02:15:00,temp,21.0,22.2,0,1,0,150.2436359106833
Madhubani,2023-10-20 02:30:00,temp,20.6,21.0,0,1,0,150.2436359106833
Madhubani,2023-10-21 02:15:00,temp,20.3,20.6,0,1,0,150.2436359106833
Madhubani,2023-10-22 02:15:00,temp,20.1,20.3,0,1,0,150.2436359106833
Madhubani,2023-10-23 02:15:00,temp,20.9,20.1,0,1,0,150.2436359106833
Madhubani,2023-10-24 02:15:00,temp,20.9,20.9,0,1,0,150.2436359106833
Madhubani,2023-10-25 02:15:00,temp,21.5,20.9,0,1,0,150.2436359106833
Madhubani,2023-10-26 02:00:00,temp,21.5,21.5,0,1,0,150.2436359106833
Madhubani,2023-10-27 02:15:00,temp,21.1,21.5,0,1,0,150.2436359106833
Madhubani,2023-10-28 02:00:00,temp,21.1,21.1,0,1,0,150.2436359106833
Madhubani,2023-10-29 02:30:00,temp,21.0,21.1,0,1,0,150.2436359106833
Madhubani,2023-10-30 01:45:00,temp,20.6,21.0,0,1,0,150.2436359106833
Madurai,2023-10-15 02:30:00,temp,25.7,25.957772839605553,0,0,0,124.34377100594976
Madurai,2023-10-16 02:30:00,temp,25.9,25.95216903023007,0,0,0,124.34377100594976
Madurai,2023-10-17 02:30:00,temp,24.0,25.951058940730423,0,0,0,124.34377100594976
Madurai,2023-10-18 02:30:00,temp,25.0,25.9104117766651,0,0,0,124.34377100594976
Madurai,2023-10-19 02:30:00,temp,24.4,25.89183179375694,0,0,0,124.34377100594976
Madurai,2023-10-20 02:30:00,temp,24.6,25.861995029498754,0,0,0,124.34377100594976
Madurai,2023-10-21 02:15:00,temp,25.0,25.837249854015315,0,0,0,124.34377100594976
Madurai,2023-10-22 02:30:00,temp,24.0,25.82114882391523,0,0,0,124.34377100594976
Madurai,2023-10-23 02:15:00,temp,26.0,25.7867874332614,0,0,0,124.34377100594976
Madurai,2023-10-24 02:15:00,temp,24.9,25.790735732019385,0,0,0,124.34377100594976
Madurai,2023-10-25 02:30:00,temp,24.9,25.774540433460402,0,0,0,124.34377100594976
Madurai,2023-10-26 02:00:00,temp,24.9,25.7589235273947,0,0,0,124.34377100594976
Madurai,2023-10-27 02:30:00,temp,24.5,25.74385455969747,0,0,0,124.34377100594976
Madurai,2023-10-28 02:00:00,temp,27.0,25.722408998106182,0,0,0,124.34377100594976
Madurai,2023-10-29 02:45:00,temp,26.0,25.744062716638656,0,0,0,124.34377100594976
Madurai,2023-10-30 02:00:00,temp,25.0,25.748328043224188,0,0,0,124.34377100594976
Mahamaya,2023-10-15 02:30:00,temp,27.0,24.84511642132355,0,1,1,98.64173652990696
Mahamaya,2023-10-16 02:30:00,temp,23.6,25.94894369033538,0,1,1,98.64173652990696
Mahamaya,2023-10-17 02:30:00,temp,23.7,25.023906482603653,0,1,1,98.64173652990696
Mahamaya,2023-10-18 02:30:00,temp,24.4,24.36096218469025,0,1,1,98.64173652990696
Mahamaya,2023-10-19 02:30:00,temp,26.0,24.381288569528966,0,1,1,98.64173652990696
Mahamaya,2023-10-20 02:30:00,temp,23.3,25.061400706890023,0,1,1,98.64173652990696
Mahamaya,2023-10-21 02:15:00,temp,22.1,24.397845726411532,0,1,1,98.64173652990696
Mahamaya,2023-10-22 02:30:00,temp,22.4,23.359087242825808,0,1,1,98.64173652990696
Mahamaya,2023-10-23 02:15:00,temp,24.0,22.826495484566205,0,1,1,98.64173652990696
Mahamaya,2023-10-24 02:15:00,temp,22.4,23.400274836469347,0,1,1,98.64173652990696
Mahamaya,2023-10-25 02:30:00,temp,24.0,22.959757690313655,0,1,1,98.64173652990696
Mahamaya,2023-10-26 02:00:00,temp,24.0,23.410881978729513,0,1,1,98.64173652990696
Mahamaya,2023-10-27 02:30:00,temp,23.6,23.660327917100613,0,1,1,98.64173652990696
Mahamaya,2023-10-28 02:00:00,temp,23.2,23.634506696235153,0,1,1,98.64173652990696
Mahamaya,2023-10-29 02:45:00,temp,22.2,23.45165619817249,0,1,1,98.64173652990696
Mahamaya,2023-10-30 02:00:00,temp,21.9,22.920618486187074,0,1,1,98.64173652990696
Mahasamund,2023-10-15 02:30:00,temp,22.8,24.300368787535728,0,1,1,104.6073002070832
Mahasamund,2023-10-16 02:30:00,temp,23.6,22.5166303013413,0,1,1,104.6073002070832
Mahasamund,2023-10-17 02:15:00,temp,22.4,23.73285353763849,0,1,1,104.6073002070832
Mahasamund,2023-10-18 02:30:00,temp,22.5,22.288666350498165,0,1,1,104.6073002070832
Mahasamund,2023-10-19 02:15:00,temp,22.1,22.51581370595962,0,1,1,104.6073002070832
Mahasamund,2023-10-20 02:30:00,temp,22.2,22.068690074230005,0,1,1,104.6073002070832
Mahasamund,2023-10-21 02:15:00,temp,20.3,22.209663658288253,0,1,1,104.6073002070832
Mahasamund,2023-10-22 02:15:00,temp,19.4,20.174347317023926,0,1,1,104.6073002070832
Mahasamund,2023-10-23 02:15:00,temp,18.7,19.328906752909017,0,1,1,104.6073002070832
Mahasamund,2023-10-24 02:15:00,temp,18.3,18.632846672449507,0,1,1,104.6073002070832
Mahasamund,2023-10-25 02:15:00,temp,19.1,18.263178526487067,0,1,1,104.6073002070832
Mahasamund,2023-10-26 02:00:00,temp,18.9,19.18908433150822,0,1,1,104.6073002070832
Mahasamund,2023-10-27 02:15:00,temp,18.8,18.87115663896741,0,1,1,104.6073002070832
Mahasamund,2023-10-28 02:00:00,temp,18.8,18.792767762169955,0,1,1,104.6073002070832
Mahasamund,2023-10-29 02:30:00,temp,18.7,18.80073752817214,0,1,1,104.6073002070832
Mahasamund,2023-10-30 01:45:00,temp,19.3,18.689727856428473,0,1,1,104.6073002070832
Mahe,2023-10-15 02:30:00,temp,25.1,24.59878491834209,1,0,0,72.95168465321305
Mahe,2023-10-16 02:30:00,temp,24.8,24.75540231355745,1,0,0,72.95168465321305
Mahe,2023-10-17 02:15:00,temp,25.4,24.648019656276336,1,0,0,72.95168465321305
Mahe,2023-10-18 02:30:00,temp,24.7,24.892696305322968,1,0,0,72.95168465321305
Mahe,2023-10-19 02:15:00,temp,25.6,24.623497571064952,1,0,0,72.95168465321305
Mahe,2023-10-20 02:30:00,temp,25.6,24.980315646724094,1,0,0,72.95168465321305
Mahe,2023-10-21 02:15:00,temp,24.7,25.031032503671668,1,0,0,72.95168465321305
Mahe,2023-10-22 02:15:00,temp,24.4,24.65150409110167,1,0,0,72.95168465321305
Mahe,2023-10-23 02:15:00,temp,24.6,24.52891705652462,1,0,0,72.95168465321305
Mahe,2023-10-24 02:15:00,temp,25.1,24.608794000081023,1,0,0,72.95168465321305
Mahe,2023-10-25 02:15:00,temp,24.3,24.813365295515794,1,0,0,72.95168465321305
Mahe,2023-10-26 02:00:00,temp,24.4,24.4956609667549,1,0,0,72.95168465321305
Mahe,2023-10-27 02:15:00,temp,24.5,24.53135508699941,1,0,0,72.95168465321305
Mahe,2023-10-28 02:00:00,temp,24.9,24.568695096113814,1,0,0,72.95168465321305
Mahe,2023-10-29 02:30:00,temp,24.5,24.72553478614507,1,0,0,72.95168465321305
Mahe,2023-10-30 01:45:00,temp,24.5,24.57116635441982,1,0,0,72.95168465321305
Mahendragarh,2023-10-15 02:30:00,temp,26.7,27.531719376616113,2,0,2,153.7181941626274
Mahendragarh,2023-10-16 02:30:00,temp,27.1,27.39613325911218,2,0,2,153.7181941626274
Mahendragarh,2023-10-17 02:15:00,temp,20.4,26.46180589331383,2,0,2,153.7181941626274
Mahendragarh,2023-10-18 02:30:00,temp,23.2,23.02113217943874,2,0,2,153.7181941626274
Mahendragarh,2023-10-19 02:15:00,temp,22.2,21.99319680406722,2,0,2,153.7181941626274
Mahendragarh,2023-10-20 02:30:00,temp,22.8,25.75534098798394,2,0,2,153.7181941626274
Mahendragarh,2023-10-21 02:15:00,temp,23.6,27.137002870761528,2,0,2,153.7181941626274
Mahendragarh,2023-10-22 02:15:00,temp,23.3,24.791421277974383,2,0,2,153.7181941626274
Mahendragarh,2023-10-23 02:15:00,temp,23.7,23.786070364136197,2,0,2,153.7181941626274
Mahendragarh,2023-10-24 02:15:00,temp,22.0,24.903380734898768,2,0,2,153.7181941626274
Mahendragarh,2023-10-25 02:15:00,temp,23.0,24.543008604122736,2,0,2,153.7181941626274
Mahendragarh,2023-10-26 02:00:00,temp,22.9,23.751893143413735,2,0,2,153.7181941626274
Mahendragarh,2023-10-27 02:15:00,temp,22.3,24.08646162055439,2,0,2,153.7181941626274
Mahendragarh,2023-10-28 02:00:00,temp,22.9,24.036300940485127,2,0,2,153.7181941626274
Mahendragarh,2023-10-29 02:30:00,temp,24.0,23.829442124533163,2,0,2,153.7181941626274
Mahendragarh,2023-10-30 01:45:00,temp,24.5,24.68976770731347,2,0,2,153.7181941626274
Mahesana,2023-10-15 02:30:00,temp,26.4,26.499241644394427,1,0,0,121.2127935132962
Mahesana,2023-10-16 02:30:00,temp,25.5,26.25279346555856,1,0,0,121.2127935132962
Mahesana,2023-10-17 02:15:00,temp,25.0,25.692232482903837,1,0,0,121.2127935132962
Mahesana,2023-10-18 02:15:00,temp,24.7,25.370285214976615,1,0,0,121.2127935132962
Mahesana,2023-10-19 02:15:00,temp,25.2,25.15961756036071,1,0,0,121.2127935132962
Mahesana,2023-10-20 02:30:00,temp,25.7,25.47173516102653,1,0,0,121.2127935132962
Mahesana,2023-10-21 02:15:00,temp,25.8,25.787193300975698,1,0,0,121.2127935132962
Mahesana,2023-10-22 02:15:00,temp,26.3,25.849252939620676,1,0,0,121.2127935132962
Mahesana,2023-10-23 02:00:00,temp,25.9,26.166321825437855,1,0,0,121.2127935132962
Mahesana,2023-10-24 02:15:00,temp,25.5,25.914600129908433,1,0,0,121.2127935132962
Mahesana,2023-10-25 02:15:00,temp,25.4,25.660668211497313,1,0,0,121.2127935132962
Mahesana,2023-10-26 02:00:00,temp,24.7,25.593462867892,1,0,0,121.2127935132962
Mahesana,2023-10-27 02:15:00,temp,24.4,25.135922229468058,1,0,0,121.2127935132962
Mahesana,2023-10-28 02:00:00,temp,24.8,24.91467432753368,1,0,0,121.2127935132962
Mahesana,2023-10-29 02:30:00,temp,24.6,25.16618034990718,1,0,0,121.2127935132962
Mahesana,2023-10-30 01:45:00,temp,25.2,25.017060291967162,1,0,0,121.2127935132962
Mahoba,2023-10-15 02:30:00,temp,26.2,25.79375653714768,1,1,1,151.79363375637155
Mahoba,2023-10-16 02:30:00,temp,26.0,26.31070026277564,1,1,1,151.79363375637155
Mahoba,2023-10-17 02:30:00,temp,21.3,26.17839485463352,1,1,1,151.79363375637155
Mahoba,2023-10-18 02:30:00,temp,23.6,22.83999938698261,1,1,1,151.79363375637155
Mahoba,2023-10-19 02:30:00,temp,23.8,24.369373752434438,1,1,1,151.79363375637155
Mahoba,2023-10-20 02:30:00,temp,22.9,24.403970062827717,1,1,1,151.79363375637155
Mahoba,2023-10-21 02:15:00,temp,22.5,23.648099965617906,1,1,1,151.79363375637155
Mahoba,2023-10-22 02:30:00,temp,22.0,23.21274243121876,1,1,1,151.79363375637155
Mahoba,2023-10-23 02:15:00,temp,21.3,22.688990340391445,1,1,1,151.79363375637155
Mahoba,2023-10-24 02:15:00,temp,21.7,21.991215749093367,1,1,1,151.79363375637155
Mahoba,2023-10-25 02:30:00,temp,21.7,22.150457656345797,1,1,1,151.79363375637155
Mahoba,2023-10-26 02:00:00,temp,21.9,22.048469950955123,1,1,1,151.79363375637155
Mahoba,2023-10-27 02:30:00,temp,21.7,22.126237645822044,1,1,1,151.79363375637155
Mahoba,2023-10-28 02:00:00,temp,21.7,21.922646375726742,1,1,1,151.79363375637155
Mahoba,2023-10-29 02:45:00,temp,22.1,21.874452286512607,1,1,1,151.79363375637155
Mahoba,2023-10-30 02:00:00,temp,22.1,22.139251523556297,1,1,1,151.79363375637155
Mainpuri,2023-10-15 02:30:00,temp,26.9,26.29927277064388,2,1,1,148.34198080571034
Mainpuri,2023-10-16 02:30:00,temp,26.6,27.10616695264899,2,1,1,148.34198080571034
Mainpuri,2023-10-17 02:30:00,temp,21.0,26.41298968132012,2,1,1,148.34198080571034
Mainpuri,2023-10-18 02:30:00,temp,22.9,21.388679749287533,2,1,1,148.34198080571034
Mainpuri,2023-10-19 02:30:00,temp,23.1,25.13922534978648,2,1,1,148.34198080571034
Mainpuri,2023-10-20 02:30:00,temp,22.1,24.200588672091378,2,1,1,148.34198080571034
Mainpuri,2023-10-21 02:15:00,temp,22.0,23.005312428463654,2,1,1,148.34198080571034
Mainpuri,2023-10-22 02:30:00,temp,22.3,22.90508990995625,2,1,1,148.34198080571034
Mainpuri,2023-10-23 02:15:00,temp,22.6,22.971638690242237,2,1,1,148.34198080571034
Mainpuri,2023-10-24 02:15:00,temp,22.2,23.007241086356476,2,1,1,148.34198080571034
Mainpuri,2023-10-25 02:30:00,temp,22.0,22.440447665338603,2,1,1,148.34198080571034
Mainpuri,2023-10-26 02:00:00,temp,22.4,22.274429254285778,2,1,1,148.34198080571034
Mainpuri,2023-10-27 02:30:00,temp,22.5,22.61322561917297,2,1,1,148.34198080571034
Mainpuri,2023-10-28 02:00:00,temp,21.4,22.556693795319767,2,1,1,148.34198080571034
Mainpuri,2023-10-29 02:45:00,temp,23.1,21.529017099414403,2,1,1,148.34198080571034
Mainpuri,2023-10-30 02:00:00,temp,22.9,23.24320812399909,2,1,1,148.34198080571034
Majuli,2023-10-15 02:30:00,temp,20.9,21.63879680692735,0,1,1,147.48488442567012
Majuli,2023-10-16 02:30:00,temp,21.0,21.275830156981943,0,1,1,147.48488442567012
Majuli,2023-10-17 02:30:00,temp,20.7,21.139332483100617,0,1,1,147.48488442567012
Majuli,2023-10-18 02:30:00,temp,21.1,20.92267859061047,0,1,1,147.48488442567012
Majuli,2023-10-19 02:30:00,temp,20.3,21.009766468609797,0,1,1,147.48488442567012
Majuli,2023-10-20 02:30:00,temp,20.4,20.66343583793721,0,1,1,147.48488442567012
Majuli,2023-10-21 02:30:00,temp,20.1,20.533351172933312,0,1,1,147.48488442567012
Majuli,2023-10-22 02:30:00,temp,19.6,20.318546715986354,0,1,1,147.48488442567012
Majuli,2023-10-23 02:15:00,temp,19.3,19.957511393629996,0,1,1,147.48488442567012
Majuli,2023-10-24 02:15:00,temp,21.1,19.620032597836794,0,1,1,147.48488442567012
Majuli,2023-10-25 02:30:00,temp,20.0,20.35356260209977,0,1,1,147.48488442567012
Majuli,2023-10-26 02:00:00,temp,20.3,20.181018301881004,0,1,1,147.48488442567012
Majuli,2023-10-27 02:30:00,temp,19.9,20.238618337542118,0,1,1,147.48488442567012
Majuli,2023-10-28 02:00:00,temp,19.8,20.074861733700015,0,1,1,147.48488442567012
Majuli,2023-10-29 02:45:00,temp,19.4,19.941734454727957,0,1,1,147.48488442567012
Majuli,2023-10-30 02:00:00,temp,20.2,19.677840714988076,0,1,1,147.48488442567012
Malappuram,2023-10-15 02:30:00,temp,22.0,23.64443946487265,0,0,0,122.05022630741297
Malappuram,2023-10-16 02:30:00,temp,25.0,23.60869087409193,0,0,0,122.05022630741297
Malappuram,2023-10-17 02:30:00,temp,23.0,23.638292805874066,0,0,0,122.05022630741297
Malappuram,2023-10-18 02:30:00,temp,24.0,23.62499521959579,0,0,0,122.05022630741297
Malappuram,2023-10-19 02:15:00,temp,25.0,23.632648167677093,0,0,0,122.05022630741297
Malappuram,2023-10-20 02:30:00,temp,26.0,23.659995060023228,0,0,0,122.05022630741297
Malappuram,2023-10-21 02:15:00,temp,23.0,23.705876979582364,0,0,0,122.05022630741297
Malappuram,2023-10-22 02:15:00,temp,25.0,23.692302615890693,0,0,0,122.05022630741297
Malappuram,2023-10-23 02:15:00,temp,24.0,23.716976111170737,0,0,0,122.05022630741297
Malappuram,2023-10-24 02:15:00,temp,23.0,23.72221720207763,0,0,0,122.05022630741297
Malappuram,2023-10-25 02:15:00,temp,25.0,23.70908588840394,0,0,0,122.05022630741297
Malappuram,2023-10-26 02:00:00,temp,25.0,23.732137765308476,0,0,0,122.05022630741297
Malappuram,2023-10-27 02:15:00,temp,26.0,23.754380971981707,0,0,0,122.05022630741297
Malappuram,2023-10-28 02:00:00,temp,23.0,23.793098317401547,0,0,0,122.05022630741297
Malappuram,2023-10-29 02:45:00,temp,24.0,23.779655938137257,0,0,0,122.05022630741297
Malappuram,2023-10-30 02:00:00,temp,24.0,23.783328263848006,0,0,0,122.05022630741297
Maldah,2023-10-15 02:30:00,temp,23.2,23.10046472501678,1,1,2,144.66361117149933
Maldah,2023-10-16 02:30:00,temp,23.9,23.386083202120574,1,1,2,144.66361117149933
Maldah,2023-10-17 02:30:00,temp,23.1,23.966251625144764,1,1,2,144.66361117149933
Maldah,2023-10-18 02:30:00,temp,23.7,22.973618344840308,1,1,2,144.66361117149933
Maldah,2023-10-19 02:15:00,temp,22.8,23.641820325316257,1,1,2,144.66361117149933
Maldah,2023-10-20 02:30:00,temp,22.2,22.924940424818235,1,1,2,144.66361117149933
Maldah,2023-10-21 02:15:00,temp,21.7,21.43977579353804,1,1,2,144.66361117149933
Maldah,2023-10-22 02:15:00,temp,21.8,22.15396061599518,1,1,2,144.66361117149933
Maldah,2023-10-23 02:15:00,temp,22.6,21.381095621841787,1,1,2,144.66361117149933
Maldah,2023-10-24 02:15:00,temp,21.8,23.20556294691428,1,1,2,144.66361117149933
Maldah,2023-10-25 02:15:00,temp,22.5,21.400177618166943,1,1,2,144.66361117149933
Maldah,2023-10-26 02:00:00,temp,23.1,22.572855689523443,1,1,2,144.66361117149933
Maldah,2023-10-27 02:15:00,temp,22.1,23.53979633052469,1,1,2,144.66361117149933
Maldah,2023-10-28 02:00:00,temp,22.6,22.13396521955756,1,1,2,144.66361117149933
Maldah,2023-10-29 02:45:00,temp,21.4,22.67078277729772,1,1,2,144.66361117149933
Maldah,2023-10-30 01:45:00,temp,22.0,21.559554715694514,1,1,2,144.66361117149933
Malkangiri,2023-10-15 02:30:00,temp,22.1,21.909954225386873,2,1,0,109.63101786415159
Malkangiri,2023-10-16 02:30:00,temp,21.7,21.98968480127538,2,1,0,109.63101786415159
Malkangiri,2023-10-17 02:30:00,temp,22.0,21.733762217448195,2,1,0,109.63101786415159
Malkangiri,2023-10-18 02:30:00,temp,20.9,22.01215625561604,2,1,0,109.63101786415159
Malkangiri,2023-10-19 02:30:00,temp,21.3,21.317273152398027,2,1,0,109.63101786415159
Malkangiri,2023-10-20 02:30:00,temp,20.5,21.52252079649725,2,1,0,109.63101786415159
Malkangiri,2023-10-21 02:15:00,temp,20.5,20.746872287289033,2,1,0,109.63101786415159
Malkangiri,2023-10-22 02:30:00,temp,19.2,20.779226940009735,2,1,0,109.63101786415159
Malkangiri,2023-10-23 02:15:00,temp,18.0,19.80320550298541,2,1,0,109.63101786415159
Malkangiri,2023-10-24 02:15:00,temp,19.0,18.84768552761972,2,1,0,109.63101786415159
Malkangiri,2023-10-25 02:15:00,temp,19.4,18.950466549198186,2,1,0,109.63101786415159
Malkangiri,2023-10-26 02:00:00,temp,19.7,18.937493451940774,2,1,0,109.63101786415159
Malkangiri,2023-10-27 02:15:00,temp,19.0,19.472618993052187,2,1,0,109.63101786415159
Malkangiri,2023-10-28 02:00:00,temp,19.7,19.18365973566906,2,1,0,109.63101786415159
Malkangiri,2023-10-29 02:45:00,temp,21.9,19.625289990311067,2,1,0,109.63101786415159
Malkangiri,2023-10-30 02:00:00,temp,20.2,20.87724389865333,2,1,0,109.63101786415159
Mamit,2023-10-15 02:30:00,temp,17.3,20.77858463099976,2,1,2,126.32034629681708
Mamit,2023-10-16 02:30:00,temp,18.6,18.342852083566513,2,1,2,126.32034629681708
Mamit,2023-10-17 02:15:00,temp,19.0,18.088747414107917,2,1,2,126.32034629681708
Mamit,2023-10-18 02:30:00,temp,19.5,18.434585844194242,2,1,2,126.32034629681708
Mamit,2023-10-19 02:15:00,temp,19.1,20.505963950735723,2,1,2,126.32034629681708
Mamit,2023-10-20 02:30:00,temp,19.1,18.28644555227616,2,1,2,126.32034629681708
Mamit,2023-10-21 02:15:00,temp,19.1,19.102274522320673,2,1,2,126.32034629681708
Mamit,2023-10-22 02:15:00,temp,20.2,19.82804282596986,2,1,2,126.32034629681708
Mamit,2023-10-23 02:15:00,temp,21.6,19.252740483492406,2,1,2,126.32034629681708
Mamit,2023-10-24 02:15:00,temp,20.6,21.79255611501962,2,1,2,126.32034629681708
Mamit,2023-10-25 02:15:00,temp,21.9,21.23178563988112,2,1,2,126.32034629681708
Mamit,2023-10-26 02:00:00,temp,20.8,21.03380224056372,2,1,2,126.32034629681708
Mamit,2023-10-27 02:15:00,temp,19.8,21.251174289161785,2,1,2,126.32034629681708
Mamit,2023-10-28 02:00:00,temp,18.8,20.266433633500363,2,1,2,126.32034629681708
Mamit,2023-10-29 02:30:00,temp,18.5,19.26765559388751,2,1,2,126.32034629681708
Mamit,2023-10-30 01:45:00,temp,18.6,19.26904114835691,2,1,2,126.32034629681708
Mancherial,2023-10-16 02:30:00,temp,23.9,25.067610394225973,2,0,2,108.84546400544859
Mancherial,2023-10-17 02:30:00,temp,25.1,23.998531285551262,2,0,2,108.84546400544859
Mancherial,2023-10-18 02:30:00,temp,22.7,24.399842547430904,2,0,2,108.84546400544859
Mancherial,2023-10-19 02:30:00,temp,22.8,24.10850759656959,2,0,2,108.84546400544859
Mancherial,2023-10-20 02:30:00,temp,23.2,23.251948232501277,2,0,2,108.84546400544859
Mancherial,2023-10-21 02:30:00,temp,24.0,23.437828542699112,2,0,2,108.84546400544859
Mancherial,2023-10-22 02:30:00,temp,20.2,23.812228987811377,2,0,2,108.84546400544859
Mancherial,2023-10-23 02:15:00,temp,19.9,22.554024782456494,2,0,2,108.84546400544859
Mancherial,2023-10-24 02:15:00,temp,19.3,21.169440922639435,2,0,2,108.84546400544859
Mancherial,2023-10-25 02:30:00,temp,19.4,20.72047932125727,2,0,2,108.84546400544859
Mancherial,2023-10-26 02:00:00,temp,19.6,19.717689338634912,2,0,2,108.84546400544859
Mancherial,2023-10-27 02:30:00,temp,18.6,20.49394440952623,2,0,2,108.84546400544859
Mancherial,2023-10-28 02:00:00,temp,19.3,18.884688971116525,2,0,2,108.84546400544859
Mancherial,2023-10-29 02:45:00,temp,19.8,19.811923721260982,2,0,2,108.84546400544859
Mancherial,2023-10-30 02:00:00,temp,19.8,19.740604123812226,2,0,2,108.84546400544859
Mandi,2023-10-15 02:30:00,temp,13.0,14.167110062177734,0,1,1,149.95702667232806
Mandi,2023-10-16 02:30:00,temp,13.9,13.500905370639561,0,1,1,149.95702667232806
Mandi,2023-10-17 02:15:00,temp,13.3,13.728621788580844,0,1,1,149.95702667232806
Mandi,2023-10-18 02:15:00,temp,10.2,13.490936067490425,0,1,1,149.95702667232806
Mandi,2023-10-19 02:15:00,temp,12.0,11.571424229972,0,1,1,149.95702667232806
Mandi,2023-10-20 02:15:00,temp,10.5,11.840577431301325,0,1,1,149.95702667232806
Mandi,2023-10-21 02:15:00,temp,10.7,11.055654949332444,0,1,1,149.95702667232806
Mandi,2023-10-22 02:15:00,temp,10.8,10.842647516152432,0,1,1,149.95702667232806
Mandi,2023-10-23 02:00:00,temp,10.7,10.81750751989273,0,1,1,149.95702667232806
Mandi,2023-10-24 02:15:00,temp,10.9,10.748469806038868,0,1,1,149.95702667232806
Mandi,2023-10-25 02:15:00,temp,10.9,10.837375505843207,0,1,1,149.95702667232806
Mandi,2023-10-26 02:00:00,temp,11.0,10.874074045487792,0,1,1,149.95702667232806
Mandi,2023-10-27 02:15:00,temp,11.3,10.947862540039457,0,1,1,149.95702667232806
Mandi,2023-10-28 02:00:00,temp,11.6,11.154389996688213,0,1,1,149.95702667232806
Mandi,2023-10-29 02:30:00,temp,12.6,11.416815534603618,0,1,1,149.95702667232806
Mandi,2023-10-30 01:45:00,temp,11.8,12.123572447358109,0,1,1,149.95702667232806
Mandla,2023-10-15 02:30:00,temp,20.0,19.9,0,1,0,121.41204780607124
Mandla,2023-10-16 02:30:00,temp,20.1,20.0,0,1,0,121.41204780607124
Mandla,2023-10-17 02:15:00,temp,19.2,20.1,0,1,0,121.41204780607124
Mandla,2023-10-18 02:15:00,temp,19.2,19.2,0,1,0,121.41204780607124
Mandla,2023-10-19 02:15:00,temp,19.3,19.2,0,1,0,121.41204780607124
Mandla,2023-10-20 02:15:00,temp,18.7,19.3,0,1,0,121.41204780607124
Mandla,2023-10-21 02:00:00,temp,17.3,18.7,0,1,0,121.41204780607124
Mandla,2023-10-22 02:15:00,temp,16.7,17.3,0,1,0,121.41204780607124
Mandla,2023-10-23 02:00:00,temp,15.9,16.7,0,1,0,121.41204780607124
Mandla,2023-10-24 02:15:00,temp,15.6,15.900000000000002,0,1,0,121.41204780607124
Mandla,2023-10-25 02:15:00,temp,15.8,15.6,0,1,0,121.41204780607124
Mandla,2023-10-26 02:00:00,temp,15.8,15.8,0,1,0,121.41204780607124
Mandla,2023-10-27 02:15:00,temp,15.3,15.8,0,1,0,121.41204780607124
Mandla,2023-10-28 02:00:00,temp,15.2,15.3,0,1,0,121.41204780607124
Mandla,2023-10-29 02:30:00,temp,15.4,15.2,0,1,0,121.41204780607124
Mandla,2023-10-30 01:45:00,temp,15.9,15.4,0,1,0,121.41204780607124
Mandsaur,2023-10-15 02:30:00,temp,22.7,23.647036957954395,2,1,2,100.13396806591312
Mandsaur,2023-10-16 02:30:00,temp,22.5,23.86081954734587,2,1,2,100.13396806591312
Mandsaur,2023-10-17 02:15:00,temp,22.8,22.127279233135994,2,1,2,100.13396806591312
Mandsaur,2023-10-18 02:15:00,temp,21.6,23.028241187100225,2,1,2,100.13396806591312
Mandsaur,2023-10-19 02:15:00,temp,22.5,21.975143960669424,2,1,2,100.13396806591312
Mandsaur,2023-10-20 02:15:00,temp,21.7,22.276201821418585,2,1,2,100.13396806591312
Mandsaur,2023-10-21 02:00:00,temp,22.5,21.718736170200017,2,1,2,100.13396806591312
Mandsaur,2023-10-22 02:15:00,temp,21.8,22.663591442126663,2,1,2,100.13396806591312
Mandsaur,2023-10-23 02:00:00,temp,21.9,21.522827697317144,2,1,2,100.13396806591312
Mandsaur,2023-10-24 02:15:00,temp,23.5,22.349755857524215,2,1,2,100.13396806591312
Mandsaur,2023-10-25 02:15:00,temp,21.2,22.640568863248088,2,1,2,100.13396806591312
Mandsaur,2023-10-26 02:00:00,temp,21.5,22.265381999586303,2,1,2,100.13396806591312
Mandsaur,2023-10-27 02:15:00,temp,20.6,21.611094598498966,2,1,2,100.13396806591312
Mandsaur,2023-10-28 02:00:00,temp,20.5,20.150911574569353,2,1,2,100.13396806591312
Mandsaur,2023-10-29 02:30:00,temp,21.2,21.367666564492538,2,1,2,100.13396806591312
Mandsaur,2023-10-30 01:45:00,temp,21.7,20.20904040474794,2,1,2,100.13396806591312
Mandya,2023-10-15 02:30:00,temp,20.7,21.287230922512315,0,1,1,110.70334715959527
Mandya,2023-10-16 02:30:00,temp,20.5,21.02038335150162,0,1,1,110.70334715959527
Mandya,2023-10-17 02:30:00,temp,20.6,20.77186349550332,0,1,1,110.70334715959527
Mandya,2023-10-18 02:30:00,temp,21.3,20.691328715212304,0,1,1,110.70334715959527
Mandya,2023-10-19 02:15:00,temp,22.6,20.956649449290065,0,1,1,110.70334715959527
Mandya,2023-10-20 02:30:00,temp,20.2,21.64813135441962,0,1,1,110.70334715959527
Mandya,2023-10-21 02:15:00,temp,21.9,21.074657073927682,0,1,1,110.70334715959527
Mandya,2023-10-22 02:15:00,temp,21.3,21.348665256332488,0,1,1,110.70334715959527
Mandya,2023-10-23 02:15:00,temp,22.0,21.33224745099809,0,1,1,110.70334715959527
Mandya,2023-10-24 02:15:00,temp,18.5,21.556386898291674,0,1,1,110.70334715959527
Mandya,2023-10-25 02:15:00,temp,18.4,20.731757743051038,0,1,1,110.70334715959527
Mandya,2023-10-26 02:00:00,temp,18.6,19.489559742309577,0,1,1,110.70334715959527
Mandya,2023-10-27 02:15:00,temp,19.0,18.94752774046875,0,1,1,110.70334715959527
Mandya,2023-10-28 02:00:00,temp,19.8,18.97598758817254,0,1,1,110.70334715959527
Mandya,2023-10-29 02:45:00,temp,20.1,19.373824029916364,0,1,1,110.70334715959527
Mandya,2023-10-30 02:00:00,temp,20.7,19.714101949730267,0,1,1,110.70334715959527
Mansa,2023-10-15 02:30:00,temp,24.0,24.065821600330736,2,1,1,180.4464986426223
Mansa,2023-10-16 02:30:00,temp,21.2,24.377901993987678,2,1,1,180.4464986426223
Mansa,2023-10-17 02:30:00,temp,18.4,21.965084674330647,2,1,1,180.4464986426223
Mansa,2023-10-18 02:30:00,temp,19.7,19.901686409481556,2,1,1,180.4464986426223
Mansa,2023-10-19 02:15:00,temp,19.4,21.47347295550552,2,1,1,180.4464986426223
Mansa,2023-10-20 02:30:00,temp,20.4,20.43992788771958,2,1,1,180.4464986426223
Mansa,2023-10-21 02:15:00,temp,20.8,21.208883883077416,2,1,1,180.4464986426223
Mansa,2023-10-22 02:15:00,temp,22.0,21.203589843379234,2,1,1,180.4464986426223
Mansa,2023-10-23 02:15:00,temp,21.3,22.154078647556663,2,1,1,180.4464986426223
Mansa,2023-10-24 02:15:00,temp,21.1,21.245011767017733,2,1,1,180.4464986426223
Mansa,2023-10-25 02:15:00,temp,21.3,21.213875608660267,2,1,1,180.4464986426223
Mansa,2023-10-26 02:00:00,temp,20.6,21.41138762816665,2,1,1,180.4464986426223
Mansa,2023-10-27 02:15:00,temp,20.6,20.73279422721151,2,1,1,180.4464986426223
Mansa,2023-10-28 02:00:00,temp,22.1,20.849549884477703,2,1,1,180.4464986426223
Mansa,2023-10-29 02:45:00,temp,22.6,22.12158567733038,2,1,1,180.4464986426223
Mansa,2023-10-30 02:00:00,temp,22.2,22.25568847033938,2,1,1,180.4464986426223
Mathura,2023-10-15 02:30:00,temp,28.0,25.440031009564127,2,0,2,153.53154796107128
Mathura,2023-10-16 02:30:00,temp,26.7,27.564794289003874,2,0,2,153.53154796107128
Mathura,2023-10-17 02:30:00,temp,21.3,27.73443768807361,2,0,2,153.53154796107128
Mathura,2023-10-18 02:30:00,temp,23.1,22.95288151870472,2,0,2,153.53154796107128
Mathura,2023-10-19 02:30:00,temp,22.8,24.47344743847199,2,0,2,153.53154796107128
Mathura,2023-10-20 02:30:00,temp,22.5,25.648268710764214,2,0,2,153.53154796107128
Mathura,2023-10-21 02:15:00,temp,22.8,26.37856248033351,2,0,2,153.53154796107128
Mathura,2023-10-22 02:30:00,temp,22.7,24.315646768404633,2,0,2,153.53154796107128
Mathura,2023-10-23 02:15:00,temp,23.2,24.10933199072946,2,0,2,153.53154796107128
Mathura,2023-10-24 02:15:00,temp,23.0,24.357442514937883,2,0,2,153.53154796107128
Mathura,2023-10-25 02:30:00,temp,22.3,23.975720297054547,2,0,2,153.53154796107128
Mathura,2023-10-26 02:00:00,temp,22.7,23.3591428270701,2,0,2,153.53154796107128
Mathura,2023-10-27 02:30:00,temp,22.4,23.648067943581047,2,0,2,153.53154796107128
Mathura,2023-10-28 02:00:00,temp,21.8,23.06483508050951,2,0,2,153.53154796107128
Mathura,2023-10-29 02:45:00,temp,23.1,22.502173463810276,2,0,2,153.53154796107128
Mathura,2023-10-30 02:00:00,temp,23.5,23.53844363686948,2,0,2,153.53154796107128
Mau,2023-10-15 02:30:00,temp,23.1,22.8,0,1,0,149.61606875974786
Mau,2023-10-16 02:30:00,temp,23.6,23.1,0,1,0,149.61606875974786
Mau,2023-10-17 02:30:00,temp,23.0,23.6,0,1,0,149.61606875974786
Mau,2023-10-18 02:30:00,temp,22.1,23.0,0,1,0,149.61606875974786
Mau,2023-10-19 02:30:00,temp,21.3,22.1,0,1,0,149.61606875974786
Mau,2023-10-20 02:30:00,temp,21.1,21.3,0,1,0,149.61606875974786
Mau,2023-10-21 02:15:00,temp,21.0,21.1,0,1,0,149.61606875974786
Mau,2023-10-22 02:30:00,temp,21.0,21.0,0,1,0,149.61606875974786
Mau,2023-10-23 02:15:00,temp,21.0,21.0,0,1,0,149.61606875974786
Mau,2023-10-24 02:15:00,temp,21.1,21.0,0,1,0,149.61606875974786
Mau,2023-10-25 02:30:00,temp,21.9,21.1,0,1,0,149.61606875974786
Mau,2023-10-26 02:00:00,temp,21.6,21.9,0,1,0,149.61606875974786
Mau,2023-10-27 02:30:00,temp,21.7,21.6,0,1,0,149.61606875974786
Mau,2023-10-28 02:00:00,temp,21.5,21.7,0,1,0,149.61606875974786
Mau,2023-10-29 02:45:00,temp,21.7,21.5,0,1,0,149.61606875974786
Mau,2023-10-30 02:00:00,temp,21.5,21.7,0,1,0,149.61606875974786
Mayurbhanj,2023-10-15 02:30:00,temp,22.0,23.648879452305238,0,1,2,98.06192755061808
Mayurbhanj,2023-10-16 02:30:00,temp,21.9,22.44484134956518,0,1,2,98.06192755061808
Mayurbhanj,2023-10-17 02:30:00,temp,23.5,22.58684499842135,0,1,2,98.06192755061808
Mayurbhanj,2023-10-18 02:30:00,temp,22.8,23.74727197829754,0,1,2,98.06192755061808
Mayurbhanj,2023-10-19 02:30:00,temp,22.6,22.45115068351853,0,1,2,98.06192755061808
Mayurbhanj,2023-10-20 02:30:00,temp,21.8,23.00821215952794,0,1,2,98.06192755061808
Mayurbhanj,2023-10-21 02:15:00,temp,20.7,21.82166100133652,0,1,2,98.06192755061808
Mayurbhanj,2023-10-22 02:30:00,temp,19.9,21.202912847767987,0,1,2,98.06192755061808
Mayurbhanj,2023-10-23 02:15:00,temp,20.8,20.235728615851936,0,1,2,98.06192755061808
Mayurbhanj,2023-10-24 02:15:00,temp,20.9,21.269794325910212,0,1,2,98.06192755061808
Mayurbhanj,2023-10-25 02:15:00,temp,22.1,20.711313150024658,0,1,2,98.06192755061808
Mayurbhanj,2023-10-26 02:00:00,temp,22.1,22.170067241432868,0,1,2,98.06192755061808
Mayurbhanj,2023-10-27 02:15:00,temp,21.6,21.610776307710807,0,1,2,98.06192755061808
Mayurbhanj,2023-10-28 02:00:00,temp,21.8,21.62461711476095,0,1,2,98.06192755061808
Mayurbhanj,2023-10-29 02:45:00,temp,20.1,21.79580140242402,0,1,2,98.06192755061808
Mayurbhanj,2023-10-30 02:00:00,temp,19.9,20.105237488673495,0,1,2,98.06192755061808
Medak,2023-10-15 02:30:00,temp,23.4,22.967154105240848,0,0,2,94.91428394876725
Medak,2023-10-16 02:30:00,temp,22.6,23.109825001185584,0,0,2,94.91428394876725
Medak,2023-10-17 02:30:00,temp,22.4,22.986082541407015,0,0,2,94.91428394876725
Medak,2023-10-18 02:30:00,temp,22.2,22.46285681893056,0,0,2,94.91428394876725
Medak,2023-10-19 02:30:00,temp,22.3,22.586929637944014,0,0,2,94.91428394876725
Medak,2023-10-20 02:30:00,temp,22.4,22.721633696130592,0,0,2,94.91428394876725
Medak,2023-10-21 02:30:00,temp,22.1,22.673195814513942,0,0,2,94.91428394876725
Medak,2023-10-22 02:30:00,temp,20.5,22.48929354163866,0,0,2,94.91428394876725
Medak,2023-10-23 02:15:00,temp,19.5,21.452221552139733,0,0,2,94.91428394876725
Medak,2023-10-24 02:15:00,temp,19.1,20.536360313915672,0,0,2,94.91428394876725
Medak,2023-10-25 02:30:00,temp,19.0,20.77177462626375,0,0,2,94.91428394876725
Medak,2023-10-26 02:00:00,temp,18.9,20.715054537743356,0,0,2,94.91428394876725
Medak,2023-10-27 02:30:00,temp,18.4,20.28396761401057,0,0,2,94.91428394876725
Medak,2023-10-28 02:00:00,temp,18.8,20.089825321769794,0,0,2,94.91428394876725
Medak,2023-10-29 02:45:00,temp,20.1,20.32694203392076,0,0,2,94.91428394876725
Medak,2023-10-30 02:00:00,temp,20.4,21.463603729456114,0,0,2,94.91428394876725
Medchal,2023-10-15 02:30:00,temp,25.0,23.77526687343815,2,0,2,120.2375740586414
Medchal,2023-10-16 02:30:00,temp,23.0,23.834798991232056,2,0,2,120.2375740586414
Medchal,2023-10-17 02:30:00,temp,23.0,23.234969456866864,2,0,2,120.2375740586414
Medchal,2023-10-18 02:30:00,temp,22.0,22.728372471757115,2,0,2,120.2375740586414
Medchal,2023-10-19 02:30:00,temp,22.6,22.781010490599503,2,0,2,120.2375740586414
Medchal,2023-10-20 02:30:00,temp,22.0,23.36517747610857,2,0,2,120.2375740586414
Medchal,2023-10-21 02:30:00,temp,22.0,23.745257391919303,2,0,2,120.2375740586414
Medchal,2023-10-22 02:30:00,temp,24.0,23.812284754655767,2,0,2,120.2375740586414
Medchal,2023-10-23 02:15:00,temp,21.0,23.60139152390715,2,0,2,120.2375740586414
Medchal,2023-10-24 02:15:00,temp,19.0,22.743562817344937,2,0,2,120.2375740586414
Medchal,2023-10-25 02:30:00,temp,21.0,21.941596900304695,2,0,2,120.2375740586414
Medchal,2023-10-26 02:00:00,temp,20.0,24.195341804707592,2,0,2,120.2375740586414
Medchal,2023-10-27 02:30:00,temp,19.0,21.18057730757339,2,0,2,120.2375740586414
Medchal,2023-10-28 02:00:00,temp,21.0,20.55707319345314,2,0,2,120.2375740586414
Medchal,2023-10-29 02:45:00,temp,22.0,21.12570443538687,2,0,2,120.2375740586414
Medchal,2023-10-30 02:00:00,temp,22.0,21.444508029626,2,0,2,120.2375740586414
Medinipur,2023-10-15 02:30:00,temp,22.5,24.6,0,1,0,99.18775826436841
Medinipur,2023-10-16 02:30:00,temp,22.7,22.5,0,1,0,99.18775826436841
Medinipur,2023-10-17 02:30:00,temp,23.6,22.7,0,1,0,99.18775826436841
Medinipur,2023-10-18 02:30:00,temp,23.6,23.6,0,1,0,99.18775826436841
Medinipur,2023-10-19 02:15:00,temp,23.5,23.6,0,1,0,99.18775826436841
Medinipur,2023-10-20 02:30:00,temp,22.2,23.5,0,1,0,99.18775826436841
Medinipur,2023-10-21 02:15:00,temp,21.4,22.2,0,1,0,99.18775826436841
Medinipur,2023-10-22 02:15:00,temp,20.9,21.4,0,1,0,99.18775826436841
Medinipur,2023-10-23 02:15:00,temp,22.1,20.9,0,1,0,99.18775826436841
Medinipur,2023-10-24 02:15:00,temp,21.8,22.1,0,1,0,99.18775826436841
Medinipur,2023-10-25 02:15:00,temp,22.7,21.8,0,1,0,99.18775826436841
Medinipur,2023-10-26 02:00:00,temp,23.6,22.7,0,1,0,99.18775826436841
Medinipur,2023-10-27 02:15:00,temp,24.1,23.6,0,1,0,99.18775826436841
Medinipur,2023-10-28 02:00:00,temp,22.7,24.1,0,1,0,99.18775826436841
Medinipur,2023-10-29 02:45:00,temp,21.3,22.7,0,1,0,99.18775826436841
Medinipur,2023-10-30 02:00:00,temp,20.8,21.3,0,1,0,99.18775826436841
Meerut,2023-10-15 02:30:00,temp,25.0,24.31929951490899,1,1,1,162.7731263154769
Meerut,2023-10-16 02:30:00,temp,24.7,25.12186734258116,1,1,1,162.7731263154769
Meerut,2023-10-17 02:30:00,temp,19.5,24.91543653014484,1,1,1,162.7731263154769
Meerut,2023-10-18 02:30:00,temp,21.5,21.50329920776112,1,1,1,162.7731263154769
Meerut,2023-10-19 02:30:00,temp,20.6,22.57288710391772,1,1,1,162.7731263154769
Meerut,2023-10-20 02:30:00,temp,21.0,21.722966550876727,1,1,1,162.7731263154769
Meerut,2023-10-21 02:15:00,temp,21.4,21.801992892458806,1,1,1,162.7731263154769
Meerut,2023-10-22 02:30:00,temp,21.0,21.95003312081535,1,1,1,162.7731263154769
Meerut,2023-10-23 02:15:00,temp,22.0,21.54736980412772,1,1,1,162.7731263154769
Meerut,2023-10-24 02:15:00,temp,21.2,22.18600822815594,1,1,1,162.7731263154769
Meerut,2023-10-25 02:30:00,temp,21.7,21.5679922997414,1,1,1,162.7731263154769
Meerut,2023-10-26 02:00:00,temp,21.5,21.862341483082155,1,1,1,162.7731263154769
Meerut,2023-10-27 02:30:00,temp,21.5,21.691365395515145,1,1,1,162.7731263154769
Meerut,2023-10-28 02:00:00,temp,21.5,21.658871311654835,1,1,1,162.7731263154769
Meerut,2023-10-29 02:45:00,temp,21.5,21.63239578701662,1,1,1,162.7731263154769
Meerut,2023-10-30 02:00:00,temp,21.6,21.610758990131444,1,1,1,162.7731263154769
Mirzapur,2023-10-15 02:30:00,temp,23.5,22.89505865889427,2,1,2,126.5446938542694
Mirzapur,2023-10-16 02:30:00,temp,23.8,23.56185810954413,2,1,2,126.5446938542694
Mirzapur,2023-10-17 02:30:00,temp,23.2,23.68921703673976,2,1,2,126.5446938542694
Mirzapur,2023-10-18 02:30:00,temp,21.7,23.12423985636953,2,1,2,126.5446938542694
Mirzapur,2023-10-19 02:30:00,temp,21.5,22.162677960840536,2,1,2,126.5446938542694
Mirzapur,2023-10-20 02:30:00,temp,20.9,21.757120032750024,2,1,2,126.5446938542694
Mirzapur,2023-10-21 02:15:00,temp,20.9,21.308272692961346,2,1,2,126.5446938542694
Mirzapur,2023-10-22 02:30:00,temp,19.9,21.390715568015832,2,1,2,126.5446938542694
Mirzapur,2023-10-23 02:15:00,temp,19.6,20.593838021795115,2,1,2,126.5446938542694
Mirzapur,2023-10-24 02:15:00,temp,19.9,20.357155067574478,2,1,2,126.5446938542694
Mirzapur,2023-10-25 02:30:00,temp,20.3,20.59050820923979,2,1,2,126.5446938542694
Mirzapur,2023-10-26 02:00:00,temp,20.4,20.836753383554655,2,1,2,126.5446938542694
Mirzapur,2023-10-27 02:30:00,temp,20.5,20.747283114313905,2,1,2,126.5446938542694
Mirzapur,2023-10-28 02:00:00,temp,19.8,20.646676586791596,2,1,2,126.5446938542694
Mirzapur,2023-10-29 02:45:00,temp,20.2,19.931571693813247,2,1,2,126.5446938542694
Mirzapur,2023-10-30 02:00:00,temp,20.3,20.051049737781064,2,1,2,126.5446938542694
Moga,2023-10-15 02:30:00,temp,24.1,23.77148926371485,2,1,1,170.91088948146043
Moga,2023-10-16 02:30:00,temp,21.9,24.20433594697898,2,1,1,170.91088948146043
Moga,2023-10-17 02:30:00,temp,18.4,22.166867199082326,2,1,1,170.91088948146043
Moga,2023-10-18 02:30:00,temp,19.6,19.43647946301484,2,1,1,170.91088948146043
Moga,2023-10-19 02:15:00,temp,19.7,21.414880819860706,2,1,1,170.91088948146043
Moga,2023-10-20 02:30:00,temp,20.7,20.74508903203571,2,1,1,170.91088948146043
Moga,2023-10-21 02:15:00,temp,20.2,21.474172949811773,2,1,1,170.91088948146043
Moga,2023-10-22 02:15:00,temp,22.5,20.578873195870276,2,1,1,170.91088948146043
Moga,2023-10-23 02:15:00,temp,21.8,22.809172955875475,2,1,1,170.91088948146043
Moga,2023-10-24 02:15:00,temp,21.7,21.581565437411758,2,1,1,170.91088948146043
Moga,2023-10-25 02:15:00,temp,21.2,21.685142098838416,2,1,1,170.91088948146043
Moga,2023-10-26 02:00:00,temp,21.2,21.25826090725051,2,1,1,170.91088948146043
Moga,2023-10-27 02:15:00,temp,20.6,21.360454871065823,2,1,1,170.91088948146043
Moga,2023-10-28 02:00:00,temp,21.9,20.799835313360827,2,1,1,170.91088948146043
Moga,2023-10-29 02:45:00,temp,22.0,22.054537524323536,2,1,1,170.91088948146043
Moga,2023-10-30 02:00:00,temp,22.0,21.834129930462243,2,1,1,170.91088948146043
Mokokchung,2023-10-15 02:30:00,temp,16.5,17.179960365809567,0,1,1,99.72721419815396
Mokokchung,2023-10-16 02:30:00,temp,16.4,16.750312530619407,0,1,1,99.72721419815396
Mokokchung,2023-10-17 02:15:00,temp,16.2,16.52564966119257,0,1,1,99.72721419815396
Mokokchung,2023-10-18 02:30:00,temp,16.8,16.315398796523095,0,1,1,99.72721419815396
Mokokchung,2023-10-19 02:15:00,temp,16.5,16.624694574095418,0,1,1,99.72721419815396
Mokokchung,2023-10-20 02:30:00,temp,16.2,16.545484422354978,0,1,1,99.72721419815396
Mokokchung,2023-10-21 02:15:00,temp,16.0,16.326292860769037,0,1,1,99.72721419815396
Mokokchung,2023-10-22 02:15:00,temp,15.3,16.117893456591755,0,1,1,99.72721419815396
Mokokchung,2023-10-23 02:15:00,temp,16.2,15.586624678272592,0,1,1,99.72721419815396
Mokokchung,2023-10-24 02:15:00,temp,17.6,15.979824581112256,0,1,1,99.72721419815396
Mokokchung,2023-10-25 02:15:00,temp,17.3,17.023150473869556,0,1,1,99.72721419815396
Mokokchung,2023-10-26 02:00:00,temp,16.7,17.212729264002423,0,1,1,99.72721419815396
Mokokchung,2023-10-27 02:15:00,temp,16.1,16.878657978471814,0,1,1,99.72721419815396
Mokokchung,2023-10-28 02:00:00,temp,14.0,16.373407542163886,0,1,1,99.72721419815396
Mokokchung,2023-10-29 02:30:00,temp,14.4,14.655417157986056,0,1,1,99.72721419815396
Mokokchung,2023-10-30 01:45:00,temp,15.3,14.45519401588567,0,1,1,99.72721419815396
Mon,2023-10-15 02:30:00,temp,17.5,20.14023255073476,0,1,1,118.4226700242265
Mon,2023-10-16 02:30:00,temp,19.4,18.485253761430446,0,1,1,118.4226700242265
Mon,2023-10-17 02:15:00,temp,19.8,19.06857790532904,0,1,1,118.4226700242265
Mon,2023-10-18 02:30:00,temp,19.8,19.488974377216255,0,1,1,118.4226700242265
Mon,2023-10-19 02:15:00,temp,18.8,19.66858443773875,0,1,1,118.4226700242265
Mon,2023-10-20 02:30:00,temp,18.5,19.173521648907816,0,1,1,118.4226700242265
Mon,2023-10-21 02:15:00,temp,18.6,18.784288857102865,0,1,1,118.4226700242265
Mon,2023-10-22 02:15:00,temp,19.0,18.676711489223294,0,1,1,118.4226700242265
Mon,2023-10-23 02:15:00,temp,19.1,18.86325903730566,0,1,1,118.4226700242265
Mon,2023-10-24 02:15:00,temp,18.7,18.999314352338992,0,1,1,118.4226700242265
Mon,2023-10-25 02:15:00,temp,19.9,18.82757486028154,0,1,1,118.4226700242265
Mon,2023-10-26 02:00:00,temp,19.8,19.43910012136405,0,1,1,118.4226700242265
Mon,2023-10-27 02:15:00,temp,18.8,19.649313700220148,0,1,1,118.4226700242265
Mon,2023-10-28 02:00:00,temp,17.5,19.165849975727237,0,1,1,118.4226700242265
Mon,2023-10-29 02:30:00,temp,18.2,18.196955717661083,0,1,1,118.4226700242265
Mon,2023-10-30 01:45:00,temp,18.7,18.19889613138035,0,1,1,118.4226700242265
Moradabad,2023-10-15 02:30:00,temp,22.5,22.19407258195833,2,1,2,148.64510475314333
Moradabad,2023-10-16 02:30:00,temp,22.5,23.006185825326433,2,1,2,148.64510475314333
Moradabad,2023-10-17 02:30:00,temp,19.2,22.957748728688806,2,1,2,148.64510475314333
Moradabad,2023-10-18 02:30:00,temp,19.4,20.592565750580412,2,1,2,148.64510475314333
Moradabad,2023-10-19 02:30:00,temp,18.6,20.8524524524502,2,1,2,148.64510475314333
Moradabad,2023-10-20 02:30:00,temp,18.5,19.702600307766918,2,1,2,148.64510475314333
Moradabad,2023-10-21 02:15:00,temp,19.3,19.351844132401695,2,1,2,148.64510475314333
Moradabad,2023-10-22 02:30:00,temp,18.6,19.826969101787792,2,1,2,148.64510475314333
Moradabad,2023-10-23 02:15:00,temp,19.6,18.750738615080394,2,1,2,148.64510475314333
Moradabad,2023-10-24 02:15:00,temp,19.1,19.598008815293184,2,1,2,148.64510475314333
Moradabad,2023-10-25 02:30:00,temp,19.7,18.945174177698767,2,1,2,148.64510475314333
Moradabad,2023-10-26 02:00:00,temp,20.1,19.493955245651367,2,1,2,148.64510475314333
Moradabad,2023-10-27 02:30:00,temp,19.6,19.80215943485799,2,1,2,148.64510475314333
Moradabad,2023-10-28 02:00:00,temp,19.4,19.358336119699374,2,1,2,148.64510475314333
Moradabad,2023-10-29 02:45:00,temp,19.3,19.304996028294774,2,1,2,148.64510475314333
Moradabad,2023-10-30 02:00:00,temp,19.3,19.322724867425293,2,1,2,148.64510475314333
Morbi,2023-10-15 02:30:00,temp,27.1,28.36091441792318,2,0,1,121.89564214442356
Morbi,2023-10-16 02:30:00,temp,26.5,26.977032936311208,2,0,1,121.89564214442356
Morbi,2023-10-17 02:15:00,temp,26.0,26.620104120748767,2,0,1,121.89564214442356
Morbi,2023-10-18 02:15:00,temp,26.6,26.367744692960365,2,0,1,121.89564214442356
Morbi,2023-10-19 02:15:00,temp,27.5,26.72025138363639,2,0,1,121.89564214442356
Morbi,2023-10-20 02:15:00,temp,27.0,27.17188667413354,2,0,1,121.89564214442356
Morbi,2023-10-21 02:15:00,temp,27.6,26.834817878444245,2,0,1,121.89564214442356
Morbi,2023-10-22 02:15:00,temp,28.2,27.10551557176989,2,0,1,121.89564214442356
Morbi,2023-10-23 02:00:00,temp,28.2,27.35476732642407,2,0,1,121.89564214442356
Morbi,2023-10-24 02:15:00,temp,28.1,27.270967709553652,2,0,1,121.89564214442356
Morbi,2023-10-25 02:15:00,temp,28.6,27.159374787709044,2,0,1,121.89564214442356
Morbi,2023-10-26 02:00:00,temp,27.3,27.497815697690907,2,0,1,121.89564214442356
Morbi,2023-10-27 02:15:00,temp,26.6,26.603329503845927,2,0,1,121.89564214442356
Morbi,2023-10-28 02:00:00,temp,27.3,26.175921104387285,2,0,1,121.89564214442356
Morbi,2023-10-29 02:30:00,temp,26.4,26.723655233512336,2,0,1,121.89564214442356
Morbi,2023-10-30 01:45:00,temp,27.4,26.16208235962223,2,0,1,121.89564214442356
Morena,2023-10-15 02:30:00,temp,27.4,26.086457812404426,1,1,1,146.46895271055573
Morena,2023-10-16 02:30:00,temp,27.4,26.9642877675406,1,1,1,146.46895271055573
Morena,2023-10-17 02:15:00,temp,21.1,27.028979778317634,1,1,1,146.46895271055573
Morena,2023-10-18 02:15:00,temp,23.3,23.43761455944009,1,1,1,146.46895271055573
Morena,2023-10-19 02:15:00,temp,23.6,24.399602093429145,1,1,1,146.46895271055573
Morena,2023-10-20 02:15:00,temp,22.8,24.418067526334514,1,1,1,146.46895271055573
Morena,2023-10-21 02:00:00,temp,22.7,24.090950224208484,1,1,1,146.46895271055573
Morena,2023-10-22 02:15:00,temp,22.6,23.550671936879752,1,1,1,146.46895271055573
Morena,2023-10-23 02:00:00,temp,23.0,23.327966868255906,1,1,1,146.46895271055573
Morena,2023-10-24 02:15:00,temp,22.3,23.464054622734775,1,1,1,146.46895271055573
Morena,2023-10-25 02:15:00,temp,21.9,22.904037876622365,1,1,1,146.46895271055573
Morena,2023-10-26 02:00:00,temp,22.3,22.508202857397336,1,1,1,146.46895271055573
Morena,2023-10-27 02:15:00,temp,21.3,22.65607545529299,1,1,1,146.46895271055573
Morena,2023-10-28 02:00:00,temp,21.7,21.9006232954359,1,1,1,146.46895271055573
Morena,2023-10-29 02:30:00,temp,22.9,22.041185929854727,1,1,1,146.46895271055573
Morena,2023-10-30 01:45:00,temp,23.8,22.780349395359217,1,1,1,146.46895271055573
Muktsar,2023-10-15 02:30:00,temp,23.2,24.316783111681268,2,1,1,171.2280865927987
Muktsar,2023-10-16 02:30:00,temp,20.1,23.22374243757131,2,1,1,171.2280865927987
Muktsar,2023-10-17 02:30:00,temp,18.0,20.651560065980714,2,1,1,171.2280865927987
Muktsar,2023-10-18 02:30:00,temp,18.7,19.329888129657434,2,1,1,171.2280865927987
Muktsar,2023-10-19 02:15:00,temp,19.6,20.325695326642077,2,1,1,171.2280865927987
Muktsar,2023-10-20 02:30:00,temp,21.1,20.5553226989575,2,1,1,171.2280865927987
Muktsar,2023-10-21 02:15:00,temp,20.5,21.572026912507397,2,1,1,171.2280865927987
Muktsar,2023-10-22 02:15:00,temp,21.9,20.356815473050027,2,1,1,171.2280865927987
Muktsar,2023-10-23 02:15:00,temp,21.5,21.989810715977615,2,1,1,171.2280865927987
Muktsar,2023-10-24 02:15:00,temp,21.3,21.17352431530216,2,1,1,171.2280865927987
Muktsar,2023-10-25 02:15:00,temp,20.7,21.168025454327765,2,1,1,171.2280865927987
Muktsar,2023-10-26 02:00:00,temp,21.1,20.677882054040147,2,1,1,171.2280865927987
Muktsar,2023-10-27 02:15:00,temp,21.0,21.236589115769767,2,1,1,171.2280865927987
Muktsar,2023-10-28 02:00:00,temp,22.5,20.999044158319297,2,1,1,171.2280865927987
Muktsar,2023-10-29 02:45:00,temp,22.2,22.450028200006038,2,1,1,171.2280865927987
Muktsar,2023-10-30 02:00:00,temp,21.8,21.75096312106321,2,1,1,171.2280865927987
Mumbai,2023-10-17 02:15:00,temp,31.0,29.014513979729838,1,1,1,142.68545895793702
Mumbai,2023-10-17 02:30:00,temp,31.0,30.09587471449422,1,1,1,142.68545895793702
Mumbai,2023-10-18 02:30:00,temp,29.0,30.39201224011856,1,1,1,142.68545895793702
Mumbai,2023-10-19 02:15:00,temp,30.0,29.418609029936903,1,1,1,142.68545895793702
Mumbai,2023-10-19 02:30:00,temp,30.0,29.854556040080503,1,1,1,142.68545895793702
Mumbai,2023-10-20 02:30:00,temp,30.0,29.89349609168246,1,1,1,142.68545895793702
Mumbai,2023-10-21 02:15:00,temp,31.0,29.92192273842078,1,1,1,142.68545895793702
Mumbai,2023-10-22 02:15:00,temp,30.0,30.46631968568664,1,1,1,142.68545895793702
Mumbai,2023-10-22 02:30:00,temp,30.0,30.091400545283406,1,1,1,142.68545895793702
Mumbai,2023-10-23 02:15:00,temp,29.0,30.066102113894118,1,1,1,142.68545895793702
Mumbai,2023-10-23 02:15:00,temp,29.0,29.53117431446548,1,1,1,142.68545895793702
Mumbai,2023-10-24 02:15:00,temp,30.0,29.385557118818973,1,1,1,142.68545895793702
Mumbai,2023-10-25 02:15:00,temp,29.0,29.809166327432795,1,1,1,142.68545895793702
Mumbai,2023-10-26 02:00:00,temp,29.0,29.345466457619484,1,1,1,142.68545895793702
Mumbai,2023-10-27 02:15:00,temp,28.0,29.25318652322026,1,1,1,142.68545895793702
Mumbai,2023-10-28 02:00:00,temp,29.0,28.653865663988924,1,1,1,142.68545895793702
Mumbai,2023-10-29 02:45:00,temp,28.0,29.005068176422903,1,1,1,142.68545895793702
Mumbai,2023-10-30 01:45:00,temp,28.0,28.47622161048196,1,1,1,142.68545895793702
Mumbai,2023-10-30 02:00:00,temp,28.0,28.330746890624383,1,1,1,142.68545895793702
Mungeli,2023-10-15 02:30:00,temp,24.1,24.5,0,1,0,120.32330883719077
Mungeli,2023-10-16 02:30:00,temp,24.8,24.1,0,1,0,120.32330883719077
Mungeli,2023-10-17 02:30:00,temp,22.2,24.8,0,1,0,120.32330883719077
Mungeli,2023-10-18 02:30:00,temp,21.9,22.2,0,1,0,120.32330883719077
Mungeli,2023-10-19 02:15:00,temp,21.5,21.9,0,1,0,120.32330883719077
Mungeli,2023-10-20 02:30:00,temp,21.9,21.5,0,1,0,120.32330883719077
Mungeli,2023-10-21 02:15:00,temp,19.9,21.9,0,1,0,120.32330883719077
Mungeli,2023-10-22 02:15:00,temp,19.7,19.9,0,1,0,120.32330883719077
Mungeli,2023-10-23 02:15:00,temp,18.2,19.7,0,1,0,120.32330883719077
Mungeli,2023-10-24 02:15:00,temp,17.9,18.2,0,1,0,120.32330883719077
Mungeli,2023-10-25 02:15:00,temp,18.7,17.9,0,1,0,120.32330883719077
Mungeli,2023-10-26 02:00:00,temp,19.3,18.7,0,1,0,120.32330883719077
Mungeli,2023-10-27 02:15:00,temp,19.1,19.3,0,1,0,120.32330883719077
Mungeli,2023-10-28 02:00:00,temp,18.8,19.1,0,1,0,120.32330883719077
Mungeli,2023-10-29 02:30:00,temp,19.0,18.8,0,1,0,120.32330883719077
Mungeli,2023-10-30 01:45:00,temp,19.5,19.0,0,1,0,120.32330883719077
Munger,2023-10-15 02:30:00,temp,22.7,24.38479603084049,2,1,2,153.82794925435707
Munger,2023-10-16 02:30:00,temp,24.2,23.579838730427703,2,1,2,153.82794925435707
Munger,2023-10-17 02:15:00,temp,23.8,23.93536427767936,2,1,2,153.82794925435707
Munger,2023-10-18 02:30:00,temp,24.0,24.428484775798168,2,1,2,153.82794925435707
Munger,2023-10-19 02:15:00,temp,21.8,23.73241152582472,2,1,2,153.82794925435707
Munger,2023-10-20 02:30:00,temp,22.1,22.774332281565936,2,1,2,153.82794925435707
Munger,2023-10-21 02:15:00,temp,21.1,22.028368337521382,2,1,2,153.82794925435707
Munger,2023-10-22 02:15:00,temp,21.0,22.02121635445791,2,1,2,153.82794925435707
Munger,2023-10-23 02:15:00,temp,20.9,20.90581574549068,2,1,2,153.82794925435707
Munger,2023-10-24 02:15:00,temp,22.1,21.67566758719457,2,1,2,153.82794925435707
Munger,2023-10-25 02:15:00,temp,22.7,21.74961150588897,2,1,2,153.82794925435707
Munger,2023-10-26 02:00:00,temp,21.8,23.16431691568194,2,1,2,153.82794925435707
Munger,2023-10-27 02:15:00,temp,20.4,21.529104686651667,2,1,2,153.82794925435707
Munger,2023-10-28 02:00:00,temp,21.1,21.161789796804598,2,1,2,153.82794925435707
Munger,2023-10-29 02:30:00,temp,21.9,20.831016669090292,2,1,2,153.82794925435707
Munger,2023-10-30 01:45:00,temp,21.8,22.340610095901148,2,1,2,153.82794925435707
Murshidabad,2023-10-15 02:30:00,temp,23.7,24.1,0,1,0,123.88801036899937
Murshidabad,2023-10-16 02:30:00,temp,24.4,23.7,0,1,0,123.88801036899937
Murshidabad,2023-10-17 02:30:00,temp,23.7,24.4,0,1,0,123.88801036899937
Murshidabad,2023-10-18 02:30:00,temp,24.4,23.7,0,1,0,123.88801036899937
Murshidabad,2023-10-19 02:15:00,temp,23.7,24.4,0,1,0,123.88801036899937
Murshidabad,2023-10-20 02:30:00,temp,22.6,23.7,0,1,0,123.88801036899937
Murshidabad,2023-10-21 02:15:00,temp,22.3,22.6,0,1,0,123.88801036899937
Murshidabad,2023-10-22 02:15:00,temp,22.4,22.3,0,1,0,123.88801036899937
Murshidabad,2023-10-23 02:15:00,temp,23.0,22.4,0,1,0,123.88801036899937
Murshidabad,2023-10-24 02:15:00,temp,22.6,23.0,0,1,0,123.88801036899937
Murshidabad,2023-10-25 02:15:00,temp,23.3,22.6,0,1,0,123.88801036899937
Murshidabad,2023-10-26 02:00:00,temp,25.5,23.3,0,1,0,123.88801036899937
Murshidabad,2023-10-27 02:15:00,temp,22.9,25.5,0,1,0,123.88801036899937
Murshidabad,2023-10-28 02:00:00,temp,23.2,22.9,0,1,0,123.88801036899937
Murshidabad,2023-10-29 02:45:00,temp,21.9,23.2,0,1,0,123.88801036899937
Murshidabad,2023-10-30 02:00:00,temp,22.3,21.9,0,1,0,123.88801036899937
Muzaffarnagar,2023-10-15 02:30:00,temp,22.3,21.972964877154464,1,1,1,157.25283650851372
Muzaffarnagar,2023-10-16 02:30:00,temp,22.0,22.397626736953615,1,1,1,157.25283650851372
Muzaffarnagar,2023-10-17 02:30:00,temp,17.6,22.180476097829754,1,1,1,157.25283650851372
Muzaffarnagar,2023-10-18 02:30:00,temp,19.5,19.120239314992485,1,1,1,157.25283650851372
Muzaffarnagar,2023-10-19 02:30:00,temp,18.2,20.198568088141066,1,1,1,157.25283650851372
Muzaffarnagar,2023-10-20 02:30:00,temp,18.8,19.08514511138942,1,1,1,157.25283650851372
Muzaffarnagar,2023-10-21 02:15:00,temp,19.1,19.320661107781692,1,1,1,157.25283650851372
Muzaffarnagar,2023-10-22 02:30:00,temp,18.9,19.421680375867453,1,1,1,157.25283650851372
Muzaffarnagar,2023-10-23 02:15:00,temp,19.9,19.197614119847724,1,1,1,157.25283650851372
Muzaffarnagar,2023-10-24 02:15:00,temp,18.8,19.86359706617142,1,1,1,157.25283650851372
Muzaffarnagar,2023-10-25 02:30:00,temp,20.0,19.078825274752944,1,1,1,157.25283650851372
Muzaffarnagar,2023-10-26 02:00:00,temp,19.5,19.866779282730985,1,1,1,157.25283650851372
Muzaffarnagar,2023-10-27 02:30:00,temp,19.5,19.543501760616046,1,1,1,157.25283650851372
Muzaffarnagar,2023-10-28 02:00:00,temp,19.3,19.534654508313658,1,1,1,157.25283650851372
Muzaffarnagar,2023-10-29 02:45:00,temp,19.4,19.389555802624034,1,1,1,157.25283650851372
Muzaffarnagar,2023-10-30 02:00:00,temp,19.4,19.440297926021977,1,1,1,157.25283650851372
Muzaffarpur,2023-10-15 02:30:00,temp,22.7,23.298710846767538,2,1,2,156.3603196546958
Muzaffarpur,2023-10-16 02:30:00,temp,23.7,23.461697786777492,2,1,2,156.3603196546958
Muzaffarpur,2023-10-17 02:15:00,temp,23.5,24.36214639634108,2,1,2,156.3603196546958
Muzaffarpur,2023-10-18 02:30:00,temp,22.8,24.199567512060383,2,1,2,156.3603196546958
Muzaffarpur,2023-10-19 02:15:00,temp,21.3,23.607375251000523,2,1,2,156.3603196546958
Muzaffarpur,2023-10-20 02:30:00,temp,21.1,22.31964876528201,2,1,2,156.3603196546958
Muzaffarpur,2023-10-21 02:15:00,temp,20.9,21.65019629810985,2,1,2,156.3603196546958
Muzaffarpur,2023-10-22 02:15:00,temp,20.9,21.444153535698874,2,1,2,156.3603196546958
Muzaffarpur,2023-10-23 02:15:00,temp,20.6,21.34414277303547,2,1,2,156.3603196546958
Muzaffarpur,2023-10-24 02:15:00,temp,21.9,20.96015957117828,2,1,2,156.3603196546958
Muzaffarpur,2023-10-25 02:15:00,temp,22.6,22.130414171652355,2,1,2,156.3603196546958
Muzaffarpur,2023-10-26 02:00:00,temp,22.0,22.644659622681488,2,1,2,156.3603196546958
Muzaffarpur,2023-10-27 02:15:00,temp,21.5,21.87148160194277,2,1,2,156.3603196546958
Muzaffarpur,2023-10-28 02:00:00,temp,22.2,21.41228219387284,2,1,2,156.3603196546958
Muzaffarpur,2023-10-29 02:30:00,temp,21.9,22.242299847197014,2,1,2,156.3603196546958
Muzaffarpur,2023-10-30 01:45:00,temp,21.5,21.843627025199076,2,1,2,156.3603196546958
Mysore,2023-10-15 02:30:00,temp,20.3,20.289533424216774,1,0,0,105.31780581141992
Mysore,2023-10-16 02:30:00,temp,21.1,20.493263797503285,1,0,0,105.31780581141992
Mysore,2023-10-17 02:30:00,temp,20.9,20.909753082661133,1,0,0,105.31780581141992
Mysore,2023-10-18 02:30:00,temp,21.4,20.80928307512337,1,0,0,105.31780581141992
Mysore,2023-10-19 02:15:00,temp,23.3,21.073825992358007,1,0,0,105.31780581141992
Mysore,2023-10-20 02:30:00,temp,20.9,22.18048547419386,1,0,0,105.31780581141992
Mysore,2023-10-21 02:15:00,temp,22.6,20.83772527904519,1,0,0,105.31780581141992
Mysore,2023-10-22 02:15:00,temp,22.4,21.671592044047344,1,0,0,105.31780581141992
Mysore,2023-10-23 02:15:00,temp,22.6,21.636759224782228,1,0,0,105.31780581141992
Mysore,2023-10-24 02:15:00,temp,19.3,21.809257357062524,1,0,0,105.31780581141992
Mysore,2023-10-25 02:15:00,temp,19.1,20.148724266262583,1,0,0,105.31780581141992
Mysore,2023-10-26 02:00:00,temp,19.0,19.987003953274176,1,0,0,105.31780581141992
Mysore,2023-10-27 02:15:00,temp,19.4,19.866846379371143,1,0,0,105.31780581141992
Mysore,2023-10-28 02:00:00,temp,20.8,20.04160482258408,1,0,0,105.31780581141992
Mysore,2023-10-29 02:45:00,temp,20.5,20.78207889574319,1,0,0,105.31780581141992
Mysore,2023-10-30 02:00:00,temp,20.9,20.626518902204968,1,0,0,105.31780581141992
Nadia,2023-10-15 02:30:00,temp,23.3,24.411221776784828,0,1,1,114.93308281216089
Nadia,2023-10-16 02:30:00,temp,23.9,23.637960816624023,0,1,1,114.93308281216089
Nadia,2023-10-17 02:30:00,temp,23.7,23.819448489938022,0,1,1,114.93308281216089
Nadia,2023-10-18 02:30:00,temp,24.0,23.738661290677403,0,1,1,114.93308281216089
Nadia,2023-10-19 02:15:00,temp,23.7,23.915053540870947,0,1,1,114.93308281216089
Nadia,2023-10-20 02:30:00,temp,22.7,23.770157402649232,0,1,1,114.93308281216089
Nadia,2023-10-21 02:15:00,temp,22.1,23.04476664226425,0,1,1,114.93308281216089
Nadia,2023-10-22 02:15:00,temp,21.8,22.370209461652475,0,1,1,114.93308281216089
Nadia,2023-10-23 02:15:00,temp,23.0,21.952675324311674,0,1,1,114.93308281216089
Nadia,2023-10-24 02:15:00,temp,22.8,22.690360199244488,0,1,1,114.93308281216089
Nadia,2023-10-25 02:15:00,temp,23.2,22.767530300678075,0,1,1,114.93308281216089
Nadia,2023-10-26 02:00:00,temp,26.2,23.0721012937267,0,1,1,114.93308281216089
Nadia,2023-10-27 02:15:00,temp,23.3,25.40527304582156,0,1,1,114.93308281216089
Nadia,2023-10-28 02:00:00,temp,24.4,23.94533766069618,0,1,1,114.93308281216089
Nadia,2023-10-29 02:45:00,temp,21.9,24.224250971742396,0,1,1,114.93308281216089
Nadia,2023-10-30 02:00:00,temp,22.0,22.827775095002046,0,1,1,114.93308281216089
Nagaon,2023-10-15 02:30:00,temp,20.2,22.438202285636297,2,1,2,132.92537803419486
Nagaon,2023-10-16 02:30:00,temp,21.3,21.204922514845382,2,1,2,132.92537803419486
Nagaon,2023-10-17 02:15:00,temp,23.9,21.665919574305704,2,1,2,132.92537803419486
Nagaon,2023-10-18 02:30:00,temp,21.8,22.211583888566825,2,1,2,132.92537803419486
Nagaon,2023-10-19 02:15:00,temp,21.4,21.230727542208705,2,1,2,132.92537803419486
Nagaon,2023-10-20 02:30:00,temp,24.5,22.47190498407888,2,1,2,132.92537803419486
Nagaon,2023-10-21 02:15:00,temp,24.3,24.18125394777101,2,1,2,132.92537803419486
Nagaon,2023-10-22 02:15:00,temp,24.8,23.55085340878291,2,1,2,132.92537803419486
Nagaon,2023-10-23 02:15:00,temp,20.5,24.16485846221362,2,1,2,132.92537803419486
Nagaon,2023-10-24 02:15:00,temp,20.8,23.12949424323923,2,1,2,132.92537803419486
Nagaon,2023-10-25 02:15:00,temp,22.6,22.777315657694775,2,1,2,132.92537803419486
Nagaon,2023-10-26 02:00:00,temp,22.6,21.535398091142646,2,1,2,132.92537803419486
Nagaon,2023-10-27 02:15:00,temp,20.7,20.247827383034714,2,1,2,132.92537803419486
Nagaon,2023-10-28 02:00:00,temp,19.7,20.512168693955026,2,1,2,132.92537803419486
Nagaon,2023-10-29 02:30:00,temp,20.4,21.89733002133553,2,1,2,132.92537803419486
Nagaon,2023-10-30 01:45:00,temp,22.2,21.930638146708024,2,1,2,132.92537803419486
Nagapattinam,2023-10-15 02:30:00,temp,26.1,26.72178450052455,2,0,2,90.26460758598364
Nagapattinam,2023-10-16 02:30:00,temp,26.7,26.525453606150336,2,0,2,90.26460758598364
Nagapattinam,2023-10-17 02:30:00,temp,26.2,26.463506808086745,2,0,2,90.26460758598364
Nagapattinam,2023-10-18 02:30:00,temp,26.5,26.530476595803986,2,0,2,90.26460758598364
Nagapattinam,2023-10-19 02:30:00,temp,26.4,26.63998705168706,2,0,2,90.26460758598364
Nagapattinam,2023-10-20 02:30:00,temp,26.1,26.630930218602217,2,0,2,90.26460758598364
Nagapattinam,2023-10-21 02:15:00,temp,26.2,26.400496694657445,2,0,2,90.26460758598364
Nagapattinam,2023-10-22 02:30:00,temp,26.1,26.355483369120947,2,0,2,90.26460758598364
Nagapattinam,2023-10-23 02:15:00,temp,26.3,26.486527215887858,2,0,2,90.26460758598364
Nagapattinam,2023-10-24 02:15:00,temp,25.7,26.629420171432617,2,0,2,90.26460758598364
Nagapattinam,2023-10-25 02:30:00,temp,26.6,26.20227226987938,2,0,2,90.26460758598364
Nagapattinam,2023-10-26 02:00:00,temp,26.5,26.808572737746285,2,0,2,90.26460758598364
Nagapattinam,2023-10-27 02:30:00,temp,26.4,26.310288794737346,2,0,2,90.26460758598364
Nagapattinam,2023-10-28 02:00:00,temp,25.8,26.361986760506795,2,0,2,90.26460758598364
Nagapattinam,2023-10-29 02:45:00,temp,26.6,26.365331663410217,2,0,2,90.26460758598364
Nagapattinam,2023-10-30 02:00:00,temp,26.2,26.4675708806549,2,0,2,90.26460758598364
Nagar,2023-10-15 02:30:00,temp,19.7,21.081010749244207,2,1,2,179.28397914489656
Nagar,2023-10-16 02:30:00,temp,20.9,20.217824489464896,2,1,2,179.28397914489656
Nagar,2023-10-17 02:30:00,temp,19.7,19.863574876702465,2,1,2,179.28397914489656
Nagar,2023-10-18 02:30:00,temp,18.6,19.858400832419683,2,1,2,179.28397914489656
Nagar,2023-10-19 02:15:00,temp,18.7,19.990872409048887,2,1,2,179.28397914489656
Nagar,2023-10-19 02:30:00,temp,18.7,18.509064403271125,2,1,2,179.28397914489656
Nagar,2023-10-20 02:30:00,temp,18.4,18.19195445069063,2,1,2,179.28397914489656
Nagar,2023-10-21 02:15:00,temp,17.3,18.808928908245967,2,1,2,179.28397914489656
Nagar,2023-10-22 02:15:00,temp,16.7,17.899089862089117,2,1,2,179.28397914489656
Nagar,2023-10-22 02:30:00,temp,16.7,17.029937307138148,2,1,2,179.28397914489656
Nagar,2023-10-23 02:15:00,temp,15.7,16.634863044941987,2,1,2,179.28397914489656
Nagar,2023-10-24 02:15:00,temp,16.1,15.937672719095154,2,1,2,179.28397914489656
Nagar,2023-10-25 02:15:00,temp,16.6,16.32771442935916,2,1,2,179.28397914489656
Nagar,2023-10-25 02:30:00,temp,16.6,16.052733377917058,2,1,2,179.28397914489656
Nagar,2023-10-26 02:00:00,temp,16.3,16.54848155868321,2,1,2,179.28397914489656
Nagar,2023-10-27 02:15:00,temp,15.9,16.633909590653463,2,1,2,179.28397914489656
Nagar,2023-10-27 02:30:00,temp,15.9,16.025647785132676,2,1,2,179.28397914489656
Nagar,2023-10-28 02:00:00,temp,15.8,15.892770509562297,2,1,2,179.28397914489656
Nagar,2023-10-29 02:30:00,temp,16.4,15.788749962615668,2,1,2,179.28397914489656
Nagar,2023-10-29 02:45:00,temp,16.4,16.26471838044316,2,1,2,179.28397914489656
Nagar,2023-10-30 01:45:00,temp,16.7,16.20578412239541,2,1,2,179.28397914489656
Nagar,2023-10-30 02:00:00,temp,16.4,16.756311568958107,2,1,2,179.28397914489656
Nagaur,2023-10-15 02:30:00,temp,27.7,27.962124572553673,2,0,2,171.79570903311782
Nagaur,2023-10-16 02:30:00,temp,27.2,27.881484597230966,2,0,2,171.79570903311782
Nagaur,2023-10-17 02:30:00,temp,23.3,27.515501926863625,2,0,2,171.79570903311782
Nagaur,2023-10-18 02:30:00,temp,22.0,26.36616521322545,2,0,2,171.79570903311782
Nagaur,2023-10-19 02:30:00,temp,23.7,24.23930093458313,2,0,2,171.79570903311782
Nagaur,2023-10-20 02:30:00,temp,25.0,24.363795483021605,2,0,2,171.79570903311782
Nagaur,2023-10-21 02:15:00,temp,25.4,26.831415610428216,2,0,2,171.79570903311782
Nagaur,2023-10-22 02:30:00,temp,25.7,28.76743507322834,2,0,2,171.79570903311782
Nagaur,2023-10-23 02:15:00,temp,25.3,27.35091780881688,2,0,2,171.79570903311782
Nagaur,2023-10-24 02:15:00,temp,24.3,26.115223320244866,2,0,2,171.79570903311782
Nagaur,2023-10-25 02:30:00,temp,24.8,25.558596193616726,2,0,2,171.79570903311782
Nagaur,2023-10-26 02:00:00,temp,24.5,25.64579042718896,2,0,2,171.79570903311782
Nagaur,2023-10-27 02:15:00,temp,24.6,25.41676700342607,2,0,2,171.79570903311782
Nagaur,2023-10-28 02:00:00,temp,26.1,25.4259645664902,2,0,2,171.79570903311782
Nagaur,2023-10-29 02:45:00,temp,25.9,26.16159959374437,2,0,2,171.79570903311782
Nagaur,2023-10-30 02:00:00,temp,25.6,26.206840279644176,2,0,2,171.79570903311782
Nagpur,2023-10-15 02:30:00,temp,23.0,24.60999620782255,0,1,1,139.35475739473628
Nagpur,2023-10-16 02:30:00,temp,24.0,24.243991204689284,0,1,1,139.35475739473628
Nagpur,2023-10-17 02:30:00,temp,24.0,24.17882659369193,0,1,1,139.35475739473628
Nagpur,2023-10-18 02:30:00,temp,25.0,24.1331247533456,0,1,1,139.35475739473628
Nagpur,2023-10-19 02:30:00,temp,26.0,24.337073567141775,0,1,1,139.35475739473628
Nagpur,2023-10-20 02:30:00,temp,25.0,24.666099702479077,0,1,1,139.35475739473628
Nagpur,2023-10-21 02:15:00,temp,23.0,24.73221021169249,0,1,1,139.35475739473628
Nagpur,2023-10-22 02:30:00,temp,22.0,24.408682294960226,0,1,1,139.35475739473628
Nagpur,2023-10-23 02:15:00,temp,22.0,23.914305666916256,0,1,1,139.35475739473628
Nagpur,2023-10-24 02:15:00,temp,21.0,23.25687486238473,0,1,1,139.35475739473628
Nagpur,2023-10-25 02:15:00,temp,21.0,21.84438264671678,0,1,1,139.35475739473628
Nagpur,2023-10-26 02:00:00,temp,20.0,21.335500906982965,0,1,1,139.35475739473628
Nagpur,2023-10-27 02:15:00,temp,20.0,20.551081197182853,0,1,1,139.35475739473628
Nagpur,2023-10-28 02:00:00,temp,20.0,20.21885435024575,0,1,1,139.35475739473628
Nagpur,2023-10-29 02:45:00,temp,19.0,20.08901801813638,0,1,1,139.35475739473628
Nagpur,2023-10-30 02:00:00,temp,20.0,19.438289267803043,0,1,1,139.35475739473628
Nalbari,2023-10-15 02:30:00,temp,20.8,21.175883699914195,0,1,1,156.92817143858716
Nalbari,2023-10-16 02:30:00,temp,20.6,20.91558540016172,0,1,1,156.92817143858716
Nalbari,2023-10-17 02:15:00,temp,21.6,20.69669657922793,0,1,1,156.92817143858716
Nalbari,2023-10-18 02:30:00,temp,20.3,21.315850312334124,0,1,1,156.92817143858716
Nalbari,2023-10-19 02:15:00,temp,20.1,20.63019991430651,0,1,1,156.92817143858716
Nalbari,2023-10-20 02:30:00,temp,20.0,20.268896940035866,0,1,1,156.92817143858716
Nalbari,2023-10-21 02:15:00,temp,19.8,20.084878520449582,0,1,1,156.92817143858716
Nalbari,2023-10-22 02:15:00,temp,19.9,19.88979773941985,0,1,1,156.92817143858716
Nalbari,2023-10-23 02:15:00,temp,19.9,19.8968039671847,0,1,1,156.92817143858716
Nalbari,2023-10-24 02:15:00,temp,20.7,19.898994700069096,0,1,1,156.92817143858716
Nalbari,2023-10-25 02:15:00,temp,19.8,20.44578437257178,0,1,1,156.92817143858716
Nalbari,2023-10-26 02:00:00,temp,24.0,20.00803948382527,0,1,1,156.92817143858716
Nalbari,2023-10-27 02:15:00,temp,19.5,22.624083818046063,0,1,1,156.92817143858716
Nalbari,2023-10-28 02:00:00,temp,23.0,20.74764089282155,0,1,1,156.92817143858716
Nalbari,2023-10-29 02:30:00,temp,22.0,21.899586453272963,0,1,1,156.92817143858716
Nalbari,2023-10-30 01:45:00,temp,22.0,21.952119851838066,0,1,1,156.92817143858716
Nalgonda,2023-10-15 02:30:00,temp,25.5,24.9595435580552,0,0,1,119.2670486560903
Nalgonda,2023-10-16 02:30:00,temp,26.5,25.21669837311219,0,0,1,119.2670486560903
Nalgonda,2023-10-17 02:30:00,temp,24.8,25.646625599043357,0,0,1,119.2670486560903
Nalgonda,2023-10-18 02:30:00,temp,24.7,24.54220935519494,0,0,1,119.2670486560903
Nalgonda,2023-10-19 02:30:00,temp,24.5,25.04103965388132,0,0,1,119.2670486560903
Nalgonda,2023-10-20 02:30:00,temp,24.0,24.686362831815565,0,0,1,119.2670486560903
Nalgonda,2023-10-21 02:30:00,temp,24.8,24.589236728139173,0,0,1,119.2670486560903
Nalgonda,2023-10-22 02:30:00,temp,23.7,25.04088951722619,0,0,1,119.2670486560903
Nalgonda,2023-10-23 02:15:00,temp,21.9,24.23597483808707,0,0,1,119.2670486560903
Nalgonda,2023-10-24 02:15:00,temp,20.1,23.58871708255449,0,0,1,119.2670486560903
Nalgonda,2023-10-25 02:30:00,temp,21.4,22.64666765502164,0,0,1,119.2670486560903
Nalgonda,2023-10-26 02:00:00,temp,21.5,23.95013372863903,0,0,1,119.2670486560903
Nalgonda,2023-10-27 02:30:00,temp,20.6,23.08588370146132,0,0,1,119.2670486560903
Nalgonda,2023-10-28 02:00:00,temp,23.9,22.963392157968812,0,0,1,119.2670486560903
Nalgonda,2023-10-29 02:45:00,temp,24.9,25.22964413619334,0,0,1,119.2670486560903
Nalgonda,2023-10-30 02:00:00,temp,24.1,24.358958095342032,0,0,1,119.2670486560903
Namakkal,2023-10-15 02:30:00,temp,21.0,22.12410912554233,0,1,1,74.09510248442898
Namakkal,2023-10-16 02:30:00,temp,23.0,21.67426003954789,0,1,1,74.09510248442898
Namakkal,2023-10-17 02:30:00,temp,21.7,22.16221228018057,0,1,1,74.09510248442898
Namakkal,2023-10-18 02:30:00,temp,21.8,22.033279083165546,0,1,1,74.09510248442898
Namakkal,2023-10-19 02:30:00,temp,21.2,21.965935723432676,0,1,1,74.09510248442898
Namakkal,2023-10-20 02:30:00,temp,21.1,21.731336398234134,0,1,1,74.09510248442898
Namakkal,2023-10-21 02:15:00,temp,21.4,21.50886734953427,0,1,1,74.09510248442898
Namakkal,2023-10-22 02:30:00,temp,22.5,21.46895379008624,0,1,1,74.09510248442898
Namakkal,2023-10-23 02:15:00,temp,22.0,21.797303340955384,0,1,1,74.09510248442898
Namakkal,2023-10-24 02:15:00,temp,22.0,21.856562421185338,0,1,1,74.09510248442898
Namakkal,2023-10-25 02:30:00,temp,21.9,21.89890781845821,0,1,1,74.09510248442898
Namakkal,2023-10-26 02:00:00,temp,21.5,21.89915637001867,0,1,1,74.09510248442898
Namakkal,2023-10-27 02:30:00,temp,20.9,21.78301270768636,0,1,1,74.09510248442898
Namakkal,2023-10-28 02:00:00,temp,22.3,21.520453905799215,0,1,1,74.09510248442898
Namakkal,2023-10-29 02:45:00,temp,20.8,21.750809412941184,0,1,1,74.09510248442898
Namakkal,2023-10-30 02:00:00,temp,21.2,21.491882105776565,0,1,1,74.09510248442898
Nanded,2023-10-15 02:30:00,temp,22.9,23.5358871312466,2,0,1,116.41402859096654
Nanded,2023-10-16 02:30:00,temp,22.8,22.747794758453786,2,0,1,116.41402859096654
Nanded,2023-10-17 02:30:00,temp,22.9,23.228608328068777,2,0,1,116.41402859096654
Nanded,2023-10-18 02:30:00,temp,23.5,22.79752756568571,2,0,1,116.41402859096654
Nanded,2023-10-19 02:30:00,temp,22.2,23.689329802719744,2,0,1,116.41402859096654
Nanded,2023-10-20 02:30:00,temp,22.1,22.155506428049954,2,0,1,116.41402859096654
Nanded,2023-10-21 02:15:00,temp,22.2,22.558471287952536,2,0,1,116.41402859096654
Nanded,2023-10-22 02:30:00,temp,20.7,22.240141866385116,2,0,1,116.41402859096654
Nanded,2023-10-23 02:15:00,temp,19.7,21.65615336363335,2,0,1,116.41402859096654
Nanded,2023-10-24 02:15:00,temp,19.9,20.48664382671142,2,0,1,116.41402859096654
Nanded,2023-10-25 02:15:00,temp,19.3,21.160395355245,2,0,1,116.41402859096654
Nanded,2023-10-26 02:00:00,temp,18.9,20.057337011010144,2,0,1,116.41402859096654
Nanded,2023-10-27 02:15:00,temp,18.4,19.587033871489517,2,0,1,116.41402859096654
Nanded,2023-10-28 02:00:00,temp,18.9,18.94083625692778,2,0,1,116.41402859096654
Nanded,2023-10-29 02:45:00,temp,19.3,19.269342173904473,2,0,1,116.41402859096654
Nanded,2023-10-30 02:00:00,temp,19.6,19.615640770136714,2,0,1,116.41402859096654
Nandi Hills,2023-10-15 02:30:00,temp,22.0,21.28260375800527,0,0,0,124.93069418087528
Nandi Hills,2023-10-16 02:30:00,temp,22.0,21.297867400088194,0,0,0,124.93069418087528
Nandi Hills,2023-10-17 02:15:00,temp,22.0,21.312495208678857,0,0,0,124.93069418087528
Nandi Hills,2023-10-18 02:30:00,temp,21.0,21.326525760840774,0,0,0,124.93069418087528
Nandi Hills,2023-10-19 02:15:00,temp,21.0,21.319995049446526,0,0,0,124.93069418087528
Nandi Hills,2023-10-20 02:30:00,temp,21.0,21.313720494138884,0,0,0,124.93069418087528
Nandi Hills,2023-10-21 02:15:00,temp,21.0,21.307687271090913,0,0,0,124.93069418087528
Nandi Hills,2023-10-22 02:15:00,temp,22.0,21.30188163962036,0,0,0,124.93069418087528
Nandi Hills,2023-10-23 02:15:00,temp,21.0,21.314809993887305,0,0,0,124.93069418087528
Nandi Hills,2023-10-24 02:15:00,temp,19.0,21.309086011043608,0,0,0,124.93069418087528
Nandi Hills,2023-10-25 02:15:00,temp,19.0,21.267852153343593,0,0,0,124.93069418087528
Nandi Hills,2023-10-26 02:00:00,temp,18.0,21.228065139939464,0,0,0,124.93069418087528
Nandi Hills,2023-10-27 02:15:00,temp,21.0,21.17240874882611,0,0,0,124.93069418087528
Nandi Hills,2023-10-28 02:00:00,temp,21.0,21.169486481512315,0,0,0,124.93069418087528
Nandi Hills,2023-10-29 02:30:00,temp,21.0,21.166661593467335,0,0,0,124.93069418087528
Nandi Hills,2023-10-30 01:45:00,temp,21.0,21.163929356808648,0,0,0,124.93069418087528
Nandurbar,2023-10-15 02:30:00,temp,27.0,26.82164962409058,0,0,2,124.85550098455109
Nandurbar,2023-10-16 02:30:00,temp,26.0,25.216298587563188,0,0,2,124.85550098455109
Nandurbar,2023-10-17 02:30:00,temp,25.5,24.988973521397003,0,0,2,124.85550098455109
Nandurbar,2023-10-18 02:30:00,temp,25.5,25.292624472683638,0,0,2,124.85550098455109
Nandurbar,2023-10-19 02:30:00,temp,25.1,24.717749162978276,0,0,2,124.85550098455109
Nandurbar,2023-10-20 02:30:00,temp,25.3,24.64646701886228,0,0,2,124.85550098455109
Nandurbar,2023-10-21 02:15:00,temp,25.3,25.149098847537836,0,0,2,124.85550098455109
Nandurbar,2023-10-22 02:30:00,temp,27.0,24.860495238579354,0,0,2,124.85550098455109
Nandurbar,2023-10-23 02:15:00,temp,25.6,26.67806337256229,0,0,2,124.85550098455109
Nandurbar,2023-10-24 02:15:00,temp,25.3,24.997679136473604,0,0,2,124.85550098455109
Nandurbar,2023-10-25 02:15:00,temp,25.0,23.484809793348234,0,0,2,124.85550098455109
Nandurbar,2023-10-26 02:00:00,temp,23.5,25.639815222811887,0,0,2,124.85550098455109
Nandurbar,2023-10-27 02:15:00,temp,23.1,23.205218735030844,0,0,2,124.85550098455109
Nandurbar,2023-10-28 02:00:00,temp,23.2,22.998981885949746,0,0,2,124.85550098455109
Nandurbar,2023-10-29 02:45:00,temp,23.1,24.24034840255456,0,0,2,124.85550098455109
Nandurbar,2023-10-30 02:00:00,temp,23.3,23.287618172795806,0,0,2,124.85550098455109
Narayanpet,2023-10-15 02:30:00,temp,25.6,23.86214789804208,2,0,1,138.62857448065742
Narayanpet,2023-10-16 02:30:00,temp,25.5,24.13396012966426,2,0,1,138.62857448065742
Narayanpet,2023-10-17 02:30:00,temp,25.1,24.089294038861528,2,0,1,138.62857448065742
Narayanpet,2023-10-18 02:30:00,temp,24.3,23.93749965573972,2,0,1,138.62857448065742
Narayanpet,2023-10-19 02:30:00,temp,23.8,23.54309934202422,2,0,1,138.62857448065742
Narayanpet,2023-10-20 02:30:00,temp,23.7,23.360014331005036,2,0,1,138.62857448065742
Narayanpet,2023-10-21 02:30:00,temp,24.2,23.418964264944513,2,0,1,138.62857448065742
Narayanpet,2023-10-22 02:30:00,temp,24.8,23.790345388364393,2,0,1,138.62857448065742
Narayanpet,2023-10-23 02:15:00,temp,22.7,24.154702886569105,2,0,1,138.62857448065742
Narayanpet,2023-10-24 02:15:00,temp,21.4,23.05351886345389,2,0,1,138.62857448065742
Narayanpet,2023-10-25 02:30:00,temp,21.6,22.786549007309656,2,0,1,138.62857448065742
Narayanpet,2023-10-26 02:00:00,temp,21.3,22.79967612523868,2,0,1,138.62857448065742
Narayanpet,2023-10-27 02:30:00,temp,20.8,22.811339008827186,2,0,1,138.62857448065742
Narayanpet,2023-10-28 02:00:00,temp,20.8,22.08351073392095,2,0,1,138.62857448065742
Narayanpet,2023-10-29 02:45:00,temp,23.3,21.968284401692184,2,0,1,138.62857448065742
Narayanpet,2023-10-30 02:00:00,temp,23.4,23.862884381543253,2,0,1,138.62857448065742
Narayanpur,2023-10-15 02:30:00,temp,27.7,26.267131207052902,2,0,2,130.79358183357266
Narayanpur,2023-10-16 02:30:00,temp,26.8,26.975054012814354,2,0,2,130.79358183357266
Narayanpur,2023-10-17 02:30:00,temp,21.5,26.892092790216577,2,0,2,130.79358183357266
Narayanpur,2023-10-18 02:30:00,temp,23.0,23.262559527333877,2,0,2,130.79358183357266
Narayanpur,2023-10-19 02:15:00,temp,23.7,23.08623834842218,2,0,2,130.79358183357266
Narayanpur,2023-10-20 02:30:00,temp,23.5,25.804551297007702,2,0,2,130.79358183357266
Narayanpur,2023-10-21 02:15:00,temp,23.6,25.234215651318628,2,0,2,130.79358183357266
Narayanpur,2023-10-22 02:15:00,temp,23.8,24.97250323180586,2,0,2,130.79358183357266
Narayanpur,2023-10-23 02:15:00,temp,23.4,25.064496798236036,2,0,2,130.79358183357266
Narayanpur,2023-10-24 02:15:00,temp,22.4,24.42940490793877,2,0,2,130.79358183357266
Narayanpur,2023-10-25 02:15:00,temp,22.4,23.527301677114796,2,0,2,130.79358183357266
Narayanpur,2023-10-26 02:00:00,temp,22.8,23.484903699779185,2,0,2,130.79358183357266
Narayanpur,2023-10-27 02:15:00,temp,21.7,23.806388910884714,2,0,2,130.79358183357266
Narayanpur,2023-10-28 02:00:00,temp,22.0,22.823700567593136,2,0,2,130.79358183357266
Narayanpur,2023-10-29 02:30:00,temp,23.0,22.69696691467844,2,0,2,130.79358183357266
Narayanpur,2023-10-30 01:45:00,temp,24.3,23.95685511308642,2,0,2,130.79358183357266
Narsimhapur,2023-10-16 02:30:00,temp,22.6,23.828034036645327,0,1,1,136.775243819659
Narsimhapur,2023-10-17 02:15:00,temp,21.5,22.974681599073346,0,1,1,136.775243819659
Narsimhapur,2023-10-18 02:15:00,temp,22.0,21.945576577911787,0,1,1,136.775243819659
Narsimhapur,2023-10-19 02:15:00,temp,22.3,21.984443118848233,0,1,1,136.775243819659
Narsimhapur,2023-10-20 02:15:00,temp,20.9,22.202472000534527,0,1,1,136.775243819659
Narsimhapur,2023-10-21 02:00:00,temp,20.6,21.31055484803063,0,1,1,136.775243819659
Narsimhapur,2023-10-22 02:15:00,temp,20.2,20.803824316894527,0,1,1,136.775243819659
Narsimhapur,2023-10-23 02:00:00,temp,19.6,20.367580814599766,0,1,1,136.775243819659
Narsimhapur,2023-10-24 02:00:00,temp,18.8,19.80483998829685,0,1,1,136.775243819659
Narsimhapur,2023-10-25 02:15:00,temp,18.8,19.04951819096445,0,1,1,136.775243819659
Narsimhapur,2023-10-26 02:00:00,temp,18.9,18.86011235203791,0,1,1,136.775243819659
Narsimhapur,2023-10-27 02:15:00,temp,18.8,18.890178585284918,0,1,1,136.775243819659
Narsimhapur,2023-10-28 02:00:00,temp,18.9,18.822343672140356,0,1,1,136.775243819659
Narsimhapur,2023-10-29 02:30:00,temp,18.4,18.880745694299986,0,1,1,136.775243819659
Narsimhapur,2023-10-30 01:45:00,temp,19.2,18.51946682435318,0,1,1,136.775243819659
Navsari,2023-10-15 02:30:00,temp,26.8,27.01021208474906,2,0,1,75.26217196978423
Navsari,2023-10-16 02:30:00,temp,26.3,26.639508820927976,2,0,1,75.26217196978423
Navsari,2023-10-17 02:15:00,temp,27.2,26.18449578497937,2,0,1,75.26217196978423
Navsari,2023-10-18 02:15:00,temp,26.4,26.77342918992479,2,0,1,75.26217196978423
Navsari,2023-10-19 02:15:00,temp,25.4,26.08410538170133,2,0,1,75.26217196978423
Navsari,2023-10-20 02:30:00,temp,25.1,25.358977336816572,2,0,1,75.26217196978423
Navsari,2023-10-21 02:15:00,temp,26.5,25.200716238502224,2,0,1,75.26217196978423
Navsari,2023-10-22 02:15:00,temp,27.0,26.191630361715134,2,0,1,75.26217196978423
Navsari,2023-10-23 02:00:00,temp,25.7,26.472338799964362,2,0,1,75.26217196978423
Navsari,2023-10-24 02:15:00,temp,26.6,25.534624850483265,2,0,1,75.26217196978423
Navsari,2023-10-25 02:15:00,temp,25.2,26.369338817423877,2,0,1,75.26217196978423
Navsari,2023-10-26 02:00:00,temp,24.8,25.22429711835699,2,0,1,75.26217196978423
Navsari,2023-10-27 02:15:00,temp,24.4,25.037786945202374,2,0,1,75.26217196978423
Navsari,2023-10-28 02:00:00,temp,23.7,24.86998397647992,2,0,1,75.26217196978423
Navsari,2023-10-29 02:30:00,temp,24.0,24.480206017594234,2,0,1,75.26217196978423
Navsari,2023-10-30 01:45:00,temp,24.6,24.830168572281178,2,0,1,75.26217196978423
Nawada,2023-10-15 02:30:00,temp,21.7,22.4,0,1,0,149.99013484102662
Nawada,2023-10-16 02:30:00,temp,23.4,21.7,0,1,0,149.99013484102662
Nawada,2023-10-17 02:15:00,temp,22.9,23.4,0,1,0,149.99013484102662
Nawada,2023-10-18 02:30:00,temp,23.2,22.9,0,1,0,149.99013484102662
Nawada,2023-10-19 02:15:00,temp,21.3,23.2,0,1,0,149.99013484102662
Nawada,2023-10-20 02:30:00,temp,21.3,21.3,0,1,0,149.99013484102662
Nawada,2023-10-21 02:15:00,temp,20.1,21.3,0,1,0,149.99013484102662
Nawada,2023-10-22 02:15:00,temp,20.2,20.1,0,1,0,149.99013484102662
Nawada,2023-10-23 02:00:00,temp,20.1,20.2,0,1,0,149.99013484102662
Nawada,2023-10-24 02:15:00,temp,21.0,20.1,0,1,0,149.99013484102662
Nawada,2023-10-25 02:15:00,temp,21.6,21.0,0,1,0,149.99013484102662
Nawada,2023-10-26 02:00:00,temp,20.4,21.6,0,1,0,149.99013484102662
Nawada,2023-10-27 02:15:00,temp,19.9,20.4,0,1,0,149.99013484102662
Nawada,2023-10-28 02:00:00,temp,22.2,19.9,0,1,0,149.99013484102662
Nawada,2023-10-29 02:30:00,temp,20.9,22.2,0,1,0,149.99013484102662
Nawada,2023-10-30 01:45:00,temp,21.0,20.9,0,1,0,149.99013484102662
Nayagarh,2023-10-15 02:30:00,temp,23.8,24.82438849334224,1,1,1,84.0529130143406
Nayagarh,2023-10-16 02:30:00,temp,23.0,24.20324978452097,1,1,1,84.0529130143406
Nayagarh,2023-10-17 02:30:00,temp,23.6,23.41273780582813,1,1,1,84.0529130143406
Nayagarh,2023-10-18 02:30:00,temp,23.3,23.811404421498242,1,1,1,84.0529130143406
Nayagarh,2023-10-19 02:30:00,temp,23.2,23.50547295182503,1,1,1,84.0529130143406
Nayagarh,2023-10-20 02:30:00,temp,23.1,23.3615196290054,1,1,1,84.0529130143406
Nayagarh,2023-10-21 02:15:00,temp,22.2,23.229044058945526,1,1,1,84.0529130143406
Nayagarh,2023-10-22 02:30:00,temp,22.2,22.431072182284428,1,1,1,84.0529130143406
Nayagarh,2023-10-23 02:15:00,temp,21.9,22.341541347481876,1,1,1,84.0529130143406
Nayagarh,2023-10-24 02:15:00,temp,21.8,22.027256711011972,1,1,1,84.0529130143406
Nayagarh,2023-10-25 02:15:00,temp,22.9,21.88841188686342,1,1,1,84.0529130143406
Nayagarh,2023-10-26 02:00:00,temp,24.9,22.78603951608103,1,1,1,84.0529130143406
Nayagarh,2023-10-27 02:15:00,temp,22.3,24.68217404045137,1,1,1,84.0529130143406
Nayagarh,2023-10-28 02:00:00,temp,20.9,22.572414710464315,1,1,1,84.0529130143406
Nayagarh,2023-10-29 02:45:00,temp,20.6,21.410620540361496,1,1,1,84.0529130143406
Nayagarh,2023-10-30 02:00:00,temp,21.0,20.976687864578246,1,1,1,84.0529130143406
Neemuch,2023-10-15 02:30:00,temp,22.7,23.643536215580706,2,0,2,90.07392679714062
Neemuch,2023-10-16 02:30:00,temp,22.4,22.874742008240972,2,0,2,90.07392679714062
Neemuch,2023-10-17 02:15:00,temp,22.0,22.6526334293505,2,0,2,90.07392679714062
Neemuch,2023-10-18 02:15:00,temp,21.6,22.33393072864781,2,0,2,90.07392679714062
Neemuch,2023-10-19 02:15:00,temp,21.9,22.010483828512516,2,0,2,90.07392679714062
Neemuch,2023-10-20 02:15:00,temp,22.1,22.096129912989895,2,0,2,90.07392679714062
Neemuch,2023-10-21 02:00:00,temp,22.1,22.229151506907503,2,0,2,90.07392679714062
Neemuch,2023-10-22 02:15:00,temp,23.5,22.257574991783386,2,0,2,90.07392679714062
Neemuch,2023-10-23 02:00:00,temp,22.2,23.239492493792188,2,0,2,90.07392679714062
Neemuch,2023-10-24 02:15:00,temp,22.2,22.944167002230692,2,0,2,90.07392679714062
Neemuch,2023-10-25 02:15:00,temp,21.7,22.340115836024534,2,0,2,90.07392679714062
Neemuch,2023-10-26 02:00:00,temp,21.7,22.090698602073275,2,0,2,90.07392679714062
Neemuch,2023-10-27 02:15:00,temp,20.6,21.991154773506874,2,0,2,90.07392679714062
Neemuch,2023-10-28 02:00:00,temp,20.5,21.276161675409817,2,0,2,90.07392679714062
Neemuch,2023-10-29 02:30:00,temp,21.8,20.833284189928452,2,0,2,90.07392679714062
Neemuch,2023-10-30 01:45:00,temp,21.9,21.602260211131387,2,0,2,90.07392679714062
Nellore,2023-10-15 02:30:00,temp,26.0,26.032669850552196,2,1,2,143.52381043764206
Nellore,2023-10-16 02:30:00,temp,26.5,26.012685160447123,2,1,2,143.52381043764206
Nellore,2023-10-17 02:15:00,temp,26.4,26.204100199351863,2,1,2,143.52381043764206
Nellore,2023-10-18 02:15:00,temp,26.1,26.09479823666358,2,1,2,143.52381043764206
Nellore,2023-10-19 02:15:00,temp,25.2,26.019135009295933,2,1,2,143.52381043764206
Nellore,2023-10-20 02:30:00,temp,25.3,25.821379457453798,2,1,2,143.52381043764206
Nellore,2023-10-21 02:15:00,temp,26.2,25.98985969439643,2,1,2,143.52381043764206
Nellore,2023-10-22 02:15:00,temp,26.6,26.269870112311384,2,1,2,143.52381043764206
Nellore,2023-10-23 02:00:00,temp,24.6,26.09793947629824,2,1,2,143.52381043764206
Nellore,2023-10-24 02:15:00,temp,24.0,25.136161681465833,2,1,2,143.52381043764206
Nellore,2023-10-25 02:15:00,temp,23.8,25.086861344334938,2,1,2,143.52381043764206
Nellore,2023-10-26 02:00:00,temp,24.3,24.952530606995893,2,1,2,143.52381043764206
Nellore,2023-10-27 02:15:00,temp,24.6,24.796098112137976,2,1,2,143.52381043764206
Nellore,2023-10-28 02:00:00,temp,25.8,24.35527716074246,2,1,2,143.52381043764206
Nellore,2023-10-29 02:30:00,temp,26.2,24.326530657059518,2,1,2,143.52381043764206
Nellore,2023-10-30 01:45:00,temp,26.5,24.201917800035197,2,1,2,143.52381043764206
New Delhi,2023-10-15 02:30:00,temp,24.0,25.844903812886287,2,1,2,173.70058655998946
New Delhi,2023-10-16 02:30:00,temp,26.0,24.613136037073804,2,1,2,173.70058655998946
New Delhi,2023-10-17 02:30:00,temp,19.0,26.41377381587993,2,1,2,173.70058655998946
New Delhi,2023-10-18 02:30:00,temp,21.0,18.566802397050523,2,1,2,173.70058655998946
New Delhi,2023-10-19 02:30:00,temp,21.0,22.800259768817995,2,1,2,173.70058655998946
New Delhi,2023-10-20 02:30:00,temp,21.0,22.50206016702452,2,1,2,173.70058655998946
New Delhi,2023-10-21 02:30:00,temp,20.0,20.8828032540661,2,1,2,173.70058655998946
New Delhi,2023-10-22 02:30:00,temp,21.0,20.372548731850532,2,1,2,173.70058655998946
New Delhi,2023-10-23 02:15:00,temp,21.0,21.464424120873463,2,1,2,173.70058655998946
New Delhi,2023-10-24 02:15:00,temp,22.0,21.417609196578262,2,1,2,173.70058655998946
New Delhi,2023-10-25 02:30:00,temp,21.0,21.934043448970694,2,1,2,173.70058655998946
New Delhi,2023-10-26 02:00:00,temp,22.0,20.896544231674504,2,1,2,173.70058655998946
New Delhi,2023-10-27 02:30:00,temp,21.0,21.82471877400906,2,1,2,173.70058655998946
New Delhi,2023-10-28 02:00:00,temp,20.0,20.88901908246612,2,1,2,173.70058655998946
New Delhi,2023-10-29 02:45:00,temp,20.0,20.178521460798176,2,1,2,173.70058655998946
New Delhi,2023-10-30 02:00:00,temp,22.0,20.350033342882682,2,1,2,173.70058655998946
Nirmal,2023-10-15 02:30:00,temp,22.7,22.86586504662271,0,0,2,102.0132696599027
Nirmal,2023-10-16 02:30:00,temp,22.1,22.99478900290016,0,0,2,102.0132696599027
Nirmal,2023-10-17 02:30:00,temp,22.1,22.482152565724554,0,0,2,102.0132696599027
Nirmal,2023-10-18 02:30:00,temp,22.3,22.280673079936395,0,0,2,102.0132696599027
Nirmal,2023-10-19 02:30:00,temp,21.7,22.74313501259398,0,0,2,102.0132696599027
Nirmal,2023-10-20 02:30:00,temp,22.3,22.46354064382403,0,0,2,102.0132696599027
Nirmal,2023-10-21 02:30:00,temp,21.8,22.26350185372447,0,0,2,102.0132696599027
Nirmal,2023-10-22 02:30:00,temp,20.4,22.59462775051308,0,0,2,102.0132696599027
Nirmal,2023-10-23 02:15:00,temp,19.9,21.64042914570328,0,0,2,102.0132696599027
Nirmal,2023-10-24 02:15:00,temp,19.5,20.756671083491533,0,0,2,102.0132696599027
Nirmal,2023-10-25 02:30:00,temp,19.2,21.231591479011335,0,0,2,102.0132696599027
Nirmal,2023-10-26 02:00:00,temp,19.2,20.944672280969186,0,0,2,102.0132696599027
Nirmal,2023-10-27 02:30:00,temp,18.6,20.430695188957,0,0,2,102.0132696599027
Nirmal,2023-10-28 02:00:00,temp,18.5,20.493542715453163,0,0,2,102.0132696599027
Nirmal,2023-10-29 02:45:00,temp,18.8,20.138085780951986,0,0,2,102.0132696599027
Nirmal,2023-10-30 02:00:00,temp,19.2,20.28602939372846,0,0,2,102.0132696599027
Niwari,2023-10-15 02:30:00,temp,24.0,25.97922808887452,2,1,2,164.99277870471735
Niwari,2023-10-16 02:30:00,temp,26.0,24.575122923753906,2,1,2,164.99277870471735
Niwari,2023-10-17 02:30:00,temp,19.0,26.500647249089546,2,1,2,164.99277870471735
Niwari,2023-10-18 02:30:00,temp,21.0,18.512822956793812,2,1,2,164.99277870471735
Niwari,2023-10-19 02:30:00,temp,21.0,22.823097320112367,2,1,2,164.99277870471735
Niwari,2023-10-20 02:30:00,temp,21.0,22.502028527161407,2,1,2,164.99277870471735
Niwari,2023-10-21 02:30:00,temp,20.0,22.100699032438655,2,1,2,164.99277870471735
Niwari,2023-10-22 02:30:00,temp,21.0,20.293520457630507,2,1,2,164.99277870471735
Niwari,2023-10-23 02:15:00,temp,21.0,21.382746563589002,2,1,2,164.99277870471735
Niwari,2023-10-24 02:15:00,temp,22.0,21.345481540393894,2,1,2,164.99277870471735
Niwari,2023-10-25 02:30:00,temp,21.0,22.02206110062311,2,1,2,164.99277870471735
Niwari,2023-10-26 02:00:00,temp,22.0,20.899090651148445,2,1,2,164.99277870471735
Niwari,2023-10-27 02:30:00,temp,21.0,21.616331040054423,2,1,2,164.99277870471735
Niwari,2023-10-28 02:00:00,temp,20.0,20.710994666454976,2,1,2,164.99277870471735
Niwari,2023-10-29 02:45:00,temp,20.0,20.026940948869306,2,1,2,164.99277870471735
Niwari,2023-10-30 02:00:00,temp,22.0,20.290527422484598,2,1,2,164.99277870471735
Nizamabad,2023-10-15 02:30:00,temp,22.7,22.699477238444544,1,0,0,101.21040297387653
Nizamabad,2023-10-16 02:30:00,temp,22.2,22.699499644295663,1,0,0,101.21040297387653
Nizamabad,2023-10-17 02:30:00,temp,22.0,22.41589313325159,1,0,0,101.21040297387653
Nizamabad,2023-10-18 02:30:00,temp,21.7,22.294302476716922,1,0,0,101.21040297387653
Nizamabad,2023-10-19 02:30:00,temp,21.6,22.105853488259832,1,0,0,101.21040297387653
Nizamabad,2023-10-20 02:30:00,temp,22.8,22.02552587746694,1,0,0,101.21040297387653
Nizamabad,2023-10-21 02:30:00,temp,22.5,22.729925284462972,1,0,0,101.21040297387653
Nizamabad,2023-10-22 02:30:00,temp,20.2,22.558964557131937,1,0,0,101.21040297387653
Nizamabad,2023-10-23 02:15:00,temp,19.3,21.228669242255066,1,0,0,101.21040297387653
Nizamabad,2023-10-24 02:15:00,temp,18.8,20.336536777397914,1,0,0,101.21040297387653
Nizamabad,2023-10-25 02:30:00,temp,18.8,19.64182053279925,1,0,0,101.21040297387653
Nizamabad,2023-10-26 02:00:00,temp,18.7,19.471223956148673,1,0,0,101.21040297387653
Nizamabad,2023-10-27 02:30:00,temp,18.0,19.263306655762534,1,0,0,101.21040297387653
Nizamabad,2023-10-28 02:00:00,temp,18.2,18.48087869007577,1,0,0,101.21040297387653
Nizamabad,2023-10-29 02:45:00,temp,18.8,18.616113186203005,1,0,0,101.21040297387653
Nizamabad,2023-10-30 02:00:00,temp,19.4,19.166108923389153,1,0,0,101.21040297387653
North Gauhati,2023-10-15 02:30:00,temp,20.8,22.343251876989253,0,1,1,164.6944006193629
North Gauhati,2023-10-16 02:30:00,temp,20.6,21.77815750958316,0,1,1,164.6944006193629
North Gauhati,2023-10-17 02:30:00,temp,21.6,21.304075744483075,0,1,1,164.6944006193629
North Gauhati,2023-10-18 02:30:00,temp,20.3,21.422753261812,0,1,1,164.6944006193629
North Gauhati,2023-10-19 02:30:00,temp,20.1,20.991121195623055,0,1,1,164.6944006193629
North Gauhati,2023-10-20 02:30:00,temp,20.0,20.633230563783712,0,1,1,164.6944006193629
North Gauhati,2023-10-21 02:30:00,temp,19.8,20.37351969729551,0,1,1,164.6944006193629
North Gauhati,2023-10-22 02:30:00,temp,19.9,20.13656779801982,0,1,1,164.6944006193629
North Gauhati,2023-10-23 02:15:00,temp,19.9,20.0389977887872,0,1,1,164.6944006193629
North Gauhati,2023-10-24 02:15:00,temp,20.7,19.982213564795764,0,1,1,164.6944006193629
North Gauhati,2023-10-25 02:30:00,temp,19.8,20.27162471558567,0,1,1,164.6944006193629
North Gauhati,2023-10-26 02:00:00,temp,24.0,20.08310243201719,0,1,1,164.6944006193629
North Gauhati,2023-10-27 02:30:00,temp,19.5,21.619309066869246,0,1,1,164.6944006193629
North Gauhati,2023-10-28 02:00:00,temp,23.0,20.780807617901154,0,1,1,164.6944006193629
North Gauhati,2023-10-29 02:45:00,temp,22.0,21.571500159257088,0,1,1,164.6944006193629
North Gauhati,2023-10-30 02:00:00,temp,22.0,21.73223355292989,0,1,1,164.6944006193629
Osmanabad,2023-10-15 02:30:00,temp,23.6,23.169944743846063,1,0,0,131.37566486787074
Osmanabad,2023-10-16 02:30:00,temp,23.8,23.378949275465565,1,0,0,131.37566486787074
Osmanabad,2023-10-17 02:30:00,temp,24.9,23.490676381543313,1,0,0,131.37566486787074
Osmanabad,2023-10-18 02:30:00,temp,23.3,24.106389183660085,1,0,0,131.37566486787074
Osmanabad,2023-10-19 02:30:00,temp,23.6,23.25051498286258,1,0,0,131.37566486787074
Osmanabad,2023-10-20 02:30:00,temp,23.3,23.407065992284007,1,0,0,131.37566486787074
Osmanabad,2023-10-21 02:15:00,temp,22.4,23.255328214539883,1,0,0,131.37566486787074
Osmanabad,2023-10-22 02:30:00,temp,23.2,22.793035346791008,1,0,0,131.37566486787074
Osmanabad,2023-10-23 02:15:00,temp,21.4,23.19654045203082,1,0,0,131.37566486787074
Osmanabad,2023-10-24 02:15:00,temp,21.3,22.286141010098152,1,0,0,131.37566486787074
Osmanabad,2023-10-25 02:15:00,temp,21.2,22.17145570983179,1,0,0,131.37566486787074
Osmanabad,2023-10-26 02:00:00,temp,20.3,22.0542558472106,1,0,0,131.37566486787074
Osmanabad,2023-10-27 02:15:00,temp,19.6,21.411457396034223,1,0,0,131.37566486787074
Osmanabad,2023-10-28 02:00:00,temp,19.9,20.758635862758496,1,0,0,131.37566486787074
Osmanabad,2023-10-29 02:45:00,temp,20.4,20.843402685162996,1,0,0,131.37566486787074
Osmanabad,2023-10-30 02:00:00,temp,20.7,21.14459584055268,1,0,0,131.37566486787074
Palakkad,2023-10-15 02:30:00,temp,21.7,24.488883932297185,0,0,0,101.9776329207246
Palakkad,2023-10-16 02:30:00,temp,26.0,24.42825591220799,0,0,0,101.9776329207246
Palakkad,2023-10-17 02:30:00,temp,23.0,24.46169718934018,0,0,0,101.9776329207246
Palakkad,2023-10-18 02:30:00,temp,24.0,24.43124522069952,0,0,0,101.9776329207246
Palakkad,2023-10-19 02:15:00,temp,26.0,24.422444021511122,0,0,0,101.9776329207246
Palakkad,2023-10-20 02:30:00,temp,26.0,24.45399520256456,0,0,0,101.9776329207246
Palakkad,2023-10-21 02:15:00,temp,25.0,24.484308926119738,0,0,0,101.9776329207246
Palakkad,2023-10-22 02:15:00,temp,26.0,24.494225875029535,0,0,0,101.9776329207246
Palakkad,2023-10-23 02:15:00,temp,25.0,24.522636558398535,0,0,0,101.9776329207246
Palakkad,2023-10-24 02:15:00,temp,24.0,24.53147650971416,0,0,0,101.9776329207246
Palakkad,2023-10-25 02:15:00,temp,25.0,24.521813208663715,0,0,0,101.9776329207246
Palakkad,2023-10-26 02:00:00,temp,26.0,24.53035215941259,0,0,0,101.9776329207246
Palakkad,2023-10-27 02:15:00,temp,27.0,24.556135361317015,0,0,0,101.9776329207246
Palakkad,2023-10-28 02:00:00,temp,26.0,24.598270853153576,0,0,0,101.9776329207246
Palakkad,2023-10-29 02:45:00,temp,26.0,24.622028807829896,0,0,0,101.9776329207246
Palakkad,2023-10-30 02:00:00,temp,25.0,24.64499497724092,0,0,0,101.9776329207246
Palghar,2023-10-16 02:30:00,temp,26.5,26.957791060767935,2,0,2,71.26132223694988
Palghar,2023-10-17 02:30:00,temp,27.1,26.27214689888502,2,0,2,71.26132223694988
Palghar,2023-10-18 02:30:00,temp,27.1,26.142111886519473,2,0,2,71.26132223694988
Palghar,2023-10-19 02:30:00,temp,26.9,26.68886052002538,2,0,2,71.26132223694988
Palghar,2023-10-20 02:30:00,temp,26.8,26.819913639144843,2,0,2,71.26132223694988
Palghar,2023-10-21 02:15:00,temp,27.1,26.47324940176526,2,0,2,71.26132223694988
Palghar,2023-10-22 02:30:00,temp,27.1,26.50978302177571,2,0,2,71.26132223694988
Palghar,2023-10-23 02:15:00,temp,27.0,26.778431958341667,2,0,2,71.26132223694988
Palghar,2023-10-24 02:15:00,temp,26.9,26.793439144363774,2,0,2,71.26132223694988
Palghar,2023-10-25 02:15:00,temp,26.5,26.612573726850595,2,0,2,71.26132223694988
Palghar,2023-10-26 02:00:00,temp,25.9,26.3252222145813,2,0,2,71.26132223694988
Palghar,2023-10-27 02:15:00,temp,25.0,25.910374699327647,2,0,2,71.26132223694988
Palghar,2023-10-28 02:00:00,temp,25.0,25.268658972153137,2,0,2,71.26132223694988
Palghar,2023-10-29 02:45:00,temp,25.4,25.12634215164168,2,0,2,71.26132223694988
Palghar,2023-10-30 02:00:00,temp,25.8,25.679592056036242,2,0,2,71.26132223694988
Pali,2023-10-15 02:30:00,temp,26.5,26.81163967888601,1,1,0,146.052309720467
Pali,2023-10-16 02:30:00,temp,27.1,26.618398051153854,1,1,0,146.052309720467
Pali,2023-10-17 02:30:00,temp,25.1,26.92070052973104,1,1,0,146.052309720467
Pali,2023-10-18 02:30:00,temp,24.2,25.72792025757393,1,1,0,146.052309720467
Pali,2023-10-19 02:30:00,temp,24.4,24.445985649463566,1,1,0,146.052309720467
Pali,2023-10-20 02:30:00,temp,24.9,24.345422072383474,1,1,0,146.052309720467
Pali,2023-10-21 02:15:00,temp,25.3,24.764240616025322,1,1,0,146.052309720467
Pali,2023-10-22 02:30:00,temp,25.5,25.19276349319095,1,1,0,146.052309720467
Pali,2023-10-23 02:15:00,temp,25.8,25.446684636355403,1,1,0,146.052309720467
Pali,2023-10-24 02:15:00,temp,24.6,25.720277955451884,1,1,0,146.052309720467
Pali,2023-10-25 02:30:00,temp,24.2,24.924169944367243,1,1,0,146.052309720467
Pali,2023-10-26 02:00:00,temp,23.9,24.30361630805689,1,1,0,146.052309720467
Pali,2023-10-27 02:15:00,temp,24.0,23.977113633486002,1,1,0,146.052309720467
Pali,2023-10-28 02:00:00,temp,25.9,23.974278561034744,1,1,0,146.052309720467
Pali,2023-10-29 02:45:00,temp,24.3,25.416255343606544,1,1,0,146.052309720467
Pali,2023-10-30 02:00:00,temp,24.9,24.748881281125517,1,1,0,146.052309720467
Palwal,2023-10-15 02:30:00,temp,24.0,25.89166509358806,2,1,2,162.82672912481493
Palwal,2023-10-16 02:30:00,temp,26.0,24.749630098581257,2,1,2,162.82672912481493
Palwal,2023-10-17 02:15:00,temp,19.0,26.49747619854069,2,1,2,162.82672912481493
Palwal,2023-10-18 02:30:00,temp,21.0,20.990828222411302,2,1,2,162.82672912481493
Palwal,2023-10-19 02:15:00,temp,21.0,22.654164792302247,2,1,2,162.82672912481493
Palwal,2023-10-20 02:30:00,temp,21.0,22.730004145911327,2,1,2,162.82672912481493
Palwal,2023-10-21 02:15:00,temp,20.0,22.145525031789187,2,1,2,162.82672912481493
Palwal,2023-10-22 02:15:00,temp,21.0,20.14437305155796,2,1,2,162.82672912481493
Palwal,2023-10-23 02:15:00,temp,21.0,21.320879895034587,2,1,2,162.82672912481493
Palwal,2023-10-24 02:15:00,temp,22.0,20.963261859372327,2,1,2,162.82672912481493
Palwal,2023-10-25 02:15:00,temp,21.0,21.903563076360168,2,1,2,162.82672912481493
Palwal,2023-10-26 02:00:00,temp,22.0,20.795088763119743,2,1,2,162.82672912481493
Palwal,2023-10-27 02:15:00,temp,21.0,21.78436107156326,2,1,2,162.82672912481493
Palwal,2023-10-28 02:00:00,temp,20.0,20.890310190538248,2,1,2,162.82672912481493
Palwal,2023-10-29 02:30:00,temp,22.7,20.164798532028943,2,1,2,162.82672912481493
Palwal,2023-10-30 01:45:00,temp,22.0,22.45110538783096,2,1,2,162.82672912481493
Panipat,2023-10-15 02:30:00,temp,23.6,23.035135903401645,1,1,1,167.3191751768663
Panipat,2023-10-16 02:30:00,temp,23.2,23.753276410110196,1,1,1,167.3191751768663
Panipat,2023-10-17 02:15:00,temp,18.4,23.45560462489211,1,1,1,167.3191751768663
Panipat,2023-10-18 02:15:00,temp,21.0,19.99660363065211,1,1,1,167.3191751768663
Panipat,2023-10-19 02:15:00,temp,19.9,21.684136181065043,1,1,1,167.3191751768663
Panipat,2023-10-20 02:30:00,temp,20.2,20.763358644696662,1,1,1,167.3191751768663
Panipat,2023-10-21 02:15:00,temp,20.6,20.816100797844744,1,1,1,167.3191751768663
Panipat,2023-10-22 02:15:00,temp,20.2,20.99405035029317,1,1,1,167.3191751768663
Panipat,2023-10-23 02:15:00,temp,21.4,20.62306386826065,1,1,1,167.3191751768663
Panipat,2023-10-24 02:15:00,temp,20.5,21.421378572639103,1,1,1,167.3191751768663
Panipat,2023-10-25 02:15:00,temp,20.9,20.76731229867404,1,1,1,167.3191751768663
Panipat,2023-10-26 02:00:00,temp,20.8,21.004145962890192,1,1,1,167.3191751768663
Panipat,2023-10-27 02:15:00,temp,20.3,20.915210696819912,1,1,1,167.3191751768663
Panipat,2023-10-28 02:00:00,temp,20.6,20.543914617902864,1,1,1,167.3191751768663
Panipat,2023-10-29 02:30:00,temp,21.2,20.711404498399176,1,1,1,167.3191751768663
Panipat,2023-10-30 01:45:00,temp,21.3,21.111637337322627,1,1,1,167.3191751768663
Panna,2023-10-15 02:30:00,temp,24.4,23.828739543345385,1,1,1,153.11210550394478
Panna,2023-10-16 02:30:00,temp,24.2,24.335925031920645,1,1,1,153.11210550394478
Panna,2023-10-17 02:15:00,temp,20.6,24.212760435465846,1,1,1,153.11210550394478
Panna,2023-10-18 02:15:00,temp,22.4,21.950775450691566,1,1,1,153.11210550394478
Panna,2023-10-19 02:15:00,temp,22.3,22.908574525903333,1,1,1,153.11210550394478
Panna,2023-10-20 02:15:00,temp,21.2,22.768945124369615,1,1,1,153.11210550394478
Panna,2023-10-21 02:00:00,temp,21.0,21.98716084008529,1,1,1,153.11210550394478
Panna,2023-10-22 02:15:00,temp,21.0,21.701461244206975,1,1,1,153.11210550394478
Panna,2023-10-23 02:00:00,temp,19.9,21.55807692577449,1,1,1,153.11210550394478
Panna,2023-10-24 02:15:00,temp,20.5,20.666835239829023,1,1,1,153.11210550394478
Panna,2023-10-25 02:15:00,temp,20.5,20.898702117750645,1,1,1,153.11210550394478
Panna,2023-10-26 02:00:00,temp,20.1,20.796669338925778,1,1,1,153.11210550394478
Panna,2023-10-27 02:15:00,temp,19.8,20.439889178924087,1,1,1,153.11210550394478
Panna,2023-10-28 02:00:00,temp,20.2,20.142299985512423,1,1,1,153.11210550394478
Panna,2023-10-29 02:30:00,temp,20.4,20.32387201784013,1,1,1,153.11210550394478
Panna,2023-10-30 01:45:00,temp,21.1,20.42746941099308,1,1,1,153.11210550394478
Parbhani,2023-10-15 02:30:00,temp,23.8,23.582530029909808,1,0,0,111.25687433136159
Parbhani,2023-10-16 02:30:00,temp,23.7,23.74639252832661,1,0,0,111.25687433136159
Parbhani,2023-10-17 02:30:00,temp,23.5,23.692371345291953,1,0,0,111.25687433136159
Parbhani,2023-10-18 02:30:00,temp,24.2,23.58237355141578,1,0,0,111.25687433136159
Parbhani,2023-10-19 02:30:00,temp,24.3,23.964670836990525,1,0,0,111.25687433136159
Parbhani,2023-10-20 02:30:00,temp,22.5,24.02660214624898,1,0,0,111.25687433136159
Parbhani,2023-10-21 02:15:00,temp,22.4,23.06694301005866,1,0,0,111.25687433136159
Parbhani,2023-10-22 02:30:00,temp,21.4,22.9797750754845,1,0,0,111.25687433136159
Parbhani,2023-10-23 02:15:00,temp,20.8,22.32310753051139,1,0,0,111.25687433136159
Parbhani,2023-10-24 02:15:00,temp,20.8,21.76376189804897,1,0,0,111.25687433136159
Parbhani,2023-10-25 02:15:00,temp,20.2,21.62198302029095,1,0,0,111.25687433136159
Parbhani,2023-10-26 02:00:00,temp,19.6,20.99965961928228,1,0,0,111.25687433136159
Parbhani,2023-10-27 02:15:00,temp,19.3,20.31838121554566,1,0,0,111.25687433136159
Parbhani,2023-10-28 02:00:00,temp,19.3,19.90839852138302,1,0,0,111.25687433136159
Parbhani,2023-10-29 02:45:00,temp,19.5,19.819716355536716,1,0,0,111.25687433136159
Parbhani,2023-10-30 02:00:00,temp,19.6,19.95302372211204,1,0,0,111.25687433136159
Patan,2023-10-15 02:30:00,temp,26.8,27.87046664903147,2,0,2,107.52866405663848
Patan,2023-10-16 02:30:00,temp,26.1,26.844423871510635,2,0,2,107.52866405663848
Patan,2023-10-17 02:15:00,temp,25.6,25.64446826058283,2,0,2,107.52866405663848
Patan,2023-10-18 02:15:00,temp,25.9,25.46263410071183,2,0,2,107.52866405663848
Patan,2023-10-19 02:15:00,temp,25.9,26.2535764518391,2,0,2,107.52866405663848
Patan,2023-10-20 02:30:00,temp,26.3,26.547856651400167,2,0,2,107.52866405663848
Patan,2023-10-21 02:15:00,temp,26.7,26.509828376953116,2,0,2,107.52866405663848
Patan,2023-10-22 02:15:00,temp,27.4,26.63297708372493,2,0,2,107.52866405663848
Patan,2023-10-23 02:00:00,temp,26.5,27.155628799349067,2,0,2,107.52866405663848
Patan,2023-10-24 02:15:00,temp,26.5,26.646566433077066,2,0,2,107.52866405663848
Patan,2023-10-25 02:15:00,temp,26.4,26.252696146445356,2,0,2,107.52866405663848
Patan,2023-10-26 02:00:00,temp,25.8,26.27229821529972,2,0,2,107.52866405663848
Patan,2023-10-27 02:15:00,temp,25.4,26.093175508785418,2,0,2,107.52866405663848
Patan,2023-10-28 02:00:00,temp,25.8,25.759639623678712,2,0,2,107.52866405663848
Patan,2023-10-29 02:30:00,temp,25.3,25.989391819459172,2,0,2,107.52866405663848
Patan,2023-10-30 01:45:00,temp,26.2,25.899286273517607,2,0,2,107.52866405663848
Pathanamthitta,2023-10-15 02:30:00,temp,22.3,22.437064847974554,0,1,1,66.9741916260983
Pathanamthitta,2023-10-16 02:30:00,temp,22.1,22.395416631915182,0,1,1,66.9741916260983
Pathanamthitta,2023-10-17 02:30:00,temp,22.9,22.308682029981956,0,1,1,66.9741916260983
Pathanamthitta,2023-10-18 02:30:00,temp,22.0,22.47824210088014,0,1,1,66.9741916260983
Pathanamthitta,2023-10-19 02:15:00,temp,22.0,22.343674856535106,0,1,1,66.9741916260983
Pathanamthitta,2023-10-20 02:30:00,temp,22.1,22.249998883649468,0,1,1,66.9741916260983
Pathanamthitta,2023-10-21 02:15:00,temp,22.2,22.207332397925594,0,1,1,66.9741916260983
Pathanamthitta,2023-10-22 02:15:00,temp,22.8,22.205388858178885,0,1,1,66.9741916260983
Pathanamthitta,2023-10-23 02:15:00,temp,22.0,22.364684135349943,0,1,1,66.9741916260983
Pathanamthitta,2023-10-24 02:15:00,temp,22.3,22.270111297951285,0,1,1,66.9741916260983
Pathanamthitta,2023-10-25 02:15:00,temp,21.5,22.27773409183529,0,1,1,66.9741916260983
Pathanamthitta,2023-10-26 02:00:00,temp,22.2,22.077932733545058,0,1,1,66.9741916260983
Pathanamthitta,2023-10-27 02:15:00,temp,22.4,22.112509535377146,0,1,1,66.9741916260983
Pathanamthitta,2023-10-28 02:00:00,temp,22.4,22.185304190027498,0,1,1,66.9741916260983
Pathanamthitta,2023-10-29 02:30:00,temp,22.7,22.236824224147437,0,1,1,66.9741916260983
Pathanamthitta,2023-10-30 01:45:00,temp,23.1,22.34988275672064,0,1,1,66.9741916260983
Pathankot,2023-10-15 02:30:00,temp,20.9,20.6246753673341,0,1,2,122.64461095823796
Pathankot,2023-10-16 02:30:00,temp,20.9,20.97724078313949,0,1,2,122.64461095823796
Pathankot,2023-10-17 02:30:00,temp,16.7,20.80819576241538,0,1,2,122.64461095823796
Pathankot,2023-10-18 02:30:00,temp,15.9,16.754166143249144,0,1,2,122.64461095823796
Pathankot,2023-10-19 02:15:00,temp,15.7,17.39606619549274,0,1,2,122.64461095823796
Pathankot,2023-10-20 02:30:00,temp,16.5,15.750773557721583,0,1,2,122.64461095823796
Pathankot,2023-10-21 02:15:00,temp,17.1,16.828452918238337,0,1,2,122.64461095823796
Pathankot,2023-10-22 02:15:00,temp,18.3,16.931210604140492,0,1,2,122.64461095823796
Pathankot,2023-10-23 02:15:00,temp,17.7,18.279739830919347,0,1,2,122.64461095823796
Pathankot,2023-10-24 02:15:00,temp,17.6,17.354558810432923,0,1,2,122.64461095823796
Pathankot,2023-10-25 02:15:00,temp,17.7,17.737958494619022,0,1,2,122.64461095823796
Pathankot,2023-10-26 02:00:00,temp,17.5,17.64284389950838,0,1,2,122.64461095823796
Pathankot,2023-10-27 02:15:00,temp,17.6,17.50652474572112,0,1,2,122.64461095823796
Pathankot,2023-10-28 02:00:00,temp,18.2,17.636143665450934,0,1,2,122.64461095823796
Pathankot,2023-10-29 02:45:00,temp,18.2,18.18892789744674,0,1,2,122.64461095823796
Pathankot,2023-10-30 02:00:00,temp,18.4,18.063616890235508,0,1,2,122.64461095823796
Patiala,2023-10-15 02:30:00,temp,23.4,22.51407296168556,0,1,2,168.12225790594061
Patiala,2023-10-16 02:30:00,temp,22.5,23.44589476142274,0,1,2,168.12225790594061
Patiala,2023-10-17 02:30:00,temp,18.1,22.54038339652164,0,1,2,168.12225790594061
Patiala,2023-10-18 02:30:00,temp,19.8,19.91515898432486,0,1,2,168.12225790594061
Patiala,2023-10-19 02:15:00,temp,19.1,21.5490333503815,0,1,2,168.12225790594061
Patiala,2023-10-20 02:30:00,temp,19.8,19.737871284786777,0,1,2,168.12225790594061
Patiala,2023-10-21 02:15:00,temp,19.8,20.441064678731564,0,1,2,168.12225790594061
Patiala,2023-10-22 02:15:00,temp,20.1,19.94962912176056,0,1,2,168.12225790594061
Patiala,2023-10-23 02:15:00,temp,20.8,20.227562024331046,0,1,2,168.12225790594061
Patiala,2023-10-24 02:15:00,temp,20.3,20.58721713260748,0,1,2,168.12225790594061
Patiala,2023-10-25 02:15:00,temp,20.8,20.220155682312676,0,1,2,168.12225790594061
Patiala,2023-10-26 02:00:00,temp,20.6,20.704150817464143,0,1,2,168.12225790594061
Patiala,2023-10-27 02:15:00,temp,20.2,20.455083713166996,0,1,2,168.12225790594061
Patiala,2023-10-28 02:00:00,temp,20.6,20.314233652086646,0,1,2,168.12225790594061
Patiala,2023-10-29 02:45:00,temp,21.1,20.587413888772637,0,1,2,168.12225790594061
Patiala,2023-10-30 02:00:00,temp,20.7,20.846422317035987,0,1,2,168.12225790594061
Patna,2023-10-15 02:30:00,temp,26.0,26.08441520207449,1,1,1,164.62961118488073
Patna,2023-10-16 02:30:00,temp,26.0,26.640629365701535,1,1,1,164.62961118488073
Patna,2023-10-17 02:15:00,temp,23.0,26.55600495559648,1,1,1,164.62961118488073
Patna,2023-10-18 02:30:00,temp,26.0,24.26668551501506,1,1,1,164.62961118488073
Patna,2023-10-19 02:15:00,temp,21.6,26.276798341568814,1,1,1,164.62961118488073
Patna,2023-10-20 02:30:00,temp,25.0,23.17708459745182,1,1,1,164.62961118488073
Patna,2023-10-21 02:15:00,temp,23.0,23.75819664470736,1,1,1,164.62961118488073
Patna,2023-10-22 02:15:00,temp,22.0,23.77375137212937,1,1,1,164.62961118488073
Patna,2023-10-23 02:15:00,temp,22.0,22.582459897854378,1,1,1,164.62961118488073
Patna,2023-10-24 02:15:00,temp,26.0,22.093719516441254,1,1,1,164.62961118488073
Patna,2023-10-25 02:15:00,temp,26.0,24.19342601975481,1,1,1,164.62961118488073
Patna,2023-10-26 02:00:00,temp,24.0,25.259624475631565,1,1,1,164.62961118488073
Patna,2023-10-27 02:15:00,temp,23.0,24.213669754303915,1,1,1,164.62961118488073
Patna,2023-10-28 02:00:00,temp,24.0,23.5731817906119,1,1,1,164.62961118488073
Patna,2023-10-29 02:30:00,temp,22.0,23.999267120738267,1,1,1,164.62961118488073
Patna,2023-10-30 01:45:00,temp,24.0,22.85176438612503,1,1,1,164.62961118488073
Peddapalli,2023-10-15 02:30:00,temp,23.7,24.053707690858932,1,0,0,106.43700900763693
Peddapalli,2023-10-16 02:30:00,temp,25.0,23.91119833167259,1,0,0,106.43700900763693
Peddapalli,2023-10-17 02:30:00,temp,25.1,24.506389094238937,1,0,0,106.43700900763693
Peddapalli,2023-10-18 02:30:00,temp,22.8,24.578198681271914,1,0,0,106.43700900763693
Peddapalli,2023-10-19 02:30:00,temp,22.9,23.570207302850477,1,0,0,106.43700900763693
Peddapalli,2023-10-20 02:30:00,temp,23.2,23.568037282361626,1,0,0,106.43700900763693
Peddapalli,2023-10-21 02:30:00,temp,23.7,23.67835259700995,1,0,0,106.43700900763693
Peddapalli,2023-10-22 02:30:00,temp,20.2,23.897395937437302,1,0,0,106.43700900763693
Peddapalli,2023-10-23 02:15:00,temp,19.6,22.187267697260996,1,0,0,106.43700900763693
Peddapalli,2023-10-24 02:15:00,temp,19.1,21.076813291634636,1,0,0,106.43700900763693
Peddapalli,2023-10-25 02:30:00,temp,19.1,20.192170228347887,1,0,0,106.43700900763693
Peddapalli,2023-10-26 02:00:00,temp,19.6,19.944124413903825,1,0,0,106.43700900763693
Peddapalli,2023-10-27 02:30:00,temp,18.4,20.291030182099853,1,0,0,106.43700900763693
Peddapalli,2023-10-28 02:00:00,temp,19.1,19.027081949104407,1,0,0,106.43700900763693
Peddapalli,2023-10-29 02:45:00,temp,19.8,19.643218217895736,1,0,0,106.43700900763693
Peddapalli,2023-10-30 02:00:00,temp,19.8,20.262935329188306,1,0,0,106.43700900763693
Pendra,2023-10-15 02:30:00,temp,28.5,27.64683335953789,0,1,2,206.99326789097051
Pendra,2023-10-16 02:30:00,temp,27.9,27.633315901653578,0,1,2,206.99326789097051
Pendra,2023-10-17 02:30:00,temp,27.9,27.59935607191195,0,1,2,206.99326789097051
Pendra,2023-10-18 02:30:00,temp,27.4,27.721254457783918,0,1,2,206.99326789097051
Pendra,2023-10-19 02:30:00,temp,27.3,27.445972957539208,0,1,2,206.99326789097051
Pendra,2023-10-20 02:30:00,temp,27.4,27.441099242168196,0,1,2,206.99326789097051
Pendra,2023-10-21 02:30:00,temp,27.8,27.454695909979748,0,1,2,206.99326789097051
Pendra,2023-10-22 02:30:00,temp,28.5,27.66837453044234,0,1,2,206.99326789097051
Pendra,2023-10-23 02:15:00,temp,27.7,28.06442810528888,0,1,2,206.99326789097051
Pendra,2023-10-24 02:15:00,temp,27.3,27.62432086993698,0,1,2,206.99326789097051
Pendra,2023-10-25 02:30:00,temp,26.6,27.531962926505905,0,1,2,206.99326789097051
Pendra,2023-10-26 02:00:00,temp,25.9,27.074762008833993,0,1,2,206.99326789097051
Pendra,2023-10-27 02:30:00,temp,25.5,26.64250956932715,0,1,2,206.99326789097051
Pendra,2023-10-28 02:00:00,temp,25.7,26.290115227074317,0,1,2,206.99326789097051
Pendra,2023-10-29 02:45:00,temp,25.9,26.25168570316839,0,1,2,206.99326789097051
Pendra,2023-10-30 02:00:00,temp,25.9,26.200750188738944,0,1,2,206.99326789097051
Perambalur,2023-10-15 02:30:00,temp,24.0,26.37496581333734,2,1,2,120.52270815092723
Perambalur,2023-10-16 02:30:00,temp,27.0,25.690666110326557,2,1,2,120.52270815092723
Perambalur,2023-10-17 02:30:00,temp,25.0,25.87497534477298,2,1,2,120.52270815092723
Perambalur,2023-10-18 02:30:00,temp,26.0,24.90983991261998,2,1,2,120.52270815092723
Perambalur,2023-10-19 02:30:00,temp,26.0,25.849989430998516,2,1,2,120.52270815092723
Perambalur,2023-10-20 02:30:00,temp,26.0,26.303393579639593,2,1,2,120.52270815092723
Perambalur,2023-10-21 02:15:00,temp,26.0,26.351832429086596,2,1,2,120.52270815092723
Perambalur,2023-10-22 02:30:00,temp,26.0,25.906525198788437,2,1,2,120.52270815092723
Perambalur,2023-10-23 02:15:00,temp,27.0,25.61264195347239,2,1,2,120.52270815092723
Perambalur,2023-10-24 02:15:00,temp,26.0,26.217051974225935,2,1,2,120.52270815092723
Perambalur,2023-10-25 02:30:00,temp,28.0,26.96478209410197,2,1,2,120.52270815092723
Perambalur,2023-10-26 02:00:00,temp,27.0,26.703316315437142,2,1,2,120.52270815092723
Perambalur,2023-10-27 02:15:00,temp,27.0,27.173520429250168,2,1,2,120.52270815092723
Perambalur,2023-10-28 02:00:00,temp,26.0,27.154486432647104,2,1,2,120.52270815092723
Perambalur,2023-10-29 02:45:00,temp,26.0,26.68706376169993,2,1,2,120.52270815092723
Perambalur,2023-10-30 02:00:00,temp,25.0,26.303562373344164,2,1,2,120.52270815092723
Phek,2023-10-15 02:30:00,temp,14.0,13.6,0,1,0,105.76845220618216
Phek,2023-10-16 02:30:00,temp,13.7,14.0,0,1,0,105.76845220618216
Phek,2023-10-17 02:15:00,temp,12.1,13.7,0,1,0,105.76845220618216
Phek,2023-10-18 02:30:00,temp,12.9,12.099999999999998,0,1,0,105.76845220618216
Phek,2023-10-19 02:15:00,temp,11.8,12.9,0,1,0,105.76845220618216
Phek,2023-10-20 02:30:00,temp,11.4,11.8,0,1,0,105.76845220618216
Phek,2023-10-21 02:15:00,temp,11.7,11.4,0,1,0,105.76845220618216
Phek,2023-10-22 02:15:00,temp,11.2,11.7,0,1,0,105.76845220618216
Phek,2023-10-23 02:15:00,temp,12.4,11.2,0,1,0,105.76845220618216
Phek,2023-10-24 02:15:00,temp,15.3,12.4,0,1,0,105.76845220618216
Phek,2023-10-25 02:15:00,temp,13.0,15.3,0,1,0,105.76845220618216
Phek,2023-10-26 02:00:00,temp,14.9,13.0,0,1,0,105.76845220618216
Phek,2023-10-27 02:15:00,temp,12.1,14.9,0,1,0,105.76845220618216
Phek,2023-10-28 02:00:00,temp,10.9,12.099999999999998,0,1,0,105.76845220618216
Phek,2023-10-29 02:30:00,temp,10.4,10.9,0,1,0,105.76845220618216
Phek,2023-10-30 01:45:00,temp,11.4,10.4,0,1,0,105.76845220618216
Pilibhit,2023-10-15 02:30:00,temp,20.7,20.1,0,1,0,139.21098710183466
Pilibhit,2023-10-16 02:30:00,temp,21.1,20.7,0,1,0,139.21098710183466
Pilibhit,2023-10-17 02:30:00,temp,19.4,21.1,0,1,0,139.21098710183466
Pilibhit,2023-10-18 02:30:00,temp,18.5,19.4,0,1,0,139.21098710183466
Pilibhit,2023-10-19 02:30:00,temp,17.4,18.5,0,1,0,139.21098710183466
Pilibhit,2023-10-20 02:30:00,temp,17.5,17.4,0,1,0,139.21098710183466
Pilibhit,2023-10-21 02:15:00,temp,17.7,17.5,0,1,0,139.21098710183466
Pilibhit,2023-10-22 02:30:00,temp,18.0,17.7,0,1,0,139.21098710183466
Pilibhit,2023-10-23 02:15:00,temp,18.0,18.0,0,1,0,139.21098710183466
Pilibhit,2023-10-24 02:15:00,temp,17.9,18.0,0,1,0,139.21098710183466
Pilibhit,2023-10-25 02:30:00,temp,18.7,17.9,0,1,0,139.21098710183466
Pilibhit,2023-10-26 02:00:00,temp,19.0,18.7,0,1,0,139.21098710183466
Pilibhit,2023-10-27 02:15:00,temp,18.9,19.0,0,1,0,139.21098710183466
Pilibhit,2023-10-28 02:00:00,temp,18.3,18.9,0,1,0,139.21098710183466
Pilibhit,2023-10-29 02:45:00,temp,18.7,18.3,0,1,0,139.21098710183466
Pilibhit,2023-10-30 02:00:00,temp,18.7,18.7,0,1,0,139.21098710183466
Pithoragarh,2023-10-15 02:30:00,temp,16.9,16.8,0,1,0,109.45403862178071
Pithoragarh,2023-10-16 02:30:00,temp,16.4,16.9,0,1,0,109.45403862178071
Pithoragarh,2023-10-17 02:30:00,temp,15.9,16.4,0,1,0,109.45403862178071
Pithoragarh,2023-10-18 02:30:00,temp,14.8,15.9,0,1,0,109.45403862178071
Pithoragarh,2023-10-19 02:15:00,temp,14.3,14.8,0,1,0,109.45403862178071
Pithoragarh,2023-10-20 02:30:00,temp,14.0,14.3,0,1,0,109.45403862178071
Pithoragarh,2023-10-21 02:15:00,temp,14.4,14.0,0,1,0,109.45403862178071
Pithoragarh,2023-10-22 02:15:00,temp,14.5,14.4,0,1,0,109.45403862178071
Pithoragarh,2023-10-23 02:15:00,temp,14.7,14.5,0,1,0,109.45403862178071
Pithoragarh,2023-10-24 02:15:00,temp,14.0,14.7,0,1,0,109.45403862178071
Pithoragarh,2023-10-25 02:15:00,temp,14.8,14.0,0,1,0,109.45403862178071
Pithoragarh,2023-10-26 02:00:00,temp,15.1,14.8,0,1,0,109.45403862178071
Pithoragarh,2023-10-27 02:15:00,temp,15.1,15.1,0,1,0,109.45403862178071
Pithoragarh,2023-10-28 02:00:00,temp,14.7,15.1,0,1,0,109.45403862178071
Pithoragarh,2023-10-29 02:30:00,temp,15.0,14.7,0,1,0,109.45403862178071
Pithoragarh,2023-10-30 01:45:00,temp,15.3,15.0,0,1,0,109.45403862178071
Porbandar,2023-10-15 02:30:00,temp,26.6,26.767448084298344,1,0,0,50.55109237686057
Porbandar,2023-10-16 02:30:00,temp,26.5,26.63719081994063,1,0,0,50.55109237686057
Porbandar,2023-10-17 02:15:00,temp,26.3,26.570749409466856,1,0,0,50.55109237686057
Porbandar,2023-10-18 02:15:00,temp,26.1,26.436488018673533,1,0,0,50.55109237686057
Porbandar,2023-10-19 02:15:00,temp,27.3,26.29573073040125,1,0,0,50.55109237686057
Porbandar,2023-10-20 02:30:00,temp,26.9,27.067194025220893,1,0,0,50.55109237686057
Porbandar,2023-10-21 02:15:00,temp,27.0,26.820929362831478,1,0,0,50.55109237686057
Porbandar,2023-10-22 02:15:00,temp,27.8,26.88470273685158,1,0,0,50.55109237686057
Porbandar,2023-10-23 02:00:00,temp,27.4,27.40068500452012,1,0,0,50.55109237686057
Porbandar,2023-10-24 02:15:00,temp,26.9,27.153534640086363,1,0,0,50.55109237686057
Porbandar,2023-10-25 02:15:00,temp,27.4,26.838397586384637,1,0,0,50.55109237686057
Porbandar,2023-10-26 02:00:00,temp,27.0,27.155140891571296,1,0,0,50.55109237686057
Porbandar,2023-10-27 02:15:00,temp,26.9,26.905938526246548,1,0,0,50.55109237686057
Porbandar,2023-10-28 02:00:00,temp,26.6,26.845182611679526,1,0,0,50.55109237686057
Porbandar,2023-10-29 02:30:00,temp,26.8,26.65950837914329,1,0,0,50.55109237686057
Porbandar,2023-10-30 01:45:00,temp,27.2,26.782662336004446,1,0,0,50.55109237686057
Pratapgarh,2023-10-15 02:30:00,temp,22.7,23.404583715369775,2,1,2,101.58014402135424
Pratapgarh,2023-10-16 02:30:00,temp,22.5,23.08579226377269,2,1,2,101.58014402135424
Pratapgarh,2023-10-17 02:30:00,temp,22.8,22.26524494600457,2,1,2,101.58014402135424
Pratapgarh,2023-10-18 02:30:00,temp,21.6,22.89227746756728,2,1,2,101.58014402135424
Pratapgarh,2023-10-19 02:30:00,temp,22.5,21.48228807036302,2,1,2,101.58014402135424
Pratapgarh,2023-10-20 02:30:00,temp,21.7,22.43807573790933,2,1,2,101.58014402135424
Pratapgarh,2023-10-21 02:15:00,temp,22.5,21.57647523779423,2,1,2,101.58014402135424
Pratapgarh,2023-10-22 02:30:00,temp,21.8,22.81706078120016,2,1,2,101.58014402135424
Pratapgarh,2023-10-23 02:15:00,temp,21.9,21.3619006469992,2,1,2,101.58014402135424
Pratapgarh,2023-10-24 02:15:00,temp,23.5,22.424836038533947,2,1,2,101.58014402135424
Pratapgarh,2023-10-25 02:15:00,temp,21.2,23.05426988276209,2,1,2,101.58014402135424
Pratapgarh,2023-10-26 02:00:00,temp,21.5,21.90276813043334,2,1,2,101.58014402135424
Pratapgarh,2023-10-27 02:15:00,temp,20.6,21.79399390039506,2,1,2,101.58014402135424
Pratapgarh,2023-10-28 02:00:00,temp,20.5,20.012061427742953,2,1,2,101.58014402135424
Pratapgarh,2023-10-29 02:45:00,temp,21.2,21.415113101669903,2,1,2,101.58014402135424
Pratapgarh,2023-10-30 02:00:00,temp,21.3,20.231667100605254,2,1,2,101.58014402135424
Puducherry,2023-10-15 02:30:00,temp,26.4,26.40834732072206,1,0,0,107.09905321561497
Puducherry,2023-10-16 02:30:00,temp,26.4,26.54429370887268,1,0,0,107.09905321561497
Puducherry,2023-10-17 02:15:00,temp,26.7,26.541041148076477,1,0,0,107.09905321561497
Puducherry,2023-10-18 02:30:00,temp,25.8,26.626345035018325,1,0,0,107.09905321561497
Puducherry,2023-10-19 02:15:00,temp,25.9,26.36664588688183,1,0,0,107.09905321561497
Puducherry,2023-10-20 02:30:00,temp,26.0,26.375607414405327,1,0,0,107.09905321561497
Puducherry,2023-10-21 02:15:00,temp,25.6,26.391649181227866,1,0,0,107.09905321561497
Puducherry,2023-10-22 02:15:00,temp,25.5,26.245655117672932,1,0,0,107.09905321561497
Puducherry,2023-10-23 02:15:00,temp,25.9,26.17704981426031,1,0,0,107.09905321561497
Puducherry,2023-10-24 02:15:00,temp,26.1,26.298300928937625,1,0,0,107.09905321561497
Puducherry,2023-10-25 02:15:00,temp,26.4,26.360984115435194,1,0,0,107.09905321561497
Puducherry,2023-10-26 02:00:00,temp,26.3,26.464587638752306,1,0,0,107.09905321561497
Puducherry,2023-10-27 02:15:00,temp,26.2,26.427380389984613,1,0,0,107.09905321561497
Puducherry,2023-10-28 02:00:00,temp,26.2,26.38878337425599,1,0,0,107.09905321561497
Puducherry,2023-10-29 02:30:00,temp,25.6,26.385121513947738,1,0,0,107.09905321561497
Puducherry,2023-10-30 01:45:00,temp,26.1,26.158265520170456,1,0,0,107.09905321561497
Pudukkottai,2023-10-15 02:30:00,temp,24.0,26.57877605514366,2,0,2,124.18127364242363
Pudukkottai,2023-10-16 02:30:00,temp,27.0,26.64763126083673,2,0,2,124.18127364242363
Pudukkottai,2023-10-17 02:30:00,temp,25.0,25.71541914004778,2,0,2,124.18127364242363
Pudukkottai,2023-10-18 02:30:00,temp,26.0,25.896611227066604,2,0,2,124.18127364242363
Pudukkottai,2023-10-19 02:30:00,temp,26.0,26.110342083321274,2,0,2,124.18127364242363
Pudukkottai,2023-10-20 02:30:00,temp,26.0,26.573870795103993,2,0,2,124.18127364242363
Pudukkottai,2023-10-21 02:15:00,temp,26.0,26.7651295878668,2,0,2,124.18127364242363
Pudukkottai,2023-10-22 02:30:00,temp,26.0,26.46825848571269,2,0,2,124.18127364242363
Pudukkottai,2023-10-23 02:15:00,temp,27.0,26.04232307918208,2,0,2,124.18127364242363
Pudukkottai,2023-10-24 02:15:00,temp,26.0,26.025134149324504,2,0,2,124.18127364242363
Pudukkottai,2023-10-25 02:30:00,temp,28.0,26.820336196442362,2,0,2,124.18127364242363
Pudukkottai,2023-10-26 02:00:00,temp,25.5,27.194102355224047,2,0,2,124.18127364242363
Pudukkottai,2023-10-27 02:30:00,temp,27.0,27.36728830977391,2,0,2,124.18127364242363
Pudukkottai,2023-10-28 02:00:00,temp,26.0,26.334481930323737,2,0,2,124.18127364242363
Pudukkottai,2023-10-29 02:45:00,temp,26.0,26.000003304927155,2,0,2,124.18127364242363
Pudukkottai,2023-10-30 02:00:00,temp,25.0,26.10408050200292,2,0,2,124.18127364242363
Pulwama,2023-10-15 02:30:00,temp,6.7,8.9,0,1,0,153.5111043706006
Pulwama,2023-10-16 02:30:00,temp,8.8,6.700000000000001,0,1,0,153.5111043706006
Pulwama,2023-10-17 02:15:00,temp,6.9,8.8,0,1,0,153.5111043706006
Pulwama,2023-10-18 02:15:00,temp,5.4,6.9,0,1,0,153.5111043706006
Pulwama,2023-10-19 02:15:00,temp,8.0,5.4,0,1,0,153.5111043706006
Pulwama,2023-10-20 02:15:00,temp,8.4,8.0,0,1,0,153.5111043706006
Pulwama,2023-10-21 02:15:00,temp,9.9,8.4,0,1,0,153.5111043706006
Pulwama,2023-10-22 02:15:00,temp,10.7,9.9,0,1,0,153.5111043706006
Pulwama,2023-10-23 02:00:00,temp,3.4,10.7,0,1,0,153.5111043706006
Pulwama,2023-10-24 02:15:00,temp,5.2,3.4000000000000004,0,1,0,153.5111043706006
Pulwama,2023-10-25 02:15:00,temp,4.9,5.2,0,1,0,153.5111043706006
Pulwama,2023-10-26 02:00:00,temp,5.2,4.9,0,1,0,153.5111043706006
Pulwama,2023-10-27 02:15:00,temp,5.5,5.2,0,1,0,153.5111043706006
Pulwama,2023-10-28 02:00:00,temp,6.0,5.5,0,1,0,153.5111043706006
Pulwama,2023-10-29 02:30:00,temp,6.0,6.0,0,1,0,153.5111043706006
Pulwama,2023-10-30 01:45:00,temp,7.1,6.0,0,1,0,153.5111043706006
Punch,2023-10-15 02:30:00,temp,27.5,27.11348843746064,2,0,0,152.96811674442216
Punch,2023-10-16 02:30:00,temp,28.2,27.744208843603527,2,0,0,152.96811674442216
Punch,2023-10-17 02:15:00,temp,22.0,27.965627053186367,2,0,0,152.96811674442216
Punch,2023-10-18 02:15:00,temp,24.3,23.382175154525925,2,0,0,152.96811674442216
Punch,2023-10-19 02:15:00,temp,24.3,26.702229073629614,2,0,0,152.96811674442216
Punch,2023-10-20 02:15:00,temp,23.5,25.80845816588003,2,0,0,152.96811674442216
Punch,2023-10-21 02:15:00,temp,22.8,25.07924812175635,2,0,0,152.96811674442216
Punch,2023-10-22 02:15:00,temp,22.8,24.462182657927684,2,0,0,152.96811674442216
Punch,2023-10-23 02:00:00,temp,22.4,24.334608597517573,2,0,0,152.96811674442216
Punch,2023-10-24 02:15:00,temp,22.8,23.80640676662347,2,0,0,152.96811674442216
Punch,2023-10-25 02:15:00,temp,22.7,24.020758381908884,2,0,0,152.96811674442216
Punch,2023-10-26 02:00:00,temp,22.5,23.790570842594462,2,0,0,152.96811674442216
Punch,2023-10-27 02:15:00,temp,22.1,23.529474301476483,2,0,0,152.96811674442216
Punch,2023-10-28 02:00:00,temp,22.4,23.103216661720573,2,0,0,152.96811674442216
Punch,2023-10-29 02:30:00,temp,23.0,23.28948108057926,2,0,0,152.96811674442216
Punch,2023-10-30 01:45:00,temp,23.4,23.738528982822718,2,0,0,152.96811674442216
Pune,2023-10-15 02:30:00,temp,22.8,21.814386808928877,0,0,1,126.8244046601465
Pune,2023-10-16 02:30:00,temp,23.4,22.49625456869502,0,0,1,126.8244046601465
Pune,2023-10-17 02:15:00,temp,23.4,22.488773900842336,0,0,1,126.8244046601465
Pune,2023-10-18 02:30:00,temp,23.4,22.53652037429899,0,0,1,126.8244046601465
Pune,2023-10-19 02:15:00,temp,23.9,22.54028210816526,0,0,1,126.8244046601465
Pune,2023-10-20 02:30:00,temp,24.6,22.87205563878671,0,0,1,126.8244046601465
Pune,2023-10-21 02:15:00,temp,23.3,23.154611606389672,0,0,1,126.8244046601465
Pune,2023-10-22 02:15:00,temp,24.0,22.24249418623634,0,0,1,126.8244046601465
Pune,2023-10-23 02:15:00,temp,22.4,23.230518206487606,0,0,1,126.8244046601465
Pune,2023-10-24 02:15:00,temp,22.7,21.732920877282393,0,0,1,126.8244046601465
Pune,2023-10-25 02:15:00,temp,22.3,22.726438092074908,0,0,1,126.8244046601465
Pune,2023-10-26 02:00:00,temp,21.8,21.97826650485261,0,0,1,126.8244046601465
Pune,2023-10-27 02:15:00,temp,20.2,22.10166603790356,0,0,1,126.8244046601465
Pune,2023-10-28 02:00:00,temp,20.1,21.132839495175464,0,0,1,126.8244046601465
Pune,2023-10-29 02:45:00,temp,20.5,21.571757583079968,0,0,1,126.8244046601465
Pune,2023-10-30 01:45:00,temp,20.8,21.502189437137947,0,0,1,126.8244046601465
Puri,2023-10-15 02:30:00,temp,27.0,27.332029384248862,0,1,1,96.24403839407877
Puri,2023-10-16 02:30:00,temp,25.0,27.26491246836108,0,1,1,96.24403839407877
Puri,2023-10-17 02:30:00,temp,26.0,26.930542909805204,0,1,1,96.24403839407877
Puri,2023-10-18 02:30:00,temp,25.0,26.790397979824814,0,1,1,96.24403839407877
Puri,2023-10-19 02:30:00,temp,26.0,25.75949933223228,0,1,1,96.24403839407877
Puri,2023-10-20 02:30:00,temp,24.0,25.8809382173994,0,1,1,96.24403839407877
Puri,2023-10-21 02:15:00,temp,24.0,25.032706949603043,0,1,1,96.24403839407877
Puri,2023-10-22 02:15:00,temp,24.0,24.482034147193,0,1,1,96.24403839407877
Puri,2023-10-23 02:15:00,temp,25.0,24.223542967823793,0,1,1,96.24403839407877
Puri,2023-10-24 02:15:00,temp,25.0,24.610192104258907,0,1,1,96.24403839407877
Puri,2023-10-25 02:15:00,temp,24.0,24.795315093006955,0,1,1,96.24403839407877
Puri,2023-10-26 02:00:00,temp,25.0,24.421039256951328,0,1,1,96.24403839407877
Puri,2023-10-27 02:15:00,temp,23.0,24.69107484309962,0,1,1,96.24403839407877
Puri,2023-10-28 02:00:00,temp,22.0,23.919304530310246,0,1,1,96.24403839407877
Puri,2023-10-29 02:45:00,temp,21.0,22.8954379744054,0,1,1,96.24403839407877
Puri,2023-10-30 02:00:00,temp,21.0,21.665329706142046,0,1,1,96.24403839407877
Puri District,2023-10-17 02:30:00,temp,26.0,26.27525700634251,1,0,0,109.32344903704538
Puri District,2023-10-18 02:30:00,temp,25.0,26.515451822781728,1,0,0,109.32344903704538
Puri District,2023-10-19 02:15:00,temp,26.0,26.140862432822246,1,0,0,109.32344903704538
Puri District,2023-10-20 02:30:00,temp,24.0,26.44939854643316,1,0,0,109.32344903704538
Puri District,2023-10-21 02:15:00,temp,24.0,25.61558078840783,1,0,0,109.32344903704538
Puri District,2023-10-22 02:15:00,temp,24.0,25.29497812050148,1,0,0,109.32344903704538
Puri District,2023-10-23 02:15:00,temp,25.0,25.08343730468767,1,0,0,109.32344903704538
Puri District,2023-10-24 02:15:00,temp,25.0,25.637641043292287,1,0,0,109.32344903704538
Puri District,2023-10-25 02:15:00,temp,24.0,25.60061375553327,1,0,0,109.32344903704538
Puri District,2023-10-26 02:00:00,temp,25.0,24.889782739092684,1,0,0,109.32344903704538
Puri District,2023-10-27 02:15:00,temp,23.0,25.522180162478513,1,0,0,109.32344903704538
Puri District,2023-10-28 02:00:00,temp,22.0,24.064038804706918,1,0,0,109.32344903704538
Puri District,2023-10-29 02:30:00,temp,21.0,22.986428779292975,1,0,0,109.32344903704538
Puri District,2023-10-29 02:45:00,temp,21.0,21.777774748305,1,0,0,109.32344903704538
Puri District,2023-10-30 01:45:00,temp,21.0,21.621769597820062,1,0,0,109.32344903704538
Puri District,2023-10-30 02:00:00,temp,21.0,21.523758827582846,1,0,0,109.32344903704538
Purnia,2023-10-15 02:30:00,temp,22.9,24.041279483326466,2,1,2,149.42341317112508
Purnia,2023-10-16 02:30:00,temp,24.9,23.606221058602877,2,1,2,149.42341317112508
Purnia,2023-10-17 02:15:00,temp,23.2,24.58732360633885,2,1,2,149.42341317112508
Purnia,2023-10-18 02:30:00,temp,23.3,23.76080506219133,2,1,2,149.42341317112508
Purnia,2023-10-19 02:15:00,temp,21.8,23.207775198983533,2,1,2,149.42341317112508
Purnia,2023-10-20 02:30:00,temp,22.1,22.54780625983305,2,1,2,149.42341317112508
Purnia,2023-10-21 02:15:00,temp,21.4,22.07010350994102,2,1,2,149.42341317112508
Purnia,2023-10-22 02:15:00,temp,21.7,22.094650388445842,2,1,2,149.42341317112508
Purnia,2023-10-23 02:00:00,temp,21.7,21.607529927093758,2,1,2,149.42341317112508
Purnia,2023-10-24 02:15:00,temp,21.6,22.24872033841803,2,1,2,149.42341317112508
Purnia,2023-10-25 02:15:00,temp,22.1,21.466645078558212,2,1,2,149.42341317112508
Purnia,2023-10-26 02:00:00,temp,22.1,22.508666090352854,2,1,2,149.42341317112508
Purnia,2023-10-27 02:15:00,temp,21.0,21.883142840008507,2,1,2,149.42341317112508
Purnia,2023-10-28 02:00:00,temp,20.9,21.541414286919604,2,1,2,149.42341317112508
Purnia,2023-10-29 02:30:00,temp,21.6,20.788705147911905,2,1,2,149.42341317112508
Purnia,2023-10-30 01:45:00,temp,21.7,21.96694709754787,2,1,2,149.42341317112508
Puruliya,2023-10-15 02:30:00,temp,21.5,23.45088564471485,0,1,1,132.13181031325914
Puruliya,2023-10-16 02:30:00,temp,22.1,22.025116817354956,0,1,1,132.13181031325914
Puruliya,2023-10-17 02:30:00,temp,23.1,22.08128425439252,0,1,1,132.13181031325914
Puruliya,2023-10-18 02:30:00,temp,22.6,22.81336652279809,0,1,1,132.13181031325914
Puruliya,2023-10-19 02:15:00,temp,22.2,22.660199785389462,0,1,1,132.13181031325914
Puruliya,2023-10-20 02:30:00,temp,21.5,22.332217994666834,0,1,1,132.13181031325914
Puruliya,2023-10-21 02:15:00,temp,20.3,21.731490739682748,0,1,1,132.13181031325914
Puruliya,2023-10-22 02:15:00,temp,19.8,20.652356432738216,0,1,1,132.13181031325914
Puruliya,2023-10-23 02:15:00,temp,20.1,19.981094333930358,0,1,1,132.13181031325914
Puruliya,2023-10-24 02:15:00,temp,21.1,20.073779166747936,0,1,1,132.13181031325914
Puruliya,2023-10-25 02:15:00,temp,21.9,20.864328712111398,0,1,1,132.13181031325914
Puruliya,2023-10-26 02:00:00,temp,23.4,21.688102060311856,0,1,1,132.13181031325914
Puruliya,2023-10-27 02:15:00,temp,20.7,23.117750790827973,0,1,1,132.13181031325914
Puruliya,2023-10-28 02:00:00,temp,18.0,21.277411988010186,0,1,1,132.13181031325914
Puruliya,2023-10-29 02:45:00,temp,20.1,18.367190194637775,0,1,1,132.13181031325914
Puruliya,2023-10-30 02:00:00,temp,20.3,19.783863703093143,0,1,1,132.13181031325914
Rae Bareli,2023-10-15 02:30:00,temp,24.8,23.988765031864663,2,1,1,127.03242076504101
Rae Bareli,2023-10-16 02:30:00,temp,24.1,25.621189189862793,2,1,1,127.03242076504101
Rae Bareli,2023-10-17 02:30:00,temp,21.0,24.027297691421637,2,1,1,127.03242076504101
Rae Bareli,2023-10-18 02:30:00,temp,22.2,20.52011571127108,2,1,1,127.03242076504101
Rae Bareli,2023-10-19 02:30:00,temp,21.3,23.3945443624983,2,1,1,127.03242076504101
Rae Bareli,2023-10-20 02:30:00,temp,21.0,21.64141774485007,2,1,1,127.03242076504101
Rae Bareli,2023-10-21 02:15:00,temp,20.2,21.483459860578108,2,1,1,127.03242076504101
Rae Bareli,2023-10-22 02:30:00,temp,20.0,20.513183283954174,2,1,1,127.03242076504101
Rae Bareli,2023-10-23 02:15:00,temp,20.9,20.41864232075643,2,1,1,127.03242076504101
Rae Bareli,2023-10-24 02:15:00,temp,21.2,21.412794636641273,2,1,1,127.03242076504101
Rae Bareli,2023-10-25 02:30:00,temp,21.6,21.360363982380843,2,1,1,127.03242076504101
Rae Bareli,2023-10-26 02:00:00,temp,22.2,21.691825614219272,2,1,1,127.03242076504101
Rae Bareli,2023-10-27 02:30:00,temp,20.9,22.238916315502365,2,1,1,127.03242076504101
Rae Bareli,2023-10-28 02:00:00,temp,21.1,20.595227085611572,2,1,1,127.03242076504101
Rae Bareli,2023-10-29 02:45:00,temp,21.7,21.26131198766841,2,1,1,127.03242076504101
Rae Bareli,2023-10-30 02:00:00,temp,21.5,21.826407320073507,2,1,1,127.03242076504101
Raichur,2023-10-15 02:30:00,temp,25.4,24.48486703559296,2,0,1,150.03248584649583
Raichur,2023-10-16 02:30:00,temp,25.3,24.363778492450702,2,0,1,150.03248584649583
Raichur,2023-10-17 02:30:00,temp,26.3,24.339006581687183,2,0,1,150.03248584649583
Raichur,2023-10-18 02:30:00,temp,24.7,24.856421725069893,2,0,1,150.03248584649583
Raichur,2023-10-19 02:15:00,temp,23.8,24.04268516775049,2,0,1,150.03248584649583
Raichur,2023-10-20 02:30:00,temp,23.8,23.744908311771134,2,0,1,150.03248584649583
Raichur,2023-10-21 02:15:00,temp,24.2,23.956761817441784,2,0,1,150.03248584649583
Raichur,2023-10-22 02:15:00,temp,24.1,24.312464082070676,2,0,1,150.03248584649583
Raichur,2023-10-23 02:15:00,temp,22.5,24.3891294464554,2,0,1,150.03248584649583
Raichur,2023-10-24 02:15:00,temp,21.5,23.864129253059346,2,0,1,150.03248584649583
Raichur,2023-10-25 02:15:00,temp,21.3,23.65554174232308,2,0,1,150.03248584649583
Raichur,2023-10-26 02:00:00,temp,21.5,23.719777155385277,2,0,1,150.03248584649583
Raichur,2023-10-27 02:15:00,temp,20.6,23.796087120766387,2,0,1,150.03248584649583
Raichur,2023-10-28 02:00:00,temp,21.3,22.642228063323135,2,0,1,150.03248584649583
Raichur,2023-10-29 02:45:00,temp,26.0,22.41741193842454,2,0,1,150.03248584649583
Raichur,2023-10-30 02:00:00,temp,24.7,27.00185376718987,2,0,1,150.03248584649583
Raigarh,2023-10-15 02:30:00,temp,21.8,23.294253655295883,1,1,1,120.98553696814942
Raigarh,2023-10-16 02:30:00,temp,21.8,22.44162839213674,1,1,1,120.98553696814942
Raigarh,2023-10-17 02:30:00,temp,22.8,22.33889769679059,1,1,1,120.98553696814942
Raigarh,2023-10-18 02:30:00,temp,21.3,22.867418195665177,1,1,1,120.98553696814942
Raigarh,2023-10-19 02:15:00,temp,21.4,21.975502443285755,1,1,1,120.98553696814942
Raigarh,2023-10-20 02:30:00,temp,21.4,21.912553648745547,1,1,1,120.98553696814942
Raigarh,2023-10-21 02:15:00,temp,19.9,21.817519393708565,1,1,1,120.98553696814942
Raigarh,2023-10-22 02:15:00,temp,19.1,20.710150731361423,1,1,1,120.98553696814942
Raigarh,2023-10-23 02:15:00,temp,18.4,19.815317181525295,1,1,1,120.98553696814942
Raigarh,2023-10-24 02:15:00,temp,19.1,18.867046748017756,1,1,1,120.98553696814942
Raigarh,2023-10-25 02:15:00,temp,19.5,19.231188812403555,1,1,1,120.98553696814942
Raigarh,2023-10-26 02:00:00,temp,18.5,19.523327520907696,1,1,1,120.98553696814942
Raigarh,2023-10-27 02:15:00,temp,18.3,18.73936216434164,1,1,1,120.98553696814942
Raigarh,2023-10-28 02:00:00,temp,18.5,18.483949343965442,1,1,1,120.98553696814942
Raigarh,2023-10-29 02:30:00,temp,18.6,18.548341089271897,1,1,1,120.98553696814942
Raigarh,2023-10-30 01:45:00,temp,19.3,18.600265891912294,1,1,1,120.98553696814942
Raipur,2023-10-15 02:30:00,temp,22.8,24.30153096495848,0,1,1,105.32087555564691
Raipur,2023-10-16 02:30:00,temp,23.6,22.51152379336661,0,1,1,105.32087555564691
Raipur,2023-10-17 02:30:00,temp,22.4,23.736421925106658,0,1,1,105.32087555564691
Raipur,2023-10-18 02:30:00,temp,22.5,22.28615429065629,0,1,1,105.32087555564691
Raipur,2023-10-19 02:15:00,temp,22.1,22.516293885324163,0,1,1,105.32087555564691
Raipur,2023-10-20 02:30:00,temp,22.2,22.068063836165468,0,1,1,105.32087555564691
Raipur,2023-10-21 02:15:00,temp,20.3,22.209890898085753,0,1,1,105.32087555564691
Raipur,2023-10-22 02:15:00,temp,19.4,20.172119280148923,0,1,1,105.32087555564691
Raipur,2023-10-23 02:15:00,temp,18.7,19.328085195289564,0,1,1,105.32087555564691
Raipur,2023-10-24 02:15:00,temp,18.3,18.63193469614128,0,1,1,105.32087555564691
Raipur,2023-10-25 02:15:00,temp,19.1,18.26274852470697,0,1,1,105.32087555564691
Raipur,2023-10-26 02:00:00,temp,18.9,19.190465019622145,0,1,1,105.32087555564691
Raipur,2023-10-27 02:15:00,temp,18.8,18.87059339717297,0,1,1,105.32087555564691
Raipur,2023-10-28 02:00:00,temp,18.8,18.792718943555847,0,1,1,105.32087555564691
Raipur,2023-10-29 02:30:00,temp,18.7,18.800753550878483,0,1,1,105.32087555564691
Raipur,2023-10-30 01:45:00,temp,19.3,18.689573358980848,0,1,1,105.32087555564691
Raisen,2023-10-15 02:30:00,temp,25.0,23.68220357746014,1,1,1,134.2152641639237
Raisen,2023-10-16 02:30:00,temp,23.9,24.532824791021916,1,1,1,134.2152641639237
Raisen,2023-10-17 02:15:00,temp,20.5,23.745991084775195,1,1,1,134.2152641639237
Raisen,2023-10-18 02:15:00,temp,23.0,21.334393856589692,1,1,1,134.2152641639237
Raisen,2023-10-19 02:15:00,temp,22.2,22.988014082086057,1,1,1,134.2152641639237
Raisen,2023-10-20 02:15:00,temp,21.4,22.467851552768348,1,1,1,134.2152641639237
Raisen,2023-10-21 02:00:00,temp,20.8,21.923849473754988,1,1,1,134.2152641639237
Raisen,2023-10-22 02:15:00,temp,21.5,21.461177173535503,1,1,1,134.2152641639237
Raisen,2023-10-23 02:00:00,temp,20.4,21.86583540014094,1,1,1,134.2152641639237
Raisen,2023-10-24 02:15:00,temp,19.9,21.068639644648865,1,1,1,134.2152641639237
Raisen,2023-10-25 02:15:00,temp,19.6,20.606158573405125,1,1,1,134.2152641639237
Raisen,2023-10-26 02:00:00,temp,20.1,20.26172557953389,1,1,1,134.2152641639237
Raisen,2023-10-27 02:15:00,temp,19.6,20.53513101168096,1,1,1,134.2152641639237
Raisen,2023-10-28 02:00:00,temp,18.9,20.078362835456694,1,1,1,134.2152641639237
Raisen,2023-10-29 02:30:00,temp,19.2,19.432066267946542,1,1,1,134.2152641639237
Raisen,2023-10-30 01:45:00,temp,20.0,19.555039405821578,1,1,1,134.2152641639237
Rajgarh,2023-10-15 02:30:00,temp,27.1,26.914818611160836,2,0,1,135.14021891176242
Rajgarh,2023-10-16 02:30:00,temp,26.3,26.70995516425169,2,0,1,135.14021891176242
Rajgarh,2023-10-17 02:15:00,temp,21.3,26.21965999651789,2,0,1,135.14021891176242
Rajgarh,2023-10-18 02:15:00,temp,22.8,24.057988181326095,2,0,1,135.14021891176242
Rajgarh,2023-10-19 02:15:00,temp,23.0,25.298907063751834,2,0,1,135.14021891176242
Rajgarh,2023-10-20 02:15:00,temp,23.0,25.345443223624777,2,0,1,135.14021891176242
Rajgarh,2023-10-21 02:00:00,temp,23.4,24.93021598762896,2,0,1,135.14021891176242
Rajgarh,2023-10-22 02:15:00,temp,23.2,24.85886688530254,2,0,1,135.14021891176242
Rajgarh,2023-10-23 02:00:00,temp,23.4,24.154891666834313,2,0,1,135.14021891176242
Rajgarh,2023-10-24 02:15:00,temp,22.4,24.23095856705718,2,0,1,135.14021891176242
Rajgarh,2023-10-25 02:15:00,temp,22.4,23.434771626890146,2,0,1,135.14021891176242
Rajgarh,2023-10-26 02:00:00,temp,22.9,23.315053757017807,2,0,1,135.14021891176242
Rajgarh,2023-10-27 02:15:00,temp,22.2,23.628420826364366,2,0,1,135.14021891176242
Rajgarh,2023-10-28 02:00:00,temp,22.2,22.86165133074604,2,0,1,135.14021891176242
Rajgarh,2023-10-29 02:30:00,temp,23.6,22.768874222335,2,0,1,135.14021891176242
Rajgarh,2023-10-30 01:45:00,temp,24.2,23.785232871691523,2,0,1,135.14021891176242
Rajkot,2023-10-15 02:30:00,temp,26.7,26.967975447632938,1,0,0,127.02826745018794
Rajkot,2023-10-16 02:30:00,temp,26.0,26.145730059292255,1,0,0,127.02826745018794
Rajkot,2023-10-17 02:15:00,temp,25.4,25.841130165596407,1,0,0,127.02826745018794
Rajkot,2023-10-18 02:15:00,temp,25.8,25.57670717107625,1,0,0,127.02826745018794
Rajkot,2023-10-19 02:15:00,temp,26.9,25.75094886266881,1,0,0,127.02826745018794
Rajkot,2023-10-20 02:30:00,temp,27.1,26.241034422969225,1,0,0,127.02826745018794
Rajkot,2023-10-21 02:15:00,temp,27.9,26.3708486021219,1,0,0,127.02826745018794
Rajkot,2023-10-22 02:15:00,temp,27.9,26.834181474334493,1,0,0,127.02826745018794
Rajkot,2023-10-23 02:00:00,temp,28.0,26.934062837153768,1,0,0,127.02826745018794
Rajkot,2023-10-24 02:15:00,temp,27.5,27.08038282362501,1,0,0,127.02826745018794
Rajkot,2023-10-25 02:15:00,temp,27.2,26.83071420682586,1,0,0,127.02826745018794
Rajkot,2023-10-26 02:00:00,temp,27.4,26.676809286314153,1,0,0,127.02826745018794
Rajkot,2023-10-27 02:15:00,temp,26.4,26.82323216498564,1,0,0,127.02826745018794
Rajkot,2023-10-28 02:00:00,temp,26.3,26.221205523475614,1,0,0,127.02826745018794
Rajkot,2023-10-29 02:30:00,temp,26.0,26.164317852086533,1,0,0,127.02826745018794
Rajkot,2023-10-30 01:45:00,temp,27.4,25.986466106238655,1,0,0,127.02826745018794
Rajsamand,2023-10-15 02:30:00,temp,23.0,23.41129841735991,1,0,0,105.61832113289007
Rajsamand,2023-10-16 02:30:00,temp,22.9,23.033397436722623,1,0,0,105.61832113289007
Rajsamand,2023-10-17 02:30:00,temp,22.2,22.969331694536063,1,0,0,105.61832113289007
Rajsamand,2023-10-18 02:30:00,temp,21.4,22.52110611785303,1,0,0,105.61832113289007
Rajsamand,2023-10-19 02:30:00,temp,21.7,21.964243505968593,1,0,0,105.61832113289007
Rajsamand,2023-10-20 02:30:00,temp,21.9,22.137873127697656,1,0,0,105.61832113289007
Rajsamand,2023-10-21 02:15:00,temp,22.6,22.255775106436946,1,0,0,105.61832113289007
Rajsamand,2023-10-22 02:30:00,temp,23.8,22.726740770912965,1,0,0,105.61832113289007
Rajsamand,2023-10-23 02:15:00,temp,23.1,23.51952894283853,1,0,0,105.61832113289007
Rajsamand,2023-10-24 02:15:00,temp,21.3,23.062740565483555,1,0,0,105.61832113289007
Rajsamand,2023-10-25 02:30:00,temp,21.4,21.896110405660085,1,0,0,105.61832113289007
Rajsamand,2023-10-26 02:00:00,temp,21.3,21.92442004812196,1,0,0,105.61832113289007
Rajsamand,2023-10-27 02:15:00,temp,21.1,21.81897756489516,1,0,0,105.61832113289007
Rajsamand,2023-10-28 02:00:00,temp,21.7,21.636208259064706,1,0,0,105.61832113289007
Rajsamand,2023-10-29 02:45:00,temp,21.8,22.051356934938354,1,0,0,105.61832113289007
Rajsamand,2023-10-30 02:00:00,temp,21.3,22.110561649958278,1,0,0,105.61832113289007
Ramanathapuram,2023-10-15 02:30:00,temp,27.2,27.485079634123682,1,0,1,87.57831753131406
Ramanathapuram,2023-10-16 02:30:00,temp,27.6,27.3897221212136,1,0,1,87.57831753131406
Ramanathapuram,2023-10-17 02:30:00,temp,26.3,27.73567309563595,1,0,1,87.57831753131406
Ramanathapuram,2023-10-18 02:30:00,temp,27.2,26.594147101992437,1,0,1,87.57831753131406
Ramanathapuram,2023-10-19 02:30:00,temp,27.2,28.170076084729516,1,0,1,87.57831753131406
Ramanathapuram,2023-10-20 02:30:00,temp,26.6,27.245646133527487,1,0,1,87.57831753131406
Ramanathapuram,2023-10-21 02:15:00,temp,27.2,27.763998210421892,1,0,1,87.57831753131406
Ramanathapuram,2023-10-22 02:30:00,temp,27.4,27.46613987737427,1,0,1,87.57831753131406
Ramanathapuram,2023-10-23 02:15:00,temp,27.3,27.462357599359468,1,0,1,87.57831753131406
Ramanathapuram,2023-10-24 02:15:00,temp,27.3,27.410178222336228,1,0,1,87.57831753131406
Ramanathapuram,2023-10-25 02:30:00,temp,27.1,27.43909976621729,1,0,1,87.57831753131406
Ramanathapuram,2023-10-26 02:00:00,temp,27.3,27.309652249596507,1,0,1,87.57831753131406
Ramanathapuram,2023-10-27 02:15:00,temp,27.3,27.493235539820915,1,0,1,87.57831753131406
Ramanathapuram,2023-10-28 02:00:00,temp,27.3,27.365609410749226,1,0,1,87.57831753131406
Ramanathapuram,2023-10-29 02:45:00,temp,27.1,27.447803679543252,1,0,1,87.57831753131406
Ramanathapuram,2023-10-30 02:00:00,temp,26.8,27.283805648629805,1,0,1,87.57831753131406
Ramban,2023-10-15 02:30:00,temp,14.7,15.2,0,1,0,116.18995714587801
Ramban,2023-10-16 02:30:00,temp,13.9,14.7,0,1,0,116.18995714587801
Ramban,2023-10-17 02:15:00,temp,12.9,13.9,0,1,0,116.18995714587801
Ramban,2023-10-18 02:15:00,temp,10.0,12.9,0,1,0,116.18995714587801
Ramban,2023-10-19 02:15:00,temp,11.4,10.0,0,1,0,116.18995714587801
Ramban,2023-10-20 02:15:00,temp,11.9,11.4,0,1,0,116.18995714587801
Ramban,2023-10-21 02:15:00,temp,12.6,11.9,0,1,0,116.18995714587801
Ramban,2023-10-22 02:15:00,temp,12.9,12.6,0,1,0,116.18995714587801
Ramban,2023-10-23 02:00:00,temp,10.4,12.900000000000002,0,1,0,116.18995714587801
Ramban,2023-10-24 02:15:00,temp,12.1,10.399999999999999,0,1,0,116.18995714587801
Ramban,2023-10-25 02:15:00,temp,11.8,12.1,0,1,0,116.18995714587801
Ramban,2023-10-26 02:00:00,temp,12.2,11.8,0,1,0,116.18995714587801
Ramban,2023-10-27 02:15:00,temp,12.3,12.2,0,1,0,116.18995714587801
Ramban,2023-10-28 02:00:00,temp,13.0,12.3,0,1,0,116.18995714587801
Ramban,2023-10-29 02:30:00,temp,13.0,13.0,0,1,0,116.18995714587801
Ramban,2023-10-30 01:45:00,temp,13.1,13.0,0,1,0,116.18995714587801
Ramgarh,2023-10-15 02:30:00,temp,20.0,21.383720146935687,0,1,2,107.72610835117906
Ramgarh,2023-10-16 02:30:00,temp,19.0,20.458826898046624,0,1,2,107.72610835117906
Ramgarh,2023-10-17 02:15:00,temp,20.7,19.455147090035975,0,1,2,107.72610835117906
Ramgarh,2023-10-18 02:30:00,temp,20.0,20.767467827189986,0,1,2,107.72610835117906
Ramgarh,2023-10-19 02:15:00,temp,20.0,19.97946458683357,0,1,2,107.72610835117906
Ramgarh,2023-10-20 02:30:00,temp,20.0,20.114027806333926,0,1,2,107.72610835117906
Ramgarh,2023-10-21 02:15:00,temp,17.0,20.02597816831433,0,1,2,107.72610835117906
Ramgarh,2023-10-22 02:15:00,temp,16.0,17.733356274610596,0,1,2,107.72610835117906
Ramgarh,2023-10-23 02:00:00,temp,18.0,16.731852563709307,0,1,2,107.72610835117906
Ramgarh,2023-10-24 02:15:00,temp,20.0,18.234366759805123,0,1,2,107.72610835117906
Ramgarh,2023-10-25 02:15:00,temp,18.8,19.500880413542458,0,1,2,107.72610835117906
Ramgarh,2023-10-26 02:00:00,temp,21.0,18.394935982535454,0,1,2,107.72610835117906
Ramgarh,2023-10-27 02:15:00,temp,18.0,20.684384151421362,0,1,2,107.72610835117906
Ramgarh,2023-10-28 02:00:00,temp,18.0,18.249092468603063,0,1,2,107.72610835117906
Ramgarh,2023-10-29 02:30:00,temp,17.8,18.558490487756597,0,1,2,107.72610835117906
Ramgarh,2023-10-30 01:45:00,temp,17.0,18.074568701424628,0,1,2,107.72610835117906
Rampur,2023-10-15 02:30:00,temp,21.8,22.034912435947266,2,1,2,147.29965601324832
Rampur,2023-10-16 02:30:00,temp,22.0,22.567013569968328,2,1,2,147.29965601324832
Rampur,2023-10-17 02:30:00,temp,18.9,22.22602426633472,2,1,2,147.29965601324832
Rampur,2023-10-18 02:30:00,temp,19.1,19.488702341914642,2,1,2,147.29965601324832
Rampur,2023-10-19 02:30:00,temp,18.3,20.422951769382262,2,1,2,147.29965601324832
Rampur,2023-10-20 02:30:00,temp,18.2,18.53227497585248,2,1,2,147.29965601324832
Rampur,2023-10-21 02:15:00,temp,18.8,19.25309887516502,2,1,2,147.29965601324832
Rampur,2023-10-22 02:30:00,temp,18.5,18.738461946316015,2,1,2,147.29965601324832
Rampur,2023-10-23 02:15:00,temp,19.4,19.116213695256203,2,1,2,147.29965601324832
Rampur,2023-10-24 02:15:00,temp,19.0,19.216452670105404,2,1,2,147.29965601324832
Rampur,2023-10-25 02:30:00,temp,19.4,19.29314585540467,2,1,2,147.29965601324832
Rampur,2023-10-26 02:00:00,temp,19.8,19.263120778108405,2,1,2,147.29965601324832
Rampur,2023-10-27 02:30:00,temp,19.3,19.862750162768073,2,1,2,147.29965601324832
Rampur,2023-10-28 02:00:00,temp,19.0,19.158254356834814,2,1,2,147.29965601324832
Rampur,2023-10-29 02:45:00,temp,18.9,19.25361472363057,2,1,2,147.29965601324832
Rampur,2023-10-30 02:00:00,temp,19.2,18.86481693003298,2,1,2,147.29965601324832
Ranchi,2023-10-15 02:30:00,temp,20.0,21.374015529898827,0,1,2,105.58010236794622
Ranchi,2023-10-16 02:30:00,temp,19.0,20.475092660219143,0,1,2,105.58010236794622
Ranchi,2023-10-17 02:15:00,temp,20.7,19.439303003619013,0,1,2,105.58010236794622
Ranchi,2023-10-18 02:30:00,temp,20.0,20.821903093697944,0,1,2,105.58010236794622
Ranchi,2023-10-19 02:15:00,temp,20.0,19.9596265631996,0,1,2,105.58010236794622
Ranchi,2023-10-20 02:30:00,temp,20.0,20.127097079442347,0,1,2,105.58010236794622
Ranchi,2023-10-21 02:15:00,temp,17.0,20.02324387862803,0,1,2,105.58010236794622
Ranchi,2023-10-22 02:15:00,temp,16.0,17.66752902149981,0,1,2,105.58010236794622
Ranchi,2023-10-23 02:00:00,temp,18.0,16.73971982250364,0,1,2,105.58010236794622
Ranchi,2023-10-24 02:15:00,temp,20.0,18.26533957966322,0,1,2,105.58010236794622
Ranchi,2023-10-25 02:15:00,temp,18.7,19.524696648800738,0,1,2,105.58010236794622
Ranchi,2023-10-26 02:00:00,temp,21.0,18.283937974719056,0,1,2,105.58010236794622
Ranchi,2023-10-27 02:15:00,temp,18.0,20.723058736414874,0,1,2,105.58010236794622
Ranchi,2023-10-28 02:00:00,temp,18.0,18.242198670145584,0,1,2,105.58010236794622
Ranchi,2023-10-29 02:30:00,temp,17.7,18.550886990879526,0,1,2,105.58010236794622
Ranchi,2023-10-30 01:45:00,temp,17.0,18.002275115266336,0,1,2,105.58010236794622
Ranipet,2023-10-15 02:30:00,temp,23.8,23.347563106666904,0,1,1,148.58453439011245
Ranipet,2023-10-16 02:30:00,temp,24.1,23.546599037444746,0,1,1,148.58453439011245
Ranipet,2023-10-17 02:30:00,temp,23.6,23.75718883554852,0,1,1,148.58453439011245
Ranipet,2023-10-18 02:30:00,temp,23.0,23.700266695890917,0,1,1,148.58453439011245
Ranipet,2023-10-19 02:30:00,temp,22.5,23.44389701346016,0,1,1,148.58453439011245
Ranipet,2023-10-20 02:30:00,temp,22.6,23.08409758867125,0,1,1,148.58453439011245
Ranipet,2023-10-21 02:30:00,temp,22.9,22.891636374966218,0,1,1,148.58453439011245
Ranipet,2023-10-22 02:30:00,temp,23.3,22.895204774662577,0,1,1,148.58453439011245
Ranipet,2023-10-23 02:15:00,temp,23.4,23.050436854236125,0,1,1,148.58453439011245
Ranipet,2023-10-24 02:15:00,temp,22.4,23.182368965936043,0,1,1,148.58453439011245
Ranipet,2023-10-25 02:30:00,temp,22.8,22.88870680340558,0,1,1,148.58453439011245
Ranipet,2023-10-26 02:00:00,temp,22.6,22.85529248802294,0,1,1,148.58453439011245
Ranipet,2023-10-27 02:30:00,temp,22.7,22.758914050791045,0,1,1,148.58453439011245
Ranipet,2023-10-28 02:00:00,temp,22.9,22.736703808754193,0,1,1,148.58453439011245
Ranipet,2023-10-29 02:45:00,temp,23.2,22.798248676001187,0,1,1,148.58453439011245
Ranipet,2023-10-30 02:00:00,temp,23.1,22.948884437909687,0,1,1,148.58453439011245
Ratlam,2023-10-15 02:30:00,temp,24.7,23.81410838814343,0,0,2,101.93556111122753
Ratlam,2023-10-16 02:30:00,temp,23.3,23.998990029433894,0,0,2,101.93556111122753
Ratlam,2023-10-17 02:15:00,temp,23.2,22.808964622602222,0,0,2,101.93556111122753
Ratlam,2023-10-18 02:15:00,temp,21.9,22.628728446935057,0,0,2,101.93556111122753
Ratlam,2023-10-19 02:15:00,temp,22.9,22.525381494615225,0,0,2,101.93556111122753
Ratlam,2023-10-20 02:15:00,temp,22.6,22.566766785686205,0,0,2,101.93556111122753
Ratlam,2023-10-21 02:00:00,temp,23.4,22.985415336277338,0,0,2,101.93556111122753
Ratlam,2023-10-22 02:15:00,temp,23.0,23.04522510141308,0,0,2,101.93556111122753
Ratlam,2023-10-23 02:00:00,temp,22.7,22.98610083509471,0,0,2,101.93556111122753
Ratlam,2023-10-24 02:15:00,temp,22.9,22.553115010266048,0,0,2,101.93556111122753
Ratlam,2023-10-25 02:15:00,temp,21.4,22.812609038121717,0,0,2,101.93556111122753
Ratlam,2023-10-26 02:00:00,temp,21.1,22.089048505280324,0,0,2,101.93556111122753
Ratlam,2023-10-27 02:15:00,temp,21.0,21.255754248476546,0,0,2,101.93556111122753
Ratlam,2023-10-28 02:00:00,temp,20.4,21.9675132426417,0,0,2,101.93556111122753
Ratlam,2023-10-29 02:30:00,temp,21.3,21.533493711755277,0,0,2,101.93556111122753
Ratlam,2023-10-30 01:45:00,temp,21.6,21.556925779558945,0,0,2,101.93556111122753
Ratnagiri,2023-10-15 02:30:00,temp,26.0,25.35581646831982,0,1,1,56.930666480098466
Ratnagiri,2023-10-16 02:30:00,temp,25.3,25.595151685753315,0,1,1,56.930666480098466
Ratnagiri,2023-10-17 02:30:00,temp,26.4,25.48309347865228,0,1,1,56.930666480098466
Ratnagiri,2023-10-18 02:30:00,temp,25.7,25.796212259883966,0,1,1,56.930666480098466
Ratnagiri,2023-10-19 02:30:00,temp,25.6,25.758859696616764,0,1,1,56.930666480098466
Ratnagiri,2023-10-20 02:30:00,temp,26.2,25.705354237962965,0,1,1,56.930666480098466
Ratnagiri,2023-10-21 02:15:00,temp,26.9,25.86659329401742,0,1,1,56.930666480098466
Ratnagiri,2023-10-22 02:30:00,temp,26.3,26.257507902380006,0,1,1,56.930666480098466
Ratnagiri,2023-10-23 02:15:00,temp,25.2,26.275684978677926,0,1,1,56.930666480098466
Ratnagiri,2023-10-24 02:15:00,temp,24.5,25.90290470780023,0,1,1,56.930666480098466
Ratnagiri,2023-10-25 02:15:00,temp,24.3,25.42533230512366,0,1,1,56.930666480098466
Ratnagiri,2023-10-26 02:00:00,temp,24.5,24.631823438216266,0,1,1,56.930666480098466
Ratnagiri,2023-10-27 02:15:00,temp,23.7,24.54624109748619,0,1,1,56.930666480098466
Ratnagiri,2023-10-28 02:00:00,temp,23.8,24.02008841345169,0,1,1,56.930666480098466
Ratnagiri,2023-10-29 02:45:00,temp,23.9,23.877616125721364,0,1,1,56.930666480098466
Ratnagiri,2023-10-30 02:00:00,temp,24.3,23.891757195718515,0,1,1,56.930666480098466
Rayagada,2023-10-15 02:30:00,temp,17.9,19.126323917313385,1,1,1,158.53858215985068
Rayagada,2023-10-16 02:30:00,temp,17.2,18.401277223065186,1,1,1,158.53858215985068
Rayagada,2023-10-17 02:30:00,temp,21.0,17.846809081411447,1,1,1,158.53858215985068
Rayagada,2023-10-18 02:30:00,temp,18.5,21.10760321280214,1,1,1,158.53858215985068
Rayagada,2023-10-19 02:30:00,temp,17.6,18.774240073286403,1,1,1,158.53858215985068
Rayagada,2023-10-20 02:30:00,temp,17.1,18.24127718869457,1,1,1,158.53858215985068
Rayagada,2023-10-21 02:15:00,temp,16.8,17.798301854418778,1,1,1,158.53858215985068
Rayagada,2023-10-22 02:30:00,temp,16.0,17.43690599807736,1,1,1,158.53858215985068
Rayagada,2023-10-23 02:15:00,temp,15.5,16.794655391772718,1,1,1,158.53858215985068
Rayagada,2023-10-24 02:15:00,temp,15.3,16.244323381778905,1,1,1,158.53858215985068
Rayagada,2023-10-25 02:15:00,temp,17.0,15.874179740949332,1,1,1,158.53858215985068
Rayagada,2023-10-26 02:00:00,temp,16.3,16.722158906309126,1,1,1,158.53858215985068
Rayagada,2023-10-27 02:15:00,temp,15.8,16.39164175847352,1,1,1,158.53858215985068
Rayagada,2023-10-28 02:00:00,temp,15.3,16.075561455293514,1,1,1,158.53858215985068
Rayagada,2023-10-29 02:45:00,temp,15.2,15.701854113806988,1,1,1,158.53858215985068
Rayagada,2023-10-30 02:00:00,temp,14.5,15.518454671369339,1,1,1,158.53858215985068
Rewa,2023-10-15 02:30:00,temp,23.4,23.0,0,1,0,128.29321114421003
Rewa,2023-10-16 02:30:00,temp,23.9,23.4,0,1,0,128.29321114421003
Rewa,2023-10-17 02:15:00,temp,21.4,23.9,0,1,0,128.29321114421003
Rewa,2023-10-18 02:15:00,temp,22.0,21.4,0,1,0,128.29321114421003
Rewa,2023-10-19 02:15:00,temp,21.9,22.0,0,1,0,128.29321114421003
Rewa,2023-10-20 02:15:00,temp,20.9,21.9,0,1,0,128.29321114421003
Rewa,2023-10-21 02:00:00,temp,20.9,20.9,0,1,0,128.29321114421003
Rewa,2023-10-22 02:15:00,temp,19.7,20.9,0,1,0,128.29321114421003
Rewa,2023-10-23 02:00:00,temp,19.0,19.7,0,1,0,128.29321114421003
Rewa,2023-10-24 02:15:00,temp,19.0,19.0,0,1,0,128.29321114421003
Rewa,2023-10-25 02:15:00,temp,19.9,19.0,0,1,0,128.29321114421003
Rewa,2023-10-26 02:00:00,temp,19.6,19.9,0,1,0,128.29321114421003
Rewa,2023-10-27 02:15:00,temp,19.3,19.6,0,1,0,128.29321114421003
Rewa,2023-10-28 02:00:00,temp,19.2,19.3,0,1,0,128.29321114421003
Rewa,2023-10-29 02:30:00,temp,19.4,19.2,0,1,0,128.29321114421003
Rewa,2023-10-30 01:45:00,temp,20.0,19.4,0,1,0,128.29321114421003
Rewari,2023-10-15 02:30:00,temp,26.7,27.191244560936955,2,0,2,151.3477333267977
Rewari,2023-10-16 02:30:00,temp,27.1,27.450355539023754,2,0,2,151.3477333267977
Rewari,2023-10-17 02:15:00,temp,20.4,26.8617860690887,2,0,2,151.3477333267977
Rewari,2023-10-18 02:30:00,temp,23.2,22.90645218414201,2,0,2,151.3477333267977
Rewari,2023-10-19 02:15:00,temp,22.2,23.04529949948767,2,0,2,151.3477333267977
Rewari,2023-10-20 02:30:00,temp,22.8,25.361397437437223,2,0,2,151.3477333267977
Rewari,2023-10-21 02:15:00,temp,23.6,26.52582547308721,2,0,2,151.3477333267977
Rewari,2023-10-22 02:15:00,temp,23.3,25.177572937595272,2,0,2,151.3477333267977
Rewari,2023-10-23 02:15:00,temp,23.6,23.96881889051889,2,0,2,151.3477333267977
Rewari,2023-10-24 02:15:00,temp,22.8,24.67706229126752,2,0,2,151.3477333267977
Rewari,2023-10-25 02:15:00,temp,23.0,24.884946159255755,2,0,2,151.3477333267977
Rewari,2023-10-26 02:00:00,temp,22.9,24.239431505501138,2,0,2,151.3477333267977
Rewari,2023-10-27 02:15:00,temp,22.3,23.947799961259772,2,0,2,151.3477333267977
Rewari,2023-10-28 02:00:00,temp,22.9,23.704832827372517,2,0,2,151.3477333267977
Rewari,2023-10-29 02:30:00,temp,23.9,23.932039180579302,2,0,2,151.3477333267977
Rewari,2023-10-30 01:45:00,temp,24.4,24.90471872082836,2,0,2,151.3477333267977
Rohtak,2023-10-15 02:30:00,temp,25.6,26.006781118080024,0,0,2,167.90856941488946
Rohtak,2023-10-16 02:30:00,temp,26.1,26.29792091618009,0,0,2,167.90856941488946
Rohtak,2023-10-17 02:15:00,temp,19.2,26.535751686501648,0,0,2,167.90856941488946
Rohtak,2023-10-18 02:15:00,temp,22.8,21.413771831934547,0,0,2,167.90856941488946
Rohtak,2023-10-19 02:15:00,temp,21.3,24.516365146120602,0,0,2,167.90856941488946
Rohtak,2023-10-20 02:30:00,temp,21.6,25.386484320137583,0,0,2,167.90856941488946
Rohtak,2023-10-21 02:15:00,temp,23.1,23.199558666222813,0,0,2,167.90856941488946
Rohtak,2023-10-22 02:15:00,temp,22.4,25.001919257241735,0,0,2,167.90856941488946
Rohtak,2023-10-23 02:15:00,temp,22.9,24.864192699701057,0,0,2,167.90856941488946
Rohtak,2023-10-24 02:15:00,temp,21.9,24.119697335456614,0,0,2,167.90856941488946
Rohtak,2023-10-25 02:15:00,temp,22.9,24.034427967612608,0,0,2,167.90856941488946
Rohtak,2023-10-26 02:00:00,temp,21.7,24.47338451063656,0,0,2,167.90856941488946
Rohtak,2023-10-27 02:15:00,temp,21.6,23.76827371404871,0,0,2,167.90856941488946
Rohtak,2023-10-28 02:00:00,temp,22.7,23.355862841998867,0,0,2,167.90856941488946
Rohtak,2023-10-29 02:30:00,temp,23.6,24.52971289085984,0,0,2,167.90856941488946
Rohtak,2023-10-30 01:45:00,temp,24.0,24.93860588109276,0,0,2,167.90856941488946
Rudraprayag,2023-10-15 02:30:00,temp,12.5,12.7,0,1,0,130.38231578970138
Rudraprayag,2023-10-16 02:30:00,temp,11.3,12.5,0,1,0,130.38231578970138
Rudraprayag,2023-10-17 02:30:00,temp,10.1,11.3,0,1,0,130.38231578970138
Rudraprayag,2023-10-18 02:30:00,temp,9.0,10.1,0,1,0,130.38231578970138
Rudraprayag,2023-10-19 02:15:00,temp,9.5,9.0,0,1,0,130.38231578970138
Rudraprayag,2023-10-20 02:30:00,temp,9.7,9.5,0,1,0,130.38231578970138
Rudraprayag,2023-10-21 02:15:00,temp,9.7,9.7,0,1,0,130.38231578970138
Rudraprayag,2023-10-22 02:15:00,temp,10.2,9.7,0,1,0,130.38231578970138
Rudraprayag,2023-10-23 02:15:00,temp,10.0,10.2,0,1,0,130.38231578970138
Rudraprayag,2023-10-24 02:15:00,temp,9.8,10.0,0,1,0,130.38231578970138
Rudraprayag,2023-10-25 02:15:00,temp,9.8,9.8,0,1,0,130.38231578970138
Rudraprayag,2023-10-26 02:00:00,temp,9.9,9.8,0,1,0,130.38231578970138
Rudraprayag,2023-10-27 02:15:00,temp,10.1,9.9,0,1,0,130.38231578970138
Rudraprayag,2023-10-28 02:00:00,temp,10.2,10.1,0,1,0,130.38231578970138
Rudraprayag,2023-10-29 02:30:00,temp,10.5,10.2,0,1,0,130.38231578970138
Rudraprayag,2023-10-30 01:45:00,temp,10.4,10.5,0,1,0,130.38231578970138
Rupnagar,2023-10-15 02:30:00,temp,22.3,20.740290429707265,1,1,1,164.9372689562375
Rupnagar,2023-10-16 02:30:00,temp,21.6,21.960671544457057,1,1,1,164.9372689562375
Rupnagar,2023-10-17 02:30:00,temp,18.3,21.612489593385497,1,1,1,164.9372689562375
Rupnagar,2023-10-18 02:30:00,temp,17.2,19.790947412773882,1,1,1,164.9372689562375
Rupnagar,2023-10-19 02:15:00,temp,16.7,18.696080667766847,1,1,1,164.9372689562375
Rupnagar,2023-10-20 02:30:00,temp,17.2,17.924726479234483,1,1,1,164.9372689562375
Rupnagar,2023-10-21 02:15:00,temp,18.2,17.9865796908864,1,1,1,164.9372689562375
Rupnagar,2023-10-22 02:15:00,temp,18.9,18.544028608229002,1,1,1,164.9372689562375
Rupnagar,2023-10-23 02:15:00,temp,17.8,18.979248744899717,1,1,1,164.9372689562375
Rupnagar,2023-10-24 02:15:00,temp,17.5,18.177114881041053,1,1,1,164.9372689562375
Rupnagar,2023-10-25 02:15:00,temp,19.3,17.884531815981116,1,1,1,164.9372689562375
Rupnagar,2023-10-26 02:00:00,temp,18.6,19.057684500574055,1,1,1,164.9372689562375
Rupnagar,2023-10-27 02:15:00,temp,17.8,19.14916553110341,1,1,1,164.9372689562375
Rupnagar,2023-10-28 02:00:00,temp,18.5,18.079000132144515,1,1,1,164.9372689562375
Rupnagar,2023-10-29 02:45:00,temp,17.8,18.493949668552066,1,1,1,164.9372689562375
Rupnagar,2023-10-30 02:00:00,temp,18.1,18.02825572208255,1,1,1,164.9372689562375
Sagar,2023-10-15 02:30:00,temp,23.5,22.479247502959307,1,1,1,125.08757108008591
Sagar,2023-10-16 02:30:00,temp,24.5,23.29566194595768,1,1,1,125.08757108008591
Sagar,2023-10-17 02:15:00,temp,21.0,24.139282542903892,1,1,1,125.08757108008591
Sagar,2023-10-18 02:15:00,temp,21.2,21.534475569883732,1,1,1,125.08757108008591
Sagar,2023-10-19 02:15:00,temp,22.0,21.615034825097585,1,1,1,125.08757108008591
Sagar,2023-10-20 02:15:00,temp,20.3,22.131242395965952,1,1,1,125.08757108008591
Sagar,2023-10-21 02:00:00,temp,20.2,20.942630358746083,1,1,1,125.08757108008591
Sagar,2023-10-22 02:15:00,temp,20.0,20.77282107155689,1,1,1,125.08757108008591
Sagar,2023-10-23 02:00:00,temp,18.5,20.53472740135223,1,1,1,125.08757108008591
Sagar,2023-10-24 02:00:00,temp,18.6,19.24080001327465,1,1,1,125.08757108008591
Sagar,2023-10-25 02:15:00,temp,19.2,19.158595223019088,1,1,1,125.08757108008591
Sagar,2023-10-26 02:00:00,temp,19.1,19.5542471740688,1,1,1,125.08757108008591
Sagar,2023-10-27 02:15:00,temp,19.0,19.39806547865075,1,1,1,125.08757108008591
Sagar,2023-10-28 02:00:00,temp,18.4,19.248216053904144,1,1,1,125.08757108008591
Sagar,2023-10-29 02:30:00,temp,18.7,18.671940551833416,1,1,1,125.08757108008591
Sagar,2023-10-30 01:45:00,temp,19.3,18.852708598111022,1,1,1,125.08757108008591
Saharanpur,2023-10-15 02:30:00,temp,21.7,20.7,0,1,0,145.30300158711216
Saharanpur,2023-10-16 02:30:00,temp,21.6,21.7,0,1,0,145.30300158711216
Saharanpur,2023-10-17 02:30:00,temp,17.2,21.6,0,1,0,145.30300158711216
Saharanpur,2023-10-18 02:30:00,temp,18.8,17.2,0,1,0,145.30300158711216
Saharanpur,2023-10-19 02:30:00,temp,17.6,18.8,0,1,0,145.30300158711216
Saharanpur,2023-10-20 02:30:00,temp,18.2,17.6,0,1,0,145.30300158711216
Saharanpur,2023-10-21 02:15:00,temp,18.4,18.2,0,1,0,145.30300158711216
Saharanpur,2023-10-22 02:30:00,temp,18.7,18.4,0,1,0,145.30300158711216
Saharanpur,2023-10-23 02:15:00,temp,18.8,18.7,0,1,0,145.30300158711216
Saharanpur,2023-10-24 02:15:00,temp,18.5,18.8,0,1,0,145.30300158711216
Saharanpur,2023-10-25 02:30:00,temp,19.1,18.5,0,1,0,145.30300158711216
Saharanpur,2023-10-26 02:00:00,temp,19.4,19.1,0,1,0,145.30300158711216
Saharanpur,2023-10-27 02:30:00,temp,18.7,19.4,0,1,0,145.30300158711216
Saharanpur,2023-10-28 02:00:00,temp,19.2,18.7,0,1,0,145.30300158711216
Saharanpur,2023-10-29 02:45:00,temp,19.1,19.2,0,1,0,145.30300158711216
Saharanpur,2023-10-30 02:00:00,temp,18.9,19.1,0,1,0,145.30300158711216
Saharsa,2023-10-15 02:30:00,temp,22.9,22.934132177155565,1,1,1,159.75455339291406
Saharsa,2023-10-16 02:30:00,temp,24.1,23.4680295538742,1,1,1,159.75455339291406
Saharsa,2023-10-17 02:15:00,temp,23.2,23.516128362458794,1,1,1,159.75455339291406
Saharsa,2023-10-18 02:30:00,temp,23.5,23.792578855807697,1,1,1,159.75455339291406
Saharsa,2023-10-19 02:15:00,temp,21.6,22.913231381634134,1,1,1,159.75455339291406
Saharsa,2023-10-20 02:30:00,temp,21.8,22.215895265331127,1,1,1,159.75455339291406
Saharsa,2023-10-21 02:15:00,temp,21.1,21.192317269500187,1,1,1,159.75455339291406
Saharsa,2023-10-22 02:15:00,temp,20.9,21.710604277452216,1,1,1,159.75455339291406
Saharsa,2023-10-23 02:15:00,temp,21.5,20.306018636731338,1,1,1,159.75455339291406
Saharsa,2023-10-24 02:15:00,temp,21.5,22.06660281425889,1,1,1,159.75455339291406
Saharsa,2023-10-25 02:15:00,temp,22.4,20.940647132416803,1,1,1,159.75455339291406
Saharsa,2023-10-26 02:00:00,temp,21.9,22.92982835994967,1,1,1,159.75455339291406
Saharsa,2023-10-27 02:15:00,temp,21.1,21.390572891609732,1,1,1,159.75455339291406
Saharsa,2023-10-28 02:00:00,temp,21.0,21.61649450804204,1,1,1,159.75455339291406
Saharsa,2023-10-29 02:30:00,temp,21.9,20.49509040376988,1,1,1,159.75455339291406
Saharsa,2023-10-30 01:45:00,temp,21.6,22.378184298155347,1,1,1,159.75455339291406
Sahibganj,2023-10-15 02:30:00,temp,22.0,23.543299809354327,1,1,1,159.23917680182018
Sahibganj,2023-10-16 02:30:00,temp,25.4,22.67670189184699,1,1,1,159.23917680182018
Sahibganj,2023-10-17 02:15:00,temp,23.7,25.078885868631478,1,1,1,159.23917680182018
Sahibganj,2023-10-18 02:30:00,temp,24.0,23.93314701871273,1,1,1,159.23917680182018
Sahibganj,2023-10-19 02:15:00,temp,22.4,24.10314731978368,1,1,1,159.23917680182018
Sahibganj,2023-10-20 02:30:00,temp,22.1,23.150547762826005,1,1,1,159.23917680182018
Sahibganj,2023-10-21 02:15:00,temp,21.5,21.422166566289206,1,1,1,159.23917680182018
Sahibganj,2023-10-22 02:15:00,temp,21.4,22.171050090322083,1,1,1,159.23917680182018
Sahibganj,2023-10-23 02:00:00,temp,22.6,20.768612454602927,1,1,1,159.23917680182018
Sahibganj,2023-10-24 02:15:00,temp,21.7,23.17302978154985,1,1,1,159.23917680182018
Sahibganj,2023-10-25 02:15:00,temp,22.3,21.15685338114289,1,1,1,159.23917680182018
Sahibganj,2023-10-26 02:00:00,temp,21.5,22.593344147552127,1,1,1,159.23917680182018
Sahibganj,2023-10-27 02:15:00,temp,21.4,21.417822915309966,1,1,1,159.23917680182018
Sahibganj,2023-10-28 02:00:00,temp,21.4,21.483400949303874,1,1,1,159.23917680182018
Sahibganj,2023-10-29 02:30:00,temp,21.5,21.33189435248789,1,1,1,159.23917680182018
Sahibganj,2023-10-30 01:45:00,temp,21.4,21.542738736836462,1,1,1,159.23917680182018
Saiha,2023-10-15 02:30:00,temp,16.5,18.71236860533637,0,0,2,90.51655526004213
Saiha,2023-10-16 02:30:00,temp,17.0,17.689530990568834,0,0,2,90.51655526004213
Saiha,2023-10-17 02:15:00,temp,17.1,18.15847807191475,0,0,2,90.51655526004213
Saiha,2023-10-18 02:30:00,temp,16.6,19.07193125003005,0,0,2,90.51655526004213
Saiha,2023-10-19 02:15:00,temp,16.7,17.674754148758048,0,0,2,90.51655526004213
Saiha,2023-10-20 02:30:00,temp,16.5,17.31102266271383,0,0,2,90.51655526004213
Saiha,2023-10-21 02:15:00,temp,17.2,18.61986993173993,0,0,2,90.51655526004213
Saiha,2023-10-22 02:15:00,temp,17.8,18.280908206720735,0,0,2,90.51655526004213
Saiha,2023-10-23 02:15:00,temp,18.9,18.32076219633452,0,0,2,90.51655526004213
Saiha,2023-10-24 02:15:00,temp,18.4,19.94379927894205,0,0,2,90.51655526004213
Saiha,2023-10-25 02:15:00,temp,18.1,19.405020507065398,0,0,2,90.51655526004213
Saiha,2023-10-26 02:00:00,temp,18.4,17.505783598700113,0,0,2,90.51655526004213
Saiha,2023-10-27 02:15:00,temp,17.2,19.353540576731465,0,0,2,90.51655526004213
Saiha,2023-10-28 02:00:00,temp,16.7,19.06169202849443,0,0,2,90.51655526004213
Saiha,2023-10-29 02:30:00,temp,15.9,16.9469749514885,0,0,2,90.51655526004213
Saiha,2023-10-30 01:45:00,temp,16.7,17.744772025408878,0,0,2,90.51655526004213
Saitual,2023-10-15 02:30:00,temp,17.3,20.638891817812027,2,1,2,135.4421641965773
Saitual,2023-10-16 02:30:00,temp,18.6,18.416005817158343,2,1,2,135.4421641965773
Saitual,2023-10-17 02:30:00,temp,19.0,18.157811095867782,2,1,2,135.4421641965773
Saitual,2023-10-18 02:30:00,temp,19.5,18.321035887284225,2,1,2,135.4421641965773
Saitual,2023-10-19 02:30:00,temp,19.1,20.6251156235821,2,1,2,135.4421641965773
Saitual,2023-10-20 02:30:00,temp,19.1,18.23780958891845,2,1,2,135.4421641965773
Saitual,2023-10-21 02:30:00,temp,19.1,19.041542004472046,2,1,2,135.4421641965773
Saitual,2023-10-22 02:30:00,temp,20.2,19.941439477923666,2,1,2,135.4421641965773
Saitual,2023-10-23 02:15:00,temp,21.6,19.93030937191173,2,1,2,135.4421641965773
Saitual,2023-10-24 02:15:00,temp,20.6,21.783422817358844,2,1,2,135.4421641965773
Saitual,2023-10-25 02:30:00,temp,21.9,21.33975129172238,2,1,2,135.4421641965773
Saitual,2023-10-26 02:00:00,temp,20.8,20.95184953498209,2,1,2,135.4421641965773
Saitual,2023-10-27 02:30:00,temp,19.8,21.23946210003687,2,1,2,135.4421641965773
Saitual,2023-10-28 02:00:00,temp,18.8,20.356118987787376,2,1,2,135.4421641965773
Saitual,2023-10-29 02:45:00,temp,18.5,19.309316202532045,2,1,2,135.4421641965773
Saitual,2023-10-30 02:00:00,temp,18.4,19.170331022125126,2,1,2,135.4421641965773
Salem,2023-10-15 02:30:00,temp,21.4,22.34521642828697,2,0,2,93.76947794134139
Salem,2023-10-16 02:30:00,temp,22.5,22.276375430062505,2,0,2,93.76947794134139
Salem,2023-10-17 02:30:00,temp,21.2,22.80663163909056,2,0,2,93.76947794134139
Salem,2023-10-18 02:30:00,temp,21.1,22.602801705944696,2,0,2,93.76947794134139
Salem,2023-10-19 02:30:00,temp,20.9,21.99866961223262,2,0,2,93.76947794134139
Salem,2023-10-20 02:30:00,temp,20.7,21.397123100121696,2,0,2,93.76947794134139
Salem,2023-10-21 02:15:00,temp,20.9,21.503748728403007,2,0,2,93.76947794134139
Salem,2023-10-22 02:30:00,temp,21.6,21.239642790633454,2,0,2,93.76947794134139
Salem,2023-10-23 02:15:00,temp,21.8,21.828017101641343,2,0,2,93.76947794134139
Salem,2023-10-24 02:15:00,temp,21.2,21.80584085631799,2,0,2,93.76947794134139
Salem,2023-10-25 02:30:00,temp,21.1,21.693946880945653,2,0,2,93.76947794134139
Salem,2023-10-26 02:00:00,temp,21.0,21.464596632492754,2,0,2,93.76947794134139
Salem,2023-10-27 02:15:00,temp,20.4,21.43457678490469,2,0,2,93.76947794134139
Salem,2023-10-28 02:00:00,temp,21.8,20.952856293009027,2,0,2,93.76947794134139
Salem,2023-10-29 02:45:00,temp,20.6,21.779813612424864,2,0,2,93.76947794134139
Salem,2023-10-30 02:00:00,temp,20.8,21.2562053303786,2,0,2,93.76947794134139
Samastipur,2023-10-15 02:30:00,temp,23.0,23.888414260910682,2,1,2,157.81483591115406
Samastipur,2023-10-16 02:30:00,temp,24.0,23.753340871190026,2,1,2,157.81483591115406
Samastipur,2023-10-17 02:15:00,temp,23.0,24.681668131894842,2,1,2,157.81483591115406
Samastipur,2023-10-18 02:30:00,temp,23.5,23.91566781301714,2,1,2,157.81483591115406
Samastipur,2023-10-19 02:15:00,temp,21.8,24.350179617284038,2,1,2,157.81483591115406
Samastipur,2023-10-20 02:30:00,temp,21.7,22.91079138196706,2,1,2,157.81483591115406
Samastipur,2023-10-21 02:15:00,temp,21.2,22.431745247332444,2,1,2,157.81483591115406
Samastipur,2023-10-22 02:15:00,temp,21.2,21.81051421647783,2,1,2,157.81483591115406
Samastipur,2023-10-23 02:15:00,temp,21.0,21.66719980035208,2,1,2,157.81483591115406
Samastipur,2023-10-24 02:15:00,temp,22.3,21.216347054510038,2,1,2,157.81483591115406
Samastipur,2023-10-25 02:15:00,temp,23.1,22.035945526658182,2,1,2,157.81483591115406
Samastipur,2023-10-26 02:00:00,temp,22.1,23.718588635948418,2,1,2,157.81483591115406
Samastipur,2023-10-27 02:15:00,temp,21.7,21.898167113846593,2,1,2,157.81483591115406
Samastipur,2023-10-28 02:00:00,temp,22.1,21.490459489477328,2,1,2,157.81483591115406
Samastipur,2023-10-29 02:30:00,temp,22.4,21.858238469612758,2,1,2,157.81483591115406
Samastipur,2023-10-30 01:45:00,temp,21.9,22.127127158595535,2,1,2,157.81483591115406
Samba,2023-10-15 02:30:00,temp,20.6,21.26443511128383,0,1,2,147.08719780407193
Samba,2023-10-16 02:30:00,temp,21.3,20.717192560565245,0,1,2,147.08719780407193
Samba,2023-10-17 02:15:00,temp,17.4,21.35106170848579,0,1,2,147.08719780407193
Samba,2023-10-18 02:15:00,temp,16.5,18.32821718630234,0,1,2,147.08719780407193
Samba,2023-10-19 02:15:00,temp,16.5,17.748307539976427,0,1,2,147.08719780407193
Samba,2023-10-20 02:15:00,temp,17.2,16.918331134237416,0,1,2,147.08719780407193
Samba,2023-10-21 02:15:00,temp,18.1,17.35354502726945,0,1,2,147.08719780407193
Samba,2023-10-22 02:15:00,temp,18.9,17.936375805511886,0,1,2,147.08719780407193
Samba,2023-10-23 02:00:00,temp,18.1,18.588346197012402,0,1,2,147.08719780407193
Samba,2023-10-24 02:15:00,temp,18.1,17.968298098222697,0,1,2,147.08719780407193
Samba,2023-10-25 02:15:00,temp,18.3,18.185171086143768,0,1,2,147.08719780407193
Samba,2023-10-26 02:00:00,temp,18.5,18.251282056983747,0,1,2,147.08719780407193
Samba,2023-10-27 02:15:00,temp,18.2,18.432204858615837,0,1,2,147.08719780407193
Samba,2023-10-28 02:00:00,temp,18.7,18.184375680873927,0,1,2,147.08719780407193
Samba,2023-10-29 02:30:00,temp,19.0,18.66237275245351,0,1,2,147.08719780407193
Samba,2023-10-30 01:45:00,temp,19.8,18.828632166832556,0,1,2,147.08719780407193
Sambalpur,2023-10-15 02:30:00,temp,23.0,23.627802454327004,1,1,1,98.80710111979238
Sambalpur,2023-10-16 02:30:00,temp,22.3,23.205228263875323,1,1,1,98.80710111979238
Sambalpur,2023-10-17 02:30:00,temp,22.8,22.67702537070092,1,1,1,98.80710111979238
Sambalpur,2023-10-18 02:30:00,temp,22.5,22.987921792842027,1,1,1,98.80710111979238
Sambalpur,2023-10-19 02:30:00,temp,22.1,22.745289645750308,1,1,1,98.80710111979238
Sambalpur,2023-10-20 02:30:00,temp,21.9,22.411156957766938,1,1,1,98.80710111979238
Sambalpur,2023-10-21 02:15:00,temp,20.9,22.203948155276144,1,1,1,98.80710111979238
Sambalpur,2023-10-22 02:30:00,temp,19.8,21.33622142539716,1,1,1,98.80710111979238
Sambalpur,2023-10-23 02:15:00,temp,19.3,20.200205786287448,1,1,1,98.80710111979238
Sambalpur,2023-10-24 02:15:00,temp,20.0,19.553208136458597,1,1,1,98.80710111979238
Sambalpur,2023-10-25 02:15:00,temp,21.0,20.169241792655036,1,1,1,98.80710111979238
Sambalpur,2023-10-26 02:00:00,temp,20.0,21.05985266380039,1,1,1,98.80710111979238
Sambalpur,2023-10-27 02:15:00,temp,18.7,20.13808492438553,1,1,1,98.80710111979238
Sambalpur,2023-10-28 02:00:00,temp,19.2,18.941809635391856,1,1,1,98.80710111979238
Sambalpur,2023-10-29 02:45:00,temp,19.2,19.30533969219226,1,1,1,98.80710111979238
Sambalpur,2023-10-30 02:00:00,temp,19.6,19.2691778928367,1,1,1,98.80710111979238
Sambhal,2023-10-15 02:30:00,temp,24.0,23.414655447672292,2,1,2,149.83651467323241
Sambhal,2023-10-16 02:30:00,temp,22.8,24.673134560294354,2,1,2,149.83651467323241
Sambhal,2023-10-17 02:30:00,temp,19.5,23.28366744300565,2,1,2,149.83651467323241
Sambhal,2023-10-18 02:30:00,temp,20.3,20.213811349311076,2,1,2,149.83651467323241
Sambhal,2023-10-19 02:30:00,temp,19.7,21.74275829900722,2,1,2,149.83651467323241
Sambhal,2023-10-20 02:30:00,temp,19.8,20.72310508270419,2,1,2,149.83651467323241
Sambhal,2023-10-21 02:15:00,temp,20.3,20.409147501530974,2,1,2,149.83651467323241
Sambhal,2023-10-22 02:30:00,temp,19.7,20.581752724142028,2,1,2,149.83651467323241
Sambhal,2023-10-23 02:15:00,temp,20.9,19.60926233369985,2,1,2,149.83651467323241
Sambhal,2023-10-24 02:15:00,temp,20.3,20.895594538219203,2,1,2,149.83651467323241
Sambhal,2023-10-25 02:30:00,temp,20.8,20.03521685498583,2,1,2,149.83651467323241
Sambhal,2023-10-26 02:00:00,temp,20.8,20.624913707816294,2,1,2,149.83651467323241
Sambhal,2023-10-27 02:15:00,temp,20.6,20.60365327116557,2,1,2,149.83651467323241
Sambhal,2023-10-28 02:00:00,temp,20.7,20.46056783634997,2,1,2,149.83651467323241
Sambhal,2023-10-29 02:45:00,temp,20.5,20.64725054804294,2,1,2,149.83651467323241
Sambhal,2023-10-30 02:00:00,temp,20.5,20.490840530189555,2,1,2,149.83651467323241
Sangli,2023-10-15 02:30:00,temp,23.5,23.821619446543973,0,1,1,116.97007063354992
Sangli,2023-10-16 02:30:00,temp,23.4,23.691460450742298,0,1,1,116.97007063354992
Sangli,2023-10-17 02:30:00,temp,25.3,23.577175323224168,0,1,1,116.97007063354992
Sangli,2023-10-18 02:30:00,temp,25.1,24.24746192180588,0,1,1,116.97007063354992
Sangli,2023-10-19 02:30:00,temp,25.7,24.620327726531944,0,1,1,116.97007063354992
Sangli,2023-10-20 02:30:00,temp,25.5,25.130460464411993,0,1,1,116.97007063354992
Sangli,2023-10-21 02:15:00,temp,26.2,25.312325109861288,0,1,1,116.97007063354992
Sangli,2023-10-22 02:30:00,temp,24.2,25.750965160465316,0,1,1,116.97007063354992
Sangli,2023-10-23 02:15:00,temp,21.7,25.036333806832335,0,1,1,116.97007063354992
Sangli,2023-10-24 02:15:00,temp,24.5,23.376193962397494,0,1,1,116.97007063354992
Sangli,2023-10-25 02:15:00,temp,22.0,24.01302718302014,0,1,1,116.97007063354992
Sangli,2023-10-26 02:00:00,temp,20.7,23.08969009048524,0,1,1,116.97007063354992
Sangli,2023-10-27 02:15:00,temp,20.6,21.73032467879511,0,1,1,116.97007063354992
Sangli,2023-10-28 02:00:00,temp,20.7,21.019498391979567,0,1,1,116.97007063354992
Sangli,2023-10-29 02:45:00,temp,21.1,20.824698517011097,0,1,1,116.97007063354992
Sangli,2023-10-30 02:00:00,temp,24.5,20.986730316015507,0,1,1,116.97007063354992
Sangrur,2023-10-15 02:30:00,temp,24.2,23.72695180914223,2,1,1,173.60055240044684
Sangrur,2023-10-16 02:30:00,temp,22.7,24.455083881655455,2,1,1,173.60055240044684
Sangrur,2023-10-17 02:30:00,temp,18.2,23.052026426425794,2,1,1,173.60055240044684
Sangrur,2023-10-18 02:30:00,temp,20.4,19.528890808937827,2,1,1,173.60055240044684
Sangrur,2023-10-19 02:15:00,temp,19.7,22.339674609937198,2,1,1,173.60055240044684
Sangrur,2023-10-20 02:30:00,temp,20.6,20.783177305859848,2,1,1,173.60055240044684
Sangrur,2023-10-21 02:15:00,temp,20.9,21.456756944288642,2,1,1,173.60055240044684
Sangrur,2023-10-22 02:15:00,temp,22.0,21.398577432935458,2,1,1,173.60055240044684
Sangrur,2023-10-23 02:15:00,temp,21.7,22.19275703683236,2,1,1,173.60055240044684
Sangrur,2023-10-24 02:15:00,temp,21.2,21.731877035383693,2,1,1,173.60055240044684
Sangrur,2023-10-25 02:15:00,temp,21.7,21.356525733467457,2,1,1,173.60055240044684
Sangrur,2023-10-26 02:00:00,temp,21.0,21.82240072939069,2,1,1,173.60055240044684
Sangrur,2023-10-27 02:15:00,temp,20.8,21.153552647005032,2,1,1,173.60055240044684
Sangrur,2023-10-28 02:00:00,temp,22.2,21.07892923026765,2,1,1,173.60055240044684
Sangrur,2023-10-29 02:45:00,temp,22.3,22.193859336652917,2,1,1,173.60055240044684
Sangrur,2023-10-30 02:00:00,temp,21.9,22.049284460194226,2,1,1,173.60055240044684
Sant,2023-10-15 02:30:00,temp,25.6,25.348000129837498,0,0,2,118.31844113377156
Sant,2023-10-16 02:30:00,temp,24.9,24.947176223629295,0,0,2,118.31844113377156
Sant,2023-10-17 02:30:00,temp,24.9,24.618214288901868,0,0,2,118.31844113377156
Sant,2023-10-18 02:30:00,temp,24.8,24.68377551721694,0,0,2,118.31844113377156
Sant,2023-10-19 02:30:00,temp,24.1,24.766444470946652,0,0,2,118.31844113377156
Sant,2023-10-20 02:30:00,temp,24.3,24.104589007200374,0,0,2,118.31844113377156
Sant,2023-10-21 02:15:00,temp,25.0,24.254079388817527,0,0,2,118.31844113377156
Sant,2023-10-22 02:30:00,temp,25.0,25.152653835711693,0,0,2,118.31844113377156
Sant,2023-10-23 02:15:00,temp,24.6,24.83500610836465,0,0,2,118.31844113377156
Sant,2023-10-24 02:15:00,temp,24.4,24.27464025409617,0,0,2,118.31844113377156
Sant,2023-10-25 02:30:00,temp,24.0,24.48177129878721,0,0,2,118.31844113377156
Sant,2023-10-26 02:00:00,temp,23.7,24.24206527588258,0,0,2,118.31844113377156
Sant,2023-10-27 02:30:00,temp,23.2,23.84602845074437,0,0,2,118.31844113377156
Sant,2023-10-28 02:00:00,temp,23.0,23.711799580720214,0,0,2,118.31844113377156
Sant,2023-10-29 02:45:00,temp,23.5,23.572114470837473,0,0,2,118.31844113377156
Sant,2023-10-30 02:00:00,temp,23.9,23.97336812341631,0,0,2,118.31844113377156
Saraikela,2023-10-15 02:30:00,temp,22.0,24.4,0,1,0,106.72709579021058
Saraikela,2023-10-16 02:30:00,temp,22.0,22.0,0,1,0,106.72709579021058
Saraikela,2023-10-17 02:15:00,temp,23.1,22.0,0,1,0,106.72709579021058
Saraikela,2023-10-18 02:30:00,temp,23.1,23.1,0,1,0,106.72709579021058
Saraikela,2023-10-19 02:15:00,temp,22.4,23.1,0,1,0,106.72709579021058
Saraikela,2023-10-20 02:30:00,temp,21.6,22.4,0,1,0,106.72709579021058
Saraikela,2023-10-21 02:15:00,temp,20.4,21.6,0,1,0,106.72709579021058
Saraikela,2023-10-22 02:15:00,temp,19.9,20.4,0,1,0,106.72709579021058
Saraikela,2023-10-23 02:00:00,temp,20.5,19.9,0,1,0,106.72709579021058
Saraikela,2023-10-24 02:15:00,temp,21.5,20.5,0,1,0,106.72709579021058
Saraikela,2023-10-25 02:15:00,temp,22.2,21.5,0,1,0,106.72709579021058
Saraikela,2023-10-26 02:00:00,temp,23.2,22.2,0,1,0,106.72709579021058
Saraikela,2023-10-27 02:15:00,temp,21.1,23.2,0,1,0,106.72709579021058
Saraikela,2023-10-28 02:00:00,temp,20.3,21.1,0,1,0,106.72709579021058
Saraikela,2023-10-29 02:30:00,temp,19.9,20.3,0,1,0,106.72709579021058
Saraikela,2023-10-30 01:45:00,temp,20.2,19.9,0,1,0,106.72709579021058
Saran,2023-10-15 02:30:00,temp,21.7,24.098121219729173,0,0,2,118.63253514893809
Saran,2023-10-16 02:30:00,temp,22.9,22.390021548021174,0,0,2,118.63253514893809
Saran,2023-10-17 02:15:00,temp,23.2,23.183089071171175,0,0,2,118.63253514893809
Saran,2023-10-18 02:30:00,temp,22.9,25.451377089615175,0,0,2,118.63253514893809
Saran,2023-10-19 02:15:00,temp,21.6,22.907471212280115,0,0,2,118.63253514893809
Saran,2023-10-20 02:30:00,temp,21.3,22.56218928747068,0,0,2,118.63253514893809
Saran,2023-10-21 02:15:00,temp,20.5,23.136281757911803,0,0,2,118.63253514893809
Saran,2023-10-22 02:15:00,temp,19.9,21.656298587160034,0,0,2,118.63253514893809
Saran,2023-10-23 02:15:00,temp,20.1,21.436847364799874,0,0,2,118.63253514893809
Saran,2023-10-24 02:15:00,temp,20.9,22.10323130207725,0,0,2,118.63253514893809
Saran,2023-10-25 02:15:00,temp,21.4,22.364142820768187,0,0,2,118.63253514893809
Saran,2023-10-26 02:00:00,temp,22.2,22.631713624065902,0,0,2,118.63253514893809
Saran,2023-10-27 02:15:00,temp,20.2,23.24599525691701,0,0,2,118.63253514893809
Saran,2023-10-28 02:00:00,temp,20.4,20.80972423178778,0,0,2,118.63253514893809
Saran,2023-10-29 02:30:00,temp,20.5,21.623866039823277,0,0,2,118.63253514893809
Saran,2023-10-30 01:45:00,temp,20.8,22.723664626230843,0,0,2,118.63253514893809
Satara,2023-10-15 02:30:00,temp,21.2,20.777746418456488,1,0,0,120.71016098197914
Satara,2023-10-16 02:30:00,temp,22.1,20.943154468986304,1,0,0,120.71016098197914
Satara,2023-10-17 02:30:00,temp,23.1,21.45246161984988,1,0,0,120.71016098197914
Satara,2023-10-18 02:30:00,temp,21.7,22.124586120468198,1,0,0,120.71016098197914
Satara,2023-10-19 02:30:00,temp,22.1,21.29157511990836,1,0,0,120.71016098197914
Satara,2023-10-20 02:30:00,temp,23.2,21.548190701751817,1,0,0,120.71016098197914
Satara,2023-10-21 02:15:00,temp,21.9,22.294208238617607,1,0,0,120.71016098197914
Satara,2023-10-22 02:30:00,temp,23.6,21.481166138146303,1,0,0,120.71016098197914
Satara,2023-10-23 02:15:00,temp,20.3,22.616153359324905,1,0,0,120.71016098197914
Satara,2023-10-24 02:15:00,temp,20.5,20.562068063497627,1,0,0,120.71016098197914
Satara,2023-10-25 02:15:00,temp,21.0,20.668861470376154,1,0,0,120.71016098197914
Satara,2023-10-26 02:00:00,temp,20.3,20.94513905813226,1,0,0,120.71016098197914
Satara,2023-10-27 02:15:00,temp,18.5,20.55682192309387,1,0,0,120.71016098197914
Satara,2023-10-28 02:00:00,temp,18.7,19.514310268070048,1,0,0,120.71016098197914
Satara,2023-10-29 02:45:00,temp,18.9,19.56042240135624,1,0,0,120.71016098197914
Satara,2023-10-30 02:00:00,temp,19.8,19.634015519458533,1,0,0,120.71016098197914
Satna,2023-10-15 02:30:00,temp,23.7,23.4,0,1,0,128.86071272620399
Satna,2023-10-16 02:30:00,temp,25.5,23.7,0,1,0,128.86071272620399
Satna,2023-10-17 02:15:00,temp,21.2,25.5,0,1,0,128.86071272620399
Satna,2023-10-18 02:15:00,temp,22.2,21.200000000000003,0,1,0,128.86071272620399
Satna,2023-10-19 02:15:00,temp,22.2,22.2,0,1,0,128.86071272620399
Satna,2023-10-20 02:15:00,temp,21.4,22.2,0,1,0,128.86071272620399
Satna,2023-10-21 02:00:00,temp,21.2,21.4,0,1,0,128.86071272620399
Satna,2023-10-22 02:15:00,temp,20.3,21.2,0,1,0,128.86071272620399
Satna,2023-10-23 02:00:00,temp,19.5,20.3,0,1,0,128.86071272620399
Satna,2023-10-24 02:15:00,temp,19.7,19.5,0,1,0,128.86071272620399
Satna,2023-10-25 02:15:00,temp,20.0,19.7,0,1,0,128.86071272620399
Satna,2023-10-26 02:00:00,temp,19.9,20.0,0,1,0,128.86071272620399
Satna,2023-10-27 02:15:00,temp,19.5,19.9,0,1,0,128.86071272620399
Satna,2023-10-28 02:00:00,temp,19.5,19.5,0,1,0,128.86071272620399
Satna,2023-10-29 02:30:00,temp,20.0,19.5,0,1,0,128.86071272620399
Satna,2023-10-30 01:45:00,temp,20.3,20.0,0,1,0,128.86071272620399
Sawai Madhopur,2023-10-15 02:30:00,temp,27.7,27.118179812785012,2,0,2,137.07988070609926
Sawai Madhopur,2023-10-16 02:30:00,temp,27.1,27.54122561290622,2,0,2,137.07988070609926
Sawai Madhopur,2023-10-17 02:30:00,temp,22.2,26.826042695127494,2,0,2,137.07988070609926
Sawai Madhopur,2023-10-18 02:30:00,temp,23.5,23.4265651906333,2,0,2,137.07988070609926
Sawai Madhopur,2023-10-19 02:30:00,temp,24.0,22.93027023428154,2,0,2,137.07988070609926
Sawai Madhopur,2023-10-20 02:30:00,temp,24.0,25.731019566864333,2,0,2,137.07988070609926
Sawai Madhopur,2023-10-21 02:30:00,temp,23.9,27.125035872418866,2,0,2,137.07988070609926
Sawai Madhopur,2023-10-22 02:30:00,temp,24.1,24.272891088558016,2,0,2,137.07988070609926
Sawai Madhopur,2023-10-23 02:15:00,temp,24.3,24.893604611261992,2,0,2,137.07988070609926
Sawai Madhopur,2023-10-24 02:15:00,temp,23.0,25.433118913620497,2,0,2,137.07988070609926
Sawai Madhopur,2023-10-25 02:30:00,temp,22.6,24.481711985963056,2,0,2,137.07988070609926
Sawai Madhopur,2023-10-26 02:00:00,temp,23.8,23.39685669731726,2,0,2,137.07988070609926
Sawai Madhopur,2023-10-27 02:30:00,temp,22.8,24.682694455888935,2,0,2,137.07988070609926
Sawai Madhopur,2023-10-28 02:00:00,temp,22.8,24.319500278367606,2,0,2,137.07988070609926
Sawai Madhopur,2023-10-29 02:45:00,temp,23.1,23.52210748431046,2,0,2,137.07988070609926
Sawai Madhopur,2023-10-30 02:00:00,temp,23.3,23.88423812011051,2,0,2,137.07988070609926
Sehore,2023-10-15 02:30:00,temp,22.3,22.30424259127533,1,1,1,137.73626760242612
Sehore,2023-10-16 02:30:00,temp,22.9,22.20511663332522,1,1,1,137.73626760242612
Sehore,2023-10-17 02:15:00,temp,21.8,22.59945298914414,1,1,1,137.73626760242612
Sehore,2023-10-18 02:15:00,temp,23.0,21.952994999696916,1,1,1,137.73626760242612
Sehore,2023-10-19 02:15:00,temp,22.3,22.65288674463258,1,1,1,137.73626760242612
Sehore,2023-10-20 02:15:00,temp,22.1,22.267678619458753,1,1,1,137.73626760242612
Sehore,2023-10-21 02:00:00,temp,21.1,22.155867823362993,1,1,1,137.73626760242612
Sehore,2023-10-22 02:15:00,temp,21.4,21.58140578645956,1,1,1,137.73626760242612
Sehore,2023-10-23 02:00:00,temp,20.9,21.710882030155826,1,1,1,137.73626760242612
Sehore,2023-10-24 02:15:00,temp,20.5,21.390152341021132,1,1,1,137.73626760242612
Sehore,2023-10-25 02:15:00,temp,19.9,21.0951687949676,1,1,1,137.73626760242612
Sehore,2023-10-26 02:00:00,temp,20.7,20.637906942505847,1,1,1,137.73626760242612
Sehore,2023-10-27 02:15:00,temp,20.0,21.05836722520625,1,1,1,137.73626760242612
Sehore,2023-10-28 02:00:00,temp,19.5,20.5612344791531,1,1,1,137.73626760242612
Sehore,2023-10-29 02:30:00,temp,20.1,20.137131663794886,1,1,1,137.73626760242612
Sehore,2023-10-30 01:45:00,temp,20.0,20.442275324958448,1,1,1,137.73626760242612
Seoni,2023-10-16 02:30:00,temp,24.3,22.364515703520503,1,0,2,114.34720375373539
Seoni,2023-10-17 02:15:00,temp,20.9,23.81981539232164,1,0,2,114.34720375373539
Seoni,2023-10-18 02:15:00,temp,20.6,21.838504188701183,1,0,2,114.34720375373539
Seoni,2023-10-19 02:15:00,temp,20.1,20.070779768422575,1,0,2,114.34720375373539
Seoni,2023-10-20 02:15:00,temp,19.6,21.30397102115702,1,0,2,114.34720375373539
Seoni,2023-10-21 02:00:00,temp,18.6,20.713692989649033,1,0,2,114.34720375373539
Seoni,2023-10-22 02:15:00,temp,18.3,19.49664704497284,1,0,2,114.34720375373539
Seoni,2023-10-23 02:00:00,temp,17.9,19.129631160258874,1,0,2,114.34720375373539
Seoni,2023-10-24 02:15:00,temp,17.0,18.856221682865815,1,0,2,114.34720375373539
Seoni,2023-10-25 02:15:00,temp,17.3,17.773861866180706,1,0,2,114.34720375373539
Seoni,2023-10-26 02:00:00,temp,17.4,17.857086525542556,1,0,2,114.34720375373539
Seoni,2023-10-27 02:15:00,temp,17.4,18.057990991402153,1,0,2,114.34720375373539
Seoni,2023-10-28 02:00:00,temp,17.3,17.946631780917244,1,0,2,114.34720375373539
Seoni,2023-10-29 02:30:00,temp,17.6,17.757298774939187,1,0,2,114.34720375373539
Seoni,2023-10-30 01:45:00,temp,17.4,17.981719543211184,1,0,2,114.34720375373539
Serchhip,2023-10-15 02:30:00,temp,16.5,19.136771579839277,0,1,1,110.93151876874185
Serchhip,2023-10-16 02:30:00,temp,17.2,17.579804061816272,0,1,1,110.93151876874185
Serchhip,2023-10-17 02:15:00,temp,17.4,17.3218021760233,0,1,1,110.93151876874185
Serchhip,2023-10-18 02:30:00,temp,16.6,17.367345555922718,0,1,1,110.93151876874185
Serchhip,2023-10-19 02:15:00,temp,16.5,16.935854072295776,0,1,1,110.93151876874185
Serchhip,2023-10-20 02:30:00,temp,17.7,16.683726623994776,0,1,1,110.93151876874185
Serchhip,2023-10-21 02:15:00,temp,16.8,17.24764866047033,0,1,1,110.93151876874185
Serchhip,2023-10-22 02:15:00,temp,17.5,17.004242476668356,0,1,1,110.93151876874185
Serchhip,2023-10-23 02:15:00,temp,18.9,17.271210440595233,0,1,1,110.93151876874185
Serchhip,2023-10-24 02:15:00,temp,18.3,18.17660267703308,0,1,1,110.93151876874185
Serchhip,2023-10-25 02:15:00,temp,17.7,18.249440204694857,0,1,1,110.93151876874185
Serchhip,2023-10-26 02:00:00,temp,17.2,17.943814156143333,0,1,1,110.93151876874185
Serchhip,2023-10-27 02:15:00,temp,17.2,17.53521766143641,0,1,1,110.93151876874185
Serchhip,2023-10-28 02:00:00,temp,16.4,17.34676322031766,0,1,1,110.93151876874185
Serchhip,2023-10-29 02:30:00,temp,15.8,16.801226336962443,0,1,1,110.93151876874185
Serchhip,2023-10-30 01:45:00,temp,16.3,16.18574525979518,0,1,1,110.93151876874185
Shahdara,2023-10-15 02:30:00,temp,24.0,25.65958148991657,2,1,1,174.15349025800862
Shahdara,2023-10-16 02:30:00,temp,26.0,24.284001244542697,2,1,1,174.15349025800862
Shahdara,2023-10-17 02:30:00,temp,19.0,26.43795070692317,2,1,1,174.15349025800862
Shahdara,2023-10-18 02:30:00,temp,21.0,19.88045269957233,2,1,1,174.15349025800862
Shahdara,2023-10-19 02:30:00,temp,21.0,22.998474734728667,2,1,1,174.15349025800862
Shahdara,2023-10-20 02:30:00,temp,21.0,22.141606740631204,2,1,1,174.15349025800862
Shahdara,2023-10-21 02:15:00,temp,20.0,21.906719100218815,2,1,1,174.15349025800862
Shahdara,2023-10-22 02:30:00,temp,21.0,20.845134797473712,2,1,1,174.15349025800862
Shahdara,2023-10-23 02:15:00,temp,21.0,21.65809072241152,2,1,1,174.15349025800862
Shahdara,2023-10-24 02:15:00,temp,22.0,21.385718682999645,2,1,1,174.15349025800862
Shahdara,2023-10-25 02:30:00,temp,21.0,22.157425163301774,2,1,1,174.15349025800862
Shahdara,2023-10-26 02:00:00,temp,22.0,21.160715910239198,2,1,1,174.15349025800862
Shahdara,2023-10-27 02:30:00,temp,21.0,22.080892294326585,2,1,1,174.15349025800862
Shahdara,2023-10-28 02:00:00,temp,20.0,21.133961193641706,2,1,1,174.15349025800862
Shahdara,2023-10-29 02:45:00,temp,20.0,20.411606617070362,2,1,1,174.15349025800862
Shahdara,2023-10-30 02:00:00,temp,22.0,20.455818701156478,2,1,1,174.15349025800862
Shahdol,2023-10-15 02:30:00,temp,21.0,21.0586844857321,1,1,1,128.1691976808796
Shahdol,2023-10-16 02:30:00,temp,21.3,21.106003703740196,1,1,1,128.1691976808796
Shahdol,2023-10-17 02:15:00,temp,19.9,21.306147028325764,1,1,1,128.1691976808796
Shahdol,2023-10-18 02:15:00,temp,19.7,20.306431650226028,1,1,1,128.1691976808796
Shahdol,2023-10-19 02:15:00,temp,19.4,20.07945095537917,1,1,1,128.1691976808796
Shahdol,2023-10-20 02:15:00,temp,18.7,19.777001421833695,1,1,1,128.1691976808796
Shahdol,2023-10-21 02:00:00,temp,18.2,19.1471431173027,1,1,1,128.1691976808796
Shahdol,2023-10-22 02:15:00,temp,17.4,18.62712245334205,1,1,1,128.1691976808796
Shahdol,2023-10-23 02:00:00,temp,15.9,17.82086931662623,1,1,1,128.1691976808796
Shahdol,2023-10-24 02:15:00,temp,16.0,16.266898459309356,1,1,1,128.1691976808796
Shahdol,2023-10-25 02:15:00,temp,16.6,16.17339703003811,1,1,1,128.1691976808796
Shahdol,2023-10-26 02:00:00,temp,16.7,16.709063844250306,1,1,1,128.1691976808796
Shahdol,2023-10-27 02:15:00,temp,16.3,16.76472554212805,1,1,1,128.1691976808796
Shahdol,2023-10-28 02:00:00,temp,16.1,16.368441843271174,1,1,1,128.1691976808796
Shahdol,2023-10-29 02:30:00,temp,16.5,16.16570700259836,1,1,1,128.1691976808796
Shahdol,2023-10-30 01:45:00,temp,17.0,16.490408308130366,1,1,1,128.1691976808796
Shahjahanpur,2023-10-15 02:30:00,temp,23.5,23.453217739749764,2,1,2,149.5948749237343
Shahjahanpur,2023-10-16 02:30:00,temp,23.5,24.21311013711407,2,1,2,149.5948749237343
Shahjahanpur,2023-10-17 02:30:00,temp,20.8,23.921694148707786,2,1,2,149.5948749237343
Shahjahanpur,2023-10-18 02:30:00,temp,20.5,21.89283508355019,2,1,2,149.5948749237343
Shahjahanpur,2023-10-19 02:30:00,temp,20.0,21.492938994694317,2,1,2,149.5948749237343
Shahjahanpur,2023-10-20 02:30:00,temp,19.2,20.942793931256585,2,1,2,149.5948749237343
Shahjahanpur,2023-10-21 02:15:00,temp,19.9,19.923005561091895,2,1,2,149.5948749237343
Shahjahanpur,2023-10-22 02:30:00,temp,20.0,20.53250459016143,2,1,2,149.5948749237343
Shahjahanpur,2023-10-23 02:15:00,temp,20.2,20.27499223984468,2,1,2,149.5948749237343
Shahjahanpur,2023-10-24 02:15:00,temp,20.3,20.236781775949293,2,1,2,149.5948749237343
Shahjahanpur,2023-10-25 02:30:00,temp,21.1,20.189464151475107,2,1,2,149.5948749237343
Shahjahanpur,2023-10-26 02:00:00,temp,21.1,20.920187440874432,2,1,2,149.5948749237343
Shahjahanpur,2023-10-27 02:30:00,temp,20.9,20.795680660593092,2,1,2,149.5948749237343
Shahjahanpur,2023-10-28 02:00:00,temp,20.3,20.622209565593874,2,1,2,149.5948749237343
Shahjahanpur,2023-10-29 02:45:00,temp,21.1,20.162012596183605,2,1,2,149.5948749237343
Shahjahanpur,2023-10-30 02:00:00,temp,20.8,21.088763698289927,2,1,2,149.5948749237343
Shajapur,2023-10-15 02:30:00,temp,23.0,23.5,0,1,0,99.79142224525602
Shajapur,2023-10-16 02:30:00,temp,22.8,23.0,0,1,0,99.79142224525602
Shajapur,2023-10-17 02:15:00,temp,22.0,22.8,0,1,0,99.79142224525602
Shajapur,2023-10-18 02:15:00,temp,21.5,22.0,0,1,0,99.79142224525602
Shajapur,2023-10-19 02:15:00,temp,22.2,21.5,0,1,0,99.79142224525602
Shajapur,2023-10-20 02:15:00,temp,21.7,22.200000000000003,0,1,0,99.79142224525602
Shajapur,2023-10-21 02:00:00,temp,22.8,21.7,0,1,0,99.79142224525602
Shajapur,2023-10-22 02:15:00,temp,21.9,22.8,0,1,0,99.79142224525602
Shajapur,2023-10-23 02:00:00,temp,21.6,21.9,0,1,0,99.79142224525602
Shajapur,2023-10-24 02:15:00,temp,22.0,21.6,0,1,0,99.79142224525602
Shajapur,2023-10-25 02:15:00,temp,20.4,22.0,0,1,0,99.79142224525602
Shajapur,2023-10-26 02:00:00,temp,20.5,20.4,0,1,0,99.79142224525602
Shajapur,2023-10-27 02:15:00,temp,20.2,20.5,0,1,0,99.79142224525602
Shajapur,2023-10-28 02:00:00,temp,20.3,20.2,0,1,0,99.79142224525602
Shajapur,2023-10-29 02:30:00,temp,20.7,20.3,0,1,0,99.79142224525602
Shajapur,2023-10-30 01:45:00,temp,21.1,20.7,0,1,0,99.79142224525602
Sheikhpura,2023-10-15 02:30:00,temp,6.1,8.5,0,1,0,131.50345360590583
Sheikhpura,2023-10-16 02:30:00,temp,5.9,6.1,0,1,0,131.50345360590583
Sheikhpura,2023-10-17 02:15:00,temp,7.9,5.9,0,1,0,131.50345360590583
Sheikhpura,2023-10-18 02:30:00,temp,1.8,7.9,0,1,0,131.50345360590583
Sheikhpura,2023-10-19 02:15:00,temp,3.4,1.7999999999999998,0,1,0,131.50345360590583
Sheikhpura,2023-10-20 02:30:00,temp,4.1,3.4,0,1,0,131.50345360590583
Sheikhpura,2023-10-21 02:15:00,temp,4.8,4.1,0,1,0,131.50345360590583
Sheikhpura,2023-10-22 02:15:00,temp,5.6,4.8,0,1,0,131.50345360590583
Sheikhpura,2023-10-23 02:15:00,temp,3.1,5.6,0,1,0,131.50345360590583
Sheikhpura,2023-10-24 02:15:00,temp,4.1,3.1,0,1,0,131.50345360590583
Sheikhpura,2023-10-25 02:15:00,temp,3.7,4.1,0,1,0,131.50345360590583
Sheikhpura,2023-10-26 02:00:00,temp,4.4,3.7000000000000006,0,1,0,131.50345360590583
Sheikhpura,2023-10-27 02:15:00,temp,4.7,4.4,0,1,0,131.50345360590583
Sheikhpura,2023-10-28 02:00:00,temp,5.1,4.7,0,1,0,131.50345360590583
Sheikhpura,2023-10-29 02:30:00,temp,5.3,5.1,0,1,0,131.50345360590583
Sheikhpura,2023-10-30 01:45:00,temp,6.2,5.3,0,1,0,131.50345360590583
Sheohar,2023-10-15 02:30:00,temp,21.8,21.8,0,1,0,147.67780524413163
Sheohar,2023-10-16 02:30:00,temp,22.8,21.8,0,1,0,147.67780524413163
Sheohar,2023-10-17 02:15:00,temp,22.1,22.8,0,1,0,147.67780524413163
Sheohar,2023-10-18 02:30:00,temp,22.0,22.1,0,1,0,147.67780524413163
Sheohar,2023-10-19 02:15:00,temp,21.1,22.0,0,1,0,147.67780524413163
Sheohar,2023-10-20 02:30:00,temp,20.3,21.1,0,1,0,147.67780524413163
Sheohar,2023-10-21 02:15:00,temp,20.1,20.3,0,1,0,147.67780524413163
Sheohar,2023-10-22 02:15:00,temp,19.8,20.1,0,1,0,147.67780524413163
Sheohar,2023-10-23 02:15:00,temp,20.6,19.8,0,1,0,147.67780524413163
Sheohar,2023-10-24 02:15:00,temp,20.9,20.6,0,1,0,147.67780524413163
Sheohar,2023-10-25 02:15:00,temp,21.4,20.9,0,1,0,147.67780524413163
Sheohar,2023-10-26 02:00:00,temp,21.5,21.4,0,1,0,147.67780524413163
Sheohar,2023-10-27 02:15:00,temp,21.4,21.5,0,1,0,147.67780524413163
Sheohar,2023-10-28 02:00:00,temp,21.5,21.4,0,1,0,147.67780524413163
Sheohar,2023-10-29 02:30:00,temp,20.9,21.5,0,1,0,147.67780524413163
Sheohar,2023-10-30 01:45:00,temp,20.5,20.9,0,1,0,147.67780524413163
Sheopur,2023-10-15 02:30:00,temp,26.1,25.66605366238021,1,0,2,126.33621139554099
Sheopur,2023-10-16 02:30:00,temp,24.8,25.99999306247109,1,0,2,126.33621139554099
Sheopur,2023-10-17 02:15:00,temp,20.7,25.222163021288893,1,0,2,126.33621139554099
Sheopur,2023-10-18 02:15:00,temp,23.8,21.806248259659565,1,0,2,126.33621139554099
Sheopur,2023-10-19 02:15:00,temp,22.5,21.564883953919722,1,0,2,126.33621139554099
Sheopur,2023-10-20 02:15:00,temp,22.7,25.586689863031186,1,0,2,126.33621139554099
Sheopur,2023-10-21 02:00:00,temp,22.9,23.80728782060057,1,0,2,126.33621139554099
Sheopur,2023-10-22 02:15:00,temp,22.8,23.443590617248056,1,0,2,126.33621139554099
Sheopur,2023-10-23 02:00:00,temp,22.4,23.535781160795583,1,0,2,126.33621139554099
Sheopur,2023-10-24 02:15:00,temp,21.7,23.322967568282976,1,0,2,126.33621139554099
Sheopur,2023-10-25 02:15:00,temp,21.1,22.616446366746203,1,0,2,126.33621139554099
Sheopur,2023-10-26 02:00:00,temp,21.8,21.92865790337951,1,0,2,126.33621139554099
Sheopur,2023-10-27 02:15:00,temp,21.0,22.263716867896,1,0,2,126.33621139554099
Sheopur,2023-10-28 02:00:00,temp,21.2,22.015007493467007,1,0,2,126.33621139554099
Sheopur,2023-10-29 02:30:00,temp,22.0,21.723734292850132,1,0,2,126.33621139554099
Sheopur,2023-10-30 01:45:00,temp,22.7,22.287758660507663,1,0,2,126.33621139554099
Shimla,2023-10-15 02:30:00,temp,15.4,16.1,0,1,0,166.40860155194557
Shimla,2023-10-16 02:30:00,temp,14.8,15.4,0,1,0,166.40860155194557
Shimla,2023-10-17 02:15:00,temp,13.8,14.8,0,1,0,166.40860155194557
Shimla,2023-10-18 02:15:00,temp,11.9,13.8,0,1,0,166.40860155194557
Shimla,2023-10-19 02:15:00,temp,12.4,11.9,0,1,0,166.40860155194557
Shimla,2023-10-20 02:15:00,temp,12.7,12.4,0,1,0,166.40860155194557
Shimla,2023-10-21 02:00:00,temp,13.1,12.7,0,1,0,166.40860155194557
Shimla,2023-10-22 02:15:00,temp,13.0,13.100000000000001,0,1,0,166.40860155194557
Shimla,2023-10-23 02:00:00,temp,13.0,13.0,0,1,0,166.40860155194557
Shimla,2023-10-24 02:15:00,temp,12.8,13.0,0,1,0,166.40860155194557
Shimla,2023-10-25 02:15:00,temp,13.3,12.8,0,1,0,166.40860155194557
Shimla,2023-10-26 02:00:00,temp,13.3,13.3,0,1,0,166.40860155194557
Shimla,2023-10-27 02:15:00,temp,13.1,13.3,0,1,0,166.40860155194557
Shimla,2023-10-28 02:00:00,temp,13.4,13.1,0,1,0,166.40860155194557
Shimla,2023-10-29 02:30:00,temp,14.5,13.4,0,1,0,166.40860155194557
Shimla,2023-10-30 01:45:00,temp,13.7,14.5,0,1,0,166.40860155194557
Shimoga,2023-10-15 02:30:00,temp,20.4,21.674360753046628,1,0,0,94.35313918141132
Shimoga,2023-10-16 02:30:00,temp,20.0,20.356161558871758,1,0,0,94.35313918141132
Shimoga,2023-10-17 02:30:00,temp,21.6,20.10988447272944,1,0,0,94.35313918141132
Shimoga,2023-10-18 02:30:00,temp,21.6,21.077447635581983,1,0,0,94.35313918141132
Shimoga,2023-10-19 02:15:00,temp,20.0,21.112265256704962,1,0,0,94.35313918141132
Shimoga,2023-10-20 02:30:00,temp,20.3,20.138972915279766,1,0,0,94.35313918141132
Shimoga,2023-10-21 02:15:00,temp,19.7,20.311409689106654,1,0,0,94.35313918141132
Shimoga,2023-10-22 02:15:00,temp,21.6,19.96185317541067,1,0,0,94.35313918141132
Shimoga,2023-10-23 02:15:00,temp,21.8,21.02676244691628,1,0,0,94.35313918141132
Shimoga,2023-10-24 02:15:00,temp,17.9,21.184094592817406,1,0,0,94.35313918141132
Shimoga,2023-10-25 02:15:00,temp,17.7,19.23063762618186,1,0,0,94.35313918141132
Shimoga,2023-10-26 02:00:00,temp,18.2,18.910135379024627,1,0,0,94.35313918141132
Shimoga,2023-10-27 02:15:00,temp,17.6,19.088702303705688,1,0,0,94.35313918141132
Shimoga,2023-10-28 02:00:00,temp,18.6,18.596357296426355,1,0,0,94.35313918141132
Shimoga,2023-10-29 02:45:00,temp,21.0,19.2026193721063,1,0,0,94.35313918141132
Shimoga,2023-10-30 02:00:00,temp,21.9,20.65132527222271,1,0,0,94.35313918141132
Shivpuri,2023-10-15 02:30:00,temp,23.7,24.828246429176986,1,1,1,122.78021027724611
Shivpuri,2023-10-16 02:30:00,temp,25.4,23.681861541297994,1,1,1,122.78021027724611
Shivpuri,2023-10-17 02:15:00,temp,19.2,25.01829728882351,1,1,1,122.78021027724611
Shivpuri,2023-10-18 02:15:00,temp,21.5,21.7243959162829,1,1,1,122.78021027724611
Shivpuri,2023-10-19 02:15:00,temp,21.6,19.874834880652738,1,1,1,122.78021027724611
Shivpuri,2023-10-20 02:15:00,temp,21.1,22.205783428566736,1,1,1,122.78021027724611
Shivpuri,2023-10-21 02:00:00,temp,20.8,21.810563810541666,1,1,1,122.78021027724611
Shivpuri,2023-10-22 02:15:00,temp,20.8,21.489605741875415,1,1,1,122.78021027724611
Shivpuri,2023-10-23 02:00:00,temp,20.8,21.342282925295667,1,1,1,122.78021027724611
Shivpuri,2023-10-24 02:15:00,temp,20.6,21.21868911675632,1,1,1,122.78021027724611
Shivpuri,2023-10-25 02:15:00,temp,19.8,20.98828628660602,1,1,1,122.78021027724611
Shivpuri,2023-10-26 02:00:00,temp,20.2,20.367932043007645,1,1,1,122.78021027724611
Shivpuri,2023-10-27 02:15:00,temp,19.6,20.460544597064704,1,1,1,122.78021027724611
Shivpuri,2023-10-28 02:00:00,temp,20.1,19.995691700375424,1,1,1,122.78021027724611
Shivpuri,2023-10-29 02:30:00,temp,21.2,20.186767030726312,1,1,1,122.78021027724611
Shivpuri,2023-10-30 01:45:00,temp,21.6,20.86101727883646,1,1,1,122.78021027724611
Shupiyan,2023-10-15 02:30:00,temp,10.1,12.2,0,1,0,145.48677273721606
Shupiyan,2023-10-16 02:30:00,temp,10.6,10.1,0,1,0,145.48677273721606
Shupiyan,2023-10-17 02:15:00,temp,8.9,10.6,0,1,0,145.48677273721606
Shupiyan,2023-10-18 02:15:00,temp,8.5,8.9,0,1,0,145.48677273721606
Shupiyan,2023-10-19 02:15:00,temp,8.5,8.5,0,1,0,145.48677273721606
Shupiyan,2023-10-20 02:15:00,temp,9.0,8.5,0,1,0,145.48677273721606
Shupiyan,2023-10-21 02:15:00,temp,9.5,9.0,0,1,0,145.48677273721606
Shupiyan,2023-10-22 02:15:00,temp,10.5,9.5,0,1,0,145.48677273721606
Shupiyan,2023-10-23 02:00:00,temp,6.7,10.5,0,1,0,145.48677273721606
Shupiyan,2023-10-24 02:15:00,temp,8.7,6.700000000000001,0,1,0,145.48677273721606
Shupiyan,2023-10-25 02:15:00,temp,8.4,8.7,0,1,0,145.48677273721606
Shupiyan,2023-10-26 02:00:00,temp,8.9,8.4,0,1,0,145.48677273721606
Shupiyan,2023-10-27 02:15:00,temp,9.1,8.9,0,1,0,145.48677273721606
Shupiyan,2023-10-28 02:00:00,temp,9.5,9.1,0,1,0,145.48677273721606
Shupiyan,2023-10-29 02:30:00,temp,9.6,9.5,0,1,0,145.48677273721606
Shupiyan,2023-10-30 01:45:00,temp,10.1,9.6,0,1,0,145.48677273721606
Siang,2023-10-14 02:30:00,temp,20.9,23.07755599793275,2,1,1,168.1834914564048
Siang,2023-10-15 02:30:00,temp,20.7,22.27564561055917,2,1,1,168.1834914564048
Siang,2023-10-16 02:30:00,temp,21.2,21.09784423089293,2,1,1,168.1834914564048
Siang,2023-10-17 02:15:00,temp,20.8,20.855823740265887,2,1,1,168.1834914564048
Siang,2023-10-17 02:30:00,temp,20.8,20.94002124303208,2,1,1,168.1834914564048
Siang,2023-10-18 02:30:00,temp,20.3,20.86700965329625,2,1,1,168.1834914564048
Siang,2023-10-19 02:15:00,temp,19.7,20.35074032423443,2,1,1,168.1834914564048
Siang,2023-10-19 02:30:00,temp,19.7,20.006538699523045,2,1,1,168.1834914564048
Siang,2023-10-20 02:30:00,temp,19.6,19.715984230563777,2,1,1,168.1834914564048
Siang,2023-10-21 02:15:00,temp,17.7,19.606841819449595,2,1,1,168.1834914564048
Siang,2023-10-21 02:30:00,temp,17.7,18.10969279657769,2,1,1,168.1834914564048
Siang,2023-10-22 02:15:00,temp,17.7,18.200157129763436,2,1,1,168.1834914564048
Siang,2023-10-22 02:30:00,temp,17.7,17.30318041343016,2,1,1,168.1834914564048
Siang,2023-10-23 02:15:00,temp,16.7,18.01854106034598,2,1,1,168.1834914564048
Siang,2023-10-24 02:15:00,temp,17.9,16.648173535779723,2,1,1,168.1834914564048
Siang,2023-10-25 02:15:00,temp,18.6,18.043038315377192,2,1,1,168.1834914564048
Siang,2023-10-25 02:30:00,temp,18.6,17.82037350174443,2,1,1,168.1834914564048
Siang,2023-10-26 02:00:00,temp,17.7,18.890359621923533,2,1,1,168.1834914564048
Siang,2023-10-27 02:15:00,temp,17.3,17.732160349009153,2,1,1,168.1834914564048
Siang,2023-10-27 02:30:00,temp,17.3,17.720530572030164,2,1,1,168.1834914564048
Siang,2023-10-28 02:00:00,temp,16.9,17.156529023184518,2,1,1,168.1834914564048
Siang,2023-10-29 02:30:00,temp,17.1,17.090590489535117,2,1,1,168.1834914564048
Siang,2023-10-29 02:45:00,temp,17.1,17.06944149867551,2,1,1,168.1834914564048
Siang,2023-10-30 01:45:00,temp,17.4,17.047675274651766,2,1,1,168.1834914564048
Siang,2023-10-30 02:00:00,temp,17.2,17.377130122011767,2,1,1,168.1834914564048
Siddipet,2023-10-15 02:30:00,temp,23.4,22.967154105240848,0,0,2,94.91428394876725
Siddipet,2023-10-16 02:30:00,temp,22.6,23.109825001185584,0,0,2,94.91428394876725
Siddipet,2023-10-17 02:30:00,temp,22.4,22.986082541407015,0,0,2,94.91428394876725
Siddipet,2023-10-18 02:30:00,temp,22.2,22.46285681893056,0,0,2,94.91428394876725
Siddipet,2023-10-19 02:30:00,temp,22.3,22.586929637944014,0,0,2,94.91428394876725
Siddipet,2023-10-20 02:30:00,temp,22.4,22.721633696130592,0,0,2,94.91428394876725
Siddipet,2023-10-21 02:30:00,temp,22.1,22.673195814513942,0,0,2,94.91428394876725
Siddipet,2023-10-22 02:30:00,temp,20.5,22.48929354163866,0,0,2,94.91428394876725
Siddipet,2023-10-23 02:15:00,temp,19.5,21.452221552139733,0,0,2,94.91428394876725
Siddipet,2023-10-24 02:15:00,temp,19.1,20.536360313915672,0,0,2,94.91428394876725
Siddipet,2023-10-25 02:30:00,temp,19.0,20.77177462626375,0,0,2,94.91428394876725
Siddipet,2023-10-26 02:00:00,temp,18.9,20.715054537743356,0,0,2,94.91428394876725
Siddipet,2023-10-27 02:30:00,temp,18.4,20.28396761401057,0,0,2,94.91428394876725
Siddipet,2023-10-28 02:00:00,temp,18.8,20.089825321769794,0,0,2,94.91428394876725
Siddipet,2023-10-29 02:45:00,temp,20.1,20.32694203392076,0,0,2,94.91428394876725
Siddipet,2023-10-30 02:00:00,temp,20.4,21.463603729456114,0,0,2,94.91428394876725
Sidhi,2023-10-15 02:30:00,temp,21.4,21.0,0,1,0,122.49659007134629
Sidhi,2023-10-16 02:30:00,temp,22.2,21.4,0,1,0,122.49659007134629
Sidhi,2023-10-17 02:15:00,temp,20.6,22.2,0,1,0,122.49659007134629
Sidhi,2023-10-18 02:15:00,temp,21.1,20.6,0,1,0,122.49659007134629
Sidhi,2023-10-19 02:15:00,temp,20.5,21.1,0,1,0,122.49659007134629
Sidhi,2023-10-20 02:15:00,temp,19.7,20.5,0,1,0,122.49659007134629
Sidhi,2023-10-21 02:00:00,temp,19.3,19.7,0,1,0,122.49659007134629
Sidhi,2023-10-22 02:15:00,temp,18.3,19.3,0,1,0,122.49659007134629
Sidhi,2023-10-23 02:00:00,temp,17.7,18.3,0,1,0,122.49659007134629
Sidhi,2023-10-24 02:15:00,temp,17.6,17.7,0,1,0,122.49659007134629
Sidhi,2023-10-25 02:15:00,temp,18.2,17.6,0,1,0,122.49659007134629
Sidhi,2023-10-26 02:00:00,temp,18.2,18.2,0,1,0,122.49659007134629
Sidhi,2023-10-27 02:15:00,temp,17.9,18.2,0,1,0,122.49659007134629
Sidhi,2023-10-28 02:00:00,temp,17.6,17.9,0,1,0,122.49659007134629
Sidhi,2023-10-29 02:30:00,temp,17.7,17.6,0,1,0,122.49659007134629
Sidhi,2023-10-30 01:45:00,temp,18.6,17.7,0,1,0,122.49659007134629
Sikar,2023-10-15 02:30:00,temp,25.2,25.828422074972305,2,0,2,149.746986936643
Sikar,2023-10-16 02:30:00,temp,25.3,26.077533343279825,2,0,2,149.746986936643
Sikar,2023-10-17 02:30:00,temp,22.0,25.790692177548905,2,0,2,149.746986936643
Sikar,2023-10-18 02:30:00,temp,21.3,24.009437674638495,2,0,2,149.746986936643
Sikar,2023-10-19 02:30:00,temp,21.7,22.53328590588102,2,0,2,149.746986936643
Sikar,2023-10-20 02:30:00,temp,22.4,23.46551457519456,2,0,2,149.746986936643
Sikar,2023-10-21 02:15:00,temp,23.3,25.091802006005693,2,0,2,149.746986936643
Sikar,2023-10-22 02:30:00,temp,23.4,25.421647927974384,2,0,2,149.746986936643
Sikar,2023-10-23 02:15:00,temp,23.5,24.172671376178506,2,0,2,149.746986936643
Sikar,2023-10-24 02:15:00,temp,22.4,24.01204166286198,2,0,2,149.746986936643
Sikar,2023-10-25 02:30:00,temp,22.2,23.48810049826847,2,0,2,149.746986936643
Sikar,2023-10-26 02:00:00,temp,21.7,23.28550622075287,2,0,2,149.746986936643
Sikar,2023-10-27 02:15:00,temp,22.0,22.447565841880795,2,0,2,149.746986936643
Sikar,2023-10-28 02:00:00,temp,23.1,22.57580450459532,2,0,2,149.746986936643
Sikar,2023-10-29 02:45:00,temp,23.9,23.262332897377988,2,0,2,149.746986936643
Sikar,2023-10-30 02:00:00,temp,23.8,23.781387659865104,2,0,2,149.746986936643
Simdega,2023-10-15 02:30:00,temp,20.7,22.30165910811285,1,1,0,112.60534400285393
Simdega,2023-10-16 02:30:00,temp,21.7,20.924834948543925,1,1,0,112.60534400285393
Simdega,2023-10-17 02:15:00,temp,23.0,21.452494264496885,1,1,0,112.60534400285393
Simdega,2023-10-18 02:30:00,temp,21.3,22.735642087481793,1,1,0,112.60534400285393
Simdega,2023-10-19 02:15:00,temp,21.6,21.731261314036864,1,1,0,112.60534400285393
Simdega,2023-10-20 02:30:00,temp,21.4,21.52554219109188,1,1,0,112.60534400285393
Simdega,2023-10-21 02:15:00,temp,19.3,21.449847206931302,1,1,0,112.60534400285393
Simdega,2023-10-22 02:15:00,temp,18.3,19.799804748655948,1,1,0,112.60534400285393
Simdega,2023-10-23 02:00:00,temp,17.8,18.46701848431442,1,1,0,112.60534400285393
Simdega,2023-10-24 02:15:00,temp,18.8,17.87617779968622,1,1,0,112.60534400285393
Simdega,2023-10-25 02:15:00,temp,22.2,18.637525773653447,1,1,0,112.60534400285393
Simdega,2023-10-26 02:00:00,temp,19.3,21.908625203066066,1,1,0,112.60534400285393
Simdega,2023-10-27 02:15:00,temp,17.8,19.98757624197475,1,1,0,112.60534400285393
Simdega,2023-10-28 02:00:00,temp,18.1,18.01342666345374,1,1,0,112.60534400285393
Simdega,2023-10-29 02:30:00,temp,18.1,18.05673949967187,1,1,0,112.60534400285393
Simdega,2023-10-30 01:45:00,temp,18.7,18.1,1,1,0,112.60534400285393
Sirmaur,2023-10-15 02:30:00,temp,25.0,23.98300809837031,2,1,2,136.8136787882963
Sirmaur,2023-10-16 02:30:00,temp,25.6,24.892551334458382,2,1,2,136.8136787882963
Sirmaur,2023-10-17 02:15:00,temp,22.6,25.444765494681587,2,1,2,136.8136787882963
Sirmaur,2023-10-18 02:15:00,temp,22.3,22.292392191708426,2,1,2,136.8136787882963
Sirmaur,2023-10-19 02:15:00,temp,22.4,22.33468328524157,2,1,2,136.8136787882963
Sirmaur,2023-10-20 02:15:00,temp,21.9,22.71090919680822,2,1,2,136.8136787882963
Sirmaur,2023-10-21 02:15:00,temp,21.4,22.53131503909297,2,1,2,136.8136787882963
Sirmaur,2023-10-22 02:15:00,temp,20.3,22.291217297330206,2,1,2,136.8136787882963
Sirmaur,2023-10-23 02:00:00,temp,20.1,21.400831586604898,2,1,2,136.8136787882963
Sirmaur,2023-10-24 02:15:00,temp,20.5,21.234205592864313,2,1,2,136.8136787882963
Sirmaur,2023-10-25 02:15:00,temp,21.2,21.53042909213245,2,1,2,136.8136787882963
Sirmaur,2023-10-26 02:00:00,temp,21.4,22.024509924495298,2,1,2,136.8136787882963
Sirmaur,2023-10-27 02:15:00,temp,21.1,21.967533923309738,2,1,2,136.8136787882963
Sirmaur,2023-10-28 02:00:00,temp,20.7,21.45683884457206,2,1,2,136.8136787882963
Sirmaur,2023-10-29 02:30:00,temp,21.0,20.912770266141095,2,1,2,136.8136787882963
Sirmaur,2023-10-30 01:45:00,temp,21.7,21.00919223205262,2,1,2,136.8136787882963
Sirohi,2023-10-15 02:30:00,temp,26.0,25.97002321084939,1,0,2,117.60383136833397
Sirohi,2023-10-16 02:30:00,temp,25.3,25.91379583828059,1,0,2,117.60383136833397
Sirohi,2023-10-17 02:30:00,temp,24.5,25.305498893579806,1,0,2,117.60383136833397
Sirohi,2023-10-18 02:30:00,temp,24.9,24.597175715879683,1,0,2,117.60383136833397
Sirohi,2023-10-19 02:30:00,temp,24.2,25.028811241587682,1,0,2,117.60383136833397
Sirohi,2023-10-20 02:30:00,temp,24.6,24.879409758792665,1,0,2,117.60383136833397
Sirohi,2023-10-21 02:15:00,temp,25.0,24.684486808795583,1,0,2,117.60383136833397
Sirohi,2023-10-22 02:30:00,temp,25.4,25.257567221277167,1,0,2,117.60383136833397
Sirohi,2023-10-23 02:15:00,temp,25.6,25.64292799912196,1,0,2,117.60383136833397
Sirohi,2023-10-24 02:15:00,temp,24.7,25.605557137885803,1,0,2,117.60383136833397
Sirohi,2023-10-25 02:30:00,temp,25.4,24.870575621861867,1,0,2,117.60383136833397
Sirohi,2023-10-26 02:00:00,temp,24.0,25.207332907916033,1,0,2,117.60383136833397
Sirohi,2023-10-27 02:15:00,temp,24.0,24.75867044154229,1,0,2,117.60383136833397
Sirohi,2023-10-28 02:00:00,temp,25.1,24.088512055022218,1,0,2,117.60383136833397
Sirohi,2023-10-29 02:45:00,temp,24.0,25.18747030033524,1,0,2,117.60383136833397
Sirohi,2023-10-30 02:00:00,temp,24.3,24.910588821279465,1,0,2,117.60383136833397
Sirsa,2023-10-15 02:30:00,temp,26.8,25.85962239444093,2,1,1,173.17376675775708
Sirsa,2023-10-16 02:30:00,temp,24.2,27.084143037872806,2,1,1,173.17376675775708
Sirsa,2023-10-17 02:15:00,temp,19.5,24.256571301406716,2,1,1,173.17376675775708
Sirsa,2023-10-18 02:30:00,temp,21.4,20.284474228137462,2,1,1,173.17376675775708
Sirsa,2023-10-19 02:15:00,temp,20.8,23.844479614139217,2,1,1,173.17376675775708
Sirsa,2023-10-20 02:30:00,temp,21.9,21.932361689228827,2,1,1,173.17376675775708
Sirsa,2023-10-21 02:15:00,temp,23.1,22.96441623705386,2,1,1,173.17376675775708
Sirsa,2023-10-22 02:15:00,temp,23.1,23.653240466327798,2,1,1,173.17376675775708
Sirsa,2023-10-23 02:15:00,temp,22.8,23.208465456248216,2,1,1,173.17376675775708
Sirsa,2023-10-24 02:15:00,temp,22.2,22.88492535045268,2,1,1,173.17376675775708
Sirsa,2023-10-25 02:15:00,temp,22.3,22.35652796604904,2,1,1,173.17376675775708
Sirsa,2023-10-26 02:00:00,temp,22.2,22.589703140397244,2,1,1,173.17376675775708
Sirsa,2023-10-27 02:15:00,temp,21.9,22.408588104797488,2,1,1,173.17376675775708
Sirsa,2023-10-28 02:00:00,temp,23.7,22.10482009373711,2,1,1,173.17376675775708
Sirsa,2023-10-29 02:30:00,temp,24.3,23.882892952067255,2,1,1,173.17376675775708
Sirsa,2023-10-30 01:45:00,temp,24.1,23.932380694398248,2,1,1,173.17376675775708
Sitamarhi,2023-10-15 02:30:00,temp,21.8,21.8,0,1,0,147.67780524413163
Sitamarhi,2023-10-16 02:30:00,temp,22.8,21.8,0,1,0,147.67780524413163
Sitamarhi,2023-10-17 02:15:00,temp,22.1,22.8,0,1,0,147.67780524413163
Sitamarhi,2023-10-18 02:30:00,temp,22.0,22.1,0,1,0,147.67780524413163
Sitamarhi,2023-10-19 02:15:00,temp,21.1,22.0,0,1,0,147.67780524413163
Sitamarhi,2023-10-20 02:30:00,temp,20.3,21.1,0,1,0,147.67780524413163
Sitamarhi,2023-10-21 02:15:00,temp,20.1,20.3,0,1,0,147.67780524413163
Sitamarhi,2023-10-22 02:15:00,temp,19.8,20.1,0,1,0,147.67780524413163
Sitamarhi,2023-10-23 02:15:00,temp,20.6,19.8,0,1,0,147.67780524413163
Sitamarhi,2023-10-24 02:15:00,temp,20.9,20.6,0,1,0,147.67780524413163
Sitamarhi,2023-10-25 02:15:00,temp,21.4,20.9,0,1,0,147.67780524413163
Sitamarhi,2023-10-26 02:00:00,temp,21.5,21.4,0,1,0,147.67780524413163
Sitamarhi,2023-10-27 02:15:00,temp,21.4,21.5,0,1,0,147.67780524413163
Sitamarhi,2023-10-28 02:00:00,temp,21.5,21.4,0,1,0,147.67780524413163
Sitamarhi,2023-10-29 02:30:00,temp,20.9,21.5,0,1,0,147.67780524413163
Sitamarhi,2023-10-30 01:45:00,temp,20.5,20.9,0,1,0,147.67780524413163
Sitapur,2023-10-15 02:30:00,temp,23.5,23.93497231432417,2,1,1,140.7192370898683
Sitapur,2023-10-16 02:30:00,temp,23.5,24.299330770384834,2,1,1,140.7192370898683
Sitapur,2023-10-17 02:30:00,temp,21.3,23.792749004328016,2,1,1,140.7192370898683
Sitapur,2023-10-18 02:30:00,temp,20.8,21.455285905757517,2,1,1,140.7192370898683
Sitapur,2023-10-19 02:30:00,temp,19.9,21.716937915324298,2,1,1,140.7192370898683
Sitapur,2023-10-20 02:30:00,temp,19.3,20.596225774228344,2,1,1,140.7192370898683
Sitapur,2023-10-21 02:15:00,temp,19.7,19.966864038936023,2,1,1,140.7192370898683
Sitapur,2023-10-22 02:30:00,temp,20.3,20.381474688614524,2,1,1,140.7192370898683
Sitapur,2023-10-23 02:15:00,temp,20.5,20.656200492561872,2,1,1,140.7192370898683
Sitapur,2023-10-24 02:15:00,temp,20.3,20.528110602410433,2,1,1,140.7192370898683
Sitapur,2023-10-25 02:30:00,temp,21.2,20.221827708922426,2,1,1,140.7192370898683
Sitapur,2023-10-26 02:00:00,temp,21.1,21.30535877837309,2,1,1,140.7192370898683
Sitapur,2023-10-27 02:15:00,temp,20.6,20.842003400342108,2,1,1,140.7192370898683
Sitapur,2023-10-28 02:00:00,temp,21.0,20.421545511069237,2,1,1,140.7192370898683
Sitapur,2023-10-29 02:45:00,temp,21.0,21.08501781191969,2,1,1,140.7192370898683
Sitapur,2023-10-30 02:00:00,temp,20.8,20.916465965944525,2,1,1,140.7192370898683
Sivaganga,2023-10-15 02:30:00,temp,26.4,26.322217102998366,0,0,0,128.25321953895377
Sivaganga,2023-10-16 02:30:00,temp,26.5,26.323907651704488,0,0,0,128.25321953895377
Sivaganga,2023-10-17 02:30:00,temp,24.0,26.32765477374955,0,0,0,128.25321953895377
Sivaganga,2023-10-18 02:30:00,temp,25.0,26.27916151424753,0,0,0,128.25321953895377
Sivaganga,2023-10-19 02:30:00,temp,25.0,26.253056127173167,0,0,0,128.25321953895377
Sivaganga,2023-10-20 02:30:00,temp,25.7,26.227994954198454,0,0,0,128.25321953895377
Sivaganga,2023-10-21 02:15:00,temp,25.0,26.21764203635894,0,0,0,128.25321953895377
Sivaganga,2023-10-22 02:30:00,temp,24.0,26.19422567337812,0,0,0,128.25321953895377
Sivaganga,2023-10-23 02:15:00,temp,26.0,26.152825050228675,0,0,0,128.25321953895377
Sivaganga,2023-10-24 02:15:00,temp,25.5,26.149994857630876,0,0,0,128.25321953895377
Sivaganga,2023-10-25 02:30:00,temp,25.6,26.13817668425885,0,0,0,128.25321953895377
Sivaganga,2023-10-26 02:00:00,temp,26.5,26.128566299674755,0,0,0,128.25321953895377
Sivaganga,2023-10-27 02:15:00,temp,25.4,26.13508259006121,0,0,0,128.25321953895377
Sivaganga,2023-10-28 02:00:00,temp,24.7,26.122408737984838,0,0,0,128.25321953895377
Sivaganga,2023-10-29 02:45:00,temp,26.0,26.09830001520304,0,0,0,128.25321953895377
Sivaganga,2023-10-30 02:00:00,temp,25.0,26.096661530404333,0,0,0,128.25321953895377
Siwan,2023-10-15 02:30:00,temp,22.8,23.011523325042866,2,1,1,142.90997756908465
Siwan,2023-10-16 02:30:00,temp,23.3,23.48052826647738,2,1,1,142.90997756908465
Siwan,2023-10-17 02:15:00,temp,23.1,23.80073810831531,2,1,1,142.90997756908465
Siwan,2023-10-18 02:30:00,temp,22.4,23.31311182754179,2,1,1,142.90997756908465
Siwan,2023-10-19 02:15:00,temp,21.0,22.553349525529125,2,1,1,142.90997756908465
Siwan,2023-10-20 02:30:00,temp,20.7,21.14509711401943,2,1,1,142.90997756908465
Siwan,2023-10-21 02:15:00,temp,20.5,21.222145922570633,2,1,1,142.90997756908465
Siwan,2023-10-22 02:15:00,temp,20.8,20.93596046753567,2,1,1,142.90997756908465
Siwan,2023-10-23 02:15:00,temp,20.7,21.231318486802607,2,1,1,142.90997756908465
Siwan,2023-10-24 02:15:00,temp,21.2,20.89120740324453,2,1,1,142.90997756908465
Siwan,2023-10-25 02:15:00,temp,22.5,21.454751318340506,2,1,1,142.90997756908465
Siwan,2023-10-26 02:00:00,temp,21.9,22.74157755375443,2,1,1,142.90997756908465
Siwan,2023-10-27 02:15:00,temp,21.7,21.563202562763557,2,1,1,142.90997756908465
Siwan,2023-10-28 02:00:00,temp,21.4,21.613456943682394,2,1,1,142.90997756908465
Siwan,2023-10-29 02:30:00,temp,21.8,21.359658262559975,2,1,1,142.90997756908465
Siwan,2023-10-30 01:45:00,temp,21.6,21.914458297359484,2,1,1,142.90997756908465
Solan,2023-10-15 02:30:00,temp,15.4,16.105385836555254,1,1,2,168.2576860499596
Solan,2023-10-16 02:30:00,temp,14.8,15.328298507738129,1,1,2,168.2576860499596
Solan,2023-10-17 02:15:00,temp,13.8,15.032010199143333,1,1,2,168.2576860499596
Solan,2023-10-18 02:15:00,temp,11.9,14.085850699690292,1,1,2,168.2576860499596
Solan,2023-10-19 02:15:00,temp,12.4,12.384119698215027,1,1,2,168.2576860499596
Solan,2023-10-20 02:15:00,temp,12.7,13.44605469714512,1,1,2,168.2576860499596
Solan,2023-10-21 02:00:00,temp,12.9,13.148373219694381,1,1,2,168.2576860499596
Solan,2023-10-22 02:15:00,temp,13.0,13.363363798167718,1,1,2,168.2576860499596
Solan,2023-10-23 02:00:00,temp,13.0,13.291362586252326,1,1,2,168.2576860499596
Solan,2023-10-24 02:15:00,temp,12.8,13.2527628668076,1,1,2,168.2576860499596
Solan,2023-10-25 02:15:00,temp,13.3,12.997686415790708,1,1,2,168.2576860499596
Solan,2023-10-26 02:00:00,temp,13.3,13.57677649299348,1,1,2,168.2576860499596
Solan,2023-10-27 02:15:00,temp,13.1,13.311166139503468,1,1,2,168.2576860499596
Solan,2023-10-28 02:00:00,temp,13.4,13.192651422791018,1,1,2,168.2576860499596
Solan,2023-10-29 02:30:00,temp,14.5,13.531940218321706,1,1,2,168.2576860499596
Solan,2023-10-30 01:45:00,temp,13.7,14.542530658400693,1,1,2,168.2576860499596
Solapur,2023-10-15 02:30:00,temp,25.2,24.894174308006985,0,0,2,132.6553942325922
Solapur,2023-10-16 02:30:00,temp,25.7,24.92028599555722,0,0,2,132.6553942325922
Solapur,2023-10-17 02:30:00,temp,25.4,25.303604663593795,0,0,2,132.6553942325922
Solapur,2023-10-18 02:30:00,temp,25.5,25.082701948251433,0,0,2,132.6553942325922
Solapur,2023-10-19 02:30:00,temp,25.6,24.957641155434956,0,0,2,132.6553942325922
Solapur,2023-10-20 02:30:00,temp,26.0,25.321810026390374,0,0,2,132.6553942325922
Solapur,2023-10-21 02:15:00,temp,25.2,25.50548644480642,0,0,2,132.6553942325922
Solapur,2023-10-22 02:30:00,temp,24.8,24.80637288815599,0,0,2,132.6553942325922
Solapur,2023-10-23 02:15:00,temp,23.0,24.48742215604864,0,0,2,132.6553942325922
Solapur,2023-10-24 02:15:00,temp,22.9,23.53366627313928,0,0,2,132.6553942325922
Solapur,2023-10-25 02:15:00,temp,22.4,23.29484570382643,0,0,2,132.6553942325922
Solapur,2023-10-26 02:00:00,temp,21.6,23.541918217116663,0,0,2,132.6553942325922
Solapur,2023-10-27 02:15:00,temp,21.2,22.530185220561535,0,0,2,132.6553942325922
Solapur,2023-10-28 02:00:00,temp,21.6,22.305856949400077,0,0,2,132.6553942325922
Solapur,2023-10-29 02:45:00,temp,22.1,23.107381304173146,0,0,2,132.6553942325922
Solapur,2023-10-30 02:00:00,temp,22.5,23.15878105148476,0,0,2,132.6553942325922
Somnath,2023-10-15 02:30:00,temp,26.4,26.339507030210083,2,1,2,57.74141172301774
Somnath,2023-10-16 02:30:00,temp,25.7,26.336253257276393,2,1,2,57.74141172301774
Somnath,2023-10-17 02:15:00,temp,25.9,25.710468299591703,2,1,2,57.74141172301774
Somnath,2023-10-18 02:15:00,temp,26.2,26.154489227678212,2,1,2,57.74141172301774
Somnath,2023-10-19 02:15:00,temp,26.9,26.454124035497273,2,1,2,57.74141172301774
Somnath,2023-10-20 02:30:00,temp,26.6,26.831460050246964,2,1,2,57.74141172301774
Somnath,2023-10-21 02:15:00,temp,27.1,26.41857955524678,2,1,2,57.74141172301774
Somnath,2023-10-22 02:15:00,temp,27.3,26.899428559982535,2,1,2,57.74141172301774
Somnath,2023-10-23 02:00:00,temp,27.2,26.946648950415355,2,1,2,57.74141172301774
Somnath,2023-10-24 02:15:00,temp,27.0,27.0301541821298,2,1,2,57.74141172301774
Somnath,2023-10-25 02:15:00,temp,27.5,27.125323120391574,2,1,2,57.74141172301774
Somnath,2023-10-26 02:00:00,temp,27.1,27.709122256281812,2,1,2,57.74141172301774
Somnath,2023-10-27 02:15:00,temp,26.7,27.404275091236585,2,1,2,57.74141172301774
Somnath,2023-10-28 02:00:00,temp,26.6,26.983668175514946,2,1,2,57.74141172301774
Somnath,2023-10-29 02:30:00,temp,26.7,26.715847995279816,2,1,2,57.74141172301774
Somnath,2023-10-30 01:45:00,temp,27.1,26.578615327732965,2,1,2,57.74141172301774
Sonipat,2023-10-15 02:30:00,temp,24.0,25.734264941163428,2,1,2,169.32530875059268
Sonipat,2023-10-16 02:30:00,temp,26.0,24.741556731770125,2,1,2,169.32530875059268
Sonipat,2023-10-17 02:15:00,temp,19.0,26.377773795160124,2,1,2,169.32530875059268
Sonipat,2023-10-18 02:30:00,temp,21.0,21.066686998878314,2,1,2,169.32530875059268
Sonipat,2023-10-19 02:15:00,temp,21.0,22.63926470836385,2,1,2,169.32530875059268
Sonipat,2023-10-20 02:30:00,temp,21.0,22.344019817095276,2,1,2,169.32530875059268
Sonipat,2023-10-21 02:15:00,temp,20.0,21.38675359190605,2,1,2,169.32530875059268
Sonipat,2023-10-22 02:15:00,temp,21.0,20.318459495590968,2,1,2,169.32530875059268
Sonipat,2023-10-23 02:15:00,temp,21.0,21.526567029628442,2,1,2,169.32530875059268
Sonipat,2023-10-24 02:15:00,temp,22.0,21.151419603859914,2,1,2,169.32530875059268
Sonipat,2023-10-25 02:15:00,temp,21.0,21.683568850952927,2,1,2,169.32530875059268
Sonipat,2023-10-26 02:00:00,temp,22.0,20.912762813562168,2,1,2,169.32530875059268
Sonipat,2023-10-27 02:15:00,temp,21.0,21.948412288912966,2,1,2,169.32530875059268
Sonipat,2023-10-28 02:00:00,temp,20.0,20.951642656739445,2,1,2,169.32530875059268
Sonipat,2023-10-29 02:30:00,temp,22.6,20.210113392821928,2,1,2,169.32530875059268
Sonipat,2023-10-30 01:45:00,temp,22.0,22.28409713683822,2,1,2,169.32530875059268
South Salmara,2023-10-16 02:30:00,temp,22.7,22.9,0,1,0,122.37630916689001
South Salmara,2023-10-17 02:30:00,temp,22.3,22.7,0,1,0,122.37630916689001
South Salmara,2023-10-18 02:30:00,temp,22.3,22.3,0,1,0,122.37630916689001
South Salmara,2023-10-19 02:30:00,temp,22.3,22.3,0,1,0,122.37630916689001
South Salmara,2023-10-20 02:30:00,temp,21.8,22.3,0,1,0,122.37630916689001
South Salmara,2023-10-21 02:15:00,temp,21.3,21.8,0,1,0,122.37630916689001
South Salmara,2023-10-21 02:30:00,temp,21.3,21.3,0,1,0,122.37630916689001
South Salmara,2023-10-22 02:30:00,temp,20.7,21.3,0,1,0,122.37630916689001
South Salmara,2023-10-23 02:15:00,temp,20.9,20.700000000000003,0,1,0,122.37630916689001
South Salmara,2023-10-24 02:15:00,temp,21.4,20.9,0,1,0,122.37630916689001
South Salmara,2023-10-25 02:30:00,temp,20.7,21.4,0,1,0,122.37630916689001
South Salmara,2023-10-26 02:00:00,temp,21.4,20.7,0,1,0,122.37630916689001
South Salmara,2023-10-27 02:30:00,temp,22.2,21.4,0,1,0,122.37630916689001
South Salmara,2023-10-28 02:00:00,temp,21.0,22.2,0,1,0,122.37630916689001
South Salmara,2023-10-29 02:45:00,temp,20.9,21.0,0,1,0,122.37630916689001
South Salmara,2023-10-30 02:00:00,temp,21.3,20.9,0,1,0,122.37630916689001
South Suburban,2023-10-15 02:30:00,temp,27.0,26.84346785728857,1,0,2,135.24720894708605
South Suburban,2023-10-16 02:30:00,temp,26.0,27.48464596553055,1,0,2,135.24720894708605
South Suburban,2023-10-17 02:30:00,temp,27.0,27.046341985566173,1,0,2,135.24720894708605
South Suburban,2023-10-18 02:30:00,temp,27.0,27.135775824408853,1,0,2,135.24720894708605
South Suburban,2023-10-19 02:30:00,temp,26.0,27.805168393827824,1,0,2,135.24720894708605
South Suburban,2023-10-20 02:30:00,temp,25.0,26.410970594960805,1,0,2,135.24720894708605
South Suburban,2023-10-21 02:30:00,temp,24.0,26.881359089061682,1,0,2,135.24720894708605
South Suburban,2023-10-22 02:30:00,temp,25.0,25.76955577559913,1,0,2,135.24720894708605
South Suburban,2023-10-23 02:15:00,temp,26.0,26.651093720500544,1,0,2,135.24720894708605
South Suburban,2023-10-24 02:15:00,temp,25.0,27.154395892040863,1,0,2,135.24720894708605
South Suburban,2023-10-25 02:30:00,temp,24.0,25.956356707644172,1,0,2,135.24720894708605
South Suburban,2023-10-26 02:00:00,temp,26.0,25.057865815976292,1,0,2,135.24720894708605
South Suburban,2023-10-27 02:30:00,temp,26.0,26.205991254998448,1,0,2,135.24720894708605
South Suburban,2023-10-28 02:00:00,temp,25.0,26.34462993374819,1,0,2,135.24720894708605
South Suburban,2023-10-29 02:45:00,temp,24.0,25.702176254813097,1,0,2,135.24720894708605
South Suburban,2023-10-30 02:00:00,temp,24.0,24.941380454664575,1,0,2,135.24720894708605
Srikakulam,2023-10-15 02:30:00,temp,24.4,25.49009200346429,1,1,1,89.1896989407966
Srikakulam,2023-10-16 02:30:00,temp,24.4,24.840234922461,1,1,1,89.1896989407966
Srikakulam,2023-10-17 02:15:00,temp,24.1,24.752651651154125,1,1,1,89.1896989407966
Srikakulam,2023-10-18 02:15:00,temp,23.9,24.46911904294459,1,1,1,89.1896989407966
Srikakulam,2023-10-19 02:15:00,temp,24.0,24.23852074844959,1,1,1,89.1896989407966
Srikakulam,2023-10-20 02:30:00,temp,23.8,24.234208584470295,1,1,1,89.1896989407966
Srikakulam,2023-10-21 02:15:00,temp,23.6,24.02975248192475,1,1,1,89.1896989407966
Srikakulam,2023-10-22 02:15:00,temp,23.1,23.8221022020203,1,1,1,89.1896989407966
Srikakulam,2023-10-23 02:00:00,temp,22.5,23.380004604666016,1,1,1,89.1896989407966
Srikakulam,2023-10-24 02:15:00,temp,22.7,22.81425056538085,1,1,1,89.1896989407966
Srikakulam,2023-10-25 02:15:00,temp,24.0,22.874216013975335,1,1,1,89.1896989407966
Srikakulam,2023-10-26 02:00:00,temp,24.8,23.85018661298937,1,1,1,89.1896989407966
Srikakulam,2023-10-27 02:15:00,temp,23.7,24.553838538506156,1,1,1,89.1896989407966
Srikakulam,2023-10-28 02:00:00,temp,23.1,23.73839435286476,1,1,1,89.1896989407966
Srikakulam,2023-10-29 02:30:00,temp,22.7,23.290670423069272,1,1,1,89.1896989407966
Srikakulam,2023-10-30 01:45:00,temp,22.0,22.86671664773928,1,1,1,89.1896989407966
Srinagar,2023-10-15 02:30:00,temp,7.1,10.181672100300416,0,1,2,155.04899233891217
Srinagar,2023-10-16 02:30:00,temp,7.5,7.167436850911382,0,1,2,155.04899233891217
Srinagar,2023-10-17 02:15:00,temp,5.0,8.604669024977339,0,1,2,155.04899233891217
Srinagar,2023-10-18 02:15:00,temp,3.5,5.350513557738146,0,1,2,155.04899233891217
Srinagar,2023-10-19 02:15:00,temp,5.3,4.421663621849705,0,1,2,155.04899233891217
Srinagar,2023-10-20 02:15:00,temp,6.2,5.732456517876687,0,1,2,155.04899233891217
Srinagar,2023-10-21 02:00:00,temp,6.3,5.9739142469655055,0,1,2,155.04899233891217
Srinagar,2023-10-22 02:15:00,temp,7.4,6.140691493751827,0,1,2,155.04899233891217
Srinagar,2023-10-23 02:00:00,temp,3.8,7.215455277030439,0,1,2,155.04899233891217
Srinagar,2023-10-24 02:15:00,temp,5.7,3.7588308639332815,0,1,2,155.04899233891217
Srinagar,2023-10-25 02:15:00,temp,6.0,6.368199395806697,0,1,2,155.04899233891217
Srinagar,2023-10-26 02:00:00,temp,6.6,5.583076532048741,0,1,2,155.04899233891217
Srinagar,2023-10-27 02:15:00,temp,6.5,6.5036010981415115,0,1,2,155.04899233891217
Srinagar,2023-10-28 02:00:00,temp,6.5,6.240174053504491,0,1,2,155.04899233891217
Srinagar,2023-10-29 02:30:00,temp,6.4,6.456293848287809,0,1,2,155.04899233891217
Srinagar,2023-10-30 01:45:00,temp,7.3,6.3426041095108125,0,1,2,155.04899233891217
Sukma,2023-10-15 02:30:00,temp,22.1,21.91699505284096,2,1,0,112.98396604882551
Sukma,2023-10-16 02:30:00,temp,21.7,21.990253124442006,2,1,0,112.98396604882551
Sukma,2023-10-17 02:30:00,temp,22.0,21.729450760201903,2,1,0,112.98396604882551
Sukma,2023-10-18 02:30:00,temp,20.9,22.01732780505483,2,1,0,112.98396604882551
Sukma,2023-10-19 02:15:00,temp,21.3,21.318790421064815,2,1,0,112.98396604882551
Sukma,2023-10-20 02:30:00,temp,20.5,21.541034812802888,2,1,0,112.98396604882551
Sukma,2023-10-21 02:15:00,temp,20.5,20.743564601360877,2,1,0,112.98396604882551
Sukma,2023-10-22 02:15:00,temp,19.2,20.796336975299734,2,1,0,112.98396604882551
Sukma,2023-10-23 02:15:00,temp,18.0,19.81383522057347,2,1,0,112.98396604882551
Sukma,2023-10-24 02:15:00,temp,19.0,18.898058136645368,2,1,0,112.98396604882551
Sukma,2023-10-25 02:15:00,temp,19.4,18.967746980004005,2,1,0,112.98396604882551
Sukma,2023-10-26 02:00:00,temp,19.7,18.910296005475647,2,1,0,112.98396604882551
Sukma,2023-10-27 02:15:00,temp,19.0,19.459506259453477,2,1,0,112.98396604882551
Sukma,2023-10-28 02:00:00,temp,19.7,19.185247419682412,2,1,0,112.98396604882551
Sukma,2023-10-29 02:30:00,temp,21.9,19.633379678179775,2,1,0,112.98396604882551
Sukma,2023-10-30 01:45:00,temp,20.9,20.832503285490706,2,1,0,112.98396604882551
Sultanpur,2023-10-15 02:30:00,temp,23.7,23.777450140607,1,1,2,136.66189917631758
Sultanpur,2023-10-16 02:30:00,temp,23.7,24.2174298816458,1,1,2,136.66189917631758
Sultanpur,2023-10-17 02:30:00,temp,21.1,23.913205841356238,1,1,2,136.66189917631758
Sultanpur,2023-10-18 02:30:00,temp,22.1,21.03975586860256,1,1,2,136.66189917631758
Sultanpur,2023-10-19 02:30:00,temp,20.8,23.39230100903969,1,1,2,136.66189917631758
Sultanpur,2023-10-20 02:30:00,temp,20.8,20.964986503281963,1,1,2,136.66189917631758
Sultanpur,2023-10-21 02:15:00,temp,20.0,21.4583857448866,1,1,2,136.66189917631758
Sultanpur,2023-10-22 02:30:00,temp,20.0,20.28218905013865,1,1,2,136.66189917631758
Sultanpur,2023-10-23 02:15:00,temp,20.8,20.4100363785058,1,1,2,136.66189917631758
Sultanpur,2023-10-24 02:15:00,temp,21.5,21.10413800163896,1,1,2,136.66189917631758
Sultanpur,2023-10-25 02:30:00,temp,21.4,21.607585992348476,1,1,2,136.66189917631758
Sultanpur,2023-10-26 02:00:00,temp,22.3,21.36147728743561,1,1,2,136.66189917631758
Sultanpur,2023-10-27 02:30:00,temp,21.5,22.362127891760256,1,1,2,136.66189917631758
Sultanpur,2023-10-28 02:00:00,temp,21.4,21.325889034335255,1,1,2,136.66189917631758
Sultanpur,2023-10-29 02:45:00,temp,21.3,21.477719350485817,1,1,2,136.66189917631758
Sultanpur,2023-10-30 02:00:00,temp,21.4,21.329567432764193,1,1,2,136.66189917631758
Sundargarh,2023-10-15 02:30:00,temp,22.5,24.097846673729183,1,1,1,120.21527772193899
Sundargarh,2023-10-16 02:30:00,temp,22.9,22.998891163489937,1,1,1,120.21527772193899
Sundargarh,2023-10-17 02:30:00,temp,22.8,23.215555425149525,1,1,1,120.21527772193899
Sundargarh,2023-10-18 02:30:00,temp,22.0,23.105897404164846,1,1,1,120.21527772193899
Sundargarh,2023-10-19 02:30:00,temp,22.9,22.48873238187051,1,1,1,120.21527772193899
Sundargarh,2023-10-20 02:30:00,temp,21.6,23.07178748516272,1,1,1,120.21527772193899
Sundargarh,2023-10-21 02:15:00,temp,20.0,22.11753137575475,1,1,1,120.21527772193899
Sundargarh,2023-10-22 02:30:00,temp,19.1,20.732642849623772,1,1,1,120.21527772193899
Sundargarh,2023-10-23 02:15:00,temp,18.4,19.018399122634957,1,1,1,120.21527772193899
Sundargarh,2023-10-24 02:15:00,temp,19.5,18.40730068059118,1,1,1,120.21527772193899
Sundargarh,2023-10-25 02:30:00,temp,21.2,19.596975662935026,1,1,1,120.21527772193899
Sundargarh,2023-10-26 02:00:00,temp,19.5,21.294304537556158,1,1,1,120.21527772193899
Sundargarh,2023-10-27 02:15:00,temp,18.2,19.72145351390175,1,1,1,120.21527772193899
Sundargarh,2023-10-28 02:00:00,temp,18.5,18.55711498734886,1,1,1,120.21527772193899
Sundargarh,2023-10-29 02:45:00,temp,18.8,18.703793313482553,1,1,1,120.21527772193899
Sundargarh,2023-10-30 02:00:00,temp,19.1,18.897770997625155,1,1,1,120.21527772193899
Supaul,2023-10-15 02:30:00,temp,22.9,22.934132177155565,1,1,1,159.75455339291406
Supaul,2023-10-16 02:30:00,temp,24.1,23.4680295538742,1,1,1,159.75455339291406
Supaul,2023-10-17 02:15:00,temp,23.2,23.516128362458794,1,1,1,159.75455339291406
Supaul,2023-10-18 02:30:00,temp,23.5,23.792578855807697,1,1,1,159.75455339291406
Supaul,2023-10-19 02:15:00,temp,21.6,22.913231381634134,1,1,1,159.75455339291406
Supaul,2023-10-20 02:30:00,temp,21.8,22.215895265331127,1,1,1,159.75455339291406
Supaul,2023-10-21 02:15:00,temp,21.1,21.192317269500187,1,1,1,159.75455339291406
Supaul,2023-10-22 02:15:00,temp,20.9,21.710604277452216,1,1,1,159.75455339291406
Supaul,2023-10-23 02:15:00,temp,21.5,20.306018636731338,1,1,1,159.75455339291406
Supaul,2023-10-24 02:15:00,temp,21.5,22.06660281425889,1,1,1,159.75455339291406
Supaul,2023-10-25 02:15:00,temp,22.4,20.940647132416803,1,1,1,159.75455339291406
Supaul,2023-10-26 02:00:00,temp,21.9,22.92982835994967,1,1,1,159.75455339291406
Supaul,2023-10-27 02:15:00,temp,21.1,21.390572891609732,1,1,1,159.75455339291406
Supaul,2023-10-28 02:00:00,temp,21.0,21.61649450804204,1,1,1,159.75455339291406
Supaul,2023-10-29 02:30:00,temp,21.9,20.49509040376988,1,1,1,159.75455339291406
Supaul,2023-10-30 01:45:00,temp,21.6,22.378184298155347,1,1,1,159.75455339291406
Surajpur,2023-10-15 02:30:00,temp,22.3,20.73046981401218,1,1,1,164.5108906191628
Surajpur,2023-10-16 02:30:00,temp,21.6,21.99275605966678,1,1,1,164.5108906191628
Surajpur,2023-10-17 02:30:00,temp,18.3,21.627381558667143,1,1,1,164.5108906191628
Surajpur,2023-10-18 02:30:00,temp,17.2,19.751814147325845,1,1,1,164.5108906191628
Surajpur,2023-10-19 02:15:00,temp,16.7,18.654999245610572,1,1,1,164.5108906191628
Surajpur,2023-10-20 02:30:00,temp,17.2,17.892513228930085,1,1,1,164.5108906191628
Surajpur,2023-10-21 02:15:00,temp,18.2,17.973267289136324,1,1,1,164.5108906191628
Surajpur,2023-10-22 02:15:00,temp,18.9,18.54863173774621,1,1,1,164.5108906191628
Surajpur,2023-10-23 02:15:00,temp,17.8,18.992335122947434,1,1,1,164.5108906191628
Surajpur,2023-10-24 02:15:00,temp,17.5,18.17450602097997,1,1,1,164.5108906191628
Surajpur,2023-10-25 02:15:00,temp,19.3,17.87988009880836,1,1,1,164.5108906191628
Surajpur,2023-10-26 02:00:00,temp,18.6,19.077410590652946,1,1,1,164.5108906191628
Surajpur,2023-10-27 02:15:00,temp,17.8,18.628824871464822,1,1,1,164.5108906191628
Surajpur,2023-10-28 02:00:00,temp,18.5,18.074674305507806,1,1,1,164.5108906191628
Surajpur,2023-10-29 02:30:00,temp,17.8,18.49949661751343,1,1,1,164.5108906191628
Surajpur,2023-10-30 01:45:00,temp,18.4,18.024562858824854,1,1,1,164.5108906191628
Surat,2023-10-15 02:30:00,temp,27.2,27.586649125580017,2,0,1,67.69544286971771
Surat,2023-10-16 02:30:00,temp,26.7,26.896889671634515,2,0,1,67.69544286971771
Surat,2023-10-17 02:15:00,temp,27.8,26.418713526728858,2,0,1,67.69544286971771
Surat,2023-10-18 02:15:00,temp,27.1,27.413533114759456,2,0,1,67.69544286971771
Surat,2023-10-19 02:15:00,temp,25.8,26.491576517198034,2,0,1,67.69544286971771
Surat,2023-10-20 02:30:00,temp,25.5,25.731713214455706,2,0,1,67.69544286971771
Surat,2023-10-21 02:15:00,temp,26.6,25.719439971709424,2,0,1,67.69544286971771
Surat,2023-10-22 02:15:00,temp,27.0,26.640520019363922,2,0,1,67.69544286971771
Surat,2023-10-23 02:00:00,temp,26.0,26.698413850965686,2,0,1,67.69544286971771
Surat,2023-10-24 02:15:00,temp,26.5,25.843873846968066,2,0,1,67.69544286971771
Surat,2023-10-25 02:15:00,temp,25.4,26.507490713347742,2,0,1,67.69544286971771
Surat,2023-10-26 02:00:00,temp,25.3,25.54248307242912,2,0,1,67.69544286971771
Surat,2023-10-27 02:15:00,temp,24.5,25.6812644611573,2,0,1,67.69544286971771
Surat,2023-10-28 02:00:00,temp,24.4,25.016748454505333,2,0,1,67.69544286971771
Surat,2023-10-29 02:30:00,temp,24.5,24.997363339273015,2,0,1,67.69544286971771
Surat,2023-10-30 01:45:00,temp,25.2,25.02490710628202,2,0,1,67.69544286971771
Surendranagar,2023-10-15 02:30:00,temp,28.6,28.56275812936011,1,0,0,144.90262971361574
Surendranagar,2023-10-16 02:30:00,temp,27.5,27.856777795943,1,0,0,144.90262971361574
Surendranagar,2023-10-17 02:15:00,temp,26.8,27.287476020135927,1,0,0,144.90262971361574
Surendranagar,2023-10-18 02:15:00,temp,27.3,26.927193663941228,1,0,0,144.90262971361574
Surendranagar,2023-10-19 02:15:00,temp,27.4,27.183886676380645,1,0,0,144.90262971361574
Surendranagar,2023-10-20 02:30:00,temp,27.7,27.238139740486233,1,0,0,144.90262971361574
Surendranagar,2023-10-21 02:15:00,temp,28.1,27.397804451324305,1,0,0,144.90262971361574
Surendranagar,2023-10-22 02:15:00,temp,27.9,27.616645993508154,1,0,0,144.90262971361574
Surendranagar,2023-10-23 02:00:00,temp,28.2,27.52333587207106,1,0,0,144.90262971361574
Surendranagar,2023-10-24 02:15:00,temp,29.0,27.69531252983511,1,0,0,144.90262971361574
Surendranagar,2023-10-25 02:15:00,temp,27.8,28.161445205234973,1,0,0,144.90262971361574
Surendranagar,2023-10-26 02:00:00,temp,27.3,27.51138718194583,1,0,0,144.90262971361574
Surendranagar,2023-10-27 02:15:00,temp,27.1,27.24500237219564,1,0,0,144.90262971361574
Surendranagar,2023-10-28 02:00:00,temp,26.9,27.137791099087792,1,0,0,144.90262971361574
Surendranagar,2023-10-29 02:30:00,temp,26.5,27.02899742774718,1,0,0,144.90262971361574
Surendranagar,2023-10-30 01:45:00,temp,27.2,26.809497438356065,1,0,0,144.90262971361574
Surguja,2023-10-15 02:30:00,temp,19.9,20.593072121266143,1,1,0,102.91125333245836
Surguja,2023-10-16 02:30:00,temp,20.2,19.992377830634023,1,1,0,102.91125333245836
Surguja,2023-10-17 02:30:00,temp,20.1,20.060783788858767,1,1,0,102.91125333245836
Surguja,2023-10-18 02:30:00,temp,19.2,20.146383038614104,1,1,0,102.91125333245836
Surguja,2023-10-19 02:15:00,temp,19.1,19.613431447416023,1,1,0,102.91125333245836
Surguja,2023-10-20 02:30:00,temp,19.0,19.143942362860347,1,1,0,102.91125333245836
Surguja,2023-10-21 02:15:00,temp,17.4,19.04390391391317,1,1,0,102.91125333245836
Surguja,2023-10-22 02:15:00,temp,17.3,18.08941374981297,1,1,0,102.91125333245836
Surguja,2023-10-23 02:15:00,temp,15.8,17.338140303593857,1,1,0,102.91125333245836
Surguja,2023-10-24 02:15:00,temp,16.4,16.36218099682574,1,1,0,102.91125333245836
Surguja,2023-10-25 02:15:00,temp,17.0,16.173796184437748,1,1,0,102.91125333245836
Surguja,2023-10-26 02:00:00,temp,16.9,16.784398321902405,1,1,0,102.91125333245836
Surguja,2023-10-27 02:15:00,temp,16.8,16.935704741166596,1,1,0,102.91125333245836
Surguja,2023-10-28 02:00:00,temp,16.3,16.83567102659915,1,1,0,102.91125333245836
Surguja,2023-10-29 02:30:00,temp,16.7,16.47744651357717,1,1,0,102.91125333245836
Surguja,2023-10-30 01:45:00,temp,16.8,16.556440544956732,1,1,0,102.91125333245836
Suryapet,2023-10-15 02:30:00,temp,23.9,24.335526261684887,2,0,1,109.82614968020539
Suryapet,2023-10-16 02:30:00,temp,24.3,24.454016945483282,2,0,1,109.82614968020539
Suryapet,2023-10-17 02:30:00,temp,23.0,24.65537646080256,2,0,1,109.82614968020539
Suryapet,2023-10-18 02:30:00,temp,23.5,23.920525509322623,2,0,1,109.82614968020539
Suryapet,2023-10-19 02:30:00,temp,23.6,24.21604949023093,2,0,1,109.82614968020539
Suryapet,2023-10-20 02:30:00,temp,23.3,24.088104293664077,2,0,1,109.82614968020539
Suryapet,2023-10-21 02:30:00,temp,23.8,23.867614490680243,2,0,1,109.82614968020539
Suryapet,2023-10-22 02:30:00,temp,22.8,24.17016207276792,2,0,1,109.82614968020539
Suryapet,2023-10-23 02:15:00,temp,21.0,23.46871768038688,2,0,1,109.82614968020539
Suryapet,2023-10-24 02:15:00,temp,20.7,22.225696440760593,2,0,1,109.82614968020539
Suryapet,2023-10-25 02:30:00,temp,20.7,22.004855228018226,2,0,1,109.82614968020539
Suryapet,2023-10-26 02:00:00,temp,20.4,21.740384767870246,2,0,1,109.82614968020539
Suryapet,2023-10-27 02:30:00,temp,20.0,21.23255182774408,2,0,1,109.82614968020539
Suryapet,2023-10-28 02:00:00,temp,24.2,20.59451871925234,2,0,1,109.82614968020539
Suryapet,2023-10-29 02:45:00,temp,24.2,24.58878443080127,2,0,1,109.82614968020539
Suryapet,2023-10-30 02:00:00,temp,23.2,23.62704600275735,2,0,1,109.82614968020539
Talab Data,2023-10-15 02:30:00,temp,20.7,21.363637238602212,1,1,1,148.40189438387395
Talab Data,2023-10-16 02:30:00,temp,21.3,20.918555830240596,1,1,1,148.40189438387395
Talab Data,2023-10-17 02:15:00,temp,17.6,21.299806448032648,1,1,1,148.40189438387395
Talab Data,2023-10-18 02:15:00,temp,16.5,18.679364953535426,1,1,1,148.40189438387395
Talab Data,2023-10-19 02:15:00,temp,16.7,17.31116994071706,1,1,1,148.40189438387395
Talab Data,2023-10-20 02:15:00,temp,17.4,17.198589934178393,1,1,1,148.40189438387395
Talab Data,2023-10-21 02:15:00,temp,18.0,17.6499063284215,1,1,1,148.40189438387395
Talab Data,2023-10-22 02:15:00,temp,19.0,18.092050992030938,1,1,1,148.40189438387395
Talab Data,2023-10-23 02:00:00,temp,18.2,18.919712991364236,1,1,1,148.40189438387395
Talab Data,2023-10-24 02:15:00,temp,18.2,18.271291100024794,1,1,1,148.40189438387395
Talab Data,2023-10-25 02:15:00,temp,18.4,18.254047364228246,1,1,1,148.40189438387395
Talab Data,2023-10-26 02:00:00,temp,18.6,18.402750542279474,1,1,1,148.40189438387395
Talab Data,2023-10-27 02:15:00,temp,18.3,18.563357632373705,1,1,1,148.40189438387395
Talab Data,2023-10-28 02:00:00,temp,18.8,18.331201981783117,1,1,1,148.40189438387395
Talab Data,2023-10-29 02:30:00,temp,18.9,18.723762751049726,1,1,1,148.40189438387395
Talab Data,2023-10-30 01:45:00,temp,19.6,18.82122334413877,1,1,1,148.40189438387395
Tamenglong,2023-10-15 02:30:00,temp,14.9,16.30518832465382,2,1,1,78.21689330613314
Tamenglong,2023-10-16 02:30:00,temp,15.9,14.915091673125088,2,1,1,78.21689330613314
Tamenglong,2023-10-17 02:15:00,temp,15.8,15.896377480784341,2,1,1,78.21689330613314
Tamenglong,2023-10-18 02:30:00,temp,15.8,15.500131480592938,2,1,1,78.21689330613314
Tamenglong,2023-10-19 02:15:00,temp,15.3,16.045130527779477,2,1,1,78.21689330613314
Tamenglong,2023-10-20 02:30:00,temp,15.3,15.270951140492652,2,1,1,78.21689330613314
Tamenglong,2023-10-21 02:15:00,temp,15.3,15.465173456421264,2,1,1,78.21689330613314
Tamenglong,2023-10-22 02:15:00,temp,15.6,15.185112469727917,2,1,1,78.21689330613314
Tamenglong,2023-10-23 02:15:00,temp,15.0,15.600921697451792,2,1,1,78.21689330613314
Tamenglong,2023-10-24 02:15:00,temp,15.8,15.074776116707186,2,1,1,78.21689330613314
Tamenglong,2023-10-25 02:15:00,temp,17.0,15.687566341284573,2,1,1,78.21689330613314
Tamenglong,2023-10-26 02:00:00,temp,15.7,16.558253299092637,2,1,1,78.21689330613314
Tamenglong,2023-10-27 02:15:00,temp,14.9,16.01059762851388,2,1,1,78.21689330613314
Tamenglong,2023-10-28 02:00:00,temp,15.2,15.42950031608349,2,1,1,78.21689330613314
Tamenglong,2023-10-29 02:30:00,temp,14.3,15.288869149706848,2,1,1,78.21689330613314
Tamenglong,2023-10-30 01:45:00,temp,14.9,14.444807141982228,2,1,1,78.21689330613314
Tarn Taran,2023-10-15 02:30:00,temp,20.0,23.311647418322035,1,1,1,172.28037350603577
Tarn Taran,2023-10-16 02:30:00,temp,21.0,20.959910828855012,1,1,1,172.28037350603577
Tarn Taran,2023-10-17 02:30:00,temp,18.0,21.301735109851702,1,1,1,172.28037350603577
Tarn Taran,2023-10-18 02:30:00,temp,15.0,19.336347574428803,1,1,1,172.28037350603577
Tarn Taran,2023-10-19 02:15:00,temp,17.0,16.50734017340181,1,1,1,172.28037350603577
Tarn Taran,2023-10-20 02:30:00,temp,18.0,17.513576984328772,1,1,1,172.28037350603577
Tarn Taran,2023-10-21 02:15:00,temp,18.0,18.091438548687798,1,1,1,172.28037350603577
Tarn Taran,2023-10-22 02:15:00,temp,21.0,18.06097226491093,1,1,1,172.28037350603577
Tarn Taran,2023-10-23 02:15:00,temp,19.0,20.237688311707377,1,1,1,172.28037350603577
Tarn Taran,2023-10-24 02:15:00,temp,19.0,19.00491468296932,1,1,1,172.28037350603577
Tarn Taran,2023-10-25 02:15:00,temp,19.0,19.003631374003028,1,1,1,172.28037350603577
Tarn Taran,2023-10-26 02:00:00,temp,18.0,19.002686983023217,1,1,1,172.28037350603577
Tarn Taran,2023-10-27 02:15:00,temp,17.0,18.317333749982286,1,1,1,172.28037350603577
Tarn Taran,2023-10-28 02:00:00,temp,20.0,17.535665518982746,1,1,1,172.28037350603577
Tarn Taran,2023-10-29 02:30:00,temp,21.0,19.429769229332436,1,1,1,172.28037350603577
Tarn Taran,2023-10-30 02:00:00,temp,20.0,20.289048394573584,1,1,1,172.28037350603577
Tawang,2023-10-15 02:30:00,temp,1.0,3.5224194999122647,1,1,1,214.44495104766938
Tawang,2023-10-16 02:30:00,temp,3.3,2.487879630405697,1,1,1,214.44495104766938
Tawang,2023-10-17 02:15:00,temp,4.4,3.4446406536178005,1,1,1,214.44495104766938
Tawang,2023-10-18 02:30:00,temp,0.8,4.007828044836663,1,1,1,214.44495104766938
Tawang,2023-10-19 02:15:00,temp,1.5,2.236255299363465,1,1,1,214.44495104766938
Tawang,2023-10-20 02:30:00,temp,0.3,2.3242915546896485,1,1,1,214.44495104766938
Tawang,2023-10-21 02:15:00,temp,3.0,1.5456725958847453,1,1,1,214.44495104766938
Tawang,2023-10-22 02:15:00,temp,0.1,2.6978123556137503,1,1,1,214.44495104766938
Tawang,2023-10-23 02:15:00,temp,1.0,1.3029470159809893,1,1,1,214.44495104766938
Tawang,2023-10-24 02:15:00,temp,4.8,1.514864419091414,1,1,1,214.44495104766938
Tawang,2023-10-25 02:15:00,temp,2.1,3.2890707720441643,1,1,1,214.44495104766938
Tawang,2023-10-26 02:00:00,temp,-0.2,2.250037773287042,1,1,1,214.44495104766938
Tawang,2023-10-27 02:15:00,temp,0.7,1.1452122871777064,1,1,1,214.44495104766938
Tawang,2023-10-28 02:00:00,temp,-1.3,1.3229311239480366,1,1,1,214.44495104766938
Tawang,2023-10-29 02:30:00,temp,4.1,0.23628676283384387,1,1,1,214.44495104766938
Tawang,2023-10-30 01:45:00,temp,5.1,2.47310770453634,1,1,1,214.44495104766938
Tehri-Garhwal,2023-10-15 02:30:00,temp,13.4,13.959656852539771,1,1,1,163.2421494906171
Tehri-Garhwal,2023-10-16 02:30:00,temp,12.5,13.739129050096745,1,1,1,163.2421494906171
Tehri-Garhwal,2023-10-17 02:30:00,temp,10.9,12.986383824527996,1,1,1,163.2421494906171
Tehri-Garhwal,2023-10-18 02:30:00,temp,10.1,11.608708089533318,1,1,1,163.2421494906171
Tehri-Garhwal,2023-10-19 02:15:00,temp,10.4,10.729653522841634,1,1,1,163.2421494906171
Tehri-Garhwal,2023-10-20 02:30:00,temp,10.5,10.797943660925068,1,1,1,163.2421494906171
Tehri-Garhwal,2023-10-21 02:15:00,temp,10.5,10.765438410281794,1,1,1,163.2421494906171
Tehri-Garhwal,2023-10-22 02:15:00,temp,14.4,10.687263339745224,1,1,1,163.2421494906171
Tehri-Garhwal,2023-10-23 02:15:00,temp,11.5,13.88380711958586,1,1,1,163.2421494906171
Tehri-Garhwal,2023-10-24 02:15:00,temp,10.7,11.644516599069663,1,1,1,163.2421494906171
Tehri-Garhwal,2023-10-25 02:15:00,temp,11.5,11.020833553459367,1,1,1,163.2421494906171
Tehri-Garhwal,2023-10-26 02:00:00,temp,11.3,11.529431641558434,1,1,1,163.2421494906171
Tehri-Garhwal,2023-10-27 02:15:00,temp,11.2,11.375598120814075,1,1,1,163.2421494906171
Tehri-Garhwal,2023-10-28 02:00:00,temp,13.8,11.283753517022692,1,1,1,163.2421494906171
Tehri-Garhwal,2023-10-29 02:30:00,temp,14.3,13.16035892406359,1,1,1,163.2421494906171
Tehri-Garhwal,2023-10-30 01:45:00,temp,15.2,13.714857518681168,1,1,1,163.2421494906171
Tenkasi,2023-10-15 02:30:00,temp,23.0,21.893075240389553,0,1,1,130.64641021450848
Tenkasi,2023-10-16 02:30:00,temp,23.6,22.142644701599426,0,1,1,130.64641021450848
Tenkasi,2023-10-17 02:30:00,temp,24.3,22.478997227586362,0,1,1,130.64641021450848
Tenkasi,2023-10-18 02:30:00,temp,22.0,23.03990609619377,0,1,1,130.64641021450848
Tenkasi,2023-10-19 02:30:00,temp,22.1,22.69972458944009,0,1,1,130.64641021450848
Tenkasi,2023-10-20 02:30:00,temp,22.9,22.5528538621082,0,1,1,130.64641021450848
Tenkasi,2023-10-21 02:30:00,temp,22.6,22.632555736574076,0,1,1,130.64641021450848
Tenkasi,2023-10-22 02:30:00,temp,22.7,22.624771993698428,0,1,1,130.64641021450848
Tenkasi,2023-10-23 02:15:00,temp,20.8,22.641837581873276,0,1,1,130.64641021450848
Tenkasi,2023-10-24 02:15:00,temp,20.1,22.238037615568686,0,1,1,130.64641021450848
Tenkasi,2023-10-25 02:30:00,temp,21.0,21.654802635464694,0,1,1,130.64641021450848
Tenkasi,2023-10-26 02:00:00,temp,28.0,21.401052796934675,0,1,1,130.64641021450848
Tenkasi,2023-10-27 02:30:00,temp,21.2,22.718044550234474,0,1,1,130.64641021450848
Tenkasi,2023-10-28 02:00:00,temp,22.9,22.501328040112686,0,1,1,130.64641021450848
Tenkasi,2023-10-29 02:45:00,temp,24.0,22.551474965342294,0,1,1,130.64641021450848
Tenkasi,2023-10-30 02:00:00,temp,24.3,22.742895417664762,0,1,1,130.64641021450848
Thane,2023-10-15 02:30:00,temp,29.0,29.310201801533715,0,1,1,121.3568860570517
Thane,2023-10-16 02:30:00,temp,29.0,29.193390542043428,0,1,1,121.3568860570517
Thane,2023-10-17 02:30:00,temp,31.0,29.126605728633148,0,1,1,121.3568860570517
Thane,2023-10-18 02:30:00,temp,29.0,29.7792253232551,0,1,1,121.3568860570517
Thane,2023-10-19 02:15:00,temp,30.0,29.495824434536818,0,1,1,121.3568860570517
Thane,2023-10-20 02:30:00,temp,30.0,29.6647222212148,0,1,1,121.3568860570517
Thane,2023-10-21 02:15:00,temp,31.0,29.778896336961356,0,1,1,121.3568860570517
Thane,2023-10-22 02:30:00,temp,30.0,30.208908101389788,0,1,1,121.3568860570517
Thane,2023-10-23 02:15:00,temp,29.0,30.132749028283197,0,1,1,121.3568860570517
Thane,2023-10-24 02:15:00,temp,30.0,29.750034566908493,0,1,1,121.3568860570517
Thane,2023-10-25 02:15:00,temp,29.0,29.832763540392676,0,1,1,121.3568860570517
Thane,2023-10-26 02:00:00,temp,29.0,29.558042389071723,0,1,1,121.3568860570517
Thane,2023-10-27 02:15:00,temp,28.0,29.36894353935185,0,1,1,121.3568860570517
Thane,2023-10-28 02:00:00,temp,29.0,28.876791575487257,0,1,1,121.3568860570517
Thane,2023-10-29 02:45:00,temp,28.0,28.92358426689079,0,1,1,121.3568860570517
Thane,2023-10-30 02:00:00,temp,28.0,28.582305977400644,0,1,1,121.3568860570517
Thanjavur,2023-10-15 02:30:00,temp,24.0,26.37496581333734,2,1,2,120.52270815092723
Thanjavur,2023-10-16 02:30:00,temp,27.0,25.690666110326557,2,1,2,120.52270815092723
Thanjavur,2023-10-17 02:30:00,temp,25.0,25.87497534477298,2,1,2,120.52270815092723
Thanjavur,2023-10-18 02:30:00,temp,26.0,24.90983991261998,2,1,2,120.52270815092723
Thanjavur,2023-10-19 02:30:00,temp,26.0,25.849989430998516,2,1,2,120.52270815092723
Thanjavur,2023-10-20 02:30:00,temp,26.0,26.303393579639593,2,1,2,120.52270815092723
Thanjavur,2023-10-21 02:15:00,temp,26.0,26.351832429086596,2,1,2,120.52270815092723
Thanjavur,2023-10-22 02:30:00,temp,26.0,25.906525198788437,2,1,2,120.52270815092723
Thanjavur,2023-10-23 02:15:00,temp,27.0,25.61264195347239,2,1,2,120.52270815092723
Thanjavur,2023-10-24 02:15:00,temp,26.0,26.217051974225935,2,1,2,120.52270815092723
Thanjavur,2023-10-25 02:30:00,temp,28.0,26.96478209410197,2,1,2,120.52270815092723
Thanjavur,2023-10-26 02:00:00,temp,27.0,26.703316315437142,2,1,2,120.52270815092723
Thanjavur,2023-10-27 02:15:00,temp,27.0,27.173520429250168,2,1,2,120.52270815092723
Thanjavur,2023-10-28 02:00:00,temp,26.0,27.154486432647104,2,1,2,120.52270815092723
Thanjavur,2023-10-29 02:45:00,temp,26.0,26.68706376169993,2,1,2,120.52270815092723
Thanjavur,2023-10-30 02:00:00,temp,25.0,26.303562373344164,2,1,2,120.52270815092723
Thiruvananthapuram,2023-10-15 02:30:00,temp,25.0,26.647375956974948,2,0,2,127.30873785789571
Thiruvananthapuram,2023-10-16 02:30:00,temp,27.0,26.16599414892867,2,0,2,127.30873785789571
Thiruvananthapuram,2023-10-17 02:15:00,temp,27.0,26.855589711750174,2,0,2,127.30873785789571
Thiruvananthapuram,2023-10-18 02:30:00,temp,26.0,27.574751127645285,2,0,2,127.30873785789571
Thiruvananthapuram,2023-10-19 02:15:00,temp,27.0,26.234353459142884,2,0,2,127.30873785789571
Thiruvananthapuram,2023-10-20 02:30:00,temp,25.0,26.424636517281368,2,0,2,127.30873785789571
Thiruvananthapuram,2023-10-21 02:15:00,temp,27.0,27.595684619547395,2,0,2,127.30873785789571
Thiruvananthapuram,2023-10-22 02:15:00,temp,28.0,26.082893606592155,2,0,2,127.30873785789571
Thiruvananthapuram,2023-10-23 02:15:00,temp,27.0,26.850557734122745,2,0,2,127.30873785789571
Thiruvananthapuram,2023-10-24 02:15:00,temp,26.0,27.77319418139914,2,0,2,127.30873785789571
Thiruvananthapuram,2023-10-25 02:15:00,temp,28.0,26.667742065623862,2,0,2,127.30873785789571
Thiruvananthapuram,2023-10-26 02:00:00,temp,28.0,26.799460132758945,2,0,2,127.30873785789571
Thiruvananthapuram,2023-10-27 02:15:00,temp,27.0,27.490664891326716,2,0,2,127.30873785789571
Thiruvananthapuram,2023-10-28 02:00:00,temp,28.0,26.946400853787424,2,0,2,127.30873785789571
Thiruvananthapuram,2023-10-29 02:30:00,temp,27.0,26.458990485711645,2,0,2,127.30873785789571
Thiruvananthapuram,2023-10-30 02:00:00,temp,28.0,27.23354165341968,2,0,2,127.30873785789571
Thiruvarur,2023-10-15 02:30:00,temp,25.3,25.884275699139074,1,0,2,83.09587421049018
Thiruvarur,2023-10-16 02:30:00,temp,26.0,25.775852990064166,1,0,2,83.09587421049018
Thiruvarur,2023-10-17 02:30:00,temp,25.2,26.17757307055988,1,0,2,83.09587421049018
Thiruvarur,2023-10-18 02:30:00,temp,25.2,25.67526443968162,1,0,2,83.09587421049018
Thiruvarur,2023-10-19 02:30:00,temp,25.4,25.653251185637746,1,0,2,83.09587421049018
Thiruvarur,2023-10-20 02:30:00,temp,25.1,26.047886326662738,1,0,2,83.09587421049018
Thiruvarur,2023-10-21 02:15:00,temp,25.0,25.423005631589433,1,0,2,83.09587421049018
Thiruvarur,2023-10-22 02:30:00,temp,24.8,25.817541413514018,1,0,2,83.09587421049018
Thiruvarur,2023-10-23 02:15:00,temp,25.2,25.491845096226076,1,0,2,83.09587421049018
Thiruvarur,2023-10-24 02:15:00,temp,24.8,25.661284555768276,1,0,2,83.09587421049018
Thiruvarur,2023-10-25 02:30:00,temp,25.9,25.245741440998128,1,0,2,83.09587421049018
Thiruvarur,2023-10-26 02:00:00,temp,25.4,25.8859146708342,1,0,2,83.09587421049018
Thiruvarur,2023-10-27 02:15:00,temp,25.3,25.7706939553176,1,0,2,83.09587421049018
Thiruvarur,2023-10-28 02:00:00,temp,24.6,25.547212646175684,1,0,2,83.09587421049018
Thiruvarur,2023-10-29 02:45:00,temp,25.3,25.166569535652602,1,0,2,83.09587421049018
Thiruvarur,2023-10-30 02:00:00,temp,24.7,25.45561809076425,1,0,2,83.09587421049018
Thoubal,2023-10-15 02:30:00,temp,13.4,14.7,0,1,0,96.96406088223284
Thoubal,2023-10-16 02:30:00,temp,14.2,13.4,0,1,0,96.96406088223284
Thoubal,2023-10-17 02:15:00,temp,15.2,14.2,0,1,0,96.96406088223284
Thoubal,2023-10-18 02:30:00,temp,14.9,15.2,0,1,0,96.96406088223284
Thoubal,2023-10-19 02:15:00,temp,14.0,14.9,0,1,0,96.96406088223284
Thoubal,2023-10-20 02:30:00,temp,14.3,14.0,0,1,0,96.96406088223284
Thoubal,2023-10-21 02:15:00,temp,14.6,14.3,0,1,0,96.96406088223284
Thoubal,2023-10-22 02:15:00,temp,14.4,14.6,0,1,0,96.96406088223284
Thoubal,2023-10-23 02:15:00,temp,15.6,14.4,0,1,0,96.96406088223284
Thoubal,2023-10-24 02:15:00,temp,16.0,15.6,0,1,0,96.96406088223284
Thoubal,2023-10-25 02:15:00,temp,15.7,16.0,0,1,0,96.96406088223284
Thoubal,2023-10-26 02:00:00,temp,15.8,15.7,0,1,0,96.96406088223284
Thoubal,2023-10-27 02:15:00,temp,14.2,15.8,0,1,0,96.96406088223284
Thoubal,2023-10-28 02:00:00,temp,13.4,14.2,0,1,0,96.96406088223284
Thoubal,2023-10-29 02:30:00,temp,12.8,13.4,0,1,0,96.96406088223284
Thoubal,2023-10-30 01:45:00,temp,13.2,12.8,0,1,0,96.96406088223284
Thrissur,2023-10-15 02:30:00,temp,25.0,24.933328383682284,0,0,0,120.13743835575517
Thrissur,2023-10-16 02:30:00,temp,27.0,24.93477761940301,0,0,0,120.13743835575517
Thrissur,2023-10-17 02:30:00,temp,24.0,24.978718449286333,0,0,0,120.13743835575517
Thrissur,2023-10-18 02:30:00,temp,25.0,24.95832833377215,0,0,0,120.13743835575517
Thrissur,2023-10-19 02:15:00,temp,26.0,24.959178610580913,0,0,0,120.13743835575517
Thrissur,2023-10-20 02:30:00,temp,26.0,24.9799951051411,0,0,0,120.13743835575517
Thrissur,2023-10-21 02:15:00,temp,25.0,24.999995057640895,0,0,0,120.13743835575517
Thrissur,2023-10-22 02:15:00,temp,25.0,24.999995057837207,0,0,0,120.13743835575517
Thrissur,2023-10-23 02:15:00,temp,24.0,24.999995057734907,0,0,0,120.13743835575517
Thrissur,2023-10-24 02:15:00,temp,24.0,24.981476509945278,0,0,0,120.13743835575517
Thrissur,2023-10-25 02:15:00,temp,24.0,24.96363138061048,0,0,0,120.13743835575517
Thrissur,2023-10-26 02:00:00,temp,26.0,24.94642358194436,0,0,0,120.13743835575517
Thrissur,2023-10-27 02:15:00,temp,25.0,24.964907291192258,0,0,0,120.13743835575517
Thrissur,2023-10-28 02:00:00,temp,25.0,24.96551187796691,0,0,0,120.13743835575517
Thrissur,2023-10-29 02:45:00,temp,25.0,24.966096196359594,0,0,0,120.13743835575517
Thrissur,2023-10-30 02:00:00,temp,24.0,24.966661733831028,0,0,0,120.13743835575517
Tikamgarh,2023-10-15 02:30:00,temp,26.1,25.105040391711213,1,0,0,131.82346680288725
Tikamgarh,2023-10-16 02:30:00,temp,24.5,25.730064483953246,1,0,0,131.82346680288725
Tikamgarh,2023-10-17 02:15:00,temp,19.8,24.639252593065162,1,0,0,131.82346680288725
Tikamgarh,2023-10-18 02:15:00,temp,22.8,21.393156360404365,1,0,0,131.82346680288725
Tikamgarh,2023-10-19 02:15:00,temp,22.3,23.552467896951974,1,0,0,131.82346680288725
Tikamgarh,2023-10-20 02:15:00,temp,21.8,23.173701409424602,1,0,0,131.82346680288725
Tikamgarh,2023-10-21 02:00:00,temp,21.2,22.756562752554213,1,0,0,131.82346680288725
Tikamgarh,2023-10-22 02:15:00,temp,21.5,22.221083451943777,1,0,0,131.82346680288725
Tikamgarh,2023-10-23 02:00:00,temp,20.2,22.36302482373085,1,0,0,131.82346680288725
Tikamgarh,2023-10-24 02:15:00,temp,20.6,21.232394038510733,1,0,0,131.82346680288725
Tikamgarh,2023-10-25 02:15:00,temp,20.3,21.462284965699627,1,0,0,131.82346680288725
Tikamgarh,2023-10-26 02:00:00,temp,20.4,21.12391818842904,1,0,0,131.82346680288725
Tikamgarh,2023-10-27 02:15:00,temp,20.6,21.138062507934084,1,0,0,131.82346680288725
Tikamgarh,2023-10-28 02:00:00,temp,19.8,21.256663225964193,1,0,0,131.82346680288725
Tikamgarh,2023-10-29 02:30:00,temp,20.4,20.498727294972525,1,0,0,131.82346680288725
Tikamgarh,2023-10-30 01:45:00,temp,21.1,20.98783882437202,1,0,0,131.82346680288725
Tinsukia,2023-10-15 02:30:00,temp,20.5,20.876627234355617,0,1,1,117.64839536606044
Tinsukia,2023-10-16 02:30:00,temp,20.0,20.630172234033385,0,1,1,117.64839536606044
Tinsukia,2023-10-17 02:15:00,temp,19.5,20.214720680161502,0,1,1,117.64839536606044
Tinsukia,2023-10-18 02:30:00,temp,21.3,19.73277669500449,0,1,1,117.64839536606044
Tinsukia,2023-10-19 02:15:00,temp,19.7,20.73828483255668,0,1,1,117.64839536606044
Tinsukia,2023-10-20 02:30:00,temp,19.2,20.095379230998624,0,1,1,117.64839536606044
Tinsukia,2023-10-21 02:15:00,temp,19.4,19.537673962430258,0,1,1,117.64839536606044
Tinsukia,2023-10-22 02:15:00,temp,17.9,19.450675798619805,0,1,1,117.64839536606044
Tinsukia,2023-10-23 02:15:00,temp,17.3,18.456314920579814,0,1,1,117.64839536606044
Tinsukia,2023-10-24 02:15:00,temp,19.2,17.656086404087763,0,1,1,117.64839536606044
Tinsukia,2023-10-25 02:15:00,temp,20.0,18.65598426451844,0,1,1,117.64839536606044
Tinsukia,2023-10-26 02:00:00,temp,18.1,19.535321136551417,0,1,1,117.64839536606044
Tinsukia,2023-10-27 02:15:00,temp,19.5,18.637340350854597,0,1,1,117.64839536606044
Tinsukia,2023-10-28 02:00:00,temp,19.2,19.154418896276272,0,1,1,117.64839536606044
Tinsukia,2023-10-29 02:30:00,temp,18.7,19.18166871705791,0,1,1,117.64839536606044
Tinsukia,2023-10-30 01:45:00,temp,19.2,18.895260328103003,0,1,1,117.64839536606044
Tirap,2023-10-15 02:30:00,temp,17.8,17.856724183287685,0,1,1,114.92286477626537
Tirap,2023-10-16 02:30:00,temp,17.6,17.814389519752414,0,1,1,114.92286477626537
Tirap,2023-10-17 02:30:00,temp,17.8,17.656189348332,0,1,1,114.92286477626537
Tirap,2023-10-18 02:30:00,temp,17.9,17.762071085618206,0,1,1,114.92286477626537
Tirap,2023-10-19 02:30:00,temp,17.5,17.86352376372001,0,1,1,114.92286477626537
Tirap,2023-10-20 02:30:00,temp,17.4,17.596692468529955,0,1,1,114.92286477626537
Tirap,2023-10-21 02:30:00,temp,17.9,17.451865252239227,0,1,1,114.92286477626537
Tirap,2023-10-22 02:30:00,temp,16.0,17.780099433075527,0,1,1,114.92286477626537
Tirap,2023-10-23 02:15:00,temp,15.7,16.50697008114688,0,1,1,114.92286477626537
Tirap,2023-10-24 02:15:00,temp,18.3,15.887500034307813,0,1,1,114.92286477626537
Tirap,2023-10-25 02:30:00,temp,19.6,17.53524909239625,0,1,1,114.92286477626537
Tirap,2023-10-26 02:00:00,temp,17.9,19.225113990502177,0,1,1,114.92286477626537
Tirap,2023-10-27 02:30:00,temp,17.9,18.230278121193905,0,1,1,114.92286477626537
Tirap,2023-10-28 02:00:00,temp,16.7,17.998657834390805,0,1,1,114.92286477626537
Tirap,2023-10-29 02:45:00,temp,16.0,17.06406530974401,0,1,1,114.92286477626537
Tirap,2023-10-30 02:00:00,temp,17.0,16.236100955381225,0,1,1,114.92286477626537
Tiruchirappalli,2023-10-15 02:30:00,temp,24.0,26.37496581333734,2,1,2,120.52270815092723
Tiruchirappalli,2023-10-16 02:30:00,temp,27.0,25.690666110326557,2,1,2,120.52270815092723
Tiruchirappalli,2023-10-17 02:30:00,temp,25.0,25.87497534477298,2,1,2,120.52270815092723
Tiruchirappalli,2023-10-18 02:30:00,temp,26.0,24.90983991261998,2,1,2,120.52270815092723
Tiruchirappalli,2023-10-19 02:30:00,temp,26.0,25.849989430998516,2,1,2,120.52270815092723
Tiruchirappalli,2023-10-20 02:30:00,temp,26.0,26.303393579639593,2,1,2,120.52270815092723
Tiruchirappalli,2023-10-21 02:15:00,temp,26.0,26.351832429086596,2,1,2,120.52270815092723
Tiruchirappalli,2023-10-22 02:30:00,temp,26.0,25.906525198788437,2,1,2,120.52270815092723
Tiruchirappalli,2023-10-23 02:15:00,temp,27.0,25.61264195347239,2,1,2,120.52270815092723
Tiruchirappalli,2023-10-24 02:15:00,temp,26.0,26.217051974225935,2,1,2,120.52270815092723
Tiruchirappalli,2023-10-25 02:30:00,temp,28.0,26.96478209410197,2,1,2,120.52270815092723
Tiruchirappalli,2023-10-26 02:00:00,temp,27.0,26.703316315437142,2,1,2,120.52270815092723
Tiruchirappalli,2023-10-27 02:15:00,temp,27.0,27.173520429250168,2,1,2,120.52270815092723
Tiruchirappalli,2023-10-28 02:00:00,temp,26.0,27.154486432647104,2,1,2,120.52270815092723
Tiruchirappalli,2023-10-29 02:45:00,temp,26.0,26.68706376169993,2,1,2,120.52270815092723
Tiruchirappalli,2023-10-30 02:00:00,temp,25.0,26.303562373344164,2,1,2,120.52270815092723
Tirunelveli,2023-10-15 02:30:00,temp,26.5,26.733748865815514,1,0,0,82.34556038630683
Tirunelveli,2023-10-16 02:30:00,temp,26.9,26.672094410799964,1,0,0,82.34556038630683
Tirunelveli,2023-10-17 02:30:00,temp,26.6,26.789588770142913,1,0,0,82.34556038630683
Tirunelveli,2023-10-18 02:30:00,temp,26.6,26.70192243229967,1,0,0,82.34556038630683
Tirunelveli,2023-10-19 02:30:00,temp,26.3,26.699767508785293,1,0,0,82.34556038630683
Tirunelveli,2023-10-20 02:30:00,temp,26.8,26.606941622883074,1,0,0,82.34556038630683
Tirunelveli,2023-10-21 02:15:00,temp,26.8,26.75120365164784,1,0,0,82.34556038630683
Tirunelveli,2023-10-22 02:30:00,temp,26.7,26.752163831987982,1,0,0,82.34556038630683
Tirunelveli,2023-10-23 02:15:00,temp,26.1,26.723456590538,1,0,0,82.34556038630683
Tirunelveli,2023-10-24 02:15:00,temp,25.8,26.545519643391223,1,0,0,82.34556038630683
Tirunelveli,2023-10-25 02:30:00,temp,26.1,26.423686033935844,1,0,0,82.34556038630683
Tirunelveli,2023-10-26 02:00:00,temp,27.1,26.499668591884983,1,0,0,82.34556038630683
Tirunelveli,2023-10-27 02:15:00,temp,26.5,26.82421660968869,1,0,0,82.34556038630683
Tirunelveli,2023-10-28 02:00:00,temp,26.5,26.638565297775248,1,0,0,82.34556038630683
Tirunelveli,2023-10-29 02:45:00,temp,26.1,26.63598419512514,1,0,0,82.34556038630683
Tirunelveli,2023-10-30 02:00:00,temp,25.8,26.505598333003697,1,0,0,82.34556038630683
Tiruppur,2023-10-15 02:30:00,temp,24.7,24.444439487395737,0,0,0,101.7187635604343
Tiruppur,2023-10-16 02:30:00,temp,26.0,24.44999504311164,0,0,0,101.7187635604343
Tiruppur,2023-10-17 02:30:00,temp,23.0,24.482973684720992,0,0,0,101.7187635604343
Tiruppur,2023-10-18 02:30:00,temp,24.0,24.452078354558594,0,0,0,101.7187635604343
Tiruppur,2023-10-19 02:30:00,temp,26.0,24.442852171300697,0,0,0,101.7187635604343
Tiruppur,2023-10-20 02:30:00,temp,26.0,24.473995041466807,0,0,0,101.7187635604343
Tiruppur,2023-10-21 02:15:00,temp,25.0,24.503916621366695,0,0,0,101.7187635604343
Tiruppur,2023-10-22 02:30:00,temp,26.0,24.513456597261968,0,0,0,101.7187635604343
Tiruppur,2023-10-23 02:15:00,temp,25.0,24.541504474462464,0,0,0,101.7187635604343
Tiruppur,2023-10-24 02:15:00,temp,24.0,24.549995040654217,0,0,0,101.7187635604343
Tiruppur,2023-10-25 02:30:00,temp,25.0,24.539995056917117,0,0,0,101.7187635604343
Tiruppur,2023-10-26 02:00:00,temp,26.0,24.5482093424398,0,0,0,101.7187635604343
Tiruppur,2023-10-27 02:15:00,temp,27.0,24.57367920920088,0,0,0,101.7187635604343
Tiruppur,2023-10-28 02:00:00,temp,26.0,24.615512268550887,0,0,0,101.7187635604343
Tiruppur,2023-10-29 02:45:00,temp,26.0,24.638978060982407,0,0,0,101.7187635604343
Tiruppur,2023-10-30 02:00:00,temp,25.0,24.66166157785987,0,0,0,101.7187635604343
Tiruvannamalai,2023-10-15 02:30:00,temp,24.7,24.44649161830013,0,1,2,111.28905068034013
Tiruvannamalai,2023-10-16 02:30:00,temp,24.2,24.75390353788505,0,1,2,111.28905068034013
Tiruvannamalai,2023-10-17 02:30:00,temp,23.7,24.280949639767954,0,1,2,111.28905068034013
Tiruvannamalai,2023-10-18 02:30:00,temp,22.9,24.07166050556547,0,1,2,111.28905068034013
Tiruvannamalai,2023-10-19 02:30:00,temp,22.8,23.43118974710449,0,1,2,111.28905068034013
Tiruvannamalai,2023-10-20 02:30:00,temp,22.5,23.34779941105032,0,1,2,111.28905068034013
Tiruvannamalai,2023-10-21 02:15:00,temp,22.8,22.887767003305278,0,1,2,111.28905068034013
Tiruvannamalai,2023-10-22 02:30:00,temp,23.3,23.064135698262763,0,1,2,111.28905068034013
Tiruvannamalai,2023-10-23 02:15:00,temp,23.8,23.269919364544585,0,1,2,111.28905068034013
Tiruvannamalai,2023-10-24 02:15:00,temp,23.3,23.591105667995194,0,1,2,111.28905068034013
Tiruvannamalai,2023-10-25 02:30:00,temp,23.7,23.208859878846745,0,1,2,111.28905068034013
Tiruvannamalai,2023-10-26 02:00:00,temp,23.5,23.649792653189397,0,1,2,111.28905068034013
Tiruvannamalai,2023-10-27 02:15:00,temp,23.2,23.38763194635272,0,1,2,111.28905068034013
Tiruvannamalai,2023-10-28 02:00:00,temp,23.0,23.30290016453423,0,1,2,111.28905068034013
Tiruvannamalai,2023-10-29 02:45:00,temp,23.6,23.14874295928844,0,1,2,111.28905068034013
Tiruvannamalai,2023-10-30 02:00:00,temp,23.2,23.563796568727277,0,1,2,111.28905068034013
Tonk,2023-10-15 02:30:00,temp,26.7,27.935020929338446,2,0,2,133.17146662313615
Tonk,2023-10-16 02:30:00,temp,26.9,26.887387309435624,2,0,2,133.17146662313615
Tonk,2023-10-17 02:30:00,temp,22.0,25.823387748452607,2,0,2,133.17146662313615
Tonk,2023-10-18 02:30:00,temp,23.4,23.42829999244289,2,0,2,133.17146662313615
Tonk,2023-10-19 02:30:00,temp,23.6,22.670343594617098,2,0,2,133.17146662313615
Tonk,2023-10-20 02:30:00,temp,23.8,25.06771595342335,2,0,2,133.17146662313615
Tonk,2023-10-21 02:15:00,temp,24.0,26.755086693001697,2,0,2,133.17146662313615
Tonk,2023-10-22 02:30:00,temp,24.4,25.873744673070497,2,0,2,133.17146662313615
Tonk,2023-10-23 02:15:00,temp,25.6,23.750297976405953,2,0,2,133.17146662313615
Tonk,2023-10-24 02:15:00,temp,23.4,25.233200953341345,2,0,2,133.17146662313615
Tonk,2023-10-25 02:30:00,temp,22.7,26.137244076621315,2,0,2,133.17146662313615
Tonk,2023-10-26 02:00:00,temp,23.2,24.403621660272098,2,0,2,133.17146662313615
Tonk,2023-10-27 02:15:00,temp,23.0,23.573339232133034,2,0,2,133.17146662313615
Tonk,2023-10-28 02:00:00,temp,23.4,24.080741006175554,2,0,2,133.17146662313615
Tonk,2023-10-29 02:45:00,temp,23.3,24.809476758781194,2,0,2,133.17146662313615
Tonk,2023-10-30 02:00:00,temp,24.3,24.776798231249654,2,0,2,133.17146662313615
Tuensang,2023-10-15 02:30:00,temp,16.5,17.179960365809567,0,1,1,99.72721419815396
Tuensang,2023-10-16 02:30:00,temp,16.4,16.750312530619407,0,1,1,99.72721419815396
Tuensang,2023-10-17 02:15:00,temp,16.2,16.52564966119257,0,1,1,99.72721419815396
Tuensang,2023-10-18 02:30:00,temp,16.8,16.315398796523095,0,1,1,99.72721419815396
Tuensang,2023-10-19 02:15:00,temp,16.5,16.624694574095418,0,1,1,99.72721419815396
Tuensang,2023-10-20 02:30:00,temp,16.2,16.545484422354978,0,1,1,99.72721419815396
Tuensang,2023-10-21 02:15:00,temp,16.0,16.326292860769037,0,1,1,99.72721419815396
Tuensang,2023-10-22 02:15:00,temp,15.3,16.117893456591755,0,1,1,99.72721419815396
Tuensang,2023-10-23 02:15:00,temp,16.2,15.586624678272592,0,1,1,99.72721419815396
Tuensang,2023-10-24 02:15:00,temp,17.6,15.979824581112256,0,1,1,99.72721419815396
Tuensang,2023-10-25 02:15:00,temp,17.3,17.023150473869556,0,1,1,99.72721419815396
Tuensang,2023-10-26 02:00:00,temp,16.7,17.212729264002423,0,1,1,99.72721419815396
Tuensang,2023-10-27 02:15:00,temp,16.1,16.878657978471814,0,1,1,99.72721419815396
Tuensang,2023-10-28 02:00:00,temp,14.0,16.373407542163886,0,1,1,99.72721419815396
Tuensang,2023-10-29 02:30:00,temp,14.4,14.655417157986056,0,1,1,99.72721419815396
Tuensang,2023-10-30 01:45:00,temp,15.3,14.45519401588567,0,1,1,99.72721419815396
Tumkur,2023-10-15 02:30:00,temp,20.6,18.795741866051443,2,0,2,110.35323038816311
Tumkur,2023-10-16 02:30:00,temp,20.5,20.79796750589252,2,0,2,110.35323038816311
Tumkur,2023-10-17 02:30:00,temp,21.4,20.450197999755723,2,0,2,110.35323038816311
Tumkur,2023-10-18 02:30:00,temp,20.3,21.24842937976935,2,0,2,110.35323038816311
Tumkur,2023-10-19 02:15:00,temp,21.2,20.20018557665667,2,0,2,110.35323038816311
Tumkur,2023-10-20 02:30:00,temp,19.9,20.763298712279244,2,0,2,110.35323038816311
Tumkur,2023-10-21 02:15:00,temp,21.7,19.995903545387723,2,0,2,110.35323038816311
Tumkur,2023-10-22 02:15:00,temp,20.2,21.17035510558533,2,0,2,110.35323038816311
Tumkur,2023-10-23 02:15:00,temp,19.7,20.666219647425258,2,0,2,110.35323038816311
Tumkur,2023-10-24 02:15:00,temp,19.0,19.90606481859099,2,0,2,110.35323038816311
Tumkur,2023-10-25 02:15:00,temp,19.0,19.527249315648586,2,0,2,110.35323038816311
Tumkur,2023-10-26 02:00:00,temp,18.9,19.374869715006184,2,0,2,110.35323038816311
Tumkur,2023-10-27 02:15:00,temp,18.8,19.403477064156974,2,0,2,110.35323038816311
Tumkur,2023-10-28 02:00:00,temp,21.9,19.461771015428564,2,0,2,110.35323038816311
Tumkur,2023-10-29 02:45:00,temp,20.5,21.399067597888056,2,0,2,110.35323038816311
Tumkur,2023-10-30 02:00:00,temp,20.0,21.424597986609175,2,0,2,110.35323038816311
Udaipur,2023-10-16 02:30:00,temp,21.3,24.77758096271405,2,1,1,353.50071294662087
Udaipur,2023-10-16 02:30:00,temp,25.5,23.173580745247868,2,1,1,353.50071294662087
Udaipur,2023-10-17 02:15:00,temp,21.1,23.046671968336806,2,1,1,353.50071294662087
Udaipur,2023-10-17 02:30:00,temp,22.1,24.492811309388255,2,1,1,353.50071294662087
Udaipur,2023-10-18 02:15:00,temp,21.8,22.541988750963487,2,1,1,353.50071294662087
Udaipur,2023-10-18 02:30:00,temp,22.4,22.838778273894253,2,1,1,353.50071294662087
Udaipur,2023-10-19 02:15:00,temp,21.4,22.693523755773864,2,1,1,353.50071294662087
Udaipur,2023-10-19 02:30:00,temp,22.0,22.76755299338246,2,1,1,353.50071294662087
Udaipur,2023-10-20 02:30:00,temp,21.2,22.305640651611558,2,1,1,353.50071294662087
Udaipur,2023-10-20 02:30:00,temp,22.3,22.396071146312742,2,1,1,353.50071294662087
Udaipur,2023-10-21 02:15:00,temp,20.6,22.10167545643634,2,1,1,353.50071294662087
Udaipur,2023-10-21 02:15:00,temp,23.6,22.321286344015096,2,1,1,353.50071294662087
Udaipur,2023-10-22 02:15:00,temp,19.2,21.860553772278003,2,1,1,353.50071294662087
Udaipur,2023-10-22 02:30:00,temp,23.8,22.732524506319862,2,1,1,353.50071294662087
Udaipur,2023-10-23 02:00:00,temp,18.3,21.02764353706072,2,1,1,353.50071294662087
Udaipur,2023-10-23 02:15:00,temp,23.5,22.7626441731006,2,1,1,353.50071294662087
Udaipur,2023-10-24 02:15:00,temp,18.4,20.285255709848084,2,1,1,353.50071294662087
Udaipur,2023-10-24 02:15:00,temp,22.1,22.58878578376065,2,1,1,353.50071294662087
Udaipur,2023-10-25 02:15:00,temp,20.2,20.030260542775775,2,1,1,353.50071294662087
Udaipur,2023-10-25 02:30:00,temp,22.7,21.822847684526707,2,1,1,353.50071294662087
Udaipur,2023-10-26 02:00:00,temp,19.4,20.968012087166194,2,1,1,353.50071294662087
Udaipur,2023-10-26 02:00:00,temp,22.2,22.069865961811345,2,1,1,353.50071294662087
Udaipur,2023-10-27 02:15:00,temp,18.3,20.427413921062282,2,1,1,353.50071294662087
Udaipur,2023-10-27 02:15:00,temp,22.0,21.67273612495083,2,1,1,353.50071294662087
Udaipur,2023-10-28 02:00:00,temp,17.9,19.66919894216594,2,1,1,353.50071294662087
Udaipur,2023-10-28 02:00:00,temp,23.3,21.452356698057066,2,1,1,353.50071294662087
Udaipur,2023-10-29 02:30:00,temp,17.6,19.323919245520806,2,1,1,353.50071294662087
Udaipur,2023-10-29 02:45:00,temp,24.7,22.22897152478724,2,1,1,353.50071294662087
Udaipur,2023-10-30 01:45:00,temp,18.4,18.98301444926981,2,1,1,353.50071294662087
Udaipur,2023-10-30 02:00:00,temp,23.9,23.21685445292468,2,1,1,353.50071294662087
Udalguri,2023-10-15 02:30:00,temp,21.5,21.7,0,1,0,98.72390872232249
Udalguri,2023-10-16 02:30:00,temp,21.7,21.5,0,1,0,98.72390872232249
Udalguri,2023-10-17 02:15:00,temp,21.5,21.7,0,1,0,98.72390872232249
Udalguri,2023-10-18 02:30:00,temp,21.4,21.5,0,1,0,98.72390872232249
Udalguri,2023-10-19 02:15:00,temp,20.9,21.4,0,1,0,98.72390872232249
Udalguri,2023-10-20 02:30:00,temp,20.8,20.9,0,1,0,98.72390872232249
Udalguri,2023-10-21 02:15:00,temp,20.8,20.8,0,1,0,98.72390872232249
Udalguri,2023-10-22 02:15:00,temp,20.0,20.8,0,1,0,98.72390872232249
Udalguri,2023-10-23 02:15:00,temp,19.5,20.0,0,1,0,98.72390872232249
Udalguri,2023-10-24 02:15:00,temp,20.9,19.5,0,1,0,98.72390872232249
Udalguri,2023-10-25 02:15:00,temp,20.1,20.9,0,1,0,98.72390872232249
Udalguri,2023-10-26 02:00:00,temp,20.5,20.1,0,1,0,98.72390872232249
Udalguri,2023-10-27 02:15:00,temp,20.6,20.5,0,1,0,98.72390872232249
Udalguri,2023-10-28 02:00:00,temp,20.2,20.6,0,1,0,98.72390872232249
Udalguri,2023-10-29 02:30:00,temp,20.2,20.2,0,1,0,98.72390872232249
Udalguri,2023-10-30 01:45:00,temp,20.7,20.2,0,1,0,98.72390872232249
Udhampur,2023-10-15 02:30:00,temp,20.7,21.3,0,1,0,140.74745087671218
Udhampur,2023-10-16 02:30:00,temp,21.3,20.7,0,1,0,140.74745087671218
Udhampur,2023-10-17 02:15:00,temp,17.6,21.3,0,1,0,140.74745087671218
Udhampur,2023-10-18 02:15:00,temp,16.5,17.6,0,1,0,140.74745087671218
Udhampur,2023-10-19 02:15:00,temp,16.7,16.5,0,1,0,140.74745087671218
Udhampur,2023-10-20 02:15:00,temp,17.4,16.7,0,1,0,140.74745087671218
Udhampur,2023-10-21 02:15:00,temp,18.0,17.4,0,1,0,140.74745087671218
Udhampur,2023-10-22 02:15:00,temp,19.0,18.0,0,1,0,140.74745087671218
Udhampur,2023-10-23 02:00:00,temp,18.2,19.0,0,1,0,140.74745087671218
Udhampur,2023-10-24 02:15:00,temp,18.2,18.2,0,1,0,140.74745087671218
Udhampur,2023-10-25 02:15:00,temp,18.4,18.2,0,1,0,140.74745087671218
Udhampur,2023-10-26 02:00:00,temp,18.6,18.4,0,1,0,140.74745087671218
Udhampur,2023-10-27 02:15:00,temp,18.3,18.6,0,1,0,140.74745087671218
Udhampur,2023-10-28 02:00:00,temp,18.8,18.3,0,1,0,140.74745087671218
Udhampur,2023-10-29 02:30:00,temp,18.9,18.8,0,1,0,140.74745087671218
Udhampur,2023-10-30 01:45:00,temp,19.6,18.9,0,1,0,140.74745087671218
Udupi,2023-10-15 02:30:00,temp,26.0,25.776141432656487,0,1,1,114.10969754814258
Udupi,2023-10-16 02:30:00,temp,24.7,25.8510688856902,0,1,1,114.10969754814258
Udupi,2023-10-17 02:30:00,temp,24.0,25.50237142899019,0,1,1,114.10969754814258
Udupi,2023-10-18 02:30:00,temp,25.0,25.066690612564322,0,1,1,114.10969754814258
Udupi,2023-10-19 02:15:00,temp,27.0,25.04488786592977,0,1,1,114.10969754814258
Udupi,2023-10-20 02:30:00,temp,26.0,25.568628908011924,0,1,1,114.10969754814258
Udupi,2023-10-21 02:15:00,temp,26.0,25.682859858249802,0,1,1,114.10969754814258
Udupi,2023-10-22 02:15:00,temp,24.0,25.7701069180012,0,1,1,114.10969754814258
Udupi,2023-10-23 02:15:00,temp,25.0,25.33804401645295,0,1,1,114.10969754814258
Udupi,2023-10-24 02:15:00,temp,27.0,25.258505359260155,0,1,1,114.10969754814258
Udupi,2023-10-25 02:15:00,temp,27.0,25.63903654037746,0,1,1,114.10969754814258
Udupi,2023-10-26 02:00:00,temp,27.0,25.965033506110796,0,1,1,114.10969754814258
Udupi,2023-10-27 02:15:00,temp,26.0,26.281238154129237,0,1,1,114.10969754814258
Udupi,2023-10-28 02:00:00,temp,23.5,26.19163823874338,0,1,1,114.10969754814258
Udupi,2023-10-29 02:45:00,temp,27.0,25.58371278917885,0,1,1,114.10969754814258
Udupi,2023-10-30 02:00:00,temp,23.0,25.849498662660505,0,1,1,114.10969754814258
Ujjain,2023-10-15 02:30:00,temp,22.6,21.710481940175658,0,1,1,126.79577027207226
Ujjain,2023-10-16 02:30:00,temp,24.2,22.29507559019347,0,1,1,126.79577027207226
Ujjain,2023-10-17 02:15:00,temp,21.9,23.607648649196474,0,1,1,126.79577027207226
Ujjain,2023-10-18 02:15:00,temp,21.3,22.521021640389012,0,1,1,126.79577027207226
Ujjain,2023-10-19 02:15:00,temp,22.1,21.787176035497463,0,1,1,126.79577027207226
Ujjain,2023-10-20 02:15:00,temp,21.8,21.977465983525313,0,1,1,126.79577027207226
Ujjain,2023-10-21 02:00:00,temp,22.0,21.872788989538698,0,1,1,126.79577027207226
Ujjain,2023-10-22 02:15:00,temp,21.9,21.947740389536268,0,1,1,126.79577027207226
Ujjain,2023-10-23 02:00:00,temp,23.0,21.919672459328087,0,1,1,126.79577027207226
Ujjain,2023-10-24 02:00:00,temp,21.0,22.55363048361766,0,1,1,126.79577027207226
Ujjain,2023-10-25 02:15:00,temp,20.1,21.681552501039775,0,1,1,126.79577027207226
Ujjain,2023-10-26 02:00:00,temp,20.0,20.732521759291792,0,1,1,126.79577027207226
Ujjain,2023-10-27 02:15:00,temp,19.7,20.253849428013876,0,1,1,126.79577027207226
Ujjain,2023-10-28 02:00:00,temp,19.0,19.89340434972405,0,1,1,126.79577027207226
Ujjain,2023-10-29 02:30:00,temp,18.0,19.303587328144626,0,1,1,126.79577027207226
Ujjain,2023-10-30 01:45:00,temp,20.5,18.405405955617173,0,1,1,126.79577027207226
Ukhrul,2023-10-15 02:30:00,temp,13.0,14.234952805495235,0,1,1,116.30308723449245
Ukhrul,2023-10-16 02:30:00,temp,13.8,13.43968854656752,0,1,1,116.30308723449245
Ukhrul,2023-10-17 02:15:00,temp,11.6,13.669622829464679,0,1,1,116.30308723449245
Ukhrul,2023-10-18 02:30:00,temp,11.8,12.376280902592889,0,1,1,116.30308723449245
Ukhrul,2023-10-19 02:15:00,temp,12.3,11.984101326203932,0,1,1,116.30308723449245
Ukhrul,2023-10-20 02:30:00,temp,12.3,12.190182752628278,0,1,1,116.30308723449245
Ukhrul,2023-10-21 02:15:00,temp,12.2,12.260485049991619,0,1,1,116.30308723449245
Ukhrul,2023-10-22 02:15:00,temp,12.8,12.221788266746298,0,1,1,116.30308723449245
Ukhrul,2023-10-23 02:15:00,temp,13.9,12.591362976004929,0,1,1,116.30308723449245
Ukhrul,2023-10-24 02:15:00,temp,14.6,13.450727856504496,0,1,1,116.30308723449245
Ukhrul,2023-10-25 02:15:00,temp,13.9,14.258842860607018,0,1,1,116.30308723449245
Ukhrul,2023-10-26 02:00:00,temp,15.1,14.009855936835608,0,1,1,116.30308723449245
Ukhrul,2023-10-27 02:15:00,temp,12.9,14.752844237549928,0,1,1,116.30308723449245
Ukhrul,2023-10-28 02:00:00,temp,11.8,13.545125339853632,0,1,1,116.30308723449245
Ukhrul,2023-10-29 02:30:00,temp,12.0,12.319708322230337,0,1,1,116.30308723449245
Ukhrul,2023-10-30 01:45:00,temp,12.2,12.08714195088942,0,1,1,116.30308723449245
Umaria,2023-10-15 02:30:00,temp,21.5,21.011790254555475,1,1,1,128.96684343045416
Umaria,2023-10-16 02:30:00,temp,20.7,21.416235287964277,1,1,1,128.96684343045416
Umaria,2023-10-17 02:15:00,temp,20.1,20.87196795396847,1,1,1,128.96684343045416
Umaria,2023-10-18 02:15:00,temp,19.5,20.426501755319777,1,1,1,128.96684343045416
Umaria,2023-10-19 02:15:00,temp,19.6,19.93684072456075,1,1,1,128.96684343045416
Umaria,2023-10-20 02:15:00,temp,18.3,19.935065407019735,1,1,1,128.96684343045416
Umaria,2023-10-21 02:00:00,temp,18.2,18.5951259090492,1,1,1,128.96684343045416
Umaria,2023-10-22 02:15:00,temp,17.3,18.16330419313458,1,1,1,128.96684343045416
Umaria,2023-10-23 02:00:00,temp,15.5,17.502124288771668,1,1,1,128.96684343045416
Umaria,2023-10-24 02:15:00,temp,15.6,15.768106453696923,1,1,1,128.96684343045416
Umaria,2023-10-25 02:15:00,temp,16.4,15.5090374311709,1,1,1,128.96684343045416
Umaria,2023-10-26 02:00:00,temp,16.2,16.28464550395285,1,1,1,128.96684343045416
Umaria,2023-10-27 02:15:00,temp,16.0,16.25995505635607,1,1,1,128.96684343045416
Umaria,2023-10-28 02:00:00,temp,16.0,16.02082574532591,1,1,1,128.96684343045416
Umaria,2023-10-29 02:30:00,temp,16.2,15.995519135500972,1,1,1,128.96684343045416
Umaria,2023-10-30 01:45:00,temp,16.5,16.167499617864046,1,1,1,128.96684343045416
Una,2023-10-15 02:30:00,temp,25.5,24.997138774919225,0,1,2,99.33944559287761
Una,2023-10-16 02:30:00,temp,24.4,25.205908512463544,0,1,2,99.33944559287761
Una,2023-10-17 02:15:00,temp,24.8,24.03535490759483,0,1,2,99.33944559287761
Una,2023-10-18 02:15:00,temp,25.4,25.286806201796132,0,1,2,99.33944559287761
Una,2023-10-19 02:15:00,temp,25.9,24.998546310877032,0,1,2,99.33944559287761
Una,2023-10-20 02:15:00,temp,25.1,25.931675456463747,0,1,2,99.33944559287761
Una,2023-10-21 02:00:00,temp,25.7,24.614814794933938,0,1,2,99.33944559287761
Una,2023-10-22 02:15:00,temp,25.9,26.073047589986192,0,1,2,99.33944559287761
Una,2023-10-23 02:00:00,temp,26.1,25.44953757459686,0,1,2,99.33944559287761
Una,2023-10-24 02:15:00,temp,26.1,26.16648507110437,0,1,2,99.33944559287761
Una,2023-10-25 02:15:00,temp,25.8,25.844642139870878,0,1,2,99.33944559287761
Una,2023-10-26 02:00:00,temp,25.8,25.826492694927985,0,1,2,99.33944559287761
Una,2023-10-27 02:15:00,temp,25.0,25.817491243517686,0,1,2,99.33944559287761
Una,2023-10-28 02:00:00,temp,24.8,24.99603797071749,0,1,2,99.33944559287761
Una,2023-10-29 02:30:00,temp,24.8,25.148936965528968,0,1,2,99.33944559287761
Una,2023-10-30 01:45:00,temp,25.1,24.87130998529488,0,1,2,99.33944559287761
Unnao,2023-10-15 02:30:00,temp,23.0,23.46812628418271,1,1,1,138.53581416454938
Unnao,2023-10-16 02:30:00,temp,23.0,23.366883697779148,1,1,1,138.53581416454938
Unnao,2023-10-17 02:30:00,temp,20.0,23.2878406361547,1,1,1,138.53581416454938
Unnao,2023-10-18 02:30:00,temp,20.0,20.816051991387965,1,1,1,138.53581416454938
Unnao,2023-10-19 02:30:00,temp,21.0,20.513153557195796,1,1,1,138.53581416454938
Unnao,2023-10-20 02:30:00,temp,19.0,21.20532326126244,1,1,1,138.53581416454938
Unnao,2023-10-21 02:15:00,temp,18.0,19.476605560684224,1,1,1,138.53581416454938
Unnao,2023-10-22 02:30:00,temp,18.0,18.413280451819563,1,1,1,138.53581416454938
Unnao,2023-10-23 02:15:00,temp,20.0,18.231044631195946,1,1,1,138.53581416454938
Unnao,2023-10-24 02:15:00,temp,19.0,19.840695246454263,1,1,1,138.53581416454938
Unnao,2023-10-25 02:30:00,temp,19.0,19.068850684865,1,1,1,138.53581416454938
Unnao,2023-10-26 02:00:00,temp,22.0,19.043349420040357,1,1,1,138.53581416454938
Unnao,2023-10-27 02:30:00,temp,19.0,21.43130748214707,1,1,1,138.53581416454938
Unnao,2023-10-28 02:00:00,temp,19.0,19.347946091061623,1,1,1,138.53581416454938
Unnao,2023-10-29 02:45:00,temp,22.6,19.20888644307176,1,1,1,138.53581416454938
Unnao,2023-10-30 02:00:00,temp,19.0,21.643107964769563,1,1,1,138.53581416454938
Upper Tirupati,2023-10-15 02:30:00,temp,24.9,23.690964623796695,0,1,1,149.63156154281265
Upper Tirupati,2023-10-16 02:30:00,temp,23.7,24.21404329061996,0,1,1,149.63156154281265
Upper Tirupati,2023-10-17 02:15:00,temp,23.2,24.039941924007472,0,1,1,149.63156154281265
Upper Tirupati,2023-10-18 02:30:00,temp,23.0,23.752056279765867,0,1,1,149.63156154281265
Upper Tirupati,2023-10-19 02:15:00,temp,22.1,23.48457448898717,0,1,1,149.63156154281265
Upper Tirupati,2023-10-20 02:30:00,temp,22.5,22.965106263671327,0,1,1,149.63156154281265
Upper Tirupati,2023-10-21 02:15:00,temp,23.0,22.780995580653506,0,1,1,149.63156154281265
Upper Tirupati,2023-10-22 02:15:00,temp,22.3,22.86507866912303,0,1,1,149.63156154281265
Upper Tirupati,2023-10-23 02:15:00,temp,22.2,22.65474710023696,0,1,1,149.63156154281265
Upper Tirupati,2023-10-24 02:15:00,temp,21.4,22.482996948478633,0,1,1,149.63156154281265
Upper Tirupati,2023-10-25 02:15:00,temp,21.7,22.06373026971156,0,1,1,149.63156154281265
Upper Tirupati,2023-10-26 02:00:00,temp,22.0,21.918415897622815,0,1,1,149.63156154281265
Upper Tirupati,2023-10-27 02:15:00,temp,21.8,21.950728213619875,0,1,1,149.63156154281265
Upper Tirupati,2023-10-28 02:00:00,temp,22.4,21.89230497629106,0,1,1,149.63156154281265
Upper Tirupati,2023-10-29 02:30:00,temp,22.8,22.08759057310767,0,1,1,149.63156154281265
Upper Tirupati,2023-10-30 01:45:00,temp,22.6,22.36050901187256,0,1,1,149.63156154281265
Uttarkashi,2023-10-15 02:30:00,temp,-6.9,-3.3743544718353164,0,1,1,191.16943057071347
Uttarkashi,2023-10-16 02:30:00,temp,-8.0,-5.72466199858555,0,1,1,191.16943057071347
Uttarkashi,2023-10-17 02:30:00,temp,-5.4,-7.428337524064478,0,1,1,191.16943057071347
Uttarkashi,2023-10-18 02:30:00,temp,-8.0,-6.030865069294682,0,1,1,191.16943057071347
Uttarkashi,2023-10-19 02:15:00,temp,-8.7,-7.319416143382316,0,1,1,191.16943057071347
Uttarkashi,2023-10-20 02:30:00,temp,-10.9,-8.250399684061307,0,1,1,191.16943057071347
Uttarkashi,2023-10-21 02:15:00,temp,-10.2,-10.11847569265165,0,1,1,191.16943057071347
Uttarkashi,2023-10-22 02:15:00,temp,-7.7,-10.176793111645242,0,1,1,191.16943057071347
Uttarkashi,2023-10-23 02:15:00,temp,-8.8,-8.477405345720559,0,1,1,191.16943057071347
Uttarkashi,2023-10-24 02:15:00,temp,-9.8,-8.699483607955644,0,1,1,191.16943057071347
Uttarkashi,2023-10-25 02:15:00,temp,-7.9,-9.445141665316768,0,1,1,191.16943057071347
Uttarkashi,2023-10-26 02:00:00,temp,-10.3,-8.409374552555448,0,1,1,191.16943057071347
Uttarkashi,2023-10-27 02:15:00,temp,-5.4,-9.654881659038239,0,1,1,191.16943057071347
Uttarkashi,2023-10-28 02:00:00,temp,-5.9,-6.972160254634797,0,1,1,191.16943057071347
Uttarkashi,2023-10-29 02:30:00,temp,-6.6,-6.2584754787676085,0,1,1,191.16943057071347
Uttarkashi,2023-10-30 01:45:00,temp,-3.9,-6.480347840098291,0,1,1,191.16943057071347
Vadodara,2023-10-15 02:30:00,temp,30.2,28.35592103826007,0,0,2,119.2956089877269
Vadodara,2023-10-16 02:30:00,temp,27.8,29.235697341637433,0,0,2,119.2956089877269
Vadodara,2023-10-17 02:15:00,temp,28.8,27.04723572346175,0,0,2,119.2956089877269
Vadodara,2023-10-18 02:15:00,temp,28.1,27.884885413652984,0,0,2,119.2956089877269
Vadodara,2023-10-19 02:15:00,temp,27.7,28.281451388797105,0,0,2,119.2956089877269
Vadodara,2023-10-20 02:30:00,temp,27.0,26.901860070204897,0,0,2,119.2956089877269
Vadodara,2023-10-21 02:15:00,temp,27.9,27.038678675141163,0,0,2,119.2956089877269
Vadodara,2023-10-22 02:15:00,temp,27.7,28.011622623132833,0,0,2,119.2956089877269
Vadodara,2023-10-23 02:00:00,temp,28.2,27.45601292889093,0,0,2,119.2956089877269
Vadodara,2023-10-24 02:15:00,temp,27.2,27.72371180818789,0,0,2,119.2956089877269
Vadodara,2023-10-25 02:15:00,temp,27.0,27.25229723565871,0,0,2,119.2956089877269
Vadodara,2023-10-26 02:00:00,temp,27.4,26.82296869727948,0,0,2,119.2956089877269
Vadodara,2023-10-27 02:15:00,temp,26.8,27.611719350801703,0,0,2,119.2956089877269
Vadodara,2023-10-28 02:00:00,temp,25.8,26.942753708114612,0,0,2,119.2956089877269
Vadodara,2023-10-29 02:30:00,temp,26.7,25.968593534930772,0,0,2,119.2956089877269
Vadodara,2023-10-30 01:45:00,temp,26.9,27.268404566988526,0,0,2,119.2956089877269
Valsad,2023-10-15 02:30:00,temp,25.9,26.077066799169515,2,0,1,91.42923911829847
Valsad,2023-10-16 02:30:00,temp,25.4,25.914164329220956,2,0,1,91.42923911829847
Valsad,2023-10-17 02:15:00,temp,26.2,25.47216052476063,2,0,1,91.42923911829847
Valsad,2023-10-18 02:15:00,temp,25.4,25.854546781066645,2,0,1,91.42923911829847
Valsad,2023-10-19 02:15:00,temp,24.7,25.350298097829516,2,0,1,91.42923911829847
Valsad,2023-10-20 02:30:00,temp,24.3,24.881237686786058,2,0,1,91.42923911829847
Valsad,2023-10-21 02:15:00,temp,25.9,24.61456258572291,2,0,1,91.42923911829847
Valsad,2023-10-22 02:15:00,temp,26.7,25.739034466100744,2,0,1,91.42923911829847
Valsad,2023-10-23 02:00:00,temp,25.1,26.253045179042335,2,0,1,91.42923911829847
Valsad,2023-10-24 02:15:00,temp,26.6,25.085335893701124,2,0,1,91.42923911829847
Valsad,2023-10-25 02:15:00,temp,24.5,26.027508048982433,2,0,1,91.42923911829847
Valsad,2023-10-26 02:00:00,temp,24.0,25.00228787863194,2,0,1,91.42923911829847
Valsad,2023-10-27 02:15:00,temp,23.8,24.47708824639487,2,0,1,91.42923911829847
Valsad,2023-10-28 02:00:00,temp,22.7,24.356509304609467,2,0,1,91.42923911829847
Valsad,2023-10-29 02:30:00,temp,23.1,23.559133400230873,2,0,1,91.42923911829847
Valsad,2023-10-30 01:45:00,temp,23.6,23.713661639014777,2,0,1,91.42923911829847
Varanasi,2023-10-15 02:30:00,temp,23.0,22.4,0,1,0,134.81367543323236
Varanasi,2023-10-16 02:30:00,temp,23.6,23.0,0,1,0,134.81367543323236
Varanasi,2023-10-17 02:30:00,temp,22.8,23.6,0,1,0,134.81367543323236
Varanasi,2023-10-18 02:30:00,temp,21.7,22.8,0,1,0,134.81367543323236
Varanasi,2023-10-19 02:30:00,temp,21.4,21.7,0,1,0,134.81367543323236
Varanasi,2023-10-20 02:30:00,temp,20.9,21.4,0,1,0,134.81367543323236
Varanasi,2023-10-21 02:15:00,temp,20.7,20.9,0,1,0,134.81367543323236
Varanasi,2023-10-22 02:30:00,temp,20.0,20.7,0,1,0,134.81367543323236
Varanasi,2023-10-23 02:15:00,temp,19.8,20.0,0,1,0,134.81367543323236
Varanasi,2023-10-24 02:15:00,temp,20.0,19.8,0,1,0,134.81367543323236
Varanasi,2023-10-25 02:30:00,temp,20.5,20.0,0,1,0,134.81367543323236
Varanasi,2023-10-26 02:00:00,temp,20.6,20.5,0,1,0,134.81367543323236
Varanasi,2023-10-27 02:30:00,temp,20.7,20.6,0,1,0,134.81367543323236
Varanasi,2023-10-28 02:00:00,temp,20.2,20.7,0,1,0,134.81367543323236
Varanasi,2023-10-29 02:45:00,temp,20.3,20.2,0,1,0,134.81367543323236
Varanasi,2023-10-30 02:00:00,temp,20.6,20.3,0,1,0,134.81367543323236
Vellore,2023-10-15 02:30:00,temp,22.0,21.45982809267397,0,1,1,143.01088562273605
Vellore,2023-10-16 02:30:00,temp,22.4,21.726040637749662,0,1,1,143.01088562273605
Vellore,2023-10-17 02:30:00,temp,21.6,22.0271066957201,0,1,1,143.01088562273605
Vellore,2023-10-18 02:30:00,temp,21.1,21.83957640137887,0,1,1,143.01088562273605
Vellore,2023-10-19 02:30:00,temp,20.5,21.511799962415218,0,1,1,143.01088562273605
Vellore,2023-10-20 02:30:00,temp,20.7,21.045656653774316,0,1,1,143.01088562273605
Vellore,2023-10-21 02:15:00,temp,21.0,20.881033698903664,0,1,1,143.01088562273605
Vellore,2023-10-22 02:30:00,temp,21.4,20.936890475249758,0,1,1,143.01088562273605
Vellore,2023-10-23 02:15:00,temp,21.5,21.148913173951392,0,1,1,143.01088562273605
Vellore,2023-10-24 02:15:00,temp,20.1,21.309253979442143,0,1,1,143.01088562273605
Vellore,2023-10-25 02:30:00,temp,20.6,20.76395344576797,0,1,1,143.01088562273605
Vellore,2023-10-26 02:00:00,temp,20.5,20.689018218864305,0,1,1,143.01088562273605
Vellore,2023-10-27 02:30:00,temp,20.7,20.602895982923457,0,1,1,143.01088562273605
Vellore,2023-10-28 02:00:00,temp,21.1,20.647048767475262,0,1,1,143.01088562273605
Vellore,2023-10-29 02:45:00,temp,21.5,20.851253470652853,0,1,1,143.01088562273605
Vellore,2023-10-30 02:00:00,temp,21.3,21.145714631574926,0,1,1,143.01088562273605
Vidisha,2023-10-15 02:30:00,temp,25.0,23.704057692256495,1,1,1,131.84008841241618
Vidisha,2023-10-16 02:30:00,temp,23.9,24.535047052420534,1,1,1,131.84008841241618
Vidisha,2023-10-17 02:15:00,temp,20.5,23.743070165345205,1,1,1,131.84008841241618
Vidisha,2023-10-18 02:15:00,temp,23.0,21.3250420292028,1,1,1,131.84008841241618
Vidisha,2023-10-19 02:15:00,temp,22.1,22.996402151178994,1,1,1,131.84008841241618
Vidisha,2023-10-20 02:15:00,temp,21.3,22.406629445185466,1,1,1,131.84008841241618
Vidisha,2023-10-21 02:00:00,temp,20.8,21.853437894678496,1,1,1,131.84008841241618
Vidisha,2023-10-22 02:15:00,temp,21.4,21.449180283627758,1,1,1,131.84008841241618
Vidisha,2023-10-23 02:00:00,temp,20.3,21.791078326833627,1,1,1,131.84008841241618
Vidisha,2023-10-24 02:15:00,temp,19.8,20.976951963438054,1,1,1,131.84008841241618
Vidisha,2023-10-25 02:15:00,temp,19.5,20.502718429916293,1,1,1,131.84008841241618
Vidisha,2023-10-26 02:00:00,temp,19.9,20.15094386828447,1,1,1,131.84008841241618
Vidisha,2023-10-27 02:15:00,temp,19.5,20.352982274461354,1,1,1,131.84008841241618
Vidisha,2023-10-28 02:00:00,temp,18.8,19.96033185132916,1,1,1,131.84008841241618
Vidisha,2023-10-29 02:30:00,temp,19.1,19.30398076910984,1,1,1,131.84008841241618
Vidisha,2023-10-30 01:45:00,temp,20.0,19.436043920731034,1,1,1,131.84008841241618
Vikarabad,2023-10-15 02:30:00,temp,25.0,23.784871407196505,2,0,2,120.53867729614322
Vikarabad,2023-10-16 02:30:00,temp,23.0,23.852774641579074,2,0,2,120.53867729614322
Vikarabad,2023-10-17 02:30:00,temp,23.0,23.255679658408205,2,0,2,120.53867729614322
Vikarabad,2023-10-18 02:30:00,temp,22.0,22.710804350009823,2,0,2,120.53867729614322
Vikarabad,2023-10-19 02:30:00,temp,22.0,22.722427038847265,2,0,2,120.53867729614322
Vikarabad,2023-10-20 02:30:00,temp,22.0,23.330114088961015,2,0,2,120.53867729614322
Vikarabad,2023-10-21 02:30:00,temp,22.0,23.784750978369818,2,0,2,120.53867729614322
Vikarabad,2023-10-22 02:30:00,temp,24.0,23.840474581897382,2,0,2,120.53867729614322
Vikarabad,2023-10-23 02:15:00,temp,21.0,23.587362240221843,2,0,2,120.53867729614322
Vikarabad,2023-10-24 02:15:00,temp,19.0,23.33310782624271,2,0,2,120.53867729614322
Vikarabad,2023-10-25 02:30:00,temp,21.0,22.142619716819087,2,0,2,120.53867729614322
Vikarabad,2023-10-26 02:00:00,temp,20.0,24.033868672588106,2,0,2,120.53867729614322
Vikarabad,2023-10-27 02:30:00,temp,19.0,21.17692487711383,2,0,2,120.53867729614322
Vikarabad,2023-10-28 02:00:00,temp,21.0,20.65735519339668,2,0,2,120.53867729614322
Vikarabad,2023-10-29 02:45:00,temp,22.0,20.88005518762402,2,0,2,120.53867729614322
Vikarabad,2023-10-30 02:00:00,temp,20.7,21.450952602214684,2,0,2,120.53867729614322
Visakhapatnam,2023-10-15 02:30:00,temp,25.7,26.230272102803138,1,1,1,82.39658725994599
Visakhapatnam,2023-10-16 02:30:00,temp,25.8,26.044074961228738,1,1,1,82.39658725994599
Visakhapatnam,2023-10-17 02:15:00,temp,25.4,26.04308477287642,1,1,1,82.39658725994599
Visakhapatnam,2023-10-18 02:15:00,temp,25.1,25.728640767267397,1,1,1,82.39658725994599
Visakhapatnam,2023-10-19 02:15:00,temp,24.8,25.442243738941237,1,1,1,82.39658725994599
Visakhapatnam,2023-10-20 02:30:00,temp,25.1,25.133008028567662,1,1,1,82.39658725994599
Visakhapatnam,2023-10-21 02:15:00,temp,24.5,25.263311624497625,1,1,1,82.39658725994599
Visakhapatnam,2023-10-22 02:15:00,temp,24.0,24.78138476204067,1,1,1,82.39658725994599
Visakhapatnam,2023-10-23 02:00:00,temp,24.0,24.3133387264147,1,1,1,82.39658725994599
Visakhapatnam,2023-10-24 02:15:00,temp,24.7,24.204591415541795,1,1,1,82.39658725994599
Visakhapatnam,2023-10-25 02:15:00,temp,24.8,24.671405373481146,1,1,1,82.39658725994599
Visakhapatnam,2023-10-26 02:00:00,temp,25.8,24.755599966134685,1,1,1,82.39658725994599
Visakhapatnam,2023-10-27 02:15:00,temp,25.4,25.529236133397482,1,1,1,82.39658725994599
Visakhapatnam,2023-10-28 02:00:00,temp,25.2,25.28779976964558,1,1,1,82.39658725994599
Visakhapatnam,2023-10-29 02:30:00,temp,24.8,25.16653354002792,1,1,1,82.39658725994599
Visakhapatnam,2023-10-30 01:45:00,temp,24.8,24.885571963737135,1,1,1,82.39658725994599
Vizianagaram,2023-10-15 02:30:00,temp,23.7,24.289574081293583,0,1,1,94.20577223067065
Vizianagaram,2023-10-16 02:30:00,temp,23.6,23.86154072728262,0,1,1,94.20577223067065
Vizianagaram,2023-10-17 02:15:00,temp,23.4,23.667439832357523,0,1,1,94.20577223067065
Vizianagaram,2023-10-18 02:30:00,temp,23.5,23.468480168789668,0,1,1,94.20577223067065
Vizianagaram,2023-10-19 02:15:00,temp,23.5,23.491895217877623,0,1,1,94.20577223067065
Vizianagaram,2023-10-20 02:30:00,temp,23.3,23.497896268005398,0,1,1,94.20577223067065
Vizianagaram,2023-10-21 02:15:00,temp,23.0,23.351445044388935,0,1,1,94.20577223067065
Vizianagaram,2023-10-22 02:15:00,temp,22.6,23.089725249073002,0,1,1,94.20577223067065
Vizianagaram,2023-10-23 02:00:00,temp,22.2,22.71872754705709,0,1,1,94.20577223067065
Vizianagaram,2023-10-24 02:15:00,temp,22.3,22.316352240349342,0,1,1,94.20577223067065
Vizianagaram,2023-10-25 02:15:00,temp,22.9,22.30366174294585,0,1,1,94.20577223067065
Vizianagaram,2023-10-26 02:00:00,temp,24.5,22.761091591273985,0,1,1,94.20577223067065
Vizianagaram,2023-10-27 02:15:00,temp,23.9,24.19364312944993,0,1,1,94.20577223067065
Vizianagaram,2023-10-28 02:00:00,temp,23.4,23.950725283474817,0,1,1,94.20577223067065
Vizianagaram,2023-10-29 02:30:00,temp,22.7,23.51425238994247,0,1,1,94.20577223067065
Vizianagaram,2023-10-30 01:45:00,temp,22.3,22.848574367374564,0,1,1,94.20577223067065
Wanaparthy,2023-10-15 02:30:00,temp,24.4,23.724113600886472,2,0,1,117.80504744695088
Wanaparthy,2023-10-16 02:30:00,temp,24.3,23.862030993072082,2,0,1,117.80504744695088
Wanaparthy,2023-10-17 02:30:00,temp,24.4,23.77175240530651,2,0,1,117.80504744695088
Wanaparthy,2023-10-18 02:30:00,temp,23.9,23.78425814824406,2,0,1,117.80504744695088
Wanaparthy,2023-10-19 02:30:00,temp,22.8,23.554282325076375,2,0,1,117.80504744695088
Wanaparthy,2023-10-20 02:30:00,temp,22.5,23.15017496686009,2,0,1,117.80504744695088
Wanaparthy,2023-10-21 02:30:00,temp,23.1,23.19652751311707,2,0,1,117.80504744695088
Wanaparthy,2023-10-22 02:30:00,temp,22.4,23.640898187506956,2,0,1,117.80504744695088
Wanaparthy,2023-10-23 02:15:00,temp,20.7,23.461265436176188,2,0,1,117.80504744695088
Wanaparthy,2023-10-24 02:15:00,temp,20.6,22.206697001930216,2,0,1,117.80504744695088
Wanaparthy,2023-10-25 02:30:00,temp,20.2,22.009858412400398,2,0,1,117.80504744695088
Wanaparthy,2023-10-26 02:00:00,temp,20.5,21.347378591153948,2,0,1,117.80504744695088
Wanaparthy,2023-10-27 02:30:00,temp,19.7,21.33270859587344,2,0,1,117.80504744695088
Wanaparthy,2023-10-28 02:00:00,temp,20.8,20.605216355133074,2,0,1,117.80504744695088
Wanaparthy,2023-10-29 02:45:00,temp,24.4,21.30838874559901,2,0,1,117.80504744695088
Wanaparthy,2023-10-30 02:00:00,temp,22.9,24.37898020173049,2,0,1,117.80504744695088
Warangal,2023-10-15 02:30:00,temp,23.5,23.854726481556245,1,0,0,95.65689732227665
Warangal,2023-10-16 02:30:00,temp,23.1,23.744240096711653,1,0,0,95.65689732227665
Warangal,2023-10-17 02:30:00,temp,23.4,23.517118311430302,1,0,0,95.65689732227665
Warangal,2023-10-18 02:30:00,temp,23.0,23.668969011749677,1,0,0,95.65689732227665
Warangal,2023-10-19 02:30:00,temp,22.9,23.4334305893476,1,0,0,95.65689732227665
Warangal,2023-10-20 02:30:00,temp,22.7,23.351697720270327,1,0,0,95.65689732227665
Warangal,2023-10-21 02:30:00,temp,22.3,23.20200384605656,1,0,0,95.65689732227665
Warangal,2023-10-22 02:30:00,temp,20.8,22.90127590131241,1,0,0,95.65689732227665
Warangal,2023-10-23 02:15:00,temp,19.8,21.669041545531286,1,0,0,95.65689732227665
Warangal,2023-10-24 02:15:00,temp,19.0,20.469811511589757,1,0,0,95.65689732227665
Warangal,2023-10-25 02:30:00,temp,19.2,19.435764989070044,1,0,0,95.65689732227665
Warangal,2023-10-26 02:00:00,temp,19.4,19.56834729592367,1,0,0,95.65689732227665
Warangal,2023-10-27 02:30:00,temp,18.5,19.724501708729274,1,0,0,95.65689732227665
Warangal,2023-10-28 02:00:00,temp,20.5,18.756004818271407,1,0,0,95.65689732227665
Warangal,2023-10-29 02:45:00,temp,21.2,20.785592487200002,1,0,0,95.65689732227665
Warangal,2023-10-30 02:00:00,temp,20.7,21.430703395514286,1,0,0,95.65689732227665
Wardha,2023-10-15 02:30:00,temp,23.0,24.60999620782255,0,1,1,139.35475739473628
Wardha,2023-10-16 02:30:00,temp,24.0,24.243991204689284,0,1,1,139.35475739473628
Wardha,2023-10-17 02:30:00,temp,24.0,24.17882659369193,0,1,1,139.35475739473628
Wardha,2023-10-18 02:30:00,temp,25.0,24.1331247533456,0,1,1,139.35475739473628
Wardha,2023-10-19 02:30:00,temp,26.0,24.337073567141775,0,1,1,139.35475739473628
Wardha,2023-10-20 02:30:00,temp,25.0,24.666099702479077,0,1,1,139.35475739473628
Wardha,2023-10-21 02:15:00,temp,23.0,24.73221021169249,0,1,1,139.35475739473628
Wardha,2023-10-22 02:30:00,temp,22.0,24.408682294960226,0,1,1,139.35475739473628
Wardha,2023-10-23 02:15:00,temp,22.0,23.914305666916256,0,1,1,139.35475739473628
Wardha,2023-10-24 02:15:00,temp,21.0,23.25687486238473,0,1,1,139.35475739473628
Wardha,2023-10-25 02:15:00,temp,21.0,21.84438264671678,0,1,1,139.35475739473628
Wardha,2023-10-26 02:00:00,temp,20.0,21.335500906982965,0,1,1,139.35475739473628
Wardha,2023-10-27 02:15:00,temp,20.0,20.551081197182853,0,1,1,139.35475739473628
Wardha,2023-10-28 02:00:00,temp,20.1,20.21885435024575,0,1,1,139.35475739473628
Wardha,2023-10-29 02:45:00,temp,19.0,20.148598008849575,0,1,1,139.35475739473628
Wardha,2023-10-30 02:00:00,temp,20.0,19.466148253186155,0,1,1,139.35475739473628
Washim,2023-10-15 02:30:00,temp,23.0,23.04142836522288,2,0,1,102.58556662142449
Washim,2023-10-16 02:30:00,temp,23.4,22.851896570580596,2,0,1,102.58556662142449
Washim,2023-10-17 02:30:00,temp,22.7,23.215475376081976,2,0,1,102.58556662142449
Washim,2023-10-18 02:30:00,temp,22.8,22.69767826656322,2,0,1,102.58556662142449
Washim,2023-10-19 02:15:00,temp,23.0,22.87987925979836,2,0,1,102.58556662142449
Washim,2023-10-20 02:30:00,temp,21.6,22.91613837462204,2,0,1,102.58556662142449
Washim,2023-10-21 02:15:00,temp,21.8,22.02560383141713,2,0,1,102.58556662142449
Washim,2023-10-22 02:30:00,temp,21.1,22.290223250718057,2,0,1,102.58556662142449
Washim,2023-10-23 02:15:00,temp,20.1,21.641085907449867,2,0,1,102.58556662142449
Washim,2023-10-24 02:15:00,temp,20.0,20.95578983125564,2,0,1,102.58556662142449
Washim,2023-10-25 02:15:00,temp,20.0,20.719698586144215,2,0,1,102.58556662142449
Washim,2023-10-26 02:00:00,temp,19.5,20.649439310192065,2,0,1,102.58556662142449
Washim,2023-10-27 02:15:00,temp,19.0,20.076806177745713,2,0,1,102.58556662142449
Washim,2023-10-28 02:00:00,temp,19.5,19.56528488223286,2,0,1,102.58556662142449
Washim,2023-10-29 02:45:00,temp,19.2,20.000058633532767,2,0,1,102.58556662142449
Washim,2023-10-30 02:00:00,temp,19.5,19.60355486972107,2,0,1,102.58556662142449
West Godavari,2023-10-15 02:30:00,temp,24.0,24.426745889402046,0,1,1,124.08688289218766
West Godavari,2023-10-16 02:30:00,temp,23.9,24.35021138242056,0,1,1,124.08688289218766
West Godavari,2023-10-17 02:15:00,temp,24.2,24.26804973505576,0,1,1,124.08688289218766
West Godavari,2023-10-18 02:30:00,temp,23.6,24.25631486442998,0,1,1,124.08688289218766
West Godavari,2023-10-19 02:15:00,temp,24.7,24.13795113527476,0,1,1,124.08688289218766
West Godavari,2023-10-20 02:30:00,temp,23.6,24.239017913056852,0,1,1,124.08688289218766
West Godavari,2023-10-21 02:15:00,temp,23.7,24.132952525523063,0,1,1,124.08688289218766
West Godavari,2023-10-22 02:15:00,temp,23.5,24.05756921146895,0,1,1,124.08688289218766
West Godavari,2023-10-23 02:00:00,temp,21.9,23.956883145973602,0,1,1,124.08688289218766
West Godavari,2023-10-24 02:15:00,temp,23.3,23.533214176004105,0,1,1,124.08688289218766
West Godavari,2023-10-25 02:15:00,temp,22.1,23.475548545096256,0,1,1,124.08688289218766
West Godavari,2023-10-26 02:00:00,temp,23.1,23.121200239368253,0,1,1,124.08688289218766
West Godavari,2023-10-27 02:15:00,temp,23.2,23.115864947113383,0,1,1,124.08688289218766
West Godavari,2023-10-28 02:00:00,temp,23.0,23.13749968865931,0,1,1,124.08688289218766
West Godavari,2023-10-29 02:30:00,temp,24.0,23.105013310871247,0,1,1,124.08688289218766
West Godavari,2023-10-30 01:45:00,temp,23.3,23.30583582004492,0,1,1,124.08688289218766
Wokha,2023-10-15 02:30:00,temp,23.7,23.253348478419014,0,1,2,228.68458325466275
Wokha,2023-10-16 02:30:00,temp,14.0,25.05534079578408,0,1,2,228.68458325466275
Wokha,2023-10-17 02:15:00,temp,23.5,17.380170599597204,0,1,2,228.68458325466275
Wokha,2023-10-18 02:30:00,temp,19.4,26.151494933784,0,1,2,228.68458325466275
Wokha,2023-10-19 02:15:00,temp,12.5,20.519337003068166,0,1,2,228.68458325466275
Wokha,2023-10-20 02:30:00,temp,23.0,17.372124728880834,0,1,2,228.68458325466275
Wokha,2023-10-21 02:15:00,temp,22.4,23.811281075434056,0,1,2,228.68458325466275
Wokha,2023-10-22 02:15:00,temp,22.6,21.04680679894984,0,1,2,228.68458325466275
Wokha,2023-10-23 02:15:00,temp,22.9,22.387606324848672,0,1,2,228.68458325466275
Wokha,2023-10-24 02:15:00,temp,24.3,22.12906713539908,0,1,2,228.68458325466275
Wokha,2023-10-25 02:15:00,temp,23.7,23.160182611924135,0,1,2,228.68458325466275
Wokha,2023-10-26 02:00:00,temp,23.3,22.639913937415166,0,1,2,228.68458325466275
Wokha,2023-10-27 02:15:00,temp,21.4,22.796730120711924,0,1,2,228.68458325466275
Wokha,2023-10-28 02:00:00,temp,22.1,21.79368476067696,0,1,2,228.68458325466275
Wokha,2023-10-29 02:30:00,temp,22.1,22.497247738493463,0,1,2,228.68458325466275
Wokha,2023-10-30 01:45:00,temp,23.3,22.169044638140406,0,1,2,228.68458325466275
Yadgir,2023-10-15 02:30:00,temp,25.6,23.461756926096164,2,0,2,137.2918804763691
Yadgir,2023-10-16 02:30:00,temp,25.5,24.851803851619827,2,0,2,137.2918804763691
Yadgir,2023-10-17 02:30:00,temp,25.1,24.65853469297478,2,0,2,137.2918804763691
Yadgir,2023-10-18 02:30:00,temp,24.3,24.51928584175276,2,0,2,137.2918804763691
Yadgir,2023-10-19 02:15:00,temp,23.8,24.18360862418293,2,0,2,137.2918804763691
Yadgir,2023-10-20 02:30:00,temp,23.7,23.990309219558103,2,0,2,137.2918804763691
Yadgir,2023-10-21 02:15:00,temp,24.2,24.035988100408453,2,0,2,137.2918804763691
Yadgir,2023-10-22 02:15:00,temp,24.8,24.29461518718019,2,0,2,137.2918804763691
Yadgir,2023-10-23 02:15:00,temp,22.7,24.549799957689302,2,0,2,137.2918804763691
Yadgir,2023-10-24 02:15:00,temp,21.4,23.362870156078404,2,0,2,137.2918804763691
Yadgir,2023-10-25 02:15:00,temp,21.6,22.786466257949655,2,0,2,137.2918804763691
Yadgir,2023-10-26 02:00:00,temp,21.3,23.20817937623558,2,0,2,137.2918804763691
Yadgir,2023-10-27 02:15:00,temp,20.8,22.658655167747312,2,0,2,137.2918804763691
Yadgir,2023-10-28 02:00:00,temp,20.8,22.107284302667363,2,0,2,137.2918804763691
Yadgir,2023-10-29 02:45:00,temp,23.3,21.92467319787749,2,0,2,137.2918804763691
Yadgir,2023-10-30 02:00:00,temp,23.4,23.879393490183315,2,0,2,137.2918804763691
Yamunanagar,2023-10-15 02:30:00,temp,21.4,21.05168769995988,2,1,2,147.87671521006448
Yamunanagar,2023-10-16 02:30:00,temp,21.2,21.705996717830033,2,1,2,147.87671521006448
Yamunanagar,2023-10-17 02:15:00,temp,17.0,21.487257416432183,2,1,2,147.87671521006448
Yamunanagar,2023-10-18 02:30:00,temp,18.7,17.74304229798725,2,1,2,147.87671521006448
Yamunanagar,2023-10-19 02:15:00,temp,17.5,19.707818361485117,2,1,2,147.87671521006448
Yamunanagar,2023-10-20 02:30:00,temp,18.1,18.42203610143516,2,1,2,147.87671521006448
Yamunanagar,2023-10-21 02:15:00,temp,18.2,18.61834586609897,2,1,2,147.87671521006448
Yamunanagar,2023-10-22 02:15:00,temp,18.6,18.344495767503194,2,1,2,147.87671521006448
Yamunanagar,2023-10-23 02:15:00,temp,18.8,18.354480225906087,2,1,2,147.87671521006448
Yamunanagar,2023-10-24 02:15:00,temp,18.6,18.618729134259635,2,1,2,147.87671521006448
Yamunanagar,2023-10-25 02:15:00,temp,19.2,18.336256938136223,2,1,2,147.87671521006448
Yamunanagar,2023-10-26 02:00:00,temp,19.1,18.867857414621,2,1,2,147.87671521006448
Yamunanagar,2023-10-27 02:15:00,temp,18.5,18.77399475256595,2,1,2,147.87671521006448
Yamunanagar,2023-10-28 02:00:00,temp,19.1,18.30268548916235,2,1,2,147.87671521006448
Yamunanagar,2023-10-29 02:30:00,temp,19.1,18.71482633359319,2,1,2,147.87671521006448
Yamunanagar,2023-10-30 01:45:00,temp,19.1,18.992202301045026,2,1,2,147.87671521006448
Yanam,2023-10-15 02:30:00,temp,24.6,24.932117065545643,1,1,1,107.00249438564823
Yanam,2023-10-16 02:30:00,temp,24.2,24.79300994602429,1,1,1,107.00249438564823
Yanam,2023-10-17 02:15:00,temp,25.9,24.580644093363155,1,1,1,107.00249438564823
Yanam,2023-10-18 02:30:00,temp,24.3,25.25886900628225,1,1,1,107.00249438564823
Yanam,2023-10-19 02:15:00,temp,23.4,24.705823223458793,1,1,1,107.00249438564823
Yanam,2023-10-20 02:30:00,temp,24.1,24.26622963505903,1,1,1,107.00249438564823
Yanam,2023-10-21 02:15:00,temp,24.3,24.40495886433571,1,1,1,107.00249438564823
Yanam,2023-10-22 02:15:00,temp,24.3,24.435493572201576,1,1,1,107.00249438564823
Yanam,2023-10-23 02:15:00,temp,23.1,24.41066553133684,1,1,1,107.00249438564823
Yanam,2023-10-24 02:15:00,temp,25.4,23.86948435396463,1,1,1,107.00249438564823
Yanam,2023-10-25 02:15:00,temp,24.4,24.645022492706,1,1,1,107.00249438564823
Yanam,2023-10-26 02:00:00,temp,24.5,24.409155372853185,1,1,1,107.00249438564823
Yanam,2023-10-27 02:15:00,temp,24.0,24.44294957087346,1,1,1,107.00249438564823
Yanam,2023-10-28 02:00:00,temp,23.7,24.278625446826762,1,1,1,107.00249438564823
Yanam,2023-10-29 02:30:00,temp,24.9,24.12113796579311,1,1,1,107.00249438564823
Yanam,2023-10-30 01:45:00,temp,24.1,24.46511037238816,1,1,1,107.00249438564823
Yavatmal,2023-10-15 02:30:00,temp,25.4,25.547400688498378,2,0,1,118.1587889897051
Yavatmal,2023-10-16 02:30:00,temp,26.0,25.203934777034267,2,0,1,118.1587889897051
Yavatmal,2023-10-17 02:30:00,temp,24.0,25.551165147615336,2,0,1,118.1587889897051
Yavatmal,2023-10-18 02:30:00,temp,23.6,23.99471204461519,2,0,1,118.1587889897051
Yavatmal,2023-10-19 02:30:00,temp,25.3,23.748315086833255,2,0,1,118.1587889897051
Yavatmal,2023-10-20 02:30:00,temp,22.8,24.98324057007307,2,0,1,118.1587889897051
Yavatmal,2023-10-21 02:15:00,temp,22.5,23.29312624090369,2,0,1,118.1587889897051
Yavatmal,2023-10-22 02:30:00,temp,22.2,23.18933423992783,2,0,1,118.1587889897051
Yavatmal,2023-10-23 02:15:00,temp,21.3,23.090009518696636,2,0,1,118.1587889897051
Yavatmal,2023-10-24 02:15:00,temp,20.7,22.47934173459602,2,0,1,118.1587889897051
Yavatmal,2023-10-25 02:15:00,temp,20.4,21.978016728921375,2,0,1,118.1587889897051
Yavatmal,2023-10-26 02:00:00,temp,20.5,21.5836799694994,2,0,1,118.1587889897051
Yavatmal,2023-10-27 02:15:00,temp,20.4,21.564910579474674,2,0,1,118.1587889897051
Yavatmal,2023-10-28 02:00:00,temp,20.2,21.20575247594581,2,0,1,118.1587889897051
Yavatmal,2023-10-29 02:45:00,temp,20.1,20.592114954371738,2,0,1,118.1587889897051
Yavatmal,2023-10-30 02:00:00,temp,20.1,20.7994395379363,2,0,1,118.1587889897051
Zunheboto,2023-10-15 02:30:00,temp,15.1,15.272799830088486,0,1,1,104.2126962795101
Zunheboto,2023-10-16 02:30:00,temp,11.8,15.173908460118275,0,1,1,104.2126962795101
Zunheboto,2023-10-17 02:15:00,temp,12.0,13.04082730123407,0,1,1,104.2126962795101
Zunheboto,2023-10-18 02:30:00,temp,13.8,12.201582855593399,0,1,1,104.2126962795101
Zunheboto,2023-10-19 02:15:00,temp,10.6,13.278546526584245,0,1,1,104.2126962795101
Zunheboto,2023-10-20 02:30:00,temp,10.3,11.641992825769236,0,1,1,104.2126962795101
Zunheboto,2023-10-21 02:15:00,temp,10.9,10.70917211833683,0,1,1,104.2126962795101
Zunheboto,2023-10-22 02:15:00,temp,10.6,10.838808964945642,0,1,1,104.2126962795101
Zunheboto,2023-10-23 02:15:00,temp,11.3,10.681416716508863,0,1,1,104.2126962795101
Zunheboto,2023-10-24 02:15:00,temp,14.9,11.086250063976948,0,1,1,104.2126962795101
Zunheboto,2023-10-25 02:15:00,temp,12.0,13.717670243913611,0,1,1,104.2126962795101
Zunheboto,2023-10-26 02:00:00,temp,12.7,12.545543542332442,0,1,1,104.2126962795101
Zunheboto,2023-10-27 02:15:00,temp,10.5,12.637786931127858,0,1,1,104.2126962795101
Zunheboto,2023-10-28 02:00:00,temp,10.4,11.374842017912393,0,1,1,104.2126962795101
Zunheboto,2023-10-29 02:30:00,temp,11.5,10.755053213884251,0,1,1,104.2126962795101
Zunheboto,2023-10-30 01:45:00,temp,10.7,11.212859719704731,0,1,1,104.2126962795101
