city,datetime,temp_true,hum_true,temp_pred,hum_pred
Adilabad,2023-10-15 02:30:00,22.9,65.0,22.85659336447819,64.10229271132643
Adilabad,2023-10-16 02:30:00,23.1,63.0,22.81205960994013,63.123734239267485
Adilabad,2023-10-17 02:30:00,22.2,67.0,22.835379581276996,62.37143233663712
Adilabad,2023-10-18 02:30:00,22.3,73.0,22.621012994007504,63.4203180684023
Adilabad,2023-10-19 02:30:00,21.9,72.0,22.419755837869182,72.04976330695702
Adilabad,2023-10-20 02:30:00,21.4,85.0,22.108231247689524,71.30229365392935
Adilabad,2023-10-21 02:30:00,21.2,76.0,21.46007354571551,81.23870637964069
Adilabad,2023-10-22 02:30:00,20.2,64.0,21.05052371180398,76.8029431305163
Adilabad,2023-10-23 02:15:00,19.3,63.0,20.480453681764384,66.44492842459888
Adilabad,2023-10-24 02:15:00,18.5,69.0,19.377100064292925,65.03363946325646
Adilabad,2023-10-25 02:30:00,18.8,62.0,18.864302086020714,71.69390040751475
Adilabad,2023-10-26 02:00:00,18.9,59.0,18.861292276115574,65.55913995629062
Adilabad,2023-10-27 02:30:00,18.3,56.0,18.389540347225854,64.84656103747598
Adilabad,2023-10-28 02:00:00,18.8,57.0,17.71626702833921,64.26299315228121
Adilabad,2023-10-29 02:45:00,18.2,58.0,18.302581790858923,63.919025594478796
Adilabad,2023-10-30 02:00:00,18.6,64.0,17.817509342821417,65.02277793967282
Agar,2023-10-15 02:30:00,23.0,48.0,23.762599118480285,55.65727374396017
Agar,2023-10-16 02:30:00,22.8,65.0,23.434292577106316,53.01617660495706
Agar,2023-10-17 02:30:00,22.0,66.0,23.18601260683139,57.49288249299574
Agar,2023-10-18 02:30:00,21.5,65.0,22.36420152808644,59.98743936109744
Agar,2023-10-19 02:30:00,22.2,55.0,21.962120262728128,57.05738478228917
Agar,2023-10-20 02:30:00,21.7,52.0,22.396775787452913,53.20663539479155
Agar,2023-10-21 02:30:00,22.8,50.0,22.17702263375319,53.534720504685865
Agar,2023-10-22 02:30:00,21.9,48.0,22.764198909381534,54.06697086138756
Agar,2023-10-23 02:15:00,21.6,46.0,22.493379624234407,54.00184070979713
Agar,2023-10-24 02:15:00,22.0,41.0,22.064360221527217,54.32655656555046
Agar,2023-10-25 02:30:00,20.4,38.0,22.337909064776635,48.65426466474428
Agar,2023-10-26 02:00:00,20.5,36.0,21.384643744545517,49.52662535470846
Agar,2023-10-27 02:30:00,20.2,34.0,20.607782838324425,48.18870337477525
Agar,2023-10-28 02:00:00,20.3,37.0,20.79432630451654,46.32128986696421
Agar,2023-10-29 02:45:00,20.7,40.0,20.781111535360147,48.179174968296564
Agar,2023-10-30 02:00:00,21.0,41.0,21.04294956911705,51.16383467678338
Agra,2023-10-15 02:30:00,28.3,37.0,27.383450942319072,36.4427655481269
Agra,2023-10-16 02:30:00,27.7,39.0,27.79854791228289,39.47703430776313
Agra,2023-10-17 02:30:00,21.5,74.0,27.514074974066048,41.884350557145424
Agra,2023-10-18 02:30:00,23.8,57.0,23.006137535447387,57.21035744600064
Agra,2023-10-19 02:30:00,23.5,42.0,23.09286273205198,55.38295931570346
Agra,2023-10-20 02:30:00,23.3,39.0,23.320800605929602,45.19499788865816
Agra,2023-10-21 02:15:00,23.3,44.0,23.30112885024694,46.44079825130579
Agra,2023-10-22 02:30:00,23.2,44.0,23.335167284601244,50.49448493143026
Agra,2023-10-23 02:15:00,23.6,34.0,23.22678630310482,49.675478185408714
Agra,2023-10-24 02:15:00,23.5,39.0,23.534103038537417,41.52686802410374
Agra,2023-10-25 02:30:00,22.7,42.0,23.23346466286669,45.54973103995823
Agra,2023-10-26 02:00:00,23.2,37.0,22.77188849779668,46.9779452540787
Agra,2023-10-27 02:15:00,23.0,28.0,22.69705594814616,41.92441936709469
Agra,2023-10-28 02:00:00,22.3,28.0,23.11780880845101,36.49918474954858
Agra,2023-10-29 02:45:00,23.8,33.0,22.98841507904652,37.63046358022703
Agra,2023-10-30 02:00:00,24.0,36.0,23.89221780098529,39.820619199964206
Ahmadnagar,2023-10-15 02:30:00,24.9,60.0,24.7446764909999,56.81700841289633
Ahmadnagar,2023-10-16 02:30:00,23.4,59.0,25.147638948166875,59.38672714145099
Ahmadnagar,2023-10-17 02:30:00,23.9,55.0,24.071332226949576,57.29385167140698
Ahmadnagar,2023-10-18 02:30:00,25.2,56.0,24.203741027195502,55.01134070384421
Ahmadnagar,2023-10-19 02:30:00,23.5,57.0,24.94985120671245,57.4957047630269
Ahmadnagar,2023-10-20 02:30:00,24.9,60.0,24.26603677107677,56.59830668222114
Ahmadnagar,2023-10-21 02:15:00,23.3,56.0,24.684390927832975,60.30527292854334
Ahmadnagar,2023-10-22 02:30:00,23.4,55.0,23.857169616833286,56.57811653112334
Ahmadnagar,2023-10-23 02:15:00,22.5,53.0,23.776278207273194,57.11884974406525
Ahmadnagar,2023-10-24 02:15:00,23.4,47.0,22.935732825378803,56.788110778696584
Ahmadnagar,2023-10-25 02:15:00,22.3,52.0,23.85085490400669,56.31564327709396
Ahmadnagar,2023-10-26 02:00:00,21.2,44.0,23.10636807902412,61.53892960625228
Ahmadnagar,2023-10-27 02:15:00,20.5,43.0,21.300402853402087,62.413825669583005
Ahmadnagar,2023-10-28 02:00:00,20.4,49.0,20.946339386397483,59.81617342958732
Ahmadnagar,2023-10-29 02:45:00,20.2,47.0,20.81441435035484,65.38236069973351
Ahmadnagar,2023-10-30 02:00:00,20.7,41.0,20.933889061501876,65.03950071171457
Aizawl,2023-10-15 02:30:00,17.3,98.0,21.0774982406764,96.17491969495595
Aizawl,2023-10-16 02:30:00,18.6,98.0,17.244379232214552,98.79882710519446
Aizawl,2023-10-17 02:15:00,19.0,94.0,18.51037781934245,92.15607528431657
Aizawl,2023-10-18 02:30:00,19.5,92.0,18.71825539425237,91.42138668398553
Aizawl,2023-10-19 02:15:00,19.1,96.0,18.741771841644255,95.5445859713369
Aizawl,2023-10-20 02:30:00,19.1,92.0,18.701951464843777,90.84554621103416
Aizawl,2023-10-21 02:15:00,19.1,89.0,18.14635786225371,85.33362290388314
Aizawl,2023-10-22 02:15:00,20.2,93.0,18.4952305619897,90.09778910489494
Aizawl,2023-10-23 02:15:00,21.6,100.0,19.40332103089937,97.28688377574626
Aizawl,2023-10-24 02:15:00,20.6,100.0,20.636975685292338,99.5191072832101
Aizawl,2023-10-25 02:15:00,21.9,82.0,20.805345910538154,95.88800321930361
Aizawl,2023-10-26 02:00:00,20.8,96.0,20.919639808701366,94.84971504876518
Aizawl,2023-10-27 02:15:00,19.8,99.0,20.694076921315755,98.53504908019663
Aizawl,2023-10-28 02:00:00,18.8,98.0,19.460211376430667,99.55800008928686
Aizawl,2023-10-29 02:30:00,18.5,97.0,18.73177034928852,97.36178589926702
Aizawl,2023-10-30 01:45:00,18.6,84.0,17.6243460105731,86.59421012944343
Ajmer,2023-10-15 02:30:00,25.6,46.0,26.33958535137511,40.564889522797564
Ajmer,2023-10-16 02:30:00,24.3,53.0,25.79108455688732,46.22873025731718
Ajmer,2023-10-17 02:30:00,22.5,67.0,24.838981933660186,52.029715259748194
Ajmer,2023-10-18 02:30:00,22.2,65.0,23.438426473394106,57.06861343083109
Ajmer,2023-10-19 02:30:00,22.7,49.0,22.779685127939302,55.22949679148425
Ajmer,2023-10-20 02:30:00,22.7,44.0,23.114283327830215,48.4390053761345
Ajmer,2023-10-21 02:15:00,23.1,39.0,22.97826410236105,46.39335700228645
Ajmer,2023-10-22 02:30:00,23.9,39.0,23.533288624963703,45.82341767948612
Ajmer,2023-10-23 02:15:00,24.1,42.0,24.464501112550966,44.29801611132263
Ajmer,2023-10-24 02:15:00,21.7,33.0,24.288864545340374,44.93555538135164
Ajmer,2023-10-25 02:30:00,22.0,38.0,22.307557258526614,44.01823790648687
Ajmer,2023-10-26 02:00:00,22.7,33.0,22.687569900086345,46.40125153145878
Ajmer,2023-10-27 02:15:00,21.8,39.0,22.82054495180761,40.236559736939135
Ajmer,2023-10-28 02:00:00,23.1,30.0,22.708980864057015,45.91205893721178
Ajmer,2023-10-29 02:45:00,23.6,28.0,23.31930986532851,37.95006507774385
Ajmer,2023-10-30 02:00:00,23.5,34.0,24.14278228721778,35.03358708188899
Akola,2023-10-15 02:30:00,25.9,54.0,25.75388184281888,56.290837535025545
Akola,2023-10-16 02:30:00,24.2,60.0,25.51729597662962,57.459767424578075
Akola,2023-10-17 02:30:00,24.3,60.0,24.37622323969853,60.697017244457015
Akola,2023-10-18 02:30:00,23.5,68.0,24.34700238644382,59.562999347631674
Akola,2023-10-19 02:30:00,24.4,57.0,23.52851138005553,63.861260385209675
Akola,2023-10-20 02:30:00,23.7,71.0,24.284667311243865,56.88523102182263
Akola,2023-10-21 02:15:00,24.5,60.0,23.741427843984628,69.42422001019268
Akola,2023-10-22 02:30:00,23.7,56.0,24.277288373740998,62.048933706736214
Akola,2023-10-23 02:15:00,21.5,49.0,23.793554523779573,58.00193194576051
Akola,2023-10-24 02:15:00,21.5,56.0,22.003706718119187,62.87778237074361
Akola,2023-10-25 02:15:00,21.2,49.0,21.91328166898465,61.50255100123096
Akola,2023-10-26 02:00:00,20.4,44.0,21.34362995560406,62.020385883358315
Akola,2023-10-27 02:15:00,20.5,48.0,20.717363468601448,62.67735392378457
Akola,2023-10-28 02:00:00,20.5,53.0,20.837862275258555,63.84310288259903
Akola,2023-10-29 02:45:00,20.3,52.0,20.673243255545938,61.84207905122922
Akola,2023-10-30 02:00:00,20.8,56.0,20.711384132363467,60.886716590909025
Alappuzha,2023-10-15 02:30:00,26.0,84.0,24.777643339832945,87.17582502819059
Alappuzha,2023-10-16 02:30:00,25.6,84.0,25.73850349474655,84.45188432600479
Alappuzha,2023-10-17 02:30:00,25.8,83.0,25.298507108436983,85.69902472769785
Alappuzha,2023-10-18 02:30:00,26.0,82.0,25.27606097612529,86.02946761058041
Alappuzha,2023-10-19 02:15:00,26.2,80.0,25.772410924604912,82.9255140732165
Alappuzha,2023-10-20 02:30:00,26.1,81.0,25.596379928826686,82.49994647641266
Alappuzha,2023-10-21 02:15:00,26.7,76.0,25.850766946428973,81.10155226388204
Alappuzha,2023-10-22 02:15:00,25.3,88.0,26.138610706036445,80.36801711493094
Alappuzha,2023-10-23 02:15:00,25.1,90.0,25.01843721561783,86.49989050205498
Alappuzha,2023-10-24 02:15:00,25.5,84.0,24.74839229416101,89.79999849075112
Alappuzha,2023-10-25 02:15:00,25.6,85.0,24.48515107891492,89.73579560051688
Alappuzha,2023-10-26 02:00:00,25.9,82.0,25.35067269314697,85.30140563499675
Alappuzha,2023-10-27 02:15:00,26.0,83.0,25.807373216614575,83.3774690349181
Alappuzha,2023-10-28 02:00:00,25.8,85.0,25.78349488101436,83.80721903179271
Alappuzha,2023-10-29 02:30:00,26.0,82.0,25.904779658862672,83.48409484308381
Alappuzha,2023-10-30 01:45:00,26.1,83.0,25.62970940815532,84.98082589210551
Aligarh,2023-10-15 02:30:00,26.2,38.0,25.608375977383574,43.988920270141996
Aligarh,2023-10-16 02:30:00,25.1,50.0,26.307053976616125,41.95260268998438
Aligarh,2023-10-17 02:30:00,21.3,78.0,25.557125062846723,46.6827977708544
Aligarh,2023-10-18 02:30:00,22.1,57.0,21.822884829783547,49.314324482314674
Aligarh,2023-10-19 02:30:00,21.9,49.0,21.67911471053595,62.022177042873615
Aligarh,2023-10-20 02:30:00,21.7,40.0,21.79471259095956,54.438837062317134
Aligarh,2023-10-21 02:15:00,22.3,47.0,21.680926674593174,48.48517315619829
Aligarh,2023-10-22 02:30:00,21.6,48.0,22.103940149904837,57.610767103601646
Aligarh,2023-10-23 02:15:00,22.6,38.0,21.741009266365698,59.6403097931053
Aligarh,2023-10-24 02:15:00,22.3,41.0,22.64768823517692,47.34430266765233
Aligarh,2023-10-25 02:30:00,21.8,49.0,22.013158792278954,47.2179592583183
Aligarh,2023-10-26 02:00:00,22.2,38.0,21.989205626187488,55.85409091754776
Aligarh,2023-10-27 02:30:00,22.0,30.0,22.028581592884706,49.97839230773921
Aligarh,2023-10-28 02:00:00,21.7,35.0,22.45694970122087,43.84010962996502
Aligarh,2023-10-29 02:45:00,22.3,37.0,22.31575472694336,46.94158520875654
Aligarh,2023-10-30 02:00:00,22.7,41.0,22.387907854646738,49.493307322591875
Alirajpur,2023-10-15 02:30:00,24.9,51.0,25.488246524208975,57.38357711572999
Alirajpur,2023-10-16 02:30:00,24.7,68.0,25.214068029222897,56.78490256795589
Alirajpur,2023-10-17 02:15:00,24.2,57.0,25.16547891488398,64.01077690364396
Alirajpur,2023-10-18 02:15:00,23.9,61.0,24.565882225273825,55.45714899881382
Alirajpur,2023-10-19 02:15:00,24.3,53.0,24.15729290008261,57.95540733214677
Alirajpur,2023-10-20 02:15:00,24.7,44.0,24.620593295796798,53.5800194100588
Alirajpur,2023-10-21 02:00:00,25.2,52.0,24.7573075655812,54.28390062459614
Alirajpur,2023-10-22 02:15:00,24.7,55.0,25.614681187068225,56.30019263953159
Alirajpur,2023-10-23 02:00:00,24.9,44.0,25.217769737863986,55.79385557159121
Alirajpur,2023-10-24 02:15:00,24.5,43.0,24.974542981598862,56.86589130509736
Alirajpur,2023-10-25 02:15:00,23.9,47.0,25.329593046946105,55.28065465776935
Alirajpur,2023-10-26 02:00:00,22.8,34.0,24.776332348811064,60.15716482221689
Alirajpur,2023-10-27 02:15:00,22.8,35.0,22.970324536735113,49.85240530882791
Alirajpur,2023-10-28 02:00:00,22.6,39.0,22.97286163550138,48.5872439425976
Alirajpur,2023-10-29 02:30:00,22.2,39.0,23.058279376355262,52.03011270739579
Alirajpur,2023-10-30 01:45:00,22.9,39.0,22.979415315604243,47.759453334689155
Allahabad,2023-10-15 02:30:00,24.8,50.0,24.050779040923455,51.88226308479456
Allahabad,2023-10-16 02:30:00,26.1,48.0,24.867388632531824,54.54093432401425
Allahabad,2023-10-17 02:30:00,21.5,84.0,25.76506658368616,55.02701030670179
Allahabad,2023-10-18 02:30:00,22.7,74.0,22.015514453463634,59.87613952966082
Allahabad,2023-10-19 02:30:00,22.2,54.0,22.425932164938356,70.90779592693629
Allahabad,2023-10-20 02:30:00,21.9,48.0,21.742133739848576,58.597278558709206
Allahabad,2023-10-21 02:15:00,21.5,53.0,21.771109882594732,54.62316057783269
Allahabad,2023-10-22 02:30:00,20.3,49.0,21.268830904173406,60.598327093357476
Allahabad,2023-10-23 02:15:00,20.7,51.0,20.418774226769404,57.4265784775578
Allahabad,2023-10-24 02:15:00,21.2,47.0,20.63843610560461,60.863229079894325
Allahabad,2023-10-25 02:30:00,21.4,45.0,20.8676212756868,59.484240452268196
Allahabad,2023-10-26 02:00:00,22.0,56.0,21.499942859084143,57.13813422182391
Allahabad,2023-10-27 02:30:00,21.3,45.0,21.665812049845705,64.48702781196832
Allahabad,2023-10-28 02:00:00,20.9,36.0,20.750454469968407,54.855248019428956
Allahabad,2023-10-29 02:45:00,21.4,41.0,20.830176053333908,50.23088106658592
Allahabad,2023-10-30 02:00:00,21.6,42.0,21.228626175952186,55.35673110526732
Almora,2023-10-15 02:30:00,16.6,59.0,15.664701586671988,65.93729526587263
Almora,2023-10-16 02:30:00,15.4,67.0,16.167098313212566,62.76812551356515
Almora,2023-10-17 02:30:00,14.6,73.0,14.193405823941626,68.75787961723695
Almora,2023-10-18 02:30:00,13.9,68.0,13.724082554925602,71.13121748720462
Almora,2023-10-19 02:15:00,13.3,71.0,12.752693023191203,66.76540945332957
Almora,2023-10-20 02:30:00,13.2,69.0,12.744441289079809,69.98813978647337
Almora,2023-10-21 02:15:00,13.3,67.0,12.573034801174577,69.37906421669372
Almora,2023-10-22 02:15:00,13.9,66.0,12.536138017619656,70.59009634928393
Almora,2023-10-23 02:15:00,13.4,47.0,12.736123953573772,65.6878050896908
Almora,2023-10-24 02:15:00,13.4,57.0,12.709793526397451,56.96525439570995
Almora,2023-10-25 02:15:00,14.2,53.0,12.749865191956655,65.17563991743121
Almora,2023-10-26 02:00:00,14.5,59.0,13.47008338336425,61.584070047181086
Almora,2023-10-27 02:15:00,14.1,55.0,13.407630042873926,60.2125450181796
Almora,2023-10-28 02:00:00,13.7,58.0,12.713228025490054,64.69147436291934
Almora,2023-10-29 02:30:00,13.7,62.0,12.58129649939407,63.64734198265342
Almora,2023-10-30 01:45:00,14.0,67.0,12.70760755995431,65.0103529426791
Alwar,2023-10-15 02:30:00,27.0,34.0,27.415808736115594,40.28851511403103
Alwar,2023-10-16 02:30:00,25.5,42.0,27.19018463206604,35.1801075824353
Alwar,2023-10-17 02:30:00,20.5,79.0,25.802183887886187,42.44889537712937
Alwar,2023-10-18 02:30:00,23.2,61.0,22.699152821916588,65.96618190616427
Alwar,2023-10-19 02:30:00,22.2,51.0,22.475097501978116,57.57931564823489
Alwar,2023-10-20 02:30:00,22.7,40.0,22.360460024954026,51.66721352879213
Alwar,2023-10-21 02:30:00,23.3,43.0,22.975156449398334,43.382010065433285
Alwar,2023-10-22 02:30:00,23.2,42.0,23.38145581025576,45.75869448008355
Alwar,2023-10-23 02:15:00,23.5,39.0,23.386609364245505,45.934612978623356
Alwar,2023-10-24 02:15:00,22.6,37.0,23.529934782925896,43.66310067501648
Alwar,2023-10-25 02:30:00,22.8,37.0,23.043231602831135,40.578696417998096
Alwar,2023-10-26 02:00:00,22.3,39.0,22.828402707232854,40.26865959123464
Alwar,2023-10-27 02:30:00,22.0,30.0,22.20210469081376,43.78767537610284
Alwar,2023-10-28 02:00:00,22.5,21.0,22.440355237777755,38.5004416071359
Alwar,2023-10-29 02:45:00,23.5,33.0,23.250619910792125,30.1720920591198
Alwar,2023-10-30 02:00:00,23.7,38.0,23.698996266262686,35.77536323649582
Ambala,2023-10-15 02:30:00,22.0,51.0,21.187173291051426,57.917241651237696
Ambala,2023-10-16 02:30:00,21.9,52.0,21.85661208200273,51.3105086627422
Ambala,2023-10-17 02:15:00,17.6,81.0,21.747956131659407,53.61930723835066
Ambala,2023-10-18 02:30:00,19.5,56.0,18.08348040279107,58.284050161118074
Ambala,2023-10-19 02:15:00,18.2,51.0,18.485065405301505,63.81288415959358
Ambala,2023-10-20 02:30:00,18.8,48.0,17.831944657866778,57.11528166397971
Ambala,2023-10-21 02:15:00,18.9,49.0,17.905618150476478,55.26956429258591
Ambala,2023-10-22 02:15:00,19.4,52.0,17.7225959159785,59.99509508951081
Ambala,2023-10-23 02:15:00,19.6,47.0,18.474849237120527,59.07086651322159
Ambala,2023-10-24 02:15:00,19.5,49.0,19.50547484997478,55.65163759446658
Ambala,2023-10-25 02:15:00,19.9,44.0,19.125144166183063,53.47467351712989
Ambala,2023-10-26 02:00:00,20.0,39.0,20.14406498946608,50.9952202420671
Ambala,2023-10-27 02:15:00,19.3,44.0,20.02343802200877,49.146779379302096
Ambala,2023-10-28 02:00:00,19.7,43.0,19.248882121147442,54.09961464060812
Ambala,2023-10-29 02:30:00,19.9,49.0,19.55394457286133,46.357498278329125
Ambala,2023-10-30 01:45:00,19.9,48.0,20.044543592387807,55.64337489155464
Amethi,2023-10-15 02:30:00,22.4,63.0,21.513583865842914,65.1958807839024
Amethi,2023-10-16 02:30:00,22.9,69.0,22.266197289415217,63.17593002109836
Amethi,2023-10-17 02:30:00,19.7,87.0,22.78181782849612,66.02421084122834
Amethi,2023-10-18 02:30:00,20.1,75.0,20.627048571275466,85.43118946142059
Amethi,2023-10-19 02:30:00,19.0,65.0,19.731880189911656,70.30940462114371
Amethi,2023-10-20 02:30:00,18.4,61.0,18.55112761116269,66.47602172693739
Amethi,2023-10-21 02:15:00,19.2,64.0,17.57937569840932,64.94818578993436
Amethi,2023-10-22 02:30:00,19.6,60.0,18.161368668577715,65.06492817343086
Amethi,2023-10-23 02:15:00,19.6,60.0,19.162868620350267,67.08280573133868
Amethi,2023-10-24 02:15:00,19.4,54.0,19.351085106388037,64.85681523227595
Amethi,2023-10-25 02:30:00,20.5,56.0,19.512939734427103,62.41645237080409
Amethi,2023-10-26 02:00:00,20.4,57.0,20.487831050612723,63.165105043765315
Amethi,2023-10-27 02:30:00,20.0,57.0,20.31707579173409,62.91365317794609
Amethi,2023-10-28 02:00:00,20.3,53.0,20.092119687013078,62.44564790217443
Amethi,2023-10-29 02:45:00,20.3,54.0,20.300562725341763,59.522224543955474
Amethi,2023-10-30 02:00:00,20.0,59.0,20.27644957485463,61.03645926793364
Amravati,2023-10-15 02:30:00,24.5,57.0,23.85211206627849,57.44905566298941
Amravati,2023-10-16 02:30:00,24.2,59.0,24.26945085071811,58.146323046454214
Amravati,2023-10-17 02:30:00,25.0,57.0,24.084416350089565,59.040328878609515
Amravati,2023-10-18 02:30:00,22.9,69.0,24.56612550796919,56.056151030463866
Amravati,2023-10-19 02:30:00,23.8,59.0,23.28633332998388,67.18112082869585
Amravati,2023-10-20 02:30:00,22.6,70.0,23.577490684365387,56.288036041939144
Amravati,2023-10-21 02:15:00,22.3,65.0,22.716432132388736,67.84464670437202
Amravati,2023-10-22 02:30:00,21.5,57.0,22.359306556548827,61.62732590761356
Amravati,2023-10-23 02:15:00,20.7,58.0,21.632577060597733,58.46182596354224
Amravati,2023-10-24 02:15:00,20.2,56.0,21.053903738081456,61.49811239349045
Amravati,2023-10-25 02:15:00,19.7,53.0,20.680274686813224,62.40842504375702
Amravati,2023-10-26 02:00:00,19.4,44.0,19.762642848242038,62.22072195139559
Amravati,2023-10-27 02:15:00,19.4,53.0,19.299764235953727,59.1891986468347
Amravati,2023-10-28 02:00:00,19.9,54.0,19.556103583290778,61.892068734446845
Amravati,2023-10-29 02:45:00,19.8,54.0,20.171620843703852,60.63339492974327
Amravati,2023-10-30 02:00:00,20.0,60.0,20.109631627220246,59.75572602524353
Amreli,2023-10-15 02:30:00,27.7,56.0,28.13709215323417,61.284966524012724
Amreli,2023-10-16 02:30:00,25.7,69.0,27.96155217504203,57.31039995079467
Amreli,2023-10-17 02:15:00,25.5,71.0,26.338550211541506,68.5481216070879
Amreli,2023-10-18 02:15:00,26.6,50.0,26.14357358093808,69.5588483046482
Amreli,2023-10-19 02:15:00,27.2,44.0,27.080768878482832,61.23657623200863
Amreli,2023-10-20 02:30:00,26.0,42.0,27.492199889745482,56.08753506848525
Amreli,2023-10-21 02:15:00,26.4,50.0,26.859715568708523,55.016221976485625
Amreli,2023-10-22 02:15:00,26.7,53.0,27.301520878162552,59.64868713630138
Amreli,2023-10-23 02:00:00,27.1,45.0,26.980141873682573,56.49667128667502
Amreli,2023-10-24 02:15:00,26.5,47.0,27.47182402089986,56.74402810813979
Amreli,2023-10-25 02:15:00,26.0,45.0,26.73359538315228,58.900804157291034
Amreli,2023-10-26 02:00:00,26.2,39.0,26.860280869000228,57.342297803135914
Amreli,2023-10-27 02:15:00,25.5,41.0,26.713072181715088,53.940840584703516
Amreli,2023-10-28 02:00:00,25.3,40.0,26.092253081941227,53.29401537596437
Amreli,2023-10-29 02:30:00,25.6,39.0,25.876471397664666,52.158730266083666
Amreli,2023-10-30 01:45:00,25.6,40.0,26.2130927164792,46.69575947442541
Amritsar,2023-10-15 02:30:00,20.0,88.0,22.953597290530166,86.97537402615549
Amritsar,2023-10-16 02:30:00,21.0,94.0,21.15536437554635,89.10886147033384
Amritsar,2023-10-17 02:30:00,18.0,94.0,20.61904403642155,92.11810701386474
Amritsar,2023-10-18 02:30:00,15.0,94.0,19.048897055413555,89.50774182146209
Amritsar,2023-10-19 02:15:00,17.0,94.0,15.271407691793748,90.66742079631724
Amritsar,2023-10-20 02:30:00,18.0,94.0,17.271010541059688,92.41139900008388
Amritsar,2023-10-21 02:15:00,18.0,94.0,18.446241087751595,94.21359549817176
Amritsar,2023-10-22 02:15:00,21.0,88.0,18.22495634848673,95.01637217926864
Amritsar,2023-10-23 02:15:00,19.0,94.0,20.367627072552246,93.18791361685628
Amritsar,2023-10-24 02:15:00,19.0,88.0,19.71155376736798,75.56302400726041
Amritsar,2023-10-25 02:15:00,19.0,88.0,19.257298389927175,90.16102503583836
Amritsar,2023-10-26 02:00:00,18.0,94.0,19.08858909036347,90.14302217047445
Amritsar,2023-10-27 02:15:00,17.0,94.0,18.495599417230746,93.77781808364675
Amritsar,2023-10-28 02:00:00,20.0,88.0,17.08047585939592,95.56466409414806
Amritsar,2023-10-29 02:45:00,21.0,83.0,19.964884000768908,93.05446635811415
Amritsar,2023-10-30 02:00:00,20.0,94.0,20.660456433594373,90.93889086374767
Anand,2023-10-15 02:30:00,28.2,55.0,28.265277961853435,54.04652445982727
Anand,2023-10-16 02:30:00,25.4,63.0,28.008974096547213,57.03459944462031
Anand,2023-10-17 02:15:00,27.0,50.0,26.07227001470282,56.067581492467376
Anand,2023-10-18 02:15:00,26.3,51.0,27.563990701784306,57.96378074284385
Anand,2023-10-19 02:15:00,26.0,52.0,26.768247734558237,58.386653381031515
Anand,2023-10-20 02:30:00,25.3,49.0,26.514773555573722,57.95214274544376
Anand,2023-10-21 02:15:00,26.0,45.0,25.75169199854701,58.129499831601564
Anand,2023-10-22 02:15:00,26.1,39.0,26.502543059681933,57.4090983359897
Anand,2023-10-23 02:00:00,26.3,40.0,27.080013098985127,52.04222754295023
Anand,2023-10-24 02:15:00,26.7,38.0,27.07311913298481,49.85262111135804
Anand,2023-10-25 02:15:00,25.3,35.0,26.827772993981068,50.320733601642026
Anand,2023-10-26 02:00:00,25.1,31.0,26.010923143469704,46.313742198834504
Anand,2023-10-27 02:15:00,25.4,34.0,25.43874420486188,45.63241637372037
Anand,2023-10-28 02:00:00,24.4,35.0,26.03548996724999,47.48326997357411
Anand,2023-10-29 02:30:00,24.7,34.0,25.315690318566098,46.949313910800676
Anand,2023-10-30 01:45:00,25.4,34.0,25.81551524858895,44.75029250577313
Anantapur,2023-10-15 02:30:00,24.3,51.0,23.967770342587077,60.035265825053386
Anantapur,2023-10-16 02:30:00,24.7,61.0,24.255013210542458,59.100921899226655
Anantapur,2023-10-17 02:15:00,26.0,60.0,24.569395161820154,60.376493045638156
Anantapur,2023-10-18 02:30:00,24.0,53.0,25.594299345302154,62.23023460834129
Anantapur,2023-10-19 02:15:00,23.4,69.0,24.215451688498135,58.48261607341889
Anantapur,2023-10-20 02:30:00,24.4,70.0,23.612479506512955,67.08744152778998
Anantapur,2023-10-21 02:15:00,24.2,69.0,24.238558841407755,69.05073538170241
Anantapur,2023-10-22 02:15:00,24.2,72.0,24.028746664278394,68.26815102486184
Anantapur,2023-10-23 02:00:00,22.4,56.0,24.01704709674707,69.85017555209797
Anantapur,2023-10-24 02:15:00,21.6,49.0,22.47744313390333,64.44261776882426
Anantapur,2023-10-25 02:15:00,21.6,46.0,21.679198382928654,65.63749219165715
Anantapur,2023-10-26 02:00:00,21.4,52.0,21.588980014954284,65.57287144287478
Anantapur,2023-10-27 02:15:00,21.1,54.0,21.39621224130129,63.96636359428079
Anantapur,2023-10-28 02:00:00,22.5,79.0,21.31443049458527,63.9578838190983
Anantapur,2023-10-29 02:30:00,23.4,80.0,22.26668806857234,70.94339168996692
Anantapur,2023-10-30 01:45:00,24.9,71.0,23.318193445836762,77.71981345646992
Anantnag,2023-10-16 02:30:00,10.6,56.0,9.78912750286979,64.19778447953455
Anantnag,2023-10-17 02:15:00,8.9,89.0,9.606209623836058,73.68589993096988
Anantnag,2023-10-18 02:15:00,8.5,81.0,9.124552063380564,75.57128093108793
Anantnag,2023-10-19 02:15:00,8.5,61.0,8.598969200866808,66.10353477914833
Anantnag,2023-10-20 02:15:00,9.0,56.0,8.660031344202336,54.67371597446267
Anantnag,2023-10-21 02:15:00,9.5,52.0,9.088383162744996,55.3270797235743
Anantnag,2023-10-22 02:15:00,10.5,47.0,9.448850440982515,55.842479400852405
Anantnag,2023-10-23 02:00:00,6.7,82.0,9.784228046025676,55.36432417759535
Anantnag,2023-10-24 02:15:00,8.7,53.0,6.997543564254381,52.134011758634955
Anantnag,2023-10-25 02:15:00,8.4,61.0,8.391460113044394,57.284307294797195
Anantnag,2023-10-26 02:00:00,8.9,43.0,8.340026797181057,52.630948316801984
Anantnag,2023-10-27 02:15:00,9.1,45.0,8.899865747524375,42.298180965907115
Anantnag,2023-10-28 02:00:00,9.5,47.0,8.810122017470176,51.34064376710704
Anantnag,2023-10-29 02:30:00,9.6,44.0,9.294078238400829,46.851174576663375
Anantnag,2023-10-30 01:45:00,10.1,37.0,9.58796809701224,49.11043181499789
Anugul,2023-10-15 02:30:00,20.8,75.0,21.33860112358063,79.46693918194862
Anugul,2023-10-16 02:30:00,22.0,71.0,20.58235706757916,74.7010110379443
Anugul,2023-10-17 02:30:00,22.0,71.0,21.26497255319372,71.70564738733665
Anugul,2023-10-18 02:30:00,22.5,82.0,21.984422912222204,71.0842477903753
Anugul,2023-10-19 02:30:00,22.0,88.0,22.2742764056915,77.89923749106234
Anugul,2023-10-20 02:30:00,21.9,85.0,21.758326439022103,80.3260438800416
Anugul,2023-10-21 02:15:00,21.7,82.0,21.8277597107896,80.43921329716467
Anugul,2023-10-22 02:30:00,20.0,77.0,21.109674969998995,78.84395597258947
Anugul,2023-10-23 02:15:00,18.5,71.0,20.677526892037474,79.91962894248215
Anugul,2023-10-24 02:15:00,19.4,81.0,18.982182680281447,72.38314242754294
Anugul,2023-10-25 02:15:00,19.1,88.0,19.208911459889332,78.23826333234557
Anugul,2023-10-26 02:00:00,19.9,76.0,19.002695116291257,80.69195812558192
Anugul,2023-10-27 02:15:00,19.3,69.0,19.338708207792394,75.21423133314526
Anugul,2023-10-28 02:00:00,18.8,70.0,18.85569782128341,72.02025509802706
Anugul,2023-10-29 02:45:00,19.2,70.0,18.71877839583267,68.83518883592707
Anugul,2023-10-30 02:00:00,19.6,75.0,18.699190911459183,69.37940383951101
Anuppur,2023-10-15 02:30:00,20.7,54.0,20.686884669401202,61.37695565995945
Anuppur,2023-10-16 02:30:00,20.5,58.0,20.503005371941335,59.680822950732626
Anuppur,2023-10-17 02:15:00,19.2,72.0,20.741689671943547,61.08517819176147
Anuppur,2023-10-18 02:15:00,19.0,82.0,19.315234175178887,68.94012156284495
Anuppur,2023-10-19 02:15:00,18.2,78.0,18.795734213829455,73.83473492531057
Anuppur,2023-10-20 02:15:00,18.5,70.0,17.63138534175387,72.63223190531681
Anuppur,2023-10-21 02:00:00,18.5,59.0,17.868501324549758,68.15762489459975
Anuppur,2023-10-22 02:15:00,17.5,62.0,17.568454032659336,62.04281918030642
Anuppur,2023-10-23 02:00:00,14.8,62.0,16.67984518482861,63.733339138503915
Anuppur,2023-10-24 02:15:00,15.7,66.0,14.237928022378913,65.31133369203019
Anuppur,2023-10-25 02:15:00,16.8,65.0,15.454546875734586,66.69608698346556
Anuppur,2023-10-26 02:00:00,16.2,57.0,16.474538195840317,63.779912537359664
Anuppur,2023-10-27 02:15:00,15.9,51.0,15.65876385032616,62.581388383052975
Anuppur,2023-10-28 02:00:00,15.9,53.0,15.04535813407019,63.98798266999884
Anuppur,2023-10-29 02:30:00,16.3,54.0,15.189700899802665,63.953054303391525
Anuppur,2023-10-30 01:45:00,16.3,60.0,15.849225329200372,62.406697302217324
Araria,2023-10-15 02:30:00,21.8,71.0,22.62151370637814,69.37506090008691
Araria,2023-10-16 02:30:00,23.0,76.0,22.13102422567375,68.11782953751978
Araria,2023-10-17 02:15:00,22.2,81.0,22.29447684835456,68.20849907804536
Araria,2023-10-18 02:30:00,22.1,81.0,21.8898917517527,73.22185355788304
Araria,2023-10-19 02:15:00,21.3,78.0,21.574200875451805,72.20796440684437
Araria,2023-10-20 02:30:00,21.1,82.0,20.63994408429899,70.48028552680523
Araria,2023-10-21 02:15:00,20.6,80.0,20.53311884586397,75.39935950180393
Araria,2023-10-22 02:15:00,21.1,74.0,20.23982392430037,75.06644216342572
Araria,2023-10-23 02:00:00,20.8,74.0,20.372514911276888,69.12991586185575
Araria,2023-10-24 02:15:00,20.3,73.0,20.78195487110534,72.07421762285053
Araria,2023-10-25 02:15:00,20.8,67.0,20.392240874075586,69.60359758236132
Araria,2023-10-26 02:00:00,21.1,79.0,20.78489997559535,69.74652097090853
Araria,2023-10-27 02:15:00,20.8,68.0,20.65832878378765,72.04027878471628
Araria,2023-10-28 02:00:00,20.3,69.0,20.337021859316426,68.59051498903897
Araria,2023-10-29 02:30:00,21.0,72.0,19.978858575948465,67.21468808342577
Araria,2023-10-30 01:45:00,21.2,71.0,20.352127761835806,66.46194488535988
Ariyalur,2023-10-15 02:30:00,24.0,100.0,25.520302907898518,91.25612725427544
Ariyalur,2023-10-16 02:30:00,27.0,94.0,24.711089464149616,94.18949776603924
Ariyalur,2023-10-17 02:30:00,25.0,94.0,25.08382446788096,91.81825770810457
Ariyalur,2023-10-18 02:30:00,26.0,89.0,25.09847999777186,92.83115245439974
Ariyalur,2023-10-19 02:30:00,26.0,94.0,25.772812492915108,87.87952818569465
Ariyalur,2023-10-20 02:30:00,26.0,94.0,25.925797047944677,91.61307110432712
Ariyalur,2023-10-21 02:15:00,26.0,84.0,25.893078594171374,92.86796518253946
Ariyalur,2023-10-22 02:30:00,26.0,89.0,25.966882516603196,86.65734579659727
Ariyalur,2023-10-23 02:15:00,27.0,89.0,25.914352740213573,86.25466861169718
Ariyalur,2023-10-24 02:15:00,26.0,89.0,26.689492482411175,87.40110733091353
Ariyalur,2023-10-25 02:30:00,28.0,79.0,25.90206764705359,88.04504008135956
Ariyalur,2023-10-26 02:00:00,27.0,89.0,27.030002444379313,85.49667495795002
Ariyalur,2023-10-27 02:15:00,27.0,79.0,26.747182598012852,86.2438591569174
Ariyalur,2023-10-28 02:00:00,26.0,89.0,26.647827590586477,82.11320560307651
Ariyalur,2023-10-29 02:45:00,26.0,89.0,25.92825742461529,88.98771560798731
Ariyalur,2023-10-30 02:00:00,25.0,94.0,25.259931971092254,92.65183163909931
Arong,2023-10-15 02:30:00,27.6,80.0,27.197163132425455,82.32006579158279
Arong,2023-10-16 02:30:00,28.0,77.0,27.612431811203958,77.44237127337418
Arong,2023-10-17 02:15:00,27.4,79.0,26.803436568491303,77.84933720689361
Arong,2023-10-18 02:30:00,27.0,84.0,26.406935777082058,84.63113466355576
Arong,2023-10-19 02:15:00,27.6,81.0,27.24741312747061,82.6015581141203
Arong,2023-10-20 02:30:00,27.7,76.0,27.330773665685673,76.95512548151584
Arong,2023-10-21 02:15:00,27.7,79.0,27.49274758048782,78.08979362030591
Arong,2023-10-22 02:15:00,27.5,76.0,27.105349919062245,80.83766323714079
Arong,2023-10-23 02:15:00,27.3,79.0,27.167153486069488,77.41265357241777
Arong,2023-10-24 02:15:00,27.8,74.0,27.19837857459912,77.20233635680295
Arong,2023-10-25 02:15:00,27.9,75.0,27.310337600343892,73.69434936513704
Arong,2023-10-26 02:00:00,27.4,76.0,27.52262989190372,79.75740309219748
Arong,2023-10-27 02:15:00,27.5,75.0,27.287588150864455,76.09414559562238
Arong,2023-10-28 02:00:00,27.5,78.0,27.27646073125757,74.72535088076566
Arong,2023-10-29 02:30:00,27.7,74.0,27.328743083227035,74.37886716354566
Arong,2023-10-30 01:45:00,27.9,74.0,27.820031016882133,74.12411009322749
Arwal,2023-10-15 02:30:00,26.0,89.0,25.23588448196079,77.12749854555737
Arwal,2023-10-16 02:30:00,26.0,89.0,26.125197135304926,89.35054776188565
Arwal,2023-10-17 02:15:00,23.0,83.0,24.699580449716322,95.04101867847687
Arwal,2023-10-18 02:30:00,26.0,94.0,23.72381148528936,88.78181491785685
Arwal,2023-10-19 02:15:00,20.9,69.0,24.657038507997246,77.59126491255573
Arwal,2023-10-20 02:30:00,25.0,94.0,22.038303711224298,78.43863836473915
Arwal,2023-10-21 02:15:00,23.0,94.0,23.353992808089757,85.59941076829188
Arwal,2023-10-22 02:15:00,22.0,100.0,23.202176664562757,93.85169858066442
Arwal,2023-10-23 02:00:00,22.0,94.0,22.131419443984676,92.33169633801282
Arwal,2023-10-24 02:15:00,26.0,79.0,22.15611213379045,94.59574698619858
Arwal,2023-10-25 02:15:00,26.0,79.0,23.804808228753142,80.96593738311739
Arwal,2023-10-26 02:00:00,24.0,83.0,25.411572013702465,80.48126777525569
Arwal,2023-10-27 02:15:00,23.0,89.0,23.714100488724068,82.84160202562633
Arwal,2023-10-28 02:00:00,24.0,94.0,22.801455895145907,88.02416045025436
Arwal,2023-10-29 02:30:00,22.0,94.0,23.680572023062787,90.5453218524163
Arwal,2023-10-30 01:45:00,24.0,89.0,22.251604236660455,90.81167561889727
Ashoknagar,2023-10-15 02:30:00,24.9,46.0,24.27345009335162,52.638921112372365
Ashoknagar,2023-10-16 02:30:00,23.7,45.0,24.774821681812732,52.63995028406474
Ashoknagar,2023-10-17 02:15:00,19.6,79.0,23.929880624751203,49.45451591206668
Ashoknagar,2023-10-18 02:15:00,22.0,57.0,20.975329493280846,54.73160326562623
Ashoknagar,2023-10-19 02:15:00,22.0,61.0,21.382936261583886,62.497206930634995
Ashoknagar,2023-10-20 02:15:00,21.2,47.0,21.82594006178499,56.46544074425686
Ashoknagar,2023-10-21 02:00:00,21.3,51.0,21.0598074199675,58.84008721264329
Ashoknagar,2023-10-22 02:15:00,21.3,49.0,20.884988440102727,60.48296655676632
Ashoknagar,2023-10-23 02:00:00,21.0,49.0,21.14085244717897,58.165986733965035
Ashoknagar,2023-10-24 02:15:00,20.4,48.0,21.44165532022821,61.23537938117195
Ashoknagar,2023-10-25 02:15:00,20.3,44.0,20.827564855035654,61.858423797588664
Ashoknagar,2023-10-26 02:00:00,20.8,42.0,20.558179246381172,57.79932723020643
Ashoknagar,2023-10-27 02:15:00,21.1,38.0,20.815404988976375,53.96731886590325
Ashoknagar,2023-10-28 02:00:00,20.1,31.0,20.972610871006868,51.26387468475691
Ashoknagar,2023-10-29 02:30:00,20.9,37.0,20.68626172302057,47.840749579549545
Ashoknagar,2023-10-30 01:45:00,20.8,40.0,20.57254533097478,49.034388036849926
Auraiya,2023-10-15 02:30:00,26.2,40.0,25.690976611240156,46.556156363978296
Auraiya,2023-10-16 02:30:00,26.1,45.0,26.285865548366495,45.01965264903344
Auraiya,2023-10-17 02:30:00,21.0,78.0,26.55857561752981,48.781049836769895
Auraiya,2023-10-18 02:30:00,22.8,64.0,22.643917296577428,51.39504837703511
Auraiya,2023-10-19 02:30:00,23.2,47.0,22.48607335212948,63.83593732724829
Auraiya,2023-10-20 02:30:00,22.1,44.0,22.76444979486537,55.961589501435775
Auraiya,2023-10-21 02:15:00,21.7,45.0,21.86491045737509,50.60378290665572
Auraiya,2023-10-22 02:30:00,21.6,49.0,21.953545767885963,53.660215593394184
Auraiya,2023-10-23 02:15:00,21.7,52.0,21.727118411012665,57.706765412667814
Auraiya,2023-10-24 02:15:00,22.0,44.0,21.85922269918427,59.547863793581364
Auraiya,2023-10-25 02:30:00,21.9,50.0,21.85958647698057,52.05158173979115
Auraiya,2023-10-26 02:00:00,21.8,41.0,22.003585633587935,56.405968467765426
Auraiya,2023-10-27 02:30:00,21.7,36.0,21.584445224466933,51.12319631600047
Auraiya,2023-10-28 02:00:00,22.0,38.0,21.920236026542415,47.588757637818034
Auraiya,2023-10-29 02:45:00,22.7,36.0,22.119243546535863,49.61819912337862
Auraiya,2023-10-30 02:00:00,22.4,40.0,22.638233958836594,45.03860903037183
Aurangabad,2023-10-15 02:30:00,25.8,47.0,24.230058907403023,64.02650048508382
Aurangabad,2023-10-16 02:30:00,24.0,56.0,25.359006271382842,61.870652663430974
Aurangabad,2023-10-17 02:15:00,24.5,55.0,24.69802057680552,58.29419544798579
Aurangabad,2023-10-18 02:15:00,23.0,63.0,24.629127699892184,57.55431759122309
Aurangabad,2023-10-19 02:15:00,25.5,52.0,23.746433385945398,58.01586883536679
Aurangabad,2023-10-20 02:30:00,23.8,58.0,24.94309957471683,56.78486314592185
Aurangabad,2023-10-21 02:15:00,22.8,59.0,24.407482917031263,59.053408469719415
Aurangabad,2023-10-22 02:15:00,22.2,56.0,23.15915664910601,59.139212085185164
Aurangabad,2023-10-23 02:00:00,21.7,48.0,22.632512793677552,58.025724469082164
Aurangabad,2023-10-24 02:15:00,21.8,50.0,22.12580155311517,60.62115266574305
Aurangabad,2023-10-25 02:15:00,20.9,54.0,22.212405621555,62.811474327177024
Aurangabad,2023-10-26 02:00:00,20.7,42.0,21.67950071281611,60.75382839543725
Aurangabad,2023-10-27 02:15:00,20.3,44.0,20.695746428067892,58.56187093809318
Aurangabad,2023-10-28 02:00:00,19.2,51.0,20.70324963003853,63.29564476113793
Aurangabad,2023-10-29 02:30:00,19.9,52.0,19.25273062849862,61.269670805044846
Aurangabad,2023-10-30 01:45:00,20.5,47.0,20.556725868568368,61.1790542745261
Azamgarh,2023-10-15 02:30:00,23.4,58.0,23.1778399623402,56.90714396424055
Azamgarh,2023-10-16 02:30:00,23.8,67.0,23.21514608786246,60.20033379242345
Azamgarh,2023-10-17 02:30:00,22.8,85.0,23.823282833361507,74.32123012988706
Azamgarh,2023-10-18 02:30:00,22.0,77.0,22.907917798640845,81.43476683967043
Azamgarh,2023-10-19 02:30:00,21.4,62.0,21.64432246489797,69.4361568874731
Azamgarh,2023-10-20 02:30:00,21.3,54.0,20.97401256322824,63.28252834839865
Azamgarh,2023-10-21 02:15:00,21.1,57.0,20.860305696392054,58.328041634780405
Azamgarh,2023-10-22 02:30:00,20.9,54.0,20.82094365789953,61.29471985235606
Azamgarh,2023-10-23 02:15:00,21.3,54.0,20.563576272874936,58.759320485665235
Azamgarh,2023-10-24 02:15:00,21.2,52.0,20.711343726803523,59.96929806522558
Azamgarh,2023-10-25 02:30:00,22.1,57.0,21.276346567770496,62.91928738995668
Azamgarh,2023-10-26 02:00:00,22.1,66.0,21.70265060232015,61.28093946085675
Azamgarh,2023-10-27 02:30:00,21.8,55.0,21.663276876941715,65.31867111710596
Azamgarh,2023-10-28 02:00:00,21.6,49.0,21.23699953325028,60.121596045369024
Azamgarh,2023-10-29 02:45:00,21.8,47.0,20.962736634116354,57.00017613886294
Azamgarh,2023-10-30 02:00:00,21.6,50.0,21.317802115029885,58.073438688959385
Badgam,2023-10-15 02:30:00,7.1,73.0,10.033406035203397,60.433514504161366
Badgam,2023-10-16 02:30:00,7.5,66.0,7.2351547825253215,69.85834845802974
Badgam,2023-10-17 02:15:00,5.0,92.0,6.849559262687885,81.10609648178976
Badgam,2023-10-18 02:15:00,3.5,87.0,5.8421293217277475,88.32465753319984
Badgam,2023-10-19 02:15:00,5.3,61.0,4.362703434577348,75.98599937772994
Badgam,2023-10-20 02:15:00,6.2,52.0,5.108722588166869,56.56598786907836
Badgam,2023-10-21 02:15:00,6.3,46.0,6.1237918522304895,52.83723798488227
Badgam,2023-10-22 02:15:00,7.4,45.0,5.864028841841583,53.87432547068182
Badgam,2023-10-23 02:00:00,3.8,83.0,7.205835879539769,54.295077114128496
Badgam,2023-10-24 02:15:00,5.7,57.0,5.007723562592179,46.8697134847418
Badgam,2023-10-25 02:15:00,6.0,58.0,5.760711645329053,57.84549453700228
Badgam,2023-10-26 02:00:00,6.6,44.0,6.570697906990802,46.48566328888811
Badgam,2023-10-27 02:15:00,6.5,45.0,6.191617096361057,41.7527730310438
Badgam,2023-10-28 02:00:00,6.5,46.0,6.26050418079469,50.15538580830383
Badgam,2023-10-29 02:30:00,6.4,45.0,6.353491855974698,43.73393247229089
Badgam,2023-10-30 01:45:00,7.3,37.0,6.681940755008186,49.00110658337263
Bagalkot,2023-10-15 02:30:00,25.9,51.0,25.47613451047338,56.596630095377584
Bagalkot,2023-10-16 02:30:00,25.4,53.0,25.878411566675272,57.83750666950015
Bagalkot,2023-10-17 02:30:00,26.4,54.0,25.4553907238753,56.68786775796456
Bagalkot,2023-10-18 02:30:00,25.2,56.0,26.04613777633718,56.89140832093839
Bagalkot,2023-10-19 02:15:00,24.3,55.0,25.21477480595319,56.63357457999651
Bagalkot,2023-10-20 02:30:00,24.8,51.0,24.600715605777452,57.11538977853382
Bagalkot,2023-10-21 02:15:00,24.7,55.0,24.621463297296458,57.45091039958877
Bagalkot,2023-10-22 02:15:00,24.6,60.0,24.71731024327158,56.697708643835284
Bagalkot,2023-10-23 02:15:00,22.4,54.0,24.5484330575058,60.854325605969855
Bagalkot,2023-10-24 02:15:00,22.7,51.0,23.084620229233874,56.51054846776002
Bagalkot,2023-10-25 02:15:00,21.7,52.0,22.802637267461197,59.249918097132024
Bagalkot,2023-10-26 02:00:00,21.6,51.0,22.195384271960897,60.34835383453657
Bagalkot,2023-10-27 02:15:00,20.7,49.0,21.414657568916354,60.904095739164454
Bagalkot,2023-10-28 02:00:00,20.7,48.0,20.907518768183362,64.5162637111497
Bagalkot,2023-10-29 02:30:00,25.1,54.0,20.9653768613177,59.68571607097661
Bagalkot,2023-10-30 02:00:00,25.1,64.0,23.957368822810537,58.08945332853138
Bageshwar,2023-10-15 02:30:00,2.9,73.0,5.685797136502304,79.45067651138709
Bageshwar,2023-10-16 02:30:00,1.8,72.0,1.4493696091941035,69.35148136861221
Bageshwar,2023-10-17 02:15:00,3.8,77.0,0.40515737469575863,77.61157568232764
Bageshwar,2023-10-18 02:30:00,-0.7,60.0,2.358210158897455,70.97499305359531
Bageshwar,2023-10-19 02:15:00,1.7,56.0,-0.6036754200977228,62.656755655740895
Bageshwar,2023-10-20 02:30:00,1.6,62.0,-0.003651017426681724,60.98114189950848
Bageshwar,2023-10-21 02:15:00,1.9,64.0,0.47581327253357797,65.96756721424215
Bageshwar,2023-10-22 02:15:00,1.4,69.0,0.4362398007675439,65.9880682985326
Bageshwar,2023-10-23 02:15:00,1.4,52.0,0.46716796036459374,70.19065954917778
Bageshwar,2023-10-24 02:15:00,1.9,50.0,0.5586400345501812,55.27041053613209
Bageshwar,2023-10-25 02:15:00,1.7,34.0,0.669224577457525,46.93276622406113
Bageshwar,2023-10-26 02:00:00,2.0,42.0,0.7053655965614278,41.050515352360385
Bageshwar,2023-10-27 02:15:00,2.6,58.0,0.39326222630341423,54.20169057657821
Bageshwar,2023-10-28 02:00:00,3.2,65.0,0.41499053792440455,63.90824371245026
Bageshwar,2023-10-29 02:30:00,3.7,66.0,2.6020692518470825,64.98980938872958
Bageshwar,2023-10-30 01:45:00,3.3,62.0,2.150061343068892,66.47016575145933
Baghpat,2023-10-15 02:30:00,24.0,74.0,25.037669315309778,66.67626877007383
Baghpat,2023-10-16 02:30:00,26.0,65.0,24.462290024362186,72.73018186568977
Baghpat,2023-10-17 02:30:00,19.0,94.0,25.22278966502787,71.79666290112105
Baghpat,2023-10-18 02:30:00,21.0,78.0,21.244187616703474,87.62620624985544
Baghpat,2023-10-19 02:30:00,21.0,69.0,20.361277093019,80.16211522923462
Baghpat,2023-10-20 02:30:00,21.0,69.0,20.99284320159417,69.67203881406927
Baghpat,2023-10-21 02:15:00,20.0,73.0,21.26461345353533,69.59517886521927
Baghpat,2023-10-22 02:30:00,21.0,69.0,20.755686970461717,75.17008693310959
Baghpat,2023-10-23 02:15:00,21.0,78.0,20.647876426105366,73.00832546671005
Baghpat,2023-10-24 02:15:00,22.0,65.0,21.48014525042918,76.42466018064906
Baghpat,2023-10-25 02:30:00,21.0,64.0,22.155195782592635,66.98052593543643
Baghpat,2023-10-26 02:00:00,22.0,61.0,21.639712713493225,67.11710422748384
Baghpat,2023-10-27 02:30:00,21.0,60.0,22.15950034857007,66.25105953024817
Baghpat,2023-10-28 02:00:00,20.0,60.0,21.50360190107391,70.07248938078224
Baghpat,2023-10-29 02:45:00,20.0,73.0,20.763176580326576,74.46295966887176
Baghpat,2023-10-30 02:00:00,22.0,69.0,19.886031529391243,77.73205743390884
Bahraich,2023-10-15 02:30:00,22.7,64.0,21.924833504994155,61.42606500948482
Bahraich,2023-10-16 02:30:00,23.1,66.0,22.51144860306777,62.30813401111612
Bahraich,2023-10-17 02:30:00,21.3,80.0,23.096327770197735,65.10966109172767
Bahraich,2023-10-18 02:30:00,20.5,77.0,21.482092356874155,78.1272596512702
Bahraich,2023-10-19 02:30:00,19.3,70.0,20.368349572953722,71.45395855094543
Bahraich,2023-10-20 02:30:00,18.8,59.0,19.08216872407089,66.53322557052549
Bahraich,2023-10-21 02:15:00,18.9,53.0,18.164175899306848,63.63818161125083
Bahraich,2023-10-22 02:30:00,20.0,58.0,18.086885140325748,63.08987394997739
Bahraich,2023-10-23 02:15:00,19.9,65.0,19.650876391617835,63.770815877027395
Bahraich,2023-10-24 02:15:00,20.0,64.0,19.740256235308685,63.062175554844046
Bahraich,2023-10-25 02:30:00,21.2,69.0,20.343762062405748,63.640775127168816
Bahraich,2023-10-26 02:00:00,20.7,60.0,20.80411273629195,65.89965058562309
Bahraich,2023-10-27 02:30:00,20.5,58.0,20.512289227876625,63.894245721263616
Bahraich,2023-10-28 02:00:00,20.3,55.0,20.270400782842117,62.058453214427935
Bahraich,2023-10-29 02:45:00,20.4,53.0,20.47104612583772,60.268248798878254
Bahraich,2023-10-30 02:00:00,20.3,57.0,20.292257618674864,60.206174479434395
Baksa Duar,2023-10-15 02:30:00,15.3,82.0,15.256307158568696,85.76448446786397
Baksa Duar,2023-10-16 02:30:00,14.8,82.0,14.675289786462745,80.576340263924
Baksa Duar,2023-10-17 02:15:00,15.5,71.0,13.940691029645953,74.50116752658494
Baksa Duar,2023-10-18 02:15:00,15.0,60.0,14.448327702620865,65.65496426811441
Baksa Duar,2023-10-19 02:15:00,13.8,75.0,14.29588348199167,64.38597613067674
Baksa Duar,2023-10-20 02:30:00,14.1,65.0,12.639971275898334,68.50410848463743
Baksa Duar,2023-10-21 02:15:00,14.2,60.0,12.487720908285427,64.40891523775166
Baksa Duar,2023-10-22 02:15:00,14.7,54.0,13.275403016125903,59.27701048010387
Baksa Duar,2023-10-23 02:15:00,14.5,47.0,13.721134216416313,55.637086413410806
Baksa Duar,2023-10-24 02:15:00,15.6,48.0,13.412978950898061,50.90818967687757
Baksa Duar,2023-10-25 02:15:00,15.2,48.0,15.216021992526668,52.313932763077155
Baksa Duar,2023-10-26 02:00:00,14.9,52.0,14.798271945957886,55.85096289049935
Baksa Duar,2023-10-27 02:15:00,14.3,61.0,13.964741680248753,58.639097698252975
Baksa Duar,2023-10-28 02:00:00,13.9,71.0,13.58053649686035,63.78412899763236
Baksa Duar,2023-10-29 02:30:00,14.8,71.0,12.698491071492837,67.75772948763506
Baksa Duar,2023-10-30 01:45:00,15.4,62.0,13.737136686232006,64.9448653594274
Balaghat,2023-10-15 02:30:00,23.1,71.0,21.79145738173667,66.94852026136995
Balaghat,2023-10-16 02:30:00,22.4,74.0,22.727740447044123,69.99242070310885
Balaghat,2023-10-17 02:15:00,21.4,71.0,22.39673015244669,72.9368621396033
Balaghat,2023-10-18 02:15:00,22.0,75.0,21.66937768779651,70.44331449065693
Balaghat,2023-10-19 02:15:00,20.5,74.0,21.82027359868995,70.12683603297732
Balaghat,2023-10-20 02:15:00,20.5,81.0,21.0367480488233,73.68425957501493
Balaghat,2023-10-21 02:00:00,19.1,69.0,20.16846083592308,76.32392571944767
Balaghat,2023-10-22 02:15:00,18.5,67.0,18.655254382241818,69.6173576307528
Balaghat,2023-10-23 02:00:00,17.9,68.0,18.366009743897443,66.3342702025048
Balaghat,2023-10-24 02:15:00,17.1,65.0,18.12135924580775,67.97571954156645
Balaghat,2023-10-25 02:15:00,17.2,68.0,16.96865637427697,65.70315897402983
Balaghat,2023-10-26 02:00:00,17.2,61.0,16.578082893059047,69.28384635384496
Balaghat,2023-10-27 02:15:00,16.7,55.0,16.485586230047605,65.41707591734408
Balaghat,2023-10-28 02:00:00,17.3,68.0,16.05241069513887,64.07238628086297
Balaghat,2023-10-29 02:30:00,17.1,70.0,16.528256566286693,68.38757832293116
Balaghat,2023-10-30 01:45:00,18.2,69.0,17.037991901215225,68.4143582622831
Balangir,2023-10-15 02:30:00,22.5,75.0,22.440698855352064,76.78317034061563
Balangir,2023-10-16 02:30:00,21.3,70.0,21.926846603183684,73.41792059268866
Balangir,2023-10-17 02:30:00,21.1,74.0,20.903415409781253,70.9831741928685
Balangir,2023-10-18 02:30:00,21.8,79.0,21.118335654553068,73.46346555681941
Balangir,2023-10-19 02:30:00,21.4,86.0,21.40405203274854,76.69281936439839
Balangir,2023-10-20 02:30:00,21.2,87.0,21.085207184380128,79.34398502813856
Balangir,2023-10-21 02:15:00,20.6,85.0,20.786077314076405,80.89952607174617
Balangir,2023-10-22 02:30:00,19.2,76.0,20.291333044022704,78.8619084849928
Balangir,2023-10-23 02:15:00,18.3,78.0,18.864220775126075,76.4830021764233
Balangir,2023-10-24 02:15:00,18.4,85.0,18.398427860681565,78.53892498435752
Balangir,2023-10-25 02:30:00,20.2,89.0,18.12845890685801,82.11098496209799
Balangir,2023-10-26 02:00:00,19.4,81.0,19.700918473120343,78.69803744984307
Balangir,2023-10-27 02:15:00,18.3,72.0,18.894043570941538,77.3002918481649
Balangir,2023-10-28 02:00:00,17.9,73.0,18.040554832230214,71.81847048475313
Balangir,2023-10-29 02:45:00,17.6,73.0,17.615516077038656,72.64523714825079
Balangir,2023-10-30 02:00:00,18.0,78.0,16.990125195264152,73.05201981599781
Baleshwar,2023-10-15 02:30:00,23.2,79.0,24.258517838993335,77.8512547877565
Baleshwar,2023-10-16 02:30:00,22.7,72.0,22.720995690738096,77.45784618553893
Baleshwar,2023-10-17 02:30:00,23.5,81.0,22.683061528019945,70.57481543413847
Baleshwar,2023-10-18 02:30:00,23.6,80.0,22.97831994989977,77.89316033888522
Baleshwar,2023-10-19 02:30:00,23.7,79.0,23.105839331272144,77.80541681606998
Baleshwar,2023-10-20 02:30:00,22.8,81.0,22.812986240022774,76.81845931823555
Baleshwar,2023-10-21 02:15:00,21.8,76.0,22.128501463113423,78.03732090604086
Baleshwar,2023-10-22 02:30:00,20.9,72.0,21.627049163882834,74.40357724060051
Baleshwar,2023-10-23 02:15:00,22.4,72.0,21.21044183524941,71.04037660634256
Baleshwar,2023-10-24 02:15:00,21.9,94.0,22.247161114828188,69.53885465412185
Baleshwar,2023-10-25 02:15:00,23.1,82.0,22.125927575748694,86.33069419322032
Baleshwar,2023-10-26 02:00:00,23.0,82.0,22.674398198612856,78.30337513845049
Baleshwar,2023-10-27 02:15:00,23.6,82.0,22.75725629222617,78.6227161975017
Baleshwar,2023-10-28 02:00:00,24.7,72.0,23.449544295518955,79.66873898000723
Baleshwar,2023-10-29 02:45:00,21.6,66.0,23.85578992487954,70.25848928700509
Baleshwar,2023-10-30 02:00:00,20.9,71.0,21.28020251759307,67.14160098947808
Ballia,2023-10-15 02:30:00,22.8,64.0,22.711596857450054,57.72490856382556
Ballia,2023-10-16 02:30:00,23.5,72.0,22.484915961561807,61.3746331597729
Ballia,2023-10-17 02:30:00,23.1,84.0,23.39941794450092,72.92334400522603
Ballia,2023-10-18 02:30:00,22.2,81.0,23.318090132706445,81.99263961624362
Ballia,2023-10-19 02:30:00,21.1,64.0,21.729152768109977,71.79840992899473
Ballia,2023-10-20 02:30:00,21.1,52.0,20.77128730954218,63.847465356977295
Ballia,2023-10-21 02:15:00,20.7,56.0,20.58854628752349,58.76812120195132
Ballia,2023-10-22 02:30:00,21.0,61.0,20.55231334069879,62.30873108636781
Ballia,2023-10-23 02:15:00,20.4,62.0,20.61943761188701,64.09037713964545
Ballia,2023-10-24 02:15:00,20.9,61.0,20.821135663111768,65.55422705255334
Ballia,2023-10-25 02:30:00,21.9,64.0,20.84055001405852,65.93560182550873
Ballia,2023-10-26 02:00:00,20.8,56.0,21.44534201432069,62.56716898898795
Ballia,2023-10-27 02:30:00,21.1,63.0,20.886654778981846,64.02325326833353
Ballia,2023-10-28 02:00:00,21.3,54.0,20.804361892439577,63.940613740459824
Ballia,2023-10-29 02:45:00,21.3,50.0,20.464253629236293,60.97102608093599
Ballia,2023-10-30 02:00:00,21.0,53.0,20.59433377280096,57.07208897253063
Balod,2023-10-15 02:30:00,22.1,70.0,22.228784511240598,70.03667417547764
Balod,2023-10-16 02:30:00,21.9,70.0,22.018287929637832,69.66723505714751
Balod,2023-10-17 02:30:00,20.9,71.0,21.651885592355924,69.38878165004232
Balod,2023-10-18 02:30:00,21.6,72.0,21.234830560723843,70.70868377049011
Balod,2023-10-19 02:15:00,20.8,83.0,21.465433485488305,70.06467234346196
Balod,2023-10-20 02:30:00,20.8,87.0,21.01470331828545,78.26240593348452
Balod,2023-10-21 02:15:00,19.7,86.0,20.523982011617488,80.67462073451486
Balod,2023-10-22 02:15:00,18.0,71.0,19.323869770847402,81.91057732988396
Balod,2023-10-23 02:15:00,17.2,72.0,18.112149687004965,73.71990666086526
Balod,2023-10-24 02:15:00,17.0,78.0,16.923664136946837,73.02995309048323
Balod,2023-10-25 02:15:00,17.6,75.0,16.997192949565736,76.49240572621667
Balod,2023-10-26 02:00:00,17.9,68.0,17.098800721254527,73.86909868802789
Balod,2023-10-27 02:15:00,17.1,65.0,17.86091265639959,71.01799341776949
Balod,2023-10-28 02:00:00,17.6,70.0,16.743215362950487,64.79408048390462
Balod,2023-10-29 02:30:00,17.3,74.0,17.018677948740706,69.37929076366221
Balod,2023-10-30 01:45:00,17.9,76.0,16.90852329343713,74.96194160342279
Baloda Bazar,2023-10-15 02:30:00,22.3,69.0,23.85483955641103,67.91817957482927
Baloda Bazar,2023-10-16 02:30:00,22.4,71.0,22.42942073149616,66.56977114506832
Baloda Bazar,2023-10-17 02:30:00,22.2,70.0,22.374142886019047,69.09073295453533
Baloda Bazar,2023-10-18 02:30:00,21.4,81.0,22.238092454698496,68.38057906700936
Baloda Bazar,2023-10-19 02:15:00,21.4,76.0,21.637010266756636,75.617164737581
Baloda Bazar,2023-10-20 02:30:00,21.6,73.0,21.591003757661582,73.92295023127058
Baloda Bazar,2023-10-21 02:15:00,19.4,62.0,21.147341894796185,70.94048498089188
Baloda Bazar,2023-10-22 02:15:00,19.0,68.0,19.70094031735629,67.46076875840086
Baloda Bazar,2023-10-23 02:15:00,17.5,64.0,18.993635051341702,67.8420426318454
Baloda Bazar,2023-10-24 02:15:00,17.8,66.0,17.243558687055295,65.88952858322959
Baloda Bazar,2023-10-25 02:15:00,18.7,64.0,17.608638710591624,69.04399469495036
Baloda Bazar,2023-10-26 02:00:00,18.6,62.0,18.729660482273694,64.95643417102644
Baloda Bazar,2023-10-27 02:15:00,18.4,60.0,18.694888028400083,64.61556684719885
Baloda Bazar,2023-10-28 02:00:00,18.2,61.0,17.773009747631445,65.63359978455792
Baloda Bazar,2023-10-29 02:30:00,18.4,62.0,17.54843953168781,65.77919218160193
Baloda Bazar,2023-10-30 01:45:00,19.0,64.0,18.259559082589412,64.4591726864504
Balrampur,2023-10-15 02:30:00,22.1,65.0,21.303741584103946,62.180291081083155
Balrampur,2023-10-16 02:30:00,22.5,75.0,21.937860528071294,62.172763338958205
Balrampur,2023-10-17 02:30:00,20.5,88.0,22.231972426751916,74.48210960476025
Balrampur,2023-10-18 02:30:00,20.3,78.0,20.676093551707606,84.11626788398407
Balrampur,2023-10-19 02:15:00,19.1,73.0,20.055991985988594,72.0007925897026
Balrampur,2023-10-20 02:30:00,18.9,62.0,18.795516469810334,67.69410673851866
Balrampur,2023-10-21 02:15:00,18.7,54.0,18.370793322179328,65.20059401949533
Balrampur,2023-10-22 02:15:00,19.8,60.0,18.31886191163487,62.179499940488085
Balrampur,2023-10-23 02:15:00,20.1,70.0,19.391195315363483,67.07683041750828
Balrampur,2023-10-24 02:15:00,20.6,66.0,19.95235355811032,65.81963501963523
Balrampur,2023-10-25 02:15:00,21.2,67.0,20.659092438291637,66.45793549442732
Balrampur,2023-10-26 02:00:00,20.6,66.0,21.051451562901413,64.51881702371728
Balrampur,2023-10-27 02:15:00,20.3,63.0,20.48567466165948,65.14529031762329
Balrampur,2023-10-28 02:00:00,20.2,55.0,20.062003727325596,63.40932231508397
Balrampur,2023-10-29 02:30:00,20.6,52.0,20.368800376428453,60.88331509115482
Balrampur,2023-10-30 01:45:00,20.4,56.0,20.20510162745616,60.04148610198615
Banda,2023-10-15 02:30:00,26.1,44.0,26.026233577991,45.8916683761824
Banda,2023-10-16 02:30:00,26.3,43.0,26.38308423236741,49.3647410865763
Banda,2023-10-17 02:30:00,21.2,81.0,26.528075292601475,50.756461741857585
Banda,2023-10-18 02:30:00,23.3,70.0,21.98147725864188,50.71529608423517
Banda,2023-10-19 02:30:00,23.5,50.0,22.90842369575019,68.38141085335825
Banda,2023-10-20 02:30:00,22.6,45.0,23.03256584873278,56.61309510849361
Banda,2023-10-21 02:15:00,22.1,47.0,22.348439295658583,50.71112072751333
Banda,2023-10-22 02:30:00,21.5,45.0,22.13425909409639,56.613172210756936
Banda,2023-10-23 02:15:00,21.4,52.0,21.41571726647879,55.016336075813676
Banda,2023-10-24 02:15:00,21.6,50.0,21.517194887130625,62.03785772861778
Banda,2023-10-25 02:30:00,21.8,48.0,21.565748503829468,58.366146801671206
Banda,2023-10-26 02:00:00,22.1,45.0,21.86413986811198,57.10336547833796
Banda,2023-10-27 02:30:00,21.6,36.0,21.723119977022765,56.00671261436588
Banda,2023-10-28 02:00:00,21.6,37.0,21.892873218373495,50.20345652076909
Banda,2023-10-29 02:45:00,22.2,39.0,21.548379946538528,51.42418153386962
Banda,2023-10-30 02:00:00,22.3,39.0,21.998381115839635,52.613296002401825
Bangalore,2023-10-15 02:30:00,23.0,89.0,21.540870602145077,84.54196287551588
Bangalore,2023-10-16 02:30:00,24.0,83.0,22.52771977595278,86.88159495671121
Bangalore,2023-10-17 02:15:00,23.0,89.0,23.376798982157627,87.29568376043406
Bangalore,2023-10-17 02:30:00,23.0,89.0,22.736888158695038,88.48311923244198
Bangalore,2023-10-18 02:30:00,22.0,83.0,22.71527992925947,88.51921294930118
Bangalore,2023-10-19 02:15:00,22.0,83.0,21.963092296169634,85.53633786178872
Bangalore,2023-10-20 02:30:00,23.0,83.0,21.742281164386302,83.72724458205187
Bangalore,2023-10-21 02:15:00,23.0,83.0,22.536544437534825,85.16846425920716
Bangalore,2023-10-22 02:15:00,23.0,83.0,22.93166884662698,84.02600990138079
Bangalore,2023-10-23 02:15:00,22.0,78.0,22.888828470673676,81.61029023059105
Bangalore,2023-10-24 02:15:00,19.0,73.0,22.019561125821163,78.96044411814323
Bangalore,2023-10-25 02:15:00,20.0,68.0,19.195055368238318,81.53985435898288
Bangalore,2023-10-26 02:00:00,22.0,61.0,19.617814110143073,78.35824606585977
Bangalore,2023-10-27 02:15:00,22.0,83.0,21.001249826234325,69.18930307597638
Bangalore,2023-10-28 02:00:00,22.0,88.0,21.60383817083412,84.59903373446531
Bangalore,2023-10-29 02:45:00,23.0,89.0,21.66395627122034,87.15524273983485
Bangalore,2023-10-30 01:45:00,22.0,88.0,22.622159359379697,88.61319879228992
Banka,2023-10-15 02:30:00,22.0,73.0,22.91304318212946,66.92107672780404
Banka,2023-10-16 02:30:00,23.6,69.0,22.230787033410973,70.30486049346737
Banka,2023-10-17 02:15:00,23.5,75.0,22.99440183283356,68.00413805551557
Banka,2023-10-18 02:30:00,23.1,78.0,22.90291238665882,67.71878546153424
Banka,2023-10-19 02:15:00,21.6,80.0,22.410699834532398,70.5385999522136
Banka,2023-10-20 02:30:00,21.0,73.0,21.11487416263272,71.96096840760043
Banka,2023-10-21 02:15:00,20.2,71.0,20.63040973353498,68.07969701623242
Banka,2023-10-22 02:15:00,19.8,70.0,20.091886479019802,68.35266167756674
Banka,2023-10-23 02:00:00,20.3,68.0,19.772146958147186,69.69408583729879
Banka,2023-10-24 02:15:00,21.8,82.0,20.299025544483367,68.80474308844916
Banka,2023-10-25 02:15:00,22.0,86.0,21.296600356138665,76.17019942792432
Banka,2023-10-26 02:00:00,21.2,84.0,21.835173033546077,81.54960194056828
Banka,2023-10-27 02:15:00,20.6,61.0,20.96375612053453,79.01303454044147
Banka,2023-10-28 02:00:00,20.5,64.0,20.243341558301882,68.8123430452611
Banka,2023-10-29 02:30:00,20.7,56.0,20.092149540708323,64.2261114003463
Banka,2023-10-30 01:45:00,21.2,68.0,20.12876134205736,63.23196695895769
Bankura,2023-10-15 02:30:00,22.1,64.0,23.195604958775927,65.76470698159845
Bankura,2023-10-16 02:30:00,22.6,69.0,22.004771772385027,62.69211015587396
Bankura,2023-10-17 02:30:00,23.4,72.0,22.382452863151073,68.55573825841199
Bankura,2023-10-18 02:30:00,23.4,76.0,22.834044540086133,67.36614856249982
Bankura,2023-10-19 02:15:00,23.1,74.0,23.16155395545725,70.74642916311299
Bankura,2023-10-20 02:30:00,22.2,70.0,22.828166721080905,69.21161421009174
Bankura,2023-10-21 02:15:00,21.4,69.0,21.674608434980648,68.20771384726092
Bankura,2023-10-22 02:15:00,20.5,65.0,21.042633407462283,68.21173992186374
Bankura,2023-10-23 02:15:00,21.1,72.0,20.852057549769714,62.8424136171239
Bankura,2023-10-24 02:15:00,22.5,79.0,21.04564851644193,72.7921756760207
Bankura,2023-10-25 02:15:00,22.6,85.0,22.10318887927241,80.77410748252305
Bankura,2023-10-26 02:00:00,24.2,70.0,22.559551868989754,78.98906862769046
Bankura,2023-10-27 02:15:00,22.1,67.0,23.719255757643925,71.83804067584019
Bankura,2023-10-28 02:00:00,21.7,51.0,22.40254021136443,67.58740080414445
Bankura,2023-10-29 02:45:00,21.0,52.0,21.24940450958686,64.270131090444
Bankura,2023-10-30 02:00:00,20.5,63.0,21.069523669067113,62.585843601281574
Banswara,2023-10-15 02:30:00,24.6,55.0,24.44288564248114,53.73132777295466
Banswara,2023-10-16 02:30:00,23.2,66.0,24.935613337195775,54.736773759166994
Banswara,2023-10-17 02:30:00,23.3,62.0,23.827361867314774,61.85114941403967
Banswara,2023-10-18 02:30:00,22.1,62.0,23.67535928953972,58.21222101799683
Banswara,2023-10-19 02:30:00,23.0,54.0,22.698830445368266,57.90747909734366
Banswara,2023-10-20 02:30:00,22.5,51.0,23.270605548943948,52.7341542342622
Banswara,2023-10-21 02:30:00,23.5,54.0,23.07954511558932,52.65645586457606
Banswara,2023-10-22 02:30:00,23.0,55.0,23.780397677479908,55.56923005986322
Banswara,2023-10-23 02:15:00,22.7,43.0,23.659434096396684,55.69366239560725
Banswara,2023-10-24 02:15:00,23.2,40.0,23.36426763485262,45.21403682333079
Banswara,2023-10-25 02:30:00,21.5,40.0,23.701330698694502,47.20006545476164
Banswara,2023-10-26 02:00:00,21.2,34.0,22.66571856710906,50.52617364165988
Banswara,2023-10-27 02:30:00,20.8,30.0,21.641946876866527,46.39642078100103
Banswara,2023-10-28 02:00:00,20.4,37.0,21.307723460207654,44.59715830920946
Banswara,2023-10-29 02:45:00,21.3,39.0,21.184129936867087,50.47509625905684
Banswara,2023-10-30 02:00:00,21.3,41.0,21.548950280424307,51.24891063681077
Bara Banki,2023-10-15 02:30:00,23.0,89.0,23.173572279394445,81.97345678709172
Bara Banki,2023-10-16 02:30:00,23.0,89.0,23.785879974118888,86.1468320368728
Bara Banki,2023-10-17 02:30:00,20.0,83.0,22.951240434905856,88.0651780077295
Bara Banki,2023-10-18 02:30:00,20.0,88.0,21.31423709780499,87.24888069292
Bara Banki,2023-10-19 02:30:00,21.0,83.0,20.12265254913289,87.04773590046472
Bara Banki,2023-10-20 02:30:00,19.0,83.0,20.322145219538946,82.31751594204928
Bara Banki,2023-10-21 02:15:00,18.0,94.0,19.85730391712331,82.90927332944554
Bara Banki,2023-10-22 02:30:00,18.0,83.0,17.713508442535336,90.00225821671872
Bara Banki,2023-10-23 02:15:00,20.0,83.0,18.133579931701657,88.51528196127632
Bara Banki,2023-10-24 02:15:00,19.0,88.0,19.903470038878673,83.14780797535454
Bara Banki,2023-10-25 02:30:00,19.0,83.0,19.17734944808952,86.62080563542617
Bara Banki,2023-10-26 02:00:00,22.0,69.0,19.098586559602413,82.92276505836062
Bara Banki,2023-10-27 02:30:00,19.0,73.0,21.10206938562304,75.07491532090783
Bara Banki,2023-10-28 02:00:00,19.0,73.0,19.63641818444236,75.09782151177703
Bara Banki,2023-10-29 02:45:00,22.1,44.0,19.007237922098923,70.17433241825974
Bara Banki,2023-10-30 02:00:00,19.0,83.0,21.284768434364008,70.05411443381529
Baramula,2023-10-15 02:30:00,6.1,72.0,8.251386601871184,68.24400309620266
Baramula,2023-10-16 02:30:00,5.9,72.0,6.723079506632999,72.5690007109154
Baramula,2023-10-17 02:15:00,7.9,91.0,5.468005504816072,73.01476261430378
Baramula,2023-10-18 02:15:00,1.8,84.0,7.220678152395362,85.52346546333789
Baramula,2023-10-19 02:15:00,3.4,68.0,2.6950298726345236,77.1924924414388
Baramula,2023-10-20 02:15:00,4.1,59.0,2.8454589864185187,67.11104663536976
Baramula,2023-10-21 02:15:00,4.8,58.0,2.8704492500165126,56.16839249913136
Baramula,2023-10-22 02:15:00,5.6,62.0,4.627837730844093,69.63138006951783
Baramula,2023-10-23 02:00:00,3.1,84.0,5.2718415400880305,63.19895053370478
Baramula,2023-10-24 02:15:00,4.1,65.0,4.215108595348225,75.1141018738386
Baramula,2023-10-25 02:15:00,3.7,62.0,2.9387878733869175,59.461599359254585
Baramula,2023-10-26 02:00:00,4.4,54.0,3.989336310827336,52.23340529110237
Baramula,2023-10-27 02:15:00,4.7,54.0,3.625901675540578,47.90080091198082
Baramula,2023-10-28 02:00:00,5.1,55.0,4.691044090640948,49.94302553008894
Baramula,2023-10-29 02:30:00,5.3,53.0,4.639285645722597,48.29552124195645
Baramula,2023-10-30 01:45:00,6.2,49.0,5.111393439754991,56.62659633346271
Baran,2023-10-15 02:30:00,26.9,35.0,26.29472577347756,43.09951686020706
Baran,2023-10-16 02:30:00,26.4,42.0,27.1423427691445,38.3747016758825
Baran,2023-10-17 02:30:00,20.8,79.0,26.787033696926763,44.69181217360582
Baran,2023-10-18 02:30:00,24.0,62.0,22.877163582269226,66.03402146086323
Baran,2023-10-19 02:30:00,22.9,59.0,23.397616887975907,59.08337266705579
Baran,2023-10-20 02:30:00,22.4,47.0,22.758402430039297,54.30362949663258
Baran,2023-10-21 02:30:00,22.8,46.0,22.30604467839637,51.87075342678636
Baran,2023-10-22 02:30:00,23.2,43.0,22.827324908170905,50.72312795894224
Baran,2023-10-23 02:15:00,22.9,48.0,23.19673950161705,45.36922056182978
Baran,2023-10-24 02:15:00,22.7,40.0,23.245769894473042,52.91771708729918
Baran,2023-10-25 02:30:00,21.8,37.0,22.816433956664635,46.54271178866571
Baran,2023-10-26 02:00:00,22.2,39.0,22.20374618093763,45.82942696084056
Baran,2023-10-27 02:30:00,21.8,38.0,22.157993071052072,48.8135299867896
Baran,2023-10-28 02:00:00,21.4,32.0,22.410195147449564,47.33945561187023
Baran,2023-10-29 02:45:00,22.5,39.0,21.73515995435059,43.67758493297522
Baran,2023-10-30 02:00:00,22.9,42.0,22.809761186343497,47.06842734625971
Barddhaman,2023-10-13 02:45:00,24.3,66.0,24.189359815132207,65.08430503360692
Barddhaman,2023-10-14 02:30:00,24.3,62.0,24.19618740277537,65.04729163524551
Barddhaman,2023-10-15 02:30:00,22.2,66.0,23.711752858445212,63.2246273134776
Barddhaman,2023-10-16 02:30:00,22.3,70.0,22.564460154811666,66.3064915275414
Barddhaman,2023-10-17 02:30:00,22.6,77.0,22.19170601491272,68.1227355327927
Barddhaman,2023-10-18 02:30:00,23.0,74.0,22.275880655758364,74.13738488093493
Barddhaman,2023-10-19 02:15:00,22.6,76.0,22.581058535455984,69.56736315258568
Barddhaman,2023-10-19 02:30:00,22.6,76.0,22.352482475592048,70.923324981472
Barddhaman,2023-10-20 02:30:00,21.6,72.0,22.0244138658059,71.28659755210357
Barddhaman,2023-10-21 02:15:00,20.8,76.0,21.079794725976853,68.23003560950234
Barddhaman,2023-10-21 02:30:00,20.8,76.0,20.50334651999108,72.36554130072804
Barddhaman,2023-10-22 02:15:00,20.6,72.0,20.313375322512904,72.92572926647107
Barddhaman,2023-10-22 02:30:00,20.6,72.0,20.25647258661186,69.33783508005486
Barddhaman,2023-10-23 02:15:00,21.6,76.0,20.52549625053941,68.69481238945379
Barddhaman,2023-10-24 02:15:00,22.2,90.0,21.397305874002505,78.45662567788288
Barddhaman,2023-10-25 02:15:00,22.4,89.0,22.160185115138198,83.76138682754659
Barddhaman,2023-10-25 02:30:00,22.4,89.0,22.374948431880007,83.4801466757873
Barddhaman,2023-10-26 02:00:00,25.2,69.0,22.388688331406385,81.77069443453968
Barddhaman,2023-10-27 02:15:00,22.3,66.0,23.739604357334322,71.68847115948705
Barddhaman,2023-10-27 02:30:00,22.3,66.0,23.07403577108534,64.71047630582025
Barddhaman,2023-10-28 02:00:00,23.4,58.0,22.339530437138496,64.58249117253534
Barddhaman,2023-10-29 02:45:00,20.4,61.0,22.76292029107949,61.645792299289134
Barddhaman,2023-10-30 02:00:00,21.0,68.0,20.469460267419795,67.89371766737992
Bareilly,2023-10-15 02:30:00,22.8,58.0,22.30631441097126,61.942524746003194
Bareilly,2023-10-16 02:30:00,22.7,61.0,22.740950090066484,71.62086440119694
Bareilly,2023-10-17 02:30:00,19.5,84.0,22.86909704115719,63.34838771287913
Bareilly,2023-10-18 02:30:00,19.9,64.0,19.975936899582702,79.06418331876603
Bareilly,2023-10-19 02:30:00,19.3,57.0,19.702191565895205,65.19235280198896
Bareilly,2023-10-20 02:30:00,18.9,57.0,18.83822743923042,60.641857690910975
Bareilly,2023-10-21 02:15:00,19.4,54.0,18.3513448146267,63.147346728565054
Bareilly,2023-10-22 02:30:00,19.2,59.0,18.541942744095383,62.23223173970429
Bareilly,2023-10-23 02:15:00,20.1,48.0,18.697032621492777,66.3432951403439
Bareilly,2023-10-24 02:15:00,19.8,51.0,19.83879410121756,56.68750693172272
Bareilly,2023-10-25 02:30:00,20.5,53.0,20.121703870251626,60.99384177038482
Bareilly,2023-10-26 02:00:00,20.5,49.0,20.653624569161643,60.044724530690715
Bareilly,2023-10-27 02:30:00,20.4,52.0,20.35627676403033,57.302911393501795
Bareilly,2023-10-28 02:00:00,19.8,51.0,20.62689916851064,60.14005539028292
Bareilly,2023-10-29 02:45:00,20.3,49.0,20.046238965095625,59.68064526927968
Bareilly,2023-10-30 02:00:00,20.1,55.0,20.31164916513295,58.9026035726828
Bargarh,2023-10-15 02:30:00,22.8,71.0,23.1966600925757,73.77285667270317
Bargarh,2023-10-16 02:30:00,22.2,72.0,22.379786160972724,71.05071735285847
Bargarh,2023-10-17 02:30:00,22.7,74.0,21.808072920097366,70.62991295384407
Bargarh,2023-10-18 02:30:00,22.5,76.0,22.280319533302485,72.2636427775798
Bargarh,2023-10-19 02:30:00,22.2,77.0,22.433052297977277,79.19922526146892
Bargarh,2023-10-20 02:30:00,22.0,77.0,22.114895299938045,75.86215755898135
Bargarh,2023-10-21 02:15:00,21.2,74.0,21.569753191137277,74.24127589772381
Bargarh,2023-10-22 02:30:00,19.6,67.0,20.825359046026378,72.79337148232052
Bargarh,2023-10-23 02:15:00,19.4,67.0,19.655898046783324,68.66293408150884
Bargarh,2023-10-24 02:15:00,19.7,77.0,19.654108815082456,68.81095241660087
Bargarh,2023-10-25 02:15:00,20.5,71.0,19.846964505420893,77.58486785379313
Bargarh,2023-10-26 02:00:00,19.5,64.0,20.58371417172444,71.68321270408856
Bargarh,2023-10-27 02:15:00,18.7,60.0,19.23996585777506,65.69039370452714
Bargarh,2023-10-28 02:00:00,19.2,65.0,18.45227783443016,65.80445544099486
Bargarh,2023-10-29 02:45:00,19.4,66.0,18.80569267756905,64.10833966519309
Bargarh,2023-10-30 02:00:00,19.5,69.0,19.211392466026314,67.38023811328502
Barmer,2023-10-15 02:30:00,27.6,35.0,28.481462477003035,49.19888322319586
Barmer,2023-10-16 02:30:00,26.7,60.0,28.341450090217002,38.861205793657014
Barmer,2023-10-17 02:30:00,26.8,60.0,27.06899765521667,54.426918274843324
Barmer,2023-10-18 02:30:00,27.0,57.0,27.174654829314314,55.52373143604581
Barmer,2023-10-19 02:30:00,26.7,44.0,27.39337956803089,49.65990827771386
Barmer,2023-10-20 02:30:00,28.1,40.0,26.916725834598576,41.90324144442229
Barmer,2023-10-21 02:15:00,28.3,28.0,28.215183759069802,43.11153428478708
Barmer,2023-10-22 02:30:00,28.5,32.0,29.02196442536624,33.346105187082195
Barmer,2023-10-23 02:15:00,28.7,32.0,29.014685414569808,35.97749505544466
Barmer,2023-10-24 02:15:00,27.9,26.0,28.77182428898057,33.64198215489054
Barmer,2023-10-25 02:30:00,27.9,32.0,27.92492983155718,27.44350458318953
Barmer,2023-10-26 02:00:00,27.1,25.0,28.069238613572566,34.66125901905881
Barmer,2023-10-27 02:15:00,27.1,35.0,27.60545493776942,29.412917632956795
Barmer,2023-10-28 02:00:00,28.4,28.0,27.426884368937724,34.746158924861746
Barmer,2023-10-29 02:45:00,26.8,32.0,28.94626973474072,32.09779552535457
Barmer,2023-10-30 02:00:00,27.5,27.0,28.022992830928445,37.193896984190424
Barnala,2023-10-15 02:30:00,24.0,44.0,23.420340720406294,40.72417219045989
Barnala,2023-10-16 02:30:00,22.3,49.0,23.917367391107774,45.01284538144579
Barnala,2023-10-17 02:30:00,18.6,83.0,22.30902976301969,49.356519699708905
Barnala,2023-10-18 02:30:00,19.7,57.0,19.803797015873098,53.25309917929208
Barnala,2023-10-19 02:15:00,19.4,51.0,19.340889272074133,59.80670472692114
Barnala,2023-10-20 02:30:00,20.6,43.0,19.085719289057273,54.28264828439156
Barnala,2023-10-21 02:15:00,20.3,35.0,20.356723123683803,46.854672129883845
Barnala,2023-10-22 02:15:00,21.8,38.0,20.293312472590483,44.90221651500604
Barnala,2023-10-23 02:15:00,21.3,45.0,21.13267936589461,48.05260027500047
Barnala,2023-10-24 02:15:00,21.3,48.0,21.288610644258824,46.33445367289932
Barnala,2023-10-25 02:15:00,21.4,42.0,21.393223014020922,52.97060233661492
Barnala,2023-10-26 02:00:00,20.9,36.0,21.661558481583704,45.23559557593617
Barnala,2023-10-27 02:15:00,20.5,36.0,21.05629688141625,41.46606992027066
Barnala,2023-10-28 02:00:00,22.1,31.0,20.765638151210986,43.91257607707129
Barnala,2023-10-29 02:45:00,22.3,34.0,21.84551838291389,40.43786664759463
Barnala,2023-10-30 02:00:00,21.9,37.0,22.521755413601536,38.56375707874478
Barpeta,2023-10-15 02:30:00,21.9,89.0,22.173224209036977,80.78342448447597
Barpeta,2023-10-16 02:30:00,21.8,88.0,21.386825808917926,85.67041791280633
Barpeta,2023-10-17 02:15:00,21.7,90.0,21.150564445862546,85.82344180186354
Barpeta,2023-10-18 02:30:00,21.8,90.0,21.121160582663585,83.47079167814479
Barpeta,2023-10-19 02:15:00,21.6,90.0,21.11114961023635,83.56193034121907
Barpeta,2023-10-20 02:30:00,21.2,88.0,20.827701530831543,82.18383228376251
Barpeta,2023-10-21 02:15:00,20.7,89.0,20.528961363036146,80.78389535381898
Barpeta,2023-10-22 02:15:00,20.3,87.0,20.288111601665136,84.34350569332521
Barpeta,2023-10-23 02:15:00,20.0,88.0,19.93258978827946,82.65124317242035
Barpeta,2023-10-24 02:15:00,21.0,80.0,19.872023337607132,84.48433848259278
Barpeta,2023-10-25 02:15:00,20.2,81.0,20.508057890330804,80.16667262956045
Barpeta,2023-10-26 02:00:00,20.8,87.0,20.454024779077493,79.93259107841148
Barpeta,2023-10-27 02:15:00,21.2,88.0,19.975638056679166,83.84935596111762
Barpeta,2023-10-28 02:00:00,20.5,89.0,20.24600207598686,76.86381506849347
Barpeta,2023-10-29 02:30:00,20.4,83.0,20.20106816965017,85.84980151815078
Barpeta,2023-10-30 01:45:00,21.0,86.0,19.996393394223965,77.9446841059181
Barwani,2023-10-15 02:30:00,26.3,47.0,26.48671021503278,57.213596729964195
Barwani,2023-10-16 02:30:00,25.1,61.0,26.52614378887714,53.46148185354762
Barwani,2023-10-17 02:15:00,24.2,57.0,25.43139949333662,58.14349239175982
Barwani,2023-10-18 02:15:00,24.1,62.0,24.697010105783853,55.73854441550517
Barwani,2023-10-19 02:15:00,24.1,55.0,24.35139571351023,58.59329120497455
Barwani,2023-10-20 02:15:00,24.5,46.0,24.34779442441689,53.21975648334097
Barwani,2023-10-21 02:00:00,24.6,49.0,24.692085788302773,58.02394167964775
Barwani,2023-10-22 02:15:00,25.6,52.0,24.997623406698647,57.906008982068066
Barwani,2023-10-23 02:00:00,24.9,45.0,25.629755682011393,56.23249392955379
Barwani,2023-10-24 02:15:00,24.4,44.0,25.238496410379263,56.27698524984418
Barwani,2023-10-25 02:15:00,23.7,45.0,25.159017233675474,53.19353208121401
Barwani,2023-10-26 02:00:00,22.2,39.0,24.224640627511192,57.61744135132881
Barwani,2023-10-27 02:15:00,22.1,38.0,22.613782348062873,55.674959603674836
Barwani,2023-10-28 02:00:00,21.9,39.0,22.280971242961368,51.519668038678226
Barwani,2023-10-29 02:30:00,21.9,37.0,22.140132920602642,50.97891643437115
Barwani,2023-10-30 01:45:00,22.4,36.0,22.86865172456805,47.580917942774676
Bastar,2023-10-15 02:30:00,20.2,72.0,19.585749585840567,75.67564877019731
Bastar,2023-10-16 02:30:00,19.3,65.0,20.366966267570405,73.73084016425533
Bastar,2023-10-17 02:30:00,18.8,73.0,19.210512593740077,64.84819086705102
Bastar,2023-10-18 02:30:00,18.4,82.0,18.82798953611351,72.59789985429201
Bastar,2023-10-19 02:15:00,19.2,87.0,18.55795316529824,79.99799248355528
Bastar,2023-10-20 02:30:00,18.5,89.0,18.4322614362476,80.99436815660799
Bastar,2023-10-21 02:15:00,18.2,91.0,18.386184298023906,81.8347168698655
Bastar,2023-10-22 02:15:00,16.5,85.0,17.39510761386941,80.16392143607183
Bastar,2023-10-23 02:15:00,15.7,85.0,15.875238039521673,83.66587670659399
Bastar,2023-10-24 02:15:00,16.4,88.0,15.729412043726303,82.07534174530744
Bastar,2023-10-25 02:15:00,17.8,92.0,16.575107956979426,84.87184142307441
Bastar,2023-10-26 02:00:00,17.6,84.0,17.155905506845947,86.61973202139815
Bastar,2023-10-27 02:15:00,16.2,75.0,16.656702463803086,82.84246464361387
Bastar,2023-10-28 02:00:00,16.5,74.0,15.720925839190425,76.34339849898919
Bastar,2023-10-29 02:30:00,16.6,77.0,16.028297939277707,76.7132859676626
Bastar,2023-10-30 01:45:00,16.2,73.0,15.921127357230745,77.60335961230497
Basti,2023-10-15 02:30:00,23.1,62.0,22.17255888549026,62.36609766599768
Basti,2023-10-16 02:30:00,23.2,70.0,22.836335840165045,62.83872742476451
Basti,2023-10-17 02:30:00,20.9,90.0,23.026625526533532,71.89104588882178
Basti,2023-10-18 02:30:00,21.5,74.0,21.11066266840331,76.89113094700305
Basti,2023-10-19 02:30:00,20.0,67.0,20.832279211988578,69.7675870820965
Basti,2023-10-20 02:30:00,19.9,54.0,20.14519605315542,65.7346652735498
Basti,2023-10-21 02:15:00,19.9,54.0,19.4128681281034,59.923396983574825
Basti,2023-10-22 02:30:00,20.1,56.0,19.53209417962398,60.66012386201845
Basti,2023-10-23 02:15:00,20.9,58.0,19.793145875482207,62.960793883677226
Basti,2023-10-24 02:15:00,21.7,62.0,20.39898814813997,60.85834628120321
Basti,2023-10-25 02:30:00,21.9,61.0,21.64233143793414,62.378189230205955
Basti,2023-10-26 02:00:00,21.9,63.0,21.896633524297474,62.2522168012432
Basti,2023-10-27 02:30:00,21.0,56.0,21.506708097855565,61.407844187020885
Basti,2023-10-28 02:00:00,20.9,48.0,20.64703267866914,62.51394480088873
Basti,2023-10-29 02:45:00,21.3,52.0,20.711159537638242,55.60835340150649
Basti,2023-10-30 02:00:00,20.8,53.0,20.810529402854204,60.963777304954185
Baudh,2023-10-15 02:30:00,20.8,75.0,21.338864366571023,79.42947969620417
Baudh,2023-10-16 02:30:00,22.0,71.0,20.582567761066294,74.66355155219983
Baudh,2023-10-17 02:30:00,22.0,71.0,21.264199746281157,71.6681879015922
Baudh,2023-10-18 02:30:00,22.5,82.0,21.984208231438387,71.04678830463085
Baudh,2023-10-19 02:30:00,22.0,88.0,22.274061724907682,77.90610651631022
Baudh,2023-10-20 02:30:00,21.9,85.0,21.758589682012495,80.18098889025208
Baudh,2023-10-21 02:15:00,21.7,82.0,21.827545030005787,80.44338359791372
Baudh,2023-10-22 02:30:00,20.0,77.0,21.109885663486132,78.83615373473017
Baudh,2023-10-23 02:15:00,18.5,71.0,20.677790135027866,79.8821694567377
Baudh,2023-10-24 02:15:00,19.4,81.0,18.982050518876996,72.34568294179847
Baudh,2023-10-25 02:15:00,19.1,88.0,19.20861657675098,78.20080384660112
Baudh,2023-10-26 02:00:00,19.9,76.0,19.0033837335526,80.69612842633094
Baudh,2023-10-27 02:15:00,19.3,69.0,19.33883869892499,75.20642909528598
Baudh,2023-10-28 02:00:00,18.8,70.0,18.856386438544753,72.01245286016778
Baudh,2023-10-29 02:45:00,19.2,70.0,18.71946701309401,68.82738659806779
Baudh,2023-10-30 02:00:00,19.6,75.0,18.699879528720526,69.32727309065939
Begusarai,2023-10-15 02:30:00,22.6,72.0,23.651343526071724,64.05227718617036
Begusarai,2023-10-16 02:30:00,24.2,72.0,22.546115626529044,69.21808180320198
Begusarai,2023-10-17 02:15:00,23.9,77.0,24.143284030328264,73.86161552090954
Begusarai,2023-10-18 02:30:00,24.0,72.0,23.216454485312102,70.69299625196172
Begusarai,2023-10-19 02:15:00,22.0,74.0,23.438626745567458,65.79237374096594
Begusarai,2023-10-20 02:30:00,22.2,67.0,21.66777167481554,67.783356119957
Begusarai,2023-10-21 02:15:00,21.2,63.0,21.468359903976413,66.45165466309469
Begusarai,2023-10-22 02:15:00,21.1,59.0,20.71334406460941,63.53979743428614
Begusarai,2023-10-23 02:15:00,21.0,62.0,20.480708610670906,63.40534333855078
Begusarai,2023-10-24 02:15:00,22.1,68.0,21.245658300157178,68.16151466674766
Begusarai,2023-10-25 02:15:00,23.0,69.0,21.687046224430027,67.89996163560718
Begusarai,2023-10-26 02:00:00,22.0,63.0,22.527328075890598,68.13615747482218
Begusarai,2023-10-27 02:15:00,20.3,62.0,21.207760441010212,64.72672398039906
Begusarai,2023-10-28 02:00:00,21.7,63.0,20.25816422859546,65.54428809741162
Begusarai,2023-10-29 02:30:00,22.0,63.0,20.84658413086079,63.18024400473441
Begusarai,2023-10-30 01:45:00,22.0,60.0,21.327252326872443,62.48548980787614
Belgaum,2023-10-15 02:30:00,21.3,82.0,22.11105595363778,68.62663422657478
Belgaum,2023-10-16 02:30:00,21.6,82.0,21.48289677036718,80.34526071151585
Belgaum,2023-10-17 02:30:00,22.7,73.0,21.538246582669565,79.98382457072303
Belgaum,2023-10-18 02:30:00,22.2,79.0,22.732929242596345,70.38414471363504
Belgaum,2023-10-19 02:30:00,23.3,61.0,22.34527211651313,77.77755240275813
Belgaum,2023-10-20 02:30:00,22.3,64.0,23.352730078272813,61.245713658162515
Belgaum,2023-10-21 02:15:00,22.4,73.0,22.71618616919548,58.8426634358023
Belgaum,2023-10-22 02:30:00,23.4,67.0,22.55993540109968,69.94270575391879
Belgaum,2023-10-23 02:15:00,20.6,70.0,23.41946595092382,66.2448478922361
Belgaum,2023-10-24 02:15:00,20.5,59.0,21.616224667016816,66.75185057720651
Belgaum,2023-10-25 02:15:00,20.0,66.0,20.65729007258551,63.06824237026653
Belgaum,2023-10-26 02:00:00,19.7,54.0,20.563133538493215,65.08839824425331
Belgaum,2023-10-27 02:15:00,18.7,52.0,19.74404665914842,60.47593439278985
Belgaum,2023-10-28 02:00:00,18.8,49.0,18.822144722177022,61.755130597382305
Belgaum,2023-10-29 02:45:00,21.2,53.0,18.853875642608656,61.515657265362634
Belgaum,2023-10-30 02:00:00,22.2,80.0,21.141053700851568,60.355713793034816
Bellary,2023-10-15 02:30:00,25.7,51.0,24.71108898412689,55.85078463855188
Bellary,2023-10-16 02:30:00,26.1,54.0,25.348732688909486,57.39461583287951
Bellary,2023-10-17 02:30:00,25.7,62.0,25.831379301829344,57.42898188402741
Bellary,2023-10-18 02:30:00,25.3,49.0,25.35920058310685,61.45418901514624
Bellary,2023-10-19 02:15:00,23.1,66.0,24.83995734686186,60.8596700049655
Bellary,2023-10-20 02:30:00,24.0,69.0,23.681851684562037,63.89542079071683
Bellary,2023-10-21 02:15:00,23.4,73.0,23.845500479619293,67.31903268393422
Bellary,2023-10-22 02:15:00,23.1,76.0,23.47006453405622,69.97270087662021
Bellary,2023-10-23 02:15:00,21.5,57.0,23.179443288775857,73.25127436698695
Bellary,2023-10-24 02:15:00,20.8,58.0,21.5471673970973,67.0280515535002
Bellary,2023-10-25 02:15:00,20.4,56.0,21.031094095558927,62.12670649423591
Bellary,2023-10-26 02:00:00,20.2,56.0,20.691015280019116,61.63281781500994
Bellary,2023-10-27 02:15:00,19.7,58.0,20.322004283806045,62.10464110935954
Bellary,2023-10-28 02:00:00,21.4,60.0,19.800689201716786,62.92827414965632
Bellary,2023-10-29 02:45:00,23.8,78.0,21.18050969284532,69.9620702039278
Bellary,2023-10-30 02:00:00,22.7,83.0,23.453991844962722,75.5349275743129
Betul,2023-10-15 02:30:00,23.7,52.0,22.834118147602315,56.59232902334588
Betul,2023-10-16 02:30:00,22.1,62.0,23.6614725994029,55.95466071991148
Betul,2023-10-17 02:15:00,20.8,72.0,22.43160257063113,60.21446661022559
Betul,2023-10-18 02:15:00,22.3,66.0,21.336283626501867,66.96192428819643
Betul,2023-10-19 02:15:00,21.0,66.0,21.79352299056053,62.777992576395796
Betul,2023-10-20 02:15:00,21.2,70.0,21.294121514545097,61.89121054567408
Betul,2023-10-21 02:00:00,21.3,55.0,21.204836491389198,65.58704162610017
Betul,2023-10-22 02:15:00,20.7,50.0,21.092053986874003,61.39435797489924
Betul,2023-10-23 02:00:00,20.0,53.0,20.94034477059205,60.600539270155494
Betul,2023-10-24 02:15:00,19.7,59.0,20.681596129951025,60.70589155744527
Betul,2023-10-25 02:15:00,18.4,58.0,19.775462724603255,62.80508590925015
Betul,2023-10-26 02:00:00,18.8,48.0,17.897382310689377,63.569322491039074
Betul,2023-10-27 02:15:00,18.8,50.0,18.088374944657605,63.212937267565316
Betul,2023-10-28 02:00:00,18.9,46.0,18.46956128887965,64.54478303744774
Betul,2023-10-29 02:30:00,18.7,48.0,18.53867881063859,63.29670987831474
Betul,2023-10-30 01:45:00,19.4,48.0,18.993228109173835,64.10823059003852
Bhabua,2023-10-15 02:30:00,21.6,60.0,21.02334410910878,59.764280138879116
Bhabua,2023-10-16 02:30:00,22.1,69.0,21.274724472731346,64.86127271681765
Bhabua,2023-10-17 02:15:00,21.8,82.0,21.92296282586497,74.29570846099158
Bhabua,2023-10-18 02:30:00,22.2,78.0,21.486411015873802,75.77351124840497
Bhabua,2023-10-19 02:15:00,20.5,77.0,21.633380000180697,70.64591391282373
Bhabua,2023-10-20 02:30:00,20.0,72.0,20.432843502100333,71.29135120341992
Bhabua,2023-10-21 02:15:00,19.6,63.0,19.669114411810703,67.26909597264427
Bhabua,2023-10-22 02:15:00,19.8,64.0,19.197129219562136,66.03852138592914
Bhabua,2023-10-23 02:15:00,19.0,67.0,19.40201480607874,63.174076107515376
Bhabua,2023-10-24 02:15:00,19.5,69.0,19.17169968851823,68.36637365026769
Bhabua,2023-10-25 02:15:00,20.4,69.0,19.278599515079062,70.45715751688387
Bhabua,2023-10-26 02:00:00,19.2,57.0,19.973582693494897,68.73558138802333
Bhabua,2023-10-27 02:15:00,19.7,61.0,18.74761331051021,66.34244751286332
Bhabua,2023-10-28 02:00:00,19.6,55.0,19.512713465740763,67.19134683694185
Bhabua,2023-10-29 02:30:00,19.7,56.0,19.058864286066516,63.10575835457177
Bhabua,2023-10-30 01:45:00,20.2,58.0,19.236248102401813,64.66448401746575
Bhadohi,2023-10-15 02:30:00,23.5,51.0,22.80189136169668,52.03678452224252
Bhadohi,2023-10-16 02:30:00,23.8,55.0,23.283888418442015,55.400647750405746
Bhadohi,2023-10-17 02:30:00,23.2,68.0,24.070696774762734,60.89267474943803
Bhadohi,2023-10-18 02:30:00,21.7,83.0,23.14081472239541,62.83833185808975
Bhadohi,2023-10-19 02:30:00,21.5,59.0,21.485485456987654,73.81831173950775
Bhadohi,2023-10-20 02:30:00,20.9,57.0,21.106996627938823,64.83520625748628
Bhadohi,2023-10-21 02:15:00,20.9,58.0,21.042811600904127,60.661149385645466
Bhadohi,2023-10-22 02:30:00,19.9,53.0,20.462468754096708,61.904894929406986
Bhadohi,2023-10-23 02:15:00,19.6,53.0,19.827012930659116,60.04741404991662
Bhadohi,2023-10-24 02:15:00,19.9,56.0,19.291484906264238,61.59902784828564
Bhadohi,2023-10-25 02:30:00,20.3,52.0,19.802801723919508,65.13069599454766
Bhadohi,2023-10-26 02:00:00,20.4,55.0,20.43012734010665,62.13265541605876
Bhadohi,2023-10-27 02:30:00,20.5,53.0,20.36581291168142,61.10903640587081
Bhadohi,2023-10-28 02:00:00,19.8,47.0,20.13420950170104,61.845575414890746
Bhadohi,2023-10-29 02:45:00,20.2,49.0,19.404984402890868,59.01948026599612
Bhadohi,2023-10-30 02:00:00,20.3,51.0,20.039659724660606,60.488035223971714
Bhadrak,2023-10-15 02:30:00,23.5,82.0,24.494547966349344,78.46696264600163
Bhadrak,2023-10-16 02:30:00,22.7,83.0,23.242890955243237,78.93213084790486
Bhadrak,2023-10-17 02:30:00,23.3,83.0,22.649027062062267,80.1794066573394
Bhadrak,2023-10-18 02:30:00,23.3,83.0,22.99095393054517,79.75502772715079
Bhadrak,2023-10-19 02:30:00,23.3,80.0,22.79167868968578,78.93932406051431
Bhadrak,2023-10-20 02:30:00,22.8,82.0,22.497387053466888,77.76825017767645
Bhadrak,2023-10-21 02:15:00,22.1,76.0,22.342599683054793,77.65123470340498
Bhadrak,2023-10-22 02:30:00,21.4,72.0,21.83022115126148,74.59081067758882
Bhadrak,2023-10-23 02:15:00,22.4,70.0,21.57548705870644,71.49886858902391
Bhadrak,2023-10-24 02:15:00,22.5,88.0,22.26193425218535,70.17243042914617
Bhadrak,2023-10-25 02:30:00,23.0,82.0,22.391424592017035,85.4602966472244
Bhadrak,2023-10-26 02:00:00,23.0,90.0,22.80685587746363,79.98236378809341
Bhadrak,2023-10-27 02:15:00,22.6,84.0,22.519239632996623,82.0592189610876
Bhadrak,2023-10-28 02:00:00,21.6,84.0,21.986561297143833,79.30258732428673
Bhadrak,2023-10-29 02:45:00,21.2,71.0,21.078506459439684,79.73234704478037
Bhadrak,2023-10-30 02:00:00,21.1,73.0,20.814380768369237,71.88374167969104
Bhagalpur,2023-10-15 02:30:00,22.6,72.0,23.283757130192864,67.99705801372379
Bhagalpur,2023-10-16 02:30:00,24.3,68.0,22.743186347763785,69.96321636530244
Bhagalpur,2023-10-17 02:15:00,23.8,75.0,23.659890614414643,65.122511036518
Bhagalpur,2023-10-18 02:15:00,24.1,74.0,23.223458491317885,68.72671913441792
Bhagalpur,2023-10-19 02:15:00,22.2,74.0,23.20999003231029,67.06995605758316
Bhagalpur,2023-10-20 02:30:00,21.9,71.0,21.827750765399735,67.72212467025373
Bhagalpur,2023-10-21 02:15:00,21.1,66.0,21.355642470425174,67.84372767070509
Bhagalpur,2023-10-22 02:15:00,20.9,65.0,20.60729239309873,67.08570953205002
Bhagalpur,2023-10-23 02:00:00,21.2,64.0,21.135754613120696,64.7949865566874
Bhagalpur,2023-10-24 02:15:00,22.1,80.0,21.10254079608798,65.8307374609365
Bhagalpur,2023-10-25 02:15:00,22.8,76.0,21.862051526611026,75.67146877629719
Bhagalpur,2023-10-26 02:00:00,22.0,77.0,22.491459162860465,73.06988121206291
Bhagalpur,2023-10-27 02:15:00,21.1,57.0,21.604631332785402,73.69383926764088
Bhagalpur,2023-10-28 02:00:00,20.8,57.0,20.556970387975724,72.06565609158783
Bhagalpur,2023-10-29 02:30:00,21.4,53.0,20.437268307737433,63.70165346762472
Bhagalpur,2023-10-30 01:45:00,22.0,66.0,20.844750460485955,60.07201205193514
Bhandara,2023-10-15 02:30:00,24.7,64.0,24.372794796135327,65.16802195906374
Bhandara,2023-10-16 02:30:00,25.1,64.0,24.640770208248142,62.585141807772274
Bhandara,2023-10-17 02:30:00,22.3,74.0,24.554902507328606,61.48843878871979
Bhandara,2023-10-18 02:30:00,22.1,74.0,22.937330044213734,73.23487270016871
Bhandara,2023-10-19 02:30:00,21.6,73.0,22.166201104279242,72.47967439985892
Bhandara,2023-10-20 02:30:00,21.2,83.0,21.730754375765944,70.98143887555369
Bhandara,2023-10-21 02:15:00,19.9,80.0,21.038211191971907,78.19480787703517
Bhandara,2023-10-22 02:30:00,19.3,67.0,20.001473947488435,77.81235151575513
Bhandara,2023-10-23 02:15:00,18.7,67.0,19.240472398590825,69.0021894536539
Bhandara,2023-10-24 02:15:00,17.9,64.0,19.161181571410552,68.82128065248367
Bhandara,2023-10-25 02:15:00,18.1,64.0,18.197834598567937,64.99257036973634
Bhandara,2023-10-26 02:00:00,17.9,59.0,17.90550398356374,65.57387080363327
Bhandara,2023-10-27 02:15:00,17.4,54.0,17.418731496044277,64.10423581419107
Bhandara,2023-10-28 02:00:00,18.4,62.0,16.91375825865939,63.08291122399073
Bhandara,2023-10-29 02:45:00,18.3,63.0,18.342624162806956,65.22011691825593
Bhandara,2023-10-30 02:00:00,18.4,64.0,18.518614642213553,64.26224820036104
Bharatpur,2023-10-15 02:30:00,28.8,33.0,27.969797835724187,36.84987745580029
Bharatpur,2023-10-16 02:30:00,27.5,40.0,28.178734616192862,36.32344605475716
Bharatpur,2023-10-17 02:30:00,21.6,74.0,27.475564247059722,38.71133128943041
Bharatpur,2023-10-18 02:30:00,23.7,61.0,23.310515833178304,59.61050841063287
Bharatpur,2023-10-19 02:30:00,23.5,43.0,23.074327258158156,57.25174927605993
Bharatpur,2023-10-20 02:30:00,23.5,38.0,23.407282311148567,46.948054214804905
Bharatpur,2023-10-21 02:15:00,23.5,44.0,23.837788732446874,44.86018169935478
Bharatpur,2023-10-22 02:30:00,23.3,44.0,23.61687343888409,47.017847288838446
Bharatpur,2023-10-23 02:15:00,23.7,34.0,23.32437292577579,48.463933413037466
Bharatpur,2023-10-24 02:15:00,23.1,39.0,23.587550316945073,38.548681413317595
Bharatpur,2023-10-25 02:30:00,22.7,40.0,23.378622080732697,44.05423689675477
Bharatpur,2023-10-26 02:00:00,23.0,36.0,22.858796758227903,46.15313627948379
Bharatpur,2023-10-27 02:15:00,22.5,27.0,22.753253323897457,40.769602793472814
Bharatpur,2023-10-28 02:00:00,22.3,25.0,22.74510942665055,33.381077900695914
Bharatpur,2023-10-29 02:45:00,23.4,39.0,22.858461744679985,34.20931065099222
Bharatpur,2023-10-30 02:00:00,23.9,40.0,23.650201472423266,41.7978461779051
Bharuch,2023-10-15 02:30:00,28.4,56.0,28.71542055174228,58.254463529936686
Bharuch,2023-10-16 02:30:00,26.2,68.0,28.38865405548369,57.2923198303591
Bharuch,2023-10-17 02:15:00,26.7,65.0,26.70108133904063,63.99938219428077
Bharuch,2023-10-18 02:15:00,26.4,58.0,27.08020295394285,59.68350220805597
Bharuch,2023-10-19 02:15:00,25.6,56.0,26.48693858700689,59.365601433704406
Bharuch,2023-10-20 02:30:00,25.0,47.0,26.185939003790814,56.66045659427459
Bharuch,2023-10-21 02:15:00,25.8,50.0,25.866455517788374,59.21058824289379
Bharuch,2023-10-22 02:15:00,25.8,44.0,26.533554661361414,58.68580135524097
Bharuch,2023-10-23 02:00:00,26.0,39.0,26.532938340858752,56.76390821837245
Bharuch,2023-10-24 02:15:00,25.2,43.0,27.454791829470757,47.666179274820244
Bharuch,2023-10-25 02:15:00,24.7,37.0,26.023986570930045,53.55689195172882
Bharuch,2023-10-26 02:00:00,25.0,35.0,25.594291122313678,52.60960927010317
Bharuch,2023-10-27 02:15:00,24.4,39.0,25.40957576403221,48.3033692825074
Bharuch,2023-10-28 02:00:00,24.1,36.0,25.034333336087343,51.82868427620894
Bharuch,2023-10-29 02:30:00,24.7,37.0,24.77675742757171,49.829428260418105
Bharuch,2023-10-30 01:45:00,25.2,35.0,25.741041461686475,48.594770804181415
Bhavnagar,2023-10-15 02:30:00,29.0,61.0,29.162741989300304,59.83593743645842
Bhavnagar,2023-10-16 02:30:00,27.8,64.0,29.02764131764482,58.206353726890924
Bhavnagar,2023-10-17 02:15:00,28.3,60.0,28.030356911080172,59.0905737530157
Bhavnagar,2023-10-18 02:15:00,29.0,57.0,28.405616689807168,59.57425604372841
Bhavnagar,2023-10-19 02:15:00,28.6,52.0,29.10760809068465,55.90619884733667
Bhavnagar,2023-10-20 02:30:00,28.7,52.0,28.906625131591927,55.88246824276623
Bhavnagar,2023-10-21 02:15:00,29.2,51.0,28.672498278246813,55.06242994284841
Bhavnagar,2023-10-22 02:15:00,28.6,49.0,29.083550409980944,56.253360449554016
Bhavnagar,2023-10-23 02:00:00,28.6,51.0,28.731539605185606,56.134991038152506
Bhavnagar,2023-10-24 02:15:00,28.3,43.0,28.972698679458826,55.498636029137444
Bhavnagar,2023-10-25 02:15:00,28.6,43.0,28.111608187854284,51.646632789534536
Bhavnagar,2023-10-26 02:00:00,28.6,41.0,29.275474082427397,50.76268821548054
Bhavnagar,2023-10-27 02:15:00,27.6,39.0,28.881126681894678,52.54053360535058
Bhavnagar,2023-10-28 02:00:00,27.8,46.0,27.72817866674009,46.49920546900704
Bhavnagar,2023-10-29 02:30:00,28.0,44.0,28.033003382050424,57.629755504022775
Bhavnagar,2023-10-30 01:45:00,28.1,45.0,28.420881682307083,50.55061287346227
Bhilwara,2023-10-15 02:30:00,24.4,46.0,25.63169032571145,48.165985603966426
Bhilwara,2023-10-16 02:30:00,24.2,51.0,24.781313765861974,50.62547561276488
Bhilwara,2023-10-17 02:30:00,21.8,66.0,24.740062344988328,49.98378024632719
Bhilwara,2023-10-18 02:30:00,22.2,65.0,22.730716754749857,61.07164196113477
Bhilwara,2023-10-19 02:30:00,22.8,54.0,22.699506293693094,57.13734332954422
Bhilwara,2023-10-20 02:30:00,22.3,46.0,23.111270268100032,49.89686622250746
Bhilwara,2023-10-21 02:15:00,23.0,43.0,22.66141427278078,49.15295651062501
Bhilwara,2023-10-22 02:30:00,23.8,35.0,23.50322849751922,44.37688475906916
Bhilwara,2023-10-23 02:15:00,24.0,36.0,24.283254943137692,40.7430353150918
Bhilwara,2023-10-24 02:15:00,22.3,40.0,24.84053761077072,40.67315298668089
Bhilwara,2023-10-25 02:30:00,22.1,31.0,22.742650103272695,46.43965359151856
Bhilwara,2023-10-26 02:00:00,22.0,34.0,22.705421544882025,42.7454920728617
Bhilwara,2023-10-27 02:15:00,21.6,30.0,22.446386191322834,43.03291033970773
Bhilwara,2023-10-28 02:00:00,22.2,28.0,22.107410856593926,41.92476225196679
Bhilwara,2023-10-29 02:45:00,22.9,29.0,22.808970213332955,36.72136994489242
Bhilwara,2023-10-30 02:00:00,22.3,37.0,23.252953715862454,33.77856173488581
Bhind,2023-10-15 02:30:00,28.0,36.0,26.774009373454643,39.85610720598245
Bhind,2023-10-16 02:30:00,27.0,44.0,27.520253819006697,39.99579335870454
Bhind,2023-10-17 02:15:00,21.6,72.0,27.184507800689982,42.42052587604583
Bhind,2023-10-18 02:15:00,22.9,63.0,22.93701736805217,56.99367624718014
Bhind,2023-10-19 02:15:00,23.6,46.0,22.54331540042309,59.9390527936286
Bhind,2023-10-20 02:15:00,22.5,44.0,23.143144699314302,52.92344402337216
Bhind,2023-10-21 02:00:00,22.1,45.0,22.496947634719387,50.015713587125006
Bhind,2023-10-22 02:15:00,22.0,45.0,22.14774887351568,52.994830672260036
Bhind,2023-10-23 02:00:00,22.3,42.0,22.2085028438594,52.118620387218165
Bhind,2023-10-24 02:15:00,21.8,45.0,22.351927208886135,49.73694115997296
Bhind,2023-10-25 02:15:00,21.8,47.0,21.78467763211825,49.12710062515586
Bhind,2023-10-26 02:00:00,22.1,37.0,21.980822518042686,54.45775210403613
Bhind,2023-10-27 02:15:00,21.8,34.0,21.732164357166358,44.09282994873257
Bhind,2023-10-28 02:00:00,21.8,35.0,21.903654064700742,43.21239134940268
Bhind,2023-10-29 02:30:00,22.8,32.0,21.888914165373794,44.45785587075072
Bhind,2023-10-30 01:45:00,23.3,36.0,22.556225041135352,39.36133836607525
Bhiwani,2023-10-15 02:30:00,26.6,31.0,26.680442147750288,31.66731513756261
Bhiwani,2023-10-16 02:30:00,26.2,39.0,26.94088890357217,37.48962792883977
Bhiwani,2023-10-17 02:15:00,19.7,77.0,26.319772299344162,40.45815798733484
Bhiwani,2023-10-18 02:30:00,23.4,54.0,21.2944167187946,40.94951227277287
Bhiwani,2023-10-19 02:15:00,21.9,42.0,22.817771734121745,55.665046378816996
Bhiwani,2023-10-20 02:30:00,22.8,44.0,22.406427389418678,43.49957772085336
Bhiwani,2023-10-21 02:15:00,23.6,47.0,22.84068431010701,46.45847119773706
Bhiwani,2023-10-22 02:15:00,23.4,28.0,23.946920694054647,52.63635512562617
Bhiwani,2023-10-23 02:15:00,23.4,38.0,23.67395129399154,34.646225187052
Bhiwani,2023-10-24 02:15:00,22.5,42.0,23.714808776527686,37.420869453712264
Bhiwani,2023-10-25 02:15:00,23.2,40.0,22.821935472721353,42.481213651266046
Bhiwani,2023-10-26 02:00:00,22.9,33.0,23.080074465779692,40.83877885634822
Bhiwani,2023-10-27 02:15:00,22.2,27.0,22.901161675165334,34.66811470855926
Bhiwani,2023-10-28 02:00:00,23.6,29.0,22.954720309248543,26.79543259952183
Bhiwani,2023-10-29 02:30:00,24.7,28.0,24.115421391203093,29.838184300677025
Bhiwani,2023-10-30 01:45:00,24.7,33.0,24.928376070194908,28.595368322743152
Bhojpur,2023-10-15 02:30:00,20.9,72.0,21.567226623149093,72.89091276540336
Bhojpur,2023-10-16 02:30:00,20.4,67.0,20.99725764116714,72.73346522202665
Bhojpur,2023-10-17 02:15:00,20.4,71.0,20.525495964858727,68.32925377578097
Bhojpur,2023-10-18 02:30:00,20.8,81.0,20.540034712897118,71.65446809953568
Bhojpur,2023-10-19 02:15:00,20.3,81.0,20.707443228546023,77.45465439418547
Bhojpur,2023-10-20 02:30:00,20.0,81.0,20.508230921424076,78.90911715945833
Bhojpur,2023-10-21 02:15:00,19.1,78.0,19.794501357072267,77.82236741092059
Bhojpur,2023-10-22 02:15:00,17.6,69.0,18.640313738304744,76.82542975904008
Bhojpur,2023-10-23 02:15:00,18.3,69.0,17.333475073559413,70.7479064115299
Bhojpur,2023-10-24 02:15:00,19.0,76.0,18.517932980408204,70.97304173563307
Bhojpur,2023-10-25 02:15:00,21.2,78.0,19.138489574674065,77.48262821892938
Bhojpur,2023-10-26 02:00:00,18.7,72.0,20.675551598774636,76.71223123980485
Bhojpur,2023-10-27 02:15:00,17.0,62.0,18.99193962605337,70.9040428759598
Bhojpur,2023-10-28 02:00:00,17.3,67.0,17.169013561947164,67.36736852493036
Bhojpur,2023-10-29 02:30:00,17.9,72.0,17.165809448800754,68.47015109272644
Bhojpur,2023-10-30 01:45:00,18.1,70.0,17.975878126917397,70.57072049843048
Bhopal,2023-10-15 02:30:00,23.8,46.0,23.076271206426124,54.41530195401952
Bhopal,2023-10-16 02:30:00,24.2,51.0,24.00400390792497,54.190599371992775
Bhopal,2023-10-17 02:15:00,21.7,68.0,24.27827055535382,56.15219224994494
Bhopal,2023-10-18 02:15:00,23.0,69.0,21.981862334638866,70.45585157271674
Bhopal,2023-10-19 02:15:00,22.1,61.0,23.06668211222381,61.489904374935406
Bhopal,2023-10-20 02:15:00,21.8,57.0,22.340845471925306,57.11033024368875
Bhopal,2023-10-21 02:00:00,21.0,49.0,21.817193191041063,55.1904989660258
Bhopal,2023-10-22 02:15:00,21.1,40.0,21.29253680241564,60.05264086338617
Bhopal,2023-10-23 02:00:00,20.6,53.0,21.188331568353703,49.86939501189147
Bhopal,2023-10-24 02:00:00,20.0,51.0,21.50109530016238,64.09437792821535
Bhopal,2023-10-25 02:15:00,19.7,45.0,20.453444946400364,61.90180383252244
Bhopal,2023-10-26 02:00:00,20.1,38.0,20.09295220060941,58.45905658184577
Bhopal,2023-10-27 02:15:00,19.9,39.0,20.19447121590306,51.97931599912115
Bhopal,2023-10-28 01:45:00,19.4,37.0,20.113465817184153,52.75280711444535
Bhopal,2023-10-29 02:30:00,19.6,38.0,19.662072035244776,49.90841973422265
Bhopal,2023-10-30 01:45:00,20.0,60.0,19.552996652246335,59.81852847867825
Bid,2023-10-15 02:30:00,23.4,52.0,23.483422345000672,57.15218373430271
Bid,2023-10-16 02:30:00,25.2,49.0,23.589598086374316,57.87052245977501
Bid,2023-10-17 02:30:00,23.5,57.0,24.759946931401977,60.39082520738122
Bid,2023-10-18 02:30:00,22.4,65.0,24.096736526441795,56.66528159243941
Bid,2023-10-19 02:30:00,23.2,64.0,22.61532687608573,59.78835069273532
Bid,2023-10-20 02:30:00,22.9,68.0,23.10513631701483,59.033072191721274
Bid,2023-10-21 02:15:00,22.4,68.0,22.951734761520125,64.44405165404984
Bid,2023-10-22 02:30:00,21.9,59.0,22.55034044313649,65.37623509183697
Bid,2023-10-23 02:15:00,21.3,56.0,22.221730327783952,59.03436760826182
Bid,2023-10-24 02:15:00,20.7,56.0,21.52879150250701,60.37105098441018
Bid,2023-10-25 02:15:00,20.4,56.0,21.185929129513237,61.50363379753747
Bid,2023-10-26 02:00:00,19.0,53.0,20.81171689956983,62.21272680750754
Bid,2023-10-27 02:15:00,18.3,52.0,18.68732365520275,60.104905965870095
Bid,2023-10-28 02:00:00,19.1,54.0,18.185015451680673,60.424324790122164
Bid,2023-10-29 02:45:00,19.0,52.0,18.661111845933032,61.25128885593006
Bid,2023-10-30 02:00:00,19.3,50.0,18.958508334390817,61.5228903657549
Bidar,2023-10-15 02:30:00,23.1,67.0,22.386319866140344,73.25994630540664
Bidar,2023-10-16 02:30:00,22.3,66.0,22.982900478540046,67.63515328122715
Bidar,2023-10-17 02:30:00,21.9,71.0,22.31459841908369,64.6329267938097
Bidar,2023-10-18 02:30:00,21.5,74.0,22.014312503042756,69.90312083769375
Bidar,2023-10-19 02:15:00,21.9,69.0,21.513745613585545,72.17417361577407
Bidar,2023-10-20 02:30:00,22.1,74.0,22.130822990062516,66.92564433172505
Bidar,2023-10-21 02:15:00,21.0,80.0,21.948263485742473,72.2173165651445
Bidar,2023-10-22 02:15:00,20.4,73.0,21.150541806917563,79.14189150652665
Bidar,2023-10-23 02:15:00,19.5,64.0,20.54974978036281,72.98762739772884
Bidar,2023-10-24 02:15:00,19.6,67.0,19.612742092370407,66.33785805414122
Bidar,2023-10-25 02:15:00,19.5,59.0,19.579326307725314,67.91870200979014
Bidar,2023-10-26 02:00:00,19.0,57.0,19.26650316313074,63.526593170222114
Bidar,2023-10-27 02:15:00,18.3,59.0,18.38455551116385,63.002277209856985
Bidar,2023-10-28 02:00:00,18.4,59.0,17.9526728272539,63.946137082502005
Bidar,2023-10-29 02:45:00,19.1,66.0,17.973980912558584,63.37644881726885
Bidar,2023-10-30 02:00:00,19.9,69.0,19.3032430903035,67.50139608574331
Bijapur,2023-10-15 02:30:00,25.4,49.0,25.195118039641688,54.363788303030056
Bijapur,2023-10-16 02:30:00,26.7,51.0,25.447781118702373,57.14810961621355
Bijapur,2023-10-17 02:30:00,27.2,50.0,26.199000009048085,58.057590064410675
Bijapur,2023-10-18 02:30:00,25.6,58.0,26.959616161875555,57.89692591615742
Bijapur,2023-10-19 02:15:00,25.1,54.0,25.643266573503595,56.869531843677485
Bijapur,2023-10-20 02:30:00,25.7,49.0,25.14753190495262,56.32925797914831
Bijapur,2023-10-21 02:15:00,25.0,58.0,25.410302120081898,59.46382974250866
Bijapur,2023-10-22 02:15:00,25.3,57.0,24.944680061971955,58.04463119744706
Bijapur,2023-10-23 02:15:00,23.3,51.0,24.953668444557767,57.69414026731912
Bijapur,2023-10-24 02:15:00,23.4,52.0,23.783492772738214,59.07840092144275
Bijapur,2023-10-25 02:15:00,22.7,50.0,23.579356896480192,58.78757245599553
Bijapur,2023-10-26 02:00:00,22.1,52.0,23.036659051871055,60.97220607790427
Bijapur,2023-10-27 02:15:00,21.6,48.0,21.954969129639494,60.374753647056274
Bijapur,2023-10-28 02:00:00,21.5,48.0,21.416737032285567,61.95612189134857
Bijapur,2023-10-29 02:30:00,22.6,47.0,21.55619800976178,62.61305988491114
Bijapur,2023-10-30 01:45:00,24.9,54.0,22.84589429761038,53.03760551154953
Bijnor,2023-10-15 02:30:00,22.6,53.0,21.6312045745085,58.05812237056598
Bijnor,2023-10-16 02:30:00,22.3,55.0,22.5276624236165,55.54994246999967
Bijnor,2023-10-17 02:30:00,18.9,81.0,22.093018882130156,56.64062028485387
Bijnor,2023-10-18 02:30:00,19.4,62.0,19.853543743472756,67.1370002729018
Bijnor,2023-10-19 02:30:00,18.5,54.0,18.88483135691017,62.38258219252742
Bijnor,2023-10-20 02:30:00,18.7,55.0,17.929649850412552,58.59454791344806
Bijnor,2023-10-21 02:15:00,19.2,53.0,18.15885218763594,58.7611479745309
Bijnor,2023-10-22 02:30:00,18.6,58.0,18.070122938301473,60.75296094137966
Bijnor,2023-10-23 02:15:00,19.6,57.0,18.361003155397416,63.76634078552322
Bijnor,2023-10-24 02:15:00,19.0,48.0,19.219580441895737,59.33804587931725
Bijnor,2023-10-25 02:30:00,19.6,50.0,18.647213801500417,57.10637446207345
Bijnor,2023-10-26 02:00:00,19.9,46.0,19.59493062122474,60.02994558287895
Bijnor,2023-10-27 02:30:00,19.6,48.0,19.88690833288649,55.48289661219881
Bijnor,2023-10-28 02:00:00,19.3,47.0,19.92696319483376,59.411074582802485
Bijnor,2023-10-29 02:45:00,19.2,48.0,19.393798225976035,59.28547185017777
Bijnor,2023-10-30 02:00:00,19.2,55.0,18.736415458679787,59.298386121672635
Bikaner,2023-10-15 02:30:00,28.8,41.0,29.40020978046068,32.158736324078525
Bikaner,2023-10-16 02:30:00,28.2,37.0,29.859764042915597,43.31237395032695
Bikaner,2023-10-17 02:30:00,25.3,51.0,29.05436857996333,38.172435119076845
Bikaner,2023-10-18 02:30:00,24.3,57.0,26.377444905945847,42.73454751615883
Bikaner,2023-10-19 02:30:00,25.4,47.0,25.166675282947594,46.54343229443557
Bikaner,2023-10-20 02:30:00,26.3,39.0,25.989362128073708,44.90531145467586
Bikaner,2023-10-21 02:15:00,26.7,35.0,26.937890833821633,40.27011454224091
Bikaner,2023-10-22 02:30:00,27.2,36.0,27.84030412581091,36.364391816594136
Bikaner,2023-10-23 02:15:00,26.5,37.0,28.036955808788264,36.85553359243669
Bikaner,2023-10-24 02:15:00,25.5,34.0,27.195611205520756,33.33403032369194
Bikaner,2023-10-25 02:30:00,26.2,36.0,27.049043161840164,32.95003707040945
Bikaner,2023-10-26 02:00:00,26.5,35.0,26.814461055478947,33.4859115953142
Bikaner,2023-10-27 02:15:00,27.1,23.0,27.90126712769682,31.34086710812774
Bikaner,2023-10-28 02:00:00,27.0,21.0,27.68901436739941,22.188148526360116
Bikaner,2023-10-29 02:45:00,28.2,26.0,28.63594753535773,25.25050181851132
Bikaner,2023-10-30 02:00:00,27.6,25.0,28.876495107538286,22.268435523093196
Bilaspur,2023-10-15 02:30:00,22.3,66.0,23.22148635250762,64.74301409361193
Bilaspur,2023-10-16 02:30:00,22.1,72.0,22.396366745908608,64.62941435720461
Bilaspur,2023-10-17 02:15:00,22.0,70.0,21.993782264749974,67.49924622369194
Bilaspur,2023-10-18 02:15:00,21.1,77.0,21.91682473936095,67.08578680123898
Bilaspur,2023-10-19 02:15:00,20.9,76.0,21.054355716618737,72.45509000905382
Bilaspur,2023-10-20 02:15:00,20.7,73.0,21.146694674162088,72.44290508552345
Bilaspur,2023-10-21 02:15:00,19.0,61.0,20.358262688706073,69.76086565200701
Bilaspur,2023-10-22 02:15:00,18.6,66.0,18.608205075178088,67.67755267224015
Bilaspur,2023-10-23 02:00:00,17.5,59.0,18.847659225080452,67.458831843289
Bilaspur,2023-10-24 02:15:00,17.4,66.0,16.83041631951108,65.19436342822767
Bilaspur,2023-10-25 02:15:00,18.0,62.0,17.40914564311321,67.5362733180493
Bilaspur,2023-10-26 02:00:00,18.3,59.0,17.935612709230877,64.92805989603627
Bilaspur,2023-10-27 02:15:00,17.8,62.0,17.779757642875218,63.552241724407835
Bilaspur,2023-10-28 02:00:00,17.8,62.0,16.949560837837637,65.20467444923135
Bilaspur,2023-10-29 02:30:00,17.8,62.0,17.12259964583145,64.73006909495471
Bilaspur,2023-10-30 01:45:00,18.4,64.0,17.619872291773355,64.25663242325176
Bishnupur,2023-10-15 02:30:00,27.0,84.0,26.39062049971976,76.38249456386534
Bishnupur,2023-10-16 02:30:00,26.0,89.0,26.96207166118503,82.05078681088091
Bishnupur,2023-10-17 02:15:00,27.0,84.0,26.03347251685754,86.7960232255771
Bishnupur,2023-10-18 02:30:00,27.0,84.0,26.695029639242055,87.03539051844491
Bishnupur,2023-10-19 02:15:00,26.0,84.0,26.937830370183814,82.42961518279395
Bishnupur,2023-10-20 02:30:00,25.0,83.0,26.123033829074608,82.64669280104036
Bishnupur,2023-10-21 02:15:00,24.0,83.0,24.922733193385756,84.11291749283045
Bishnupur,2023-10-22 02:15:00,25.0,83.0,24.46559397914627,84.26159189479229
Bishnupur,2023-10-23 02:15:00,26.0,84.0,25.07260721254286,86.53562023683965
Bishnupur,2023-10-24 02:15:00,25.0,83.0,26.220120367439634,85.3479420214904
Bishnupur,2023-10-25 02:15:00,24.0,94.0,25.62976219650454,88.05118630509047
Bishnupur,2023-10-26 02:00:00,26.0,89.0,24.56515497095152,91.21536826120646
Bishnupur,2023-10-27 02:15:00,26.0,84.0,25.513206129725035,84.29071084713314
Bishnupur,2023-10-28 02:00:00,25.0,83.0,25.89851916661728,82.0169771182584
Bishnupur,2023-10-29 02:30:00,24.0,83.0,25.321572630516297,89.3966285538826
Bishnupur,2023-10-30 01:45:00,24.0,83.0,24.454620753545992,82.67891624959218
Biswanath,2023-10-15 02:30:00,24.0,80.0,24.86846923250114,75.13873513733354
Biswanath,2023-10-16 02:30:00,23.8,69.0,23.740711273397572,77.09450112299571
Biswanath,2023-10-17 02:30:00,24.5,70.0,23.728807910725788,70.10551314864493
Biswanath,2023-10-18 02:30:00,24.4,76.0,23.980415606269336,68.23386699632526
Biswanath,2023-10-19 02:30:00,24.3,74.0,23.851600424722008,72.06364825721761
Biswanath,2023-10-20 02:30:00,23.3,72.0,23.416392988310054,71.22351877427576
Biswanath,2023-10-21 02:30:00,22.0,69.0,22.613928634011156,69.46293692318716
Biswanath,2023-10-22 02:30:00,21.9,72.0,22.21439225684175,69.33700644018128
Biswanath,2023-10-23 02:15:00,24.3,81.0,21.94273389851422,75.11391403231374
Biswanath,2023-10-24 02:15:00,22.5,95.0,23.480554619821213,79.80880507820139
Biswanath,2023-10-25 02:30:00,23.3,88.0,22.83425452109462,86.65619401251651
Biswanath,2023-10-26 02:00:00,24.2,77.0,22.96840417910818,82.94221058711585
Biswanath,2023-10-27 02:30:00,23.7,74.0,23.843069771882135,76.87454856580403
Biswanath,2023-10-28 02:00:00,23.0,67.0,23.49967223660022,72.99374817379746
Biswanath,2023-10-29 02:45:00,21.9,67.0,22.98156986791664,70.43132240930869
Biswanath,2023-10-30 02:00:00,21.7,67.0,21.486699486064857,69.09795382513572
Bokaro,2023-10-15 02:30:00,20.2,72.0,20.707458159393664,69.23991313858946
Bokaro,2023-10-16 02:30:00,21.2,65.0,20.273216454072255,68.99354932196887
Bokaro,2023-10-17 02:15:00,21.7,75.0,20.55457077799114,69.01421919156125
Bokaro,2023-10-18 02:30:00,21.6,77.0,21.103078741072498,66.85019069541156
Bokaro,2023-10-19 02:15:00,20.8,82.0,21.18671728783713,68.8861008027931
Bokaro,2023-10-20 02:30:00,20.2,74.0,20.688165257903677,72.84051689506909
Bokaro,2023-10-21 02:15:00,19.0,73.0,19.93516533647914,69.51897683260887
Bokaro,2023-10-22 02:15:00,18.5,64.0,18.547656204805275,69.30959152411143
Bokaro,2023-10-23 02:00:00,18.5,65.0,18.434996933465428,67.56638226723248
Bokaro,2023-10-24 02:15:00,19.7,71.0,18.693560931189552,65.37050286432299
Bokaro,2023-10-25 02:15:00,20.4,71.0,19.55912860027838,67.85530817635768
Bokaro,2023-10-26 02:00:00,22.4,62.0,20.43054046936005,67.77262831667375
Bokaro,2023-10-27 02:15:00,18.9,58.0,21.703221907783494,64.18995873489655
Bokaro,2023-10-28 02:00:00,19.1,61.0,19.26285407287877,63.65549919622097
Bokaro,2023-10-29 02:30:00,18.9,64.0,18.51132143099913,64.4797327224274
Bokaro,2023-10-30 01:45:00,19.4,68.0,18.59000623327757,62.77733126067721
Bongaigaon,2023-10-15 02:30:00,21.9,89.0,22.199927559745223,80.77671948689958
Bongaigaon,2023-10-16 02:30:00,21.8,88.0,21.41352915962617,85.66371291522995
Bongaigaon,2023-10-17 02:15:00,21.7,90.0,21.177522675540565,85.81673680428716
Bongaigaon,2023-10-18 02:30:00,21.8,90.0,21.148118812341608,83.48405658634772
Bongaigaon,2023-10-19 02:15:00,21.6,90.0,21.138107839914365,83.57519524942201
Bongaigaon,2023-10-20 02:30:00,21.2,88.0,20.85465976050956,82.18394726255028
Bongaigaon,2023-10-21 02:15:00,20.7,89.0,20.555919592714165,80.78401033260673
Bongaigaon,2023-10-22 02:15:00,20.3,87.0,20.301739079158775,84.34362067211298
Bongaigaon,2023-10-23 02:15:00,20.0,88.0,19.93329832745671,82.6513581512081
Bongaigaon,2023-10-24 02:15:00,21.0,80.0,19.8988975725033,84.4644835556012
Bongaigaon,2023-10-25 02:15:00,20.2,81.0,20.521601373042596,80.17456114390771
Bongaigaon,2023-10-26 02:00:00,20.8,87.0,20.480899013973662,79.97170418437769
Bongaigaon,2023-10-27 02:15:00,21.2,88.0,20.002596286357193,83.86072562574499
Bongaigaon,2023-10-28 02:00:00,20.5,89.0,20.24671061516411,76.8639300472812
Bongaigaon,2023-10-29 02:30:00,20.4,83.0,20.227942404546344,85.84991649693853
Bongaigaon,2023-10-30 01:45:00,21.0,86.0,20.009936876935758,77.97254252604469
Budaun,2023-10-15 02:30:00,24.7,52.0,24.04955319877113,56.45801450834928
Budaun,2023-10-16 02:30:00,23.7,58.0,24.956099725089654,56.43366095269336
Budaun,2023-10-17 02:30:00,21.1,75.0,24.001312682473458,62.229245511343
Budaun,2023-10-18 02:30:00,21.1,59.0,21.295943944718907,65.99021350397194
Budaun,2023-10-19 02:30:00,21.1,53.0,20.957598355725622,61.874498202313504
Budaun,2023-10-20 02:30:00,20.6,49.0,20.84020112893502,56.497535176608345
Budaun,2023-10-21 02:15:00,21.1,48.0,20.6161179560108,56.442286470908215
Budaun,2023-10-22 02:30:00,20.5,54.0,20.539255566749063,59.21885668559102
Budaun,2023-10-23 02:15:00,21.6,42.0,20.784693501307487,61.48492878053025
Budaun,2023-10-24 02:15:00,21.2,51.0,21.14547132273282,50.764088882102655
Budaun,2023-10-25 02:30:00,21.8,50.0,21.719061610422326,58.36799380442508
Budaun,2023-10-26 02:00:00,21.6,39.0,21.919914450440046,55.52194583677454
Budaun,2023-10-27 02:30:00,21.6,44.0,21.313757062322104,48.99421117905748
Budaun,2023-10-28 02:00:00,21.2,40.0,21.648838747037342,54.72280967675972
Budaun,2023-10-29 02:45:00,21.8,44.0,21.53831138541818,52.70059627646295
Budaun,2023-10-30 02:00:00,21.6,49.0,21.76258631280752,54.28707056511574
Buddha Gaya,2023-10-15 02:30:00,21.7,75.0,21.76994415131783,72.75798616803584
Buddha Gaya,2023-10-16 02:30:00,25.0,94.0,22.054444149525818,77.06000945547791
Buddha Gaya,2023-10-17 02:30:00,23.0,89.0,23.608431486178663,86.6179370610161
Buddha Gaya,2023-10-18 02:30:00,22.5,79.0,22.579840481121966,77.63678669918994
Buddha Gaya,2023-10-19 02:30:00,21.1,81.0,21.96846999249985,71.51426485681041
Buddha Gaya,2023-10-20 02:30:00,21.0,88.0,21.286532539631047,84.49118022721176
Buddha Gaya,2023-10-21 02:15:00,20.0,88.0,20.77295633093182,89.15177328089128
Buddha Gaya,2023-10-22 02:30:00,19.0,100.0,20.385992936951016,91.10166174306718
Buddha Gaya,2023-10-23 02:15:00,19.3,66.0,18.61784733141599,80.85664991890158
Buddha Gaya,2023-10-24 02:15:00,22.0,88.0,18.852728487574925,88.82204186897675
Buddha Gaya,2023-10-25 02:30:00,22.0,94.0,21.014954992424876,82.8063914316658
Buddha Gaya,2023-10-26 02:00:00,19.9,64.0,21.46924435080442,80.42563270333338
Buddha Gaya,2023-10-27 02:30:00,19.8,62.0,20.46980906611881,72.54481680756638
Buddha Gaya,2023-10-28 02:00:00,20.0,88.0,19.617849831908728,75.27363092300145
Buddha Gaya,2023-10-29 02:45:00,19.0,88.0,19.425836917135985,83.63524203728217
Buddha Gaya,2023-10-30 02:00:00,20.1,65.0,18.607345200626728,76.8832958294639
Bulandshahr,2023-10-15 02:30:00,24.8,48.0,24.97737596638776,44.00527816114989
Bulandshahr,2023-10-16 02:30:00,24.8,49.0,25.234330069704786,52.357201060258866
Bulandshahr,2023-10-17 02:30:00,20.9,81.0,24.81418987846003,50.0114981737063
Bulandshahr,2023-10-18 02:30:00,21.6,56.0,21.60403621103126,49.88054245794107
Bulandshahr,2023-10-19 02:30:00,21.0,47.0,21.100999956489616,64.25623034598723
Bulandshahr,2023-10-20 02:30:00,21.3,41.0,21.140421036015113,55.78627664375902
Bulandshahr,2023-10-21 02:15:00,21.7,47.0,21.212472800879354,52.987894621822974
Bulandshahr,2023-10-22 02:30:00,21.2,48.0,21.42353927721595,56.31030444276539
Bulandshahr,2023-10-23 02:15:00,22.2,45.0,21.3655197901534,59.41655431608707
Bulandshahr,2023-10-24 02:15:00,21.8,44.0,22.063515715669595,50.71906613553581
Bulandshahr,2023-10-25 02:30:00,21.8,43.0,21.85943274497864,48.709740756069586
Bulandshahr,2023-10-26 02:00:00,22.1,38.0,21.922930129353272,50.13384157071793
Bulandshahr,2023-10-27 02:30:00,21.5,33.0,22.0051498631471,48.92925574454687
Bulandshahr,2023-10-28 02:00:00,21.7,30.0,22.289996338764237,45.76904741247105
Bulandshahr,2023-10-29 02:45:00,21.8,39.0,22.159741785305002,42.991998964668355
Bulandshahr,2023-10-30 02:00:00,22.2,44.0,22.042290897520292,50.15794754000542
Buldana,2023-10-15 02:30:00,24.7,47.0,24.30031929653455,57.29867960285847
Buldana,2023-10-16 02:30:00,22.7,54.0,24.62619810028317,59.65986985033408
Buldana,2023-10-17 02:30:00,23.3,55.0,23.57094104220354,55.51584712933667
Buldana,2023-10-18 02:30:00,22.0,68.0,23.533282068798837,56.5620138704299
Buldana,2023-10-19 02:30:00,22.4,60.0,22.623035099031213,60.85883960824952
Buldana,2023-10-20 02:30:00,21.7,72.0,22.597736894286864,59.12361085752987
Buldana,2023-10-21 02:15:00,21.8,64.0,22.112106174983264,69.40043361911917
Buldana,2023-10-22 02:30:00,22.4,56.0,22.152777933513157,61.78193093488554
Buldana,2023-10-23 02:15:00,21.8,45.0,22.58304793909398,58.100476969488064
Buldana,2023-10-24 02:15:00,21.3,53.0,22.213210965486624,59.93094143992681
Buldana,2023-10-25 02:15:00,20.4,50.0,21.92076357451044,62.22148784591466
Buldana,2023-10-26 02:00:00,20.4,39.0,21.01871566835637,62.0405769573396
Buldana,2023-10-27 02:15:00,20.4,44.0,20.42909269721017,55.5770313922009
Buldana,2023-10-28 02:00:00,19.4,51.0,20.798625474300298,62.96539783815238
Buldana,2023-10-29 02:45:00,19.7,49.0,19.73558439434699,62.17029077681189
Buldana,2023-10-30 02:00:00,19.6,54.0,20.240302572830736,64.06108715429964
Bundi,2023-10-15 02:30:00,26.5,41.0,26.76689710928293,47.028065594930894
Bundi,2023-10-16 02:30:00,26.3,43.0,26.687559994220923,43.02305926981893
Bundi,2023-10-17 02:30:00,21.4,75.0,26.692673042977358,42.88125304600114
Bundi,2023-10-18 02:30:00,22.6,64.0,23.278934858099724,56.59703290714175
Bundi,2023-10-19 02:30:00,23.6,52.0,22.926760838605627,60.78235152338445
Bundi,2023-10-20 02:30:00,22.7,45.0,23.5015777371493,52.36088363494036
Bundi,2023-10-21 02:15:00,23.2,44.0,22.85611138730589,46.38735075094047
Bundi,2023-10-22 02:30:00,23.8,41.0,23.64249314728872,47.38773896298913
Bundi,2023-10-23 02:15:00,24.1,43.0,24.23409415453382,45.966119694002444
Bundi,2023-10-24 02:15:00,23.3,38.0,24.825729210042542,44.531478218715215
Bundi,2023-10-25 02:30:00,22.5,34.0,23.81958424668952,45.048077931502256
Bundi,2023-10-26 02:00:00,22.8,36.0,22.80472603512675,40.71927244369432
Bundi,2023-10-27 02:15:00,22.6,32.0,22.72190281523347,42.06947734646421
Bundi,2023-10-28 02:00:00,22.0,35.0,22.82794174035717,40.17283046301387
Bundi,2023-10-29 02:45:00,22.8,38.0,22.653875987836646,42.92048807646995
Bundi,2023-10-30 02:00:00,23.6,38.0,23.05445893283613,43.546715493320235
Burhanpur,2023-10-15 02:30:00,24.6,48.0,23.888222406458436,57.49043613565628
Burhanpur,2023-10-16 02:30:00,23.5,53.0,24.503883544940287,59.04142601293674
Burhanpur,2023-10-17 02:15:00,23.2,59.0,24.011076075860316,56.794639762292924
Burhanpur,2023-10-18 02:15:00,21.9,68.0,23.61450961730276,56.28230649827642
Burhanpur,2023-10-19 02:15:00,23.1,62.0,22.441598673329686,63.60988564604594
Burhanpur,2023-10-20 02:15:00,21.7,67.0,23.020005887674014,58.16599274412239
Burhanpur,2023-10-21 02:00:00,21.9,54.0,22.13083815954133,62.82846518545241
Burhanpur,2023-10-22 02:15:00,24.1,50.0,22.243181871821157,57.63803737765707
Burhanpur,2023-10-23 02:00:00,22.0,43.0,23.652481156365347,58.203270129557865
Burhanpur,2023-10-24 02:15:00,21.2,54.0,22.52325458370775,56.10257944890478
Burhanpur,2023-10-25 02:15:00,20.7,51.0,21.94290854571084,60.18410343495297
Burhanpur,2023-10-26 02:00:00,19.9,43.0,21.223742393857663,61.05571963494638
Burhanpur,2023-10-27 02:15:00,19.9,43.0,20.382631066157884,57.34239582949888
Burhanpur,2023-10-28 02:00:00,19.2,48.0,20.428597159084763,57.64914966742588
Burhanpur,2023-10-29 02:30:00,19.4,48.0,19.1320007004545,64.90587623102314
Burhanpur,2023-10-30 01:45:00,19.7,47.0,19.717116392297406,63.591013877776355
Buxar,2023-10-15 02:30:00,22.0,65.0,21.867680387349907,63.042969336761885
Buxar,2023-10-16 02:30:00,22.8,73.0,21.901269316010897,62.10353441445198
Buxar,2023-10-17 02:15:00,22.4,86.0,22.460158912589975,81.97391631544315
Buxar,2023-10-18 02:30:00,21.6,85.0,21.967068955334604,78.67025453014047
Buxar,2023-10-19 02:15:00,20.8,66.0,21.024610809805925,77.35994920653998
Buxar,2023-10-20 02:30:00,20.6,55.0,20.632403835673177,68.07992866065449
Buxar,2023-10-21 02:15:00,20.2,61.0,20.152006474392653,60.261048937346494
Buxar,2023-10-22 02:15:00,19.9,65.0,20.046224263021898,65.11346112581877
Buxar,2023-10-23 02:15:00,19.7,65.0,19.62828986874683,64.001764021687
Buxar,2023-10-24 02:15:00,20.1,66.0,19.502893979105085,65.44466570294021
Buxar,2023-10-25 02:15:00,21.0,67.0,20.223872860997968,68.69582547570751
Buxar,2023-10-26 02:00:00,20.0,58.0,20.47898318058447,66.52396676712863
Buxar,2023-10-27 02:15:00,20.5,64.0,20.295964605836506,65.25086477930468
Buxar,2023-10-28 02:00:00,20.8,54.0,20.15172986374128,65.55251805854111
Buxar,2023-10-29 02:30:00,20.6,53.0,20.1907289943649,62.69170827344772
Buxar,2023-10-30 01:45:00,20.6,53.0,20.249719255686788,61.35704045549097
Chamba,2023-10-15 02:30:00,11.6,58.0,12.109449369686217,57.36117792199362
Chamba,2023-10-16 02:30:00,11.0,48.0,11.335891818105699,58.00820605942877
Chamba,2023-10-17 02:15:00,9.3,72.0,10.439480547966019,58.32516359175751
Chamba,2023-10-18 02:15:00,7.6,59.0,8.640753586061779,63.23182135653408
Chamba,2023-10-19 02:15:00,8.5,56.0,7.485310919680989,54.940102291061955
Chamba,2023-10-20 02:15:00,8.7,50.0,8.475517854370135,53.050453375088395
Chamba,2023-10-21 02:15:00,9.4,54.0,8.452096686862694,52.41550800750681
Chamba,2023-10-22 02:15:00,10.0,55.0,8.808366628172253,55.48426408284073
Chamba,2023-10-23 02:00:00,9.3,52.0,8.86943260511179,53.97677279415988
Chamba,2023-10-24 02:15:00,8.9,59.0,8.87426780995584,52.269143283323565
Chamba,2023-10-25 02:15:00,9.2,46.0,8.935083009180914,48.66454691889035
Chamba,2023-10-26 02:00:00,9.8,43.0,8.863667338400228,50.465156705508015
Chamba,2023-10-27 02:15:00,10.2,51.0,9.046089486738888,49.23478523457834
Chamba,2023-10-28 02:00:00,10.3,47.0,9.047764319694016,52.14530437690347
Chamba,2023-10-29 02:30:00,10.8,54.0,9.13538102651012,50.50751010536009
Chamba,2023-10-30 01:45:00,10.8,57.0,10.693867911099575,51.96896927852033
Chamoli,2023-10-15 02:30:00,1.7,67.0,2.9957514281711246,72.07847632854296
Chamoli,2023-10-16 02:30:00,0.5,61.0,0.1905996960137104,66.45301193019236
Chamoli,2023-10-17 02:30:00,0.1,80.0,0.28914964640841456,74.70850864600875
Chamoli,2023-10-18 02:30:00,-1.5,69.0,0.5072087633716644,73.08172553633369
Chamoli,2023-10-19 02:15:00,-0.8,57.0,-1.7151317923970508,65.5818820819369
Chamoli,2023-10-20 02:30:00,-0.5,59.0,-2.201114487336458,60.12002683169581
Chamoli,2023-10-21 02:15:00,0.2,64.0,-2.373046340504197,63.46814472140402
Chamoli,2023-10-22 02:15:00,0.1,65.0,-0.14259744020189058,65.30331420012148
Chamoli,2023-10-23 02:15:00,0.0,64.0,0.3782112797030449,67.3942240939518
Chamoli,2023-10-24 02:15:00,-1.9,59.0,-1.165165034011307,59.26401021060995
Chamoli,2023-10-25 02:15:00,-0.7,44.0,-1.645273641652714,50.488612741960615
Chamoli,2023-10-26 02:00:00,-0.9,46.0,-2.1997229354340604,48.861203874350245
Chamoli,2023-10-27 02:15:00,0.7,46.0,-2.518647289086747,53.31741771557089
Chamoli,2023-10-28 02:00:00,1.3,41.0,-0.3242221753530372,56.08930757739347
Chamoli,2023-10-29 02:30:00,2.2,49.0,0.2545213307009804,53.090133509584376
Chamoli,2023-10-30 01:45:00,1.1,55.0,0.39664343772561317,56.55538057842019
Champawat,2023-10-15 02:30:00,16.9,69.0,16.93082939452712,70.24606529240366
Champawat,2023-10-16 02:30:00,16.4,74.0,16.69161982062237,67.42745486114976
Champawat,2023-10-17 02:30:00,15.9,84.0,15.349952121818472,75.99003048794391
Champawat,2023-10-18 02:30:00,14.8,67.0,14.680304457494975,80.59292052058365
Champawat,2023-10-19 02:15:00,14.3,73.0,13.577976969880476,67.78417749938046
Champawat,2023-10-20 02:30:00,14.0,69.0,13.451084942660307,69.5007078984643
Champawat,2023-10-21 02:15:00,14.4,72.0,12.595892874362018,68.33898141103225
Champawat,2023-10-22 02:15:00,14.5,71.0,13.380419884919005,68.73911512428708
Champawat,2023-10-23 02:15:00,14.7,71.0,13.519357804073808,75.96566307297878
Champawat,2023-10-24 02:15:00,14.0,59.0,13.777448360620212,65.45962492343178
Champawat,2023-10-25 02:15:00,14.8,58.0,12.767442710191013,66.25011406234123
Champawat,2023-10-26 02:00:00,15.1,66.0,13.870398653603527,62.01537704668704
Champawat,2023-10-27 02:15:00,15.1,70.0,14.366890420258121,66.07249107585618
Champawat,2023-10-28 02:00:00,14.7,69.0,14.120890306668695,67.10304553858124
Champawat,2023-10-29 02:30:00,15.0,69.0,13.647341338809477,67.91008173935732
Champawat,2023-10-30 01:45:00,15.3,73.0,14.31841652466957,68.72171292328402
Chandauli,2023-10-15 02:30:00,22.7,56.0,22.342939029373976,59.30175228564959
Chandauli,2023-10-16 02:30:00,23.4,60.0,22.59602172546152,59.56488864926099
Chandauli,2023-10-17 02:30:00,22.7,76.0,23.46571995783246,69.29449760048901
Chandauli,2023-10-18 02:30:00,21.6,86.0,22.683157218261883,70.12477672378091
Chandauli,2023-10-19 02:30:00,21.2,63.0,21.335774753671945,77.61526446773296
Chandauli,2023-10-20 02:30:00,20.7,59.0,20.782842601173318,64.01917642478185
Chandauli,2023-10-21 02:15:00,20.5,61.0,20.887020924767626,63.14000575803311
Chandauli,2023-10-22 02:30:00,20.0,62.0,20.332064437185927,64.95222743279929
Chandauli,2023-10-23 02:15:00,19.5,58.0,19.716123451297463,63.31359660874571
Chandauli,2023-10-24 02:15:00,19.9,64.0,18.88760466918421,64.25752276241465
Chandauli,2023-10-25 02:30:00,20.2,58.0,19.833103332934947,63.578461297491934
Chandauli,2023-10-26 02:00:00,20.2,58.0,20.283166481530007,63.84671671977641
Chandauli,2023-10-27 02:30:00,20.6,59.0,20.138730813420086,64.2686685312983
Chandauli,2023-10-28 02:00:00,20.1,49.0,20.16387843986449,62.99845563608238
Chandauli,2023-10-29 02:45:00,20.1,52.0,19.8366982885565,58.69558619642025
Chandauli,2023-10-30 02:00:00,20.4,55.0,19.923322748672426,62.791361669854304
Chandel,2023-10-15 02:30:00,25.5,89.0,26.366914557661257,83.26387578690736
Chandel,2023-10-16 02:30:00,25.6,88.0,25.651113397963908,86.9692357090028
Chandel,2023-10-17 02:15:00,26.2,83.0,25.38589275359739,89.43976200280343
Chandel,2023-10-18 02:30:00,26.6,85.0,25.963637559930902,86.9534192708124
Chandel,2023-10-19 02:15:00,26.5,85.0,26.55464563964145,85.27924465794172
Chandel,2023-10-20 02:30:00,26.7,78.0,26.42466822117415,80.27522452856101
Chandel,2023-10-21 02:15:00,26.6,84.0,26.335069189848678,83.9829182660813
Chandel,2023-10-22 02:15:00,27.2,74.0,26.486856932779588,80.12750169966172
Chandel,2023-10-23 02:15:00,26.1,72.0,27.146300868714192,74.08066466548098
Chandel,2023-10-24 02:15:00,24.9,69.0,26.279602058981954,68.9089752138264
Chandel,2023-10-25 02:15:00,24.5,79.0,25.141041585135184,66.48184420416638
Chandel,2023-10-26 02:00:00,24.7,71.0,25.09868741941261,76.71640449108453
Chandel,2023-10-27 02:15:00,24.2,59.0,24.490346419971818,73.09336476229322
Chandel,2023-10-28 02:00:00,24.2,54.0,24.04429044826402,62.526372927800516
Chandel,2023-10-29 02:30:00,24.5,68.0,24.14776541428586,58.38021276045139
Chandel,2023-10-30 01:45:00,26.5,71.0,24.818438204937376,62.45615332528408
Chandigarh,2023-10-15 02:30:00,21.2,43.0,20.447202151382122,50.399914927072906
Chandigarh,2023-10-16 02:30:00,20.7,43.0,20.835642707173513,50.33633009480124
Chandigarh,2023-10-17 02:15:00,19.1,59.0,20.735667847393568,50.49249516417304
Chandigarh,2023-10-18 02:30:00,17.5,55.0,18.253447916676816,60.97251734066833
Chandigarh,2023-10-19 02:15:00,16.7,51.0,16.85697235927595,58.46300624216098
Chandigarh,2023-10-20 02:30:00,17.4,48.0,16.469403986572395,55.000089714058745
Chandigarh,2023-10-21 02:15:00,17.3,48.0,16.335401654240812,56.22112455397699
Chandigarh,2023-10-22 02:15:00,18.0,45.0,16.1535041592978,60.47987031727514
Chandigarh,2023-10-23 02:15:00,18.1,43.0,17.22465229994009,55.60424872657293
Chandigarh,2023-10-24 02:15:00,17.8,47.0,17.71534313898951,51.61340007102492
Chandigarh,2023-10-25 02:15:00,18.3,44.0,16.932066392094235,54.98359736258806
Chandigarh,2023-10-26 02:00:00,18.7,40.0,17.985070751484145,50.591568373819015
Chandigarh,2023-10-27 02:15:00,17.8,42.0,18.013278959765685,48.12282240763243
Chandigarh,2023-10-28 02:00:00,18.2,43.0,17.1276795138738,51.24540889804592
Chandigarh,2023-10-29 02:30:00,18.1,48.0,17.629070597598176,50.11622752879847
Chandigarh,2023-10-30 01:45:00,18.7,40.0,17.524658194401873,57.30694477619053
Chandrapur,2023-10-15 02:30:00,23.0,71.0,22.965947884062192,72.36300161688851
Chandrapur,2023-10-16 02:30:00,22.4,67.0,23.10817239361178,71.79420665790065
Chandrapur,2023-10-17 02:30:00,22.2,70.0,22.279104096203387,66.1181356899781
Chandrapur,2023-10-18 02:30:00,23.7,73.0,22.39226567488094,68.97536123468409
Chandrapur,2023-10-19 02:30:00,22.4,74.0,23.25840890995568,71.9522992183028
Chandrapur,2023-10-20 02:30:00,21.9,82.0,22.593690753123532,74.24183065425598
Chandrapur,2023-10-21 02:15:00,21.6,79.0,22.101630796656757,78.99155433543953
Chandrapur,2023-10-22 02:30:00,19.9,65.0,21.206327505740898,77.63521776630363
Chandrapur,2023-10-23 02:15:00,18.9,69.0,20.336291374648628,67.10253482797812
Chandrapur,2023-10-24 02:15:00,18.0,66.0,19.16902804660713,70.94744388328121
Chandrapur,2023-10-25 02:15:00,18.7,64.0,18.18842672312803,68.19065578476143
Chandrapur,2023-10-26 02:00:00,18.5,60.0,18.705440574156814,65.47415389085303
Chandrapur,2023-10-27 02:15:00,18.0,56.0,17.94474550417796,66.57082475653417
Chandrapur,2023-10-28 02:00:00,18.9,64.0,17.65381794441037,64.65541073209796
Chandrapur,2023-10-29 02:45:00,18.5,64.0,18.74839217436622,66.01181441274682
Chandrapur,2023-10-30 02:00:00,19.0,70.0,18.742445225759226,65.48757013167062
Chatra,2023-10-15 02:30:00,19.8,74.0,20.61189560277094,71.37340414195009
Chatra,2023-10-16 02:30:00,25.0,94.0,20.26473465065289,77.67120667355712
Chatra,2023-10-17 02:15:00,23.0,89.0,23.096443575862896,86.49483639739407
Chatra,2023-10-18 02:30:00,20.2,86.0,22.610501066808933,77.04244773432497
Chatra,2023-10-19 02:15:00,19.4,90.0,20.32633029045384,77.4983721644801
Chatra,2023-10-20 02:30:00,21.0,88.0,19.251719830275263,90.86953865170481
Chatra,2023-10-21 02:15:00,20.0,88.0,20.1475859736439,90.02659373003873
Chatra,2023-10-22 02:15:00,18.0,63.0,19.811328921023634,76.56754992398224
Chatra,2023-10-23 02:00:00,17.0,71.0,17.68384900123099,67.68045148074296
Chatra,2023-10-24 02:15:00,22.0,88.0,16.847848814075103,83.97745660171346
Chatra,2023-10-25 02:15:00,22.0,94.0,20.643833201158234,88.0449422929775
Chatra,2023-10-26 02:00:00,18.0,67.0,21.647299855303643,79.13242025526522
Chatra,2023-10-27 02:15:00,17.3,67.0,17.951917741300427,71.35901059639916
Chatra,2023-10-28 02:00:00,20.0,88.0,16.910011948516157,76.59416329518284
Chatra,2023-10-29 02:30:00,17.6,68.0,19.326053525503518,76.85932441810752
Chatra,2023-10-30 01:45:00,18.2,72.0,17.11188088365897,71.4048406708142
Chennai,2023-10-15 02:30:00,27.0,89.0,27.062993187120913,88.18264979933275
Chennai,2023-10-16 02:30:00,27.0,94.0,27.14680888750268,85.97169670931068
Chennai,2023-10-17 02:30:00,27.0,89.0,26.91394151365329,91.82629074401216
Chennai,2023-10-18 02:30:00,27.0,84.0,26.740454858169766,88.93883569552538
Chennai,2023-10-19 02:30:00,28.0,84.0,26.99933377504346,85.5278794857005
Chennai,2023-10-20 02:30:00,26.0,89.0,27.25661268907331,87.29246190727781
Chennai,2023-10-21 02:15:00,28.0,84.0,26.129077160443074,86.11366844053755
Chennai,2023-10-22 02:30:00,27.0,89.0,26.848209698404926,87.2821046876911
Chennai,2023-10-23 02:15:00,27.0,84.0,26.960943037199424,85.18737986344394
Chennai,2023-10-24 02:15:00,26.0,84.0,26.7686867975966,84.27111022427155
Chennai,2023-10-25 02:30:00,27.0,84.0,26.01757234074655,85.67848559817442
Chennai,2023-10-26 02:00:00,27.0,84.0,26.71995868643409,85.96997553350617
Chennai,2023-10-27 02:30:00,27.0,84.0,26.961467817677075,86.16201600996123
Chennai,2023-10-28 02:00:00,27.0,89.0,26.880373391672556,86.86763169239553
Chennai,2023-10-29 02:45:00,27.0,84.0,26.809888666553242,88.89151219689434
Chennai,2023-10-30 02:00:00,25.0,89.0,26.82500200471297,89.85123370702291
Chhatarpur,2023-10-15 02:30:00,24.4,46.0,23.953338390357118,48.229819524187384
Chhatarpur,2023-10-16 02:30:00,24.2,49.0,24.843588634926466,51.30271249866779
Chhatarpur,2023-10-17 02:15:00,20.6,81.0,24.41177464682292,55.20760014549937
Chhatarpur,2023-10-18 02:15:00,22.4,74.0,21.106172388351194,55.22813442200513
Chhatarpur,2023-10-19 02:15:00,22.3,58.0,22.000895917560026,71.30427246355828
Chhatarpur,2023-10-20 02:15:00,21.2,44.0,21.95585480364301,61.52523306962865
Chhatarpur,2023-10-21 02:00:00,21.0,50.0,20.99672498998925,52.05123754741103
Chhatarpur,2023-10-22 02:15:00,21.0,49.0,21.30155263469234,57.97153545262007
Chhatarpur,2023-10-23 02:00:00,19.9,50.0,20.988265971217906,56.6230342940159
Chhatarpur,2023-10-24 02:15:00,20.5,49.0,20.529580260136623,59.46314222717881
Chhatarpur,2023-10-25 02:15:00,20.5,46.0,20.563500395929747,59.22652598054646
Chhatarpur,2023-10-26 02:00:00,20.1,39.0,20.61629975781786,57.352380462772004
Chhatarpur,2023-10-27 02:15:00,19.8,39.0,20.084915589357514,52.700884340849804
Chhatarpur,2023-10-28 02:00:00,20.2,35.0,19.679121063408974,53.31656275099641
Chhatarpur,2023-10-29 02:30:00,20.4,38.0,20.38314354617127,50.02422632784693
Chhatarpur,2023-10-30 01:45:00,21.1,40.0,20.34865538980511,51.705368411411854
Chhindwara,2023-10-15 02:30:00,22.4,58.0,21.841514417524234,60.60291511569478
Chhindwara,2023-10-16 02:30:00,21.6,58.0,22.47560660553048,58.753285450375614
Chhindwara,2023-10-17 02:15:00,20.7,70.0,21.54736392448914,59.18423705051643
Chhindwara,2023-10-18 02:15:00,20.4,65.0,21.23601114128197,68.49024015380208
Chhindwara,2023-10-19 02:15:00,19.8,69.0,20.655704318694585,62.7545787307586
Chhindwara,2023-10-20 02:15:00,19.2,76.0,19.480178064960654,66.59923010044592
Chhindwara,2023-10-21 02:00:00,18.6,53.0,18.645436835139517,71.08184732832798
Chhindwara,2023-10-22 02:15:00,17.9,56.0,18.06322030030764,68.07539097196356
Chhindwara,2023-10-23 02:00:00,17.9,62.0,17.561453339630816,61.58856704645184
Chhindwara,2023-10-24 02:15:00,17.4,58.0,17.877444483558197,65.0860002157543
Chhindwara,2023-10-25 02:15:00,17.5,50.0,16.732545762714167,63.420986357981135
Chhindwara,2023-10-26 02:00:00,17.5,47.0,16.575013516046088,65.9288208470344
Chhindwara,2023-10-27 02:15:00,17.1,50.0,16.7595525968935,65.56705051605292
Chhindwara,2023-10-28 02:00:00,17.4,58.0,16.42933367115004,62.42060539666366
Chhindwara,2023-10-29 02:30:00,17.3,57.0,16.75237024255097,63.20140346743234
Chhindwara,2023-10-30 01:45:00,17.4,50.0,16.343006507087793,61.81784660621037
Chikmagalur,2023-10-15 02:30:00,18.7,86.0,19.855696099810327,79.80954605009565
Chikmagalur,2023-10-16 02:30:00,19.2,83.0,19.171350259623562,85.26357125880965
Chikmagalur,2023-10-17 02:30:00,19.7,90.0,18.95396541512821,84.48229106457481
Chikmagalur,2023-10-18 02:30:00,19.8,85.0,19.710478705529347,88.17604212198218
Chikmagalur,2023-10-19 02:15:00,19.1,76.0,19.68674260457992,83.62826398294447
Chikmagalur,2023-10-20 02:30:00,20.8,64.0,19.350473943408563,77.44557951849787
Chikmagalur,2023-10-21 02:15:00,19.4,67.0,20.675365697272643,63.93416671268548
Chikmagalur,2023-10-22 02:15:00,22.1,65.0,19.633951480846196,66.92568322270868
Chikmagalur,2023-10-23 02:15:00,21.8,65.0,21.512556983761105,59.91419252448124
Chikmagalur,2023-10-24 02:15:00,18.1,54.0,21.988057681967057,62.30661934797316
Chikmagalur,2023-10-25 02:15:00,18.0,48.0,18.544708669197675,62.00279882256687
Chikmagalur,2023-10-26 02:00:00,17.9,49.0,17.743832645954612,65.25738031807886
Chikmagalur,2023-10-27 02:15:00,17.7,52.0,17.704953613178585,65.582896175206
Chikmagalur,2023-10-28 02:00:00,18.7,66.0,17.205479762904577,62.05916403385922
Chikmagalur,2023-10-29 02:45:00,19.3,89.0,19.11794636876312,69.21762857479031
Chikmagalur,2023-10-30 02:00:00,19.6,90.0,19.646094798532925,87.03937141394401
Chitradurga,2023-10-15 02:30:00,24.0,58.0,22.961544749673504,56.45935108701036
Chitradurga,2023-10-16 02:30:00,24.4,64.0,23.89579768334161,63.98829584086069
Chitradurga,2023-10-17 02:30:00,23.8,70.0,24.170833357942584,65.05932738880436
Chitradurga,2023-10-18 02:30:00,23.8,56.0,23.73908495350831,67.93860175049106
Chitradurga,2023-10-19 02:15:00,22.6,60.0,23.62749312349493,58.66944747399609
Chitradurga,2023-10-20 02:30:00,24.0,53.0,22.92936876974778,59.52831546472294
Chitradurga,2023-10-21 02:15:00,23.1,66.0,23.68654128675104,56.72408688578206
Chitradurga,2023-10-22 02:15:00,23.0,67.0,23.23341307920452,62.92088793774265
Chitradurga,2023-10-23 02:15:00,24.1,47.0,23.14299897073093,61.044862119193155
Chitradurga,2023-10-24 02:15:00,21.0,47.0,23.74343499205548,66.0043783799483
Chitradurga,2023-10-25 02:15:00,20.6,46.0,21.60335926590836,65.78382610935962
Chitradurga,2023-10-26 02:00:00,20.5,46.0,21.008805164333005,66.06601634197023
Chitradurga,2023-10-27 02:15:00,19.9,45.0,20.499962058656536,65.52212211443465
Chitradurga,2023-10-28 02:00:00,21.4,55.0,20.357340507020947,62.40541558489823
Chitradurga,2023-10-29 02:30:00,23.5,76.0,21.532710089025606,62.835769521260225
Chitradurga,2023-10-30 02:00:00,24.0,71.0,23.53265776428545,73.0388300154917
Chittaurgarh,2023-10-15 02:30:00,23.3,49.0,24.009674516766022,50.686675702840226
Chittaurgarh,2023-10-16 02:30:00,23.3,58.0,23.803079768162956,49.76827373526999
Chittaurgarh,2023-10-17 02:30:00,22.0,59.0,23.707470960707223,56.398007947741604
Chittaurgarh,2023-10-18 02:30:00,21.8,64.0,22.78876241683998,55.69129943204165
Chittaurgarh,2023-10-19 02:30:00,21.6,56.0,22.32088665703786,56.797687694633645
Chittaurgarh,2023-10-20 02:30:00,21.8,47.0,21.974473160114723,53.01357859144407
Chittaurgarh,2023-10-21 02:15:00,22.1,47.0,22.23652973907094,50.86851446433541
Chittaurgarh,2023-10-22 02:30:00,24.0,34.0,22.36959471266204,52.59967813844614
Chittaurgarh,2023-10-23 02:15:00,22.8,39.0,23.862631712192954,38.970131721621605
Chittaurgarh,2023-10-24 02:15:00,21.6,41.0,23.270166388682387,43.624641922254135
Chittaurgarh,2023-10-25 02:30:00,21.5,34.0,22.100732184758012,50.40730917470974
Chittaurgarh,2023-10-26 02:00:00,21.1,33.0,22.128715465539262,43.59268370354494
Chittaurgarh,2023-10-27 02:15:00,20.4,28.0,21.535938264759505,43.872310281191375
Chittaurgarh,2023-10-28 02:00:00,20.9,33.0,21.15147720173863,39.950207733060296
Chittaurgarh,2023-10-29 02:45:00,21.5,34.0,21.574850495525883,44.606252357122415
Chittaurgarh,2023-10-30 02:00:00,21.5,42.0,21.958530666258508,42.60630738349373
Chittoor,2023-10-15 02:30:00,22.0,92.0,20.9678453609678,90.30106210894743
Chittoor,2023-10-16 02:30:00,22.4,93.0,21.912862285967787,91.21896212356634
Chittoor,2023-10-17 02:15:00,21.6,94.0,21.998473733109332,95.83132539973512
Chittoor,2023-10-18 02:15:00,21.1,84.0,21.319988737311956,86.01516602540485
Chittoor,2023-10-19 02:15:00,20.5,90.0,20.923723519723538,82.26506650932198
Chittoor,2023-10-20 02:30:00,20.7,90.0,20.85677035772578,86.4256495982057
Chittoor,2023-10-21 02:15:00,21.0,92.0,20.76347780978671,86.84654705898888
Chittoor,2023-10-22 02:15:00,21.4,81.0,21.05564806175998,86.6202093236413
Chittoor,2023-10-23 02:00:00,21.5,86.0,21.53336150371688,79.92320814964252
Chittoor,2023-10-24 02:15:00,20.1,83.0,21.369205292302944,81.61099787073361
Chittoor,2023-10-25 02:15:00,20.6,85.0,20.507553573937894,81.27832989214296
Chittoor,2023-10-26 02:00:00,20.5,82.0,20.588380237916763,82.24718254935867
Chittoor,2023-10-27 02:15:00,20.7,92.0,20.483649058452396,81.2373750619402
Chittoor,2023-10-28 02:00:00,21.1,94.0,20.56413529007645,90.42670926317055
Chittoor,2023-10-29 02:30:00,21.5,95.0,20.928326351784424,91.4616747368162
Chittoor,2023-10-30 01:45:00,21.5,94.0,21.570164812761735,92.19117957529849
Churachandpur,2023-10-15 02:30:00,14.7,98.0,15.44436392494232,98.53491414004628
Churachandpur,2023-10-16 02:30:00,15.2,98.0,14.444840867185064,98.49198126736187
Churachandpur,2023-10-17 02:15:00,15.2,96.0,14.611073157562753,96.51069514839885
Churachandpur,2023-10-18 02:30:00,15.2,97.0,14.489837360598788,96.3684074342199
Churachandpur,2023-10-19 02:15:00,14.2,96.0,14.462709316098952,97.32395934404786
Churachandpur,2023-10-20 02:30:00,14.5,95.0,13.492689433496702,96.93389776908703
Churachandpur,2023-10-21 02:15:00,14.6,96.0,13.427553125321621,97.02874774969044
Churachandpur,2023-10-22 02:15:00,15.4,98.0,13.798535098112302,98.9858274847457
Churachandpur,2023-10-23 02:15:00,17.2,97.0,14.449170410515222,97.11831030162766
Churachandpur,2023-10-24 02:15:00,16.3,98.0,16.191079913262374,98.5870723653923
Churachandpur,2023-10-25 02:15:00,16.3,99.0,16.273970015852306,99.28598901651962
Churachandpur,2023-10-26 02:00:00,15.9,99.0,15.787878881983737,96.49609748134903
Churachandpur,2023-10-27 02:15:00,15.0,99.0,14.959869729034274,99.46316919138638
Churachandpur,2023-10-28 02:00:00,14.4,98.0,14.040123628976803,99.52874672394718
Churachandpur,2023-10-29 02:30:00,14.1,98.0,13.285126293159522,99.4690148479355
Churachandpur,2023-10-30 01:45:00,13.9,95.0,12.348143539437086,97.48875078565464
Churu,2023-10-15 02:30:00,27.1,36.0,28.032521648516514,36.45633605156872
Churu,2023-10-16 02:30:00,27.4,35.0,27.85378088610835,36.55578669085267
Churu,2023-10-17 02:30:00,22.6,61.0,27.737309794940224,36.4379475938548
Churu,2023-10-18 02:30:00,24.1,54.0,23.878762628613273,48.57491189678644
Churu,2023-10-19 02:30:00,23.6,45.0,24.38046473639626,49.353830936617506
Churu,2023-10-20 02:30:00,23.8,43.0,24.101069120755795,44.778526181716956
Churu,2023-10-21 02:15:00,25.2,42.0,24.084150549730364,43.35281347060701
Churu,2023-10-22 02:30:00,25.1,36.0,25.848728945316054,47.75148747619551
Churu,2023-10-23 02:15:00,24.9,37.0,25.578637710789753,40.886229482419616
Churu,2023-10-24 02:15:00,24.0,43.0,25.424615295854544,35.37191076999561
Churu,2023-10-25 02:30:00,24.9,41.0,24.75826170218842,39.23866564717643
Churu,2023-10-26 02:00:00,24.6,37.0,25.276345976461116,43.07986189526165
Churu,2023-10-27 02:15:00,24.1,35.0,25.382487079232234,36.902407685892605
Churu,2023-10-28 02:00:00,25.0,27.0,25.01667315553809,30.975870294395833
Churu,2023-10-29 02:45:00,26.7,26.0,25.85207162931061,31.89437166840228
Churu,2023-10-30 02:00:00,25.7,30.0,26.933762057366888,27.366590841735245
Coimbatore,2023-10-15 02:30:00,23.6,84.0,23.834324931002534,89.28968646720246
Coimbatore,2023-10-16 02:30:00,26.0,89.0,23.783022027963494,87.59322168715458
Coimbatore,2023-10-17 02:30:00,23.0,94.0,25.11673030375098,88.90972323030256
Coimbatore,2023-10-18 02:30:00,24.0,94.0,23.749591274031804,92.69741970745473
Coimbatore,2023-10-19 02:30:00,26.0,70.0,24.00855569578337,89.55379568670294
Coimbatore,2023-10-20 02:30:00,26.0,79.0,25.207639296841197,74.22106194814755
Coimbatore,2023-10-21 02:15:00,25.0,94.0,25.54060345790747,89.73649475250583
Coimbatore,2023-10-22 02:30:00,26.0,89.0,24.975058818116164,94.68644949513661
Coimbatore,2023-10-23 02:15:00,25.0,89.0,25.545164941478536,93.6869307850413
Coimbatore,2023-10-24 02:15:00,24.0,89.0,25.049504303907227,88.14158188922454
Coimbatore,2023-10-25 02:30:00,25.0,89.0,24.314535437873378,88.33074262540991
Coimbatore,2023-10-26 02:00:00,26.0,84.0,24.6096806084266,90.64352868532663
Coimbatore,2023-10-27 02:30:00,27.0,74.0,25.80656765675701,86.61084604274848
Coimbatore,2023-10-28 02:00:00,26.0,74.0,26.466275886088436,78.00299926440624
Coimbatore,2023-10-29 02:45:00,26.0,79.0,25.762396077282002,78.07627475071519
Coimbatore,2023-10-30 02:00:00,25.0,83.0,25.764036758028688,87.42094268882467
Cuddalore,2023-10-15 02:30:00,26.9,77.0,25.904358786807123,83.13664834293272
Cuddalore,2023-10-16 02:30:00,26.7,82.0,26.434547376295445,78.34997436115394
Cuddalore,2023-10-17 02:30:00,26.8,81.0,25.977954453747877,84.92081177057752
Cuddalore,2023-10-18 02:30:00,26.3,78.0,26.40230106901532,79.29598495335782
Cuddalore,2023-10-19 02:30:00,26.3,82.0,25.817223885200878,82.99931266271871
Cuddalore,2023-10-20 02:30:00,26.1,72.0,25.881346774272103,78.75880495454625
Cuddalore,2023-10-21 02:15:00,26.1,81.0,25.804494527863614,73.23099297416006
Cuddalore,2023-10-22 02:30:00,25.3,86.0,26.03277327141795,77.43450711720054
Cuddalore,2023-10-23 02:15:00,26.1,82.0,25.137609391708867,81.81668088444924
Cuddalore,2023-10-24 02:15:00,26.1,80.0,25.719772845316083,83.88754614409969
Cuddalore,2023-10-25 02:30:00,26.5,77.0,25.740947068351666,82.1073019365352
Cuddalore,2023-10-26 02:00:00,27.0,71.0,25.986299347674283,77.21027753517112
Cuddalore,2023-10-27 02:30:00,26.9,76.0,26.609194191395275,73.08853978405763
Cuddalore,2023-10-28 02:00:00,26.9,73.0,26.69211319783102,76.36842749603493
Cuddalore,2023-10-29 02:45:00,26.3,82.0,25.971236410855344,84.63088869576923
Cuddalore,2023-10-30 02:00:00,26.2,83.0,25.86793603111549,86.69531839700642
Cuttack,2023-10-15 02:30:00,27.0,84.0,24.925700991570668,92.38085876220275
Cuttack,2023-10-16 02:30:00,25.0,89.0,26.173234333840924,88.91430780509162
Cuttack,2023-10-17 02:30:00,26.0,89.0,24.52553926231158,90.4647309593203
Cuttack,2023-10-18 02:30:00,25.0,94.0,25.06134857012331,90.4028864042177
Cuttack,2023-10-19 02:30:00,26.0,89.0,24.863539729973716,94.89336158777498
Cuttack,2023-10-20 02:30:00,24.0,94.0,25.33256878266844,89.8428595575162
Cuttack,2023-10-21 02:15:00,24.0,89.0,23.802961372838872,93.19517899664704
Cuttack,2023-10-22 02:30:00,24.0,83.0,23.69584529090597,85.29062763426766
Cuttack,2023-10-23 02:15:00,25.0,79.0,23.807653639382863,85.95431402071715
Cuttack,2023-10-24 02:15:00,25.0,89.0,24.81022316410657,86.31175157173458
Cuttack,2023-10-25 02:15:00,24.0,94.0,24.92320019749303,90.11920476058324
Cuttack,2023-10-26 02:00:00,25.0,94.0,23.943703481382283,95.84901951442706
Cuttack,2023-10-27 02:15:00,23.0,83.0,24.23190979251731,95.45734175213794
Cuttack,2023-10-28 02:00:00,22.0,78.0,22.601463217036425,89.47756773813457
Cuttack,2023-10-29 02:45:00,21.0,83.0,22.124760996058445,82.15518357928154
Cuttack,2023-10-30 02:00:00,21.0,88.0,21.284549396245836,89.6572586125137
Dadra,2023-10-15 02:30:00,26.2,78.0,26.95049259076076,71.62178388759757
Dadra,2023-10-16 02:30:00,25.8,75.0,26.431544214675423,76.5986173531421
Dadra,2023-10-17 02:15:00,26.4,72.0,26.36942432407825,74.40039690869996
Dadra,2023-10-18 02:15:00,25.8,69.0,26.84598407005449,71.12725591845968
Dadra,2023-10-19 02:15:00,25.5,63.0,26.419204542325616,67.62400697731412
Dadra,2023-10-20 02:30:00,25.2,55.0,26.251088828038085,61.3074834905449
Dadra,2023-10-21 02:15:00,26.5,65.0,25.92778746449515,56.17972665038795
Dadra,2023-10-22 02:15:00,26.5,56.0,27.09783206517928,60.84566546996403
Dadra,2023-10-23 02:00:00,25.6,57.0,27.089123576009815,56.957046819301006
Dadra,2023-10-24 02:15:00,26.9,51.0,26.3369551154888,55.70871900639927
Dadra,2023-10-25 02:15:00,25.2,51.0,27.57338049300428,57.63289541193413
Dadra,2023-10-26 02:00:00,24.6,45.0,26.172365552655467,57.119296681588374
Dadra,2023-10-27 02:15:00,24.6,44.0,25.15055828283018,60.13236164740164
Dadra,2023-10-28 02:00:00,23.6,46.0,24.976298339785725,59.001564710704635
Dadra,2023-10-29 02:30:00,23.8,48.0,24.3896121281362,62.962532251073526
Dadra,2023-10-30 01:45:00,24.4,43.0,24.53059284883366,61.58960366462839
Daman,2023-10-15 02:30:00,25.9,79.0,26.674951580990946,71.57941936698337
Daman,2023-10-16 02:30:00,25.4,75.0,26.27552089388046,77.4895518369821
Daman,2023-10-17 02:15:00,26.2,72.0,26.141987335831278,74.29801751135142
Daman,2023-10-18 02:15:00,25.4,67.0,26.583672654087845,71.15617212896693
Daman,2023-10-19 02:15:00,24.7,63.0,26.139903961558357,64.80140905329331
Daman,2023-10-20 02:30:00,24.3,55.0,25.64153475050819,60.64499479186399
Daman,2023-10-21 02:15:00,25.9,60.0,25.244882052118392,56.40567704496521
Daman,2023-10-22 02:15:00,26.7,48.0,26.38647324672406,61.21145770213837
Daman,2023-10-23 02:00:00,25.1,55.0,27.21486805864727,56.358113165133844
Daman,2023-10-24 02:15:00,26.6,50.0,26.218619662173506,53.48191627006484
Daman,2023-10-25 02:15:00,24.5,49.0,27.31969728695372,57.36285711826835
Daman,2023-10-26 02:00:00,24.0,44.0,25.671527923779088,58.5846455394181
Daman,2023-10-27 02:15:00,23.8,44.0,24.720195308654418,58.68262617827338
Daman,2023-10-28 02:00:00,22.7,46.0,24.307293643199912,58.918233333670884
Daman,2023-10-29 02:30:00,23.1,46.0,23.478787898806797,62.494099383299265
Daman,2023-10-30 01:45:00,23.6,42.0,23.756027523811834,61.763556586319574
Damoh,2023-10-15 02:30:00,24.7,51.0,22.807066813185262,58.83997989683709
Damoh,2023-10-16 02:30:00,23.5,55.0,24.269636124345872,58.07246076352151
Damoh,2023-10-17 02:15:00,21.7,72.0,23.74701404264885,59.43114286312493
Damoh,2023-10-18 02:15:00,21.8,73.0,22.043408968517994,63.10138283841912
Damoh,2023-10-19 02:15:00,22.4,63.0,21.878003381286565,67.92030721930092
Damoh,2023-10-20 02:15:00,20.6,49.0,22.204971037645187,62.35867261209454
Damoh,2023-10-21 02:00:00,20.3,54.0,20.81788466743316,60.650939855703214
Damoh,2023-10-22 02:15:00,19.7,52.0,20.23195729880641,61.400475608935295
Damoh,2023-10-23 02:00:00,18.5,54.0,19.33582733719423,61.74495284217542
Damoh,2023-10-24 02:15:00,18.7,55.0,18.42100125673622,62.60619690045405
Damoh,2023-10-25 02:15:00,18.9,48.0,18.682284502423443,62.483202560262946
Damoh,2023-10-26 02:00:00,18.6,47.0,18.35082420653772,60.997247984011224
Damoh,2023-10-27 02:15:00,18.6,46.0,18.454415575390126,61.70615585959149
Damoh,2023-10-28 02:00:00,18.3,46.0,18.217934692033808,59.22495347128901
Damoh,2023-10-29 02:30:00,18.5,45.0,17.87211091828146,58.73661417086799
Damoh,2023-10-30 01:45:00,19.0,48.0,18.184944424000985,56.08167516810438
Darbhanga,2023-10-15 02:30:00,22.4,68.0,22.354038481503068,60.154621429865415
Darbhanga,2023-10-16 02:30:00,23.4,74.0,22.406529108045014,64.24568180262115
Darbhanga,2023-10-17 02:15:00,23.0,82.0,22.69654138365382,67.42867426591445
Darbhanga,2023-10-18 02:30:00,22.7,76.0,23.257952499025237,82.54654217799526
Darbhanga,2023-10-19 02:15:00,21.2,70.0,22.210000847319133,67.62824888595105
Darbhanga,2023-10-20 02:30:00,20.9,67.0,20.59973997726734,65.78875038849387
Darbhanga,2023-10-21 02:15:00,20.6,67.0,20.447816687478348,64.54992022238626
Darbhanga,2023-10-22 02:15:00,20.3,61.0,20.09442807851135,65.33035970616969
Darbhanga,2023-10-23 02:15:00,20.9,63.0,19.99739232089823,64.37044220792461
Darbhanga,2023-10-24 02:15:00,21.5,74.0,20.88204073048848,65.04446269610767
Darbhanga,2023-10-25 02:15:00,22.1,64.0,21.040412224495665,69.25982519610977
Darbhanga,2023-10-26 02:00:00,21.7,74.0,22.068589514108492,68.15861867809666
Darbhanga,2023-10-27 02:15:00,21.4,65.0,21.698304610623374,71.97576407417343
Darbhanga,2023-10-28 02:00:00,21.5,53.0,21.360811905924713,67.53903856728175
Darbhanga,2023-10-29 02:30:00,21.5,63.0,20.8710343153036,60.8362811197708
Darbhanga,2023-10-30 01:45:00,21.0,64.0,21.052589529686312,62.701516726480264
Darjiling,2023-10-15 02:30:00,18.6,92.0,17.34712971896738,91.70713990884458
Darjiling,2023-10-16 02:30:00,17.3,94.0,18.4995497576094,91.64328002643778
Darjiling,2023-10-17 02:30:00,17.0,87.0,16.313013020542126,86.46589780635924
Darjiling,2023-10-18 02:30:00,16.0,85.0,16.182566850223896,84.86666348242676
Darjiling,2023-10-19 02:15:00,15.4,88.0,14.981571613211948,85.33160548918256
Darjiling,2023-10-20 02:30:00,15.2,90.0,14.494547277331836,87.38725114660954
Darjiling,2023-10-21 02:15:00,15.0,83.0,14.19681051898062,83.49976687189131
Darjiling,2023-10-22 02:15:00,16.4,65.0,13.88722446124749,78.17554310381244
Darjiling,2023-10-23 02:15:00,16.3,57.0,15.161709789157763,65.83256165295695
Darjiling,2023-10-24 02:15:00,16.6,56.0,15.406859502776825,59.54216481506766
Darjiling,2023-10-25 02:15:00,17.2,62.0,15.588920970376964,63.216681461031186
Darjiling,2023-10-26 02:00:00,16.2,80.0,16.293940535681806,63.88082644002289
Darjiling,2023-10-27 02:15:00,15.7,90.0,15.557931424079996,75.85374479294042
Darjiling,2023-10-28 02:00:00,15.1,88.0,14.570742688308957,84.57035649103979
Darjiling,2023-10-29 02:45:00,16.9,87.0,14.266590509642054,87.6172544582609
Darjiling,2023-10-30 02:00:00,16.9,84.0,16.259749170433597,85.90893791744651
Darrang,2023-10-15 02:30:00,20.8,96.0,21.321864585626606,92.94662662595303
Darrang,2023-10-16 02:30:00,21.0,93.0,20.631332790604024,90.34831397747479
Darrang,2023-10-17 02:15:00,20.5,90.0,20.175096613224238,86.23475361821772
Darrang,2023-10-18 02:30:00,20.7,91.0,20.392259721785702,91.49511887200107
Darrang,2023-10-19 02:15:00,20.1,90.0,20.254624860517442,92.35416209398645
Darrang,2023-10-20 02:30:00,19.7,88.0,19.851890545990877,90.37946564816039
Darrang,2023-10-21 02:15:00,19.7,88.0,18.968174071771507,85.83470743616378
Darrang,2023-10-22 02:15:00,19.1,88.0,18.88984243347067,84.31600369516214
Darrang,2023-10-23 02:15:00,18.9,87.0,18.41729800752351,84.44035466348038
Darrang,2023-10-24 02:15:00,19.8,77.0,18.582205204663374,84.89969066969284
Darrang,2023-10-25 02:15:00,19.3,87.0,19.26380632173032,78.8775156178188
Darrang,2023-10-26 02:00:00,19.4,91.0,19.12508274730559,90.627426082535
Darrang,2023-10-27 02:15:00,20.0,94.0,19.006565237785363,90.11706462776816
Darrang,2023-10-28 02:00:00,19.3,93.0,19.659733904110674,92.44959624230684
Darrang,2023-10-29 02:30:00,19.2,91.0,18.772309727161943,86.33321907350664
Darrang,2023-10-30 01:45:00,19.7,92.0,18.57313461668098,85.62397436291135
Datia,2023-10-15 02:30:00,26.4,42.0,25.5461500453554,45.03383054170685
Datia,2023-10-16 02:30:00,26.2,42.0,26.57134880054214,44.674704265553764
Datia,2023-10-17 02:15:00,20.9,79.0,26.195155077005854,45.12636356687784
Datia,2023-10-18 02:15:00,23.5,63.0,22.491607331795027,50.189449753947436
Datia,2023-10-19 02:15:00,23.4,45.0,23.05870605297683,62.489454230254665
Datia,2023-10-20 02:15:00,23.0,42.0,22.822946514281966,51.99069634777603
Datia,2023-10-21 02:00:00,22.4,47.0,23.05319118638288,47.953942274337486
Datia,2023-10-22 02:15:00,22.4,43.0,22.58937476714461,54.25404237377392
Datia,2023-10-23 02:00:00,21.8,41.0,22.108051624806773,49.02180592882937
Datia,2023-10-24 02:15:00,21.9,43.0,21.656856366847265,51.66009924747303
Datia,2023-10-25 02:15:00,21.6,44.0,22.045456839746723,50.302046045831815
Datia,2023-10-26 02:00:00,21.7,40.0,21.674183237862284,53.33215845196676
Datia,2023-10-27 02:15:00,21.1,40.0,21.632489079620132,50.67497698379544
Datia,2023-10-28 02:00:00,21.6,32.0,21.688109035182272,53.128950783813295
Datia,2023-10-29 02:30:00,22.0,34.0,21.64938113227443,47.73286082515446
Datia,2023-10-30 01:45:00,22.5,37.0,22.17232543934874,44.04637369479739
Dausa,2023-10-15 02:30:00,29.0,40.0,27.523763823434674,56.6679425126927
Dausa,2023-10-16 02:30:00,26.0,61.0,28.364377250920583,42.3162140178501
Dausa,2023-10-17 02:30:00,22.0,69.0,26.677860259957207,66.01043985459069
Dausa,2023-10-18 02:30:00,23.0,73.0,23.53626815940265,64.91664996028543
Dausa,2023-10-19 02:30:00,23.0,65.0,22.874150384625626,63.41112466437924
Dausa,2023-10-20 02:30:00,23.0,61.0,23.67790885904693,62.04504478984065
Dausa,2023-10-21 02:15:00,23.0,61.0,23.525021212838304,64.27016901781549
Dausa,2023-10-22 02:30:00,24.0,57.0,23.538559075417655,65.40620524400879
Dausa,2023-10-23 02:15:00,24.0,61.0,24.3590353139576,64.38599858763618
Dausa,2023-10-24 02:15:00,23.0,57.0,24.440112387655113,63.03200283545543
Dausa,2023-10-25 02:30:00,24.0,54.0,23.43529424436253,59.109774828445296
Dausa,2023-10-26 02:00:00,22.0,65.0,24.48096240155278,60.73925677959635
Dausa,2023-10-27 02:15:00,21.0,49.0,22.587327769159625,61.70807334072365
Dausa,2023-10-28 02:00:00,24.0,44.0,21.465797719280726,67.32863044496298
Dausa,2023-10-29 02:45:00,21.0,64.0,23.286702972047696,51.64629460124969
Dausa,2023-10-30 02:00:00,23.0,53.0,21.948663902807855,64.84768356036216
Dehradun,2023-10-15 02:30:00,17.6,59.0,16.995413428830798,64.99155071248792
Dehradun,2023-10-16 02:30:00,16.4,61.0,16.51098006621713,61.538457121570445
Dehradun,2023-10-17 02:30:00,13.9,70.0,15.423246506424555,71.18009320083188
Dehradun,2023-10-18 02:30:00,13.8,63.0,12.576288170738094,67.12947317691494
Dehradun,2023-10-19 02:15:00,13.7,67.0,12.792408955942467,60.01081843681592
Dehradun,2023-10-20 02:30:00,13.8,63.0,12.820375233944224,62.0129955300127
Dehradun,2023-10-21 02:15:00,13.9,59.0,12.68072177834341,63.19835109523332
Dehradun,2023-10-22 02:15:00,14.5,55.0,12.630214494878429,64.55797977262336
Dehradun,2023-10-23 02:15:00,14.3,61.0,13.632071663275914,58.45211067540177
Dehradun,2023-10-24 02:15:00,14.1,59.0,13.410139187896247,60.195736848294494
Dehradun,2023-10-25 02:15:00,14.4,48.0,12.636930342571004,58.26118416668289
Dehradun,2023-10-26 02:00:00,15.0,50.0,13.409706250497216,57.715893464208165
Dehradun,2023-10-27 02:15:00,14.8,47.0,14.317235064557007,55.38569704059368
Dehradun,2023-10-28 02:00:00,14.8,57.0,14.231613261297039,60.40699508345738
Dehradun,2023-10-29 02:30:00,14.9,59.0,13.79204373153073,63.265352626705194
Dehradun,2023-10-30 01:45:00,15.0,58.0,13.931781305776246,61.8363354188378
Deoghar,2023-10-15 02:30:00,22.4,68.0,23.220149436843425,60.64990583114809
Deoghar,2023-10-16 02:30:00,23.5,68.0,22.354523286171663,66.23227439378319
Deoghar,2023-10-17 02:15:00,23.5,73.0,22.816422514735066,64.9355873298183
Deoghar,2023-10-18 02:30:00,23.4,73.0,22.950424750289947,66.32251595702975
Deoghar,2023-10-19 02:15:00,21.9,78.0,22.854387217991015,66.19762928600149
Deoghar,2023-10-20 02:30:00,21.7,68.0,21.654659432279036,69.46936587762985
Deoghar,2023-10-21 02:15:00,21.0,65.0,21.100325588293504,67.11708865018167
Deoghar,2023-10-22 02:15:00,20.6,61.0,20.673359576497695,63.83357958909384
Deoghar,2023-10-23 02:00:00,20.7,61.0,20.853888528740395,64.76437839816089
Deoghar,2023-10-24 02:15:00,21.5,75.0,20.683976956539784,66.56050992518034
Deoghar,2023-10-25 02:15:00,21.8,75.0,21.287365931075016,71.53600316746167
Deoghar,2023-10-26 02:00:00,21.8,70.0,21.731924438190383,71.22371309544901
Deoghar,2023-10-27 02:15:00,21.1,56.0,21.623751117253985,70.01249330487127
Deoghar,2023-10-28 02:00:00,21.0,57.0,20.823905796486173,65.41417036991874
Deoghar,2023-10-29 02:30:00,21.3,55.0,20.955282588761833,63.06074693442261
Deoghar,2023-10-30 01:45:00,21.5,63.0,20.614134225948487,61.58220764419644
Deoria,2023-10-15 02:30:00,22.9,63.0,22.19749382255567,61.97028510046268
Deoria,2023-10-16 02:30:00,23.0,73.0,22.453684217967464,60.97528771422439
Deoria,2023-10-17 02:30:00,22.8,85.0,22.424544403001807,67.08152772902143
Deoria,2023-10-18 02:30:00,22.1,71.0,22.329531948808334,76.3763712006462
Deoria,2023-10-19 02:30:00,20.7,64.0,21.828342576560686,68.90592385565512
Deoria,2023-10-20 02:30:00,20.4,55.0,20.407604992540453,62.455971158974215
Deoria,2023-10-21 02:15:00,20.2,58.0,20.006693149810683,58.978255044394224
Deoria,2023-10-22 02:30:00,20.5,57.0,19.843269456396445,61.988556621986135
Deoria,2023-10-23 02:15:00,20.8,58.0,19.989123283836317,62.492483818221665
Deoria,2023-10-24 02:15:00,21.1,63.0,20.74263044627762,64.01040805550583
Deoria,2023-10-25 02:30:00,22.1,63.0,21.011277448053853,64.91240554257992
Deoria,2023-10-26 02:00:00,22.4,69.0,21.76820836910441,63.25812579296753
Deoria,2023-10-27 02:30:00,21.6,57.0,21.877118982221592,66.39116107725748
Deoria,2023-10-28 02:00:00,21.3,52.0,20.742853314943186,63.31586489020081
Deoria,2023-10-29 02:45:00,21.5,53.0,20.673481200676814,60.55582314387613
Deoria,2023-10-30 02:00:00,20.8,54.0,21.029240281915186,60.7719913330129
Dewas,2023-10-15 02:30:00,22.7,50.0,22.25697742196033,55.17763226483918
Dewas,2023-10-16 02:30:00,24.5,60.0,23.023833971072115,52.88676132036381
Dewas,2023-10-17 02:15:00,22.0,66.0,24.363808396647244,56.58189732585254
Dewas,2023-10-18 02:15:00,21.6,64.0,22.71935240635192,60.74676035225928
Dewas,2023-10-19 02:15:00,22.0,58.0,21.87392086802329,56.19489230056936
Dewas,2023-10-20 02:15:00,21.8,60.0,22.286703955645645,54.06625604952041
Dewas,2023-10-21 02:00:00,21.2,55.0,21.913612076314198,57.41353228784365
Dewas,2023-10-22 02:15:00,21.8,53.0,21.367121481294106,57.02813148016625
Dewas,2023-10-23 02:00:00,23.0,65.0,21.586936501740123,64.77337226644032
Dewas,2023-10-24 02:15:00,21.7,43.0,23.262870980738143,57.134850554459625
Dewas,2023-10-25 02:15:00,20.2,43.0,22.144314886009944,54.369423093431614
Dewas,2023-10-26 02:00:00,20.0,46.0,20.98056954181109,59.81730060146156
Dewas,2023-10-27 02:15:00,19.7,35.0,20.337164862226164,58.77093357999396
Dewas,2023-10-28 02:00:00,19.0,49.0,19.799318763700725,53.505993691325195
Dewas,2023-10-29 02:30:00,18.0,60.0,19.264485814508326,63.37386323756
Dewas,2023-10-30 01:45:00,20.4,45.0,18.24073016471474,61.17956793533615
Dhalai,2023-10-15 02:30:00,19.8,90.0,20.376665077854152,88.86176146787314
Dhalai,2023-10-16 02:30:00,20.3,90.0,19.379098126163935,87.36084491796717
Dhalai,2023-10-17 02:15:00,21.4,91.0,19.84683425320178,89.62964126645025
Dhalai,2023-10-18 02:30:00,20.1,91.0,20.80642627005796,88.64429427215497
Dhalai,2023-10-19 02:15:00,19.5,88.0,20.28528079709903,86.78625345674041
Dhalai,2023-10-20 02:30:00,19.3,89.0,18.961003986277884,84.96794983423807
Dhalai,2023-10-21 02:15:00,19.5,90.0,18.97203711788744,85.70320456987119
Dhalai,2023-10-22 02:15:00,20.1,88.0,19.092820117152407,90.21177186590069
Dhalai,2023-10-23 02:15:00,19.6,96.0,19.649596724819716,94.41466314821862
Dhalai,2023-10-24 02:15:00,20.8,94.0,19.22995116628594,96.72082419774178
Dhalai,2023-10-25 02:15:00,21.7,76.0,20.626330128403417,87.92317163806457
Dhalai,2023-10-26 02:00:00,19.4,96.0,21.014026942072395,86.33615800718928
Dhalai,2023-10-27 02:15:00,19.4,93.0,19.528648033318266,81.75263548073771
Dhalai,2023-10-28 02:00:00,19.2,93.0,19.010453774220235,93.21009767012636
Dhalai,2023-10-29 02:30:00,19.1,92.0,18.77733021980038,88.72220531830669
Dhalai,2023-10-30 01:45:00,19.6,91.0,18.555153387170524,87.21971621859373
Dhamtari,2023-10-15 02:30:00,22.1,70.0,22.210127697391965,70.03119494582927
Dhamtari,2023-10-16 02:30:00,21.9,70.0,22.01804284973629,69.66175582749912
Dhamtari,2023-10-17 02:30:00,20.9,71.0,21.557051008947887,69.38330242039393
Dhamtari,2023-10-18 02:30:00,21.6,72.0,21.234615540357343,70.69635698227185
Dhamtari,2023-10-19 02:15:00,20.8,83.0,21.465218465121804,70.05552290465008
Dhamtari,2023-10-20 02:30:00,20.8,87.0,20.919898794412457,78.2955899207314
Dhamtari,2023-10-21 02:15:00,19.7,86.0,20.523766991250984,80.7019286478565
Dhamtari,2023-10-22 02:15:00,18.0,71.0,19.323654750480898,81.93788524322561
Dhamtari,2023-10-23 02:15:00,17.2,72.0,18.111934666638465,73.707579872647
Dhamtari,2023-10-24 02:15:00,17.0,78.0,16.863907652571438,73.02080365167134
Dhamtari,2023-10-25 02:15:00,17.6,75.0,16.93743646519034,76.52558971346355
Dhamtari,2023-10-26 02:00:00,17.9,68.0,17.098585700888023,73.859949249216
Dhamtari,2023-10-27 02:15:00,17.1,65.0,17.801156172024196,71.0088439789576
Dhamtari,2023-10-28 02:00:00,17.6,70.0,16.68345887857509,64.78175369568638
Dhamtari,2023-10-29 02:30:00,17.3,74.0,16.958921464365307,69.36696397544395
Dhamtari,2023-10-30 01:45:00,17.9,76.0,16.848766809061736,75.07181463820517
Dhanbad,2023-10-15 02:30:00,22.6,66.0,23.6327140707201,61.774049226272616
Dhanbad,2023-10-16 02:30:00,23.3,67.0,22.442492417286022,63.932015914240594
Dhanbad,2023-10-17 02:15:00,24.1,71.0,22.985625146988657,68.33595589339076
Dhanbad,2023-10-18 02:30:00,23.7,72.0,23.316428510140426,64.41217803007495
Dhanbad,2023-10-19 02:15:00,22.9,76.0,23.31025792107771,64.33921459932289
Dhanbad,2023-10-20 02:30:00,22.5,67.0,22.44277593004704,66.96813017162847
Dhanbad,2023-10-21 02:15:00,21.5,68.0,21.77319851850496,65.86533512360715
Dhanbad,2023-10-22 02:15:00,21.0,60.0,20.992290796662527,64.48231221807735
Dhanbad,2023-10-23 02:00:00,21.1,61.0,21.240610267055743,63.30185596881954
Dhanbad,2023-10-24 02:15:00,22.1,68.0,21.136629617954704,65.14178578380861
Dhanbad,2023-10-25 02:15:00,22.9,71.0,21.862565346938258,63.91252990162266
Dhanbad,2023-10-26 02:00:00,24.0,62.0,22.5322142004363,67.53753305980042
Dhanbad,2023-10-27 02:15:00,21.7,54.0,23.600142354918674,64.81590964934908
Dhanbad,2023-10-28 02:00:00,21.9,55.0,21.881067188167968,62.18571374731811
Dhanbad,2023-10-29 02:30:00,21.4,62.0,21.568320833925256,58.800290192663724
Dhanbad,2023-10-30 01:45:00,21.7,62.0,21.135851055066695,61.894894688422866
Dhar,2023-10-15 02:30:00,24.5,54.0,23.494815374435156,54.8763772809289
Dhar,2023-10-16 02:30:00,24.1,64.0,24.866898934640886,53.377190033406805
Dhar,2023-10-17 02:15:00,22.4,65.0,24.49752654588719,59.060105714873636
Dhar,2023-10-18 02:15:00,22.0,63.0,23.144894978978172,57.77250734491893
Dhar,2023-10-19 02:15:00,22.5,55.0,22.611146352123747,56.7248551776487
Dhar,2023-10-20 02:15:00,22.5,54.0,22.809133378205065,53.90550607050379
Dhar,2023-10-21 02:00:00,22.9,57.0,22.955940083736408,53.40356899849688
Dhar,2023-10-22 02:15:00,22.6,57.0,23.10850008053071,54.924760461059215
Dhar,2023-10-23 02:00:00,23.0,65.0,23.098845375753214,64.66201085697242
Dhar,2023-10-24 02:15:00,22.6,42.0,23.592151316262246,57.11927975080528
Dhar,2023-10-25 02:15:00,21.6,40.0,23.301729938211263,57.710764705966696
Dhar,2023-10-26 02:00:00,20.0,46.0,22.112630086481616,58.53934222526936
Dhar,2023-10-27 02:15:00,20.5,33.0,21.04007840320426,61.408827828142655
Dhar,2023-10-28 02:00:00,19.0,49.0,20.36324352071034,54.53926304131797
Dhar,2023-10-29 02:30:00,18.0,60.0,19.432757528437925,62.662986783341495
Dhar,2023-10-30 01:45:00,21.3,42.0,18.572141008500978,66.75292812049483
Dharmanagar,2023-10-15 02:30:00,21.3,92.0,20.90504541298403,82.17285668232772
Dharmanagar,2023-10-16 02:30:00,21.4,93.0,20.705078690960065,84.92513052510128
Dharmanagar,2023-10-16 02:30:00,21.1,94.0,20.9727956810677,84.96119917542869
Dharmanagar,2023-10-17 02:15:00,21.4,89.0,20.874286548544195,85.14718483815562
Dharmanagar,2023-10-18 02:30:00,20.9,87.0,20.819225243975165,82.90820465177181
Dharmanagar,2023-10-18 02:30:00,20.5,88.0,20.598084182877038,82.61388524409978
Dharmanagar,2023-10-19 02:15:00,20.7,89.0,20.04491061683969,77.44243831968494
Dharmanagar,2023-10-20 02:30:00,20.7,93.0,20.00419221481607,77.69974227585625
Dharmanagar,2023-10-20 02:30:00,20.5,94.0,20.098685386620716,80.89092558245183
Dharmanagar,2023-10-21 02:15:00,20.2,93.0,20.012244001292945,82.78610922751909
Dharmanagar,2023-10-22 02:15:00,20.9,89.0,19.961130100054984,86.50254142834157
Dharmanagar,2023-10-23 02:15:00,21.3,96.0,20.359032836229726,90.39486037129738
Dharmanagar,2023-10-24 02:15:00,21.9,96.0,20.62218281879303,97.41129133879598
Dharmanagar,2023-10-25 02:15:00,22.1,84.0,21.7413444241857,89.27573633845286
Dharmanagar,2023-10-26 02:00:00,21.0,98.0,22.139613434309084,87.47211805961035
Dharmanagar,2023-10-27 02:15:00,20.8,97.0,20.880359177929463,95.59113631924548
Dharmanagar,2023-10-28 02:00:00,20.5,93.0,20.119888020625712,87.11795052904964
Dharmanagar,2023-10-29 02:30:00,19.5,84.0,20.209680721727057,85.81881830299076
Dharmanagar,2023-10-30 01:45:00,20.0,88.0,18.937948899937606,79.84875397254278
Dharmapuri,2023-10-15 02:30:00,22.3,85.0,20.510661001996926,89.0085332057591
Dharmapuri,2023-10-16 02:30:00,22.0,88.0,21.68639606627247,85.80911721748583
Dharmapuri,2023-10-17 02:30:00,20.6,97.0,21.630974504074434,95.32119085706012
Dharmapuri,2023-10-18 02:30:00,20.2,86.0,20.952155089129544,88.57468041931892
Dharmapuri,2023-10-19 02:30:00,20.2,85.0,20.491273367306842,84.98228689956782
Dharmapuri,2023-10-20 02:30:00,19.9,90.0,20.44716909082618,83.67523324317902
Dharmapuri,2023-10-21 02:15:00,20.2,91.0,20.21994266757515,86.3464313287414
Dharmapuri,2023-10-22 02:30:00,20.6,84.0,20.447359542100426,87.56291911163476
Dharmapuri,2023-10-23 02:15:00,21.6,83.0,20.597075700452674,85.17330459130388
Dharmapuri,2023-10-24 02:15:00,19.1,50.0,20.92478143356646,79.04821749352602
Dharmapuri,2023-10-25 02:30:00,18.9,60.0,19.01307722892909,77.22409611460081
Dharmapuri,2023-10-26 02:00:00,19.7,75.0,18.945706946608414,67.57871985507562
Dharmapuri,2023-10-27 02:30:00,19.3,87.0,19.816715190900403,76.6121073020701
Dharmapuri,2023-10-28 02:00:00,20.3,93.0,19.640778619315366,88.3041900753229
Dharmapuri,2023-10-29 02:45:00,20.3,90.0,20.53526715949952,90.71918742154318
Dharmapuri,2023-10-30 02:00:00,20.2,97.0,20.1726264660034,95.82215980243755
Dharwad,2023-10-15 02:30:00,24.6,63.0,24.66280879066772,55.664355932337195
Dharwad,2023-10-16 02:30:00,23.8,69.0,24.584828357385682,61.37648859856163
Dharwad,2023-10-17 02:30:00,25.2,61.0,24.10104951614846,68.70098743851705
Dharwad,2023-10-18 02:30:00,25.3,59.0,25.00003995890977,61.17037269156187
Dharwad,2023-10-19 02:15:00,25.4,52.0,25.287863573214985,57.84050904818463
Dharwad,2023-10-20 02:30:00,23.9,53.0,25.224629101836875,56.85057022402047
Dharwad,2023-10-21 02:15:00,24.4,58.0,24.278990275720872,57.273104256672305
Dharwad,2023-10-22 02:15:00,25.5,48.0,24.630146670831614,56.03599808082094
Dharwad,2023-10-23 02:15:00,22.2,50.0,24.992523313602735,58.39401581489509
Dharwad,2023-10-24 02:15:00,21.4,45.0,23.207207639376247,58.050122672058926
Dharwad,2023-10-25 02:15:00,21.3,49.0,21.62665617355714,60.98878745720036
Dharwad,2023-10-26 02:00:00,21.2,50.0,21.886504289553393,64.13950357524213
Dharwad,2023-10-27 02:15:00,19.8,49.0,21.04337723407083,63.5306280422865
Dharwad,2023-10-28 02:00:00,20.7,44.0,20.148265525805975,64.03356964667778
Dharwad,2023-10-29 02:45:00,24.4,61.0,20.799680973147037,60.821720852083324
Dharwad,2023-10-30 02:00:00,23.9,73.0,23.88951252495257,65.01928582623815
Dhaulpur,2023-10-15 02:30:00,28.2,39.0,27.15457076832962,42.95726990032757
Dhaulpur,2023-10-16 02:30:00,28.0,41.0,27.777943189674858,41.39953042405521
Dhaulpur,2023-10-17 02:30:00,21.3,79.0,27.73224460741299,42.428492936680406
Dhaulpur,2023-10-18 02:30:00,23.5,63.0,22.70269877846891,47.37187183939155
Dhaulpur,2023-10-19 02:30:00,23.8,46.0,22.958049114204957,61.09437228970872
Dhaulpur,2023-10-20 02:30:00,23.3,43.0,23.397396819164726,51.432202931412874
Dhaulpur,2023-10-21 02:30:00,22.9,45.0,23.28718393592756,46.9326915096204
Dhaulpur,2023-10-22 02:30:00,22.7,47.0,22.909674470378278,49.48285115145132
Dhaulpur,2023-10-23 02:15:00,23.2,39.0,22.785348695230056,53.10511610759124
Dhaulpur,2023-10-24 02:15:00,22.6,42.0,22.718943562570043,47.047564640868515
Dhaulpur,2023-10-25 02:30:00,22.2,44.0,22.61287506636627,47.852405839604884
Dhaulpur,2023-10-26 02:00:00,22.6,39.0,21.967281230310064,50.340021361923284
Dhaulpur,2023-10-27 02:30:00,21.9,30.0,22.548549166723102,45.77029609633141
Dhaulpur,2023-10-28 02:00:00,22.0,30.0,21.891887620482034,39.862967355898824
Dhaulpur,2023-10-29 02:45:00,23.1,36.0,22.625528646879996,39.179141053269184
Dhaulpur,2023-10-30 02:00:00,23.5,40.0,23.166079151629248,42.6737789986114
Dhemaji,2023-10-15 02:30:00,20.6,96.0,20.80126971413853,96.28253184283284
Dhemaji,2023-10-16 02:30:00,20.4,95.0,20.339235413453007,96.32700775519808
Dhemaji,2023-10-17 02:15:00,20.0,93.0,19.892382896837294,90.40645889390231
Dhemaji,2023-10-18 02:30:00,20.9,87.0,19.73011851168108,89.39202669749277
Dhemaji,2023-10-19 02:15:00,19.8,93.0,20.072996423351547,85.04657708783284
Dhemaji,2023-10-20 02:30:00,19.3,91.0,19.33223416498995,86.64615934588308
Dhemaji,2023-10-21 02:15:00,19.2,90.0,18.707763460050483,86.82070783690075
Dhemaji,2023-10-22 02:15:00,18.6,86.0,18.41547124635263,87.6227730356648
Dhemaji,2023-10-23 02:15:00,17.9,83.0,18.24456521576013,83.42812252304638
Dhemaji,2023-10-24 02:15:00,20.0,74.0,17.806983055460243,83.11603254571335
Dhemaji,2023-10-25 02:15:00,18.9,64.0,19.442153713932804,72.35575257086904
Dhemaji,2023-10-26 02:00:00,18.4,90.0,18.82812421232116,75.91600956798645
Dhemaji,2023-10-27 02:15:00,19.3,96.0,17.9356901445373,91.46937688003226
Dhemaji,2023-10-28 02:00:00,19.5,95.0,18.423543588624018,96.36398705800701
Dhemaji,2023-10-29 02:30:00,18.9,95.0,18.666617446141775,95.6048818430606
Dhemaji,2023-10-30 01:45:00,19.6,90.0,18.642030708074433,91.93674190594099
Dhenkanal,2023-10-15 02:30:00,27.0,84.0,24.925700991570668,92.39602302985286
Dhenkanal,2023-10-16 02:30:00,25.0,89.0,26.155429382371935,88.88815679762216
Dhenkanal,2023-10-17 02:30:00,26.0,89.0,24.52553926231158,90.43857995185084
Dhenkanal,2023-10-18 02:30:00,25.0,94.0,25.043543618654322,90.37673539674823
Dhenkanal,2023-10-19 02:30:00,26.0,89.0,24.863539729973716,94.86721058030552
Dhenkanal,2023-10-20 02:30:00,24.0,94.0,25.31476383119945,89.81670855004676
Dhenkanal,2023-10-21 02:15:00,24.0,89.0,23.802961372838872,93.21034326429715
Dhenkanal,2023-10-22 02:30:00,24.0,83.0,23.69584529090597,85.30579190191776
Dhenkanal,2023-10-23 02:15:00,25.0,79.0,23.807653639382863,85.96947828836724
Dhenkanal,2023-10-24 02:15:00,25.0,89.0,24.81022316410657,86.32691583938467
Dhenkanal,2023-10-25 02:15:00,24.0,94.0,24.92320019749303,90.14716940547292
Dhenkanal,2023-10-26 02:00:00,25.0,94.0,23.943703481382283,95.86418378207716
Dhenkanal,2023-10-27 02:15:00,23.0,83.0,24.23190979251731,95.43119074466847
Dhenkanal,2023-10-28 02:00:00,20.3,60.0,22.113983752418296,79.79699435925797
Dhenkanal,2023-10-29 02:45:00,21.0,83.0,21.075308519083865,78.82681482611825
Dhenkanal,2023-10-30 02:00:00,21.0,88.0,20.951390438699995,88.59933725528997
Dhubri,2023-10-15 02:30:00,22.9,84.0,23.418651390798342,73.57380357114486
Dhubri,2023-10-16 02:30:00,22.7,83.0,22.300636326817028,77.73411727795842
Dhubri,2023-10-17 02:15:00,22.3,87.0,21.972123441132766,76.69929800103203
Dhubri,2023-10-18 02:30:00,22.3,85.0,21.76271957129699,79.99401929531217
Dhubri,2023-10-19 02:15:00,22.3,87.0,21.702009405087587,77.20847052546284
Dhubri,2023-10-20 02:30:00,21.8,85.0,21.637758508955603,77.31323495552016
Dhubri,2023-10-21 02:15:00,21.3,86.0,21.184157335506892,73.09935330216855
Dhubri,2023-10-22 02:15:00,20.7,84.0,20.637402651669166,78.58524393500217
Dhubri,2023-10-23 02:15:00,20.9,84.0,20.26356920999337,80.14488885818727
Dhubri,2023-10-24 02:15:00,21.4,83.0,20.683291333073065,81.64413119715456
Dhubri,2023-10-25 02:15:00,20.7,77.0,21.120155736469254,76.3815040010543
Dhubri,2023-10-26 02:00:00,21.4,79.0,20.756268160793706,78.7376888714265
Dhubri,2023-10-27 02:15:00,22.2,84.0,20.964232837038765,75.15464597786557
Dhubri,2023-10-28 02:00:00,21.0,83.0,21.28599474473725,76.52108080322957
Dhubri,2023-10-29 02:30:00,20.9,78.0,20.999152781221696,77.68399200922791
Dhubri,2023-10-30 01:45:00,21.6,84.0,20.624446003834763,72.80166417711528
Dhule,2023-10-15 02:30:00,26.2,49.0,27.427260981800337,56.454261214310215
Dhule,2023-10-16 02:30:00,26.7,53.0,26.800141680238756,54.663077464667545
Dhule,2023-10-17 02:30:00,25.6,56.0,26.683390053559744,53.447757064134244
Dhule,2023-10-18 02:30:00,25.9,57.0,25.96931858951297,61.57764618611609
Dhule,2023-10-19 02:30:00,26.2,49.0,26.17897894347039,56.75762154204307
Dhule,2023-10-20 02:30:00,25.7,48.0,26.17357613669451,57.46142559219889
Dhule,2023-10-21 02:15:00,24.2,52.0,25.75935249225021,57.44276388222817
Dhule,2023-10-22 02:30:00,25.5,48.0,24.949827777574864,55.7652387976452
Dhule,2023-10-23 02:15:00,25.1,43.0,25.420365199013087,59.501994110202446
Dhule,2023-10-24 02:15:00,24.4,44.0,25.47243933637487,51.62547417779868
Dhule,2023-10-25 02:15:00,23.9,46.0,25.2675849225593,57.81589467348184
Dhule,2023-10-26 02:00:00,22.6,41.0,24.430376643043697,60.50466717473184
Dhule,2023-10-27 02:15:00,22.2,42.0,22.900236895026268,57.13089209205656
Dhule,2023-10-28 02:00:00,21.8,39.0,22.309833992349787,54.9736356977789
Dhule,2023-10-29 02:45:00,22.2,42.0,22.12910312338955,56.28261877781105
Dhule,2023-10-30 02:00:00,22.3,43.0,22.704501869505037,54.54766382245125
Dibrugarh,2023-10-15 02:30:00,20.6,96.0,20.80126971413853,96.28253184283284
Dibrugarh,2023-10-16 02:30:00,20.4,95.0,20.339235413453007,96.32700775519808
Dibrugarh,2023-10-17 02:15:00,20.0,93.0,19.892382896837294,90.40645889390231
Dibrugarh,2023-10-18 02:30:00,20.9,87.0,19.73011851168108,89.39202669749277
Dibrugarh,2023-10-19 02:15:00,19.8,93.0,20.072996423351547,85.04657708783284
Dibrugarh,2023-10-20 02:30:00,19.3,91.0,19.33223416498995,86.64615934588308
Dibrugarh,2023-10-21 02:15:00,19.2,90.0,18.707763460050483,86.82070783690075
Dibrugarh,2023-10-22 02:15:00,18.6,86.0,18.41547124635263,87.6227730356648
Dibrugarh,2023-10-23 02:15:00,17.9,83.0,18.24456521576013,83.42812252304638
Dibrugarh,2023-10-24 02:15:00,20.0,74.0,17.806983055460243,83.11603254571335
Dibrugarh,2023-10-25 02:15:00,18.9,64.0,19.442153713932804,72.35575257086904
Dibrugarh,2023-10-26 02:00:00,18.4,90.0,18.82812421232116,75.91600956798645
Dibrugarh,2023-10-27 02:15:00,19.3,96.0,17.9356901445373,91.46937688003226
Dibrugarh,2023-10-28 02:00:00,19.5,95.0,18.423543588624018,96.36398705800701
Dibrugarh,2023-10-29 02:30:00,18.9,95.0,18.666617446141775,95.6048818430606
Dibrugarh,2023-10-30 01:45:00,19.6,90.0,18.642030708074433,91.93674190594099
Dimapur,2023-10-15 02:30:00,18.9,93.0,18.80464432964033,93.67269282865806
Dimapur,2023-10-16 02:30:00,18.5,93.0,18.518165056813533,92.41847934717164
Dimapur,2023-10-17 02:15:00,17.8,90.0,18.094386984997467,89.03902493465895
Dimapur,2023-10-18 02:30:00,18.4,89.0,17.088278744785466,89.27131532446646
Dimapur,2023-10-19 02:15:00,17.5,95.0,17.77837178699991,92.33700549777264
Dimapur,2023-10-20 02:30:00,17.3,91.0,16.50399405473176,88.47308766831345
Dimapur,2023-10-21 02:15:00,16.9,90.0,16.084539118680212,87.00905132181526
Dimapur,2023-10-22 02:15:00,16.9,88.0,16.05363355916965,87.97114485822306
Dimapur,2023-10-23 02:15:00,17.0,89.0,16.38883178206362,87.90456203540745
Dimapur,2023-10-24 02:15:00,18.8,92.0,16.87548032942357,89.86419179471478
Dimapur,2023-10-25 02:15:00,17.5,92.0,18.58088799758615,92.49530021158637
Dimapur,2023-10-26 02:00:00,17.3,97.0,17.113881495694617,93.72574897851204
Dimapur,2023-10-27 02:15:00,17.7,97.0,16.867477907488688,95.84455963731827
Dimapur,2023-10-28 02:00:00,17.1,90.0,16.982207502417225,94.74796185227494
Dimapur,2023-10-29 02:30:00,16.5,90.0,16.274995904002584,85.13985664643496
Dimapur,2023-10-30 01:45:00,17.1,90.0,15.703348380632193,87.19158577877263
Dindigul,2023-10-15 02:30:00,22.4,86.0,24.861226924697675,88.03889126019978
Dindigul,2023-10-16 02:30:00,23.2,84.0,23.35330608133898,86.70174189402766
Dindigul,2023-10-17 02:30:00,21.0,94.0,22.930646189366488,86.58250699056565
Dindigul,2023-10-18 02:30:00,25.0,94.0,22.296560438582627,92.36393806717611
Dindigul,2023-10-19 02:30:00,21.5,83.0,23.852656823624894,90.42263091078719
Dindigul,2023-10-20 02:30:00,21.6,85.0,22.350442555643042,81.41962420190579
Dindigul,2023-10-21 02:15:00,25.0,94.0,22.26216046267897,88.63918851249814
Dindigul,2023-10-22 02:30:00,24.0,89.0,24.078516949972364,94.68206793010253
Dindigul,2023-10-23 02:15:00,26.0,89.0,24.537177234508576,88.7079832960849
Dindigul,2023-10-24 02:15:00,22.7,82.0,25.25165056637119,88.88949154630735
Dindigul,2023-10-25 02:30:00,22.8,86.0,23.645026259700472,82.61574602378383
Dindigul,2023-10-26 02:00:00,22.4,85.0,22.776695958981694,85.6757206432821
Dindigul,2023-10-27 02:30:00,21.5,86.0,22.475563627944638,83.65069245515011
Dindigul,2023-10-28 02:00:00,27.0,79.0,22.26922692575056,87.74880477994886
Dindigul,2023-10-29 02:45:00,26.0,89.0,23.786374361638583,81.21236777061984
Dindigul,2023-10-30 02:00:00,25.0,94.0,25.946090096379457,88.6647710970642
Dindori,2023-10-15 02:30:00,15.9,67.0,13.557311972636494,65.68490121201303
Dindori,2023-10-16 02:30:00,17.0,66.0,15.66283391887022,65.99144346929765
Dindori,2023-10-17 02:15:00,16.0,74.0,16.561519190366457,66.64554858381692
Dindori,2023-10-18 02:15:00,13.8,81.0,15.16858278663661,70.72779599413806
Dindori,2023-10-19 02:15:00,9.7,81.0,12.754827840082049,74.88123431348338
Dindori,2023-10-20 02:15:00,9.4,80.0,9.706220242783324,73.43675918920381
Dindori,2023-10-21 02:00:00,8.7,62.0,9.248782184711853,71.96358571534451
Dindori,2023-10-22 02:15:00,8.2,65.0,8.41588945761192,64.09409247177702
Dindori,2023-10-23 02:00:00,6.6,64.0,8.125651537231338,61.184940912792214
Dindori,2023-10-24 02:15:00,7.1,67.0,7.046143137138906,61.50667644131597
Dindori,2023-10-25 02:15:00,7.2,69.0,7.327168732090217,66.26925794537141
Dindori,2023-10-26 02:00:00,7.1,62.0,7.235313804708536,67.06629097263142
Dindori,2023-10-27 02:15:00,7.0,60.0,7.033983307346284,62.31254230868301
Dindori,2023-10-28 02:00:00,7.2,60.0,7.070675560078094,64.70345888678219
Dindori,2023-10-29 02:30:00,7.2,59.0,6.950508880939158,65.179517978158
Dindori,2023-10-30 01:45:00,7.7,65.0,7.2283202530026145,61.074967745618466
Diu,2023-10-15 02:30:00,26.4,70.0,26.996505634590047,80.49346494593684
Diu,2023-10-16 02:30:00,25.7,81.0,26.812427802904306,72.36655210017676
Diu,2023-10-17 02:15:00,25.9,77.0,26.10256824484251,78.58219417076143
Diu,2023-10-18 02:15:00,26.1,74.0,26.27889035468396,77.0793592731793
Diu,2023-10-19 02:15:00,26.8,64.0,26.65556931723402,74.06299015713027
Diu,2023-10-20 02:30:00,26.4,51.0,27.200556007706037,65.3475269205524
Diu,2023-10-21 02:15:00,27.0,72.0,26.77238397584911,57.44236194554295
Diu,2023-10-22 02:15:00,27.2,69.0,27.696179747185322,69.36750862173889
Diu,2023-10-23 02:00:00,27.0,63.0,27.785328406082257,68.5115686145866
Diu,2023-10-24 02:15:00,26.7,65.0,27.72458564605977,61.39987059664419
Diu,2023-10-25 02:15:00,27.3,70.0,27.149880038080966,59.77540891804558
Diu,2023-10-26 02:00:00,26.8,65.0,27.829271433230318,67.18261962187242
Diu,2023-10-27 02:15:00,26.5,69.0,27.18883489179615,61.99163991397533
Diu,2023-10-28 02:00:00,26.4,69.0,26.89510459727957,67.95789500672544
Diu,2023-10-29 02:30:00,26.5,61.0,26.356617998260642,68.5002361686812
Diu,2023-10-30 01:45:00,26.9,63.0,26.81417479838826,60.278680128755
Doda,2023-10-15 02:30:00,12.2,64.0,12.2715530363534,58.06458585125307
Doda,2023-10-16 02:30:00,11.5,56.0,11.719685269845298,58.98928479250059
Doda,2023-10-17 02:15:00,10.4,79.0,10.451043289580195,68.10927134741347
Doda,2023-10-18 02:15:00,8.0,73.0,9.216888365251389,69.41251027358177
Doda,2023-10-19 02:15:00,9.1,68.0,8.07823905299042,64.64255623916273
Doda,2023-10-20 02:15:00,9.5,67.0,9.54160438908301,59.36536302993731
Doda,2023-10-21 02:15:00,9.5,63.0,9.430145555988622,59.347808239047644
Doda,2023-10-22 02:15:00,10.7,62.0,9.303826114215507,60.685461708001796
Doda,2023-10-23 02:00:00,8.9,71.0,9.636902787155933,60.147094615111364
Doda,2023-10-24 02:15:00,9.3,61.0,9.242485961885555,60.44831782486229
Doda,2023-10-25 02:15:00,9.1,51.0,8.601128067593422,53.6506575656749
Doda,2023-10-26 02:00:00,10.1,50.0,9.668596650522533,47.26684630808279
Doda,2023-10-27 02:15:00,10.2,50.0,9.642896935996692,47.3808216904743
Doda,2023-10-28 02:00:00,10.5,52.0,9.62976944878502,46.515417407125994
Doda,2023-10-29 02:30:00,10.8,50.0,10.464169519257705,49.23912689062412
Doda,2023-10-30 01:45:00,10.7,46.0,11.221380298956298,54.562529573641086
Dohad,2023-10-15 02:30:00,24.8,57.0,25.798347237134756,54.639928395900114
Dohad,2023-10-16 02:30:00,24.7,64.0,25.06976359750838,55.689704817257756
Dohad,2023-10-17 02:15:00,24.1,58.0,25.10513574436013,58.42703006838913
Dohad,2023-10-18 02:15:00,24.1,59.0,24.59505630952797,56.69112569633254
Dohad,2023-10-19 02:15:00,23.7,58.0,24.220148786829306,58.13402288452589
Dohad,2023-10-20 02:30:00,23.6,49.0,23.979642032094972,57.53499321252206
Dohad,2023-10-21 02:15:00,24.7,54.0,24.02763579449462,55.53300889679527
Dohad,2023-10-22 02:15:00,24.5,54.0,24.90915732002332,54.91385745027052
Dohad,2023-10-23 02:00:00,24.6,41.0,24.90978526924674,54.68308564525741
Dohad,2023-10-24 02:15:00,24.4,37.0,24.75773165749756,50.52686205110607
Dohad,2023-10-25 02:15:00,23.0,39.0,24.905898379408306,45.94570279339267
Dohad,2023-10-26 02:00:00,22.8,33.0,24.045555436258137,48.052556887758705
Dohad,2023-10-27 02:15:00,22.3,32.0,22.863416106781926,43.25916265777369
Dohad,2023-10-28 02:00:00,22.4,36.0,22.634874587208838,43.901986092704135
Dohad,2023-10-29 02:30:00,23.5,36.0,22.96844871722732,46.40753985186587
Dohad,2023-10-30 01:45:00,23.6,36.0,24.258146911654517,42.1480471851175
Dumka,2023-10-15 02:30:00,21.8,70.0,22.72209688537418,62.668708255895325
Dumka,2023-10-16 02:30:00,22.7,69.0,22.02110337095555,68.73642980575904
Dumka,2023-10-17 02:15:00,23.5,75.0,22.316394576345,68.06053036217925
Dumka,2023-10-18 02:30:00,23.1,76.0,22.782815179987438,66.89286103606155
Dumka,2023-10-19 02:15:00,21.6,79.0,22.645017421146928,66.93638845503911
Dumka,2023-10-20 02:30:00,20.9,69.0,21.07397284548844,69.5892790146501
Dumka,2023-10-21 02:15:00,20.4,71.0,20.55787178695824,66.41921502268346
Dumka,2023-10-22 02:15:00,19.9,66.0,20.0917131519763,67.65036678104865
Dumka,2023-10-23 02:00:00,20.4,68.0,20.20501057661465,66.73987027818532
Dumka,2023-10-24 02:15:00,21.4,81.0,20.291431467687268,72.0071273210878
Dumka,2023-10-25 02:15:00,21.7,88.0,21.10515851928702,77.99466404778897
Dumka,2023-10-26 02:00:00,21.4,79.0,21.64760881339069,79.4482998111439
Dumka,2023-10-27 02:15:00,20.6,61.0,21.31868268933322,75.38766418944917
Dumka,2023-10-28 02:00:00,20.8,58.0,20.864044470112596,70.89088628316777
Dumka,2023-10-29 02:30:00,19.9,58.0,20.179728796105426,64.77388263200207
Dumka,2023-10-30 01:45:00,21.0,64.0,20.092275870705567,63.66974481882085
Dungarpur,2023-10-15 02:30:00,26.7,48.0,25.91280166337929,48.75588669125813
Dungarpur,2023-10-16 02:30:00,24.1,56.0,26.67954152283802,54.63082625046654
Dungarpur,2023-10-17 02:30:00,24.3,47.0,24.982615737674255,54.949178309708714
Dungarpur,2023-10-18 02:30:00,23.5,53.0,24.799102706355626,53.353090682346206
Dungarpur,2023-10-19 02:30:00,24.2,48.0,24.176241154227593,53.76578842554697
Dungarpur,2023-10-20 02:30:00,23.4,46.0,24.52712315923559,51.760987392770545
Dungarpur,2023-10-21 02:15:00,23.6,45.0,24.208039874596857,50.97133158036344
Dungarpur,2023-10-22 02:30:00,23.9,35.0,24.253450311422263,49.03106763357826
Dungarpur,2023-10-23 02:15:00,25.0,37.0,24.68011811019064,40.37589701231512
Dungarpur,2023-10-24 02:15:00,23.9,36.0,25.761425761220202,42.73174454657097
Dungarpur,2023-10-25 02:30:00,23.3,33.0,25.04176672468493,41.16024838385338
Dungarpur,2023-10-26 02:00:00,23.2,31.0,24.31207375587488,40.15312509231692
Dungarpur,2023-10-27 02:15:00,22.8,34.0,23.54685615491626,39.978958970450776
Dungarpur,2023-10-28 02:00:00,22.3,29.0,23.468408854985523,39.240194462829734
Dungarpur,2023-10-29 02:45:00,22.5,34.0,22.76378908563392,36.07494495167997
Dungarpur,2023-10-30 02:00:00,22.3,38.0,23.339701042104256,37.100706667384145
Durg,2023-10-15 02:30:00,23.2,66.0,23.338303806572505,62.40778360598995
Durg,2023-10-16 02:30:00,22.6,67.0,23.20957791261973,65.65903039809133
Durg,2023-10-17 02:30:00,22.5,64.0,22.620936439137246,66.9457171633545
Durg,2023-10-18 02:30:00,22.5,71.0,22.370770062917874,62.04701411966815
Durg,2023-10-19 02:15:00,22.4,76.0,22.26388385118986,68.45282895567765
Durg,2023-10-20 02:30:00,22.1,81.0,22.383127504029897,73.83281591503352
Durg,2023-10-21 02:15:00,21.0,72.0,21.772097140768455,77.63924926390503
Durg,2023-10-22 02:15:00,19.8,64.0,21.041123461437596,71.11581867798601
Durg,2023-10-23 02:15:00,19.7,63.0,20.023934955753635,65.02007408556706
Durg,2023-10-24 02:15:00,18.5,63.0,19.595834092182177,65.66315253627708
Durg,2023-10-25 02:15:00,19.1,62.0,18.75690445693916,65.8402481775275
Durg,2023-10-26 02:00:00,19.4,57.0,18.77630720084846,65.19062079154654
Durg,2023-10-27 02:15:00,18.7,56.0,18.893496664995013,63.86338391562764
Durg,2023-10-28 02:00:00,19.1,60.0,18.70852770857323,64.45793588373297
Durg,2023-10-29 02:30:00,18.8,63.0,18.46003893116978,66.7955091290189
Durg,2023-10-30 01:45:00,19.4,66.0,18.89752172136042,65.3361402719999
Dwarka,2023-10-15 02:30:00,26.9,69.0,27.580662936574576,73.17687937495604
Dwarka,2023-10-16 02:30:00,27.0,72.0,27.16447087661237,69.92588740190475
Dwarka,2023-10-17 02:15:00,26.8,72.0,27.42103277758249,69.45780224237853
Dwarka,2023-10-18 02:15:00,26.6,79.0,27.078617652909184,68.63930297708923
Dwarka,2023-10-19 02:15:00,27.2,81.0,26.777518046070405,74.59976835477174
Dwarka,2023-10-20 02:30:00,27.3,78.0,27.73711748269147,75.05099092814494
Dwarka,2023-10-21 02:15:00,27.3,77.0,27.63972403302924,74.4060557812971
Dwarka,2023-10-22 02:15:00,28.0,68.0,27.85071436329191,74.90119426263698
Dwarka,2023-10-23 02:00:00,27.3,77.0,28.295710390567578,67.69972420181772
Dwarka,2023-10-24 02:15:00,27.3,79.0,27.923461856960834,73.88671052884821
Dwarka,2023-10-25 02:15:00,27.4,77.0,27.764003557921964,73.36653755953145
Dwarka,2023-10-26 02:00:00,27.1,75.0,27.927763689998283,74.66819256750146
Dwarka,2023-10-27 02:15:00,27.0,75.0,27.64378599783796,72.26255702812107
Dwarka,2023-10-28 02:00:00,27.1,73.0,27.689542856494477,72.26572891586349
Dwarka,2023-10-29 02:30:00,27.1,73.0,27.625714851426597,70.87937282711015
Dwarka,2023-10-30 01:45:00,27.6,70.0,27.801308217659773,70.07797154501995
East Godavari,2023-10-15 02:30:00,24.6,84.0,24.528162972326914,83.26493855886463
East Godavari,2023-10-16 02:30:00,24.2,80.0,24.16274255547484,83.24424418961235
East Godavari,2023-10-17 02:15:00,25.9,73.0,24.13612158706183,82.25837944555231
East Godavari,2023-10-17 02:30:00,25.9,73.0,25.26911498920413,74.80974854062144
East Godavari,2023-10-18 02:15:00,24.3,79.0,25.388056034223077,74.81891482202239
East Godavari,2023-10-18 02:30:00,24.3,79.0,24.392720879024765,80.19808014398048
East Godavari,2023-10-19 02:15:00,23.4,92.0,24.17096278868437,84.00678334347256
East Godavari,2023-10-19 02:30:00,23.4,92.0,23.542629208407398,90.24806796430441
East Godavari,2023-10-20 02:30:00,24.1,90.0,23.427784162672513,90.79226270210717
East Godavari,2023-10-21 02:15:00,24.3,87.0,23.735310143173482,84.07762542472152
East Godavari,2023-10-21 02:30:00,24.3,87.0,24.013959834641586,82.460705504808
East Godavari,2023-10-22 02:15:00,24.3,82.0,24.230537199936204,86.38645570267133
East Godavari,2023-10-22 02:30:00,24.3,82.0,24.24778720906913,85.28628578017538
East Godavari,2023-10-23 02:00:00,23.1,85.0,24.1510917039851,81.1764633728547
East Godavari,2023-10-23 02:15:00,23.1,85.0,23.173582527406854,83.06490046675611
East Godavari,2023-10-24 02:15:00,25.4,76.0,23.167413610935824,87.31169727993567
East Godavari,2023-10-25 02:15:00,24.4,80.0,24.565354708867066,82.39054944564883
East Godavari,2023-10-25 02:30:00,24.4,80.0,24.480937154844863,83.77034354915787
East Godavari,2023-10-26 02:00:00,24.5,83.0,24.508084195853318,80.4414503324992
East Godavari,2023-10-27 02:15:00,24.0,84.0,24.134248021453335,85.17464119448387
East Godavari,2023-10-27 02:30:00,24.0,84.0,23.888937957721648,85.69933481238076
East Godavari,2023-10-28 02:00:00,23.7,92.0,23.738429445724353,85.9152814970792
East Godavari,2023-10-29 02:30:00,24.9,83.0,23.48597333030659,89.36259258049917
East Godavari,2023-10-29 02:45:00,24.9,83.0,24.363693411751687,85.31248445315532
East Godavari,2023-10-30 01:45:00,24.1,78.0,24.471568200250644,79.6322669698385
East Godavari,2023-10-30 02:00:00,23.8,78.0,24.00357520868292,78.81869645935495
Ernakulam,2023-10-15 02:30:00,25.0,94.0,24.200916596843356,96.87243172850803
Ernakulam,2023-10-16 02:30:00,27.0,94.0,24.96465663221632,93.8655631488533
Ernakulam,2023-10-17 02:30:00,24.0,94.0,26.196164053690275,93.44846561071125
Ernakulam,2023-10-18 02:30:00,25.0,94.0,24.617764690792992,94.5792928965373
Ernakulam,2023-10-19 02:15:00,26.0,94.0,24.453762760319055,96.097661297244
Ernakulam,2023-10-20 02:30:00,26.0,94.0,25.678527618215302,96.23475093785699
Ernakulam,2023-10-21 02:15:00,25.0,94.0,25.8077271914153,93.11177898950511
Ernakulam,2023-10-22 02:15:00,25.0,94.0,24.79133669415405,95.57705825628706
Ernakulam,2023-10-23 02:15:00,24.0,94.0,24.796180727837225,94.10394531735052
Ernakulam,2023-10-24 02:15:00,24.0,94.0,24.242235332369727,96.41218103693706
Ernakulam,2023-10-25 02:15:00,24.0,100.0,23.97528188220306,93.82766740987644
Ernakulam,2023-10-26 02:00:00,26.0,100.0,24.146290046800086,96.63411576178439
Ernakulam,2023-10-27 02:15:00,25.0,94.0,25.595379875270993,96.04304400060828
Ernakulam,2023-10-28 02:00:00,25.0,89.0,24.86551368876342,96.52474123893977
Ernakulam,2023-10-29 02:30:00,25.0,94.0,24.821152770867783,90.90654663471166
Ernakulam,2023-10-30 01:45:00,24.0,94.0,25.07260497750367,93.93585248185576
Erode,2023-10-15 02:30:00,24.1,87.0,23.96128871750677,85.732810919399
Erode,2023-10-16 02:30:00,24.2,78.0,23.90735572617499,87.16681824579993
Erode,2023-10-17 02:30:00,22.7,95.0,23.56507827840311,90.34582048245785
Erode,2023-10-18 02:30:00,23.8,90.0,22.843168470420434,90.41196450851722
Erode,2023-10-19 02:30:00,23.8,80.0,23.595092484405566,87.45302980184569
Erode,2023-10-20 02:30:00,23.3,81.0,23.686300872236473,79.33033196557496
Erode,2023-10-21 02:15:00,23.4,82.0,23.312594463636927,78.77734945989287
Erode,2023-10-22 02:30:00,24.5,78.0,23.53432782185105,80.77899248648426
Erode,2023-10-23 02:15:00,23.5,85.0,24.371283984640673,77.47971357782666
Erode,2023-10-24 02:15:00,24.3,79.0,23.675575161093683,82.83370991330338
Erode,2023-10-25 02:30:00,23.6,79.0,24.142561924946516,78.86957561018978
Erode,2023-10-26 02:00:00,23.9,82.0,23.73497102394194,82.02457027133265
Erode,2023-10-27 02:30:00,23.3,78.0,23.73320675376287,79.1594034577447
Erode,2023-10-28 02:00:00,23.6,83.0,23.38448839539737,79.20737897218883
Erode,2023-10-29 02:45:00,23.1,92.0,23.729622027755564,82.51984184434775
Erode,2023-10-30 02:00:00,23.0,91.0,23.353786946967666,89.55077447643471
Etah,2023-10-15 02:30:00,25.7,44.0,25.536668696185416,44.67734927040601
Etah,2023-10-16 02:30:00,25.3,50.0,25.842295596091464,46.47596960207616
Etah,2023-10-17 02:30:00,21.1,73.0,25.739622014439078,50.56151490919588
Etah,2023-10-18 02:30:00,22.4,56.0,21.952140082184123,57.622824855841486
Etah,2023-10-19 02:30:00,22.1,52.0,21.87910145147029,58.996168457159115
Etah,2023-10-20 02:30:00,21.5,44.0,21.68443938804757,55.9481810774265
Etah,2023-10-21 02:15:00,22.0,46.0,21.43267168215424,52.32648982399451
Etah,2023-10-22 02:30:00,21.7,48.0,21.808770568340865,55.040147862381964
Etah,2023-10-23 02:15:00,22.4,38.0,21.827686467629487,56.38303679521874
Etah,2023-10-24 02:15:00,22.0,45.0,22.364915402487174,48.29277302363301
Etah,2023-10-25 02:30:00,21.9,49.0,21.743095221889156,46.91938502363185
Etah,2023-10-26 02:00:00,21.9,37.0,22.01057043305644,54.08802133592322
Etah,2023-10-27 02:30:00,22.2,36.0,21.77011356015391,46.85521457305053
Etah,2023-10-28 02:00:00,21.6,39.0,22.376707640229892,46.13597069158844
Etah,2023-10-29 02:45:00,22.6,38.0,21.786404867190843,52.007575252890156
Etah,2023-10-30 02:00:00,22.6,43.0,22.57477503574289,48.94626596028359
Etawah,2023-10-15 02:30:00,26.7,37.0,25.84564270520683,41.2179620322115
Etawah,2023-10-16 02:30:00,26.1,42.0,26.64330829359516,41.344682429796634
Etawah,2023-10-17 02:30:00,21.0,74.0,26.262425318912836,46.2406860035791
Etawah,2023-10-18 02:30:00,22.5,63.0,22.466260751132392,55.58218663984416
Etawah,2023-10-19 02:30:00,23.0,47.0,22.196560948934856,62.86319909553627
Etawah,2023-10-20 02:30:00,21.8,45.0,22.677292295576663,55.359019648633776
Etawah,2023-10-21 02:15:00,21.3,46.0,21.62604480436375,52.45925838072676
Etawah,2023-10-22 02:30:00,21.5,48.0,21.279997640603142,59.377545855168776
Etawah,2023-10-23 02:15:00,21.6,46.0,21.603754520577922,58.361065952603944
Etawah,2023-10-24 02:15:00,21.5,46.0,21.46981243392016,55.41275815628834
Etawah,2023-10-25 02:30:00,21.5,49.0,21.460281607703948,53.49538663938833
Etawah,2023-10-26 02:00:00,21.7,37.0,21.46501822209942,54.94426593503273
Etawah,2023-10-27 02:30:00,21.8,33.0,21.616259731309754,47.38259539047021
Etawah,2023-10-28 02:00:00,21.3,39.0,22.020645656342037,43.794283375902125
Etawah,2023-10-29 02:45:00,22.4,33.0,21.438924446630434,51.32633787583894
Etawah,2023-10-30 02:00:00,22.3,40.0,22.29489063190203,43.493035104021615
Faizabad,2023-10-15 02:30:00,23.5,60.0,22.434422471425776,59.767301619434434
Faizabad,2023-10-16 02:30:00,23.4,67.0,23.137207823608136,62.27946466270962
Faizabad,2023-10-17 02:30:00,21.1,86.0,23.34730776366583,71.90766246620039
Faizabad,2023-10-18 02:30:00,21.3,74.0,21.295121116684154,80.48453649642434
Faizabad,2023-10-19 02:30:00,20.1,66.0,20.652650904546437,69.78013159169868
Faizabad,2023-10-20 02:30:00,20.1,49.0,20.04786665618145,67.87867661722265
Faizabad,2023-10-21 02:15:00,19.6,52.0,19.53135761528768,58.75633271723702
Faizabad,2023-10-22 02:30:00,20.0,52.0,19.222868133041707,61.58008673336771
Faizabad,2023-10-23 02:15:00,20.8,63.0,20.050677177531576,60.4382994117062
Faizabad,2023-10-24 02:15:00,21.5,56.0,20.83782588557337,63.256303585327174
Faizabad,2023-10-25 02:30:00,21.9,60.0,21.489083617178395,64.38336771808893
Faizabad,2023-10-26 02:00:00,21.8,64.0,21.919918713823623,62.065802993642045
Faizabad,2023-10-27 02:30:00,20.9,54.0,21.411163116468735,60.94910185085286
Faizabad,2023-10-28 02:00:00,21.1,44.0,20.66623645108242,59.14898495013764
Faizabad,2023-10-29 02:45:00,21.6,50.0,20.921436261483347,52.22831043844869
Faizabad,2023-10-30 02:00:00,21.1,53.0,21.251382830391844,57.912188164095795
Faridabad,2023-10-15 02:30:00,24.0,74.0,25.229630816077588,67.51777781747856
Faridabad,2023-10-16 02:30:00,26.0,65.0,24.51018908101295,70.4155304544221
Faridabad,2023-10-17 02:15:00,19.0,94.0,25.380509665062995,67.57522818235714
Faridabad,2023-10-18 02:15:00,21.0,78.0,21.340922235871496,87.15440284386239
Faridabad,2023-10-19 02:15:00,21.0,69.0,20.227374523146658,78.66042406449608
Faridabad,2023-10-20 02:30:00,21.0,69.0,21.1688746425437,69.8131993594909
Faridabad,2023-10-21 02:15:00,20.0,73.0,21.338690505893876,69.21105062473131
Faridabad,2023-10-22 02:15:00,21.0,69.0,20.90750037850845,74.78881559721118
Faridabad,2023-10-23 02:15:00,21.0,78.0,20.755350793297175,73.27289056136802
Faridabad,2023-10-24 02:15:00,22.0,65.0,21.417977815368715,75.70644291172357
Faridabad,2023-10-25 02:15:00,21.0,64.0,22.172040182645652,67.04088393755211
Faridabad,2023-10-26 02:00:00,22.0,61.0,21.618836885853064,66.59100025015748
Faridabad,2023-10-27 02:15:00,21.0,60.0,22.15247728561028,65.77305085480722
Faridabad,2023-10-28 02:00:00,20.0,60.0,21.548236653038906,69.92037352781779
Faridabad,2023-10-29 02:30:00,23.9,30.0,21.124470662033016,61.809965678526794
Faridabad,2023-10-30 01:45:00,22.0,69.0,22.48207966762543,54.77769515344191
Faridkot,2023-10-15 02:30:00,23.7,45.0,23.78679346330852,36.7825678895583
Faridkot,2023-10-16 02:30:00,21.0,57.0,23.610454430189627,44.13796979596944
Faridkot,2023-10-17 02:30:00,17.7,89.0,21.35353708342486,55.929673643137775
Faridkot,2023-10-18 02:30:00,19.2,61.0,17.973884448293397,55.74862217600482
Faridkot,2023-10-19 02:15:00,19.6,48.0,18.254089308037724,59.27425708306734
Faridkot,2023-10-20 02:30:00,20.9,45.0,19.401726049159418,54.04697326991914
Faridkot,2023-10-21 02:15:00,20.3,42.0,20.78416893751168,50.005792344758326
Faridkot,2023-10-22 02:15:00,22.5,48.0,20.713160216816423,49.89941200499237
Faridkot,2023-10-23 02:15:00,21.8,49.0,21.82263192824557,53.39980860965841
Faridkot,2023-10-24 02:15:00,21.7,52.0,21.737386148197483,48.777569583657396
Faridkot,2023-10-25 02:15:00,20.8,46.0,21.822521323373216,52.11382559833658
Faridkot,2023-10-26 02:00:00,20.8,35.0,21.258176676986945,47.02981278115431
Faridkot,2023-10-27 02:15:00,20.6,32.0,20.852296092568864,38.8549344615657
Faridkot,2023-10-28 02:00:00,22.2,32.0,21.01291381321062,40.872185830132004
Faridkot,2023-10-29 02:45:00,22.2,35.0,22.05417999408568,40.557172643961266
Faridkot,2023-10-30 02:00:00,22.0,35.0,22.471015590734233,39.76192852527534
Farrukhabad,2023-10-15 02:30:00,25.8,49.0,25.15222796642019,55.490279624128775
Farrukhabad,2023-10-16 02:30:00,25.4,54.0,25.65972938673262,54.79818461659764
Farrukhabad,2023-10-17 02:30:00,22.2,68.0,25.58476741292472,56.011644654432
Farrukhabad,2023-10-18 02:30:00,22.1,62.0,23.254699294306825,63.25787926076682
Farrukhabad,2023-10-19 02:30:00,22.2,56.0,22.12080834084006,60.70976296908531
Farrukhabad,2023-10-20 02:30:00,21.5,45.0,21.832220940515462,60.35926060291573
Farrukhabad,2023-10-21 02:15:00,21.7,47.0,21.424087004621413,52.80318609344935
Farrukhabad,2023-10-22 02:30:00,21.6,51.0,21.830367952969453,58.076094194337294
Farrukhabad,2023-10-23 02:15:00,21.9,48.0,21.75428807194758,59.73958914522054
Farrukhabad,2023-10-24 02:15:00,22.0,47.0,22.047942652127478,54.61063895729485
Farrukhabad,2023-10-25 02:30:00,22.4,50.0,21.95179346213412,54.09959452068676
Farrukhabad,2023-10-26 02:00:00,22.4,42.0,22.58005347513175,54.56712206450961
Farrukhabad,2023-10-27 02:30:00,22.5,40.0,21.956310684699176,49.901722144981925
Farrukhabad,2023-10-28 02:00:00,21.8,43.0,22.151035516769756,48.44562728533763
Farrukhabad,2023-10-29 02:45:00,22.8,41.0,21.966157076783375,50.73265444368674
Farrukhabad,2023-10-30 02:00:00,22.4,47.0,22.652425572976536,51.26184945967574
Fatehabad,2023-10-15 02:30:00,25.6,34.0,25.70341049073806,30.660896860640598
Fatehabad,2023-10-16 02:30:00,23.2,49.0,26.427927363084116,34.73996844587151
Fatehabad,2023-10-17 02:15:00,19.4,81.0,24.187765034270765,46.53645794932705
Fatehabad,2023-10-18 02:30:00,21.4,63.0,20.73902479522632,51.704389091606956
Fatehabad,2023-10-19 02:15:00,20.3,43.0,21.320270931764288,57.91866714715246
Fatehabad,2023-10-20 02:30:00,21.2,38.0,21.134274441286273,51.06979950066435
Fatehabad,2023-10-21 02:15:00,22.3,34.0,21.17652714649176,46.25289244686127
Fatehabad,2023-10-22 02:15:00,22.5,33.0,22.759745391169595,41.871987583833274
Fatehabad,2023-10-23 02:15:00,22.4,37.0,22.98696881332023,39.45035821963508
Fatehabad,2023-10-24 02:15:00,21.8,48.0,22.79603066181739,37.86367305485522
Fatehabad,2023-10-25 02:15:00,21.6,39.0,22.085113053333423,47.9956219501349
Fatehabad,2023-10-26 02:00:00,21.4,33.0,21.928331424936275,41.264121087123094
Fatehabad,2023-10-27 02:15:00,21.4,29.0,21.769252779078034,39.410539122543454
Fatehabad,2023-10-28 02:00:00,23.2,22.0,22.22035428696563,33.8983207526922
Fatehabad,2023-10-29 02:30:00,23.8,27.0,23.46528719490066,31.96647189866026
Fatehabad,2023-10-30 01:45:00,23.4,32.0,24.300722046173473,29.500914682364158
Fatehgarh Sahib,2023-10-15 02:30:00,24.2,43.0,23.352076728561467,42.555600219395906
Fatehgarh Sahib,2023-10-16 02:30:00,22.6,46.0,24.16024049182398,42.46434173096471
Fatehgarh Sahib,2023-10-17 02:30:00,19.2,76.0,22.57869397977174,45.287206932377586
Fatehgarh Sahib,2023-10-18 02:30:00,19.9,50.0,19.570563780461786,54.22227826881837
Fatehgarh Sahib,2023-10-19 02:15:00,19.4,50.0,19.910346711362408,56.22876632645968
Fatehgarh Sahib,2023-10-20 02:30:00,20.2,44.0,19.103117929054605,54.37872452362338
Fatehgarh Sahib,2023-10-21 02:15:00,20.1,39.0,20.1698005217182,47.51893744694632
Fatehgarh Sahib,2023-10-22 02:15:00,20.9,41.0,19.88220867572253,50.75207908575004
Fatehgarh Sahib,2023-10-23 02:15:00,21.5,45.0,20.4505767360756,51.772961130665095
Fatehgarh Sahib,2023-10-24 02:15:00,20.9,48.0,21.454324034415425,49.040149355982756
Fatehgarh Sahib,2023-10-25 02:15:00,21.3,40.0,21.257862676303446,54.30191093149483
Fatehgarh Sahib,2023-10-26 02:00:00,20.8,36.0,21.318832976200266,45.31306470171218
Fatehgarh Sahib,2023-10-27 02:15:00,20.5,39.0,20.88378541161239,41.17573596492629
Fatehgarh Sahib,2023-10-28 02:00:00,21.6,36.0,20.900052508301883,47.64728598630926
Fatehgarh Sahib,2023-10-29 02:45:00,22.0,38.0,21.43783788734955,44.44313422246934
Fatehgarh Sahib,2023-10-30 02:00:00,21.4,39.0,22.112474316933508,43.20353371249451
Fatehpur,2023-10-15 02:30:00,22.4,53.0,21.506878756109188,58.23710039737851
Fatehpur,2023-10-16 02:30:00,21.8,53.0,22.232486051856046,55.13151948213366
Fatehpur,2023-10-17 02:30:00,17.8,81.0,21.633875483489415,54.529344323308
Fatehpur,2023-10-18 02:30:00,19.6,59.0,18.132592060481883,62.36988185821419
Fatehpur,2023-10-19 02:30:00,18.5,51.0,19.170041904697197,61.60912479817525
Fatehpur,2023-10-20 02:30:00,19.0,48.0,18.18690866322243,56.447705629820746
Fatehpur,2023-10-21 02:15:00,19.2,51.0,18.25489224857477,59.22489782207355
Fatehpur,2023-10-22 02:30:00,19.1,51.0,18.091422307284727,60.672321723638646
Fatehpur,2023-10-23 02:15:00,19.9,48.0,18.302265961887244,60.357883836934164
Fatehpur,2023-10-24 02:15:00,19.3,47.0,19.908731504394407,57.237020858670185
Fatehpur,2023-10-25 02:30:00,20.0,48.0,19.417132902832634,57.4698776939537
Fatehpur,2023-10-26 02:00:00,19.6,38.0,20.223737194000126,55.98077326881737
Fatehpur,2023-10-27 02:30:00,18.9,45.0,19.48557112360393,49.9055703893511
Fatehpur,2023-10-28 02:00:00,19.6,44.0,19.123717998688697,54.52907366569064
Fatehpur,2023-10-29 02:45:00,19.8,43.0,19.52716625878594,50.925520231615685
Fatehpur,2023-10-30 02:00:00,19.7,51.0,19.865933099219856,51.971472678945496
Fazilka,2023-10-15 02:30:00,23.9,43.0,25.438435291164996,39.54388508055385
Fazilka,2023-10-16 02:30:00,22.9,47.0,24.36153849921384,40.01575134597064
Fazilka,2023-10-17 02:15:00,19.0,85.0,22.704530896641142,48.65279335414279
Fazilka,2023-10-18 02:30:00,19.8,69.0,19.569332628540035,79.02517553459006
Fazilka,2023-10-19 02:15:00,20.8,47.0,19.40900457268174,66.20837329807755
Fazilka,2023-10-20 02:30:00,22.3,47.0,20.72605930917036,54.46164887417949
Fazilka,2023-10-21 02:15:00,21.8,38.0,22.085318449418725,51.31163242091168
Fazilka,2023-10-22 02:15:00,22.5,59.0,21.802461305598914,45.424159449821225
Fazilka,2023-10-23 02:15:00,22.3,47.0,22.33390073904213,54.76596671485091
Fazilka,2023-10-24 02:15:00,22.4,53.0,22.16269068159545,48.33895244191533
Fazilka,2023-10-25 02:15:00,22.0,49.0,22.594475128156446,47.9752589088971
Fazilka,2023-10-26 02:00:00,22.5,33.0,21.959349826745818,46.344635421652015
Fazilka,2023-10-27 02:15:00,22.3,29.0,22.36940137455343,36.71578253852198
Fazilka,2023-10-28 02:00:00,23.5,28.0,22.439255096545704,27.516630140955805
Fazilka,2023-10-29 02:45:00,23.3,29.0,23.440730195046264,32.273426893682704
Fazilka,2023-10-30 02:00:00,22.8,32.0,23.482120652467138,29.764690240123148
Firozabad,2023-10-15 02:30:00,27.2,37.0,26.402646295121677,39.931080263004404
Firozabad,2023-10-16 02:30:00,26.5,43.0,27.313227744685786,41.363016153382716
Firozabad,2023-10-17 02:30:00,21.0,73.0,26.67009584613166,40.58330124363512
Firozabad,2023-10-18 02:30:00,23.0,57.0,22.691076664193506,60.46963202666946
Firozabad,2023-10-19 02:30:00,22.9,47.0,22.477273387814,57.3741986918714
Firozabad,2023-10-20 02:30:00,22.2,44.0,22.547072413728056,52.13745595975033
Firozabad,2023-10-21 02:15:00,22.2,46.0,21.89598678010866,52.09664057468477
Firozabad,2023-10-22 02:30:00,22.5,46.0,22.145983917772195,56.51513921401032
Firozabad,2023-10-23 02:15:00,22.7,38.0,22.566068425589606,54.06070638472312
Firozabad,2023-10-24 02:15:00,22.5,42.0,22.46627946192151,47.087087886253485
Firozabad,2023-10-25 02:30:00,22.0,48.0,22.171947858828876,47.31709752383908
Firozabad,2023-10-26 02:00:00,22.5,37.0,21.86333937927662,54.43637120846078
Firozabad,2023-10-27 02:30:00,22.5,32.0,22.2393216780169,43.447054854197354
Firozabad,2023-10-28 02:00:00,21.5,34.0,22.340988044328615,41.815165995654816
Firozabad,2023-10-29 02:45:00,23.1,33.0,22.037390669882203,47.601437516141296
Firozabad,2023-10-30 02:00:00,23.0,38.0,23.093070869650564,43.33524467141406
Firozpur,2023-10-15 02:30:00,24.1,43.0,23.85342042922941,37.372936217648416
Firozpur,2023-10-16 02:30:00,22.1,50.0,24.207707559858143,42.98064889339433
Firozpur,2023-10-17 02:30:00,18.5,84.0,22.18173848100468,49.6007526523737
Firozpur,2023-10-18 02:30:00,19.7,60.0,19.363331088825152,59.471855981475265
Firozpur,2023-10-19 02:15:00,20.0,48.0,19.360136049529594,60.01924487173754
Firozpur,2023-10-20 02:30:00,21.1,45.0,20.213677758644813,54.78618743380747
Firozpur,2023-10-21 02:15:00,20.8,43.0,20.89960726178424,50.03386623359656
Firozpur,2023-10-22 02:15:00,22.7,47.0,21.317263585774203,47.80464024808532
Firozpur,2023-10-23 02:15:00,22.1,49.0,22.32988549325868,53.69357727864616
Firozpur,2023-10-24 02:15:00,22.1,51.0,21.925596196039137,49.28469492701771
Firozpur,2023-10-25 02:15:00,21.5,44.0,22.157081249054784,51.21701503388192
Firozpur,2023-10-26 02:00:00,21.4,34.0,21.719188178279097,44.56517112859028
Firozpur,2023-10-27 02:15:00,21.3,32.0,21.519454362892123,39.81619095982056
Firozpur,2023-10-28 02:00:00,22.2,34.0,21.643848370723525,40.39391627777559
Firozpur,2023-10-29 02:45:00,22.4,34.0,22.258252302996116,39.900098003952316
Firozpur,2023-10-30 02:00:00,22.1,36.0,22.618269004136206,37.32972694407638
Gadag,2023-10-15 02:30:00,25.5,55.0,25.5067433480084,54.65623785895673
Gadag,2023-10-16 02:30:00,25.6,57.0,25.225660127043174,58.02868979530725
Gadag,2023-10-17 02:30:00,25.8,59.0,25.491108169960786,63.88680369468534
Gadag,2023-10-18 02:30:00,25.5,55.0,25.443448129306628,59.58963726434615
Gadag,2023-10-19 02:15:00,24.7,53.0,25.297409565304793,56.52671567237562
Gadag,2023-10-20 02:30:00,25.5,51.0,24.883817876093882,57.21307440905876
Gadag,2023-10-21 02:15:00,24.7,52.0,25.194989340849855,58.20570496446818
Gadag,2023-10-22 02:15:00,24.9,58.0,25.085031898873346,55.29512928631388
Gadag,2023-10-23 02:15:00,23.1,50.0,24.763047234549674,56.98933031619513
Gadag,2023-10-24 02:15:00,22.2,50.0,23.495380357443644,61.22362549468704
Gadag,2023-10-25 02:15:00,21.6,50.0,22.519504888393772,60.404479588953784
Gadag,2023-10-26 02:00:00,22.1,50.0,21.863939654392162,61.620048261307744
Gadag,2023-10-27 02:15:00,20.8,45.0,21.899311450566422,59.943076060859475
Gadag,2023-10-28 02:00:00,21.5,42.0,20.934410815572562,62.90118722239307
Gadag,2023-10-29 02:30:00,24.7,66.0,21.73367585229571,55.116605806869416
Gadag,2023-10-30 02:00:00,24.1,70.0,24.09466758161875,63.16095884444095
Ganderbal,2023-10-15 02:30:00,7.1,73.0,9.942559284346823,60.44999379219142
Ganderbal,2023-10-16 02:30:00,7.5,66.0,7.12063558479231,69.61370798527243
Ganderbal,2023-10-17 02:15:00,5.0,92.0,6.75004416123015,80.99531554309709
Ganderbal,2023-10-18 02:15:00,3.5,87.0,5.754131080377862,88.18282530208054
Ganderbal,2023-10-19 02:15:00,5.3,61.0,4.266172402250432,76.3574134411069
Ganderbal,2023-10-20 02:15:00,6.2,52.0,5.02986462124735,56.94010065695422
Ganderbal,2023-10-21 02:15:00,6.3,46.0,6.042169587371275,52.69810447826186
Ganderbal,2023-10-22 02:15:00,7.4,45.0,5.7824527344656405,53.6243780149752
Ganderbal,2023-10-23 02:00:00,3.8,83.0,7.125061137638583,54.37398229992416
Ganderbal,2023-10-24 02:15:00,5.7,57.0,4.907350172324828,46.61976602903518
Ganderbal,2023-10-25 02:15:00,6.0,58.0,5.681313906281154,58.219607324878126
Ganderbal,2023-10-26 02:00:00,6.6,44.0,6.4765516578349525,46.67538242376999
Ganderbal,2023-10-27 02:15:00,6.5,45.0,6.110188094129449,41.94249216592568
Ganderbal,2023-10-28 02:00:00,6.5,46.0,6.134449354629859,49.90543835259721
Ganderbal,2023-10-29 02:30:00,6.4,45.0,6.215059517633792,43.81283765808655
Ganderbal,2023-10-30 01:45:00,7.3,37.0,6.552878006586107,48.873358950666656
Gandhinagar,2023-10-15 02:30:00,28.0,62.0,26.567478283569354,72.912746388899
Gandhinagar,2023-10-16 02:30:00,26.0,74.0,28.145850790930552,65.95437803173905
Gandhinagar,2023-10-17 02:15:00,26.0,70.0,26.279927413105565,70.25296189630961
Gandhinagar,2023-10-18 02:15:00,24.0,78.0,26.308963482563737,69.61495886924706
Gandhinagar,2023-10-19 02:15:00,24.0,69.0,24.915746096941277,76.22069333870954
Gandhinagar,2023-10-20 02:30:00,25.0,79.0,24.708045747193133,69.40040621522692
Gandhinagar,2023-10-21 02:15:00,24.0,74.0,25.449492109127846,77.44374455454042
Gandhinagar,2023-10-22 02:15:00,25.0,74.0,24.721204619258582,74.50305651306563
Gandhinagar,2023-10-23 02:00:00,24.0,74.0,25.267824855283617,74.8510874213881
Gandhinagar,2023-10-24 02:15:00,25.0,74.0,24.67947071578723,74.3194653883723
Gandhinagar,2023-10-25 02:15:00,24.0,74.0,25.137084938429975,74.26042237332724
Gandhinagar,2023-10-26 02:00:00,24.0,69.0,24.754082314574685,74.40661724793296
Gandhinagar,2023-10-27 02:15:00,24.0,78.0,24.60258467045862,70.63114759296408
Gandhinagar,2023-10-28 02:00:00,23.0,78.0,24.481868559493577,77.68089517514665
Gandhinagar,2023-10-29 02:30:00,24.0,65.0,23.82133358380493,77.582450996912
Gandhinagar,2023-10-30 01:45:00,23.0,73.0,24.666550704486088,66.01292574687757
Ganganagar,2023-10-15 02:30:00,25.9,36.0,27.901932579080263,37.30291483283255
Ganganagar,2023-10-16 02:30:00,25.0,45.0,26.617288132144722,35.517663975891196
Ganganagar,2023-10-17 02:30:00,19.9,80.0,25.30549205180027,43.61625268465501
Ganganagar,2023-10-18 02:30:00,21.2,65.0,21.87365575524282,67.53556974513792
Ganganagar,2023-10-19 02:30:00,21.7,44.0,20.95908734974248,59.209665336045965
Ganganagar,2023-10-20 02:30:00,22.9,47.0,21.99747574600006,48.48368275009083
Ganganagar,2023-10-21 02:15:00,23.6,46.0,22.805280384291294,50.043401790934944
Ganganagar,2023-10-22 02:30:00,23.5,51.0,23.383739067378563,49.5304151485564
Ganganagar,2023-10-23 02:15:00,23.4,43.0,23.525546755385392,51.49905418475568
Ganganagar,2023-10-24 02:15:00,23.6,51.0,23.396443086027467,41.20784678660889
Ganganagar,2023-10-25 02:30:00,23.3,52.0,23.674753838788792,48.928128174921085
Ganganagar,2023-10-26 02:00:00,23.5,32.0,23.3404726894339,49.59395057949229
Ganganagar,2023-10-27 02:15:00,23.3,29.0,23.111006548252828,34.130755942898006
Ganganagar,2023-10-28 02:00:00,24.6,29.0,23.609447728706233,28.898110241418156
Ganganagar,2023-10-29 02:45:00,24.8,27.0,24.776938501151292,32.553187917269284
Ganganagar,2023-10-30 02:00:00,24.1,30.0,25.10888694314107,29.386242423045434
Ganjam,2023-10-15 02:30:00,24.1,82.0,24.679518217036893,78.26978055919331
Ganjam,2023-10-16 02:30:00,22.5,79.0,23.53671327131978,79.70249027678368
Ganjam,2023-10-17 02:30:00,23.9,79.0,22.123747307548225,78.15357647835248
Ganjam,2023-10-18 02:30:00,22.9,83.0,23.32894345026138,78.92256432584179
Ganjam,2023-10-19 02:30:00,22.8,88.0,22.470190991467607,78.89633069914981
Ganjam,2023-10-20 02:30:00,22.8,90.0,22.28146618554709,80.37491938559832
Ganjam,2023-10-21 02:15:00,22.2,83.0,21.973890084092684,78.61723186382548
Ganjam,2023-10-22 02:15:00,22.3,80.0,21.433529438138642,79.97370319191106
Ganjam,2023-10-23 02:15:00,21.5,74.0,22.264850250007846,79.49819910429439
Ganjam,2023-10-24 02:15:00,22.0,73.0,21.76195064932892,75.66272944540438
Ganjam,2023-10-25 02:30:00,22.7,87.0,22.021556552454935,74.12247146571039
Ganjam,2023-10-26 02:00:00,23.8,83.0,22.52229171625995,84.27589528731237
Ganjam,2023-10-27 02:15:00,22.4,84.0,23.340572563124464,82.12797384634854
Ganjam,2023-10-28 02:00:00,20.8,77.0,21.90334852601613,79.98655417296244
Ganjam,2023-10-29 02:45:00,20.3,82.0,20.811028478637937,77.98086621073779
Ganjam,2023-10-30 02:00:00,20.4,71.0,20.108215053055414,78.20918493961484
Garhwa,2023-10-15 02:30:00,21.3,64.0,21.173215088715178,60.30303754861077
Garhwa,2023-10-16 02:30:00,22.1,63.0,21.29111230657116,62.8529551429019
Garhwa,2023-10-17 02:15:00,21.3,73.0,21.583854202126346,61.24440088230588
Garhwa,2023-10-18 02:30:00,21.0,82.0,21.259804747520377,76.09710141801912
Garhwa,2023-10-19 02:15:00,20.7,78.0,20.89113154352175,74.45572796090121
Garhwa,2023-10-20 02:30:00,20.3,69.0,20.567292575316245,72.24358825480756
Garhwa,2023-10-21 02:15:00,19.2,64.0,20.099418876411008,67.16557911028585
Garhwa,2023-10-22 02:15:00,19.0,69.0,18.620316622092822,63.17062999543705
Garhwa,2023-10-23 02:00:00,17.9,73.0,18.364422941860706,66.53847077394329
Garhwa,2023-10-24 02:15:00,18.1,74.0,17.666013376637654,70.04729479694952
Garhwa,2023-10-25 02:15:00,18.5,70.0,17.70954884241785,70.55165695130246
Garhwa,2023-10-26 02:00:00,18.2,64.0,18.21588101305135,67.93804831082977
Garhwa,2023-10-27 02:15:00,18.4,68.0,17.822114958361272,66.0141339150264
Garhwa,2023-10-28 02:00:00,18.2,56.0,17.610864981921214,66.20934600760076
Garhwa,2023-10-29 02:30:00,18.2,64.0,16.896039488338804,66.52966632909026
Garhwa,2023-10-30 01:45:00,18.9,61.0,17.760172186326187,65.91632005047774
Garhwal,2023-10-15 02:30:00,20.1,56.0,18.713659862548603,60.116597129405065
Garhwal,2023-10-16 02:30:00,20.0,54.0,19.62650668125997,61.487259349408966
Garhwal,2023-10-17 02:30:00,17.6,76.0,19.573702645845707,60.833051006816895
Garhwal,2023-10-18 02:30:00,17.5,63.0,17.129041740311717,63.289123831454106
Garhwal,2023-10-19 02:15:00,16.3,61.0,16.919844235391704,64.16520970265358
Garhwal,2023-10-20 02:30:00,16.5,69.0,15.891170689278812,63.697287902509785
Garhwal,2023-10-21 02:15:00,16.8,62.0,15.868105756558496,69.3867059251418
Garhwal,2023-10-22 02:15:00,16.7,60.0,16.035489768825403,65.2489438133748
Garhwal,2023-10-23 02:15:00,17.1,57.0,15.891225549324513,64.84778838450414
Garhwal,2023-10-24 02:15:00,16.6,48.0,16.633222868420138,61.237323120288764
Garhwal,2023-10-25 02:15:00,17.4,54.0,16.46493937078446,59.20418931855171
Garhwal,2023-10-26 02:00:00,17.9,48.0,16.822917413220647,61.8801731176396
Garhwal,2023-10-27 02:15:00,17.4,54.0,17.25766218116831,57.27645827319889
Garhwal,2023-10-28 02:00:00,17.3,50.0,16.82106215727785,61.87428257882753
Garhwal,2023-10-29 02:30:00,17.3,54.0,16.70966621194417,60.58140433320357
Garhwal,2023-10-30 01:45:00,17.8,53.0,16.210693799427148,61.9902497239856
Gariaband,2023-10-15 02:30:00,22.2,68.0,21.918131768844855,73.36409704002924
Gariaband,2023-10-16 02:30:00,20.5,75.0,21.696431361743098,69.43069028817749
Gariaband,2023-10-17 02:30:00,19.5,74.0,20.579024766431495,73.67405962515404
Gariaband,2023-10-18 02:30:00,20.0,81.0,19.708913078967505,75.47149978195912
Gariaband,2023-10-19 02:15:00,19.8,84.0,20.121044126469112,78.05160097497068
Gariaband,2023-10-20 02:30:00,19.6,90.0,19.710242824857854,80.59210143853086
Gariaband,2023-10-21 02:15:00,18.6,85.0,19.167410836146864,82.74137230365709
Gariaband,2023-10-22 02:15:00,16.9,73.0,18.533221394494994,83.7906841209191
Gariaband,2023-10-23 02:15:00,16.3,78.0,16.51929808670961,75.41484678891563
Gariaband,2023-10-24 02:15:00,16.2,85.0,16.281922079938756,76.8000949016079
Gariaband,2023-10-25 02:15:00,16.7,81.0,16.22715649378742,80.7204200813373
Gariaband,2023-10-26 02:00:00,16.5,75.0,16.521059729832064,78.17968077099285
Gariaband,2023-10-27 02:15:00,16.0,71.0,15.646694770037833,74.33188738358069
Gariaband,2023-10-28 02:00:00,16.4,75.0,14.790353473173955,72.64639975944209
Gariaband,2023-10-29 02:30:00,16.2,76.0,15.518187957534092,73.45055484971147
Gariaband,2023-10-30 01:45:00,17.0,77.0,16.08887937507378,75.0942299237357
Gaya,2023-10-15 02:30:00,21.7,75.0,21.76994415131783,72.88301943988044
Gaya,2023-10-16 02:30:00,25.0,94.0,22.054444149525818,77.1191381198522
Gaya,2023-10-17 02:15:00,23.0,89.0,23.61268660160231,86.65356901481998
Gaya,2023-10-18 02:30:00,22.5,79.0,22.57957054878719,77.76181997103454
Gaya,2023-10-19 02:15:00,21.1,81.0,21.96846999249985,71.63929812865501
Gaya,2023-10-20 02:15:00,21.0,88.0,21.286532539631047,84.52681218101563
Gaya,2023-10-21 02:15:00,20.0,88.0,20.77295633093182,89.18740523469516
Gaya,2023-10-22 02:15:00,19.8,64.0,19.989286412207964,77.65465028665557
Gaya,2023-10-23 02:00:00,19.3,66.0,19.270382657784136,68.32905948839971
Gaya,2023-10-24 02:15:00,22.0,88.0,19.131432795802265,81.92896168271378
Gaya,2023-10-25 02:15:00,22.0,94.0,21.014954992424876,82.84202338546969
Gaya,2023-10-26 02:00:00,19.9,64.0,21.46924435080442,80.25698633036545
Gaya,2023-10-27 02:15:00,19.8,62.0,20.46980906611881,72.5301466500306
Gaya,2023-10-28 02:00:00,20.0,88.0,19.617849831908728,75.30926287680532
Gaya,2023-10-29 02:30:00,19.0,88.0,19.425836917135985,83.67317065632011
Gaya,2023-10-30 01:45:00,20.5,64.0,18.6504764083933,79.2552327479296
Ghaziabad,2023-10-15 02:30:00,24.0,74.0,25.1456423771273,67.09131031253186
Ghaziabad,2023-10-16 02:30:00,26.0,65.0,24.53923212285456,70.60828067682253
Ghaziabad,2023-10-17 02:30:00,19.0,94.0,25.529347831767243,67.44266812095297
Ghaziabad,2023-10-18 02:30:00,21.0,78.0,21.32185039095638,87.53123264790268
Ghaziabad,2023-10-19 02:30:00,21.0,69.0,20.31085560289796,80.00501478067979
Ghaziabad,2023-10-20 02:30:00,21.0,69.0,21.000149091868042,69.67050219959368
Ghaziabad,2023-10-21 02:15:00,20.0,73.0,21.271919343809195,69.6499600267033
Ghaziabad,2023-10-22 02:30:00,21.0,69.0,20.865373059818964,75.21480063995277
Ghaziabad,2023-10-23 02:15:00,21.0,78.0,20.781845711742367,73.45763135456939
Ghaziabad,2023-10-24 02:15:00,22.0,65.0,21.384938918887087,75.77504213762677
Ghaziabad,2023-10-25 02:30:00,21.0,64.0,22.16281784798636,67.01049252882616
Ghaziabad,2023-10-26 02:00:00,22.0,61.0,21.64701860376709,67.01567340112241
Ghaziabad,2023-10-27 02:30:00,21.0,60.0,22.166806238843936,66.189542872658
Ghaziabad,2023-10-28 02:00:00,20.0,60.0,21.493304315050356,70.01097272319208
Ghaziabad,2023-10-29 02:45:00,20.0,73.0,20.730763791002765,74.3819596151789
Ghaziabad,2023-10-30 02:00:00,22.0,69.0,19.871883133950956,77.39112348420804
Ghazipur,2023-10-15 02:30:00,22.6,61.0,22.420027698237664,60.144935644477975
Ghazipur,2023-10-16 02:30:00,23.4,67.0,22.4054192077065,62.33811183939496
Ghazipur,2023-10-17 02:30:00,23.1,83.0,23.32504425184959,67.9523301861129
Ghazipur,2023-10-18 02:30:00,22.0,83.0,23.326807908819458,82.3347863501074
Ghazipur,2023-10-19 02:30:00,21.2,63.0,21.668411851340394,73.29295904873278
Ghazipur,2023-10-20 02:30:00,21.1,55.0,20.69450978566797,64.03110002842794
Ghazipur,2023-10-21 02:15:00,20.8,59.0,20.878351211659847,59.71680480861316
Ghazipur,2023-10-22 02:30:00,20.6,61.0,20.84980651491403,62.952100457702265
Ghazipur,2023-10-23 02:15:00,20.2,59.0,20.293468285040856,64.28491502572531
Ghazipur,2023-10-24 02:15:00,20.4,63.0,20.15843340130452,62.799323747755395
Ghazipur,2023-10-25 02:30:00,21.3,61.0,20.512707527986468,65.87473460042325
Ghazipur,2023-10-26 02:00:00,20.4,58.0,20.64079639232385,63.927459306096225
Ghazipur,2023-10-27 02:30:00,21.1,60.0,20.4882197065478,63.862159197393225
Ghazipur,2023-10-28 02:00:00,20.9,50.0,20.7048569858364,65.27463944522498
Ghazipur,2023-10-29 02:45:00,21.0,50.0,20.487039979152815,60.00703437690491
Ghazipur,2023-10-30 02:00:00,20.8,52.0,20.871344531405665,58.93509275692336
Giridih,2023-10-15 02:30:00,22.0,71.0,22.78725422858768,61.07416333122767
Giridih,2023-10-16 02:30:00,22.9,69.0,21.750082370724595,69.71783476654204
Giridih,2023-10-17 02:15:00,23.2,74.0,22.275765825630756,69.83390764214218
Giridih,2023-10-18 02:30:00,22.9,76.0,22.499264548866275,66.76402914955973
Giridih,2023-10-19 02:15:00,21.6,81.0,22.345293546713826,66.3942847797462
Giridih,2023-10-20 02:30:00,21.3,70.0,21.319949006954996,71.59720406435115
Giridih,2023-10-21 02:15:00,20.5,69.0,20.64435274092307,66.84071210287979
Giridih,2023-10-22 02:15:00,19.9,61.0,20.231371700673158,66.53993962103469
Giridih,2023-10-23 02:00:00,20.1,61.0,19.868040401806248,64.79272601581063
Giridih,2023-10-24 02:15:00,20.9,73.0,20.267857513569016,66.3430114313185
Giridih,2023-10-25 02:15:00,21.4,73.0,20.720472720660972,70.4391191438585
Giridih,2023-10-26 02:00:00,22.2,65.0,21.304917883549518,70.30060049222891
Giridih,2023-10-27 02:15:00,20.2,56.0,21.904472002376234,68.01761988849232
Giridih,2023-10-28 02:00:00,20.4,58.0,20.753289590193848,65.1092449124661
Giridih,2023-10-29 02:30:00,20.5,65.0,20.341886583487728,64.08398761081847
Giridih,2023-10-30 01:45:00,20.8,64.0,20.11089452167481,62.80781199540945
Goa,2023-10-16 02:30:00,26.2,85.0,25.91736322933891,85.52246444584775
Goa,2023-10-17 02:15:00,26.7,80.0,25.846948043688844,88.17094856589243
Goa,2023-10-18 02:30:00,27.0,83.0,26.258981427827663,83.59168282477489
Goa,2023-10-19 02:15:00,26.8,85.0,27.106409958694194,83.75106679426004
Goa,2023-10-20 02:30:00,27.1,77.0,26.835000124775565,80.05184979995549
Goa,2023-10-21 02:15:00,27.3,81.0,27.01709244280499,77.37167340625898
Goa,2023-10-21 02:15:00,26.9,83.0,26.913820231314904,82.59416840112692
Goa,2023-10-22 02:15:00,27.5,75.0,26.869477625846322,78.07023009776715
Goa,2023-10-23 02:15:00,26.5,73.0,27.22101766172989,73.41950888894891
Goa,2023-10-24 02:15:00,25.6,68.0,26.77409877488278,70.68377614204626
Goa,2023-10-25 02:15:00,25.2,79.0,25.900051359183504,65.57484617765715
Goa,2023-10-26 02:00:00,25.4,70.0,25.690758730078183,76.90159170046705
Goa,2023-10-27 02:15:00,25.0,61.0,25.052272998771794,70.9036918479179
Goa,2023-10-28 02:00:00,25.1,55.0,24.77004167921093,63.09600226225159
Goa,2023-10-29 02:30:00,25.4,67.0,25.110142526831346,57.64895816460015
Goa,2023-10-30 01:45:00,26.9,71.0,25.82422335783271,61.3405952291303
Goalpara,2023-10-15 02:30:00,21.9,89.0,22.188509476857785,80.77524469188127
Goalpara,2023-10-16 02:30:00,21.8,88.0,21.40211107673873,85.66223812021163
Goalpara,2023-10-17 02:15:00,21.7,90.0,21.165849713683357,85.81526200926885
Goalpara,2023-10-18 02:30:00,21.8,90.0,21.136222517774076,83.48258179132941
Goalpara,2023-10-19 02:15:00,21.6,90.0,21.126434878057154,83.5737204544037
Goalpara,2023-10-20 02:30:00,21.2,88.0,20.860465172798214,82.19562239694714
Goalpara,2023-10-21 02:15:00,20.7,89.0,20.56172500500282,80.7956854670036
Goalpara,2023-10-22 02:15:00,20.3,87.0,20.307544491447427,84.41268572214469
Goalpara,2023-10-23 02:15:00,20.0,88.0,19.939103739745367,82.72042320123983
Goalpara,2023-10-24 02:15:00,21.0,80.0,19.887085272717613,84.47615868999809
Goalpara,2023-10-25 02:15:00,20.2,81.0,20.509789073256908,79.70300936026747
Goalpara,2023-10-26 02:00:00,20.8,87.0,20.469086714187974,79.97212463293495
Goalpara,2023-10-27 02:15:00,21.2,88.0,19.990923324499978,83.86114607430224
Goalpara,2023-10-28 02:00:00,20.5,89.0,20.235037653306897,76.87560518167808
Goalpara,2023-10-29 02:30:00,20.4,83.0,20.216130104760655,85.8615916313354
Goalpara,2023-10-30 01:45:00,21.0,86.0,19.99812457715007,78.15537096851548
Godda,2023-10-15 02:30:00,22.0,73.0,22.897594645408127,66.49496475588404
Godda,2023-10-16 02:30:00,23.6,69.0,22.244500932730908,70.1392486738885
Godda,2023-10-17 02:15:00,23.5,75.0,23.00773643671066,67.81142816409654
Godda,2023-10-18 02:30:00,23.1,78.0,22.902293381841556,67.25741162985821
Godda,2023-10-19 02:15:00,21.6,80.0,22.410080829715135,70.01954124259683
Godda,2023-10-20 02:30:00,21.0,73.0,21.113722900803257,71.51572677856183
Godda,2023-10-21 02:15:00,20.2,71.0,20.629306309278967,67.80110349955542
Godda,2023-10-22 02:15:00,19.8,70.0,20.090783054763786,68.1301219428872
Godda,2023-10-23 02:00:00,20.3,68.0,19.771043533891167,69.90747111229155
Godda,2023-10-24 02:15:00,21.8,82.0,20.297922120227355,68.68998319777361
Godda,2023-10-25 02:15:00,22.0,86.0,21.29602918889485,76.27011671582025
Godda,2023-10-26 02:00:00,21.2,84.0,21.83652491311697,81.37986718989725
Godda,2023-10-27 02:15:00,20.6,61.0,20.962652696278514,79.036754632106
Godda,2023-10-28 02:00:00,20.5,64.0,20.242470357329147,68.54685617210659
Godda,2023-10-29 02:30:00,20.7,56.0,20.091278339735585,63.93531893544528
Godda,2023-10-30 01:45:00,21.2,68.0,20.127524747383244,62.991215744694834
Golaghat,2023-10-15 02:30:00,20.9,97.0,20.895491683919765,94.50079539667541
Golaghat,2023-10-16 02:30:00,21.0,95.0,20.570778660276652,96.67491253709747
Golaghat,2023-10-17 02:15:00,20.7,94.0,20.47571853502471,92.498203072644
Golaghat,2023-10-18 02:30:00,21.1,95.0,20.28343789016802,96.68623627397379
Golaghat,2023-10-19 02:15:00,20.3,95.0,20.605867405635074,94.17644441247013
Golaghat,2023-10-20 02:30:00,20.4,94.0,20.303906365849286,91.52468511943546
Golaghat,2023-10-21 02:15:00,20.1,94.0,19.729015252419476,96.14149659036774
Golaghat,2023-10-22 02:15:00,19.6,94.0,19.57975223945416,87.61473025792134
Golaghat,2023-10-23 02:15:00,19.3,94.0,18.897401666280345,86.70258303245278
Golaghat,2023-10-24 02:15:00,21.1,85.0,19.103641417462885,89.88308746338502
Golaghat,2023-10-25 02:15:00,20.0,89.0,20.392204567178375,84.18160414343441
Golaghat,2023-10-26 02:00:00,20.3,96.0,20.20087500377131,89.93513377917468
Golaghat,2023-10-27 02:15:00,19.9,98.0,19.962821141471228,96.25380125162779
Golaghat,2023-10-28 02:00:00,19.8,96.0,19.7211048329842,95.11349206116131
Golaghat,2023-10-29 02:30:00,19.4,95.0,19.13634938300412,95.44978508306411
Golaghat,2023-10-30 01:45:00,20.5,95.0,18.93737209572172,96.29974795730932
Gonda,2023-10-15 02:30:00,23.4,61.0,22.386403281088427,61.77078708920751
Gonda,2023-10-16 02:30:00,23.4,67.0,23.081097486423307,62.36606743573026
Gonda,2023-10-17 02:30:00,21.3,80.0,23.56142916888521,68.24335940710141
Gonda,2023-10-18 02:30:00,21.0,74.0,21.32127310067294,75.06007488986506
Gonda,2023-10-19 02:30:00,19.8,68.0,20.653170983286543,68.80188934372994
Gonda,2023-10-20 02:30:00,19.6,52.0,19.657892019897297,66.15449410840448
Gonda,2023-10-21 02:15:00,19.3,54.0,19.001761492923873,61.0362876784533
Gonda,2023-10-22 02:30:00,20.3,52.0,19.12374663084794,61.34601792012627
Gonda,2023-10-23 02:15:00,20.6,64.0,20.26363514391905,62.520640783981385
Gonda,2023-10-24 02:15:00,21.0,62.0,20.45590591546349,62.23451586289457
Gonda,2023-10-25 02:30:00,21.8,61.0,21.100895328483865,63.03535557958546
Gonda,2023-10-26 02:00:00,21.4,59.0,21.577389316908977,61.665763713931575
Gonda,2023-10-27 02:30:00,20.9,55.0,21.093841319305117,61.87429146893105
Gonda,2023-10-28 02:00:00,21.0,46.0,20.66644978233917,58.698729573848915
Gonda,2023-10-29 02:45:00,21.7,49.0,21.082182938206024,55.8303680316406
Gonda,2023-10-30 02:00:00,20.9,55.0,21.251298463314697,56.96341104428651
Gopalganj,2023-10-15 02:30:00,22.7,65.0,22.03945293464322,61.723115350515776
Gopalganj,2023-10-16 02:30:00,23.0,76.0,22.423701694222906,61.748104539811216
Gopalganj,2023-10-17 02:15:00,22.9,84.0,22.94050117550891,77.97788211176733
Gopalganj,2023-10-18 02:30:00,22.4,74.0,22.952766335357865,81.15025488659884
Gopalganj,2023-10-19 02:15:00,20.8,65.0,21.92256193986869,69.728490195964
Gopalganj,2023-10-20 02:30:00,20.5,56.0,20.337480826419565,64.44615822236149
Gopalganj,2023-10-21 02:15:00,20.3,59.0,20.01791501079257,62.689377188739954
Gopalganj,2023-10-22 02:15:00,20.4,58.0,19.874075068863313,61.86657091249982
Gopalganj,2023-10-23 02:15:00,20.6,61.0,20.101428402053234,62.63351191340135
Gopalganj,2023-10-24 02:15:00,21.4,56.0,20.74293862130958,67.20894416464681
Gopalganj,2023-10-25 02:15:00,22.2,66.0,21.393342182105346,66.45188677888407
Gopalganj,2023-10-26 02:00:00,22.2,67.0,22.140446563054727,65.42187153728598
Gopalganj,2023-10-27 02:15:00,21.7,58.0,21.904904418530858,65.42356641307586
Gopalganj,2023-10-28 02:00:00,21.4,59.0,21.28782744900784,61.28922997597233
Gopalganj,2023-10-29 02:30:00,21.7,56.0,20.870950491438116,62.68972104098365
Gopalganj,2023-10-30 01:45:00,21.4,55.0,21.06174004932835,62.295343382147195
Gorakhpur,2023-10-15 02:30:00,25.3,34.0,25.633728100842195,31.84606251892705
Gorakhpur,2023-10-16 02:30:00,23.4,48.0,25.95357896917134,34.92657549688657
Gorakhpur,2023-10-17 02:30:00,19.6,79.0,24.220762177900994,46.6828278177689
Gorakhpur,2023-10-18 02:30:00,21.6,61.0,20.932019024454448,50.68905992869549
Gorakhpur,2023-10-19 02:30:00,20.3,43.0,21.186378009555973,58.66839582753795
Gorakhpur,2023-10-20 02:30:00,21.2,36.0,20.990993623532436,49.142703937876654
Gorakhpur,2023-10-21 02:15:00,22.4,35.0,21.029701299619887,40.954226327947815
Gorakhpur,2023-10-22 02:30:00,22.6,37.0,22.731805772578646,42.897344176655636
Gorakhpur,2023-10-23 02:15:00,22.4,37.0,22.73031930616565,41.74988425839753
Gorakhpur,2023-10-24 02:15:00,21.7,46.0,22.47984484839668,38.765687852131855
Gorakhpur,2023-10-25 02:30:00,21.6,38.0,21.771931765513813,47.20810586911028
Gorakhpur,2023-10-26 02:00:00,21.6,33.0,21.729656371873443,40.88207797488625
Gorakhpur,2023-10-27 02:30:00,21.4,30.0,21.598209897377544,35.90989074411702
Gorakhpur,2023-10-28 02:00:00,22.8,22.0,22.177073538805445,36.60127135753951
Gorakhpur,2023-10-29 02:45:00,23.6,27.0,23.017755950729,31.46457376972596
Gorakhpur,2023-10-30 02:00:00,22.9,33.0,23.982329497936846,30.57485088615926
Gulbarga,2023-10-15 02:30:00,24.0,64.0,23.516991786574092,60.87216586251904
Gulbarga,2023-10-16 02:30:00,25.3,59.0,23.966494497618758,60.769783796524564
Gulbarga,2023-10-17 02:30:00,23.5,65.0,24.505951528595055,59.79264195700442
Gulbarga,2023-10-18 02:30:00,23.2,69.0,23.8271702658248,61.35871542378455
Gulbarga,2023-10-19 02:15:00,22.7,67.0,22.977681173749982,67.07899291729366
Gulbarga,2023-10-20 02:30:00,23.0,69.0,22.9418127500124,64.35066766563963
Gulbarga,2023-10-21 02:15:00,22.5,73.0,23.083292138857686,67.90559897947362
Gulbarga,2023-10-22 02:15:00,22.2,70.0,22.53010252566288,70.86204451913392
Gulbarga,2023-10-23 02:15:00,21.3,58.0,22.24770066957634,69.65954544790053
Gulbarga,2023-10-24 02:15:00,20.9,61.0,21.334060397328408,63.410907537762554
Gulbarga,2023-10-25 02:15:00,20.6,55.0,21.073284409600458,64.3146655971621
Gulbarga,2023-10-26 02:00:00,20.3,54.0,20.717761365925494,62.106978815406514
Gulbarga,2023-10-27 02:15:00,19.5,57.0,20.32351857610451,61.834290573992384
Gulbarga,2023-10-28 02:00:00,19.5,56.0,19.405219034247946,61.614586648012654
Gulbarga,2023-10-29 02:30:00,20.7,59.0,19.414181345461472,61.44451891296134
Gulbarga,2023-10-30 02:00:00,22.2,64.0,20.968155012524868,62.55841938832634
Gumla,2023-10-15 02:30:00,19.0,62.0,19.795061049873404,62.231572633339525
Gumla,2023-10-16 02:30:00,19.5,69.0,19.049297313982116,63.21036154264159
Gumla,2023-10-17 02:15:00,20.4,72.0,19.238418839553205,64.60966144323392
Gumla,2023-10-18 02:30:00,19.0,77.0,19.933178085749493,66.93744139203461
Gumla,2023-10-19 02:15:00,18.9,83.0,18.898599923465337,71.61584799995431
Gumla,2023-10-20 02:30:00,18.6,78.0,18.579777832392736,77.63921971755958
Gumla,2023-10-21 02:15:00,16.6,71.0,18.165929942898313,74.4475998845276
Gumla,2023-10-22 02:15:00,16.3,70.0,15.686328931147024,68.67259728104916
Gumla,2023-10-23 02:00:00,16.1,73.0,15.548657733684074,67.8498313762072
Gumla,2023-10-24 02:15:00,17.3,79.0,15.99820114757668,70.20571514088768
Gumla,2023-10-25 02:15:00,17.7,86.0,17.188684977163504,74.69109455878548
Gumla,2023-10-26 02:00:00,17.4,63.0,17.143210245984807,79.38466396989233
Gumla,2023-10-27 02:15:00,16.3,66.0,16.48257331843792,68.49986786817394
Gumla,2023-10-28 02:00:00,16.3,63.0,16.09052290900019,67.14508991892542
Gumla,2023-10-29 02:30:00,16.5,71.0,16.030349996279885,64.71396859978178
Gumla,2023-10-30 01:45:00,16.7,80.0,15.940079967577322,68.23653005820601
Guna,2023-10-15 02:30:00,23.6,48.0,23.900878115940593,52.03521461562252
Guna,2023-10-16 02:30:00,24.0,45.0,23.908166325203766,52.144691370088616
Guna,2023-10-17 02:15:00,19.2,81.0,24.16578199238835,49.46977324194896
Guna,2023-10-18 02:15:00,22.0,56.0,20.624826174292146,54.05349933404494
Guna,2023-10-19 02:15:00,22.2,60.0,21.35994661635099,63.6911631815559
Guna,2023-10-20 02:15:00,21.1,47.0,22.28009583362475,56.17065622833781
Guna,2023-10-21 02:00:00,21.4,52.0,21.198094349023297,58.691805542205415
Guna,2023-10-22 02:15:00,21.2,50.0,21.39132089570995,60.602332924918294
Guna,2023-10-23 02:00:00,21.1,48.0,21.38275096194325,57.194151075775274
Guna,2023-10-24 02:15:00,20.5,45.0,21.613382035950345,59.60142818639789
Guna,2023-10-25 02:15:00,20.5,43.0,20.865630306368242,57.83003736778014
Guna,2023-10-26 02:00:00,20.6,41.0,21.060500510131707,54.64917718183087
Guna,2023-10-27 02:15:00,20.4,41.0,20.67876173238299,54.12203496958176
Guna,2023-10-28 02:00:00,20.3,30.0,20.667654556558393,53.72260541408953
Guna,2023-10-29 02:30:00,21.0,42.0,20.756940495074492,45.15573611080017
Guna,2023-10-30 01:45:00,21.1,40.0,20.907156735012023,53.816336295997424
Guntur,2023-10-15 02:30:00,23.5,85.0,23.24175337904813,86.43266704198872
Guntur,2023-10-16 02:30:00,24.3,88.0,23.5410214604275,87.43301102866184
Guntur,2023-10-17 02:15:00,23.4,87.0,23.927565550772666,86.03622374145432
Guntur,2023-10-18 02:30:00,23.4,82.0,23.194897640521663,85.77733582088362
Guntur,2023-10-19 02:15:00,23.2,88.0,23.50182529401488,85.97830137728171
Guntur,2023-10-20 02:30:00,23.2,92.0,23.143598622437132,83.46128800715705
Guntur,2023-10-21 02:15:00,23.2,91.0,23.19466624633387,87.8174364314965
Guntur,2023-10-22 02:15:00,22.7,88.0,22.674284104343567,83.60912274376598
Guntur,2023-10-23 02:00:00,21.0,73.0,22.56518615470351,82.47738120632931
Guntur,2023-10-24 02:15:00,22.9,62.0,21.621222148855928,77.28597149972583
Guntur,2023-10-25 02:15:00,20.4,74.0,22.330266852788807,70.03439922026165
Guntur,2023-10-26 02:00:00,21.1,71.0,20.91264594428976,75.02108199065184
Guntur,2023-10-27 02:15:00,21.5,75.0,20.853278948719783,74.45101488571947
Guntur,2023-10-28 02:00:00,23.0,93.0,21.307690538757523,77.79243893385848
Guntur,2023-10-29 02:30:00,23.6,92.0,22.595926633091853,87.42000871579936
Guntur,2023-10-30 01:45:00,24.0,90.0,23.57085663154369,89.62148992734592
Gurdaspur,2023-10-15 02:30:00,21.6,46.0,20.76407407500423,54.06729199813483
Gurdaspur,2023-10-16 02:30:00,21.7,41.0,21.321843388846172,50.70613955545597
Gurdaspur,2023-10-17 02:30:00,16.7,75.0,21.190551919350476,47.62428288616614
Gurdaspur,2023-10-18 02:30:00,15.8,47.0,17.272463217233682,56.969501529482706
Gurdaspur,2023-10-19 02:15:00,15.6,56.0,15.118569991456177,56.16653717932819
Gurdaspur,2023-10-20 02:30:00,16.6,56.0,15.129500007162285,58.02605643904002
Gurdaspur,2023-10-21 02:15:00,17.7,47.0,15.715755327494598,58.70044466650045
Gurdaspur,2023-10-22 02:15:00,18.3,51.0,16.407585573527857,57.14234384905445
Gurdaspur,2023-10-23 02:15:00,17.6,46.0,17.330895025458208,56.77835471805219
Gurdaspur,2023-10-24 02:15:00,17.5,52.0,16.712368225967925,49.71448112691989
Gurdaspur,2023-10-25 02:15:00,18.5,39.0,16.669236261345773,51.6659728054816
Gurdaspur,2023-10-26 02:00:00,17.4,43.0,17.817919886458178,42.58097613791245
Gurdaspur,2023-10-27 02:15:00,18.4,54.0,16.78626561247872,46.66476950802377
Gurdaspur,2023-10-28 02:00:00,19.0,52.0,17.743348853471527,54.34730971951964
Gurdaspur,2023-10-29 02:45:00,18.1,49.0,17.96212181039287,51.91105926323382
Gurdaspur,2023-10-30 02:00:00,18.4,51.0,17.797624784585665,50.71848505021962
Gurgaon,2023-10-15 02:30:00,24.0,74.0,25.226391665893477,67.54544855866553
Gurgaon,2023-10-16 02:30:00,26.0,65.0,24.43835996197187,71.71747267952428
Gurgaon,2023-10-17 02:15:00,19.0,94.0,25.318505210416074,67.31096806192825
Gurgaon,2023-10-18 02:15:00,21.0,78.0,21.341020877968166,86.48466454305652
Gurgaon,2023-10-19 02:15:00,21.0,69.0,20.187776076744374,79.30924588448043
Gurgaon,2023-10-20 02:30:00,21.0,69.0,21.03353789002781,69.56494695677526
Gurgaon,2023-10-21 02:15:00,20.0,73.0,21.28557611913777,68.77124399035367
Gurgaon,2023-10-22 02:15:00,21.0,69.0,20.858798756326955,74.54056319449555
Gurgaon,2023-10-23 02:00:00,21.0,78.0,20.755449435393846,73.05010880879185
Gurgaon,2023-10-24 02:15:00,22.0,65.0,21.38058174638066,74.93345036344111
Gurgaon,2023-10-25 02:15:00,21.0,64.0,22.136146703722645,66.43480638535338
Gurgaon,2023-10-26 02:00:00,22.0,61.0,21.619005546569745,66.70471914313971
Gurgaon,2023-10-27 02:15:00,21.0,60.0,22.071338831602805,65.85925768266132
Gurgaon,2023-10-28 02:00:00,20.0,60.0,21.475063190340084,69.6734076317011
Gurgaon,2023-10-29 02:30:00,24.8,28.0,21.175127030584335,60.68687819376327
Gurgaon,2023-10-30 01:45:00,22.0,69.0,22.895698568440903,52.595220143854625
Gwalior,2023-10-15 02:30:00,27.3,38.0,25.866196071363134,45.59043401237874
Gwalior,2023-10-16 02:30:00,26.3,42.0,27.176240968237657,44.61597448388341
Gwalior,2023-10-17 02:15:00,20.4,80.0,26.758088132846858,44.926315394370086
Gwalior,2023-10-18 02:15:00,22.2,67.0,22.3109485221002,53.64789557723492
Gwalior,2023-10-19 02:15:00,22.6,45.0,21.578162178537198,64.56270677359063
Gwalior,2023-10-20 02:15:00,22.1,47.0,22.40158532499787,52.383060453289
Gwalior,2023-10-21 02:00:00,22.0,46.0,22.219501266371818,54.59354011436612
Gwalior,2023-10-22 02:15:00,22.0,48.0,22.014067451445857,53.954257913726806
Gwalior,2023-10-23 02:00:00,22.2,41.0,22.10829682492977,54.69397384980119
Gwalior,2023-10-24 02:15:00,21.6,43.0,22.102652041132806,50.29373654144486
Gwalior,2023-10-25 02:15:00,21.4,45.0,21.568727622703086,50.305728491187665
Gwalior,2023-10-26 02:00:00,21.9,38.0,21.569919945863465,54.04504589499759
Gwalior,2023-10-27 02:15:00,20.8,32.0,21.780818513919268,48.95728071344426
Gwalior,2023-10-28 02:00:00,21.1,32.0,21.346773099209905,47.73914083368187
Gwalior,2023-10-29 02:30:00,22.1,36.0,21.14757597390524,47.653494590385435
Gwalior,2023-10-30 01:45:00,22.9,36.0,21.986097778837404,45.88508312967269
Hailakandi,2023-10-15 02:30:00,20.3,90.0,20.42622278763044,86.49108385370862
Hailakandi,2023-10-16 02:30:00,21.2,90.0,19.808702982717886,87.49649076527069
Hailakandi,2023-10-17 02:15:00,21.6,91.0,20.47328998893693,89.71544286421643
Hailakandi,2023-10-18 02:30:00,20.6,90.0,20.932396805238273,87.68398248963314
Hailakandi,2023-10-19 02:15:00,20.3,88.0,20.434457023215202,86.16984465165527
Hailakandi,2023-10-20 02:30:00,20.0,89.0,19.98897726488949,84.91489331646103
Hailakandi,2023-10-21 02:15:00,20.3,90.0,19.765394946567746,85.33793893917225
Hailakandi,2023-10-22 02:15:00,20.7,87.0,19.965994187060712,90.23729562138898
Hailakandi,2023-10-23 02:15:00,20.5,96.0,20.093687772125005,94.32389863794923
Hailakandi,2023-10-24 02:15:00,21.7,94.0,20.24051323726086,96.72737290010065
Hailakandi,2023-10-25 02:15:00,22.6,76.0,21.288205955024964,87.88800795542438
Hailakandi,2023-10-26 02:00:00,20.1,97.0,22.11390122422222,86.50159431184753
Hailakandi,2023-10-27 02:15:00,20.0,93.0,20.186513582615262,82.37167380805924
Hailakandi,2023-10-28 02:00:00,20.1,92.0,19.73440314033994,92.86309918016057
Hailakandi,2023-10-29 02:30:00,19.3,91.0,19.662299283358486,87.7453718244584
Hailakandi,2023-10-30 01:45:00,20.3,90.0,18.9717729463618,87.0309542843335
Hamirpur,2023-10-15 02:30:00,26.7,38.0,26.095147364548545,43.87363689694524
Hamirpur,2023-10-16 02:30:00,26.6,41.0,26.7477791675807,46.093741868508765
Hamirpur,2023-10-17 02:15:00,21.0,79.0,26.754993227856524,47.54935813771584
Hamirpur,2023-10-18 02:15:00,23.4,62.0,22.240284522364878,48.524281263884355
Hamirpur,2023-10-19 02:15:00,23.4,46.0,22.83523976572702,64.81002871195412
Hamirpur,2023-10-20 02:15:00,22.6,43.0,22.95289816956362,55.41570104056436
Hamirpur,2023-10-21 02:15:00,21.9,44.0,22.39600050562561,48.86325232275942
Hamirpur,2023-10-22 02:15:00,21.7,48.0,22.155821549599445,53.31741009426066
Hamirpur,2023-10-23 02:00:00,21.7,51.0,21.654006322711833,56.34303075315436
Hamirpur,2023-10-24 02:15:00,22.3,41.0,21.74552657694653,58.15714878421027
Hamirpur,2023-10-25 02:15:00,22.1,47.0,22.233545823676057,52.39957799289058
Hamirpur,2023-10-26 02:00:00,22.1,42.0,22.094667078519926,56.33042301739285
Hamirpur,2023-10-27 02:15:00,21.7,36.0,21.799912546307542,52.119404163825195
Hamirpur,2023-10-28 02:00:00,22.1,35.0,21.842008712297808,47.73035425128798
Hamirpur,2023-10-29 02:30:00,22.7,36.0,22.33664411895935,46.85219004152709
Hamirpur,2023-10-30 01:45:00,23.1,38.0,22.579031282936274,46.33798274446306
Hanumangarh,2023-10-15 02:30:00,26.9,32.0,28.405358620972518,33.54637939474746
Hanumangarh,2023-10-16 02:30:00,26.0,39.0,27.562650542785292,32.01475073576492
Hanumangarh,2023-10-17 02:30:00,20.0,79.0,25.941116136183744,40.75082351373179
Hanumangarh,2023-10-18 02:30:00,22.1,63.0,22.550013739879876,39.15525555451457
Hanumangarh,2023-10-19 02:30:00,21.5,43.0,21.620806637867243,57.83835210140223
Hanumangarh,2023-10-20 02:30:00,22.9,45.0,21.82241455345617,48.461026396489125
Hanumangarh,2023-10-21 02:15:00,23.7,45.0,22.919718535624174,45.508490668054336
Hanumangarh,2023-10-22 02:30:00,23.7,50.0,23.87356851688201,46.28481122234394
Hanumangarh,2023-10-23 02:15:00,23.4,42.0,23.717338835068183,48.444371576726105
Hanumangarh,2023-10-24 02:15:00,23.4,50.0,23.285809571052795,38.34916878877712
Hanumangarh,2023-10-25 02:30:00,23.0,48.0,23.79685044313553,48.30146480036468
Hanumangarh,2023-10-26 02:00:00,23.4,34.0,23.339934627501858,48.85732220991749
Hanumangarh,2023-10-27 02:15:00,23.1,27.0,23.08206779673593,36.325501956102464
Hanumangarh,2023-10-28 02:00:00,24.8,28.0,23.761470682554975,29.32957608874252
Hanumangarh,2023-10-29 02:45:00,24.9,28.0,25.204403586621282,30.85109205662702
Hanumangarh,2023-10-30 02:00:00,24.3,31.0,25.124315375903784,24.302347580660314
Haora,2023-10-15 02:30:00,27.0,84.0,26.39062049971976,76.24545272718107
Haora,2023-10-16 02:30:00,26.0,89.0,26.9623451717787,81.51005065266104
Haora,2023-10-17 02:30:00,27.0,84.0,26.033746027451215,86.63950135309717
Haora,2023-10-18 02:30:00,27.0,84.0,26.695303149835727,86.90132866060166
Haora,2023-10-19 02:15:00,26.0,84.0,26.938103880777486,81.99229839701039
Haora,2023-10-20 02:30:00,25.0,83.0,26.12330733966828,82.2093760152568
Haora,2023-10-21 02:15:00,24.0,83.0,24.92300670397943,83.7221420596382
Haora,2023-10-22 02:15:00,25.0,83.0,24.465867489739942,83.11539955938926
Haora,2023-10-23 02:15:00,26.0,84.0,25.072880723136535,85.9452652091484
Haora,2023-10-24 02:15:00,25.0,83.0,26.220120367439634,84.46373970675714
Haora,2023-10-25 02:15:00,24.0,94.0,25.630035707098216,87.64800765829078
Haora,2023-10-26 02:00:00,26.0,89.0,24.565428481545197,90.06917592580344
Haora,2023-10-27 02:15:00,26.0,84.0,25.51292048595465,84.20476142873089
Haora,2023-10-28 02:00:00,25.0,83.0,25.898233522846894,81.6261718846308
Haora,2023-10-29 02:45:00,24.0,83.0,25.345162540487337,89.17152832347665
Haora,2023-10-30 01:45:00,24.0,83.0,24.454894264139668,81.49235482121996
Hapur,2023-10-15 02:30:00,24.3,51.0,23.785509684251142,50.360606470432934
Hapur,2023-10-16 02:30:00,24.1,50.0,24.70733977905332,52.61618449496952
Hapur,2023-10-17 02:30:00,20.2,82.0,24.461718538947085,49.17888589315868
Hapur,2023-10-18 02:30:00,21.2,57.0,21.062907281458216,53.681965364487226
Hapur,2023-10-19 02:30:00,20.3,47.0,20.56936871485708,63.35778497075788
Hapur,2023-10-20 02:30:00,20.6,42.0,20.404623622890725,54.957658230047315
Hapur,2023-10-21 02:15:00,20.8,48.0,20.482025292565286,53.32273872898504
Hapur,2023-10-22 02:30:00,20.6,47.0,20.571780370002244,61.07837134395261
Hapur,2023-10-23 02:15:00,21.6,49.0,20.758897186991064,59.7954943959683
Hapur,2023-10-24 02:15:00,21.0,50.0,21.360828566810763,54.350836199783906
Hapur,2023-10-25 02:30:00,21.2,38.0,21.17151683923182,53.711422435310325
Hapur,2023-10-26 02:00:00,21.0,36.0,21.16765675416687,48.29681760058575
Hapur,2023-10-27 02:30:00,20.8,36.0,21.07874995040178,45.297592078877805
Hapur,2023-10-28 02:00:00,21.1,30.0,21.56895825212994,47.686580065206904
Hapur,2023-10-29 02:45:00,21.1,39.0,21.563042218387256,44.168889808328565
Hapur,2023-10-30 02:00:00,21.5,44.0,21.287055706739324,51.693136459105666
Harda,2023-10-15 02:30:00,25.7,52.0,24.19354404315486,56.09350416463093
Harda,2023-10-16 02:30:00,24.2,59.0,25.11385544867986,57.8532562783581
Harda,2023-10-17 02:15:00,22.7,69.0,24.390847898633783,56.75540176138709
Harda,2023-10-18 02:15:00,22.6,66.0,22.969723550147116,66.25228790605088
Harda,2023-10-19 02:15:00,23.4,59.0,22.753327506898028,62.097038852368456
Harda,2023-10-20 02:15:00,24.0,61.0,23.474410729364983,55.73192445385938
Harda,2023-10-21 02:00:00,22.1,50.0,23.870874016625095,57.46194958547053
Harda,2023-10-22 02:15:00,23.0,51.0,22.408952381606156,59.68867465247472
Harda,2023-10-23 02:00:00,22.1,50.0,23.17415368253875,56.170767338218376
Harda,2023-10-24 02:15:00,21.0,59.0,22.582143288450492,59.500446179252556
Harda,2023-10-25 02:15:00,21.0,56.0,21.669243787342577,61.22993424816589
Harda,2023-10-26 02:00:00,20.2,47.0,21.154395291007727,61.14216668323331
Harda,2023-10-27 02:15:00,20.3,47.0,20.59120487332758,62.37838475420195
Harda,2023-10-28 02:00:00,20.0,46.0,20.55590821936745,62.489425286496335
Harda,2023-10-29 02:30:00,19.7,46.0,20.3691839003101,62.78409079518792
Harda,2023-10-30 01:45:00,19.9,46.0,20.124906173839396,63.90478245191346
Hardoi,2023-10-15 02:30:00,25.3,50.0,24.467735035995815,57.51268767027413
Hardoi,2023-10-16 02:30:00,25.0,56.0,25.165664359141797,54.70038153310912
Hardoi,2023-10-17 02:30:00,21.4,78.0,25.26764214909011,66.11650434321355
Hardoi,2023-10-18 02:30:00,22.2,66.0,22.42718742441261,66.77443357309203
Hardoi,2023-10-19 02:30:00,21.9,55.0,21.77007752567671,65.71254376725798
Hardoi,2023-10-20 02:30:00,21.3,43.0,21.678664825234293,57.241159514724615
Hardoi,2023-10-21 02:15:00,21.1,53.0,21.02315971294504,49.99917210068271
Hardoi,2023-10-22 02:30:00,21.2,53.0,21.371897504266766,60.8377384120862
Hardoi,2023-10-23 02:15:00,21.7,53.0,21.280899335649394,59.702214612470634
Hardoi,2023-10-24 02:15:00,21.6,47.0,21.357053403516037,55.74007289252754
Hardoi,2023-10-25 02:30:00,22.3,51.0,21.701720545667268,56.228699669988515
Hardoi,2023-10-26 02:00:00,22.4,44.0,22.401888604512365,56.42763654012797
Hardoi,2023-10-27 02:30:00,21.9,41.0,22.17476238773357,50.7264939622801
Hardoi,2023-10-28 02:00:00,21.6,43.0,21.660714244048705,51.38264428830376
Hardoi,2023-10-29 02:45:00,22.6,42.0,21.72986968291614,51.704888989603205
Hardoi,2023-10-30 02:00:00,22.2,48.0,22.549690596455626,51.20854262096421
Hardwar,2023-10-15 02:30:00,19.4,60.0,18.85722321378915,63.389530993230814
Hardwar,2023-10-16 02:30:00,19.1,61.0,18.60126673862357,63.66718580698978
Hardwar,2023-10-17 02:30:00,16.5,76.0,18.18116883805666,64.76501863938209
Hardwar,2023-10-18 02:30:00,16.5,65.0,16.126631612941605,72.74142572183801
Hardwar,2023-10-19 02:15:00,15.8,67.0,15.879501808037695,65.01521284072236
Hardwar,2023-10-20 02:30:00,16.0,70.0,15.285935869854656,65.75194442142764
Hardwar,2023-10-21 02:15:00,16.1,64.0,14.928221555542613,69.23110216583035
Hardwar,2023-10-22 02:15:00,16.4,62.0,14.802346088717579,65.13900728568181
Hardwar,2023-10-23 02:15:00,16.4,61.0,15.647252832073587,64.99413382503243
Hardwar,2023-10-24 02:15:00,15.8,58.0,15.873527571490538,62.602126478886746
Hardwar,2023-10-25 02:15:00,16.6,53.0,15.301677890455903,62.94861285292853
Hardwar,2023-10-26 02:00:00,17.1,50.0,16.451949552168763,60.57273376009177
Hardwar,2023-10-27 02:15:00,16.7,55.0,16.46896728734854,57.54269890418087
Hardwar,2023-10-28 02:00:00,16.7,55.0,16.813673667876483,60.35785292021842
Hardwar,2023-10-29 02:30:00,16.6,57.0,16.280310839779506,62.55372665860269
Hardwar,2023-10-30 01:45:00,16.9,56.0,15.93294753852891,63.28286595744779
Hassan,2023-10-16 02:30:00,19.9,76.0,19.228193375284494,89.62565642235201
Hassan,2023-10-17 02:30:00,20.5,89.0,19.83391764457255,84.57783042976237
Hassan,2023-10-18 02:30:00,21.5,81.0,20.54135743248089,87.84937752108671
Hassan,2023-10-19 02:15:00,19.8,82.0,21.246625469478147,79.08525563434368
Hassan,2023-10-20 02:30:00,20.1,71.0,20.39558887844977,79.21883521480511
Hassan,2023-10-21 02:15:00,20.2,73.0,20.404258174471764,69.99110002689685
Hassan,2023-10-22 02:15:00,22.7,66.0,20.51919879112757,73.83516502821887
Hassan,2023-10-23 02:15:00,21.2,67.0,22.401939263465472,65.60257821740194
Hassan,2023-10-24 02:15:00,18.8,50.0,21.431805187865073,67.17284401595926
Hassan,2023-10-25 02:15:00,18.2,50.0,19.27935194543893,66.7860167819481
Hassan,2023-10-26 02:00:00,18.3,49.0,17.970242897002475,64.17531708138166
Hassan,2023-10-27 02:15:00,18.2,57.0,17.96515819136104,65.63818986781594
Hassan,2023-10-28 02:00:00,21.3,63.0,17.92476540521742,63.70413891285537
Hassan,2023-10-29 02:45:00,19.6,87.0,20.63207976872804,63.49939882997932
Hassan,2023-10-30 02:00:00,19.7,91.0,20.21073008761787,86.95242963830721
Haveri,2023-10-15 02:30:00,22.6,79.0,22.590362180723222,63.00690252820693
Haveri,2023-10-16 02:30:00,21.6,90.0,22.516354115251286,80.48511574744738
Haveri,2023-10-17 02:30:00,23.5,77.0,21.74703435431047,87.58318133662505
Haveri,2023-10-18 02:30:00,24.4,73.0,23.22324018415069,78.32628869631
Haveri,2023-10-19 02:15:00,22.5,59.0,24.2412584491597,71.97384656344137
Haveri,2023-10-20 02:30:00,22.4,61.0,23.030331051243184,60.04690845430236
Haveri,2023-10-21 02:15:00,22.0,75.0,22.38580942230064,59.415056976792
Haveri,2023-10-22 02:15:00,23.4,68.0,22.420650767167928,69.03864123127356
Haveri,2023-10-23 02:15:00,23.3,49.0,23.335056292007703,65.42109364866131
Haveri,2023-10-24 02:15:00,20.6,50.0,23.41829797705331,63.67645797663485
Haveri,2023-10-25 02:15:00,20.8,54.0,21.436672927972864,63.71962042580122
Haveri,2023-10-26 02:00:00,20.8,50.0,21.097986840711133,59.991105609649686
Haveri,2023-10-27 02:15:00,20.0,49.0,20.800399964150596,64.09641029297521
Haveri,2023-10-28 02:00:00,20.9,47.0,20.409454191421105,62.97532848860097
Haveri,2023-10-29 02:45:00,23.3,71.0,21.16152922948692,59.910659433945874
Haveri,2023-10-30 02:00:00,23.1,76.0,23.307969049868156,67.60680805879915
Hazaribagh,2023-10-15 02:30:00,19.5,72.0,20.042838488203216,73.51523826886438
Hazaribagh,2023-10-16 02:30:00,20.5,66.0,19.035868835600837,68.58463805877892
Hazaribagh,2023-10-17 02:15:00,20.1,79.0,20.108082727819934,72.6004063382281
Hazaribagh,2023-10-18 02:30:00,20.1,83.0,19.905528762026385,71.64010990621827
Hazaribagh,2023-10-19 02:15:00,19.0,91.0,19.876588118541584,80.76587934468094
Hazaribagh,2023-10-20 02:30:00,18.9,77.0,18.414671870218093,79.97785654748954
Hazaribagh,2023-10-21 02:15:00,17.7,73.0,18.06898987158081,72.7080499624954
Hazaribagh,2023-10-22 02:15:00,17.1,64.0,16.46688961482985,69.36343903182104
Hazaribagh,2023-10-23 02:00:00,17.2,70.0,16.353873441512363,66.22420107176104
Hazaribagh,2023-10-24 02:15:00,19.1,67.0,17.210777947172108,68.38282482754569
Hazaribagh,2023-10-25 02:15:00,18.6,77.0,18.938079671088012,66.98389607714452
Hazaribagh,2023-10-26 02:00:00,18.8,67.0,18.632347476442426,73.04799390435896
Hazaribagh,2023-10-27 02:15:00,17.5,65.0,18.416650622280233,69.11562652923959
Hazaribagh,2023-10-28 02:00:00,18.0,77.0,16.509344794976265,76.58957232445208
Hazaribagh,2023-10-29 02:30:00,17.6,66.0,17.439231217131066,72.17878337548616
Hazaribagh,2023-10-30 01:45:00,17.9,72.0,16.660674810543302,69.53141377305928
Hingoli,2023-10-15 02:30:00,23.0,59.0,23.27620914293223,61.157361246918754
Hingoli,2023-10-16 02:30:00,23.4,62.0,23.123033268343924,59.67804200135948
Hingoli,2023-10-17 02:30:00,22.7,64.0,23.41382062340923,61.74006326188486
Hingoli,2023-10-18 02:30:00,22.8,67.0,22.936298263221953,61.48015887773761
Hingoli,2023-10-19 02:30:00,23.0,61.0,22.77239181890433,64.54554295813142
Hingoli,2023-10-20 02:30:00,21.6,74.0,23.057825569773623,60.223588835520694
Hingoli,2023-10-21 02:15:00,21.8,78.0,21.6237698867161,72.42497912601634
Hingoli,2023-10-22 02:30:00,21.1,58.0,21.97138767053401,77.17570377950575
Hingoli,2023-10-23 02:15:00,20.1,61.0,21.04293670744059,66.77440970549424
Hingoli,2023-10-24 02:15:00,20.0,62.0,20.673544633678947,65.10683458297017
Hingoli,2023-10-25 02:15:00,20.0,57.0,20.205829380174094,64.50041076826406
Hingoli,2023-10-26 02:00:00,19.5,46.0,20.275183771585954,62.887943932916855
Hingoli,2023-10-27 02:15:00,19.0,52.0,19.127237306253082,66.18429514767159
Hingoli,2023-10-28 02:00:00,19.5,55.0,18.95851125526074,62.386897102939436
Hingoli,2023-10-29 02:45:00,19.2,51.0,19.304488165341084,62.09658874958669
Hingoli,2023-10-30 02:00:00,19.5,58.0,18.963406452811984,63.17601751373481
Hisar,2023-10-15 02:30:00,26.7,31.0,26.57463511590465,30.758625079304412
Hisar,2023-10-16 02:30:00,25.2,42.0,27.018537804028487,35.494917285442064
Hisar,2023-10-17 02:15:00,20.2,75.0,25.430285316312027,41.798750691920894
Hisar,2023-10-18 02:30:00,22.6,58.0,21.952140793288173,52.12062841494755
Hisar,2023-10-19 02:15:00,21.2,41.0,22.35585936373551,54.749568374833515
Hisar,2023-10-20 02:30:00,22.2,35.0,21.537503428259665,46.34893812026653
Hisar,2023-10-21 02:15:00,23.5,40.0,22.38408777732701,42.14838624265349
Hisar,2023-10-22 02:15:00,23.7,39.0,23.903686103982604,44.80175888925908
Hisar,2023-10-23 02:15:00,23.3,37.0,24.047134816245332,44.576938012687904
Hisar,2023-10-24 02:15:00,22.4,45.0,23.34231817658592,38.495531498795074
Hisar,2023-10-25 02:15:00,22.5,38.0,22.671585519090907,43.286425452364334
Hisar,2023-10-26 02:00:00,22.5,31.0,22.54832923770332,39.54480933921307
Hisar,2023-10-27 02:15:00,22.0,25.0,22.556981797985156,37.213071763900864
Hisar,2023-10-28 02:00:00,23.4,25.0,22.76117640478457,30.5713874920389
Hisar,2023-10-29 02:30:00,24.5,27.0,24.044330797488858,28.76711235052094
Hisar,2023-10-30 01:45:00,24.7,30.0,24.954769553186836,27.108721139975533
Hojai,2023-10-15 02:30:00,20.6,94.0,21.332475893872616,90.88834450523676
Hojai,2023-10-16 02:30:00,20.8,93.0,20.517091720012555,92.79000547948051
Hojai,2023-10-17 02:30:00,20.8,93.0,20.30374238761928,90.38640830298239
Hojai,2023-10-18 02:30:00,20.8,94.0,20.452181657121763,88.86680603811652
Hojai,2023-10-19 02:30:00,20.1,94.0,20.465282526895546,92.74627256775847
Hojai,2023-10-20 02:30:00,20.0,92.0,19.85453900031331,88.6808278508674
Hojai,2023-10-21 02:30:00,20.0,94.0,19.3485221226623,94.88919019606357
Hojai,2023-10-22 02:30:00,19.7,93.0,19.43250357378822,87.39549866637348
Hojai,2023-10-23 02:15:00,19.6,92.0,18.98418292082811,86.32438163288835
Hojai,2023-10-24 02:15:00,20.5,85.0,19.1588676486105,84.64447026828772
Hojai,2023-10-25 02:30:00,19.8,93.0,20.014596819548448,85.046182154017
Hojai,2023-10-26 02:00:00,19.7,96.0,19.573134441111563,94.50615159838715
Hojai,2023-10-27 02:30:00,19.8,95.0,19.104055781120437,96.3713517303918
Hojai,2023-10-28 02:00:00,19.4,95.0,19.122906915565313,96.35723009624998
Hojai,2023-10-29 02:45:00,19.3,93.0,18.98481076202736,86.61498467226703
Hojai,2023-10-30 02:00:00,19.8,94.0,18.719212269737664,96.00854014499305
Hoshangabad,2023-10-15 02:30:00,22.9,55.0,22.087143986257303,57.0318869296422
Hoshangabad,2023-10-16 02:30:00,21.8,56.0,22.790990328181135,56.144827696985985
Hoshangabad,2023-10-17 02:15:00,22.9,73.0,22.082721952283958,56.42847067114135
Hoshangabad,2023-10-18 02:15:00,21.2,64.0,22.88128816315495,62.1712608964859
Hoshangabad,2023-10-19 02:15:00,21.9,61.0,21.375205508332325,60.71013877862959
Hoshangabad,2023-10-20 02:15:00,20.7,69.0,21.867271928881703,57.300066441884276
Hoshangabad,2023-10-21 02:00:00,19.3,54.0,20.9019573561971,65.11320299866375
Hoshangabad,2023-10-22 02:15:00,19.4,53.0,19.12630814793606,58.737083837255526
Hoshangabad,2023-10-23 02:00:00,19.1,60.0,19.4083291783447,58.97972071310533
Hoshangabad,2023-10-24 02:15:00,18.5,61.0,19.142539437467256,62.30700125228312
Hoshangabad,2023-10-25 02:15:00,17.9,52.0,18.332309727159,63.940081523821036
Hoshangabad,2023-10-26 02:00:00,17.8,47.0,17.67819539157629,62.505061599491555
Hoshangabad,2023-10-27 02:15:00,18.3,46.0,16.895334518228534,61.61353523207982
Hoshangabad,2023-10-28 02:00:00,18.0,48.0,18.02939442673883,59.359769973033515
Hoshangabad,2023-10-29 02:30:00,17.9,46.0,17.817520093073515,61.56934819255867
Hoshangabad,2023-10-30 01:45:00,18.0,52.0,17.76675540706324,60.68655762883823
Hoshiarpur,2023-10-15 02:30:00,22.0,45.0,21.402159074069573,51.24853444704007
Hoshiarpur,2023-10-16 02:30:00,21.3,50.0,21.944939570157587,46.291985031281904
Hoshiarpur,2023-10-17 02:30:00,17.4,70.0,20.971578484092948,55.27155466838161
Hoshiarpur,2023-10-18 02:30:00,17.0,50.0,17.586115342212917,61.01142935998166
Hoshiarpur,2023-10-19 02:15:00,16.6,57.0,16.535011230666594,55.725527185424085
Hoshiarpur,2023-10-20 02:30:00,17.5,51.0,16.380835632318636,55.80889731301521
Hoshiarpur,2023-10-21 02:15:00,17.7,46.0,16.529191428169447,53.47829197414603
Hoshiarpur,2023-10-22 02:15:00,18.5,47.0,16.66133890803419,55.73775133594269
Hoshiarpur,2023-10-23 02:15:00,18.8,47.0,17.718782385714594,58.1336500567446
Hoshiarpur,2023-10-24 02:15:00,18.5,53.0,18.37049867893747,50.84030880544541
Hoshiarpur,2023-10-25 02:15:00,18.7,45.0,18.103814270059512,54.032764674211506
Hoshiarpur,2023-10-26 02:00:00,18.3,42.0,18.33093400677556,47.448535781012204
Hoshiarpur,2023-10-27 02:15:00,18.2,47.0,17.953159526931568,48.02252371190833
Hoshiarpur,2023-10-28 02:00:00,19.0,45.0,17.6670443863424,53.201524326918104
Hoshiarpur,2023-10-29 02:45:00,19.5,45.0,18.439414522340694,50.62633200455258
Hoshiarpur,2023-10-30 02:00:00,19.1,46.0,19.01753644314274,49.75914815902712
Hugli,2023-10-15 02:30:00,27.0,84.0,26.360986585897944,75.93987574783036
Hugli,2023-10-16 02:30:00,26.0,89.0,26.991979085600516,81.86806699569827
Hugli,2023-10-17 02:30:00,27.0,84.0,26.033746027451215,86.60643666509472
Hugli,2023-10-18 02:30:00,27.0,84.0,26.695303149835727,86.86826397259921
Hugli,2023-10-19 02:15:00,26.0,84.0,26.938103880777486,81.96419791866586
Hugli,2023-10-20 02:30:00,25.0,83.0,26.12330733966828,82.19456772459452
Hugli,2023-10-21 02:15:00,24.0,83.0,24.919391107877225,83.69186762487614
Hugli,2023-10-22 02:15:00,25.0,83.0,24.465867489739942,83.10273666730107
Hugli,2023-10-23 02:15:00,26.0,84.0,25.07276973495183,85.94589450474248
Hugli,2023-10-24 02:15:00,25.0,83.0,26.137267854466984,85.0249838098033
Hugli,2023-10-25 02:15:00,24.0,94.0,25.62982221511164,87.72638070939814
Hugli,2023-10-26 02:00:00,26.0,89.0,24.564840042157357,90.00062931840642
Hugli,2023-10-27 02:15:00,26.0,84.0,25.553791338000288,84.21810024657873
Hugli,2023-10-28 02:00:00,25.0,83.0,25.968472695067746,81.98418822766804
Hugli,2023-10-29 02:45:00,24.0,83.0,25.35819098566411,88.79651321353859
Hugli,2023-10-30 02:00:00,24.0,83.0,24.477954333021714,82.0653051733368
Idukki,2023-10-15 02:30:00,20.7,94.0,21.11321834398087,89.05863171180299
Idukki,2023-10-16 02:30:00,20.6,83.0,20.758457653086214,91.32489346643955
Idukki,2023-10-17 02:30:00,21.9,92.0,20.577379026792855,88.39666296279033
Idukki,2023-10-18 02:30:00,22.1,93.0,21.62920878790485,88.6558338544867
Idukki,2023-10-19 02:15:00,21.8,89.0,22.015206992706368,90.81777375555556
Idukki,2023-10-20 02:30:00,18.4,91.0,21.792833095922028,88.09283817496244
Idukki,2023-10-21 02:15:00,20.5,89.0,19.023384512213813,89.5499718363216
Idukki,2023-10-22 02:15:00,17.7,89.0,20.27157778033599,87.32552757057921
Idukki,2023-10-23 02:15:00,20.0,91.0,17.82870717259922,87.9093904645091
Idukki,2023-10-24 02:15:00,22.2,94.0,20.048361220988525,90.78950932794069
Idukki,2023-10-25 02:15:00,22.0,91.0,21.75016201670681,93.27060019347168
Idukki,2023-10-26 02:00:00,21.7,92.0,22.036349224803498,91.17008206588609
Idukki,2023-10-27 02:15:00,22.0,93.0,21.789351349227154,90.66970909429287
Idukki,2023-10-28 02:00:00,19.9,94.0,22.05232219450944,91.3680887851312
Idukki,2023-10-29 02:30:00,21.4,92.0,20.670906105321297,91.90294332192644
Idukki,2023-10-30 02:00:00,18.8,93.0,21.337220888806986,92.77882577009221
Imphal,2023-10-15 02:30:00,13.4,95.0,14.459017968938163,96.46371210869512
Imphal,2023-10-16 02:30:00,14.2,94.0,12.732159395076152,96.5363033253172
Imphal,2023-10-17 02:15:00,15.2,94.0,13.515868365568164,92.4486298094632
Imphal,2023-10-18 02:30:00,14.9,92.0,14.520261499784885,92.62146405905462
Imphal,2023-10-19 02:15:00,14.0,90.0,13.80433725755431,88.53640050683529
Imphal,2023-10-20 02:30:00,14.3,92.0,12.64431410304811,89.86430844756575
Imphal,2023-10-21 02:15:00,14.6,88.0,13.230726957876268,85.85502481673336
Imphal,2023-10-22 02:15:00,14.4,94.0,13.73674684184551,89.32921797122094
Imphal,2023-10-23 02:15:00,15.6,96.0,13.497097879036946,96.83048352358249
Imphal,2023-10-24 02:15:00,16.0,89.0,15.562058687069417,95.19896655607093
Imphal,2023-10-25 02:15:00,15.7,99.0,14.985814354114424,97.07911701690011
Imphal,2023-10-26 02:00:00,15.8,98.0,15.15744954901677,95.33981012631509
Imphal,2023-10-27 02:15:00,14.2,98.0,14.982344359590531,98.97789019732038
Imphal,2023-10-28 02:00:00,13.4,94.0,13.197691661567577,96.93289574104028
Imphal,2023-10-29 02:30:00,12.8,92.0,12.585213683840623,90.09337426796776
Imphal,2023-10-30 01:45:00,13.2,94.0,11.800919960969258,91.85438283053226
Indore,2023-10-15 02:30:00,22.6,51.0,22.26081966485986,53.98282998897061
Indore,2023-10-16 02:30:00,23.9,62.0,22.924859284531358,52.35431309756828
Indore,2023-10-17 02:15:00,21.9,64.0,23.829198666618183,56.40382427748374
Indore,2023-10-18 02:15:00,21.6,62.0,22.461654702529643,57.95317184409246
Indore,2023-10-19 02:15:00,22.0,56.0,21.860346619383513,56.84275347778137
Indore,2023-10-20 02:15:00,22.1,58.0,22.23057159173542,54.391565251716756
Indore,2023-10-21 02:00:00,21.8,53.0,22.182881327623697,54.52241062766255
Indore,2023-10-22 02:15:00,21.7,56.0,21.94326874568575,56.50770176770869
Indore,2023-10-23 02:00:00,23.0,65.0,21.72227096894454,65.91293831424235
Indore,2023-10-24 02:15:00,20.6,45.0,23.263767272262598,57.15854828608382
Indore,2023-10-25 02:15:00,21.0,42.0,21.447270006223402,58.46404835743211
Indore,2023-10-26 02:00:00,20.0,46.0,20.861586738079225,58.56311738127503
Indore,2023-10-27 02:15:00,19.4,36.0,20.7705634970453,59.29700090191966
Indore,2023-10-28 01:45:00,19.0,49.0,19.416383534424817,52.50671007260412
Indore,2023-10-29 02:30:00,18.0,60.0,19.271772264890533,63.061615142899605
Indore,2023-10-30 01:45:00,20.5,42.0,18.528509458941826,65.6389792348148
Jabalpur,2023-10-15 02:30:00,21.6,60.0,21.504147196921654,62.41242558266767
Jabalpur,2023-10-16 02:30:00,21.8,65.0,21.471035720148066,64.03839547276702
Jabalpur,2023-10-17 02:15:00,20.6,75.0,21.834477140667353,59.636541702554545
Jabalpur,2023-10-18 02:15:00,20.7,75.0,21.025867527605396,71.17283660483174
Jabalpur,2023-10-19 02:15:00,20.8,68.0,20.791217625451093,71.37294925003421
Jabalpur,2023-10-20 02:15:00,19.5,63.0,20.65112577285545,66.21174315221565
Jabalpur,2023-10-21 02:00:00,19.3,57.0,19.170330884623628,60.90128311309977
Jabalpur,2023-10-22 02:15:00,18.8,55.0,18.85008223856819,60.57798550810635
Jabalpur,2023-10-23 02:00:00,17.3,56.0,18.664421552162,60.94157811268101
Jabalpur,2023-10-24 02:15:00,17.3,63.0,16.677943414708764,63.531914953269954
Jabalpur,2023-10-25 02:15:00,17.6,59.0,16.8431012620826,64.55597180748461
Jabalpur,2023-10-26 02:00:00,17.5,54.0,16.694022778045326,64.06212605477836
Jabalpur,2023-10-27 02:15:00,17.2,51.0,16.56768010429461,62.61759619180803
Jabalpur,2023-10-28 02:00:00,17.4,49.0,16.441017296866562,63.23411893516715
Jabalpur,2023-10-29 02:30:00,17.4,54.0,16.60668501445302,62.250540516838676
Jabalpur,2023-10-30 01:45:00,17.7,50.0,16.744818630209046,63.1130679032419
Jagatsinghapur,2023-10-15 02:30:00,27.0,84.0,25.359776048578414,92.32480680395585
Jagatsinghapur,2023-10-16 02:30:00,25.0,89.0,26.12899020254971,89.12240130594115
Jagatsinghapur,2023-10-17 02:30:00,26.0,89.0,24.506058499061847,90.47233664638067
Jagatsinghapur,2023-10-18 02:30:00,25.0,94.0,25.06134857012331,90.40175754445204
Jagatsinghapur,2023-10-19 02:30:00,26.0,89.0,24.863539729973716,94.88657936737283
Jagatsinghapur,2023-10-20 02:30:00,24.0,94.0,25.336184378770646,89.83607733711406
Jagatsinghapur,2023-10-21 02:15:00,24.0,89.0,23.822852607626178,93.16910312683632
Jagatsinghapur,2023-10-22 02:30:00,24.0,83.0,23.7092406100392,85.29261282597544
Jagatsinghapur,2023-10-23 02:15:00,25.0,79.0,23.807653639382863,85.94799032437234
Jagatsinghapur,2023-10-24 02:15:00,25.0,89.0,24.872085613702744,86.50002622276037
Jagatsinghapur,2023-10-25 02:15:00,24.0,94.0,24.92320019749303,90.12255370744779
Jagatsinghapur,2023-10-26 02:00:00,25.0,94.0,23.944044245865964,95.59808429029415
Jagatsinghapur,2023-10-27 02:15:00,23.0,83.0,24.23190979251731,95.45055953173579
Jagatsinghapur,2023-10-28 02:00:00,22.0,78.0,22.63347068341121,89.45688429344109
Jagatsinghapur,2023-10-29 02:45:00,21.0,83.0,22.16664526168493,82.16367041541645
Jagatsinghapur,2023-10-30 02:00:00,21.0,88.0,21.284549396245836,89.6508997439687
Jagtial,2023-10-15 02:30:00,23.1,68.0,22.68771039901647,73.0539044785795
Jagtial,2023-10-16 02:30:00,23.4,63.0,22.98796620123453,69.04119100690896
Jagtial,2023-10-17 02:30:00,22.7,70.0,23.36687456256241,63.61064814684247
Jagtial,2023-10-18 02:30:00,22.1,71.0,22.728468102056645,70.58747404650516
Jagtial,2023-10-19 02:30:00,22.2,72.0,21.920145393590875,71.34963252488022
Jagtial,2023-10-20 02:30:00,23.2,81.0,22.267172202609157,71.7865344011472
Jagtial,2023-10-21 02:30:00,22.4,77.0,23.021689548890492,78.87482319772548
Jagtial,2023-10-22 02:30:00,20.2,65.0,22.116477379320838,78.48376937935505
Jagtial,2023-10-23 02:15:00,19.4,59.0,20.635955813455933,67.25827437839548
Jagtial,2023-10-24 02:15:00,18.9,68.0,19.30534398680748,65.10135758300028
Jagtial,2023-10-25 02:30:00,18.8,65.0,19.181106304183867,70.41135939126337
Jagtial,2023-10-26 02:00:00,18.8,60.0,18.878482226472,65.97158231786149
Jagtial,2023-10-27 02:30:00,18.1,54.0,18.221255269796618,67.20820048310145
Jagtial,2023-10-28 02:00:00,18.6,61.0,17.44887485769265,64.33598379858394
Jagtial,2023-10-29 02:45:00,19.2,61.0,18.71797308310462,66.65660964837632
Jagtial,2023-10-30 02:00:00,19.5,63.0,18.869190442271847,66.31350700234249
Jaipur,2023-10-15 02:30:00,29.0,40.0,27.54640946762191,56.720900776617356
Jaipur,2023-10-16 02:30:00,26.0,61.0,28.359278447839014,42.45067291928277
Jaipur,2023-10-17 02:30:00,22.0,69.0,26.742684964311163,62.07578195083166
Jaipur,2023-10-18 02:30:00,23.0,73.0,23.632469179421825,64.77579594765548
Jaipur,2023-10-19 02:30:00,23.0,65.0,22.906433033587152,63.49669635323862
Jaipur,2023-10-20 02:30:00,23.0,61.0,23.685327084439415,62.03357773350947
Jaipur,2023-10-21 02:15:00,23.0,61.0,23.567345979869412,64.2956273879955
Jaipur,2023-10-22 02:30:00,24.0,57.0,23.54639634691048,65.41673147198007
Jaipur,2023-10-23 02:15:00,24.0,61.0,24.4023212576407,64.42075990852985
Jaipur,2023-10-24 02:15:00,23.0,57.0,24.43951182670774,62.37470893820557
Jaipur,2023-10-25 02:15:00,24.0,54.0,23.44842190418913,59.13455229307872
Jaipur,2023-10-26 02:00:00,22.0,65.0,24.488115829736465,60.69463509524728
Jaipur,2023-10-27 02:15:00,21.0,49.0,22.59281492642592,61.37850937896873
Jaipur,2023-10-28 02:00:00,24.0,44.0,21.471673118394964,67.41861111535958
Jaipur,2023-10-29 02:45:00,21.0,64.0,23.293639520749466,51.69731052091598
Jaipur,2023-10-30 02:00:00,23.0,53.0,21.954301152872386,65.07099988874934
Jaisalmer,2023-10-15 02:30:00,26.9,47.0,28.21905517545407,45.68579627787421
Jaisalmer,2023-10-16 02:30:00,29.7,31.0,28.121047664288557,46.35661739069414
Jaisalmer,2023-10-17 02:30:00,26.3,54.0,28.727193613778176,31.834274373193626
Jaisalmer,2023-10-18 02:30:00,25.5,58.0,27.22780900433245,43.31510729945052
Jaisalmer,2023-10-19 02:30:00,26.3,53.0,26.120912228505453,49.38782608591126
Jaisalmer,2023-10-20 02:30:00,28.1,38.0,26.73794652848261,46.643248147191635
Jaisalmer,2023-10-21 02:15:00,29.2,31.0,28.38638705084103,39.96618490552843
Jaisalmer,2023-10-22 02:30:00,29.1,31.0,29.935901662987114,37.26335012880649
Jaisalmer,2023-10-23 02:15:00,28.1,37.0,29.785178124019694,36.512877365005984
Jaisalmer,2023-10-24 02:15:00,27.5,28.0,28.704554909815336,33.43896588783323
Jaisalmer,2023-10-25 02:30:00,28.0,24.0,28.309298347564877,27.9105928448676
Jaisalmer,2023-10-26 02:00:00,27.9,21.0,28.585192633945205,25.009566026375694
Jaisalmer,2023-10-27 02:15:00,27.3,27.0,28.95967672189769,27.0872917027171
Jaisalmer,2023-10-28 02:00:00,28.4,32.0,28.78545736180047,30.35614309524568
Jaisalmer,2023-10-29 02:45:00,26.7,30.0,29.537202943928428,30.511233238977034
Jaisalmer,2023-10-30 02:00:00,27.9,26.0,27.1895134597079,30.72894741024814
Jalandhar,2023-10-15 02:30:00,24.0,43.0,23.047528286747777,40.56062942015678
Jalandhar,2023-10-16 02:30:00,22.4,46.0,24.0141950247558,44.17072674208098
Jalandhar,2023-10-17 02:30:00,18.9,68.0,22.173693594038507,48.39672467896068
Jalandhar,2023-10-18 02:30:00,18.6,50.0,19.60955737713717,62.2468258331215
Jalandhar,2023-10-19 02:15:00,18.7,52.0,18.21798662774781,52.50572330041788
Jalandhar,2023-10-20 02:30:00,19.6,48.0,18.330113375815323,54.9900480488833
Jalandhar,2023-10-21 02:15:00,19.8,43.0,19.203534130434445,54.23116062697066
Jalandhar,2023-10-22 02:15:00,20.3,48.0,19.42064249788473,52.40865512217435
Jalandhar,2023-10-23 02:15:00,20.9,45.0,19.99228986799062,57.72862463646681
Jalandhar,2023-10-24 02:15:00,20.6,50.0,20.97074764507899,48.647100258746015
Jalandhar,2023-10-25 02:15:00,20.6,43.0,21.05427888131639,54.20419305844059
Jalandhar,2023-10-26 02:00:00,20.3,38.0,20.981945900821596,47.00657971103465
Jalandhar,2023-10-27 02:15:00,20.2,41.0,20.513232739223387,46.042876471378065
Jalandhar,2023-10-28 02:00:00,20.9,40.0,20.679565237767576,49.28121887383154
Jalandhar,2023-10-29 02:45:00,21.0,42.0,21.021228930239655,48.26774556297
Jalandhar,2023-10-30 01:45:00,21.4,42.0,21.150468519017128,48.43082034229848
Jalaun,2023-10-15 02:30:00,27.3,37.0,26.929489899483446,41.67400454859176
Jalaun,2023-10-16 02:30:00,27.2,40.0,27.15228977297882,41.28361942532734
Jalaun,2023-10-17 02:30:00,21.6,72.0,27.141143888875334,43.155660859549684
Jalaun,2023-10-18 02:30:00,23.9,60.0,22.529549243543183,50.595656354800965
Jalaun,2023-10-19 02:30:00,24.0,44.0,23.325354086742923,60.139012672491
Jalaun,2023-10-20 02:30:00,23.0,43.0,23.778209454900587,49.553311662953575
Jalaun,2023-10-21 02:15:00,22.5,42.0,22.983964703515074,49.58772219645524
Jalaun,2023-10-22 02:30:00,22.4,45.0,22.714684349533414,49.73666042989079
Jalaun,2023-10-23 02:15:00,22.3,47.0,22.38364992511858,52.52038334826027
Jalaun,2023-10-24 02:15:00,22.7,41.0,22.012581499924377,56.012301154176875
Jalaun,2023-10-25 02:30:00,22.6,45.0,22.755542764621264,50.183028551583604
Jalaun,2023-10-26 02:00:00,22.2,39.0,22.383881092463206,51.6993747895999
Jalaun,2023-10-27 02:30:00,22.1,34.0,21.803186257016222,50.413353200313665
Jalaun,2023-10-28 02:00:00,22.5,35.0,22.25149891194505,45.38990975762316
Jalaun,2023-10-29 02:45:00,23.1,34.0,22.80346878533036,45.036275315960964
Jalaun,2023-10-30 02:00:00,23.0,38.0,22.79407605684547,44.83060675977677
Jalgaon,2023-10-15 02:30:00,25.4,49.0,25.227638533150802,56.2342279246981
Jalgaon,2023-10-16 02:30:00,23.8,58.0,25.20286266565606,59.63331044732314
Jalgaon,2023-10-17 02:30:00,23.6,59.0,24.219327708325302,57.63326561219875
Jalgaon,2023-10-18 02:30:00,23.3,68.0,23.827105809400692,57.524255805118244
Jalgaon,2023-10-19 02:30:00,24.3,56.0,23.503093328053154,62.4458075187808
Jalgaon,2023-10-20 02:30:00,23.1,73.0,24.308902115317164,56.533589183457934
Jalgaon,2023-10-21 02:15:00,23.5,64.0,23.50777485250513,71.23902264642275
Jalgaon,2023-10-22 02:30:00,23.8,54.0,23.690872704190795,62.75091208313371
Jalgaon,2023-10-23 02:15:00,21.3,48.0,23.92879638871394,56.84129201717676
Jalgaon,2023-10-24 02:15:00,21.2,57.0,21.773079292757934,62.67975050438722
Jalgaon,2023-10-25 02:15:00,20.9,52.0,21.595661706178685,59.91059419017657
Jalgaon,2023-10-26 02:00:00,20.4,43.0,21.21052429030923,61.429986945144805
Jalgaon,2023-10-27 02:15:00,20.2,49.0,20.754481735429533,56.96061422159238
Jalgaon,2023-10-28 02:00:00,20.5,52.0,20.822428602696977,62.5472923762459
Jalgaon,2023-10-29 02:45:00,20.3,52.0,20.757281342987813,61.52799185240324
Jalgaon,2023-10-30 02:00:00,20.7,54.0,20.84386987608936,61.81069477217791
Jalna,2023-10-15 02:30:00,24.3,52.0,24.601340534806845,57.616409158649915
Jalna,2023-10-16 02:30:00,23.9,51.0,24.209758186095137,57.708461909532936
Jalna,2023-10-17 02:30:00,23.7,59.0,23.966669126971226,57.91791116092975
Jalna,2023-10-18 02:30:00,23.1,66.0,23.969101518104242,57.363434231217795
Jalna,2023-10-19 02:30:00,25.4,52.0,23.366965960752967,59.425846186262575
Jalna,2023-10-20 02:30:00,22.3,68.0,24.584893884950098,59.58840092527565
Jalna,2023-10-21 02:15:00,22.6,66.0,23.147779863991467,65.90305661538379
Jalna,2023-10-22 02:30:00,22.8,52.0,22.73606025547355,64.2387245246093
Jalna,2023-10-23 02:15:00,21.0,52.0,22.754246641560275,59.43175655467764
Jalna,2023-10-24 02:15:00,20.9,55.0,21.70546269861115,61.418408606217035
Jalna,2023-10-25 02:15:00,20.2,55.0,21.415254274489868,61.71927310700287
Jalna,2023-10-26 02:00:00,20.1,42.0,20.739254274885287,62.39869735776737
Jalna,2023-10-27 02:15:00,19.4,48.0,19.98945353354511,59.14414924942052
Jalna,2023-10-28 02:00:00,18.7,58.0,19.340540314135897,66.4500574450682
Jalna,2023-10-29 02:45:00,19.4,52.0,19.01253668106875,61.68750164744277
Jalna,2023-10-30 02:00:00,19.8,53.0,19.432800291525222,61.87128724896836
Jalor,2023-10-15 02:30:00,26.0,63.0,26.68930397692621,49.40384102215792
Jalor,2023-10-16 02:30:00,25.3,58.0,26.666245415663077,56.38447834553194
Jalor,2023-10-17 02:30:00,24.5,62.0,25.867677288020186,55.20030929745157
Jalor,2023-10-18 02:30:00,24.9,54.0,25.326187693836868,57.39619102752368
Jalor,2023-10-19 02:30:00,24.2,44.0,25.50524161762396,50.62333024530714
Jalor,2023-10-20 02:30:00,24.6,38.0,24.90387468860069,44.780340163538405
Jalor,2023-10-21 02:15:00,25.0,36.0,25.186954861109836,41.4386190225113
Jalor,2023-10-22 02:30:00,25.4,32.0,26.012650592605507,41.52682887888361
Jalor,2023-10-23 02:15:00,25.6,40.0,26.425783107263342,38.0139628743065
Jalor,2023-10-24 02:15:00,24.7,34.0,26.325712448131547,41.69490350582132
Jalor,2023-10-25 02:30:00,25.4,35.0,25.861780004635598,38.245727598926266
Jalor,2023-10-26 02:00:00,24.0,32.0,26.344766615069574,39.36077619661773
Jalor,2023-10-27 02:15:00,24.0,27.0,24.786607339688075,37.212073019049015
Jalor,2023-10-28 02:00:00,25.1,31.0,25.204800632793255,35.1384328495203
Jalor,2023-10-29 02:45:00,24.0,37.0,25.721725041172544,39.41373834028634
Jalor,2023-10-30 02:00:00,24.3,34.0,25.27953110736839,40.46286403245421
Jalpaiguri,2023-10-15 02:30:00,21.4,79.0,21.686849188824507,78.85054010984044
Jalpaiguri,2023-10-16 02:30:00,21.9,76.0,21.257212391695415,79.21862252599105
Jalpaiguri,2023-10-17 02:30:00,20.9,83.0,21.269963372288995,69.44314149902975
Jalpaiguri,2023-10-18 02:30:00,20.9,75.0,20.599495565304537,76.48170959053947
Jalpaiguri,2023-10-19 02:15:00,20.2,81.0,20.47324656550293,68.95890477170897
Jalpaiguri,2023-10-20 02:30:00,20.1,76.0,20.17104791316602,74.77519029733307
Jalpaiguri,2023-10-21 02:15:00,19.8,75.0,19.58883408509973,70.6153030616362
Jalpaiguri,2023-10-22 02:15:00,19.8,69.0,19.210343052283573,69.77585712304487
Jalpaiguri,2023-10-23 02:15:00,19.1,75.0,19.213848378435735,68.1462449487517
Jalpaiguri,2023-10-24 02:15:00,19.9,69.0,18.782523315757917,69.15616904781642
Jalpaiguri,2023-10-25 02:15:00,19.0,71.0,19.530784456331485,71.43498369274354
Jalpaiguri,2023-10-26 02:00:00,20.2,78.0,19.09004294533449,71.17526513318208
Jalpaiguri,2023-10-27 02:15:00,20.2,79.0,19.664033117979876,72.40368938481102
Jalpaiguri,2023-10-28 02:00:00,19.3,78.0,19.686189724845043,73.30760166467395
Jalpaiguri,2023-10-29 02:45:00,19.9,72.0,18.904598232579605,71.93273705059086
Jalpaiguri,2023-10-30 02:00:00,20.0,77.0,19.568854609353423,68.44689018788961
Jammu,2023-10-15 02:30:00,20.7,46.0,21.266098498813502,49.44047674194313
Jammu,2023-10-16 02:30:00,21.3,43.0,21.09789761007035,52.87424675180487
Jammu,2023-10-17 02:15:00,17.6,72.0,20.394063524942744,50.65968289543593
Jammu,2023-10-18 02:15:00,16.5,54.0,17.860275778950967,58.14720024384185
Jammu,2023-10-19 02:15:00,16.7,56.0,16.066249674629475,55.5020915115767
Jammu,2023-10-20 02:15:00,17.4,62.0,16.287602960599582,55.742393298004664
Jammu,2023-10-21 02:15:00,18.0,52.0,16.876047045164682,58.15874239985259
Jammu,2023-10-22 02:15:00,19.0,50.0,17.085378754937324,57.30750104664678
Jammu,2023-10-23 02:00:00,18.2,49.0,17.531545921500022,54.9211504186413
Jammu,2023-10-24 02:15:00,18.2,54.0,17.56835773659496,48.6310384818874
Jammu,2023-10-25 02:15:00,18.4,43.0,17.37775186777433,52.2691751956178
Jammu,2023-10-26 02:00:00,18.6,44.0,17.625552386015347,46.85162288141165
Jammu,2023-10-27 02:15:00,18.3,47.0,17.899774834638038,46.80704227459969
Jammu,2023-10-28 02:00:00,18.8,45.0,17.71872220516661,53.27691949408484
Jammu,2023-10-29 02:30:00,18.9,42.0,17.948393091059717,46.99411763692648
Jammu,2023-10-30 01:45:00,19.6,42.0,18.013134080567365,49.271588696062544
Jamnagar,2023-10-15 02:30:00,26.8,65.0,27.754458359566048,72.54708766401883
Jamnagar,2023-10-16 02:30:00,26.6,73.0,27.140283741433173,65.17625435992308
Jamnagar,2023-10-17 02:15:00,26.3,73.0,26.893894404891913,70.88795417158441
Jamnagar,2023-10-18 02:15:00,26.5,75.0,26.735160892272088,70.92273772603953
Jamnagar,2023-10-19 02:15:00,28.3,53.0,26.758883894231346,72.20934753404987
Jamnagar,2023-10-20 02:30:00,27.7,58.0,28.294638111779204,60.55507660542736
Jamnagar,2023-10-21 02:15:00,28.7,44.0,27.848829591720932,57.51132415849886
Jamnagar,2023-10-22 02:15:00,28.9,44.0,28.75020692896151,53.36580245987697
Jamnagar,2023-10-23 02:00:00,27.9,64.0,28.936194214789385,56.52720387914143
Jamnagar,2023-10-24 02:15:00,28.2,56.0,28.370387334890175,58.391019285142015
Jamnagar,2023-10-25 02:15:00,27.9,57.0,28.3512095256297,54.88782411360189
Jamnagar,2023-10-26 02:00:00,27.5,58.0,28.13415818972919,54.4499972564064
Jamnagar,2023-10-27 02:15:00,26.8,69.0,27.658406637514542,57.71513194562231
Jamnagar,2023-10-28 02:00:00,27.1,66.0,27.38954099335936,67.69035446885397
Jamnagar,2023-10-29 02:30:00,26.9,50.0,27.46784791567,64.28779830915381
Jamnagar,2023-10-30 01:45:00,28.2,37.0,27.338879746864833,59.89420251153794
Jamtara,2023-10-15 02:30:00,22.3,69.0,23.45215621641429,62.369133681013174
Jamtara,2023-10-16 02:30:00,23.0,67.0,22.454792793245765,67.09701374805812
Jamtara,2023-10-17 02:15:00,23.8,73.0,22.731041482550488,63.52825663892931
Jamtara,2023-10-18 02:30:00,23.5,73.0,23.184616482069913,65.64908513975786
Jamtara,2023-10-19 02:15:00,22.7,77.0,23.171453528044697,66.21282038835541
Jamtara,2023-10-20 02:30:00,22.2,67.0,22.454903283999048,68.14103020675465
Jamtara,2023-10-21 02:15:00,21.3,68.0,21.57444425891423,65.77264807640982
Jamtara,2023-10-22 02:15:00,20.6,62.0,20.759862331048804,64.48727037544587
Jamtara,2023-10-23 02:00:00,21.0,64.0,20.902385255643427,62.53994190532506
Jamtara,2023-10-24 02:15:00,22.0,75.0,20.935778709881642,65.7102898535297
Jamtara,2023-10-25 02:15:00,22.5,81.0,21.91945087616915,71.14096665130022
Jamtara,2023-10-26 02:00:00,24.1,67.0,22.25712237580377,74.58940657193243
Jamtara,2023-10-27 02:15:00,21.6,58.0,23.48176533557596,69.22980173277854
Jamtara,2023-10-28 02:00:00,21.6,58.0,21.78502415512701,64.66781154185767
Jamtara,2023-10-29 02:30:00,20.8,58.0,20.996845980370452,61.406733738118675
Jamtara,2023-10-30 01:45:00,21.5,62.0,20.728892735197064,62.93556313053
Jamui,2023-10-15 02:30:00,21.4,72.0,22.058347526455126,62.16171689344663
Jamui,2023-10-16 02:30:00,23.1,69.0,21.480048351850574,69.66322616305686
Jamui,2023-10-17 02:15:00,23.6,76.0,22.419378797304237,66.64668181026347
Jamui,2023-10-18 02:30:00,22.6,76.0,22.983271709698197,68.24581150352998
Jamui,2023-10-19 02:15:00,20.7,80.0,22.287755699582828,67.55444526199638
Jamui,2023-10-20 02:30:00,20.6,72.0,20.61892024401656,72.64318975526074
Jamui,2023-10-21 02:15:00,19.8,66.0,20.02848989277952,67.87086804729933
Jamui,2023-10-22 02:15:00,19.4,62.0,19.21834207151175,67.11882869728043
Jamui,2023-10-23 02:15:00,19.2,63.0,19.439902426177692,64.61162894360838
Jamui,2023-10-24 02:15:00,20.4,69.0,19.214639513976675,65.86753813954216
Jamui,2023-10-25 02:15:00,20.6,73.0,20.230534213218693,70.32380265278786
Jamui,2023-10-26 02:00:00,20.3,66.0,20.592831370244003,71.46919397900675
Jamui,2023-10-27 02:15:00,19.6,60.0,20.362387572002042,72.10315470043045
Jamui,2023-10-28 02:00:00,20.2,63.0,19.600878552268547,67.61283190757803
Jamui,2023-10-29 02:30:00,20.3,66.0,20.11711921710353,65.58990096338573
Jamui,2023-10-30 01:45:00,20.1,64.0,19.773001281699255,65.88356436080522
Jangaon,2023-10-15 02:30:00,23.9,72.0,23.266570804824266,76.13212218209192
Jangaon,2023-10-16 02:30:00,24.8,73.0,23.738322456960717,70.64610062993847
Jangaon,2023-10-17 02:30:00,23.2,77.0,23.948290269335654,72.5021067763983
Jangaon,2023-10-18 02:30:00,22.8,75.0,23.139496263927768,78.28686619785167
Jangaon,2023-10-19 02:30:00,22.9,68.0,22.901162624208695,74.86775634909944
Jangaon,2023-10-20 02:30:00,22.7,76.0,22.7458408555619,69.1587911918339
Jangaon,2023-10-21 02:30:00,22.3,75.0,22.74181100583584,75.64899616658768
Jangaon,2023-10-22 02:30:00,21.9,65.0,22.230757549114603,75.42013527831871
Jangaon,2023-10-23 02:15:00,20.6,55.0,21.785672807501484,66.52574861163038
Jangaon,2023-10-24 02:15:00,19.9,63.0,20.85005939708296,64.17516825071347
Jangaon,2023-10-25 02:30:00,19.7,60.0,20.228551529104777,66.3002104672176
Jangaon,2023-10-26 02:00:00,19.9,57.0,19.76166281674102,66.87856815763557
Jangaon,2023-10-27 02:30:00,19.0,55.0,19.853037259057352,64.15415024725051
Jangaon,2023-10-28 02:00:00,20.4,50.0,18.645241795821228,63.751463475017204
Jangaon,2023-10-29 02:45:00,21.7,68.0,20.43801746305048,66.55776000994251
Jangaon,2023-10-30 02:00:00,22.0,88.0,21.27880050131481,75.72587747656586
Janjgir,2023-10-15 02:30:00,22.3,69.0,23.854800309348235,67.90064111901283
Janjgir,2023-10-16 02:30:00,22.4,71.0,22.429381484433364,66.63332022487826
Janjgir,2023-10-17 02:30:00,22.2,70.0,22.346192842171316,68.72431939640559
Janjgir,2023-10-18 02:30:00,21.4,81.0,22.2380532076357,68.18463917119786
Janjgir,2023-10-19 02:15:00,21.4,76.0,21.609060222908905,74.81528982594912
Janjgir,2023-10-20 02:30:00,21.6,73.0,21.563053713813854,72.89549789325058
Janjgir,2023-10-21 02:15:00,19.4,62.0,21.119391850948457,69.88751406384935
Janjgir,2023-10-22 02:15:00,19.0,68.0,19.672990273508564,67.44292171949637
Janjgir,2023-10-23 02:15:00,17.5,64.0,18.965685007493974,67.80039489699674
Janjgir,2023-10-24 02:15:00,17.8,66.0,17.215608643207567,65.87168336142481
Janjgir,2023-10-25 02:15:00,18.7,64.0,17.60859946352883,69.12441082116433
Janjgir,2023-10-26 02:00:00,18.6,62.0,18.7296212352109,64.93858894922167
Janjgir,2023-10-27 02:15:00,18.4,60.0,18.666937984552355,64.59772198881402
Janjgir,2023-10-28 02:00:00,18.2,61.0,17.745059703783717,65.53466702712674
Janjgir,2023-10-29 02:30:00,18.4,62.0,17.54840028462501,65.68025978759069
Janjgir,2023-10-30 01:45:00,19.0,64.0,18.259519835526618,64.48243975201987
Jashpur,2023-10-15 02:30:00,19.0,62.0,19.795533152632483,62.16526623546011
Jashpur,2023-10-16 02:30:00,19.5,69.0,19.049769416741196,63.20983778868168
Jashpur,2023-10-17 02:30:00,20.4,72.0,19.23858517795325,64.60246538616609
Jashpur,2023-10-18 02:30:00,19.0,77.0,19.933650188508572,66.9369176380747
Jashpur,2023-10-19 02:15:00,18.9,83.0,18.898646651953467,71.61532424599439
Jashpur,2023-10-20 02:30:00,18.6,78.0,18.579824560880866,77.63869596359966
Jashpur,2023-10-21 02:15:00,16.6,71.0,18.166402045657392,74.44707613056768
Jashpur,2023-10-22 02:15:00,16.3,70.0,15.686801033906104,68.67207352708924
Jashpur,2023-10-23 02:15:00,16.1,73.0,15.549129836443154,67.84930762224728
Jashpur,2023-10-24 02:15:00,17.3,79.0,15.99824787606481,70.20519138692775
Jashpur,2023-10-25 02:15:00,17.7,86.0,17.188731705651634,74.69057080482555
Jashpur,2023-10-26 02:00:00,17.4,63.0,17.143256974472937,79.3841402159324
Jashpur,2023-10-27 02:15:00,16.3,66.0,16.483045421197,68.47850961229004
Jashpur,2023-10-28 02:00:00,16.3,63.0,16.090505701252855,67.1445661649655
Jashpur,2023-10-29 02:30:00,16.5,71.0,16.030396724768014,64.71344484582185
Jashpur,2023-10-30 01:45:00,16.7,80.0,15.940552070336402,68.23600630424609
Jaunpur,2023-10-15 02:30:00,24.1,53.0,23.531472057630378,54.64691099132886
Jaunpur,2023-10-16 02:30:00,24.5,62.0,24.24785820583788,56.06169699794739
Jaunpur,2023-10-17 02:30:00,22.2,79.0,24.653891623968295,72.33541905747109
Jaunpur,2023-10-18 02:30:00,22.6,74.0,22.191332789584212,70.14126144007722
Jaunpur,2023-10-19 02:30:00,22.0,60.0,22.314983605871852,67.31476140312478
Jaunpur,2023-10-20 02:30:00,21.7,53.0,21.3635113867893,63.952898569306626
Jaunpur,2023-10-21 02:15:00,21.5,55.0,21.38381940583492,56.92298686693055
Jaunpur,2023-10-22 02:30:00,20.8,51.0,21.10886477081428,59.679119029226214
Jaunpur,2023-10-23 02:15:00,21.2,51.0,20.712138599245975,58.281501212118
Jaunpur,2023-10-24 02:15:00,21.2,54.0,20.8302103486978,59.966349983409394
Jaunpur,2023-10-25 02:30:00,21.8,53.0,21.35659631056911,64.07484223884227
Jaunpur,2023-10-26 02:00:00,22.0,62.0,21.512414996581473,58.858880485068696
Jaunpur,2023-10-27 02:30:00,21.7,51.0,21.66169431804797,63.198214215830305
Jaunpur,2023-10-28 02:00:00,21.3,38.0,21.265954523019996,59.038547571897446
Jaunpur,2023-10-29 02:45:00,21.5,43.0,20.785411530536376,51.03384746517865
Jaunpur,2023-10-30 02:00:00,21.6,47.0,21.119221340085755,52.444863450303366
Jhabua,2023-10-15 02:30:00,24.8,57.0,25.70259304014253,54.52852869797406
Jhabua,2023-10-16 02:30:00,24.7,64.0,25.022889877493284,55.21623488974608
Jhabua,2023-10-17 02:15:00,24.1,58.0,25.032266225970794,57.80543542977801
Jhabua,2023-10-18 02:15:00,24.1,59.0,24.530428861406797,56.07961174725789
Jhabua,2023-10-19 02:15:00,23.7,58.0,24.237237993333984,57.31815517946809
Jhabua,2023-10-20 02:15:00,23.6,49.0,23.996221439530686,56.709044817927776
Jhabua,2023-10-21 02:00:00,24.7,54.0,24.045502665579292,54.40210815857322
Jhabua,2023-10-22 02:15:00,24.5,54.0,24.92711120822597,54.14478975779773
Jhabua,2023-10-23 02:00:00,24.6,41.0,24.86291154923165,54.46175738671365
Jhabua,2023-10-24 02:15:00,24.4,37.0,24.7245712095646,49.901884604365534
Jhabua,2023-10-25 02:15:00,23.0,39.0,24.846271049528433,45.171418561873836
Jhabua,2023-10-26 02:00:00,22.8,33.0,24.0210515788706,47.66969245120041
Jhabua,2023-10-27 02:15:00,22.3,32.0,22.889555140465422,42.75667079086885
Jhabua,2023-10-28 02:00:00,22.4,36.0,22.676588482948596,43.64194223635963
Jhabua,2023-10-29 02:30:00,23.5,36.0,22.98822027292645,45.89291841597097
Jhabua,2023-10-30 01:45:00,23.6,36.0,24.27350010484075,41.49033339516397
Jhajjar,2023-10-15 02:30:00,24.0,74.0,25.152591829343493,66.22677237649616
Jhajjar,2023-10-16 02:30:00,26.0,65.0,24.52768320927351,71.78357370955327
Jhajjar,2023-10-17 02:15:00,19.0,94.0,25.371818022454054,67.63977213698374
Jhajjar,2023-10-18 02:30:00,21.0,78.0,21.355223759144273,86.33470414327931
Jhajjar,2023-10-19 02:15:00,21.0,69.0,20.250581878997476,79.04064754666025
Jhajjar,2023-10-20 02:30:00,21.0,69.0,21.08057346125516,68.90749317716345
Jhajjar,2023-10-21 02:15:00,20.0,73.0,21.30151363789345,68.527592891912
Jhajjar,2023-10-22 02:15:00,21.0,69.0,20.855255511832908,74.2385600136012
Jhajjar,2023-10-23 02:15:00,21.0,78.0,20.724041581466082,72.37333027573199
Jhajjar,2023-10-24 02:15:00,22.0,65.0,21.460188659593378,75.16551291632746
Jhajjar,2023-10-25 02:15:00,21.0,64.0,22.193078959860575,66.69588296205085
Jhajjar,2023-10-26 02:00:00,22.0,61.0,21.676253977827532,66.24229828698174
Jhajjar,2023-10-27 02:15:00,21.0,60.0,22.076428066605516,65.97161523174036
Jhajjar,2023-10-28 02:00:00,20.0,60.0,21.432893903519354,68.89862138484803
Jhajjar,2023-10-29 02:30:00,25.0,27.0,21.050100708536,60.28690304179336
Jhajjar,2023-10-30 01:45:00,22.0,69.0,22.844432662019962,51.84369623565815
Jhalawar,2023-10-15 02:30:00,25.3,40.0,26.20437756744068,50.60832573868454
Jhalawar,2023-10-16 02:30:00,24.5,59.0,25.457590537145116,42.502256738984876
Jhalawar,2023-10-17 02:30:00,21.9,71.0,25.029973361214587,59.374678935588285
Jhalawar,2023-10-18 02:30:00,22.1,66.0,22.70485656880396,63.357360018881415
Jhalawar,2023-10-19 02:30:00,22.7,60.0,22.251950001603063,60.10737205364663
Jhalawar,2023-10-20 02:30:00,21.8,48.0,22.78172813626856,56.657353525315536
Jhalawar,2023-10-21 02:30:00,22.2,47.0,22.155280677505857,55.021668943987976
Jhalawar,2023-10-22 02:30:00,22.5,41.0,22.56901151767057,55.31138920920308
Jhalawar,2023-10-23 02:15:00,22.2,48.0,22.7710012417449,46.116271511029126
Jhalawar,2023-10-24 02:15:00,22.0,40.0,22.753438516067053,54.122827307139126
Jhalawar,2023-10-25 02:30:00,21.7,38.0,22.412546716050382,48.1571204625843
Jhalawar,2023-10-26 02:00:00,21.9,36.0,22.417783785131526,47.53292262004846
Jhalawar,2023-10-27 02:30:00,21.2,35.0,22.049362228022026,44.162287338160354
Jhalawar,2023-10-28 02:00:00,21.1,35.0,21.55910690140683,45.40228887389209
Jhalawar,2023-10-29 02:45:00,22.3,37.0,21.747416222988058,46.2092034905207
Jhalawar,2023-10-30 02:00:00,22.1,43.0,22.384571268430154,46.405809319576875
Jhansi,2023-10-15 02:30:00,26.4,42.0,25.470083084708858,44.78203712683875
Jhansi,2023-10-16 02:30:00,26.1,42.0,26.682120710552052,44.8168901527559
Jhansi,2023-10-17 02:30:00,20.9,79.0,26.196525505997432,44.92381467953783
Jhansi,2023-10-18 02:30:00,23.5,63.0,22.49359511482058,50.42073446352856
Jhansi,2023-10-19 02:30:00,23.5,45.0,23.0839751945204,62.45078790844715
Jhansi,2023-10-20 02:30:00,23.1,42.0,22.889442954257085,51.49626919297377
Jhansi,2023-10-21 02:15:00,22.4,47.0,23.173723475287936,47.67794147245651
Jhansi,2023-10-22 02:30:00,22.4,43.0,22.615640796033684,54.38004959459868
Jhansi,2023-10-23 02:15:00,21.9,41.0,22.15780132935033,49.619012134619936
Jhansi,2023-10-24 02:15:00,22.0,43.0,21.79354956377246,51.536501688594164
Jhansi,2023-10-25 02:30:00,21.6,44.0,22.14108292738585,50.95104185832894
Jhansi,2023-10-26 02:00:00,21.8,40.0,21.78258389470867,54.00154792262897
Jhansi,2023-10-27 02:30:00,21.2,40.0,21.74476004275056,51.51866165549224
Jhansi,2023-10-28 02:00:00,21.7,32.0,21.681296493985045,53.729241214307734
Jhansi,2023-10-29 02:45:00,22.1,33.0,21.84807507349534,46.544796933284864
Jhansi,2023-10-30 02:00:00,22.0,38.0,22.07775240160601,46.03528078655537
Jhargram,2023-10-15 02:30:00,22.7,61.0,24.271369278112655,67.4203607103989
Jhargram,2023-10-16 02:30:00,22.8,70.0,22.852345266357045,63.02632101615476
Jhargram,2023-10-17 02:30:00,24.0,74.0,22.61857730580119,69.83189395945803
Jhargram,2023-10-18 02:30:00,23.8,76.0,23.350708192187582,70.37124389537358
Jhargram,2023-10-19 02:30:00,23.9,75.0,23.661345278435814,73.47726045903849
Jhargram,2023-10-20 02:30:00,22.3,72.0,23.375499857561095,69.66418875975889
Jhargram,2023-10-21 02:30:00,21.4,71.0,21.88801939394965,69.13398081414344
Jhargram,2023-10-22 02:30:00,20.9,71.0,21.050938641853968,69.41359027833225
Jhargram,2023-10-23 02:15:00,21.5,76.0,21.209667679209225,69.1461900365691
Jhargram,2023-10-24 02:15:00,21.9,91.0,21.403503186922105,79.49340046145383
Jhargram,2023-10-25 02:30:00,22.8,87.0,21.90907078354376,87.07134938932172
Jhargram,2023-10-26 02:00:00,23.4,71.0,22.40114166949042,81.65129501809778
Jhargram,2023-10-27 02:30:00,23.4,65.0,23.25520806439602,72.21213459117266
Jhargram,2023-10-28 02:00:00,21.8,53.0,23.38736894334062,65.13676814945615
Jhargram,2023-10-29 02:45:00,20.6,63.0,21.89182007588133,62.95506044025883
Jhargram,2023-10-30 02:00:00,20.9,67.0,20.41842955554097,66.90784176945448
Jharsuguda,2023-10-15 02:30:00,22.6,71.0,23.78824323128339,68.60216698541855
Jharsuguda,2023-10-16 02:30:00,22.6,68.0,22.582474438473856,69.81664448519376
Jharsuguda,2023-10-17 02:30:00,23.0,73.0,22.39509724555997,66.53457417809904
Jharsuguda,2023-10-18 02:30:00,22.0,78.0,22.83806092022174,71.28319993426021
Jharsuguda,2023-10-19 02:30:00,22.5,73.0,22.170473644180483,79.94820565702649
Jharsuguda,2023-10-20 02:30:00,21.7,71.0,22.27330926689369,70.69997333119237
Jharsuguda,2023-10-21 02:15:00,20.0,70.0,21.474550211416673,68.26814971632774
Jharsuguda,2023-10-22 02:30:00,19.3,68.0,20.3174658173996,67.45085663550364
Jharsuguda,2023-10-23 02:15:00,18.6,64.0,19.212061946013506,65.44954504497255
Jharsuguda,2023-10-24 02:15:00,19.6,72.0,19.36622097829877,66.19817575526405
Jharsuguda,2023-10-25 02:30:00,20.9,69.0,19.57051252251178,70.03711609685799
Jharsuguda,2023-10-26 02:00:00,19.5,61.0,20.88574385111952,69.8308048142264
Jharsuguda,2023-10-27 02:15:00,18.4,60.0,19.342890171298436,64.23334080025924
Jharsuguda,2023-10-28 02:00:00,18.8,64.0,17.97337922561514,65.90839562333719
Jharsuguda,2023-10-29 02:45:00,19.0,67.0,18.82562781656141,64.75942251271887
Jharsuguda,2023-10-30 02:00:00,19.3,67.0,18.85674014881791,66.43576521832453
Jhunjhunun,2023-10-15 02:30:00,26.3,34.0,27.504271987962632,35.77285523825006
Jhunjhunun,2023-10-16 02:30:00,26.1,36.0,27.26278156033291,36.77693622011082
Jhunjhunun,2023-10-17 02:30:00,22.6,61.0,26.987877105298445,37.05750151573903
Jhunjhunun,2023-10-18 02:30:00,23.4,54.0,24.298523008275694,52.09907140248144
Jhunjhunun,2023-10-19 02:30:00,22.7,48.0,23.742680075383795,51.546881453266266
Jhunjhunun,2023-10-20 02:30:00,22.8,45.0,23.360196082609004,48.13352912008896
Jhunjhunun,2023-10-21 02:15:00,24.4,43.0,23.01863457338371,45.76154152948051
Jhunjhunun,2023-10-22 02:30:00,24.3,33.0,25.025088089905424,45.57963623923905
Jhunjhunun,2023-10-23 02:15:00,24.1,37.0,25.07794912294822,39.34082243801253
Jhunjhunun,2023-10-24 02:15:00,22.8,43.0,24.885791941933903,38.082991643093855
Jhunjhunun,2023-10-25 02:30:00,23.6,43.0,23.16842047710269,37.868758986454914
Jhunjhunun,2023-10-26 02:00:00,23.4,39.0,23.966860436084467,43.55275099675857
Jhunjhunun,2023-10-27 02:15:00,23.2,34.0,23.616216265647402,42.48399845711697
Jhunjhunun,2023-10-28 02:00:00,24.0,28.0,24.174642386972664,31.61221893579873
Jhunjhunun,2023-10-29 02:45:00,25.2,27.0,25.027663680636664,31.23582180454935
Jhunjhunun,2023-10-30 02:00:00,24.7,30.0,25.738059790275756,29.410708226900734
Jind,2023-10-15 02:30:00,24.5,37.0,24.263345341211064,35.31536535049045
Jind,2023-10-16 02:30:00,24.1,46.0,25.263122880366584,40.859231647812656
Jind,2023-10-17 02:15:00,19.6,77.0,24.708927768652785,46.6860920709956
Jind,2023-10-18 02:30:00,21.7,57.0,20.68848734752065,48.607055810167466
Jind,2023-10-19 02:15:00,20.6,43.0,21.164090797288992,59.66084416352687
Jind,2023-10-20 02:30:00,20.9,34.0,21.036620126588417,47.187439707618
Jind,2023-10-21 02:15:00,22.1,36.0,20.91626495526288,39.87808441516952
Jind,2023-10-22 02:15:00,22.0,31.0,21.737421483015204,43.743862236872914
Jind,2023-10-23 02:15:00,22.2,39.0,22.285717719226305,40.19170489398448
Jind,2023-10-24 02:15:00,21.1,42.0,22.37163572405884,42.456614605884475
Jind,2023-10-25 02:15:00,22.1,39.0,21.423306549814626,45.529831920640625
Jind,2023-10-26 02:00:00,21.5,32.0,22.113601777421053,41.6050742336858
Jind,2023-10-27 02:15:00,21.1,30.0,21.520898692833676,36.65510213103714
Jind,2023-10-28 02:00:00,21.9,24.0,21.738017407885728,33.342262130871795
Jind,2023-10-29 02:30:00,23.0,28.0,22.388166651320667,30.979145419657726
Jind,2023-10-30 01:45:00,23.1,34.0,23.134612145560382,29.228482015627833
Jodhpur,2023-10-15 02:30:00,27.3,53.0,28.299804819767406,42.499327020295475
Jodhpur,2023-10-16 02:30:00,26.9,50.0,28.219066559864864,50.1523138243398
Jodhpur,2023-10-17 02:30:00,25.3,55.0,27.533664509175107,47.32570665209323
Jodhpur,2023-10-18 02:30:00,24.2,60.0,26.032646932322578,49.0196769699842
Jodhpur,2023-10-19 02:30:00,24.7,44.0,25.27397148805953,53.7901535683131
Jodhpur,2023-10-20 02:30:00,25.6,38.0,25.389970733018327,45.69536325522622
Jodhpur,2023-10-21 02:15:00,25.8,32.0,26.052722234202967,39.362061068026364
Jodhpur,2023-10-22 02:30:00,26.2,33.0,26.45458249826937,38.12882849327225
Jodhpur,2023-10-23 02:15:00,26.7,37.0,27.19918224673065,37.28209968612069
Jodhpur,2023-10-24 02:15:00,24.8,29.0,27.130376366033357,37.21526041332553
Jodhpur,2023-10-25 02:30:00,24.6,29.0,26.267324535765695,30.89254450851173
Jodhpur,2023-10-26 02:00:00,24.6,27.0,25.359432303487,32.4911603129343
Jodhpur,2023-10-27 02:15:00,24.4,23.0,25.141412848925928,33.226667576494194
Jodhpur,2023-10-28 02:00:00,27.9,22.0,25.809092896135095,34.228623507475994
Jodhpur,2023-10-29 02:45:00,26.3,32.0,27.13033626080433,31.983606565952343
Jodhpur,2023-10-30 02:00:00,25.7,29.0,27.544010345534563,33.207677171790614
Jorhat,2023-10-15 02:30:00,20.6,96.0,20.49327485471621,95.15545664998322
Jorhat,2023-10-16 02:30:00,20.8,95.0,20.226215455850152,96.556795934635
Jorhat,2023-10-17 02:15:00,20.4,94.0,20.265637054480397,96.50521335605944
Jorhat,2023-10-18 02:30:00,20.5,95.0,20.06466429401824,96.73985069043974
Jorhat,2023-10-19 02:15:00,20.1,96.0,20.010891176919618,96.15511938034092
Jorhat,2023-10-20 02:30:00,20.0,94.0,19.586937679261734,96.34474046051616
Jorhat,2023-10-21 02:15:00,19.6,94.0,19.35953187757425,96.06523725488886
Jorhat,2023-10-22 02:15:00,19.4,94.0,18.94752177676165,92.46834056937757
Jorhat,2023-10-23 02:15:00,18.9,93.0,18.85483734826539,89.39577429726496
Jorhat,2023-10-24 02:15:00,20.0,88.0,18.873929225836697,92.51696892801533
Jorhat,2023-10-25 02:15:00,19.4,93.0,19.595380248196253,86.9488221564581
Jorhat,2023-10-26 02:00:00,19.8,96.0,19.13099457982304,94.33374156935476
Jorhat,2023-10-27 02:15:00,19.1,96.0,19.29359473147114,96.32190505889184
Jorhat,2023-10-28 02:00:00,19.3,96.0,18.594607156094522,95.76995606030286
Jorhat,2023-10-29 02:30:00,19.2,95.0,18.652706847604104,95.97396351142936
Jorhat,2023-10-30 01:45:00,19.9,95.0,18.761015442169054,92.77715908518171
Junagadh,2023-10-15 02:30:00,25.1,64.0,26.119988015101047,80.15174911877169
Junagadh,2023-10-16 02:30:00,24.0,81.0,25.539873961565227,66.00742414715947
Junagadh,2023-10-17 02:15:00,24.0,76.0,24.821946718867938,78.46044819640892
Junagadh,2023-10-18 02:15:00,24.5,73.0,24.596988159318695,75.6152014835366
Junagadh,2023-10-19 02:15:00,26.3,48.0,25.055376477955672,73.0778220205539
Junagadh,2023-10-20 02:30:00,25.1,44.0,26.586107078196004,63.55998270873095
Junagadh,2023-10-21 02:15:00,25.2,61.0,25.671913390714817,57.960528889538516
Junagadh,2023-10-22 02:15:00,25.5,65.0,26.24162869914703,59.78049771137468
Junagadh,2023-10-23 02:00:00,26.1,51.0,26.026704157044154,61.59078800373076
Junagadh,2023-10-24 02:15:00,25.6,53.0,26.458901352237664,59.48828853005116
Junagadh,2023-10-25 02:15:00,25.5,62.0,26.139865622882823,57.03217993104202
Junagadh,2023-10-26 02:00:00,25.4,54.0,26.28128248261679,60.88399061589417
Junagadh,2023-10-27 02:15:00,24.4,65.0,25.773195518140177,58.236528373976334
Junagadh,2023-10-28 02:00:00,24.2,60.0,25.100645084812804,62.75153948905303
Junagadh,2023-10-29 02:30:00,25.0,56.0,24.751174587862952,64.41163487611435
Junagadh,2023-10-30 01:45:00,25.7,54.0,25.47603848823432,58.50988321608937
Kadapa,2023-10-15 02:30:00,25.6,63.0,23.156377466432644,77.63928186942782
Kadapa,2023-10-16 02:30:00,26.0,71.0,24.235287271154224,66.42847494657084
Kadapa,2023-10-17 02:15:00,25.6,72.0,25.558720968663028,69.31357421947641
Kadapa,2023-10-18 02:30:00,23.6,70.0,25.056482372384004,70.67364450011682
Kadapa,2023-10-19 02:15:00,23.2,78.0,23.751241434345847,69.38050661602732
Kadapa,2023-10-20 02:30:00,23.4,83.0,23.15038665570909,76.4390108327689
Kadapa,2023-10-21 02:15:00,23.4,83.0,23.178415977261537,79.75481334144641
Kadapa,2023-10-22 02:15:00,23.5,79.0,23.413856610181565,79.81140661133465
Kadapa,2023-10-23 02:00:00,22.9,61.0,23.056403421848287,77.66586566833209
Kadapa,2023-10-24 02:15:00,22.1,52.0,22.604549369016013,68.41846783236787
Kadapa,2023-10-25 02:15:00,21.7,61.0,22.07640937312688,62.49113940077853
Kadapa,2023-10-26 02:00:00,22.0,68.0,21.8650792474369,65.85518896561959
Kadapa,2023-10-27 02:15:00,22.0,76.0,21.645844717310187,69.42346017160975
Kadapa,2023-10-28 02:00:00,23.2,87.0,21.95938589741406,76.02277852920271
Kadapa,2023-10-29 02:30:00,24.3,84.0,22.825531121235354,85.52352026905062
Kadapa,2023-10-30 01:45:00,24.9,80.0,24.0415505912369,82.4398749680726
Kaithal,2023-10-15 02:30:00,24.0,44.0,22.862709000611332,43.175196280463915
Kaithal,2023-10-16 02:30:00,23.7,44.0,24.18275889003757,45.623627831453035
Kaithal,2023-10-17 02:15:00,18.4,83.0,23.449155199489727,46.162231950587646
Kaithal,2023-10-18 02:30:00,21.0,53.0,19.48011272599404,46.96054894918899
Kaithal,2023-10-19 02:15:00,19.8,45.0,20.31731702796672,58.37393487314502
Kaithal,2023-10-20 02:30:00,20.2,42.0,20.25365539683315,50.09470856400929
Kaithal,2023-10-21 02:15:00,20.8,35.0,20.097978232054377,46.16025554268163
Kaithal,2023-10-22 02:15:00,20.7,37.0,20.286460313619386,47.0600219151117
Kaithal,2023-10-23 02:15:00,21.5,41.0,20.792320942759726,46.60312029559928
Kaithal,2023-10-24 02:15:00,20.7,44.0,21.395736771016427,43.1151450575661
Kaithal,2023-10-25 02:15:00,21.5,38.0,20.948598023450877,49.22278340905569
Kaithal,2023-10-26 02:00:00,20.9,34.0,21.531665407122762,43.20730483107456
Kaithal,2023-10-27 02:15:00,20.4,35.0,20.977993543538993,38.22140208607347
Kaithal,2023-10-28 02:00:00,21.1,35.0,20.76362300273531,42.788996422394604
Kaithal,2023-10-29 02:30:00,21.8,39.0,21.071902274824296,43.568766332286835
Kaithal,2023-10-30 01:45:00,21.7,40.0,21.689799484479526,46.78197388578033
Kakching,2023-10-15 02:30:00,14.0,95.0,14.88885781975879,96.25246998865947
Kakching,2023-10-16 02:30:00,14.6,94.0,13.304045771068283,95.226427911721
Kakching,2023-10-17 02:30:00,15.1,94.0,13.867815087275167,96.07617581464486
Kakching,2023-10-18 02:30:00,14.8,92.0,14.31882134336376,90.70879905681674
Kakching,2023-10-19 02:30:00,13.9,90.0,13.77832354075098,84.71319796703631
Kakching,2023-10-20 02:30:00,14.3,92.0,12.774419155597608,87.66891599748271
Kakching,2023-10-21 02:30:00,14.1,89.0,13.452945291984186,84.99306528798431
Kakching,2023-10-22 02:30:00,14.6,94.0,12.499019665889143,91.6402844934767
Kakching,2023-10-23 02:15:00,16.1,96.0,13.944072704301353,94.89948435366719
Kakching,2023-10-24 02:15:00,16.1,92.0,15.591430076159785,93.86380724268435
Kakching,2023-10-25 02:30:00,16.0,99.0,14.945859197798553,97.97451753985882
Kakching,2023-10-26 02:00:00,15.9,98.0,15.188017627594947,96.59128958611456
Kakching,2023-10-27 02:30:00,14.6,98.0,15.052020436881206,99.02859512779284
Kakching,2023-10-28 02:00:00,13.7,94.0,13.686805738817286,97.03025189746049
Kakching,2023-10-29 02:45:00,13.1,92.0,12.701565759224113,88.13576029703576
Kakching,2023-10-30 02:00:00,13.3,94.0,11.8360637866614,95.29335353322305
Kancheepuram,2023-10-15 02:30:00,27.0,89.0,27.117279725341287,87.3312208344943
Kancheepuram,2023-10-16 02:30:00,27.0,94.0,27.16514208279783,88.18188824140039
Kancheepuram,2023-10-17 02:30:00,27.0,89.0,26.910225441583147,91.56033134678152
Kancheepuram,2023-10-18 02:30:00,27.0,84.0,26.736108630130026,88.3232934867898
Kancheepuram,2023-10-19 02:30:00,28.0,84.0,26.998297238192315,84.73597233091758
Kancheepuram,2023-10-20 02:30:00,26.0,89.0,27.246652277276542,86.48289749843084
Kancheepuram,2023-10-21 02:15:00,28.0,84.0,26.131129039661182,85.78479677032482
Kancheepuram,2023-10-22 02:30:00,27.0,89.0,26.82591742637476,86.15886845013745
Kancheepuram,2023-10-23 02:15:00,27.0,84.0,26.93077446719554,84.85935614006858
Kancheepuram,2023-10-24 02:15:00,26.0,84.0,26.79907254227031,84.03410300223665
Kancheepuram,2023-10-25 02:30:00,27.0,84.0,26.003610936717173,84.84161084333876
Kancheepuram,2023-10-26 02:00:00,27.0,84.0,26.72228435652339,85.0621693593679
Kancheepuram,2023-10-27 02:30:00,27.0,84.0,26.983711902458325,84.16970324991422
Kancheepuram,2023-10-28 02:00:00,27.0,89.0,26.884460895945796,85.99176517523173
Kancheepuram,2023-10-29 02:45:00,27.0,84.0,26.85890000627535,87.56242550683767
Kancheepuram,2023-10-30 02:00:00,25.0,89.0,26.820516846564786,88.31412807095134
Kangpokpi,2023-10-15 02:30:00,13.4,95.0,14.45599051925018,96.47916263978969
Kangpokpi,2023-10-16 02:30:00,14.2,94.0,12.729131945388168,96.55175385641179
Kangpokpi,2023-10-17 02:15:00,15.2,94.0,13.51284091588018,92.55766956482634
Kangpokpi,2023-10-18 02:30:00,14.9,92.0,14.517234050096901,92.73050381441776
Kangpokpi,2023-10-19 02:15:00,14.0,90.0,13.801309807866327,88.64544026219845
Kangpokpi,2023-10-20 02:30:00,14.3,92.0,12.641162845527477,89.9733482029289
Kangpokpi,2023-10-21 02:15:00,14.6,88.0,13.227575700355633,85.9640645720965
Kangpokpi,2023-10-22 02:15:00,14.4,94.0,13.733595584324876,89.44757290656831
Kangpokpi,2023-10-23 02:15:00,15.6,96.0,13.493946621516312,97.02088448877042
Kangpokpi,2023-10-24 02:15:00,16.0,89.0,15.559031237381433,95.39868270124309
Kangpokpi,2023-10-25 02:15:00,15.7,99.0,14.98278690442644,97.09161299360161
Kangpokpi,2023-10-26 02:00:00,15.8,98.0,15.154298291496136,95.45521050726938
Kangpokpi,2023-10-27 02:15:00,14.2,98.0,14.979316909902545,98.99038617402186
Kangpokpi,2023-10-28 02:00:00,13.4,94.0,13.194664211879592,96.94834627213486
Kangpokpi,2023-10-29 02:30:00,12.8,92.0,12.58218623415264,90.2024140233309
Kangpokpi,2023-10-30 01:45:00,13.2,94.0,11.797892511281274,91.94957919341884
Kangra,2023-10-15 02:30:00,11.6,57.0,12.567803876007021,57.015593125097375
Kangra,2023-10-16 02:30:00,11.9,40.0,11.656077310781189,66.25881913287111
Kangra,2023-10-17 02:15:00,9.7,63.0,11.261546202237422,48.50208971136924
Kangra,2023-10-18 02:15:00,8.4,48.0,9.602202922773053,60.7881838834219
Kangra,2023-10-19 02:15:00,8.7,51.0,8.137122034907877,54.64046768898097
Kangra,2023-10-20 02:15:00,9.0,45.0,8.487291988900619,51.96912208739828
Kangra,2023-10-21 02:00:00,9.4,51.0,8.903230209831829,50.71613445178939
Kangra,2023-10-22 02:15:00,9.9,50.0,9.381234567347347,55.70067495436881
Kangra,2023-10-23 02:00:00,9.5,45.0,9.398485275020525,52.55777262288994
Kangra,2023-10-24 02:15:00,9.6,49.0,9.545778803214844,47.96160638544907
Kangra,2023-10-25 02:15:00,9.7,37.0,9.433558814232487,46.909852032233495
Kangra,2023-10-26 02:00:00,11.4,42.0,9.434744475319443,39.570341039708424
Kangra,2023-10-27 02:15:00,10.4,50.0,10.391413194779863,50.333984233350776
Kangra,2023-10-28 02:00:00,11.2,47.0,9.68140419307755,53.501335014388374
Kangra,2023-10-29 02:30:00,11.5,53.0,10.492803856159533,52.137460912226274
Kangra,2023-10-30 01:45:00,13.0,55.0,11.220856829071613,54.669113156726205
Kanker,2023-10-15 02:30:00,22.1,70.0,22.210179891111377,70.27212693608685
Kanker,2023-10-16 02:30:00,21.9,70.0,22.018095043455705,69.9026878177567
Kanker,2023-10-17 02:15:00,20.9,71.0,21.577329574211884,69.62423441065151
Kanker,2023-10-18 02:30:00,21.6,72.0,21.234667734076755,71.25078389514545
Kanker,2023-10-19 02:15:00,20.8,83.0,21.465270658841217,70.60994981752366
Kanker,2023-10-20 02:30:00,20.8,87.0,20.94017735967645,78.80768340754618
Kanker,2023-10-21 02:15:00,19.7,86.0,20.5238191849704,81.19917642999141
Kanker,2023-10-22 02:15:00,18.0,71.0,19.323706944200314,82.13915458713663
Kanker,2023-10-23 02:15:00,17.2,72.0,18.11198686035788,73.95118264261679
Kanker,2023-10-24 02:15:00,17.0,78.0,16.863959846290854,72.95091149902512
Kanker,2023-10-25 02:15:00,17.6,75.0,16.937488658909754,76.72685905737457
Kanker,2023-10-26 02:00:00,17.9,68.0,17.09863789460744,74.1035520191858
Kanker,2023-10-27 02:15:00,17.1,65.0,17.80120836574361,71.25244674892738
Kanker,2023-10-28 02:00:00,17.6,70.0,16.683511072294504,65.04283914544393
Kanker,2023-10-29 02:30:00,17.3,74.0,16.958973658084723,69.62804797152177
Kanker,2023-10-30 01:45:00,17.9,76.0,16.84881900278115,75.31541740817497
Kannauj,2023-10-15 02:30:00,25.3,50.0,24.467851292887637,57.79801076485931
Kannauj,2023-10-16 02:30:00,25.0,56.0,25.16578061603362,54.98437123992267
Kannauj,2023-10-17 02:30:00,21.4,78.0,25.267758405981933,65.39828569739707
Kannauj,2023-10-18 02:30:00,22.2,66.0,22.427303681304434,66.09095902154964
Kannauj,2023-10-19 02:30:00,21.9,55.0,21.770193782568533,64.76307139553705
Kannauj,2023-10-20 02:30:00,21.3,43.0,21.678945091009734,57.2629906081176
Kannauj,2023-10-21 02:15:00,21.1,53.0,21.02315971294504,50.02100319407569
Kannauj,2023-10-22 02:30:00,21.2,53.0,21.371897504266766,60.853248924004504
Kannauj,2023-10-23 02:15:00,21.7,53.0,21.280899335649394,59.7240457058636
Kannauj,2023-10-24 02:15:00,21.6,47.0,21.357053403516037,55.76190398592051
Kannauj,2023-10-25 02:30:00,22.3,51.0,21.701720545667268,56.250530763381484
Kannauj,2023-10-26 02:00:00,22.4,44.0,22.401888604512365,56.44314705204627
Kannauj,2023-10-27 02:30:00,21.9,41.0,22.17476238773357,50.7420044741984
Kannauj,2023-10-28 02:00:00,21.6,43.0,21.660714244048705,51.39815480022206
Kannauj,2023-10-29 02:45:00,22.6,42.0,21.72986968291614,51.72039950152152
Kannauj,2023-10-30 02:00:00,22.2,48.0,22.549690596455626,51.22405313288252
Kanniyakumari,2023-10-15 02:30:00,24.0,90.0,23.659692727220445,89.94109004175013
Kanniyakumari,2023-10-16 02:30:00,23.9,86.0,23.90900281473675,90.2425820795984
Kanniyakumari,2023-10-17 02:30:00,25.0,85.0,23.777069369502048,86.97505234330609
Kanniyakumari,2023-10-18 02:30:00,23.4,94.0,24.50612615742408,87.27925531796464
Kanniyakumari,2023-10-19 02:30:00,24.6,83.0,23.97571649056148,89.94345443933386
Kanniyakumari,2023-10-20 02:30:00,24.3,84.0,24.415562252629353,85.28710077726022
Kanniyakumari,2023-10-21 02:15:00,24.4,85.0,24.4239898490728,84.54818349413344
Kanniyakumari,2023-10-22 02:30:00,24.4,86.0,24.381475109074113,85.468762400949
Kanniyakumari,2023-10-23 02:15:00,24.2,86.0,24.37448158718315,85.3894494628943
Kanniyakumari,2023-10-24 02:15:00,24.0,88.0,24.131808177066763,86.2534234082207
Kanniyakumari,2023-10-25 02:30:00,24.5,85.0,23.991324475158457,87.56943391742593
Kanniyakumari,2023-10-26 02:00:00,24.6,84.0,24.131947250881858,87.68288929265813
Kanniyakumari,2023-10-27 02:30:00,24.7,84.0,24.558982758261685,82.74382958332251
Kanniyakumari,2023-10-28 02:00:00,24.7,84.0,24.825830341801566,85.01095633271255
Kanniyakumari,2023-10-29 02:45:00,24.7,83.0,24.778182334366367,81.9460998068186
Kanniyakumari,2023-10-30 02:00:00,24.5,83.0,24.865362584192354,85.20147744273417
Kannur,2023-10-15 02:30:00,25.2,88.0,24.95696018573439,90.55072628925932
Kannur,2023-10-16 02:30:00,25.1,89.0,25.16650481297179,88.84517245926324
Kannur,2023-10-17 02:30:00,25.3,88.0,24.63312600619755,89.44744248008004
Kannur,2023-10-18 02:30:00,25.0,92.0,25.142997565758005,88.78741139777532
Kannur,2023-10-19 02:15:00,25.7,85.0,25.051363647688984,90.25652703593244
Kannur,2023-10-20 02:30:00,25.7,85.0,25.44742560892535,86.99250445065955
Kannur,2023-10-21 02:15:00,25.2,87.0,25.351389884335582,85.66438265995706
Kannur,2023-10-22 02:15:00,24.7,91.0,25.078295463637737,86.39825592613637
Kannur,2023-10-23 02:15:00,25.2,88.0,24.7389538322423,88.89511155157074
Kannur,2023-10-24 02:15:00,25.5,86.0,24.915055035629596,88.97164847679275
Kannur,2023-10-25 02:15:00,24.6,90.0,25.05718218464801,85.07971995136892
Kannur,2023-10-26 02:00:00,24.7,87.0,24.5946289734644,85.65689850402563
Kannur,2023-10-27 02:15:00,24.6,82.0,24.496292769792817,83.88063522445732
Kannur,2023-10-28 02:00:00,25.3,83.0,24.786510465764707,84.32483602083892
Kannur,2023-10-29 02:30:00,24.9,88.0,24.901138073472197,86.95221501423087
Kannur,2023-10-30 01:45:00,25.1,89.0,24.96611043664409,86.57603157043363
Kanpur,2023-10-15 02:30:00,22.4,77.0,23.68383961953589,74.19516469585001
Kanpur,2023-10-16 02:30:00,21.9,70.0,22.132758401229843,77.73361519801753
Kanpur,2023-10-17 02:30:00,21.9,73.0,21.886127519242326,70.82275675621771
Kanpur,2023-10-18 02:30:00,22.3,77.0,21.895026631011465,72.55244385119735
Kanpur,2023-10-19 02:30:00,22.2,81.0,22.175264255678535,77.25352970509583
Kanpur,2023-10-20 02:30:00,22.1,81.0,21.818568951050654,77.59603851101814
Kanpur,2023-10-21 02:15:00,21.2,78.0,21.642958493528848,77.27760838806043
Kanpur,2023-10-22 02:30:00,20.0,69.0,20.6473815458864,77.19294367946804
Kanpur,2023-10-23 02:15:00,20.4,71.0,20.654115616853275,72.58427597976916
Kanpur,2023-10-24 02:15:00,20.5,80.0,20.693353781773098,72.04890506211757
Kanpur,2023-10-25 02:30:00,21.6,83.0,20.58614917559746,78.2628031801391
Kanpur,2023-10-26 02:00:00,20.7,74.0,20.97190507516912,79.17620864313729
Kanpur,2023-10-27 02:30:00,19.1,66.0,20.336713445786334,75.02277028387714
Kanpur,2023-10-28 02:00:00,18.8,68.0,18.69282792255385,72.26198676335328
Kanpur,2023-10-29 02:45:00,19.0,69.0,18.70470156503538,67.88879207347844
Kanpur,2023-10-30 02:00:00,19.2,73.0,18.709312599766495,69.53020793350538
Kantha,2023-10-15 02:30:00,23.0,89.0,23.064525160341095,81.38966559841782
Kantha,2023-10-15 02:30:00,23.0,89.0,23.573589077525313,84.89983261571206
Kantha,2023-10-16 02:30:00,23.0,89.0,23.633230293285767,86.66567833773006
Kantha,2023-10-17 02:15:00,20.0,83.0,22.92355725554258,88.84122567583401
Kantha,2023-10-18 02:15:00,20.0,88.0,21.29305424870232,86.64507396139314
Kantha,2023-10-19 02:15:00,21.0,83.0,20.10250365983105,87.8757777234325
Kantha,2023-10-20 02:30:00,19.0,83.0,20.301527436008822,82.41347364468169
Kantha,2023-10-21 02:15:00,18.0,94.0,19.8178883653688,82.90293732339697
Kantha,2023-10-22 02:15:00,18.0,83.0,17.764206189352908,89.63554014806438
Kantha,2023-10-23 02:00:00,20.0,83.0,18.059699505317983,88.34529306884053
Kantha,2023-10-24 02:15:00,19.0,88.0,19.836216316777413,82.0871871092235
Kantha,2023-10-25 02:15:00,19.0,83.0,19.11421806683597,85.83193535042768
Kantha,2023-10-26 02:00:00,22.0,69.0,19.07796877607229,83.32435617502625
Kantha,2023-10-27 02:15:00,19.0,73.0,21.11311233423702,74.54141372499045
Kantha,2023-10-28 02:00:00,19.0,73.0,19.64916520908638,75.7599802567895
Kantha,2023-10-29 02:30:00,22.6,41.0,18.92967033093907,71.28453899657912
Kantha,2023-10-30 01:45:00,19.0,83.0,21.9235898292352,73.54837137677322
Kapurthala,2023-10-15 02:30:00,20.0,88.0,22.945643859152124,86.66858742954386
Kapurthala,2023-10-16 02:30:00,21.0,94.0,21.26569296764519,89.04742808005668
Kapurthala,2023-10-17 02:30:00,18.0,94.0,20.616918224675757,92.34037478851161
Kapurthala,2023-10-18 02:30:00,15.0,94.0,19.04719486745721,89.28330305820512
Kapurthala,2023-10-19 02:15:00,17.0,94.0,15.430746678790854,90.65672317260231
Kapurthala,2023-10-20 02:30:00,18.0,94.0,17.28568437906385,91.84336871675538
Kapurthala,2023-10-21 02:15:00,18.0,94.0,18.445341427623838,93.71001661986875
Kapurthala,2023-10-22 02:15:00,21.0,88.0,18.162012374655735,94.6862027350447
Kapurthala,2023-10-23 02:15:00,19.0,94.0,20.48009951582154,93.06658651435735
Kapurthala,2023-10-24 02:15:00,19.0,88.0,19.703852179011484,75.59267616842962
Kapurthala,2023-10-25 02:15:00,19.0,88.0,19.153849570159693,89.70581444461638
Kapurthala,2023-10-26 02:00:00,18.0,94.0,19.101198779564587,89.68909808585141
Kapurthala,2023-10-27 02:15:00,17.0,94.0,18.49480068751021,93.39423223901264
Kapurthala,2023-10-28 02:00:00,20.0,88.0,17.07967712967539,95.08526935938555
Kapurthala,2023-10-29 02:45:00,21.0,42.0,20.358979488406952,78.0456792476601
Kapurthala,2023-10-30 02:00:00,20.0,94.0,20.5673731013784,88.17642687718555
Karaikal,2023-10-15 02:30:00,25.9,83.0,25.631230986832804,87.15716693261655
Karaikal,2023-10-16 02:30:00,26.9,79.0,25.63409754886138,84.39725874176115
Karaikal,2023-10-17 02:15:00,26.2,80.0,26.161293416387338,86.21839360806595
Karaikal,2023-10-18 02:30:00,26.4,79.0,25.857535057843045,79.00476003083584
Karaikal,2023-10-19 02:15:00,26.5,79.0,25.99744402945473,82.04758220409832
Karaikal,2023-10-20 02:30:00,26.0,81.0,26.005483505010417,82.06184222196823
Karaikal,2023-10-21 02:15:00,26.1,79.0,25.833549670819504,82.64390538805861
Karaikal,2023-10-22 02:15:00,25.9,89.0,25.85067618385955,81.04029500002517
Karaikal,2023-10-23 02:15:00,26.2,83.0,25.57038903622332,85.71185858117778
Karaikal,2023-10-24 02:15:00,25.6,83.0,25.801010079646495,85.26260768763275
Karaikal,2023-10-25 02:15:00,25.9,83.0,25.35964956918976,83.0189288384043
Karaikal,2023-10-26 02:00:00,26.4,77.0,25.539754929140777,81.49913683643126
Karaikal,2023-10-27 02:15:00,26.4,78.0,26.071730122114626,81.83083975331968
Karaikal,2023-10-28 02:00:00,25.7,85.0,26.209690243995457,81.4127595372111
Karaikal,2023-10-29 02:30:00,26.4,77.0,25.385980893376985,83.03020730137715
Karaikal,2023-10-30 01:45:00,26.6,81.0,25.98859912460309,84.05140277278271
Karauli,2023-10-15 02:30:00,27.9,40.0,27.398506803880913,41.28467520527426
Karauli,2023-10-16 02:30:00,26.0,46.0,27.489161389863103,44.60534782755432
Karauli,2023-10-17 02:30:00,21.1,82.0,26.61158149231884,49.85327427236159
Karauli,2023-10-18 02:30:00,22.9,64.0,22.480192635660277,61.028269665537344
Karauli,2023-10-19 02:30:00,23.2,45.0,22.54413601189502,61.89941637749365
Karauli,2023-10-20 02:30:00,23.1,45.0,23.007483887801687,51.69171529440469
Karauli,2023-10-21 02:30:00,23.3,44.0,23.407595124582254,48.58181145857596
Karauli,2023-10-22 02:30:00,23.2,47.0,23.40637267047511,49.03728184125078
Karauli,2023-10-23 02:15:00,23.5,41.0,23.45898431979525,53.67809299641637
Karauli,2023-10-24 02:15:00,22.2,39.0,23.09992023532062,47.52663966009931
Karauli,2023-10-25 02:30:00,22.1,43.0,22.10588789518955,47.141698351129556
Karauli,2023-10-26 02:00:00,22.3,37.0,22.272820211095272,49.61402827632088
Karauli,2023-10-27 02:30:00,21.7,30.0,22.25761348086715,47.623530610326334
Karauli,2023-10-28 02:00:00,22.0,32.0,22.380779228059303,42.40901114539791
Karauli,2023-10-29 02:45:00,22.7,40.0,22.760766293427345,42.46197683778896
Karauli,2023-10-30 02:00:00,23.7,40.0,22.976210893946387,48.08810144741349
Kargil,2023-10-15 02:30:00,2.5,67.0,5.165146717355198,56.28650845636214
Kargil,2023-10-16 02:30:00,2.9,55.0,2.4661767197394444,64.90666060653709
Kargil,2023-10-17 02:15:00,3.6,52.0,1.9547730962573286,55.325978127876255
Kargil,2023-10-18 02:15:00,1.0,62.0,2.7554669283423534,54.00409794696642
Kargil,2023-10-19 02:15:00,2.2,55.0,1.9951012290230317,58.381532747814624
Kargil,2023-10-20 02:30:00,1.9,55.0,0.9798128730069806,51.99009261540473
Kargil,2023-10-21 02:15:00,1.3,57.0,0.9729337788628669,51.9064302354702
Kargil,2023-10-22 02:15:00,1.0,54.0,1.0009050311067582,55.40962513486592
Kargil,2023-10-23 02:00:00,1.2,67.0,0.7694221897759204,56.78271282715356
Kargil,2023-10-24 02:15:00,0.6,52.0,1.0144560919389705,57.58611838552685
Kargil,2023-10-25 02:15:00,0.7,54.0,0.958344476737955,53.278232116475
Kargil,2023-10-26 02:00:00,0.7,47.0,1.0121874063137144,47.94659024981271
Kargil,2023-10-27 02:15:00,1.1,45.0,0.6504465798720145,42.59395131173371
Kargil,2023-10-28 02:00:00,1.3,45.0,0.5986170092598266,40.22430015106754
Kargil,2023-10-29 02:30:00,1.0,41.0,0.5897616683601359,40.8599224592016
Kargil,2023-10-30 01:45:00,-0.9,40.0,0.8141772005686325,48.480280359185606
Karimganj,2023-10-15 03:00:00,20.7,93.0,21.115651226502028,87.06524117213752
Karimganj,2023-10-16 03:00:00,21.1,90.0,20.266873093216482,87.13420184000788
Karimganj,2023-10-17 02:45:00,21.3,90.0,20.56039816272191,88.37851601650864
Karimganj,2023-10-18 03:00:00,20.2,84.0,20.622229954258003,87.38828714215956
Karimganj,2023-10-19 02:45:00,20.2,87.0,20.083227019024598,82.46490469450576
Karimganj,2023-10-20 03:00:00,20.0,89.0,19.795292742303776,81.91209220573195
Karimganj,2023-10-21 02:45:00,20.4,90.0,19.597603832079567,82.83077785279396
Karimganj,2023-10-22 02:45:00,20.6,85.0,19.919748877725002,87.89979982914097
Karimganj,2023-10-23 02:45:00,21.4,93.0,20.254577037721585,85.86187584554413
Karimganj,2023-10-24 02:45:00,21.7,94.0,20.9003589465041,93.85069979915674
Karimganj,2023-10-25 02:45:00,22.1,76.0,21.415602871484325,87.4592584138109
Karimganj,2023-10-26 02:30:00,20.4,96.0,21.330213525661097,88.18417714832101
Karimganj,2023-10-27 02:45:00,20.4,95.0,20.462691494697815,95.80899310127938
Karimganj,2023-10-28 02:30:00,20.2,91.0,20.08586667348923,89.39807973122538
Karimganj,2023-10-29 03:00:00,19.9,91.0,20.029081282750337,89.36648393539508
Karimganj,2023-10-30 02:15:00,20.3,88.0,19.663634283104592,87.81829473860883
Karimnagar,2023-10-15 02:30:00,23.5,72.0,23.047555019552924,74.46581059298438
Karimnagar,2023-10-16 02:30:00,23.7,65.0,23.558522597632496,73.25403988710934
Karimnagar,2023-10-17 02:30:00,23.0,74.0,23.512258502842432,65.61531928755015
Karimnagar,2023-10-18 02:30:00,22.9,68.0,22.98410347563844,75.25317467718163
Karimnagar,2023-10-19 02:30:00,22.7,71.0,22.881413695477708,70.15935170873942
Karimnagar,2023-10-20 02:30:00,22.5,80.0,22.81456487375289,71.94172655584742
Karimnagar,2023-10-21 02:30:00,22.9,75.0,22.52765931286384,78.93139656649525
Karimnagar,2023-10-22 02:30:00,20.6,63.0,22.31086387504121,74.87288999518718
Karimnagar,2023-10-23 02:15:00,19.5,57.0,20.91324995976556,67.50199859453463
Karimnagar,2023-10-24 02:15:00,19.2,64.0,19.34129606365634,64.88908531417867
Karimnagar,2023-10-25 02:30:00,19.2,62.0,19.202884032778968,66.85636651476263
Karimnagar,2023-10-26 02:00:00,19.5,59.0,19.260344672289815,66.04697575250279
Karimnagar,2023-10-27 02:30:00,18.7,53.0,18.895262957564277,65.39817460226924
Karimnagar,2023-10-28 02:00:00,19.2,57.0,18.596314473129667,64.77690910895969
Karimnagar,2023-10-29 02:45:00,20.1,60.0,18.785720311677412,66.4093521129023
Karimnagar,2023-10-30 02:00:00,20.4,61.0,20.36488653303126,68.1720476672465
Karnal,2023-10-15 02:30:00,23.2,48.0,21.866914065374015,52.864140784156355
Karnal,2023-10-16 02:30:00,22.2,51.0,22.86642350581193,50.28275219835367
Karnal,2023-10-17 02:15:00,18.3,81.0,21.85229771086034,49.837594310047365
Karnal,2023-10-18 02:30:00,20.1,56.0,19.18164341198247,64.7589476638525
Karnal,2023-10-19 02:15:00,19.2,46.0,19.471614102014108,64.6325162225349
Karnal,2023-10-20 02:30:00,19.7,42.0,18.572381040137873,56.14649351535566
Karnal,2023-10-21 02:15:00,19.9,46.0,19.279571118288764,53.260549881857486
Karnal,2023-10-22 02:15:00,19.6,46.0,19.46827533895045,59.16207222748317
Karnal,2023-10-23 02:15:00,20.5,46.0,19.162532147899764,58.01989959682983
Karnal,2023-10-24 02:15:00,20.0,48.0,20.384609600457946,54.82843651780232
Karnal,2023-10-25 02:15:00,20.4,45.0,20.29108336290436,56.588888768412055
Karnal,2023-10-26 02:00:00,20.2,36.0,20.48722347648325,50.5542763651229
Karnal,2023-10-27 02:15:00,19.7,39.0,20.304877753607407,45.497201412282024
Karnal,2023-10-28 02:00:00,20.2,39.0,19.751571822541994,50.57293250693421
Karnal,2023-10-29 02:30:00,20.4,39.0,20.401068450145658,51.112889484793506
Karnal,2023-10-30 01:45:00,20.7,46.0,20.366711925360857,50.97885819539662
Karur,2023-10-15 02:30:00,25.2,82.0,25.1273530953854,82.70342553115654
Karur,2023-10-16 02:30:00,25.0,77.0,24.99185697311236,82.05867663902318
Karur,2023-10-17 02:30:00,23.4,91.0,24.595947060274593,82.03438398328848
Karur,2023-10-18 02:30:00,24.2,89.0,23.78571470574617,87.14480101408495
Karur,2023-10-19 02:30:00,24.0,81.0,23.92391263438644,83.26487148150089
Karur,2023-10-20 02:30:00,24.2,83.0,23.916663884095595,79.10122347803244
Karur,2023-10-21 02:15:00,23.7,84.0,23.99987988885523,79.33596063494534
Karur,2023-10-22 02:30:00,24.7,81.0,23.813974417826415,83.02802037440837
Karur,2023-10-23 02:15:00,24.2,82.0,24.614201251602815,79.56786265613661
Karur,2023-10-24 02:15:00,25.0,78.0,24.34555513621165,79.23310264263738
Karur,2023-10-25 02:30:00,24.3,83.0,24.680602445131775,78.63400973666343
Karur,2023-10-26 02:00:00,27.0,89.0,24.61077180771884,86.6326480683158
Karur,2023-10-27 02:30:00,23.9,81.0,25.15150624747087,84.48564904256659
Karur,2023-10-28 02:00:00,25.2,76.0,24.185430980132875,79.482682730356
Karur,2023-10-29 02:45:00,23.5,91.0,24.797412940123316,76.20103346602302
Karur,2023-10-30 02:00:00,23.6,90.0,23.978677785006468,89.36557210503267
Kasaragod,2023-10-15 02:30:00,26.0,94.0,26.53983976288689,90.30822252731483
Kasaragod,2023-10-16 02:30:00,27.0,94.0,26.074019983377358,92.22025696598142
Kasaragod,2023-10-17 02:15:00,24.0,94.0,26.696755762975293,90.62954375278171
Kasaragod,2023-10-18 02:30:00,25.0,100.0,24.498181070897722,93.50450948199187
Kasaragod,2023-10-19 02:15:00,27.0,94.0,24.94488088555083,92.53742443452694
Kasaragod,2023-10-20 02:30:00,26.0,84.0,26.659827130568466,91.87010518004736
Kasaragod,2023-10-21 02:15:00,26.0,89.0,26.024183836586214,86.25212170127615
Kasaragod,2023-10-22 02:15:00,24.0,94.0,26.050795002989773,86.9486837531513
Kasaragod,2023-10-23 02:15:00,25.0,89.0,24.57225109841375,91.78325023408937
Kasaragod,2023-10-24 02:15:00,27.0,89.0,24.3507667948337,94.35958509181808
Kasaragod,2023-10-25 02:15:00,27.0,89.0,26.656835209693003,89.30608735597218
Kasaragod,2023-10-26 02:00:00,27.0,89.0,26.843406609370223,89.23683154975825
Kasaragod,2023-10-27 02:15:00,26.0,89.0,25.973416569068775,88.0704994478403
Kasaragod,2023-10-28 02:00:00,27.0,84.0,25.965459041202056,85.65048299016718
Kasaragod,2023-10-29 02:30:00,27.0,89.0,26.22590408475034,88.03830392000117
Kasaragod,2023-10-30 01:45:00,23.0,94.0,27.039397672981462,85.15861037135994
Kathua,2023-10-15 02:30:00,20.9,46.0,20.765080568850372,53.20040544544874
Kathua,2023-10-16 02:30:00,20.9,42.0,21.007690065289818,51.64167061666532
Kathua,2023-10-17 02:15:00,16.7,75.0,20.47606001547517,49.54259771383308
Kathua,2023-10-18 02:15:00,15.9,47.0,17.088933412064087,57.930034961551456
Kathua,2023-10-19 02:15:00,15.7,55.0,15.11978384007281,53.483935803119174
Kathua,2023-10-20 02:30:00,16.5,55.0,15.11656705772224,55.60838200618626
Kathua,2023-10-21 02:00:00,17.1,47.0,15.709634169672348,56.45345346196581
Kathua,2023-10-22 02:15:00,18.3,51.0,15.983569279301506,57.18471617601288
Kathua,2023-10-23 02:00:00,17.7,46.0,17.31985299988885,56.99252889753508
Kathua,2023-10-24 02:15:00,17.6,52.0,16.69918401694641,49.63997032379154
Kathua,2023-10-25 02:15:00,17.7,38.0,16.78366018288,51.591462002353246
Kathua,2023-10-26 02:00:00,17.5,42.0,16.782301925665585,42.28292391820814
Kathua,2023-10-27 02:15:00,17.6,53.0,16.660915621060234,46.01695797435108
Kathua,2023-10-28 02:00:00,18.2,52.0,16.870053500122854,54.86662017200413
Kathua,2023-10-29 02:30:00,18.2,49.0,17.491916305727965,52.26266596204194
Kathua,2023-10-30 01:45:00,18.5,51.0,17.516132486754007,50.69036215311054
Katihar,2023-10-15 02:30:00,22.7,74.0,23.494966103254544,61.65781814623028
Katihar,2023-10-16 02:30:00,25.4,66.0,23.148311991954852,74.36736036716785
Katihar,2023-10-17 02:15:00,23.4,77.0,24.090949289721433,68.08681758911982
Katihar,2023-10-18 02:30:00,23.7,76.0,23.458534048567554,71.10342280245507
Katihar,2023-10-19 02:15:00,22.2,72.0,22.7100116228701,67.95820185242921
Katihar,2023-10-20 02:30:00,22.3,72.0,21.65688590029467,66.28800937175326
Katihar,2023-10-21 02:15:00,21.6,70.0,21.66697997732466,67.51959882543036
Katihar,2023-10-22 02:15:00,21.7,71.0,20.96746057237348,68.65936577606173
Katihar,2023-10-23 02:15:00,21.9,79.0,21.26197237043852,68.2736560969679
Katihar,2023-10-24 02:15:00,21.9,82.0,21.90558501179317,75.74969621791301
Katihar,2023-10-25 02:15:00,22.5,79.0,21.827477995907508,77.40721175927673
Katihar,2023-10-26 02:00:00,21.7,80.0,22.161879461606468,86.88903188930828
Katihar,2023-10-27 02:15:00,21.2,57.0,20.92651444251668,73.01664737686555
Katihar,2023-10-28 02:00:00,21.3,60.0,20.933052585847598,71.86006517015088
Katihar,2023-10-29 02:30:00,21.5,56.0,20.42222917389731,67.11678972840193
Katihar,2023-10-30 01:45:00,22.0,66.0,20.715195405526114,65.08206928961128
Katni,2023-10-15 02:30:00,27.0,84.0,25.36002588578306,92.33083449231698
Katni,2023-10-16 02:30:00,25.0,89.0,26.12899020254971,89.12842899430228
Katni,2023-10-17 02:15:00,26.0,89.0,24.506058499061847,90.4783643347418
Katni,2023-10-18 02:15:00,25.0,94.0,25.06134857012331,90.40778523281317
Katni,2023-10-19 02:15:00,26.0,89.0,24.863539729973716,94.89260705573396
Katni,2023-10-20 02:15:00,24.0,94.0,25.336184378770646,89.84210502547519
Katni,2023-10-21 02:00:00,24.0,89.0,23.822852607626178,93.17513081519745
Katni,2023-10-22 02:15:00,24.0,83.0,23.7092406100392,85.29864051433657
Katni,2023-10-23 02:00:00,25.0,79.0,23.807340595973486,86.02016111213557
Katni,2023-10-24 02:15:00,25.0,89.0,24.872085613702744,86.5060539111215
Katni,2023-10-25 02:15:00,24.0,94.0,24.92320019749303,90.12858139580892
Katni,2023-10-26 02:00:00,25.0,94.0,23.944044245865964,95.60411197865528
Katni,2023-10-27 02:15:00,23.0,83.0,24.23190979251731,95.45658722009692
Katni,2023-10-28 02:00:00,22.0,78.0,22.63347068341121,89.46291198180222
Katni,2023-10-29 02:30:00,21.0,83.0,21.888366424524328,82.59741614929544
Katni,2023-10-30 01:45:00,21.0,88.0,21.26967997071066,89.4900257655299
Kavaratti,2023-10-15 02:30:00,27.4,74.0,27.776301429505637,76.55950010055317
Kavaratti,2023-10-16 02:30:00,27.3,79.0,27.432600160542773,80.11828206950041
Kavaratti,2023-10-17 02:30:00,27.7,78.0,27.274042465270412,84.4713080663664
Kavaratti,2023-10-18 02:30:00,28.2,71.0,27.640010030042493,80.70300091203285
Kavaratti,2023-10-19 02:15:00,28.4,72.0,28.15528094231011,68.49364741727338
Kavaratti,2023-10-20 02:30:00,28.0,70.0,28.432783735962968,68.91389380749915
Kavaratti,2023-10-21 02:15:00,28.1,72.0,28.23688361700511,66.27782064626489
Kavaratti,2023-10-22 02:15:00,28.1,72.0,28.26038240505,67.50287024446811
Kavaratti,2023-10-23 02:15:00,28.4,74.0,28.206282380500177,68.24374763102448
Kavaratti,2023-10-24 02:15:00,28.4,71.0,28.48111635386247,71.77183027918178
Kavaratti,2023-10-25 02:15:00,28.0,72.0,28.109414580051315,69.69349626704229
Kavaratti,2023-10-26 02:00:00,28.1,68.0,28.354699835044805,66.76704801982008
Kavaratti,2023-10-27 02:15:00,28.2,69.0,28.17934938142926,64.74905896278109
Kavaratti,2023-10-28 02:00:00,28.2,67.0,28.260211337336294,64.96505589911173
Kavaratti,2023-10-29 02:30:00,28.4,71.0,28.29212725799333,61.76492222290623
Kavaratti,2023-10-30 01:45:00,28.4,70.0,28.644894453325367,67.56825770840449
Kendrapara,2023-10-15 02:30:00,25.8,81.0,26.059565541663197,72.44007170235959
Kendrapara,2023-10-16 02:30:00,25.9,76.0,25.461831516982045,83.06100340762758
Kendrapara,2023-10-17 02:30:00,26.1,73.0,25.29467701699506,74.53497165632703
Kendrapara,2023-10-18 02:30:00,25.6,75.0,25.701678209247337,76.84120222944249
Kendrapara,2023-10-19 02:30:00,25.4,78.0,25.045379733094407,72.25838451433386
Kendrapara,2023-10-20 02:30:00,25.5,78.0,24.274236828408142,74.70488083328237
Kendrapara,2023-10-21 02:15:00,24.4,75.0,24.10920794662614,76.55960534527942
Kendrapara,2023-10-22 02:30:00,23.8,74.0,24.33872532917677,74.54583154097891
Kendrapara,2023-10-23 02:15:00,24.9,82.0,23.979062448544504,74.50172604070244
Kendrapara,2023-10-24 02:15:00,23.5,89.0,24.47079776550091,84.50934860066158
Kendrapara,2023-10-25 02:15:00,24.8,80.0,23.822117520616533,88.2943760833092
Kendrapara,2023-10-26 02:00:00,24.7,84.0,24.43347352922528,81.62183927281757
Kendrapara,2023-10-27 02:15:00,24.1,83.0,24.437159879829373,84.25136290047313
Kendrapara,2023-10-28 02:00:00,23.4,82.0,23.972153013878778,83.43946227826501
Kendrapara,2023-10-29 02:45:00,23.1,77.0,22.759845007817006,77.25298511688493
Kendrapara,2023-10-30 02:00:00,23.4,70.0,22.65196448196897,76.6143469791233
Khagaria,2023-10-15 02:30:00,22.5,72.0,23.454988507259916,66.53487045206269
Khagaria,2023-10-16 02:30:00,24.0,71.0,22.53633135293673,69.51095008940815
Khagaria,2023-10-17 02:15:00,23.6,75.0,23.20987649661663,66.488538746459
Khagaria,2023-10-18 02:30:00,23.9,72.0,23.02570392118069,67.9570073912208
Khagaria,2023-10-19 02:15:00,21.9,75.0,23.094863447461012,64.82902474798637
Khagaria,2023-10-20 02:30:00,22.0,68.0,21.591274201256905,67.65678611120208
Khagaria,2023-10-21 02:15:00,21.0,64.0,21.362030838671863,66.37740441922935
Khagaria,2023-10-22 02:15:00,21.0,62.0,20.634713375107996,64.07287899062858
Khagaria,2023-10-23 02:15:00,20.8,62.0,20.924273912851508,64.11591063156924
Khagaria,2023-10-24 02:15:00,22.2,74.0,21.006326772697008,66.1709237833486
Khagaria,2023-10-25 02:15:00,22.6,73.0,21.701939158218792,71.93306669175963
Khagaria,2023-10-26 02:00:00,21.9,69.0,22.53907620511614,71.45076158018463
Khagaria,2023-10-27 02:15:00,20.5,59.0,21.21783884477302,68.55056074034869
Khagaria,2023-10-28 02:00:00,21.0,62.0,20.239763790767892,63.804689842886724
Khagaria,2023-10-29 02:30:00,21.9,59.0,20.424314789612264,64.35379959630359
Khagaria,2023-10-30 01:45:00,21.9,63.0,21.17043768537376,61.235850056602125
Khammam,2023-10-15 02:30:00,23.3,85.0,23.206544486085082,82.86581366172612
Khammam,2023-10-16 02:30:00,23.5,87.0,23.34039134400024,85.73814394317614
Khammam,2023-10-17 02:30:00,23.3,89.0,23.449395569591235,85.15871821659178
Khammam,2023-10-18 02:30:00,22.9,86.0,22.883842390424924,85.69570190366487
Khammam,2023-10-19 02:30:00,22.6,78.0,22.782337258371825,85.42108873350928
Khammam,2023-10-20 02:30:00,22.4,90.0,22.674616040293238,79.0124133131985
Khammam,2023-10-21 02:30:00,23.2,83.0,22.537748956135122,86.3949597999447
Khammam,2023-10-22 02:30:00,21.9,84.0,22.78303103356908,80.9752122349364
Khammam,2023-10-23 02:15:00,20.9,67.0,21.911998565453036,82.11740420635225
Khammam,2023-10-24 02:15:00,20.5,68.0,21.219195132602753,74.05795039350491
Khammam,2023-10-25 02:30:00,19.9,69.0,20.53319124557658,70.72998099700528
Khammam,2023-10-26 02:00:00,19.9,69.0,20.1675230081849,72.66770910824734
Khammam,2023-10-27 02:30:00,19.8,58.0,19.976639880218862,71.76911305232113
Khammam,2023-10-28 02:00:00,24.1,73.0,19.879555651508202,69.63837596075639
Khammam,2023-10-29 02:45:00,23.3,89.0,22.77126746420528,76.23698752626665
Khammam,2023-10-30 02:00:00,22.1,94.0,23.35328728693771,85.36976648778597
Khandwa,2023-10-15 02:30:00,25.1,50.0,24.64519137442039,56.00969101308467
Khandwa,2023-10-16 02:30:00,23.9,60.0,24.878124629969257,58.87213921261197
Khandwa,2023-10-17 02:15:00,22.7,63.0,24.22932741921668,59.06388051367833
Khandwa,2023-10-18 02:15:00,22.8,64.0,23.128639368792644,58.15079403791552
Khandwa,2023-10-19 02:15:00,23.6,61.0,22.849023554602326,57.712862564579005
Khandwa,2023-10-20 02:15:00,23.0,65.0,23.724557756071214,56.08513146904715
Khandwa,2023-10-21 02:00:00,23.3,47.0,23.27576875324823,57.7521611272025
Khandwa,2023-10-22 02:15:00,23.0,53.0,23.458232224675285,60.550645274423
Khandwa,2023-10-23 02:00:00,22.8,47.0,23.542401916725424,55.33300755522523
Khandwa,2023-10-24 02:15:00,21.5,58.0,23.12846351911304,58.88518461167549
Khandwa,2023-10-25 02:15:00,21.6,53.0,22.169550023047712,59.4519241998391
Khandwa,2023-10-26 02:00:00,20.6,46.0,21.75365732584489,59.68730132705169
Khandwa,2023-10-27 02:15:00,20.8,45.0,20.91466496114847,61.957076371174814
Khandwa,2023-10-28 02:00:00,20.4,45.0,20.871981284667882,59.22524625090138
Khandwa,2023-10-29 02:30:00,20.2,46.0,20.844003118291784,60.53850155968504
Khandwa,2023-10-30 01:45:00,20.5,45.0,20.861001266377315,62.719047750115884
Khargone,2023-10-15 02:30:00,26.3,47.0,26.401105776231002,57.282334390794254
Khargone,2023-10-16 02:30:00,25.1,61.0,26.440539350075365,53.81329956528118
Khargone,2023-10-17 02:15:00,24.2,57.0,25.369506740713422,57.98973127193789
Khargone,2023-10-18 02:15:00,24.1,62.0,24.574174680723956,55.58478329568324
Khargone,2023-10-19 02:15:00,24.1,55.0,24.21683796056961,58.443308562302114
Khargone,2023-10-20 02:15:00,24.5,46.0,24.188210068404697,54.41264131908003
Khargone,2023-10-21 02:00:00,24.6,49.0,24.629342781074477,58.088900863328284
Khargone,2023-10-22 02:15:00,25.6,52.0,24.935730654075453,57.970968165748616
Khargone,2023-10-23 02:00:00,24.9,45.0,25.544151243209612,56.297453113234326
Khargone,2023-10-24 02:15:00,24.4,44.0,25.175753403150964,56.596295758378304
Khargone,2023-10-25 02:15:00,23.7,45.0,25.09712448105228,53.347985907162844
Khargone,2023-10-26 02:00:00,22.2,39.0,24.148276747072384,57.73938797407823
Khargone,2023-10-27 02:15:00,22.1,38.0,22.53741846762407,55.12200888811799
Khargone,2023-10-28 02:00:00,21.9,39.0,22.20460736252256,51.10751212548949
Khargone,2023-10-29 02:30:00,21.9,37.0,22.063769040163834,50.429744195963806
Khargone,2023-10-30 01:45:00,22.4,36.0,22.806758971944852,47.591835692469765
Kheda,2023-10-15 02:30:00,28.0,62.0,26.58737019732667,72.37982878710925
Kheda,2023-10-16 02:30:00,26.0,74.0,28.173709980225773,65.60815621560951
Kheda,2023-10-17 02:15:00,26.0,70.0,26.068430106509762,69.84289615909147
Kheda,2023-10-18 02:15:00,24.0,78.0,26.308001738522165,69.7056367816959
Kheda,2023-10-19 02:15:00,24.0,69.0,24.91524131177657,76.09405072091089
Kheda,2023-10-20 02:15:00,25.0,79.0,24.707448587335495,69.51208005559371
Kheda,2023-10-21 02:15:00,24.0,74.0,25.44907806161757,77.38219297611084
Kheda,2023-10-22 02:15:00,25.0,74.0,24.721204619258582,74.80587415900813
Kheda,2023-10-23 02:00:00,24.0,74.0,25.267537405619542,74.94002824667483
Kheda,2023-10-24 02:15:00,25.0,74.0,24.60075459456863,74.44879967815092
Kheda,2023-10-25 02:15:00,24.0,74.0,25.09979543035445,74.57360509092386
Kheda,2023-10-26 02:00:00,24.0,69.0,24.7540064396877,74.51088544219022
Kheda,2023-10-27 02:15:00,24.0,78.0,24.582827891964094,70.71805832100922
Kheda,2023-10-28 02:00:00,23.0,78.0,24.49973058682198,78.1863273018314
Kheda,2023-10-29 02:30:00,24.0,65.0,23.784711235617007,77.92878076360995
Kheda,2023-10-30 01:45:00,23.0,73.0,24.667301995661393,66.30028705232675
Kheri,2023-10-15 02:30:00,22.4,63.0,21.51460300716101,65.38444399763424
Kheri,2023-10-16 02:30:00,22.9,69.0,22.266841841976692,63.3802874275619
Kheri,2023-10-17 02:30:00,19.7,87.0,22.782462381057595,66.26758871889346
Kheri,2023-10-18 02:30:00,20.1,75.0,20.62769312383694,85.7675991556286
Kheri,2023-10-19 02:30:00,19.0,65.0,19.73252474247313,70.70239975433802
Kheri,2023-10-20 02:30:00,18.4,61.0,18.551772163724166,66.86901686013171
Kheri,2023-10-21 02:15:00,19.2,64.0,17.58002025097079,65.19156366759948
Kheri,2023-10-22 02:30:00,19.6,60.0,18.16201322113919,65.308306051096
Kheri,2023-10-23 02:15:00,19.6,60.0,19.16351317291174,67.32618360900383
Kheri,2023-10-24 02:15:00,19.4,54.0,19.352104247706134,65.10019310994109
Kheri,2023-10-25 02:30:00,20.5,56.0,19.513584286988575,62.80447681302436
Kheri,2023-10-26 02:00:00,20.4,57.0,20.488475603174194,63.421885122095965
Kheri,2023-10-27 02:30:00,20.0,57.0,20.317720344295562,63.157031055611235
Kheri,2023-10-28 02:00:00,20.3,53.0,20.092764239574553,62.68902577983959
Kheri,2023-10-29 02:45:00,20.3,54.0,20.30158186665986,59.779004622286145
Kheri,2023-10-30 02:00:00,20.0,59.0,20.277468716172727,61.2932393462643
Khordha,2023-10-15 02:30:00,27.0,84.0,25.289318785723754,92.62571950080158
Khordha,2023-10-16 02:30:00,25.0,89.0,26.108380883576853,89.07900317273528
Khordha,2023-10-17 02:30:00,26.0,89.0,24.505648027524273,90.48559491522246
Khordha,2023-10-18 02:30:00,25.0,94.0,25.041457335336005,90.50303801139088
Khordha,2023-10-19 02:30:00,26.0,89.0,24.975047132621928,94.88940972110096
Khordha,2023-10-20 02:30:00,24.0,94.0,25.336184378770646,89.84210502547519
Khordha,2023-10-21 02:15:00,24.0,89.0,23.822852607626178,93.17513081519745
Khordha,2023-10-22 02:30:00,24.0,83.0,23.7092406100392,85.29544823355546
Khordha,2023-10-23 02:15:00,25.0,79.0,23.807653639382863,85.95401801273347
Khordha,2023-10-24 02:15:00,25.0,89.0,24.87049759207767,86.5060539111215
Khordha,2023-10-25 02:15:00,24.0,94.0,24.92320019749303,90.14671309209977
Khordha,2023-10-26 02:00:00,25.0,94.0,23.943509679590193,95.71848557304303
Khordha,2023-10-27 02:15:00,23.0,83.0,24.23190979251731,95.44770596352488
Khordha,2023-10-28 02:00:00,22.0,78.0,22.665706425820982,89.46291198180222
Khordha,2023-10-29 02:45:00,21.0,83.0,22.167076779516485,82.16927475192044
Khordha,2023-10-30 02:00:00,21.0,88.0,21.275861314224105,89.65650408047269
Khowai,2023-10-15 03:00:00,21.0,93.0,20.81200549844787,82.06065040528289
Khowai,2023-10-16 03:00:00,21.1,94.0,20.667434626167456,85.05439366449326
Khowai,2023-10-17 02:45:00,21.4,89.0,20.760540713214237,85.14643030611461
Khowai,2023-10-18 03:00:00,20.5,88.0,20.819731578172124,82.77437120476641
Khowai,2023-10-19 02:45:00,20.7,89.0,20.227059544140864,77.33819424397471
Khowai,2023-10-20 03:00:00,20.5,94.0,20.033866281093125,77.7343231352929
Khowai,2023-10-21 02:45:00,20.2,93.0,20.06700286272152,82.84718399821973
Khowai,2023-10-22 02:45:00,20.9,89.0,20.013376499148105,86.50178689630056
Khowai,2023-10-23 02:45:00,21.3,96.0,20.359032836229726,90.39410583925637
Khowai,2023-10-24 02:45:00,21.9,96.0,20.62218281879303,97.41053680675496
Khowai,2023-10-25 02:45:00,22.1,84.0,21.741292724514086,89.27498180641184
Khowai,2023-10-26 02:30:00,21.0,98.0,22.139559760425666,87.47136352756934
Khowai,2023-10-27 02:45:00,20.8,97.0,20.880359177929463,95.59038178720446
Khowai,2023-10-28 02:30:00,20.5,93.0,20.119888020625712,87.11719599700862
Khowai,2023-10-29 03:00:00,19.3,85.0,20.141294971848342,85.28963826293217
Khowai,2023-10-30 02:15:00,20.0,88.0,19.008895491782678,77.17786262398701
Khunti,2023-10-15 02:30:00,20.0,83.0,20.66068616394874,78.47164209541066
Khunti,2023-10-16 02:30:00,19.0,94.0,20.45719880170984,83.64676172414495
Khunti,2023-10-17 02:15:00,20.7,74.0,18.775696332061685,80.51488252227036
Khunti,2023-10-18 02:30:00,20.0,94.0,19.520970974918306,83.86250181380287
Khunti,2023-10-19 02:15:00,20.0,88.0,20.002163039191167,89.37186371769373
Khunti,2023-10-20 02:30:00,20.0,83.0,19.626886862409066,86.47854031155349
Khunti,2023-10-21 02:00:00,17.0,94.0,19.606996862212014,83.88509030412904
Khunti,2023-10-22 02:15:00,16.0,94.0,16.76923712332233,92.93715629909384
Khunti,2023-10-23 02:00:00,18.0,77.0,15.169498632349274,92.88894737080841
Khunti,2023-10-24 02:15:00,20.0,78.0,17.731667908946424,86.0720261051164
Khunti,2023-10-25 02:15:00,18.8,77.0,20.04946379187303,73.91406694184968
Khunti,2023-10-26 02:00:00,21.0,83.0,18.954453945284627,89.00090914680618
Khunti,2023-10-27 02:15:00,18.0,83.0,19.733179339529116,82.55065699961277
Khunti,2023-10-28 02:00:00,18.0,77.0,17.927970081779367,83.71959839367612
Khunti,2023-10-29 02:30:00,17.8,64.0,17.495593993661625,74.53139745879159
Khunti,2023-10-30 01:45:00,17.0,83.0,16.764780956532867,77.55000663599529
Kishanganj,2023-10-15 02:30:00,22.7,73.0,23.113370508855674,67.84122587721967
Kishanganj,2023-10-16 02:30:00,23.6,71.0,22.916598080167816,71.41637273605113
Kishanganj,2023-10-17 02:15:00,22.5,83.0,22.579598540860445,65.86654366155751
Kishanganj,2023-10-18 02:30:00,22.9,82.0,22.09787796889681,75.91986153342243
Kishanganj,2023-10-19 02:15:00,21.9,79.0,22.02289286366013,73.77454361023413
Kishanganj,2023-10-20 02:30:00,21.8,81.0,21.252624967807684,71.52211464645826
Kishanganj,2023-10-21 02:15:00,21.4,78.0,21.1574334190568,73.56186836806012
Kishanganj,2023-10-22 02:15:00,21.7,77.0,20.867845586605686,73.26720770036796
Kishanganj,2023-10-23 02:00:00,20.9,78.0,21.035939884096774,71.846982490295
Kishanganj,2023-10-24 02:15:00,20.9,79.0,21.160727130234353,76.15716457374232
Kishanganj,2023-10-25 02:15:00,21.4,74.0,20.91355287898277,76.19993298607815
Kishanganj,2023-10-26 02:00:00,22.0,75.0,21.204564383567394,82.80333523002012
Kishanganj,2023-10-27 02:15:00,21.0,61.0,21.381688716991707,67.57378179251504
Kishanganj,2023-10-28 02:00:00,20.6,65.0,20.614349006329146,67.42445728430022
Kishanganj,2023-10-29 02:30:00,21.1,62.0,20.212106848057346,65.17726299645179
Kishanganj,2023-10-30 01:45:00,21.7,71.0,20.421072809978195,64.82052432633424
Kishtwar,2023-10-15 02:30:00,8.7,65.0,8.63429211052077,68.30600124056629
Kishtwar,2023-10-16 02:30:00,6.9,65.0,8.523291886728568,61.08165535458742
Kishtwar,2023-10-17 02:15:00,6.2,84.0,6.84581159248842,67.9225782628769
Kishtwar,2023-10-18 02:15:00,3.7,77.0,6.005420441310323,81.77833652143953
Kishtwar,2023-10-19 02:15:00,4.6,71.0,4.169329766482525,72.54814296052136
Kishtwar,2023-10-20 02:30:00,5.2,72.0,3.7795084732816333,68.59888729178238
Kishtwar,2023-10-21 02:15:00,5.7,65.0,4.848128694297108,66.40016200422083
Kishtwar,2023-10-22 02:15:00,6.3,64.0,5.404513641582043,63.14477523160441
Kishtwar,2023-10-23 02:00:00,4.7,75.0,5.92232294131735,61.120360003220924
Kishtwar,2023-10-24 02:15:00,5.4,63.0,5.379843900435537,64.06339977943557
Kishtwar,2023-10-25 02:15:00,4.8,57.0,4.937175627648705,57.130730451915625
Kishtwar,2023-10-26 02:00:00,5.6,55.0,5.131428011824205,54.856751643253624
Kishtwar,2023-10-27 02:15:00,5.8,56.0,4.975318186646296,53.28988161070882
Kishtwar,2023-10-28 02:00:00,6.2,57.0,5.165434640657005,55.4359315999778
Kishtwar,2023-10-29 02:30:00,6.4,56.0,5.523270946431568,55.54521877370416
Kishtwar,2023-10-30 01:45:00,6.5,52.0,6.123037527962878,51.415952804701924
Koch Bihar,2023-10-15 02:30:00,21.0,85.0,21.734243443799517,81.3207464848712
Koch Bihar,2023-10-16 02:30:00,21.1,81.0,20.873198788631548,81.97203321538372
Koch Bihar,2023-10-17 02:30:00,20.9,83.0,20.457077396317267,75.92665709761562
Koch Bihar,2023-10-18 02:30:00,20.9,78.0,20.520843142588205,76.69704818214423
Koch Bihar,2023-10-19 02:15:00,20.2,88.0,20.478075463090885,71.74361324504959
Koch Bihar,2023-10-20 02:30:00,20.5,80.0,20.05469204593756,84.01551908416079
Koch Bihar,2023-10-21 02:15:00,19.9,75.0,19.814305359394538,74.88240153323031
Koch Bihar,2023-10-22 02:15:00,19.8,70.0,19.5795955095909,68.65474203246816
Koch Bihar,2023-10-23 02:15:00,19.0,66.0,19.206475184225692,67.30705562888951
Koch Bihar,2023-10-24 02:15:00,19.8,63.0,18.81474354759764,67.68846623497458
Koch Bihar,2023-10-25 02:15:00,19.3,67.0,19.400735360917583,67.99430746809638
Koch Bihar,2023-10-26 02:00:00,19.9,78.0,19.327575303555697,69.21196371198924
Koch Bihar,2023-10-27 02:15:00,20.1,84.0,19.587164424329917,72.52861710091426
Koch Bihar,2023-10-28 02:00:00,19.3,84.0,19.580806113432356,79.18743326340076
Koch Bihar,2023-10-29 02:45:00,19.7,76.0,18.79334942556163,80.52177363266765
Koch Bihar,2023-10-30 02:00:00,19.9,77.0,19.181537416433606,72.44151302202698
Kodarma,2023-10-15 02:30:00,20.6,73.0,21.290596497792922,67.92891728695447
Kodarma,2023-10-16 02:30:00,21.9,67.0,20.61414736852563,70.13464599582235
Kodarma,2023-10-17 02:15:00,21.7,82.0,21.265998899134242,69.14093316056947
Kodarma,2023-10-18 02:30:00,21.4,78.0,21.17080800331164,73.70471166510833
Kodarma,2023-10-19 02:15:00,20.2,86.0,21.380297381476876,77.2516288950794
Kodarma,2023-10-20 02:30:00,20.2,74.0,20.643490347720967,80.93900342591856
Kodarma,2023-10-21 02:15:00,18.9,71.0,19.523525768894714,71.20124464028358
Kodarma,2023-10-22 02:15:00,18.7,61.0,18.449084330251676,69.10363313574119
Kodarma,2023-10-23 02:00:00,18.5,65.0,18.06292091749549,66.18290497298143
Kodarma,2023-10-24 02:15:00,20.0,64.0,18.70334782309975,66.26155910093975
Kodarma,2023-10-25 02:15:00,19.9,75.0,19.9307723760278,66.03267152017149
Kodarma,2023-10-26 02:00:00,19.4,68.0,19.882007638173146,70.79159296769633
Kodarma,2023-10-27 02:15:00,18.5,62.0,18.763941359304876,69.64054672627414
Kodarma,2023-10-28 02:00:00,19.4,61.0,18.657416517926816,66.09226854245337
Kodarma,2023-10-29 02:30:00,19.2,62.0,19.172352678339642,66.71812390480771
Kodarma,2023-10-30 01:45:00,19.5,67.0,18.712041475083268,63.878144370851416
Kohima,2023-10-15 02:30:00,18.9,93.0,18.788213729940065,93.80986822682235
Kohima,2023-10-16 02:30:00,18.5,93.0,18.501949969896078,92.7493596317638
Kohima,2023-10-17 02:15:00,17.8,90.0,18.078171898080008,89.3699052192511
Kohima,2023-10-18 02:30:00,18.4,89.0,17.087327284645525,89.60219560905861
Kohima,2023-10-19 02:15:00,17.5,95.0,17.77831220231547,92.11214209232986
Kohima,2023-10-20 02:30:00,17.3,91.0,16.503324348532107,87.7287905174735
Kohima,2023-10-21 02:15:00,16.9,90.0,16.08234183779665,86.37642995328515
Kohima,2023-10-22 02:15:00,16.9,88.0,16.05282733333275,87.70725200163143
Kohima,2023-10-23 02:15:00,17.0,89.0,16.38802555622671,87.78743577919056
Kohima,2023-10-24 02:15:00,18.8,92.0,16.874674103586667,90.31743457583673
Kohima,2023-10-25 02:15:00,17.5,92.0,18.580081771749246,92.37355418556085
Kohima,2023-10-26 02:00:00,17.3,97.0,17.11279351591742,94.00189499516316
Kohima,2023-10-27 02:15:00,17.7,97.0,16.970343699425673,95.99194883472208
Kohima,2023-10-28 02:00:00,17.1,90.0,17.03045513112702,95.27365044907332
Kohima,2023-10-29 02:30:00,16.5,90.0,16.266316072703976,84.39977277271782
Kohima,2023-10-30 01:45:00,17.1,90.0,15.638789191687824,86.57748531699494
Kokrajhar,2023-10-15 02:30:00,21.9,89.0,22.19980179119618,80.8505100760855
Kokrajhar,2023-10-16 02:30:00,21.8,88.0,21.41340339107713,85.76051741001015
Kokrajhar,2023-10-17 02:15:00,21.7,90.0,21.177396906991525,85.91354129906736
Kokrajhar,2023-10-18 02:30:00,21.8,90.0,21.147993043792564,83.58086108112794
Kokrajhar,2023-10-19 02:15:00,21.6,90.0,21.137982071365325,83.67199974420221
Kokrajhar,2023-10-20 02:30:00,21.2,88.0,20.854533991960515,82.29390168674566
Kokrajhar,2023-10-21 02:15:00,20.7,89.0,20.55579382416512,80.89396475680212
Kokrajhar,2023-10-22 02:15:00,20.3,87.0,20.301613310609735,84.5109650119432
Kokrajhar,2023-10-23 02:15:00,20.0,88.0,19.933172558907668,82.81870249103834
Kokrajhar,2023-10-24 02:15:00,21.0,80.0,19.898855798736104,84.57443797979658
Kokrajhar,2023-10-25 02:15:00,20.2,81.0,20.5215595992754,80.26150166250882
Kokrajhar,2023-10-26 02:00:00,20.8,87.0,20.48085724020647,80.04739001713916
Kokrajhar,2023-10-27 02:15:00,21.2,88.0,20.00247051780815,83.95942536410077
Kokrajhar,2023-10-28 02:00:00,20.5,89.0,20.246584846615065,76.97388447147661
Kokrajhar,2023-10-29 02:30:00,20.4,83.0,20.22790063077915,85.95987092113393
Kokrajhar,2023-10-30 01:45:00,21.0,86.0,20.01057476671149,78.23907278328129
Kolar,2023-10-15 02:30:00,22.0,94.0,19.889484056345157,90.06824140272018
Kolar,2023-10-16 02:30:00,22.0,88.0,21.11654690777672,92.42663001429894
Kolar,2023-10-17 02:30:00,22.0,88.0,21.607856486578978,90.11006958165939
Kolar,2023-10-18 02:30:00,21.0,88.0,21.54453779952256,87.84041135745946
Kolar,2023-10-19 02:15:00,21.0,78.0,20.84526099836573,85.86374950854193
Kolar,2023-10-20 02:30:00,21.0,83.0,20.32512315725579,84.71785659504798
Kolar,2023-10-21 02:15:00,21.0,88.0,20.70377881757671,92.49886295138691
Kolar,2023-10-22 02:15:00,22.0,78.0,20.830390432185062,86.0420982195063
Kolar,2023-10-23 02:15:00,21.0,78.0,21.26162388059192,79.84996561252137
Kolar,2023-10-24 02:15:00,19.0,68.0,20.520089579337768,85.31550514929081
Kolar,2023-10-25 02:15:00,19.0,60.0,19.14328231775652,78.80208446655014
Kolar,2023-10-26 02:00:00,18.0,68.0,18.25051238909077,70.62183285013587
Kolar,2023-10-27 02:15:00,21.0,78.0,17.768392158399664,69.42490373375111
Kolar,2023-10-28 02:00:00,21.0,88.0,19.669485284481148,84.56398209069401
Kolar,2023-10-29 02:45:00,21.0,94.0,20.538840424960846,92.77698345122347
Kolar,2023-10-30 02:00:00,22.0,88.0,21.02418724486707,90.8455930047462
Kolhapur,2023-10-15 02:30:00,22.8,73.0,22.291239177921856,63.45700437301463
Kolhapur,2023-10-16 02:30:00,21.8,86.0,22.771603006510002,69.93351309666618
Kolhapur,2023-10-17 02:30:00,24.2,71.0,21.964949090620006,88.56053048464419
Kolhapur,2023-10-18 02:30:00,23.2,79.0,23.374063970886677,70.814325072318
Kolhapur,2023-10-19 02:30:00,25.2,53.0,23.716197281210512,77.89731530347106
Kolhapur,2023-10-20 02:30:00,23.9,66.0,24.69844414755459,66.11884751936896
Kolhapur,2023-10-21 02:15:00,24.4,64.0,24.56381645289855,60.26426346696632
Kolhapur,2023-10-22 02:30:00,22.3,65.0,24.39193785877202,61.35836219723724
Kolhapur,2023-10-23 02:15:00,21.4,70.0,22.894109524772805,61.202219051083915
Kolhapur,2023-10-24 02:15:00,20.8,67.0,21.796794975674924,67.4944663922475
Kolhapur,2023-10-25 02:15:00,21.4,73.0,21.318657315289318,65.5806741459357
Kolhapur,2023-10-26 02:00:00,20.7,54.0,21.591438191947823,72.11095580429148
Kolhapur,2023-10-27 02:15:00,19.2,48.0,20.872644948524766,63.75866840371585
Kolhapur,2023-10-28 02:00:00,19.5,49.0,18.90641526805268,63.778739031988046
Kolhapur,2023-10-29 02:45:00,20.2,47.0,19.462685956049153,62.886710329166455
Kolhapur,2023-10-30 02:00:00,23.6,51.0,20.937025900765825,61.76893816909588
Kolkata,2023-10-14 02:30:00,26.0,74.0,27.23466537476841,81.41064471354294
Kolkata,2023-10-15 02:30:00,27.0,84.0,26.39062049971976,76.20709474745102
Kolkata,2023-10-16 02:30:00,26.0,89.0,26.9623451717787,81.92602441097972
Kolkata,2023-10-17 02:30:00,27.0,84.0,26.033746027451215,86.60114337336712
Kolkata,2023-10-18 02:30:00,27.0,84.0,26.695303149835727,86.86297068087161
Kolkata,2023-10-19 02:15:00,26.0,84.0,26.938103880777486,81.93577572777018
Kolkata,2023-10-19 02:30:00,26.0,84.0,26.132616068120257,81.92727225128952
Kolkata,2023-10-20 02:30:00,25.0,83.0,26.095713286373503,82.18733857216834
Kolkata,2023-10-21 02:15:00,24.0,83.0,24.92300670397943,83.74281936740455
Kolkata,2023-10-21 02:30:00,24.0,83.0,24.03635278914913,83.49042967890988
Kolkata,2023-10-22 02:15:00,25.0,83.0,24.136561262511133,82.40395623422211
Kolkata,2023-10-22 02:30:00,25.0,83.0,24.96974005053889,82.69693929532384
Kolkata,2023-10-23 02:15:00,26.0,84.0,25.34460589182563,86.99338561658342
Kolkata,2023-10-24 02:15:00,25.0,83.0,26.220120367439634,84.85973375178934
Kolkata,2023-10-25 02:15:00,24.0,94.0,25.630035707098216,87.60964967856073
Kolkata,2023-10-25 02:30:00,24.0,94.0,24.76561179141269,90.39230741527378
Kolkata,2023-10-26 02:00:00,26.0,89.0,24.168537769461615,91.3837092415648
Kolkata,2023-10-27 02:15:00,26.0,84.0,25.51292048595465,84.16640344900084
Kolkata,2023-10-27 02:30:00,26.0,84.0,25.986787479594284,81.91849170907594
Kolkata,2023-10-28 02:00:00,25.0,83.0,25.97088233074638,81.73142000448439
Kolkata,2023-10-29 02:45:00,24.0,83.0,25.345162540487337,89.1331703437466
Kolkata,2023-10-30 02:00:00,24.0,83.0,24.477954333021714,82.03780324195543
Kollam,2023-10-15 02:30:00,25.0,89.0,23.989130520625768,91.92304447076756
Kollam,2023-10-16 02:30:00,25.5,83.0,24.735443962769544,89.58822827989302
Kollam,2023-10-17 02:30:00,25.5,85.0,25.348674837897658,85.6715071548618
Kollam,2023-10-18 02:30:00,25.1,87.0,24.556395404253855,89.73666803151458
Kollam,2023-10-19 02:15:00,26.0,79.0,24.909071501700865,84.69378195093915
Kollam,2023-10-20 02:30:00,25.6,81.0,25.4346424874535,84.59411874110044
Kollam,2023-10-21 02:15:00,25.4,82.0,25.446601970593935,81.4586306019909
Kollam,2023-10-22 02:15:00,25.1,88.0,25.14307960959278,85.09269627612409
Kollam,2023-10-23 02:15:00,24.5,90.0,25.024038397589432,86.15233906046278
Kollam,2023-10-24 02:15:00,25.6,83.0,24.310580410792245,90.49009787273438
Kollam,2023-10-25 02:15:00,25.1,86.0,25.207053768748697,85.79196636199205
Kollam,2023-10-26 02:00:00,25.4,85.0,25.047075172126103,85.1480814170061
Kollam,2023-10-27 02:15:00,25.5,85.0,25.149594090767263,87.05900492106697
Kollam,2023-10-28 02:00:00,25.8,84.0,25.489171550900853,85.22192257710209
Kollam,2023-10-29 02:30:00,25.5,84.0,25.75470227752464,84.33760933916109
Kollam,2023-10-30 01:45:00,25.7,84.0,25.264577942706765,85.88142247406019
Kondagaon,2023-10-15 02:30:00,20.0,75.0,20.27259995991954,74.49847810180472
Kondagaon,2023-10-16 02:30:00,19.5,63.0,19.993451272850354,75.09766039277572
Kondagaon,2023-10-17 02:30:00,19.3,67.0,19.20486943896327,68.16587241368924
Kondagaon,2023-10-18 02:30:00,19.3,78.0,19.19873866682733,66.75033659262763
Kondagaon,2023-10-19 02:15:00,19.3,87.0,19.39183751003198,76.42947927451448
Kondagaon,2023-10-20 02:30:00,19.1,87.0,19.038059302297462,81.82554849033177
Kondagaon,2023-10-21 02:15:00,18.5,89.0,18.898184455343145,81.61921185667852
Kondagaon,2023-10-22 02:15:00,16.5,80.0,17.85121927675979,85.02114607343442
Kondagaon,2023-10-23 02:15:00,16.4,84.0,15.990106274720869,80.2534784229895
Kondagaon,2023-10-24 02:15:00,16.6,86.0,16.38215336621791,82.20220506309595
Kondagaon,2023-10-25 02:15:00,17.7,84.0,16.65025428030413,82.4935109385591
Kondagaon,2023-10-26 02:00:00,17.5,66.0,16.96469700866721,81.56105850896355
Kondagaon,2023-10-27 02:15:00,16.6,71.0,16.45805452137389,74.59084209896946
Kondagaon,2023-10-28 02:00:00,16.4,77.0,15.72759531246561,71.66839775397429
Kondagaon,2023-10-29 02:30:00,16.5,74.0,15.534241920849844,77.20531769969935
Kondagaon,2023-10-30 01:45:00,16.4,76.0,15.743436559926362,75.50168944559411
Koppal,2023-10-15 02:30:00,25.5,54.0,25.02668939112793,55.728026394980006
Koppal,2023-10-16 02:30:00,25.8,55.0,25.350590121191495,57.13964065118379
Koppal,2023-10-17 02:30:00,25.1,64.0,25.56290076215824,57.66539449916807
Koppal,2023-10-18 02:30:00,25.4,50.0,24.98991600251915,60.740267640392
Koppal,2023-10-19 02:30:00,23.1,60.0,24.965716948171163,60.30838266866605
Koppal,2023-10-20 02:30:00,23.1,67.0,23.564371035306145,60.05198889366767
Koppal,2023-10-21 02:15:00,23.5,64.0,23.109899430817595,63.63906506133355
Koppal,2023-10-22 02:30:00,22.5,68.0,23.4453435546647,64.03700904317213
Koppal,2023-10-23 02:15:00,21.2,57.0,22.705592925739975,63.18620357571573
Koppal,2023-10-24 02:15:00,21.2,54.0,21.445572422697808,60.47344701275289
Koppal,2023-10-25 02:15:00,20.3,55.0,21.116990218879405,61.38132910504981
Koppal,2023-10-26 02:00:00,20.5,55.0,20.817134162137442,60.353717442401184
Koppal,2023-10-27 02:15:00,19.5,55.0,20.447295420190134,61.69372069365596
Koppal,2023-10-28 02:00:00,20.1,49.0,19.381237118047963,60.60600108036419
Koppal,2023-10-29 02:45:00,23.3,74.0,20.35613960422404,62.87578481378397
Koppal,2023-10-30 02:00:00,23.7,74.0,23.103242128465496,71.56194972994706
Koraput,2023-10-15 02:30:00,19.0,72.0,19.030236480175645,78.67376464852477
Koraput,2023-10-16 02:30:00,18.6,73.0,18.761471353745502,71.10277202484379
Koraput,2023-10-17 02:30:00,18.4,70.0,18.75670566989442,72.94412425445277
Koraput,2023-10-18 02:30:00,18.2,80.0,17.971866569098275,70.7502911407355
Koraput,2023-10-19 02:30:00,18.3,88.0,17.78221947122464,78.54700906404324
Koraput,2023-10-20 02:30:00,17.9,89.0,17.856222664585502,80.86156680499975
Koraput,2023-10-21 02:15:00,17.7,88.0,17.648067951218223,81.4543048297936
Koraput,2023-10-22 02:30:00,17.0,86.0,16.525905305501237,79.69751302725498
Koraput,2023-10-23 02:15:00,15.9,68.0,16.478359735702746,84.14948942421066
Koraput,2023-10-24 02:15:00,16.1,76.0,16.062443163394654,76.48503836418666
Koraput,2023-10-25 02:15:00,17.8,89.0,15.931969146136296,80.77651985254158
Koraput,2023-10-26 02:00:00,17.6,84.0,17.172011479864082,84.66300037227458
Koraput,2023-10-27 02:15:00,16.9,84.0,16.96969865285665,83.90672483299834
Koraput,2023-10-28 02:00:00,17.0,85.0,16.649016756084624,83.82511244894842
Koraput,2023-10-29 02:45:00,17.1,88.0,16.66185600122737,85.01598259307563
Koraput,2023-10-30 02:00:00,16.1,88.0,16.579154675999295,84.4045260857733
Korba,2023-10-15 02:30:00,21.9,67.0,22.3519237039769,61.61138755288879
Korba,2023-10-16 02:30:00,21.6,72.0,21.695486055488317,65.67558249611953
Korba,2023-10-17 02:30:00,21.5,70.0,21.479460348419362,69.53875738391089
Korba,2023-10-18 02:30:00,20.8,75.0,21.565291382491406,68.11626614416627
Korba,2023-10-19 02:15:00,20.6,81.0,20.88688151655795,70.10423504301569
Korba,2023-10-20 02:30:00,20.5,72.0,20.43545578396816,76.29178128352987
Korba,2023-10-21 02:15:00,18.6,61.0,20.05146470578558,69.13368978743672
Korba,2023-10-22 02:15:00,18.6,67.0,18.56976181748968,65.99902994865097
Korba,2023-10-23 02:15:00,17.4,64.0,18.5827744019801,68.09731404029931
Korba,2023-10-24 02:15:00,17.4,74.0,17.1517322630043,66.36086223825825
Korba,2023-10-25 02:15:00,18.0,75.0,17.328974282390455,72.64965814937155
Korba,2023-10-26 02:00:00,17.4,66.0,17.800412109890278,72.37725155560861
Korba,2023-10-27 02:15:00,17.3,69.0,16.68549123014365,72.35289799403213
Korba,2023-10-28 02:00:00,17.4,63.0,16.485025200466836,69.54612682560862
Korba,2023-10-29 02:30:00,17.5,62.0,16.588016152472186,64.8792659641991
Korba,2023-10-30 01:45:00,17.8,65.0,17.255007388377425,63.62225532319989
Kota,2023-10-15 02:30:00,26.7,40.0,26.067551166480627,47.288688748607704
Kota,2023-10-16 02:30:00,26.2,43.0,26.627583792609162,44.24801200130625
Kota,2023-10-17 02:30:00,21.4,74.0,26.48255748651689,43.59920406468107
Kota,2023-10-18 02:30:00,22.7,64.0,23.179543484632575,57.308492469493316
Kota,2023-10-19 02:30:00,23.0,54.0,22.84225184719174,60.87964272893303
Kota,2023-10-20 02:30:00,22.4,45.0,22.993485853766195,52.075308998600576
Kota,2023-10-21 02:15:00,22.9,44.0,22.4699572626784,48.35081587780718
Kota,2023-10-22 02:30:00,23.5,40.0,23.178395716030355,47.22198950548802
Kota,2023-10-23 02:15:00,23.2,45.0,23.815614510417618,44.65562246387067
Kota,2023-10-24 02:15:00,23.0,38.0,23.700371800240642,47.898595915166034
Kota,2023-10-25 02:30:00,22.0,35.0,23.456628343201366,45.62518492714135
Kota,2023-10-26 02:00:00,22.5,34.0,22.569482158852836,44.76310176857183
Kota,2023-10-27 02:15:00,22.3,32.0,22.58693905315615,41.086440711440595
Kota,2023-10-28 02:00:00,21.9,34.0,22.722299465503255,41.516668038416036
Kota,2023-10-29 02:45:00,22.9,37.0,22.589553124288766,41.80548958312678
Kota,2023-10-30 02:00:00,23.4,38.0,22.93866534224724,43.05773190516217
Kottayam,2023-10-15 02:30:00,24.3,93.0,23.454520209848518,94.17247364722444
Kottayam,2023-10-16 02:30:00,23.0,93.0,23.970530839833597,90.59417977015066
Kottayam,2023-10-17 02:30:00,24.0,94.0,23.056008538873154,91.53477301411807
Kottayam,2023-10-18 02:30:00,23.7,95.0,23.668815122709965,93.24306746913572
Kottayam,2023-10-19 02:15:00,23.4,95.0,23.50856973123723,94.7537888806885
Kottayam,2023-10-20 02:30:00,24.4,90.0,23.52419292129406,90.58944026338375
Kottayam,2023-10-21 02:15:00,24.3,91.0,24.281545751601126,89.65967854022908
Kottayam,2023-10-22 02:15:00,24.0,94.0,24.247405995072945,88.78335107017247
Kottayam,2023-10-23 02:15:00,23.8,96.0,23.812454680266057,91.52684592230146
Kottayam,2023-10-24 02:15:00,23.4,95.0,23.533030608576173,96.53124247972494
Kottayam,2023-10-25 02:15:00,23.6,97.0,23.332139860387876,92.71426083778917
Kottayam,2023-10-26 02:00:00,23.6,96.0,23.668771243564816,92.71783027845888
Kottayam,2023-10-27 02:15:00,23.8,95.0,23.525141321308713,95.84765302078225
Kottayam,2023-10-28 02:00:00,23.6,96.0,23.709963716533554,95.28391549577078
Kottayam,2023-10-29 02:45:00,23.6,95.0,23.553663114315206,95.2420877878641
Kottayam,2023-10-30 02:00:00,23.8,96.0,23.79065948229824,94.75043222960284
Kozhikode,2023-10-15 02:30:00,22.0,100.0,23.013797645475613,95.32454348122945
Kozhikode,2023-10-16 02:30:00,25.0,89.0,22.468679957454146,95.12095023752961
Kozhikode,2023-10-17 02:30:00,23.0,94.0,23.697289689914008,90.91116194137611
Kozhikode,2023-10-18 02:30:00,24.0,94.0,23.6553137085965,93.55553988804161
Kozhikode,2023-10-19 02:15:00,25.0,89.0,23.851299942875066,93.9007836810241
Kozhikode,2023-10-20 02:30:00,26.0,89.0,24.298353805972624,94.35687775115981
Kozhikode,2023-10-21 02:15:00,23.0,94.0,25.530463747421074,90.26359016349708
Kozhikode,2023-10-22 02:15:00,25.0,83.0,23.90037053641758,92.66004392543645
Kozhikode,2023-10-23 02:15:00,24.0,94.0,24.305799939645425,89.25878431988899
Kozhikode,2023-10-24 02:15:00,23.0,94.0,24.172733095482613,92.75287325474528
Kozhikode,2023-10-25 02:15:00,25.0,94.0,22.985472202466237,96.12254461879773
Kozhikode,2023-10-26 02:00:00,25.0,89.0,24.593184851564395,93.79827803477328
Kozhikode,2023-10-27 02:15:00,26.0,89.0,25.041889701018352,90.73715710130706
Kozhikode,2023-10-28 02:00:00,23.0,100.0,25.368839081220482,92.89798378830982
Kozhikode,2023-10-29 02:45:00,24.0,94.0,23.92985559525021,94.28292104559301
Kozhikode,2023-10-30 02:00:00,24.0,94.0,24.108828497197315,93.69594959818185
Krishna,2023-10-15 02:30:00,26.2,77.0,25.70320861832008,80.2276360681525
Krishna,2023-10-16 02:30:00,26.6,78.0,25.739332029320753,79.30247446200958
Krishna,2023-10-17 02:15:00,26.1,73.0,25.79504381501188,79.10857998382141
Krishna,2023-10-18 02:15:00,25.9,77.0,25.656701040637817,74.63676767854247
Krishna,2023-10-19 02:15:00,25.8,79.0,25.57478287704285,83.2492693294452
Krishna,2023-10-20 02:30:00,26.1,79.0,25.42512959614574,84.69698106867196
Krishna,2023-10-21 02:15:00,25.7,81.0,25.821178947391594,83.76432853866838
Krishna,2023-10-22 02:15:00,25.4,82.0,25.400263048029128,83.80180456129393
Krishna,2023-10-23 02:00:00,23.1,70.0,24.82200043348749,80.77493853357201
Krishna,2023-10-24 02:15:00,24.9,63.0,23.805531502292784,73.10129244302632
Krishna,2023-10-25 02:15:00,23.8,66.0,24.47665413457629,68.0755163837661
Krishna,2023-10-26 02:00:00,24.9,79.0,23.982605442395002,72.76395168868362
Krishna,2023-10-27 02:15:00,24.9,80.0,24.387070024196458,83.35593018201101
Krishna,2023-10-28 02:00:00,25.9,82.0,24.463441088440998,84.0611576724865
Krishna,2023-10-29 02:30:00,25.6,82.0,25.4368421199992,85.42500608428321
Krishna,2023-10-30 01:45:00,25.8,82.0,25.08713756417203,86.46769432565759
Krishnagiri,2023-10-15 02:30:00,22.2,87.0,19.712086051352543,90.05529136105221
Krishnagiri,2023-10-16 02:30:00,21.0,89.0,21.528495184153833,88.63766849643744
Krishnagiri,2023-10-17 02:30:00,20.9,96.0,21.105282351195967,89.17788681769024
Krishnagiri,2023-10-18 02:30:00,19.4,87.0,20.803567831968248,86.2319212282501
Krishnagiri,2023-10-19 02:30:00,19.4,86.0,19.432186128320577,83.27152176659017
Krishnagiri,2023-10-20 02:30:00,18.8,89.0,19.563216678496374,84.15756824191702
Krishnagiri,2023-10-21 02:15:00,19.3,93.0,19.35930893121302,86.57376202073404
Krishnagiri,2023-10-22 02:30:00,19.6,84.0,19.370296504546374,88.80960161255108
Krishnagiri,2023-10-23 02:15:00,20.5,85.0,19.804712816266665,86.03973258290033
Krishnagiri,2023-10-24 02:15:00,18.1,68.0,20.2974171357388,82.41703762649456
Krishnagiri,2023-10-25 02:30:00,18.6,79.0,18.382851582922616,72.45628811680554
Krishnagiri,2023-10-26 02:00:00,19.1,89.0,19.196954169186146,78.7249478550854
Krishnagiri,2023-10-27 02:30:00,18.9,90.0,19.031095175726378,84.57754572911026
Krishnagiri,2023-10-28 02:00:00,19.6,95.0,18.748025783237498,94.84738505458401
Krishnagiri,2023-10-29 02:45:00,20.1,91.0,19.462840870306934,92.05585855162842
Krishnagiri,2023-10-30 02:00:00,19.8,95.0,19.932724465108343,95.6365811788214
Kulgam,2023-10-15 02:30:00,10.1,67.0,11.554410773369863,70.1344090829899
Kulgam,2023-10-16 02:30:00,10.6,56.0,9.789972788118956,64.4332926603074
Kulgam,2023-10-17 02:15:00,8.9,89.0,9.609503692616268,73.47474643009296
Kulgam,2023-10-18 02:15:00,8.5,81.0,9.127616326714481,75.79586001590815
Kulgam,2023-10-19 02:15:00,8.5,61.0,8.60520647499323,66.45534041557542
Kulgam,2023-10-20 02:15:00,9.0,56.0,8.666268618328756,55.025521974309704
Kulgam,2023-10-21 02:15:00,9.5,52.0,9.094620436871418,55.109777945064906
Kulgam,2023-10-22 02:15:00,10.5,47.0,9.455087715108936,55.78494226010034
Kulgam,2023-10-23 02:00:00,6.7,82.0,9.787292309359595,55.607230429160886
Kulgam,2023-10-24 02:15:00,8.7,53.0,7.003780838380802,52.23652101988865
Kulgam,2023-10-25 02:15:00,8.4,61.0,8.397697366606108,57.470257268660845
Kulgam,2023-10-26 02:00:00,8.9,43.0,8.345674892472234,52.86645649757484
Kulgam,2023-10-27 02:15:00,9.1,45.0,8.905513842815552,42.1296308825188
Kulgam,2023-10-28 02:00:00,9.5,47.0,8.816359291596598,51.15483471003708
Kulgam,2023-10-29 02:30:00,9.6,44.0,9.299726333692005,46.66536551959342
Kulgam,2023-10-30 01:45:00,10.1,37.0,9.588197474454496,49.04682258092856
Kupwara,2023-10-15 02:00:00,9.6,60.0,11.736852551869127,55.93760582567093
Kupwara,2023-10-16 02:00:00,10.3,52.0,9.529675200396412,68.63831322070664
Kupwara,2023-10-17 01:45:00,6.8,83.0,9.359976608068155,59.032199208933925
Kupwara,2023-10-18 01:45:00,5.0,71.0,6.818402278804961,60.57676559633157
Kupwara,2023-10-19 01:45:00,6.5,66.0,5.3576414421558605,66.00272531176667
Kupwara,2023-10-20 01:45:00,8.0,59.0,5.934478883591717,64.43580432760156
Kupwara,2023-10-21 01:45:00,8.4,56.0,7.633726172079253,55.80401706248475
Kupwara,2023-10-22 01:45:00,9.0,56.0,8.068097342394172,59.36072700912371
Kupwara,2023-10-23 01:30:00,7.2,70.0,8.584951790770688,59.39977225538369
Kupwara,2023-10-24 01:45:00,7.7,65.0,7.103814873360634,66.71568286398424
Kupwara,2023-10-25 01:45:00,7.8,56.0,7.293534183551623,55.20854603765007
Kupwara,2023-10-26 01:30:00,8.3,47.0,7.876166173484647,48.10171537550243
Kupwara,2023-10-27 01:45:00,8.7,52.0,8.010705333034899,51.56889448186296
Kupwara,2023-10-28 01:30:00,9.1,54.0,8.361112562892435,53.844732011269976
Kupwara,2023-10-29 02:00:00,9.0,51.0,9.390314061158385,54.82872013538927
Kupwara,2023-10-30 01:15:00,9.2,49.0,9.786328522612658,54.956118815102016
Kurnool,2023-10-15 02:30:00,25.2,66.0,24.966271867249713,65.01829840238997
Kurnool,2023-10-16 02:30:00,24.6,66.0,25.200493129778884,64.24181932950928
Kurnool,2023-10-17 02:15:00,25.7,64.0,24.377953320740545,64.63708781888712
Kurnool,2023-10-18 02:15:00,24.3,71.0,24.992193120023156,63.063801281517804
Kurnool,2023-10-19 02:15:00,23.3,69.0,24.395154023964736,70.82192813033316
Kurnool,2023-10-20 02:30:00,23.0,72.0,22.99475099270815,69.30557826093452
Kurnool,2023-10-21 02:15:00,23.7,74.0,23.16379626300649,70.30030397960566
Kurnool,2023-10-22 02:15:00,23.9,69.0,23.566593088490034,74.02627367899925
Kurnool,2023-10-23 02:00:00,21.4,55.0,23.461223352601333,70.74809284920103
Kurnool,2023-10-24 02:15:00,21.0,65.0,21.540379152114674,64.89688921071141
Kurnool,2023-10-25 02:15:00,20.4,59.0,21.15131330397787,66.14443326834406
Kurnool,2023-10-26 02:00:00,20.9,58.0,20.790938438297694,64.84686767895761
Kurnool,2023-10-27 02:15:00,20.0,48.0,20.66324986851397,65.10862802505437
Kurnool,2023-10-28 02:00:00,21.1,63.0,20.349454312884024,66.64942481183816
Kurnool,2023-10-29 02:30:00,25.7,66.0,21.049135048360377,66.1708093769599
Kurnool,2023-10-30 01:45:00,24.1,79.0,23.31107886931515,65.65935365784516
Lakhimpur,2023-10-15 02:30:00,22.4,63.0,21.51460300716101,65.38265962048807
Lakhimpur,2023-10-16 02:30:00,22.9,69.0,22.266841841976692,63.37850305041574
Lakhimpur,2023-10-17 02:15:00,19.7,87.0,22.782462381057595,66.2658043417473
Lakhimpur,2023-10-18 02:30:00,20.1,75.0,20.62769312383694,85.76581477848244
Lakhimpur,2023-10-19 02:15:00,19.0,65.0,19.73252474247313,70.70061537719185
Lakhimpur,2023-10-20 02:30:00,18.4,61.0,18.551772163724166,66.86723248298553
Lakhimpur,2023-10-21 02:15:00,19.2,64.0,17.58002025097079,65.18977929045332
Lakhimpur,2023-10-22 02:15:00,19.6,60.0,18.16201322113919,65.30652167394983
Lakhimpur,2023-10-23 02:15:00,19.6,60.0,19.16351317291174,67.32439923185765
Lakhimpur,2023-10-24 02:15:00,19.4,54.0,19.352104247706134,65.09840873279492
Lakhimpur,2023-10-25 02:15:00,20.5,56.0,19.513584286988575,62.78929059863264
Lakhimpur,2023-10-26 02:00:00,20.4,57.0,20.488475603174194,63.4066985442843
Lakhimpur,2023-10-27 02:15:00,20.0,57.0,20.317720344295562,63.15524667846506
Lakhimpur,2023-10-28 02:00:00,20.3,53.0,20.092764239574553,62.68724140269342
Lakhimpur,2023-10-29 02:30:00,20.3,54.0,20.30158186665986,59.76381804447446
Lakhimpur,2023-10-30 01:45:00,20.4,58.0,20.268009448168076,61.53578916746491
Lakhisarai,2023-10-15 02:30:00,22.6,72.0,23.591479165711267,64.03001029330649
Lakhisarai,2023-10-16 02:30:00,24.1,72.0,22.527105238318676,69.19581454691819
Lakhisarai,2023-10-17 02:15:00,23.9,77.0,24.032269487664973,73.37223662106588
Lakhisarai,2023-10-18 02:30:00,23.9,72.0,23.21384311248437,70.68062685732673
Lakhisarai,2023-10-19 02:15:00,21.9,74.0,23.171983482320723,65.79202418356446
Lakhisarai,2023-10-20 02:30:00,22.1,68.0,21.58075944174426,67.74747200131688
Lakhisarai,2023-10-21 02:15:00,21.2,63.0,21.38346409477326,66.42059631666358
Lakhisarai,2023-10-22 02:15:00,21.1,59.0,20.654327451785814,63.39999856907445
Lakhisarai,2023-10-23 02:15:00,20.9,62.0,20.480195764705492,63.34280032828616
Lakhisarai,2023-10-24 02:15:00,22.1,68.0,21.163220626036427,67.69062884022165
Lakhisarai,2023-10-25 02:15:00,23.0,69.0,21.70085062895819,67.8105719610055
Lakhisarai,2023-10-26 02:00:00,21.9,63.0,22.522265187288536,68.10822672592701
Lakhisarai,2023-10-27 02:15:00,20.2,62.0,21.138894403673167,64.69359724727667
Lakhisarai,2023-10-28 02:00:00,21.6,63.0,20.348404151597247,65.48174508714702
Lakhisarai,2023-10-29 02:30:00,21.9,63.0,20.618561679530025,63.881433528834904
Lakhisarai,2023-10-30 01:45:00,22.0,60.0,21.240167598055006,62.55199095820044
Lalitpur,2023-10-15 02:30:00,26.7,42.0,25.036811940678,47.5432323655744
Lalitpur,2023-10-16 02:30:00,24.9,46.0,26.49761537218513,45.287294670301215
Lalitpur,2023-10-17 02:30:00,19.9,84.0,25.38552141580333,49.6682225789339
Lalitpur,2023-10-18 02:30:00,22.5,65.0,21.39044434994633,57.44244426941085
Lalitpur,2023-10-19 02:30:00,22.2,60.0,21.798822844696698,64.1265678458559
Lalitpur,2023-10-20 02:30:00,21.5,44.0,22.154733889343934,58.683591039451635
Lalitpur,2023-10-21 02:15:00,21.6,50.0,21.184274470505724,55.466299931793735
Lalitpur,2023-10-22 02:30:00,21.6,49.0,21.33145311120632,57.80311235946691
Lalitpur,2023-10-23 02:15:00,20.6,46.0,21.435518382739144,56.8709099045574
Lalitpur,2023-10-24 02:15:00,20.5,48.0,21.035753036629597,59.759365271712944
Lalitpur,2023-10-25 02:30:00,20.8,45.0,20.767824158830184,60.93712629774302
Lalitpur,2023-10-26 02:00:00,20.8,43.0,20.93133566765351,56.766898579822126
Lalitpur,2023-10-27 02:30:00,20.7,42.0,20.847237583572387,54.23694354308997
Lalitpur,2023-10-28 02:00:00,20.3,32.0,20.75653793443221,55.06150663495483
Lalitpur,2023-10-29 02:45:00,20.7,35.0,20.60697458583734,48.6673794186382
Lalitpur,2023-10-30 02:00:00,20.8,41.0,20.802204063171057,49.91278302532409
Latehar,2023-10-15 02:30:00,19.9,70.0,19.814323803502592,63.39065483081781
Latehar,2023-10-16 02:30:00,20.5,70.0,19.946401109001027,67.19285305711661
Latehar,2023-10-17 02:15:00,20.9,83.0,20.206484800474367,67.72790088515485
Latehar,2023-10-18 02:30:00,20.1,86.0,20.437276328944524,74.81077661465054
Latehar,2023-10-19 02:15:00,19.5,87.0,19.992660399368912,77.47954076749494
Latehar,2023-10-20 02:30:00,19.4,80.0,19.14863422905334,80.28103823944454
Latehar,2023-10-21 02:15:00,17.7,74.0,18.626884560738404,73.89320326631436
Latehar,2023-10-22 02:15:00,17.4,75.0,16.88889531602951,70.28855176053683
Latehar,2023-10-23 02:00:00,16.8,76.0,16.42985479204326,69.46948353351021
Latehar,2023-10-24 02:15:00,17.9,83.0,17.075179199958832,73.04846815567157
Latehar,2023-10-25 02:15:00,18.7,86.0,18.008602259166626,76.49574524332144
Latehar,2023-10-26 02:00:00,17.1,67.0,18.266014068079745,79.0122732639554
Latehar,2023-10-27 02:15:00,17.2,67.0,17.049458062355345,73.9967975488337
Latehar,2023-10-28 02:00:00,16.9,67.0,16.200975347729095,65.22890026916106
Latehar,2023-10-29 02:30:00,17.2,73.0,16.21833872732801,65.13181184067989
Latehar,2023-10-30 01:45:00,17.7,77.0,16.690468861231533,69.26071581000762
Latur,2023-10-15 02:30:00,22.7,55.0,22.011999215710087,60.06974945245913
Latur,2023-10-16 02:30:00,22.6,63.0,22.660327648913732,57.78916752844397
Latur,2023-10-17 02:30:00,22.7,62.0,22.809079418194134,60.44863090712167
Latur,2023-10-18 02:30:00,22.2,71.0,22.71158786668639,60.33707334677591
Latur,2023-10-19 02:30:00,22.4,66.0,22.290459081147926,69.13395859820636
Latur,2023-10-20 02:30:00,22.0,76.0,22.460655579500475,63.675455597103074
Latur,2023-10-21 02:15:00,21.3,75.0,22.210859781727113,74.19749660537192
Latur,2023-10-22 02:15:00,20.5,67.0,21.278275832041178,73.75232857509378
Latur,2023-10-23 02:15:00,20.5,60.0,20.834112729575782,67.76055495546807
Latur,2023-10-24 02:15:00,20.0,63.0,20.581366725350176,64.67362169763148
Latur,2023-10-25 02:15:00,20.0,58.0,20.335699832034965,63.01766906957667
Latur,2023-10-26 02:00:00,18.9,60.0,19.98964165318109,62.85301522249156
Latur,2023-10-27 02:15:00,18.3,59.0,18.57584472904638,64.86744886500911
Latur,2023-10-28 02:00:00,18.8,57.0,18.013088956119184,62.90579787743256
Latur,2023-10-29 02:45:00,19.2,57.0,18.47398816549911,60.79025534974704
Latur,2023-10-30 02:00:00,19.4,63.0,18.75525010182686,60.20358056241083
Lawngtlai,2023-10-15 02:30:00,16.5,86.0,17.28228193164918,88.8209439609245
Lawngtlai,2023-10-16 02:30:00,17.0,86.0,16.080942765383185,85.01100382259531
Lawngtlai,2023-10-17 02:15:00,17.1,84.0,16.655307935949985,83.63898474255281
Lawngtlai,2023-10-18 02:30:00,16.6,80.0,16.819883145370778,80.47462750837562
Lawngtlai,2023-10-19 02:15:00,16.7,83.0,16.322789889135432,78.56529616048194
Lawngtlai,2023-10-20 02:30:00,16.5,81.0,16.7862771073993,78.29422211589086
Lawngtlai,2023-10-21 02:15:00,17.2,78.0,16.27398462550844,77.50057770933893
Lawngtlai,2023-10-22 02:15:00,17.8,96.0,16.287283363587726,92.24973247888109
Lawngtlai,2023-10-23 02:15:00,18.9,99.0,16.924641133278527,98.45766854317193
Lawngtlai,2023-10-24 02:15:00,18.4,100.0,18.84297143929467,100.38648580088021
Lawngtlai,2023-10-25 02:15:00,18.1,100.0,18.780403003984024,100.3656572886731
Lawngtlai,2023-10-26 02:00:00,18.4,99.0,17.87745202119444,99.58888906799541
Lawngtlai,2023-10-27 02:15:00,17.2,97.0,18.022295055269336,99.54900502341961
Lawngtlai,2023-10-28 02:00:00,16.7,92.0,16.823639759915775,90.30241419074737
Lawngtlai,2023-10-29 02:30:00,15.9,86.0,16.542826098227298,87.39180617418631
Lawngtlai,2023-10-30 01:45:00,16.7,80.0,15.44952573083437,84.36413354026374
Leh,2023-10-15 02:30:00,-4.7,68.0,-2.6685471883866505,57.510178165707906
Leh,2023-10-16 02:30:00,-5.9,64.0,-2.105891245797743,64.55244105724555
Leh,2023-10-17 02:15:00,-3.8,51.0,-1.5242174928759504,64.59844074167775
Leh,2023-10-18 02:15:00,-9.0,65.0,-2.2526609079734112,54.08831524357269
Leh,2023-10-19 02:15:00,-8.0,55.0,-2.281204148329854,57.14581398625119
Leh,2023-10-20 02:15:00,-8.0,52.0,-2.2816012067783467,51.96115120829754
Leh,2023-10-21 02:00:00,-8.0,51.0,-2.3356619175194755,52.61776565987144
Leh,2023-10-22 02:15:00,-8.4,46.0,-2.3205719749883547,49.90917767747943
Leh,2023-10-23 02:00:00,-8.2,57.0,-2.2597428996394817,49.75159806741118
Leh,2023-10-24 02:15:00,-8.7,52.0,-2.2717608184965794,53.57871778655785
Leh,2023-10-25 02:15:00,-9.6,49.0,-2.2109035935944443,49.27653678362613
Leh,2023-10-26 02:00:00,-9.4,41.0,-2.2539037959483172,38.643790760772376
Leh,2023-10-27 02:15:00,-8.8,39.0,-2.6067150963435535,45.407015166819725
Leh,2023-10-28 02:00:00,-9.0,44.0,-2.627183051685213,45.98254900250391
Leh,2023-10-29 02:30:00,-9.2,41.0,-2.6762453346866137,37.98478106280073
Leh,2023-10-30 01:45:00,-7.6,42.0,-2.2157751129629015,44.48271845095956
Lohardaga,2023-10-15 02:30:00,18.9,63.0,19.39601532439414,60.77632115064779
Lohardaga,2023-10-16 02:30:00,19.6,70.0,18.94086428645802,62.71490921813428
Lohardaga,2023-10-17 02:15:00,19.9,71.0,19.252081936695635,65.77567224163748
Lohardaga,2023-10-18 02:30:00,19.4,78.0,19.483654893801365,66.0746825887712
Lohardaga,2023-10-19 02:15:00,18.8,85.0,19.004658724849314,70.57759698896389
Lohardaga,2023-10-20 02:30:00,18.8,78.0,18.652572484913325,80.93080843195317
Lohardaga,2023-10-21 02:15:00,17.0,71.0,18.059183505246448,74.11236151097535
Lohardaga,2023-10-22 02:15:00,16.4,70.0,16.048899624646246,67.62961308013506
Lohardaga,2023-10-23 02:00:00,16.6,73.0,15.483804915223793,66.42163729451264
Lohardaga,2023-10-24 02:15:00,18.1,77.0,16.579416226248455,70.25449289923182
Lohardaga,2023-10-25 02:15:00,18.2,85.0,18.11846165901583,73.50914384635699
Lohardaga,2023-10-26 02:00:00,17.8,62.0,17.85209221903749,78.29906306554554
Lohardaga,2023-10-27 02:15:00,16.7,65.0,16.518381776826526,68.00856118590951
Lohardaga,2023-10-28 02:00:00,16.7,64.0,16.36191891630815,63.43304305032765
Lohardaga,2023-10-29 02:30:00,17.1,70.0,16.552387604442004,64.31067694900841
Lohardaga,2023-10-30 01:45:00,17.2,78.0,16.29812143945407,66.1309022284999
Lucknow,2023-10-15 02:30:00,23.0,89.0,23.137832909492076,82.08147776962825
Lucknow,2023-10-16 02:30:00,23.0,89.0,23.712473332914477,86.25215429491044
Lucknow,2023-10-17 02:30:00,20.0,83.0,22.934417807240003,88.24998386809226
Lucknow,2023-10-18 02:30:00,20.0,88.0,21.280588288782646,87.49566410665136
Lucknow,2023-10-19 02:30:00,21.0,83.0,20.087002703173358,88.06821866136859
Lucknow,2023-10-20 02:30:00,19.0,83.0,20.286026479351126,82.42553692458581
Lucknow,2023-10-21 02:15:00,18.0,94.0,19.839471648258257,83.01729431198206
Lucknow,2023-10-22 02:30:00,18.0,83.0,17.69484671680673,90.10758047475638
Lucknow,2023-10-23 02:15:00,20.0,83.0,18.115064667811257,88.60189730044759
Lucknow,2023-10-24 02:15:00,19.0,88.0,19.88368730530255,82.42040501005413
Lucknow,2023-10-25 02:15:00,19.0,83.0,19.15790971549832,85.85107072103223
Lucknow,2023-10-26 02:00:00,22.0,69.0,19.062467819414593,82.59149749007817
Lucknow,2023-10-27 02:30:00,19.0,73.0,21.117092140829058,74.83301460735271
Lucknow,2023-10-28 02:00:00,19.0,73.0,19.65314501567842,74.8559207982219
Lucknow,2023-10-29 02:45:00,22.7,42.0,19.008032510404444,70.15555586314505
Lucknow,2023-10-30 02:00:00,19.0,83.0,22.014752353630435,72.24820510206966
Ludhiana,2023-10-15 02:30:00,23.9,45.0,22.840732249595348,43.79315629815281
Ludhiana,2023-10-16 02:30:00,21.8,49.0,23.511472603684535,45.85484577741572
Ludhiana,2023-10-17 02:30:00,18.4,73.0,21.79429330768821,48.40009346681074
Ludhiana,2023-10-18 02:30:00,18.8,47.0,19.035027469746073,60.503056186045896
Ludhiana,2023-10-19 02:15:00,18.7,51.0,18.15196086626903,55.14944302570598
Ludhiana,2023-10-20 02:30:00,19.5,47.0,18.328535066693405,54.525496427685326
Ludhiana,2023-10-21 02:15:00,19.4,42.0,18.574030932416914,53.91630625790027
Ludhiana,2023-10-22 02:15:00,20.0,44.0,18.842337078663242,52.094862115120506
Ludhiana,2023-10-23 02:15:00,21.0,45.0,19.86396116238291,53.66295367992804
Ludhiana,2023-10-24 02:15:00,20.4,50.0,20.894329614156803,48.97078182792658
Ludhiana,2023-10-25 02:15:00,20.3,42.0,20.80557820442481,54.08157365979551
Ludhiana,2023-10-26 02:00:00,20.2,38.0,20.71634230559697,46.96151239585206
Ludhiana,2023-10-27 02:15:00,20.1,41.0,20.423936698396453,45.83657432558138
Ludhiana,2023-10-28 02:00:00,20.9,39.0,20.445466149772553,49.476485554743874
Ludhiana,2023-10-29 02:45:00,21.2,41.0,20.72573538579394,47.937669450169786
Ludhiana,2023-10-30 01:45:00,21.3,41.0,21.17274468137896,47.79107467156639
Lunglei,2023-10-15 02:30:00,16.5,89.0,17.267643122275526,86.39963691021735
Lunglei,2023-10-16 02:30:00,17.2,88.0,16.328933583040097,83.5607386414379
Lunglei,2023-10-17 02:15:00,17.4,82.0,16.634613498592223,85.80161229311561
Lunglei,2023-10-18 02:30:00,16.6,79.0,17.01597842114369,79.76749867811662
Lunglei,2023-10-19 02:15:00,16.5,80.0,16.385133046749377,76.67082740545045
Lunglei,2023-10-20 02:30:00,17.7,79.0,16.257556958338295,76.94405688013057
Lunglei,2023-10-21 02:15:00,16.8,77.0,16.95995999057908,75.7506058889287
Lunglei,2023-10-22 02:15:00,17.5,94.0,16.50368026682226,83.74037516894893
Lunglei,2023-10-23 02:15:00,18.9,100.0,16.77392739326669,95.14193143199934
Lunglei,2023-10-24 02:15:00,18.3,100.0,18.98788873730276,100.43118272719113
Lunglei,2023-10-25 02:15:00,17.7,99.0,18.84925410748831,96.37242643180379
Lunglei,2023-10-26 02:00:00,17.2,99.0,17.137733361888934,99.58477728501535
Lunglei,2023-10-27 02:15:00,17.2,98.0,16.855639079678294,99.586221439495
Lunglei,2023-10-28 02:00:00,16.4,90.0,16.917974845618296,92.6441769708589
Lunglei,2023-10-29 02:30:00,15.8,87.0,16.037572891192237,86.696719596005
Lunglei,2023-10-30 01:45:00,16.3,78.0,15.405934112491613,84.4239769379103
Madhubani,2023-10-15 02:30:00,21.9,69.0,21.77476002001249,61.67542307757483
Madhubani,2023-10-16 02:30:00,22.9,75.0,22.11650360557898,66.35884304225864
Madhubani,2023-10-17 02:15:00,22.4,84.0,22.09903017493363,67.36354299467101
Madhubani,2023-10-18 02:30:00,22.2,79.0,22.397466818496756,85.36979501243944
Madhubani,2023-10-19 02:15:00,21.0,74.0,21.553868612944985,72.2188878145448
Madhubani,2023-10-20 02:30:00,20.6,74.0,20.682350728650665,67.86119993129405
Madhubani,2023-10-21 02:15:00,20.3,72.0,20.23179633453153,68.57621066078167
Madhubani,2023-10-22 02:15:00,20.1,64.0,19.820227034117586,67.01991610310546
Madhubani,2023-10-23 02:15:00,20.9,71.0,19.773723347669492,64.18413757594453
Madhubani,2023-10-24 02:15:00,20.9,74.0,20.754443615108574,69.35074668783909
Madhubani,2023-10-25 02:15:00,21.5,68.0,20.69313121336628,69.12246262125831
Madhubani,2023-10-26 02:00:00,21.5,77.0,21.41175118714487,70.05805694471387
Madhubani,2023-10-27 02:15:00,21.1,66.0,21.49143427312314,74.14316872309419
Madhubani,2023-10-28 02:00:00,21.1,61.0,21.218557541198216,70.28399360284794
Madhubani,2023-10-29 02:30:00,21.0,66.0,20.459451884938005,64.96579071985651
Madhubani,2023-10-30 01:45:00,20.6,70.0,20.516478765790428,64.95684651080578
Madurai,2023-10-15 02:30:00,25.7,82.0,25.13823572948693,88.37856685093561
Madurai,2023-10-16 02:30:00,25.9,85.0,25.06772914089258,87.52957883120538
Madurai,2023-10-17 02:30:00,24.0,89.0,25.762180179299246,87.1215949564697
Madurai,2023-10-18 02:30:00,25.0,94.0,24.997103238631475,88.90264018735382
Madurai,2023-10-19 02:30:00,24.4,86.0,24.867095700749907,90.71338476936317
Madurai,2023-10-20 02:30:00,24.6,83.0,24.593050591100212,86.97246855752597
Madurai,2023-10-21 02:15:00,25.0,94.0,24.75430377386255,89.25911202531184
Madurai,2023-10-22 02:30:00,24.0,89.0,25.09052678169617,94.01384737569663
Madurai,2023-10-23 02:15:00,26.0,89.0,24.541906999773094,88.72595556935568
Madurai,2023-10-24 02:15:00,24.9,86.0,25.220366423052873,89.62132069597413
Madurai,2023-10-25 02:30:00,24.9,87.0,24.894424062638603,86.6933164949493
Madurai,2023-10-26 02:00:00,24.9,86.0,24.81315407936199,87.30074424301019
Madurai,2023-10-27 02:30:00,24.5,84.0,24.717842656034982,84.39340357421524
Madurai,2023-10-28 02:00:00,27.0,79.0,24.726096509192356,86.47014082946454
Madurai,2023-10-29 02:45:00,26.0,89.0,25.620251785219764,82.22182765431874
Madurai,2023-10-30 02:00:00,25.0,94.0,25.939272900770582,89.09444626422697
Mahamaya,2023-10-15 02:30:00,27.0,84.0,25.23228673279094,72.92695337515694
Mahamaya,2023-10-16 02:30:00,23.6,68.0,24.862857892360807,74.81400090585625
Mahamaya,2023-10-17 02:30:00,23.7,70.0,23.75969331046195,69.2212858474443
Mahamaya,2023-10-18 02:30:00,24.4,75.0,23.235404804738398,67.56286192693898
Mahamaya,2023-10-19 02:30:00,26.0,84.0,24.394247946988713,75.76876554831976
Mahamaya,2023-10-20 02:30:00,23.3,75.0,24.577738866528748,75.6413186599338
Mahamaya,2023-10-21 02:15:00,22.1,70.0,22.75539965000584,72.33921474645366
Mahamaya,2023-10-22 02:30:00,22.4,71.0,22.010257414860504,68.9438987440814
Mahamaya,2023-10-23 02:15:00,24.0,79.0,22.380620482162392,69.31314479848116
Mahamaya,2023-10-24 02:15:00,22.4,96.0,23.696632302401373,81.61809206529784
Mahamaya,2023-10-25 02:30:00,24.0,94.0,23.600929354284755,91.62155123517472
Mahamaya,2023-10-26 02:00:00,24.0,75.0,23.587138665689228,86.10569673763132
Mahamaya,2023-10-27 02:30:00,23.6,72.0,23.436226234348528,72.93966824438688
Mahamaya,2023-10-28 02:00:00,23.2,58.0,23.55295944801512,69.79049236864842
Mahamaya,2023-10-29 02:45:00,22.2,65.0,23.146208420422408,64.8086399053827
Mahamaya,2023-10-30 02:00:00,21.9,67.0,21.645345513709213,65.63396688666599
Mahasamund,2023-10-15 02:30:00,22.8,65.0,23.660767723485254,62.31721269599401
Mahasamund,2023-10-16 02:30:00,23.6,65.0,22.909098994558803,64.39082532901183
Mahasamund,2023-10-17 02:15:00,22.4,65.0,23.23993542913178,62.408879529952024
Mahasamund,2023-10-18 02:30:00,22.5,70.0,22.594194316262797,62.547582555005256
Mahasamund,2023-10-19 02:15:00,22.1,79.0,22.475766540057617,67.71764720850997
Mahasamund,2023-10-20 02:30:00,22.2,78.0,22.11587115904562,76.18516520754477
Mahasamund,2023-10-21 02:15:00,20.3,70.0,21.73600776647479,75.53816509541743
Mahasamund,2023-10-22 02:15:00,19.4,66.0,20.453300425598396,71.17422042188824
Mahasamund,2023-10-23 02:15:00,18.7,61.0,19.402364569584147,66.55540913490124
Mahasamund,2023-10-24 02:15:00,18.3,64.0,18.677725378736582,67.23000103917778
Mahasamund,2023-10-25 02:15:00,19.1,65.0,18.385279737798182,65.83308898555113
Mahasamund,2023-10-26 02:00:00,18.9,60.0,18.58097760937336,65.21761816068602
Mahasamund,2023-10-27 02:15:00,18.8,56.0,18.187024907692066,67.18977841141276
Mahasamund,2023-10-28 02:00:00,18.8,63.0,18.367085342498065,64.34261115478498
Mahasamund,2023-10-29 02:30:00,18.7,65.0,18.799868197067337,65.85894940373325
Mahasamund,2023-10-30 01:45:00,19.3,67.0,18.87590512600992,64.83143677200988
Mahe,2023-10-15 02:30:00,25.1,91.0,24.60768205858129,90.35794481177905
Mahe,2023-10-16 02:30:00,24.8,90.0,24.87596611476639,90.41764211330772
Mahe,2023-10-17 02:15:00,25.4,87.0,24.32104572463744,93.05050870621561
Mahe,2023-10-18 02:30:00,24.7,93.0,25.243073214886877,88.57472152108134
Mahe,2023-10-19 02:15:00,25.6,85.0,24.776289808703872,90.66948013710855
Mahe,2023-10-20 02:30:00,25.6,84.0,25.37816428139851,87.0368195005687
Mahe,2023-10-21 02:15:00,24.7,89.0,25.36876468171865,85.06498933905168
Mahe,2023-10-22 02:15:00,24.4,92.0,24.858814650231146,86.95433463902592
Mahe,2023-10-23 02:15:00,24.6,90.0,24.59120066054784,89.65249347240803
Mahe,2023-10-24 02:15:00,25.1,87.0,24.43209024087172,90.12877101984851
Mahe,2023-10-25 02:15:00,24.3,90.0,24.83288932804983,88.56445849076877
Mahe,2023-10-26 02:00:00,24.4,89.0,24.46184829395183,86.40523533270456
Mahe,2023-10-27 02:15:00,24.5,82.0,24.140065617240307,84.58373589097839
Mahe,2023-10-28 02:00:00,24.9,84.0,24.564440408867288,84.30363311741091
Mahe,2023-10-29 02:30:00,24.5,90.0,24.79386810928888,86.24809245344846
Mahe,2023-10-30 01:45:00,24.5,93.0,24.65523914081295,89.33307827173944
Mahendragarh,2023-10-15 02:30:00,26.7,33.0,27.199794050581815,34.58638513008838
Mahendragarh,2023-10-16 02:30:00,27.1,38.0,26.82517784192783,34.60600914850577
Mahendragarh,2023-10-17 02:15:00,20.4,79.0,26.94487302152483,40.112646344515774
Mahendragarh,2023-10-18 02:30:00,23.2,57.0,22.04940245949248,38.32555273244687
Mahendragarh,2023-10-19 02:15:00,22.2,45.0,22.608375541778823,57.948579978061716
Mahendragarh,2023-10-20 02:30:00,22.8,43.0,22.466866647220527,45.37278799226878
Mahendragarh,2023-10-21 02:15:00,23.6,42.0,23.1965994492139,44.27463556770837
Mahendragarh,2023-10-22 02:15:00,23.3,34.0,23.71027139338582,46.682507992263304
Mahendragarh,2023-10-23 02:15:00,23.7,37.0,23.521928777763865,39.64424285223433
Mahendragarh,2023-10-24 02:15:00,22.0,65.0,23.761374251925925,43.90813416223858
Mahendragarh,2023-10-25 02:15:00,23.0,40.0,22.569451229797988,52.645375724486904
Mahendragarh,2023-10-26 02:00:00,22.9,42.0,23.063653626042615,47.125318787279475
Mahendragarh,2023-10-27 02:15:00,22.3,34.0,22.66028931210528,40.315042642796115
Mahendragarh,2023-10-28 02:00:00,22.9,21.0,22.823031954068984,38.611469086832834
Mahendragarh,2023-10-29 02:30:00,24.0,31.0,23.64397875242627,28.013742088698017
Mahendragarh,2023-10-30 01:45:00,24.5,36.0,24.77850507920593,35.729056702561415
Mahesana,2023-10-15 02:30:00,26.4,67.0,27.43696037052348,52.72459079507384
Mahesana,2023-10-16 02:30:00,25.5,65.0,26.978249918112052,62.24221018566473
Mahesana,2023-10-17 02:15:00,25.0,67.0,26.097890530538546,59.09862302712476
Mahesana,2023-10-18 02:15:00,24.7,62.0,25.69855540856184,61.724496339298206
Mahesana,2023-10-19 02:15:00,25.2,46.0,25.599824607809143,59.0595940654051
Mahesana,2023-10-20 02:30:00,25.7,43.0,25.78580393864061,52.376317801614185
Mahesana,2023-10-21 02:15:00,25.8,43.0,26.20926993997168,45.94586424300501
Mahesana,2023-10-22 02:15:00,26.3,38.0,26.720730449936834,45.53106336242222
Mahesana,2023-10-23 02:00:00,25.9,39.0,27.303826290628322,43.55716581763809
Mahesana,2023-10-24 02:15:00,25.5,38.0,27.03216086108802,44.76715253629434
Mahesana,2023-10-25 02:15:00,25.4,33.0,26.581616309286787,43.73229682989402
Mahesana,2023-10-26 02:00:00,24.7,39.0,26.51353827089712,38.691197091478465
Mahesana,2023-10-27 02:15:00,24.4,39.0,25.376759197346274,45.821374134267984
Mahesana,2023-10-28 02:00:00,24.8,33.0,25.165685505458757,44.63664953574872
Mahesana,2023-10-29 02:30:00,24.6,33.0,25.34798801918808,40.24992950699114
Mahesana,2023-10-30 01:45:00,25.2,34.0,25.29589112873193,39.36460018260529
Mahoba,2023-10-15 02:30:00,26.2,41.0,25.89830707541673,45.93076003675535
Mahoba,2023-10-16 02:30:00,26.0,42.0,26.45789427539824,46.46483450403263
Mahoba,2023-10-17 02:30:00,21.3,76.0,26.528420122492342,47.31569727306421
Mahoba,2023-10-18 02:30:00,23.6,69.0,21.83871425775053,50.81522713528979
Mahoba,2023-10-19 02:30:00,23.8,48.0,23.17753406147191,67.52719423112622
Mahoba,2023-10-20 02:30:00,22.9,43.0,23.317013406684715,55.27970985740211
Mahoba,2023-10-21 02:15:00,22.5,46.0,22.375707319450186,47.79601838138784
Mahoba,2023-10-22 02:30:00,22.0,45.0,22.59529623067013,53.73994506452281
Mahoba,2023-10-23 02:15:00,21.3,51.0,21.617568689389092,53.01520823765532
Mahoba,2023-10-24 02:15:00,21.7,49.0,21.43061030839694,60.152299656781565
Mahoba,2023-10-25 02:30:00,21.7,48.0,21.693987917970723,56.712859214275355
Mahoba,2023-10-26 02:00:00,21.9,41.0,21.599934867058874,57.378297061390754
Mahoba,2023-10-27 02:30:00,21.7,34.0,21.643918868580347,53.17778655761961
Mahoba,2023-10-28 02:00:00,21.7,35.0,22.111086786788693,46.58517009603623
Mahoba,2023-10-29 02:45:00,22.1,37.0,21.781898531037175,47.28622572780268
Mahoba,2023-10-30 02:00:00,22.1,39.0,21.923548631868186,50.09131182582051
Mainpuri,2023-10-15 02:30:00,26.9,37.0,26.347648165375205,40.81170674070235
Mainpuri,2023-10-16 02:30:00,26.6,42.0,26.924949257436143,41.29056934752232
Mainpuri,2023-10-17 02:30:00,21.0,73.0,26.57475215835909,42.439744787712975
Mainpuri,2023-10-18 02:30:00,22.9,58.0,22.679130425048605,60.9872841146343
Mainpuri,2023-10-19 02:30:00,23.1,48.0,22.344048025600685,58.49263946981681
Mainpuri,2023-10-20 02:30:00,22.1,45.0,22.780204880186556,52.116453313627304
Mainpuri,2023-10-21 02:15:00,22.0,46.0,21.84669628742774,52.697421074868785
Mainpuri,2023-10-22 02:30:00,22.3,47.0,21.90238619571733,56.84806250124418
Mainpuri,2023-10-23 02:15:00,22.6,40.0,22.40837235160527,55.89234133173988
Mainpuri,2023-10-24 02:15:00,22.2,43.0,22.66001076206313,47.60325653853167
Mainpuri,2023-10-25 02:30:00,22.0,49.0,21.847143147892456,46.90589695563784
Mainpuri,2023-10-26 02:00:00,22.4,37.0,22.130142089059817,54.14858857032492
Mainpuri,2023-10-27 02:30:00,22.5,33.0,22.278637918480275,45.90608111960585
Mainpuri,2023-10-28 02:00:00,21.4,37.0,22.17455255980199,41.785256011044005
Mainpuri,2023-10-29 02:45:00,23.1,33.0,22.056189703619275,50.488340281418296
Mainpuri,2023-10-30 02:00:00,22.9,38.0,22.96520668147305,43.16411387230642
Majuli,2023-10-15 02:30:00,20.9,97.0,20.890908938221287,94.41504748245785
Majuli,2023-10-16 02:30:00,21.0,95.0,20.56541585380621,96.5946501301264
Majuli,2023-10-17 02:30:00,20.7,94.0,20.470400026235296,92.4263593731188
Majuli,2023-10-18 02:30:00,21.1,95.0,20.27677507105491,96.62024571201856
Majuli,2023-10-19 02:30:00,20.3,95.0,20.599248884202996,94.09069649825256
Majuli,2023-10-20 02:30:00,20.4,94.0,20.297287844417205,91.44075222899424
Majuli,2023-10-21 02:30:00,20.1,94.0,19.72307273270893,96.0755060284125
Majuli,2023-10-22 02:30:00,19.6,94.0,19.5734353917851,87.54288655839615
Majuli,2023-10-23 02:15:00,19.3,94.0,18.892072282549595,86.61865014201157
Majuli,2023-10-24 02:15:00,21.1,85.0,19.096878219512412,89.73591367940864
Majuli,2023-10-25 02:30:00,20.0,89.0,20.3854413692279,83.85253113065032
Majuli,2023-10-26 02:00:00,20.3,96.0,20.195165487351648,90.14936462635053
Majuli,2023-10-27 02:30:00,19.9,98.0,19.83251887698311,96.14526224330568
Majuli,2023-10-28 02:00:00,19.8,96.0,19.712112564943215,95.34968655602468
Majuli,2023-10-29 02:45:00,19.4,95.0,19.127760880132026,95.13865439876598
Majuli,2023-10-30 02:00:00,20.2,96.0,18.97935573144479,96.10621852839947
Malappuram,2023-10-15 02:30:00,22.0,100.0,23.159205327177446,95.09899436655589
Malappuram,2023-10-16 02:30:00,25.0,89.0,22.483711953807273,95.33542888928159
Malappuram,2023-10-17 02:30:00,23.0,94.0,23.645531396139663,91.08370180812196
Malappuram,2023-10-18 02:30:00,24.0,94.0,23.6525405218816,92.94612131661732
Malappuram,2023-10-19 02:15:00,25.0,89.0,23.867812955071255,93.3108702496754
Malappuram,2023-10-20 02:30:00,26.0,89.0,24.340999357890077,94.8527418523944
Malappuram,2023-10-21 02:15:00,23.0,94.0,25.50887966353057,89.02844580934585
Malappuram,2023-10-22 02:15:00,25.0,83.0,23.835535073809474,92.3904374509087
Malappuram,2023-10-23 02:15:00,24.0,94.0,24.272537333583386,89.22815012371824
Malappuram,2023-10-24 02:15:00,23.0,94.0,24.12347252985633,92.51831819643785
Malappuram,2023-10-25 02:15:00,25.0,94.0,23.052676303838936,95.91663461069062
Malappuram,2023-10-26 02:00:00,25.0,89.0,24.525556266227248,93.08832172919685
Malappuram,2023-10-27 02:15:00,26.0,89.0,25.04887562031488,90.71418189975253
Malappuram,2023-10-28 02:00:00,23.0,100.0,25.438957253474893,92.65226654239123
Malappuram,2023-10-29 02:45:00,24.0,94.0,23.97735679617193,93.67254999224699
Malappuram,2023-10-30 02:00:00,24.0,94.0,24.16592436897017,93.29843953310895
Maldah,2023-10-15 02:30:00,23.2,68.0,23.44722526934577,63.503544509219466
Maldah,2023-10-16 02:30:00,23.9,69.0,23.572194478245756,66.53100673504152
Maldah,2023-10-17 02:30:00,23.1,76.0,23.535423060453315,67.53846366146861
Maldah,2023-10-18 02:30:00,23.7,76.0,22.912852061431426,72.12849941129967
Maldah,2023-10-19 02:15:00,22.8,78.0,22.837877131888796,67.34389884751266
Maldah,2023-10-20 02:30:00,22.2,74.0,22.139518278222393,70.83742117322033
Maldah,2023-10-21 02:15:00,21.7,76.0,21.56032672591173,68.115238620368
Maldah,2023-10-22 02:15:00,21.8,77.0,21.170136601534413,70.09443616659611
Maldah,2023-10-23 02:15:00,22.6,79.0,21.707156046710047,74.77774724320744
Maldah,2023-10-24 02:15:00,21.8,95.0,22.182118385930313,86.21465740888158
Maldah,2023-10-25 02:15:00,22.5,89.0,21.68337261223282,82.28673034956526
Maldah,2023-10-26 02:00:00,23.1,79.0,22.19039240861328,81.40042842207758
Maldah,2023-10-27 02:15:00,22.1,58.0,22.46627245794083,71.93534222140377
Maldah,2023-10-28 02:00:00,22.6,63.0,22.10356622259535,69.56618320726189
Maldah,2023-10-29 02:45:00,21.4,58.0,21.77609465826701,63.95323991567612
Maldah,2023-10-30 01:45:00,22.0,69.0,20.759597038959253,64.42843134866047
Malkangiri,2023-10-15 02:30:00,22.1,84.0,21.673617911214404,78.3263655561023
Malkangiri,2023-10-16 02:30:00,21.7,82.0,21.846441782638344,83.58922098309111
Malkangiri,2023-10-17 02:30:00,22.0,82.0,21.568554478250395,81.01871845976899
Malkangiri,2023-10-18 02:30:00,20.9,79.0,21.62147228104403,79.22839563284506
Malkangiri,2023-10-19 02:30:00,21.3,83.0,21.24217192738452,80.10681439063728
Malkangiri,2023-10-20 02:30:00,20.5,83.0,20.689600918726114,80.17103588023554
Malkangiri,2023-10-21 02:15:00,20.5,84.0,20.592203010109042,80.7643542726852
Malkangiri,2023-10-22 02:30:00,19.2,76.0,20.42106838358934,82.31142598088572
Malkangiri,2023-10-23 02:15:00,18.0,83.0,18.96680588902947,77.96424000541143
Malkangiri,2023-10-24 02:15:00,19.0,84.0,18.242084667355677,80.38977815524778
Malkangiri,2023-10-25 02:15:00,19.4,79.0,19.116818011397246,84.10594733481113
Malkangiri,2023-10-26 02:00:00,19.7,78.0,19.477113290311333,79.34128136440633
Malkangiri,2023-10-27 02:15:00,19.0,68.0,19.685131688564965,79.25994453621402
Malkangiri,2023-10-28 02:00:00,19.7,68.0,19.176881507735814,73.26020840788044
Malkangiri,2023-10-29 02:45:00,21.9,80.0,19.62191177880536,68.75674603851797
Malkangiri,2023-10-30 02:00:00,20.2,72.0,21.517889976742918,78.03439339595654
Mamit,2023-10-15 02:30:00,17.3,98.0,21.07731866796653,96.24189847185696
Mamit,2023-10-16 02:30:00,18.6,98.0,17.244199659504677,98.87241955254109
Mamit,2023-10-17 02:15:00,19.0,94.0,18.51019824663258,92.16955405063327
Mamit,2023-10-18 02:30:00,19.5,92.0,18.7180758215425,91.41874876251094
Mamit,2023-10-19 02:15:00,19.1,96.0,18.74159226893438,95.6045028015918
Mamit,2023-10-20 02:30:00,19.1,92.0,18.70102863563406,90.84290828955959
Mamit,2023-10-21 02:15:00,19.1,89.0,18.14543503304399,85.4164948122827
Mamit,2023-10-22 02:15:00,20.2,93.0,18.494307732779983,89.93072913059548
Mamit,2023-10-23 02:15:00,21.6,100.0,19.402398201689653,97.07579910846006
Mamit,2023-10-24 02:15:00,20.6,100.0,20.636796112582463,99.30802261592389
Mamit,2023-10-25 02:15:00,21.9,82.0,20.805166337828283,95.88129081538638
Mamit,2023-10-26 02:00:00,20.8,96.0,20.91946023599149,95.1185095362877
Mamit,2023-10-27 02:15:00,19.8,99.0,20.693897348605883,98.60734111246956
Mamit,2023-10-28 02:00:00,18.8,98.0,19.460031803720796,99.64620945080415
Mamit,2023-10-29 02:30:00,18.5,97.0,18.731590776578646,97.43631964369258
Mamit,2023-10-30 01:45:00,18.6,84.0,17.624102844906304,86.77608371960869
Mancherial,2023-10-16 02:30:00,23.9,69.0,23.773048901875402,70.63046594984138
Mancherial,2023-10-17 02:30:00,25.1,64.0,23.646615804932164,70.5775006852957
Mancherial,2023-10-18 02:30:00,22.7,75.0,24.43667268732555,63.49641636200638
Mancherial,2023-10-19 02:30:00,22.8,75.0,22.910827999561764,74.36727243727155
Mancherial,2023-10-20 02:30:00,23.2,76.0,22.773670172235537,75.35482053307334
Mancherial,2023-10-21 02:30:00,24.0,70.0,23.09415763027099,76.65229911177269
Mancherial,2023-10-22 02:30:00,20.2,61.0,23.38226725146264,71.87752667291315
Mancherial,2023-10-23 02:15:00,19.9,61.0,20.79646274137808,66.62008523407853
Mancherial,2023-10-24 02:15:00,19.3,65.0,20.117348418767516,66.6697813419044
Mancherial,2023-10-25 02:30:00,19.4,62.0,19.445486673010727,65.97573958710521
Mancherial,2023-10-26 02:00:00,19.6,57.0,19.71415061916134,65.59127358549985
Mancherial,2023-10-27 02:30:00,18.6,53.0,19.36933447142861,64.16472768039097
Mancherial,2023-10-28 02:00:00,19.3,63.0,18.655871490496104,64.86272025237163
Mancherial,2023-10-29 02:45:00,19.8,59.0,19.42418482612621,65.80056652880674
Mancherial,2023-10-30 02:00:00,19.8,66.0,19.86116036647271,64.46780946508223
Mandi,2023-10-15 02:30:00,13.0,57.0,12.918537721872418,67.81826576139267
Mandi,2023-10-16 02:30:00,13.9,59.0,12.730028176076928,57.066459797069705
Mandi,2023-10-17 02:15:00,13.3,61.0,12.720529287102464,68.2742578739918
Mandi,2023-10-18 02:15:00,10.2,54.0,12.739966911468839,62.94136554506644
Mandi,2023-10-19 02:15:00,12.0,54.0,9.605941015210844,55.546729276965145
Mandi,2023-10-20 02:15:00,10.5,53.0,11.163694287121686,55.048778138164714
Mandi,2023-10-21 02:15:00,10.7,54.0,10.267123154324755,55.023126921140424
Mandi,2023-10-22 02:15:00,10.8,45.0,10.121546051451979,59.05138570741814
Mandi,2023-10-23 02:00:00,10.7,44.0,10.520508144264907,51.820789389465894
Mandi,2023-10-24 02:15:00,10.9,49.0,10.322075491349667,50.138161559383605
Mandi,2023-10-25 02:15:00,10.9,45.0,10.623642594507395,54.32080135203308
Mandi,2023-10-26 02:00:00,11.0,40.0,10.595953357131894,45.52640317743678
Mandi,2023-10-27 02:15:00,11.3,42.0,10.435828444995394,43.18883750127348
Mandi,2023-10-28 02:00:00,11.6,47.0,10.43435700947594,44.99943712100496
Mandi,2023-10-29 02:30:00,12.6,46.0,11.242245582602605,55.96566040277427
Mandi,2023-10-30 01:45:00,11.8,45.0,12.006899382247477,49.31169652655444
Mandla,2023-10-15 02:30:00,20.0,71.0,20.360747188181403,62.968569170022384
Mandla,2023-10-16 02:30:00,20.1,71.0,20.17320491336234,70.28547480925847
Mandla,2023-10-17 02:15:00,19.2,81.0,20.217190353422307,69.1478976727913
Mandla,2023-10-18 02:15:00,19.2,79.0,19.290929024620915,76.89716269242908
Mandla,2023-10-19 02:15:00,19.3,79.0,18.995798333265398,75.78362900043317
Mandla,2023-10-20 02:15:00,18.7,80.0,19.033231339544304,74.69856431353041
Mandla,2023-10-21 02:00:00,17.3,62.0,18.485682198553878,75.59239943657434
Mandla,2023-10-22 02:15:00,16.7,63.0,16.323810382868377,66.33316062977224
Mandla,2023-10-23 02:00:00,15.9,62.0,16.258303859487498,63.555997260389105
Mandla,2023-10-24 02:15:00,15.6,65.0,15.272838230065416,64.36426836491772
Mandla,2023-10-25 02:15:00,15.8,69.0,15.373362974054242,64.16618993305973
Mandla,2023-10-26 02:00:00,15.8,63.0,15.02964858095786,69.10529637761078
Mandla,2023-10-27 02:15:00,15.3,56.0,15.068086230258501,64.09812848987796
Mandla,2023-10-28 02:00:00,15.2,59.0,14.770413348092928,63.73354920000764
Mandla,2023-10-29 02:30:00,15.4,63.0,15.005441147602912,63.629590438808094
Mandla,2023-10-30 01:45:00,15.9,61.0,15.178700546948882,64.28360572698894
Mandsaur,2023-10-15 02:30:00,22.7,50.0,24.345597228308606,52.16535491635276
Mandsaur,2023-10-16 02:30:00,22.5,68.0,23.45399773867629,52.564455060961045
Mandsaur,2023-10-17 02:15:00,22.8,61.0,22.99446360532484,61.16953174237221
Mandsaur,2023-10-18 02:15:00,21.6,59.0,23.12611372138217,56.5771580292751
Mandsaur,2023-10-19 02:15:00,22.5,58.0,22.145705821103416,55.0443306095773
Mandsaur,2023-10-20 02:15:00,21.7,50.0,22.848993594588052,53.61792864620014
Mandsaur,2023-10-21 02:00:00,22.5,49.0,22.369835054166828,51.69498249006554
Mandsaur,2023-10-22 02:15:00,21.8,40.0,22.74349112292552,53.69088827972635
Mandsaur,2023-10-23 02:00:00,21.9,42.0,22.455496624318236,44.681055514607436
Mandsaur,2023-10-24 02:15:00,23.5,40.0,22.669049162854403,46.905976406578745
Mandsaur,2023-10-25 02:15:00,21.2,37.0,23.783906550506927,45.00104188364579
Mandsaur,2023-10-26 02:00:00,21.5,35.0,22.394044448013126,46.59056760138334
Mandsaur,2023-10-27 02:15:00,20.6,31.0,21.744134373832598,44.219748336671906
Mandsaur,2023-10-28 02:00:00,20.5,36.0,21.428349440417346,44.25247047809913
Mandsaur,2023-10-29 02:30:00,21.2,40.0,21.399238108681494,46.95508369504653
Mandsaur,2023-10-30 01:45:00,21.7,38.0,21.40367491811835,48.71323365316838
Mandya,2023-10-15 02:30:00,20.7,62.0,20.510106334932917,65.76277173856583
Mandya,2023-10-16 02:30:00,20.5,75.0,20.715537783717338,64.3870114586124
Mandya,2023-10-17 02:30:00,20.6,93.0,20.673096808869158,74.12913703563544
Mandya,2023-10-18 02:30:00,21.3,82.0,20.727564747112925,89.46944692456327
Mandya,2023-10-19 02:15:00,22.6,71.0,20.867440401932164,79.457021970393
Mandya,2023-10-20 02:30:00,20.2,75.0,22.476392830202258,70.33724436942393
Mandya,2023-10-21 02:15:00,21.9,73.0,21.16648668762287,72.32638526441613
Mandya,2023-10-22 02:15:00,21.3,76.0,21.59938888601663,71.83527600391083
Mandya,2023-10-23 02:15:00,22.0,65.0,21.453147771058752,75.29665894049067
Mandya,2023-10-24 02:15:00,18.5,52.0,21.773536192716755,67.86390207769614
Mandya,2023-10-25 02:15:00,18.4,53.0,18.878575517068303,63.77246539953761
Mandya,2023-10-26 02:00:00,18.6,55.0,18.37251713369528,62.093181875136416
Mandya,2023-10-27 02:15:00,19.0,61.0,18.51827799839288,61.785530371206626
Mandya,2023-10-28 02:00:00,19.8,75.0,18.883665433798228,65.46509165501563
Mandya,2023-10-29 02:45:00,20.1,81.0,19.747998130484287,75.55444099535917
Mandya,2023-10-30 02:00:00,20.7,89.0,20.369073594133347,83.93044515374461
Mansa,2023-10-15 02:30:00,24.0,38.0,23.92113456999495,37.74357422368024
Mansa,2023-10-16 02:30:00,21.2,57.0,24.53253788925188,41.427327128593255
Mansa,2023-10-17 02:30:00,18.4,86.0,21.5062751747795,53.30855725834679
Mansa,2023-10-18 02:30:00,19.7,67.0,19.36353161131998,67.13916823071212
Mansa,2023-10-19 02:15:00,19.4,47.0,19.40015134556851,64.59952025255585
Mansa,2023-10-20 02:30:00,20.4,42.0,19.408239393592403,57.367020555498755
Mansa,2023-10-21 02:15:00,20.8,35.0,20.406906558785295,48.728594611434815
Mansa,2023-10-22 02:15:00,22.0,42.0,20.640387910646197,43.57369080738766
Mansa,2023-10-23 02:15:00,21.3,41.0,21.8662422420407,45.86868075771325
Mansa,2023-10-24 02:15:00,21.1,49.0,21.396461735845786,45.078606471449085
Mansa,2023-10-25 02:15:00,21.3,40.0,21.488025268550107,51.84646164490188
Mansa,2023-10-26 02:00:00,20.6,36.0,21.46184456066043,42.04006731457738
Mansa,2023-10-27 02:15:00,20.6,32.0,20.804302354517137,39.12346830479193
Mansa,2023-10-28 02:00:00,22.1,25.0,20.966669805473643,40.23968710134306
Mansa,2023-10-29 02:45:00,22.6,30.0,22.034029659054646,33.67962649139424
Mansa,2023-10-30 02:00:00,22.2,33.0,22.965060530664534,32.84571392431999
Mathura,2023-10-15 02:30:00,28.0,33.0,27.144626233183963,35.537881883571764
Mathura,2023-10-16 02:30:00,26.7,41.0,27.787173429371155,37.2224083799791
Mathura,2023-10-17 02:30:00,21.3,77.0,26.663110858277584,40.90895251018809
Mathura,2023-10-18 02:30:00,23.1,59.0,22.55960937851611,45.96713913494358
Mathura,2023-10-19 02:30:00,22.8,43.0,22.646945208018522,59.747099974931196
Mathura,2023-10-20 02:30:00,22.5,39.0,22.611212178533126,45.4544963431465
Mathura,2023-10-21 02:15:00,22.8,47.0,22.652162769653398,47.153728743501844
Mathura,2023-10-22 02:30:00,22.7,46.0,22.493608551949258,54.713243156576425
Mathura,2023-10-23 02:15:00,23.2,36.0,22.62509598012674,52.83412190195308
Mathura,2023-10-24 02:15:00,23.0,39.0,23.011429033303052,42.76493180737406
Mathura,2023-10-25 02:30:00,22.3,44.0,23.032088849817576,45.4136943081769
Mathura,2023-10-26 02:00:00,22.7,39.0,22.609820884375143,49.67952243138467
Mathura,2023-10-27 02:30:00,22.4,28.0,22.655338492915792,45.455949028411716
Mathura,2023-10-28 02:00:00,21.8,27.0,22.514264618173783,36.281181432956544
Mathura,2023-10-29 02:45:00,23.1,38.0,22.351395203523378,37.15941279583076
Mathura,2023-10-30 02:00:00,23.5,39.0,23.14579752798278,45.21057394733132
Mau,2023-10-15 02:30:00,23.1,60.0,22.896022862567637,59.393911528872096
Mau,2023-10-16 02:30:00,23.6,69.0,22.81742529171764,62.84898344841464
Mau,2023-10-17 02:30:00,23.0,85.0,23.399723819908832,74.17512917919102
Mau,2023-10-18 02:30:00,22.1,79.0,23.337859884004835,79.64069131032635
Mau,2023-10-19 02:30:00,21.3,62.0,21.742943371618573,71.25446826989948
Mau,2023-10-20 02:30:00,21.1,54.0,20.695876639475117,63.39632051315913
Mau,2023-10-21 02:15:00,21.0,56.0,20.675655752365817,58.46302778993921
Mau,2023-10-22 02:30:00,21.0,55.0,20.993227179055886,61.695979999708385
Mau,2023-10-23 02:15:00,21.0,56.0,20.696236340333865,58.957882497090864
Mau,2023-10-24 02:15:00,21.1,56.0,20.819209675319946,63.66142614151513
Mau,2023-10-25 02:30:00,21.9,60.0,21.227379887102003,66.01078430570499
Mau,2023-10-26 02:00:00,21.6,56.0,21.484504748923793,63.36191998679836
Mau,2023-10-27 02:30:00,21.7,56.0,21.114853648649465,63.1374735518121
Mau,2023-10-28 02:00:00,21.5,51.0,21.305124585599067,61.53246996379731
Mau,2023-10-29 02:45:00,21.7,49.0,21.02798645406125,60.40476427584466
Mau,2023-10-30 02:00:00,21.5,51.0,21.283648854682234,57.402085746681934
Mayurbhanj,2023-10-15 02:30:00,22.0,60.0,23.3737795836205,65.10524912912405
Mayurbhanj,2023-10-16 02:30:00,21.9,63.0,21.825756930125735,63.42373911660195
Mayurbhanj,2023-10-17 02:30:00,23.5,72.0,21.90672354365851,63.01054789471279
Mayurbhanj,2023-10-18 02:30:00,22.8,70.0,22.774243825268634,68.04109185122402
Mayurbhanj,2023-10-19 02:30:00,22.6,74.0,22.54967316911543,66.9917739675887
Mayurbhanj,2023-10-20 02:30:00,21.8,79.0,22.147303452519026,69.07200050388563
Mayurbhanj,2023-10-21 02:15:00,20.7,73.0,21.276969905730464,74.51549941764527
Mayurbhanj,2023-10-22 02:30:00,19.9,62.0,20.446550132118837,71.14216528595834
Mayurbhanj,2023-10-23 02:15:00,20.8,66.0,20.452548868037855,71.35146257029373
Mayurbhanj,2023-10-24 02:15:00,20.9,94.0,20.8709907278128,68.5867320193056
Mayurbhanj,2023-10-25 02:15:00,22.1,79.0,20.90895250617327,83.00988354627104
Mayurbhanj,2023-10-26 02:00:00,22.1,71.0,21.59299472709532,75.51965191428047
Mayurbhanj,2023-10-27 02:15:00,21.6,68.0,21.81005475513246,69.6352505585278
Mayurbhanj,2023-10-28 02:00:00,21.8,55.0,21.355922093687973,67.40804699464103
Mayurbhanj,2023-10-29 02:45:00,20.1,59.0,21.526867586339375,62.40609345506266
Mayurbhanj,2023-10-30 02:00:00,19.9,67.0,20.184756652201354,64.52404648598032
Medak,2023-10-15 02:30:00,23.4,72.0,22.680332003727397,74.10553363245987
Medak,2023-10-16 02:30:00,22.6,69.0,23.257681720323927,72.69291903313675
Medak,2023-10-17 02:30:00,22.4,77.0,22.499011905554863,69.87737999259161
Medak,2023-10-18 02:30:00,22.2,70.0,22.3076842714148,77.14871679157208
Medak,2023-10-19 02:30:00,22.3,70.0,22.09513464178613,71.01278203735838
Medak,2023-10-20 02:30:00,22.4,73.0,22.351226839867522,69.67734368200352
Medak,2023-10-21 02:30:00,22.1,77.0,22.473702466392123,72.99441787797863
Medak,2023-10-22 02:30:00,20.5,65.0,21.939252500439217,78.22856791790312
Medak,2023-10-23 02:15:00,19.5,57.0,20.674674921334503,66.90525842183972
Medak,2023-10-24 02:15:00,19.1,66.0,19.332235832103144,63.57739803609848
Medak,2023-10-25 02:30:00,19.0,62.0,19.215665027962448,69.59963799638345
Medak,2023-10-26 02:00:00,18.9,59.0,18.822155694491556,66.21737721095029
Medak,2023-10-27 02:30:00,18.4,56.0,18.30235002194824,65.10474408081923
Medak,2023-10-28 02:00:00,18.8,56.0,17.715326964708318,64.70988237058565
Medak,2023-10-29 02:45:00,20.1,66.0,18.683225363701766,65.67296466134103
Medak,2023-10-30 02:00:00,20.4,63.0,20.381126750369443,69.49736590573725
Medchal,2023-10-15 02:30:00,25.0,79.0,22.61596130319989,85.33894485246732
Medchal,2023-10-16 02:30:00,23.0,83.0,24.084850862359072,84.29801276410417
Medchal,2023-10-17 02:30:00,23.0,78.0,23.36525375019971,84.18416637872275
Medchal,2023-10-18 02:30:00,22.0,73.0,22.90881541538988,83.45558371267884
Medchal,2023-10-19 02:30:00,22.6,67.0,22.29119123872789,72.88100175689716
Medchal,2023-10-20 02:30:00,22.0,78.0,22.399582514470566,69.43834615161431
Medchal,2023-10-21 02:30:00,22.0,78.0,22.03586283508701,79.58564838468496
Medchal,2023-10-22 02:30:00,24.0,69.0,21.865277398138222,84.83987953790484
Medchal,2023-10-23 02:15:00,21.0,73.0,23.01645865512004,72.50229851495128
Medchal,2023-10-24 02:15:00,19.0,73.0,21.524441859003627,78.68729471932193
Medchal,2023-10-25 02:30:00,21.0,64.0,19.27266320217706,78.00358752844114
Medchal,2023-10-26 02:00:00,20.0,60.0,20.327684991744505,72.55717089210573
Medchal,2023-10-27 02:30:00,19.0,64.0,20.118751234639525,73.40383301037251
Medchal,2023-10-28 02:00:00,21.0,56.0,18.702345877566852,71.98245430966782
Medchal,2023-10-29 02:45:00,22.0,73.0,19.826259604645596,73.2677797833859
Medchal,2023-10-30 02:00:00,22.0,88.0,21.83527520722783,79.6303102982551
Medinipur,2023-10-15 02:30:00,22.5,63.0,23.987090160976887,71.42742320608468
Medinipur,2023-10-16 02:30:00,22.7,73.0,22.618514590093294,66.701953194748
Medinipur,2023-10-17 02:30:00,23.6,74.0,22.5910787801755,71.28043925527513
Medinipur,2023-10-18 02:30:00,23.6,77.0,23.377315780038128,73.31812843448454
Medinipur,2023-10-19 02:15:00,23.5,73.0,23.462090866715233,74.22688221837969
Medinipur,2023-10-20 02:30:00,22.2,72.0,22.940375518228826,68.16198399906871
Medinipur,2023-10-21 02:15:00,21.4,71.0,21.72886858797702,68.90587558134355
Medinipur,2023-10-22 02:15:00,20.9,73.0,21.050938641853968,69.39229173201461
Medinipur,2023-10-23 02:15:00,22.1,74.0,21.1496702110706,74.3761744216471
Medinipur,2023-10-24 02:15:00,21.8,93.0,21.9059847589494,73.94462946218259
Medinipur,2023-10-25 02:15:00,22.7,88.0,21.726014565701284,87.12773723174969
Medinipur,2023-10-26 02:00:00,23.6,76.0,22.273975974162944,81.29215287091853
Medinipur,2023-10-27 02:15:00,24.1,70.0,23.476636098725837,76.70457831057145
Medinipur,2023-10-28 02:00:00,22.7,61.0,23.798237555773053,69.93719486049245
Medinipur,2023-10-29 02:45:00,21.3,63.0,22.55689037900405,65.16640456757455
Medinipur,2023-10-30 02:00:00,20.8,69.0,20.688864604546847,66.16917518083473
Meerut,2023-10-15 02:30:00,25.0,47.0,24.01090503245862,45.45207387489182
Meerut,2023-10-16 02:30:00,24.7,48.0,25.157231147405497,52.54503345440752
Meerut,2023-10-17 02:30:00,19.5,81.0,24.758888537507804,49.483606458509705
Meerut,2023-10-18 02:30:00,21.5,56.0,20.632194467203185,51.07539170229624
Meerut,2023-10-19 02:30:00,20.6,45.0,20.81113185834569,63.496446846160424
Meerut,2023-10-20 02:30:00,21.0,41.0,20.705643576113754,51.99855761042148
Meerut,2023-10-21 02:15:00,21.4,44.0,20.89693895634126,53.3063144255006
Meerut,2023-10-22 02:30:00,21.0,43.0,21.226715724399646,57.243630074692256
Meerut,2023-10-23 02:15:00,22.0,47.0,21.427271028342865,54.517391911404694
Meerut,2023-10-24 02:15:00,21.2,49.0,21.86744590003697,52.7682843428223
Meerut,2023-10-25 02:30:00,21.7,37.0,21.175580590129677,54.172630137122155
Meerut,2023-10-26 02:00:00,21.5,31.0,21.589838565277095,44.686729867162086
Meerut,2023-10-27 02:30:00,21.5,36.0,21.445370838687168,43.025316925036726
Meerut,2023-10-28 02:00:00,21.5,30.0,22.01027109697259,47.44165774654062
Meerut,2023-10-29 02:45:00,21.5,37.0,22.019800316237063,43.10678327167528
Meerut,2023-10-30 02:00:00,21.6,43.0,21.65164814931019,48.5577007501746
Mirzapur,2023-10-15 02:30:00,23.5,51.0,22.764728744967908,51.833634744141
Mirzapur,2023-10-16 02:30:00,23.8,55.0,23.285449696014975,55.284574938639054
Mirzapur,2023-10-17 02:30:00,23.2,68.0,24.041942112353617,60.35721692439077
Mirzapur,2023-10-18 02:30:00,21.7,83.0,23.065232477558613,62.81647373475557
Mirzapur,2023-10-19 02:30:00,21.5,59.0,21.45792955843567,73.77558434419066
Mirzapur,2023-10-20 02:30:00,20.9,57.0,21.11352564272946,64.87639765751773
Mirzapur,2023-10-21 02:15:00,20.9,58.0,20.996632203303257,60.676737078748864
Mirzapur,2023-10-22 02:30:00,19.9,53.0,20.46184685070454,61.91186459930908
Mirzapur,2023-10-23 02:15:00,19.6,53.0,19.82639102726695,60.051486541114954
Mirzapur,2023-10-24 02:15:00,19.9,56.0,19.29076310526681,61.60310033948397
Mirzapur,2023-10-25 02:30:00,20.3,52.0,19.80207992292208,65.13476848574601
Mirzapur,2023-10-26 02:00:00,20.4,55.0,20.413876748458826,62.077692619760704
Mirzapur,2023-10-27 02:30:00,20.5,53.0,20.35450097272696,61.054073609572754
Mirzapur,2023-10-28 02:00:00,19.8,47.0,20.13348770070361,61.84856010330916
Mirzapur,2023-10-29 02:45:00,20.2,49.0,19.40426260189344,59.023552757194466
Mirzapur,2023-10-30 02:00:00,20.3,51.0,20.038937923663173,60.491925662995456
Moga,2023-10-15 02:30:00,24.1,43.0,23.6572468117547,39.157579037350075
Moga,2023-10-16 02:30:00,21.9,51.0,24.114097262981776,43.007255238703024
Moga,2023-10-17 02:30:00,18.4,83.0,21.98783595245293,49.667247559971685
Moga,2023-10-18 02:30:00,19.6,52.0,19.205713915883393,53.37273582392002
Moga,2023-10-19 02:15:00,19.7,52.0,19.23753970388606,57.8614859786859
Moga,2023-10-20 02:30:00,20.7,45.0,19.732733699021942,54.39224576940432
Moga,2023-10-21 02:15:00,20.2,37.0,20.58303049643613,47.89041454937533
Moga,2023-10-22 02:15:00,22.5,40.0,20.794962234641,46.293963344220096
Moga,2023-10-23 02:15:00,21.8,46.0,21.766971311662253,47.52446000959655
Moga,2023-10-24 02:15:00,21.7,48.0,21.848298996894435,48.41279857583369
Moga,2023-10-25 02:15:00,21.2,45.0,21.931347536517023,51.502247419781646
Moga,2023-10-26 02:00:00,21.2,35.0,21.593534555997813,47.41748965961091
Moga,2023-10-27 02:15:00,20.6,37.0,21.2564438144203,41.632642140807604
Moga,2023-10-28 02:00:00,21.9,34.0,21.149437481103092,45.748176240612885
Moga,2023-10-29 02:45:00,22.0,37.0,21.83888159702307,41.448172281026345
Moga,2023-10-30 02:00:00,22.0,36.0,22.304388211444138,41.02364739273796
Mokokchung,2023-10-15 02:30:00,16.5,96.0,16.785971775758348,97.07622541280458
Mokokchung,2023-10-16 02:30:00,16.4,95.0,16.206277307408058,97.10588329662808
Mokokchung,2023-10-17 02:15:00,16.2,88.0,15.936743455856181,94.02028007975633
Mokokchung,2023-10-18 02:30:00,16.8,93.0,15.677401991856751,91.1488797296697
Mokokchung,2023-10-19 02:15:00,16.5,95.0,15.993174585945209,96.46961141275308
Mokokchung,2023-10-20 02:30:00,16.2,95.0,15.428983556399977,96.72609898734585
Mokokchung,2023-10-21 02:15:00,16.0,93.0,15.310980341972305,92.50778387722879
Mokokchung,2023-10-22 02:15:00,15.3,85.0,14.589665182752562,86.82957991944377
Mokokchung,2023-10-23 02:15:00,16.2,89.0,14.198203116201093,81.4847574981584
Mokokchung,2023-10-24 02:15:00,17.6,91.0,15.715496374941658,90.08011978143179
Mokokchung,2023-10-25 02:15:00,17.3,85.0,16.94298858680937,93.06381773688082
Mokokchung,2023-10-26 02:00:00,16.7,98.0,16.43078049775353,91.51074667317143
Mokokchung,2023-10-27 02:15:00,16.1,98.0,16.221974275662593,98.426372555795
Mokokchung,2023-10-28 02:00:00,14.0,97.0,14.721039662715897,97.27736301656152
Mokokchung,2023-10-29 02:30:00,14.4,89.0,12.280433516857146,86.77050938735056
Mokokchung,2023-10-30 01:45:00,15.3,96.0,13.059629740168305,93.02693662090313
Mon,2023-10-15 02:30:00,17.5,93.0,19.799145222535785,94.35354303704257
Mon,2023-10-16 02:30:00,19.4,97.0,17.18432330508769,94.69776057614808
Mon,2023-10-17 02:15:00,19.8,86.0,18.645617341616077,90.56785984150925
Mon,2023-10-18 02:30:00,19.8,94.0,19.329356775375885,88.34723891071906
Mon,2023-10-19 02:15:00,18.8,94.0,19.005960869508172,92.52914384373683
Mon,2023-10-20 02:30:00,18.5,95.0,18.308867805364855,96.47405601058932
Mon,2023-10-21 02:15:00,18.6,81.0,17.85951975345046,89.20138342552438
Mon,2023-10-22 02:15:00,19.0,81.0,18.246207231483833,80.84169956467397
Mon,2023-10-23 02:15:00,19.1,81.0,18.250793295285327,78.72145044550257
Mon,2023-10-24 02:15:00,18.7,83.0,18.72765575572314,80.68628502522789
Mon,2023-10-25 02:15:00,19.9,85.0,18.71216511641086,80.26401620794294
Mon,2023-10-26 02:00:00,19.8,97.0,19.48459107077293,90.23086643172243
Mon,2023-10-27 02:15:00,18.8,98.0,19.499561676568867,95.48060059122437
Mon,2023-10-28 02:00:00,17.5,94.0,18.564020877335253,92.46713279275198
Mon,2023-10-29 02:30:00,18.2,90.0,16.13967626221378,86.17442452226827
Mon,2023-10-30 01:45:00,18.7,93.0,17.385970439116004,88.24555539183301
Moradabad,2023-10-15 02:30:00,22.5,55.0,21.625016635832424,59.86315290213649
Moradabad,2023-10-16 02:30:00,22.5,57.0,22.5138833825125,55.24225272672133
Moradabad,2023-10-17 02:30:00,19.2,86.0,22.2816367183877,58.13236028840851
Moradabad,2023-10-18 02:30:00,19.4,62.0,19.590612018019026,70.43649398034749
Moradabad,2023-10-19 02:30:00,18.6,57.0,18.906935845483677,63.040607037878324
Moradabad,2023-10-20 02:30:00,18.5,63.0,18.27549210564362,59.503942015167546
Moradabad,2023-10-21 02:15:00,19.3,53.0,18.15684783190529,63.36027192345195
Moradabad,2023-10-22 02:30:00,18.6,61.0,18.439706101954197,60.59338942847577
Moradabad,2023-10-23 02:15:00,19.6,57.0,18.761105083603866,66.66714577856699
Moradabad,2023-10-24 02:15:00,19.1,49.0,19.166379448337256,59.01583628059037
Moradabad,2023-10-25 02:30:00,19.7,51.0,18.940648108086197,58.06176347663263
Moradabad,2023-10-26 02:00:00,20.1,48.0,19.726109455211844,59.61664541394194
Moradabad,2023-10-27 02:30:00,19.6,55.0,19.993231731370805,55.97222219093965
Moradabad,2023-10-28 02:00:00,19.4,48.0,19.880323614366255,60.98689349130818
Moradabad,2023-10-29 02:45:00,19.3,49.0,19.39023839085553,57.99969893972884
Moradabad,2023-10-30 02:00:00,19.3,56.0,19.245662188457192,59.28511011165101
Morbi,2023-10-15 02:30:00,27.1,60.0,29.02212240297046,59.95531043479946
Morbi,2023-10-16 02:30:00,26.5,72.0,27.487460652548858,57.651601251020125
Morbi,2023-10-17 02:15:00,26.0,71.0,26.8422146854603,68.39336569839551
Morbi,2023-10-18 02:15:00,26.6,70.0,26.40963661153625,67.37250111250734
Morbi,2023-10-19 02:15:00,27.5,41.0,26.892949486899365,66.93031761875098
Morbi,2023-10-20 02:15:00,27.0,38.0,27.556658921765116,51.5698628868299
Morbi,2023-10-21 02:15:00,27.6,39.0,27.55314087701082,46.77091898180848
Morbi,2023-10-22 02:15:00,28.2,39.0,28.423687535627835,44.21899186726905
Morbi,2023-10-23 02:00:00,28.2,34.0,28.236292798980763,47.64453573281588
Morbi,2023-10-24 02:15:00,28.1,40.0,28.841156954573265,41.61141747059422
Morbi,2023-10-25 02:15:00,28.6,31.0,29.034544606171213,41.84874275575187
Morbi,2023-10-26 02:00:00,27.3,40.0,29.144190160979072,39.3403839269186
Morbi,2023-10-27 02:15:00,26.6,52.0,27.720856881498218,44.80201079720812
Morbi,2023-10-28 02:00:00,27.3,38.0,27.360022138216607,54.23004576760905
Morbi,2023-10-29 02:30:00,26.4,33.0,27.53072226855587,46.65677258480385
Morbi,2023-10-30 01:45:00,27.4,33.0,27.62445413532634,39.63980697013406
Morena,2023-10-15 02:30:00,27.4,40.0,26.753074454580993,44.959947707970535
Morena,2023-10-16 02:30:00,27.4,41.0,27.323377368935603,43.19092035598752
Morena,2023-10-17 02:15:00,21.1,80.0,27.1451935102022,39.042100268928664
Morena,2023-10-18 02:15:00,23.3,64.0,22.67431693384984,51.085730028638125
Morena,2023-10-19 02:15:00,23.6,46.0,22.827651874254247,61.88897283630727
Morena,2023-10-20 02:15:00,22.8,46.0,23.328956826357757,51.77602437372889
Morena,2023-10-21 02:00:00,22.7,45.0,22.84728156230949,51.13394937813622
Morena,2023-10-22 02:15:00,22.6,47.0,22.658595991061233,49.08083164185552
Morena,2023-10-23 02:00:00,23.0,40.0,22.678770166026236,52.72428604198899
Morena,2023-10-24 02:15:00,22.3,42.0,22.531199968712006,47.97866195941287
Morena,2023-10-25 02:15:00,21.9,45.0,22.284910370924376,50.020756317710706
Morena,2023-10-26 02:00:00,22.3,39.0,22.05780276309035,52.17639835196248
Morena,2023-10-27 02:15:00,21.3,32.0,22.111012547947855,48.461848463444
Morena,2023-10-28 02:00:00,21.7,31.0,21.493502984619187,46.72651279976256
Morena,2023-10-29 02:30:00,22.9,36.0,21.818959329142483,44.556467313908364
Morena,2023-10-30 01:45:00,23.8,37.0,22.754111585023807,43.315586363928006
Muktsar,2023-10-15 02:30:00,23.2,44.0,23.997746235677297,32.523378900381
Muktsar,2023-10-16 02:30:00,20.1,61.0,23.16739243776317,44.6805677946765
Muktsar,2023-10-17 02:30:00,18.0,88.0,20.88250894407957,59.87061230308974
Muktsar,2023-10-18 02:30:00,18.7,68.0,18.197226157822488,70.55540073782339
Muktsar,2023-10-19 02:15:00,19.6,48.0,18.57820572119757,64.7100029657921
Muktsar,2023-10-20 02:30:00,21.1,47.0,19.292515461859804,55.97710728119687
Muktsar,2023-10-21 02:15:00,20.5,37.0,20.73783120536757,54.03294564872725
Muktsar,2023-10-22 02:15:00,21.9,53.0,20.656961468639995,47.112430774928065
Muktsar,2023-10-23 02:15:00,21.5,48.0,21.34156289425387,54.41976880676008
Muktsar,2023-10-24 02:15:00,21.3,54.0,21.631443258545957,50.644350823108944
Muktsar,2023-10-25 02:15:00,20.7,47.0,21.346015319050252,52.809893705970346
Muktsar,2023-10-26 02:00:00,21.1,34.0,21.096759546795326,48.78754429398905
Muktsar,2023-10-27 02:15:00,21.0,30.0,20.97550745138887,37.50110317139085
Muktsar,2023-10-28 02:00:00,22.5,28.0,21.411685896748967,37.82239633586003
Muktsar,2023-10-29 02:45:00,22.2,34.0,22.52611024003995,33.49744604688787
Muktsar,2023-10-30 02:00:00,21.8,34.0,22.225085770179838,37.68488244293656
Mumbai,2023-10-17 02:15:00,31.0,66.0,29.21048467078738,86.68483564789021
Mumbai,2023-10-17 02:30:00,31.0,66.0,29.520451080843607,71.72481943007591
Mumbai,2023-10-18 02:30:00,29.0,94.0,29.230690745617576,68.03853194329811
Mumbai,2023-10-19 02:15:00,30.0,70.0,29.097346526411997,82.00243455070412
Mumbai,2023-10-19 02:30:00,30.0,70.0,29.095991169328027,75.66531110039568
Mumbai,2023-10-20 02:30:00,30.0,59.0,28.983726184829887,68.6714672071004
Mumbai,2023-10-21 02:15:00,31.0,59.0,29.08785077094967,63.96696092320191
Mumbai,2023-10-22 02:15:00,30.0,66.0,28.99893430548602,64.64926707723278
Mumbai,2023-10-22 02:30:00,30.0,66.0,28.838420471543945,65.86245712457874
Mumbai,2023-10-23 02:15:00,29.0,89.0,28.969882691797952,69.10543590311704
Mumbai,2023-10-23 02:15:00,29.0,89.0,28.940168493592196,82.22919055483828
Mumbai,2023-10-24 02:15:00,30.0,55.0,28.96382412433851,87.06822541570041
Mumbai,2023-10-25 02:15:00,29.0,62.0,29.122948800348315,74.70422144631543
Mumbai,2023-10-26 02:00:00,29.0,52.0,29.19424304511465,63.36118785070642
Mumbai,2023-10-27 02:15:00,28.0,55.0,29.030013197519008,65.12161359338342
Mumbai,2023-10-28 02:00:00,29.0,48.0,27.95805074470222,60.82382549964876
Mumbai,2023-10-29 02:45:00,28.0,51.0,28.972298781254953,63.08871393343288
Mumbai,2023-10-30 01:45:00,28.0,58.0,28.443347756415793,62.43278054111395
Mumbai,2023-10-30 02:00:00,28.0,58.0,28.453488000728765,63.508620573039
Mungeli,2023-10-15 02:30:00,24.1,64.0,24.325221750500575,62.35701373975935
Mungeli,2023-10-16 02:30:00,24.8,64.0,23.973714389813857,62.45203632800887
Mungeli,2023-10-17 02:30:00,22.2,70.0,24.47888656697055,63.91019916338951
Mungeli,2023-10-18 02:30:00,21.9,76.0,22.650255551101438,67.34357322984967
Mungeli,2023-10-19 02:15:00,21.5,75.0,21.900036086872277,70.74047570199215
Mungeli,2023-10-20 02:30:00,21.9,72.0,21.60824054051015,71.000494135472
Mungeli,2023-10-21 02:15:00,19.9,58.0,21.604507452164725,68.32886156622926
Mungeli,2023-10-22 02:15:00,19.7,67.0,20.282733481357415,63.88800948000812
Mungeli,2023-10-23 02:15:00,18.2,57.0,19.604181222427336,67.14884175583099
Mungeli,2023-10-24 02:15:00,17.9,63.0,17.775048636100497,65.26444310025784
Mungeli,2023-10-25 02:15:00,18.7,58.0,18.14428240930885,65.192979276774
Mungeli,2023-10-26 02:00:00,19.3,59.0,18.338746232633955,64.10423586084133
Mungeli,2023-10-27 02:15:00,19.1,54.0,19.04689077320453,63.492976868597076
Mungeli,2023-10-28 02:00:00,18.8,63.0,18.635156344968834,61.85345757375737
Mungeli,2023-10-29 02:30:00,19.0,61.0,18.878869752138257,64.9295727423037
Mungeli,2023-10-30 01:45:00,19.5,63.0,18.631941044589578,64.09343862880604
Munger,2023-10-15 02:30:00,22.7,72.0,23.469900159633344,66.49339623099483
Munger,2023-10-16 02:30:00,24.2,71.0,22.76616717543257,69.38272580700036
Munger,2023-10-17 02:15:00,23.8,75.0,23.438227958570995,66.41502474287363
Munger,2023-10-18 02:30:00,24.0,72.0,23.161679971728294,68.06706882158853
Munger,2023-10-19 02:15:00,21.8,75.0,23.37115353189733,64.82805595915606
Munger,2023-10-20 02:30:00,22.1,68.0,21.48528666075598,67.62858987153054
Munger,2023-10-21 02:15:00,21.1,64.0,21.384997394912997,66.40338176550789
Munger,2023-10-22 02:15:00,21.0,61.0,20.63459530698299,64.07827622894338
Munger,2023-10-23 02:15:00,20.9,62.0,20.93775819922355,65.11495424604153
Munger,2023-10-24 02:15:00,22.1,74.0,21.1093503096876,66.19963735348811
Munger,2023-10-25 02:15:00,22.7,73.0,21.67617870891638,71.91152179258495
Munger,2023-10-26 02:00:00,21.8,69.0,22.510448707529747,70.98730798034224
Munger,2023-10-27 02:15:00,20.4,59.0,21.12719576167993,67.88900003491156
Munger,2023-10-28 02:00:00,21.1,62.0,20.253248077139936,63.81008708120153
Munger,2023-10-29 02:30:00,21.9,60.0,20.42138801925688,64.35919683461839
Munger,2023-10-30 01:45:00,21.8,62.0,21.183921971745804,63.55794620504218
Murshidabad,2023-10-15 02:30:00,23.7,68.0,23.493780733953212,62.796694215785664
Murshidabad,2023-10-16 02:30:00,24.4,67.0,23.664030329824207,66.855113709933
Murshidabad,2023-10-17 02:30:00,23.7,77.0,24.114940232521164,65.4210183917325
Murshidabad,2023-10-18 02:30:00,24.4,69.0,23.58333455656664,74.84194516061622
Murshidabad,2023-10-19 02:15:00,23.7,75.0,23.687719501452076,63.37840923703488
Murshidabad,2023-10-20 02:30:00,22.6,69.0,22.871676884226154,67.36407039364438
Murshidabad,2023-10-21 02:15:00,22.3,73.0,22.092374237956548,65.77308283428106
Murshidabad,2023-10-22 02:15:00,22.4,79.0,21.655092579701066,67.65664867096251
Murshidabad,2023-10-23 02:15:00,23.0,76.0,22.31249421737754,76.5366356792724
Murshidabad,2023-10-24 02:15:00,22.6,90.0,22.702848897543525,84.86511278140777
Murshidabad,2023-10-25 02:15:00,23.3,86.0,22.518566380365527,84.04466138238946
Murshidabad,2023-10-26 02:00:00,25.5,70.0,22.92966070405597,79.793234189076
Murshidabad,2023-10-27 02:15:00,22.9,65.0,24.532218406066765,73.5564399466371
Murshidabad,2023-10-28 02:00:00,23.2,58.0,23.144957884815987,65.2507481876949
Murshidabad,2023-10-29 02:45:00,21.9,60.0,22.19502829858044,63.16756674905102
Murshidabad,2023-10-30 02:00:00,22.3,67.0,21.39216959537295,65.18169088973686
Muzaffarnagar,2023-10-15 02:30:00,22.3,53.0,21.319521933948867,53.878333484426754
Muzaffarnagar,2023-10-16 02:30:00,22.0,53.0,22.129586322241273,54.5223414412166
Muzaffarnagar,2023-10-17 02:30:00,17.6,87.0,21.76599406648687,55.16107402920295
Muzaffarnagar,2023-10-18 02:30:00,19.5,61.0,17.861680251850945,62.52628006235567
Muzaffarnagar,2023-10-19 02:30:00,18.2,52.0,18.785293067657136,62.39183418795473
Muzaffarnagar,2023-10-20 02:30:00,18.8,51.0,17.518667242316376,57.847399911096346
Muzaffarnagar,2023-10-21 02:15:00,19.1,53.0,18.051344853055788,59.409516369008344
Muzaffarnagar,2023-10-22 02:30:00,18.9,53.0,17.970700705087385,60.99794271668655
Muzaffarnagar,2023-10-23 02:15:00,19.9,52.0,18.262369562698886,60.46372694360412
Muzaffarnagar,2023-10-24 02:15:00,18.8,48.0,19.695065394175195,55.51303818198851
Muzaffarnagar,2023-10-25 02:30:00,20.0,50.0,18.710883204520623,55.0833904270815
Muzaffarnagar,2023-10-26 02:00:00,19.5,40.0,19.849927595374915,55.32119819660538
Muzaffarnagar,2023-10-27 02:30:00,19.5,43.0,19.028834488775143,49.41598557100354
Muzaffarnagar,2023-10-28 02:00:00,19.3,47.0,19.54990802372908,53.60120459158901
Muzaffarnagar,2023-10-29 02:45:00,19.4,43.0,19.13163633970016,58.42964936954513
Muzaffarnagar,2023-10-30 02:00:00,19.4,51.0,19.24212522509808,52.81831958875339
Muzaffarpur,2023-10-15 02:30:00,22.7,66.0,22.793926682055247,59.806182911930094
Muzaffarpur,2023-10-16 02:30:00,23.7,74.0,22.457432404912268,64.81526602335062
Muzaffarpur,2023-10-17 02:15:00,23.5,81.0,22.847157789052257,67.33068255623873
Muzaffarpur,2023-10-18 02:30:00,22.8,77.0,23.644594457739874,82.18492133714149
Muzaffarpur,2023-10-19 02:15:00,21.3,67.0,21.986914770867703,70.42003209753081
Muzaffarpur,2023-10-20 02:30:00,21.1,60.0,20.566040410697045,65.93014665939911
Muzaffarpur,2023-10-21 02:15:00,20.9,62.0,20.52259553367909,63.83919594151419
Muzaffarpur,2023-10-22 02:15:00,20.9,58.0,20.422412832137567,62.772785839487966
Muzaffarpur,2023-10-23 02:15:00,20.6,60.0,20.47035910461288,62.38855248719926
Muzaffarpur,2023-10-24 02:15:00,21.9,68.0,20.80935321248908,67.46479684379477
Muzaffarpur,2023-10-25 02:15:00,22.6,65.0,21.469346484598773,65.99185340810165
Muzaffarpur,2023-10-26 02:00:00,22.0,65.0,22.370498993852387,63.40200129651383
Muzaffarpur,2023-10-27 02:15:00,21.5,65.0,21.933867552956315,64.55087664007645
Muzaffarpur,2023-10-28 02:00:00,22.2,54.0,21.085348126636326,63.87226914577349
Muzaffarpur,2023-10-29 02:30:00,21.9,61.0,21.484590474034416,59.64062512879147
Muzaffarpur,2023-10-30 01:45:00,21.5,59.0,21.472502424663386,62.36577099181866
Mysore,2023-10-15 02:30:00,20.3,83.0,20.84215776106718,74.19865553240405
Mysore,2023-10-16 02:30:00,21.1,78.0,20.478618318799647,84.08568664375946
Mysore,2023-10-17 02:30:00,20.9,93.0,20.80362914176479,81.12366265234276
Mysore,2023-10-18 02:30:00,21.4,87.0,21.04104008408099,92.06934149158735
Mysore,2023-10-19 02:15:00,23.3,72.0,21.34963287480317,86.39350195429746
Mysore,2023-10-20 02:30:00,20.9,72.0,22.93204756406937,72.25387150308622
Mysore,2023-10-21 02:15:00,22.6,69.0,21.62748493715332,69.4466764056976
Mysore,2023-10-22 02:15:00,22.4,70.0,22.42512980750699,65.62920276658406
Mysore,2023-10-23 02:15:00,22.6,71.0,22.592595131978854,64.6244312554324
Mysore,2023-10-24 02:15:00,19.3,60.0,22.489873663016166,71.23106220060173
Mysore,2023-10-25 02:15:00,19.1,55.0,19.992143772661933,67.19975770949083
Mysore,2023-10-26 02:00:00,19.0,54.0,18.996782822479258,61.43812399990358
Mysore,2023-10-27 02:15:00,19.4,59.0,18.56336282411456,61.67916015591094
Mysore,2023-10-28 02:00:00,20.8,75.0,19.330742112585675,64.35402536519744
Mysore,2023-10-29 02:45:00,20.5,83.0,20.734087950767204,75.11016698626695
Mysore,2023-10-30 02:00:00,20.9,89.0,20.73567112841049,85.22965776787652
Nadia,2023-10-15 02:30:00,23.3,69.0,23.601495918582284,60.98634320609157
Nadia,2023-10-16 02:30:00,23.9,66.0,23.37805746170348,68.27415985614383
Nadia,2023-10-17 02:30:00,23.7,70.0,23.682658072125047,63.65207371509629
Nadia,2023-10-18 02:30:00,24.0,69.0,23.34832087900303,67.01387381172331
Nadia,2023-10-19 02:15:00,23.7,76.0,23.339851947922345,64.19014815470308
Nadia,2023-10-20 02:30:00,22.7,71.0,22.947346705518434,70.46680370506292
Nadia,2023-10-21 02:15:00,22.1,74.0,22.150722940612564,67.66652454135358
Nadia,2023-10-22 02:15:00,21.8,71.0,21.492186214934552,69.97243997802232
Nadia,2023-10-23 02:15:00,23.0,72.0,21.769861930843124,69.40987562188978
Nadia,2023-10-24 02:15:00,22.8,89.0,22.806722289638714,70.52053311737902
Nadia,2023-10-25 02:15:00,23.2,86.0,22.841466627400553,83.02678368340003
Nadia,2023-10-26 02:00:00,26.2,70.0,23.014818799488207,80.46962679541534
Nadia,2023-10-27 02:15:00,23.3,69.0,25.026069408492862,73.02217154717502
Nadia,2023-10-28 02:00:00,24.4,58.0,23.612670905441572,67.6424565680228
Nadia,2023-10-29 02:45:00,21.9,61.0,23.756906272967385,60.27822919041801
Nadia,2023-10-30 02:00:00,22.0,68.0,21.434419895655946,66.27091634931743
Nagaon,2023-10-15 02:30:00,20.2,83.0,22.96400883293843,78.15505383221648
Nagaon,2023-10-16 02:30:00,21.3,91.0,21.14342424227098,79.95361260184623
Nagaon,2023-10-17 02:15:00,23.9,87.0,21.260658227845155,86.06842251059442
Nagaon,2023-10-18 02:30:00,21.8,94.0,23.15731850744044,90.30893463245238
Nagaon,2023-10-19 02:15:00,21.4,73.0,22.46173912494079,87.6852485130238
Nagaon,2023-10-20 02:30:00,24.5,69.0,22.004890283780362,73.5003649525619
Nagaon,2023-10-21 02:15:00,24.3,72.0,23.956176325035468,65.43948311966913
Nagaon,2023-10-22 02:15:00,24.8,72.0,24.712297355474924,70.55527599741757
Nagaon,2023-10-23 02:15:00,20.5,85.0,24.813555004532684,70.9343058821267
Nagaon,2023-10-24 02:15:00,20.8,74.0,21.887488097638194,81.91912086377562
Nagaon,2023-10-25 02:15:00,22.6,78.0,21.18894498551387,76.77768099492945
Nagaon,2023-10-26 02:00:00,22.6,74.0,22.795508644876467,76.88538440669551
Nagaon,2023-10-27 02:15:00,20.7,48.0,22.61237942068014,73.44761087367452
Nagaon,2023-10-28 02:00:00,19.7,50.0,21.1462306781841,67.89313143671768
Nagaon,2023-10-29 02:30:00,20.4,56.0,20.096907834789832,61.37397337582496
Nagaon,2023-10-30 01:45:00,22.2,61.0,21.043154291325447,60.02611474783088
Nagapattinam,2023-10-15 02:30:00,26.1,82.0,25.6769659028835,85.91974334138389
Nagapattinam,2023-10-16 02:30:00,26.7,81.0,25.711524553658492,86.86052287233748
Nagapattinam,2023-10-17 02:30:00,26.2,81.0,25.900315660783527,85.85021431447039
Nagapattinam,2023-10-18 02:30:00,26.5,79.0,25.83461682977964,78.92080483905887
Nagapattinam,2023-10-19 02:30:00,26.4,79.0,25.92511658638324,81.920150908924
Nagapattinam,2023-10-20 02:30:00,26.1,81.0,26.00425356304947,82.16231924613821
Nagapattinam,2023-10-21 02:15:00,26.2,78.0,25.91140219198173,79.60372341574607
Nagapattinam,2023-10-22 02:30:00,26.1,89.0,25.905494445736327,76.92419478853172
Nagapattinam,2023-10-23 02:15:00,26.3,83.0,25.702249622416296,84.42733674074427
Nagapattinam,2023-10-24 02:15:00,25.7,84.0,26.015511144986885,84.99129070283557
Nagapattinam,2023-10-25 02:30:00,26.6,80.0,25.505521427860096,83.05289052456823
Nagapattinam,2023-10-26 02:00:00,26.5,77.0,26.02700541341906,79.75307255688566
Nagapattinam,2023-10-27 02:30:00,26.4,78.0,26.136805502280463,81.68838515658207
Nagapattinam,2023-10-28 02:00:00,25.8,85.0,26.152663654903275,82.09184403591416
Nagapattinam,2023-10-29 02:45:00,26.6,76.0,25.614274616892164,82.90933443701611
Nagapattinam,2023-10-30 02:00:00,26.2,84.0,26.23720712555951,81.52132857871362
Nagar,2023-10-15 02:30:00,19.7,62.0,20.57143340960885,61.9032389936781
Nagar,2023-10-16 02:30:00,20.9,64.0,19.7636138161076,63.77608120971798
Nagar,2023-10-17 02:30:00,19.7,74.0,20.726860010435253,61.499477008248014
Nagar,2023-10-18 02:30:00,18.6,85.0,19.825455621389278,73.76232965359642
Nagar,2023-10-19 02:15:00,18.7,82.0,18.788178493602775,78.0874940403438
Nagar,2023-10-19 02:30:00,18.7,82.0,18.597792595425776,75.82379210791936
Nagar,2023-10-20 02:30:00,18.4,73.0,18.48389218120428,75.91419024835683
Nagar,2023-10-21 02:15:00,17.3,61.0,17.752373228427363,69.2965316505022
Nagar,2023-10-22 02:15:00,16.7,65.0,15.931174650620935,67.60162502444537
Nagar,2023-10-22 02:30:00,16.7,65.0,16.252244511778144,63.086170608365435
Nagar,2023-10-23 02:15:00,15.7,60.0,16.123595791026954,64.45018656509285
Nagar,2023-10-24 02:15:00,16.1,67.0,15.675138360674726,65.66546222689668
Nagar,2023-10-25 02:15:00,16.6,60.0,15.322815028540878,67.43705627291169
Nagar,2023-10-25 02:30:00,16.6,60.0,15.941177080500822,66.27499853119517
Nagar,2023-10-26 02:00:00,16.3,63.0,16.041480355156185,66.62078401753837
Nagar,2023-10-27 02:15:00,15.9,65.0,15.764583283696723,64.92267182940772
Nagar,2023-10-27 02:30:00,15.9,65.0,15.029733523460044,64.55120620534136
Nagar,2023-10-28 02:00:00,15.8,52.0,15.008576877057394,64.2297384713388
Nagar,2023-10-29 02:30:00,16.4,64.0,15.023882125177963,63.799548627289106
Nagar,2023-10-29 02:45:00,16.4,64.0,15.91192639429175,64.62127987832804
Nagar,2023-10-30 01:45:00,16.7,61.0,15.734126315542,64.80393986545806
Nagar,2023-10-30 02:00:00,16.4,62.0,16.168687632320662,65.17119328926158
Nagaur,2023-10-15 02:30:00,27.7,49.0,28.02435975251485,39.85394048879611
Nagaur,2023-10-16 02:30:00,27.2,46.0,28.453099362068567,45.825575249883975
Nagaur,2023-10-17 02:30:00,23.3,58.0,28.01603076645986,44.86073479425283
Nagaur,2023-10-18 02:30:00,22.0,60.0,24.603810447490478,53.19245258492885
Nagaur,2023-10-19 02:30:00,23.7,52.0,22.685283897162485,54.5864033739383
Nagaur,2023-10-20 02:30:00,25.0,41.0,23.794561065254666,50.28931723833415
Nagaur,2023-10-21 02:15:00,25.4,37.0,25.506448115968873,44.539202597572114
Nagaur,2023-10-22 02:30:00,25.7,36.0,25.857811202356764,39.96061142739482
Nagaur,2023-10-23 02:15:00,25.3,39.0,26.235442812849545,39.82154936362912
Nagaur,2023-10-24 02:15:00,24.3,33.0,26.080250986422367,39.35658350485406
Nagaur,2023-10-25 02:30:00,24.8,36.0,25.545290763268376,36.17005104988547
Nagaur,2023-10-26 02:00:00,24.5,34.0,25.486081440393903,37.17570871822925
Nagaur,2023-10-27 02:15:00,24.6,29.0,24.906543168484042,33.730661116566594
Nagaur,2023-10-28 02:00:00,26.1,24.0,25.491012542612648,33.489014497864595
Nagaur,2023-10-29 02:45:00,25.9,30.0,27.03761082792442,28.75077493686638
Nagaur,2023-10-30 02:00:00,25.6,30.0,26.380980938684765,28.9730359915745
Nagpur,2023-10-15 02:30:00,23.0,89.0,23.654931589590483,82.36161913724206
Nagpur,2023-10-16 02:30:00,24.0,83.0,22.77959090162348,93.14854544408438
Nagpur,2023-10-17 02:30:00,24.0,89.0,23.794406981123533,81.37184616684569
Nagpur,2023-10-18 02:30:00,25.0,79.0,23.871026750851993,91.17313909336302
Nagpur,2023-10-19 02:30:00,26.0,84.0,24.428441370930788,89.64371351047969
Nagpur,2023-10-20 02:30:00,25.0,79.0,25.669587411113667,85.04124676137762
Nagpur,2023-10-21 02:15:00,23.0,83.0,24.45925554336777,81.66701301957549
Nagpur,2023-10-22 02:30:00,22.0,83.0,23.26905547245301,83.22061496943333
Nagpur,2023-10-23 02:15:00,22.0,78.0,22.364863969738142,81.92331986705248
Nagpur,2023-10-24 02:15:00,21.0,78.0,21.904372481452878,81.32294623445243
Nagpur,2023-10-25 02:15:00,21.0,78.0,21.021399765858753,82.04655969443259
Nagpur,2023-10-26 02:00:00,20.0,83.0,20.779180800367755,81.94164452015625
Nagpur,2023-10-27 02:15:00,20.0,83.0,20.45914083997748,83.77826096638175
Nagpur,2023-10-28 02:00:00,20.0,78.0,19.806478873023785,83.75945869157006
Nagpur,2023-10-29 02:45:00,19.0,83.0,19.692649463555757,83.13046608891133
Nagpur,2023-10-30 02:00:00,20.0,78.0,19.006995208456427,84.05429954161467
Nalbari,2023-10-15 02:30:00,20.8,90.0,20.76974496839979,83.30401208195342
Nalbari,2023-10-16 02:30:00,20.6,93.0,20.30686636312738,86.54660878172619
Nalbari,2023-10-17 02:15:00,21.6,91.0,20.24031548240472,90.62961228860907
Nalbari,2023-10-18 02:30:00,20.3,93.0,20.831463105000864,85.0260930703476
Nalbari,2023-10-19 02:15:00,20.1,95.0,20.363244456697828,96.22541368079109
Nalbari,2023-10-20 02:30:00,20.0,91.0,19.667090003640546,86.56211765387573
Nalbari,2023-10-21 02:15:00,19.8,93.0,19.547516435620167,84.28478822893877
Nalbari,2023-10-22 02:15:00,19.9,91.0,18.98094148689008,85.09254828517601
Nalbari,2023-10-23 02:15:00,19.9,91.0,19.50978049334575,83.21013630657194
Nalbari,2023-10-24 02:15:00,20.7,90.0,19.705912173134045,86.04520035124847
Nalbari,2023-10-25 02:15:00,19.8,93.0,20.12520104337887,85.70588255329652
Nalbari,2023-10-26 02:00:00,24.0,94.0,20.23097413866929,94.35169397918993
Nalbari,2023-10-27 02:15:00,19.5,94.0,22.34302755462317,86.1588454486674
Nalbari,2023-10-28 02:00:00,23.0,94.0,20.518634094600277,95.9637470949497
Nalbari,2023-10-29 02:30:00,22.0,94.0,22.506890394944808,96.22434244044304
Nalbari,2023-10-30 01:45:00,22.0,94.0,22.43582491072238,93.51241823895505
Nalgonda,2023-10-15 02:30:00,25.5,74.0,24.950831842427682,78.0649751066316
Nalgonda,2023-10-16 02:30:00,26.5,73.0,25.26199612345401,75.43002036821069
Nalgonda,2023-10-17 02:30:00,24.8,84.0,25.661359341703207,73.78971777874982
Nalgonda,2023-10-18 02:30:00,24.7,80.0,24.518712431894418,82.70996754404277
Nalgonda,2023-10-19 02:30:00,24.5,74.0,24.564289002015084,80.32356277723733
Nalgonda,2023-10-20 02:30:00,24.0,87.0,24.41716545793099,75.65609833886033
Nalgonda,2023-10-21 02:30:00,24.8,75.0,24.229240607379605,83.52867306030655
Nalgonda,2023-10-22 02:30:00,23.7,73.0,24.31788136128497,76.86526939376768
Nalgonda,2023-10-23 02:15:00,21.9,58.0,23.51960620243191,73.77521216798436
Nalgonda,2023-10-24 02:15:00,20.1,68.0,21.93227096924162,67.29863914819619
Nalgonda,2023-10-25 02:30:00,21.4,63.0,20.56333226127886,70.74480753131893
Nalgonda,2023-10-26 02:00:00,21.5,64.0,21.128652169639334,65.9736922474641
Nalgonda,2023-10-27 02:30:00,20.6,53.0,21.099447096378757,66.59222763613403
Nalgonda,2023-10-28 02:00:00,23.9,51.0,21.007416894681544,66.74614629382367
Nalgonda,2023-10-29 02:45:00,24.9,84.0,23.134590799936937,62.087701502350185
Nalgonda,2023-10-30 02:00:00,24.1,89.0,24.77583004790425,81.13990727009023
Namakkal,2023-10-15 02:30:00,21.0,96.0,21.74588211624483,88.51085681650554
Namakkal,2023-10-16 02:30:00,23.0,83.0,21.282561812952586,91.57782389727512
Namakkal,2023-10-17 02:30:00,21.7,86.0,22.59630549591977,84.73879384791474
Namakkal,2023-10-18 02:30:00,21.8,90.0,21.932915707319314,83.58255509049019
Namakkal,2023-10-19 02:30:00,21.2,84.0,21.793449305884824,86.03642652662312
Namakkal,2023-10-20 02:30:00,21.1,87.0,21.24494320235754,83.17943754052013
Namakkal,2023-10-21 02:15:00,21.4,86.0,21.228264695210704,85.3414302975814
Namakkal,2023-10-22 02:30:00,22.5,82.0,21.508558278195895,84.28749879331184
Namakkal,2023-10-23 02:15:00,22.0,85.0,22.374192738139367,81.30013514878912
Namakkal,2023-10-24 02:15:00,22.0,81.0,21.869563467453826,82.79663606075063
Namakkal,2023-10-25 02:30:00,21.9,85.0,22.056195500550118,82.54082416159878
Namakkal,2023-10-26 02:00:00,21.5,87.0,22.01472180222746,85.55765621188425
Namakkal,2023-10-27 02:30:00,20.9,89.0,21.57423571718567,85.38105175133114
Namakkal,2023-10-28 02:00:00,22.3,87.0,21.224758795625082,88.61029180649376
Namakkal,2023-10-29 02:45:00,20.8,89.0,21.954373065959537,86.32733604999032
Namakkal,2023-10-30 02:00:00,21.2,92.0,21.257008617929845,89.41017187902608
Nanded,2023-10-15 02:30:00,22.9,67.0,23.33765985449309,60.36430873239457
Nanded,2023-10-16 02:30:00,22.8,62.0,22.846549472157804,65.49281124672108
Nanded,2023-10-17 02:30:00,22.9,65.0,22.64267238032195,61.609017458719734
Nanded,2023-10-18 02:30:00,23.5,66.0,22.842828593189054,60.87211670819186
Nanded,2023-10-19 02:30:00,22.2,71.0,23.333238945823023,63.83156080437526
Nanded,2023-10-20 02:30:00,22.1,77.0,22.458826240674647,69.98344969360934
Nanded,2023-10-21 02:15:00,22.2,75.0,22.117816276031864,74.85040195513179
Nanded,2023-10-22 02:30:00,20.7,61.0,22.087409681836597,73.14122968035814
Nanded,2023-10-23 02:15:00,19.7,64.0,20.958368924586182,66.2694735739086
Nanded,2023-10-24 02:15:00,19.9,66.0,20.02545229782356,64.11700132023802
Nanded,2023-10-25 02:15:00,19.3,62.0,20.25316711864954,67.51698822986042
Nanded,2023-10-26 02:00:00,18.9,56.0,19.440386523859463,64.42558827542747
Nanded,2023-10-27 02:15:00,18.4,59.0,18.517861223211103,62.88466906454362
Nanded,2023-10-28 02:00:00,18.9,56.0,17.98382183653218,64.12128433638094
Nanded,2023-10-29 02:45:00,19.3,52.0,18.45712222503133,63.14149049161174
Nanded,2023-10-30 02:00:00,19.6,58.0,19.30783934618208,62.8128541686252
Nandi Hills,2023-10-15 02:30:00,22.0,94.0,19.835950478312537,89.68307483306656
Nandi Hills,2023-10-16 02:30:00,22.0,88.0,21.105795326635853,92.65047195254627
Nandi Hills,2023-10-17 02:15:00,22.0,88.0,21.607760075399593,89.77102691057024
Nandi Hills,2023-10-18 02:30:00,21.0,88.0,21.533208984114616,87.31119312169596
Nandi Hills,2023-10-19 02:15:00,21.0,78.0,20.8446873369704,86.15175116912094
Nandi Hills,2023-10-20 02:30:00,21.0,83.0,20.324544281455392,83.54892939042107
Nandi Hills,2023-10-21 02:15:00,21.0,88.0,20.79450333070442,91.66411152772632
Nandi Hills,2023-10-22 02:15:00,22.0,78.0,20.83091929497558,86.09164361777641
Nandi Hills,2023-10-23 02:15:00,21.0,78.0,21.261255750905843,78.81518473007846
Nandi Hills,2023-10-24 02:15:00,19.0,68.0,20.521205267318184,84.43456146361474
Nandi Hills,2023-10-25 02:15:00,19.0,60.0,19.160056497571787,78.75145243988366
Nandi Hills,2023-10-26 02:00:00,18.0,68.0,18.284972460376267,70.39476970780792
Nandi Hills,2023-10-27 02:15:00,21.0,78.0,17.756721139994305,68.72926884970803
Nandi Hills,2023-10-28 02:00:00,21.0,88.0,19.66816154837957,84.77210574714007
Nandi Hills,2023-10-29 02:30:00,21.0,94.0,20.53785269111644,92.28775518602237
Nandi Hills,2023-10-30 01:45:00,21.0,88.0,21.038190894309373,90.78975750921377
Nandurbar,2023-10-15 02:30:00,27.0,48.0,27.623052215679206,54.32712070549124
Nandurbar,2023-10-16 02:30:00,26.0,61.0,27.2377905141642,54.40772391494256
Nandurbar,2023-10-17 02:30:00,25.5,54.0,26.468310985168994,56.74519406863884
Nandurbar,2023-10-18 02:30:00,25.5,57.0,25.720653092376576,54.936941304459445
Nandurbar,2023-10-19 02:30:00,25.1,56.0,25.779522568954636,56.49823679333148
Nandurbar,2023-10-20 02:30:00,25.3,48.0,25.431723928017586,55.82419809007404
Nandurbar,2023-10-21 02:15:00,25.3,49.0,25.537945851012108,57.49930702287124
Nandurbar,2023-10-22 02:30:00,27.0,44.0,25.59495183342788,58.293872156207364
Nandurbar,2023-10-23 02:15:00,25.6,44.0,27.06950195518704,56.24270986816987
Nandurbar,2023-10-24 02:15:00,25.3,42.0,26.35140158233216,52.07397557662766
Nandurbar,2023-10-25 02:15:00,25.0,42.0,25.85509032991068,55.25010807955349
Nandurbar,2023-10-26 02:00:00,23.5,36.0,25.530936417257013,54.37394961503406
Nandurbar,2023-10-27 02:15:00,23.1,38.0,24.048952156444077,53.12493753183338
Nandurbar,2023-10-28 02:00:00,23.2,36.0,23.319309618077174,51.38673005268979
Nandurbar,2023-10-29 02:45:00,23.1,36.0,23.245191445600376,50.13983920472791
Nandurbar,2023-10-30 02:00:00,23.3,36.0,24.166313244698017,45.96630817258922
Narayanpet,2023-10-15 02:30:00,25.6,59.0,24.88435724169435,63.28044549308905
Narayanpet,2023-10-16 02:30:00,25.5,61.0,25.36367803926579,62.02704015575709
Narayanpet,2023-10-17 02:30:00,25.1,64.0,25.05132914725944,61.85350362631779
Narayanpet,2023-10-18 02:30:00,24.3,69.0,24.79794334236544,62.49997588218358
Narayanpet,2023-10-19 02:30:00,23.8,65.0,24.373625638811813,69.32817511446163
Narayanpet,2023-10-20 02:30:00,23.7,69.0,23.857750955750223,62.0995234624529
Narayanpet,2023-10-21 02:30:00,24.2,67.0,23.515902742862988,69.39130419176773
Narayanpet,2023-10-22 02:30:00,24.8,61.0,23.86226683177029,66.42241404773291
Narayanpet,2023-10-23 02:15:00,22.7,50.0,24.35280784091851,61.76840950032363
Narayanpet,2023-10-24 02:15:00,21.4,61.0,22.72643999422119,64.48573280963505
Narayanpet,2023-10-25 02:30:00,21.6,52.0,21.790600919181646,67.12259142392966
Narayanpet,2023-10-26 02:00:00,21.3,53.0,21.535792449317096,63.96383682568725
Narayanpet,2023-10-27 02:30:00,20.8,51.0,20.9953439799673,63.780525859667975
Narayanpet,2023-10-28 02:00:00,20.8,51.0,20.79777754890025,64.51739453354323
Narayanpet,2023-10-29 02:45:00,23.3,58.0,21.074181717668505,64.15624681273941
Narayanpet,2023-10-30 02:00:00,23.4,81.0,23.189429110205722,65.87656131298931
Narayanpur,2023-10-15 02:30:00,27.7,38.0,27.410330405109004,41.06113607134508
Narayanpur,2023-10-16 02:30:00,26.8,44.0,27.503903788358276,42.93428123731734
Narayanpur,2023-10-17 02:30:00,21.5,77.0,27.090194645236867,44.12401354484145
Narayanpur,2023-10-18 02:30:00,23.0,64.0,23.148033511267727,51.77654693426293
Narayanpur,2023-10-19 02:15:00,23.7,44.0,23.079274509585854,60.21032119185833
Narayanpur,2023-10-20 02:30:00,23.5,44.0,23.629741599280102,50.070617412817576
Narayanpur,2023-10-21 02:15:00,23.6,44.0,23.692998584077184,46.99184182819349
Narayanpur,2023-10-22 02:15:00,23.8,43.0,23.91734638374155,47.49777442781122
Narayanpur,2023-10-23 02:15:00,23.4,44.0,23.974978252998643,46.07826504482882
Narayanpur,2023-10-24 02:15:00,22.4,38.0,23.60272564974345,48.795207134591706
Narayanpur,2023-10-25 02:15:00,22.4,42.0,22.463881645691874,46.21487835547578
Narayanpur,2023-10-26 02:00:00,22.8,36.0,22.430262110002147,48.3903221056277
Narayanpur,2023-10-27 02:15:00,21.7,34.0,22.511796563883152,44.46233912172899
Narayanpur,2023-10-28 02:00:00,22.0,34.0,22.44043888195504,41.85997984036289
Narayanpur,2023-10-29 02:30:00,23.0,39.0,22.661151579426768,41.01701083275416
Narayanpur,2023-10-30 01:45:00,24.3,38.0,23.192761239141845,46.538406415088005
Narsimhapur,2023-10-16 02:30:00,22.6,59.0,24.08854953999197,57.9856316315949
Narsimhapur,2023-10-17 02:15:00,21.5,74.0,22.700407696318926,67.87009477592427
Narsimhapur,2023-10-18 02:15:00,22.0,65.0,21.76375325383891,70.32572829653306
Narsimhapur,2023-10-19 02:15:00,22.3,64.0,21.9450819336987,62.27387328703683
Narsimhapur,2023-10-20 02:15:00,20.9,51.0,22.22099680573406,58.717007352559904
Narsimhapur,2023-10-21 02:00:00,20.6,52.0,20.96447141416898,61.72978524319885
Narsimhapur,2023-10-22 02:15:00,20.2,49.0,20.529234360279354,61.58896057828624
Narsimhapur,2023-10-23 02:00:00,19.6,60.0,20.240757993463248,62.43961173334554
Narsimhapur,2023-10-24 02:00:00,18.8,57.0,19.94891730702186,64.92449879037633
Narsimhapur,2023-10-25 02:15:00,18.8,50.0,18.677736929051033,62.51603449933699
Narsimhapur,2023-10-26 02:00:00,18.9,47.0,18.561369631380817,64.13816123070195
Narsimhapur,2023-10-27 02:15:00,18.8,46.0,18.53089898637029,64.41800463703225
Narsimhapur,2023-10-28 02:00:00,18.9,48.0,18.533308728051317,61.94463096422513
Narsimhapur,2023-10-29 02:30:00,18.4,48.0,18.347371808541656,62.290148571471946
Narsimhapur,2023-10-30 01:45:00,19.2,48.0,17.92914766227395,61.98326983510511
Navsari,2023-10-15 02:30:00,26.8,77.0,27.52568849393357,69.62744541851725
Navsari,2023-10-16 02:30:00,26.3,74.0,27.132889512751355,75.95970392511718
Navsari,2023-10-17 02:15:00,27.2,71.0,26.882339867306662,72.90537229906711
Navsari,2023-10-18 02:15:00,26.4,64.0,27.727861141965057,70.72020687867091
Navsari,2023-10-19 02:15:00,25.4,61.0,27.15730683867772,60.86329535410509
Navsari,2023-10-20 02:30:00,25.1,53.0,26.161137775769504,59.457655077842674
Navsari,2023-10-21 02:15:00,26.5,59.0,25.85841595808535,56.94962315278391
Navsari,2023-10-22 02:15:00,27.0,50.0,27.087819011670064,59.5178244549016
Navsari,2023-10-23 02:00:00,25.7,54.0,27.685142045138964,54.25413320530404
Navsari,2023-10-24 02:15:00,26.6,50.0,26.647226263800587,53.73558344991541
Navsari,2023-10-25 02:15:00,25.2,48.0,27.3614054180989,56.38475290302431
Navsari,2023-10-26 02:00:00,24.8,44.0,26.30136181505134,58.160957523320604
Navsari,2023-10-27 02:15:00,24.4,45.0,25.218046996223826,57.03561980723796
Navsari,2023-10-28 02:00:00,23.7,44.0,24.94577622599954,59.343533092627325
Navsari,2023-10-29 02:30:00,24.0,44.0,24.29074455629385,58.50829445771582
Navsari,2023-10-30 01:45:00,24.6,42.0,24.687773115816757,57.83948649490022
Nawada,2023-10-15 02:30:00,21.7,74.0,22.24618096016441,70.18682333040071
Nawada,2023-10-16 02:30:00,23.4,73.0,21.611225500239033,71.59694775497137
Nawada,2023-10-17 02:15:00,22.9,82.0,23.088746339410207,80.7504945116415
Nawada,2023-10-18 02:30:00,23.2,78.0,22.315362272278772,74.62191793891824
Nawada,2023-10-19 02:15:00,21.3,77.0,22.561787912255955,70.05368265410895
Nawada,2023-10-20 02:30:00,21.3,72.0,20.957852592278737,70.64188897003034
Nawada,2023-10-21 02:15:00,20.1,67.0,20.54587347208637,66.76158581236635
Nawada,2023-10-22 02:15:00,20.2,61.0,20.001978953184313,66.43921507703766
Nawada,2023-10-23 02:00:00,20.1,65.0,19.830184844318527,65.0428097918512
Nawada,2023-10-24 02:15:00,21.0,63.0,20.21685800935134,65.9536144309385
Nawada,2023-10-25 02:15:00,21.6,67.0,20.76155177139015,66.21856939476301
Nawada,2023-10-26 02:00:00,20.4,61.0,20.986348622637117,65.8910588600122
Nawada,2023-10-27 02:15:00,19.9,65.0,20.816951471736388,66.51098843627837
Nawada,2023-10-28 02:00:00,22.2,61.0,20.141500173414727,64.4707438161817
Nawada,2023-10-29 02:30:00,20.9,63.0,21.250373844299766,64.78329654814452
Nawada,2023-10-30 01:45:00,21.0,62.0,20.621937732782396,63.041920350801334
Nayagarh,2023-10-15 02:30:00,23.8,83.0,24.483927055959395,80.33637272359833
Nayagarh,2023-10-16 02:30:00,23.0,76.0,23.54764325961449,80.21238417872888
Nayagarh,2023-10-17 02:30:00,23.6,78.0,22.591649380438273,76.54724054947907
Nayagarh,2023-10-18 02:30:00,23.3,76.0,23.401199357938786,77.61176793704036
Nayagarh,2023-10-19 02:30:00,23.2,86.0,23.258311895978593,79.78188288885063
Nayagarh,2023-10-20 02:30:00,23.1,86.0,22.804890999113297,80.00958707592336
Nayagarh,2023-10-21 02:15:00,22.2,76.0,22.609166804150625,80.52394884760906
Nayagarh,2023-10-22 02:30:00,22.2,73.0,21.568311516652933,75.87437077311859
Nayagarh,2023-10-23 02:15:00,21.9,77.0,22.212958525955298,73.59415678942494
Nayagarh,2023-10-24 02:15:00,21.8,74.0,22.164304746909327,77.92895315446083
Nayagarh,2023-10-25 02:15:00,22.9,85.0,21.804219749668107,75.97289245205961
Nayagarh,2023-10-26 02:00:00,24.9,76.0,22.49494638659349,84.15165287689274
Nayagarh,2023-10-27 02:15:00,22.3,72.0,23.93469468369748,76.91773776477673
Nayagarh,2023-10-28 02:00:00,20.9,63.0,21.935135951186936,71.60852009000187
Nayagarh,2023-10-29 02:45:00,20.6,67.0,20.68882347446759,65.76013203473205
Nayagarh,2023-10-30 02:00:00,21.0,69.0,20.324706572125013,67.40220462576278
Neemuch,2023-10-15 02:30:00,22.7,52.0,23.93712860280508,53.07537754776488
Neemuch,2023-10-16 02:30:00,22.4,63.0,23.40032218375552,53.985288464969074
Neemuch,2023-10-17 02:15:00,22.0,58.0,22.899488346730067,57.26195570933623
Neemuch,2023-10-18 02:15:00,21.6,62.0,22.611478550251316,55.22692831291459
Neemuch,2023-10-19 02:15:00,21.9,58.0,21.989243757051966,56.73719511689681
Neemuch,2023-10-20 02:15:00,22.1,48.0,22.41747092456063,53.91013976475451
Neemuch,2023-10-21 02:00:00,22.1,50.0,22.31901615750092,52.62313457670006
Neemuch,2023-10-22 02:15:00,23.5,34.0,22.396745494411824,55.18571694580058
Neemuch,2023-10-23 02:00:00,22.2,46.0,23.712758030121144,38.973498379438226
Neemuch,2023-10-24 02:15:00,22.2,44.0,23.060621184797448,52.46911535942835
Neemuch,2023-10-25 02:15:00,21.7,37.0,22.577750453842,50.865689582835884
Neemuch,2023-10-26 02:00:00,21.7,33.0,22.442867265402022,45.22597161462561
Neemuch,2023-10-27 02:15:00,20.6,28.0,21.898861407455772,41.33428740178622
Neemuch,2023-10-28 02:00:00,20.5,39.0,21.377599165665888,39.1046823387077
Neemuch,2023-10-29 02:30:00,21.8,37.0,21.404877528025583,51.10038685622801
Neemuch,2023-10-30 01:45:00,21.9,42.0,21.859359177418714,44.99967343957201
Nellore,2023-10-15 02:30:00,26.0,80.0,25.70245426856335,79.53799264457285
Nellore,2023-10-16 02:30:00,26.5,80.0,25.605595006312715,80.35768296344811
Nellore,2023-10-17 02:15:00,26.4,76.0,25.81019853156585,82.70077305515525
Nellore,2023-10-18 02:15:00,26.1,73.0,25.86450634158793,76.89705575670037
Nellore,2023-10-19 02:15:00,25.2,79.0,25.234203677560558,73.44421346544145
Nellore,2023-10-20 02:30:00,25.3,81.0,24.87801706658609,78.9983101704812
Nellore,2023-10-21 02:15:00,26.2,79.0,24.899226417682364,84.54668604962441
Nellore,2023-10-22 02:15:00,26.6,71.0,25.582991543828413,78.73146026305879
Nellore,2023-10-23 02:00:00,24.6,68.0,25.136959623525584,72.95946500193482
Nellore,2023-10-24 02:15:00,24.0,65.0,24.084107016358498,68.37297141434742
Nellore,2023-10-25 02:15:00,23.8,71.0,23.712198881596446,66.04995827509323
Nellore,2023-10-26 02:00:00,24.3,77.0,23.47095869289939,72.7934125100605
Nellore,2023-10-27 02:15:00,24.6,78.0,23.948239388686886,77.65383373988325
Nellore,2023-10-28 02:00:00,25.8,81.0,24.08674558234935,82.32793619777354
Nellore,2023-10-29 02:30:00,26.2,79.0,25.258221964734272,83.12496114306036
Nellore,2023-10-30 01:45:00,26.5,76.0,25.90705739029432,78.04109719241627
New Delhi,2023-10-15 02:30:00,24.0,74.0,25.226015219975384,67.56124512422842
New Delhi,2023-10-16 02:30:00,26.0,65.0,24.4378892161382,70.96166214446933
New Delhi,2023-10-17 02:30:00,19.0,94.0,25.338667544383668,67.47503467182614
New Delhi,2023-10-18 02:30:00,21.0,78.0,21.341511414706737,87.1689796914063
New Delhi,2023-10-19 02:30:00,21.0,69.0,20.187677434647703,79.32953992468097
New Delhi,2023-10-20 02:30:00,21.0,69.0,21.03343924793114,69.7163926192214
New Delhi,2023-10-21 02:30:00,20.0,73.0,21.285477477041095,68.9226896527998
New Delhi,2023-10-22 02:30:00,21.0,69.0,20.85870011423028,74.6087350525518
New Delhi,2023-10-23 02:15:00,21.0,78.0,20.755350793297175,73.11828066684808
New Delhi,2023-10-24 02:15:00,22.0,65.0,21.38048310428399,74.95862382749714
New Delhi,2023-10-25 02:30:00,21.0,64.0,22.13604806162597,66.34235646244562
New Delhi,2023-10-26 02:00:00,22.0,61.0,21.61890690447307,66.77805818668494
New Delhi,2023-10-27 02:30:00,21.0,60.0,22.07124018950613,65.76680775975359
New Delhi,2023-10-28 02:00:00,20.0,60.0,21.47496454824341,69.74674667524633
New Delhi,2023-10-29 02:45:00,20.0,73.0,20.76838336017509,74.47957475805117
New Delhi,2023-10-30 02:00:00,22.0,69.0,19.868866389706188,76.58238034591778
Nirmal,2023-10-15 02:30:00,22.7,69.0,22.29036912615872,73.05269845908667
Nirmal,2023-10-16 02:30:00,22.1,69.0,22.758782576084837,71.03296697901202
Nirmal,2023-10-17 02:30:00,22.1,67.0,21.81660458621161,69.18067116789074
Nirmal,2023-10-18 02:30:00,22.3,71.0,22.12257513986706,66.04080562191004
Nirmal,2023-10-19 02:30:00,21.7,75.0,22.239804038590883,70.48633553812088
Nirmal,2023-10-20 02:30:00,22.3,81.0,21.883029033665746,73.7050734417167
Nirmal,2023-10-21 02:30:00,21.8,75.0,22.190699517900427,79.45181109677985
Nirmal,2023-10-22 02:30:00,20.4,64.0,21.55569505119515,74.58868411459696
Nirmal,2023-10-23 02:15:00,19.9,62.0,20.69389009254419,66.65837162869593
Nirmal,2023-10-24 02:15:00,19.5,66.0,20.07110155728222,65.68949626281014
Nirmal,2023-10-25 02:30:00,19.2,59.0,19.580662977380676,68.74280371042214
Nirmal,2023-10-26 02:00:00,19.2,56.0,18.659784436686817,64.83575352966878
Nirmal,2023-10-27 02:30:00,18.6,54.0,18.47134738895189,64.27243870831492
Nirmal,2023-10-28 02:00:00,18.5,58.0,18.452324818998562,63.81000046819068
Nirmal,2023-10-29 02:45:00,18.8,57.0,18.05196126457704,64.87908365944254
Nirmal,2023-10-30 02:00:00,19.2,61.0,18.550747859976155,64.47462350318033
Niwari,2023-10-15 02:30:00,24.0,74.0,25.025637873542248,67.11510870658176
Niwari,2023-10-16 02:30:00,26.0,65.0,24.50166461421003,70.63207907087242
Niwari,2023-10-17 02:30:00,19.0,94.0,25.40254366224286,67.45263919374034
Niwari,2023-10-18 02:30:00,21.0,78.0,21.198021712473704,87.54359200841935
Niwari,2023-10-19 02:30:00,21.0,69.0,20.310639019682377,80.0202585786692
Niwari,2023-10-20 02:30:00,21.0,69.0,20.942860914536617,69.6943005936436
Niwari,2023-10-21 02:30:00,20.0,73.0,21.21463116647777,69.67375842075322
Niwari,2023-10-22 02:30:00,21.0,69.0,20.745416525474464,75.23859903400268
Niwari,2023-10-23 02:15:00,21.0,78.0,20.732655725016016,73.4814297486193
Niwari,2023-10-24 02:15:00,22.0,65.0,21.384507516749586,75.79884053167669
Niwari,2023-10-25 02:30:00,21.0,64.0,22.105529670654935,67.02046360161354
Niwari,2023-10-26 02:00:00,22.0,61.0,21.589730426435665,67.02564447390978
Niwari,2023-10-27 02:30:00,21.0,60.0,22.10951806151251,66.19951394544536
Niwari,2023-10-28 02:00:00,20.0,60.0,21.43601613771893,70.02094379597943
Niwari,2023-10-29 02:45:00,20.0,73.0,20.713457989263677,74.39193068796627
Niwari,2023-10-30 02:00:00,22.0,69.0,19.881597772481186,77.41492187825794
Nizamabad,2023-10-15 02:30:00,22.7,68.0,22.603333499037536,69.91948086329432
Nizamabad,2023-10-16 02:30:00,22.2,68.0,22.765619167204694,67.76173056312439
Nizamabad,2023-10-17 02:30:00,22.0,70.0,22.069538272191473,67.120409332889
Nizamabad,2023-10-18 02:30:00,21.7,71.0,22.076679652729496,69.6635620269977
Nizamabad,2023-10-19 02:30:00,21.6,73.0,21.65635887162251,71.27701524248818
Nizamabad,2023-10-20 02:30:00,22.8,79.0,21.702080695914102,72.31718240968083
Nizamabad,2023-10-21 02:30:00,22.5,78.0,22.682203935528346,79.20219614026286
Nizamabad,2023-10-22 02:30:00,20.2,66.0,22.114832805080205,77.76754168031925
Nizamabad,2023-10-23 02:15:00,19.3,65.0,20.724218342988546,70.06378893587603
Nizamabad,2023-10-24 02:15:00,18.8,73.0,19.544222080261406,65.39380554591474
Nizamabad,2023-10-25 02:30:00,18.8,66.0,19.316068294727735,74.30081169683062
Nizamabad,2023-10-26 02:00:00,18.7,61.0,18.900951043217294,71.66116461778154
Nizamabad,2023-10-27 02:30:00,18.0,58.0,18.486644021984482,66.79685742942047
Nizamabad,2023-10-28 02:00:00,18.2,61.0,17.528667188050168,64.91489348687942
Nizamabad,2023-10-29 02:45:00,18.8,64.0,17.744385133701012,66.90062283526527
Nizamabad,2023-10-30 02:00:00,19.4,65.0,19.132748256585167,65.41666277391731
North Gauhati,2023-10-15 02:30:00,20.8,90.0,20.63382443991107,82.21186728741691
North Gauhati,2023-10-16 02:30:00,20.6,93.0,20.31210446075828,86.5428693274481
North Gauhati,2023-10-17 02:30:00,21.6,91.0,20.245637574817472,90.62211059183626
North Gauhati,2023-10-18 02:30:00,20.3,93.0,20.836785197413615,85.02235361606951
North Gauhati,2023-10-19 02:30:00,20.1,95.0,20.36928200453979,96.21791198401829
North Gauhati,2023-10-20 02:30:00,20.0,91.0,19.6724120960533,86.55837819959764
North Gauhati,2023-10-21 02:30:00,19.8,93.0,19.55283852803292,84.28104877466068
North Gauhati,2023-10-22 02:30:00,19.9,91.0,18.986179584520983,85.08880883089792
North Gauhati,2023-10-23 02:15:00,19.9,91.0,19.515018590976656,83.20639685229385
North Gauhati,2023-10-24 02:15:00,20.7,90.0,19.711234265546793,86.04146089697038
North Gauhati,2023-10-25 02:30:00,19.8,93.0,20.13052313579162,85.70214309901843
North Gauhati,2023-10-26 02:00:00,24.0,94.0,20.236295796022564,94.34419228241714
North Gauhati,2023-10-27 02:30:00,19.5,94.0,22.34834964703592,86.15510599438932
North Gauhati,2023-10-28 02:00:00,23.0,94.0,20.52421063092332,95.95624539817689
North Gauhati,2023-10-29 02:45:00,22.0,94.0,22.45348609466208,96.5165423799315
North Gauhati,2023-10-30 02:00:00,22.0,94.0,22.463966057698176,93.83045172300064
Osmanabad,2023-10-15 02:30:00,23.6,52.0,23.259860438522704,56.9360734412094
Osmanabad,2023-10-16 02:30:00,23.8,57.0,23.738577645875854,56.426395921557145
Osmanabad,2023-10-17 02:30:00,24.9,55.0,23.906000945476947,57.29366784525084
Osmanabad,2023-10-18 02:30:00,23.3,66.0,24.47962317705002,57.35759311967607
Osmanabad,2023-10-19 02:30:00,23.6,62.0,23.556515192319033,62.533036720681366
Osmanabad,2023-10-20 02:30:00,23.3,66.0,23.686751134219868,60.11004976066569
Osmanabad,2023-10-21 02:15:00,22.4,71.0,23.22236964290783,63.36835225922853
Osmanabad,2023-10-22 02:30:00,23.2,61.0,22.651079772741355,70.64909444542658
Osmanabad,2023-10-23 02:15:00,21.4,58.0,23.00903419484903,60.9983830051342
Osmanabad,2023-10-24 02:15:00,21.3,56.0,21.86499958198698,59.920730577446655
Osmanabad,2023-10-25 02:15:00,21.2,54.0,21.34749241487349,59.35001862134556
Osmanabad,2023-10-26 02:00:00,20.3,55.0,21.28066779744178,61.17696564619398
Osmanabad,2023-10-27 02:15:00,19.6,55.0,20.540031084013304,61.777996319801346
Osmanabad,2023-10-28 02:00:00,19.9,54.0,19.742907515244458,61.35874205430641
Osmanabad,2023-10-29 02:45:00,20.4,50.0,19.9712182890216,59.3953374290141
Osmanabad,2023-10-30 02:00:00,20.7,54.0,20.979908537798014,60.25286052788217
Palakkad,2023-10-15 02:30:00,21.7,93.0,24.222080190853543,88.89647375938402
Palakkad,2023-10-16 02:30:00,26.0,89.0,22.139070698693267,92.91618790754383
Palakkad,2023-10-17 02:30:00,23.0,94.0,23.715404409157284,91.30186484319277
Palakkad,2023-10-18 02:30:00,24.0,94.0,23.783641186877542,93.61715356806448
Palakkad,2023-10-19 02:15:00,26.0,70.0,24.062644943552534,91.591551943831
Palakkad,2023-10-20 02:30:00,26.0,79.0,25.0788397820691,74.13076938442777
Palakkad,2023-10-21 02:15:00,25.0,94.0,25.472607912945392,89.29302766746525
Palakkad,2023-10-22 02:15:00,26.0,89.0,24.958526988293155,95.21802829883704
Palakkad,2023-10-23 02:15:00,25.0,89.0,25.49839014150919,93.95943493832348
Palakkad,2023-10-24 02:15:00,24.0,89.0,24.974796852859843,87.88154105776786
Palakkad,2023-10-25 02:15:00,25.0,89.0,24.262347977144994,88.64007252233068
Palakkad,2023-10-26 02:00:00,26.0,84.0,24.554854941728273,90.18750303000078
Palakkad,2023-10-27 02:15:00,27.0,74.0,25.70652337548141,87.37789961515813
Palakkad,2023-10-28 02:00:00,26.0,74.0,26.388777651248198,77.75902443518633
Palakkad,2023-10-29 02:45:00,26.0,79.0,25.63674065089926,74.9198514878459
Palakkad,2023-10-30 02:00:00,25.0,83.0,25.797850278628683,86.04813430206316
Palghar,2023-10-16 02:30:00,26.5,74.0,27.721639081529272,68.11931633437385
Palghar,2023-10-17 02:30:00,27.1,71.0,26.977527924603528,72.32461234813282
Palghar,2023-10-18 02:30:00,27.1,70.0,27.51311095593744,69.85688283753775
Palghar,2023-10-19 02:30:00,26.9,66.0,27.571993471026598,67.52065355882945
Palghar,2023-10-20 02:30:00,26.8,61.0,27.403126693006193,62.623127074822364
Palghar,2023-10-21 02:15:00,27.1,71.0,27.396331731739757,59.32002295485036
Palghar,2023-10-22 02:30:00,27.1,68.0,27.631596748710535,66.05429010199529
Palghar,2023-10-23 02:15:00,27.0,64.0,27.554018675570887,64.96832679743258
Palghar,2023-10-24 02:15:00,26.9,55.0,27.602676720734905,59.40849228567053
Palghar,2023-10-25 02:15:00,26.5,53.0,27.21683010397395,55.407633040696595
Palghar,2023-10-26 02:00:00,25.9,53.0,27.095645232472382,56.49143341266278
Palghar,2023-10-27 02:15:00,25.0,51.0,26.269903133708926,58.17488514391198
Palghar,2023-10-28 02:00:00,25.0,54.0,25.33227025233357,57.80283673542001
Palghar,2023-10-29 02:45:00,25.4,48.0,25.372959543914984,57.91316857686128
Palghar,2023-10-30 02:00:00,25.8,49.0,25.66337128680372,60.474893381205035
Pali,2023-10-15 02:30:00,26.5,57.0,27.565875375145456,42.677992526520576
Pali,2023-10-16 02:30:00,27.1,52.0,27.34485259506709,50.84643895183818
Pali,2023-10-17 02:30:00,25.1,57.0,27.30260835901848,48.76234810907323
Pali,2023-10-18 02:30:00,24.2,57.0,25.73155125778219,52.13350962557739
Pali,2023-10-19 02:30:00,24.4,39.0,25.021556437768698,49.61941158755497
Pali,2023-10-20 02:30:00,24.9,34.0,24.95929206207198,41.96269343764281
Pali,2023-10-21 02:15:00,25.3,30.0,25.166986308862565,37.19252444904203
Pali,2023-10-22 02:30:00,25.5,32.0,25.97859257589509,36.73117499827394
Pali,2023-10-23 02:15:00,25.8,36.0,26.404998476915186,38.28168094346789
Pali,2023-10-24 02:15:00,24.6,31.0,26.59306718567105,37.94825074530561
Pali,2023-10-25 02:30:00,24.2,30.0,25.975458735515677,36.7301739485771
Pali,2023-10-26 02:00:00,23.9,29.0,24.965952164705193,38.25967027253701
Pali,2023-10-27 02:15:00,24.0,22.0,24.133668282026914,34.807626834702354
Pali,2023-10-28 02:00:00,25.9,20.0,25.028478936731066,34.495678107331145
Pali,2023-10-29 02:45:00,24.3,35.0,26.645711502844126,32.2981308123436
Pali,2023-10-30 02:00:00,24.9,31.0,25.981832551881375,36.92597596333562
Palwal,2023-10-15 02:30:00,24.0,74.0,25.20957497576388,66.67650432473769
Palwal,2023-10-16 02:30:00,26.0,65.0,24.509975147638222,70.44454344731277
Palwal,2023-10-17 02:15:00,19.0,94.0,25.73513468577224,67.50316666173744
Palwal,2023-10-18 02:30:00,21.0,78.0,21.225873285623766,86.80351944384628
Palwal,2023-10-19 02:15:00,21.0,69.0,20.186856249408653,79.47646745330125
Palwal,2023-10-20 02:30:00,21.0,69.0,21.032257860175918,69.20303552591699
Palwal,2023-10-21 02:15:00,20.0,73.0,21.353373754529898,69.34729402173197
Palwal,2023-10-22 02:15:00,21.0,69.0,20.90631899075323,74.80506596054296
Palwal,2023-10-23 02:15:00,21.0,78.0,20.754169405541955,73.28914092469978
Palwal,2023-10-24 02:15:00,22.0,65.0,21.416796427613495,75.21627211181855
Palwal,2023-10-25 02:15:00,21.0,64.0,22.190339558140167,67.04330697962133
Palwal,2023-10-26 02:00:00,22.0,61.0,21.620061781861548,66.83099168947832
Palwal,2023-10-27 02:15:00,21.0,60.0,22.071317419265142,66.09566995717486
Palwal,2023-10-28 02:00:00,20.0,60.0,21.547055265283685,69.922796569887
Palwal,2023-10-29 02:30:00,22.7,34.0,20.859658663168776,61.50605794057596
Palwal,2023-10-30 01:45:00,22.0,69.0,21.873652803115135,56.98922634173498
Panipat,2023-10-15 02:30:00,23.6,48.0,22.61322564769196,47.37038274637151
Panipat,2023-10-16 02:30:00,23.2,48.0,23.617480181755965,51.767183757225745
Panipat,2023-10-17 02:15:00,18.4,83.0,23.31407279136397,53.11400300484704
Panipat,2023-10-18 02:15:00,21.0,58.0,19.258596403824892,52.58885122320426
Panipat,2023-10-19 02:15:00,19.9,44.0,19.99024470801904,61.30972416398014
Panipat,2023-10-20 02:30:00,20.2,38.0,20.36435401688624,53.57129030573458
Panipat,2023-10-21 02:15:00,20.6,43.0,20.161763923932238,51.14656423874229
Panipat,2023-10-22 02:15:00,20.2,41.0,20.081903520646993,54.34269101369491
Panipat,2023-10-23 02:15:00,21.4,45.0,20.395678732456545,53.48114395629545
Panipat,2023-10-24 02:15:00,20.5,49.0,21.161213855083638,53.17516507440335
Panipat,2023-10-25 02:15:00,20.9,41.0,20.897117045629955,56.80240001930779
Panipat,2023-10-26 02:00:00,20.8,32.0,20.870472440117258,47.613636451903595
Panipat,2023-10-27 02:15:00,20.3,36.0,20.77020203220534,41.95032166993068
Panipat,2023-10-28 02:00:00,20.6,35.0,20.81960838901283,47.45660946999554
Panipat,2023-10-29 02:30:00,21.2,33.0,20.893620996547323,46.872608175999495
Panipat,2023-10-30 01:45:00,21.3,42.0,21.041243671369248,42.88993001788711
Panna,2023-10-15 02:30:00,24.4,46.0,23.943791954449857,49.145354331486786
Panna,2023-10-16 02:30:00,24.2,49.0,24.82951715126078,51.96588681663138
Panna,2023-10-17 02:15:00,20.6,81.0,24.316508147339622,56.64904837410423
Panna,2023-10-18 02:15:00,22.4,74.0,21.10331199778773,57.60056742615294
Panna,2023-10-19 02:15:00,22.3,58.0,21.96817440532364,71.08648809292586
Panna,2023-10-20 02:15:00,21.2,44.0,21.922278150284495,62.70913185566819
Panna,2023-10-21 02:00:00,21.0,50.0,20.963423378970777,52.90541844717434
Panna,2023-10-22 02:15:00,21.0,49.0,21.269410200252604,58.84177809572483
Panna,2023-10-23 02:00:00,19.9,50.0,20.95496958363483,57.600363736100064
Panna,2023-10-24 02:15:00,20.5,49.0,20.49654861617181,60.34189569561727
Panna,2023-10-25 02:15:00,20.5,46.0,20.504463857931178,60.09676862365124
Panna,2023-10-26 02:00:00,20.1,39.0,20.58300337023479,58.22262310587678
Panna,2023-10-27 02:15:00,19.8,39.0,20.051619201774436,53.18422137821785
Panna,2023-10-28 02:00:00,20.2,35.0,19.646713885350973,54.4056891593798
Panna,2023-10-29 02:30:00,20.4,38.0,20.350736368113267,49.98693624618816
Panna,2023-10-30 01:45:00,21.1,40.0,20.262979430950452,52.80663057404432
Parbhani,2023-10-15 02:30:00,23.8,62.0,23.77792489367421,59.89674151684309
Parbhani,2023-10-16 02:30:00,23.7,61.0,23.758416600104265,60.665282678713375
Parbhani,2023-10-17 02:30:00,23.5,64.0,23.543875345040334,60.213725409643594
Parbhani,2023-10-18 02:30:00,24.2,63.0,23.59266553921265,60.59729388037751
Parbhani,2023-10-19 02:30:00,24.3,67.0,23.99723896399597,59.929284864004586
Parbhani,2023-10-20 02:30:00,22.5,75.0,24.121048856308107,64.11416626938738
Parbhani,2023-10-21 02:15:00,22.4,77.0,22.492290018366763,72.02818787616765
Parbhani,2023-10-22 02:30:00,21.4,60.0,22.475648439875403,77.12880310075792
Parbhani,2023-10-23 02:15:00,20.8,62.0,21.525051042191155,66.28270975961188
Parbhani,2023-10-24 02:15:00,20.8,61.0,21.14005489111408,63.529661713132526
Parbhani,2023-10-25 02:15:00,20.2,61.0,20.999600417095145,64.66206749431564
Parbhani,2023-10-26 02:00:00,19.6,52.0,20.51913695844812,64.65555864487793
Parbhani,2023-10-27 02:15:00,19.3,57.0,19.471767777247173,61.671906655092585
Parbhani,2023-10-28 02:00:00,19.3,55.0,19.457637333230085,61.58590386182883
Parbhani,2023-10-29 02:45:00,19.5,51.0,19.36990465282143,61.0761157736371
Parbhani,2023-10-30 02:00:00,19.6,57.0,19.58301770296448,62.86744781457212
Patan,2023-10-15 02:30:00,26.8,68.0,28.193699806230594,52.703444606068885
Patan,2023-10-16 02:30:00,26.1,65.0,27.197023030345903,61.4932787907336
Patan,2023-10-17 02:15:00,25.6,71.0,26.481905004656053,59.75719907459778
Patan,2023-10-18 02:15:00,25.9,59.0,26.17963140175534,65.94707059832837
Patan,2023-10-19 02:15:00,25.9,46.0,26.503480200738053,57.33001251791199
Patan,2023-10-20 02:30:00,26.3,41.0,26.31538539954968,51.399139825519306
Patan,2023-10-21 02:15:00,26.7,41.0,26.742779639567274,46.45636044969606
Patan,2023-10-22 02:15:00,27.4,37.0,27.4345022896041,44.58489917491973
Patan,2023-10-23 02:00:00,26.5,39.0,28.1162520703633,39.54020182647677
Patan,2023-10-24 02:15:00,26.5,40.0,27.612877679736446,41.83638310298979
Patan,2023-10-25 02:15:00,26.4,37.0,27.287047029916057,41.659714491292746
Patan,2023-10-26 02:00:00,25.8,42.0,27.39668546406758,39.84571450944582
Patan,2023-10-27 02:15:00,25.4,38.0,26.17945870347163,45.818447386437896
Patan,2023-10-28 02:00:00,25.8,34.0,26.339043297245432,43.510582373489626
Patan,2023-10-29 02:30:00,25.3,33.0,26.419286209276123,38.54843716611084
Patan,2023-10-30 01:45:00,26.2,33.0,25.948841547519443,38.40598942742587
Pathanamthitta,2023-10-15 02:30:00,22.3,97.0,22.108598511099935,97.56420414672988
Pathanamthitta,2023-10-16 02:30:00,22.1,93.0,22.207248696212385,91.3373837666819
Pathanamthitta,2023-10-17 02:30:00,22.9,95.0,21.89306845033668,95.84716677960179
Pathanamthitta,2023-10-18 02:30:00,22.0,98.0,22.50792947928903,93.64789010032679
Pathanamthitta,2023-10-19 02:15:00,22.0,95.0,22.035138913839205,96.05583301728859
Pathanamthitta,2023-10-20 02:30:00,22.1,96.0,21.895064130549812,94.77093394621275
Pathanamthitta,2023-10-21 02:15:00,22.2,95.0,21.946299776173106,95.72784383770986
Pathanamthitta,2023-10-22 02:15:00,22.8,95.0,22.118920866334925,91.21511759624556
Pathanamthitta,2023-10-23 02:15:00,22.0,98.0,22.610591937925744,92.9742503802439
Pathanamthitta,2023-10-24 02:15:00,22.3,95.0,22.059781752060395,95.60555127893481
Pathanamthitta,2023-10-25 02:15:00,21.5,99.0,22.21549293269166,94.81349082492386
Pathanamthitta,2023-10-26 02:00:00,22.2,96.0,21.5669304741977,96.46951832358756
Pathanamthitta,2023-10-27 02:15:00,22.4,96.0,22.121216093462305,95.93745880244231
Pathanamthitta,2023-10-28 02:00:00,22.4,96.0,22.37191682317131,95.44575258649739
Pathanamthitta,2023-10-29 02:30:00,22.7,95.0,22.412793084591414,94.91681471052195
Pathanamthitta,2023-10-30 01:45:00,23.1,95.0,22.761445439244966,95.1923116793291
Pathankot,2023-10-15 02:30:00,20.9,46.0,20.765561899629365,53.14756590462065
Pathankot,2023-10-16 02:30:00,20.9,42.0,21.008556248740256,51.60492621828188
Pathankot,2023-10-17 02:30:00,16.7,75.0,20.48978417906045,49.94068801328557
Pathankot,2023-10-18 02:30:00,15.9,47.0,17.10247347276326,57.786617623965874
Pathankot,2023-10-19 02:15:00,15.7,55.0,15.133323900771986,53.77493482492171
Pathankot,2023-10-20 02:30:00,16.5,55.0,15.130107118421416,55.575789923252685
Pathankot,2023-10-21 02:15:00,17.1,47.0,15.72342548995299,56.42086137903224
Pathankot,2023-10-22 02:15:00,18.3,51.0,15.997544702468254,57.071188583683316
Pathankot,2023-10-23 02:15:00,17.7,46.0,17.3336443201695,56.76868883361905
Pathankot,2023-10-24 02:15:00,17.6,52.0,16.671018439489497,50.024321704175186
Pathankot,2023-10-25 02:15:00,17.7,38.0,16.75549460542308,51.975813382736895
Pathankot,2023-10-26 02:00:00,17.5,42.0,16.780852072265997,42.33278267228389
Pathankot,2023-10-27 02:15:00,17.6,53.0,16.686324207810618,46.40130935473472
Pathankot,2023-10-28 02:00:00,18.2,52.0,16.912778697293543,55.39506179812003
Pathankot,2023-10-29 02:45:00,18.2,49.0,17.512699162858027,52.79110758815785
Pathankot,2023-10-30 02:00:00,18.4,50.0,17.70397692540092,51.02832562747491
Patiala,2023-10-15 02:30:00,23.4,44.0,22.184086206108123,50.37687570008874
Patiala,2023-10-16 02:30:00,22.5,49.0,23.104547112914616,45.74592175652891
Patiala,2023-10-17 02:30:00,18.1,81.0,22.311090593662776,49.67822773570764
Patiala,2023-10-18 02:30:00,19.8,53.0,18.922357245018446,55.20182576686772
Patiala,2023-10-19 02:15:00,19.1,48.0,19.321962456485824,58.68099378489699
Patiala,2023-10-20 02:30:00,19.8,45.0,18.6799245195172,54.200113723067936
Patiala,2023-10-21 02:15:00,19.8,43.0,19.365670176759608,48.78953241315434
Patiala,2023-10-22 02:15:00,20.1,47.0,19.360347835843093,52.17415553825756
Patiala,2023-10-23 02:15:00,20.8,44.0,19.87051230176871,57.43971737794782
Patiala,2023-10-24 02:15:00,20.3,47.0,20.724649626900458,46.14383282528254
Patiala,2023-10-25 02:15:00,20.8,40.0,20.63881046425045,54.39466350756101
Patiala,2023-10-26 02:00:00,20.6,36.0,20.96687755563696,44.93506357372866
Patiala,2023-10-27 02:15:00,20.2,41.0,20.695463412429042,43.12080688755016
Patiala,2023-10-28 02:00:00,20.6,39.0,20.56474199642921,48.0202218197423
Patiala,2023-10-29 02:45:00,21.1,42.0,20.570023657045258,43.87023435905283
Patiala,2023-10-30 02:00:00,20.7,43.0,21.01289203711061,48.52557149634482
Patna,2023-10-15 02:30:00,26.0,89.0,25.43466757088652,73.54906058507
Patna,2023-10-16 02:30:00,26.0,89.0,26.122445354154358,88.62440238593354
Patna,2023-10-17 02:15:00,23.0,83.0,24.697887517845245,94.77028440485199
Patna,2023-10-18 02:30:00,26.0,94.0,23.737955385267405,88.7792264377467
Patna,2023-10-19 02:15:00,21.6,69.0,24.676934858038724,79.42235354863477
Patna,2023-10-20 02:30:00,25.0,94.0,22.401678452318006,78.01226209208284
Patna,2023-10-21 02:15:00,23.0,94.0,23.61379746230617,85.31692631387189
Patna,2023-10-22 02:15:00,22.0,100.0,23.203115499157043,93.35209607453605
Patna,2023-10-23 02:15:00,22.0,94.0,22.13111513670603,91.6828685413459
Patna,2023-10-24 02:15:00,26.0,79.0,22.291147431692266,94.33232846168796
Patna,2023-10-25 02:15:00,26.0,79.0,23.785439590723612,81.03534756195064
Patna,2023-10-26 02:00:00,24.0,83.0,25.411049186192827,80.59030707265079
Patna,2023-10-27 02:15:00,23.0,89.0,23.733906562262202,83.45011806733145
Patna,2023-10-28 02:00:00,24.0,94.0,22.821261968684038,88.12483021229872
Patna,2023-10-29 02:30:00,22.0,94.0,23.681121814543456,90.60099096158024
Patna,2023-10-30 01:45:00,24.0,89.0,22.251877527392935,90.2841418946257
Peddapalli,2023-10-15 02:30:00,23.7,75.0,23.895839954275715,75.07100925996716
Peddapalli,2023-10-16 02:30:00,25.0,65.0,23.633072199977303,76.14927678394548
Peddapalli,2023-10-17 02:30:00,25.1,65.0,24.411967854244736,68.19362394385907
Peddapalli,2023-10-18 02:30:00,22.8,72.0,24.584206192711026,63.72155944331262
Peddapalli,2023-10-19 02:30:00,22.9,74.0,23.08772855354122,72.16550838099366
Peddapalli,2023-10-20 02:30:00,23.2,79.0,22.789318757450424,75.14990729470568
Peddapalli,2023-10-21 02:30:00,23.7,73.0,23.129670417803275,79.80401394065535
Peddapalli,2023-10-22 02:30:00,20.2,63.0,22.932834013267787,74.1196192650026
Peddapalli,2023-10-23 02:15:00,19.6,62.0,20.779916272341666,67.66645244580911
Peddapalli,2023-10-24 02:15:00,19.1,65.0,19.539514917115994,66.71049485629733
Peddapalli,2023-10-25 02:30:00,19.1,64.0,19.110747838987248,66.40446721349922
Peddapalli,2023-10-26 02:00:00,19.6,59.0,19.226928230279984,65.87006960887638
Peddapalli,2023-10-27 02:30:00,18.4,55.0,19.11668648703498,65.08132972257289
Peddapalli,2023-10-28 02:00:00,19.1,62.0,18.15980174169243,64.39517228459594
Peddapalli,2023-10-29 02:45:00,19.8,59.0,19.09332399164004,67.16414450773266
Peddapalli,2023-10-30 02:00:00,19.8,65.0,19.78690776889692,65.11938282456336
Pendra,2023-10-15 02:30:00,28.5,48.0,28.72529432212242,54.822000976979105
Pendra,2023-10-16 02:30:00,27.9,66.0,27.91800311184035,53.82350663518411
Pendra,2023-10-17 02:30:00,27.9,52.0,27.7541751302828,57.149326889979825
Pendra,2023-10-18 02:30:00,27.4,62.0,27.467797555551606,53.88468637861991
Pendra,2023-10-19 02:30:00,27.3,56.0,27.34089530119245,59.17768689088787
Pendra,2023-10-20 02:30:00,27.4,42.0,27.19248645518031,54.32597223907083
Pendra,2023-10-21 02:30:00,27.8,51.0,27.16746715507809,52.75086278566258
Pendra,2023-10-22 02:30:00,28.5,51.0,28.03656626823709,55.44111846006717
Pendra,2023-10-23 02:15:00,27.7,43.0,28.26131981755287,53.753673020553904
Pendra,2023-10-24 02:15:00,27.3,42.0,27.5843496672344,48.52038655005514
Pendra,2023-10-25 02:30:00,26.6,43.0,27.674487532044427,51.51986614124646
Pendra,2023-10-26 02:00:00,25.9,35.0,27.068672389877197,51.41861393866871
Pendra,2023-10-27 02:30:00,25.5,41.0,25.879984341712444,48.2379880803172
Pendra,2023-10-28 02:00:00,25.7,36.0,25.57918690083716,51.104087605824745
Pendra,2023-10-29 02:45:00,25.9,34.0,25.495489053683958,48.112965752605156
Pendra,2023-10-30 02:00:00,25.9,35.0,26.847334596349473,40.25626213022625
Perambalur,2023-10-15 02:30:00,24.0,100.0,25.831121996071847,92.11492809176009
Perambalur,2023-10-16 02:30:00,27.0,94.0,24.701853020590516,94.29521824428102
Perambalur,2023-10-17 02:30:00,25.0,94.0,24.997910789299404,93.63649652190833
Perambalur,2023-10-18 02:30:00,26.0,89.0,25.105849513214,92.55466701577261
Perambalur,2023-10-19 02:30:00,26.0,94.0,25.77103391729837,87.92070674291617
Perambalur,2023-10-20 02:30:00,26.0,94.0,25.924803095393653,91.5854683098212
Perambalur,2023-10-21 02:15:00,26.0,84.0,25.891300018554638,92.93809610146866
Perambalur,2023-10-22 02:30:00,26.0,89.0,25.96610718245555,86.76627589997443
Perambalur,2023-10-23 02:15:00,27.0,89.0,25.92850201014164,86.61382226535092
Perambalur,2023-10-24 02:15:00,26.0,89.0,26.679071466147708,87.54529282988253
Perambalur,2023-10-25 02:30:00,28.0,79.0,25.952761473268882,89.128438598064
Perambalur,2023-10-26 02:00:00,27.0,89.0,27.02005226584298,86.24252342327769
Perambalur,2023-10-27 02:15:00,27.0,79.0,26.746612524826897,86.17648978645845
Perambalur,2023-10-28 02:00:00,26.0,89.0,26.64069904032098,82.28489975433598
Perambalur,2023-10-29 02:45:00,26.0,89.0,25.927276829505953,89.0988719210229
Perambalur,2023-10-30 02:00:00,25.0,94.0,25.267556499092713,92.375607099471
Phek,2023-10-15 02:30:00,14.0,97.0,12.758683253870679,96.81242443120243
Phek,2023-10-16 02:30:00,13.7,98.0,12.51575440971832,99.00117708464907
Phek,2023-10-17 02:15:00,12.1,98.0,12.38458389471765,99.01914889365312
Phek,2023-10-18 02:30:00,12.9,97.0,11.05942371949184,99.04314437986572
Phek,2023-10-19 02:15:00,11.8,99.0,11.980889732884432,98.70935809938644
Phek,2023-10-20 02:30:00,11.4,97.0,10.971535390115443,98.8472510189138
Phek,2023-10-21 02:15:00,11.7,97.0,10.27712513095116,98.75868913083453
Phek,2023-10-22 02:15:00,11.2,95.0,10.87075939436406,96.99840461624568
Phek,2023-10-23 02:15:00,12.4,96.0,10.224374402835176,96.68159734889304
Phek,2023-10-24 02:15:00,15.3,79.0,11.33754793103391,93.79246012028148
Phek,2023-10-25 02:15:00,13.0,96.0,14.214777520219975,93.53656224184228
Phek,2023-10-26 02:00:00,14.9,99.0,12.455338531283441,97.98101576685545
Phek,2023-10-27 02:15:00,12.1,99.0,13.709876265666825,97.00925625545011
Phek,2023-10-28 02:00:00,10.9,99.0,10.918846822356183,99.33323529356203
Phek,2023-10-29 02:30:00,10.4,97.0,10.169183147747283,99.22886129169423
Phek,2023-10-30 01:45:00,11.4,96.0,8.564888885844057,97.04475876709529
Pilibhit,2023-10-15 02:30:00,20.7,70.0,20.246462749387504,67.28199688561011
Pilibhit,2023-10-16 02:30:00,21.1,71.0,20.6464488683869,66.43665797236937
Pilibhit,2023-10-17 02:30:00,19.4,84.0,20.999488085427387,71.5991832027909
Pilibhit,2023-10-18 02:30:00,18.5,71.0,19.682134726717607,79.96697490232964
Pilibhit,2023-10-19 02:30:00,17.4,69.0,18.362229635373325,70.60828052433014
Pilibhit,2023-10-20 02:30:00,17.5,69.0,16.79322369301637,68.20239483510285
Pilibhit,2023-10-21 02:15:00,17.7,70.0,16.66202146615185,68.39919649714977
Pilibhit,2023-10-22 02:30:00,18.0,66.0,16.549330683468213,70.6908333824735
Pilibhit,2023-10-23 02:15:00,18.0,61.0,17.95038106108899,70.6129288293688
Pilibhit,2023-10-24 02:15:00,17.9,64.0,17.602611063354452,63.702986786377835
Pilibhit,2023-10-25 02:30:00,18.7,59.0,18.264659948237128,64.07685326022863
Pilibhit,2023-10-26 02:00:00,19.0,61.0,18.365485280282368,62.81340043660888
Pilibhit,2023-10-27 02:15:00,18.9,63.0,18.41667555648284,64.37629307607811
Pilibhit,2023-10-28 02:00:00,18.3,66.0,18.768835250272737,62.94220809080502
Pilibhit,2023-10-29 02:45:00,18.7,58.0,18.13072740458605,65.22975631048065
Pilibhit,2023-10-30 02:00:00,18.7,64.0,18.213591422405095,63.783306345038106
Pithoragarh,2023-10-15 02:30:00,16.9,69.0,16.93455477927386,70.31247610877831
Pithoragarh,2023-10-16 02:30:00,16.4,74.0,16.69561592651036,67.46305153061878
Pithoragarh,2023-10-17 02:30:00,15.9,84.0,15.353408095695718,76.01745664928087
Pithoragarh,2023-10-18 02:30:00,14.8,67.0,14.683760472501632,80.58447256877366
Pithoragarh,2023-10-19 02:15:00,14.3,73.0,13.581432984887135,67.94511475454728
Pithoragarh,2023-10-20 02:30:00,14.0,69.0,13.455273259510363,69.5078365393294
Pithoragarh,2023-10-21 02:15:00,14.4,72.0,12.600081191212075,68.66640594670673
Pithoragarh,2023-10-22 02:15:00,14.5,71.0,13.384019022933815,68.76701102962757
Pithoragarh,2023-10-23 02:15:00,14.7,71.0,13.5226895008435,76.32342707941991
Pithoragarh,2023-10-24 02:15:00,14.0,59.0,13.780904375626868,65.54298006131712
Pithoragarh,2023-10-25 02:15:00,14.8,58.0,12.77089872519767,66.26780592882793
Pithoragarh,2023-10-26 02:00:00,15.1,66.0,13.873854668610184,62.00941087921027
Pithoragarh,2023-10-27 02:15:00,15.1,70.0,14.370886587840227,66.14131929268515
Pithoragarh,2023-10-28 02:00:00,14.7,69.0,14.124489444683507,67.26834019301423
Pithoragarh,2023-10-29 02:30:00,15.0,69.0,13.65094047682429,68.07537639379034
Pithoragarh,2023-10-30 01:45:00,15.3,73.0,14.321654978300737,68.86624031324162
Porbandar,2023-10-15 02:30:00,26.6,68.0,27.300982137007768,77.57723175147338
Porbandar,2023-10-16 02:30:00,26.5,75.0,26.794167498520363,69.28567255700742
Porbandar,2023-10-17 02:15:00,26.3,74.0,26.875453973623365,73.96476248895513
Porbandar,2023-10-18 02:15:00,26.1,80.0,26.730318709323445,74.32592353233548
Porbandar,2023-10-19 02:15:00,27.3,74.0,26.668606080427573,82.48518351396343
Porbandar,2023-10-20 02:30:00,26.9,66.0,27.548842778264355,73.99010110634079
Porbandar,2023-10-21 02:15:00,27.0,72.0,27.414842964139694,68.10075243739928
Porbandar,2023-10-22 02:15:00,27.8,60.0,27.55990204738041,70.9026556989307
Porbandar,2023-10-23 02:00:00,27.4,66.0,28.077552936317094,62.580054185748516
Porbandar,2023-10-24 02:15:00,26.9,69.0,27.93360187321917,64.79788326790936
Porbandar,2023-10-25 02:15:00,27.4,63.0,27.430623140981627,68.02932045749009
Porbandar,2023-10-26 02:00:00,27.0,65.0,27.93373763448317,60.523884343019404
Porbandar,2023-10-27 02:15:00,26.9,61.0,27.450448468310025,61.51874047906073
Porbandar,2023-10-28 02:00:00,26.6,65.0,27.29610361220712,60.699946058090454
Porbandar,2023-10-29 02:30:00,26.8,64.0,27.07461089692983,61.30511221938241
Porbandar,2023-10-30 01:45:00,27.2,63.0,27.266030317799615,61.1933473191782
Pratapgarh,2023-10-15 02:30:00,22.7,50.0,24.34606269859084,52.26124767302016
Pratapgarh,2023-10-16 02:30:00,22.5,68.0,23.462957231912007,52.456365160267104
Pratapgarh,2023-10-17 02:30:00,22.8,61.0,22.991827809358373,61.46184293274301
Pratapgarh,2023-10-18 02:30:00,21.6,59.0,23.126050251761196,56.88331765054937
Pratapgarh,2023-10-19 02:30:00,22.5,58.0,22.145642351482444,55.2264006337904
Pratapgarh,2023-10-20 02:30:00,21.7,50.0,22.850472214362004,53.81265024237721
Pratapgarh,2023-10-21 02:15:00,22.5,49.0,22.382524540371247,51.786357945055975
Pratapgarh,2023-10-22 02:30:00,21.8,40.0,22.744584890028015,53.815609911131006
Pratapgarh,2023-10-23 02:15:00,21.9,42.0,22.468186110522655,45.173527304842025
Pratapgarh,2023-10-24 02:15:00,23.5,40.0,22.66982415988781,47.38398137209506
Pratapgarh,2023-10-25 02:15:00,21.2,37.0,23.78426849410165,45.05456929375626
Pratapgarh,2023-10-26 02:00:00,21.5,35.0,22.443419081301407,46.91254202579426
Pratapgarh,2023-10-27 02:15:00,20.6,31.0,21.772790047521095,44.97648148182084
Pratapgarh,2023-10-28 02:00:00,20.5,36.0,21.428538754564666,45.32862477169979
Pratapgarh,2023-10-29 02:45:00,21.2,40.0,21.427705721846284,47.84203654047346
Pratapgarh,2023-10-30 02:00:00,21.3,39.0,21.452673032282092,50.03585818510754
Puducherry,2023-10-15 02:30:00,26.4,80.0,25.69067070110548,84.88038266912471
Puducherry,2023-10-16 02:30:00,26.4,84.0,26.144497423649838,80.4477981095637
Puducherry,2023-10-17 02:15:00,26.7,81.0,26.003713919479846,84.32853831712528
Puducherry,2023-10-18 02:30:00,25.8,79.0,26.154558447290743,79.32536659458725
Puducherry,2023-10-19 02:15:00,25.9,82.0,25.4586236173723,85.53426134969618
Puducherry,2023-10-20 02:30:00,26.0,74.0,25.68689650423222,81.50190002387468
Puducherry,2023-10-21 02:15:00,25.6,82.0,25.85313683373163,73.98584622848962
Puducherry,2023-10-22 02:15:00,25.5,86.0,25.47690857181302,82.96329223813049
Puducherry,2023-10-23 02:15:00,25.9,82.0,25.20315408470474,80.71346678406427
Puducherry,2023-10-24 02:15:00,26.1,78.0,25.505744828274917,83.2977836362476
Puducherry,2023-10-25 02:15:00,26.4,77.0,25.636993658628228,80.81788171648243
Puducherry,2023-10-26 02:00:00,26.3,72.0,26.0377242123279,77.13349809056069
Puducherry,2023-10-27 02:15:00,26.2,78.0,25.973496031414562,73.82681476238496
Puducherry,2023-10-28 02:00:00,26.2,74.0,25.900650907332086,76.83553643658844
Puducherry,2023-10-29 02:30:00,25.6,86.0,25.643673485660443,83.72958985783194
Puducherry,2023-10-30 01:45:00,26.1,83.0,25.36700636988822,85.1758489304732
Pudukkottai,2023-10-15 02:30:00,24.0,100.0,25.603000743096317,91.8508771409108
Pudukkottai,2023-10-16 02:30:00,27.0,94.0,25.155163009685367,94.24075583192233
Pudukkottai,2023-10-17 02:30:00,25.0,94.0,25.039589547375815,93.86862266760579
Pudukkottai,2023-10-18 02:30:00,26.0,89.0,25.451803617122188,91.93740519683499
Pudukkottai,2023-10-19 02:30:00,26.0,94.0,25.780859770708563,87.85049995590188
Pudukkottai,2023-10-20 02:30:00,26.0,94.0,25.920556067603727,92.76220905812065
Pudukkottai,2023-10-21 02:15:00,26.0,84.0,25.909016712873147,92.90060858326532
Pudukkottai,2023-10-22 02:30:00,26.0,89.0,25.972269365483694,86.65094202332389
Pudukkottai,2023-10-23 02:15:00,27.0,89.0,25.940384928729316,85.85047050714888
Pudukkottai,2023-10-24 02:15:00,26.0,89.0,26.671443467209134,88.13547993003309
Pudukkottai,2023-10-25 02:30:00,28.0,79.0,25.943681684452702,88.70626413304036
Pudukkottai,2023-10-26 02:00:00,25.5,83.0,26.65421945292658,81.77671933051887
Pudukkottai,2023-10-27 02:30:00,27.0,79.0,25.476611011449023,82.36955312314987
Pudukkottai,2023-10-28 02:00:00,26.0,89.0,26.532757932635654,81.5137756704417
Pudukkottai,2023-10-29 02:45:00,26.0,89.0,25.917023917595014,89.0692168995921
Pudukkottai,2023-10-30 02:00:00,25.0,94.0,25.27980252930174,92.84818545372937
Pulwama,2023-10-15 02:30:00,6.7,73.0,8.83680150174867,68.70266805312879
Pulwama,2023-10-16 02:30:00,8.8,66.0,6.869207357098032,70.43720792014471
Pulwama,2023-10-17 02:15:00,6.9,92.0,7.550290186947203,80.62479234169292
Pulwama,2023-10-18 02:15:00,5.4,87.0,6.753238124063438,79.96748432315778
Pulwama,2023-10-19 02:15:00,8.0,61.0,5.640021247573463,76.27227647921086
Pulwama,2023-10-20 02:15:00,8.4,53.0,7.553153341214378,56.39857514870451
Pulwama,2023-10-21 02:15:00,9.9,47.0,7.981610957295382,53.09400008738368
Pulwama,2023-10-22 02:15:00,10.7,46.0,8.956480653016088,55.32941344589666
Pulwama,2023-10-23 02:00:00,3.4,82.0,10.173304702345098,57.07378777736042
Pulwama,2023-10-24 02:15:00,5.2,57.0,5.153287664414829,51.5836591464998
Pulwama,2023-10-25 02:15:00,4.9,58.0,4.2770523669153535,57.94140491788521
Pulwama,2023-10-26 02:00:00,5.2,44.0,5.56866753136888,45.29697366637476
Pulwama,2023-10-27 02:15:00,5.5,45.0,5.187664109256318,42.089379249009376
Pulwama,2023-10-28 02:00:00,6.0,46.0,5.687842242805305,50.67251033795521
Pulwama,2023-10-29 02:30:00,6.0,45.0,6.146275082988877,44.60018961493321
Pulwama,2023-10-30 01:45:00,7.1,37.0,6.603882498888671,50.017774987969595
Punch,2023-10-15 02:30:00,27.5,38.0,26.74117019588751,40.36606202029464
Punch,2023-10-16 02:30:00,28.2,38.0,27.376199904242263,44.11160933549332
Punch,2023-10-17 02:15:00,22.0,69.0,27.683675579971293,43.86823616261239
Punch,2023-10-18 02:15:00,24.3,58.0,22.961963996348363,51.0135865727682
Punch,2023-10-19 02:15:00,24.3,41.0,23.39253260987243,53.75532428530735
Punch,2023-10-20 02:15:00,23.5,41.0,23.97338528985259,45.686403442926384
Punch,2023-10-21 02:15:00,22.8,43.0,23.270307179927322,48.160065492507805
Punch,2023-10-22 02:15:00,22.8,42.0,22.980254271610026,48.1962306453423
Punch,2023-10-23 02:00:00,22.4,44.0,22.667200842828926,49.16378129775279
Punch,2023-10-24 02:15:00,22.8,40.0,22.171341382652642,51.922578741012494
Punch,2023-10-25 02:15:00,22.7,43.0,22.431121951807977,48.3336348727997
Punch,2023-10-26 02:00:00,22.5,35.0,22.439212800512614,49.20976856072353
Punch,2023-10-27 02:15:00,22.1,34.0,22.125703188807048,45.7049256342896
Punch,2023-10-28 02:00:00,22.4,34.0,22.11121103060078,45.53953355872025
Punch,2023-10-29 02:30:00,23.0,33.0,22.74567553490424,44.56757144662384
Punch,2023-10-30 01:45:00,23.4,36.0,22.79426589330984,44.4739492781432
Pune,2023-10-15 02:30:00,22.8,70.0,24.093573955470678,68.34560058887777
Pune,2023-10-16 02:30:00,23.4,71.0,23.322345225104232,68.10025673733011
Pune,2023-10-17 02:15:00,23.4,67.0,23.761931668990965,67.93716351620876
Pune,2023-10-18 02:30:00,23.4,69.0,23.806398356969332,64.6383728161159
Pune,2023-10-19 02:15:00,23.9,60.0,23.82819403362397,65.98452358398451
Pune,2023-10-20 02:30:00,24.6,70.0,24.229488573540092,61.57795398288826
Pune,2023-10-21 02:15:00,23.3,66.0,24.693809903075316,66.41642127933711
Pune,2023-10-22 02:15:00,24.0,62.0,23.77970798846401,66.2468575245607
Pune,2023-10-23 02:15:00,22.4,66.0,24.216250619034263,62.064500006751736
Pune,2023-10-24 02:15:00,22.7,59.0,22.928999748291968,62.70406044267689
Pune,2023-10-25 02:15:00,22.3,57.0,22.89990668667501,60.20303303076639
Pune,2023-10-26 02:00:00,21.8,49.0,22.824932582068147,58.609507176342056
Pune,2023-10-27 02:15:00,20.2,45.0,21.773948423082153,61.91210611368022
Pune,2023-10-28 02:00:00,20.1,46.0,20.814068184269928,61.34763890610408
Pune,2023-10-29 02:45:00,20.5,47.0,20.46191188221976,64.05747906735863
Pune,2023-10-30 01:45:00,20.8,50.0,20.907775863290478,63.21239877842656
Puri,2023-10-15 02:30:00,27.0,84.0,26.811544499780698,85.11190477292429
Puri,2023-10-16 02:30:00,25.0,89.0,26.33244912668235,84.47463871649627
Puri,2023-10-17 02:30:00,26.0,89.0,24.53195427099407,90.62561583781729
Puri,2023-10-18 02:30:00,25.0,94.0,25.075028951086306,90.51549386300368
Puri,2023-10-19 02:30:00,26.0,89.0,24.97434610079379,94.82490736851601
Puri,2023-10-20 02:30:00,24.0,94.0,25.336184378770646,89.8410779971951
Puri,2023-10-21 02:15:00,24.0,89.0,23.803371844376446,93.18849024070006
Puri,2023-10-22 02:15:00,24.0,83.0,23.7417912255319,85.06498867459025
Puri,2023-10-23 02:15:00,25.0,79.0,23.807653639382863,85.93177735656047
Puri,2023-10-24 02:15:00,25.0,89.0,24.868607491344306,86.47880892433234
Puri,2023-10-25 02:15:00,24.0,94.0,24.902243460912878,90.37751962732521
Puri,2023-10-26 02:00:00,25.0,94.0,24.089436269069427,95.60495647977216
Puri,2023-10-27 02:15:00,23.0,83.0,24.34339421256084,95.59040280817024
Puri,2023-10-28 02:00:00,22.0,78.0,22.62135445182373,89.40274728129842
Puri,2023-10-29 02:45:00,21.0,83.0,21.82394325495086,82.61254170017642
Puri,2023-10-30 02:00:00,21.0,88.0,21.26355941496302,89.79834023871463
Puri District,2023-10-17 02:30:00,26.0,89.0,24.53195427099407,90.62561583781729
Puri District,2023-10-18 02:30:00,25.0,94.0,25.075028951086306,90.51549386300368
Puri District,2023-10-19 02:15:00,26.0,89.0,24.97434610079379,94.82490736851601
Puri District,2023-10-20 02:30:00,24.0,94.0,25.336184378770646,89.8410779971951
Puri District,2023-10-21 02:15:00,24.0,89.0,23.803371844376446,93.18849024070006
Puri District,2023-10-22 02:15:00,24.0,83.0,23.7417912255319,85.06498867459025
Puri District,2023-10-23 02:15:00,25.0,79.0,23.807653639382863,85.93177735656047
Puri District,2023-10-24 02:15:00,25.0,89.0,24.868607491344306,86.47880892433234
Puri District,2023-10-25 02:15:00,24.0,94.0,24.902243460912878,90.37751962732521
Puri District,2023-10-26 02:00:00,25.0,94.0,24.089436269069427,95.60495647977216
Puri District,2023-10-27 02:15:00,23.0,83.0,24.34339421256084,95.59040280817024
Puri District,2023-10-28 02:00:00,22.0,78.0,22.62135445182373,89.40274728129842
Puri District,2023-10-29 02:30:00,21.0,83.0,21.82394325495086,82.61254170017642
Puri District,2023-10-29 02:45:00,21.0,83.0,20.834510805264493,83.78830405845278
Puri District,2023-10-30 01:45:00,21.0,88.0,21.12284447537941,89.72447343706332
Puri District,2023-10-30 02:00:00,21.0,88.0,21.135817519521773,89.82566492937897
Purnia,2023-10-15 02:30:00,22.9,73.0,23.346024295705064,65.46803297812052
Purnia,2023-10-16 02:30:00,24.9,69.0,23.096683239217978,70.79938604732385
Purnia,2023-10-17 02:15:00,23.2,79.0,23.903725117143725,65.96400242286221
Purnia,2023-10-18 02:30:00,23.3,77.0,22.980844651792914,71.11629443993583
Purnia,2023-10-19 02:15:00,21.8,72.0,22.39709935709951,70.82521680668773
Purnia,2023-10-20 02:30:00,22.1,78.0,21.440290412754727,64.87778014059649
Purnia,2023-10-21 02:15:00,21.4,75.0,21.388140227083348,71.2898672188429
Purnia,2023-10-22 02:15:00,21.7,72.0,20.920960477842918,69.07841949506815
Purnia,2023-10-23 02:00:00,21.7,78.0,21.105012386839544,66.2925532269776
Purnia,2023-10-24 02:15:00,21.6,77.0,21.709283707579743,74.02123290159285
Purnia,2023-10-25 02:15:00,22.1,73.0,21.43900365295278,75.06095428374249
Purnia,2023-10-26 02:00:00,22.1,76.0,21.915365935849962,83.21842465250221
Purnia,2023-10-27 02:15:00,21.0,57.0,21.359695557374028,68.604686882561
Purnia,2023-10-28 02:00:00,20.9,63.0,20.684158471182105,68.42098709002106
Purnia,2023-10-29 02:30:00,21.6,59.0,20.33214380556186,64.71006510773829
Purnia,2023-10-30 01:45:00,21.7,66.0,20.774241870715148,62.19558145863089
Puruliya,2023-10-15 02:30:00,21.5,69.0,23.049587130582523,66.52507606666455
Puruliya,2023-10-16 02:30:00,22.1,66.0,21.441479154758817,68.00129512745872
Puruliya,2023-10-17 02:30:00,23.1,76.0,21.568698523725843,64.63362671930447
Puruliya,2023-10-18 02:30:00,22.6,74.0,22.385146965923976,70.53657833220865
Puruliya,2023-10-19 02:15:00,22.2,78.0,22.689759694361502,70.44230287411577
Puruliya,2023-10-20 02:30:00,21.5,71.0,22.010510869884783,72.92457438347654
Puruliya,2023-10-21 02:15:00,20.3,72.0,21.002706978433437,68.4478043505623
Puruliya,2023-10-22 02:15:00,19.8,65.0,20.254505399100836,68.96025960847682
Puruliya,2023-10-23 02:15:00,20.1,67.0,19.91651188778149,64.38463687258086
Puruliya,2023-10-24 02:15:00,21.1,72.0,20.149467110233154,67.9043394759408
Puruliya,2023-10-25 02:15:00,21.9,73.0,20.73779098886419,69.25118102821602
Puruliya,2023-10-26 02:00:00,23.4,68.0,21.8295286094972,70.45934333444733
Puruliya,2023-10-27 02:15:00,20.7,61.0,22.90122070223222,69.91814065260264
Puruliya,2023-10-28 02:00:00,18.0,77.0,21.079564106756184,76.03660804251133
Puruliya,2023-10-29 02:45:00,20.1,62.0,18.11995453949703,73.6369846542882
Puruliya,2023-10-30 02:00:00,20.3,62.0,19.50947128314679,67.83013706145654
Rae Bareli,2023-10-15 02:30:00,24.8,48.0,23.347226041515462,53.68030564089343
Rae Bareli,2023-10-16 02:30:00,24.1,61.0,24.7546747684705,54.04504685526651
Rae Bareli,2023-10-17 02:30:00,21.0,80.0,24.197878311984457,61.98100104299767
Rae Bareli,2023-10-18 02:30:00,22.2,69.0,21.455416434105906,74.16505969097206
Rae Bareli,2023-10-19 02:30:00,21.3,57.0,21.635536133638812,65.1081325360383
Rae Bareli,2023-10-20 02:30:00,21.0,49.0,21.013126787160253,60.949307465787406
Rae Bareli,2023-10-21 02:15:00,20.2,52.0,20.761273396675197,56.96310127032158
Rae Bareli,2023-10-22 02:30:00,20.0,51.0,20.487061813011227,61.35746264224119
Rae Bareli,2023-10-23 02:15:00,20.9,61.0,19.919713411885635,60.34873309379519
Rae Bareli,2023-10-24 02:15:00,21.2,58.0,20.63540360870679,65.15039414578239
Rae Bareli,2023-10-25 02:30:00,21.6,53.0,20.82923435288319,63.392352577786845
Rae Bareli,2023-10-26 02:00:00,22.2,62.0,21.550281966433683,60.11056929253634
Rae Bareli,2023-10-27 02:30:00,20.9,42.0,21.742815124554934,63.21743837266125
Rae Bareli,2023-10-28 02:00:00,21.1,36.0,20.74545205244355,55.68898051547329
Rae Bareli,2023-10-29 02:45:00,21.7,45.0,21.33565528166051,49.813717660680524
Rae Bareli,2023-10-30 02:00:00,21.5,47.0,21.465369424620675,54.678499505790725
Raichur,2023-10-15 02:30:00,25.4,64.0,25.171458469244662,61.34823921376111
Raichur,2023-10-16 02:30:00,25.3,62.0,25.343377799955906,61.83171235149723
Raichur,2023-10-17 02:30:00,26.3,62.0,24.907671270929693,67.16943628226315
Raichur,2023-10-18 02:30:00,24.7,65.0,25.702660325249834,60.70314681948212
Raichur,2023-10-19 02:15:00,23.8,66.0,24.711592250202248,60.46365604547703
Raichur,2023-10-20 02:30:00,23.8,68.0,23.63563234091328,63.97220527840106
Raichur,2023-10-21 02:15:00,24.2,69.0,23.70136258713191,65.5427036760164
Raichur,2023-10-22 02:15:00,24.1,69.0,23.99068293924539,67.1328521975571
Raichur,2023-10-23 02:15:00,22.5,54.0,23.71854107927616,67.90846070564704
Raichur,2023-10-24 02:15:00,21.5,63.0,22.409016598348884,61.95003495930486
Raichur,2023-10-25 02:15:00,21.3,55.0,21.474841351832428,64.73898487792722
Raichur,2023-10-26 02:00:00,21.5,56.0,21.227772020002313,62.344341949419565
Raichur,2023-10-27 02:15:00,20.6,49.0,21.22076525310312,62.876004502057256
Raichur,2023-10-28 02:00:00,21.3,59.0,20.79556069814947,64.75470150378857
Raichur,2023-10-29 02:45:00,26.0,65.0,21.190352924493087,63.519873803379035
Raichur,2023-10-30 02:00:00,24.7,77.0,23.90333632165347,68.25437142178029
Raigarh,2023-10-15 02:30:00,21.8,72.0,23.158113133474856,69.34228960246577
Raigarh,2023-10-16 02:30:00,21.8,68.0,21.650675970342903,69.30911088805227
Raigarh,2023-10-17 02:30:00,22.8,71.0,21.599543255279595,66.13301191209483
Raigarh,2023-10-18 02:30:00,21.3,76.0,22.326655356312983,68.19463299305751
Raigarh,2023-10-19 02:15:00,21.4,75.0,21.367225955794307,76.37688656357523
Raigarh,2023-10-20 02:30:00,21.4,71.0,21.446446147489944,72.26772112565587
Raigarh,2023-10-21 02:15:00,19.9,63.0,21.25656876928327,69.58173084412124
Raigarh,2023-10-22 02:15:00,19.1,66.0,20.40828472051311,64.02520575060173
Raigarh,2023-10-23 02:15:00,18.4,63.0,18.983935043829504,66.28983450176639
Raigarh,2023-10-24 02:15:00,19.1,76.0,18.57877127458553,66.50419456211222
Raigarh,2023-10-25 02:15:00,19.5,69.0,19.156039482562676,74.59736389782304
Raigarh,2023-10-26 02:00:00,18.5,60.0,19.17299098873458,71.71299940795419
Raigarh,2023-10-27 02:15:00,18.3,60.0,18.17838216002145,66.50026637605158
Raigarh,2023-10-28 02:00:00,18.5,65.0,17.7769597250604,66.77368725561355
Raigarh,2023-10-29 02:30:00,18.6,66.0,18.391783690690122,64.89184653191715
Raigarh,2023-10-30 01:45:00,19.3,66.0,18.95506081136073,67.44953716787258
Raipur,2023-10-15 02:30:00,22.8,65.0,23.67976094434739,62.4557679863841
Raipur,2023-10-16 02:30:00,23.6,65.0,22.91043810509426,64.41102957789214
Raipur,2023-10-17 02:30:00,22.4,65.0,23.241274539667238,62.48061921617052
Raipur,2023-10-18 02:30:00,22.5,70.0,22.595533426798255,62.686137845395365
Raipur,2023-10-19 02:15:00,22.1,79.0,22.477105650593074,67.85924462291129
Raipur,2023-10-20 02:30:00,22.2,78.0,22.11721026958108,76.29382341654367
Raipur,2023-10-21 02:15:00,20.3,70.0,21.737346877010246,75.63129291521852
Raipur,2023-10-22 02:15:00,19.4,66.0,20.454639536133854,71.35113235532317
Raipur,2023-10-23 02:15:00,18.7,61.0,19.403703680119605,66.61161915876181
Raipur,2023-10-24 02:15:00,18.3,64.0,18.679397922373447,67.28621033619847
Raipur,2023-10-25 02:15:00,19.1,65.0,18.38661884833364,65.8892982825718
Raipur,2023-10-26 02:00:00,18.9,60.0,18.58231671990882,65.39148797010972
Raipur,2023-10-27 02:15:00,18.8,56.0,18.188364018227524,67.24598770843345
Raipur,2023-10-28 02:00:00,18.8,63.0,18.368424453033526,64.48596631871493
Raipur,2023-10-29 02:30:00,18.7,65.0,18.801207307602795,65.91515870075393
Raipur,2023-10-30 01:45:00,19.3,67.0,18.877244236545376,64.92881282651705
Raisen,2023-10-15 02:30:00,25.0,44.0,23.891679038433214,51.79233813782626
Raisen,2023-10-16 02:30:00,23.9,50.0,24.842262636664184,49.888422199962
Raisen,2023-10-17 02:15:00,20.5,74.0,24.363871758002865,54.47407293711083
Raisen,2023-10-18 02:15:00,23.0,69.0,20.93559090555384,70.28679879290503
Raisen,2023-10-19 02:15:00,22.2,65.0,22.62518275489745,64.96606090270447
Raisen,2023-10-20 02:15:00,21.4,52.0,22.2942015878881,57.52502684997689
Raisen,2023-10-21 02:00:00,20.8,50.0,21.41762189498656,58.37578944236912
Raisen,2023-10-22 02:15:00,21.5,40.0,21.079490816649884,56.394390527433515
Raisen,2023-10-23 02:00:00,20.4,54.0,21.205382436757276,47.731392021035276
Raisen,2023-10-24 02:15:00,19.9,51.0,21.369553518839716,62.34676818725254
Raisen,2023-10-25 02:15:00,19.6,45.0,20.147539845851796,60.498221532364596
Raisen,2023-10-26 02:00:00,20.1,43.0,19.673463387832477,56.09453674613923
Raisen,2023-10-27 02:15:00,19.6,44.0,20.17326818808188,53.165417681876576
Raisen,2023-10-28 02:00:00,18.9,41.0,19.42414108248531,55.121171569350764
Raisen,2023-10-29 02:30:00,19.2,41.0,18.871667078188082,53.19294110255811
Raisen,2023-10-30 01:45:00,20.0,60.0,18.203448236784002,60.55085483528827
Rajgarh,2023-10-15 02:30:00,27.1,35.0,27.62368107154646,40.37762730566362
Rajgarh,2023-10-16 02:30:00,26.3,44.0,27.22729418856341,35.91833127328604
Rajgarh,2023-10-17 02:15:00,21.3,72.0,26.565767690493594,43.833480346587486
Rajgarh,2023-10-18 02:15:00,22.8,62.0,22.91813191722232,59.41405229444512
Rajgarh,2023-10-19 02:15:00,23.0,47.0,22.6965415177374,57.87321971702033
Rajgarh,2023-10-20 02:15:00,23.0,43.0,22.906843930090574,52.18758888843782
Rajgarh,2023-10-21 02:00:00,23.4,44.0,23.269134159391786,44.70510185976219
Rajgarh,2023-10-22 02:15:00,23.2,44.0,23.646599342565366,48.442741243210804
Rajgarh,2023-10-23 02:00:00,23.4,40.0,23.41177140015492,46.49607411874511
Rajgarh,2023-10-24 02:15:00,22.4,38.0,23.346714200066128,41.200613722164526
Rajgarh,2023-10-25 02:15:00,22.4,37.0,22.62508064091684,43.63268394837
Rajgarh,2023-10-26 02:00:00,22.9,36.0,22.43945030771924,40.79155862794387
Rajgarh,2023-10-27 02:15:00,22.2,29.0,22.511027125378003,39.56723278071874
Rajgarh,2023-10-28 02:00:00,22.2,24.0,22.767164839735432,34.34093473984388
Rajgarh,2023-10-29 02:30:00,23.6,35.0,22.869478156785625,33.87999497641439
Rajgarh,2023-10-30 01:45:00,24.2,36.0,23.81942486023137,37.15991109964732
Rajkot,2023-10-15 02:30:00,26.7,57.0,28.569793698831717,60.12510635126527
Rajkot,2023-10-16 02:30:00,26.0,73.0,27.091676247688707,56.07767887992987
Rajkot,2023-10-17 02:15:00,25.4,74.0,26.486175796837898,71.02420056489949
Rajkot,2023-10-18 02:15:00,25.8,70.0,25.94441762389273,72.85995810425166
Rajkot,2023-10-19 02:15:00,26.9,38.0,26.253034911526548,68.4987643879624
Rajkot,2023-10-20 02:30:00,27.1,38.0,27.103083213228228,59.052193344626296
Rajkot,2023-10-21 02:15:00,27.9,40.0,27.467658610461093,51.92980378618466
Rajkot,2023-10-22 02:15:00,27.9,46.0,28.577858241418664,48.48217845537791
Rajkot,2023-10-23 02:00:00,28.0,40.0,27.9407701286373,55.70552072973906
Rajkot,2023-10-24 02:15:00,27.5,39.0,28.051231988794868,50.68951610990269
Rajkot,2023-10-25 02:15:00,27.2,34.0,28.168402032121836,47.12945760426536
Rajkot,2023-10-26 02:00:00,27.4,33.0,27.835809005518687,46.04083994003807
Rajkot,2023-10-27 02:15:00,26.4,51.0,27.714033925544204,46.335400516940275
Rajkot,2023-10-28 02:00:00,26.3,49.0,27.078006816022985,57.18649924142084
Rajkot,2023-10-29 02:30:00,26.0,47.0,26.650348075876245,58.516620486012485
Rajkot,2023-10-30 01:45:00,27.4,30.0,27.000083465173958,53.150526194529924
Rajsamand,2023-10-15 02:30:00,23.0,66.0,24.15268832744258,48.43895954867657
Rajsamand,2023-10-16 02:30:00,22.9,59.0,23.553022933654987,59.65015754025745
Rajsamand,2023-10-17 02:30:00,22.2,57.0,23.266299052173625,55.79963961041692
Rajsamand,2023-10-18 02:30:00,21.4,62.0,22.93910641157648,54.016690463490306
Rajsamand,2023-10-19 02:30:00,21.7,52.0,22.131256429574258,58.10629596307522
Rajsamand,2023-10-20 02:30:00,21.9,49.0,22.19412294757389,51.2155429097258
Rajsamand,2023-10-21 02:15:00,22.6,41.0,22.30038410519581,50.30084279343664
Rajsamand,2023-10-22 02:30:00,23.8,35.0,23.12673792358793,44.43972315007019
Rajsamand,2023-10-23 02:15:00,23.1,37.0,24.273376647544904,41.0413918186874
Rajsamand,2023-10-24 02:15:00,21.3,39.0,23.949798626645144,41.61625418846731
Rajsamand,2023-10-25 02:30:00,21.4,36.0,22.159848800335443,48.73160885117568
Rajsamand,2023-10-26 02:00:00,21.3,34.0,21.998823140028044,47.06416549206588
Rajsamand,2023-10-27 02:15:00,21.1,25.0,21.709900522879252,44.26696150589253
Rajsamand,2023-10-28 02:00:00,21.7,30.0,21.596526154755487,39.70949784678507
Rajsamand,2023-10-29 02:45:00,21.8,35.0,22.15450204848997,43.1777468552718
Rajsamand,2023-10-30 02:00:00,21.3,38.0,22.440995291960125,44.374208387677086
Ramanathapuram,2023-10-15 02:30:00,27.2,79.0,26.923143759640823,81.6945155199767
Ramanathapuram,2023-10-16 02:30:00,27.6,76.0,27.050650522510466,79.07971706183753
Ramanathapuram,2023-10-17 02:30:00,26.3,83.0,26.694618405044135,83.40170484587442
Ramanathapuram,2023-10-18 02:30:00,27.2,80.0,26.253446864211593,83.39738098000397
Ramanathapuram,2023-10-19 02:30:00,27.2,76.0,26.739415244094936,77.59034344915587
Ramanathapuram,2023-10-20 02:30:00,26.6,79.0,26.661074444268063,80.26174333581281
Ramanathapuram,2023-10-21 02:15:00,27.2,72.0,26.417515874132203,81.89498434678731
Ramanathapuram,2023-10-22 02:30:00,27.4,75.0,26.803272918863474,71.16514211952568
Ramanathapuram,2023-10-23 02:15:00,27.3,73.0,26.680994195665257,79.5104190285544
Ramanathapuram,2023-10-24 02:15:00,27.3,78.0,27.323728394425338,69.93611757916379
Ramanathapuram,2023-10-25 02:30:00,27.1,77.0,27.089583436898724,76.76685748149825
Ramanathapuram,2023-10-26 02:00:00,27.3,76.0,26.661535225653143,79.8028916117905
Ramanathapuram,2023-10-27 02:15:00,27.3,75.0,27.108401932403634,74.99229539201194
Ramanathapuram,2023-10-28 02:00:00,27.3,77.0,27.160924126091448,73.33521221247668
Ramanathapuram,2023-10-29 02:45:00,27.1,79.0,26.941772357612493,82.04192155472408
Ramanathapuram,2023-10-30 02:00:00,26.8,78.0,27.06083393202798,82.43140644907639
Ramban,2023-10-15 02:30:00,14.7,61.0,14.584090928710319,67.57680635041825
Ramban,2023-10-16 02:30:00,13.9,58.0,14.082569841988132,59.80737778719873
Ramban,2023-10-17 02:15:00,12.9,77.0,12.56067843813667,68.50871416194609
Ramban,2023-10-18 02:15:00,10.0,75.0,12.133466047087659,73.57658876456539
Ramban,2023-10-19 02:15:00,11.4,65.0,9.844924477408393,68.4419082606962
Ramban,2023-10-20 02:15:00,11.9,61.0,11.353214986620602,60.48931881857194
Ramban,2023-10-21 02:15:00,12.6,60.0,11.679738458501296,56.847569028551895
Ramban,2023-10-22 02:15:00,12.9,66.0,12.089921433366877,62.855652826744695
Ramban,2023-10-23 02:00:00,10.4,77.0,12.261918679666898,64.0180806321024
Ramban,2023-10-24 02:15:00,12.1,60.0,10.360682247609887,65.24770956601525
Ramban,2023-10-25 02:15:00,11.8,58.0,11.074435867105226,57.806227745196786
Ramban,2023-10-26 02:00:00,12.2,43.0,12.232218898610888,49.75991941702288
Ramban,2023-10-27 02:15:00,12.3,42.0,12.214170503872115,42.811332506971645
Ramban,2023-10-28 02:00:00,13.0,43.0,12.212583642916776,44.09760666120645
Ramban,2023-10-29 02:30:00,13.0,41.0,12.66422145325955,46.322157146490866
Ramban,2023-10-30 01:45:00,13.1,37.0,13.018334187306566,50.72662416605589
Ramgarh,2023-10-15 02:30:00,20.0,83.0,20.66068616394874,78.15713207149018
Ramgarh,2023-10-16 02:30:00,19.0,94.0,20.45719880170984,83.25586999271344
Ramgarh,2023-10-17 02:15:00,20.7,74.0,18.665324074643728,80.59286262456718
Ramgarh,2023-10-18 02:30:00,20.0,94.0,19.410598717500353,84.02994312854617
Ramgarh,2023-10-19 02:15:00,20.0,88.0,20.002163039191167,89.36803983662624
Ramgarh,2023-10-20 02:30:00,20.0,83.0,19.516514604991112,86.5898081729926
Ramgarh,2023-10-21 02:15:00,17.0,94.0,19.499073408889807,83.48618183815299
Ramgarh,2023-10-22 02:15:00,16.0,94.0,16.661313670000123,92.83062168418043
Ramgarh,2023-10-23 02:00:00,18.0,77.0,15.059126374931322,92.83008738900912
Ramgarh,2023-10-24 02:15:00,20.0,78.0,17.621295651528467,86.06634393657006
Ramgarh,2023-10-25 02:15:00,18.8,77.0,19.911535059625507,73.65606126504171
Ramgarh,2023-10-26 02:00:00,21.0,83.0,18.816525213037103,88.87528545130694
Ramgarh,2023-10-27 02:15:00,18.0,83.0,19.622807082111162,82.30245560154718
Ramgarh,2023-10-28 02:00:00,18.0,77.0,17.927970081779367,83.32015206618414
Ramgarh,2023-10-29 02:30:00,17.8,64.0,17.385221736243672,74.32603524240743
Ramgarh,2023-10-30 01:45:00,17.0,83.0,16.65440869911491,77.85020860886715
Rampur,2023-10-15 02:30:00,21.8,59.0,21.000216083698714,60.364644235961855
Rampur,2023-10-16 02:30:00,22.0,60.0,21.787607483610678,59.52132868156676
Rampur,2023-10-17 02:30:00,18.9,85.0,22.074316526557865,59.35257185318318
Rampur,2023-10-18 02:30:00,19.1,64.0,19.456260428601382,76.08402582370726
Rampur,2023-10-19 02:30:00,18.3,59.0,18.579690972041575,63.50003546741153
Rampur,2023-10-20 02:30:00,18.2,67.0,17.513628961220572,59.714096421591876
Rampur,2023-10-21 02:15:00,18.8,58.0,17.628441030871667,65.44831683719673
Rampur,2023-10-22 02:30:00,18.5,61.0,17.758952429808744,62.327894869434665
Rampur,2023-10-23 02:15:00,19.4,55.0,18.18478731771115,66.60142143526392
Rampur,2023-10-24 02:15:00,19.0,53.0,19.005101456992083,58.46243452304867
Rampur,2023-10-25 02:30:00,19.4,54.0,18.968019251243575,59.30252047882242
Rampur,2023-10-26 02:00:00,19.8,50.0,19.252133011388253,58.76835411967345
Rampur,2023-10-27 02:30:00,19.3,58.0,19.556995324669803,56.812150400333195
Rampur,2023-10-28 02:00:00,19.0,53.0,19.615994883826225,63.743453331420255
Rampur,2023-10-29 02:45:00,18.9,53.0,18.677215119618534,58.565847132498526
Rampur,2023-10-30 02:00:00,19.2,58.0,18.395079460518037,59.96383832687637
Ranchi,2023-10-15 02:30:00,20.0,83.0,20.662999893379016,79.14270426642452
Ranchi,2023-10-16 02:30:00,19.0,94.0,20.45719880170984,83.27745777579251
Ranchi,2023-10-17 02:15:00,20.7,74.0,18.665324074643728,80.54989677201023
Ranchi,2023-10-18 02:30:00,20.0,94.0,19.410598717500353,83.82629096026507
Ranchi,2023-10-19 02:15:00,20.0,88.0,20.002163039191167,89.23322408118344
Ranchi,2023-10-20 02:30:00,20.0,83.0,19.516514604991112,86.42236191640458
Ranchi,2023-10-21 02:15:00,17.0,94.0,19.499073408889807,83.50776962123206
Ranchi,2023-10-22 02:15:00,16.0,94.0,16.661313670000123,92.85776663631574
Ranchi,2023-10-23 02:00:00,18.0,77.0,15.059126374931322,92.82460183999922
Ranchi,2023-10-24 02:15:00,20.0,78.0,17.621295651528467,86.03035398042047
Ranchi,2023-10-25 02:15:00,18.7,77.0,19.911535059625507,73.7234180738146
Ranchi,2023-10-26 02:00:00,21.0,83.0,18.811848552049995,88.67163328302583
Ranchi,2023-10-27 02:15:00,18.0,83.0,19.622807082111162,82.16208267704815
Ranchi,2023-10-28 02:00:00,18.0,77.0,17.927970081779367,83.3417398492632
Ranchi,2023-10-29 02:30:00,17.7,64.0,17.385221736243672,73.08708881822831
Ranchi,2023-10-30 01:45:00,17.0,83.0,16.61028353915428,77.6451610480858
Ranipet,2023-10-15 02:30:00,23.8,90.0,22.54727279800919,89.36228212696805
Ranipet,2023-10-16 02:30:00,24.1,92.0,23.610259978109855,89.85036705557819
Ranipet,2023-10-17 02:30:00,23.6,92.0,23.837915168373485,91.4485935358665
Ranipet,2023-10-18 02:30:00,23.0,83.0,23.289624611200118,85.96389454528405
Ranipet,2023-10-19 02:30:00,22.5,89.0,22.923094372505236,80.02859827903796
Ranipet,2023-10-20 02:30:00,22.6,87.0,22.308832828073598,82.87531394135058
Ranipet,2023-10-21 02:30:00,22.9,89.0,22.575680868168032,85.60235221795362
Ranipet,2023-10-22 02:30:00,23.3,80.0,22.637640460332285,84.61150630732554
Ranipet,2023-10-23 02:15:00,23.4,85.0,23.132635298057256,78.98767096768432
Ranipet,2023-10-24 02:15:00,22.4,78.0,23.08102985193118,80.6823291155651
Ranipet,2023-10-25 02:30:00,22.8,79.0,22.30846145941474,77.91069204525955
Ranipet,2023-10-26 02:00:00,22.6,78.0,22.51546802446043,78.17027262034114
Ranipet,2023-10-27 02:30:00,22.7,89.0,22.536934310221028,78.8175769171363
Ranipet,2023-10-28 02:00:00,22.9,92.0,22.53812714194423,88.43191279604393
Ranipet,2023-10-29 02:45:00,23.2,94.0,22.53514085982811,90.37146323021118
Ranipet,2023-10-30 02:00:00,23.1,92.0,23.06845786635259,90.76873004350274
Ratlam,2023-10-15 02:30:00,24.7,54.0,24.49296708440046,51.731778068271645
Ratlam,2023-10-16 02:30:00,23.3,66.0,25.047868874224893,53.789229181688334
Ratlam,2023-10-17 02:15:00,23.2,62.0,23.926750630926968,61.7383863656234
Ratlam,2023-10-18 02:15:00,21.9,62.0,23.576434760294024,58.10171998707093
Ratlam,2023-10-19 02:15:00,22.9,54.0,22.607123095588488,57.36041296700907
Ratlam,2023-10-20 02:15:00,22.6,52.0,23.043292806762906,53.42610555696974
Ratlam,2023-10-21 02:00:00,23.4,54.0,23.177343101900213,53.368604806319105
Ratlam,2023-10-22 02:15:00,23.0,55.0,23.754848612346187,55.740127204202714
Ratlam,2023-10-23 02:00:00,22.7,43.0,23.63994479571831,55.55631422145234
Ratlam,2023-10-24 02:15:00,22.9,40.0,23.35540589050247,44.90820249662304
Ratlam,2023-10-25 02:15:00,21.4,40.0,23.337142249029935,45.918823957264486
Ratlam,2023-10-26 02:00:00,21.1,34.0,22.611603363346852,48.589042799785794
Ratlam,2023-10-27 02:15:00,21.0,30.0,21.589208428435175,44.432117401577955
Ratlam,2023-10-28 02:00:00,20.4,37.0,21.452551377014068,42.69057234668613
Ratlam,2023-10-29 02:30:00,21.3,39.0,21.245659053554615,48.636225659382774
Ratlam,2023-10-30 01:45:00,21.6,40.0,21.511776763765337,49.6506952946005
Ratnagiri,2023-10-15 02:30:00,26.0,70.0,26.03098971485531,77.89120029147128
Ratnagiri,2023-10-16 02:30:00,25.3,83.0,26.389518539880235,70.2287777678479
Ratnagiri,2023-10-17 02:30:00,26.4,80.0,25.428612069476852,85.756249882752
Ratnagiri,2023-10-18 02:30:00,25.7,84.0,26.797610767710314,79.74220438409564
Ratnagiri,2023-10-19 02:30:00,25.6,80.0,25.942090513923254,79.00592004208222
Ratnagiri,2023-10-20 02:30:00,26.2,75.0,26.17323133997998,79.6226138003299
Ratnagiri,2023-10-21 02:15:00,26.9,73.0,26.62606633419993,72.8542368038115
Ratnagiri,2023-10-22 02:30:00,26.3,71.0,27.145805520029516,73.10663837266759
Ratnagiri,2023-10-23 02:15:00,25.2,77.0,26.734027215029826,69.93490084484489
Ratnagiri,2023-10-24 02:15:00,24.5,69.0,25.702561237046588,75.52248584283333
Ratnagiri,2023-10-25 02:15:00,24.3,75.0,25.107882036465053,69.8727111765149
Ratnagiri,2023-10-26 02:00:00,24.5,72.0,25.303823800099668,73.66396498055124
Ratnagiri,2023-10-27 02:15:00,23.7,57.0,24.60741438191174,71.97299889655422
Ratnagiri,2023-10-28 02:00:00,23.8,53.0,24.02232380683753,61.29838912029761
Ratnagiri,2023-10-29 02:45:00,23.9,59.0,24.014307429662527,59.64364898188965
Ratnagiri,2023-10-30 02:00:00,24.3,60.0,24.41974869779311,59.48625070410089
Rayagada,2023-10-15 02:30:00,17.9,83.0,18.932977079141434,79.22269138889963
Rayagada,2023-10-16 02:30:00,17.2,75.0,18.102845961217493,82.30744285580779
Rayagada,2023-10-17 02:30:00,21.0,71.0,16.86226576467767,76.48847552199969
Rayagada,2023-10-18 02:30:00,18.5,81.0,20.32617408111387,71.5299459301975
Rayagada,2023-10-19 02:30:00,17.6,88.0,19.190290276415727,79.00832714139798
Rayagada,2023-10-20 02:30:00,17.1,90.0,17.101092136889562,81.47898906240934
Rayagada,2023-10-21 02:15:00,16.8,88.0,16.499996523131724,81.99020322655687
Rayagada,2023-10-22 02:30:00,16.0,81.0,16.403328492557243,81.27171070319764
Rayagada,2023-10-23 02:15:00,15.5,67.0,15.642475464725731,78.694334561033
Rayagada,2023-10-24 02:15:00,15.3,74.0,15.765005823331748,72.11578627444699
Rayagada,2023-10-25 02:15:00,17.0,94.0,15.680213012880184,75.48218645407714
Rayagada,2023-10-26 02:00:00,16.3,90.0,17.225611615807615,88.47044190939971
Rayagada,2023-10-27 02:15:00,15.8,77.0,16.362938470371592,87.0326849838053
Rayagada,2023-10-28 02:00:00,15.3,75.0,15.238522677351865,79.24103217186038
Rayagada,2023-10-29 02:45:00,15.2,88.0,14.974167954134792,75.54683666132888
Rayagada,2023-10-30 02:00:00,14.5,86.0,15.102327883656523,82.53280616147985
Rewa,2023-10-15 02:30:00,23.4,54.0,23.559438742061634,58.604116784118446
Rewa,2023-10-16 02:30:00,23.9,55.0,23.558152391756106,59.04195224908508
Rewa,2023-10-17 02:15:00,21.4,67.0,23.726843987672726,59.13850318730034
Rewa,2023-10-18 02:15:00,22.0,69.0,21.669571758316152,63.90289651301484
Rewa,2023-10-19 02:15:00,21.9,60.0,21.780819226444002,65.57182450585813
Rewa,2023-10-20 02:15:00,20.9,50.0,21.614479360704014,60.31214942282268
Rewa,2023-10-21 02:00:00,20.9,54.0,21.027966355593602,60.0438935651895
Rewa,2023-10-22 02:15:00,19.7,52.0,20.614764520559866,61.727223912831114
Rewa,2023-10-23 02:00:00,19.0,51.0,19.577495640115547,62.4086707320369
Rewa,2023-10-24 02:15:00,19.0,53.0,18.591983677376966,62.82855730028818
Rewa,2023-10-25 02:15:00,19.9,53.0,18.666182572619874,63.71583642704392
Rewa,2023-10-26 02:00:00,19.6,52.0,19.85539906635463,63.13391756098308
Rewa,2023-10-27 02:15:00,19.3,39.0,19.23406668379275,64.277279265644
Rewa,2023-10-28 02:00:00,19.2,42.0,18.891988488757917,51.965111839215375
Rewa,2023-10-29 02:30:00,19.4,43.0,18.45273260250547,55.35065754117789
Rewa,2023-10-30 01:45:00,20.0,45.0,18.888564795046495,56.0095163137132
Rewari,2023-10-15 02:30:00,26.7,33.0,27.168429210858836,37.12643213469189
Rewari,2023-10-16 02:30:00,27.1,38.0,26.79314764161746,37.414080169329694
Rewari,2023-10-17 02:15:00,20.4,78.0,26.951397035230432,41.14323772098187
Rewari,2023-10-18 02:30:00,23.2,58.0,22.13506498842123,41.218993867823144
Rewari,2023-10-19 02:15:00,22.2,46.0,22.552160724606484,58.23731463603077
Rewari,2023-10-20 02:30:00,22.8,43.0,22.436053105894068,48.71225055074442
Rewari,2023-10-21 02:15:00,23.6,42.0,22.97797733874321,45.016740781250924
Rewari,2023-10-22 02:15:00,23.3,34.0,23.678721540760307,46.79499304394492
Rewari,2023-10-23 02:15:00,23.6,37.0,23.490449135526017,40.42202654430958
Rewari,2023-10-24 02:15:00,22.8,41.0,23.725003539071885,40.21338502109093
Rewari,2023-10-25 02:15:00,23.0,40.0,23.05440838134453,43.395825536427544
Rewari,2023-10-26 02:00:00,22.9,42.0,23.016826013255333,41.472359899640026
Rewari,2023-10-27 02:15:00,22.3,34.0,22.62837037597642,42.22357218151023
Rewari,2023-10-28 02:00:00,22.9,21.0,22.746739150303735,39.5975070828635
Rewari,2023-10-29 02:30:00,23.9,31.0,23.587042390060923,29.377013143307366
Rewari,2023-10-30 01:45:00,24.4,36.0,24.309541632736465,35.70795480368382
Rohtak,2023-10-15 02:30:00,25.6,33.0,25.598566172871013,36.08928327448089
Rohtak,2023-10-16 02:30:00,26.1,40.0,26.27488503902714,38.47078577821292
Rohtak,2023-10-17 02:15:00,19.2,81.0,26.167630262993246,41.15925903556712
Rohtak,2023-10-18 02:15:00,22.8,54.0,20.705225169866313,42.482135540166375
Rohtak,2023-10-19 02:15:00,21.3,43.0,22.033421449171918,59.473165972763724
Rohtak,2023-10-20 02:30:00,21.6,38.0,21.492030158497055,47.827255189985195
Rohtak,2023-10-21 02:15:00,23.1,42.0,21.638349685650358,47.752765506932214
Rohtak,2023-10-22 02:15:00,22.4,33.0,23.130915455107655,46.64684130842842
Rohtak,2023-10-23 02:15:00,22.9,39.0,22.787004086942932,40.909742670404725
Rohtak,2023-10-24 02:15:00,21.9,37.0,22.95959105463462,42.648370687139305
Rohtak,2023-10-25 02:15:00,22.9,37.0,22.08099602351488,42.228796550826324
Rohtak,2023-10-26 02:00:00,21.7,34.0,22.872766695238944,39.38046905468303
Rohtak,2023-10-27 02:15:00,21.6,26.0,21.676757609212107,38.17967400411925
Rohtak,2023-10-28 02:00:00,22.7,25.0,22.200594333459957,34.29208812779316
Rohtak,2023-10-29 02:30:00,23.6,29.0,23.39317623042349,28.609237772882825
Rohtak,2023-10-30 01:45:00,24.0,34.0,23.618253436325755,32.151374448691385
Rudraprayag,2023-10-15 02:30:00,12.5,70.0,13.103662878897422,73.81804333535007
Rudraprayag,2023-10-16 02:30:00,11.3,74.0,11.693112743100414,71.30638612850795
Rudraprayag,2023-10-17 02:30:00,10.1,77.0,10.267988642364552,75.28963890274285
Rudraprayag,2023-10-18 02:30:00,9.0,77.0,9.007648004847837,72.75174607544123
Rudraprayag,2023-10-19 02:15:00,9.5,67.0,8.474929530972817,70.49237199387223
Rudraprayag,2023-10-20 02:30:00,9.7,70.0,9.245110213451545,63.628891704313475
Rudraprayag,2023-10-21 02:15:00,9.7,73.0,9.18716837847706,69.83786433122253
Rudraprayag,2023-10-22 02:15:00,10.2,73.0,9.272382772275227,70.5379139935838
Rudraprayag,2023-10-23 02:15:00,10.0,61.0,8.863392080463706,70.42534817203446
Rudraprayag,2023-10-24 02:15:00,9.8,63.0,9.045899862085902,61.29918864205937
Rudraprayag,2023-10-25 02:15:00,9.8,55.0,9.094472916270943,60.41088077695934
Rudraprayag,2023-10-26 02:00:00,9.9,59.0,8.993823345550535,58.52001482954219
Rudraprayag,2023-10-27 02:15:00,10.1,63.0,8.876643123563316,60.85356522240989
Rudraprayag,2023-10-28 02:00:00,10.2,67.0,9.279154061742428,64.42856894662604
Rudraprayag,2023-10-29 02:30:00,10.5,65.0,9.242629371202884,64.5080136955395
Rudraprayag,2023-10-30 01:45:00,10.4,66.0,10.193273220118947,62.425760467783604
Rupnagar,2023-10-15 02:30:00,22.3,42.0,20.440571992431543,48.51885236896846
Rupnagar,2023-10-16 02:30:00,21.6,43.0,21.677483400758916,46.11524658344113
Rupnagar,2023-10-17 02:30:00,18.3,58.0,21.14023156655985,47.570655668191655
Rupnagar,2023-10-18 02:30:00,17.2,55.0,18.41679800413581,59.341737770667734
Rupnagar,2023-10-19 02:15:00,16.7,51.0,16.46590172245854,56.60821427493456
Rupnagar,2023-10-20 02:30:00,17.2,49.0,16.489080646891118,53.1755392347807
Rupnagar,2023-10-21 02:15:00,18.2,48.0,16.211877310205914,54.48608852482221
Rupnagar,2023-10-22 02:15:00,18.9,45.0,17.207395749832603,58.56797882509064
Rupnagar,2023-10-23 02:15:00,17.8,43.0,17.68001335763866,53.95256981167311
Rupnagar,2023-10-24 02:15:00,17.5,47.0,17.18243363619112,50.11480961095905
Rupnagar,2023-10-25 02:15:00,19.3,44.0,16.612060776108226,53.75508551015532
Rupnagar,2023-10-26 02:00:00,18.6,40.0,18.90388953497725,48.67021595508361
Rupnagar,2023-10-27 02:15:00,17.8,42.0,18.205094099444075,46.80421432529687
Rupnagar,2023-10-28 02:00:00,18.5,43.0,17.260654663083834,50.41656453548577
Rupnagar,2023-10-29 02:45:00,17.8,47.0,18.117831375542117,48.86799405980801
Rupnagar,2023-10-30 02:00:00,18.1,41.0,17.214018987579845,55.08856139834419
Sagar,2023-10-15 02:30:00,23.5,53.0,22.797934863727434,57.060881550798115
Sagar,2023-10-16 02:30:00,24.5,47.0,23.598565058548512,57.495000057030225
Sagar,2023-10-17 02:15:00,21.0,70.0,24.176372487745105,53.30103160603842
Sagar,2023-10-18 02:15:00,21.2,69.0,21.86282251122758,60.2748246715707
Sagar,2023-10-19 02:15:00,22.0,63.0,21.332156824402613,64.12827387924078
Sagar,2023-10-20 02:15:00,20.3,47.0,21.581746024478385,58.24522152151537
Sagar,2023-10-21 02:00:00,20.2,52.0,20.510593363266377,59.32193853791949
Sagar,2023-10-22 02:15:00,20.0,46.0,20.180716985747377,61.9408935484834
Sagar,2023-10-23 02:00:00,18.5,58.0,19.75700754233369,57.45060749038278
Sagar,2023-10-24 02:00:00,18.6,53.0,18.65081050209503,62.84115783231571
Sagar,2023-10-25 02:15:00,19.2,46.0,18.38579432366737,62.217600150985945
Sagar,2023-10-26 02:00:00,19.1,44.0,18.489623134640997,58.28654394992086
Sagar,2023-10-27 02:15:00,19.0,42.0,18.47663391729701,55.34257086170396
Sagar,2023-10-28 02:00:00,18.4,44.0,18.30704614973585,54.11303737050598
Sagar,2023-10-29 02:30:00,18.7,42.0,17.716072548758806,56.099901142045404
Sagar,2023-10-30 01:45:00,19.3,45.0,18.356576772688243,54.0287686238503
Saharanpur,2023-10-15 02:30:00,21.7,54.0,20.698401396634154,61.21773801858694
Saharanpur,2023-10-16 02:30:00,21.6,55.0,21.268877904924093,55.94549548831251
Saharanpur,2023-10-17 02:30:00,17.2,80.0,21.19219855857627,56.55630799980307
Saharanpur,2023-10-18 02:30:00,18.8,63.0,17.564604549222835,67.01551502701768
Saharanpur,2023-10-19 02:30:00,17.6,60.0,18.636211959063118,63.14140217936409
Saharanpur,2023-10-20 02:30:00,18.2,61.0,16.908130247366806,61.32925249932961
Saharanpur,2023-10-21 02:15:00,18.4,58.0,17.455879478828003,62.793826958261015
Saharanpur,2023-10-22 02:30:00,18.7,57.0,17.33510008096163,61.931042943797344
Saharanpur,2023-10-23 02:15:00,18.8,58.0,17.887801480666877,62.3143429040861
Saharanpur,2023-10-24 02:15:00,18.5,55.0,18.448330259693737,59.699061366905184
Saharanpur,2023-10-25 02:30:00,19.1,54.0,18.23976857060733,58.29074952186514
Saharanpur,2023-10-26 02:00:00,19.4,48.0,18.434842026668846,58.508575727986425
Saharanpur,2023-10-27 02:30:00,18.7,51.0,18.86409910576049,56.3116453046068
Saharanpur,2023-10-28 02:00:00,19.2,48.0,18.678643442328955,57.54519015519981
Saharanpur,2023-10-29 02:45:00,19.1,52.0,18.58431178990911,58.79477474313084
Saharanpur,2023-10-30 02:00:00,18.9,55.0,18.570904176676517,60.3264659959313
Saharsa,2023-10-15 02:30:00,22.9,68.0,23.50844795385382,62.33312708063795
Saharsa,2023-10-16 02:30:00,24.1,72.0,23.17312668961033,64.56123324731523
Saharsa,2023-10-17 02:15:00,23.2,80.0,23.363248179513025,65.79616877144974
Saharsa,2023-10-18 02:30:00,23.5,75.0,22.572210671533927,71.86069464524908
Saharsa,2023-10-19 02:15:00,21.6,70.0,22.633011596951643,67.87313941859253
Saharsa,2023-10-20 02:30:00,21.8,69.0,21.14374289103486,65.12295804660951
Saharsa,2023-10-21 02:15:00,21.1,65.0,21.17599266211437,65.37659197192824
Saharsa,2023-10-22 02:15:00,20.9,64.0,20.607742095276212,63.514733274620355
Saharsa,2023-10-23 02:15:00,21.5,68.0,20.49854916491142,63.27599336569211
Saharsa,2023-10-24 02:15:00,21.5,74.0,21.328195308424604,67.59164155001723
Saharsa,2023-10-25 02:15:00,22.4,66.0,21.2166375092995,69.36044773597364
Saharsa,2023-10-26 02:00:00,21.9,73.0,22.293782376268297,71.29014024594447
Saharsa,2023-10-27 02:15:00,21.1,58.0,21.033537715759298,69.05612585859114
Saharsa,2023-10-28 02:00:00,21.0,55.0,20.78637670786184,66.72175221965317
Saharsa,2023-10-29 02:30:00,21.9,61.0,20.435150691629424,60.89748697032941
Saharsa,2023-10-30 01:45:00,21.6,66.0,21.304224693707486,62.58829830327636
Sahibganj,2023-10-15 02:30:00,22.0,72.0,22.946066392861514,63.71497856765184
Sahibganj,2023-10-16 02:30:00,25.4,64.0,22.452828952676295,69.72070902686754
Sahibganj,2023-10-17 02:15:00,23.7,75.0,23.23867595748173,63.79028295866213
Sahibganj,2023-10-18 02:30:00,24.0,76.0,23.57023865439894,67.85740332336262
Sahibganj,2023-10-19 02:15:00,22.4,77.0,23.174348594384057,66.16747886446659
Sahibganj,2023-10-20 02:30:00,22.1,71.0,21.8824503335505,69.85505378705248
Sahibganj,2023-10-21 02:15:00,21.5,69.0,21.327035867572427,66.34139450534545
Sahibganj,2023-10-22 02:15:00,21.4,69.0,20.902863819973863,66.96394323099945
Sahibganj,2023-10-23 02:00:00,22.6,74.0,21.51199470314395,68.04691900533075
Sahibganj,2023-10-24 02:15:00,21.7,87.0,22.499391421463493,70.78041669725502
Sahibganj,2023-10-25 02:15:00,22.3,85.0,21.391838316758275,81.38141381915165
Sahibganj,2023-10-26 02:00:00,21.5,82.0,22.050155820117386,83.89184225955911
Sahibganj,2023-10-27 02:15:00,21.4,58.0,21.00861718655193,74.48830668997324
Sahibganj,2023-10-28 02:00:00,21.4,58.0,20.875181736349237,68.33595333555516
Sahibganj,2023-10-29 02:30:00,21.5,56.0,20.831662551558026,64.14861774496575
Sahibganj,2023-10-30 01:45:00,21.4,68.0,20.935528517468992,63.44386443563803
Saiha,2023-10-15 02:30:00,16.5,86.0,17.28228193164918,88.82867465694014
Saiha,2023-10-16 02:30:00,17.0,86.0,16.080942765383185,85.00935422327275
Saiha,2023-10-17 02:15:00,17.1,84.0,16.655307935949985,83.61690876190248
Saiha,2023-10-18 02:30:00,16.6,80.0,16.819883145370778,80.4772967916581
Saiha,2023-10-19 02:15:00,16.7,83.0,16.322789889135432,78.56796544376444
Saiha,2023-10-20 02:30:00,16.5,81.0,16.7862771073993,78.29689139917335
Saiha,2023-10-21 02:15:00,17.2,78.0,16.27398462550844,77.50279199085253
Saiha,2023-10-22 02:15:00,17.8,96.0,16.287283363587726,92.25154432562276
Saiha,2023-10-23 02:15:00,18.9,99.0,16.924641133278527,98.45659595244086
Saiha,2023-10-24 02:15:00,18.4,100.0,18.84297143929467,100.38836967760693
Saiha,2023-10-25 02:15:00,18.1,100.0,18.780403003984024,100.3675411653998
Saiha,2023-10-26 02:00:00,18.4,99.0,17.87745202119444,99.5907729447221
Saiha,2023-10-27 02:15:00,17.2,97.0,18.022295055269336,99.55088890014632
Saiha,2023-10-28 02:00:00,16.7,92.0,16.823639759915775,90.31035567033007
Saiha,2023-10-29 02:30:00,15.9,86.0,16.542826098227298,87.39974765376901
Saiha,2023-10-30 01:45:00,16.7,80.0,15.44952573083437,84.31124172894931
Saitual,2023-10-15 02:30:00,17.3,98.0,21.07731866796653,96.24184023240717
Saitual,2023-10-16 02:30:00,18.6,98.0,17.244199659504677,98.8723613130913
Saitual,2023-10-17 02:30:00,19.0,94.0,18.51019824663258,92.1694958111835
Saitual,2023-10-18 02:30:00,19.5,92.0,18.7180758215425,91.42245276555587
Saitual,2023-10-19 02:30:00,19.1,96.0,18.74159226893438,95.55649149311601
Saitual,2023-10-20 02:30:00,19.1,92.0,18.70102863563406,90.84661229260452
Saitual,2023-10-21 02:30:00,19.1,89.0,18.14543503304399,85.42019881532764
Saitual,2023-10-22 02:30:00,20.2,93.0,18.494307732779983,89.9306708911457
Saitual,2023-10-23 02:15:00,21.6,100.0,19.402398201689653,97.07574086901027
Saitual,2023-10-24 02:15:00,20.6,100.0,20.636796112582463,99.30796437647412
Saitual,2023-10-25 02:30:00,21.9,82.0,20.805166337828283,95.88123257593661
Saitual,2023-10-26 02:00:00,20.8,96.0,20.91946023599149,95.1183792668529
Saitual,2023-10-27 02:30:00,19.8,99.0,20.693897348605883,98.60728287301977
Saitual,2023-10-28 02:00:00,18.8,98.0,19.460031803720796,99.64615121135438
Saitual,2023-10-29 02:45:00,18.5,97.0,18.731590776578646,97.43626140424281
Saitual,2023-10-30 02:00:00,18.4,84.0,17.871155853814813,86.90996820827597
Salem,2023-10-15 02:30:00,21.4,94.0,21.347807690791218,89.59552572803895
Salem,2023-10-16 02:30:00,22.5,85.0,21.566460593944644,91.09579799590695
Salem,2023-10-17 02:30:00,21.2,92.0,22.092097225491436,88.00866493674553
Salem,2023-10-18 02:30:00,21.1,92.0,21.376446086353045,90.00004464188842
Salem,2023-10-19 02:30:00,20.9,86.0,21.159406381367564,89.56593470829034
Salem,2023-10-20 02:30:00,20.7,87.0,21.095142719949163,85.08646785836396
Salem,2023-10-21 02:15:00,20.9,87.0,20.87175268927609,85.18703726442854
Salem,2023-10-22 02:30:00,21.6,80.0,20.994358942762787,85.30501051796617
Salem,2023-10-23 02:15:00,21.8,85.0,21.33285302243382,83.37995031064213
Salem,2023-10-24 02:15:00,21.2,73.0,21.516739149352354,82.33433834300209
Salem,2023-10-25 02:30:00,21.1,78.0,21.40727410529949,75.62505995323262
Salem,2023-10-26 02:00:00,21.0,86.0,21.267100179756046,82.39525104104483
Salem,2023-10-27 02:15:00,20.4,87.0,21.227030630874587,83.65247961851823
Salem,2023-10-28 02:00:00,21.8,88.0,20.857622117343503,88.11954674578023
Salem,2023-10-29 02:45:00,20.6,90.0,21.437917495262163,86.07369139740499
Salem,2023-10-30 02:00:00,20.8,94.0,21.034734233265063,89.01750546615966
Samastipur,2023-10-15 02:30:00,23.0,70.0,23.326674954016582,57.73313526095876
Samastipur,2023-10-16 02:30:00,24.0,73.0,23.10551192098468,67.9747451707945
Samastipur,2023-10-17 02:15:00,23.0,83.0,23.382026450936173,85.9300173429521
Samastipur,2023-10-18 02:30:00,23.5,73.0,23.37164879163037,80.98959277032219
Samastipur,2023-10-19 02:15:00,21.8,69.0,22.88719264676658,67.56480495197371
Samastipur,2023-10-20 02:30:00,21.7,60.0,21.39577097275605,64.83624729030366
Samastipur,2023-10-21 02:15:00,21.2,61.0,21.100444254868343,62.921726505353256
Samastipur,2023-10-22 02:15:00,21.2,58.0,20.62139992501237,64.18699571521736
Samastipur,2023-10-23 02:15:00,21.0,60.0,20.548508299045213,62.78801977025054
Samastipur,2023-10-24 02:15:00,22.3,73.0,21.143221923242358,66.54424813063727
Samastipur,2023-10-25 02:15:00,23.1,64.0,21.821466931041115,68.85271564305415
Samastipur,2023-10-26 02:00:00,22.1,63.0,22.641023765033996,66.70044939994543
Samastipur,2023-10-27 02:15:00,21.7,63.0,22.129777527586516,64.66768241559843
Samastipur,2023-10-28 02:00:00,22.1,54.0,21.162275198087052,63.19326128736731
Samastipur,2023-10-29 02:30:00,22.4,60.0,21.31947081768393,59.769541544519576
Samastipur,2023-10-30 01:45:00,21.9,61.0,21.78501507594093,63.13597689525896
Samba,2023-10-15 02:30:00,20.6,45.0,21.213007925384282,49.58746479726873
Samba,2023-10-16 02:30:00,21.3,43.0,21.02145354112836,52.22288313036918
Samba,2023-10-17 02:15:00,17.4,73.0,20.49410887553174,50.92149720170086
Samba,2023-10-18 02:15:00,16.5,54.0,17.69151885850906,59.03857136168487
Samba,2023-10-19 02:15:00,16.5,56.0,16.066800335821306,56.35892479529382
Samba,2023-10-20 02:15:00,17.2,61.0,16.043243623035586,56.01714981696892
Samba,2023-10-21 02:15:00,18.1,52.0,16.312582636033426,57.44154329137403
Samba,2023-10-22 02:15:00,18.9,50.0,17.08938536927907,56.76579803617313
Samba,2023-10-23 02:00:00,18.1,49.0,17.57744811187377,54.782412443424484
Samba,2023-10-24 02:15:00,18.1,54.0,17.567290914275777,49.225347041742815
Samba,2023-10-25 02:15:00,18.3,43.0,17.37765636725627,52.20779612953625
Samba,2023-10-26 02:00:00,18.5,43.0,17.658185753741016,44.24430718695048
Samba,2023-10-27 02:15:00,18.2,46.0,17.80522570645525,45.72845817201384
Samba,2023-10-28 02:00:00,18.7,45.0,17.49543578386369,52.583913981605235
Samba,2023-10-29 02:30:00,19.0,42.0,17.91688899741686,47.136150526976586
Samba,2023-10-30 01:45:00,19.8,42.0,18.260958890491075,48.76296142521478
Sambalpur,2023-10-15 02:30:00,23.0,77.0,23.15492451291522,76.84979195594073
Sambalpur,2023-10-16 02:30:00,22.3,69.0,22.606501320321122,77.25952981452446
Sambalpur,2023-10-17 02:30:00,22.8,77.0,22.2480351811654,69.85723640958047
Sambalpur,2023-10-18 02:30:00,22.5,77.0,22.37476414950246,76.27483995409656
Sambalpur,2023-10-19 02:30:00,22.1,76.0,22.389633347045503,80.12702625001067
Sambalpur,2023-10-20 02:30:00,21.9,75.0,22.030283474743396,74.10008834689872
Sambalpur,2023-10-21 02:15:00,20.9,73.0,21.551202169487286,71.0073448246936
Sambalpur,2023-10-22 02:30:00,19.8,68.0,20.684031586576303,71.64204997035297
Sambalpur,2023-10-23 02:15:00,19.3,64.0,19.640034712094607,67.87962072576312
Sambalpur,2023-10-24 02:15:00,20.0,75.0,19.60421208901199,65.38936123609128
Sambalpur,2023-10-25 02:15:00,21.0,76.0,20.30226188629472,74.49574867535011
Sambalpur,2023-10-26 02:00:00,20.0,68.0,20.878206699945167,75.46772518365255
Sambalpur,2023-10-27 02:15:00,18.7,64.0,19.93754886352459,71.08689207289714
Sambalpur,2023-10-28 02:00:00,19.2,65.0,18.958200712470127,65.16336184764012
Sambalpur,2023-10-29 02:45:00,19.2,68.0,18.72377246869832,64.63362189274729
Sambalpur,2023-10-30 02:00:00,19.6,69.0,18.907151463414202,68.42796886538629
Sambhal,2023-10-15 02:30:00,24.0,53.0,23.213663345425005,55.53899756087062
Sambhal,2023-10-16 02:30:00,22.8,58.0,24.113413511052695,53.85334352377
Sambhal,2023-10-17 02:30:00,19.5,87.0,22.79803299293113,57.81801911047161
Sambhal,2023-10-18 02:30:00,20.3,60.0,20.11607474715635,64.85892189505951
Sambhal,2023-10-19 02:30:00,19.7,55.0,19.956843514027305,63.09552278974079
Sambhal,2023-10-20 02:30:00,19.8,52.0,19.404590141662304,57.59372175923414
Sambhal,2023-10-21 02:15:00,20.3,47.0,19.463427617811316,59.09197139045054
Sambhal,2023-10-22 02:30:00,19.7,54.0,19.88753342729014,59.46652032923315
Sambhal,2023-10-23 02:15:00,20.9,50.0,19.714722944168695,61.383887251170385
Sambhal,2023-10-24 02:15:00,20.3,53.0,20.76947444970591,56.540657615390614
Sambhal,2023-10-25 02:30:00,20.8,47.0,20.786283176056703,58.62703545461391
Sambhal,2023-10-26 02:00:00,20.8,41.0,20.75528582385472,55.43600731578654
Sambhal,2023-10-27 02:15:00,20.6,47.0,20.73974407743558,50.943964212734244
Sambhal,2023-10-28 02:00:00,20.7,39.0,21.326051180735156,60.62598363064545
Sambhal,2023-10-29 02:45:00,20.5,44.0,20.905198482671217,52.47198878425763
Sambhal,2023-10-30 02:00:00,20.5,50.0,20.74254066313938,56.632711867720666
Sangli,2023-10-15 02:30:00,23.5,68.0,23.771265352087436,57.84710881022417
Sangli,2023-10-16 02:30:00,23.4,72.0,23.775213817031425,62.163546993645426
Sangli,2023-10-17 02:30:00,25.3,61.0,23.667908773605234,70.68089524482197
Sangli,2023-10-18 02:30:00,25.1,59.0,25.108550491323136,62.01965940611925
Sangli,2023-10-19 02:30:00,25.7,50.0,25.276605854831907,59.358570983473726
Sangli,2023-10-20 02:30:00,25.5,54.0,25.407821514808365,58.70811621989522
Sangli,2023-10-21 02:15:00,26.2,47.0,25.810670575903462,54.31584667183432
Sangli,2023-10-22 02:30:00,24.2,59.0,25.874885467070673,59.4013175384298
Sangli,2023-10-23 02:15:00,21.7,60.0,24.677554209952046,59.02285887317204
Sangli,2023-10-24 02:15:00,24.5,50.0,22.355984594786758,60.53369926221446
Sangli,2023-10-25 02:15:00,22.0,56.0,23.672160347924294,61.68615872270229
Sangli,2023-10-26 02:00:00,20.7,51.0,22.9198567533986,59.00236657842309
Sangli,2023-10-27 02:15:00,20.6,50.0,20.862720150846386,61.23332142750259
Sangli,2023-10-28 02:00:00,20.7,48.0,20.749575988908514,64.07493824418806
Sangli,2023-10-29 02:45:00,21.1,43.0,20.7551264351986,62.50698370389486
Sangli,2023-10-30 02:00:00,24.5,45.0,21.520888759854888,55.35725666019105
Sangrur,2023-10-15 02:30:00,24.2,43.0,23.49024141530931,40.194012886370686
Sangrur,2023-10-16 02:30:00,22.7,46.0,24.072424145374487,43.775293311525516
Sangrur,2023-10-17 02:30:00,18.2,84.0,22.63264761108524,47.346068519346204
Sangrur,2023-10-18 02:30:00,20.4,56.0,19.07657454723856,57.57147853063761
Sangrur,2023-10-19 02:15:00,19.7,50.0,19.986640857504266,60.7402836132861
Sangrur,2023-10-20 02:30:00,20.6,40.0,19.73223912051174,53.59568462122954
Sangrur,2023-10-21 02:15:00,20.9,35.0,20.321235242203144,44.475441188360236
Sangrur,2023-10-22 02:15:00,22.0,30.0,20.594789366788262,45.34647500873411
Sangrur,2023-10-23 02:15:00,21.7,41.0,21.887689732033216,40.189770203658824
Sangrur,2023-10-24 02:15:00,21.2,47.0,21.87676883446051,44.08845788190686
Sangrur,2023-10-25 02:15:00,21.7,38.0,21.343641316072983,52.401163405367484
Sangrur,2023-10-26 02:00:00,21.0,35.0,21.778743844863694,43.29515905546246
Sangrur,2023-10-27 02:15:00,20.8,35.0,21.098829017420456,40.27143439361788
Sangrur,2023-10-28 02:00:00,22.2,32.0,21.035686687618536,41.7718200692085
Sangrur,2023-10-29 02:45:00,22.3,36.0,22.007988446681097,39.847266294494915
Sangrur,2023-10-30 02:00:00,21.9,36.0,22.583539766795322,39.57365215094298
Sant,2023-10-15 02:30:00,25.6,62.0,26.371178881956233,54.76677682462373
Sant,2023-10-16 02:30:00,24.9,67.0,25.911540369004626,57.990608861584555
Sant,2023-10-17 02:30:00,24.9,55.0,25.257159414776144,63.57827711626582
Sant,2023-10-18 02:30:00,24.8,57.0,25.25197950688571,55.251675754855924
Sant,2023-10-19 02:30:00,24.1,57.0,25.072324206858813,57.34340137854387
Sant,2023-10-20 02:30:00,24.3,51.0,24.674578007893107,56.603402286131605
Sant,2023-10-21 02:15:00,25.0,48.0,24.70394101951995,55.97393112163499
Sant,2023-10-22 02:30:00,25.0,42.0,25.32811460497343,56.322977518776675
Sant,2023-10-23 02:15:00,24.6,42.0,25.505397984546438,48.80581112517434
Sant,2023-10-24 02:15:00,24.4,38.0,25.488144287438175,49.40346774716766
Sant,2023-10-25 02:30:00,24.0,36.0,25.088187237060875,48.35088862147453
Sant,2023-10-26 02:00:00,23.7,32.0,24.99963684912614,44.61054135250665
Sant,2023-10-27 02:30:00,23.2,35.0,23.827522174353994,42.81522162736143
Sant,2023-10-28 02:00:00,23.0,34.0,23.587867713067403,44.778210763907175
Sant,2023-10-29 02:45:00,23.5,36.0,23.560703393976496,44.18046155979813
Sant,2023-10-30 02:00:00,23.9,34.0,24.64792300725767,41.96147131245645
Saraikela,2023-10-15 02:30:00,22.0,68.0,23.385754284602317,67.03273166744995
Saraikela,2023-10-16 02:30:00,22.0,75.0,21.824392390438845,65.24501782217705
Saraikela,2023-10-17 02:15:00,23.1,75.0,21.84748965915321,69.1015918374369
Saraikela,2023-10-18 02:30:00,23.1,75.0,22.33854683941481,69.83437187771065
Saraikela,2023-10-19 02:15:00,22.4,73.0,23.028797912242343,74.59301815603983
Saraikela,2023-10-20 02:30:00,21.6,67.0,22.509050060909143,68.34770823023608
Saraikela,2023-10-21 02:15:00,20.4,66.0,21.164064881330237,64.71967353862414
Saraikela,2023-10-22 02:15:00,19.9,64.0,20.34158167147523,65.18446127127395
Saraikela,2023-10-23 02:00:00,20.5,66.0,20.2483142287869,63.0267826549745
Saraikela,2023-10-24 02:15:00,21.5,76.0,20.531949100732223,66.99802978411891
Saraikela,2023-10-25 02:15:00,22.2,77.0,21.172776109503843,73.29624906604856
Saraikela,2023-10-26 02:00:00,23.2,69.0,21.974675849602427,73.28051432097764
Saraikela,2023-10-27 02:15:00,21.1,63.0,22.794892288111335,69.26562709890777
Saraikela,2023-10-28 02:00:00,20.3,60.0,21.36534850408187,63.67663253167407
Saraikela,2023-10-29 02:30:00,19.9,57.0,20.323485140697947,64.89043590086735
Saraikela,2023-10-30 01:45:00,20.2,63.0,19.79892907146625,61.46403394408022
Saran,2023-10-15 02:30:00,21.7,71.0,22.73273571865666,62.13616671490382
Saran,2023-10-16 02:30:00,22.9,69.0,21.477354046792982,70.09622264844705
Saran,2023-10-17 02:15:00,23.2,74.0,22.260370753437513,70.42198142647491
Saran,2023-10-18 02:30:00,22.9,76.0,22.499746132182093,68.02405153922496
Saran,2023-10-19 02:15:00,21.6,81.0,22.345775130029647,68.01303809956792
Saran,2023-10-20 02:30:00,21.3,70.0,21.320962847283017,73.17091471555152
Saran,2023-10-21 02:15:00,20.5,69.0,20.645318743677645,67.95186816228255
Saran,2023-10-22 02:15:00,19.9,61.0,20.18009130433461,67.62137254018221
Saran,2023-10-23 02:15:00,20.1,61.0,19.816527782184426,65.59688033985374
Saran,2023-10-24 02:15:00,20.9,73.0,20.216344893947195,66.63268351341296
Saran,2023-10-25 02:15:00,21.4,73.0,20.71893579301284,71.11093772518831
Saran,2023-10-26 02:00:00,22.2,65.0,21.305883886304095,71.20551645029732
Saran,2023-10-27 02:15:00,20.2,56.0,21.904673524835324,68.50510105357377
Saran,2023-10-28 02:00:00,20.4,58.0,20.727455988803158,65.77450970436593
Saran,2023-10-29 02:30:00,20.5,65.0,20.290373963865907,64.98894871361396
Saran,2023-10-30 01:45:00,20.8,64.0,20.05974729575436,64.42460052344622
Satara,2023-10-15 02:30:00,21.2,72.0,21.593619339746503,61.822328323524935
Satara,2023-10-16 02:30:00,22.1,69.0,21.529942802363596,68.0367020856634
Satara,2023-10-17 02:30:00,23.1,61.0,22.318932737889703,64.79191545838722
Satara,2023-10-18 02:30:00,21.7,74.0,23.192907342004286,61.339075026867555
Satara,2023-10-19 02:30:00,22.1,62.0,22.143364397668464,72.55348064706526
Satara,2023-10-20 02:30:00,23.2,69.0,22.421782890625533,61.92957118932233
Satara,2023-10-21 02:15:00,21.9,70.0,23.270512431372417,63.179240245187586
Satara,2023-10-22 02:30:00,23.6,60.0,22.73606728433386,66.10689014265178
Satara,2023-10-23 02:15:00,20.3,68.0,23.502136830449935,61.62837251910299
Satara,2023-10-24 02:15:00,20.5,64.0,21.401110987866268,65.9079300954266
Satara,2023-10-25 02:15:00,21.0,63.0,20.646794982391913,64.03229623809926
Satara,2023-10-26 02:00:00,20.3,54.0,21.060731312209008,62.5302962153567
Satara,2023-10-27 02:15:00,18.5,44.0,20.600890344133752,59.61822914396705
Satara,2023-10-28 02:00:00,18.7,50.0,18.310511669751907,61.17002677455438
Satara,2023-10-29 02:45:00,18.9,48.0,18.798362339417654,63.043906809687414
Satara,2023-10-30 02:00:00,19.8,51.0,19.130763393556023,63.73179142871529
Satna,2023-10-15 02:30:00,23.7,51.0,23.822076771756077,54.59325288512005
Satna,2023-10-16 02:30:00,25.5,49.0,23.78262739548325,56.6174433928482
Satna,2023-10-17 02:15:00,21.2,73.0,25.138310000586063,57.632073833485364
Satna,2023-10-18 02:15:00,22.2,70.0,21.7848426554177,60.97499978920702
Satna,2023-10-19 02:15:00,22.2,61.0,21.958639216484855,67.49262072502263
Satna,2023-10-20 02:15:00,21.4,49.0,21.857801166414475,61.61171871089895
Satna,2023-10-21 02:00:00,21.2,53.0,21.42519972730703,60.2668403842258
Satna,2023-10-22 02:15:00,20.3,50.0,21.157158592069457,62.61399149758755
Satna,2023-10-23 02:00:00,19.5,48.0,20.39537204104786,59.46776612599493
Satna,2023-10-24 02:15:00,19.7,53.0,19.472245053678073,61.85460744949263
Satna,2023-10-25 02:15:00,20.0,52.0,19.855471106925517,64.22606717731092
Satna,2023-10-26 02:00:00,19.9,49.0,20.216559049861754,63.81547379090574
Satna,2023-10-27 02:15:00,19.5,40.0,19.785672359985092,61.52338516291138
Satna,2023-10-28 02:00:00,19.5,41.0,18.97650483901555,52.32211305723929
Satna,2023-10-29 02:30:00,20.0,42.0,19.083329925144074,54.780674312024416
Satna,2023-10-30 01:45:00,20.3,43.0,19.93064065755274,55.15658607563227
Sawai Madhopur,2023-10-15 02:30:00,27.7,41.0,27.806518781959603,42.142201792616326
Sawai Madhopur,2023-10-16 02:30:00,27.1,44.0,27.511464899524874,42.341608337810264
Sawai Madhopur,2023-10-17 02:30:00,22.2,78.0,27.213708745334475,43.27299687444073
Sawai Madhopur,2023-10-18 02:30:00,23.5,68.0,23.807492127858033,50.54377403368337
Sawai Madhopur,2023-10-19 02:30:00,24.0,52.0,23.4495906236453,61.17127041951139
Sawai Madhopur,2023-10-20 02:30:00,24.0,44.0,24.094350536067257,52.62866681515401
Sawai Madhopur,2023-10-21 02:30:00,23.9,45.0,24.216592552074403,46.89553724028831
Sawai Madhopur,2023-10-22 02:30:00,24.1,47.0,24.11545888327188,47.53694477829856
Sawai Madhopur,2023-10-23 02:15:00,24.3,46.0,24.494529077874773,51.99074270493943
Sawai Madhopur,2023-10-24 02:15:00,23.0,42.0,24.709066752096373,50.3218462606949
Sawai Madhopur,2023-10-25 02:30:00,22.6,40.0,22.977681046876285,46.641916323589065
Sawai Madhopur,2023-10-26 02:00:00,23.8,36.0,22.863252669088872,47.56320616857653
Sawai Madhopur,2023-10-27 02:30:00,22.8,33.0,23.32699881091591,42.43624698682002
Sawai Madhopur,2023-10-28 02:00:00,22.8,35.0,23.377738858984802,40.28761223912556
Sawai Madhopur,2023-10-29 02:45:00,23.1,42.0,22.98177998059563,41.70463219957103
Sawai Madhopur,2023-10-30 02:00:00,23.3,44.0,23.252608242443653,46.78616408286539
Sehore,2023-10-15 02:30:00,22.3,50.0,22.867814386142417,53.825782411232716
Sehore,2023-10-16 02:30:00,22.9,59.0,22.756851406306833,57.01177047022938
Sehore,2023-10-17 02:15:00,21.8,67.0,23.041674681478447,53.001852385496704
Sehore,2023-10-18 02:15:00,23.0,69.0,21.864471743196685,69.47739073240734
Sehore,2023-10-19 02:15:00,22.3,61.0,22.966132836128182,62.792406148197315
Sehore,2023-10-20 02:15:00,22.1,58.0,22.57585185248993,57.06824407022798
Sehore,2023-10-21 02:00:00,21.1,50.0,22.12473225951,55.51848674232276
Sehore,2023-10-22 02:15:00,21.4,42.0,21.23577769605269,59.648119118874924
Sehore,2023-10-23 02:00:00,20.9,52.0,21.50762365460545,51.629258757754336
Sehore,2023-10-24 02:15:00,20.5,49.0,21.80569394596359,61.82640562120932
Sehore,2023-10-25 02:15:00,19.9,45.0,20.94010099427082,61.146929426750056
Sehore,2023-10-26 02:00:00,20.7,36.0,20.590633351503794,57.79851536536382
Sehore,2023-10-27 02:15:00,20.0,37.0,20.56529172049674,48.98138115746587
Sehore,2023-10-28 02:00:00,19.5,35.0,20.445925055039464,50.82278338670638
Sehore,2023-10-29 02:30:00,20.1,36.0,19.609773702211267,49.19195661365256
Sehore,2023-10-30 01:45:00,20.0,60.0,20.03418338527505,57.48216532416015
Seoni,2023-10-16 02:30:00,24.3,52.0,22.507524659744785,64.40545690506559
Seoni,2023-10-17 02:15:00,20.9,74.0,23.710330111112526,60.976253762248334
Seoni,2023-10-18 02:15:00,20.6,68.0,21.668266428766366,69.2070269995457
Seoni,2023-10-19 02:15:00,20.1,73.0,20.587526129181796,67.80060187473232
Seoni,2023-10-20 02:15:00,19.6,76.0,20.18727176082346,70.39927674887153
Seoni,2023-10-21 02:00:00,18.6,57.0,19.11224160845819,71.96231120762471
Seoni,2023-10-22 02:15:00,18.3,58.0,18.24475156066702,67.30295158137336
Seoni,2023-10-23 02:00:00,17.9,66.0,17.746244627923968,62.707697414263116
Seoni,2023-10-24 02:15:00,17.0,64.0,17.83737355446566,68.56245953777798
Seoni,2023-10-25 02:15:00,17.3,58.0,16.652984741550366,64.73859686105106
Seoni,2023-10-26 02:00:00,17.4,53.0,16.151769063063384,64.32507770618612
Seoni,2023-10-27 02:15:00,17.4,50.0,16.610896519542205,63.45766633990007
Seoni,2023-10-28 02:00:00,17.3,51.0,16.68487048646311,64.87360850624331
Seoni,2023-10-29 02:30:00,17.6,56.0,16.46379804539371,64.12678580139851
Seoni,2023-10-30 01:45:00,17.4,54.0,17.019788011717363,62.842078376065224
Serchhip,2023-10-15 02:30:00,16.5,89.0,17.156533550293613,86.42315834581831
Serchhip,2023-10-16 02:30:00,17.2,88.0,16.217824011058177,83.61270665321456
Serchhip,2023-10-17 02:15:00,17.4,82.0,16.523503926610303,85.83827989867926
Serchhip,2023-10-18 02:30:00,16.6,79.0,16.90486884916177,79.78462664701394
Serchhip,2023-10-19 02:15:00,16.5,80.0,16.27402347476746,76.69857523192807
Serchhip,2023-10-20 02:30:00,17.7,79.0,16.14644738635638,76.95347685204962
Serchhip,2023-10-21 02:15:00,16.8,77.0,16.84885041859716,75.75268972585711
Serchhip,2023-10-22 02:15:00,17.5,94.0,16.392570694840344,83.7634761280408
Serchhip,2023-10-23 02:15:00,18.9,100.0,16.662817821284772,95.04315138361208
Serchhip,2023-10-24 02:15:00,18.3,100.0,18.876779165320844,100.40270108263364
Serchhip,2023-10-25 02:15:00,17.7,99.0,18.848516792924347,96.36429938872192
Serchhip,2023-10-26 02:00:00,17.2,99.0,17.026623789907013,99.55629564045785
Serchhip,2023-10-27 02:15:00,17.2,98.0,16.744529507696374,99.5577397949375
Serchhip,2023-10-28 02:00:00,16.4,90.0,16.806865273636376,92.66769840645983
Serchhip,2023-10-29 02:30:00,15.8,87.0,15.926463319210317,86.76319387823462
Serchhip,2023-10-30 01:45:00,16.3,78.0,15.29482454050969,84.46064454347396
Shahdara,2023-10-15 02:30:00,24.0,74.0,25.134798658174983,67.31539587896793
Shahdara,2023-10-16 02:30:00,26.0,65.0,24.52904486521057,70.50505484227604
Shahdara,2023-10-17 02:30:00,19.0,94.0,25.4071000854262,67.61307069530757
Shahdara,2023-10-18 02:30:00,21.0,78.0,21.280756061726382,87.04580898359349
Shahdara,2023-10-19 02:30:00,21.0,69.0,20.176521563953607,79.33851147735584
Shahdara,2023-10-20 02:30:00,21.0,69.0,20.99967118356844,69.24103489584145
Shahdara,2023-10-21 02:15:00,20.0,73.0,21.231478333857826,68.9693830985118
Shahdara,2023-10-22 02:30:00,21.0,69.0,20.825342521405165,74.59697659054842
Shahdara,2023-10-23 02:15:00,21.0,78.0,20.74147396372179,73.12667203333667
Shahdara,2023-10-24 02:15:00,22.0,65.0,21.344497908935715,74.97708264862659
Shahdara,2023-10-25 02:30:00,21.0,64.0,22.122171232050587,66.73255251227769
Shahdara,2023-10-26 02:00:00,22.0,61.0,21.60496005627768,66.5856719665148
Shahdara,2023-10-27 02:30:00,21.0,60.0,22.057363359930747,65.77519912624219
Shahdara,2023-10-28 02:00:00,20.0,60.0,21.44202594074427,69.41317823103223
Shahdara,2023-10-29 02:45:00,20.0,73.0,20.671106586256958,74.37939610652569
Shahdara,2023-10-30 02:00:00,22.0,69.0,19.854989560130804,76.494962822278
Shahdol,2023-10-15 02:30:00,21.0,63.0,21.02487827215156,61.80038646427751
Shahdol,2023-10-16 02:30:00,21.3,54.0,20.991201087080462,62.707719138322005
Shahdol,2023-10-17 02:15:00,19.9,73.0,21.172847965532558,66.72285318544688
Shahdol,2023-10-18 02:15:00,19.7,84.0,20.520406066416776,66.81208597992266
Shahdol,2023-10-19 02:15:00,19.4,79.0,19.416205917265028,78.62273836594389
Shahdol,2023-10-20 02:15:00,18.7,63.0,18.824403752649296,74.08697039166115
Shahdol,2023-10-21 02:00:00,18.2,63.0,18.534305780784557,65.90009586445788
Shahdol,2023-10-22 02:15:00,17.4,64.0,17.385929352206638,64.13554151549575
Shahdol,2023-10-23 02:00:00,15.9,63.0,16.392974883466024,63.57470298950087
Shahdol,2023-10-24 02:15:00,16.0,68.0,15.099189883798108,64.97286210636987
Shahdol,2023-10-25 02:15:00,16.6,62.0,15.244245903749663,67.48436677300704
Shahdol,2023-10-26 02:00:00,16.7,64.0,15.819187046264343,64.2660092166789
Shahdol,2023-10-27 02:15:00,16.3,61.0,16.158460314780072,65.20429734688406
Shahdol,2023-10-28 02:00:00,16.1,55.0,15.565664748226528,65.03223108092648
Shahdol,2023-10-29 02:30:00,16.5,57.0,14.921835347937321,63.58701640669532
Shahdol,2023-10-30 01:45:00,17.0,62.0,15.825098405206663,63.38201461228887
Shahjahanpur,2023-10-15 02:30:00,23.5,57.0,22.84663867145401,61.60667607415443
Shahjahanpur,2023-10-16 02:30:00,23.5,59.0,23.520857249725896,67.38327227411139
Shahjahanpur,2023-10-17 02:30:00,20.8,77.0,23.375239707637775,65.96944264267566
Shahjahanpur,2023-10-18 02:30:00,20.5,65.0,21.763569019976348,76.35378706554715
Shahjahanpur,2023-10-19 02:30:00,20.0,59.0,20.321432966385444,64.5394753893141
Shahjahanpur,2023-10-20 02:30:00,19.2,51.0,19.848793000364807,62.67617189131561
Shahjahanpur,2023-10-21 02:15:00,19.9,55.0,18.34267161502526,59.39931311343639
Shahjahanpur,2023-10-22 02:30:00,20.0,55.0,19.474178687189777,62.83433747699731
Shahjahanpur,2023-10-23 02:15:00,20.2,53.0,20.119875453426936,61.25604157454989
Shahjahanpur,2023-10-24 02:15:00,20.3,50.0,20.23599925727649,59.84233315832048
Shahjahanpur,2023-10-25 02:30:00,21.1,53.0,20.6174102395919,59.35796458946492
Shahjahanpur,2023-10-26 02:00:00,21.1,50.0,21.165312813292182,59.3759786757028
Shahjahanpur,2023-10-27 02:30:00,20.9,48.0,20.85546496400391,57.14692974938263
Shahjahanpur,2023-10-28 02:00:00,20.3,51.0,20.929083581474643,57.28893888950222
Shahjahanpur,2023-10-29 02:45:00,21.1,48.0,20.7217612446608,60.59770622331025
Shahjahanpur,2023-10-30 02:00:00,20.8,53.0,20.935619082718254,57.83383968417576
Shajapur,2023-10-15 02:30:00,23.0,48.0,23.756608678668925,55.103489461498945
Shajapur,2023-10-16 02:30:00,22.8,65.0,23.428302137294953,53.11346223651798
Shajapur,2023-10-17 02:15:00,22.0,66.0,23.180022167020027,56.99896542879306
Shajapur,2023-10-18 02:15:00,21.5,65.0,22.358211088275077,60.025433511492444
Shajapur,2023-10-19 02:15:00,22.2,55.0,21.956129822916765,57.092004971171065
Shajapur,2023-10-20 02:15:00,21.7,52.0,22.39078534764155,53.229136254351516
Shajapur,2023-10-21 02:00:00,22.8,50.0,22.171032193941826,53.67031111050042
Shajapur,2023-10-22 02:15:00,21.9,48.0,22.75820846957017,53.67537606714373
Shajapur,2023-10-23 02:00:00,21.6,46.0,22.487389184423048,53.49359160414611
Shajapur,2023-10-24 02:15:00,22.0,41.0,22.058369781715857,54.157061417130805
Shajapur,2023-10-25 02:15:00,20.4,38.0,22.331918624965272,48.15102530301034
Shajapur,2023-10-26 02:00:00,20.5,36.0,21.378653304734154,48.98198255472545
Shajapur,2023-10-27 02:15:00,20.2,34.0,20.601792398513062,47.644060574792235
Shajapur,2023-10-28 02:00:00,20.3,37.0,20.78833586470518,45.7766470669812
Shajapur,2023-10-29 02:30:00,20.7,40.0,20.775121095548784,47.62544230869412
Shajapur,2023-10-30 01:45:00,21.1,41.0,20.845599485069453,51.30511407747743
Sheikhpura,2023-10-15 02:30:00,6.1,72.0,8.252809589643586,67.44803851068802
Sheikhpura,2023-10-16 02:30:00,5.9,72.0,6.724502484123048,72.53379017474637
Sheikhpura,2023-10-17 02:15:00,7.9,91.0,5.466577206343546,73.06063961376113
Sheikhpura,2023-10-18 02:30:00,1.8,84.0,7.2185693575093035,85.75050906945224
Sheikhpura,2023-10-19 02:15:00,3.4,68.0,2.682846569652629,77.2219877945232
Sheikhpura,2023-10-20 02:30:00,4.1,59.0,2.8347447797834824,67.13829253733915
Sheikhpura,2023-10-21 02:15:00,4.8,58.0,2.8597350382403004,56.20488131453392
Sheikhpura,2023-10-22 02:15:00,5.6,62.0,4.63191867605758,69.54465855092714
Sheikhpura,2023-10-23 02:15:00,3.1,84.0,5.269732734919619,63.718181383605156
Sheikhpura,2023-10-24 02:15:00,4.1,65.0,4.19762526371977,75.06984582628725
Sheikhpura,2023-10-25 02:15:00,3.7,62.0,2.928073666751881,59.488845261223986
Sheikhpura,2023-10-26 02:00:00,4.4,54.0,3.978032930498232,52.26989410650493
Sheikhpura,2023-10-27 02:15:00,4.7,54.0,3.614598295211473,48.52436521985441
Sheikhpura,2023-10-28 02:00:00,5.1,55.0,4.679740710311844,49.886607543971486
Sheikhpura,2023-10-29 02:30:00,5.3,53.0,4.646616809481665,48.239103255838984
Sheikhpura,2023-10-30 01:45:00,6.2,49.0,5.105870399789282,57.2962654148522
Sheohar,2023-10-15 02:30:00,21.8,69.0,21.59171817944973,64.58786233261574
Sheohar,2023-10-16 02:30:00,22.8,77.0,21.964288759719032,65.63722064309049
Sheohar,2023-10-17 02:15:00,22.1,86.0,22.094514326602436,70.34229522842097
Sheohar,2023-10-18 02:30:00,22.0,79.0,22.286672997327265,81.05758054045963
Sheohar,2023-10-19 02:15:00,21.1,76.0,21.442261019482505,71.14529955469798
Sheohar,2023-10-20 02:30:00,20.3,75.0,20.58336366191231,68.46109888046364
Sheohar,2023-10-21 02:15:00,20.1,71.0,20.067856251977105,68.29978987007317
Sheohar,2023-10-22 02:15:00,19.8,65.0,19.482968476416282,67.7457868402797
Sheohar,2023-10-23 02:15:00,20.6,68.0,19.28168036084084,63.71713361811074
Sheohar,2023-10-24 02:15:00,20.9,72.0,20.49411868810282,68.26998317754087
Sheohar,2023-10-25 02:15:00,21.4,70.0,20.649391784378913,67.52538286015469
Sheohar,2023-10-26 02:00:00,21.5,75.0,21.457268289252326,68.41062838810474
Sheohar,2023-10-27 02:15:00,21.4,72.0,21.189664441541197,68.4448007066458
Sheohar,2023-10-28 02:00:00,21.5,68.0,21.515898988047983,68.65560682427768
Sheohar,2023-10-29 02:30:00,20.9,66.0,20.854487703344656,66.2302063951821
Sheohar,2023-10-30 01:45:00,20.5,66.0,20.503737451236425,65.91717372903828
Sheopur,2023-10-15 02:30:00,26.1,42.0,25.596919457660825,49.23748302262126
Sheopur,2023-10-16 02:30:00,24.8,47.0,26.01741755878893,44.2703516289865
Sheopur,2023-10-17 02:15:00,20.7,82.0,25.44503604963582,50.11449927959151
Sheopur,2023-10-18 02:15:00,23.8,63.0,22.082230875081407,59.132537680740654
Sheopur,2023-10-19 02:15:00,22.5,56.0,23.24042333653403,60.82003697766516
Sheopur,2023-10-20 02:15:00,22.7,43.0,22.427186712159667,55.677191167023864
Sheopur,2023-10-21 02:00:00,22.9,45.0,22.716151478289387,44.41259176712968
Sheopur,2023-10-22 02:15:00,22.8,46.0,22.89642764828884,48.33386249998104
Sheopur,2023-10-23 02:00:00,22.4,48.0,22.962608751293278,50.29420135041314
Sheopur,2023-10-24 02:15:00,21.7,43.0,22.69834691864359,53.48300949703353
Sheopur,2023-10-25 02:15:00,21.1,39.0,21.665983328905067,49.353483075935074
Sheopur,2023-10-26 02:00:00,21.8,39.0,21.51583582166401,50.794064391059194
Sheopur,2023-10-27 02:15:00,21.0,38.0,21.717899180543142,49.322913263470134
Sheopur,2023-10-28 02:00:00,21.2,33.0,21.859764069687113,49.14224105346581
Sheopur,2023-10-29 02:30:00,22.0,42.0,21.444655375972793,45.68531634739
Sheopur,2023-10-30 01:45:00,22.7,43.0,22.194762337924733,50.07151444615976
Shimla,2023-10-15 02:30:00,15.4,68.0,14.853744030034463,70.80586679457801
Shimla,2023-10-16 02:30:00,14.8,67.0,14.358358315654984,63.47333596411069
Shimla,2023-10-17 02:15:00,13.8,65.0,13.417277500132714,68.5554391136472
Shimla,2023-10-18 02:15:00,11.9,71.0,12.675027164303243,61.018250685567054
Shimla,2023-10-19 02:15:00,12.4,63.0,11.863517329229188,67.37236199223128
Shimla,2023-10-20 02:15:00,12.7,68.0,12.149778576497567,60.4772809442588
Shimla,2023-10-21 02:00:00,13.1,68.0,12.671740447943092,62.91992343189058
Shimla,2023-10-22 02:15:00,13.0,56.0,12.196626777993282,66.1755175253454
Shimla,2023-10-23 02:00:00,13.0,54.0,12.702736008009294,58.69748250109635
Shimla,2023-10-24 02:15:00,12.8,66.0,12.39457639662855,55.39770256922376
Shimla,2023-10-25 02:15:00,13.3,62.0,12.401088172320023,61.31057496175808
Shimla,2023-10-26 02:00:00,13.3,56.0,12.879698026697534,56.128050149175266
Shimla,2023-10-27 02:15:00,13.1,53.0,12.688021846185185,56.12464031978709
Shimla,2023-10-28 02:00:00,13.4,53.0,12.408903426229742,56.18241171759644
Shimla,2023-10-29 02:30:00,14.5,55.0,12.893021119942055,60.501605222503336
Shimla,2023-10-30 01:45:00,13.7,53.0,13.884638256602157,54.91402801429962
Shimoga,2023-10-15 02:30:00,20.4,88.0,21.873091448872696,81.70522198817187
Shimoga,2023-10-16 02:30:00,20.0,91.0,20.920896635982015,86.97376701998172
Shimoga,2023-10-17 02:30:00,21.6,86.0,20.320569702065928,90.01975058758956
Shimoga,2023-10-18 02:30:00,21.6,88.0,21.092864486430678,87.75508587286832
Shimoga,2023-10-19 02:15:00,20.0,67.0,21.437104239146528,83.42426108545939
Shimoga,2023-10-20 02:30:00,20.3,74.0,20.860404063777718,68.58783987356047
Shimoga,2023-10-21 02:15:00,19.7,87.0,20.575185673288665,72.1069941378067
Shimoga,2023-10-22 02:15:00,21.6,78.0,20.02567039359516,83.66018085135573
Shimoga,2023-10-23 02:15:00,21.8,63.0,21.295103405887946,77.12177085605057
Shimoga,2023-10-24 02:15:00,17.9,55.0,21.853936985526822,65.14893372422915
Shimoga,2023-10-25 02:15:00,17.7,58.0,18.383254211480477,61.69713908112928
Shimoga,2023-10-26 02:00:00,18.2,49.0,17.41123455326206,61.35458813770513
Shimoga,2023-10-27 02:15:00,17.6,51.0,17.645962015232595,65.42155440641712
Shimoga,2023-10-28 02:00:00,18.6,60.0,17.18416520825218,61.74029766637872
Shimoga,2023-10-29 02:45:00,21.0,85.0,18.774448552067476,70.37753404797557
Shimoga,2023-10-30 02:00:00,21.9,81.0,21.056093120463842,78.7921552527083
Shivpuri,2023-10-15 02:30:00,23.7,44.0,25.135674512307713,44.619953003673416
Shivpuri,2023-10-16 02:30:00,25.4,43.0,24.452920259290913,45.951485132721224
Shivpuri,2023-10-17 02:15:00,19.2,87.0,25.85908385624319,49.00370357287983
Shivpuri,2023-10-18 02:15:00,21.5,69.0,20.918867192850215,58.108268122085256
Shivpuri,2023-10-19 02:15:00,21.6,58.0,20.60135550618133,67.81848635160904
Shivpuri,2023-10-20 02:15:00,21.1,46.0,21.339604913782175,56.70239060397508
Shivpuri,2023-10-21 02:00:00,20.8,50.0,20.918611463397838,53.505634261764385
Shivpuri,2023-10-22 02:15:00,20.8,53.0,20.787207056102822,57.964401787648875
Shivpuri,2023-10-23 02:00:00,20.8,45.0,20.648000341695635,58.50271105864043
Shivpuri,2023-10-24 02:15:00,20.6,48.0,21.061056317837235,53.1159248990712
Shivpuri,2023-10-25 02:15:00,19.8,45.0,20.821390853384436,59.714711041047906
Shivpuri,2023-10-26 02:00:00,20.2,42.0,20.01636245824041,54.56320131296026
Shivpuri,2023-10-27 02:15:00,19.6,41.0,20.241850570636146,51.667701267737
Shivpuri,2023-10-28 02:00:00,20.1,33.0,20.065720607688363,51.88335268774296
Shivpuri,2023-10-29 02:30:00,21.2,40.0,20.204272927585553,47.860375163729024
Shivpuri,2023-10-30 01:45:00,21.6,40.0,20.871403862106696,50.98082393904552
Shupiyan,2023-10-15 02:30:00,10.1,67.0,11.553889790043188,70.09132242719394
Shupiyan,2023-10-16 02:30:00,10.6,56.0,9.79051541142557,64.4014961273667
Shupiyan,2023-10-17 02:15:00,8.9,89.0,9.574062611267019,73.409475167284
Shupiyan,2023-10-18 02:15:00,8.5,81.0,9.127741434916688,75.7706607019876
Shupiyan,2023-10-19 02:15:00,8.5,61.0,8.605331583195435,66.41924950823534
Shupiyan,2023-10-20 02:15:00,9.0,56.0,8.666393726530961,54.98448252793584
Shupiyan,2023-10-21 02:15:00,9.5,52.0,9.094745545073625,55.05432301474078
Shupiyan,2023-10-22 02:15:00,10.5,47.0,9.455212823311143,55.741326461266
Shupiyan,2023-10-23 02:00:00,6.7,82.0,9.7874174175618,55.5516882780504
Shupiyan,2023-10-24 02:15:00,8.7,53.0,7.005026646083919,52.22995085455223
Shupiyan,2023-10-25 02:15:00,8.4,61.0,8.39361505928936,57.284696771998526
Shupiyan,2023-10-26 02:00:00,8.9,43.0,8.345800000674439,52.834659964634135
Shupiyan,2023-10-27 02:15:00,9.1,45.0,8.905638951017757,42.07408873140832
Shupiyan,2023-10-28 02:00:00,9.5,47.0,8.817605099299715,51.12147716593958
Shupiyan,2023-10-29 02:30:00,9.6,44.0,9.300972141395123,46.632007975495924
Shupiyan,2023-10-30 01:45:00,10.1,37.0,9.589443282157614,49.27312931309078
Siang,2023-10-14 02:30:00,20.9,52.0,23.37131639677648,57.644618689856294
Siang,2023-10-15 02:30:00,20.7,59.0,21.219434252573578,60.36669199625552
Siang,2023-10-16 02:30:00,21.2,63.0,20.993553937801444,63.23720403385637
Siang,2023-10-17 02:15:00,20.8,68.0,20.73873819016076,61.196161572334795
Siang,2023-10-17 02:30:00,20.8,68.0,20.62495729632404,64.43792440425567
Siang,2023-10-18 02:30:00,20.3,71.0,20.76087628521753,64.38940286331709
Siang,2023-10-19 02:15:00,19.7,77.0,20.481039623548902,67.73969408290132
Siang,2023-10-19 02:30:00,19.7,77.0,19.64610717374472,73.30315103441875
Siang,2023-10-20 02:30:00,19.6,70.0,19.612147488851043,73.51347284018344
Siang,2023-10-21 02:15:00,17.7,59.0,18.857559185295372,69.58767227416573
Siang,2023-10-21 02:30:00,17.7,59.0,16.579383694649607,63.64980418701042
Siang,2023-10-22 02:15:00,17.7,66.0,16.5510961291563,62.87577445999136
Siang,2023-10-22 02:30:00,17.7,66.0,16.83999196319472,66.17087428915274
Siang,2023-10-23 02:15:00,16.7,69.0,16.904337340900735,65.70929624289255
Siang,2023-10-24 02:15:00,17.9,74.0,17.231737061465402,69.31398454034793
Siang,2023-10-25 02:15:00,18.6,80.0,18.268339726655746,72.82881440224824
Siang,2023-10-25 02:30:00,18.6,80.0,19.17972183794909,77.77310476866761
Siang,2023-10-26 02:00:00,17.7,60.0,18.576056792773034,74.81043560760709
Siang,2023-10-27 02:15:00,17.3,59.0,16.706177786544306,69.47565446199049
Siang,2023-10-27 02:30:00,17.3,59.0,16.345820890804884,64.39540295141725
Siang,2023-10-28 02:00:00,16.9,64.0,16.241536019102703,63.37765478392824
Siang,2023-10-29 02:30:00,17.1,64.0,16.55173871457351,64.24509482108017
Siang,2023-10-29 02:45:00,17.1,64.0,16.465103510115622,63.97935205671769
Siang,2023-10-30 01:45:00,17.4,72.0,16.68143270341717,63.480925782986546
Siang,2023-10-30 02:00:00,17.2,73.0,16.94232605450546,68.60407245749307
Siddipet,2023-10-15 02:30:00,23.4,72.0,22.65149196952726,74.2010112459048
Siddipet,2023-10-16 02:30:00,22.6,69.0,23.257468060744554,72.79747451520129
Siddipet,2023-10-17 02:30:00,22.4,77.0,22.470171871354726,69.97285760603653
Siddipet,2023-10-18 02:30:00,22.2,70.0,22.27884423721466,77.25327227363664
Siddipet,2023-10-19 02:30:00,22.3,70.0,22.066294607585995,71.11733751942292
Siddipet,2023-10-20 02:30:00,22.4,73.0,22.35101318028815,69.78189916406807
Siddipet,2023-10-21 02:30:00,22.1,77.0,22.473488806812746,73.09897336004317
Siddipet,2023-10-22 02:30:00,20.5,65.0,21.910412466239077,78.32404553134803
Siddipet,2023-10-23 02:15:00,19.5,57.0,20.67446126175513,66.90233977909573
Siddipet,2023-10-24 02:15:00,19.1,66.0,19.292592045609442,63.54851404718556
Siddipet,2023-10-25 02:30:00,19.0,62.0,19.176021241468746,69.59441240485395
Siddipet,2023-10-26 02:00:00,18.9,59.0,18.782511907997858,66.2121516194208
Siddipet,2023-10-27 02:30:00,18.4,56.0,18.262706235454537,65.09951848928974
Siddipet,2023-10-28 02:00:00,18.8,56.0,17.67568317821462,64.68099838167272
Siddipet,2023-10-29 02:45:00,20.1,66.0,18.683011704122393,65.6607428504392
Siddipet,2023-10-30 02:00:00,20.4,63.0,20.380913090790067,69.50880249221885
Sidhi,2023-10-15 02:30:00,21.4,61.0,21.602337865209183,62.31158940838598
Sidhi,2023-10-16 02:30:00,22.2,61.0,21.630294099885564,63.65324931107051
Sidhi,2023-10-17 02:15:00,20.6,70.0,22.069046264244612,61.569023894629964
Sidhi,2023-10-18 02:15:00,21.1,76.0,20.881955445595473,65.9830370247959
Sidhi,2023-10-19 02:15:00,20.5,65.0,20.869759322383025,70.3496864289598
Sidhi,2023-10-20 02:15:00,19.7,54.0,20.34303660363611,65.77337000730206
Sidhi,2023-10-21 02:00:00,19.3,59.0,19.46690134471171,60.4403613511613
Sidhi,2023-10-22 02:15:00,18.3,58.0,18.590454603272622,63.10108303739463
Sidhi,2023-10-23 02:00:00,17.7,58.0,17.64817824018808,63.65881624019715
Sidhi,2023-10-24 02:15:00,17.6,59.0,16.94731550554215,64.35876584319163
Sidhi,2023-10-25 02:15:00,18.2,53.0,16.96694057994935,64.16438061790663
Sidhi,2023-10-26 02:00:00,18.2,59.0,17.706772393435788,63.77946145097745
Sidhi,2023-10-27 02:15:00,17.9,53.0,17.325172013721975,65.49454530026
Sidhi,2023-10-28 02:00:00,17.6,46.0,17.258570483371265,64.7122036445231
Sidhi,2023-10-29 02:30:00,17.7,50.0,16.586166050896324,60.31446591740373
Sidhi,2023-10-30 01:45:00,18.6,54.0,16.901196098164586,62.50543315110964
Sikar,2023-10-15 02:30:00,25.2,40.0,26.13486843608079,42.65256811791581
Sikar,2023-10-16 02:30:00,25.3,38.0,25.753563246325026,40.6937698157019
Sikar,2023-10-17 02:30:00,22.0,65.0,25.86527134047254,40.56149573817068
Sikar,2023-10-18 02:30:00,21.3,55.0,23.73954722871315,52.2521152823752
Sikar,2023-10-19 02:30:00,21.7,53.0,21.767645733653836,50.523878500645715
Sikar,2023-10-20 02:30:00,22.4,45.0,22.19474251524164,51.10226633943871
Sikar,2023-10-21 02:15:00,23.3,45.0,22.803270699492778,46.968972749026946
Sikar,2023-10-22 02:30:00,23.4,34.0,23.779195854870153,47.11840456271967
Sikar,2023-10-23 02:15:00,23.5,38.0,23.857814993457065,38.67370896321869
Sikar,2023-10-24 02:15:00,22.4,38.0,23.847183186417208,38.11057014878308
Sikar,2023-10-25 02:30:00,22.2,45.0,22.68670703623322,38.606160838632405
Sikar,2023-10-26 02:00:00,21.7,43.0,22.711553091049762,45.448419973070955
Sikar,2023-10-27 02:15:00,22.0,36.0,22.26906044566272,45.684922849720536
Sikar,2023-10-28 02:00:00,23.1,29.0,22.891851536391126,37.50971915376439
Sikar,2023-10-29 02:45:00,23.9,27.0,23.74703086186884,30.751152011246543
Sikar,2023-10-30 02:00:00,23.8,34.0,24.43404759526104,33.24144429751172
Simdega,2023-10-15 02:30:00,20.7,66.0,21.497400238946632,61.357098914991234
Simdega,2023-10-16 02:30:00,21.7,67.0,20.685023232446632,64.78162101072287
Simdega,2023-10-17 02:15:00,23.0,67.0,21.224284320354908,63.4649817220428
Simdega,2023-10-18 02:30:00,21.3,79.0,22.65508047738724,63.59430296910811
Simdega,2023-10-19 02:15:00,21.6,75.0,21.262865723327415,72.9420739784567
Simdega,2023-10-20 02:30:00,21.4,70.0,21.329468206747876,70.66540773835135
Simdega,2023-10-21 02:15:00,19.3,66.0,21.13775670886651,66.75308654490786
Simdega,2023-10-22 02:15:00,18.3,67.0,19.4545296136487,65.17295618712235
Simdega,2023-10-23 02:00:00,17.8,71.0,18.101690953077224,66.35680911916455
Simdega,2023-10-24 02:15:00,18.8,77.0,17.54805784652395,69.45144528480739
Simdega,2023-10-25 02:15:00,22.2,73.0,19.095431539485435,74.71335344381684
Simdega,2023-10-26 02:00:00,19.3,66.0,21.413489766797372,69.78604300208546
Simdega,2023-10-27 02:15:00,17.8,66.0,19.801159029937224,69.62824337967511
Simdega,2023-10-28 02:00:00,18.1,63.0,17.172042184355043,66.46569426204532
Simdega,2023-10-29 02:30:00,18.1,67.0,17.62973533013397,63.96195763524835
Simdega,2023-10-30 01:45:00,18.7,74.0,18.055637158058463,65.13353974510692
Sirmaur,2023-10-15 02:30:00,25.0,49.0,24.894168878037163,46.702775530900155
Sirmaur,2023-10-16 02:30:00,25.6,51.0,25.169423101075655,54.318134453078294
Sirmaur,2023-10-17 02:15:00,22.6,65.0,25.59843069163526,55.131094874345195
Sirmaur,2023-10-18 02:15:00,22.3,70.0,23.06142208627167,60.221578930894346
Sirmaur,2023-10-19 02:15:00,22.4,57.0,22.326322403651027,66.3808533943526
Sirmaur,2023-10-20 02:15:00,21.9,50.0,22.011963449498637,60.01686545312672
Sirmaur,2023-10-21 02:15:00,21.4,57.0,21.79012588138144,53.500140157366296
Sirmaur,2023-10-22 02:15:00,20.3,48.0,21.22915184413607,61.99324062022577
Sirmaur,2023-10-23 02:00:00,20.1,52.0,20.312043911453397,56.97949309108186
Sirmaur,2023-10-24 02:15:00,20.5,50.0,20.13305122094133,62.046727636800554
Sirmaur,2023-10-25 02:15:00,21.2,47.0,20.366570934337933,58.74581327872607
Sirmaur,2023-10-26 02:00:00,21.4,55.0,21.031604175064246,59.33818717233238
Sirmaur,2023-10-27 02:15:00,21.1,41.0,21.174593302150342,60.86837532329385
Sirmaur,2023-10-28 02:00:00,20.7,39.0,20.69376834656783,50.70948829832798
Sirmaur,2023-10-29 02:30:00,21.0,42.0,20.485691779644146,51.5705971223114
Sirmaur,2023-10-30 01:45:00,21.7,42.0,20.69499933515493,52.78600720284949
Sirohi,2023-10-15 02:30:00,26.0,63.0,26.67842149523456,49.45480349132611
Sirohi,2023-10-16 02:30:00,25.3,58.0,26.650572508561773,56.364058328512634
Sirohi,2023-10-17 02:30:00,24.5,62.0,25.846199758449988,55.08182729173684
Sirohi,2023-10-18 02:30:00,24.9,54.0,25.30445830379095,57.3026184663084
Sirohi,2023-10-19 02:30:00,24.2,44.0,25.470196530536832,50.48808079230931
Sirohi,2023-10-20 02:30:00,24.6,38.0,24.810729976726243,44.66145769689144
Sirohi,2023-10-21 02:15:00,25.0,36.0,25.137217397620596,41.52807135202456
Sirohi,2023-10-22 02:30:00,25.4,32.0,25.932719656492637,41.43804934536186
Sirohi,2023-10-23 02:15:00,25.6,40.0,26.3652243511363,37.86004562908608
Sirohi,2023-10-24 02:15:00,24.7,34.0,26.32554969739741,41.881493193563784
Sirohi,2023-10-25 02:30:00,25.4,35.0,25.800949831696695,38.36485356314354
Sirohi,2023-10-26 02:00:00,24.0,32.0,26.264479163991112,39.54736588436018
Sirohi,2023-10-27 02:15:00,24.0,27.0,24.745354493321422,37.58261755043956
Sirohi,2023-10-28 02:00:00,25.1,31.0,25.075442358576392,34.82499520427617
Sirohi,2023-10-29 02:45:00,24.0,37.0,25.61322978421018,39.05306452140989
Sirohi,2023-10-30 02:00:00,24.3,34.0,25.279620017140452,40.62106490926541
Sirsa,2023-10-15 02:30:00,26.8,32.0,26.231065825425183,37.72399379835112
Sirsa,2023-10-16 02:30:00,24.2,45.0,27.286462402165643,33.79511320554959
Sirsa,2023-10-17 02:15:00,19.5,83.0,24.785190095282555,43.190720964758576
Sirsa,2023-10-18 02:30:00,21.4,64.0,20.952015847629298,74.89466574875709
Sirsa,2023-10-19 02:15:00,20.8,43.0,21.379591212524563,58.76347534709278
Sirsa,2023-10-20 02:30:00,21.9,41.0,21.495633843740446,48.72262687407128
Sirsa,2023-10-21 02:15:00,23.1,31.0,22.045942999269638,45.664460426473525
Sirsa,2023-10-22 02:15:00,23.1,44.0,23.607975798036133,36.41133219430451
Sirsa,2023-10-23 02:15:00,22.8,40.0,23.242951855227886,43.85897040637841
Sirsa,2023-10-24 02:15:00,22.2,50.0,22.7598541455945,39.878853297834176
Sirsa,2023-10-25 02:15:00,22.3,40.0,22.565595972635897,48.163448277593254
Sirsa,2023-10-26 02:00:00,22.2,32.0,22.625900420499125,39.59395152606065
Sirsa,2023-10-27 02:15:00,21.9,26.0,22.326293534022145,36.951292803008165
Sirsa,2023-10-28 02:00:00,23.7,27.0,22.739914778491183,29.177264313463166
Sirsa,2023-10-29 02:30:00,24.3,26.0,23.895999181995332,30.79823809404572
Sirsa,2023-10-30 01:45:00,24.1,31.0,24.863562880274934,27.863309257562005
Sitamarhi,2023-10-15 02:30:00,21.8,69.0,21.592530620965274,64.58175324799436
Sitamarhi,2023-10-16 02:30:00,22.8,77.0,21.964679767349278,65.6311115584691
Sitamarhi,2023-10-17 02:15:00,22.1,86.0,22.09490533423268,70.3361861437996
Sitamarhi,2023-10-18 02:30:00,22.0,79.0,22.286672997327265,81.05082570388927
Sitamarhi,2023-10-19 02:15:00,21.1,76.0,21.442261019482505,71.1391904700766
Sitamarhi,2023-10-20 02:30:00,20.3,75.0,20.58336366191231,68.45498979584225
Sitamarhi,2023-10-21 02:15:00,20.1,71.0,20.067856251977105,68.29368078545178
Sitamarhi,2023-10-22 02:15:00,19.8,65.0,19.482968476416282,67.93088775537102
Sitamarhi,2023-10-23 02:15:00,20.6,68.0,19.28168036084084,63.902234533202034
Sitamarhi,2023-10-24 02:15:00,20.9,72.0,20.49411868810282,66.79205310745255
Sitamarhi,2023-10-25 02:15:00,21.4,70.0,20.621835309549347,67.26534344063353
Sitamarhi,2023-10-26 02:00:00,21.5,75.0,21.42971181442276,67.8808750777486
Sitamarhi,2023-10-27 02:15:00,21.4,72.0,21.189664441541197,68.64495658114164
Sitamarhi,2023-10-28 02:00:00,21.5,68.0,21.515898988047983,68.12585351392156
Sitamarhi,2023-10-29 02:30:00,20.9,66.0,20.854487703344656,64.88172636604114
Sitamarhi,2023-10-30 01:45:00,20.5,66.0,20.503737451236425,64.54908355976197
Sitapur,2023-10-15 02:30:00,23.5,60.0,22.71702764272831,60.76394700008002
Sitapur,2023-10-16 02:30:00,23.5,64.0,23.153865009294798,62.26378636420641
Sitapur,2023-10-17 02:30:00,21.3,77.0,23.68784583009704,62.6014392931422
Sitapur,2023-10-18 02:30:00,20.8,71.0,21.822651413285325,76.40418804440155
Sitapur,2023-10-19 02:30:00,19.9,61.0,20.657924897234135,67.0604732899858
Sitapur,2023-10-20 02:30:00,19.3,51.0,19.807106306296458,63.95651500073653
Sitapur,2023-10-21 02:15:00,19.7,59.0,18.800286723823255,61.16818816140287
Sitapur,2023-10-22 02:30:00,20.3,56.0,19.653503976859803,65.63669504299295
Sitapur,2023-10-23 02:15:00,20.5,56.0,19.897953582175184,63.930649359541576
Sitapur,2023-10-24 02:15:00,20.3,50.0,20.333817817128022,61.61588658824332
Sitapur,2023-10-25 02:30:00,21.2,56.0,20.70214158055355,59.56298766258595
Sitapur,2023-10-26 02:00:00,21.1,52.0,21.118895138962056,62.291103915577786
Sitapur,2023-10-27 02:15:00,20.6,49.0,20.811996707246543,58.98796916978219
Sitapur,2023-10-28 02:00:00,21.0,47.0,20.575814919477022,56.697352361248306
Sitapur,2023-10-29 02:45:00,21.0,50.0,21.062166582470645,57.11662766023689
Sitapur,2023-10-30 02:00:00,20.8,54.0,21.0377575667655,57.9189992726513
Sivaganga,2023-10-15 02:30:00,26.4,82.0,24.9675348934975,90.05717901989392
Sivaganga,2023-10-16 02:30:00,26.5,82.0,25.92202821122799,84.07749941357592
Sivaganga,2023-10-17 02:30:00,24.0,89.0,26.188889909639492,87.48846174597766
Sivaganga,2023-10-18 02:30:00,25.0,94.0,24.851764626117525,88.36116577366474
Sivaganga,2023-10-19 02:30:00,25.0,86.0,24.648085445421952,85.05321864543046
Sivaganga,2023-10-20 02:30:00,25.7,80.0,25.077614863794896,86.8513608573576
Sivaganga,2023-10-21 02:15:00,25.0,94.0,25.47434357979492,87.15326037319963
Sivaganga,2023-10-22 02:30:00,24.0,89.0,25.342760356560827,94.13179121160682
Sivaganga,2023-10-23 02:15:00,26.0,89.0,24.476472527232424,88.78512057317822
Sivaganga,2023-10-24 02:15:00,25.5,85.0,25.35708550677992,88.96491063104212
Sivaganga,2023-10-25 02:30:00,25.6,84.0,25.170943264551777,87.18114613085703
Sivaganga,2023-10-26 02:00:00,26.5,81.0,25.364549968346278,84.96706574356489
Sivaganga,2023-10-27 02:15:00,25.4,82.0,25.884164553299506,78.61565937287183
Sivaganga,2023-10-28 02:00:00,24.7,86.0,25.434704513461117,79.3145028012884
Sivaganga,2023-10-29 02:45:00,26.0,89.0,25.014686811795674,85.3471682433541
Sivaganga,2023-10-30 02:00:00,25.0,94.0,25.782599465816727,89.5987222916845
Siwan,2023-10-15 02:30:00,22.8,63.0,22.512228498049666,59.857213103885094
Siwan,2023-10-16 02:30:00,23.3,74.0,22.3926417524039,61.59391033087841
Siwan,2023-10-17 02:15:00,23.1,84.0,23.13771761932991,80.15309963746625
Siwan,2023-10-18 02:30:00,22.4,75.0,23.293631444823305,81.15499672710162
Siwan,2023-10-19 02:15:00,21.0,65.0,22.060562645021726,69.62018229682445
Siwan,2023-10-20 02:30:00,20.7,53.0,20.562783271096038,63.91087358772273
Siwan,2023-10-21 02:15:00,20.5,55.0,20.335162894423533,58.32149329730706
Siwan,2023-10-22 02:15:00,20.8,57.0,20.146231021263006,60.26047761525825
Siwan,2023-10-23 02:15:00,20.7,54.0,20.416023116573253,61.961650434393654
Siwan,2023-10-24 02:15:00,21.2,53.0,20.93284009049626,63.54465926688989
Siwan,2023-10-25 02:15:00,22.5,65.0,21.069443863642835,61.5809160542533
Siwan,2023-10-26 02:00:00,21.9,56.0,22.189953225709164,63.412219402860394
Siwan,2023-10-27 02:15:00,21.7,59.0,21.593001724822916,63.533444596010725
Siwan,2023-10-28 02:00:00,21.4,56.0,21.22137942760941,61.734432566592155
Siwan,2023-10-29 02:30:00,21.8,53.0,20.90123611419823,63.20231857186414
Siwan,2023-10-30 01:45:00,21.6,55.0,21.213596037092543,58.997072608532605
Solan,2023-10-15 02:30:00,15.4,68.0,14.853744030034463,70.82093410309865
Solan,2023-10-16 02:30:00,14.8,67.0,14.358358315654984,63.48840327263133
Solan,2023-10-17 02:15:00,13.8,65.0,13.417277500132714,68.57050642216784
Solan,2023-10-18 02:15:00,11.9,71.0,12.675027164303243,61.033317994087696
Solan,2023-10-19 02:15:00,12.4,63.0,11.863517329229188,67.38854556519449
Solan,2023-10-20 02:15:00,12.7,68.0,12.149778576497567,60.493464517222016
Solan,2023-10-21 02:00:00,12.9,68.0,12.671667227419416,63.09611825762266
Solan,2023-10-22 02:15:00,13.0,56.0,12.19547556622093,66.19058483386604
Solan,2023-10-23 02:00:00,13.0,54.0,12.701204965139924,58.40235468470718
Solan,2023-10-24 02:15:00,12.8,66.0,12.39457639662855,55.4127698777444
Solan,2023-10-25 02:15:00,13.3,62.0,12.401088172320023,61.32564227027872
Solan,2023-10-26 02:00:00,13.3,56.0,12.879698026697534,56.14423372213848
Solan,2023-10-27 02:15:00,13.1,53.0,12.688021846185185,56.140823892750305
Solan,2023-10-28 02:00:00,13.4,53.0,12.408903426229742,56.198595290559645
Solan,2023-10-29 02:30:00,14.5,55.0,12.893021119942055,60.51667253102398
Solan,2023-10-30 01:45:00,13.7,53.0,13.884638256602157,54.93021158726283
Solapur,2023-10-15 02:30:00,25.2,51.0,24.58414371307153,56.68922980418349
Solapur,2023-10-16 02:30:00,25.7,53.0,24.961092509176645,58.767930644053315
Solapur,2023-10-17 02:30:00,25.4,55.0,25.4029972795061,57.04448779625067
Solapur,2023-10-18 02:30:00,25.5,56.0,25.176941766264235,57.08338178200786
Solapur,2023-10-19 02:30:00,25.6,57.0,25.552412491277995,57.783827334468135
Solapur,2023-10-20 02:30:00,26.0,59.0,25.590439087501,57.40737657913002
Solapur,2023-10-21 02:15:00,25.2,54.0,25.738664474488626,58.79811209430459
Solapur,2023-10-22 02:30:00,24.8,55.0,24.940985331814378,56.15016890681189
Solapur,2023-10-23 02:15:00,23.0,53.0,24.811602729818446,57.548861454593485
Solapur,2023-10-24 02:15:00,22.9,52.0,23.293049105733918,58.728563919430464
Solapur,2023-10-25 02:15:00,22.4,52.0,22.994222985315353,59.60798438995059
Solapur,2023-10-26 02:00:00,21.6,53.0,22.58913729801143,59.48981932888597
Solapur,2023-10-27 02:15:00,21.2,50.0,21.52647954006204,60.61324388984316
Solapur,2023-10-28 02:00:00,21.6,47.0,21.18398839549835,62.73725332613182
Solapur,2023-10-29 02:45:00,22.1,46.0,21.379709839817462,62.293778408866444
Solapur,2023-10-30 02:00:00,22.5,52.0,22.48542002925561,62.24856848579752
Somnath,2023-10-15 02:30:00,26.4,70.0,27.03577008075734,80.52137026750842
Somnath,2023-10-16 02:30:00,25.7,81.0,26.843845205555965,72.84144120048668
Somnath,2023-10-17 02:15:00,25.9,77.0,26.13403832606238,78.60168872014843
Somnath,2023-10-18 02:15:00,26.2,74.0,26.309247926422884,77.12590070091372
Somnath,2023-10-19 02:15:00,26.9,64.0,26.708382180077976,74.56248021459969
Somnath,2023-10-20 02:30:00,26.6,51.0,27.259762938372326,65.86119002103285
Somnath,2023-10-21 02:15:00,27.1,72.0,26.901634372003507,58.68190095220722
Somnath,2023-10-22 02:15:00,27.3,69.0,27.734681872577838,69.64326434884326
Somnath,2023-10-23 02:00:00,27.2,63.0,27.852297152164887,69.12171637315066
Somnath,2023-10-24 02:15:00,27.0,66.0,27.924360792841444,61.98642806463108
Somnath,2023-10-25 02:15:00,27.5,69.0,27.72543792168808,63.47210464204323
Somnath,2023-10-26 02:00:00,27.1,65.0,27.940661894628594,67.51399371831901
Somnath,2023-10-27 02:15:00,26.7,69.0,27.487914416545163,62.03376759723367
Somnath,2023-10-28 02:00:00,26.6,68.0,27.056040899024836,68.57873433421543
Somnath,2023-10-29 02:30:00,26.7,61.0,26.52320636904436,67.65410307936706
Somnath,2023-10-30 01:45:00,27.1,63.0,26.979553051931898,60.90923207696786
Sonipat,2023-10-15 02:30:00,24.0,74.0,25.032990916426275,66.41010935600923
Sonipat,2023-10-16 02:30:00,26.0,65.0,24.442048124656072,72.12810481257769
Sonipat,2023-10-17 02:15:00,19.0,94.0,25.175124647036462,71.35933842525708
Sonipat,2023-10-18 02:30:00,21.0,78.0,21.17375368117078,86.43977921558644
Sonipat,2023-10-19 02:15:00,21.0,69.0,20.22633608362133,79.62418763886315
Sonipat,2023-10-20 02:30:00,21.0,69.0,20.952046480770946,69.24817736328599
Sonipat,2023-10-21 02:15:00,20.0,73.0,21.223565473130638,68.96645811131548
Sonipat,2023-10-22 02:15:00,21.0,69.0,20.714638990057026,74.67742523300468
Sonipat,2023-10-23 02:15:00,21.0,78.0,20.605971103095392,72.68438022953406
Sonipat,2023-10-24 02:15:00,22.0,65.0,21.439097270024494,75.5693951514121
Sonipat,2023-10-25 02:15:00,21.0,64.0,22.113942196203542,66.76058557251775
Sonipat,2023-10-26 02:00:00,22.0,61.0,21.59704719555049,66.42310149220756
Sonipat,2023-10-27 02:15:00,21.0,60.0,22.04945049920356,65.77841761838795
Sonipat,2023-10-28 02:00:00,20.0,60.0,21.43411308001708,69.25060775672502
Sonipat,2023-10-29 02:30:00,22.6,31.0,20.910223653162582,61.105650929854065
Sonipat,2023-10-30 01:45:00,22.0,69.0,21.784162944940935,56.400303976500176
South Salmara,2023-10-16 02:30:00,22.7,83.0,22.30040049793661,79.38058404800006
South Salmara,2023-10-17 02:30:00,22.3,87.0,21.97188761225235,78.34576477107369
South Salmara,2023-10-18 02:30:00,22.3,85.0,21.762483742416574,81.56075305087396
South Salmara,2023-10-19 02:30:00,22.3,87.0,21.701773576207167,78.80008066152043
South Salmara,2023-10-20 02:30:00,21.8,85.0,21.637522680075186,78.93927534423403
South Salmara,2023-10-21 02:15:00,21.3,86.0,21.183921506626472,74.72539369088244
South Salmara,2023-10-21 02:30:00,21.3,86.0,20.62235534993411,75.51388296270589
South Salmara,2023-10-22 02:30:00,20.7,84.0,20.518216066840026,80.44185947704722
South Salmara,2023-10-23 02:15:00,20.9,84.0,20.266038298060852,81.55366364921647
South Salmara,2023-10-24 02:15:00,21.4,83.0,20.685760421140547,82.33372083779143
South Salmara,2023-10-25 02:30:00,20.7,77.0,21.12262482453674,77.91898361056674
South Salmara,2023-10-26 02:00:00,21.4,79.0,20.75873724886119,80.15773472150751
South Salmara,2023-10-27 02:30:00,22.2,84.0,20.96670192510625,77.43491004723903
South Salmara,2023-10-28 02:00:00,21.0,83.0,21.28846383280473,78.26260150483259
South Salmara,2023-10-29 02:45:00,20.9,78.0,20.99891695234128,79.11447301102919
South Salmara,2023-10-30 02:00:00,21.3,85.0,20.733998900197374,73.97514686964912
South Suburban,2023-10-15 02:30:00,27.0,84.0,26.39062049971976,76.24897793658629
South Suburban,2023-10-16 02:30:00,26.0,89.0,26.9623451717787,81.96717833499964
South Suburban,2023-10-17 02:30:00,27.0,84.0,26.033746027451215,86.65259184824382
South Suburban,2023-10-18 02:30:00,27.0,84.0,26.695303149835727,86.89188711112662
South Suburban,2023-10-19 02:30:00,26.0,84.0,26.938103880777486,82.00705619002017
South Suburban,2023-10-20 02:30:00,25.0,83.0,26.12330733966828,82.22413380826656
South Suburban,2023-10-21 02:30:00,24.0,83.0,24.92300670397943,83.77173579765953
South Suburban,2023-10-22 02:30:00,25.0,83.0,24.465867489739942,83.56397264566739
South Suburban,2023-10-23 02:15:00,26.0,84.0,25.072880723136535,86.4025586113295
South Suburban,2023-10-24 02:15:00,25.0,83.0,26.220120367439634,84.92402300670916
South Suburban,2023-10-25 02:30:00,24.0,94.0,25.630035707098216,87.65096932242315
South Suburban,2023-10-26 02:00:00,26.0,89.0,24.565428481545197,90.51782104206657
South Suburban,2023-10-27 02:30:00,26.0,84.0,25.51347964031871,84.19907480694529
South Suburban,2023-10-28 02:00:00,25.0,83.0,25.898792677210952,81.62041323286017
South Suburban,2023-10-29 02:45:00,24.0,83.0,25.345204739264645,89.16208677400158
South Suburban,2023-10-30 02:00:00,24.0,83.0,24.477954333021714,82.08662368956877
Srikakulam,2023-10-15 02:30:00,24.4,83.0,24.892885566751417,80.04346657795132
Srikakulam,2023-10-16 02:30:00,24.4,80.0,24.327870845117967,81.44453630946583
Srikakulam,2023-10-17 02:15:00,24.1,80.0,23.9942845792028,80.05116768947487
Srikakulam,2023-10-18 02:15:00,23.9,82.0,23.548447846806887,79.6644822662648
Srikakulam,2023-10-19 02:15:00,24.0,87.0,23.669453505357453,84.9473470964513
Srikakulam,2023-10-20 02:30:00,23.8,89.0,23.88121926178071,86.78953365722549
Srikakulam,2023-10-21 02:15:00,23.6,85.0,23.09654179333464,81.00020197244525
Srikakulam,2023-10-22 02:15:00,23.1,83.0,23.19513692357631,81.56495724387374
Srikakulam,2023-10-23 02:00:00,22.5,67.0,23.252336194395273,83.09746937321128
Srikakulam,2023-10-24 02:15:00,22.7,67.0,22.734488224685396,72.56351223256978
Srikakulam,2023-10-25 02:15:00,24.0,82.0,22.65648036887713,69.22773824747009
Srikakulam,2023-10-26 02:00:00,24.8,80.0,23.899442598354693,84.43989892789499
Srikakulam,2023-10-27 02:15:00,23.7,84.0,24.100553427404854,79.30588474959963
Srikakulam,2023-10-28 02:00:00,23.1,81.0,23.523279562097034,81.27744805751719
Srikakulam,2023-10-29 02:30:00,22.7,81.0,22.92255920524518,80.89493228208694
Srikakulam,2023-10-30 01:45:00,22.0,78.0,22.393017645584163,78.60119967016348
Srinagar,2023-10-15 02:30:00,7.1,73.0,10.04038883319112,60.43370263826461
Srinagar,2023-10-16 02:30:00,7.5,66.0,7.207380535031167,69.95959453689633
Srinagar,2023-10-17 02:15:00,5.0,92.0,6.825112569198018,81.00486891883962
Srinagar,2023-10-18 02:15:00,3.5,87.0,5.8602505408569705,88.5240373040995
Srinagar,2023-10-19 02:15:00,5.3,61.0,4.389703830671357,76.29901538231809
Srinagar,2023-10-20 02:15:00,6.2,52.0,5.143278051199337,56.87675442255155
Srinagar,2023-10-21 02:00:00,6.3,46.0,6.136975824294456,53.70911266081182
Srinagar,2023-10-22 02:15:00,7.4,45.0,5.877212793340846,53.943477551257956
Srinagar,2023-10-23 02:00:00,3.8,83.0,7.21584683052888,54.34618249076604
Srinagar,2023-10-24 02:15:00,5.7,57.0,5.026613695687254,46.96565258065907
Srinagar,2023-10-25 02:15:00,6.0,58.0,5.795267108361521,57.999900908697214
Srinagar,2023-10-26 02:00:00,6.6,44.0,6.570162314146127,46.66571653933684
Srinagar,2023-10-27 02:15:00,6.5,45.0,6.204211899872133,41.93273906070616
Srinagar,2023-10-28 02:00:00,6.5,46.0,6.273688080882187,50.22453788887997
Srinagar,2023-10-29 02:30:00,6.4,45.0,6.352956201435905,43.803084552867034
Srinagar,2023-10-30 01:45:00,7.3,37.0,6.68911679954093,49.434076059270524
Sukma,2023-10-15 02:30:00,22.1,84.0,21.674957021749865,78.32636226111879
Sukma,2023-10-16 02:30:00,21.7,82.0,21.847780893173802,83.58921768810761
Sukma,2023-10-17 02:30:00,22.0,82.0,21.569893588785853,81.01536028585751
Sukma,2023-10-18 02:30:00,20.9,79.0,21.62281139157949,79.2250374589336
Sukma,2023-10-19 02:15:00,21.3,83.0,21.24351103791998,80.1034562167258
Sukma,2023-10-20 02:30:00,20.5,83.0,20.690940029261572,80.17103258525202
Sukma,2023-10-21 02:15:00,20.5,84.0,20.5935421206445,80.76099609877372
Sukma,2023-10-22 02:15:00,19.2,76.0,20.4224074941248,82.30806780697424
Sukma,2023-10-23 02:15:00,18.0,83.0,18.968478432666334,77.96088183149995
Sukma,2023-10-24 02:15:00,19.0,84.0,18.243423777891135,80.38977486026427
Sukma,2023-10-25 02:15:00,19.4,79.0,19.118157121932704,84.10258916089967
Sukma,2023-10-26 02:00:00,19.7,78.0,19.47845240084679,79.33792319049486
Sukma,2023-10-27 02:15:00,19.0,68.0,19.686470799100423,79.2599412412305
Sukma,2023-10-28 02:00:00,19.7,68.0,19.178220618271272,73.39355406793466
Sukma,2023-10-29 02:30:00,21.9,80.0,19.623250889340817,68.88607025840928
Sukma,2023-10-30 01:45:00,20.9,72.0,21.51648823245407,77.77906285088436
Sultanpur,2023-10-15 02:30:00,23.7,52.0,23.032773870420733,56.56491982947495
Sultanpur,2023-10-16 02:30:00,23.7,66.0,23.377223440737733,55.36870697479041
Sultanpur,2023-10-17 02:30:00,21.1,88.0,23.386904672125766,69.55960751546155
Sultanpur,2023-10-18 02:30:00,22.1,69.0,21.073077125725057,73.25796130425444
Sultanpur,2023-10-19 02:30:00,20.8,61.0,21.590406029825253,65.55018099508726
Sultanpur,2023-10-20 02:30:00,20.8,52.0,20.65204134999541,62.648653840940206
Sultanpur,2023-10-21 02:15:00,20.0,55.0,20.399813040113298,59.09966842871551
Sultanpur,2023-10-22 02:30:00,20.0,50.0,20.100449065167965,60.65748426836291
Sultanpur,2023-10-23 02:15:00,20.8,55.0,19.741970079092066,57.73454989326515
Sultanpur,2023-10-24 02:15:00,21.5,47.0,20.883079000284763,63.03332274080911
Sultanpur,2023-10-25 02:30:00,21.4,55.0,21.202776625552577,58.48137052031916
Sultanpur,2023-10-26 02:00:00,22.3,64.0,21.85226778334282,62.75801851894709
Sultanpur,2023-10-27 02:30:00,21.5,51.0,21.87785501744482,62.18834650586881
Sultanpur,2023-10-28 02:00:00,21.4,38.0,21.09535139671778,61.275304796644754
Sultanpur,2023-10-29 02:45:00,21.3,46.0,21.270127224050434,51.394271209811784
Sultanpur,2023-10-30 02:00:00,21.4,50.0,20.98072514573829,56.84266277348213
Sundargarh,2023-10-15 02:30:00,22.5,70.0,23.557518167066203,67.449793379405
Sundargarh,2023-10-16 02:30:00,22.9,65.0,22.36807488660709,68.13426439802208
Sundargarh,2023-10-17 02:30:00,22.8,72.0,22.443248804027576,63.302707888498276
Sundargarh,2023-10-18 02:30:00,22.0,77.0,22.617263098593455,69.12712967805653
Sundargarh,2023-10-19 02:30:00,22.9,70.0,22.053287842315104,73.13578998595148
Sundargarh,2023-10-20 02:30:00,21.6,71.0,22.482599461073995,67.64172366107486
Sundargarh,2023-10-21 02:15:00,20.0,71.0,21.323672919484537,67.00687007240215
Sundargarh,2023-10-22 02:30:00,19.1,69.0,20.317190230741232,68.16497885284915
Sundargarh,2023-10-23 02:15:00,18.4,65.0,18.984547264579007,66.51942724305276
Sundargarh,2023-10-24 02:15:00,19.5,73.0,18.57365339906612,66.09018754622176
Sundargarh,2023-10-25 02:30:00,21.2,69.0,19.43009378269436,71.70486062022718
Sundargarh,2023-10-26 02:00:00,19.5,61.0,20.938328928335277,70.93428435795865
Sundargarh,2023-10-27 02:15:00,18.2,60.0,19.545178897306293,63.81703861168929
Sundargarh,2023-10-28 02:00:00,18.5,64.0,17.837873422736173,65.63002186556601
Sundargarh,2023-10-29 02:45:00,18.8,67.0,18.54522565224762,64.56558462255332
Sundargarh,2023-10-30 02:00:00,19.1,68.0,18.84055713578122,66.58210589919902
Supaul,2023-10-15 02:30:00,22.9,68.0,23.480305931781903,62.26739650517374
Supaul,2023-10-16 02:30:00,24.1,72.0,23.14498466753841,64.59281515568857
Supaul,2023-10-17 02:15:00,23.2,80.0,23.40539888646784,65.73043819598554
Supaul,2023-10-18 02:30:00,23.5,75.0,22.57218953101586,71.87099260121502
Supaul,2023-10-19 02:15:00,21.6,70.0,22.632990456433575,67.80740884312833
Supaul,2023-10-20 02:30:00,21.8,69.0,21.143721750516793,65.15453995498285
Supaul,2023-10-21 02:15:00,21.1,65.0,21.17626814691985,65.31086139646405
Supaul,2023-10-22 02:15:00,20.9,64.0,20.60801758008169,63.449002699156146
Supaul,2023-10-23 02:15:00,21.5,68.0,20.498824649716898,63.2102627902279
Supaul,2023-10-24 02:15:00,21.5,74.0,21.328470793230082,67.52591097455304
Supaul,2023-10-25 02:15:00,22.4,66.0,21.216912994104977,69.29471716050945
Supaul,2023-10-26 02:00:00,21.9,73.0,22.294057861073775,71.22101014109947
Supaul,2023-10-27 02:15:00,21.1,58.0,21.03351657524123,68.99039528312696
Supaul,2023-10-28 02:00:00,21.0,55.0,20.78665219266732,66.65602164418897
Supaul,2023-10-29 02:30:00,21.9,61.0,20.435426176434902,60.8317563948652
Supaul,2023-10-30 01:45:00,21.6,66.0,21.304500178512964,62.52256772781217
Surajpur,2023-10-15 02:30:00,22.3,42.0,20.416092044898264,49.9259424058157
Surajpur,2023-10-16 02:30:00,21.6,43.0,21.65279784724123,46.99052227462265
Surajpur,2023-10-17 02:30:00,18.3,58.0,21.04372569328038,48.6141606209247
Surajpur,2023-10-18 02:30:00,17.2,55.0,18.38812854984959,60.80163583700943
Surajpur,2023-10-19 02:15:00,16.7,51.0,16.41988852541448,58.280996107053134
Surajpur,2023-10-20 02:30:00,17.2,49.0,16.409510671290626,54.61491443816911
Surajpur,2023-10-21 02:15:00,18.2,48.0,16.09934317123931,55.91890104026668
Surajpur,2023-10-22 02:15:00,18.9,45.0,17.124445542584617,60.26831308779669
Surajpur,2023-10-23 02:15:00,17.8,43.0,17.651092643770973,55.402460164278004
Surajpur,2023-10-24 02:15:00,17.5,47.0,17.1533716016618,51.50531920911653
Surajpur,2023-10-25 02:15:00,19.3,44.0,16.582977765578487,55.09026394479397
Surajpur,2023-10-26 02:00:00,18.6,40.0,18.782512873761252,50.02358508351485
Surajpur,2023-10-27 02:15:00,17.8,42.0,18.0848280829608,48.23779463802326
Surajpur,2023-10-28 02:00:00,18.5,43.0,17.116250848653568,51.60619676389502
Surajpur,2023-10-29 02:30:00,17.8,47.0,18.046445340525647,50.143853609280576
Surajpur,2023-10-30 01:45:00,18.4,40.0,17.069528284579537,56.88877515666676
Surat,2023-10-15 02:30:00,27.2,74.0,28.006364127147275,67.86125670359232
Surat,2023-10-16 02:30:00,26.7,74.0,27.64612920785567,72.62895296393083
Surat,2023-10-17 02:15:00,27.8,69.0,27.113110144310372,72.56912216409164
Surat,2023-10-18 02:15:00,27.1,61.0,28.035857456871714,68.91991613762868
Surat,2023-10-19 02:15:00,25.8,59.0,27.61177540206825,59.189110385894146
Surat,2023-10-20 02:30:00,25.5,51.0,26.48927252935047,58.390540693371754
Surat,2023-10-21 02:15:00,26.6,56.0,26.2319277402017,57.42805917063053
Surat,2023-10-22 02:15:00,27.0,50.0,27.1404313414642,57.71421507472613
Surat,2023-10-23 02:00:00,26.0,52.0,27.751221573862434,54.26811518725055
Surat,2023-10-24 02:15:00,26.5,49.0,27.071284979219918,54.49466714158899
Surat,2023-10-25 02:15:00,25.4,46.0,27.214995905612387,58.71762257782161
Surat,2023-10-26 02:00:00,25.3,43.0,26.331075396427433,60.100261432292456
Surat,2023-10-27 02:15:00,24.5,45.0,25.562813919792905,56.288984779117456
Surat,2023-10-28 02:00:00,24.4,42.0,25.057654018131885,58.63603963306582
Surat,2023-10-29 02:30:00,24.5,42.0,25.145391999147467,56.715610787548144
Surat,2023-10-30 01:45:00,25.2,40.0,25.060266381988637,56.232828215353344
Surendranagar,2023-10-15 02:30:00,28.6,56.0,29.37732027731569,53.181422220169544
Surendranagar,2023-10-16 02:30:00,27.5,62.0,28.904042339521443,55.49075881288846
Surendranagar,2023-10-17 02:15:00,26.8,66.0,27.654306443192542,59.10248482589309
Surendranagar,2023-10-18 02:15:00,27.3,50.0,27.369484431757684,62.60907120877149
Surendranagar,2023-10-19 02:15:00,27.4,43.0,27.698536224919653,57.981147366499464
Surendranagar,2023-10-20 02:30:00,27.7,42.0,27.63614234964894,49.70701698130895
Surendranagar,2023-10-21 02:15:00,28.1,40.0,27.92892238506522,50.96771701208565
Surendranagar,2023-10-22 02:15:00,27.9,40.0,28.659439335334536,44.778278331672645
Surendranagar,2023-10-23 02:00:00,28.2,35.0,28.360740755622487,44.10281567902275
Surendranagar,2023-10-24 02:15:00,29.0,28.0,28.725923253810237,41.835331403415836
Surendranagar,2023-10-25 02:15:00,27.8,33.0,29.206952425554825,35.3892280512064
Surendranagar,2023-10-26 02:00:00,27.3,31.0,28.29030582137388,36.14281399885818
Surendranagar,2023-10-27 02:15:00,27.1,34.0,27.719427362696234,41.520829813356265
Surendranagar,2023-10-28 02:00:00,26.9,32.0,27.675109599031092,43.19809057566601
Surendranagar,2023-10-29 02:30:00,26.5,29.0,27.240315170551327,42.42870431889816
Surendranagar,2023-10-30 01:45:00,27.2,37.0,26.990641396645973,37.002009469707495
Surguja,2023-10-15 02:30:00,19.9,68.0,20.257508020175194,62.621641197785095
Surguja,2023-10-16 02:30:00,20.2,68.0,19.916884337656278,65.93954165068308
Surguja,2023-10-17 02:30:00,20.1,76.0,20.27540651811165,64.26856013917813
Surguja,2023-10-18 02:30:00,19.2,80.0,19.887623093753014,71.32020725977074
Surguja,2023-10-19 02:15:00,19.1,84.0,18.723722787817962,74.59066635509446
Surguja,2023-10-20 02:30:00,19.0,78.0,18.508229795767242,77.14791030918688
Surguja,2023-10-21 02:15:00,17.4,63.0,18.175707010995833,75.04451142661573
Surguja,2023-10-22 02:15:00,17.3,67.0,16.535416953400862,66.60209286403128
Surguja,2023-10-23 02:15:00,15.8,65.0,16.144137266706647,67.3710576790658
Surguja,2023-10-24 02:15:00,16.4,71.0,15.68200316650676,64.09480954619346
Surguja,2023-10-25 02:15:00,17.0,69.0,16.444843600999434,68.86075319388317
Surguja,2023-10-26 02:00:00,16.9,62.0,16.471578490540406,68.73334175330343
Surguja,2023-10-27 02:15:00,16.8,66.0,16.558247008405864,64.44366949386819
Surguja,2023-10-28 02:00:00,16.3,58.0,16.426740120875,66.65224561378152
Surguja,2023-10-29 02:30:00,16.7,71.0,15.680304569018418,63.52629128319128
Surguja,2023-10-30 01:45:00,16.8,69.0,16.68272319032025,68.45199581274194
Suryapet,2023-10-15 02:30:00,23.9,77.0,23.50850301343775,75.53229434833173
Suryapet,2023-10-16 02:30:00,24.3,76.0,23.907280180960925,80.11249081522485
Suryapet,2023-10-17 02:30:00,23.0,87.0,24.003266661214194,77.40329390768967
Suryapet,2023-10-18 02:30:00,23.5,81.0,22.87744510055203,84.60155259528332
Suryapet,2023-10-19 02:30:00,23.6,75.0,23.461680659855954,80.80163449765978
Suryapet,2023-10-20 02:30:00,23.3,89.0,23.61027748002119,75.5216128164607
Suryapet,2023-10-21 02:30:00,23.8,83.0,23.409236704908412,84.75928450919712
Suryapet,2023-10-22 02:30:00,22.8,77.0,23.636519367301553,81.87043511166064
Suryapet,2023-10-23 02:15:00,21.0,64.0,22.625715559484764,78.49037205967421
Suryapet,2023-10-24 02:15:00,20.7,67.0,21.187210503366693,69.37736952634435
Suryapet,2023-10-25 02:30:00,20.7,68.0,20.776291695293693,69.7860119042953
Suryapet,2023-10-26 02:00:00,20.4,66.0,20.677246421674084,69.87977385927181
Suryapet,2023-10-27 02:30:00,20.0,54.0,20.29567674283119,69.50631425808419
Suryapet,2023-10-28 02:00:00,24.2,54.0,20.35186504075285,68.00926699178837
Suryapet,2023-10-29 02:45:00,24.2,86.0,22.792217933327727,65.14048676292482
Suryapet,2023-10-30 02:00:00,23.2,91.0,24.03451772546843,72.11069405511502
Talab Data,2023-10-15 02:30:00,20.7,46.0,21.230813639592906,49.7114123865106
Talab Data,2023-10-16 02:30:00,21.3,43.0,21.062612750849755,52.86499934698092
Talab Data,2023-10-17 02:15:00,17.6,72.0,20.359485392418552,50.65878420943712
Talab Data,2023-10-18 02:15:00,16.5,54.0,17.825721419227246,58.12694763479337
Talab Data,2023-10-19 02:15:00,16.7,56.0,16.067088882635627,55.46697823946325
Talab Data,2023-10-20 02:15:00,17.4,62.0,16.286945551540683,55.69544089440142
Talab Data,2023-10-21 02:15:00,18.0,52.0,16.876886253170838,58.13544839363278
Talab Data,2023-10-22 02:15:00,19.0,50.0,17.08680714177872,57.27238777453333
Talab Data,2023-10-23 02:00:00,18.2,49.0,17.53147769127637,54.874110794251685
Talab Data,2023-10-24 02:15:00,18.2,54.0,17.56755900687443,48.5839988574978
Talab Data,2023-10-25 02:15:00,18.4,43.0,17.376953138053796,52.234061923504335
Talab Data,2023-10-26 02:00:00,18.6,44.0,17.62475365629481,46.80458325702204
Talab Data,2023-10-27 02:15:00,18.3,47.0,17.899826359522606,46.76000265021008
Talab Data,2023-10-28 02:00:00,18.8,45.0,17.71877373005118,53.22987986969523
Talab Data,2023-10-29 02:30:00,18.9,42.0,17.948444615944283,46.94707801253688
Talab Data,2023-10-30 01:45:00,19.6,42.0,18.013185605451934,49.48421334793264
Tamenglong,2023-10-15 02:30:00,14.9,88.0,15.417437675313586,90.22941243379591
Tamenglong,2023-10-16 02:30:00,15.9,90.0,14.41036307036029,88.23475472766886
Tamenglong,2023-10-17 02:15:00,15.8,85.0,15.370394866419328,88.18949751702021
Tamenglong,2023-10-18 02:30:00,15.8,89.0,15.035653296342291,85.56701047533863
Tamenglong,2023-10-19 02:15:00,15.3,88.0,15.074153256264456,87.4743632789844
Tamenglong,2023-10-20 02:30:00,15.3,88.0,14.408242176391639,85.0003436773356
Tamenglong,2023-10-21 02:15:00,15.3,81.0,14.408587069763168,84.86170006293503
Tamenglong,2023-10-22 02:15:00,15.6,87.0,14.545023349646275,81.27904306071477
Tamenglong,2023-10-23 02:15:00,15.0,98.0,14.8773173714133,89.67134908771746
Tamenglong,2023-10-24 02:15:00,15.8,93.0,14.64361774316829,99.12965874922891
Tamenglong,2023-10-25 02:15:00,17.0,86.0,15.687733924709931,94.55313524839833
Tamenglong,2023-10-26 02:00:00,15.7,98.0,16.202770182121807,96.55362634429986
Tamenglong,2023-10-27 02:15:00,14.9,97.0,15.03857061443994,98.86615833871103
Tamenglong,2023-10-28 02:00:00,15.2,92.0,14.016845660475122,93.06106835065786
Tamenglong,2023-10-29 02:30:00,14.3,83.0,14.412045870276541,86.51441778131912
Tamenglong,2023-10-30 01:45:00,14.9,84.0,13.034314566892363,78.76489449849076
Tarn Taran,2023-10-15 02:30:00,20.0,88.0,22.92699670451599,86.53546768881559
Tarn Taran,2023-10-16 02:30:00,21.0,94.0,21.307828299205678,88.89440686476318
Tarn Taran,2023-10-17 02:30:00,18.0,94.0,20.670010190494754,92.09672820810125
Tarn Taran,2023-10-18 02:30:00,15.0,94.0,19.047017578410095,89.26133236700947
Tarn Taran,2023-10-19 02:15:00,17.0,94.0,15.492090608523561,90.60680673113595
Tarn Taran,2023-10-20 02:30:00,18.0,94.0,17.27062549097091,91.91003357412573
Tarn Taran,2023-10-21 02:15:00,18.0,94.0,18.40065154790161,93.83727121921164
Tarn Taran,2023-10-22 02:15:00,21.0,88.0,18.240793345428106,94.53919089685101
Tarn Taran,2023-10-23 02:15:00,19.0,94.0,20.480513195453295,93.04454379317669
Tarn Taran,2023-10-24 02:15:00,19.0,88.0,19.726122381394585,75.11726709534761
Tarn Taran,2023-10-25 02:15:00,19.0,88.0,19.244904784780807,89.77958061356408
Tarn Taran,2023-10-26 02:00:00,18.0,94.0,19.101612459196343,89.76286425479913
Tarn Taran,2023-10-27 02:15:00,17.0,94.0,18.49480068751021,93.27645265768861
Tarn Taran,2023-10-28 02:00:00,20.0,88.0,17.07967712967539,95.0632986681899
Tarn Taran,2023-10-29 02:30:00,21.0,83.0,19.956930569390874,92.55302890217096
Tarn Taran,2023-10-30 02:00:00,20.0,94.0,20.65291668184809,90.94253393593213
Tawang,2023-10-15 02:30:00,1.0,85.0,1.1409635103790203,80.05577465512692
Tawang,2023-10-16 02:30:00,3.3,83.0,0.42211549255684555,83.8312252636409
Tawang,2023-10-17 02:15:00,4.4,75.0,2.127464050735685,80.70190158400227
Tawang,2023-10-18 02:30:00,0.8,85.0,2.473970636328539,75.49070386088009
Tawang,2023-10-19 02:15:00,1.5,80.0,1.7501399257606365,84.11082249688346
Tawang,2023-10-20 02:30:00,0.3,84.0,0.6202431539100766,80.19015399548236
Tawang,2023-10-21 02:15:00,3.0,83.0,0.788136334137755,81.58087835562779
Tawang,2023-10-22 02:15:00,0.1,75.0,0.6415188422815963,78.99452809384465
Tawang,2023-10-23 02:15:00,1.0,66.0,0.5261291274967959,68.10310963085728
Tawang,2023-10-24 02:15:00,4.8,63.0,0.7168760679461639,69.31700508299335
Tawang,2023-10-25 02:15:00,2.1,60.0,3.6849539073086763,59.60441807769924
Tawang,2023-10-26 02:00:00,-0.2,78.0,1.8091447450890525,64.86331445904636
Tawang,2023-10-27 02:15:00,0.7,72.0,-1.6503270042388254,72.55890838336573
Tawang,2023-10-28 02:00:00,-1.3,77.0,0.010475055471773076,67.30254425526563
Tawang,2023-10-29 02:30:00,4.1,81.0,-1.6197879780189062,74.803223107387
Tawang,2023-10-30 01:45:00,5.1,89.0,1.8618533158520103,80.03097686089978
Tehri-Garhwal,2023-10-15 02:30:00,13.4,68.0,13.372538741261492,69.81242559663029
Tehri-Garhwal,2023-10-16 02:30:00,12.5,69.0,12.579190514610813,66.58208517151932
Tehri-Garhwal,2023-10-17 02:30:00,10.9,72.0,11.540824011155108,68.59851778201622
Tehri-Garhwal,2023-10-18 02:30:00,10.1,72.0,10.293246413752023,66.94615376764494
Tehri-Garhwal,2023-10-19 02:15:00,10.4,72.0,9.122682331726772,66.08492951461633
Tehri-Garhwal,2023-10-20 02:30:00,10.5,68.0,9.0218852787353,63.15748429875888
Tehri-Garhwal,2023-10-21 02:15:00,10.5,63.0,10.0446620883921,64.70255407017505
Tehri-Garhwal,2023-10-22 02:15:00,14.4,61.0,10.106530794820399,65.39925527061257
Tehri-Garhwal,2023-10-23 02:15:00,11.5,69.0,13.178567132484002,59.78364430342771
Tehri-Garhwal,2023-10-24 02:15:00,10.7,61.0,10.460381638886037,65.13630855969258
Tehri-Garhwal,2023-10-25 02:15:00,11.5,53.0,9.945921414647893,60.91017846132636
Tehri-Garhwal,2023-10-26 02:00:00,11.3,55.0,10.331148937857025,57.3049777120973
Tehri-Garhwal,2023-10-27 02:15:00,11.2,55.0,10.242282232488204,57.31852170183166
Tehri-Garhwal,2023-10-28 02:00:00,13.8,64.0,10.489189726105566,58.132808531044645
Tehri-Garhwal,2023-10-29 02:30:00,14.3,64.0,12.327337326225782,62.051555479961976
Tehri-Garhwal,2023-10-30 01:45:00,15.2,64.0,13.390172566789426,61.177438303650405
Tenkasi,2023-10-15 02:30:00,23.0,92.0,21.763565424439747,88.45581277419724
Tenkasi,2023-10-16 02:30:00,23.6,86.0,22.833087868600003,88.92019628628908
Tenkasi,2023-10-17 02:30:00,24.3,89.0,23.259884984810824,88.22793683984864
Tenkasi,2023-10-18 02:30:00,22.0,88.0,24.004290786893314,88.79218018587791
Tenkasi,2023-10-19 02:30:00,22.1,82.0,22.37835491991504,88.61730892046674
Tenkasi,2023-10-20 02:30:00,22.9,83.0,22.142590428453584,82.58843449188304
Tenkasi,2023-10-21 02:30:00,22.6,84.0,22.682886398964637,80.05715759741966
Tenkasi,2023-10-22 02:30:00,22.7,83.0,22.659193335967732,83.61735715204479
Tenkasi,2023-10-23 02:15:00,20.8,88.0,22.699802017088714,83.86564209170622
Tenkasi,2023-10-24 02:15:00,20.1,89.0,21.332887014881546,86.59326724050922
Tenkasi,2023-10-25 02:30:00,21.0,87.0,20.528605553450443,89.38889608248425
Tenkasi,2023-10-26 02:00:00,28.0,84.0,21.266441763349196,90.24586897415739
Tenkasi,2023-10-27 02:30:00,21.2,87.0,24.231669714922287,86.67063987354607
Tenkasi,2023-10-28 02:00:00,22.9,86.0,22.368246492422756,86.76973286023974
Tenkasi,2023-10-29 02:45:00,24.0,88.0,22.636771828600157,86.721061963961
Tenkasi,2023-10-30 02:00:00,24.3,88.0,23.78921280069848,88.15434464247602
Thane,2023-10-15 02:30:00,29.0,89.0,29.15684250153002,86.57797075993861
Thane,2023-10-16 02:30:00,29.0,89.0,28.681147940227763,90.19968229056204
Thane,2023-10-17 02:30:00,31.0,66.0,29.11154979339621,87.20938173245011
Thane,2023-10-18 02:30:00,29.0,94.0,29.300606533690207,73.78424311684229
Thane,2023-10-19 02:15:00,30.0,70.0,29.059317825539225,82.64879713512677
Thane,2023-10-20 02:30:00,30.0,59.0,29.01585853694326,73.3775671864252
Thane,2023-10-21 02:15:00,31.0,59.0,29.05068777310719,64.60205754340976
Thane,2023-10-22 02:30:00,30.0,66.0,28.947614418313385,65.10423857474044
Thane,2023-10-23 02:15:00,29.0,89.0,28.99358118053875,69.05343441036791
Thane,2023-10-24 02:15:00,30.0,55.0,28.878998338381006,83.34154531479123
Thane,2023-10-25 02:15:00,29.0,62.0,29.061608096140585,74.92826588328357
Thane,2023-10-26 02:00:00,29.0,52.0,29.174305388053345,63.70650417826333
Thane,2023-10-27 02:15:00,28.0,55.0,29.049179665815565,65.34106727812966
Thane,2023-10-28 02:00:00,29.0,48.0,27.941292502913434,60.705039049546855
Thane,2023-10-29 02:45:00,28.0,51.0,28.988889440220785,63.63182661380881
Thane,2023-10-30 02:00:00,28.0,58.0,28.437865968110987,63.038998827456915
Thanjavur,2023-10-15 02:30:00,24.0,100.0,25.519682568602178,91.86861912622378
Thanjavur,2023-10-16 02:30:00,27.0,94.0,25.049458603159373,94.23249559682768
Thanjavur,2023-10-17 02:30:00,25.0,94.0,25.05228818787991,93.05500446007898
Thanjavur,2023-10-18 02:30:00,26.0,89.0,25.474364858114704,91.62054456955714
Thanjavur,2023-10-19 02:30:00,26.0,94.0,25.781472266993624,87.54341564345691
Thanjavur,2023-10-20 02:30:00,26.0,94.0,25.9419455270292,91.85296809508347
Thanjavur,2023-10-21 02:15:00,26.0,84.0,25.927897103274375,92.26275976516901
Thanjavur,2023-10-22 02:30:00,26.0,89.0,25.99448271453475,86.11789707347819
Thanjavur,2023-10-23 02:15:00,27.0,89.0,25.936380751662515,86.93451182192842
Thanjavur,2023-10-24 02:15:00,26.0,89.0,26.691003514923835,87.48399039639058
Thanjavur,2023-10-25 02:30:00,28.0,79.0,25.980606898997923,89.06059312454485
Thanjavur,2023-10-26 02:00:00,27.0,89.0,27.061318098772222,85.76693796777116
Thanjavur,2023-10-27 02:15:00,27.0,79.0,26.804342590008794,86.29406530122247
Thanjavur,2023-10-28 02:00:00,26.0,89.0,26.63756280028031,82.3762552039705
Thanjavur,2023-10-29 02:45:00,26.0,89.0,25.917533093400532,89.06722450896174
Thanjavur,2023-10-30 02:00:00,25.0,94.0,25.28646298605142,92.72602438827415
Thiruvananthapuram,2023-10-15 02:30:00,25.0,100.0,24.968300161490447,95.29507042246787
Thiruvananthapuram,2023-10-16 02:30:00,27.0,89.0,25.48306582294089,94.5394725795336
Thiruvananthapuram,2023-10-17 02:15:00,27.0,84.0,26.257765052116934,91.31267199069028
Thiruvananthapuram,2023-10-18 02:30:00,26.0,89.0,26.14244983167687,89.58064028399
Thiruvananthapuram,2023-10-19 02:15:00,27.0,94.0,26.029811449059526,88.20702742695686
Thiruvananthapuram,2023-10-20 02:30:00,25.0,100.0,26.71155344913388,93.85467046749997
Thiruvananthapuram,2023-10-21 02:15:00,27.0,89.0,25.329908331477952,94.5002719584133
Thiruvananthapuram,2023-10-22 02:15:00,28.0,89.0,26.61219723783536,92.96353599836077
Thiruvananthapuram,2023-10-23 02:15:00,27.0,89.0,26.785810392769584,88.64026912817371
Thiruvananthapuram,2023-10-24 02:15:00,26.0,94.0,26.93884234912607,88.62466288695664
Thiruvananthapuram,2023-10-25 02:15:00,28.0,89.0,26.066813123110983,92.40674265051206
Thiruvananthapuram,2023-10-26 02:00:00,28.0,84.0,27.169604078890714,89.58621198463656
Thiruvananthapuram,2023-10-27 02:15:00,27.0,84.0,27.332706866903184,81.36241910035935
Thiruvananthapuram,2023-10-28 02:00:00,28.0,89.0,27.196373185323264,88.35694708090112
Thiruvananthapuram,2023-10-29 02:30:00,27.0,89.0,27.593120999084867,87.43264920680159
Thiruvananthapuram,2023-10-30 02:00:00,28.0,89.0,27.290244386252255,86.57909913089277
Thiruvarur,2023-10-15 02:30:00,25.3,86.0,25.257324127943818,87.98924578289696
Thiruvarur,2023-10-16 02:30:00,26.0,85.0,25.139232991328118,87.88951463241138
Thiruvarur,2023-10-17 02:30:00,25.2,87.0,25.565365714370515,87.03510213859035
Thiruvarur,2023-10-18 02:30:00,25.2,86.0,25.024829236931232,85.02886257087991
Thiruvarur,2023-10-19 02:30:00,25.4,83.0,25.122028347854204,86.09277630049756
Thiruvarur,2023-10-20 02:30:00,25.1,87.0,25.292827986740765,84.07991083517892
Thiruvarur,2023-10-21 02:15:00,25.0,83.0,24.86211456401974,84.5379858514568
Thiruvarur,2023-10-22 02:30:00,24.8,94.0,25.021904971826576,82.79292824351614
Thiruvarur,2023-10-23 02:15:00,25.2,87.0,24.953206084530972,89.07823887316673
Thiruvarur,2023-10-24 02:15:00,24.8,86.0,25.131006832826614,88.81184008833927
Thiruvarur,2023-10-25 02:30:00,25.9,83.0,24.773727571285125,86.19487098193935
Thiruvarur,2023-10-26 02:00:00,25.4,83.0,25.485522083109274,82.05282044714228
Thiruvarur,2023-10-27 02:15:00,25.3,82.0,25.479110022329426,82.31833669324206
Thiruvarur,2023-10-28 02:00:00,24.6,90.0,25.270162375312204,83.51997927343034
Thiruvarur,2023-10-29 02:45:00,25.3,80.0,24.67965189653424,85.58616636542322
Thiruvarur,2023-10-30 02:00:00,24.7,90.0,25.072436794979247,89.68380863747977
Thoubal,2023-10-15 02:30:00,13.4,95.0,14.455106935839169,96.4699656843453
Thoubal,2023-10-16 02:30:00,14.2,94.0,12.728912739758792,96.5425569009674
Thoubal,2023-10-17 02:15:00,15.2,94.0,13.512383700524705,92.44645064383165
Thoubal,2023-10-18 02:30:00,14.9,92.0,14.522380780907275,92.61928489342307
Thoubal,2023-10-19 02:15:00,14.0,90.0,13.806030170621163,88.53422134120376
Thoubal,2023-10-20 02:30:00,14.3,92.0,12.640816770145578,89.86212928193423
Thoubal,2023-10-21 02:15:00,14.6,88.0,13.228245171864515,85.7055172510358
Thoubal,2023-10-22 02:15:00,14.4,94.0,13.73426505583376,89.36480429589079
Thoubal,2023-10-23 02:15:00,15.6,96.0,13.49421242615726,96.8166847382626
Thoubal,2023-10-24 02:15:00,16.0,89.0,15.563774301323871,95.23672265885858
Thoubal,2023-10-25 02:15:00,15.7,99.0,14.987093566984814,97.07857902471002
Thoubal,2023-10-26 02:00:00,15.8,98.0,15.158728761887161,95.35299345594578
Thoubal,2023-10-27 02:15:00,14.2,98.0,14.983623572460921,98.97735220513029
Thoubal,2023-10-28 02:00:00,13.4,94.0,13.194194328665043,96.93914931669046
Thoubal,2023-10-29 02:30:00,12.8,92.0,12.58195436066419,90.09119510233621
Thoubal,2023-10-30 01:45:00,13.2,94.0,11.796636988407764,91.88425012555732
Thrissur,2023-10-15 02:30:00,25.0,94.0,24.234761193861367,96.88254470326366
Thrissur,2023-10-16 02:30:00,27.0,94.0,24.98944303675716,93.92002898994062
Thrissur,2023-10-17 02:30:00,24.0,94.0,26.285686445747782,93.44788212794317
Thrissur,2023-10-18 02:30:00,25.0,94.0,24.619020253241242,93.71295277871528
Thrissur,2023-10-19 02:15:00,26.0,94.0,24.47625924695235,96.08570959682473
Thrissur,2023-10-20 02:30:00,26.0,94.0,25.76834222623452,96.00599105981009
Thrissur,2023-10-21 02:15:00,25.0,94.0,25.85599726460853,93.04030816219272
Thrissur,2023-10-22 02:15:00,25.0,94.0,24.815258257925713,95.77174833504948
Thrissur,2023-10-23 02:15:00,24.0,94.0,24.819092283691138,93.5439138547856
Thrissur,2023-10-24 02:15:00,24.0,94.0,24.121647287546296,96.74203773425454
Thrissur,2023-10-25 02:15:00,24.0,100.0,23.980885319882052,94.32379326976415
Thrissur,2023-10-26 02:00:00,26.0,100.0,24.086778479864567,96.73217599678702
Thrissur,2023-10-27 02:15:00,25.0,94.0,25.6675684507339,95.49926679626702
Thrissur,2023-10-28 02:00:00,25.0,89.0,24.870562806037366,96.11667579490441
Thrissur,2023-10-29 02:45:00,25.0,94.0,24.84273867757845,90.75247344047698
Thrissur,2023-10-30 02:00:00,24.0,94.0,25.09555462931592,94.07525980242579
Tikamgarh,2023-10-15 02:30:00,26.1,42.0,25.232169989882376,46.43912004864293
Tikamgarh,2023-10-16 02:30:00,24.5,46.0,26.253270267196044,44.2198771335234
Tikamgarh,2023-10-17 02:15:00,19.8,84.0,25.130453384385397,48.83469998438264
Tikamgarh,2023-10-18 02:15:00,22.8,66.0,21.0988517527362,58.934653836807314
Tikamgarh,2023-10-19 02:15:00,22.3,60.0,22.095095915597273,65.59719562283169
Tikamgarh,2023-10-20 02:15:00,21.8,44.0,22.237755494930614,58.26264076219541
Tikamgarh,2023-10-21 02:00:00,21.2,50.0,21.44322277163289,51.94049841918789
Tikamgarh,2023-10-22 02:15:00,21.5,49.0,21.080133595217458,57.705623320315865
Tikamgarh,2023-10-23 02:00:00,20.2,46.0,21.315631394121905,56.22635096966989
Tikamgarh,2023-10-24 02:15:00,20.6,48.0,20.867447762862465,58.870152491606405
Tikamgarh,2023-10-25 02:15:00,20.3,45.0,20.70931542133682,59.90380863769746
Tikamgarh,2023-10-26 02:00:00,20.4,43.0,20.64371098809409,57.06837753175948
Tikamgarh,2023-10-27 02:15:00,20.6,42.0,20.47957113970906,53.995781764134584
Tikamgarh,2023-10-28 02:00:00,19.8,32.0,20.58069134147236,54.857716106729555
Tikamgarh,2023-10-29 02:30:00,20.4,35.0,19.965209347669795,48.67300314986968
Tikamgarh,2023-10-30 01:45:00,21.1,40.0,20.407825275829886,49.87184903691588
Tinsukia,2023-10-15 02:30:00,20.5,98.0,20.327806669094556,98.4024199102465
Tinsukia,2023-10-16 02:30:00,20.0,97.0,19.91239838315453,98.58794338523622
Tinsukia,2023-10-17 02:15:00,19.5,96.0,19.636998612769652,96.62209037314727
Tinsukia,2023-10-18 02:30:00,21.3,90.0,18.872906175108362,92.41819384214972
Tinsukia,2023-10-19 02:15:00,19.7,97.0,20.07548155752808,93.18082738173504
Tinsukia,2023-10-20 02:30:00,19.2,96.0,19.59771168763553,96.64570231473454
Tinsukia,2023-10-21 02:15:00,19.4,89.0,18.396456500650512,88.001614477871
Tinsukia,2023-10-22 02:15:00,17.9,89.0,18.486155233254628,87.84156596655595
Tinsukia,2023-10-23 02:15:00,17.3,90.0,17.662563194510636,85.26576510522536
Tinsukia,2023-10-24 02:15:00,19.2,73.0,16.775104134384275,89.6802035391242
Tinsukia,2023-10-25 02:15:00,20.0,68.0,18.331326772902397,73.50533590452268
Tinsukia,2023-10-26 02:00:00,18.1,97.0,19.355338385751526,80.36817086418534
Tinsukia,2023-10-27 02:15:00,19.5,99.0,17.92771639474207,96.88674556560977
Tinsukia,2023-10-28 02:00:00,19.2,98.0,18.405595512194544,98.36837901458463
Tinsukia,2023-10-29 02:30:00,18.7,98.0,18.41000704996462,98.17793350768336
Tinsukia,2023-10-30 01:45:00,19.2,94.0,18.385712526469533,94.02661383444861
Tirap,2023-10-15 02:30:00,17.8,87.0,16.948887393517584,92.93395043349352
Tirap,2023-10-16 02:30:00,17.6,84.0,16.640976223236713,85.66365890388754
Tirap,2023-10-17 02:30:00,17.8,82.0,16.751262900744027,84.26147638507591
Tirap,2023-10-18 02:30:00,17.9,86.0,16.998842538980245,87.51655296317166
Tirap,2023-10-19 02:30:00,17.5,83.0,17.649667040696894,82.49813476481795
Tirap,2023-10-20 02:30:00,17.4,79.0,16.255403549051028,78.36651229454472
Tirap,2023-10-21 02:30:00,17.9,77.0,16.2159720188792,73.89873188770291
Tirap,2023-10-22 02:30:00,16.0,68.0,17.231920554949404,73.6515577371302
Tirap,2023-10-23 02:15:00,15.7,59.0,14.765301425186376,68.6841057146363
Tirap,2023-10-24 02:15:00,18.3,60.0,15.525912898653289,65.3697967469558
Tirap,2023-10-25 02:30:00,19.6,78.0,17.62067143586677,67.07495365979705
Tirap,2023-10-26 02:00:00,17.9,98.0,18.90267267528926,83.11104413406291
Tirap,2023-10-27 02:30:00,17.9,98.0,17.843125391143616,94.50783619353138
Tirap,2023-10-28 02:00:00,16.7,87.0,17.10521177855411,87.81760781007246
Tirap,2023-10-29 02:45:00,16.0,80.0,15.79539337101712,83.9471073457961
Tirap,2023-10-30 02:00:00,17.0,79.0,14.896030618086987,77.21447078480388
Tiruchirappalli,2023-10-15 02:30:00,24.0,100.0,25.829571734793532,92.14862250036722
Tiruchirappalli,2023-10-16 02:30:00,27.0,94.0,25.049285461773206,94.2946847707397
Tiruchirappalli,2023-10-17 02:30:00,25.0,94.0,25.072341158598057,93.60416011063
Tiruchirappalli,2023-10-18 02:30:00,26.0,89.0,25.434248784885654,92.52202490837264
Tiruchirappalli,2023-10-19 02:30:00,26.0,94.0,25.77932116760737,87.89793186874257
Tiruchirappalli,2023-10-20 02:30:00,26.0,94.0,25.941018462874304,91.57573342462629
Tiruchirappalli,2023-10-21 02:15:00,26.0,84.0,25.90751538603529,92.92836121627376
Tiruchirappalli,2023-10-22 02:30:00,26.0,89.0,25.976888499816656,86.74350102580084
Tiruchirappalli,2023-10-23 02:15:00,27.0,89.0,25.949036482334076,86.5192125426657
Tiruchirappalli,2023-10-24 02:15:00,26.0,89.0,26.689581164868116,87.53107011051058
Tiruchirappalli,2023-10-25 02:30:00,28.0,79.0,25.941834394836164,89.11563609265345
Tiruchirappalli,2023-10-26 02:00:00,27.0,89.0,27.032439152083068,86.23706324639876
Tiruchirappalli,2023-10-27 02:15:00,27.0,79.0,26.802932332563547,86.1622670670865
Tiruchirappalli,2023-10-28 02:00:00,26.0,89.0,26.630394866841826,82.27943957745707
Tiruchirappalli,2023-10-29 02:45:00,26.0,89.0,25.91682677534671,89.08464920165096
Tiruchirappalli,2023-10-30 02:00:00,25.0,94.0,25.278066197813125,92.36138438009904
Tirunelveli,2023-10-15 02:30:00,26.5,75.0,26.33248917665335,80.80422094349669
Tirunelveli,2023-10-16 02:30:00,26.9,67.0,26.165462109892804,72.87424163676016
Tirunelveli,2023-10-17 02:30:00,26.6,77.0,26.12593145100686,74.10447092392117
Tirunelveli,2023-10-18 02:30:00,26.6,78.0,25.4798477149642,83.32590236714563
Tirunelveli,2023-10-19 02:30:00,26.3,75.0,26.16913098837594,80.0862911288614
Tirunelveli,2023-10-20 02:30:00,26.8,71.0,25.946622844301714,72.64404200446799
Tirunelveli,2023-10-21 02:15:00,26.8,72.0,26.373815008042985,70.44715699948847
Tirunelveli,2023-10-22 02:30:00,26.7,72.0,26.35990303640536,73.94691736186213
Tirunelveli,2023-10-23 02:15:00,26.1,77.0,26.14432325263834,70.73251814707241
Tirunelveli,2023-10-24 02:15:00,25.8,79.0,26.041156419855323,76.74246390333727
Tirunelveli,2023-10-25 02:30:00,26.1,78.0,25.728055607030544,81.7847180548191
Tirunelveli,2023-10-26 02:00:00,27.1,72.0,25.95032396546906,78.31250637375209
Tirunelveli,2023-10-27 02:15:00,26.5,76.0,26.725535626756894,72.65314050287643
Tirunelveli,2023-10-28 02:00:00,26.5,77.0,26.34679394702663,78.37175093309324
Tirunelveli,2023-10-29 02:45:00,26.1,80.0,26.33277472579761,77.65236783451377
Tirunelveli,2023-10-30 02:00:00,25.8,79.0,25.81278352194749,85.26825897401554
Tiruppur,2023-10-15 02:30:00,24.7,81.0,23.8370841211456,89.21329645777334
Tiruppur,2023-10-16 02:30:00,26.0,89.0,24.299885639215805,85.53811334754573
Tiruppur,2023-10-17 02:30:00,23.0,94.0,25.33787171048503,88.59176410090573
Tiruppur,2023-10-18 02:30:00,24.0,94.0,23.7148468609998,93.02437923152434
Tiruppur,2023-10-19 02:30:00,26.0,70.0,23.948605393311976,90.8271460757498
Tiruppur,2023-10-20 02:30:00,26.0,79.0,25.213781572057005,74.97435264996022
Tiruppur,2023-10-21 02:15:00,25.0,94.0,25.58319695723472,90.26851880756324
Tiruppur,2023-10-22 02:30:00,26.0,89.0,24.98002582465936,94.589994951404
Tiruppur,2023-10-23 02:15:00,25.0,89.0,25.47520521556753,93.87952986841098
Tiruppur,2023-10-24 02:15:00,24.0,89.0,25.056756604564843,87.7177374005774
Tiruppur,2023-10-25 02:30:00,25.0,89.0,24.289731972238126,87.9251601406597
Tiruppur,2023-10-26 02:00:00,26.0,84.0,24.61045873667982,90.27693390621457
Tiruppur,2023-10-27 02:15:00,27.0,74.0,25.812709931972822,86.46863604072983
Tiruppur,2023-10-28 02:00:00,26.0,74.0,26.47278739932255,77.75565899503488
Tiruppur,2023-10-29 02:45:00,26.0,79.0,25.7457722631879,79.46593045572727
Tiruppur,2023-10-30 02:00:00,25.0,83.0,25.673437841683093,87.51719746016694
Tiruvannamalai,2023-10-15 02:30:00,24.7,88.0,23.661392160279128,86.42254459240415
Tiruvannamalai,2023-10-16 02:30:00,24.2,91.0,24.54255917074701,83.80771044496299
Tiruvannamalai,2023-10-17 02:30:00,23.7,92.0,24.00175709023223,90.3926768827294
Tiruvannamalai,2023-10-18 02:30:00,22.9,81.0,23.16177159962788,85.51408657325328
Tiruvannamalai,2023-10-19 02:30:00,22.8,84.0,22.52858148110253,78.75954554739201
Tiruvannamalai,2023-10-20 02:30:00,22.5,86.0,22.432396133976308,81.41122380733349
Tiruvannamalai,2023-10-21 02:15:00,22.8,91.0,22.49531613729471,84.06121361975603
Tiruvannamalai,2023-10-22 02:30:00,23.3,80.0,22.64040438794134,82.6912766736902
Tiruvannamalai,2023-10-23 02:15:00,23.8,84.0,23.114274976546152,79.58425835269895
Tiruvannamalai,2023-10-24 02:15:00,23.3,82.0,23.740322849190495,81.72741950943076
Tiruvannamalai,2023-10-25 02:30:00,23.7,86.0,23.330099964207946,79.921374259685
Tiruvannamalai,2023-10-26 02:00:00,23.5,81.0,23.58967865810934,83.53782185021844
Tiruvannamalai,2023-10-27 02:15:00,23.2,85.0,23.589590623917793,80.97851139713157
Tiruvannamalai,2023-10-28 02:00:00,23.0,90.0,23.177989046729227,83.62318429735929
Tiruvannamalai,2023-10-29 02:45:00,23.6,88.0,23.14525878631072,87.95982264154155
Tiruvannamalai,2023-10-30 02:00:00,23.2,91.0,23.603402264293884,88.88047457811473
Tonk,2023-10-15 02:30:00,26.7,38.0,27.994350766465637,40.36186635934589
Tonk,2023-10-16 02:30:00,26.9,39.0,26.891405671670878,42.25816401951596
Tonk,2023-10-17 02:30:00,22.0,71.0,27.03041530776064,41.463640087897794
Tonk,2023-10-18 02:30:00,23.4,63.0,23.736216524459703,55.28064621765017
Tonk,2023-10-19 02:30:00,23.6,48.0,23.43219897931587,55.12833949093162
Tonk,2023-10-20 02:30:00,23.8,42.0,23.58853455384661,51.68992081627269
Tonk,2023-10-21 02:15:00,24.0,42.0,23.765594168963876,45.10605127085171
Tonk,2023-10-22 02:30:00,24.4,41.0,24.537016767958654,45.97090778746036
Tonk,2023-10-23 02:15:00,25.6,41.0,25.133709826203386,46.656414048791916
Tonk,2023-10-24 02:15:00,23.4,36.0,25.91934725523794,45.06823338769037
Tonk,2023-10-25 02:30:00,22.7,37.0,24.150117652039036,39.287724091886176
Tonk,2023-10-26 02:00:00,23.2,34.0,23.11511682874333,43.32778465986982
Tonk,2023-10-27 02:15:00,23.0,29.0,22.893435546503845,41.20878985126654
Tonk,2023-10-28 02:00:00,23.4,31.0,23.568105178906084,34.1772566446656
Tonk,2023-10-29 02:45:00,23.3,36.0,23.66620875284695,40.54699811741853
Tonk,2023-10-30 02:00:00,24.3,35.0,23.926951798556445,42.86385303585828
Tuensang,2023-10-15 02:30:00,16.5,96.0,16.791838813498824,97.06450395603893
Tuensang,2023-10-16 02:30:00,16.4,95.0,16.21577667074789,97.09416183986244
Tuensang,2023-10-17 02:15:00,16.2,88.0,15.94525737674406,94.02428881771938
Tuensang,2023-10-18 02:30:00,16.8,93.0,15.685915912744626,91.1531165075667
Tuensang,2023-10-19 02:15:00,16.5,95.0,16.000440745769385,96.40993688696142
Tuensang,2023-10-20 02:30:00,16.2,95.0,15.438896661065684,96.71437753058022
Tuensang,2023-10-21 02:15:00,16.0,93.0,15.32089338494389,92.48905317078162
Tuensang,2023-10-22 02:15:00,15.3,85.0,14.560694331839473,86.81084921299659
Tuensang,2023-10-23 02:15:00,16.2,89.0,14.169232265288004,81.43622011504526
Tuensang,2023-10-24 02:15:00,17.6,91.0,15.724995738281489,90.08412851939484
Tuensang,2023-10-25 02:15:00,17.3,85.0,16.94885562454985,93.04132478793893
Tuensang,2023-10-26 02:00:00,16.7,98.0,16.436647535494007,91.4881816942445
Tuensang,2023-10-27 02:15:00,16.1,98.0,16.230488196550475,98.41465109902937
Tuensang,2023-10-28 02:00:00,14.0,97.0,14.72996726323553,97.26564155979588
Tuensang,2023-10-29 02:30:00,14.4,89.0,12.245286977522719,86.75177868090337
Tuensang,2023-10-30 01:45:00,15.3,96.0,13.0653821914498,92.96726209511148
Tumkur,2023-10-15 02:30:00,20.6,67.0,19.630344968698946,77.09822047259668
Tumkur,2023-10-16 02:30:00,20.5,78.0,20.664840061996692,67.93238223069693
Tumkur,2023-10-17 02:30:00,21.4,81.0,20.62991733602937,77.63921190752266
Tumkur,2023-10-18 02:30:00,20.3,75.0,21.3416294112856,78.7379445656031
Tumkur,2023-10-19 02:15:00,21.2,76.0,20.638834979464164,73.10408121777617
Tumkur,2023-10-20 02:30:00,19.9,82.0,20.944087467772217,73.82755738715778
Tumkur,2023-10-21 02:15:00,21.7,75.0,20.620818652188152,82.94665434210086
Tumkur,2023-10-22 02:15:00,20.2,82.0,21.41560640850711,72.37267382772067
Tumkur,2023-10-23 02:15:00,19.7,66.0,20.93470219255363,78.01053835824239
Tumkur,2023-10-24 02:15:00,19.0,45.0,19.688434950253782,69.50793765136048
Tumkur,2023-10-25 02:15:00,19.0,47.0,18.72691919631321,66.35179086609433
Tumkur,2023-10-26 02:00:00,18.9,46.0,18.65298556650201,63.85893346452295
Tumkur,2023-10-27 02:15:00,18.8,59.0,18.607684323653633,66.02670150781502
Tumkur,2023-10-28 02:00:00,21.9,76.0,18.769720698170058,71.09820503526386
Tumkur,2023-10-29 02:45:00,20.5,86.0,21.143669362853018,77.9989552952385
Tumkur,2023-10-30 02:00:00,20.0,91.0,21.07825592291132,84.98161212471689
Udaipur,2023-10-16 02:30:00,21.3,70.0,22.897070122741603,72.77046788651376
Udaipur,2023-10-16 02:30:00,25.5,37.0,23.441528452132264,52.48458720784816
Udaipur,2023-10-17 02:15:00,21.1,74.0,22.693803741507942,62.655489413643835
Udaipur,2023-10-17 02:30:00,22.1,62.0,23.47995070856663,52.01857151850089
Udaipur,2023-10-18 02:15:00,21.8,79.0,21.8063041099573,67.38440482461068
Udaipur,2023-10-18 02:30:00,22.4,52.0,22.918465621616903,70.32323088076018
Udaipur,2023-10-19 02:15:00,21.4,86.0,21.966077700897575,69.81186570854227
Udaipur,2023-10-19 02:30:00,22.0,50.0,22.56856107896412,62.02739580121349
Udaipur,2023-10-20 02:30:00,21.2,87.0,21.48556409944608,73.50073262653459
Udaipur,2023-10-20 02:30:00,22.3,45.0,22.22994339097582,54.96524687879271
Udaipur,2023-10-21 02:15:00,20.6,85.0,21.372419285512642,78.50634238539126
Udaipur,2023-10-21 02:15:00,23.6,43.0,22.147967891264297,60.45010692890792
Udaipur,2023-10-22 02:15:00,19.2,76.0,22.08060880412457,82.18235897290741
Udaipur,2023-10-22 02:30:00,23.8,32.0,21.172729750181784,53.646737355128096
Udaipur,2023-10-23 02:00:00,18.3,78.0,21.97475153859918,72.65882861543254
Udaipur,2023-10-23 02:15:00,23.5,38.0,20.337125301055245,43.370870715854245
Udaipur,2023-10-24 02:15:00,18.4,85.0,21.854697780087143,86.70632515984747
Udaipur,2023-10-24 02:15:00,22.1,40.0,20.225892088665113,50.03557869892835
Udaipur,2023-10-25 02:15:00,20.2,89.0,20.580827646881016,86.86763471605639
Udaipur,2023-10-25 02:30:00,22.7,45.0,21.767605632079732,49.874557539907585
Udaipur,2023-10-26 02:00:00,19.4,81.0,21.621394327478114,79.54296284034719
Udaipur,2023-10-26 02:00:00,22.2,42.0,21.289614821458763,48.5552145823404
Udaipur,2023-10-27 02:15:00,18.3,72.0,20.72363367417587,82.5036213759247
Udaipur,2023-10-27 02:15:00,22.0,36.0,20.231555709244212,61.86638789488293
Udaipur,2023-10-28 02:00:00,17.9,73.0,20.37667886026262,64.1163610904611
Udaipur,2023-10-28 02:00:00,23.3,29.0,20.10972501288971,58.348209871212134
Udaipur,2023-10-29 02:30:00,17.6,73.0,21.279237558675167,70.71911761386873
Udaipur,2023-10-29 02:45:00,24.7,26.0,19.416482828212867,55.29583793204466
Udaipur,2023-10-30 01:45:00,18.4,77.0,22.164602843383836,69.57238935054505
Udaipur,2023-10-30 02:00:00,23.9,32.0,20.657446212963126,36.83278434147418
Udalguri,2023-10-15 02:30:00,21.5,89.0,21.256404480647177,82.75192943278957
Udalguri,2023-10-16 02:30:00,21.7,86.0,20.891498889149933,86.85189969889252
Udalguri,2023-10-17 02:15:00,21.5,86.0,21.05774532071733,84.3616947359575
Udalguri,2023-10-18 02:30:00,21.4,85.0,21.197772361051324,85.23300074660186
Udalguri,2023-10-19 02:15:00,20.9,84.0,20.904355369747528,82.6311725863974
Udalguri,2023-10-20 02:30:00,20.8,79.0,20.518125009840155,81.00573327234336
Udalguri,2023-10-21 02:15:00,20.8,77.0,20.399700602249435,79.20643488843764
Udalguri,2023-10-22 02:15:00,20.0,77.0,20.05094042957343,74.97575514810889
Udalguri,2023-10-23 02:15:00,19.5,71.0,19.660231102880637,74.72318378043074
Udalguri,2023-10-24 02:15:00,20.9,70.0,18.985573084122066,69.64885926592449
Udalguri,2023-10-25 02:15:00,20.1,78.0,20.512940540287676,68.42415014779084
Udalguri,2023-10-26 02:00:00,20.5,77.0,20.16194064714036,76.25812096114534
Udalguri,2023-10-27 02:15:00,20.6,86.0,19.876189741080115,75.10667675698215
Udalguri,2023-10-28 02:00:00,20.2,85.0,20.216782428756968,84.20527308182528
Udalguri,2023-10-29 02:30:00,20.2,82.0,19.73865062929073,81.78471669796177
Udalguri,2023-10-30 01:45:00,20.7,83.0,19.7036270212748,78.26462974475267
Udhampur,2023-10-15 02:30:00,20.7,46.0,21.151221226740567,49.62634805986706
Udhampur,2023-10-16 02:30:00,21.3,43.0,20.984005780449365,52.77993502033738
Udhampur,2023-10-17 02:15:00,17.6,72.0,20.279892979566217,50.72411121423518
Udhampur,2023-10-18 02:15:00,16.5,54.0,17.830849275291698,58.350193508588994
Udhampur,2023-10-19 02:15:00,16.7,56.0,16.074878042735133,55.79431355676238
Udhampur,2023-10-20 02:15:00,17.4,62.0,16.29473471164019,55.99456158317978
Udhampur,2023-10-21 02:15:00,18.0,52.0,16.88202853012294,58.17223774732533
Udhampur,2023-10-22 02:15:00,19.0,50.0,17.091949418730824,58.31435168571413
Udhampur,2023-10-23 02:00:00,18.2,49.0,17.53661996822847,54.746051504069484
Udhampur,2023-10-24 02:15:00,18.2,54.0,17.572701283826532,48.8624702689381
Udhampur,2023-10-25 02:15:00,18.4,43.0,17.3820954150059,51.858285273976456
Udhampur,2023-10-26 02:00:00,18.6,44.0,17.629895933246917,47.083054668462346
Udhampur,2023-10-27 02:15:00,18.3,47.0,17.90496863647471,47.081469025189044
Udhampur,2023-10-28 02:00:00,18.8,45.0,17.723916007003282,53.551346244674185
Udhampur,2023-10-29 02:30:00,18.9,42.0,17.95358689289639,47.22554942397717
Udhampur,2023-10-30 01:45:00,19.6,42.0,18.018327882404037,49.83029406731332
Udupi,2023-10-15 02:30:00,26.0,94.0,26.41142113059891,89.94277420023936
Udupi,2023-10-16 02:30:00,24.7,91.0,25.789046077091143,90.71618976605289
Udupi,2023-10-17 02:30:00,24.0,94.0,24.973975589284365,90.70180598854665
Udupi,2023-10-18 02:30:00,25.0,100.0,24.125684708176347,93.35142891908332
Udupi,2023-10-19 02:15:00,27.0,94.0,24.77295517366389,92.04529969591187
Udupi,2023-10-20 02:30:00,26.0,84.0,26.644770719902894,91.57889182235441
Udupi,2023-10-21 02:15:00,26.0,89.0,26.0518445361118,86.2537314179012
Udupi,2023-10-22 02:15:00,24.0,94.0,26.049755781843416,86.45644403494987
Udupi,2023-10-23 02:15:00,25.0,89.0,24.658163685206997,91.09891738408056
Udupi,2023-10-24 02:15:00,27.0,89.0,24.352021548783046,93.79625399939306
Udupi,2023-10-25 02:15:00,27.0,89.0,26.619456900865977,89.28616783476058
Udupi,2023-10-26 02:00:00,27.0,89.0,26.843708069523974,88.85994814772043
Udupi,2023-10-27 02:15:00,26.0,89.0,25.99065830560058,87.97642074967774
Udupi,2023-10-28 02:00:00,23.5,84.0,25.65152504230704,79.7066423538297
Udupi,2023-10-29 02:45:00,27.0,89.0,24.040810195532735,86.56830213318742
Udupi,2023-10-30 02:00:00,23.0,94.0,25.294997969224735,85.923842854852
Ujjain,2023-10-15 02:30:00,22.6,56.0,22.739266967192968,53.926498578148085
Ujjain,2023-10-16 02:30:00,24.2,60.0,23.17902862575899,54.2359833274168
Ujjain,2023-10-17 02:15:00,21.9,66.0,24.144622226386026,57.18698447474783
Ujjain,2023-10-18 02:15:00,21.3,65.0,22.566211488083546,60.70292488158209
Ujjain,2023-10-19 02:15:00,22.1,56.0,21.62039321262395,56.89682032461472
Ujjain,2023-10-20 02:15:00,21.8,55.0,22.216791525067844,54.306579829455416
Ujjain,2023-10-21 02:00:00,22.0,58.0,22.228876231573736,54.55207095566321
Ujjain,2023-10-22 02:15:00,21.9,57.0,22.16748851643326,55.63350302035414
Ujjain,2023-10-23 02:00:00,23.0,65.0,21.934002566864493,64.8446942916518
Ujjain,2023-10-24 02:00:00,21.0,53.0,22.73645943447861,65.11963471332069
Ujjain,2023-10-25 02:15:00,20.1,42.0,21.733965671777014,57.940471770512
Ujjain,2023-10-26 02:00:00,20.0,46.0,20.702217888757282,58.64762396531419
Ujjain,2023-10-27 02:15:00,19.7,34.0,20.399131986577068,58.98657451881425
Ujjain,2023-10-28 02:00:00,19.0,49.0,19.779330448809464,51.8234506429074
Ujjain,2023-10-29 02:30:00,18.0,60.0,19.34995270168479,62.91861913114454
Ujjain,2023-10-30 01:45:00,20.5,44.0,18.25311244235415,63.285379471917224
Ukhrul,2023-10-15 02:30:00,13.0,94.0,12.737599295518182,96.60827789600647
Ukhrul,2023-10-16 02:30:00,13.8,96.0,12.136654347782306,97.32168491612842
Ukhrul,2023-10-17 02:15:00,11.6,95.0,12.32153894489573,93.33527518413311
Ukhrul,2023-10-18 02:30:00,11.8,92.0,11.384744831550192,89.95541017928038
Ukhrul,2023-10-19 02:15:00,12.3,92.0,10.933416472085309,88.40266895957224
Ukhrul,2023-10-20 02:30:00,12.3,94.0,11.29255013435242,91.85127865908683
Ukhrul,2023-10-21 02:15:00,12.2,92.0,11.13437565456514,86.55598617707595
Ukhrul,2023-10-22 02:15:00,12.8,89.0,11.24721670172113,89.27048041123594
Ukhrul,2023-10-23 02:15:00,13.9,87.0,12.019586625953021,90.52883173207104
Ukhrul,2023-10-24 02:15:00,14.6,83.0,13.173550512713135,90.51655478953654
Ukhrul,2023-10-25 02:15:00,13.9,99.0,13.523370276139167,98.65099918588284
Ukhrul,2023-10-26 02:00:00,15.1,99.0,12.817277413210395,98.68107708738766
Ukhrul,2023-10-27 02:15:00,12.9,99.0,14.057413496928293,99.31635025818235
Ukhrul,2023-10-28 02:00:00,11.8,95.0,12.095342924430133,93.24701869355327
Ukhrul,2023-10-29 02:30:00,12.0,94.0,10.893972429885524,96.62537412521336
Ukhrul,2023-10-30 01:45:00,12.2,92.0,10.591453205941862,89.58207560349298
Umaria,2023-10-15 02:30:00,21.5,52.0,21.204060954952435,60.92488592898266
Umaria,2023-10-16 02:30:00,20.7,62.0,21.331700515032686,61.99306881342782
Umaria,2023-10-17 02:15:00,20.1,75.0,21.286853404855883,61.180093162292174
Umaria,2023-10-18 02:15:00,19.5,84.0,20.306886311205012,70.94777427602077
Umaria,2023-10-19 02:15:00,19.6,73.0,19.142819380789533,78.65585215559477
Umaria,2023-10-20 02:15:00,18.3,63.0,18.849883961799485,70.25218822331648
Umaria,2023-10-21 02:00:00,18.2,60.0,17.973933910297735,64.70252675754273
Umaria,2023-10-22 02:15:00,17.3,62.0,16.980621973914655,64.10038915694771
Umaria,2023-10-23 02:00:00,15.5,60.0,16.18970025900478,63.809589207301826
Umaria,2023-10-24 02:15:00,15.6,66.0,14.860590190570164,65.99767332652041
Umaria,2023-10-25 02:15:00,16.4,67.0,15.274753187754094,66.95767410844965
Umaria,2023-10-26 02:00:00,16.2,56.0,15.791018023803055,66.58525881875383
Umaria,2023-10-27 02:15:00,16.0,49.0,15.602567026460495,64.29273683706805
Umaria,2023-10-28 02:00:00,16.0,51.0,15.034441213448268,60.369768548410214
Umaria,2023-10-29 02:30:00,16.2,55.0,15.217419565821768,63.4763350244381
Umaria,2023-10-30 01:45:00,16.5,57.0,15.923286803404416,63.17955398117439
Una,2023-10-15 02:30:00,25.5,68.0,26.139619324361533,79.19703765013809
Una,2023-10-16 02:30:00,24.4,77.0,25.920283820552733,69.85204770794375
Una,2023-10-17 02:15:00,24.8,69.0,25.31057750461107,77.44643279618843
Una,2023-10-18 02:15:00,25.4,65.0,25.408920928711606,70.60251345565898
Una,2023-10-19 02:15:00,25.9,64.0,26.094438658766748,60.765590089635566
Una,2023-10-20 02:15:00,25.1,50.0,26.302988193222042,62.38878204350424
Una,2023-10-21 02:00:00,25.7,56.0,25.76478843126519,60.55412819510743
Una,2023-10-22 02:15:00,25.9,60.0,26.333176177001782,57.30104806376629
Una,2023-10-23 02:00:00,26.1,59.0,26.534121677511806,62.07885903925721
Una,2023-10-24 02:15:00,26.1,57.0,26.671220918057436,59.64999833535532
Una,2023-10-25 02:15:00,25.8,52.0,26.813672590800945,56.9436009425589
Una,2023-10-26 02:00:00,25.8,47.0,26.522829935269943,56.86726250055306
Una,2023-10-27 02:15:00,25.0,45.0,26.512457546385,59.18233843845616
Una,2023-10-28 02:00:00,24.8,47.0,25.721144711986963,58.531329939606096
Una,2023-10-29 02:30:00,24.8,47.0,25.7080632185561,60.400975424065535
Una,2023-10-30 01:45:00,25.1,47.0,25.703210270842902,55.0894926729958
Unnao,2023-10-15 02:30:00,23.0,89.0,23.066112064662388,81.40343092216175
Unnao,2023-10-16 02:30:00,23.0,89.0,23.666519997081178,86.1209526500337
Unnao,2023-10-17 02:30:00,20.0,83.0,22.924370643609585,88.77817645847682
Unnao,2023-10-18 02:30:00,20.0,88.0,21.293401795907894,86.65883928513706
Unnao,2023-10-19 02:30:00,21.0,83.0,20.064740808841535,87.79264779180737
Unnao,2023-10-20 02:30:00,19.0,83.0,20.263764585019306,82.4272389684256
Unnao,2023-10-21 02:15:00,18.0,94.0,19.780632039049056,82.91670264714088
Unnao,2023-10-22 02:30:00,18.0,83.0,17.72607502489137,89.54552812082757
Unnao,2023-10-23 02:15:00,20.0,83.0,18.074513118435746,88.94032232688464
Unnao,2023-10-24 02:15:00,19.0,88.0,19.79846788667555,82.10095243296742
Unnao,2023-10-25 02:30:00,19.0,83.0,19.07696174051623,85.79675848782857
Unnao,2023-10-26 02:00:00,22.0,69.0,19.0407268706402,83.33812149877018
Unnao,2023-10-27 02:30:00,19.0,73.0,21.075363904135155,74.53542578621213
Unnao,2023-10-28 02:00:00,19.0,73.0,19.615274035774434,75.79174440156447
Unnao,2023-10-29 02:45:00,22.6,42.0,18.896567094769065,71.28253612428257
Unnao,2023-10-30 02:00:00,19.0,83.0,21.903979365600264,72.27790268992698
Upper Tirupati,2023-10-15 02:30:00,24.9,78.0,22.702957909113525,85.52651922476592
Upper Tirupati,2023-10-16 02:30:00,23.7,92.0,24.458706739238973,80.01776331074481
Upper Tirupati,2023-10-17 02:15:00,23.2,89.0,23.5370507675985,88.99793059043374
Upper Tirupati,2023-10-18 02:30:00,23.0,80.0,22.774155566451963,86.32455792380175
Upper Tirupati,2023-10-19 02:15:00,22.1,86.0,22.614997850045842,79.53158827396729
Upper Tirupati,2023-10-20 02:30:00,22.5,89.0,22.066085275153984,83.31746216054133
Upper Tirupati,2023-10-21 02:15:00,23.0,89.0,22.371481127227007,84.05330947007924
Upper Tirupati,2023-10-22 02:15:00,22.3,87.0,22.839788839188596,82.1726715252969
Upper Tirupati,2023-10-23 02:15:00,22.2,81.0,22.08281008558716,81.2782863481821
Upper Tirupati,2023-10-24 02:15:00,21.4,65.0,21.845194480103636,79.36240040726962
Upper Tirupati,2023-10-25 02:15:00,21.7,66.0,21.298036405832832,69.79809825767444
Upper Tirupati,2023-10-26 02:00:00,22.0,75.0,21.57674295050643,68.3362497178795
Upper Tirupati,2023-10-27 02:15:00,21.8,87.0,21.537531445255553,74.78949451787888
Upper Tirupati,2023-10-28 02:00:00,22.4,91.0,21.69290302270423,86.91746252599981
Upper Tirupati,2023-10-29 02:30:00,22.8,94.0,22.101972248526913,89.23986609149169
Upper Tirupati,2023-10-30 01:45:00,22.6,92.0,22.737761565576967,90.78310432611673
Uttarkashi,2023-10-15 02:30:00,-6.9,78.0,-3.20473894018665,81.89508299795061
Uttarkashi,2023-10-16 02:30:00,-8.0,74.0,-3.1844900939420033,78.7446355457194
Uttarkashi,2023-10-17 02:30:00,-5.4,83.0,-3.0453929120491785,75.12948250748872
Uttarkashi,2023-10-18 02:30:00,-8.0,64.0,-2.9334273531626063,76.97865477319283
Uttarkashi,2023-10-19 02:15:00,-8.7,68.0,-3.0277124058874416,64.84343240096096
Uttarkashi,2023-10-20 02:30:00,-10.9,55.0,-2.8499197034286716,63.661076356256594
Uttarkashi,2023-10-21 02:15:00,-10.2,68.0,-2.945855402653819,61.990742642528616
Uttarkashi,2023-10-22 02:15:00,-7.7,75.0,-2.905293878907719,70.34548794790615
Uttarkashi,2023-10-23 02:15:00,-8.8,77.0,-2.8140173974093603,74.08367389101265
Uttarkashi,2023-10-24 02:15:00,-9.8,73.0,-2.971944529774884,72.31581340911114
Uttarkashi,2023-10-25 02:15:00,-7.9,64.0,-2.8760242718452775,65.08346335564073
Uttarkashi,2023-10-26 02:00:00,-10.3,59.0,-2.8425567088564683,59.54524299835527
Uttarkashi,2023-10-27 02:15:00,-5.4,47.0,-3.178918462357316,52.52882755627438
Uttarkashi,2023-10-28 02:00:00,-5.9,34.0,-3.1118930794528117,50.298225349519804
Uttarkashi,2023-10-29 02:30:00,-6.6,53.0,-3.0408225957885278,51.3332503971041
Uttarkashi,2023-10-30 01:45:00,-3.9,65.0,-3.020523014847806,59.13567210015891
Vadodara,2023-10-15 02:30:00,30.2,50.0,29.27060299720266,55.37821014576149
Vadodara,2023-10-16 02:30:00,27.8,61.0,28.927342588489395,55.52314016299702
Vadodara,2023-10-17 02:15:00,28.8,48.0,28.019736332898265,53.24517769077126
Vadodara,2023-10-18 02:15:00,28.1,55.0,28.821011886073123,62.06099733186002
Vadodara,2023-10-19 02:15:00,27.7,54.0,28.16340567918272,54.945607938078574
Vadodara,2023-10-20 02:30:00,27.0,48.0,27.734662355115322,56.91411447212799
Vadodara,2023-10-21 02:15:00,27.9,47.0,27.450205445115284,59.65274216621473
Vadodara,2023-10-22 02:15:00,27.7,42.0,28.089549197658343,60.16740078125024
Vadodara,2023-10-23 02:00:00,28.2,38.0,28.123921220528086,54.850461915252914
Vadodara,2023-10-24 02:15:00,27.2,39.0,28.61946954849963,52.63948705098714
Vadodara,2023-10-25 02:15:00,27.0,36.0,27.581244073997446,50.75925377727487
Vadodara,2023-10-26 02:00:00,27.4,31.0,27.674517735004304,49.14041022327766
Vadodara,2023-10-27 02:15:00,26.8,33.0,27.442753822335348,46.80161226269838
Vadodara,2023-10-28 02:00:00,25.8,35.0,27.073442394647486,47.275339166209285
Vadodara,2023-10-29 02:30:00,26.7,34.0,26.321306838698508,50.623991645044256
Vadodara,2023-10-30 01:45:00,26.9,31.0,27.82117346019519,42.5650095941178
Valsad,2023-10-15 02:30:00,25.9,79.0,26.703665039145065,71.4483143752615
Valsad,2023-10-16 02:30:00,25.4,75.0,26.28887806479881,77.35844684526023
Valsad,2023-10-17 02:15:00,26.2,72.0,26.16266788781649,74.1631194152169
Valsad,2023-10-18 02:15:00,25.4,67.0,26.59710986012318,70.98800786199918
Valsad,2023-10-19 02:15:00,24.7,63.0,26.16050447842657,64.6672626644001
Valsad,2023-10-20 02:30:00,24.3,55.0,25.64089539208682,60.524694477120484
Valsad,2023-10-21 02:15:00,25.9,60.0,25.244594705717848,58.830997101578895
Valsad,2023-10-22 02:15:00,26.7,48.0,26.369831998224253,61.12474583034159
Valsad,2023-10-23 02:00:00,25.1,55.0,27.197731983521717,58.89424290279971
Valsad,2023-10-24 02:15:00,26.6,50.0,26.287102558924733,55.74705550663099
Valsad,2023-10-25 02:15:00,24.5,49.0,27.350227338010672,59.377367762722145
Valsad,2023-10-26 02:00:00,24.0,44.0,25.71909441466857,60.822600237553395
Valsad,2023-10-27 02:15:00,23.8,44.0,24.76741257164558,60.05354707207675
Valsad,2023-10-28 02:00:00,22.7,46.0,24.35312036188107,61.08080403561047
Valsad,2023-10-29 02:30:00,23.1,46.0,23.520148401600462,63.908015240641305
Valsad,2023-10-30 01:45:00,23.6,42.0,23.8031728800912,64.2468483902961
Varanasi,2023-10-15 02:30:00,23.0,55.0,22.498050526796913,58.52832636621193
Varanasi,2023-10-16 02:30:00,23.6,60.0,22.782758207785843,58.287129872257665
Varanasi,2023-10-17 02:30:00,22.8,74.0,23.720769515594334,68.31461907012006
Varanasi,2023-10-18 02:30:00,21.7,85.0,22.69439568920158,67.10511205420781
Varanasi,2023-10-19 02:30:00,21.4,62.0,21.467701769904753,76.63866119063331
Varanasi,2023-10-20 02:30:00,20.9,58.0,21.042782176634578,63.8433177987013
Varanasi,2023-10-21 02:15:00,20.7,61.0,21.123159119654535,62.218011566586846
Varanasi,2023-10-22 02:30:00,20.0,59.0,20.544339028095113,64.21433769847573
Varanasi,2023-10-23 02:15:00,19.8,56.0,19.893871844753725,62.29620866866012
Varanasi,2023-10-24 02:15:00,20.0,62.0,19.405082034432073,65.73244243341169
Varanasi,2023-10-25 02:30:00,20.5,56.0,20.046335688894015,63.88174381432631
Varanasi,2023-10-26 02:00:00,20.6,58.0,20.477934044668547,66.12168643163677
Varanasi,2023-10-27 02:30:00,20.7,57.0,20.53612986568836,64.24432154099065
Varanasi,2023-10-28 02:00:00,20.2,47.0,20.41433962555694,61.98661952092921
Varanasi,2023-10-29 02:45:00,20.3,51.0,20.070457234232453,60.61806273907774
Varanasi,2023-10-30 02:00:00,20.6,54.0,20.14586800316495,64.24576598988293
Vellore,2023-10-15 02:30:00,22.0,92.0,20.943422688250603,90.47918678307292
Vellore,2023-10-16 02:30:00,22.4,93.0,21.889515033989273,91.4963483374164
Vellore,2023-10-17 02:30:00,21.6,94.0,21.97408299570863,95.97208729951707
Vellore,2023-10-18 02:30:00,21.1,84.0,21.29357356591735,85.18823567810837
Vellore,2023-10-19 02:30:00,20.5,90.0,20.869301392156803,81.54970058218883
Vellore,2023-10-20 02:30:00,20.7,90.0,20.84728071746411,86.67545678292545
Vellore,2023-10-21 02:15:00,21.0,92.0,20.75403600709848,87.11954681227988
Vellore,2023-10-22 02:30:00,21.4,81.0,21.046127999824602,86.8179650386155
Vellore,2023-10-23 02:15:00,21.5,86.0,21.524007893562317,79.88585078526567
Vellore,2023-10-24 02:15:00,20.1,83.0,21.320879575165335,80.94842395133333
Vellore,2023-10-25 02:30:00,20.6,85.0,20.423660625140567,80.64061235771054
Vellore,2023-10-26 02:00:00,20.5,82.0,20.512849159116616,81.87764917285139
Vellore,2023-10-27 02:30:00,20.7,92.0,20.51853741690452,81.06706382770705
Vellore,2023-10-28 02:00:00,21.1,94.0,20.643017849352667,90.51492972900067
Vellore,2023-10-29 02:45:00,21.5,95.0,20.946257241866352,91.2900905551596
Vellore,2023-10-30 02:00:00,21.3,94.0,21.368741765744144,96.15287509978755
Vidisha,2023-10-15 02:30:00,25.0,44.0,23.96557214663113,53.7674015684792
Vidisha,2023-10-16 02:30:00,23.9,50.0,24.889746653063604,51.94756377298062
Vidisha,2023-10-17 02:15:00,20.5,74.0,24.429652735077426,55.61496539404918
Vidisha,2023-10-18 02:15:00,23.0,69.0,21.04021068140531,70.35851910380129
Vidisha,2023-10-19 02:15:00,22.1,64.0,22.733325920801274,65.02114521608006
Vidisha,2023-10-20 02:15:00,21.3,52.0,22.21158346656155,57.398951606309694
Vidisha,2023-10-21 02:00:00,20.8,50.0,21.131154786203698,59.124314805009895
Vidisha,2023-10-22 02:15:00,21.4,41.0,20.990749468247827,57.12455045690126
Vidisha,2023-10-23 02:00:00,20.3,54.0,21.309683393719176,51.50901770252074
Vidisha,2023-10-24 02:15:00,19.8,51.0,21.40777049753484,63.94492709281481
Vidisha,2023-10-25 02:15:00,19.5,45.0,19.930674529041603,62.21500191299636
Vidisha,2023-10-26 02:00:00,19.9,43.0,19.494884887796214,58.1729487200151
Vidisha,2023-10-27 02:15:00,19.5,44.0,20.166572628142013,55.311719188765714
Vidisha,2023-10-28 02:00:00,18.8,41.0,19.234967791702143,57.26747307623992
Vidisha,2023-10-29 02:30:00,19.1,41.0,18.98397690332688,55.33924260944724
Vidisha,2023-10-30 01:45:00,20.0,60.0,18.278246906303366,62.03024652448884
Vikarabad,2023-10-15 02:30:00,25.0,79.0,22.650575277683473,85.18459419228282
Vikarabad,2023-10-16 02:30:00,23.0,83.0,24.109057923743524,84.0518318695694
Vikarabad,2023-10-17 02:30:00,23.0,78.0,23.414952510513917,83.55148927660619
Vikarabad,2023-10-18 02:30:00,22.0,73.0,22.941689834067148,82.91841414629192
Vikarabad,2023-10-19 02:30:00,22.0,88.0,22.263882225484558,75.81051211939972
Vikarabad,2023-10-20 02:30:00,22.0,78.0,21.930753270293113,82.50429551907202
Vikarabad,2023-10-21 02:30:00,22.0,78.0,21.68679321660503,80.2889343383257
Vikarabad,2023-10-22 02:30:00,24.0,69.0,21.88390821796352,84.27237942178267
Vikarabad,2023-10-23 02:15:00,21.0,73.0,23.046426568420067,72.0738479521593
Vikarabad,2023-10-24 02:15:00,19.0,73.0,21.598001229000243,77.98923098534564
Vikarabad,2023-10-25 02:30:00,21.0,64.0,19.36567756145809,77.84863487257628
Vikarabad,2023-10-26 02:00:00,20.0,60.0,20.37378812419904,69.75729071882914
Vikarabad,2023-10-27 02:30:00,19.0,64.0,20.19141468678432,71.02367022352371
Vikarabad,2023-10-28 02:00:00,21.0,56.0,18.79263687327174,69.66643945234628
Vikarabad,2023-10-29 02:45:00,22.0,73.0,19.917214548006946,71.55535552026033
Vikarabad,2023-10-30 02:00:00,20.7,75.0,22.080058771508664,73.1000449500619
Visakhapatnam,2023-10-15 02:30:00,25.7,78.0,25.508616810093613,79.39952193870968
Visakhapatnam,2023-10-16 02:30:00,25.8,74.0,25.152620828840107,79.07323129968667
Visakhapatnam,2023-10-17 02:15:00,25.4,72.0,25.154270991861928,75.39586833173925
Visakhapatnam,2023-10-18 02:15:00,25.1,74.0,25.232675712804497,76.01639644526982
Visakhapatnam,2023-10-19 02:15:00,24.8,82.0,24.903219138170627,77.77567619830846
Visakhapatnam,2023-10-20 02:30:00,25.1,83.0,24.75324039405565,84.87634798872388
Visakhapatnam,2023-10-21 02:15:00,24.5,83.0,24.40452129188346,79.62316933915874
Visakhapatnam,2023-10-22 02:15:00,24.0,81.0,23.31339442771545,80.85104045787085
Visakhapatnam,2023-10-23 02:00:00,24.0,64.0,24.210533363105018,81.80722531737094
Visakhapatnam,2023-10-24 02:15:00,24.7,73.0,24.189343355744057,70.60817627113964
Visakhapatnam,2023-10-25 02:15:00,24.8,84.0,24.420107462636608,78.75668588195397
Visakhapatnam,2023-10-26 02:00:00,25.8,78.0,24.725716928481532,85.33943812121363
Visakhapatnam,2023-10-27 02:15:00,25.4,78.0,25.208514726324562,82.96340512606935
Visakhapatnam,2023-10-28 02:00:00,25.2,81.0,25.097391531651503,81.34688113630551
Visakhapatnam,2023-10-29 02:30:00,24.8,81.0,24.83631879816909,83.40183263752536
Visakhapatnam,2023-10-30 01:45:00,24.8,70.0,24.402039575323162,78.36563732844938
Vizianagaram,2023-10-15 02:30:00,23.7,84.0,23.773175027610392,81.55837957115205
Vizianagaram,2023-10-16 02:30:00,23.6,79.0,23.43381652575462,83.14081998179945
Vizianagaram,2023-10-17 02:15:00,23.4,77.0,23.383379113011454,79.77491207066583
Vizianagaram,2023-10-18 02:30:00,23.5,79.0,23.036669281835696,78.58278149255403
Vizianagaram,2023-10-19 02:15:00,23.5,86.0,23.468755546368907,79.18715960202955
Vizianagaram,2023-10-20 02:30:00,23.3,88.0,23.5428535615491,84.98348609935177
Vizianagaram,2023-10-21 02:15:00,23.0,85.0,23.174375320233857,82.52074083516861
Vizianagaram,2023-10-22 02:15:00,22.6,84.0,22.472663594906596,82.40602978939711
Vizianagaram,2023-10-23 02:00:00,22.2,65.0,22.696466426548994,83.35262529325041
Vizianagaram,2023-10-24 02:15:00,22.3,79.0,22.446028519377276,74.54000198594318
Vizianagaram,2023-10-25 02:15:00,22.9,90.0,22.282047291290542,82.92461265268405
Vizianagaram,2023-10-26 02:00:00,24.5,83.0,22.629816356400127,87.72816336855759
Vizianagaram,2023-10-27 02:15:00,23.9,85.0,23.925955748225245,84.46140649722525
Vizianagaram,2023-10-28 02:00:00,23.4,85.0,23.80272406762506,83.30224913925431
Vizianagaram,2023-10-29 02:30:00,22.7,87.0,23.339008355359848,83.80914140839947
Vizianagaram,2023-10-30 01:45:00,22.3,78.0,22.4006714611886,81.70192630493504
Wanaparthy,2023-10-15 02:30:00,24.4,70.0,24.185143233446382,73.015221946568
Wanaparthy,2023-10-16 02:30:00,24.3,69.0,24.457557124753567,69.26593868535957
Wanaparthy,2023-10-17 02:30:00,24.4,71.0,24.112269636109804,69.20463595945733
Wanaparthy,2023-10-18 02:30:00,23.9,76.0,24.16470856017181,70.38927510880247
Wanaparthy,2023-10-19 02:30:00,22.8,74.0,23.75094529853459,74.74431320675588
Wanaparthy,2023-10-20 02:30:00,22.5,79.0,22.4483301304666,74.62996326088509
Wanaparthy,2023-10-21 02:30:00,23.1,76.0,22.53725694084527,78.89453639129327
Wanaparthy,2023-10-22 02:30:00,22.4,75.0,22.80310968141174,76.29890294176454
Wanaparthy,2023-10-23 02:15:00,20.7,58.0,22.146358649666684,74.49523490366578
Wanaparthy,2023-10-24 02:15:00,20.6,66.0,20.87694352469809,68.27141474302458
Wanaparthy,2023-10-25 02:30:00,20.2,60.0,20.697878425381116,69.43303647688248
Wanaparthy,2023-10-26 02:00:00,20.5,59.0,20.537691707056926,66.97108391194911
Wanaparthy,2023-10-27 02:30:00,19.7,49.0,20.25867042408328,65.00109369419854
Wanaparthy,2023-10-28 02:00:00,20.8,64.0,19.7504228483656,68.29000417253194
Wanaparthy,2023-10-29 02:45:00,24.4,74.0,21.001277610276016,65.53401421513867
Wanaparthy,2023-10-30 02:00:00,22.9,85.0,23.580315823319097,74.6917196259979
Warangal,2023-10-15 02:30:00,23.5,72.0,23.448072177287386,78.624468010313
Warangal,2023-10-16 02:30:00,23.1,73.0,23.573833973036237,73.52946425112452
Warangal,2023-10-17 02:30:00,23.4,78.0,23.13467902555475,73.20151952841505
Warangal,2023-10-18 02:30:00,23.0,75.0,23.27600801280009,78.93072557067899
Warangal,2023-10-19 02:30:00,22.9,70.0,23.17403405132483,75.65407725385731
Warangal,2023-10-20 02:30:00,22.7,80.0,22.924174003920147,72.33851655749334
Warangal,2023-10-21 02:30:00,22.3,79.0,22.60967231707262,79.896502040716
Warangal,2023-10-22 02:30:00,20.8,71.0,22.02518160933991,78.96918470560614
Warangal,2023-10-23 02:15:00,19.8,63.0,20.89818592908605,72.38467891532268
Warangal,2023-10-24 02:15:00,19.0,68.0,19.80745063996011,66.93431465666723
Warangal,2023-10-25 02:30:00,19.2,66.0,19.193569731858002,69.71544177617382
Warangal,2023-10-26 02:00:00,19.4,67.0,19.13190302824234,68.84174021345758
Warangal,2023-10-27 02:30:00,18.5,57.0,19.037831793476215,69.08761430631112
Warangal,2023-10-28 02:00:00,20.5,55.0,18.51523533994857,67.16988873331229
Warangal,2023-10-29 02:45:00,21.2,66.0,20.441537431025893,67.4386034606499
Warangal,2023-10-30 02:00:00,20.7,65.0,21.26169013652059,69.69066208382883
Wardha,2023-10-15 02:30:00,23.0,89.0,23.634748189370775,83.34350149029586
Wardha,2023-10-16 02:30:00,24.0,83.0,22.80126051519071,93.18452353662083
Wardha,2023-10-17 02:30:00,24.0,89.0,23.76384205281836,81.10699542893981
Wardha,2023-10-18 02:30:00,25.0,79.0,23.909580393010714,91.91217694230943
Wardha,2023-10-19 02:30:00,26.0,84.0,24.398135165114823,90.19706146242866
Wardha,2023-10-20 02:30:00,25.0,79.0,25.647964895301843,85.41709798663551
Wardha,2023-10-21 02:15:00,23.0,83.0,24.361459582334316,81.96344693606387
Wardha,2023-10-22 02:30:00,22.0,83.0,23.165677267008807,83.74717140203305
Wardha,2023-10-23 02:15:00,22.0,78.0,22.394373218827837,82.46321520315271
Wardha,2023-10-24 02:15:00,21.0,78.0,21.895509514159244,81.60983853558322
Wardha,2023-10-25 02:15:00,21.0,78.0,21.011262944376774,82.21046390739515
Wardha,2023-10-26 02:00:00,20.0,83.0,20.774184833479573,81.81068197327205
Wardha,2023-10-27 02:15:00,20.0,83.0,20.45505297628681,83.50103751375366
Wardha,2023-10-28 02:00:00,20.1,53.0,19.877464495611065,78.07930867147641
Wardha,2023-10-29 02:45:00,19.0,83.0,19.564683188877964,81.35019587290093
Wardha,2023-10-30 02:00:00,20.0,78.0,19.240843592726286,80.34667753001777
Washim,2023-10-15 02:30:00,23.0,59.0,23.307016332633598,61.15348959482538
Washim,2023-10-16 02:30:00,23.4,62.0,23.153438501902098,59.67417034926612
Washim,2023-10-17 02:30:00,22.7,64.0,23.4442258569674,61.73619160979149
Washim,2023-10-18 02:30:00,22.8,67.0,22.96670349678012,61.53535286788295
Washim,2023-10-19 02:15:00,23.0,61.0,22.802797052462505,64.54167130603805
Washim,2023-10-20 02:30:00,21.6,74.0,23.073537404250825,60.278782825666035
Washim,2023-10-21 02:15:00,21.8,78.0,21.639015880331872,72.48321451333301
Washim,2023-10-22 02:30:00,21.1,58.0,21.98686977780065,77.36888149556482
Washim,2023-10-23 02:15:00,20.1,61.0,21.08528464384616,66.88182198475984
Washim,2023-10-24 02:15:00,20.0,62.0,20.721014869908867,65.20812444137773
Washim,2023-10-25 02:15:00,20.0,57.0,20.279508113655602,64.5556047584094
Washim,2023-10-26 02:00:00,19.5,46.0,20.314824303831013,62.91947952567877
Washim,2023-10-27 02:15:00,19.0,52.0,19.197872141371445,68.10751583509956
Washim,2023-10-28 02:00:00,19.5,55.0,19.076203990057493,64.20376376850558
Washim,2023-10-29 02:45:00,19.2,51.0,19.422195321025495,63.95746193902623
Washim,2023-10-30 02:00:00,19.5,58.0,19.03404128793035,65.0249643508982
West Godavari,2023-10-15 02:30:00,24.0,84.0,23.72412318751018,85.8327935947816
West Godavari,2023-10-16 02:30:00,23.9,88.0,24.149591614703496,86.86347223254612
West Godavari,2023-10-17 02:15:00,24.2,84.0,23.64686495525157,86.5172800156265
West Godavari,2023-10-18 02:30:00,23.6,84.0,23.99979975306674,84.86248242440193
West Godavari,2023-10-19 02:15:00,24.7,83.0,23.769800372282006,84.66570711825965
West Godavari,2023-10-20 02:30:00,23.6,88.0,24.65413818611159,85.39653970967385
West Godavari,2023-10-21 02:15:00,23.7,88.0,24.010427384211795,83.63073357444394
West Godavari,2023-10-22 02:15:00,23.5,88.0,23.467580067565407,82.92967082328045
West Godavari,2023-10-23 02:00:00,21.9,72.0,23.19956584374904,83.09238781889296
West Godavari,2023-10-24 02:15:00,23.3,67.0,22.667885502507016,74.63772623223537
West Godavari,2023-10-25 02:15:00,22.1,67.0,23.21649747602545,70.47412848944211
West Godavari,2023-10-26 02:00:00,23.1,79.0,22.62225758891186,70.12883402348318
West Godavari,2023-10-27 02:15:00,23.2,87.0,22.893846218908692,78.59604161144215
West Godavari,2023-10-28 02:00:00,23.0,92.0,22.9964669168645,87.6949376860891
West Godavari,2023-10-29 02:30:00,24.0,88.0,23.032168189297547,89.48534847048171
West Godavari,2023-10-30 01:45:00,23.3,90.0,23.784553070552093,86.72592673624716
Wokha,2023-10-15 02:30:00,23.7,95.0,23.943350567098694,97.30918553106176
Wokha,2023-10-16 02:30:00,14.0,98.0,23.211452626499646,98.24752242386803
Wokha,2023-10-17 02:15:00,23.5,96.0,14.728298568996593,96.62940949550385
Wokha,2023-10-18 02:30:00,19.4,96.0,21.778149412440406,96.36167107485038
Wokha,2023-10-19 02:15:00,12.5,98.0,20.08142833536707,97.78179320628456
Wokha,2023-10-20 02:30:00,23.0,97.0,12.548332744998728,96.36971681260138
Wokha,2023-10-21 02:15:00,22.4,97.0,21.167575272837183,96.11142273720631
Wokha,2023-10-22 02:15:00,22.6,94.0,22.032142592554813,91.95135907395189
Wokha,2023-10-23 02:15:00,22.9,96.0,21.961681827466652,96.58191815956798
Wokha,2023-10-24 02:15:00,24.3,92.0,22.332976027314825,93.94073676419985
Wokha,2023-10-25 02:15:00,23.7,88.0,23.802348965318043,93.18840966339856
Wokha,2023-10-26 02:00:00,23.3,99.0,23.081633615856234,92.46509416796451
Wokha,2023-10-27 02:15:00,21.4,99.0,22.926185992161507,97.72378070289213
Wokha,2023-10-28 02:00:00,22.1,98.0,21.42166053512038,98.69202867544256
Wokha,2023-10-29 02:30:00,22.1,97.0,21.668198119397573,96.35354336172315
Wokha,2023-10-30 01:45:00,23.3,98.0,21.587962361437228,98.74761238089354
Yadgir,2023-10-15 02:30:00,25.6,59.0,24.877474303850395,62.63978039183853
Yadgir,2023-10-16 02:30:00,25.5,61.0,25.40761885491892,61.111990218529236
Yadgir,2023-10-17 02:30:00,25.1,64.0,25.100301792200348,61.038439771077904
Yadgir,2023-10-18 02:30:00,24.3,69.0,24.808568038963717,61.43071282730534
Yadgir,2023-10-19 02:15:00,23.8,65.0,24.39106059816431,68.47077537947345
Yadgir,2023-10-20 02:30:00,23.7,69.0,23.883554185547727,61.3135693640906
Yadgir,2023-10-21 02:15:00,24.2,67.0,23.541423832976935,68.0426859638806
Yadgir,2023-10-22 02:15:00,24.8,61.0,23.8801365281721,65.30736441745364
Yadgir,2023-10-23 02:15:00,22.7,50.0,24.371435987658757,59.947740019051814
Yadgir,2023-10-24 02:15:00,21.4,61.0,22.752679776541704,64.84577292932559
Yadgir,2023-10-25 02:15:00,21.6,52.0,21.863078774675305,65.70416782087486
Yadgir,2023-10-26 02:00:00,21.3,53.0,21.563646108629726,64.60546076941634
Yadgir,2023-10-27 02:15:00,20.8,51.0,21.067211851960085,64.24746003480523
Yadgir,2023-10-28 02:00:00,20.8,51.0,20.86275445071233,64.77516702966889
Yadgir,2023-10-29 02:45:00,23.3,58.0,21.18764226265591,65.12512923886193
Yadgir,2023-10-30 02:00:00,23.4,81.0,23.30340886434353,64.96031825012055
Yamunanagar,2023-10-15 02:30:00,21.4,55.0,20.58713446887787,60.90596789280053
Yamunanagar,2023-10-16 02:30:00,21.2,56.0,21.12757341118282,58.785541355337735
Yamunanagar,2023-10-17 02:15:00,17.0,81.0,20.840568307302828,67.23398422837164
Yamunanagar,2023-10-18 02:30:00,18.7,61.0,17.558336000327433,67.66587631933825
Yamunanagar,2023-10-19 02:15:00,17.5,57.0,18.413662762744575,61.37714983526882
Yamunanagar,2023-10-20 02:30:00,18.1,57.0,16.813315790867936,58.960737321172864
Yamunanagar,2023-10-21 02:15:00,18.2,56.0,17.392836136508958,60.767435761181574
Yamunanagar,2023-10-22 02:15:00,18.6,55.0,17.1122912879643,65.15916246680622
Yamunanagar,2023-10-23 02:15:00,18.8,56.0,17.840636818471978,61.85587001222169
Yamunanagar,2023-10-24 02:15:00,18.6,54.0,18.40508227336298,62.60829302587494
Yamunanagar,2023-10-25 02:15:00,19.2,52.0,18.480694678949945,59.79967469076728
Yamunanagar,2023-10-26 02:00:00,19.1,45.0,18.53983898846848,58.56009207998346
Yamunanagar,2023-10-27 02:15:00,18.5,52.0,18.335506559900185,53.502489150131254
Yamunanagar,2023-10-28 02:00:00,19.1,48.0,18.17009698635114,62.15512015774067
Yamunanagar,2023-10-29 02:30:00,19.1,51.0,18.49085859953169,59.15223072351517
Yamunanagar,2023-10-30 01:45:00,19.1,53.0,18.52294848949591,58.92704845575993
Yanam,2023-10-15 02:30:00,24.6,84.0,24.50965814822111,83.4722295769004
Yanam,2023-10-16 02:30:00,24.2,80.0,24.195118757724806,83.46538128179779
Yanam,2023-10-17 02:15:00,25.9,73.0,24.16839377180803,82.54614044348929
Yanam,2023-10-18 02:30:00,24.3,79.0,25.135116725497806,75.10700130213486
Yanam,2023-10-19 02:15:00,23.4,92.0,24.466640203903562,84.50430463144741
Yanam,2023-10-20 02:30:00,24.1,90.0,23.48611730478122,90.7361325508008
Yanam,2023-10-21 02:15:00,24.3,87.0,23.717249367820326,84.28240809061056
Yanam,2023-10-22 02:15:00,24.3,82.0,24.193191052625217,86.43362701858635
Yanam,2023-10-23 02:15:00,23.1,85.0,24.164563959609875,81.87422496134805
Yanam,2023-10-24 02:15:00,25.4,76.0,23.314927990097335,87.40481332917356
Yanam,2023-10-25 02:15:00,24.4,80.0,24.637735153022795,82.62187851578787
Yanam,2023-10-26 02:00:00,24.5,83.0,24.749991981232306,81.09385936234375
Yanam,2023-10-27 02:15:00,24.0,84.0,24.15867639604549,85.46198449537602
Yanam,2023-10-28 02:00:00,23.7,92.0,23.91100621812971,85.83910169663027
Yanam,2023-10-29 02:30:00,24.9,83.0,23.482409381665068,89.62149210636107
Yanam,2023-10-30 01:45:00,24.1,78.0,24.248052500727493,80.3095831435564
Yavatmal,2023-10-15 02:30:00,25.4,50.0,25.464386127075702,59.347866031182775
Yavatmal,2023-10-16 02:30:00,26.0,52.0,25.12483358893202,62.392318211783554
Yavatmal,2023-10-17 02:30:00,24.0,61.0,25.799059521709506,60.74660863962863
Yavatmal,2023-10-18 02:30:00,23.6,69.0,24.39709413951648,61.67494000993276
Yavatmal,2023-10-19 02:30:00,25.3,59.0,23.699853874918322,65.85895681862158
Yavatmal,2023-10-20 02:30:00,22.8,81.0,24.585149108657113,60.31181543637585
Yavatmal,2023-10-21 02:15:00,22.5,71.0,23.25332060214691,76.89929813791343
Yavatmal,2023-10-22 02:30:00,22.2,62.0,22.35967552281311,71.09685245456625
Yavatmal,2023-10-23 02:15:00,21.3,60.0,22.167309456544885,62.36860110765563
Yavatmal,2023-10-24 02:15:00,20.7,59.0,21.253426176382987,65.37506669896233
Yavatmal,2023-10-25 02:15:00,20.4,58.0,20.933834014124454,63.1822910036531
Yavatmal,2023-10-26 02:00:00,20.5,52.0,20.633570294269344,63.43764559126411
Yavatmal,2023-10-27 02:15:00,20.4,48.0,20.52502899084863,64.61963521779738
Yavatmal,2023-10-28 02:00:00,20.2,56.0,20.67786588914525,66.78487066063187
Yavatmal,2023-10-29 02:45:00,20.1,56.0,20.6233280555049,65.56230766811379
Yavatmal,2023-10-30 02:00:00,20.1,63.0,20.370517521618115,65.00051095745678
Zunheboto,2023-10-15 02:30:00,15.1,96.0,14.103221978837698,97.48213509080857
Zunheboto,2023-10-16 02:30:00,11.8,98.0,14.113764620558634,94.80823400642834
Zunheboto,2023-10-17 02:15:00,12.0,98.0,11.117978283105357,99.06081727448071
Zunheboto,2023-10-18 02:30:00,13.8,94.0,11.1951011303706,95.48348388157142
Zunheboto,2023-10-19 02:15:00,10.6,98.0,12.306904002026846,98.07643582576065
Zunheboto,2023-10-20 02:30:00,10.3,97.0,9.963549869930823,96.52862528112618
Zunheboto,2023-10-21 02:15:00,10.9,95.0,8.827250222607393,96.75104104954353
Zunheboto,2023-10-22 02:15:00,10.6,91.0,9.959240222031974,90.68232460853625
Zunheboto,2023-10-23 02:15:00,11.3,95.0,9.531661098201619,94.01347940615146
Zunheboto,2023-10-24 02:15:00,14.9,81.0,10.404547086781285,94.49280230464971
Zunheboto,2023-10-25 02:15:00,12.0,98.0,13.365330615717836,96.05643436531572
Zunheboto,2023-10-26 02:00:00,12.7,100.0,11.487843788977562,99.41696033378686
Zunheboto,2023-10-27 02:15:00,10.5,99.0,12.230557414536785,99.37419081064802
Zunheboto,2023-10-28 02:00:00,10.4,98.0,9.927818432621377,99.35355774417269
Zunheboto,2023-10-29 02:30:00,11.5,97.0,8.843600007571549,97.04774367403297
Zunheboto,2023-10-30 01:45:00,10.7,98.0,10.036595004217906,99.42605364076432
