city,datetime,target,y_true,y_pred,order_p,order_d,order_q,aic
Adilabad,2023-10-15 02:30:00,temp,22.9,22.56504821050827,1,1,1,113.28525177898027
Adilabad,2023-10-16 02:30:00,temp,23.1,22.78456742338186,1,1,1,113.28525177898027
Adilabad,2023-10-17 02:30:00,temp,22.2,22.91571828453506,1,1,1,113.28525177898027
Adilabad,2023-10-18 02:30:00,temp,22.3,22.43448501469307,1,1,1,113.28525177898027
Adilabad,2023-10-19 02:30:00,temp,21.9,22.459810564905144,1,1,1,113.28525177898027
Adilabad,2023-10-20 02:30:00,temp,21.4,22.214795759286154,1,1,1,113.28525177898027
Adilabad,2023-10-21 02:30:00,temp,21.2,21.877657452770734,1,1,1,113.28525177898027
Adilabad,2023-10-22 02:30:00,temp,20.2,21.67452801562156,1,1,1,113.28525177898027
Adilabad,2023-10-23 02:15:00,temp,19.3,20.920685270736666,1,1,1,113.28525177898027
Adilabad,2023-10-24 02:15:00,temp,18.5,20.03061522472681,1,1,1,113.28525177898027
Adilabad,2023-10-25 02:30:00,temp,18.8,19.06718880175497,1,1,1,113.28525177898027
Adilabad,2023-10-26 02:00:00,temp,18.9,19.116452756025343,1,1,1,113.28525177898027
Adilabad,2023-10-27 02:30:00,temp,18.3,19.068388387393544,1,1,1,113.28525177898027
Adilabad,2023-10-28 02:00:00,temp,18.8,18.480077647408475,1,1,1,113.28525177898027
Adilabad,2023-10-29 02:45:00,temp,18.2,18.808898785915982,1,1,1,113.28525177898027
Adilabad,2023-10-30 02:00:00,temp,18.6,18.329432061277238,1,1,1,113.28525177898027
Agar,2023-10-15 02:30:00,temp,23.0,23.5,0,1,0,104.6561253124776
Agar,2023-10-16 02:30:00,temp,22.8,23.0,0,1,0,104.6561253124776
Agar,2023-10-17 02:30:00,temp,22.0,22.8,0,1,0,104.6561253124776
Agar,2023-10-18 02:30:00,temp,21.5,22.0,0,1,0,104.6561253124776
Agar,2023-10-19 02:30:00,temp,22.2,21.5,0,1,0,104.6561253124776
Agar,2023-10-20 02:30:00,temp,21.7,22.2,0,1,0,104.6561253124776
Agar,2023-10-21 02:30:00,temp,22.8,21.7,0,1,0,104.6561253124776
Agar,2023-10-22 02:30:00,temp,21.9,22.8,0,1,0,104.6561253124776
Agar,2023-10-23 02:15:00,temp,21.6,21.9,0,1,0,104.6561253124776
Agar,2023-10-24 02:15:00,temp,22.0,21.6,0,1,0,104.6561253124776
Agar,2023-10-25 02:30:00,temp,20.4,22.0,0,1,0,104.6561253124776
Agar,2023-10-26 02:00:00,temp,20.5,20.4,0,1,0,104.6561253124776
Agar,2023-10-27 02:30:00,temp,20.2,20.5,0,1,0,104.6561253124776
Agar,2023-10-28 02:00:00,temp,20.3,20.2,0,1,0,104.6561253124776
Agar,2023-10-29 02:45:00,temp,20.7,20.3,0,1,0,104.6561253124776
Agar,2023-10-30 02:00:00,temp,21.0,20.7,0,1,0,104.6561253124776
Agra,2023-10-15 02:30:00,temp,28.3,26.864484542740275,2,0,2,148.43815549023688
Agra,2023-10-16 02:30:00,temp,27.7,27.82565614927549,2,0,2,148.43815549023688
Agra,2023-10-17 02:30:00,temp,21.5,28.378287149319892,2,0,2,148.43815549023688
Agra,2023-10-18 02:30:00,temp,23.8,23.409727839409797,2,0,2,148.43815549023688
Agra,2023-10-19 02:30:00,temp,23.5,24.731200432587876,2,0,2,148.43815549023688
Agra,2023-10-20 02:30:00,temp,23.3,26.528696978743373,2,0,2,148.43815549023688
Agra,2023-10-21 02:15:00,temp,23.3,27.958972616747968,2,0,2,148.43815549023688
Agra,2023-10-22 02:30:00,temp,23.2,24.791224924825297,2,0,2,148.43815549023688
Agra,2023-10-23 02:15:00,temp,23.6,24.670104736411197,2,0,2,148.43815549023688
Agra,2023-10-24 02:15:00,temp,23.5,24.84998380893527,2,0,2,148.43815549023688
Agra,2023-10-25 02:30:00,temp,22.7,24.62004366442319,2,0,2,148.43815549023688
Agra,2023-10-26 02:00:00,temp,23.2,23.585801364188104,2,0,2,148.43815549023688
Agra,2023-10-27 02:15:00,temp,23.0,23.932073251651502,2,0,2,148.43815549023688
Agra,2023-10-28 02:00:00,temp,22.3,23.633006435202397,2,0,2,148.43815549023688
Agra,2023-10-29 02:45:00,temp,23.8,22.997440242904624,2,0,2,148.43815549023688
Agra,2023-10-30 02:00:00,temp,24.0,24.178391885840615,2,0,2,148.43815549023688
Ahmadnagar,2023-10-15 02:30:00,temp,24.9,23.06618793361926,2,0,2,118.09932074895308
Ahmadnagar,2023-10-16 02:30:00,temp,23.4,23.499107010187853,2,0,2,118.09932074895308
Ahmadnagar,2023-10-17 02:30:00,temp,23.9,22.52115706831468,2,0,2,118.09932074895308
Ahmadnagar,2023-10-18 02:30:00,temp,25.2,22.767304748686925,2,0,2,118.09932074895308
Ahmadnagar,2023-10-19 02:30:00,temp,23.5,24.150524989247007,2,0,2,118.09932074895308
Ahmadnagar,2023-10-20 02:30:00,temp,24.9,23.181283956120822,2,0,2,118.09932074895308
Ahmadnagar,2023-10-21 02:15:00,temp,23.3,23.973606825793507,2,0,2,118.09932074895308
Ahmadnagar,2023-10-22 02:30:00,temp,23.4,23.398302930936918,2,0,2,118.09932074895308
Ahmadnagar,2023-10-23 02:15:00,temp,22.5,23.085895035163272,2,0,2,118.09932074895308
Ahmadnagar,2023-10-24 02:15:00,temp,23.4,22.641554972070818,2,0,2,118.09932074895308
Ahmadnagar,2023-10-25 02:15:00,temp,22.3,23.002113349225173,2,0,2,118.09932074895308
Ahmadnagar,2023-10-26 02:00:00,temp,21.2,22.781722674443444,2,0,2,118.09932074895308
Ahmadnagar,2023-10-27 02:15:00,temp,20.5,21.574460954778427,2,0,2,118.09932074895308
Ahmadnagar,2023-10-28 02:00:00,temp,20.4,20.908343126579446,2,0,2,118.09932074895308
Ahmadnagar,2023-10-29 02:45:00,temp,20.2,20.98979599759899,2,0,2,118.09932074895308
Ahmadnagar,2023-10-30 02:00:00,temp,20.7,20.949227800904247,2,0,2,118.09932074895308
Aizawl,2023-10-15 02:30:00,temp,17.3,20.778579291484427,2,1,2,126.32034641867166
Aizawl,2023-10-16 02:30:00,temp,18.6,18.34278635583395,2,1,2,126.32034641867166
Aizawl,2023-10-17 02:15:00,temp,19.0,18.08816995854398,2,1,2,126.32034641867166
Aizawl,2023-10-18 02:30:00,temp,19.5,18.427049618384547,2,1,2,126.32034641867166
Aizawl,2023-10-19 02:15:00,temp,19.1,20.50585710721889,2,1,2,126.32034641867166
Aizawl,2023-10-20 02:30:00,temp,19.1,18.286431156279207,2,1,2,126.32034641867166
Aizawl,2023-10-21 02:15:00,temp,19.1,19.102051231317446,2,1,2,126.32034641867166
Aizawl,2023-10-22 02:15:00,temp,20.2,19.828059126424435,2,1,2,126.32034641867166
Aizawl,2023-10-23 02:15:00,temp,21.6,19.252798773958343,2,1,2,126.32034641867166
Aizawl,2023-10-24 02:15:00,temp,20.6,21.792820759447928,2,1,2,126.32034641867166
Aizawl,2023-10-25 02:15:00,temp,21.9,21.231753210907428,2,1,2,126.32034641867166
Aizawl,2023-10-26 02:00:00,temp,20.8,21.033868772641092,2,1,2,126.32034641867166
Aizawl,2023-10-27 02:15:00,temp,19.8,21.251123486670647,2,1,2,126.32034641867166
Aizawl,2023-10-28 02:00:00,temp,18.8,20.266247993620123,2,1,2,126.32034641867166
Aizawl,2023-10-29 02:30:00,temp,18.5,19.26807475376849,2,1,2,126.32034641867166
Aizawl,2023-10-30 01:45:00,temp,18.6,19.269057014943368,2,1,2,126.32034641867166
Ajmer,2023-10-15 02:30:00,temp,25.6,25.961475169052168,2,0,2,153.24933093307592
Ajmer,2023-10-16 02:30:00,temp,24.3,25.06073778091377,2,0,2,153.24933093307592
Ajmer,2023-10-17 02:30:00,temp,22.5,24.303313329148192,2,0,2,153.24933093307592
Ajmer,2023-10-18 02:30:00,temp,22.2,23.929067055120093,2,0,2,153.24933093307592
Ajmer,2023-10-19 02:30:00,temp,22.7,23.75381320615234,2,0,2,153.24933093307592
Ajmer,2023-10-20 02:30:00,temp,22.7,23.951395396101404,2,0,2,153.24933093307592
Ajmer,2023-10-21 02:15:00,temp,23.1,24.36954394434411,2,0,2,153.24933093307592
Ajmer,2023-10-22 02:30:00,temp,23.9,24.373792212537605,2,0,2,153.24933093307592
Ajmer,2023-10-23 02:15:00,temp,24.1,24.413427646294576,2,0,2,153.24933093307592
Ajmer,2023-10-24 02:15:00,temp,21.7,24.595834823452407,2,0,2,153.24933093307592
Ajmer,2023-10-25 02:30:00,temp,22.0,23.808057886176673,2,0,2,153.24933093307592
Ajmer,2023-10-26 02:00:00,temp,22.7,22.635939974686593,2,0,2,153.24933093307592
Ajmer,2023-10-27 02:15:00,temp,21.8,22.982344013983603,2,0,2,153.24933093307592
Ajmer,2023-10-28 02:00:00,temp,23.1,23.740097129588804,2,0,2,153.24933093307592
Ajmer,2023-10-29 02:45:00,temp,23.6,24.26059330902256,2,0,2,153.24933093307592
Ajmer,2023-10-30 02:00:00,temp,23.5,24.35920790777998,2,0,2,153.24933093307592
Akola,2023-10-15 02:30:00,temp,25.9,24.946580914409058,2,0,1,121.8919444255925
Akola,2023-10-16 02:30:00,temp,24.2,25.196989693223454,2,0,1,121.8919444255925
Akola,2023-10-17 02:30:00,temp,24.3,23.649452145870494,2,0,1,121.8919444255925
Akola,2023-10-18 02:30:00,temp,23.5,23.82667841725448,2,0,1,121.8919444255925
Akola,2023-10-19 02:30:00,temp,24.4,23.206927181096656,2,0,1,121.8919444255925
Akola,2023-10-20 02:30:00,temp,23.7,24.074806301085573,2,0,1,121.8919444255925
Akola,2023-10-21 02:15:00,temp,24.5,23.53503005146108,2,0,1,121.8919444255925
Akola,2023-10-22 02:30:00,temp,23.7,24.2387432109342,2,0,1,121.8919444255925
Akola,2023-10-23 02:15:00,temp,21.5,24.131988431944798,2,0,1,121.8919444255925
Akola,2023-10-24 02:15:00,temp,21.5,21.95682941872349,2,0,1,121.8919444255925
Akola,2023-10-25 02:15:00,temp,21.2,22.210494692452343,2,0,1,121.8919444255925
Akola,2023-10-26 02:00:00,temp,20.4,22.179665696676327,2,0,1,121.8919444255925
Akola,2023-10-27 02:15:00,temp,20.5,21.62690352888565,2,0,1,121.8919444255925
Akola,2023-10-28 02:00:00,temp,20.5,21.84495297688901,2,0,1,121.8919444255925
Akola,2023-10-29 02:45:00,temp,20.3,21.81930496371246,2,0,1,121.8919444255925
Akola,2023-10-30 02:00:00,temp,20.8,21.45843216941241,2,0,1,121.8919444255925
Alappuzha,2023-10-15 02:30:00,temp,26.0,25.532442082633217,1,0,0,78.55272882572028
Alappuzha,2023-10-16 02:30:00,temp,25.6,25.714036157031096,1,0,0,78.55272882572028
Alappuzha,2023-10-17 02:30:00,temp,25.8,25.61529915609982,1,0,0,78.55272882572028
Alappuzha,2023-10-18 02:30:00,temp,26.0,25.66667523765779,1,0,0,78.55272882572028
Alappuzha,2023-10-19 02:15:00,temp,26.2,25.722692374228313,1,0,0,78.55272882572028
Alappuzha,2023-10-20 02:30:00,temp,26.1,25.787838142610063,1,0,0,78.55272882572028
Alappuzha,2023-10-21 02:15:00,temp,26.7,25.774012802297126,1,0,0,78.55272882572028
Alappuzha,2023-10-22 02:15:00,temp,25.3,25.981219441383065,1,0,0,78.55272882572028
Alappuzha,2023-10-23 02:15:00,temp,25.1,25.571674482091268,1,0,0,78.55272882572028
Alappuzha,2023-10-24 02:15:00,temp,25.5,25.507166153101533,1,0,0,78.55272882572028
Alappuzha,2023-10-25 02:15:00,temp,25.6,25.611506029804424,1,0,0,78.55272882572028
Alappuzha,2023-10-26 02:00:00,temp,25.9,25.637451772144793,1,0,0,78.55272882572028
Alappuzha,2023-10-27 02:15:00,temp,26.0,25.72038732215557,1,0,0,78.55272882572028
Alappuzha,2023-10-28 02:00:00,temp,25.8,25.752803388740922,1,0,0,78.55272882572028
Alappuzha,2023-10-29 02:30:00,temp,26.0,25.70064377596529,1,0,0,78.55272882572028
Alappuzha,2023-10-30 01:45:00,temp,26.1,25.759805313885284,1,0,0,78.55272882572028
Aligarh,2023-10-15 02:30:00,temp,26.2,25.48077996698994,2,1,1,149.4402763423394
Aligarh,2023-10-16 02:30:00,temp,25.1,26.598757957188074,2,1,1,149.4402763423394
Aligarh,2023-10-17 02:30:00,temp,21.3,25.147773962917753,2,1,1,149.4402763423394
Aligarh,2023-10-18 02:30:00,temp,22.1,21.89340639887824,2,1,1,149.4402763423394
Aligarh,2023-10-19 02:30:00,temp,21.9,23.888727554261624,2,1,1,149.4402763423394
Aligarh,2023-10-20 02:30:00,temp,21.7,22.98275903742332,2,1,1,149.4402763423394
Aligarh,2023-10-21 02:15:00,temp,22.3,22.582647416029673,2,1,1,149.4402763423394
Aligarh,2023-10-22 02:30:00,temp,21.6,23.054434097882854,2,1,1,149.4402763423394
Aligarh,2023-10-23 02:15:00,temp,22.6,21.986347470919892,2,1,1,149.4402763423394
Aligarh,2023-10-24 02:15:00,temp,22.3,23.097266345390622,2,1,1,149.4402763423394
Aligarh,2023-10-25 02:30:00,temp,21.8,22.43451592716992,2,1,1,149.4402763423394
Aligarh,2023-10-26 02:00:00,temp,22.2,21.970965002701448,2,1,1,149.4402763423394
Aligarh,2023-10-27 02:30:00,temp,22.0,22.448698299735412,2,1,1,149.4402763423394
Aligarh,2023-10-28 02:00:00,temp,21.7,22.101049670838187,2,1,1,149.4402763423394
Aligarh,2023-10-29 02:45:00,temp,22.3,21.836516296905895,2,1,1,149.4402763423394
Aligarh,2023-10-30 02:00:00,temp,22.7,22.457571416211106,2,1,1,149.4402763423394
Alirajpur,2023-10-15 02:30:00,temp,24.9,24.967713822335718,2,0,1,86.157859835179
Alirajpur,2023-10-16 02:30:00,temp,24.7,24.48083245026252,2,0,1,86.157859835179
Alirajpur,2023-10-17 02:15:00,temp,24.2,24.21379773928642,2,0,1,86.157859835179
Alirajpur,2023-10-18 02:15:00,temp,23.9,23.769149665079087,2,0,1,86.157859835179
Alirajpur,2023-10-19 02:15:00,temp,24.3,23.54600759020525,2,0,1,86.157859835179
Alirajpur,2023-10-20 02:15:00,temp,24.7,23.873307180282666,2,0,1,86.157859835179
Alirajpur,2023-10-21 02:00:00,temp,25.2,24.151490620765763,2,0,1,86.157859835179
Alirajpur,2023-10-22 02:15:00,temp,24.7,24.892282971784343,2,0,1,86.157859835179
Alirajpur,2023-10-23 02:00:00,temp,24.9,24.29909269229269,2,0,1,86.157859835179
Alirajpur,2023-10-24 02:15:00,temp,24.5,24.5035529444292,2,0,1,86.157859835179
Alirajpur,2023-10-25 02:15:00,temp,23.9,23.886560964982213,2,0,1,86.157859835179
Alirajpur,2023-10-26 02:00:00,temp,22.8,23.428935063971142,2,0,1,86.157859835179
Alirajpur,2023-10-27 02:15:00,temp,22.8,22.598413010141286,2,0,1,86.157859835179
Alirajpur,2023-10-28 02:00:00,temp,22.6,22.760939395201746,2,0,1,86.157859835179
Alirajpur,2023-10-29 02:30:00,temp,22.2,22.73783821147339,2,0,1,86.157859835179
Alirajpur,2023-10-30 01:45:00,temp,22.9,22.560662226468438,2,0,1,86.157859835179
Allahabad,2023-10-15 02:30:00,temp,24.8,24.0,0,1,0,137.4384181638665
Allahabad,2023-10-16 02:30:00,temp,26.1,24.8,0,1,0,137.4384181638665
Allahabad,2023-10-17 02:30:00,temp,21.5,26.1,0,1,0,137.4384181638665
Allahabad,2023-10-18 02:30:00,temp,22.7,21.5,0,1,0,137.4384181638665
Allahabad,2023-10-19 02:30:00,temp,22.2,22.7,0,1,0,137.4384181638665
Allahabad,2023-10-20 02:30:00,temp,21.9,22.2,0,1,0,137.4384181638665
Allahabad,2023-10-21 02:15:00,temp,21.5,21.9,0,1,0,137.4384181638665
Allahabad,2023-10-22 02:30:00,temp,20.3,21.5,0,1,0,137.4384181638665
Allahabad,2023-10-23 02:15:00,temp,20.7,20.3,0,1,0,137.4384181638665
Allahabad,2023-10-24 02:15:00,temp,21.2,20.7,0,1,0,137.4384181638665
Allahabad,2023-10-25 02:30:00,temp,21.4,21.2,0,1,0,137.4384181638665
Allahabad,2023-10-26 02:00:00,temp,22.0,21.4,0,1,0,137.4384181638665
Allahabad,2023-10-27 02:30:00,temp,21.3,22.0,0,1,0,137.4384181638665
Allahabad,2023-10-28 02:00:00,temp,20.9,21.3,0,1,0,137.4384181638665
Allahabad,2023-10-29 02:45:00,temp,21.4,20.9,0,1,0,137.4384181638665
Allahabad,2023-10-30 02:00:00,temp,21.6,21.4,0,1,0,137.4384181638665
Almora,2023-10-15 02:30:00,temp,16.6,15.7,0,1,0,104.82147687871984
Almora,2023-10-16 02:30:00,temp,15.4,16.6,0,1,0,104.82147687871984
Almora,2023-10-17 02:30:00,temp,14.6,15.399999999999999,0,1,0,104.82147687871984
Almora,2023-10-18 02:30:00,temp,13.9,14.6,0,1,0,104.82147687871984
Almora,2023-10-19 02:15:00,temp,13.3,13.9,0,1,0,104.82147687871984
Almora,2023-10-20 02:30:00,temp,13.2,13.3,0,1,0,104.82147687871984
Almora,2023-10-21 02:15:00,temp,13.3,13.2,0,1,0,104.82147687871984
Almora,2023-10-22 02:15:00,temp,13.9,13.3,0,1,0,104.82147687871984
Almora,2023-10-23 02:15:00,temp,13.4,13.9,0,1,0,104.82147687871984
Almora,2023-10-24 02:15:00,temp,13.4,13.4,0,1,0,104.82147687871984
Almora,2023-10-25 02:15:00,temp,14.2,13.4,0,1,0,104.82147687871984
Almora,2023-10-26 02:00:00,temp,14.5,14.2,0,1,0,104.82147687871984
Almora,2023-10-27 02:15:00,temp,14.1,14.5,0,1,0,104.82147687871984
Almora,2023-10-28 02:00:00,temp,13.7,14.1,0,1,0,104.82147687871984
Almora,2023-10-29 02:30:00,temp,13.7,13.7,0,1,0,104.82147687871984
Almora,2023-10-30 01:45:00,temp,14.0,13.7,0,1,0,104.82147687871984
Alwar,2023-10-15 02:30:00,temp,27.0,26.33250782811148,2,0,2,133.81011597174898
Alwar,2023-10-16 02:30:00,temp,25.5,27.09055162668075,2,0,2,133.81011597174898
Alwar,2023-10-17 02:30:00,temp,20.5,26.123299858056086,2,0,2,133.81011597174898
Alwar,2023-10-18 02:30:00,temp,23.2,21.812494967177933,2,0,2,133.81011597174898
Alwar,2023-10-19 02:30:00,temp,22.2,22.90218964750422,2,0,2,133.81011597174898
Alwar,2023-10-20 02:30:00,temp,22.7,25.441959839180207,2,0,2,133.81011597174898
Alwar,2023-10-21 02:30:00,temp,23.3,26.731226226892723,2,0,2,133.81011597174898
Alwar,2023-10-22 02:30:00,temp,23.2,24.377618968273524,2,0,2,133.81011597174898
Alwar,2023-10-23 02:15:00,temp,23.5,24.31688325673529,2,0,2,133.81011597174898
Alwar,2023-10-24 02:15:00,temp,22.6,24.56817533478795,2,0,2,133.81011597174898
Alwar,2023-10-25 02:30:00,temp,22.8,23.767912410104568,2,0,2,133.81011597174898
Alwar,2023-10-26 02:00:00,temp,22.3,23.577202611579324,2,0,2,133.81011597174898
Alwar,2023-10-27 02:30:00,temp,22.0,23.394909571294676,2,0,2,133.81011597174898
Alwar,2023-10-28 02:00:00,temp,22.5,22.967768086186545,2,0,2,133.81011597174898
Alwar,2023-10-29 02:45:00,temp,23.5,23.2920039253787,2,0,2,133.81011597174898
Alwar,2023-10-30 02:00:00,temp,23.7,24.276999606022436,2,0,2,133.81011597174898
Ambala,2023-10-15 02:30:00,temp,22.0,21.53105703200785,1,1,1,154.07433199336378
Ambala,2023-10-16 02:30:00,temp,21.9,22.129451214273093,1,1,1,154.07433199336378
Ambala,2023-10-17 02:15:00,temp,17.6,22.038992661077938,1,1,1,154.07433199336378
Ambala,2023-10-18 02:30:00,temp,19.5,18.87113533204385,1,1,1,154.07433199336378
Ambala,2023-10-19 02:15:00,temp,18.2,20.086274785864006,1,1,1,154.07433199336378
Ambala,2023-10-20 02:30:00,temp,18.8,18.970213793985394,1,1,1,154.07433199336378
Ambala,2023-10-21 02:15:00,temp,18.9,19.256899192497343,1,1,1,154.07433199336378
Ambala,2023-10-22 02:15:00,temp,19.4,19.23062884751978,1,1,1,154.07433199336378
Ambala,2023-10-23 02:15:00,temp,19.6,19.54026459391582,1,1,1,154.07433199336378
Ambala,2023-10-24 02:15:00,temp,19.5,19.66225727429418,1,1,1,154.07433199336378
Ambala,2023-10-25 02:15:00,temp,19.9,19.574876847894938,1,1,1,154.07433199336378
Ambala,2023-10-26 02:00:00,temp,20.0,19.857286933298404,1,1,1,154.07433199336378
Ambala,2023-10-27 02:15:00,temp,19.3,19.93970876477467,1,1,1,154.07433199336378
Ambala,2023-10-28 02:00:00,temp,19.7,19.438221222673736,1,1,1,154.07433199336378
Ambala,2023-10-29 02:30:00,temp,19.9,19.70389099510467,1,1,1,154.07433199336378
Ambala,2023-10-30 01:45:00,temp,19.9,19.848829341290966,1,1,1,154.07433199336378
Amethi,2023-10-15 02:30:00,temp,22.4,22.929631491082116,2,1,2,146.49183953392617
Amethi,2023-10-16 02:30:00,temp,22.9,23.473344074057536,2,1,2,146.49183953392617
Amethi,2023-10-17 02:30:00,temp,19.7,23.516056669378745,2,1,2,146.49183953392617
Amethi,2023-10-18 02:30:00,temp,20.1,20.109760185645108,2,1,2,146.49183953392617
Amethi,2023-10-19 02:30:00,temp,19.0,20.868763050327978,2,1,2,146.49183953392617
Amethi,2023-10-20 02:30:00,temp,18.4,19.615381977155256,2,1,2,146.49183953392617
Amethi,2023-10-21 02:15:00,temp,19.2,18.89150959144254,2,1,2,146.49183953392617
Amethi,2023-10-22 02:30:00,temp,19.6,19.654102671008754,2,1,2,146.49183953392617
Amethi,2023-10-23 02:15:00,temp,19.6,19.70511437840491,2,1,2,146.49183953392617
Amethi,2023-10-24 02:15:00,temp,19.4,19.412703307857225,2,1,2,146.49183953392617
Amethi,2023-10-25 02:30:00,temp,20.5,19.12238432551742,2,1,2,146.49183953392617
Amethi,2023-10-26 02:00:00,temp,20.4,20.21026033177084,2,1,2,146.49183953392617
Amethi,2023-10-27 02:30:00,temp,20.0,20.04157774909891,2,1,2,146.49183953392617
Amethi,2023-10-28 02:00:00,temp,20.3,19.760085563111975,2,1,2,146.49183953392617
Amethi,2023-10-29 02:45:00,temp,20.3,20.242660479264345,2,1,2,146.49183953392617
Amethi,2023-10-30 02:00:00,temp,20.0,20.317189118999757,2,1,2,146.49183953392617
Amravati,2023-10-15 02:30:00,temp,24.5,23.889743299101415,1,1,1,125.5192422086297
Amravati,2023-10-16 02:30:00,temp,24.2,24.338957785878442,1,1,1,125.5192422086297
Amravati,2023-10-17 02:30:00,temp,25.0,24.11704855233697,1,1,1,125.5192422086297
Amravati,2023-10-18 02:30:00,temp,22.9,24.720196043617413,1,1,1,125.5192422086297
Amravati,2023-10-19 02:30:00,temp,23.8,23.177066575885753,1,1,1,125.5192422086297
Amravati,2023-10-20 02:30:00,temp,22.6,23.822911460574858,1,1,1,125.5192422086297
Amravati,2023-10-21 02:15:00,temp,22.3,22.907807359560813,1,1,1,125.5192422086297
Amravati,2023-10-22 02:30:00,temp,21.5,22.268075075391177,1,1,1,125.5192422086297
Amravati,2023-10-23 02:15:00,temp,20.7,21.650868277344323,1,1,1,125.5192422086297
Amravati,2023-10-24 02:15:00,temp,20.2,20.764514440268925,1,1,1,125.5192422086297
Amravati,2023-10-25 02:15:00,temp,19.7,20.356876563783267,1,1,1,125.5192422086297
Amravati,2023-10-26 02:00:00,temp,19.4,19.690728901316053,1,1,1,125.5192422086297
Amravati,2023-10-27 02:15:00,temp,19.4,19.492916867148963,1,1,1,125.5192422086297
Amravati,2023-10-28 02:00:00,temp,19.9,19.331929855287484,1,1,1,125.5192422086297
Amravati,2023-10-29 02:45:00,temp,19.8,19.838878856559255,1,1,1,125.5192422086297
Amravati,2023-10-30 02:00:00,temp,20.0,19.838449791179332,1,1,1,125.5192422086297
Amreli,2023-10-15 02:30:00,temp,27.7,26.956030212159966,2,0,1,116.55376634595845
Amreli,2023-10-16 02:30:00,temp,25.7,26.92376689086121,2,0,1,116.55376634595845
Amreli,2023-10-17 02:15:00,temp,25.5,25.291198753255948,2,0,1,116.55376634595845
Amreli,2023-10-18 02:15:00,temp,26.6,25.12458879263675,2,0,1,116.55376634595845
Amreli,2023-10-19 02:15:00,temp,27.2,26.105456451331783,2,0,1,116.55376634595845
Amreli,2023-10-20 02:30:00,temp,26.0,26.45379890422763,2,0,1,116.55376634595845
Amreli,2023-10-21 02:15:00,temp,26.4,25.44251958790167,2,0,1,116.55376634595845
Amreli,2023-10-22 02:15:00,temp,26.7,25.984814932118436,2,0,1,116.55376634595845
Amreli,2023-10-23 02:00:00,temp,27.1,26.15652383339374,2,0,1,116.55376634595845
Amreli,2023-10-24 02:15:00,temp,26.5,26.492145172146564,2,0,1,116.55376634595845
Amreli,2023-10-25 02:15:00,temp,26.0,25.98828285072948,2,0,1,116.55376634595845
Amreli,2023-10-26 02:00:00,temp,26.2,25.695804536345687,2,0,1,116.55376634595845
Amreli,2023-10-27 02:15:00,temp,25.5,25.909323707455115,2,0,1,116.55376634595845
Amreli,2023-10-28 02:00:00,temp,25.3,25.33305437928543,2,0,1,116.55376634595845
Amreli,2023-10-29 02:30:00,temp,25.6,25.27545997551382,2,0,1,116.55376634595845
Amreli,2023-10-30 01:45:00,temp,25.6,25.51031883647368,2,0,1,116.55376634595845
Amritsar,2023-10-15 02:30:00,temp,20.0,23.74776269401993,2,1,2,170.76718317848773
Amritsar,2023-10-16 02:30:00,temp,21.0,20.8665438924871,2,1,2,170.76718317848773
Amritsar,2023-10-17 02:30:00,temp,18.0,21.5259125749151,2,1,2,170.76718317848773
Amritsar,2023-10-18 02:30:00,temp,15.0,19.348969750346562,2,1,2,170.76718317848773
Amritsar,2023-10-19 02:15:00,temp,17.0,16.898019302809498,2,1,2,170.76718317848773
Amritsar,2023-10-20 02:30:00,temp,18.0,17.46947929683899,2,1,2,170.76718317848773
Amritsar,2023-10-21 02:15:00,temp,18.0,18.131312816014646,2,1,2,170.76718317848773
Amritsar,2023-10-22 02:15:00,temp,21.0,17.90175496386156,2,1,2,170.76718317848773
Amritsar,2023-10-23 02:15:00,temp,19.0,20.554795119207768,2,1,2,170.76718317848773
Amritsar,2023-10-24 02:15:00,temp,19.0,18.389794529572637,2,1,2,170.76718317848773
Amritsar,2023-10-25 02:15:00,temp,19.0,19.54207338816502,2,1,2,170.76718317848773
Amritsar,2023-10-26 02:00:00,temp,18.0,18.508777097882607,2,1,2,170.76718317848773
Amritsar,2023-10-27 02:15:00,temp,17.0,18.717342400650143,2,1,2,170.76718317848773
Amritsar,2023-10-28 02:00:00,temp,20.0,17.156885553035664,2,1,2,170.76718317848773
Amritsar,2023-10-29 02:45:00,temp,21.0,19.93067086652451,2,1,2,170.76718317848773
Amritsar,2023-10-30 02:00:00,temp,20.0,19.737923636360076,2,1,2,170.76718317848773
Anand,2023-10-15 02:30:00,temp,28.2,27.113569949550698,0,0,2,104.65115415297471
Anand,2023-10-16 02:30:00,temp,25.4,27.502504848738422,0,0,2,104.65115415297471
Anand,2023-10-17 02:15:00,temp,27.0,25.177958158432936,0,0,2,104.65115415297471
Anand,2023-10-18 02:15:00,temp,26.3,26.595151141559132,0,0,2,104.65115415297471
Anand,2023-10-19 02:15:00,temp,26.0,26.832746063690433,0,0,2,104.65115415297471
Anand,2023-10-20 02:30:00,temp,25.3,25.743250610722846,0,0,2,104.65115415297471
Anand,2023-10-21 02:15:00,temp,26.0,25.752756978816507,0,0,2,104.65115415297471
Anand,2023-10-22 02:15:00,temp,26.1,26.323453772841514,0,0,2,104.65115415297471
Anand,2023-10-23 02:00:00,temp,26.3,26.255475412352908,0,0,2,104.65115415297471
Anand,2023-10-24 02:15:00,temp,26.7,26.25504167606936,0,0,2,104.65115415297471
Anand,2023-10-25 02:15:00,temp,25.3,26.641350601834926,0,0,2,104.65115415297471
Anand,2023-10-26 02:00:00,temp,25.1,25.580585561524998,0,0,2,104.65115415297471
Anand,2023-10-27 02:15:00,temp,25.4,25.465892674728323,0,0,2,104.65115415297471
Anand,2023-10-28 02:00:00,temp,24.4,26.05091157916405,0,0,2,104.65115415297471
Anand,2023-10-29 02:30:00,temp,24.7,25.1100744952298,0,0,2,104.65115415297471
Anand,2023-10-30 01:45:00,temp,25.4,25.354462383232388,0,0,2,104.65115415297471
Anantapur,2023-10-15 02:30:00,temp,24.3,23.64888297826528,2,0,1,150.34157465004319
Anantapur,2023-10-16 02:30:00,temp,24.7,24.314430166068206,2,0,1,150.34157465004319
Anantapur,2023-10-17 02:15:00,temp,26.0,24.62034231062472,2,0,1,150.34157465004319
Anantapur,2023-10-18 02:30:00,temp,24.0,25.213080048823933,2,0,1,150.34157465004319
Anantapur,2023-10-19 02:15:00,temp,23.4,24.307944864370214,2,0,1,150.34157465004319
Anantapur,2023-10-20 02:30:00,temp,24.4,24.23125109480953,2,0,1,150.34157465004319
Anantapur,2023-10-21 02:15:00,temp,24.2,24.872161005373957,2,0,1,150.34157465004319
Anantapur,2023-10-22 02:15:00,temp,24.2,24.87885535632838,2,0,1,150.34157465004319
Anantapur,2023-10-23 02:00:00,temp,22.4,24.980846110557415,2,0,1,150.34157465004319
Anantapur,2023-10-24 02:15:00,temp,21.6,24.288969613310137,2,0,1,150.34157465004319
Anantapur,2023-10-25 02:15:00,temp,21.6,23.93261402993051,2,0,1,150.34157465004319
Anantapur,2023-10-26 02:00:00,temp,21.4,23.010464909815514,2,0,1,150.34157465004319
Anantapur,2023-10-27 02:15:00,temp,21.1,22.742946405880303,2,0,1,150.34157465004319
Anantapur,2023-10-28 02:00:00,temp,22.5,22.36701510036926,2,0,1,150.34157465004319
Anantapur,2023-10-29 02:30:00,temp,23.4,23.24946732344826,2,0,1,150.34157465004319
Anantapur,2023-10-30 01:45:00,temp,24.9,23.863469794906507,2,0,1,150.34157465004319
Anantnag,2023-10-16 02:30:00,temp,10.6,10.099999999999998,0,1,0,148.57831326594098
Anantnag,2023-10-17 02:15:00,temp,8.9,10.6,0,1,0,148.57831326594098
Anantnag,2023-10-18 02:15:00,temp,8.5,8.9,0,1,0,148.57831326594098
Anantnag,2023-10-19 02:15:00,temp,8.5,8.5,0,1,0,148.57831326594098
Anantnag,2023-10-20 02:15:00,temp,9.0,8.5,0,1,0,148.57831326594098
Anantnag,2023-10-21 02:15:00,temp,9.5,9.0,0,1,0,148.57831326594098
Anantnag,2023-10-22 02:15:00,temp,10.5,9.5,0,1,0,148.57831326594098
Anantnag,2023-10-23 02:00:00,temp,6.7,10.5,0,1,0,148.57831326594098
Anantnag,2023-10-24 02:15:00,temp,8.7,6.700000000000001,0,1,0,148.57831326594098
Anantnag,2023-10-25 02:15:00,temp,8.4,8.7,0,1,0,148.57831326594098
Anantnag,2023-10-26 02:00:00,temp,8.9,8.4,0,1,0,148.57831326594098
Anantnag,2023-10-27 02:15:00,temp,9.1,8.9,0,1,0,148.57831326594098
Anantnag,2023-10-28 02:00:00,temp,9.5,9.1,0,1,0,148.57831326594098
Anantnag,2023-10-29 02:30:00,temp,9.6,9.5,0,1,0,148.57831326594098
Anantnag,2023-10-30 01:45:00,temp,10.1,9.6,0,1,0,148.57831326594098
Anugul,2023-10-15 02:30:00,temp,20.8,22.10411196622752,0,1,2,131.0770084012713
Anugul,2023-10-16 02:30:00,temp,22.0,21.862815577603023,0,1,2,131.0770084012713
Anugul,2023-10-17 02:30:00,temp,22.0,22.52046139395371,0,1,2,131.0770084012713
Anugul,2023-10-18 02:30:00,temp,22.5,22.0841754946881,0,1,2,131.0770084012713
Anugul,2023-10-19 02:30:00,temp,22.0,22.597774602075468,0,1,2,131.0770084012713
Anugul,2023-10-20 02:30:00,temp,21.9,22.008142632108402,0,1,2,131.0770084012713
Anugul,2023-10-21 02:15:00,temp,21.7,22.175449050947126,0,1,2,131.0770084012713
Anugul,2023-10-22 02:30:00,temp,20.0,21.886637717496004,0,1,2,131.0770084012713
Anugul,2023-10-23 02:15:00,temp,18.5,20.707652064959866,0,1,2,131.0770084012713
Anugul,2023-10-24 02:15:00,temp,19.4,19.70696615764128,0,1,2,131.0770084012713
Anugul,2023-10-25 02:15:00,temp,19.1,20.32276850765962,0,1,2,131.0770084012713
Anugul,2023-10-26 02:00:00,temp,19.9,19.383984300462913,0,1,2,131.0770084012713
Anugul,2023-10-27 02:15:00,temp,19.3,20.245543774331768,0,1,2,131.0770084012713
Anugul,2023-10-28 02:00:00,temp,18.8,19.308752367916433,0,1,2,131.0770084012713
Anugul,2023-10-29 02:45:00,temp,19.2,19.218927609362098,0,1,2,131.0770084012713
Anugul,2023-10-30 02:00:00,temp,19.6,19.380863081295594,0,1,2,131.0770084012713
Anuppur,2023-10-15 02:30:00,temp,20.7,20.56538429435896,1,1,1,135.82062493561213
Anuppur,2023-10-16 02:30:00,temp,20.5,20.852224028223898,1,1,1,135.82062493561213
Anuppur,2023-10-17 02:15:00,temp,19.2,20.697566720207217,1,1,1,135.82062493561213
Anuppur,2023-10-18 02:15:00,temp,19.0,19.782483392328153,1,1,1,135.82062493561213
Anuppur,2023-10-19 02:15:00,temp,18.2,19.53004583711985,1,1,1,135.82062493561213
Anuppur,2023-10-20 02:15:00,temp,18.5,18.81942090377226,1,1,1,135.82062493561213
Anuppur,2023-10-21 02:00:00,temp,18.5,18.92706033335188,1,1,1,135.82062493561213
Anuppur,2023-10-22 02:15:00,temp,17.5,18.843633886196205,1,1,1,135.82062493561213
Anuppur,2023-10-23 02:00:00,temp,14.8,17.97779529930635,1,1,1,135.82062493561213
Anuppur,2023-10-24 02:15:00,temp,15.7,15.488942284318448,1,1,1,135.82062493561213
Anuppur,2023-10-25 02:15:00,temp,16.8,16.072240476002897,1,1,1,135.82062493561213
Anuppur,2023-10-26 02:00:00,temp,16.2,16.935448482498956,1,1,1,135.82062493561213
Anuppur,2023-10-27 02:15:00,temp,15.9,16.36937486311216,1,1,1,135.82062493561213
Anuppur,2023-10-28 02:00:00,temp,15.9,16.063766842097206,1,1,1,135.82062493561213
Anuppur,2023-10-29 02:30:00,temp,16.3,16.01177415523408,1,1,1,135.82062493561213
Anuppur,2023-10-30 01:45:00,temp,16.3,16.30527533712839,1,1,1,135.82062493561213
Araria,2023-10-15 02:30:00,temp,21.8,22.6,0,1,0,147.53424883614127
Araria,2023-10-16 02:30:00,temp,23.0,21.8,0,1,0,147.53424883614127
Araria,2023-10-17 02:15:00,temp,22.2,23.0,0,1,0,147.53424883614127
Araria,2023-10-18 02:30:00,temp,22.1,22.2,0,1,0,147.53424883614127
Araria,2023-10-19 02:15:00,temp,21.3,22.1,0,1,0,147.53424883614127
Araria,2023-10-20 02:30:00,temp,21.1,21.3,0,1,0,147.53424883614127
Araria,2023-10-21 02:15:00,temp,20.6,21.1,0,1,0,147.53424883614127
Araria,2023-10-22 02:15:00,temp,21.1,20.6,0,1,0,147.53424883614127
Araria,2023-10-23 02:00:00,temp,20.8,21.1,0,1,0,147.53424883614127
Araria,2023-10-24 02:15:00,temp,20.3,20.8,0,1,0,147.53424883614127
Araria,2023-10-25 02:15:00,temp,20.8,20.3,0,1,0,147.53424883614127
Araria,2023-10-26 02:00:00,temp,21.1,20.8,0,1,0,147.53424883614127
Araria,2023-10-27 02:15:00,temp,20.8,21.1,0,1,0,147.53424883614127
Araria,2023-10-28 02:00:00,temp,20.3,20.8,0,1,0,147.53424883614127
Araria,2023-10-29 02:30:00,temp,21.0,20.3,0,1,0,147.53424883614127
Araria,2023-10-30 01:45:00,temp,21.2,21.0,0,1,0,147.53424883614127
Ariyalur,2023-10-15 02:30:00,temp,24.0,26.281392805377983,2,1,2,122.1191701145493
Ariyalur,2023-10-16 02:30:00,temp,27.0,25.40756917339751,2,1,2,122.1191701145493
Ariyalur,2023-10-17 02:30:00,temp,25.0,26.037527283803726,2,1,2,122.1191701145493
Ariyalur,2023-10-18 02:30:00,temp,26.0,25.11893948257491,2,1,2,122.1191701145493
Ariyalur,2023-10-19 02:30:00,temp,26.0,25.714045122693776,2,1,2,122.1191701145493
Ariyalur,2023-10-20 02:30:00,temp,26.0,26.103234909916306,2,1,2,122.1191701145493
Ariyalur,2023-10-21 02:15:00,temp,26.0,26.330808720033854,2,1,2,122.1191701145493
Ariyalur,2023-10-22 02:30:00,temp,26.0,26.143379524593875,2,1,2,122.1191701145493
Ariyalur,2023-10-23 02:15:00,temp,27.0,26.156988446859952,2,1,2,122.1191701145493
Ariyalur,2023-10-24 02:15:00,temp,26.0,26.100185198734412,2,1,2,122.1191701145493
Ariyalur,2023-10-25 02:30:00,temp,28.0,26.60415397644507,2,1,2,122.1191701145493
Ariyalur,2023-10-26 02:00:00,temp,27.0,27.650348648018884,2,1,2,122.1191701145493
Ariyalur,2023-10-27 02:15:00,temp,27.0,27.60809166290229,2,1,2,122.1191701145493
Ariyalur,2023-10-28 02:00:00,temp,26.0,27.320341504009683,2,1,2,122.1191701145493
Ariyalur,2023-10-29 02:45:00,temp,26.0,26.226231269864385,2,1,2,122.1191701145493
Ariyalur,2023-10-30 02:00:00,temp,25.0,25.430351047005306,2,1,2,122.1191701145493
Arong,2023-10-15 02:30:00,temp,27.6,27.379995031289763,0,0,0,123.15306399851829
Arong,2023-10-16 02:30:00,temp,28.0,27.384777670788544,0,0,0,123.15306399851829
Arong,2023-10-17 02:15:00,temp,27.4,27.397867400794226,0,0,0,123.15306399851829
Arong,2023-10-18 02:30:00,temp,27.0,27.397911783038477,0,0,0,123.15306399851829
Arong,2023-10-19 02:15:00,temp,27.6,27.389791026981072,0,0,0,123.15306399851829
Arong,2023-10-20 02:30:00,temp,27.7,27.39399521598585,0,0,0,123.15306399851829
Arong,2023-10-21 02:15:00,temp,27.7,27.399995043537444,0,0,0,123.15306399851829
Arong,2023-10-22 02:15:00,temp,27.5,27.405764377500248,0,0,0,123.15306399851829
Arong,2023-10-23 02:15:00,temp,27.3,27.407542228892158,0,0,0,123.15306399851829
Arong,2023-10-24 02:15:00,temp,27.8,27.405550594808087,0,0,0,123.15306399851829
Arong,2023-10-25 02:15:00,temp,27.9,27.412722257810206,0,0,0,123.15306399851829
Arong,2023-10-26 02:00:00,temp,27.4,27.42142337357876,0,0,0,123.15306399851829
Arong,2023-10-27 02:15:00,temp,27.5,27.421047817932653,0,0,0,123.15306399851829
Arong,2023-10-28 02:00:00,temp,27.5,27.422408985833126,0,0,0,123.15306399851829
Arong,2023-10-29 02:30:00,temp,27.7,27.423724011732524,0,0,0,123.15306399851829
Arong,2023-10-30 01:45:00,temp,27.9,27.428328428898695,0,0,0,123.15306399851829
Arwal,2023-10-15 02:30:00,temp,26.0,24.353843109837282,1,1,0,172.4264686465295
Arwal,2023-10-16 02:30:00,temp,26.0,25.701381106798785,1,1,0,172.4264686465295
Arwal,2023-10-17 02:15:00,temp,23.0,26.0,1,1,0,172.4264686465295
Arwal,2023-10-18 02:30:00,temp,26.0,23.888678558282724,1,1,0,172.4264686465295
Arwal,2023-10-19 02:15:00,temp,20.9,24.980284515686765,1,1,0,172.4264686465295
Arwal,2023-10-20 02:30:00,temp,25.0,23.033586040173542,1,1,0,172.4264686465295
Arwal,2023-10-21 02:15:00,temp,23.0,23.05851642899102,1,1,0,172.4264686465295
Arwal,2023-10-22 02:15:00,temp,22.0,23.949844453021598,1,1,0,172.4264686465295
Arwal,2023-10-23 02:00:00,temp,22.0,22.455644403687504,1,1,0,172.4264686465295
Arwal,2023-10-24 02:15:00,temp,26.0,22.0,1,1,0,172.4264686465295
Arwal,2023-10-25 02:15:00,temp,26.0,24.188490259135225,1,1,0,172.4264686465295
Arwal,2023-10-26 02:00:00,temp,24.0,26.0,1,1,0,172.4264686465295
Arwal,2023-10-27 02:15:00,temp,23.0,24.839706262957055,1,1,0,172.4264686465295
Arwal,2023-10-28 02:00:00,temp,24.0,23.403366090539464,1,1,0,172.4264686465295
Arwal,2023-10-29 02:30:00,temp,22.0,23.593865016479274,1,1,0,172.4264686465295
Arwal,2023-10-30 01:45:00,temp,24.0,22.826477673673427,1,1,0,172.4264686465295
Ashoknagar,2023-10-15 02:30:00,temp,24.9,23.828858141067553,1,1,1,126.69949696275786
Ashoknagar,2023-10-16 02:30:00,temp,23.7,24.564403004154137,1,1,1,126.69949696275786
Ashoknagar,2023-10-17 02:15:00,temp,19.6,23.691054598392718,1,1,1,126.69949696275786
Ashoknagar,2023-10-18 02:15:00,temp,22.0,19.367621631502132,1,1,1,126.69949696275786
Ashoknagar,2023-10-19 02:15:00,temp,22.0,22.432000768528223,1,1,1,126.69949696275786
Ashoknagar,2023-10-20 02:15:00,temp,21.2,22.387336874592933,1,1,1,126.69949696275786
Ashoknagar,2023-10-21 02:00:00,temp,21.3,21.763186992021133,1,1,1,126.69949696275786
Ashoknagar,2023-10-22 02:15:00,temp,21.3,21.766307542836163,1,1,1,126.69949696275786
Ashoknagar,2023-10-23 02:00:00,temp,21.0,21.707843221182934,1,1,1,126.69949696275786
Ashoknagar,2023-10-24 02:15:00,temp,20.4,21.431074935842776,1,1,1,126.69949696275786
Ashoknagar,2023-10-25 02:15:00,temp,20.3,20.915457718281004,1,1,1,126.69949696275786
Ashoknagar,2023-10-26 02:00:00,temp,20.8,20.75761305004059,1,1,1,126.69949696275786
Ashoknagar,2023-10-27 02:15:00,temp,21.1,21.073373166247276,1,1,1,126.69949696275786
Ashoknagar,2023-10-28 02:00:00,temp,20.1,21.263118271484853,1,1,1,126.69949696275786
Ashoknagar,2023-10-29 02:30:00,temp,20.9,20.479651502728178,1,1,1,126.69949696275786
Ashoknagar,2023-10-30 01:45:00,temp,20.8,21.026007246693645,1,1,1,126.69949696275786
Auraiya,2023-10-15 02:30:00,temp,26.2,25.855366730465956,2,1,1,147.33429080532548
Auraiya,2023-10-16 02:30:00,temp,26.1,26.537328002207172,2,1,1,147.33429080532548
Auraiya,2023-10-17 02:30:00,temp,21.0,25.929059652624975,2,1,1,147.33429080532548
Auraiya,2023-10-18 02:30:00,temp,22.8,21.219083834113647,2,1,1,147.33429080532548
Auraiya,2023-10-19 02:30:00,temp,23.2,24.98413179412175,2,1,1,147.33429080532548
Auraiya,2023-10-20 02:30:00,temp,22.1,24.119659026920274,2,1,1,147.33429080532548
Auraiya,2023-10-21 02:15:00,temp,21.7,22.721183194432136,2,1,1,147.33429080532548
Auraiya,2023-10-22 02:30:00,temp,21.6,22.44791614045719,2,1,1,147.33429080532548
Auraiya,2023-10-23 02:15:00,temp,21.7,22.204408834669618,2,1,1,147.33429080532548
Auraiya,2023-10-24 02:15:00,temp,22.0,22.106040348506852,2,1,1,147.33429080532548
Auraiya,2023-10-25 02:30:00,temp,21.9,22.205604700962066,2,1,1,147.33429080532548
Auraiya,2023-10-26 02:00:00,temp,21.8,21.94544236947571,2,1,1,147.33429080532548
Auraiya,2023-10-27 02:30:00,temp,21.7,21.870639013098963,2,1,1,147.33429080532548
Auraiya,2023-10-28 02:00:00,temp,22.0,21.788429004736294,2,1,1,147.33429080532548
Auraiya,2023-10-29 02:45:00,temp,22.7,22.05839910764844,2,1,1,147.33429080532548
Auraiya,2023-10-30 02:00:00,temp,22.4,22.56793712106155,2,1,1,147.33429080532548
Aurangabad,2023-10-15 02:30:00,temp,25.8,23.08340943420578,1,0,0,112.9713635567886
Aurangabad,2023-10-16 02:30:00,temp,24.0,24.50887042924083,1,0,0,112.9713635567886
Aurangabad,2023-10-17 02:15:00,temp,24.5,23.45603590589654,1,0,0,112.9713635567886
Aurangabad,2023-10-18 02:15:00,temp,23.0,23.780620330000588,1,0,0,112.9713635567886
Aurangabad,2023-10-19 02:15:00,temp,25.5,22.933383523908002,1,0,0,112.9713635567886
Aurangabad,2023-10-20 02:30:00,temp,23.8,24.317254810224526,1,0,0,112.9713635567886
Aurangabad,2023-10-21 02:15:00,temp,22.8,23.38131192664668,1,0,0,112.9713635567886
Aurangabad,2023-10-22 02:15:00,temp,22.2,22.8596310710722,1,0,0,112.9713635567886
Aurangabad,2023-10-23 02:00:00,temp,21.7,22.544122898819023,1,0,0,112.9713635567886
Aurangabad,2023-10-24 02:15:00,temp,21.8,22.264424445091954,1,0,0,112.9713635567886
Aurangabad,2023-10-25 02:15:00,temp,20.9,22.298167923978003,1,0,0,112.9713635567886
Aurangabad,2023-10-26 02:00:00,temp,20.7,21.757461818465956,1,0,0,112.9713635567886
Aurangabad,2023-10-27 02:15:00,temp,20.3,21.56726801193708,1,0,0,112.9713635567886
Aurangabad,2023-10-28 02:00:00,temp,19.2,21.226792606494584,1,0,0,112.9713635567886
Aurangabad,2023-10-29 02:30:00,temp,19.9,20.306650138629784,1,0,0,112.9713635567886
Aurangabad,2023-10-30 01:45:00,temp,20.5,20.72892038660161,1,0,0,112.9713635567886
Azamgarh,2023-10-15 02:30:00,temp,23.4,23.1,0,1,0,150.4079246733315
Azamgarh,2023-10-16 02:30:00,temp,23.8,23.4,0,1,0,150.4079246733315
Azamgarh,2023-10-17 02:30:00,temp,22.8,23.8,0,1,0,150.4079246733315
Azamgarh,2023-10-18 02:30:00,temp,22.0,22.8,0,1,0,150.4079246733315
Azamgarh,2023-10-19 02:30:00,temp,21.4,22.0,0,1,0,150.4079246733315
Azamgarh,2023-10-20 02:30:00,temp,21.3,21.4,0,1,0,150.4079246733315
Azamgarh,2023-10-21 02:15:00,temp,21.1,21.3,0,1,0,150.4079246733315
Azamgarh,2023-10-22 02:30:00,temp,20.9,21.1,0,1,0,150.4079246733315
Azamgarh,2023-10-23 02:15:00,temp,21.3,20.9,0,1,0,150.4079246733315
Azamgarh,2023-10-24 02:15:00,temp,21.2,21.3,0,1,0,150.4079246733315
Azamgarh,2023-10-25 02:30:00,temp,22.1,21.2,0,1,0,150.4079246733315
Azamgarh,2023-10-26 02:00:00,temp,22.1,22.1,0,1,0,150.4079246733315
Azamgarh,2023-10-27 02:30:00,temp,21.8,22.1,0,1,0,150.4079246733315
Azamgarh,2023-10-28 02:00:00,temp,21.6,21.8,0,1,0,150.4079246733315
Azamgarh,2023-10-29 02:45:00,temp,21.8,21.6,0,1,0,150.4079246733315
Azamgarh,2023-10-30 02:00:00,temp,21.6,21.8,0,1,0,150.4079246733315
Badgam,2023-10-15 02:30:00,temp,7.1,10.372852172008267,2,1,0,150.36954238408765
Badgam,2023-10-16 02:30:00,temp,7.5,6.643396895187941,2,1,0,150.36954238408765
Badgam,2023-10-17 02:15:00,temp,5.0,8.624950920015861,2,1,0,150.36954238408765
Badgam,2023-10-18 02:15:00,temp,3.5,4.867055709972214,2,1,0,150.36954238408765
Badgam,2023-10-19 02:15:00,temp,5.3,3.8943106269736916,2,1,0,150.36954238408765
Badgam,2023-10-20 02:15:00,temp,6.2,5.714037657103789,2,1,0,150.36954238408765
Badgam,2023-10-21 02:15:00,temp,6.3,5.81717167078404,2,1,0,150.36954238408765
Badgam,2023-10-22 02:15:00,temp,7.4,6.099613900197764,2,1,0,150.36954238408765
Badgam,2023-10-23 02:00:00,temp,3.8,7.436595400612036,2,1,0,150.36954238408765
Badgam,2023-10-24 02:15:00,temp,5.7,3.5096056127348745,2,1,0,150.36954238408765
Badgam,2023-10-25 02:15:00,temp,6.0,6.300463525243203,2,1,0,150.36954238408765
Badgam,2023-10-26 02:00:00,temp,6.6,5.628090011106814,2,1,0,150.36954238408765
Badgam,2023-10-27 02:15:00,temp,6.5,6.5156492770969106,2,1,0,150.36954238408765
Badgam,2023-10-28 02:00:00,temp,6.5,6.402805636791233,2,1,0,150.36954238408765
Badgam,2023-10-29 02:30:00,temp,6.4,6.517080669993317,2,1,0,150.36954238408765
Badgam,2023-10-30 01:45:00,temp,7.3,6.405525499145118,2,1,0,150.36954238408765
Bagalkot,2023-10-15 02:30:00,temp,25.9,25.39967602321485,0,1,1,135.1100060512893
Bagalkot,2023-10-16 02:30:00,temp,25.4,25.63064372188415,0,1,1,135.1100060512893
Bagalkot,2023-10-17 02:30:00,temp,26.4,25.523959638394476,0,1,1,135.1100060512893
Bagalkot,2023-10-18 02:30:00,temp,25.2,25.926933465624433,0,1,1,135.1100060512893
Bagalkot,2023-10-19 02:15:00,temp,24.3,25.595019830291662,0,1,1,135.1100060512893
Bagalkot,2023-10-20 02:30:00,temp,24.8,25.008277316598594,0,1,1,135.1100060512893
Bagalkot,2023-10-21 02:15:00,temp,24.7,24.90926093225559,0,1,1,135.1100060512893
Bagalkot,2023-10-22 02:15:00,temp,24.6,24.811127096477307,0,1,1,135.1100060512893
Bagalkot,2023-10-23 02:15:00,temp,22.4,24.712398963377684,0,1,1,135.1100060512893
Bagalkot,2023-10-24 02:15:00,temp,22.7,23.581152095604306,0,1,1,135.1100060512893
Bagalkot,2023-10-25 02:15:00,temp,21.7,23.07838134560605,0,1,1,135.1100060512893
Bagalkot,2023-10-26 02:00:00,temp,21.6,22.268744869070257,0,1,1,135.1100060512893
Bagalkot,2023-10-27 02:15:00,temp,20.7,21.86153623766216,0,1,1,135.1100060512893
Bagalkot,2023-10-28 02:00:00,temp,20.7,21.143815826695743,0,1,1,135.1100060512893
Bagalkot,2023-10-29 02:30:00,temp,25.1,20.86371246887459,0,1,1,135.1100060512893
Bagalkot,2023-10-30 02:00:00,temp,25.1,23.21042947021415,0,1,1,135.1100060512893
Bageshwar,2023-10-15 02:30:00,temp,2.9,5.872918605012347,0,1,1,118.99050868462842
Bageshwar,2023-10-16 02:30:00,temp,1.8,3.9193186102249014,0,1,1,118.99050868462842
Bageshwar,2023-10-17 02:15:00,temp,3.8,2.0202898469111714,0,1,1,118.99050868462842
Bageshwar,2023-10-18 02:30:00,temp,-0.7,3.38219448059995,0,1,1,118.99050868462842
Bageshwar,2023-10-19 02:15:00,temp,1.7,0.6498774843723949,0,1,1,118.99050868462842
Bageshwar,2023-10-20 02:30:00,temp,1.6,1.374556466374112,0,1,1,118.99050868462842
Bageshwar,2023-10-21 02:15:00,temp,1.9,1.5142157449402807,0,1,1,118.99050868462842
Bageshwar,2023-10-22 02:15:00,temp,1.4,1.7522133845310717,0,1,1,118.99050868462842
Bageshwar,2023-10-23 02:15:00,temp,1.4,1.5352602410869542,0,1,1,118.99050868462842
Bageshwar,2023-10-24 02:15:00,temp,1.9,1.4519843501011096,0,1,1,118.99050868462842
Bageshwar,2023-10-25 02:15:00,temp,1.7,1.7273333579522456,0,1,1,118.99050868462842
Bageshwar,2023-10-26 02:00:00,temp,2.0,1.7105150479126503,0,1,1,118.99050868462842
Bageshwar,2023-10-27 02:15:00,temp,2.6,1.8883893497907758,0,1,1,118.99050868462842
Bageshwar,2023-10-28 02:00:00,temp,3.2,2.32775360048611,0,1,1,118.99050868462842
Bageshwar,2023-10-29 02:30:00,temp,3.7,2.8754438693940862,0,1,1,118.99050868462842
Bageshwar,2023-10-30 01:45:00,temp,3.3,3.4041657090172284,0,1,1,118.99050868462842
Baghpat,2023-10-15 02:30:00,temp,24.0,25.94612380918955,2,1,2,164.21245838918074
Baghpat,2023-10-16 02:30:00,temp,26.0,24.640567154184446,2,1,2,164.21245838918074
Baghpat,2023-10-17 02:30:00,temp,19.0,26.512760239142622,2,1,2,164.21245838918074
Baghpat,2023-10-18 02:30:00,temp,21.0,20.166326984287196,2,1,2,164.21245838918074
Baghpat,2023-10-19 02:30:00,temp,21.0,22.823619690604975,2,1,2,164.21245838918074
Baghpat,2023-10-20 02:30:00,temp,21.0,22.545149213108207,2,1,2,164.21245838918074
Baghpat,2023-10-21 02:15:00,temp,20.0,22.155473657443686,2,1,2,164.21245838918074
Baghpat,2023-10-22 02:30:00,temp,21.0,20.376581304816934,2,1,2,164.21245838918074
Baghpat,2023-10-23 02:15:00,temp,21.0,21.463609360114994,2,1,2,164.21245838918074
Baghpat,2023-10-24 02:15:00,temp,22.0,21.36735088085815,2,1,2,164.21245838918074
Baghpat,2023-10-25 02:30:00,temp,21.0,21.858062634638422,2,1,2,164.21245838918074
Baghpat,2023-10-26 02:00:00,temp,22.0,20.80938997615953,2,1,2,164.21245838918074
Baghpat,2023-10-27 02:30:00,temp,21.0,21.78861586337069,2,1,2,164.21245838918074
Baghpat,2023-10-28 02:00:00,temp,20.0,20.839266622643272,2,1,2,164.21245838918074
Baghpat,2023-10-29 02:45:00,temp,20.0,20.131676228051635,2,1,2,164.21245838918074
Baghpat,2023-10-30 02:00:00,temp,22.0,20.322695625785393,2,1,2,164.21245838918074
Bahraich,2023-10-15 02:30:00,temp,22.7,23.224996947586817,2,1,2,140.15842739073742
Bahraich,2023-10-16 02:30:00,temp,23.1,23.818571450129387,2,1,2,140.15842739073742
Bahraich,2023-10-17 02:30:00,temp,21.3,23.957642538225965,2,1,2,140.15842739073742
Bahraich,2023-10-18 02:30:00,temp,20.5,22.207324202764635,2,1,2,140.15842739073742
Bahraich,2023-10-19 02:30:00,temp,19.3,21.01750829326717,2,1,2,140.15842739073742
Bahraich,2023-10-20 02:30:00,temp,18.8,19.834000677013226,2,1,2,140.15842739073742
Bahraich,2023-10-21 02:15:00,temp,18.9,19.362094628467315,2,1,2,140.15842739073742
Bahraich,2023-10-22 02:30:00,temp,20.0,19.401838712007038,2,1,2,140.15842739073742
Bahraich,2023-10-23 02:15:00,temp,19.9,20.363440856787356,2,1,2,140.15842739073742
Bahraich,2023-10-24 02:15:00,temp,20.0,19.915354635956486,2,1,2,140.15842739073742
Bahraich,2023-10-25 02:30:00,temp,21.2,19.906176115303953,2,1,2,140.15842739073742
Bahraich,2023-10-26 02:00:00,temp,20.7,21.08109103363511,2,1,2,140.15842739073742
Bahraich,2023-10-27 02:30:00,temp,20.5,20.427192637798505,2,1,2,140.15842739073742
Bahraich,2023-10-28 02:00:00,temp,20.3,20.301673190119434,2,1,2,140.15842739073742
Bahraich,2023-10-29 02:45:00,temp,20.4,20.204602872316272,2,1,2,140.15842739073742
Bahraich,2023-10-30 02:00:00,temp,20.3,20.38714756197482,2,1,2,140.15842739073742
Baksa Duar,2023-10-15 02:30:00,temp,15.3,15.4,0,1,0,96.70680806945275
Baksa Duar,2023-10-16 02:30:00,temp,14.8,15.3,0,1,0,96.70680806945275
Baksa Duar,2023-10-17 02:15:00,temp,15.5,14.8,0,1,0,96.70680806945275
Baksa Duar,2023-10-18 02:15:00,temp,15.0,15.500000000000002,0,1,0,96.70680806945275
Baksa Duar,2023-10-19 02:15:00,temp,13.8,15.0,0,1,0,96.70680806945275
Baksa Duar,2023-10-20 02:30:00,temp,14.1,13.8,0,1,0,96.70680806945275
Baksa Duar,2023-10-21 02:15:00,temp,14.2,14.1,0,1,0,96.70680806945275
Baksa Duar,2023-10-22 02:15:00,temp,14.7,14.2,0,1,0,96.70680806945275
Baksa Duar,2023-10-23 02:15:00,temp,14.5,14.7,0,1,0,96.70680806945275
Baksa Duar,2023-10-24 02:15:00,temp,15.6,14.5,0,1,0,96.70680806945275
Baksa Duar,2023-10-25 02:15:00,temp,15.2,15.6,0,1,0,96.70680806945275
Baksa Duar,2023-10-26 02:00:00,temp,14.9,15.2,0,1,0,96.70680806945275
Baksa Duar,2023-10-27 02:15:00,temp,14.3,14.9,0,1,0,96.70680806945275
Baksa Duar,2023-10-28 02:00:00,temp,13.9,14.3,0,1,0,96.70680806945275
Baksa Duar,2023-10-29 02:30:00,temp,14.8,13.9,0,1,0,96.70680806945275
Baksa Duar,2023-10-30 01:45:00,temp,15.4,14.8,0,1,0,96.70680806945275
Balaghat,2023-10-15 02:30:00,temp,23.1,21.70123421387787,1,1,1,115.16351156347648
Balaghat,2023-10-16 02:30:00,temp,22.4,22.83267234173289,1,1,1,115.16351156347648
Balaghat,2023-10-17 02:15:00,temp,21.4,22.559463824218273,1,1,1,115.16351156347648
Balaghat,2023-10-18 02:15:00,temp,22.0,21.594500683795157,1,1,1,115.16351156347648
Balaghat,2023-10-19 02:15:00,temp,20.5,22.019334446393408,1,1,1,115.16351156347648
Balaghat,2023-10-20 02:15:00,temp,20.5,20.91693955018511,1,1,1,115.16351156347648
Balaghat,2023-10-21 02:00:00,temp,19.1,20.85475841274747,1,1,1,115.16351156347648
Balaghat,2023-10-22 02:15:00,temp,18.5,19.37341041054836,1,1,1,115.16351156347648
Balaghat,2023-10-23 02:00:00,temp,17.9,18.561579007868986,1,1,1,115.16351156347648
Balaghat,2023-10-24 02:15:00,temp,17.1,17.98340788980122,1,1,1,115.16351156347648
Balaghat,2023-10-25 02:15:00,temp,17.2,17.19859975913987,1,1,1,115.16351156347648
Balaghat,2023-10-26 02:00:00,temp,17.2,17.163952173720844,1,1,1,115.16351156347648
Balaghat,2023-10-27 02:15:00,temp,16.7,17.207846228504003,1,1,1,115.16351156347648
Balaghat,2023-10-28 02:00:00,temp,17.3,16.77067182363288,1,1,1,115.16351156347648
Balaghat,2023-10-29 02:30:00,temp,17.1,17.194884298736145,1,1,1,115.16351156347648
Balaghat,2023-10-30 01:45:00,temp,18.2,17.152017254531902,1,1,1,115.16351156347648
Balangir,2023-10-15 02:30:00,temp,22.5,22.532276585761153,0,1,2,106.34062462112999
Balangir,2023-10-16 02:30:00,temp,21.3,22.75857112500967,0,1,2,106.34062462112999
Balangir,2023-10-17 02:30:00,temp,21.1,21.6907414503441,0,1,2,106.34062462112999
Balangir,2023-10-18 02:30:00,temp,21.8,21.788338339963516,0,1,2,106.34062462112999
Balangir,2023-10-19 02:30:00,temp,21.4,22.010204463485632,0,1,2,106.34062462112999
Balangir,2023-10-20 02:30:00,temp,21.2,21.508604771409658,0,1,2,106.34062462112999
Balangir,2023-10-21 02:15:00,temp,20.6,21.475980545499404,0,1,2,106.34062462112999
Balangir,2023-10-22 02:30:00,temp,19.2,20.84926565808065,0,1,2,106.34062462112999
Balangir,2023-10-23 02:15:00,temp,18.3,19.654868472949858,0,1,2,106.34062462112999
Balangir,2023-10-24 02:15:00,temp,18.4,18.791550377683336,0,1,2,106.34062462112999
Balangir,2023-10-25 02:30:00,temp,20.2,18.721070158339877,0,1,2,106.34062462112999
Balangir,2023-10-26 02:00:00,temp,19.4,20.256251933813974,0,1,2,106.34062462112999
Balangir,2023-10-27 02:15:00,temp,18.3,19.0724197878252,0,1,2,106.34062462112999
Balangir,2023-10-28 02:00:00,temp,17.9,18.62336242685675,0,1,2,106.34062462112999
Balangir,2023-10-29 02:45:00,temp,17.6,18.168835500544215,0,1,2,106.34062462112999
Balangir,2023-10-30 02:00:00,temp,18.0,17.83293131667963,0,1,2,106.34062462112999
Baleshwar,2023-10-15 02:30:00,temp,23.2,24.796750874784927,0,1,1,80.81860543081773
Baleshwar,2023-10-16 02:30:00,temp,22.7,23.615590950411246,0,1,1,80.81860543081773
Baleshwar,2023-10-17 02:30:00,temp,23.5,22.83263241919061,0,1,1,80.81860543081773
Baleshwar,2023-10-18 02:30:00,temp,23.6,23.36580973004186,0,1,1,80.81860543081773
Baleshwar,2023-10-19 02:30:00,temp,23.7,23.550818410341616,0,1,1,80.81860543081773
Baleshwar,2023-10-20 02:30:00,temp,22.8,23.66902612161428,0,1,1,80.81860543081773
Baleshwar,2023-10-21 02:15:00,temp,21.8,22.991545251369335,0,1,1,80.81860543081773
Baleshwar,2023-10-22 02:30:00,temp,20.9,21.976977086621822,0,1,1,80.81860543081773
Baleshwar,2023-10-23 02:15:00,temp,22.4,20.980979837081684,0,1,1,80.81860543081773
Baleshwar,2023-10-24 02:15:00,temp,21.9,22.17065852623961,0,1,1,80.81860543081773
Baleshwar,2023-10-25 02:15:00,temp,23.1,21.948624294407775,0,1,1,80.81860543081773
Baleshwar,2023-10-26 02:00:00,temp,23.0,22.876009003976858,0,1,1,80.81860543081773
Baleshwar,2023-10-27 02:15:00,temp,23.6,22.978087322646715,0,1,1,80.81860543081773
Baleshwar,2023-10-28 02:00:00,temp,24.7,23.489127067002094,0,1,1,80.81860543081773
Baleshwar,2023-10-29 02:45:00,temp,21.6,24.526413592720186,0,1,1,80.81860543081773
Baleshwar,2023-10-30 02:00:00,temp,20.9,22.43453465712542,0,1,1,80.81860543081773
Ballia,2023-10-15 02:30:00,temp,22.8,23.277575560843317,1,1,1,163.0880780799314
Ballia,2023-10-16 02:30:00,temp,23.5,23.262042734155695,1,1,1,163.0880780799314
Ballia,2023-10-17 02:30:00,temp,23.1,23.740327943066116,1,1,1,163.0880780799314
Ballia,2023-10-18 02:30:00,temp,22.2,23.393752315747534,1,1,1,163.0880780799314
Ballia,2023-10-19 02:30:00,temp,21.1,22.642646786180855,1,1,1,163.0880780799314
Ballia,2023-10-20 02:30:00,temp,21.1,21.67633830490753,1,1,1,163.0880780799314
Ballia,2023-10-21 02:15:00,temp,20.7,21.563152317195303,1,1,1,163.0880780799314
Ballia,2023-10-22 02:30:00,temp,21.0,21.13918570606031,1,1,1,163.0880780799314
Ballia,2023-10-23 02:15:00,temp,20.4,21.304189605421364,1,1,1,163.0880780799314
Ballia,2023-10-24 02:15:00,temp,20.9,20.744840280620558,1,1,1,163.0880780799314
Ballia,2023-10-25 02:30:00,temp,21.9,21.094156980946998,1,1,1,163.0880780799314
Ballia,2023-10-26 02:00:00,temp,20.8,21.883335963689067,1,1,1,163.0880780799314
Ballia,2023-10-27 02:30:00,temp,21.1,20.987726218668513,1,1,1,163.0880780799314
Ballia,2023-10-28 02:00:00,temp,21.3,21.19640073252561,1,1,1,163.0880780799314
Ballia,2023-10-29 02:45:00,temp,21.3,21.34062136872999,1,1,1,163.0880780799314
Ballia,2023-10-30 02:00:00,temp,21.0,21.333450443202388,1,1,1,163.0880780799314
Balod,2023-10-15 02:30:00,temp,22.1,22.00909817926338,2,1,1,99.80909795060965
Balod,2023-10-16 02:30:00,temp,21.9,22.086382638347995,2,1,1,99.80909795060965
Balod,2023-10-17 02:30:00,temp,20.9,21.89890022622294,2,1,1,99.80909795060965
Balod,2023-10-18 02:30:00,temp,21.6,20.81959596352709,2,1,1,99.80909795060965
Balod,2023-10-19 02:15:00,temp,20.8,22.052941499370764,2,1,1,99.80909795060965
Balod,2023-10-20 02:30:00,temp,20.8,20.824943436310765,2,1,1,99.80909795060965
Balod,2023-10-21 02:15:00,temp,19.7,21.104476284264248,2,1,1,99.80909795060965
Balod,2023-10-22 02:15:00,temp,18.0,19.806399849665517,2,1,1,99.80909795060965
Balod,2023-10-23 02:15:00,temp,17.2,18.036477910991216,2,1,1,99.80909795060965
Balod,2023-10-24 02:15:00,temp,17.0,17.544006552070964,2,1,1,99.80909795060965
Balod,2023-10-25 02:15:00,temp,17.6,17.428733499733944,2,1,1,99.80909795060965
Balod,2023-10-26 02:00:00,temp,17.9,18.196262675355385,2,1,1,99.80909795060965
Balod,2023-10-27 02:15:00,temp,17.1,18.211148306734216,2,1,1,99.80909795060965
Balod,2023-10-28 02:00:00,temp,17.6,16.8884109853182,2,1,1,99.80909795060965
Balod,2023-10-29 02:30:00,temp,17.3,17.894885015275246,2,1,1,99.80909795060965
Balod,2023-10-30 01:45:00,temp,17.9,17.267453090505835,2,1,1,99.80909795060965
Baloda Bazar,2023-10-15 02:30:00,temp,22.3,24.484822308376962,2,1,2,130.75282899744798
Baloda Bazar,2023-10-16 02:30:00,temp,22.4,22.710416615405784,2,1,2,130.75282899744798
Baloda Bazar,2023-10-17 02:30:00,temp,22.2,22.96741466390961,2,1,2,130.75282899744798
Baloda Bazar,2023-10-18 02:30:00,temp,21.4,22.596195454609173,2,1,2,130.75282899744798
Baloda Bazar,2023-10-19 02:15:00,temp,21.4,21.993032602196244,2,1,2,130.75282899744798
Baloda Bazar,2023-10-20 02:30:00,temp,21.6,21.99284716760036,2,1,2,130.75282899744798
Baloda Bazar,2023-10-21 02:15:00,temp,19.4,22.026294732412037,2,1,2,130.75282899744798
Baloda Bazar,2023-10-22 02:15:00,temp,19.0,20.0180312266771,2,1,2,130.75282899744798
Baloda Bazar,2023-10-23 02:15:00,temp,17.5,19.270277377741138,2,1,2,130.75282899744798
Baloda Bazar,2023-10-24 02:15:00,temp,17.8,16.831045797745602,2,1,2,130.75282899744798
Baloda Bazar,2023-10-25 02:15:00,temp,18.7,18.28670664105221,2,1,2,130.75282899744798
Baloda Bazar,2023-10-26 02:00:00,temp,18.6,18.880787915193316,2,1,2,130.75282899744798
Baloda Bazar,2023-10-27 02:15:00,temp,18.4,17.947681000876354,2,1,2,130.75282899744798
Baloda Bazar,2023-10-28 02:00:00,temp,18.2,18.77563544094314,2,1,2,130.75282899744798
Baloda Bazar,2023-10-29 02:30:00,temp,18.4,18.55256245782884,2,1,2,130.75282899744798
Baloda Bazar,2023-10-30 01:45:00,temp,19.0,17.803195153423573,2,1,2,130.75282899744798
Balrampur,2023-10-15 02:30:00,temp,22.1,21.5,0,1,0,135.17116440960845
Balrampur,2023-10-16 02:30:00,temp,22.5,22.1,0,1,0,135.17116440960845
Balrampur,2023-10-17 02:30:00,temp,20.5,22.5,0,1,0,135.17116440960845
Balrampur,2023-10-18 02:30:00,temp,20.3,20.5,0,1,0,135.17116440960845
Balrampur,2023-10-19 02:15:00,temp,19.1,20.3,0,1,0,135.17116440960845
Balrampur,2023-10-20 02:30:00,temp,18.9,19.1,0,1,0,135.17116440960845
Balrampur,2023-10-21 02:15:00,temp,18.7,18.9,0,1,0,135.17116440960845
Balrampur,2023-10-22 02:15:00,temp,19.8,18.7,0,1,0,135.17116440960845
Balrampur,2023-10-23 02:15:00,temp,20.1,19.8,0,1,0,135.17116440960845
Balrampur,2023-10-24 02:15:00,temp,20.6,20.1,0,1,0,135.17116440960845
Balrampur,2023-10-25 02:15:00,temp,21.2,20.6,0,1,0,135.17116440960845
Balrampur,2023-10-26 02:00:00,temp,20.6,21.2,0,1,0,135.17116440960845
Balrampur,2023-10-27 02:15:00,temp,20.3,20.6,0,1,0,135.17116440960845
Balrampur,2023-10-28 02:00:00,temp,20.2,20.3,0,1,0,135.17116440960845
Balrampur,2023-10-29 02:30:00,temp,20.6,20.2,0,1,0,135.17116440960845
Balrampur,2023-10-30 01:45:00,temp,20.4,20.6,0,1,0,135.17116440960845
Banda,2023-10-15 02:30:00,temp,26.1,25.929613888926617,1,1,1,154.16780028881942
Banda,2023-10-16 02:30:00,temp,26.3,26.301127541567862,1,1,1,154.16780028881942
Banda,2023-10-17 02:30:00,temp,21.2,26.445776657100932,1,1,1,154.16780028881942
Banda,2023-10-18 02:30:00,temp,23.3,22.476840032139556,1,1,1,154.16780028881942
Banda,2023-10-19 02:30:00,temp,23.5,24.018780186152124,1,1,1,154.16780028881942
Banda,2023-10-20 02:30:00,temp,22.6,24.070602527895204,1,1,1,154.16780028881942
Banda,2023-10-21 02:15:00,temp,22.1,23.270132011298053,1,1,1,154.16780028881942
Banda,2023-10-22 02:30:00,temp,21.5,22.745808760731187,1,1,1,154.16780028881942
Banda,2023-10-23 02:15:00,temp,21.4,22.124171670741614,1,1,1,154.16780028881942
Banda,2023-10-24 02:15:00,temp,21.6,21.915379612456416,1,1,1,154.16780028881942
Banda,2023-10-25 02:30:00,temp,21.8,21.982253893702364,1,1,1,154.16780028881942
Banda,2023-10-26 02:00:00,temp,22.1,22.076075957669456,1,1,1,154.16780028881942
Banda,2023-10-27 02:30:00,temp,21.6,22.27381804849229,1,1,1,154.16780028881942
Banda,2023-10-28 02:00:00,temp,21.6,21.830447024309365,1,1,1,154.16780028881942
Banda,2023-10-29 02:45:00,temp,22.2,21.78805156850823,1,1,1,154.16780028881942
Banda,2023-10-30 02:00:00,temp,22.3,22.242059289675765,1,1,1,154.16780028881942
Bangalore,2023-10-15 02:30:00,temp,23.0,22.0,0,1,0,177.54107698475434
Bangalore,2023-10-16 02:30:00,temp,24.0,23.0,0,1,0,177.54107698475434
Bangalore,2023-10-17 02:15:00,temp,23.0,24.0,0,1,0,177.54107698475434
Bangalore,2023-10-17 02:30:00,temp,23.0,23.0,0,1,0,177.54107698475434
Bangalore,2023-10-18 02:30:00,temp,22.0,23.0,0,1,0,177.54107698475434
Bangalore,2023-10-19 02:15:00,temp,22.0,22.0,0,1,0,177.54107698475434
Bangalore,2023-10-20 02:30:00,temp,23.0,22.0,0,1,0,177.54107698475434
Bangalore,2023-10-21 02:15:00,temp,23.0,23.0,0,1,0,177.54107698475434
Bangalore,2023-10-22 02:15:00,temp,23.0,23.0,0,1,0,177.54107698475434
Bangalore,2023-10-23 02:15:00,temp,22.0,23.0,0,1,0,177.54107698475434
Bangalore,2023-10-24 02:15:00,temp,19.0,22.0,0,1,0,177.54107698475434
Bangalore,2023-10-25 02:15:00,temp,20.0,19.0,0,1,0,177.54107698475434
Bangalore,2023-10-26 02:00:00,temp,22.0,20.0,0,1,0,177.54107698475434
Bangalore,2023-10-27 02:15:00,temp,22.0,22.0,0,1,0,177.54107698475434
Bangalore,2023-10-28 02:00:00,temp,22.0,22.0,0,1,0,177.54107698475434
Bangalore,2023-10-29 02:45:00,temp,23.0,22.0,0,1,0,177.54107698475434
Bangalore,2023-10-30 01:45:00,temp,22.0,23.0,0,1,0,177.54107698475434
Banka,2023-10-15 02:30:00,temp,22.0,23.3,0,1,0,135.94268203134482
Banka,2023-10-16 02:30:00,temp,23.6,22.0,0,1,0,135.94268203134482
Banka,2023-10-17 02:15:00,temp,23.5,23.6,0,1,0,135.94268203134482
Banka,2023-10-18 02:30:00,temp,23.1,23.5,0,1,0,135.94268203134482
Banka,2023-10-19 02:15:00,temp,21.6,23.1,0,1,0,135.94268203134482
Banka,2023-10-20 02:30:00,temp,21.0,21.6,0,1,0,135.94268203134482
Banka,2023-10-21 02:15:00,temp,20.2,21.0,0,1,0,135.94268203134482
Banka,2023-10-22 02:15:00,temp,19.8,20.199999999999996,0,1,0,135.94268203134482
Banka,2023-10-23 02:00:00,temp,20.3,19.8,0,1,0,135.94268203134482
Banka,2023-10-24 02:15:00,temp,21.8,20.3,0,1,0,135.94268203134482
Banka,2023-10-25 02:15:00,temp,22.0,21.8,0,1,0,135.94268203134482
Banka,2023-10-26 02:00:00,temp,21.2,22.0,0,1,0,135.94268203134482
Banka,2023-10-27 02:15:00,temp,20.6,21.2,0,1,0,135.94268203134482
Banka,2023-10-28 02:00:00,temp,20.5,20.6,0,1,0,135.94268203134482
Banka,2023-10-29 02:30:00,temp,20.7,20.5,0,1,0,135.94268203134482
Banka,2023-10-30 01:45:00,temp,21.2,20.7,0,1,0,135.94268203134482
Bankura,2023-10-15 02:30:00,temp,22.1,23.6,0,1,0,112.89585743195765
Bankura,2023-10-16 02:30:00,temp,22.6,22.1,0,1,0,112.89585743195765
Bankura,2023-10-17 02:30:00,temp,23.4,22.6,0,1,0,112.89585743195765
Bankura,2023-10-18 02:30:00,temp,23.4,23.4,0,1,0,112.89585743195765
Bankura,2023-10-19 02:15:00,temp,23.1,23.4,0,1,0,112.89585743195765
Bankura,2023-10-20 02:30:00,temp,22.2,23.1,0,1,0,112.89585743195765
Bankura,2023-10-21 02:15:00,temp,21.4,22.2,0,1,0,112.89585743195765
Bankura,2023-10-22 02:15:00,temp,20.5,21.4,0,1,0,112.89585743195765
Bankura,2023-10-23 02:15:00,temp,21.1,20.5,0,1,0,112.89585743195765
Bankura,2023-10-24 02:15:00,temp,22.5,21.1,0,1,0,112.89585743195765
Bankura,2023-10-25 02:15:00,temp,22.6,22.5,0,1,0,112.89585743195765
Bankura,2023-10-26 02:00:00,temp,24.2,22.6,0,1,0,112.89585743195765
Bankura,2023-10-27 02:15:00,temp,22.1,24.2,0,1,0,112.89585743195765
Bankura,2023-10-28 02:00:00,temp,21.7,22.1,0,1,0,112.89585743195765
Bankura,2023-10-29 02:45:00,temp,21.0,21.7,0,1,0,112.89585743195765
Bankura,2023-10-30 02:00:00,temp,20.5,21.0,0,1,0,112.89585743195765
Banswara,2023-10-15 02:30:00,temp,24.6,24.154945946071493,0,0,2,99.16694503235898
Banswara,2023-10-16 02:30:00,temp,23.2,23.837389570790542,0,0,2,99.16694503235898
Banswara,2023-10-17 02:30:00,temp,23.3,22.682990792239206,0,0,2,99.16694503235898
Banswara,2023-10-18 02:30:00,temp,22.1,22.919745276192,0,0,2,99.16694503235898
Banswara,2023-10-19 02:30:00,temp,23.0,22.68694999226048,0,0,2,99.16694503235898
Banswara,2023-10-20 02:30:00,temp,22.5,22.600893287356225,0,0,2,99.16694503235898
Banswara,2023-10-21 02:30:00,temp,23.5,22.968196383777805,0,0,2,99.16694503235898
Banswara,2023-10-22 02:30:00,temp,23.0,23.164108737497802,0,0,2,99.16694503235898
Banswara,2023-10-23 02:15:00,temp,22.7,23.084926505876762,0,0,2,99.16694503235898
Banswara,2023-10-24 02:15:00,temp,23.2,22.51640852084666,0,0,2,99.16694503235898
Banswara,2023-10-25 02:30:00,temp,21.5,23.089477510151376,0,0,2,99.16694503235898
Banswara,2023-10-26 02:00:00,temp,21.2,22.308850129951928,0,0,2,99.16694503235898
Banswara,2023-10-27 02:30:00,temp,20.8,21.25628518876813,0,0,2,99.16694503235898
Banswara,2023-10-28 02:00:00,temp,20.4,21.93406629692076,0,0,2,99.16694503235898
Banswara,2023-10-29 02:45:00,temp,21.3,21.554400474457935,0,0,2,99.16694503235898
Banswara,2023-10-30 02:00:00,temp,21.3,21.685887591256424,0,0,2,99.16694503235898
Bara Banki,2023-10-15 02:30:00,temp,23.0,23.449661026670253,1,1,1,136.27653186250382
Bara Banki,2023-10-16 02:30:00,temp,23.0,23.354329037345707,1,1,1,136.27653186250382
Bara Banki,2023-10-17 02:30:00,temp,20.0,23.27961401892727,1,1,1,136.27653186250382
Bara Banki,2023-10-18 02:30:00,temp,20.0,20.754861531349654,1,1,1,136.27653186250382
Bara Banki,2023-10-19 02:30:00,temp,21.0,20.474580973734934,1,1,1,136.27653186250382
Bara Banki,2023-10-20 02:30:00,temp,19.0,21.197297749316167,1,1,1,136.27653186250382
Bara Banki,2023-10-21 02:15:00,temp,18.0,19.440628577123395,1,1,1,136.27653186250382
Bara Banki,2023-10-22 02:30:00,temp,18.0,18.37539378005473,1,1,1,136.27653186250382
Bara Banki,2023-10-23 02:15:00,temp,20.0,18.20797704325444,1,1,1,136.27653186250382
Bara Banki,2023-10-24 02:15:00,temp,19.0,19.855031725294882,1,1,1,136.27653186250382
Bara Banki,2023-10-25 02:30:00,temp,19.0,19.063640954072554,1,1,1,136.27653186250382
Bara Banki,2023-10-26 02:00:00,temp,22.0,19.039935838263666,1,1,1,136.27653186250382
Bara Banki,2023-10-27 02:30:00,temp,19.0,21.47096330184023,1,1,1,136.27653186250382
Bara Banki,2023-10-28 02:00:00,temp,19.0,19.341254398144002,1,1,1,136.27653186250382
Bara Banki,2023-10-29 02:45:00,temp,22.1,19.20194212819831,1,1,1,136.27653186250382
Bara Banki,2023-10-30 02:00:00,temp,19.0,21.32763673813787,1,1,1,136.27653186250382
Baramula,2023-10-15 02:30:00,temp,6.1,8.5,0,1,0,130.29914869584502
Baramula,2023-10-16 02:30:00,temp,5.9,6.1,0,1,0,130.29914869584502
Baramula,2023-10-17 02:15:00,temp,7.9,5.9,0,1,0,130.29914869584502
Baramula,2023-10-18 02:15:00,temp,1.8,7.9,0,1,0,130.29914869584502
Baramula,2023-10-19 02:15:00,temp,3.4,1.799999999999999,0,1,0,130.29914869584502
Baramula,2023-10-20 02:15:00,temp,4.1,3.4000000000000004,0,1,0,130.29914869584502
Baramula,2023-10-21 02:15:00,temp,4.8,4.1,0,1,0,130.29914869584502
Baramula,2023-10-22 02:15:00,temp,5.6,4.8,0,1,0,130.29914869584502
Baramula,2023-10-23 02:00:00,temp,3.1,5.6,0,1,0,130.29914869584502
Baramula,2023-10-24 02:15:00,temp,4.1,3.0999999999999996,0,1,0,130.29914869584502
Baramula,2023-10-25 02:15:00,temp,3.7,4.1,0,1,0,130.29914869584502
Baramula,2023-10-26 02:00:00,temp,4.4,3.7,0,1,0,130.29914869584502
Baramula,2023-10-27 02:15:00,temp,4.7,4.4,0,1,0,130.29914869584502
Baramula,2023-10-28 02:00:00,temp,5.1,4.7,0,1,0,130.29914869584502
Baramula,2023-10-29 02:30:00,temp,5.3,5.099999999999999,0,1,0,130.29914869584502
Baramula,2023-10-30 01:45:00,temp,6.2,5.3,0,1,0,130.29914869584502
Baran,2023-10-15 02:30:00,temp,26.9,25.826898611760377,2,0,2,133.4468396050578
Baran,2023-10-16 02:30:00,temp,26.4,26.64925363119952,2,0,2,133.4468396050578
Baran,2023-10-17 02:30:00,temp,20.8,25.941460216185984,2,0,2,133.4468396050578
Baran,2023-10-18 02:30:00,temp,24.0,21.303168295423678,2,0,2,133.4468396050578
Baran,2023-10-19 02:30:00,temp,22.9,23.08729784827188,2,0,2,133.4468396050578
Baran,2023-10-20 02:30:00,temp,22.4,25.76069404429416,2,0,2,133.4468396050578
Baran,2023-10-21 02:30:00,temp,22.8,24.860921089758452,2,0,2,133.4468396050578
Baran,2023-10-22 02:30:00,temp,23.2,23.544813488435757,2,0,2,133.4468396050578
Baran,2023-10-23 02:15:00,temp,22.9,23.981072543179174,2,0,2,133.4468396050578
Baran,2023-10-24 02:15:00,temp,22.7,24.099528976322787,2,0,2,133.4468396050578
Baran,2023-10-25 02:30:00,temp,21.8,23.66725817871082,2,0,2,133.4468396050578
Baran,2023-10-26 02:00:00,temp,22.2,22.915397610237548,2,0,2,133.4468396050578
Baran,2023-10-27 02:30:00,temp,21.8,23.06489772221545,2,0,2,133.4468396050578
Baran,2023-10-28 02:00:00,temp,21.4,22.972796963333447,2,0,2,133.4468396050578
Baran,2023-10-29 02:45:00,temp,22.5,22.422719843565865,2,0,2,133.4468396050578
Baran,2023-10-30 02:00:00,temp,22.9,23.07944859216798,2,0,2,133.4468396050578
Barddhaman,2023-10-13 02:45:00,temp,24.3,24.3,0,1,0,156.84109822127144
Barddhaman,2023-10-14 02:30:00,temp,24.3,24.3,0,1,0,156.84109822127144
Barddhaman,2023-10-15 02:30:00,temp,22.2,24.3,0,1,0,156.84109822127144
Barddhaman,2023-10-16 02:30:00,temp,22.3,22.2,0,1,0,156.84109822127144
Barddhaman,2023-10-17 02:30:00,temp,22.6,22.3,0,1,0,156.84109822127144
Barddhaman,2023-10-18 02:30:00,temp,23.0,22.6,0,1,0,156.84109822127144
Barddhaman,2023-10-19 02:15:00,temp,22.6,23.0,0,1,0,156.84109822127144
Barddhaman,2023-10-19 02:30:00,temp,22.6,22.6,0,1,0,156.84109822127144
Barddhaman,2023-10-20 02:30:00,temp,21.6,22.6,0,1,0,156.84109822127144
Barddhaman,2023-10-21 02:15:00,temp,20.8,21.6,0,1,0,156.84109822127144
Barddhaman,2023-10-21 02:30:00,temp,20.8,20.8,0,1,0,156.84109822127144
Barddhaman,2023-10-22 02:15:00,temp,20.6,20.8,0,1,0,156.84109822127144
Barddhaman,2023-10-22 02:30:00,temp,20.6,20.6,0,1,0,156.84109822127144
Barddhaman,2023-10-23 02:15:00,temp,21.6,20.6,0,1,0,156.84109822127144
Barddhaman,2023-10-24 02:15:00,temp,22.2,21.6,0,1,0,156.84109822127144
Barddhaman,2023-10-25 02:15:00,temp,22.4,22.2,0,1,0,156.84109822127144
Barddhaman,2023-10-25 02:30:00,temp,22.4,22.4,0,1,0,156.84109822127144
Barddhaman,2023-10-26 02:00:00,temp,25.2,22.4,0,1,0,156.84109822127144
Barddhaman,2023-10-27 02:15:00,temp,22.3,25.2,0,1,0,156.84109822127144
Barddhaman,2023-10-27 02:30:00,temp,22.3,22.3,0,1,0,156.84109822127144
Barddhaman,2023-10-28 02:00:00,temp,23.4,22.3,0,1,0,156.84109822127144
Barddhaman,2023-10-29 02:45:00,temp,20.4,23.4,0,1,0,156.84109822127144
Barddhaman,2023-10-30 02:00:00,temp,21.0,20.4,0,1,0,156.84109822127144
Bareilly,2023-10-15 02:30:00,temp,22.8,23.05841833326144,2,1,1,129.13517494960337
Bareilly,2023-10-16 02:30:00,temp,22.7,23.61228087923066,2,1,1,129.13517494960337
Bareilly,2023-10-17 02:30:00,temp,19.5,22.878970153145417,2,1,1,129.13517494960337
Bareilly,2023-10-18 02:30:00,temp,19.9,19.046479704146453,2,1,1,129.13517494960337
Bareilly,2023-10-19 02:30:00,temp,19.3,21.246833157515088,2,1,1,129.13517494960337
Bareilly,2023-10-20 02:30:00,temp,18.9,19.895164585882004,2,1,1,129.13517494960337
Bareilly,2023-10-21 02:15:00,temp,19.4,19.439902259828237,2,1,1,129.13517494960337
Bareilly,2023-10-22 02:30:00,temp,19.2,20.0169154935876,2,1,1,129.13517494960337
Bareilly,2023-10-23 02:15:00,temp,20.1,19.36286256477046,2,1,1,129.13517494960337
Bareilly,2023-10-24 02:15:00,temp,19.8,20.452256774826946,2,1,1,129.13517494960337
Bareilly,2023-10-25 02:30:00,temp,20.5,19.64452079970254,2,1,1,129.13517494960337
Bareilly,2023-10-26 02:00:00,temp,20.5,20.611672632000158,2,1,1,129.13517494960337
Bareilly,2023-10-27 02:30:00,temp,20.4,20.31778007992309,2,1,1,129.13517494960337
Bareilly,2023-10-28 02:00:00,temp,19.8,20.25616904761768,2,1,1,129.13517494960337
Bareilly,2023-10-29 02:45:00,temp,20.3,19.976448966463344,2,1,1,129.13517494960337
Bareilly,2023-10-30 02:00:00,temp,20.1,20.48183724308618,2,1,1,129.13517494960337
Bargarh,2023-10-15 02:30:00,temp,22.8,23.596584690934456,1,1,1,101.15683149883623
Bargarh,2023-10-16 02:30:00,temp,22.2,22.97978900143596,1,1,1,101.15683149883623
Bargarh,2023-10-17 02:30:00,temp,22.7,22.486684986431467,1,1,1,101.15683149883623
Bargarh,2023-10-18 02:30:00,temp,22.5,22.84992342412942,1,1,1,101.15683149883623
Bargarh,2023-10-19 02:30:00,temp,22.2,22.675641044898686,1,1,1,101.15683149883623
Bargarh,2023-10-20 02:30:00,temp,22.0,22.41539817159199,1,1,1,101.15683149883623
Bargarh,2023-10-21 02:15:00,temp,21.2,22.224402705980456,1,1,1,101.15683149883623
Bargarh,2023-10-22 02:30:00,temp,19.6,21.52108047062938,1,1,1,101.15683149883623
Bargarh,2023-10-23 02:15:00,temp,19.4,19.48760610508091,1,1,1,101.15683149883623
Bargarh,2023-10-24 02:15:00,temp,19.7,19.6378765620893,1,1,1,101.15683149883623
Bargarh,2023-10-25 02:15:00,temp,20.5,19.693835521510405,1,1,1,101.15683149883623
Bargarh,2023-10-26 02:00:00,temp,19.5,20.598778564193257,1,1,1,101.15683149883623
Bargarh,2023-10-27 02:15:00,temp,18.7,19.373952778236784,1,1,1,101.15683149883623
Bargarh,2023-10-28 02:00:00,temp,19.2,18.767929750420368,1,1,1,101.15683149883623
Bargarh,2023-10-29 02:45:00,temp,19.4,19.16195059273745,1,1,1,101.15683149883623
Bargarh,2023-10-30 02:00:00,temp,19.5,19.44976257196798,1,1,1,101.15683149883623
Barmer,2023-10-15 02:30:00,temp,27.6,28.159407759352433,1,1,1,172.32319810345584
Barmer,2023-10-16 02:30:00,temp,26.7,27.66282287027409,1,1,1,172.32319810345584
Barmer,2023-10-17 02:30:00,temp,26.8,27.15911431264207,1,1,1,172.32319810345584
Barmer,2023-10-18 02:30:00,temp,27.0,27.203336657025908,1,1,1,172.32319810345584
Barmer,2023-10-19 02:30:00,temp,26.7,27.306674628416662,1,1,1,172.32319810345584
Barmer,2023-10-20 02:30:00,temp,28.1,27.129251916410432,1,1,1,172.32319810345584
Barmer,2023-10-21 02:15:00,temp,28.3,27.906795730584086,1,1,1,172.32319810345584
Barmer,2023-10-22 02:30:00,temp,28.5,28.021764645878186,1,1,1,172.32319810345584
Barmer,2023-10-23 02:15:00,temp,28.7,28.139164923325065,1,1,1,172.32319810345584
Barmer,2023-10-24 02:15:00,temp,27.9,28.259179770768807,1,1,1,172.32319810345584
Barmer,2023-10-25 02:30:00,temp,27.9,27.81941650097778,1,1,1,172.32319810345584
Barmer,2023-10-26 02:00:00,temp,27.1,27.820751693706278,1,1,1,172.32319810345584
Barmer,2023-10-27 02:15:00,temp,27.1,27.37844094268955,1,1,1,172.32319810345584
Barmer,2023-10-28 02:00:00,temp,28.4,27.37292128329287,1,1,1,172.32319810345584
Barmer,2023-10-29 02:45:00,temp,26.8,28.087119256762687,1,1,1,172.32319810345584
Barmer,2023-10-30 02:00:00,temp,27.5,27.217639195989168,1,1,1,172.32319810345584
Barnala,2023-10-15 02:30:00,temp,24.0,23.62310353904829,2,1,1,177.45273611290693
Barnala,2023-10-16 02:30:00,temp,22.3,24.176968533648576,2,1,1,177.45273611290693
Barnala,2023-10-17 02:30:00,temp,18.6,22.654567273108633,2,1,1,177.45273611290693
Barnala,2023-10-18 02:30:00,temp,19.7,19.9181442012712,2,1,1,177.45273611290693
Barnala,2023-10-19 02:15:00,temp,19.4,21.68063346780521,2,1,1,177.45273611290693
Barnala,2023-10-20 02:30:00,temp,20.6,20.613136805773234,2,1,1,177.45273611290693
Barnala,2023-10-21 02:15:00,temp,20.3,21.514847682545728,2,1,1,177.45273611290693
Barnala,2023-10-22 02:15:00,temp,21.8,20.7951359440647,2,1,1,177.45273611290693
Barnala,2023-10-23 02:15:00,temp,21.3,22.092818779109347,2,1,1,177.45273611290693
Barnala,2023-10-24 02:15:00,temp,21.3,21.2927071072125,2,1,1,177.45273611290693
Barnala,2023-10-25 02:15:00,temp,21.4,21.39669559604657,2,1,1,177.45273611290693
Barnala,2023-10-26 02:00:00,temp,20.9,21.465748261140686,2,1,1,177.45273611290693
Barnala,2023-10-27 02:15:00,temp,20.5,21.01101449725494,2,1,1,177.45273611290693
Barnala,2023-10-28 02:00:00,temp,22.1,20.758192399292447,2,1,1,177.45273611290693
Barnala,2023-10-29 02:45:00,temp,22.3,22.137054582176418,2,1,1,177.45273611290693
Barnala,2023-10-30 02:00:00,temp,21.9,21.96993065002474,2,1,1,177.45273611290693
Barpeta,2023-10-15 02:30:00,temp,21.9,22.7,0,1,0,109.73537897115338
Barpeta,2023-10-16 02:30:00,temp,21.8,21.9,0,1,0,109.73537897115338
Barpeta,2023-10-17 02:15:00,temp,21.7,21.8,0,1,0,109.73537897115338
Barpeta,2023-10-18 02:30:00,temp,21.8,21.7,0,1,0,109.73537897115338
Barpeta,2023-10-19 02:15:00,temp,21.6,21.8,0,1,0,109.73537897115338
Barpeta,2023-10-20 02:30:00,temp,21.2,21.6,0,1,0,109.73537897115338
Barpeta,2023-10-21 02:15:00,temp,20.7,21.2,0,1,0,109.73537897115338
Barpeta,2023-10-22 02:15:00,temp,20.3,20.7,0,1,0,109.73537897115338
Barpeta,2023-10-23 02:15:00,temp,20.0,20.3,0,1,0,109.73537897115338
Barpeta,2023-10-24 02:15:00,temp,21.0,20.0,0,1,0,109.73537897115338
Barpeta,2023-10-25 02:15:00,temp,20.2,21.0,0,1,0,109.73537897115338
Barpeta,2023-10-26 02:00:00,temp,20.8,20.2,0,1,0,109.73537897115338
Barpeta,2023-10-27 02:15:00,temp,21.2,20.8,0,1,0,109.73537897115338
Barpeta,2023-10-28 02:00:00,temp,20.5,21.2,0,1,0,109.73537897115338
Barpeta,2023-10-29 02:30:00,temp,20.4,20.5,0,1,0,109.73537897115338
Barpeta,2023-10-30 01:45:00,temp,21.0,20.4,0,1,0,109.73537897115338
Barwani,2023-10-15 02:30:00,temp,26.3,26.051326383067128,0,0,2,101.25403450805251
Barwani,2023-10-16 02:30:00,temp,25.1,24.832030332576,0,0,2,101.25403450805251
Barwani,2023-10-17 02:15:00,temp,24.2,23.85300219281934,0,0,2,101.25403450805251
Barwani,2023-10-18 02:15:00,temp,24.1,23.97116874799209,0,0,2,101.25403450805251
Barwani,2023-10-19 02:15:00,temp,24.1,23.853878835826112,0,0,2,101.25403450805251
Barwani,2023-10-20 02:15:00,temp,24.5,23.824952703278427,0,0,2,101.25403450805251
Barwani,2023-10-21 02:00:00,temp,24.6,24.31400687423581,0,0,2,101.25403450805251
Barwani,2023-10-22 02:15:00,temp,25.6,24.302672449304776,0,0,2,101.25403450805251
Barwani,2023-10-23 02:00:00,temp,24.9,24.91657236376021,0,0,2,101.25403450805251
Barwani,2023-10-24 02:15:00,temp,24.4,24.582732989647422,0,0,2,101.25403450805251
Barwani,2023-10-25 02:15:00,temp,23.7,23.46937415870092,0,0,2,101.25403450805251
Barwani,2023-10-26 02:00:00,temp,22.2,23.704943257444818,0,0,2,101.25403450805251
Barwani,2023-10-27 02:15:00,temp,22.1,22.603043629345496,0,0,2,101.25403450805251
Barwani,2023-10-28 02:00:00,temp,21.9,22.050258600899884,0,0,2,101.25403450805251
Barwani,2023-10-29 02:30:00,temp,21.9,23.046506354712392,0,0,2,101.25403450805251
Barwani,2023-10-30 01:45:00,temp,22.4,22.49447337601963,0,0,2,101.25403450805251
Bastar,2023-10-15 02:30:00,temp,20.2,19.316266122678122,0,1,2,102.16373178263841
Bastar,2023-10-16 02:30:00,temp,19.3,20.556457095466865,0,1,2,102.16373178263841
Bastar,2023-10-17 02:30:00,temp,18.8,19.271695351611566,0,1,2,102.16373178263841
Bastar,2023-10-18 02:30:00,temp,18.4,19.305373639863085,0,1,2,102.16373178263841
Bastar,2023-10-19 02:15:00,temp,19.2,18.67686508122979,0,1,2,102.16373178263841
Bastar,2023-10-20 02:30:00,temp,18.5,19.397358041216297,0,1,2,102.16373178263841
Bastar,2023-10-21 02:15:00,temp,18.2,18.513980282513543,0,1,2,102.16373178263841
Bastar,2023-10-22 02:15:00,temp,16.5,18.5038635634944,0,1,2,102.16373178263841
Bastar,2023-10-23 02:15:00,temp,15.7,16.85992488043931,0,1,2,102.16373178263841
Bastar,2023-10-24 02:15:00,temp,16.4,16.18689290435271,0,1,2,102.16373178263841
Bastar,2023-10-25 02:15:00,temp,17.8,16.61800269336055,0,1,2,102.16373178263841
Bastar,2023-10-26 02:00:00,temp,17.6,17.667000628211042,0,1,2,102.16373178263841
Bastar,2023-10-27 02:15:00,temp,16.2,17.305769291426458,0,1,2,102.16373178263841
Bastar,2023-10-28 02:00:00,temp,16.5,16.330362661324738,0,1,2,102.16373178263841
Bastar,2023-10-29 02:30:00,temp,16.6,16.794802008890834,0,1,2,102.16373178263841
Bastar,2023-10-30 01:45:00,temp,16.2,16.57283416561567,0,1,2,102.16373178263841
Basti,2023-10-15 02:30:00,temp,23.1,22.96549734155923,1,1,2,131.66215296801505
Basti,2023-10-16 02:30:00,temp,23.2,23.76282935595361,1,1,2,131.66215296801505
Basti,2023-10-17 02:30:00,temp,20.9,23.381789945225844,1,1,2,131.66215296801505
Basti,2023-10-18 02:30:00,temp,21.5,20.895982705988963,1,1,2,131.66215296801505
Basti,2023-10-19 02:30:00,temp,20.0,22.60731050953964,1,1,2,131.66215296801505
Basti,2023-10-20 02:30:00,temp,19.9,20.07462769577546,1,1,2,131.66215296801505
Basti,2023-10-21 02:15:00,temp,19.9,20.554690182861943,1,1,2,131.66215296801505
Basti,2023-10-22 02:30:00,temp,20.1,20.15064403782696,1,1,2,131.66215296801505
Basti,2023-10-23 02:15:00,temp,20.9,20.345952832964656,1,1,2,131.66215296801505
Basti,2023-10-24 02:15:00,temp,21.7,21.072570288649707,1,1,2,131.66215296801505
Basti,2023-10-25 02:30:00,temp,21.9,21.7044743336139,1,1,2,131.66215296801505
Basti,2023-10-26 02:00:00,temp,21.9,21.762879379672416,1,1,2,131.66215296801505
Basti,2023-10-27 02:30:00,temp,21.0,21.790743493408925,1,1,2,131.66215296801505
Basti,2023-10-28 02:00:00,temp,20.9,20.86736240241397,1,1,2,131.66215296801505
Basti,2023-10-29 02:45:00,temp,21.3,21.04943998428663,1,1,2,131.66215296801505
Basti,2023-10-30 02:00:00,temp,20.8,21.374709705234082,1,1,2,131.66215296801505
Baudh,2023-10-15 02:30:00,temp,20.8,22.10411196622752,0,1,2,131.0770084012713
Baudh,2023-10-16 02:30:00,temp,22.0,21.862815577603023,0,1,2,131.0770084012713
Baudh,2023-10-17 02:30:00,temp,22.0,22.52046139395371,0,1,2,131.0770084012713
Baudh,2023-10-18 02:30:00,temp,22.5,22.0841754946881,0,1,2,131.0770084012713
Baudh,2023-10-19 02:30:00,temp,22.0,22.597774602075468,0,1,2,131.0770084012713
Baudh,2023-10-20 02:30:00,temp,21.9,22.008142632108402,0,1,2,131.0770084012713
Baudh,2023-10-21 02:15:00,temp,21.7,22.175449050947126,0,1,2,131.0770084012713
Baudh,2023-10-22 02:30:00,temp,20.0,21.886637717496004,0,1,2,131.0770084012713
Baudh,2023-10-23 02:15:00,temp,18.5,20.707652064959866,0,1,2,131.0770084012713
Baudh,2023-10-24 02:15:00,temp,19.4,19.70696615764128,0,1,2,131.0770084012713
Baudh,2023-10-25 02:15:00,temp,19.1,20.32276850765962,0,1,2,131.0770084012713
Baudh,2023-10-26 02:00:00,temp,19.9,19.383984300462913,0,1,2,131.0770084012713
Baudh,2023-10-27 02:15:00,temp,19.3,20.245543774331768,0,1,2,131.0770084012713
Baudh,2023-10-28 02:00:00,temp,18.8,19.308752367916433,0,1,2,131.0770084012713
Baudh,2023-10-29 02:45:00,temp,19.2,19.218927609362098,0,1,2,131.0770084012713
Baudh,2023-10-30 02:00:00,temp,19.6,19.380863081295594,0,1,2,131.0770084012713
Begusarai,2023-10-15 02:30:00,temp,22.6,24.463248001824184,2,1,2,156.4596595698387
Begusarai,2023-10-16 02:30:00,temp,24.2,23.590603574825156,2,1,2,156.4596595698387
Begusarai,2023-10-17 02:15:00,temp,23.9,24.830172876578246,2,1,2,156.4596595698387
Begusarai,2023-10-18 02:30:00,temp,24.0,24.5467746586849,2,1,2,156.4596595698387
Begusarai,2023-10-19 02:15:00,temp,22.0,24.555304318348448,2,1,2,156.4596595698387
Begusarai,2023-10-20 02:30:00,temp,22.2,22.93746551973765,2,1,2,156.4596595698387
Begusarai,2023-10-21 02:15:00,temp,21.2,22.2025379430632,2,1,2,156.4596595698387
Begusarai,2023-10-22 02:15:00,temp,21.1,22.111210702597717,2,1,2,156.4596595698387
Begusarai,2023-10-23 02:15:00,temp,21.0,21.064420343698053,2,1,2,156.4596595698387
Begusarai,2023-10-24 02:15:00,temp,22.1,21.769145897177847,2,1,2,156.4596595698387
Begusarai,2023-10-25 02:15:00,temp,23.0,21.810491597594194,2,1,2,156.4596595698387
Begusarai,2023-10-26 02:00:00,temp,22.0,23.405291342734955,2,1,2,156.4596595698387
Begusarai,2023-10-27 02:15:00,temp,20.3,21.772643140897916,2,1,2,156.4596595698387
Begusarai,2023-10-28 02:00:00,temp,21.7,21.021866689272823,2,1,2,156.4596595698387
Begusarai,2023-10-29 02:30:00,temp,22.0,21.3973554323947,2,1,2,156.4596595698387
Begusarai,2023-10-30 01:45:00,temp,22.0,22.450128784004853,2,1,2,156.4596595698387
Belgaum,2023-10-15 02:30:00,temp,21.3,21.417596561122387,1,0,0,83.74975253357564
Belgaum,2023-10-16 02:30:00,temp,21.6,20.98229600469,1,0,0,83.74975253357564
Belgaum,2023-10-17 02:30:00,temp,22.7,21.171376126830207,1,0,0,83.74975253357564
Belgaum,2023-10-18 02:30:00,temp,22.2,21.930666848924723,1,0,0,83.74975253357564
Belgaum,2023-10-19 02:30:00,temp,23.3,21.662137405945675,1,0,0,83.74975253357564
Belgaum,2023-10-20 02:30:00,temp,22.3,22.58951036425504,1,0,0,83.74975253357564
Belgaum,2023-10-21 02:15:00,temp,22.4,21.84517556235934,1,0,0,83.74975253357564
Belgaum,2023-10-22 02:30:00,temp,23.4,21.957898197730206,1,0,0,83.74975253357564
Belgaum,2023-10-23 02:15:00,temp,20.6,22.82666264603589,1,0,0,83.74975253357564
Belgaum,2023-10-24 02:15:00,temp,20.5,20.686866616840152,1,0,0,83.74975253357564
Belgaum,2023-10-25 02:15:00,temp,20.0,20.618742539046263,1,0,0,83.74975253357564
Belgaum,2023-10-26 02:00:00,temp,19.7,20.28123205677162,1,0,0,83.74975253357564
Belgaum,2023-10-27 02:15:00,temp,18.7,20.064471912142817,1,0,0,83.74975253357564
Belgaum,2023-10-28 02:00:00,temp,18.8,19.316698199105595,1,0,0,83.74975253357564
Belgaum,2023-10-29 02:45:00,temp,21.2,19.338229700331578,1,0,0,83.74975253357564
Belgaum,2023-10-30 02:00:00,temp,22.2,21.04655033703762,1,0,0,83.74975253357564
Bellary,2023-10-15 02:30:00,temp,25.7,24.30519097612714,1,0,0,145.79806018715988
Bellary,2023-10-16 02:30:00,temp,26.1,24.977521583167285,1,0,0,145.79806018715988
Bellary,2023-10-17 02:30:00,temp,25.7,25.220076705888893,1,0,0,145.79806018715988
Bellary,2023-10-18 02:30:00,temp,25.3,25.052181736777968,1,0,0,145.79806018715988
Bellary,2023-10-19 02:15:00,temp,23.1,24.86495590869144,1,0,0,145.79806018715988
Bellary,2023-10-20 02:30:00,temp,24.0,23.769238199409973,1,0,0,145.79806018715988
Bellary,2023-10-21 02:15:00,temp,23.4,24.201898187473983,1,0,0,145.79806018715988
Bellary,2023-10-22 02:15:00,temp,23.1,23.900944238238033,1,0,0,145.79806018715988
Bellary,2023-10-23 02:15:00,temp,21.5,23.73312358322802,1,0,0,145.79806018715988
Bellary,2023-10-24 02:15:00,temp,20.8,22.83537911331905,1,0,0,145.79806018715988
Bellary,2023-10-25 02:15:00,temp,20.4,22.241939464471645,1,0,0,145.79806018715988
Bellary,2023-10-26 02:00:00,temp,20.2,21.767986071766806,1,0,0,145.79806018715988
Bellary,2023-10-27 02:15:00,temp,19.7,21.435016326818474,1,0,0,145.79806018715988
Bellary,2023-10-28 02:00:00,temp,21.4,20.86801970650487,1,0,0,145.79806018715988
Bellary,2023-10-29 02:45:00,temp,23.8,22.136771528438935,1,0,0,145.79806018715988
Bellary,2023-10-30 02:00:00,temp,22.7,23.86201196584424,1,0,0,145.79806018715988
Betul,2023-10-15 02:30:00,temp,23.7,22.408178969297495,1,0,2,100.04079199497423
Betul,2023-10-16 02:30:00,temp,22.1,22.973053273266924,1,0,2,100.04079199497423
Betul,2023-10-17 02:15:00,temp,20.8,22.61017994883294,1,0,2,100.04079199497423
Betul,2023-10-18 02:15:00,temp,22.3,20.784497056957846,1,0,2,100.04079199497423
Betul,2023-10-19 02:15:00,temp,21.0,21.42115132393801,1,0,2,100.04079199497423
Betul,2023-10-20 02:15:00,temp,21.2,21.96086705107799,1,0,2,100.04079199497423
Betul,2023-10-21 02:00:00,temp,21.3,21.39239617623465,1,0,2,100.04079199497423
Betul,2023-10-22 02:15:00,temp,20.7,21.308793822091342,1,0,2,100.04079199497423
Betul,2023-10-23 02:00:00,temp,20.0,21.2143054113026,1,0,2,100.04079199497423
Betul,2023-10-24 02:15:00,temp,19.7,20.644572603136915,1,0,2,100.04079199497423
Betul,2023-10-25 02:15:00,temp,18.4,20.137410472266946,1,0,2,100.04079199497423
Betul,2023-10-26 02:00:00,temp,18.8,19.308927534208177,1,0,2,100.04079199497423
Betul,2023-10-27 02:15:00,temp,18.8,19.05705504849375,1,0,2,100.04079199497423
Betul,2023-10-28 02:00:00,temp,18.9,19.437362164192443,1,0,2,100.04079199497423
Betul,2023-10-29 02:30:00,temp,18.7,19.556984367748235,1,0,2,100.04079199497423
Betul,2023-10-30 01:45:00,temp,19.4,19.26681447561821,1,0,2,100.04079199497423
Bhabua,2023-10-15 02:30:00,temp,21.6,21.63489242155088,0,1,1,155.5003635485186
Bhabua,2023-10-16 02:30:00,temp,22.1,21.607877778089186,0,1,1,155.5003635485186
Bhabua,2023-10-17 02:15:00,temp,21.8,21.979749185654793,0,1,1,155.5003635485186
Bhabua,2023-10-18 02:30:00,temp,22.2,21.844271212989202,0,1,1,155.5003635485186
Bhabua,2023-10-19 02:15:00,temp,20.5,22.111932589318535,0,1,1,155.5003635485186
Bhabua,2023-10-20 02:30:00,temp,20.0,20.913086089065004,0,1,1,155.5003635485186
Bhabua,2023-10-21 02:15:00,temp,19.6,20.20529529664337,0,1,1,155.5003635485186
Bhabua,2023-10-22 02:15:00,temp,19.8,19.731538784726673,0,1,1,155.5003635485186
Bhabua,2023-10-23 02:15:00,temp,19.0,19.784896596681968,0,1,1,155.5003635485186
Bhabua,2023-10-24 02:15:00,temp,19.5,19.17425010848127,0,1,1,155.5003635485186
Bhabua,2023-10-25 02:15:00,temp,20.4,19.42710332101069,0,1,1,155.5003635485186
Bhabua,2023-10-26 02:00:00,temp,19.2,20.182097825841474,0,1,1,155.5003635485186
Bhabua,2023-10-27 02:15:00,temp,19.7,19.430961264507616,0,1,1,155.5003635485186
Bhabua,2023-10-28 02:00:00,temp,19.6,19.63548277122014,0,1,1,155.5003635485186
Bhabua,2023-10-29 02:30:00,temp,19.7,19.608580189068253,0,1,1,155.5003635485186
Bhabua,2023-10-30 01:45:00,temp,20.2,19.677874848236872,0,1,1,155.5003635485186
Bhadohi,2023-10-15 02:30:00,temp,23.5,22.894956138930326,2,1,2,126.54474139432928
Bhadohi,2023-10-16 02:30:00,temp,23.8,23.561972209974403,2,1,2,126.54474139432928
Bhadohi,2023-10-17 02:30:00,temp,23.2,23.68968533346803,2,1,2,126.54474139432928
Bhadohi,2023-10-18 02:30:00,temp,21.7,23.124215264203716,2,1,2,126.54474139432928
Bhadohi,2023-10-19 02:30:00,temp,21.5,22.16346460169647,2,1,2,126.54474139432928
Bhadohi,2023-10-20 02:30:00,temp,20.9,21.75697506703941,2,1,2,126.54474139432928
Bhadohi,2023-10-21 02:15:00,temp,20.9,21.308256525311332,2,1,2,126.54474139432928
Bhadohi,2023-10-22 02:30:00,temp,19.9,21.39038613703959,2,1,2,126.54474139432928
Bhadohi,2023-10-23 02:15:00,temp,19.6,20.593741492787665,2,1,2,126.54474139432928
Bhadohi,2023-10-24 02:15:00,temp,19.9,20.357308698727245,2,1,2,126.54474139432928
Bhadohi,2023-10-25 02:30:00,temp,20.3,20.590884257440834,2,1,2,126.54474139432928
Bhadohi,2023-10-26 02:00:00,temp,20.4,20.836837486907132,2,1,2,126.54474139432928
Bhadohi,2023-10-27 02:30:00,temp,20.5,20.747372983972415,2,1,2,126.54474139432928
Bhadohi,2023-10-28 02:00:00,temp,19.8,20.64666779308243,2,1,2,126.54474139432928
Bhadohi,2023-10-29 02:45:00,temp,20.2,19.931566812750884,2,1,2,126.54474139432928
Bhadohi,2023-10-30 02:00:00,temp,20.3,20.051002185068064,2,1,2,126.54474139432928
Bhadrak,2023-10-15 02:30:00,temp,23.5,25.011150349058404,0,1,1,87.44446572438503
Bhadrak,2023-10-16 02:30:00,temp,22.7,24.036732304095935,0,1,1,87.44446572438503
Bhadrak,2023-10-17 02:30:00,temp,23.3,23.01734782909124,0,1,1,87.44446572438503
Bhadrak,2023-10-18 02:30:00,temp,23.3,23.228861843996842,0,1,1,87.44446572438503
Bhadrak,2023-10-19 02:30:00,temp,23.3,23.2798056710153,0,1,1,87.44446572438503
Bhadrak,2023-10-20 02:30:00,temp,22.8,23.294250674178567,0,1,1,87.44446572438503
Bhadrak,2023-10-21 02:15:00,temp,22.1,22.940964632650687,0,1,1,87.44446572438503
Bhadrak,2023-10-22 02:30:00,temp,21.4,22.322578471787732,0,1,1,87.44446572438503
Bhadrak,2023-10-23 02:15:00,temp,22.4,21.604403160391715,0,1,1,87.44446572438503
Bhadrak,2023-10-24 02:15:00,temp,22.5,22.198591175405483,0,1,1,87.44446572438503
Bhadrak,2023-10-25 02:30:00,temp,23.0,22.42172867159761,0,1,1,87.44446572438503
Bhadrak,2023-10-26 02:00:00,temp,23.0,22.85558016001513,0,1,1,87.44446572438503
Bhadrak,2023-10-27 02:15:00,temp,22.6,22.964914841985102,0,1,1,87.44446572438503
Bhadrak,2023-10-28 02:00:00,temp,21.6,22.69173832049867,0,1,1,87.44446572438503
Bhadrak,2023-10-29 02:45:00,temp,21.2,21.85935556783231,0,1,1,87.44446572438503
Bhadrak,2023-10-30 02:00:00,temp,21.1,21.328158483259614,0,1,1,87.44446572438503
Bhagalpur,2023-10-15 02:30:00,temp,22.6,23.833395175560945,2,1,2,142.88302863000777
Bhagalpur,2023-10-16 02:30:00,temp,24.3,22.186903861725398,2,1,2,142.88302863000777
Bhagalpur,2023-10-17 02:15:00,temp,23.8,24.09219903892456,2,1,2,142.88302863000777
Bhagalpur,2023-10-18 02:15:00,temp,24.1,23.77458543782468,2,1,2,142.88302863000777
Bhagalpur,2023-10-19 02:15:00,temp,22.2,23.667764524483058,2,1,2,142.88302863000777
Bhagalpur,2023-10-20 02:30:00,temp,21.9,22.35723182349252,2,1,2,142.88302863000777
Bhagalpur,2023-10-21 02:15:00,temp,21.1,21.294989626259426,2,1,2,142.88302863000777
Bhagalpur,2023-10-22 02:15:00,temp,20.9,21.619597474944367,2,1,2,142.88302863000777
Bhagalpur,2023-10-23 02:00:00,temp,21.2,20.23075690912874,2,1,2,142.88302863000777
Bhagalpur,2023-10-24 02:15:00,temp,22.1,21.982714354457915,2,1,2,142.88302863000777
Bhagalpur,2023-10-25 02:15:00,temp,22.8,21.60535442797916,2,1,2,142.88302863000777
Bhagalpur,2023-10-26 02:00:00,temp,22.0,22.702040387529696,2,1,2,142.88302863000777
Bhagalpur,2023-10-27 02:15:00,temp,21.1,21.442391294478874,2,1,2,142.88302863000777
Bhagalpur,2023-10-28 02:00:00,temp,20.8,21.36776686929118,2,1,2,142.88302863000777
Bhagalpur,2023-10-29 02:30:00,temp,21.4,21.281620943213415,2,1,2,142.88302863000777
Bhagalpur,2023-10-30 01:45:00,temp,22.0,21.888001596220207,2,1,2,142.88302863000777
Bhandara,2023-10-15 02:30:00,temp,24.7,24.125518632708957,1,0,0,118.93645057485774
Bhandara,2023-10-16 02:30:00,temp,25.1,24.28189265563511,1,0,0,118.93645057485774
Bhandara,2023-10-17 02:30:00,temp,22.3,24.592045212182366,1,0,0,118.93645057485774
Bhandara,2023-10-18 02:30:00,temp,22.1,22.710173334604185,1,0,0,118.93645057485774
Bhandara,2023-10-19 02:30:00,temp,21.6,22.560482015074612,1,0,0,118.93645057485774
Bhandara,2023-10-20 02:30:00,temp,21.2,22.194174417764277,1,0,0,118.93645057485774
Bhandara,2023-10-21 02:15:00,temp,19.9,21.86369380400972,1,0,0,118.93645057485774
Bhandara,2023-10-22 02:30:00,temp,19.3,20.77360648368746,1,0,0,118.93645057485774
Bhandara,2023-10-23 02:15:00,temp,18.7,20.103133680230805,1,0,0,118.93645057485774
Bhandara,2023-10-24 02:15:00,temp,17.9,19.39984953732559,1,0,0,118.93645057485774
Bhandara,2023-10-25 02:15:00,temp,18.1,18.482555781749266,1,0,0,118.93645057485774
Bhandara,2023-10-26 02:00:00,temp,17.9,18.599408778324133,1,0,0,118.93645057485774
Bhandara,2023-10-27 02:15:00,temp,17.4,18.33633398260657,1,0,0,118.93645057485774
Bhandara,2023-10-28 02:00:00,temp,18.4,17.781502991881233,1,0,0,118.93645057485774
Bhandara,2023-10-29 02:45:00,temp,18.3,18.75362417305514,1,0,0,118.93645057485774
Bhandara,2023-10-30 02:00:00,temp,18.4,18.629864090195486,1,0,0,118.93645057485774
Bharatpur,2023-10-15 02:30:00,temp,28.8,27.046966373854197,2,0,2,159.72114728808265
Bharatpur,2023-10-16 02:30:00,temp,27.5,27.76923030100957,2,0,2,159.72114728808265
Bharatpur,2023-10-17 02:30:00,temp,21.6,27.891923630590306,2,0,2,159.72114728808265
Bharatpur,2023-10-18 02:30:00,temp,23.7,24.25136768172744,2,0,2,159.72114728808265
Bharatpur,2023-10-19 02:30:00,temp,23.5,24.817776588643376,2,0,2,159.72114728808265
Bharatpur,2023-10-20 02:30:00,temp,23.5,26.408864419654705,2,0,2,159.72114728808265
Bharatpur,2023-10-21 02:15:00,temp,23.5,27.32117819723645,2,0,2,159.72114728808265
Bharatpur,2023-10-22 02:30:00,temp,23.3,25.189436800240657,2,0,2,159.72114728808265
Bharatpur,2023-10-23 02:15:00,temp,23.7,24.858530519462317,2,0,2,159.72114728808265
Bharatpur,2023-10-24 02:15:00,temp,23.1,25.063454044239545,2,0,2,159.72114728808265
Bharatpur,2023-10-25 02:30:00,temp,22.7,24.385361782687074,2,0,2,159.72114728808265
Bharatpur,2023-10-26 02:00:00,temp,23.0,23.97591854812607,2,0,2,159.72114728808265
Bharatpur,2023-10-27 02:15:00,temp,22.5,24.180690661977984,2,0,2,159.72114728808265
Bharatpur,2023-10-28 02:00:00,temp,22.3,23.327036078403243,2,0,2,159.72114728808265
Bharatpur,2023-10-29 02:45:00,temp,23.4,23.084014889562976,2,0,2,159.72114728808265
Bharatpur,2023-10-30 02:00:00,temp,23.9,23.850332431684656,2,0,2,159.72114728808265
Bharuch,2023-10-15 02:30:00,temp,28.4,27.91378763413277,0,0,2,102.58728633491002
Bharuch,2023-10-16 02:30:00,temp,26.2,27.114846955830338,0,0,2,102.58728633491002
Bharuch,2023-10-17 02:15:00,temp,26.7,25.34374386477116,0,0,2,102.58728633491002
Bharuch,2023-10-18 02:15:00,temp,26.4,26.73246013706869,0,0,2,102.58728633491002
Bharuch,2023-10-19 02:15:00,temp,25.6,26.794097921300978,0,0,2,102.58728633491002
Bharuch,2023-10-20 02:30:00,temp,25.0,24.25695798176485,0,0,2,102.58728633491002
Bharuch,2023-10-21 02:15:00,temp,25.8,25.726737366481355,0,0,2,102.58728633491002
Bharuch,2023-10-22 02:15:00,temp,25.8,26.56719862434156,0,0,2,102.58728633491002
Bharuch,2023-10-23 02:00:00,temp,26.0,25.320009986903948,0,0,2,102.58728633491002
Bharuch,2023-10-24 02:15:00,temp,25.2,26.10373323172473,0,0,2,102.58728633491002
Bharuch,2023-10-25 02:15:00,temp,24.7,25.382613918892158,0,0,2,102.58728633491002
Bharuch,2023-10-26 02:00:00,temp,25.0,24.676018498210798,0,0,2,102.58728633491002
Bharuch,2023-10-27 02:15:00,temp,24.4,25.755595513366238,0,0,2,102.58728633491002
Bharuch,2023-10-28 02:00:00,temp,24.1,24.784002368145696,0,0,2,102.58728633491002
Bharuch,2023-10-29 02:30:00,temp,24.7,24.443254963242513,0,0,2,102.58728633491002
Bharuch,2023-10-30 01:45:00,temp,25.2,25.678180820376394,0,0,2,102.58728633491002
Bhavnagar,2023-10-15 02:30:00,temp,29.0,27.508388928901283,2,0,1,122.0958480326992
Bhavnagar,2023-10-16 02:30:00,temp,27.8,27.07701271299861,2,0,1,122.0958480326992
Bhavnagar,2023-10-17 02:15:00,temp,28.3,26.41477245261109,2,0,1,122.0958480326992
Bhavnagar,2023-10-18 02:15:00,temp,29.0,26.899018159931515,2,0,1,122.0958480326992
Bhavnagar,2023-10-19 02:15:00,temp,28.6,27.526783738764692,2,0,1,122.0958480326992
Bhavnagar,2023-10-20 02:30:00,temp,28.7,27.494608674531236,2,0,1,122.0958480326992
Bhavnagar,2023-10-21 02:15:00,temp,29.2,27.98589310143982,2,0,1,122.0958480326992
Bhavnagar,2023-10-22 02:15:00,temp,28.6,28.306125736655435,2,0,1,122.0958480326992
Bhavnagar,2023-10-23 02:00:00,temp,28.6,28.05591939026263,2,0,1,122.0958480326992
Bhavnagar,2023-10-24 02:15:00,temp,28.3,28.033178543283864,2,0,1,122.0958480326992
Bhavnagar,2023-10-25 02:15:00,temp,28.6,27.92720019416908,2,0,1,122.0958480326992
Bhavnagar,2023-10-26 02:00:00,temp,28.6,28.057369694629298,2,0,1,122.0958480326992
Bhavnagar,2023-10-27 02:15:00,temp,27.6,28.125633654714214,2,0,1,122.0958480326992
Bhavnagar,2023-10-28 02:00:00,temp,27.8,27.57685341320734,2,0,1,122.0958480326992
Bhavnagar,2023-10-29 02:30:00,temp,28.0,27.620376661807253,2,0,1,122.0958480326992
Bhavnagar,2023-10-30 01:45:00,temp,28.1,27.776954206255333,2,0,1,122.0958480326992
Bhilwara,2023-10-15 02:30:00,temp,24.4,24.804952917133473,1,0,0,121.55965992018722
Bhilwara,2023-10-16 02:30:00,temp,24.2,24.30279570428586,1,0,0,121.55965992018722
Bhilwara,2023-10-17 02:30:00,temp,21.8,24.193132004873764,1,0,0,121.55965992018722
Bhilwara,2023-10-18 02:30:00,temp,22.2,22.859775925307257,1,0,0,121.55965992018722
Bhilwara,2023-10-19 02:30:00,temp,22.8,23.008490991838173,1,0,0,121.55965992018722
Bhilwara,2023-10-20 02:30:00,temp,22.3,23.333565387144116,1,0,0,121.55965992018722
Bhilwara,2023-10-21 02:15:00,temp,23.0,22.992330041042443,1,0,0,121.55965992018722
Bhilwara,2023-10-22 02:30:00,temp,23.8,23.405960694220195,1,0,0,121.55965992018722
Bhilwara,2023-10-23 02:15:00,temp,24.0,23.886878585228388,1,0,0,121.55965992018722
Bhilwara,2023-10-24 02:15:00,temp,22.3,24.00587569962846,1,0,0,121.55965992018722
Bhilwara,2023-10-25 02:30:00,temp,22.1,22.982705622874526,1,0,0,121.55965992018722
Bhilwara,2023-10-26 02:00:00,temp,22.0,22.81084065525975,1,0,0,121.55965992018722
Bhilwara,2023-10-27 02:15:00,temp,21.6,22.69712284051522,1,0,0,121.55965992018722
Bhilwara,2023-10-28 02:00:00,temp,22.2,22.36668875635234,1,0,0,121.55965992018722
Bhilwara,2023-10-29 02:45:00,temp,22.9,22.748010063378892,1,0,0,121.55965992018722
Bhilwara,2023-10-30 02:00:00,temp,22.3,23.21348342644494,1,0,0,121.55965992018722
Bhind,2023-10-15 02:30:00,temp,28.0,26.410781598953772,2,1,1,151.9871218204298
Bhind,2023-10-16 02:30:00,temp,27.0,27.892815418774823,2,1,1,151.9871218204298
Bhind,2023-10-17 02:15:00,temp,21.6,26.468658098848188,2,1,1,151.9871218204298
Bhind,2023-10-18 02:15:00,temp,22.9,22.27689703741244,2,1,1,151.9871218204298
Bhind,2023-10-19 02:15:00,temp,23.6,25.34279798953242,2,1,1,151.9871218204298
Bhind,2023-10-20 02:15:00,temp,22.5,24.913585432079582,2,1,1,151.9871218204298
Bhind,2023-10-21 02:00:00,temp,22.1,23.446287687770592,2,1,1,151.9871218204298
Bhind,2023-10-22 02:15:00,temp,22.0,23.09678961923195,2,1,1,151.9871218204298
Bhind,2023-10-23 02:00:00,temp,22.3,22.759435746611636,2,1,1,151.9871218204298
Bhind,2023-10-24 02:15:00,temp,21.8,22.79863875604078,2,1,1,151.9871218204298
Bhind,2023-10-25 02:15:00,temp,21.8,22.055691243953664,2,1,1,151.9871218204298
Bhind,2023-10-26 02:00:00,temp,22.1,22.111177018606686,2,1,1,151.9871218204298
Bhind,2023-10-27 02:15:00,temp,21.8,22.274368431697933,2,1,1,151.9871218204298
Bhind,2023-10-28 02:00:00,temp,21.8,21.856926596673212,2,1,1,151.9871218204298
Bhind,2023-10-29 02:30:00,temp,22.8,21.927119933080856,2,1,1,151.9871218204298
Bhind,2023-10-30 01:45:00,temp,23.3,22.766972689225966,2,1,1,151.9871218204298
Bhiwani,2023-10-15 02:30:00,temp,26.6,26.97556993330327,0,0,2,171.12355051193103
Bhiwani,2023-10-16 02:30:00,temp,26.2,27.025920300569542,0,0,2,171.12355051193103
Bhiwani,2023-10-17 02:15:00,temp,19.7,26.615980371968,0,0,2,171.12355051193103
Bhiwani,2023-10-18 02:30:00,temp,23.4,21.720611251049057,0,0,2,171.12355051193103
Bhiwani,2023-10-19 02:15:00,temp,21.9,25.477302387878325,0,0,2,171.12355051193103
Bhiwani,2023-10-20 02:30:00,temp,22.8,25.722681988106313,0,0,2,171.12355051193103
Bhiwani,2023-10-21 02:15:00,temp,23.6,24.060243058163024,0,0,2,171.12355051193103
Bhiwani,2023-10-22 02:15:00,temp,23.4,25.59399750045477,0,0,2,171.12355051193103
Bhiwani,2023-10-23 02:15:00,temp,23.4,25.31276149716505,0,0,2,171.12355051193103
Bhiwani,2023-10-24 02:15:00,temp,22.5,24.699553442589803,0,0,2,171.12355051193103
Bhiwani,2023-10-25 02:15:00,temp,23.2,24.49071318406873,0,0,2,171.12355051193103
Bhiwani,2023-10-26 02:00:00,temp,22.9,24.85448476267978,0,0,2,171.12355051193103
Bhiwani,2023-10-27 02:15:00,temp,22.2,24.669006662045728,0,0,2,171.12355051193103
Bhiwani,2023-10-28 02:00:00,temp,23.6,23.92898289483645,0,0,2,171.12355051193103
Bhiwani,2023-10-29 02:30:00,temp,24.7,25.12540501108384,0,0,2,171.12355051193103
Bhiwani,2023-10-30 01:45:00,temp,24.7,25.94749171040955,0,0,2,171.12355051193103
Bhojpur,2023-10-15 02:30:00,temp,20.9,22.014178258625485,0,1,2,120.51206747414547
Bhojpur,2023-10-16 02:30:00,temp,20.4,21.601976190989287,0,1,2,120.51206747414547
Bhojpur,2023-10-17 02:15:00,temp,20.4,21.122809731041215,0,1,2,120.51206747414547
Bhojpur,2023-10-18 02:30:00,temp,20.8,20.945118308897346,0,1,2,120.51206747414547
Bhojpur,2023-10-19 02:15:00,temp,20.3,21.041642744827012,0,1,2,120.51206747414547
Bhojpur,2023-10-20 02:30:00,temp,20.0,20.507665822012687,0,1,2,120.51206747414547
Bhojpur,2023-10-21 02:15:00,temp,19.1,20.315545834620355,0,1,2,120.51206747414547
Bhojpur,2023-10-22 02:15:00,temp,17.6,19.488464669593025,0,1,2,120.51206747414547
Bhojpur,2023-10-23 02:15:00,temp,18.3,18.178116580025613,0,1,2,120.51206747414547
Bhojpur,2023-10-24 02:15:00,temp,19.0,18.711317267832463,0,1,2,120.51206747414547
Bhojpur,2023-10-25 02:15:00,temp,21.2,18.9302910321149,0,1,2,120.51206747414547
Bhojpur,2023-10-26 02:00:00,temp,18.7,20.70366274401772,0,1,2,120.51206747414547
Bhojpur,2023-10-27 02:15:00,temp,17.0,18.67210684349753,0,1,2,120.51206747414547
Bhojpur,2023-10-28 02:00:00,temp,17.3,17.906504987788953,0,1,2,120.51206747414547
Bhojpur,2023-10-29 02:30:00,temp,17.9,17.837850616380923,0,1,2,120.51206747414547
Bhojpur,2023-10-30 01:45:00,temp,18.1,18.054172647327118,0,1,2,120.51206747414547
Bhopal,2023-10-15 02:30:00,temp,23.8,22.669013115379588,1,1,1,133.84759229283625
Bhopal,2023-10-16 02:30:00,temp,24.2,23.353380150980968,1,1,1,133.84759229283625
Bhopal,2023-10-17 02:15:00,temp,21.7,23.695753954646634,1,1,1,133.84759229283625
Bhopal,2023-10-18 02:15:00,temp,23.0,22.074740394505348,1,1,1,133.84759229283625
Bhopal,2023-10-19 02:15:00,temp,22.1,22.843760141058237,1,1,1,133.84759229283625
Bhopal,2023-10-20 02:15:00,temp,21.8,22.310718983157642,1,1,1,133.84759229283625
Bhopal,2023-10-21 02:00:00,temp,21.0,22.117516330212716,1,1,1,133.84759229283625
Bhopal,2023-10-22 02:15:00,temp,21.1,21.607468926673405,1,1,1,133.84759229283625
Bhopal,2023-10-23 02:00:00,temp,20.6,21.609383930826628,1,1,1,133.84759229283625
Bhopal,2023-10-24 02:00:00,temp,20.0,21.234550316978368,1,1,1,133.84759229283625
Bhopal,2023-10-25 02:15:00,temp,19.7,20.74626915557227,1,1,1,133.84759229283625
Bhopal,2023-10-26 02:00:00,temp,20.1,20.41708900419541,1,1,1,133.84759229283625
Bhopal,2023-10-27 02:15:00,temp,19.9,20.600741311830923,1,1,1,133.84759229283625
Bhopal,2023-10-28 01:45:00,temp,19.4,20.378201880920223,1,1,1,133.84759229283625
Bhopal,2023-10-29 02:30:00,temp,19.6,19.919940803405,1,1,1,133.84759229283625
Bhopal,2023-10-30 01:45:00,temp,20.0,19.974930719643677,1,1,1,133.84759229283625
Bid,2023-10-15 02:30:00,temp,23.4,23.20848913261438,1,0,0,116.77846423117568
Bid,2023-10-16 02:30:00,temp,25.2,23.268159722016176,1,0,0,116.77846423117568
Bid,2023-10-17 02:30:00,temp,23.5,24.33576496318468,1,0,0,116.77846423117568
Bid,2023-10-18 02:30:00,temp,22.4,23.33727576545194,1,0,0,116.77846423117568
Bid,2023-10-19 02:30:00,temp,23.2,22.740491231467487,1,0,0,116.77846423117568
Bid,2023-10-20 02:30:00,temp,22.9,23.166636124389516,1,0,0,116.77846423117568
Bid,2023-10-21 02:15:00,temp,22.4,23.00675929153946,1,0,0,116.77846423117568
Bid,2023-10-22 02:30:00,temp,21.9,22.736132932255025,1,0,0,116.77846423117568
Bid,2023-10-23 02:15:00,temp,21.3,22.449019794818717,1,0,0,116.77846423117568
Bid,2023-10-24 02:15:00,temp,20.7,22.066510274728657,1,0,0,116.77846423117568
Bid,2023-10-25 02:15:00,temp,20.4,21.610528408052094,1,0,0,116.77846423117568
Bid,2023-10-26 02:00:00,temp,19.0,21.29301880259719,1,0,0,116.77846423117568
Bid,2023-10-27 02:15:00,temp,18.3,20.02359687344238,1,0,0,116.77846423117568
Bid,2023-10-28 02:00:00,temp,19.1,19.14132190964944,1,0,0,116.77846423117568
Bid,2023-10-29 02:45:00,temp,19.0,19.7779148901968,1,0,0,116.77846423117568
Bid,2023-10-30 02:00:00,temp,19.3,19.60266488251033,1,0,0,116.77846423117568
Bidar,2023-10-15 02:30:00,temp,23.1,22.173971308823635,2,0,1,108.50423083024383
Bidar,2023-10-16 02:30:00,temp,22.3,22.575451805014165,2,0,1,108.50423083024383
Bidar,2023-10-17 02:30:00,temp,21.9,22.1014949919843,2,0,1,108.50423083024383
Bidar,2023-10-18 02:30:00,temp,21.5,21.966382762212135,2,0,1,108.50423083024383
Bidar,2023-10-19 02:15:00,temp,21.9,21.90295761271145,2,0,1,108.50423083024383
Bidar,2023-10-20 02:30:00,temp,22.1,22.27347546132066,2,0,1,108.50423083024383
Bidar,2023-10-21 02:15:00,temp,21.0,22.45828117128462,2,0,1,108.50423083024383
Bidar,2023-10-22 02:15:00,temp,20.4,22.001313455741137,2,0,1,108.50423083024383
Bidar,2023-10-23 02:15:00,temp,19.5,21.837663356956696,2,0,1,108.50423083024383
Bidar,2023-10-24 02:15:00,temp,19.6,21.186757153612994,2,0,1,108.50423083024383
Bidar,2023-10-25 02:15:00,temp,19.5,21.022787227660245,2,0,1,108.50423083024383
Bidar,2023-10-26 02:00:00,temp,19.0,20.452826786841825,2,0,1,108.50423083024383
Bidar,2023-10-27 02:15:00,temp,18.3,19.831032758616868,2,0,1,108.50423083024383
Bidar,2023-10-28 02:00:00,temp,18.4,18.966155122809305,2,0,1,108.50423083024383
Bidar,2023-10-29 02:45:00,temp,19.1,19.02412578425775,2,0,1,108.50423083024383
Bidar,2023-10-30 02:00:00,temp,19.9,19.618384582692265,2,0,1,108.50423083024383
Bijapur,2023-10-15 02:30:00,temp,25.4,24.8,0,1,0,139.82606701209312
Bijapur,2023-10-16 02:30:00,temp,26.7,25.4,0,1,0,139.82606701209312
Bijapur,2023-10-17 02:30:00,temp,27.2,26.7,0,1,0,139.82606701209312
Bijapur,2023-10-18 02:30:00,temp,25.6,27.2,0,1,0,139.82606701209312
Bijapur,2023-10-19 02:15:00,temp,25.1,25.6,0,1,0,139.82606701209312
Bijapur,2023-10-20 02:30:00,temp,25.7,25.1,0,1,0,139.82606701209312
Bijapur,2023-10-21 02:15:00,temp,25.0,25.7,0,1,0,139.82606701209312
Bijapur,2023-10-22 02:15:00,temp,25.3,25.0,0,1,0,139.82606701209312
Bijapur,2023-10-23 02:15:00,temp,23.3,25.3,0,1,0,139.82606701209312
Bijapur,2023-10-24 02:15:00,temp,23.4,23.3,0,1,0,139.82606701209312
Bijapur,2023-10-25 02:15:00,temp,22.7,23.4,0,1,0,139.82606701209312
Bijapur,2023-10-26 02:00:00,temp,22.1,22.7,0,1,0,139.82606701209312
Bijapur,2023-10-27 02:15:00,temp,21.6,22.1,0,1,0,139.82606701209312
Bijapur,2023-10-28 02:00:00,temp,21.5,21.6,0,1,0,139.82606701209312
Bijapur,2023-10-29 02:30:00,temp,22.6,21.5,0,1,0,139.82606701209312
Bijapur,2023-10-30 01:45:00,temp,24.9,22.6,0,1,0,139.82606701209312
Bijnor,2023-10-15 02:30:00,temp,22.6,22.10655555813677,1,1,1,154.8320011177435
Bijnor,2023-10-16 02:30:00,temp,22.3,22.73945144356434,1,1,1,154.8320011177435
Bijnor,2023-10-17 02:30:00,temp,18.9,22.516095629975993,1,1,1,154.8320011177435
Bijnor,2023-10-18 02:30:00,temp,19.4,20.107612311946752,1,1,1,154.8320011177435
Bijnor,2023-10-19 02:30:00,temp,18.5,20.22447711333028,1,1,1,154.8320011177435
Bijnor,2023-10-20 02:30:00,temp,18.7,19.326568024962025,1,1,1,154.8320011177435
Bijnor,2023-10-21 02:15:00,temp,19.2,19.305400993803815,1,1,1,154.8320011177435
Bijnor,2023-10-22 02:30:00,temp,18.6,19.587291245342172,1,1,1,154.8320011177435
Bijnor,2023-10-23 02:15:00,temp,19.6,19.02163516105984,1,1,1,154.8320011177435
Bijnor,2023-10-24 02:15:00,temp,19.0,19.74108402410873,1,1,1,154.8320011177435
Bijnor,2023-10-25 02:30:00,temp,19.6,19.23700937314552,1,1,1,154.8320011177435
Bijnor,2023-10-26 02:00:00,temp,19.9,19.66293056570604,1,1,1,154.8320011177435
Bijnor,2023-10-27 02:30:00,temp,19.6,19.886110913782336,1,1,1,154.8320011177435
Bijnor,2023-10-28 02:00:00,temp,19.3,19.65602272853064,1,1,1,154.8320011177435
Bijnor,2023-10-29 02:45:00,temp,19.2,19.415671151165697,1,1,1,154.8320011177435
Bijnor,2023-10-30 02:00:00,temp,19.2,19.31870449558259,1,1,1,154.8320011177435
Bikaner,2023-10-15 02:30:00,temp,28.8,30.129482009267385,2,0,2,169.49213450113498
Bikaner,2023-10-16 02:30:00,temp,28.2,29.860687800955844,2,0,2,169.49213450113498
Bikaner,2023-10-17 02:30:00,temp,25.3,29.025197153417395,2,0,2,169.49213450113498
Bikaner,2023-10-18 02:30:00,temp,24.3,27.386778699176723,2,0,2,169.49213450113498
Bikaner,2023-10-19 02:30:00,temp,25.4,26.127192092997646,2,0,2,169.49213450113498
Bikaner,2023-10-20 02:30:00,temp,26.3,26.917199335767457,2,0,2,169.49213450113498
Bikaner,2023-10-21 02:15:00,temp,26.7,28.653038123325327,2,0,2,169.49213450113498
Bikaner,2023-10-22 02:30:00,temp,27.2,29.147556279299682,2,0,2,169.49213450113498
Bikaner,2023-10-23 02:15:00,temp,26.5,28.332136199470547,2,0,2,169.49213450113498
Bikaner,2023-10-24 02:15:00,temp,25.5,27.22929547456888,2,0,2,169.49213450113498
Bikaner,2023-10-25 02:30:00,temp,26.2,26.642797064070688,2,0,2,169.49213450113498
Bikaner,2023-10-26 02:00:00,temp,26.5,26.96993205058828,2,0,2,169.49213450113498
Bikaner,2023-10-27 02:15:00,temp,27.1,27.17018537040605,2,0,2,169.49213450113498
Bikaner,2023-10-28 02:00:00,temp,27.0,27.587194306435407,2,0,2,169.49213450113498
Bikaner,2023-10-29 02:45:00,temp,28.2,27.56244829776522,2,0,2,169.49213450113498
Bikaner,2023-10-30 02:00:00,temp,27.6,28.288991305454967,2,0,2,169.49213450113498
Bilaspur,2023-10-15 02:30:00,temp,22.3,23.38088562385942,1,1,1,123.58406401001531
Bilaspur,2023-10-16 02:30:00,temp,22.1,22.537088598265726,1,1,1,123.58406401001531
Bilaspur,2023-10-17 02:15:00,temp,22.0,22.36123396871655,1,1,1,123.58406401001531
Bilaspur,2023-10-18 02:15:00,temp,21.1,22.251989842967326,1,1,1,123.58406401001531
Bilaspur,2023-10-19 02:15:00,temp,20.9,21.546069013894396,1,1,1,123.58406401001531
Bilaspur,2023-10-20 02:15:00,temp,20.7,21.309980231145815,1,1,1,123.58406401001531
Bilaspur,2023-10-21 02:15:00,temp,19.0,21.07623657567188,1,1,1,123.58406401001531
Bilaspur,2023-10-22 02:15:00,temp,18.6,19.561861896009113,1,1,1,123.58406401001531
Bilaspur,2023-10-23 02:00:00,temp,17.5,19.02669512895165,1,1,1,123.58406401001531
Bilaspur,2023-10-24 02:15:00,temp,17.4,17.81930584992834,1,1,1,123.58406401001531
Bilaspur,2023-10-25 02:15:00,temp,18.0,17.614471243193737,1,1,1,123.58406401001531
Bilaspur,2023-10-26 02:00:00,temp,18.3,18.146326025556796,1,1,1,123.58406401001531
Bilaspur,2023-10-27 02:15:00,temp,17.8,18.398318348448175,1,1,1,123.58406401001531
Bilaspur,2023-10-28 02:00:00,temp,17.8,17.897482983210026,1,1,1,123.58406401001531
Bilaspur,2023-10-29 02:30:00,temp,17.8,17.87127509571137,1,1,1,123.58406401001531
Bilaspur,2023-10-30 01:45:00,temp,18.4,17.85234421324559,1,1,1,123.58406401001531
Bishnupur,2023-10-15 02:30:00,temp,27.0,26.841140925669876,1,0,2,133.44745800605375
Bishnupur,2023-10-16 02:30:00,temp,26.0,27.636526133580258,1,0,2,133.44745800605375
Bishnupur,2023-10-17 02:15:00,temp,27.0,27.04784803676068,1,0,2,133.44745800605375
Bishnupur,2023-10-18 02:30:00,temp,27.0,27.359101165702246,1,0,2,133.44745800605375
Bishnupur,2023-10-19 02:15:00,temp,26.0,27.66282214862928,1,0,2,133.44745800605375
Bishnupur,2023-10-20 02:30:00,temp,25.0,26.666088680221996,1,0,2,133.44745800605375
Bishnupur,2023-10-21 02:15:00,temp,24.0,26.89083255048278,1,0,2,133.44745800605375
Bishnupur,2023-10-22 02:15:00,temp,25.0,25.47457530785716,1,0,2,133.44745800605375
Bishnupur,2023-10-23 02:15:00,temp,26.0,25.91431419919845,1,0,2,133.44745800605375
Bishnupur,2023-10-24 02:15:00,temp,25.0,26.673068984811366,1,0,2,133.44745800605375
Bishnupur,2023-10-25 02:15:00,temp,24.0,25.97698480816564,1,0,2,133.44745800605375
Bishnupur,2023-10-26 02:00:00,temp,26.0,25.01964981318775,1,0,2,133.44745800605375
Bishnupur,2023-10-27 02:15:00,temp,26.0,26.132627522731784,1,0,2,133.44745800605375
Bishnupur,2023-10-28 02:00:00,temp,25.0,26.291155489459538,1,0,2,133.44745800605375
Bishnupur,2023-10-29 02:30:00,temp,24.0,25.664971923732733,1,0,2,133.44745800605375
Bishnupur,2023-10-30 01:45:00,temp,24.0,24.91120708920177,1,0,2,133.44745800605375
Biswanath,2023-10-15 02:30:00,temp,24.0,24.900819502523,0,1,2,85.20609686993178
Biswanath,2023-10-16 02:30:00,temp,23.8,24.36893238959368,0,1,2,85.20609686993178
Biswanath,2023-10-17 02:30:00,temp,24.5,24.028381170166078,0,1,2,85.20609686993178
Biswanath,2023-10-18 02:30:00,temp,24.4,24.595838531549745,0,1,2,85.20609686993178
Biswanath,2023-10-19 02:30:00,temp,24.3,24.309718644221636,0,1,2,85.20609686993178
Biswanath,2023-10-20 02:30:00,temp,23.3,24.349339300441752,0,1,2,85.20609686993178
Biswanath,2023-10-21 02:30:00,temp,22.0,23.429230966560684,0,1,2,85.20609686993178
Biswanath,2023-10-22 02:30:00,temp,21.9,22.302415158374163,0,1,2,85.20609686993178
Biswanath,2023-10-23 02:15:00,temp,24.3,22.19178278021895,0,1,2,85.20609686993178
Biswanath,2023-10-24 02:15:00,temp,22.5,24.32909678642878,0,1,2,85.20609686993178
Biswanath,2023-10-25 02:30:00,temp,23.3,22.354857306349707,0,1,2,85.20609686993178
Biswanath,2023-10-26 02:00:00,temp,24.2,23.344156608950875,0,1,2,85.20609686993178
Biswanath,2023-10-27 02:30:00,temp,23.7,23.828098911242137,0,1,2,85.20609686993178
Biswanath,2023-10-28 02:00:00,temp,23.0,23.55584408584399,0,1,2,85.20609686993178
Biswanath,2023-10-29 02:45:00,temp,21.9,23.153938112853254,0,1,2,85.20609686993178
Biswanath,2023-10-30 02:00:00,temp,21.7,22.298748067258057,0,1,2,85.20609686993178
Bokaro,2023-10-15 02:30:00,temp,20.2,21.2,0,1,0,114.18190498623221
Bokaro,2023-10-16 02:30:00,temp,21.2,20.2,0,1,0,114.18190498623221
Bokaro,2023-10-17 02:15:00,temp,21.7,21.2,0,1,0,114.18190498623221
Bokaro,2023-10-18 02:30:00,temp,21.6,21.7,0,1,0,114.18190498623221
Bokaro,2023-10-19 02:15:00,temp,20.8,21.6,0,1,0,114.18190498623221
Bokaro,2023-10-20 02:30:00,temp,20.2,20.8,0,1,0,114.18190498623221
Bokaro,2023-10-21 02:15:00,temp,19.0,20.2,0,1,0,114.18190498623221
Bokaro,2023-10-22 02:15:00,temp,18.5,19.0,0,1,0,114.18190498623221
Bokaro,2023-10-23 02:00:00,temp,18.5,18.5,0,1,0,114.18190498623221
Bokaro,2023-10-24 02:15:00,temp,19.7,18.5,0,1,0,114.18190498623221
Bokaro,2023-10-25 02:15:00,temp,20.4,19.700000000000003,0,1,0,114.18190498623221
Bokaro,2023-10-26 02:00:00,temp,22.4,20.4,0,1,0,114.18190498623221
Bokaro,2023-10-27 02:15:00,temp,18.9,22.4,0,1,0,114.18190498623221
Bokaro,2023-10-28 02:00:00,temp,19.1,18.9,0,1,0,114.18190498623221
Bokaro,2023-10-29 02:30:00,temp,18.9,19.1,0,1,0,114.18190498623221
Bokaro,2023-10-30 01:45:00,temp,19.4,18.9,0,1,0,114.18190498623221
Bongaigaon,2023-10-15 02:30:00,temp,21.9,22.7,0,1,0,109.73537897115338
Bongaigaon,2023-10-16 02:30:00,temp,21.8,21.9,0,1,0,109.73537897115338
Bongaigaon,2023-10-17 02:15:00,temp,21.7,21.8,0,1,0,109.73537897115338
Bongaigaon,2023-10-18 02:30:00,temp,21.8,21.7,0,1,0,109.73537897115338
Bongaigaon,2023-10-19 02:15:00,temp,21.6,21.8,0,1,0,109.73537897115338
Bongaigaon,2023-10-20 02:30:00,temp,21.2,21.6,0,1,0,109.73537897115338
Bongaigaon,2023-10-21 02:15:00,temp,20.7,21.2,0,1,0,109.73537897115338
Bongaigaon,2023-10-22 02:15:00,temp,20.3,20.7,0,1,0,109.73537897115338
Bongaigaon,2023-10-23 02:15:00,temp,20.0,20.3,0,1,0,109.73537897115338
Bongaigaon,2023-10-24 02:15:00,temp,21.0,20.0,0,1,0,109.73537897115338
Bongaigaon,2023-10-25 02:15:00,temp,20.2,21.0,0,1,0,109.73537897115338
Bongaigaon,2023-10-26 02:00:00,temp,20.8,20.2,0,1,0,109.73537897115338
Bongaigaon,2023-10-27 02:15:00,temp,21.2,20.8,0,1,0,109.73537897115338
Bongaigaon,2023-10-28 02:00:00,temp,20.5,21.2,0,1,0,109.73537897115338
Bongaigaon,2023-10-29 02:30:00,temp,20.4,20.5,0,1,0,109.73537897115338
Bongaigaon,2023-10-30 01:45:00,temp,21.0,20.4,0,1,0,109.73537897115338
Budaun,2023-10-15 02:30:00,temp,24.7,24.52657912897855,2,1,1,140.88966073966705
Budaun,2023-10-16 02:30:00,temp,23.7,25.444262075833752,2,1,1,140.88966073966705
Budaun,2023-10-17 02:30:00,temp,21.1,23.849058442989087,2,1,1,140.88966073966705
Budaun,2023-10-18 02:30:00,temp,21.1,21.39349030620329,2,1,1,140.88966073966705
Budaun,2023-10-19 02:30:00,temp,21.1,22.361132741570753,2,1,1,140.88966073966705
Budaun,2023-10-20 02:30:00,temp,20.6,22.020991289473415,2,1,1,140.88966073966705
Budaun,2023-10-21 02:15:00,temp,21.1,21.155612488466076,2,1,1,140.88966073966705
Budaun,2023-10-22 02:30:00,temp,20.5,21.763180048630485,2,1,1,140.88966073966705
Budaun,2023-10-23 02:15:00,temp,21.6,20.647879817823664,2,1,1,140.88966073966705
Budaun,2023-10-24 02:15:00,temp,21.2,22.10656871121329,2,1,1,140.88966073966705
Budaun,2023-10-25 02:30:00,temp,21.8,21.136970799515883,2,1,1,140.88966073966705
Budaun,2023-10-26 02:00:00,temp,21.6,21.96540954964727,2,1,1,140.88966073966705
Budaun,2023-10-27 02:30:00,temp,21.6,21.51093420934328,2,1,1,140.88966073966705
Budaun,2023-10-28 02:00:00,temp,21.2,21.59702408772705,2,1,1,140.88966073966705
Budaun,2023-10-29 02:45:00,temp,21.8,21.163217627276975,2,1,1,140.88966073966705
Budaun,2023-10-30 02:00:00,temp,21.6,21.946365833206414,2,1,1,140.88966073966705
Buddha Gaya,2023-10-15 02:30:00,temp,21.7,24.352276551711885,0,1,2,161.1612229768726
Buddha Gaya,2023-10-16 02:30:00,temp,25.0,23.58088224651153,0,1,2,161.1612229768726
Buddha Gaya,2023-10-17 02:30:00,temp,23.0,24.957990401052104,0,1,2,161.1612229768726
Buddha Gaya,2023-10-18 02:30:00,temp,22.5,23.70516805504676,0,1,2,161.1612229768726
Buddha Gaya,2023-10-19 02:30:00,temp,21.1,23.432553261109817,0,1,2,161.1612229768726
Buddha Gaya,2023-10-20 02:30:00,temp,21.0,22.38085153660309,0,1,2,161.1612229768726
Buddha Gaya,2023-10-21 02:15:00,temp,20.0,21.971550038284317,0,1,2,161.1612229768726
Buddha Gaya,2023-10-22 02:30:00,temp,19.0,21.000112797988855,0,1,2,161.1612229768726
Buddha Gaya,2023-10-23 02:15:00,temp,19.3,20.021955103741796,0,1,2,161.1612229768726
Buddha Gaya,2023-10-24 02:15:00,temp,22.0,19.82517106195929,0,1,2,161.1612229768726
Buddha Gaya,2023-10-25 02:30:00,temp,22.0,21.27855432389296,0,1,2,161.1612229768726
Buddha Gaya,2023-10-26 02:00:00,temp,19.9,21.35590170881693,0,1,2,161.1612229768726
Buddha Gaya,2023-10-27 02:30:00,temp,19.8,20.38046317200469,0,1,2,161.1612229768726
Buddha Gaya,2023-10-28 02:00:00,temp,20.0,20.30084182535915,0,1,2,161.1612229768726
Buddha Gaya,2023-10-29 02:45:00,temp,19.0,20.22581665805055,0,1,2,161.1612229768726
Buddha Gaya,2023-10-30 02:00:00,temp,20.1,19.54408821799774,0,1,2,161.1612229768726
Bulandshahr,2023-10-15 02:30:00,temp,24.8,24.663767610512725,2,1,1,156.51422995207093
Bulandshahr,2023-10-16 02:30:00,temp,24.8,25.273940779656353,2,1,1,156.51422995207093
Bulandshahr,2023-10-17 02:30:00,temp,20.9,25.019352123692205,2,1,1,156.51422995207093
Bulandshahr,2023-10-18 02:30:00,temp,21.6,21.541143617568885,2,1,1,156.51422995207093
Bulandshahr,2023-10-19 02:30:00,temp,21.0,23.065074808352946,2,1,1,156.51422995207093
Bulandshahr,2023-10-20 02:30:00,temp,21.3,21.978521115062627,2,1,1,156.51422995207093
Bulandshahr,2023-10-21 02:15:00,temp,21.7,22.17632052629035,2,1,1,156.51422995207093
Bulandshahr,2023-10-22 02:30:00,temp,21.2,22.318555142606936,2,1,1,156.51422995207093
Bulandshahr,2023-10-23 02:15:00,temp,22.2,21.62710925704932,2,1,1,156.51422995207093
Bulandshahr,2023-10-24 02:15:00,temp,21.8,22.582979549621825,2,1,1,156.51422995207093
Bulandshahr,2023-10-25 02:30:00,temp,21.8,21.949269699074282,2,1,1,156.51422995207093
Bulandshahr,2023-10-26 02:00:00,temp,22.1,21.988449434961275,2,1,1,156.51422995207093
Bulandshahr,2023-10-27 02:30:00,temp,21.5,22.228334546834294,2,1,1,156.51422995207093
Bulandshahr,2023-10-28 02:00:00,temp,21.7,21.602267257170464,2,1,1,156.51422995207093
Bulandshahr,2023-10-29 02:45:00,temp,21.8,21.87090004586357,2,1,1,156.51422995207093
Bulandshahr,2023-10-30 02:00:00,temp,22.2,21.89392797855317,2,1,1,156.51422995207093
Buldana,2023-10-15 02:30:00,temp,24.7,23.499247795001192,1,0,0,128.41063679825035
Buldana,2023-10-16 02:30:00,temp,22.7,23.885599713201955,1,0,0,128.41063679825035
Buldana,2023-10-17 02:30:00,temp,23.3,23.00514383655055,1,0,0,128.41063679825035
Buldana,2023-10-18 02:30:00,temp,22.0,23.253013909650825,1,0,0,128.41063679825035
Buldana,2023-10-19 02:30:00,temp,22.4,22.709551982328584,1,0,0,128.41063679825035
Buldana,2023-10-20 02:30:00,temp,21.7,22.85750115416223,1,0,0,128.41063679825035
Buldana,2023-10-21 02:15:00,temp,21.8,22.527223509341255,1,0,0,128.41063679825035
Buldana,2023-10-22 02:30:00,temp,22.4,22.530862667784618,1,0,0,128.41063679825035
Buldana,2023-10-23 02:15:00,temp,21.8,22.790621023324107,1,0,0,128.41063679825035
Buldana,2023-10-24 02:15:00,temp,21.3,22.491138422289378,1,0,0,128.41063679825035
Buldana,2023-10-25 02:15:00,temp,20.4,22.198016991122106,1,0,0,128.41063679825035
Buldana,2023-10-26 02:00:00,temp,20.4,21.606906054494694,1,0,0,128.41063679825035
Buldana,2023-10-27 02:15:00,temp,20.4,21.473467490073276,1,0,0,128.41063679825035
Buldana,2023-10-28 02:00:00,temp,19.4,21.367482049142676,1,0,0,128.41063679825035
Buldana,2023-10-29 02:45:00,temp,19.7,20.53112458961734,1,0,0,128.41063679825035
Buldana,2023-10-30 02:00:00,temp,19.6,20.62670546920766,1,0,0,128.41063679825035
Bundi,2023-10-15 02:30:00,temp,26.5,25.855485092318375,0,0,2,137.54257680843497
Bundi,2023-10-16 02:30:00,temp,26.3,25.742693699739522,0,0,2,137.54257680843497
Bundi,2023-10-17 02:30:00,temp,21.4,25.82538720180898,0,0,2,137.54257680843497
Bundi,2023-10-18 02:30:00,temp,22.6,23.843001715793932,0,0,2,137.54257680843497
Bundi,2023-10-19 02:30:00,temp,23.6,21.851023979481603,0,0,2,137.54257680843497
Bundi,2023-10-20 02:30:00,temp,22.7,25.095413351730244,0,0,2,137.54257680843497
Bundi,2023-10-21 02:15:00,temp,23.2,24.58533413295668,0,0,2,137.54257680843497
Bundi,2023-10-22 02:30:00,temp,23.8,23.576322788183486,0,0,2,137.54257680843497
Bundi,2023-10-23 02:15:00,temp,24.1,24.59033478670271,0,0,2,137.54257680843497
Bundi,2023-10-24 02:15:00,temp,23.3,24.802215944286342,0,0,2,137.54257680843497
Bundi,2023-10-25 02:30:00,temp,22.5,24.075077228492788,0,0,2,137.54257680843497
Bundi,2023-10-26 02:00:00,temp,22.8,23.584282313888306,0,0,2,137.54257680843497
Bundi,2023-10-27 02:15:00,temp,22.6,23.853620756603632,0,0,2,137.54257680843497
Bundi,2023-10-28 02:00:00,temp,22.0,23.88141411120817,0,0,2,137.54257680843497
Bundi,2023-10-29 02:45:00,temp,22.8,23.310636228809607,0,0,2,137.54257680843497
Bundi,2023-10-30 02:00:00,temp,23.6,23.682636249147837,0,0,2,137.54257680843497
Burhanpur,2023-10-15 02:30:00,temp,24.6,23.514740336095937,1,0,0,115.2220760807865
Burhanpur,2023-10-16 02:30:00,temp,23.5,24.174268328215835,1,0,0,115.2220760807865
Burhanpur,2023-10-17 02:15:00,temp,23.2,23.383865312495793,1,0,0,115.2220760807865
Burhanpur,2023-10-18 02:15:00,temp,21.9,23.175204001577455,1,0,0,115.2220760807865
Burhanpur,2023-10-19 02:15:00,temp,23.1,22.267995344821102,1,0,0,115.2220760807865
Burhanpur,2023-10-20 02:15:00,temp,21.7,23.0973760067647,1,0,0,115.2220760807865
Burhanpur,2023-10-21 02:00:00,temp,21.9,22.144696638695578,1,0,0,115.2220760807865
Burhanpur,2023-10-22 02:15:00,temp,24.1,22.26702830263493,1,0,0,115.2220760807865
Burhanpur,2023-10-23 02:00:00,temp,22.0,23.733038288090306,1,0,0,115.2220760807865
Burhanpur,2023-10-24 02:15:00,temp,21.2,22.39615044299257,1,0,0,115.2220760807865
Burhanpur,2023-10-25 02:15:00,temp,20.7,21.85875878119276,1,0,0,115.2220760807865
Burhanpur,2023-10-26 02:00:00,temp,19.9,21.46302083836162,1,0,0,115.2220760807865
Burhanpur,2023-10-27 02:15:00,temp,19.9,20.78146669123216,1,0,0,115.2220760807865
Burhanpur,2023-10-28 02:00:00,temp,19.2,20.679109570426334,1,0,0,115.2220760807865
Burhanpur,2023-10-29 02:30:00,temp,19.4,19.99023791613938,1,0,0,115.2220760807865
Burhanpur,2023-10-30 01:45:00,temp,19.7,20.07324616624953,1,0,0,115.2220760807865
Buxar,2023-10-15 02:30:00,temp,22.0,22.0,0,1,0,160.2156979395649
Buxar,2023-10-16 02:30:00,temp,22.8,22.0,0,1,0,160.2156979395649
Buxar,2023-10-17 02:15:00,temp,22.4,22.8,0,1,0,160.2156979395649
Buxar,2023-10-18 02:30:00,temp,21.6,22.4,0,1,0,160.2156979395649
Buxar,2023-10-19 02:15:00,temp,20.8,21.6,0,1,0,160.2156979395649
Buxar,2023-10-20 02:30:00,temp,20.6,20.8,0,1,0,160.2156979395649
Buxar,2023-10-21 02:15:00,temp,20.2,20.6,0,1,0,160.2156979395649
Buxar,2023-10-22 02:15:00,temp,19.9,20.2,0,1,0,160.2156979395649
Buxar,2023-10-23 02:15:00,temp,19.7,19.9,0,1,0,160.2156979395649
Buxar,2023-10-24 02:15:00,temp,20.1,19.7,0,1,0,160.2156979395649
Buxar,2023-10-25 02:15:00,temp,21.0,20.1,0,1,0,160.2156979395649
Buxar,2023-10-26 02:00:00,temp,20.0,21.0,0,1,0,160.2156979395649
Buxar,2023-10-27 02:15:00,temp,20.5,20.0,0,1,0,160.2156979395649
Buxar,2023-10-28 02:00:00,temp,20.8,20.5,0,1,0,160.2156979395649
Buxar,2023-10-29 02:30:00,temp,20.6,20.8,0,1,0,160.2156979395649
Buxar,2023-10-30 01:45:00,temp,20.6,20.6,0,1,0,160.2156979395649
Chamba,2023-10-15 02:30:00,temp,11.6,13.0,0,1,0,101.67483733983703
Chamba,2023-10-16 02:30:00,temp,11.0,11.6,0,1,0,101.67483733983703
Chamba,2023-10-17 02:15:00,temp,9.3,11.0,0,1,0,101.67483733983703
Chamba,2023-10-18 02:15:00,temp,7.6,9.3,0,1,0,101.67483733983703
Chamba,2023-10-19 02:15:00,temp,8.5,7.6000000000000005,0,1,0,101.67483733983703
Chamba,2023-10-20 02:15:00,temp,8.7,8.5,0,1,0,101.67483733983703
Chamba,2023-10-21 02:15:00,temp,9.4,8.7,0,1,0,101.67483733983703
Chamba,2023-10-22 02:15:00,temp,10.0,9.4,0,1,0,101.67483733983703
Chamba,2023-10-23 02:00:00,temp,9.3,10.0,0,1,0,101.67483733983703
Chamba,2023-10-24 02:15:00,temp,8.9,9.3,0,1,0,101.67483733983703
Chamba,2023-10-25 02:15:00,temp,9.2,8.9,0,1,0,101.67483733983703
Chamba,2023-10-26 02:00:00,temp,9.8,9.2,0,1,0,101.67483733983703
Chamba,2023-10-27 02:15:00,temp,10.2,9.8,0,1,0,101.67483733983703
Chamba,2023-10-28 02:00:00,temp,10.3,10.2,0,1,0,101.67483733983703
Chamba,2023-10-29 02:30:00,temp,10.8,10.3,0,1,0,101.67483733983703
Chamba,2023-10-30 01:45:00,temp,10.8,10.8,0,1,0,101.67483733983703
Chamoli,2023-10-15 02:30:00,temp,1.7,3.2,0,1,0,117.14816120239952
Chamoli,2023-10-16 02:30:00,temp,0.5,1.7,0,1,0,117.14816120239952
Chamoli,2023-10-17 02:30:00,temp,0.1,0.5,0,1,0,117.14816120239952
Chamoli,2023-10-18 02:30:00,temp,-1.5,0.09999999999999987,0,1,0,117.14816120239952
Chamoli,2023-10-19 02:15:00,temp,-0.8,-1.5000000000000002,0,1,0,117.14816120239952
Chamoli,2023-10-20 02:30:00,temp,-0.5,-0.8,0,1,0,117.14816120239952
Chamoli,2023-10-21 02:15:00,temp,0.2,-0.5,0,1,0,117.14816120239952
Chamoli,2023-10-22 02:15:00,temp,0.1,0.20000000000000007,0,1,0,117.14816120239952
Chamoli,2023-10-23 02:15:00,temp,0.0,0.09999999999999999,0,1,0,117.14816120239952
Chamoli,2023-10-24 02:15:00,temp,-1.9,0.0,0,1,0,117.14816120239952
Chamoli,2023-10-25 02:15:00,temp,-0.7,-1.8999999999999997,0,1,0,117.14816120239952
Chamoli,2023-10-26 02:00:00,temp,-0.9,-0.7,0,1,0,117.14816120239952
Chamoli,2023-10-27 02:15:00,temp,0.7,-0.9000000000000001,0,1,0,117.14816120239952
Chamoli,2023-10-28 02:00:00,temp,1.3,0.7,0,1,0,117.14816120239952
Chamoli,2023-10-29 02:30:00,temp,2.2,1.3,0,1,0,117.14816120239952
Chamoli,2023-10-30 01:45:00,temp,1.1,2.2,0,1,0,117.14816120239952
Champawat,2023-10-15 02:30:00,temp,16.9,16.8,0,1,0,109.09607054565839
Champawat,2023-10-16 02:30:00,temp,16.4,16.9,0,1,0,109.09607054565839
Champawat,2023-10-17 02:30:00,temp,15.9,16.4,0,1,0,109.09607054565839
Champawat,2023-10-18 02:30:00,temp,14.8,15.900000000000002,0,1,0,109.09607054565839
Champawat,2023-10-19 02:15:00,temp,14.3,14.8,0,1,0,109.09607054565839
Champawat,2023-10-20 02:30:00,temp,14.0,14.3,0,1,0,109.09607054565839
Champawat,2023-10-21 02:15:00,temp,14.4,14.0,0,1,0,109.09607054565839
Champawat,2023-10-22 02:15:00,temp,14.5,14.4,0,1,0,109.09607054565839
Champawat,2023-10-23 02:15:00,temp,14.7,14.5,0,1,0,109.09607054565839
Champawat,2023-10-24 02:15:00,temp,14.0,14.7,0,1,0,109.09607054565839
Champawat,2023-10-25 02:15:00,temp,14.8,14.0,0,1,0,109.09607054565839
Champawat,2023-10-26 02:00:00,temp,15.1,14.8,0,1,0,109.09607054565839
Champawat,2023-10-27 02:15:00,temp,15.1,15.1,0,1,0,109.09607054565839
Champawat,2023-10-28 02:00:00,temp,14.7,15.1,0,1,0,109.09607054565839
Champawat,2023-10-29 02:30:00,temp,15.0,14.7,0,1,0,109.09607054565839
Champawat,2023-10-30 01:45:00,temp,15.3,15.0,0,1,0,109.09607054565839
Chandauli,2023-10-15 02:30:00,temp,22.7,22.3,0,1,0,136.70890064183413
Chandauli,2023-10-16 02:30:00,temp,23.4,22.7,0,1,0,136.70890064183413
Chandauli,2023-10-17 02:30:00,temp,22.7,23.4,0,1,0,136.70890064183413
Chandauli,2023-10-18 02:30:00,temp,21.6,22.700000000000003,0,1,0,136.70890064183413
Chandauli,2023-10-19 02:30:00,temp,21.2,21.6,0,1,0,136.70890064183413
Chandauli,2023-10-20 02:30:00,temp,20.7,21.2,0,1,0,136.70890064183413
Chandauli,2023-10-21 02:15:00,temp,20.5,20.7,0,1,0,136.70890064183413
Chandauli,2023-10-22 02:30:00,temp,20.0,20.5,0,1,0,136.70890064183413
Chandauli,2023-10-23 02:15:00,temp,19.5,20.0,0,1,0,136.70890064183413
Chandauli,2023-10-24 02:15:00,temp,19.9,19.5,0,1,0,136.70890064183413
Chandauli,2023-10-25 02:30:00,temp,20.2,19.9,0,1,0,136.70890064183413
Chandauli,2023-10-26 02:00:00,temp,20.2,20.2,0,1,0,136.70890064183413
Chandauli,2023-10-27 02:30:00,temp,20.6,20.2,0,1,0,136.70890064183413
Chandauli,2023-10-28 02:00:00,temp,20.1,20.6,0,1,0,136.70890064183413
Chandauli,2023-10-29 02:45:00,temp,20.1,20.1,0,1,0,136.70890064183413
Chandauli,2023-10-30 02:00:00,temp,20.4,20.1,0,1,0,136.70890064183413
Chandel,2023-10-15 02:30:00,temp,25.5,25.735500747892544,1,0,0,70.24749127076998
Chandel,2023-10-16 02:30:00,temp,25.6,25.446950450322895,1,0,0,70.24749127076998
Chandel,2023-10-17 02:15:00,temp,26.2,25.47983288950421,1,0,0,70.24749127076998
Chandel,2023-10-18 02:30:00,temp,26.6,25.67951058005259,1,0,0,70.24749127076998
Chandel,2023-10-19 02:15:00,temp,26.5,25.880613672861166,1,0,0,70.24749127076998
Chandel,2023-10-20 02:30:00,temp,26.7,25.906518421138625,1,0,0,70.24749127076998
Chandel,2023-10-21 02:15:00,temp,26.6,26.064716492228836,1,0,0,70.24749127076998
Chandel,2023-10-22 02:15:00,temp,27.2,26.06905391319449,1,0,0,70.24749127076998
Chandel,2023-10-23 02:15:00,temp,26.1,26.49431818817574,1,0,0,70.24749127076998
Chandel,2023-10-24 02:15:00,temp,24.9,25.85497370853646,1,0,0,70.24749127076998
Chandel,2023-10-25 02:15:00,temp,24.5,25.218693708046246,1,0,0,70.24749127076998
Chandel,2023-10-26 02:00:00,temp,24.7,24.98038677565307,1,0,0,70.24749127076998
Chandel,2023-10-27 02:15:00,temp,24.2,25.070250102507234,1,0,0,70.24749127076998
Chandel,2023-10-28 02:00:00,temp,24.2,24.74479204216823,1,0,0,70.24749127076998
Chandel,2023-10-29 02:30:00,temp,24.5,24.69936711386248,1,0,0,70.24749127076998
Chandel,2023-10-30 01:45:00,temp,26.5,24.86662704843878,1,0,0,70.24749127076998
Chandigarh,2023-10-15 02:30:00,temp,21.2,20.7684107511194,0,1,2,149.05949646125327
Chandigarh,2023-10-16 02:30:00,temp,20.7,21.345631767001432,0,1,2,149.05949646125327
Chandigarh,2023-10-17 02:15:00,temp,19.1,20.66301603412607,0,1,2,149.05949646125327
Chandigarh,2023-10-18 02:30:00,temp,17.5,19.689931572520102,0,1,2,149.05949646125327
Chandigarh,2023-10-19 02:15:00,temp,16.7,18.464265866776895,0,1,2,149.05949646125327
Chandigarh,2023-10-20 02:30:00,temp,17.4,17.637612885427984,0,1,2,149.05949646125327
Chandigarh,2023-10-21 02:15:00,temp,17.3,18.00185280821061,0,1,2,149.05949646125327
Chandigarh,2023-10-22 02:15:00,temp,18.0,17.41690644030832,0,1,2,149.05949646125327
Chandigarh,2023-10-23 02:15:00,temp,18.1,18.185733198397056,0,1,2,149.05949646125327
Chandigarh,2023-10-24 02:15:00,temp,17.8,17.906889725877395,0,1,2,149.05949646125327
Chandigarh,2023-10-25 02:15:00,temp,18.3,17.8423452769932,0,1,2,149.05949646125327
Chandigarh,2023-10-26 02:00:00,temp,18.7,18.288184472171984,0,1,2,149.05949646125327
Chandigarh,2023-10-27 02:15:00,temp,17.8,18.486768566474975,0,1,2,149.05949646125327
Chandigarh,2023-10-28 02:00:00,temp,18.2,17.72675559684334,0,1,2,149.05949646125327
Chandigarh,2023-10-29 02:30:00,temp,18.1,18.396374363764096,0,1,2,149.05949646125327
Chandigarh,2023-10-30 01:45:00,temp,18.7,17.963313601692477,0,1,2,149.05949646125327
Chandrapur,2023-10-15 02:30:00,temp,23.0,23.255918719805067,1,0,0,104.16224341466905
Chandrapur,2023-10-16 02:30:00,temp,22.4,23.247556987945813,1,0,0,104.16224341466905
Chandrapur,2023-10-17 02:30:00,temp,22.2,22.83256091162545,1,0,0,104.16224341466905
Chandrapur,2023-10-18 02:30:00,temp,23.7,22.664163370759134,1,0,0,104.16224341466905
Chandrapur,2023-10-19 02:30:00,temp,22.4,23.681084707852456,1,0,0,104.16224341466905
Chandrapur,2023-10-20 02:30:00,temp,21.9,22.836657710975896,1,0,0,104.16224341466905
Chandrapur,2023-10-21 02:15:00,temp,21.6,22.463686053910255,1,0,0,104.16224341466905
Chandrapur,2023-10-22 02:30:00,temp,19.9,22.19575332080882,1,0,0,104.16224341466905
Chandrapur,2023-10-23 02:15:00,temp,18.9,20.715213095070542,1,0,0,104.16224341466905
Chandrapur,2023-10-24 02:15:00,temp,18.0,19.537988924147108,1,0,0,104.16224341466905
Chandrapur,2023-10-25 02:15:00,temp,18.7,18.438538156444928,1,0,0,104.16224341466905
Chandrapur,2023-10-26 02:00:00,temp,18.5,19.114275720119412,1,0,0,104.16224341466905
Chandrapur,2023-10-27 02:15:00,temp,18.0,18.855781571770105,1,0,0,104.16224341466905
Chandrapur,2023-10-28 02:00:00,temp,18.9,18.30208710807031,1,0,0,104.16224341466905
Chandrapur,2023-10-29 02:45:00,temp,18.5,19.193673329262626,1,0,0,104.16224341466905
Chandrapur,2023-10-30 02:00:00,temp,19.0,18.77231166018946,1,0,0,104.16224341466905
Chatra,2023-10-15 02:30:00,temp,19.8,24.105791344998003,2,1,1,179.77047207753506
Chatra,2023-10-16 02:30:00,temp,25.0,23.717208241399103,2,1,1,179.77047207753506
Chatra,2023-10-17 02:15:00,temp,23.0,26.142120427613058,2,1,1,179.77047207753506
Chatra,2023-10-18 02:30:00,temp,20.2,22.306948276160963,2,1,1,179.77047207753506
Chatra,2023-10-19 02:15:00,temp,19.4,21.553636774797663,2,1,1,179.77047207753506
Chatra,2023-10-20 02:30:00,temp,21.0,21.714757784981447,2,1,1,179.77047207753506
Chatra,2023-10-21 02:15:00,temp,20.0,21.908564008404205,2,1,1,179.77047207753506
Chatra,2023-10-22 02:15:00,temp,18.0,20.016929666647087,2,1,1,179.77047207753506
Chatra,2023-10-23 02:00:00,temp,17.0,19.171678703822767,2,1,1,179.77047207753506
Chatra,2023-10-24 02:15:00,temp,22.0,18.72659208189151,2,1,1,179.77047207753506
Chatra,2023-10-25 02:15:00,temp,22.0,21.441047707452448,2,1,1,179.77047207753506
Chatra,2023-10-26 02:00:00,temp,18.0,19.229393472360755,2,1,1,179.77047207753506
Chatra,2023-10-27 02:15:00,temp,17.3,18.275764390246916,2,1,1,179.77047207753506
Chatra,2023-10-28 02:00:00,temp,20.0,19.80878546508774,2,1,1,179.77047207753506
Chatra,2023-10-29 02:30:00,temp,17.6,20.482482209178087,2,1,1,179.77047207753506
Chatra,2023-10-30 01:45:00,temp,18.2,17.22406258026748,2,1,1,179.77047207753506
Chennai,2023-10-15 02:30:00,temp,27.0,27.69115872468048,0,0,2,138.2306197581965
Chennai,2023-10-16 02:30:00,temp,27.0,27.244190083869785,0,0,2,138.2306197581965
Chennai,2023-10-17 02:30:00,temp,27.0,26.877861394866468,0,0,2,138.2306197581965
Chennai,2023-10-18 02:30:00,temp,27.0,27.225177289935232,0,0,2,138.2306197581965
Chennai,2023-10-19 02:30:00,temp,28.0,27.15019921833028,0,0,2,138.2306197581965
Chennai,2023-10-20 02:30:00,temp,26.0,27.64416950434137,0,0,2,138.2306197581965
Chennai,2023-10-21 02:15:00,temp,28.0,26.646903138343557,0,0,2,138.2306197581965
Chennai,2023-10-22 02:30:00,temp,27.0,27.358905781044008,0,0,2,138.2306197581965
Chennai,2023-10-23 02:15:00,temp,27.0,27.48697669266288,0,0,2,138.2306197581965
Chennai,2023-10-24 02:15:00,temp,26.0,26.91286216191355,0,0,2,138.2306197581965
Chennai,2023-10-25 02:30:00,temp,27.0,26.60882632726403,0,0,2,138.2306197581965
Chennai,2023-10-26 02:00:00,temp,27.0,27.109120452479168,0,0,2,138.2306197581965
Chennai,2023-10-27 02:30:00,temp,27.0,27.275325116679067,0,0,2,138.2306197581965
Chennai,2023-10-28 02:00:00,temp,27.0,27.032291202581888,0,0,2,138.2306197581965
Chennai,2023-10-29 02:45:00,temp,27.0,27.094089739429123,0,0,2,138.2306197581965
Chennai,2023-10-30 02:00:00,temp,25.0,27.138664732534995,0,0,2,138.2306197581965
Chhatarpur,2023-10-15 02:30:00,temp,24.4,23.832111268901464,1,1,1,152.3239169415843
Chhatarpur,2023-10-16 02:30:00,temp,24.2,24.348296560006837,1,1,1,152.3239169415843
Chhatarpur,2023-10-17 02:15:00,temp,20.6,24.221407097838664,1,1,1,152.3239169415843
Chhatarpur,2023-10-18 02:15:00,temp,22.4,21.918288738847732,1,1,1,152.3239169415843
Chhatarpur,2023-10-19 02:15:00,temp,22.3,22.903894192051297,1,1,1,152.3239169415843
Chhatarpur,2023-10-20 02:15:00,temp,21.2,22.76505747588331,1,1,1,152.3239169415843
Chhatarpur,2023-10-21 02:00:00,temp,21.0,21.97407466476875,1,1,1,152.3239169415843
Chhatarpur,2023-10-22 02:15:00,temp,21.0,21.690866360900742,1,1,1,152.3239169415843
Chhatarpur,2023-10-23 02:00:00,temp,19.9,21.551766798878866,1,1,1,152.3239169415843
Chhatarpur,2023-10-24 02:15:00,temp,20.5,20.653852153293457,1,1,1,152.3239169415843
Chhatarpur,2023-10-25 02:15:00,temp,20.5,20.89802121678298,1,1,1,152.3239169415843
Chhatarpur,2023-10-26 02:00:00,temp,20.1,20.79825381997251,1,1,1,152.3239169415843
Chhatarpur,2023-10-27 02:15:00,temp,19.8,20.438706008280807,1,1,1,152.3239169415843
Chhatarpur,2023-10-28 02:00:00,temp,20.2,20.13997749352676,1,1,1,152.3239169415843
Chhatarpur,2023-10-29 02:30:00,temp,20.4,20.327918075768963,1,1,1,152.3239169415843
Chhatarpur,2023-10-30 01:45:00,temp,21.1,20.433130559509312,1,1,1,152.3239169415843
Chhindwara,2023-10-15 02:30:00,temp,22.4,21.39624895820822,2,1,1,98.00390657561431
Chhindwara,2023-10-16 02:30:00,temp,21.6,22.49301823633429,2,1,1,98.00390657561431
Chhindwara,2023-10-17 02:15:00,temp,20.7,21.327930967304567,2,1,1,98.00390657561431
Chhindwara,2023-10-18 02:15:00,temp,20.4,20.571963862658997,2,1,1,98.00390657561431
Chhindwara,2023-10-19 02:15:00,temp,19.8,20.524561178316368,2,1,1,98.00390657561431
Chhindwara,2023-10-20 02:15:00,temp,19.2,19.94394327282182,2,1,1,98.00390657561431
Chhindwara,2023-10-21 02:00:00,temp,18.6,19.426014931630622,2,1,1,98.00390657561431
Chhindwara,2023-10-22 02:15:00,temp,17.9,18.863070378066265,2,1,1,98.00390657561431
Chhindwara,2023-10-23 02:00:00,temp,17.9,17.752547384366743,2,1,1,98.00390657561431
Chhindwara,2023-10-24 02:15:00,temp,17.4,18.293280985443154,2,1,1,98.00390657561431
Chhindwara,2023-10-25 02:15:00,temp,17.5,17.332210896757598,2,1,1,98.00390657561431
Chhindwara,2023-10-26 02:00:00,temp,17.5,17.46389810884635,2,1,1,98.00390657561431
Chhindwara,2023-10-27 02:15:00,temp,17.1,17.549526311895374,2,1,1,98.00390657561431
Chhindwara,2023-10-28 02:00:00,temp,17.4,16.987653783131016,2,1,1,98.00390657561431
Chhindwara,2023-10-29 02:30:00,temp,17.3,17.459252111368897,2,1,1,98.00390657561431
Chhindwara,2023-10-30 01:45:00,temp,17.4,17.29619654697947,2,1,1,98.00390657561431
Chikmagalur,2023-10-15 02:30:00,temp,18.7,19.56090906448739,1,0,0,86.2965776205173
Chikmagalur,2023-10-16 02:30:00,temp,19.2,18.835487217048588,1,0,0,86.2965776205173
Chikmagalur,2023-10-17 02:30:00,temp,19.7,19.194079517405463,1,0,0,86.2965776205173
Chikmagalur,2023-10-18 02:30:00,temp,19.8,19.55224459879124,1,0,0,86.2965776205173
Chikmagalur,2023-10-19 02:15:00,temp,19.1,19.628601989691333,1,0,0,86.2965776205173
Chikmagalur,2023-10-20 02:30:00,temp,20.8,19.129647770704334,1,0,0,86.2965776205173
Chikmagalur,2023-10-21 02:15:00,temp,19.4,20.32281667817157,1,0,0,86.2965776205173
Chikmagalur,2023-10-22 02:15:00,temp,22.1,19.344882765048517,1,0,0,86.2965776205173
Chikmagalur,2023-10-23 02:15:00,temp,21.8,21.147777046325576,1,0,0,86.2965776205173
Chikmagalur,2023-10-24 02:15:00,temp,18.1,21.06207671390139,1,0,0,86.2965776205173
Chikmagalur,2023-10-25 02:15:00,temp,18.0,18.644149870728064,1,0,0,86.2965776205173
Chikmagalur,2023-10-26 02:00:00,temp,17.9,18.55753549217984,1,0,0,86.2965776205173
Chikmagalur,2023-10-27 02:15:00,temp,17.7,18.46723753035104,1,0,0,86.2965776205173
Chikmagalur,2023-10-28 02:00:00,temp,18.7,18.308451623668155,1,0,0,86.2965776205173
Chikmagalur,2023-10-29 02:45:00,temp,19.3,18.917490354477582,1,0,0,86.2965776205173
Chikmagalur,2023-10-30 02:00:00,temp,19.6,19.275300263597593,1,0,0,86.2965776205173
Chitradurga,2023-10-15 02:30:00,temp,24.0,23.232091272681938,0,1,1,119.28102596364775
Chitradurga,2023-10-16 02:30:00,temp,24.4,23.72717761643722,0,1,1,119.28102596364775
Chitradurga,2023-10-17 02:30:00,temp,23.8,24.149221426524424,0,1,1,119.28102596364775
Chitradurga,2023-10-18 02:30:00,temp,23.8,23.930885755926866,0,1,1,119.28102596364775
Chitradurga,2023-10-19 02:15:00,temp,22.6,23.849976753844217,0,1,1,119.28102596364775
Chitradurga,2023-10-20 02:30:00,temp,24.0,23.068818866056365,0,1,1,119.28102596364775
Chitradurga,2023-10-21 02:15:00,temp,23.1,23.636279610638645,0,1,1,119.28102596364775
Chitradurga,2023-10-22 02:15:00,temp,23.0,23.3227284751982,0,1,1,119.28102596364775
Chitradurga,2023-10-23 02:15:00,temp,24.1,23.13288789922343,0,1,1,119.28102596364775
Chitradurga,2023-10-24 02:15:00,temp,21.0,23.690715071525094,0,1,1,119.28102596364775
Chitradurga,2023-10-25 02:15:00,temp,20.6,22.246509510900594,0,1,1,119.28102596364775
Chitradurga,2023-10-26 02:00:00,temp,20.5,21.16301410084308,0,1,1,119.28102596364775
Chitradurga,2023-10-27 02:15:00,temp,19.9,20.70926526484179,0,1,1,119.28102596364775
Chitradurga,2023-10-28 02:00:00,temp,21.4,20.16115007776483,0,1,1,119.28102596364775
Chitradurga,2023-10-29 02:30:00,temp,23.5,20.96266200547798,0,1,1,119.28102596364775
Chitradurga,2023-10-30 02:00:00,temp,24.0,22.707028573637206,0,1,1,119.28102596364775
Chittaurgarh,2023-10-15 02:30:00,temp,23.3,22.955271446030057,0,1,1,116.29358098192372
Chittaurgarh,2023-10-16 02:30:00,temp,23.3,23.12541521968041,0,1,1,116.29358098192372
Chittaurgarh,2023-10-17 02:30:00,temp,22.0,23.209204419036578,0,1,1,116.29358098192372
Chittaurgarh,2023-10-18 02:30:00,temp,21.8,22.665122633856956,0,1,1,116.29358098192372
Chittaurgarh,2023-10-19 02:30:00,temp,21.6,22.266308187625437,0,1,1,116.29358098192372
Chittaurgarh,2023-10-20 02:30:00,temp,21.8,21.935423825314114,0,1,1,116.29358098192372
Chittaurgarh,2023-10-21 02:15:00,temp,22.1,21.867658234536098,0,1,1,116.29358098192372
Chittaurgarh,2023-10-22 02:30:00,temp,24.0,21.980100569615846,0,1,1,116.29358098192372
Chittaurgarh,2023-10-23 02:15:00,temp,22.8,22.919143317012214,0,1,1,116.29358098192372
Chittaurgarh,2023-10-24 02:15:00,temp,21.6,22.858284843581476,0,1,1,116.29358098192372
Chittaurgarh,2023-10-25 02:30:00,temp,21.5,22.303376801862235,0,1,1,116.29358098192372
Chittaurgarh,2023-10-26 02:00:00,temp,21.1,21.94174766603965,0,1,1,116.29358098192372
Chittaurgarh,2023-10-27 02:15:00,temp,20.4,21.52763848549802,0,1,1,116.29358098192372
Chittaurgarh,2023-10-28 02:00:00,temp,20.9,20.919193269976994,0,1,1,116.29358098192372
Chittaurgarh,2023-10-29 02:45:00,temp,21.5,20.90880540632566,0,1,1,116.29358098192372
Chittaurgarh,2023-10-30 02:00:00,temp,21.5,21.210963678297198,0,1,1,116.29358098192372
Chittoor,2023-10-15 02:30:00,temp,22.0,21.54607032768582,0,1,1,144.5657600421564
Chittoor,2023-10-16 02:30:00,temp,22.4,21.76338471898534,0,1,1,144.5657600421564
Chittoor,2023-10-17 02:15:00,temp,21.6,22.036044039614524,0,1,1,144.5657600421564
Chittoor,2023-10-18 02:15:00,temp,21.1,21.85391713379668,0,1,1,144.5657600421564
Chittoor,2023-10-19 02:15:00,temp,20.5,21.534611113092637,0,1,1,144.5657600421564
Chittoor,2023-10-20 02:30:00,temp,20.7,21.07838628738598,0,1,1,144.5657600421564
Chittoor,2023-10-21 02:15:00,temp,21.0,20.9056683613389,0,1,1,144.5657600421564
Chittoor,2023-10-22 02:15:00,temp,21.4,20.948221749268306,0,1,1,144.5657600421564
Chittoor,2023-10-23 02:00:00,temp,21.5,21.1463449534012,0,1,1,144.5657600421564
Chittoor,2023-10-24 02:15:00,temp,20.1,21.300592112486356,0,1,1,144.5657600421564
Chittoor,2023-10-25 02:15:00,temp,20.6,20.78237678009075,0,1,1,144.5657600421564
Chittoor,2023-10-26 02:00:00,temp,20.5,20.702552060204862,0,1,1,144.5657600421564
Chittoor,2023-10-27 02:15:00,temp,20.7,20.61408541106726,0,1,1,144.5657600421564
Chittoor,2023-10-28 02:00:00,temp,21.1,20.651559449165237,0,1,1,144.5657600421564
Chittoor,2023-10-29 02:30:00,temp,21.5,20.84530031049509,0,1,1,144.5657600421564
Chittoor,2023-10-30 01:45:00,temp,21.5,21.129541137528598,0,1,1,144.5657600421564
Churachandpur,2023-10-15 02:30:00,temp,14.7,16.390814380536195,0,1,1,92.6762101455603
Churachandpur,2023-10-16 02:30:00,temp,15.2,15.063386414442993,0,1,1,92.6762101455603
Churachandpur,2023-10-17 02:15:00,temp,15.2,15.168866669185602,0,1,1,92.6762101455603
Churachandpur,2023-10-18 02:30:00,temp,15.2,15.191757468813098,0,1,1,92.6762101455603
Churachandpur,2023-10-19 02:15:00,temp,14.2,15.197802645508974,0,1,1,92.6762101455603
Churachandpur,2023-10-20 02:30:00,temp,14.5,14.46575052969861,0,1,1,92.6762101455603
Churachandpur,2023-10-21 02:15:00,temp,14.6,14.491192278868434,0,1,1,92.6762101455603
Churachandpur,2023-10-22 02:15:00,temp,15.4,14.570827600528155,0,1,1,92.6762101455603
Churachandpur,2023-10-23 02:15:00,temp,17.2,15.178418468404923,0,1,1,92.6762101455603
Churachandpur,2023-10-24 02:15:00,temp,16.3,16.80845328695292,0,1,1,92.6762101455603
Churachandpur,2023-10-25 02:15:00,temp,16.3,16.401155627191386,0,1,1,92.6762101455603
Churachandpur,2023-10-26 02:00:00,temp,15.9,16.32403556415507,0,1,1,92.6762101455603
Churachandpur,2023-10-27 02:15:00,temp,15.0,16.000301612239813,0,1,1,92.6762101455603
Churachandpur,2023-10-28 02:00:00,temp,14.4,15.2193151025104,0,1,1,92.6762101455603
Churachandpur,2023-10-29 02:30:00,temp,14.1,14.549692967253193,0,1,1,92.6762101455603
Churachandpur,2023-10-30 01:45:00,temp,13.9,14.176639769515482,0,1,1,92.6762101455603
Churu,2023-10-15 02:30:00,temp,27.1,28.143408706827646,2,0,2,153.97236175425095
Churu,2023-10-16 02:30:00,temp,27.4,28.1997477261145,2,0,2,153.97236175425095
Churu,2023-10-17 02:30:00,temp,22.6,27.948950195619986,2,0,2,153.97236175425095
Churu,2023-10-18 02:30:00,temp,24.1,25.52892109122406,2,0,2,153.97236175425095
Churu,2023-10-19 02:30:00,temp,23.6,25.02517955303638,2,0,2,153.97236175425095
Churu,2023-10-20 02:30:00,temp,23.8,26.0983547122974,2,0,2,153.97236175425095
Churu,2023-10-21 02:15:00,temp,25.2,27.185808168324932,2,0,2,153.97236175425095
Churu,2023-10-22 02:30:00,temp,25.1,27.371854154125487,2,0,2,153.97236175425095
Churu,2023-10-23 02:15:00,temp,24.9,26.472130734510124,2,0,2,153.97236175425095
Churu,2023-10-24 02:15:00,temp,24.0,25.895556728622175,2,0,2,153.97236175425095
Churu,2023-10-25 02:30:00,temp,24.9,25.300521138716526,2,0,2,153.97236175425095
Churu,2023-10-26 02:00:00,temp,24.6,25.86621174360881,2,0,2,153.97236175425095
Churu,2023-10-27 02:15:00,temp,24.1,26.186113035867237,2,0,2,153.97236175425095
Churu,2023-10-28 02:00:00,temp,25.0,25.525123724905868,2,0,2,153.97236175425095
Churu,2023-10-29 02:45:00,temp,26.7,25.633608740163197,2,0,2,153.97236175425095
Churu,2023-10-30 02:00:00,temp,25.7,27.17722207410603,2,0,2,153.97236175425095
Coimbatore,2023-10-15 02:30:00,temp,23.6,24.419995070806767,0,0,0,105.74102381217331
Coimbatore,2023-10-16 02:30:00,temp,26.0,24.402168794644243,0,0,0,105.74102381217331
Coimbatore,2023-10-17 02:30:00,temp,23.0,24.436165254915736,0,0,0,105.74102381217331
Coimbatore,2023-10-18 02:30:00,temp,24.0,24.406245041928663,0,0,0,105.74102381217331
Coimbatore,2023-10-19 02:30:00,temp,26.0,24.397954225266464,0,0,0,105.74102381217331
Coimbatore,2023-10-20 02:30:00,temp,26.0,24.429995058677605,0,0,0,105.74102381217331
Coimbatore,2023-10-21 02:15:00,temp,25.0,24.46077935545153,0,0,0,105.74102381217331
Coimbatore,2023-10-22 02:30:00,temp,26.0,24.471148895918656,0,0,0,105.74102381217331
Coimbatore,2023-10-23 02:15:00,temp,25.0,24.499995051014388,0,0,0,105.74102381217331
Coimbatore,2023-10-24 02:15:00,temp,24.0,24.509254249872775,0,0,0,105.74102381217331
Coimbatore,2023-10-25 02:30:00,temp,25.0,24.499994820587744,0,0,0,105.74102381217331
Coimbatore,2023-10-26 02:00:00,temp,26.0,24.508923770709558,0,0,0,105.74102381217331
Coimbatore,2023-10-27 02:30:00,temp,27.0,24.535082775646554,0,0,0,105.74102381217331
Coimbatore,2023-10-28 02:00:00,temp,26.0,24.577581116490695,0,0,0,105.74102381217331
Coimbatore,2023-10-29 02:45:00,temp,26.0,24.601689912112775,0,0,0,105.74102381217331
Coimbatore,2023-10-30 02:00:00,temp,25.0,24.62499496901731,0,0,0,105.74102381217331
Cuddalore,2023-10-15 02:30:00,temp,26.9,26.459303343053552,0,0,1,106.7332802173598
Cuddalore,2023-10-16 02:30:00,temp,26.7,26.681094404708954,0,0,1,106.7332802173598
Cuddalore,2023-10-17 02:30:00,temp,26.8,26.576331842305443,0,0,1,106.7332802173598
Cuddalore,2023-10-18 02:30:00,temp,26.3,26.633496662606476,0,0,1,106.7332802173598
Cuddalore,2023-10-19 02:30:00,temp,26.3,26.486286402068494,0,0,1,106.7332802173598
Cuddalore,2023-10-20 02:30:00,temp,26.1,26.517857425602,0,0,1,106.7332802173598
Cuddalore,2023-10-21 02:15:00,temp,26.1,26.448910774530013,0,0,1,106.7332802173598
Cuddalore,2023-10-22 02:30:00,temp,25.3,26.456869092316698,0,0,1,106.7332802173598
Cuddalore,2023-10-23 02:15:00,temp,26.1,26.213936482889885,0,0,1,106.7332802173598
Cuddalore,2023-10-24 02:15:00,temp,26.1,26.486247697432276,0,0,1,106.7332802173598
Cuddalore,2023-10-25 02:30:00,temp,26.5,26.40448110992519,0,0,1,106.7332802173598
Cuddalore,2023-10-26 02:00:00,temp,27.0,26.53409908901975,0,0,1,106.7332802173598
Cuddalore,2023-10-27 02:30:00,temp,26.9,26.643528650052573,0,0,1,106.7332802173598
Cuddalore,2023-10-28 02:00:00,temp,26.9,26.593774276422312,0,0,1,106.7332802173598
Cuddalore,2023-10-29 02:45:00,temp,26.3,26.61441259040379,0,0,1,106.7332802173598
Cuddalore,2023-10-30 02:00:00,temp,26.2,26.440394887016367,0,0,1,106.7332802173598
Cuttack,2023-10-15 02:30:00,temp,27.0,26.29361241266781,1,0,0,101.58223642390554
Cuttack,2023-10-16 02:30:00,temp,25.0,26.760366059185873,1,0,0,101.58223642390554
Cuttack,2023-10-17 02:30:00,temp,26.0,26.365684611675412,1,0,0,101.58223642390554
Cuttack,2023-10-18 02:30:00,temp,25.0,26.518485499894922,1,0,0,101.58223642390554
Cuttack,2023-10-19 02:30:00,temp,26.0,26.231764030478416,1,0,0,101.58223642390554
Cuttack,2023-10-20 02:30:00,temp,24.0,26.452951106774027,1,0,0,101.58223642390554
Cuttack,2023-10-21 02:15:00,temp,24.0,25.79184530757147,1,0,0,101.58223642390554
Cuttack,2023-10-22 02:30:00,temp,24.0,25.447800641760768,1,0,0,101.58223642390554
Cuttack,2023-10-23 02:15:00,temp,25.0,25.21727571406444,1,0,0,101.58223642390554
Cuttack,2023-10-24 02:15:00,temp,25.0,25.694959218271535,1,0,0,101.58223642390554
Cuttack,2023-10-25 02:15:00,temp,24.0,25.656048682293235,1,0,0,101.58223642390554
Cuttack,2023-10-26 02:00:00,temp,25.0,25.001359105769144,1,0,0,101.58223642390554
Cuttack,2023-10-27 02:15:00,temp,23.0,25.569463791328165,1,0,0,101.58223642390554
Cuttack,2023-10-28 02:00:00,temp,22.0,24.214667038036353,1,0,0,101.58223642390554
Cuttack,2023-10-29 02:45:00,temp,21.0,23.153058499273833,1,0,0,101.58223642390554
Cuttack,2023-10-30 02:00:00,temp,21.0,21.933107222361357,1,0,0,101.58223642390554
Dadra,2023-10-15 02:30:00,temp,26.2,26.44503200873558,2,0,2,82.48909861893327
Dadra,2023-10-16 02:30:00,temp,25.8,26.207421303090733,2,0,2,82.48909861893327
Dadra,2023-10-17 02:15:00,temp,26.4,25.81370712825568,2,0,2,82.48909861893327
Dadra,2023-10-18 02:15:00,temp,25.8,26.02298465600644,2,0,2,82.48909861893327
Dadra,2023-10-19 02:15:00,temp,25.5,25.672171927681187,2,0,2,82.48909861893327
Dadra,2023-10-20 02:30:00,temp,25.2,25.38754746226426,2,0,2,82.48909861893327
Dadra,2023-10-21 02:15:00,temp,26.5,25.156657658892573,2,0,2,82.48909861893327
Dadra,2023-10-22 02:15:00,temp,26.5,25.728524180891544,2,0,2,82.48909861893327
Dadra,2023-10-23 02:00:00,temp,25.6,26.24337651065659,2,0,2,82.48909861893327
Dadra,2023-10-24 02:15:00,temp,26.9,25.337972933815703,2,0,2,82.48909861893327
Dadra,2023-10-25 02:15:00,temp,25.2,25.938747035409847,2,0,2,82.48909861893327
Dadra,2023-10-26 02:00:00,temp,24.6,25.425057432631654,2,0,2,82.48909861893327
Dadra,2023-10-27 02:15:00,temp,24.6,24.618029021994413,2,0,2,82.48909861893327
Dadra,2023-10-28 02:00:00,temp,23.6,24.547013992414662,2,0,2,82.48909861893327
Dadra,2023-10-29 02:30:00,temp,23.8,24.412800396211864,2,0,2,82.48909861893327
Dadra,2023-10-30 01:45:00,temp,24.4,24.18404109416051,2,0,2,82.48909861893327
Daman,2023-10-15 02:30:00,temp,25.9,26.072003270990876,2,0,1,91.91794286579669
Daman,2023-10-16 02:30:00,temp,25.4,25.909967593380674,2,0,1,91.91794286579669
Daman,2023-10-17 02:15:00,temp,26.2,25.470276054400085,2,0,1,91.91794286579669
Daman,2023-10-18 02:15:00,temp,25.4,25.831977722118822,2,0,1,91.91794286579669
Daman,2023-10-19 02:15:00,temp,24.7,25.351931198094622,2,0,1,91.91794286579669
Daman,2023-10-20 02:30:00,temp,24.3,24.88316016906529,2,0,1,91.91794286579669
Daman,2023-10-21 02:15:00,temp,25.9,24.617994899714827,2,0,1,91.91794286579669
Daman,2023-10-22 02:15:00,temp,26.7,25.734826723942128,2,0,1,91.91794286579669
Daman,2023-10-23 02:00:00,temp,25.1,26.2456241820678,2,0,1,91.91794286579669
Daman,2023-10-24 02:15:00,temp,26.6,25.083544738958775,2,0,1,91.91794286579669
Daman,2023-10-25 02:15:00,temp,24.5,26.036926855803895,2,0,1,91.91794286579669
Daman,2023-10-26 02:00:00,temp,24.0,25.00563609503898,2,0,1,91.91794286579669
Daman,2023-10-27 02:15:00,temp,23.8,24.477874716023706,2,0,1,91.91794286579669
Daman,2023-10-28 02:00:00,temp,22.7,24.360163905069896,2,0,1,91.91794286579669
Daman,2023-10-29 02:30:00,temp,23.1,23.565204202663626,2,0,1,91.91794286579669
Daman,2023-10-30 01:45:00,temp,23.6,23.716232936511442,2,0,1,91.91794286579669
Damoh,2023-10-15 02:30:00,temp,24.7,22.3,0,1,0,126.49502647140325
Damoh,2023-10-16 02:30:00,temp,23.5,24.7,0,1,0,126.49502647140325
Damoh,2023-10-17 02:15:00,temp,21.7,23.5,0,1,0,126.49502647140325
Damoh,2023-10-18 02:15:00,temp,21.8,21.7,0,1,0,126.49502647140325
Damoh,2023-10-19 02:15:00,temp,22.4,21.8,0,1,0,126.49502647140325
Damoh,2023-10-20 02:15:00,temp,20.6,22.4,0,1,0,126.49502647140325
Damoh,2023-10-21 02:00:00,temp,20.3,20.6,0,1,0,126.49502647140325
Damoh,2023-10-22 02:15:00,temp,19.7,20.3,0,1,0,126.49502647140325
Damoh,2023-10-23 02:00:00,temp,18.5,19.7,0,1,0,126.49502647140325
Damoh,2023-10-24 02:15:00,temp,18.7,18.5,0,1,0,126.49502647140325
Damoh,2023-10-25 02:15:00,temp,18.9,18.7,0,1,0,126.49502647140325
Damoh,2023-10-26 02:00:00,temp,18.6,18.9,0,1,0,126.49502647140325
Damoh,2023-10-27 02:15:00,temp,18.6,18.6,0,1,0,126.49502647140325
Damoh,2023-10-28 02:00:00,temp,18.3,18.6,0,1,0,126.49502647140325
Damoh,2023-10-29 02:30:00,temp,18.5,18.3,0,1,0,126.49502647140325
Damoh,2023-10-30 01:45:00,temp,19.0,18.5,0,1,0,126.49502647140325
Darbhanga,2023-10-15 02:30:00,temp,22.4,21.966132153768235,1,1,1,156.00738681724565
Darbhanga,2023-10-16 02:30:00,temp,23.4,22.9242345218958,1,1,1,156.00738681724565
Darbhanga,2023-10-17 02:15:00,temp,23.0,22.86337434840278,1,1,1,156.00738681724565
Darbhanga,2023-10-18 02:30:00,temp,22.7,23.534473938842982,1,1,1,156.00738681724565
Darbhanga,2023-10-19 02:15:00,temp,21.2,22.184184071734833,1,1,1,156.00738681724565
Darbhanga,2023-10-20 02:30:00,temp,20.9,21.739020900183355,1,1,1,156.00738681724565
Darbhanga,2023-10-21 02:15:00,temp,20.6,20.379752200539855,1,1,1,156.00738681724565
Darbhanga,2023-10-22 02:15:00,temp,20.3,21.116816104671145,1,1,1,156.00738681724565
Darbhanga,2023-10-23 02:15:00,temp,20.9,19.80061503832807,1,1,1,156.00738681724565
Darbhanga,2023-10-24 02:15:00,temp,21.5,21.37719890157447,1,1,1,156.00738681724565
Darbhanga,2023-10-25 02:15:00,temp,22.1,21.02017097996477,1,1,1,156.00738681724565
Darbhanga,2023-10-26 02:00:00,temp,21.7,22.55810886037633,1,1,1,156.00738681724565
Darbhanga,2023-10-27 02:15:00,temp,21.4,21.257848191718335,1,1,1,156.00738681724565
Darbhanga,2023-10-28 02:00:00,temp,21.5,21.84044019212012,1,1,1,156.00738681724565
Darbhanga,2023-10-29 02:30:00,temp,21.5,21.06571290630358,1,1,1,156.00738681724565
Darbhanga,2023-10-30 01:45:00,temp,21.0,21.927292146313768,1,1,1,156.00738681724565
Darjiling,2023-10-15 02:30:00,temp,18.6,18.28095617525498,0,1,1,242.86240821374207
Darjiling,2023-10-16 02:30:00,temp,17.3,18.318133085282597,0,1,1,242.86240821374207
Darjiling,2023-10-17 02:30:00,temp,17.0,18.21023192216367,0,1,1,242.86240821374207
Darjiling,2023-10-18 02:30:00,temp,16.0,18.077063558329925,0,1,1,242.86240821374207
Darjiling,2023-10-19 02:15:00,temp,15.4,17.830231826308992,0,1,1,242.86240821374207
Darjiling,2023-10-20 02:30:00,temp,15.2,17.497867768299695,0,1,1,242.86240821374207
Darjiling,2023-10-21 02:15:00,temp,15.0,17.112415612138875,0,1,1,242.86240821374207
Darjiling,2023-10-22 02:15:00,temp,16.4,16.649234777632582,0,1,1,242.86240821374207
Darjiling,2023-10-23 02:15:00,temp,16.3,16.59415085245661,0,1,1,242.86240821374207
Darjiling,2023-10-24 02:15:00,temp,16.6,16.53301111789087,0,1,1,242.86240821374207
Darjiling,2023-10-25 02:15:00,temp,17.2,16.552227061799606,0,1,1,242.86240821374207
Darjiling,2023-10-26 02:00:00,temp,16.2,16.67776570986213,0,1,1,242.86240821374207
Darjiling,2023-10-27 02:15:00,temp,15.7,16.597583834953745,0,1,1,242.86240821374207
Darjiling,2023-10-28 02:00:00,temp,15.1,16.442513595436637,0,1,1,242.86240821374207
Darjiling,2023-10-29 02:45:00,temp,16.9,16.19801897206116,0,1,1,242.86240821374207
Darjiling,2023-10-30 02:00:00,temp,16.9,16.330655168195236,0,1,1,242.86240821374207
Darrang,2023-10-15 02:30:00,temp,20.8,21.5,0,1,0,100.04970390930448
Darrang,2023-10-16 02:30:00,temp,21.0,20.800000000000004,0,1,0,100.04970390930448
Darrang,2023-10-17 02:15:00,temp,20.5,21.0,0,1,0,100.04970390930448
Darrang,2023-10-18 02:30:00,temp,20.7,20.5,0,1,0,100.04970390930448
Darrang,2023-10-19 02:15:00,temp,20.1,20.7,0,1,0,100.04970390930448
Darrang,2023-10-20 02:30:00,temp,19.7,20.1,0,1,0,100.04970390930448
Darrang,2023-10-21 02:15:00,temp,19.7,19.7,0,1,0,100.04970390930448
Darrang,2023-10-22 02:15:00,temp,19.1,19.7,0,1,0,100.04970390930448
Darrang,2023-10-23 02:15:00,temp,18.9,19.1,0,1,0,100.04970390930448
Darrang,2023-10-24 02:15:00,temp,19.8,18.9,0,1,0,100.04970390930448
Darrang,2023-10-25 02:15:00,temp,19.3,19.8,0,1,0,100.04970390930448
Darrang,2023-10-26 02:00:00,temp,19.4,19.3,0,1,0,100.04970390930448
Darrang,2023-10-27 02:15:00,temp,20.0,19.4,0,1,0,100.04970390930448
Darrang,2023-10-28 02:00:00,temp,19.3,20.0,0,1,0,100.04970390930448
Darrang,2023-10-29 02:30:00,temp,19.2,19.3,0,1,0,100.04970390930448
Darrang,2023-10-30 01:45:00,temp,19.7,19.2,0,1,0,100.04970390930448
Datia,2023-10-15 02:30:00,temp,26.4,25.497165056400583,1,0,0,143.70979373567127
Datia,2023-10-16 02:30:00,temp,26.2,26.13929870585365,1,0,0,143.70979373567127
Datia,2023-10-17 02:15:00,temp,20.9,26.02782506470295,1,0,0,143.70979373567127
Datia,2023-10-18 02:15:00,temp,23.5,23.070840829408205,1,0,0,143.70979373567127
Datia,2023-10-19 02:15:00,temp,23.4,24.513075239984328,1,0,0,143.70979373567127
Datia,2023-10-20 02:15:00,temp,23.0,24.394530771793082,1,0,0,143.70979373567127
Datia,2023-10-21 02:00:00,temp,22.4,24.088566441699502,1,0,0,143.70979373567127
Datia,2023-10-22 02:15:00,temp,22.4,23.616488392964747,1,0,0,143.70979373567127
Datia,2023-10-23 02:00:00,temp,21.8,23.512715095641344,1,0,0,143.70979373567127
Datia,2023-10-24 02:15:00,temp,21.9,22.985600072712806,1,0,0,143.70979373567127
Datia,2023-10-25 02:15:00,temp,21.6,22.952209640942094,1,0,0,143.70979373567127
Datia,2023-10-26 02:00:00,temp,21.7,22.6309352038644,1,0,0,143.70979373567127
Datia,2023-10-27 02:15:00,temp,21.1,22.624861223261526,1,0,0,143.70979373567127
Datia,2023-10-28 02:00:00,temp,21.6,22.063485055627535,1,0,0,143.70979373567127
Datia,2023-10-29 02:30:00,temp,22.0,22.402130263346827,1,0,0,143.70979373567127
Datia,2023-10-30 01:45:00,temp,22.5,22.681333746011852,1,0,0,143.70979373567127
Dausa,2023-10-15 02:30:00,temp,29.0,27.306722260046318,0,1,2,150.16105986240814
Dausa,2023-10-16 02:30:00,temp,26.0,27.625494222667125,0,1,2,150.16105986240814
Dausa,2023-10-17 02:30:00,temp,22.0,25.717650619879322,0,1,2,150.16105986240814
Dausa,2023-10-18 02:30:00,temp,23.0,23.785355780924778,0,1,2,150.16105986240814
Dausa,2023-10-19 02:30:00,temp,23.0,25.201605734763152,0,1,2,150.16105986240814
Dausa,2023-10-20 02:30:00,temp,23.0,23.9082795147451,0,1,2,150.16105986240814
Dausa,2023-10-21 02:15:00,temp,23.0,24.298081034737283,0,1,2,150.16105986240814
Dausa,2023-10-22 02:30:00,temp,24.0,23.59159760234198,0,1,2,150.16105986240814
Dausa,2023-10-23 02:15:00,temp,24.0,24.516526484701217,0,1,2,150.16105986240814
Dausa,2023-10-24 02:15:00,temp,23.0,23.90426088369979,0,1,2,150.16105986240814
Dausa,2023-10-25 02:30:00,temp,24.0,23.385564943540484,0,1,2,150.16105986240814
Dausa,2023-10-26 02:00:00,temp,22.0,24.324816609609243,0,1,2,150.16105986240814
Dausa,2023-10-27 02:15:00,temp,21.0,22.158322033783822,0,1,2,150.16105986240814
Dausa,2023-10-28 02:00:00,temp,24.0,22.258856611769353,0,1,2,150.16105986240814
Dausa,2023-10-29 02:45:00,temp,21.0,24.270505326575332,0,1,2,150.16105986240814
Dausa,2023-10-30 02:00:00,temp,23.0,20.877096676456368,0,1,2,150.16105986240814
Dehradun,2023-10-15 02:30:00,temp,17.6,16.9,0,1,0,119.82151318474358
Dehradun,2023-10-16 02:30:00,temp,16.4,17.6,0,1,0,119.82151318474358
Dehradun,2023-10-17 02:30:00,temp,13.9,16.4,0,1,0,119.82151318474358
Dehradun,2023-10-18 02:30:00,temp,13.8,13.900000000000002,0,1,0,119.82151318474358
Dehradun,2023-10-19 02:15:00,temp,13.7,13.8,0,1,0,119.82151318474358
Dehradun,2023-10-20 02:30:00,temp,13.8,13.7,0,1,0,119.82151318474358
Dehradun,2023-10-21 02:15:00,temp,13.9,13.8,0,1,0,119.82151318474358
Dehradun,2023-10-22 02:15:00,temp,14.5,13.9,0,1,0,119.82151318474358
Dehradun,2023-10-23 02:15:00,temp,14.3,14.5,0,1,0,119.82151318474358
Dehradun,2023-10-24 02:15:00,temp,14.1,14.3,0,1,0,119.82151318474358
Dehradun,2023-10-25 02:15:00,temp,14.4,14.1,0,1,0,119.82151318474358
Dehradun,2023-10-26 02:00:00,temp,15.0,14.4,0,1,0,119.82151318474358
Dehradun,2023-10-27 02:15:00,temp,14.8,15.0,0,1,0,119.82151318474358
Dehradun,2023-10-28 02:00:00,temp,14.8,14.8,0,1,0,119.82151318474358
Dehradun,2023-10-29 02:30:00,temp,14.9,14.8,0,1,0,119.82151318474358
Dehradun,2023-10-30 01:45:00,temp,15.0,14.9,0,1,0,119.82151318474358
Deoghar,2023-10-15 02:30:00,temp,22.4,24.491184268609537,0,0,2,127.73977107530243
Deoghar,2023-10-16 02:30:00,temp,23.5,24.08392522227345,0,0,2,127.73977107530243
Deoghar,2023-10-17 02:15:00,temp,23.5,22.799246467194724,0,0,2,127.73977107530243
Deoghar,2023-10-18 02:30:00,temp,23.4,25.188665120861,0,0,2,127.73977107530243
Deoghar,2023-10-19 02:15:00,temp,21.9,23.97183179072491,0,0,2,127.73977107530243
Deoghar,2023-10-20 02:30:00,temp,21.7,22.480554010517675,0,0,2,127.73977107530243
Deoghar,2023-10-21 02:15:00,temp,21.0,23.287254359112644,0,0,2,127.73977107530243
Deoghar,2023-10-22 02:15:00,temp,20.6,22.693017371490786,0,0,2,127.73977107530243
Deoghar,2023-10-23 02:00:00,temp,20.7,21.790035352328264,0,0,2,127.73977107530243
Deoghar,2023-10-24 02:15:00,temp,21.5,22.73514186317562,0,0,2,127.73977107530243
Deoghar,2023-10-25 02:15:00,temp,21.8,23.004332586363926,0,0,2,127.73977107530243
Deoghar,2023-10-26 02:00:00,temp,21.8,22.839145392442813,0,0,2,127.73977107530243
Deoghar,2023-10-27 02:15:00,temp,21.1,22.959410480927907,0,0,2,127.73977107530243
Deoghar,2023-10-28 02:00:00,temp,21.0,22.166876524762863,0,0,2,127.73977107530243
Deoghar,2023-10-29 02:30:00,temp,21.3,22.20363322922822,0,0,2,127.73977107530243
Deoghar,2023-10-30 01:45:00,temp,21.5,22.888180867666833,0,0,2,127.73977107530243
Deoria,2023-10-15 02:30:00,temp,22.9,21.993948982528035,1,1,1,136.25691977073794
Deoria,2023-10-16 02:30:00,temp,23.0,23.390574944994615,1,1,1,136.25691977073794
Deoria,2023-10-17 02:30:00,temp,22.8,22.567999574609175,1,1,1,136.25691977073794
Deoria,2023-10-18 02:30:00,temp,22.1,23.138501907438723,1,1,1,136.25691977073794
Deoria,2023-10-19 02:30:00,temp,20.7,21.50090626172109,1,1,1,136.25691977073794
Deoria,2023-10-20 02:30:00,temp,20.4,20.734206730295174,1,1,1,136.25691977073794
Deoria,2023-10-21 02:15:00,temp,20.2,20.242222190740108,1,1,1,136.25691977073794
Deoria,2023-10-22 02:30:00,temp,20.5,20.272080152637965,1,1,1,136.25691977073794
Deoria,2023-10-23 02:15:00,temp,20.8,20.55382488993826,1,1,1,136.25691977073794
Deoria,2023-10-24 02:15:00,temp,21.1,20.872173659723234,1,1,1,136.25691977073794
Deoria,2023-10-25 02:30:00,temp,22.1,21.15445503804162,1,1,1,136.25691977073794
Deoria,2023-10-26 02:00:00,temp,22.4,22.466691585813546,1,1,1,136.25691977073794
Deoria,2023-10-27 02:30:00,temp,21.6,22.166041621841206,1,1,1,136.25691977073794
Deoria,2023-10-28 02:00:00,temp,21.3,21.492525228483583,1,1,1,136.25691977073794
Deoria,2023-10-29 02:45:00,temp,21.5,21.2780513941972,1,1,1,136.25691977073794
Deoria,2023-10-30 02:00:00,temp,20.8,21.60691626746063,1,1,1,136.25691977073794
Dewas,2023-10-15 02:30:00,temp,22.7,21.370821609175863,0,1,1,128.5088745284623
Dewas,2023-10-16 02:30:00,temp,24.5,22.18934800877527,0,1,1,128.5088745284623
Dewas,2023-10-17 02:15:00,temp,22.0,23.842904409302278,0,1,1,128.5088745284623
Dewas,2023-10-18 02:15:00,temp,21.6,22.640196002345135,0,1,1,128.5088745284623
Dewas,2023-10-19 02:15:00,temp,22.0,22.03075977716431,0,1,1,128.5088745284623
Dewas,2023-10-20 02:15:00,temp,21.8,22.012441443005365,0,1,1,128.5088745284623
Dewas,2023-10-21 02:00:00,temp,21.2,21.886907283111505,0,1,1,128.5088745284623
Dewas,2023-10-22 02:15:00,temp,21.8,21.476639799947485,0,1,1,128.5088745284623
Dewas,2023-10-23 02:00:00,temp,23.0,21.66941543501352,0,1,1,128.5088745284623
Dewas,2023-10-24 02:15:00,temp,21.7,22.45094233615315,0,1,1,128.5088745284623
Dewas,2023-10-25 02:15:00,temp,20.2,22.01440377377149,0,1,1,128.5088745284623
Dewas,2023-10-26 02:00:00,temp,20.0,20.978117474288833,0,1,1,128.5088745284623
Dewas,2023-10-27 02:15:00,temp,19.7,20.33849876775011,0,1,1,128.5088745284623
Dewas,2023-10-28 02:00:00,temp,19.0,19.914716198888883,0,1,1,128.5088745284623
Dewas,2023-10-29 02:30:00,temp,18.0,19.298544380520926,0,1,1,128.5088745284623
Dewas,2023-10-30 01:45:00,temp,20.4,18.38375683856544,0,1,1,128.5088745284623
Dhalai,2023-10-15 02:30:00,temp,19.8,20.644412054795456,1,1,0,71.09486439219299
Dhalai,2023-10-16 02:30:00,temp,20.3,20.03562161714316,1,1,0,71.09486439219299
Dhalai,2023-10-17 02:15:00,temp,21.4,20.125244313887688,1,1,0,71.09486439219299
Dhalai,2023-10-18 02:30:00,temp,20.1,21.063914787358634,1,1,0,71.09486439219299
Dhalai,2023-10-19 02:15:00,temp,19.5,20.583099872458998,1,1,0,71.09486439219299
Dhalai,2023-10-20 02:30:00,temp,19.3,19.674991758497324,1,1,0,71.09486439219299
Dhalai,2023-10-21 02:15:00,temp,19.5,19.355844337204736,1,1,0,71.09486439219299
Dhalai,2023-10-22 02:15:00,temp,20.1,19.443816127350253,1,1,0,71.09486439219299
Dhalai,2023-10-23 02:15:00,temp,19.6,19.93582649129696,1,1,0,71.09486439219299
Dhalai,2023-10-24 02:15:00,temp,20.8,19.74230990729959,1,1,0,71.09486439219299
Dhalai,2023-10-25 02:15:00,temp,21.7,20.424835970224482,1,1,0,71.09486439219299
Dhalai,2023-10-26 02:00:00,temp,19.4,21.487255370423266,1,1,0,71.09486439219299
Dhalai,2023-10-27 02:15:00,temp,19.4,20.146907959171113,1,1,0,71.09486439219299
Dhalai,2023-10-28 02:00:00,temp,19.2,19.4,1,1,0,71.09486439219299
Dhalai,2023-10-29 02:30:00,temp,19.1,19.251928934918453,1,1,0,71.09486439219299
Dhalai,2023-10-30 01:45:00,temp,19.6,19.125856187616446,1,1,0,71.09486439219299
Dhamtari,2023-10-15 02:30:00,temp,22.1,22.00909817926338,2,1,1,99.80909795060965
Dhamtari,2023-10-16 02:30:00,temp,21.9,22.086382638347995,2,1,1,99.80909795060965
Dhamtari,2023-10-17 02:30:00,temp,20.9,21.89890022622294,2,1,1,99.80909795060965
Dhamtari,2023-10-18 02:30:00,temp,21.6,20.81959596352709,2,1,1,99.80909795060965
Dhamtari,2023-10-19 02:15:00,temp,20.8,22.052941499370764,2,1,1,99.80909795060965
Dhamtari,2023-10-20 02:30:00,temp,20.8,20.824943436310765,2,1,1,99.80909795060965
Dhamtari,2023-10-21 02:15:00,temp,19.7,21.104476284264248,2,1,1,99.80909795060965
Dhamtari,2023-10-22 02:15:00,temp,18.0,19.806399849665517,2,1,1,99.80909795060965
Dhamtari,2023-10-23 02:15:00,temp,17.2,18.036477910991216,2,1,1,99.80909795060965
Dhamtari,2023-10-24 02:15:00,temp,17.0,17.544006552070964,2,1,1,99.80909795060965
Dhamtari,2023-10-25 02:15:00,temp,17.6,17.428733499733944,2,1,1,99.80909795060965
Dhamtari,2023-10-26 02:00:00,temp,17.9,18.196262675355385,2,1,1,99.80909795060965
Dhamtari,2023-10-27 02:15:00,temp,17.1,18.211148306734216,2,1,1,99.80909795060965
Dhamtari,2023-10-28 02:00:00,temp,17.6,16.8884109853182,2,1,1,99.80909795060965
Dhamtari,2023-10-29 02:30:00,temp,17.3,17.894885015275246,2,1,1,99.80909795060965
Dhamtari,2023-10-30 01:45:00,temp,17.9,17.267453090505835,2,1,1,99.80909795060965
Dhanbad,2023-10-15 02:30:00,temp,22.6,24.3,0,1,0,129.88093876743665
Dhanbad,2023-10-16 02:30:00,temp,23.3,22.6,0,1,0,129.88093876743665
Dhanbad,2023-10-17 02:15:00,temp,24.1,23.3,0,1,0,129.88093876743665
Dhanbad,2023-10-18 02:30:00,temp,23.7,24.1,0,1,0,129.88093876743665
Dhanbad,2023-10-19 02:15:00,temp,22.9,23.7,0,1,0,129.88093876743665
Dhanbad,2023-10-20 02:30:00,temp,22.5,22.9,0,1,0,129.88093876743665
Dhanbad,2023-10-21 02:15:00,temp,21.5,22.5,0,1,0,129.88093876743665
Dhanbad,2023-10-22 02:15:00,temp,21.0,21.5,0,1,0,129.88093876743665
Dhanbad,2023-10-23 02:00:00,temp,21.1,21.0,0,1,0,129.88093876743665
Dhanbad,2023-10-24 02:15:00,temp,22.1,21.1,0,1,0,129.88093876743665
Dhanbad,2023-10-25 02:15:00,temp,22.9,22.1,0,1,0,129.88093876743665
Dhanbad,2023-10-26 02:00:00,temp,24.0,22.9,0,1,0,129.88093876743665
Dhanbad,2023-10-27 02:15:00,temp,21.7,24.0,0,1,0,129.88093876743665
Dhanbad,2023-10-28 02:00:00,temp,21.9,21.7,0,1,0,129.88093876743665
Dhanbad,2023-10-29 02:30:00,temp,21.4,21.9,0,1,0,129.88093876743665
Dhanbad,2023-10-30 01:45:00,temp,21.7,21.4,0,1,0,129.88093876743665
Dhar,2023-10-15 02:30:00,temp,24.5,21.760652584718187,0,1,1,131.3026365198265
Dhar,2023-10-16 02:30:00,temp,24.1,23.603412991705035,0,1,1,131.3026365198265
Dhar,2023-10-17 02:15:00,temp,22.4,23.958912068563176,0,1,1,131.3026365198265
Dhar,2023-10-18 02:15:00,temp,22.0,23.01135041829395,0,1,1,131.3026365198265
Dhar,2023-10-19 02:15:00,temp,22.5,22.40373193185482,0,1,1,131.3026365198265
Dhar,2023-10-20 02:15:00,temp,22.5,22.46270272654944,0,1,1,131.3026365198265
Dhar,2023-10-21 02:00:00,temp,22.9,22.48491457483525,0,1,1,131.3026365198265
Dhar,2023-10-22 02:15:00,temp,22.6,22.730053703249883,0,1,1,131.3026365198265
Dhar,2023-10-23 02:00:00,temp,23.0,22.653255409371994,0,1,1,131.3026365198265
Dhar,2023-10-24 02:15:00,temp,22.6,22.857392629243158,0,1,1,131.3026365198265
Dhar,2023-10-25 02:15:00,temp,21.6,22.70615317302697,0,1,1,131.3026365198265
Dhar,2023-10-26 02:00:00,temp,20.0,22.054019470913094,0,1,1,131.3026365198265
Dhar,2023-10-27 02:15:00,temp,20.5,20.685154538871874,0,1,1,131.3026365198265
Dhar,2023-10-28 02:00:00,temp,19.0,20.554094776837502,0,1,1,131.3026365198265
Dhar,2023-10-29 02:30:00,temp,18.0,19.469159492143163,0,1,1,131.3026365198265
Dhar,2023-10-30 01:45:00,temp,21.3,18.36343288712243,0,1,1,131.3026365198265
Dharmanagar,2023-10-15 02:30:00,temp,21.3,21.46255309025827,0,1,1,94.27322558193677
Dharmanagar,2023-10-16 02:30:00,temp,21.4,21.34033832242781,0,1,1,94.27322558193677
Dharmanagar,2023-10-16 02:30:00,temp,21.1,21.384464004865276,0,1,1,94.27322558193677
Dharmanagar,2023-10-17 02:15:00,temp,21.4,21.174610837333393,0,1,1,94.27322558193677
Dharmanagar,2023-10-18 02:30:00,temp,20.9,21.340302444484962,0,1,1,94.27322558193677
Dharmanagar,2023-10-18 02:30:00,temp,20.5,21.018682514843718,0,1,1,94.27322558193677
Dharmanagar,2023-10-19 02:15:00,temp,20.7,20.632678684250973,0,1,1,94.27322558193677
Dharmanagar,2023-10-20 02:30:00,temp,20.7,20.682846287820308,0,1,1,94.27322558193677
Dharmanagar,2023-10-20 02:30:00,temp,20.5,20.695532075320173,0,1,1,94.27322558193677
Dharmanagar,2023-10-21 02:15:00,temp,20.2,20.5509718805111,0,1,1,94.27322558193677
Dharmanagar,2023-10-22 02:15:00,temp,20.9,20.289969600406423,0,1,1,94.27322558193677
Dharmanagar,2023-10-23 02:15:00,temp,21.3,20.736551594203263,0,1,1,94.27322558193677
Dharmanagar,2023-10-24 02:15:00,temp,21.9,21.15847282234634,0,1,1,94.27322558193677
Dharmanagar,2023-10-25 02:15:00,temp,22.1,21.735946965797968,0,1,1,94.27322558193677
Dharmanagar,2023-10-26 02:00:00,temp,21.0,22.02640343764032,0,1,1,94.27322558193677
Dharmanagar,2023-10-27 02:15:00,temp,20.8,21.24339614723503,0,1,1,94.27322558193677
Dharmanagar,2023-10-28 02:00:00,temp,20.5,20.89312750481943,0,1,1,94.27322558193677
Dharmanagar,2023-10-29 02:30:00,temp,19.5,20.5794114513687,0,1,1,94.27322558193677
Dharmanagar,2023-10-30 01:45:00,temp,20.0,19.69045874178042,0,1,1,94.27322558193677
Dharmapuri,2023-10-15 02:30:00,temp,22.3,20.884401718043968,0,1,1,119.20238064230871
Dharmapuri,2023-10-16 02:30:00,temp,22.0,21.619445385680336,0,1,1,119.20238064230871
Dharmapuri,2023-10-17 02:30:00,temp,20.6,21.7878628796595,0,1,1,119.20238064230871
Dharmapuri,2023-10-18 02:30:00,temp,20.2,21.27275311476898,0,1,1,119.20238064230871
Dharmapuri,2023-10-19 02:30:00,temp,20.2,20.762648265075153,0,1,1,119.20238064230871
Dharmapuri,2023-10-20 02:30:00,temp,19.9,20.473363559713295,0,1,1,119.20238064230871
Dharmapuri,2023-10-21 02:15:00,temp,20.2,20.174780468823407,0,1,1,119.20238064230871
Dharmapuri,2023-10-22 02:30:00,temp,20.6,20.18794738643489,0,1,1,119.20238064230871
Dharmapuri,2023-10-23 02:15:00,temp,21.6,20.393222696869053,0,1,1,119.20238064230871
Dharmapuri,2023-10-24 02:15:00,temp,19.1,20.994252077772593,0,1,1,119.20238064230871
Dharmapuri,2023-10-25 02:30:00,temp,18.9,20.115064997000598,0,1,1,119.20238064230871
Dharmapuri,2023-10-26 02:00:00,temp,19.7,19.51690535217195,0,1,1,119.20238064230871
Dharmapuri,2023-10-27 02:30:00,temp,19.3,19.609741280580813,0,1,1,119.20238064230871
Dharmapuri,2023-10-28 02:00:00,temp,20.3,19.460981246551775,0,1,1,119.20238064230871
Dharmapuri,2023-10-29 02:45:00,temp,20.3,19.853064061001987,0,1,1,119.20238064230871
Dharmapuri,2023-10-30 02:00:00,temp,20.2,20.061772374151015,0,1,1,119.20238064230871
Dharwad,2023-10-15 02:30:00,temp,24.6,24.621529586207338,0,1,1,99.65913156046676
Dharwad,2023-10-16 02:30:00,temp,23.8,24.607031564205105,0,1,1,99.65913156046676
Dharwad,2023-10-17 02:30:00,temp,25.2,24.07493758440285,0,1,1,99.65913156046676
Dharwad,2023-10-18 02:30:00,temp,25.3,24.78116746540933,0,1,1,99.65913156046676
Dharwad,2023-10-19 02:15:00,temp,25.4,25.11805899040747,0,1,1,99.65913156046676
Dharwad,2023-10-20 02:30:00,temp,23.9,25.303844213338746,0,1,1,99.65913156046676
Dharwad,2023-10-21 02:15:00,temp,24.4,24.439581001762303,0,1,1,99.65913156046676
Dharwad,2023-10-22 02:15:00,temp,25.5,24.41460652113478,0,1,1,99.65913156046676
Dharwad,2023-10-23 02:15:00,temp,22.2,25.057278290865355,0,1,1,99.65913156046676
Dharwad,2023-10-24 02:15:00,temp,21.4,23.552013770007793,0,1,1,99.65913156046676
Dharwad,2023-10-25 02:15:00,temp,21.3,21.964362843814012,0,1,1,99.65913156046676
Dharwad,2023-10-26 02:00:00,temp,21.2,21.44551927303875,0,1,1,99.65913156046676
Dharwad,2023-10-27 02:15:00,temp,19.8,21.26196592869,0,1,1,99.65913156046676
Dharwad,2023-10-28 02:00:00,temp,20.7,20.151713578314393,0,1,1,99.65913156046676
Dharwad,2023-10-29 02:45:00,temp,24.4,20.564360402378043,0,1,1,99.65913156046676
Dharwad,2023-10-30 02:00:00,temp,23.9,23.449154255513417,0,1,1,99.65913156046676
Dhaulpur,2023-10-15 02:30:00,temp,28.2,26.798868691178683,2,0,2,147.61925269469774
Dhaulpur,2023-10-16 02:30:00,temp,28.0,27.073768744220338,2,0,2,147.61925269469774
Dhaulpur,2023-10-17 02:30:00,temp,21.3,27.462616426335657,2,0,2,147.61925269469774
Dhaulpur,2023-10-18 02:30:00,temp,23.5,25.256599220151184,2,0,2,147.61925269469774
Dhaulpur,2023-10-19 02:30:00,temp,23.8,24.27457923768645,2,0,2,147.61925269469774
Dhaulpur,2023-10-20 02:30:00,temp,23.3,26.130678142974777,2,0,2,147.61925269469774
Dhaulpur,2023-10-21 02:30:00,temp,22.9,27.13058918763473,2,0,2,147.61925269469774
Dhaulpur,2023-10-22 02:30:00,temp,22.7,24.798786457473145,2,0,2,147.61925269469774
Dhaulpur,2023-10-23 02:15:00,temp,23.2,24.28105643685694,2,0,2,147.61925269469774
Dhaulpur,2023-10-24 02:15:00,temp,22.6,24.16450676230644,2,0,2,147.61925269469774
Dhaulpur,2023-10-25 02:30:00,temp,22.2,23.514934742748142,2,0,2,147.61925269469774
Dhaulpur,2023-10-26 02:00:00,temp,22.6,23.13107092857169,2,0,2,147.61925269469774
Dhaulpur,2023-10-27 02:30:00,temp,21.9,23.313332367806698,2,0,2,147.61925269469774
Dhaulpur,2023-10-28 02:00:00,temp,22.0,23.043527624084426,2,0,2,147.61925269469774
Dhaulpur,2023-10-29 02:45:00,temp,23.1,23.009371215696795,2,0,2,147.61925269469774
Dhaulpur,2023-10-30 02:00:00,temp,23.5,23.88050937195657,2,0,2,147.61925269469774
Dhemaji,2023-10-15 02:30:00,temp,20.6,21.536668371778045,0,1,1,147.15823463755626
Dhemaji,2023-10-16 02:30:00,temp,20.4,21.10242518490973,0,1,1,147.15823463755626
Dhemaji,2023-10-17 02:15:00,temp,20.0,20.766596733566658,0,1,1,147.15823463755626
Dhemaji,2023-10-18 02:30:00,temp,20.9,20.393720087315728,0,1,1,147.15823463755626
Dhemaji,2023-10-19 02:15:00,temp,19.8,20.636330226559853,0,1,1,147.15823463755626
Dhemaji,2023-10-20 02:30:00,temp,19.3,20.243732527924244,0,1,1,147.15823463755626
Dhemaji,2023-10-21 02:15:00,temp,19.2,19.788691850405772,0,1,1,147.15823463755626
Dhemaji,2023-10-22 02:15:00,temp,18.6,19.497708020967508,0,1,1,147.15823463755626
Dhemaji,2023-10-23 02:15:00,temp,17.9,19.046620372827498,0,1,1,147.15823463755626
Dhemaji,2023-10-24 02:15:00,temp,20.0,18.450986095667957,0,1,1,147.15823463755626
Dhemaji,2023-10-25 02:15:00,temp,18.9,19.22689815834272,0,1,1,147.15823463755626
Dhemaji,2023-10-26 02:00:00,temp,18.4,19.068370511181527,0,1,1,147.15823463755626
Dhemaji,2023-10-27 02:15:00,temp,19.3,18.744741151314738,0,1,1,147.15823463755626
Dhemaji,2023-10-28 02:00:00,temp,19.5,19.012985322119338,0,1,1,147.15823463755626
Dhemaji,2023-10-29 02:30:00,temp,18.9,19.24756108318395,0,1,1,147.15823463755626
Dhemaji,2023-10-30 01:45:00,temp,19.6,19.080273503986678,0,1,1,147.15823463755626
Dhenkanal,2023-10-15 02:30:00,temp,27.0,26.182339251323455,1,0,0,100.81359287953907
Dhenkanal,2023-10-16 02:30:00,temp,25.0,26.761214384849225,1,0,0,100.81359287953907
Dhenkanal,2023-10-17 02:30:00,temp,26.0,26.26128234032962,1,0,0,100.81359287953907
Dhenkanal,2023-10-18 02:30:00,temp,25.0,26.4732685894878,1,0,0,100.81359287953907
Dhenkanal,2023-10-19 02:30:00,temp,26.0,26.147184488434704,1,0,0,100.81359287953907
Dhenkanal,2023-10-20 02:30:00,temp,24.0,26.415799265363034,1,0,0,100.81359287953907
Dhenkanal,2023-10-21 02:15:00,temp,24.0,25.687568807387798,1,0,0,100.81359287953907
Dhenkanal,2023-10-22 02:30:00,temp,24.0,25.36921479144785,1,0,0,100.81359287953907
Dhenkanal,2023-10-23 02:15:00,temp,25.0,25.15448254813355,1,0,0,100.81359287953907
Dhenkanal,2023-10-24 02:15:00,temp,25.0,25.65965271458254,1,0,0,100.81359287953907
Dhenkanal,2023-10-25 02:15:00,temp,24.0,25.62334729883432,1,0,0,100.81359287953907
Dhenkanal,2023-10-26 02:00:00,temp,25.0,24.95559900850999,1,0,0,100.81359287953907
Dhenkanal,2023-10-27 02:15:00,temp,23.0,25.5430466687894,1,0,0,100.81359287953907
Dhenkanal,2023-10-28 02:00:00,temp,20.3,24.164511088318896,1,0,0,100.81359287953907
Dhenkanal,2023-10-29 02:45:00,temp,21.0,21.45125116776422,1,0,0,100.81359287953907
Dhenkanal,2023-10-30 02:00:00,temp,21.0,21.886157907072146,1,0,0,100.81359287953907
Dhubri,2023-10-15 02:30:00,temp,22.9,23.9,0,1,0,118.18350308768929
Dhubri,2023-10-16 02:30:00,temp,22.7,22.9,0,1,0,118.18350308768929
Dhubri,2023-10-17 02:15:00,temp,22.3,22.7,0,1,0,118.18350308768929
Dhubri,2023-10-18 02:30:00,temp,22.3,22.3,0,1,0,118.18350308768929
Dhubri,2023-10-19 02:15:00,temp,22.3,22.3,0,1,0,118.18350308768929
Dhubri,2023-10-20 02:30:00,temp,21.8,22.3,0,1,0,118.18350308768929
Dhubri,2023-10-21 02:15:00,temp,21.3,21.8,0,1,0,118.18350308768929
Dhubri,2023-10-22 02:15:00,temp,20.7,21.3,0,1,0,118.18350308768929
Dhubri,2023-10-23 02:15:00,temp,20.9,20.7,0,1,0,118.18350308768929
Dhubri,2023-10-24 02:15:00,temp,21.4,20.9,0,1,0,118.18350308768929
Dhubri,2023-10-25 02:15:00,temp,20.7,21.4,0,1,0,118.18350308768929
Dhubri,2023-10-26 02:00:00,temp,21.4,20.7,0,1,0,118.18350308768929
Dhubri,2023-10-27 02:15:00,temp,22.2,21.4,0,1,0,118.18350308768929
Dhubri,2023-10-28 02:00:00,temp,21.0,22.2,0,1,0,118.18350308768929
Dhubri,2023-10-29 02:30:00,temp,20.9,21.0,0,1,0,118.18350308768929
Dhubri,2023-10-30 01:45:00,temp,21.6,20.9,0,1,0,118.18350308768929
Dhule,2023-10-15 02:30:00,temp,26.2,26.376074861276834,2,0,1,120.96262178572542
Dhule,2023-10-16 02:30:00,temp,26.7,25.00242960122922,2,0,1,120.96262178572542
Dhule,2023-10-17 02:30:00,temp,25.6,25.435351400483174,2,0,1,120.96262178572542
Dhule,2023-10-18 02:30:00,temp,25.9,24.619466689950517,2,0,1,120.96262178572542
Dhule,2023-10-19 02:30:00,temp,26.2,25.012134957461246,2,0,1,120.96262178572542
Dhule,2023-10-20 02:30:00,temp,25.7,25.36513087586705,2,0,1,120.96262178572542
Dhule,2023-10-21 02:15:00,temp,24.2,25.052280381039054,2,0,1,120.96262178572542
Dhule,2023-10-22 02:30:00,temp,25.5,23.92853398158679,2,0,1,120.96262178572542
Dhule,2023-10-23 02:15:00,temp,25.1,25.01232524453264,2,0,1,120.96262178572542
Dhule,2023-10-24 02:15:00,temp,24.4,24.763932434206247,2,0,1,120.96262178572542
Dhule,2023-10-25 02:15:00,temp,23.9,24.57694863520933,2,0,1,120.96262178572542
Dhule,2023-10-26 02:00:00,temp,22.6,24.274667018198617,2,0,1,120.96262178572542
Dhule,2023-10-27 02:15:00,temp,22.2,23.097340620036693,2,0,1,120.96262178572542
Dhule,2023-10-28 02:00:00,temp,21.8,22.86418419158705,2,0,1,120.96262178572542
Dhule,2023-10-29 02:45:00,temp,22.2,22.63577959221515,2,0,1,120.96262178572542
Dhule,2023-10-30 02:00:00,temp,22.3,23.05633059625825,2,0,1,120.96262178572542
Dibrugarh,2023-10-15 02:30:00,temp,20.6,21.341690632355654,0,1,1,120.16612674579905
Dibrugarh,2023-10-16 02:30:00,temp,20.4,20.888892077141055,0,1,1,120.16612674579905
Dibrugarh,2023-10-17 02:15:00,temp,20.0,20.58522781689437,0,1,1,120.16612674579905
Dibrugarh,2023-10-18 02:30:00,temp,20.9,20.218360085332357,0,1,1,120.16612674579905
Dibrugarh,2023-10-19 02:15:00,temp,19.8,20.638053189977043,0,1,1,120.16612674579905
Dibrugarh,2023-10-20 02:30:00,temp,19.3,20.13048654232426,0,1,1,120.16612674579905
Dibrugarh,2023-10-21 02:15:00,temp,19.2,19.61647501979444,0,1,1,120.16612674579905
Dibrugarh,2023-10-22 02:15:00,temp,18.6,19.35372029661352,0,1,1,120.16612674579905
Dibrugarh,2023-10-23 02:15:00,temp,17.9,18.873201525426424,0,1,1,120.16612674579905
Dibrugarh,2023-10-24 02:15:00,temp,20.0,18.234846417660904,0,1,1,120.16612674579905
Dibrugarh,2023-10-25 02:15:00,temp,18.9,19.334733592672272,0,1,1,120.16612674579905
Dibrugarh,2023-10-26 02:00:00,temp,18.4,19.06868904519507,0,1,1,120.16612674579905
Dibrugarh,2023-10-27 02:15:00,temp,19.3,18.664995964562078,0,1,1,120.16612674579905
Dibrugarh,2023-10-28 02:00:00,temp,19.5,19.04605161432832,0,1,1,120.16612674579905
Dibrugarh,2023-10-29 02:30:00,temp,18.9,19.31870697192137,0,1,1,120.16612674579905
Dibrugarh,2023-10-30 01:45:00,temp,19.6,19.068202200944533,0,1,1,120.16612674579905
Dimapur,2023-10-15 02:30:00,temp,18.9,19.306245380756682,0,1,1,79.9129118986613
Dimapur,2023-10-16 02:30:00,temp,18.5,18.986725415926987,0,1,1,79.9129118986613
Dimapur,2023-10-17 02:15:00,temp,17.8,18.59808581892817,0,1,1,79.9129118986613
Dimapur,2023-10-18 02:30:00,temp,18.4,17.941544090474906,0,1,1,79.9129118986613
Dimapur,2023-10-19 02:15:00,temp,17.5,18.31150263099277,0,1,1,79.9129118986613
Dimapur,2023-10-20 02:30:00,temp,17.3,17.67040154498082,0,1,1,79.9129118986613
Dimapur,2023-10-21 02:15:00,temp,16.9,17.371518088777744,0,1,1,79.9129118986613
Dimapur,2023-10-22 02:15:00,temp,16.9,16.987465371771204,0,1,1,79.9129118986613
Dimapur,2023-10-23 02:15:00,temp,17.0,16.916011922356255,0,1,1,79.9129118986613
Dimapur,2023-10-24 02:15:00,temp,18.8,16.984381489026955,0,1,1,79.9129118986613
Dimapur,2023-10-25 02:15:00,temp,17.5,18.470093726182025,0,1,1,79.9129118986613
Dimapur,2023-10-26 02:00:00,temp,17.3,17.710557010565946,0,1,1,79.9129118986613
Dimapur,2023-10-27 02:15:00,temp,17.7,17.39871079625268,0,1,1,79.9129118986613
Dimapur,2023-10-28 02:00:00,temp,17.1,17.626149489181408,0,1,1,79.9129118986613
Dimapur,2023-10-29 02:30:00,temp,16.5,17.23173916069748,0,1,1,79.9129118986613
Dimapur,2023-10-30 01:45:00,temp,17.1,16.67284220307141,0,1,1,79.9129118986613
Dindigul,2023-10-15 02:30:00,temp,22.4,24.326661898835898,0,0,0,170.45765712279274
Dindigul,2023-10-16 02:30:00,temp,23.2,24.284777653712453,0,0,0,170.45765712279274
Dindigul,2023-10-17 02:30:00,temp,21.0,24.261697214587027,0,0,0,170.45765712279274
Dindigul,2023-10-18 02:30:00,temp,25.0,24.193745070238222,0,0,0,170.45765712279274
Dindigul,2023-10-19 02:30:00,temp,21.5,24.210199210523445,0,0,0,170.45765712279274
Dindigul,2023-10-20 02:30:00,temp,21.6,24.155995055762045,0,0,0,170.45765712279274
Dindigul,2023-10-21 02:15:00,temp,25.0,24.105877381471007,0,0,0,170.45765712279274
Dindigul,2023-10-22 02:30:00,temp,24.0,24.123071975330745,0,0,0,170.45765712279274
Dindigul,2023-10-23 02:15:00,temp,26.0,24.12074976292947,0,0,0,170.45765712279274
Dindigul,2023-10-24 02:15:00,temp,22.7,24.155550606775563,0,0,0,170.45765712279274
Dindigul,2023-10-25 02:30:00,temp,22.8,24.129085965658234,0,0,0,170.45765712279274
Dindigul,2023-10-26 02:00:00,temp,22.4,24.105352263814083,0,0,0,170.45765712279274
Dindigul,2023-10-27 02:30:00,temp,21.5,24.07543361393687,0,0,0,170.45765712279274
Dindigul,2023-10-28 02:00:00,temp,27.0,24.03102948938841,0,0,0,170.45765712279274
Dindigul,2023-10-29 02:45:00,temp,26.0,24.081350947284314,0,0,0,170.45765712279274
Dindigul,2023-10-30 02:00:00,temp,25.0,24.11332835024904,0,0,0,170.45765712279274
Dindori,2023-10-15 02:30:00,temp,15.9,13.653261250255742,0,1,1,186.1011306118214
Dindori,2023-10-16 02:30:00,temp,17.0,15.263648203892775,0,1,1,186.1011306118214
Dindori,2023-10-17 02:15:00,temp,16.0,16.565010865085267,0,1,1,186.1011306118214
Dindori,2023-10-18 02:15:00,temp,13.8,16.14625022351687,0,1,1,186.1011306118214
Dindori,2023-10-19 02:15:00,temp,9.7,14.429644703854802,0,1,1,186.1011306118214
Dindori,2023-10-20 02:15:00,temp,9.4,10.600582048121254,0,1,1,186.1011306118214
Dindori,2023-10-21 02:00:00,temp,8.7,9.571218830426444,0,1,1,186.1011306118214
Dindori,2023-10-22 02:15:00,temp,8.2,8.83422453465043,0,1,1,186.1011306118214
Dindori,2023-10-23 02:00:00,temp,6.6,8.296544889077449,0,1,1,186.1011306118214
Dindori,2023-10-24 02:15:00,temp,7.1,6.847924355276664,0,1,1,186.1011306118214
Dindori,2023-10-25 02:15:00,temp,7.2,7.063087430383431,0,1,1,186.1011306118214
Dindori,2023-10-26 02:00:00,temp,7.1,7.179615653300964,0,1,1,186.1011306118214
Dindori,2023-10-27 02:15:00,temp,7.0,7.111859162972094,0,1,1,186.1011306118214
Dindori,2023-10-28 02:00:00,temp,7.2,7.016666386021967,0,1,1,186.1011306118214
Dindori,2023-10-29 02:30:00,temp,7.2,7.172659333549345,0,1,1,186.1011306118214
Dindori,2023-10-30 01:45:00,temp,7.7,7.195921073636692,0,1,1,186.1011306118214
Diu,2023-10-15 02:30:00,temp,26.4,26.504026457248617,1,0,0,62.989313827624244
Diu,2023-10-16 02:30:00,temp,25.7,26.358609105481854,1,0,0,62.989313827624244
Diu,2023-10-17 02:15:00,temp,25.9,25.84765300204157,1,0,0,62.989313827624244
Diu,2023-10-18 02:15:00,temp,26.1,25.9913969956718,1,0,0,62.989313827624244
Diu,2023-10-19 02:15:00,temp,26.8,26.135753657706314,1,0,0,62.989313827624244
Diu,2023-10-20 02:30:00,temp,26.4,26.64031368768057,1,0,0,62.989313827624244
Diu,2023-10-21 02:15:00,temp,27.0,26.35464538638979,1,0,0,62.989313827624244
Diu,2023-10-22 02:15:00,temp,27.2,26.785741724002545,1,0,0,62.989313827624244
Diu,2023-10-23 02:00:00,temp,27.0,26.945067315011677,1,0,0,62.989313827624244
Diu,2023-10-24 02:15:00,temp,26.7,26.805091560254752,1,0,0,62.989313827624244
Diu,2023-10-25 02:15:00,temp,27.3,26.587659942624096,1,0,0,62.989313827624244
Diu,2023-10-26 02:00:00,temp,26.8,27.037325458066075,1,0,0,62.989313827624244
Diu,2023-10-27 02:15:00,temp,26.5,26.66759772070201,1,0,0,62.989313827624244
Diu,2023-10-28 02:00:00,temp,26.4,26.45036320668254,1,0,0,62.989313827624244
Diu,2023-10-29 02:30:00,temp,26.5,26.378472598979645,1,0,0,62.989313827624244
Diu,2023-10-30 01:45:00,temp,26.9,26.451479616542418,1,0,0,62.989313827624244
Doda,2023-10-15 02:30:00,temp,12.2,13.1,0,1,0,133.9453648521458
Doda,2023-10-16 02:30:00,temp,11.5,12.2,0,1,0,133.9453648521458
Doda,2023-10-17 02:15:00,temp,10.4,11.5,0,1,0,133.9453648521458
Doda,2023-10-18 02:15:00,temp,8.0,10.4,0,1,0,133.9453648521458
Doda,2023-10-19 02:15:00,temp,9.1,8.0,0,1,0,133.9453648521458
Doda,2023-10-20 02:15:00,temp,9.5,9.1,0,1,0,133.9453648521458
Doda,2023-10-21 02:15:00,temp,9.5,9.5,0,1,0,133.9453648521458
Doda,2023-10-22 02:15:00,temp,10.7,9.5,0,1,0,133.9453648521458
Doda,2023-10-23 02:00:00,temp,8.9,10.7,0,1,0,133.9453648521458
Doda,2023-10-24 02:15:00,temp,9.3,8.9,0,1,0,133.9453648521458
Doda,2023-10-25 02:15:00,temp,9.1,9.3,0,1,0,133.9453648521458
Doda,2023-10-26 02:00:00,temp,10.1,9.1,0,1,0,133.9453648521458
Doda,2023-10-27 02:15:00,temp,10.2,10.1,0,1,0,133.9453648521458
Doda,2023-10-28 02:00:00,temp,10.5,10.2,0,1,0,133.9453648521458
Doda,2023-10-29 02:30:00,temp,10.8,10.5,0,1,0,133.9453648521458
Doda,2023-10-30 01:45:00,temp,10.7,10.8,0,1,0,133.9453648521458
Dohad,2023-10-15 02:30:00,temp,24.8,24.783786458444133,2,0,1,108.96509413689886
Dohad,2023-10-16 02:30:00,temp,24.7,24.003817909192534,2,0,1,108.96509413689886
Dohad,2023-10-17 02:15:00,temp,24.1,23.796068479775098,2,0,1,108.96509413689886
Dohad,2023-10-18 02:15:00,temp,24.1,23.32472370040976,2,0,1,108.96509413689886
Dohad,2023-10-19 02:15:00,temp,23.7,23.335273723266106,2,0,1,108.96509413689886
Dohad,2023-10-20 02:30:00,temp,23.6,23.092161014110566,2,0,1,108.96509413689886
Dohad,2023-10-21 02:15:00,temp,24.7,23.088065998079173,2,0,1,108.96509413689886
Dohad,2023-10-22 02:15:00,temp,24.5,24.351543792750423,2,0,1,108.96509413689886
Dohad,2023-10-23 02:00:00,temp,24.6,24.06248783833147,2,0,1,108.96509413689886
Dohad,2023-10-24 02:15:00,temp,24.4,23.80505261000711,2,0,1,108.96509413689886
Dohad,2023-10-25 02:15:00,temp,23.0,24.012327799375736,2,0,1,108.96509413689886
Dohad,2023-10-26 02:00:00,temp,22.8,22.72836962965422,2,0,1,108.96509413689886
Dohad,2023-10-27 02:15:00,temp,22.3,22.6913130400459,2,0,1,108.96509413689886
Dohad,2023-10-28 02:00:00,temp,22.4,22.445641667877517,2,0,1,108.96509413689886
Dohad,2023-10-29 02:30:00,temp,23.5,22.636253593172867,2,0,1,108.96509413689886
Dohad,2023-10-30 01:45:00,temp,23.6,23.43917248104572,2,0,1,108.96509413689886
Dumka,2023-10-15 02:30:00,temp,21.8,23.1,0,1,0,120.76204246434257
Dumka,2023-10-16 02:30:00,temp,22.7,21.799999999999997,0,1,0,120.76204246434257
Dumka,2023-10-17 02:15:00,temp,23.5,22.7,0,1,0,120.76204246434257
Dumka,2023-10-18 02:30:00,temp,23.1,23.5,0,1,0,120.76204246434257
Dumka,2023-10-19 02:15:00,temp,21.6,23.1,0,1,0,120.76204246434257
Dumka,2023-10-20 02:30:00,temp,20.9,21.6,0,1,0,120.76204246434257
Dumka,2023-10-21 02:15:00,temp,20.4,20.9,0,1,0,120.76204246434257
Dumka,2023-10-22 02:15:00,temp,19.9,20.4,0,1,0,120.76204246434257
Dumka,2023-10-23 02:00:00,temp,20.4,19.9,0,1,0,120.76204246434257
Dumka,2023-10-24 02:15:00,temp,21.4,20.4,0,1,0,120.76204246434257
Dumka,2023-10-25 02:15:00,temp,21.7,21.4,0,1,0,120.76204246434257
Dumka,2023-10-26 02:00:00,temp,21.4,21.7,0,1,0,120.76204246434257
Dumka,2023-10-27 02:15:00,temp,20.6,21.4,0,1,0,120.76204246434257
Dumka,2023-10-28 02:00:00,temp,20.8,20.6,0,1,0,120.76204246434257
Dumka,2023-10-29 02:30:00,temp,19.9,20.8,0,1,0,120.76204246434257
Dumka,2023-10-30 01:45:00,temp,21.0,19.9,0,1,0,120.76204246434257
Dungarpur,2023-10-15 02:30:00,temp,26.7,24.553016707509073,1,0,0,109.62019421482933
Dungarpur,2023-10-16 02:30:00,temp,24.1,25.74964857998235,1,0,0,109.62019421482933
Dungarpur,2023-10-17 02:30:00,temp,24.3,24.103962535737764,1,0,0,109.62019421482933
Dungarpur,2023-10-18 02:30:00,temp,23.5,24.21400627521259,1,0,0,109.62019421482933
Dungarpur,2023-10-19 02:30:00,temp,24.2,23.77684805416966,1,0,0,109.62019421482933
Dungarpur,2023-10-20 02:30:00,temp,23.4,24.15479738308251,1,0,0,109.62019421482933
Dungarpur,2023-10-21 02:15:00,temp,23.6,23.72287653461096,1,0,0,109.62019421482933
Dungarpur,2023-10-22 02:30:00,temp,23.9,23.823858279762256,1,0,0,109.62019421482933
Dungarpur,2023-10-23 02:15:00,temp,25.0,23.982684038284884,1,0,0,109.62019421482933
Dungarpur,2023-10-24 02:15:00,temp,23.9,24.57231094662875,1,0,0,109.62019421482933
Dungarpur,2023-10-25 02:30:00,temp,23.3,23.993169812789432,1,0,0,109.62019421482933
Dungarpur,2023-10-26 02:00:00,temp,23.2,23.674411996449077,1,0,0,109.62019421482933
Dungarpur,2023-10-27 02:15:00,temp,22.8,23.607767554283633,1,0,0,109.62019421482933
Dungarpur,2023-10-28 02:00:00,temp,22.3,23.367460158561776,1,0,0,109.62019421482933
Dungarpur,2023-10-29 02:45:00,temp,22.5,23.035648433563605,1,0,0,109.62019421482933
Dungarpur,2023-10-30 02:00:00,temp,22.3,23.11203106376944,1,0,0,109.62019421482933
Durg,2023-10-15 02:30:00,temp,23.2,22.90876069640641,2,1,1,97.23627345576449
Durg,2023-10-16 02:30:00,temp,22.6,23.224318224733988,2,1,1,97.23627345576449
Durg,2023-10-17 02:30:00,temp,22.5,22.53406832657188,2,1,1,97.23627345576449
Durg,2023-10-18 02:30:00,temp,22.5,22.67309929471493,2,1,1,97.23627345576449
Durg,2023-10-19 02:15:00,temp,22.4,22.6930675638096,2,1,1,97.23627345576449
Durg,2023-10-20 02:30:00,temp,22.1,22.54485482343665,2,1,1,97.23627345576449
Durg,2023-10-21 02:15:00,temp,21.0,22.196410614714836,2,1,1,97.23627345576449
Durg,2023-10-22 02:15:00,temp,19.8,20.919394049814603,2,1,1,97.23627345576449
Durg,2023-10-23 02:15:00,temp,19.7,19.782844221081415,2,1,1,97.23627345576449
Durg,2023-10-24 02:15:00,temp,18.5,20.168620404580018,2,1,1,97.23627345576449
Durg,2023-10-25 02:15:00,temp,19.1,18.386394415578938,2,1,1,97.23627345576449
Durg,2023-10-26 02:00:00,temp,19.4,19.697483654980587,2,1,1,97.23627345576449
Durg,2023-10-27 02:15:00,temp,18.7,19.732087743777882,2,1,1,97.23627345576449
Durg,2023-10-28 02:00:00,temp,19.1,18.60959804123189,2,1,1,97.23627345576449
Durg,2023-10-29 02:30:00,temp,18.8,19.383088201557676,2,1,1,97.23627345576449
Durg,2023-10-30 01:45:00,temp,19.4,18.801042541569142,2,1,1,97.23627345576449
Dwarka,2023-10-15 02:30:00,temp,26.9,26.97371377343896,0,0,1,38.43545087256331
Dwarka,2023-10-16 02:30:00,temp,27.0,26.99601503876511,0,0,1,38.43545087256331
Dwarka,2023-10-17 02:15:00,temp,26.8,27.032907947276897,0,0,1,38.43545087256331
Dwarka,2023-10-18 02:15:00,temp,26.6,26.91197734175942,0,0,1,38.43545087256331
Dwarka,2023-10-19 02:15:00,temp,27.2,26.86286290639353,0,0,1,38.43545087256331
Dwarka,2023-10-20 02:30:00,temp,27.3,27.18561461102564,0,0,1,38.43545087256331
Dwarka,2023-10-21 02:15:00,temp,27.3,27.08204814386621,0,0,1,38.43545087256331
Dwarka,2023-10-22 02:15:00,temp,28.0,27.139368785156563,0,0,1,38.43545087256331
Dwarka,2023-10-23 02:00:00,temp,27.3,27.494472750810612,0,0,1,38.43545087256331
Dwarka,2023-10-24 02:15:00,temp,27.3,26.961808892602157,0,0,1,38.43545087256331
Dwarka,2023-10-25 02:15:00,temp,27.4,27.217713310748895,0,0,1,38.43545087256331
Dwarka,2023-10-26 02:00:00,temp,27.1,27.152147862470702,0,0,1,38.43545087256331
Dwarka,2023-10-27 02:15:00,temp,27.0,27.039782711762687,0,0,1,38.43545087256331
Dwarka,2023-10-28 02:00:00,temp,27.1,27.04475712628312,0,0,1,38.43545087256331
Dwarka,2023-10-29 02:30:00,temp,27.1,27.092678362708742,0,0,1,38.43545087256331
Dwarka,2023-10-30 01:45:00,temp,27.6,27.069388002159258,0,0,1,38.43545087256331
East Godavari,2023-10-15 02:30:00,temp,24.6,24.795346402469256,1,1,2,230.36451713378207
East Godavari,2023-10-16 02:30:00,temp,24.2,24.498270860156783,1,1,2,230.36451713378207
East Godavari,2023-10-17 02:15:00,temp,25.9,24.360085588795236,1,1,2,230.36451713378207
East Godavari,2023-10-17 02:30:00,temp,25.9,25.411086115393434,1,1,2,230.36451713378207
East Godavari,2023-10-18 02:15:00,temp,24.3,25.07756531922171,1,1,2,230.36451713378207
East Godavari,2023-10-18 02:30:00,temp,24.3,24.66099108257185,1,1,2,230.36451713378207
East Godavari,2023-10-19 02:15:00,temp,23.4,24.611557064764018,1,1,2,230.36451713378207
East Godavari,2023-10-19 02:30:00,temp,23.4,23.554538368774978,1,1,2,230.36451713378207
East Godavari,2023-10-20 02:30:00,temp,24.1,24.013496944235296,1,1,2,230.36451713378207
East Godavari,2023-10-21 02:15:00,temp,24.3,23.95732029977613,1,1,2,230.36451713378207
East Godavari,2023-10-21 02:30:00,temp,24.3,24.289732357274968,1,1,2,230.36451713378207
East Godavari,2023-10-22 02:15:00,temp,24.3,24.114154048391267,1,1,2,230.36451713378207
East Godavari,2023-10-22 02:30:00,temp,24.3,24.349599416230006,1,1,2,230.36451713378207
East Godavari,2023-10-23 02:00:00,temp,23.1,24.181492433741482,1,1,2,230.36451713378207
East Godavari,2023-10-23 02:15:00,temp,23.1,23.228462538105365,1,1,2,230.36451713378207
East Godavari,2023-10-24 02:15:00,temp,25.4,23.66998356362044,1,1,2,230.36451713378207
East Godavari,2023-10-25 02:15:00,temp,24.4,25.19412137864625,1,1,2,230.36451713378207
East Godavari,2023-10-25 02:30:00,temp,24.4,23.52741127321374,1,1,2,230.36451713378207
East Godavari,2023-10-26 02:00:00,temp,24.5,25.04170552742561,1,1,2,230.36451713378207
East Godavari,2023-10-27 02:15:00,temp,24.0,23.846278062793136,1,1,2,230.36451713378207
East Godavari,2023-10-27 02:30:00,temp,24.0,24.53401237851101,1,1,2,230.36451713378207
East Godavari,2023-10-28 02:00:00,temp,23.7,23.77929842213739,1,1,2,230.36451713378207
East Godavari,2023-10-29 02:30:00,temp,24.9,24.10241429353481,1,1,2,230.36451713378207
East Godavari,2023-10-29 02:45:00,temp,24.9,24.68878079783645,1,1,2,230.36451713378207
East Godavari,2023-10-30 01:45:00,temp,24.1,24.48765535388691,1,1,2,230.36451713378207
East Godavari,2023-10-30 02:00:00,temp,23.8,24.178577234099823,1,1,2,230.36451713378207
Ernakulam,2023-10-15 02:30:00,temp,25.0,24.955550671208844,0,0,0,118.9730784467489
Ernakulam,2023-10-16 02:30:00,temp,27.0,24.956516848471587,0,0,0,118.9730784467489
Ernakulam,2023-10-17 02:30:00,temp,24.0,24.99999511526891,0,0,0,118.9730784467489
Ernakulam,2023-10-18 02:30:00,temp,25.0,24.979161984514228,0,0,0,118.9730784467489
Ernakulam,2023-10-19 02:15:00,temp,26.0,24.979586899336358,0,0,0,118.9730784467489
Ernakulam,2023-10-20 02:30:00,temp,26.0,24.999994717867583,0,0,0,118.9730784467489
Ernakulam,2023-10-21 02:15:00,temp,25.0,25.019602950296694,0,0,0,118.9730784467489
Ernakulam,2023-10-22 02:15:00,temp,25.0,25.01922587859543,0,0,0,118.9730784467489
Ernakulam,2023-10-23 02:15:00,temp,24.0,25.01886303526436,0,0,0,118.9730784467489
Ernakulam,2023-10-24 02:15:00,temp,24.0,24.99999505758099,0,0,0,118.9730784467489
Ernakulam,2023-10-25 02:15:00,temp,24.0,24.981813209310708,0,0,0,118.9730784467489
Ernakulam,2023-10-26 02:00:00,temp,26.0,24.96428074768164,0,0,0,118.9730784467489
Ernakulam,2023-10-27 02:15:00,temp,25.0,24.982451150756457,0,0,0,118.9730784467489
Ernakulam,2023-10-28 02:00:00,temp,25.0,24.98275363091436,0,0,0,118.9730784467489
Ernakulam,2023-10-29 02:30:00,temp,25.0,24.983045857529255,0,0,0,118.9730784467489
Ernakulam,2023-10-30 01:45:00,temp,24.0,24.983328343283215,0,0,0,118.9730784467489
Erode,2023-10-15 02:30:00,temp,24.1,24.233664703602933,0,1,1,75.08224308848573
Erode,2023-10-16 02:30:00,temp,24.2,24.197702059939758,0,1,1,75.08224308848573
Erode,2023-10-17 02:30:00,temp,22.7,24.198509708833676,0,1,1,75.08224308848573
Erode,2023-10-18 02:30:00,temp,23.8,23.752398720317704,0,1,1,75.08224308848573
Erode,2023-10-19 02:30:00,temp,23.8,23.772480133343755,0,1,1,75.08224308848573
Erode,2023-10-20 02:30:00,temp,23.3,23.78226257386233,0,1,1,75.08224308848573
Erode,2023-10-21 02:15:00,temp,23.4,23.6250122517613,0,1,1,75.08224308848573
Erode,2023-10-22 02:30:00,temp,24.5,23.54773259925189,0,1,1,75.08224308848573
Erode,2023-10-23 02:15:00,temp,23.5,23.83711426772972,0,1,1,75.08224308848573
Erode,2023-10-24 02:15:00,temp,24.3,23.745879572400835,0,1,1,75.08224308848573
Erode,2023-10-25 02:30:00,temp,23.6,23.892912817013737,0,1,1,75.08224308848573
Erode,2023-10-26 02:00:00,temp,23.9,23.81621827553567,0,1,1,75.08224308848573
Erode,2023-10-27 02:30:00,temp,23.3,23.837781227622816,0,1,1,75.08224308848573
Erode,2023-10-28 02:00:00,temp,23.6,23.700046325818484,0,1,1,75.08224308848573
Erode,2023-10-29 02:45:00,temp,23.1,23.67352690983604,0,1,1,75.08224308848573
Erode,2023-10-30 02:00:00,temp,23.0,23.514839446920053,0,1,1,75.08224308848573
Etah,2023-10-15 02:30:00,temp,25.7,25.49221326694161,2,1,1,149.8185187716981
Etah,2023-10-16 02:30:00,temp,25.3,26.255124626264625,2,1,1,149.8185187716981
Etah,2023-10-17 02:30:00,temp,21.1,25.465551849816098,2,1,1,149.8185187716981
Etah,2023-10-18 02:30:00,temp,22.4,21.481598647419805,2,1,1,149.8185187716981
Etah,2023-10-19 02:30:00,temp,22.1,24.221977699479588,2,1,1,149.8185187716981
Etah,2023-10-20 02:30:00,temp,21.5,23.066687115498006,2,1,1,149.8185187716981
Etah,2023-10-21 02:15:00,temp,22.0,22.31404262612621,2,1,1,149.8185187716981
Etah,2023-10-22 02:30:00,temp,21.7,22.786471851606496,2,1,1,149.8185187716981
Etah,2023-10-23 02:15:00,temp,22.4,22.158277299539698,2,1,1,149.8185187716981
Etah,2023-10-24 02:15:00,temp,22.0,22.834359829816503,2,1,1,149.8185187716981
Etah,2023-10-25 02:30:00,temp,21.9,22.157683953934367,2,1,1,149.8185187716981
Etah,2023-10-26 02:00:00,temp,21.9,22.114244245778025,2,1,1,149.8185187716981
Etah,2023-10-27 02:30:00,temp,22.2,22.088103809728214,2,1,1,149.8185187716981
Etah,2023-10-28 02:00:00,temp,21.6,22.33853632990619,2,1,1,149.8185187716981
Etah,2023-10-29 02:45:00,temp,22.6,21.65404035632664,2,1,1,149.8185187716981
Etah,2023-10-30 02:00:00,temp,22.6,22.744919171713182,2,1,1,149.8185187716981
Etawah,2023-10-15 02:30:00,temp,26.7,25.679581794309957,2,1,1,152.6363116669456
Etawah,2023-10-16 02:30:00,temp,26.1,26.78414468798658,2,1,1,152.6363116669456
Etawah,2023-10-17 02:30:00,temp,21.0,25.73688809744661,2,1,1,152.6363116669456
Etawah,2023-10-18 02:30:00,temp,22.5,21.553058409472943,2,1,1,152.6363116669456
Etawah,2023-10-19 02:30:00,temp,23.0,24.64806743756052,2,1,1,152.6363116669456
Etawah,2023-10-20 02:30:00,temp,21.8,24.04277784160967,2,1,1,152.6363116669456
Etawah,2023-10-21 02:15:00,temp,21.3,22.591726520056664,2,1,1,152.6363116669456
Etawah,2023-10-22 02:30:00,temp,21.5,22.21256672843901,2,1,1,152.6363116669456
Etawah,2023-10-23 02:15:00,temp,21.6,22.243163206638506,2,1,1,152.6363116669456
Etawah,2023-10-24 02:15:00,temp,21.5,22.036164311500656,2,1,1,152.6363116669456
Etawah,2023-10-25 02:30:00,temp,21.5,21.771324867017174,2,1,1,152.6363116669456
Etawah,2023-10-26 02:00:00,temp,21.7,21.710730980112924,2,1,1,152.6363116669456
Etawah,2023-10-27 02:30:00,temp,21.8,21.823339843925936,2,1,1,152.6363116669456
Etawah,2023-10-28 02:00:00,temp,21.3,21.818719102278276,2,1,1,152.6363116669456
Etawah,2023-10-29 02:45:00,temp,22.4,21.345834063646294,2,1,1,152.6363116669456
Etawah,2023-10-30 02:00:00,temp,22.3,22.42709482176862,2,1,1,152.6363116669456
Faizabad,2023-10-15 02:30:00,temp,23.5,22.5,0,1,0,132.28839232199624
Faizabad,2023-10-16 02:30:00,temp,23.4,23.5,0,1,0,132.28839232199624
Faizabad,2023-10-17 02:30:00,temp,21.1,23.4,0,1,0,132.28839232199624
Faizabad,2023-10-18 02:30:00,temp,21.3,21.1,0,1,0,132.28839232199624
Faizabad,2023-10-19 02:30:00,temp,20.1,21.3,0,1,0,132.28839232199624
Faizabad,2023-10-20 02:30:00,temp,20.1,20.1,0,1,0,132.28839232199624
Faizabad,2023-10-21 02:15:00,temp,19.6,20.1,0,1,0,132.28839232199624
Faizabad,2023-10-22 02:30:00,temp,20.0,19.6,0,1,0,132.28839232199624
Faizabad,2023-10-23 02:15:00,temp,20.8,20.0,0,1,0,132.28839232199624
Faizabad,2023-10-24 02:15:00,temp,21.5,20.8,0,1,0,132.28839232199624
Faizabad,2023-10-25 02:30:00,temp,21.9,21.5,0,1,0,132.28839232199624
Faizabad,2023-10-26 02:00:00,temp,21.8,21.9,0,1,0,132.28839232199624
Faizabad,2023-10-27 02:30:00,temp,20.9,21.8,0,1,0,132.28839232199624
Faizabad,2023-10-28 02:00:00,temp,21.1,20.9,0,1,0,132.28839232199624
Faizabad,2023-10-29 02:45:00,temp,21.6,21.1,0,1,0,132.28839232199624
Faizabad,2023-10-30 02:00:00,temp,21.1,21.6,0,1,0,132.28839232199624
Faridabad,2023-10-15 02:30:00,temp,24.0,25.80839101618677,2,1,2,170.1715934456552
Faridabad,2023-10-16 02:30:00,temp,26.0,24.70443052015975,2,1,2,170.1715934456552
Faridabad,2023-10-17 02:15:00,temp,19.0,26.422520929997614,2,1,2,170.1715934456552
Faridabad,2023-10-18 02:15:00,temp,21.0,20.875624213563498,2,1,2,170.1715934456552
Faridabad,2023-10-19 02:15:00,temp,21.0,22.52089954150908,2,1,2,170.1715934456552
Faridabad,2023-10-20 02:30:00,temp,21.0,22.627408059060755,2,1,2,170.1715934456552
Faridabad,2023-10-21 02:15:00,temp,20.0,22.20565449381742,2,1,2,170.1715934456552
Faridabad,2023-10-22 02:15:00,temp,21.0,20.297387680426738,2,1,2,170.1715934456552
Faridabad,2023-10-23 02:15:00,temp,21.0,21.512659843266057,2,1,2,170.1715934456552
Faridabad,2023-10-24 02:15:00,temp,22.0,21.078378226325455,2,1,2,170.1715934456552
Faridabad,2023-10-25 02:15:00,temp,21.0,21.97391964185156,2,1,2,170.1715934456552
Faridabad,2023-10-26 02:00:00,temp,22.0,20.864412259995277,2,1,2,170.1715934456552
Faridabad,2023-10-27 02:15:00,temp,21.0,21.823350536814083,2,1,2,170.1715934456552
Faridabad,2023-10-28 02:00:00,temp,20.0,20.927034639528838,2,1,2,170.1715934456552
Faridabad,2023-10-29 02:30:00,temp,23.9,20.190546505576755,2,1,2,170.1715934456552
Faridabad,2023-10-30 01:45:00,temp,22.0,23.364985564085707,2,1,2,170.1715934456552
Faridkot,2023-10-15 02:30:00,temp,23.7,24.360661283732707,2,1,2,162.86995199250512
Faridkot,2023-10-16 02:30:00,temp,21.0,24.03494674913233,2,1,2,162.86995199250512
Faridkot,2023-10-17 02:30:00,temp,17.7,21.224844819589084,2,1,2,162.86995199250512
Faridkot,2023-10-18 02:30:00,temp,19.2,17.696745355351513,2,1,2,162.86995199250512
Faridkot,2023-10-19 02:15:00,temp,19.6,20.569575642859,2,1,2,162.86995199250512
Faridkot,2023-10-20 02:30:00,temp,20.9,20.433655956850288,2,1,2,162.86995199250512
Faridkot,2023-10-21 02:15:00,temp,20.3,21.063127891341733,2,1,2,162.86995199250512
Faridkot,2023-10-22 02:15:00,temp,22.5,19.725153578706635,2,1,2,162.86995199250512
Faridkot,2023-10-23 02:15:00,temp,21.8,22.261944046840473,2,1,2,162.86995199250512
Faridkot,2023-10-24 02:15:00,temp,21.7,20.97367511237337,2,1,2,162.86995199250512
Faridkot,2023-10-25 02:15:00,temp,20.8,21.19905526300003,2,1,2,162.86995199250512
Faridkot,2023-10-26 02:00:00,temp,20.8,20.556688272847918,2,1,2,162.86995199250512
Faridkot,2023-10-27 02:15:00,temp,20.6,21.24141612035137,2,1,2,162.86995199250512
Faridkot,2023-10-28 02:00:00,temp,22.2,20.805885187357628,2,1,2,162.86995199250512
Faridkot,2023-10-29 02:45:00,temp,22.2,22.526837736970243,2,1,2,162.86995199250512
Faridkot,2023-10-30 02:00:00,temp,22.0,21.967005127150404,2,1,2,162.86995199250512
Farrukhabad,2023-10-15 02:30:00,temp,25.8,25.80750660351175,2,0,0,145.56581395628987
Farrukhabad,2023-10-16 02:30:00,temp,25.4,26.76261735635092,2,0,0,145.56581395628987
Farrukhabad,2023-10-17 02:30:00,temp,22.2,25.804671103054076,2,0,0,145.56581395628987
Farrukhabad,2023-10-18 02:30:00,temp,22.1,22.908952084355775,2,0,0,145.56581395628987
Farrukhabad,2023-10-19 02:30:00,temp,22.2,23.990506095335224,2,0,0,145.56581395628987
Farrukhabad,2023-10-20 02:30:00,temp,21.5,23.8272619172862,2,0,0,145.56581395628987
Farrukhabad,2023-10-21 02:15:00,temp,21.7,22.760415254019208,2,0,0,145.56581395628987
Farrukhabad,2023-10-22 02:30:00,temp,21.6,23.04502375712904,2,0,0,145.56581395628987
Farrukhabad,2023-10-23 02:15:00,temp,21.9,22.694487261845254,2,0,0,145.56581395628987
Farrukhabad,2023-10-24 02:15:00,temp,22.0,22.94770060391864,2,0,0,145.56581395628987
Farrukhabad,2023-10-25 02:30:00,temp,22.4,22.878814617808086,2,0,0,145.56581395628987
Farrukhabad,2023-10-26 02:00:00,temp,22.4,23.23297652870234,2,0,0,145.56581395628987
Farrukhabad,2023-10-27 02:30:00,temp,22.5,23.07316066357962,2,0,0,145.56581395628987
Farrukhabad,2023-10-28 02:00:00,temp,21.8,23.14555004953405,2,0,0,145.56581395628987
Farrukhabad,2023-10-29 02:45:00,temp,22.8,22.31008175003533,2,0,0,145.56581395628987
Farrukhabad,2023-10-30 02:00:00,temp,22.4,23.559958353343276,2,0,0,145.56581395628987
Fatehabad,2023-10-15 02:30:00,temp,25.6,25.320069775109655,1,1,1,181.6177956778855
Fatehabad,2023-10-16 02:30:00,temp,23.2,25.854516357856173,1,1,1,181.6177956778855
Fatehabad,2023-10-17 02:15:00,temp,19.4,24.122226497429697,1,1,1,181.6177956778855
Fatehabad,2023-10-18 02:30:00,temp,21.4,19.330321211605664,1,1,1,181.6177956778855
Fatehabad,2023-10-19 02:15:00,temp,20.3,22.410485160951055,1,1,1,181.6177956778855
Fatehabad,2023-10-20 02:30:00,temp,21.2,21.350245440596993,1,1,1,181.6177956778855
Fatehabad,2023-10-21 02:15:00,temp,22.3,21.919137947931855,1,1,1,181.6177956778855
Fatehabad,2023-10-22 02:15:00,temp,22.5,22.70305772599618,1,1,1,181.6177956778855
Fatehabad,2023-10-23 02:15:00,temp,22.4,22.807741051069133,1,1,1,181.6177956778855
Fatehabad,2023-10-24 02:15:00,temp,21.8,22.68732686755372,1,1,1,181.6177956778855
Fatehabad,2023-10-25 02:15:00,temp,21.6,22.17571967079487,1,1,1,181.6177956778855
Fatehabad,2023-10-26 02:00:00,temp,21.4,21.967409238390793,1,1,1,181.6177956778855
Fatehabad,2023-10-27 02:15:00,temp,21.4,21.760133697630586,1,1,1,181.6177956778855
Fatehabad,2023-10-28 02:00:00,temp,23.2,21.710739796461407,1,1,1,181.6177956778855
Fatehabad,2023-10-29 02:30:00,temp,23.8,23.07337636833307,1,1,1,181.6177956778855
Fatehabad,2023-10-30 01:45:00,temp,23.4,23.562364515622377,1,1,1,181.6177956778855
Fatehgarh Sahib,2023-10-15 02:30:00,temp,24.2,23.320205064458374,0,1,2,169.3494975127132
Fatehgarh Sahib,2023-10-16 02:30:00,temp,22.6,24.194286950273902,0,1,2,169.3494975127132
Fatehgarh Sahib,2023-10-17 02:30:00,temp,19.2,22.669670073446287,0,1,2,169.3494975127132
Fatehgarh Sahib,2023-10-18 02:30:00,temp,19.9,20.879227339834202,0,1,2,169.3494975127132
Fatehgarh Sahib,2023-10-19 02:15:00,temp,19.4,21.770326050848883,0,1,2,169.3494975127132
Fatehgarh Sahib,2023-10-20 02:30:00,temp,20.2,20.030960047186287,0,1,2,169.3494975127132
Fatehgarh Sahib,2023-10-21 02:15:00,temp,20.1,21.03256548708308,0,1,2,169.3494975127132
Fatehgarh Sahib,2023-10-22 02:15:00,temp,20.9,20.157933405027386,0,1,2,169.3494975127132
Fatehgarh Sahib,2023-10-23 02:15:00,temp,21.5,21.099216847288808,0,1,2,169.3494975127132
Fatehgarh Sahib,2023-10-24 02:15:00,temp,20.9,21.146366472250005,0,1,2,169.3494975127132
Fatehgarh Sahib,2023-10-25 02:15:00,temp,21.3,20.79562076452315,0,1,2,169.3494975127132
Fatehgarh Sahib,2023-10-26 02:00:00,temp,20.8,21.302146802495237,0,1,2,169.3494975127132
Fatehgarh Sahib,2023-10-27 02:15:00,temp,20.5,20.695203626987716,0,1,2,169.3494975127132
Fatehgarh Sahib,2023-10-28 02:00:00,temp,21.6,20.745552391972552,0,1,2,169.3494975127132
Fatehgarh Sahib,2023-10-29 02:45:00,temp,22.0,21.50917117369144,0,1,2,169.3494975127132
Fatehgarh Sahib,2023-10-30 02:00:00,temp,21.4,21.54476088730364,0,1,2,169.3494975127132
Fatehpur,2023-10-15 02:30:00,temp,22.4,21.787476481508932,1,1,1,160.66635726175198
Fatehpur,2023-10-16 02:30:00,temp,21.8,22.38532050371661,1,1,1,160.66635726175198
Fatehpur,2023-10-17 02:30:00,temp,17.8,21.995929011201884,1,1,1,160.66635726175198
Fatehpur,2023-10-18 02:30:00,temp,19.6,19.30346304380258,1,1,1,160.66635726175198
Fatehpur,2023-10-19 02:30:00,temp,18.5,20.24876400998225,1,1,1,160.66635726175198
Fatehpur,2023-10-20 02:30:00,temp,19.0,19.32617177598441,1,1,1,160.66635726175198
Fatehpur,2023-10-21 02:15:00,temp,19.2,19.4841074823423,1,1,1,160.66635726175198
Fatehpur,2023-10-22 02:30:00,temp,19.1,19.510804155133762,1,1,1,160.66635726175198
Fatehpur,2023-10-23 02:15:00,temp,19.9,19.364997388485058,1,1,1,160.66635726175198
Fatehpur,2023-10-24 02:15:00,temp,19.3,19.867486325204286,1,1,1,160.66635726175198
Fatehpur,2023-10-25 02:30:00,temp,20.0,19.45739954056825,1,1,1,160.66635726175198
Fatehpur,2023-10-26 02:00:00,temp,19.6,19.90288620732541,1,1,1,160.66635726175198
Fatehpur,2023-10-27 02:30:00,temp,18.9,19.65120282754114,1,1,1,160.66635726175198
Fatehpur,2023-10-28 02:00:00,temp,19.6,19.168699590535294,1,1,1,160.66635726175198
Fatehpur,2023-10-29 02:45:00,temp,19.8,19.58220802810541,1,1,1,160.66635726175198
Fatehpur,2023-10-30 02:00:00,temp,19.7,19.720369395602024,1,1,1,160.66635726175198
Fazilka,2023-10-15 02:30:00,temp,23.9,25.157365043473625,1,1,1,182.4285643998192
Fazilka,2023-10-16 02:30:00,temp,22.9,24.384352990012545,1,1,1,182.4285643998192
Fazilka,2023-10-17 02:15:00,temp,19.0,23.625363414743685,1,1,1,182.4285643998192
Fazilka,2023-10-18 02:30:00,temp,19.8,19.43092212519843,1,1,1,182.4285643998192
Fazilka,2023-10-19 02:15:00,temp,20.8,19.438028448953034,1,1,1,182.4285643998192
Fazilka,2023-10-20 02:30:00,temp,22.3,21.46087854665185,1,1,1,182.4285643998192
Fazilka,2023-10-21 02:15:00,temp,21.8,22.52471571542335,1,1,1,182.4285643998192
Fazilka,2023-10-22 02:15:00,temp,22.5,22.10080758479314,1,1,1,182.4285643998192
Fazilka,2023-10-23 02:15:00,temp,22.3,22.59018666476623,1,1,1,182.4285643998192
Fazilka,2023-10-24 02:15:00,temp,22.4,22.42399996969764,1,1,1,182.4285643998192
Fazilka,2023-10-25 02:15:00,temp,22.0,22.296803802242472,1,1,1,182.4285643998192
Fazilka,2023-10-26 02:00:00,temp,22.5,22.109784141005,1,1,1,182.4285643998192
Fazilka,2023-10-27 02:15:00,temp,22.3,22.374458129088048,1,1,1,182.4285643998192
Fazilka,2023-10-28 02:00:00,temp,23.5,22.40152862152625,1,1,1,182.4285643998192
Fazilka,2023-10-29 02:45:00,temp,23.3,23.29841501345793,1,1,1,182.4285643998192
Fazilka,2023-10-30 02:00:00,temp,22.8,23.45091827481157,1,1,1,182.4285643998192
Firozabad,2023-10-15 02:30:00,temp,27.2,26.36970794045735,2,1,1,148.58844363017604
Firozabad,2023-10-16 02:30:00,temp,26.5,27.410655739306705,2,1,1,148.58844363017604
Firozabad,2023-10-17 02:30:00,temp,21.0,26.266385629646436,2,1,1,148.58844363017604
Firozabad,2023-10-18 02:30:00,temp,23.0,21.32567207927122,2,1,1,148.58844363017604
Firozabad,2023-10-19 02:30:00,temp,22.9,25.349988268004303,2,1,1,148.58844363017604
Firozabad,2023-10-20 02:30:00,temp,22.2,24.03844192242161,2,1,1,148.58844363017604
Firozabad,2023-10-21 02:15:00,temp,22.2,23.166306424610397,2,1,1,148.58844363017604
Firozabad,2023-10-22 02:30:00,temp,22.5,23.101311833819764,2,1,1,148.58844363017604
Firozabad,2023-10-23 02:15:00,temp,22.7,23.166808504227678,2,1,1,148.58844363017604
Firozabad,2023-10-24 02:15:00,temp,22.5,23.118582595949345,2,1,1,148.58844363017604
Firozabad,2023-10-25 02:30:00,temp,22.0,22.764477756620057,2,1,1,148.58844363017604
Firozabad,2023-10-26 02:00:00,temp,22.5,22.260177657034163,2,1,1,148.58844363017604
Firozabad,2023-10-27 02:30:00,temp,22.5,22.782721527423686,2,1,1,148.58844363017604
Firozabad,2023-10-28 02:00:00,temp,21.5,22.5934495884678,2,1,1,148.58844363017604
Firozabad,2023-10-29 02:45:00,temp,23.1,21.648666144901316,2,1,1,148.58844363017604
Firozabad,2023-10-30 02:00:00,temp,23.0,23.29654161596865,2,1,1,148.58844363017604
Firozpur,2023-10-15 02:30:00,temp,24.1,24.10603932920735,2,1,1,169.3233667648213
Firozpur,2023-10-16 02:30:00,temp,22.1,24.158100700155615,2,1,1,169.3233667648213
Firozpur,2023-10-17 02:30:00,temp,18.5,22.472164626705855,2,1,1,169.3233667648213
Firozpur,2023-10-18 02:30:00,temp,19.7,19.755049903263668,2,1,1,169.3233667648213
Firozpur,2023-10-19 02:15:00,temp,20.0,21.58501703110107,2,1,1,169.3233667648213
Firozpur,2023-10-20 02:30:00,temp,21.1,20.96478974916772,2,1,1,169.3233667648213
Firozpur,2023-10-21 02:15:00,temp,20.8,21.654061589259314,2,1,1,169.3233667648213
Firozpur,2023-10-22 02:15:00,temp,22.7,21.581139549458403,2,1,1,169.3233667648213
Firozpur,2023-10-23 02:15:00,temp,22.1,22.710763167019607,2,1,1,169.3233667648213
Firozpur,2023-10-24 02:15:00,temp,22.1,21.731454884997717,2,1,1,169.3233667648213
Firozpur,2023-10-25 02:15:00,temp,21.5,21.952786901954397,2,1,1,169.3233667648213
Firozpur,2023-10-26 02:00:00,temp,21.4,21.468222589360938,2,1,1,169.3233667648213
Firozpur,2023-10-27 02:15:00,temp,21.3,21.52766017926542,2,1,1,169.3233667648213
Firozpur,2023-10-28 02:00:00,temp,22.2,21.441372062689833,2,1,1,169.3233667648213
Firozpur,2023-10-29 02:45:00,temp,22.4,22.19902215321372,2,1,1,169.3233667648213
Firozpur,2023-10-30 02:00:00,temp,22.1,22.16092842687131,2,1,1,169.3233667648213
Gadag,2023-10-15 02:30:00,temp,25.5,25.57269773247596,0,1,1,113.84501619560635
Gadag,2023-10-16 02:30:00,temp,25.6,25.52372697707094,0,1,1,113.84501619560635
Gadag,2023-10-17 02:30:00,temp,25.8,25.574607956736575,0,1,1,113.84501619560635
Gadag,2023-10-18 02:30:00,temp,25.5,25.72449022887271,0,1,1,113.84501619560635
Gadag,2023-10-19 02:15:00,temp,24.7,25.575467045439318,0,1,1,113.84501619560635
Gadag,2023-10-20 02:30:00,temp,25.5,24.990761951319453,0,1,1,113.84501619560635
Gadag,2023-10-21 02:15:00,temp,24.7,25.32801569365356,0,1,1,113.84501619560635
Gadag,2023-10-22 02:15:00,temp,24.9,24.91969199014817,0,1,1,113.84501619560635
Gadag,2023-10-23 02:15:00,temp,23.1,24.906855503660715,0,1,1,113.84501619560635
Gadag,2023-10-24 02:15:00,temp,22.2,23.711212579151667,0,1,1,113.84501619560635
Gadag,2023-10-25 02:15:00,temp,21.6,22.562125508267126,0,1,1,113.84501619560635
Gadag,2023-10-26 02:00:00,temp,22.1,21.79510815976643,0,1,1,113.84501619560635
Gadag,2023-10-27 02:15:00,temp,20.8,22.03269614583984,0,1,1,113.84501619560635
Gadag,2023-10-28 02:00:00,temp,21.5,21.083135198730453,0,1,1,113.84501619560635
Gadag,2023-10-29 02:30:00,temp,24.7,21.40294321051378,0,1,1,113.84501619560635
Gadag,2023-10-30 02:00:00,temp,24.1,23.939939279787705,0,1,1,113.84501619560635
Ganderbal,2023-10-15 02:30:00,temp,7.1,10.372852172008267,2,1,0,150.36954238408765
Ganderbal,2023-10-16 02:30:00,temp,7.5,6.643396895187941,2,1,0,150.36954238408765
Ganderbal,2023-10-17 02:15:00,temp,5.0,8.624950920015861,2,1,0,150.36954238408765
Ganderbal,2023-10-18 02:15:00,temp,3.5,4.867055709972214,2,1,0,150.36954238408765
Ganderbal,2023-10-19 02:15:00,temp,5.3,3.8943106269736916,2,1,0,150.36954238408765
Ganderbal,2023-10-20 02:15:00,temp,6.2,5.714037657103789,2,1,0,150.36954238408765
Ganderbal,2023-10-21 02:15:00,temp,6.3,5.81717167078404,2,1,0,150.36954238408765
Ganderbal,2023-10-22 02:15:00,temp,7.4,6.099613900197764,2,1,0,150.36954238408765
Ganderbal,2023-10-23 02:00:00,temp,3.8,7.436595400612036,2,1,0,150.36954238408765
Ganderbal,2023-10-24 02:15:00,temp,5.7,3.5096056127348745,2,1,0,150.36954238408765
Ganderbal,2023-10-25 02:15:00,temp,6.0,6.300463525243203,2,1,0,150.36954238408765
Ganderbal,2023-10-26 02:00:00,temp,6.6,5.628090011106814,2,1,0,150.36954238408765
Ganderbal,2023-10-27 02:15:00,temp,6.5,6.5156492770969106,2,1,0,150.36954238408765
Ganderbal,2023-10-28 02:00:00,temp,6.5,6.402805636791233,2,1,0,150.36954238408765
Ganderbal,2023-10-29 02:30:00,temp,6.4,6.517080669993317,2,1,0,150.36954238408765
Ganderbal,2023-10-30 01:45:00,temp,7.3,6.405525499145118,2,1,0,150.36954238408765
Gandhinagar,2023-10-15 02:30:00,temp,28.0,26.049401501273298,1,1,1,140.47054202913992
Gandhinagar,2023-10-16 02:30:00,temp,26.0,27.200358873616505,1,1,1,140.47054202913992
Gandhinagar,2023-10-17 02:15:00,temp,26.0,26.140377173637926,1,1,1,140.47054202913992
Gandhinagar,2023-10-18 02:15:00,temp,24.0,26.129365699131757,1,1,1,140.47054202913992
Gandhinagar,2023-10-19 02:15:00,temp,24.0,25.080975737722852,1,1,1,140.47054202913992
Gandhinagar,2023-10-20 02:30:00,temp,25.0,24.920243266473534,1,1,1,140.47054202913992
Gandhinagar,2023-10-21 02:15:00,temp,24.0,25.385016488690315,1,1,1,140.47054202913992
Gandhinagar,2023-10-22 02:15:00,temp,25.0,24.7636376699205,1,1,1,140.47054202913992
Gandhinagar,2023-10-23 02:00:00,temp,24.0,25.249863788279487,1,1,1,140.47054202913992
Gandhinagar,2023-10-24 02:15:00,temp,25.0,24.64054741914906,1,1,1,140.47054202913992
Gandhinagar,2023-10-25 02:15:00,temp,24.0,25.136523923968436,1,1,1,140.47054202913992
Gandhinagar,2023-10-26 02:00:00,temp,24.0,24.54562140457373,1,1,1,140.47054202913992
Gandhinagar,2023-10-27 02:15:00,temp,24.0,24.46618876156805,1,1,1,140.47054202913992
Gandhinagar,2023-10-28 02:00:00,temp,23.0,24.397569431792068,1,1,1,140.47054202913992
Gandhinagar,2023-10-29 02:30:00,temp,24.0,23.7377530202924,1,1,1,140.47054202913992
Gandhinagar,2023-10-30 01:45:00,temp,23.0,24.22146643308517,1,1,1,140.47054202913992
Ganganagar,2023-10-15 02:30:00,temp,25.9,27.282298906973317,1,1,1,179.98066595324843
Ganganagar,2023-10-16 02:30:00,temp,25.0,26.31787436981596,1,1,1,179.98066595324843
Ganganagar,2023-10-17 02:30:00,temp,19.9,25.64995150695459,1,1,1,179.98066595324843
Ganganagar,2023-10-18 02:30:00,temp,21.2,21.719168879442794,1,1,1,179.98066595324843
Ganganagar,2023-10-19 02:30:00,temp,21.7,22.39302073830363,1,1,1,179.98066595324843
Ganganagar,2023-10-20 02:30:00,temp,22.9,22.5741661135107,1,1,1,179.98066595324843
Ganganagar,2023-10-21 02:15:00,temp,23.6,23.39728734036171,1,1,1,179.98066595324843
Ganganagar,2023-10-22 02:30:00,temp,23.5,23.87591759935407,1,1,1,179.98066595324843
Ganganagar,2023-10-23 02:15:00,temp,23.4,23.75720107505636,1,1,1,179.98066595324843
Ganganagar,2023-10-24 02:15:00,temp,23.6,23.642333972496314,1,1,1,179.98066595324843
Ganganagar,2023-10-25 02:30:00,temp,23.3,23.76354968634135,1,1,1,179.98066595324843
Ganganagar,2023-10-26 02:00:00,temp,23.5,23.50967845445241,1,1,1,179.98066595324843
Ganganagar,2023-10-27 02:15:00,temp,23.3,23.634817763977644,1,1,1,179.98066595324843
Ganganagar,2023-10-28 02:00:00,temp,24.6,23.463807323987172,1,1,1,179.98066595324843
Ganganagar,2023-10-29 02:45:00,temp,24.8,24.433975205385817,1,1,1,179.98066595324843
Ganganagar,2023-10-30 02:00:00,temp,24.1,24.609371573701356,1,1,1,179.98066595324843
Ganjam,2023-10-15 02:30:00,temp,24.1,25.110614279488615,1,1,0,83.85186971538847
Ganjam,2023-10-16 02:30:00,temp,22.5,24.649138468285383,1,1,0,83.85186971538847
Ganjam,2023-10-17 02:30:00,temp,23.9,22.882105130836074,1,1,0,83.85186971538847
Ganjam,2023-10-18 02:30:00,temp,22.9,23.463956136937075,1,1,0,83.85186971538847
Ganjam,2023-10-19 02:30:00,temp,22.8,23.243870528448802,1,1,0,83.85186971538847
Ganjam,2023-10-20 02:30:00,temp,22.8,22.8326480858027,1,1,0,83.85186971538847
Ganjam,2023-10-21 02:15:00,temp,22.2,22.8,1,1,0,83.85186971538847
Ganjam,2023-10-22 02:15:00,temp,22.3,22.395904625515158,1,1,0,83.85186971538847
Ganjam,2023-10-23 02:15:00,temp,21.5,22.267561118899707,1,1,0,83.85186971538847
Ganjam,2023-10-24 02:15:00,temp,22.0,21.76186433906541,1,1,0,83.85186971538847
Ganjam,2023-10-25 02:30:00,temp,22.7,21.83267566636163,1,1,0,83.85186971538847
Ganjam,2023-10-26 02:00:00,temp,23.8,22.47719884287309,1,1,0,83.85186971538847
Ganjam,2023-10-27 02:15:00,temp,22.4,23.48776176605254,1,1,0,83.85186971538847
Ganjam,2023-10-28 02:00:00,temp,20.8,22.856295220269537,1,1,0,83.85186971538847
Ganjam,2023-10-29 02:45:00,temp,20.3,21.168627215353816,1,1,0,83.85186971538847
Ganjam,2023-10-30 02:00:00,temp,20.4,20.394038245761084,1,1,0,83.85186971538847
Garhwa,2023-10-15 02:30:00,temp,21.3,21.56759291219917,1,1,1,110.18679629907092
Garhwa,2023-10-16 02:30:00,temp,22.1,21.683142290996575,1,1,1,110.18679629907092
Garhwa,2023-10-17 02:15:00,temp,21.3,22.21357587261103,1,1,1,110.18679629907092
Garhwa,2023-10-18 02:30:00,temp,21.0,21.613510590399933,1,1,1,110.18679629907092
Garhwa,2023-10-19 02:15:00,temp,20.7,21.330661096978467,1,1,1,110.18679629907092
Garhwa,2023-10-20 02:30:00,temp,20.3,21.034107311149235,1,1,1,110.18679629907092
Garhwa,2023-10-21 02:15:00,temp,19.2,20.646387657504093,1,1,1,110.18679629907092
Garhwa,2023-10-22 02:15:00,temp,19.0,19.6442725427591,1,1,1,110.18679629907092
Garhwa,2023-10-23 02:00:00,temp,17.9,19.33024139749682,1,1,1,110.18679629907092
Garhwa,2023-10-24 02:15:00,temp,18.1,18.204876208069056,1,1,1,110.18679629907092
Garhwa,2023-10-25 02:15:00,temp,18.5,18.28799990842537,1,1,1,110.18679629907092
Garhwa,2023-10-26 02:00:00,temp,18.2,18.59758557907095,1,1,1,110.18679629907092
Garhwa,2023-10-27 02:15:00,temp,18.4,18.295879752634967,1,1,1,110.18679629907092
Garhwa,2023-10-28 02:00:00,temp,18.2,18.445156830556726,1,1,1,110.18679629907092
Garhwa,2023-10-29 02:30:00,temp,18.2,18.254766286966554,1,1,1,110.18679629907092
Garhwa,2023-10-30 01:45:00,temp,18.9,18.23828709297967,1,1,1,110.18679629907092
Garhwal,2023-10-15 02:30:00,temp,20.1,19.64300647257574,1,1,1,140.0006033024562
Garhwal,2023-10-16 02:30:00,temp,20.0,20.237912819683466,1,1,1,140.0006033024562
Garhwal,2023-10-17 02:30:00,temp,17.6,20.13640827227835,1,1,1,140.0006033024562
Garhwal,2023-10-18 02:30:00,temp,17.5,18.311698680933183,1,1,1,140.0006033024562
Garhwal,2023-10-19 02:15:00,temp,16.3,18.023694737504062,1,1,1,140.0006033024562
Garhwal,2023-10-20 02:30:00,temp,16.5,16.850721176051056,1,1,1,140.0006033024562
Garhwal,2023-10-21 02:15:00,temp,16.8,16.84777478053125,1,1,1,140.0006033024562
Garhwal,2023-10-22 02:15:00,temp,16.7,16.999639166379954,1,1,1,140.0006033024562
Garhwal,2023-10-23 02:15:00,temp,17.1,16.855113161536153,1,1,1,140.0006033024562
Garhwal,2023-10-24 02:15:00,temp,16.6,17.145683252818042,1,1,1,140.0006033024562
Garhwal,2023-10-25 02:15:00,temp,17.4,16.718856507152662,1,1,1,140.0006033024562
Garhwal,2023-10-26 02:00:00,temp,17.9,17.340555932062607,1,1,1,140.0006033024562
Garhwal,2023-10-27 02:15:00,temp,17.4,17.76823903354444,1,1,1,140.0006033024562
Garhwal,2023-10-28 02:00:00,temp,17.3,17.3942267954325,1,1,1,140.0006033024562
Garhwal,2023-10-29 02:30:00,temp,17.3,17.31510877798443,1,1,1,140.0006033024562
Garhwal,2023-10-30 01:45:00,temp,17.8,17.31128600340004,1,1,1,140.0006033024562
Gariaband,2023-10-15 02:30:00,temp,22.2,21.763521278488234,1,1,1,117.65176028879041
Gariaband,2023-10-16 02:30:00,temp,20.5,22.132928181184884,1,1,1,117.65176028879041
Gariaband,2023-10-17 02:30:00,temp,19.5,20.78840220147328,1,1,1,117.65176028879041
Gariaband,2023-10-18 02:30:00,temp,20.0,19.56129619151983,1,1,1,117.65176028879041
Gariaband,2023-10-19 02:15:00,temp,19.8,20.291658211165664,1,1,1,117.65176028879041
Gariaband,2023-10-20 02:30:00,temp,19.6,20.095880106179326,1,1,1,117.65176028879041
Gariaband,2023-10-21 02:15:00,temp,18.6,19.895694140592152,1,1,1,117.65176028879041
Gariaband,2023-10-22 02:15:00,temp,16.9,19.018975885950827,1,1,1,117.65176028879041
Gariaband,2023-10-23 02:15:00,temp,16.3,16.981243942906556,1,1,1,117.65176028879041
Gariaband,2023-10-24 02:15:00,temp,16.2,16.30392619435717,1,1,1,117.65176028879041
Gariaband,2023-10-25 02:15:00,temp,16.7,16.202147933150652,1,1,1,117.65176028879041
Gariaband,2023-10-26 02:00:00,temp,16.5,16.681287270835828,1,1,1,117.65176028879041
Gariaband,2023-10-27 02:15:00,temp,16.0,16.515000534237444,1,1,1,117.65176028879041
Gariaband,2023-10-28 02:00:00,temp,16.4,16.01205600602873,1,1,1,117.65176028879041
Gariaband,2023-10-29 02:30:00,temp,16.2,16.380520485254614,1,1,1,117.65176028879041
Gariaband,2023-10-30 01:45:00,temp,17.0,16.214907865501782,1,1,1,117.65176028879041
Gaya,2023-10-15 02:30:00,temp,21.7,24.306013516238597,0,1,1,158.77380406863105
Gaya,2023-10-16 02:30:00,temp,25.0,22.803020527199422,0,1,1,158.77380406863105
Gaya,2023-10-17 02:15:00,temp,23.0,23.921098428066337,0,1,1,158.77380406863105
Gaya,2023-10-18 02:30:00,temp,22.5,23.558565097045303,0,1,1,158.77380406863105
Gaya,2023-10-19 02:15:00,temp,21.1,23.123936021252,0,1,1,158.77380406863105
Gaya,2023-10-20 02:15:00,temp,21.0,22.229007601982076,0,1,1,158.77380406863105
Gaya,2023-10-21 02:15:00,temp,20.0,21.631571317791938,0,1,1,158.77380406863105
Gaya,2023-10-22 02:15:00,temp,19.8,20.803048445250823,0,1,1,158.77380406863105
Gaya,2023-10-23 02:00:00,temp,19.3,20.272748764505945,0,1,1,158.77380406863105
Gaya,2023-10-24 02:15:00,temp,22.0,19.7537495686467,0,1,1,158.77380406863105
Gaya,2023-10-25 02:15:00,temp,22.0,20.87926695970203,0,1,1,158.77380406863105
Gaya,2023-10-26 02:00:00,temp,19.9,21.43735757273594,0,1,1,158.77380406863105
Gaya,2023-10-27 02:15:00,temp,19.8,20.689718641488046,0,1,1,158.77380406863105
Gaya,2023-10-28 02:00:00,temp,20.0,20.26100445976015,0,1,1,158.77380406863105
Gaya,2023-10-29 02:30:00,temp,19.0,20.133835211157482,0,1,1,158.77380406863105
Gaya,2023-10-30 01:45:00,temp,20.5,19.57626824829089,0,1,1,158.77380406863105
Ghaziabad,2023-10-15 02:30:00,temp,24.0,25.694057668646213,2,1,1,167.07036366939283
Ghaziabad,2023-10-16 02:30:00,temp,26.0,24.224812916142355,2,1,1,167.07036366939283
Ghaziabad,2023-10-17 02:30:00,temp,19.0,26.517980681965742,2,1,1,167.07036366939283
Ghaziabad,2023-10-18 02:30:00,temp,21.0,19.65587408115053,2,1,1,167.07036366939283
Ghaziabad,2023-10-19 02:30:00,temp,21.0,22.9806240426416,2,1,1,167.07036366939283
Ghaziabad,2023-10-20 02:30:00,temp,21.0,22.10384887587257,2,1,1,167.07036366939283
Ghaziabad,2023-10-21 02:15:00,temp,20.0,21.876310442942078,2,1,1,167.07036366939283
Ghaziabad,2023-10-22 02:30:00,temp,21.0,20.802332100556413,2,1,1,167.07036366939283
Ghaziabad,2023-10-23 02:15:00,temp,21.0,21.647423054586824,2,1,1,167.07036366939283
Ghaziabad,2023-10-24 02:15:00,temp,22.0,21.37824757401591,2,1,1,167.07036366939283
Ghaziabad,2023-10-25 02:30:00,temp,21.0,22.17083312582823,2,1,1,167.07036366939283
Ghaziabad,2023-10-26 02:00:00,temp,22.0,21.154005448714965,2,1,1,167.07036366939283
Ghaziabad,2023-10-27 02:30:00,temp,21.0,22.0933438318234,2,1,1,167.07036366939283
Ghaziabad,2023-10-28 02:00:00,temp,20.0,21.127758225816805,2,1,1,167.07036366939283
Ghaziabad,2023-10-29 02:45:00,temp,20.0,20.388251568651896,2,1,1,167.07036366939283
Ghaziabad,2023-10-30 02:00:00,temp,22.0,20.437261342632027,2,1,1,167.07036366939283
Ghazipur,2023-10-15 02:30:00,temp,22.6,22.5,0,1,0,152.80136719412116
Ghazipur,2023-10-16 02:30:00,temp,23.4,22.6,0,1,0,152.80136719412116
Ghazipur,2023-10-17 02:30:00,temp,23.1,23.4,0,1,0,152.80136719412116
Ghazipur,2023-10-18 02:30:00,temp,22.0,23.1,0,1,0,152.80136719412116
Ghazipur,2023-10-19 02:30:00,temp,21.2,22.0,0,1,0,152.80136719412116
Ghazipur,2023-10-20 02:30:00,temp,21.1,21.2,0,1,0,152.80136719412116
Ghazipur,2023-10-21 02:15:00,temp,20.8,21.1,0,1,0,152.80136719412116
Ghazipur,2023-10-22 02:30:00,temp,20.6,20.8,0,1,0,152.80136719412116
Ghazipur,2023-10-23 02:15:00,temp,20.2,20.6,0,1,0,152.80136719412116
Ghazipur,2023-10-24 02:15:00,temp,20.4,20.2,0,1,0,152.80136719412116
Ghazipur,2023-10-25 02:30:00,temp,21.3,20.4,0,1,0,152.80136719412116
Ghazipur,2023-10-26 02:00:00,temp,20.4,21.3,0,1,0,152.80136719412116
Ghazipur,2023-10-27 02:30:00,temp,21.1,20.4,0,1,0,152.80136719412116
Ghazipur,2023-10-28 02:00:00,temp,20.9,21.1,0,1,0,152.80136719412116
Ghazipur,2023-10-29 02:45:00,temp,21.0,20.9,0,1,0,152.80136719412116
Ghazipur,2023-10-30 02:00:00,temp,20.8,21.0,0,1,0,152.80136719412116
Giridih,2023-10-15 02:30:00,temp,22.0,24.09812106231361,0,0,2,118.63253508357909
Giridih,2023-10-16 02:30:00,temp,22.9,22.68558867692934,0,0,2,118.63253508357909
Giridih,2023-10-17 02:15:00,temp,23.2,23.191394201311674,0,0,2,118.63253508357909
Giridih,2023-10-18 02:30:00,temp,22.9,25.16633578287234,0,0,2,118.63253508357909
Giridih,2023-10-19 02:15:00,temp,21.6,22.977012520719814,0,0,2,118.63253508357909
Giridih,2023-10-20 02:30:00,temp,21.3,22.456069875653732,0,0,2,118.63253508357909
Giridih,2023-10-21 02:15:00,temp,20.5,23.42292177971084,0,0,2,118.63253508357909
Giridih,2023-10-22 02:15:00,temp,19.9,21.668325007696787,0,0,2,118.63253508357909
Giridih,2023-10-23 02:00:00,temp,20.1,21.350125720022557,0,0,2,118.63253508357909
Giridih,2023-10-24 02:15:00,temp,20.9,22.129119396568154,0,0,2,118.63253508357909
Giridih,2023-10-25 02:15:00,temp,21.4,22.35965523968907,0,0,2,118.63253508357909
Giridih,2023-10-26 02:00:00,temp,22.2,22.58190899494494,0,0,2,118.63253508357909
Giridih,2023-10-27 02:15:00,temp,20.2,23.275634959566386,0,0,2,118.63253508357909
Giridih,2023-10-28 02:00:00,temp,20.4,20.76673076587268,0,0,2,118.63253508357909
Giridih,2023-10-29 02:30:00,temp,20.5,21.582158684806053,0,0,2,118.63253508357909
Giridih,2023-10-30 01:45:00,temp,20.8,22.78463097751649,0,0,2,118.63253508357909
Goa,2023-10-16 02:30:00,temp,26.2,26.070822955913584,0,1,1,57.54443543751594
Goa,2023-10-17 02:15:00,temp,26.7,26.112113282585305,0,1,1,57.54443543751594
Goa,2023-10-18 02:30:00,temp,27.0,26.305547710047705,0,1,1,57.54443543751594
Goa,2023-10-19 02:15:00,temp,26.8,26.568999063650814,0,1,1,57.54443543751594
Goa,2023-10-20 02:30:00,temp,27.1,26.664516078657307,0,1,1,57.54443543751594
Goa,2023-10-21 02:15:00,temp,27.3,26.845011409201422,0,1,1,57.54443543751594
Goa,2023-10-21 02:15:00,temp,26.9,27.04380628420682,0,1,1,57.54443543751594
Goa,2023-10-22 02:15:00,temp,27.5,26.981542423147364,0,1,1,57.54443543751594
Goa,2023-10-23 02:15:00,temp,26.5,27.198962046873906,0,1,1,57.54443543751594
Goa,2023-10-24 02:15:00,temp,25.6,26.91555193131683,0,1,1,57.54443543751594
Goa,2023-10-25 02:15:00,temp,25.2,26.383113860997053,0,1,1,57.54443543751594
Goa,2023-10-26 02:00:00,temp,25.4,25.631102708972872,0,1,1,57.54443543751594
Goa,2023-10-27 02:15:00,temp,25.0,25.478356158106028,0,1,1,57.54443543751594
Goa,2023-10-28 02:00:00,temp,25.1,25.180726216856012,0,1,1,57.54443543751594
Goa,2023-10-29 02:30:00,temp,25.4,25.130471506562074,0,1,1,57.54443543751594
Goa,2023-10-30 01:45:00,temp,26.9,25.293879057540803,0,1,1,57.54443543751594
Goalpara,2023-10-15 02:30:00,temp,21.9,22.7,0,1,0,112.03580482894698
Goalpara,2023-10-16 02:30:00,temp,21.8,21.9,0,1,0,112.03580482894698
Goalpara,2023-10-17 02:15:00,temp,21.7,21.8,0,1,0,112.03580482894698
Goalpara,2023-10-18 02:30:00,temp,21.8,21.7,0,1,0,112.03580482894698
Goalpara,2023-10-19 02:15:00,temp,21.6,21.8,0,1,0,112.03580482894698
Goalpara,2023-10-20 02:30:00,temp,21.2,21.6,0,1,0,112.03580482894698
Goalpara,2023-10-21 02:15:00,temp,20.7,21.2,0,1,0,112.03580482894698
Goalpara,2023-10-22 02:15:00,temp,20.3,20.7,0,1,0,112.03580482894698
Goalpara,2023-10-23 02:15:00,temp,20.0,20.3,0,1,0,112.03580482894698
Goalpara,2023-10-24 02:15:00,temp,21.0,20.0,0,1,0,112.03580482894698
Goalpara,2023-10-25 02:15:00,temp,20.2,21.0,0,1,0,112.03580482894698
Goalpara,2023-10-26 02:00:00,temp,20.8,20.2,0,1,0,112.03580482894698
Goalpara,2023-10-27 02:15:00,temp,21.2,20.8,0,1,0,112.03580482894698
Goalpara,2023-10-28 02:00:00,temp,20.5,21.2,0,1,0,112.03580482894698
Goalpara,2023-10-29 02:30:00,temp,20.4,20.5,0,1,0,112.03580482894698
Goalpara,2023-10-30 01:45:00,temp,21.0,20.4,0,1,0,112.03580482894698
Godda,2023-10-15 02:30:00,temp,22.0,23.3,0,1,0,135.94268203134482
Godda,2023-10-16 02:30:00,temp,23.6,22.0,0,1,0,135.94268203134482
Godda,2023-10-17 02:15:00,temp,23.5,23.6,0,1,0,135.94268203134482
Godda,2023-10-18 02:30:00,temp,23.1,23.5,0,1,0,135.94268203134482
Godda,2023-10-19 02:15:00,temp,21.6,23.1,0,1,0,135.94268203134482
Godda,2023-10-20 02:30:00,temp,21.0,21.6,0,1,0,135.94268203134482
Godda,2023-10-21 02:15:00,temp,20.2,21.0,0,1,0,135.94268203134482
Godda,2023-10-22 02:15:00,temp,19.8,20.199999999999996,0,1,0,135.94268203134482
Godda,2023-10-23 02:00:00,temp,20.3,19.8,0,1,0,135.94268203134482
Godda,2023-10-24 02:15:00,temp,21.8,20.3,0,1,0,135.94268203134482
Godda,2023-10-25 02:15:00,temp,22.0,21.8,0,1,0,135.94268203134482
Godda,2023-10-26 02:00:00,temp,21.2,22.0,0,1,0,135.94268203134482
Godda,2023-10-27 02:15:00,temp,20.6,21.2,0,1,0,135.94268203134482
Godda,2023-10-28 02:00:00,temp,20.5,20.6,0,1,0,135.94268203134482
Godda,2023-10-29 02:30:00,temp,20.7,20.5,0,1,0,135.94268203134482
Godda,2023-10-30 01:45:00,temp,21.2,20.7,0,1,0,135.94268203134482
Golaghat,2023-10-15 02:30:00,temp,20.9,21.301433101035002,1,1,0,103.26420789454279
Golaghat,2023-10-16 02:30:00,temp,21.0,20.974314836515997,1,1,0,103.26420789454279
Golaghat,2023-10-17 02:15:00,temp,20.7,20.975188255133876,1,1,0,103.26420789454279
Golaghat,2023-10-18 02:30:00,temp,21.1,20.77476932455173,1,1,0,103.26420789454279
Golaghat,2023-10-19 02:15:00,temp,20.3,20.998833660413847,1,1,0,103.26420789454279
Golaghat,2023-10-20 02:30:00,temp,20.4,20.510534496714143,1,1,0,103.26420789454279
Golaghat,2023-10-21 02:15:00,temp,20.1,20.37398985250961,1,1,0,103.26420789454279
Golaghat,2023-10-22 02:15:00,temp,19.6,20.17835014268916,1,1,0,103.26420789454279
Golaghat,2023-10-23 02:15:00,temp,19.3,19.727500842556758,1,1,0,103.26420789454279
Golaghat,2023-10-24 02:15:00,temp,21.1,19.374247229106714,1,1,0,103.26420789454279
Golaghat,2023-10-25 02:15:00,temp,20.0,20.62245231525561,1,1,0,103.26420789454279
Golaghat,2023-10-26 02:00:00,temp,20.3,20.3308111724107,1,1,0,103.26420789454279
Golaghat,2023-10-27 02:15:00,temp,19.9,20.21005956250461,1,1,0,103.26420789454279
Golaghat,2023-10-28 02:00:00,temp,19.8,20.02107970376065,1,1,0,103.26420789454279
Golaghat,2023-10-29 02:30:00,temp,19.4,19.830010845856645,1,1,0,103.26420789454279
Golaghat,2023-10-30 01:45:00,temp,20.5,19.51954557585145,1,1,0,103.26420789454279
Gonda,2023-10-15 02:30:00,temp,23.4,23.04183755682207,1,1,1,136.46449848706956
Gonda,2023-10-16 02:30:00,temp,23.4,23.737009760513267,1,1,1,136.46449848706956
Gonda,2023-10-17 02:30:00,temp,21.3,23.687662879718307,1,1,1,136.46449848706956
Gonda,2023-10-18 02:30:00,temp,21.0,21.979024491734222,1,1,1,136.46449848706956
Gonda,2023-10-19 02:30:00,temp,19.8,21.55178199196153,1,1,1,136.46449848706956
Gonda,2023-10-20 02:30:00,temp,19.6,20.3265340667421,1,1,1,136.46449848706956
Gonda,2023-10-21 02:15:00,temp,19.3,19.978589669530287,1,1,1,136.46449848706956
Gonda,2023-10-22 02:30:00,temp,20.3,19.583122067967935,1,1,1,136.46449848706956
Gonda,2023-10-23 02:15:00,temp,20.6,20.418070352802715,1,1,1,136.46449848706956
Gonda,2023-10-24 02:15:00,temp,21.0,20.65821210669079,1,1,1,136.46449848706956
Gonda,2023-10-25 02:30:00,temp,21.8,21.001763810723006,1,1,1,136.46449848706956
Gonda,2023-10-26 02:00:00,temp,21.4,21.71794723632082,1,1,1,136.46449848706956
Gonda,2023-10-27 02:30:00,temp,20.9,21.378611214416527,1,1,1,136.46449848706956
Gonda,2023-10-28 02:00:00,temp,21.0,20.95128070082401,1,1,1,136.46449848706956
Gonda,2023-10-29 02:45:00,temp,21.7,21.02717416380284,1,1,1,136.46449848706956
Gonda,2023-10-30 02:00:00,temp,20.9,21.62097468140985,1,1,1,136.46449848706956
Gopalganj,2023-10-15 02:30:00,temp,22.7,22.857486529182797,2,1,1,140.75698064979616
Gopalganj,2023-10-16 02:30:00,temp,23.0,23.527844927786525,2,1,1,140.75698064979616
Gopalganj,2023-10-17 02:15:00,temp,22.9,23.477831685532728,2,1,1,140.75698064979616
Gopalganj,2023-10-18 02:30:00,temp,22.4,23.16367350408139,2,1,1,140.75698064979616
Gopalganj,2023-10-19 02:15:00,temp,20.8,22.579613579639194,2,1,1,140.75698064979616
Gopalganj,2023-10-20 02:30:00,temp,20.5,20.868800890261863,2,1,1,140.75698064979616
Gopalganj,2023-10-21 02:15:00,temp,20.3,21.06161058511292,2,1,1,140.75698064979616
Gopalganj,2023-10-22 02:15:00,temp,20.4,20.767825688680226,2,1,1,140.75698064979616
Gopalganj,2023-10-23 02:15:00,temp,20.6,20.82024606160434,2,1,1,140.75698064979616
Gopalganj,2023-10-24 02:15:00,temp,21.4,20.901804585745307,2,1,1,140.75698064979616
Gopalganj,2023-10-25 02:15:00,temp,22.2,21.692087760267544,2,1,1,140.75698064979616
Gopalganj,2023-10-26 02:00:00,temp,22.2,22.27911850268302,2,1,1,140.75698064979616
Gopalganj,2023-10-27 02:15:00,temp,21.7,21.97876228193574,2,1,1,140.75698064979616
Gopalganj,2023-10-28 02:00:00,temp,21.4,21.45061620912634,2,1,1,140.75698064979616
Gopalganj,2023-10-29 02:30:00,temp,21.7,21.341066482633877,2,1,1,140.75698064979616
Gopalganj,2023-10-30 01:45:00,temp,21.4,21.804670220761647,2,1,1,140.75698064979616
Gorakhpur,2023-10-15 02:30:00,temp,25.3,25.37956876900734,2,1,1,178.38731648708793
Gorakhpur,2023-10-16 02:30:00,temp,23.4,25.622899513772857,2,1,1,178.38731648708793
Gorakhpur,2023-10-17 02:30:00,temp,19.6,23.849960129113303,2,1,1,178.38731648708793
Gorakhpur,2023-10-18 02:30:00,temp,21.6,20.802738227536498,2,1,1,178.38731648708793
Gorakhpur,2023-10-19 02:30:00,temp,20.3,23.53367628239268,2,1,1,178.38731648708793
Gorakhpur,2023-10-20 02:30:00,temp,21.2,21.327403374759353,2,1,1,178.38731648708793
Gorakhpur,2023-10-21 02:15:00,temp,22.4,22.193508024611585,2,1,1,178.38731648708793
Gorakhpur,2023-10-22 02:30:00,temp,22.6,22.90296207548899,2,1,1,178.38731648708793
Gorakhpur,2023-10-23 02:15:00,temp,22.4,22.73125647893776,2,1,1,178.38731648708793
Gorakhpur,2023-10-24 02:15:00,temp,21.7,22.478157640686852,2,1,1,178.38731648708793
Gorakhpur,2023-10-25 02:30:00,temp,21.6,21.870407600547473,2,1,1,178.38731648708793
Gorakhpur,2023-10-26 02:00:00,temp,21.6,21.895154517767864,2,1,1,178.38731648708793
Gorakhpur,2023-10-27 02:30:00,temp,21.4,21.85726366924124,2,1,1,178.38731648708793
Gorakhpur,2023-10-28 02:00:00,temp,22.8,21.629226574903686,2,1,1,178.38731648708793
Gorakhpur,2023-10-29 02:45:00,temp,23.6,22.85494322889428,2,1,1,178.38731648708793
Gorakhpur,2023-10-30 02:00:00,temp,22.9,23.250662346413435,2,1,1,178.38731648708793
Gulbarga,2023-10-15 02:30:00,temp,24.0,23.78969910571591,1,0,0,132.13420231723848
Gulbarga,2023-10-16 02:30:00,temp,25.3,23.992103101363483,1,0,0,132.13420231723848
Gulbarga,2023-10-17 02:30:00,temp,23.5,24.664805273143426,1,0,0,132.13420231723848
Gulbarga,2023-10-18 02:30:00,temp,23.2,23.75971953961672,1,0,0,132.13420231723848
Gulbarga,2023-10-19 02:15:00,temp,22.7,23.605325653746018,1,0,0,132.13420231723848
Gulbarga,2023-10-20 02:30:00,temp,23.0,23.338259652908885,1,0,0,132.13420231723848
Gulbarga,2023-10-21 02:15:00,temp,22.5,23.470618224440013,1,0,0,132.13420231723848
Gulbarga,2023-10-22 02:15:00,temp,22.2,23.187949641337003,1,0,0,132.13420231723848
Gulbarga,2023-10-23 02:15:00,temp,21.3,22.982834415158166,1,0,0,132.13420231723848
Gulbarga,2023-10-24 02:15:00,temp,20.9,22.37300834055805,1,0,0,132.13420231723848
Gulbarga,2023-10-25 02:15:00,temp,20.6,21.97270915256239,1,0,0,132.13420231723848
Gulbarga,2023-10-26 02:00:00,temp,20.3,21.612416591006248,1,0,0,132.13420231723848
Gulbarga,2023-10-27 02:15:00,temp,19.5,21.241216027574254,1,0,0,132.13420231723848
Gulbarga,2023-10-28 02:00:00,temp,19.5,20.41753197723118,1,0,0,132.13420231723848
Gulbarga,2023-10-29 02:30:00,temp,20.7,20.2831789639828,1,0,0,132.13420231723848
Gulbarga,2023-10-30 02:00:00,temp,22.2,21.280581417434544,1,0,0,132.13420231723848
Gumla,2023-10-15 02:30:00,temp,19.0,20.63975610547207,0,1,1,106.4353359661275
Gumla,2023-10-16 02:30:00,temp,19.5,19.493016823474175,0,1,1,106.4353359661275
Gumla,2023-10-17 02:15:00,temp,20.4,19.498234364705613,0,1,1,106.4353359661275
Gumla,2023-10-18 02:30:00,temp,19.0,20.079359302642022,0,1,1,106.4353359661275
Gumla,2023-10-19 02:15:00,temp,18.9,19.414437575779832,0,1,1,106.4353359661275
Gumla,2023-10-20 02:30:00,temp,18.6,19.086176168689445,0,1,1,106.4353359661275
Gumla,2023-10-21 02:15:00,temp,16.6,18.769686444159035,0,1,1,106.4353359661275
Gumla,2023-10-22 02:15:00,temp,16.3,17.238631641342366,0,1,1,106.4353359661275
Gumla,2023-10-23 02:00:00,temp,16.1,16.477336333177238,0,1,1,106.4353359661275
Gumla,2023-10-24 02:15:00,temp,17.3,16.17603510607055,0,1,1,106.4353359661275
Gumla,2023-10-25 02:15:00,temp,17.7,17.036727183204036,0,1,1,106.4353359661275
Gumla,2023-10-26 02:00:00,temp,17.4,17.562435515176375,0,1,1,106.4353359661275
Gumla,2023-10-27 02:15:00,temp,16.3,17.434725571393848,0,1,1,106.4353359661275
Gumla,2023-10-28 02:00:00,temp,16.3,16.55102568985996,0,1,1,106.4353359661275
Gumla,2023-10-29 02:30:00,temp,16.5,16.35018482769661,0,1,1,106.4353359661275
Gumla,2023-10-30 01:45:00,temp,16.7,16.46835759187778,0,1,1,106.4353359661275
Guna,2023-10-15 02:30:00,temp,23.6,23.531373364509065,1,1,1,131.5100161348552
Guna,2023-10-16 02:30:00,temp,24.0,23.532687534088605,1,1,1,131.5100161348552
Guna,2023-10-17 02:15:00,temp,19.2,23.816575587284056,1,1,1,131.5100161348552
Guna,2023-10-18 02:15:00,temp,22.0,20.4995751024778,1,1,1,131.5100161348552
Guna,2023-10-19 02:15:00,temp,22.2,22.290387221658648,1,1,1,131.5100161348552
Guna,2023-10-20 02:15:00,temp,21.1,22.383974213244418,1,1,1,131.5100161348552
Guna,2023-10-21 02:00:00,temp,21.4,21.673466881498488,1,1,1,131.5100161348552
Guna,2023-10-22 02:15:00,temp,21.2,21.788502421479947,1,1,1,131.5100161348552
Guna,2023-10-23 02:00:00,temp,21.1,21.61062434233091,1,1,1,131.5100161348552
Guna,2023-10-24 02:15:00,temp,20.5,21.490585415185766,1,1,1,131.5100161348552
Guna,2023-10-25 02:15:00,temp,20.5,21.046817854322335,1,1,1,131.5100161348552
Guna,2023-10-26 02:00:00,temp,20.6,20.95985058142247,1,1,1,131.5100161348552
Guna,2023-10-27 02:15:00,temp,20.4,20.951443169974223,1,1,1,131.5100161348552
Guna,2023-10-28 02:00:00,temp,20.3,20.760782982642247,1,1,1,131.5100161348552
Guna,2023-10-29 02:30:00,temp,21.0,20.632551232539477,1,1,1,131.5100161348552
Guna,2023-10-30 01:45:00,temp,21.1,21.03967858602208,1,1,1,131.5100161348552
Guntur,2023-10-15 02:30:00,temp,23.5,23.929756243450704,0,1,1,123.06694907035813
Guntur,2023-10-16 02:30:00,temp,24.3,23.78333843926277,0,1,1,123.06694907035813
Guntur,2023-10-17 02:15:00,temp,23.4,23.956456537857466,0,1,1,123.06694907035813
Guntur,2023-10-18 02:30:00,temp,23.4,23.77587133020567,0,1,1,123.06694907035813
Guntur,2023-10-19 02:15:00,temp,23.2,23.65088990879627,0,1,1,123.06694907035813
Guntur,2023-10-20 02:30:00,temp,23.2,23.49750902731787,0,1,1,123.06694907035813
Guntur,2023-10-21 02:15:00,temp,23.2,23.394247604238608,0,1,1,123.06694907035813
Guntur,2023-10-22 02:15:00,temp,22.7,23.326583388602295,0,1,1,123.06694907035813
Guntur,2023-10-23 02:00:00,temp,21.0,23.1048018596555,0,1,1,123.06694907035813
Guntur,2023-10-24 02:15:00,temp,22.9,22.271384593742404,0,1,1,123.06694907035813
Guntur,2023-10-25 02:15:00,temp,20.4,22.540722826321034,0,1,1,123.06694907035813
Guntur,2023-10-26 02:00:00,temp,21.1,21.682548816894702,0,1,1,123.06694907035813
Guntur,2023-10-27 02:15:00,temp,21.5,21.415570822263124,0,1,1,123.06694907035813
Guntur,2023-10-28 02:00:00,temp,23.0,21.45264894835236,0,1,1,123.06694907035813
Guntur,2023-10-29 02:30:00,temp,23.6,22.065467378099775,0,1,1,123.06694907035813
Guntur,2023-10-30 01:45:00,temp,24.0,22.687251506693862,0,1,1,123.06694907035813
Gurdaspur,2023-10-15 02:30:00,temp,21.6,20.55526583098811,0,1,2,143.87973518774962
Gurdaspur,2023-10-16 02:30:00,temp,21.7,21.662353550736455,0,1,2,143.87973518774962
Gurdaspur,2023-10-17 02:30:00,temp,16.7,21.35912418783096,0,1,2,143.87973518774962
Gurdaspur,2023-10-18 02:30:00,temp,15.8,17.591875848942394,0,1,2,143.87973518774962
Gurdaspur,2023-10-19 02:15:00,temp,15.6,17.7529048786543,0,1,2,143.87973518774962
Gurdaspur,2023-10-20 02:30:00,temp,16.6,16.05157416470746,0,1,2,143.87973518774962
Gurdaspur,2023-10-21 02:15:00,temp,17.7,17.054406895488178,0,1,2,143.87973518774962
Gurdaspur,2023-10-22 02:15:00,temp,18.3,17.51556251949307,0,1,2,143.87973518774962
Gurdaspur,2023-10-23 02:15:00,temp,17.6,18.053663816724324,0,1,2,143.87973518774962
Gurdaspur,2023-10-24 02:15:00,temp,17.5,17.391173005316475,0,1,2,143.87973518774962
Gurdaspur,2023-10-25 02:15:00,temp,18.5,17.633905271201286,0,1,2,143.87973518774962
Gurdaspur,2023-10-26 02:00:00,temp,17.4,18.386052642437583,0,1,2,143.87973518774962
Gurdaspur,2023-10-27 02:15:00,temp,18.4,17.211398071893385,0,1,2,143.87973518774962
Gurdaspur,2023-10-28 02:00:00,temp,19.0,18.583349911011286,0,1,2,143.87973518774962
Gurdaspur,2023-10-29 02:45:00,temp,18.1,18.57803314585076,0,1,2,143.87973518774962
Gurdaspur,2023-10-30 02:00:00,temp,18.4,18.016166162789222,0,1,2,143.87973518774962
Gurgaon,2023-10-15 02:30:00,temp,24.0,25.795857829575475,2,1,2,170.202527128059
Gurgaon,2023-10-16 02:30:00,temp,26.0,24.706185113632685,2,1,2,170.202527128059
Gurgaon,2023-10-17 02:15:00,temp,19.0,26.418431680388,2,1,2,170.202527128059
Gurgaon,2023-10-18 02:15:00,temp,21.0,20.89314071443739,2,1,2,170.202527128059
Gurgaon,2023-10-19 02:15:00,temp,21.0,22.541382774354265,2,1,2,170.202527128059
Gurgaon,2023-10-20 02:30:00,temp,21.0,22.64924133076679,2,1,2,170.202527128059
Gurgaon,2023-10-21 02:15:00,temp,20.0,22.628500773395732,2,1,2,170.202527128059
Gurgaon,2023-10-22 02:15:00,temp,21.0,20.787665919130177,2,1,2,170.202527128059
Gurgaon,2023-10-23 02:00:00,temp,21.0,21.533828458669486,2,1,2,170.202527128059
Gurgaon,2023-10-24 02:15:00,temp,22.0,21.148858918751646,2,1,2,170.202527128059
Gurgaon,2023-10-25 02:15:00,temp,21.0,21.985131861219116,2,1,2,170.202527128059
Gurgaon,2023-10-26 02:00:00,temp,22.0,20.888179192898548,2,1,2,170.202527128059
Gurgaon,2023-10-27 02:15:00,temp,21.0,21.8284825567786,2,1,2,170.202527128059
Gurgaon,2023-10-28 02:00:00,temp,20.0,20.934482488431836,2,1,2,170.202527128059
Gurgaon,2023-10-29 02:30:00,temp,24.8,20.193287414264002,2,1,2,170.202527128059
Gurgaon,2023-10-30 01:45:00,temp,22.0,24.034414573260996,2,1,2,170.202527128059
Gwalior,2023-10-15 02:30:00,temp,27.3,26.77837160842412,1,0,2,148.93698685693244
Gwalior,2023-10-16 02:30:00,temp,26.3,26.443747917755076,1,0,2,148.93698685693244
Gwalior,2023-10-17 02:15:00,temp,20.4,26.340687698443894,1,0,2,148.93698685693244
Gwalior,2023-10-18 02:15:00,temp,22.2,21.876991286685687,1,0,2,148.93698685693244
Gwalior,2023-10-19 02:15:00,temp,22.6,25.002320954110942,1,0,2,148.93698685693244
Gwalior,2023-10-20 02:15:00,temp,22.1,24.833081511180076,1,0,2,148.93698685693244
Gwalior,2023-10-21 02:00:00,temp,22.0,23.598814838948194,1,0,2,148.93698685693244
Gwalior,2023-10-22 02:15:00,temp,22.0,23.430480647513903,1,0,2,148.93698685693244
Gwalior,2023-10-23 02:00:00,temp,22.2,23.126346345555376,1,0,2,148.93698685693244
Gwalior,2023-10-24 02:15:00,temp,21.6,23.00997626043043,1,0,2,148.93698685693244
Gwalior,2023-10-25 02:15:00,temp,21.4,22.295031981203614,1,0,2,148.93698685693244
Gwalior,2023-10-26 02:00:00,temp,21.9,22.144869065838144,1,0,2,148.93698685693244
Gwalior,2023-10-27 02:15:00,temp,20.8,22.38403739707888,1,0,2,148.93698685693244
Gwalior,2023-10-28 02:00:00,temp,21.1,21.364195576731888,1,0,2,148.93698685693244
Gwalior,2023-10-29 02:30:00,temp,22.1,21.760179040960512,1,0,2,148.93698685693244
Gwalior,2023-10-30 01:45:00,temp,22.9,22.23405327387952,1,0,2,148.93698685693244
Hailakandi,2023-10-15 02:30:00,temp,20.3,20.71258011980622,1,1,0,95.96289982965394
Hailakandi,2023-10-16 02:30:00,temp,21.2,20.228896326367913,1,1,0,95.96289982965394
Hailakandi,2023-10-17 02:15:00,temp,21.6,20.88745884824372,1,1,0,95.96289982965394
Hailakandi,2023-10-18 02:30:00,temp,20.6,21.47142311445302,1,1,0,95.96289982965394
Hailakandi,2023-10-19 02:15:00,temp,20.3,20.935304235007454,1,1,0,95.96289982965394
Hailakandi,2023-10-20 02:30:00,temp,20.0,20.393265621165565,1,1,0,95.96289982965394
Hailakandi,2023-10-21 02:15:00,temp,20.3,20.09193368801489,1,1,0,95.96289982965394
Hailakandi,2023-10-22 02:15:00,temp,20.7,20.207317417722166,1,1,0,95.96289982965394
Hailakandi,2023-10-23 02:15:00,temp,20.5,20.578657038542328,1,1,0,95.96289982965394
Hailakandi,2023-10-24 02:15:00,temp,21.7,20.56093210846072,1,1,0,95.96289982965394
Hailakandi,2023-10-25 02:15:00,temp,22.6,21.324301193685642,1,1,0,95.96289982965394
Hailakandi,2023-10-26 02:00:00,temp,20.1,22.36789064108896,1,1,0,95.96289982965394
Hailakandi,2023-10-27 02:15:00,temp,20.0,20.920007906498856,1,1,0,95.96289982965394
Hailakandi,2023-10-28 02:00:00,temp,20.1,20.026236585442636,1,1,0,95.96289982965394
Hailakandi,2023-10-29 02:30:00,temp,19.3,20.07373452525213,1,1,0,95.96289982965394
Hailakandi,2023-10-30 01:45:00,temp,20.3,19.511887634327742,1,1,0,95.96289982965394
Hamirpur,2023-10-15 02:30:00,temp,26.7,26.928060822179877,2,0,0,144.1663688647014
Hamirpur,2023-10-16 02:30:00,temp,26.6,27.288971739017622,2,0,0,144.1663688647014
Hamirpur,2023-10-17 02:15:00,temp,21.0,26.810518188010402,2,0,0,144.1663688647014
Hamirpur,2023-10-18 02:15:00,temp,23.4,21.748667058806117,2,0,0,144.1663688647014
Hamirpur,2023-10-19 02:15:00,temp,23.4,26.125784434734527,2,0,0,144.1663688647014
Hamirpur,2023-10-20 02:15:00,temp,22.6,24.87763901946097,2,0,0,144.1663688647014
Hamirpur,2023-10-21 02:15:00,temp,21.9,23.98974316005714,2,0,0,144.1663688647014
Hamirpur,2023-10-22 02:15:00,temp,21.7,23.302900001659307,2,0,0,144.1663688647014
Hamirpur,2023-10-23 02:00:00,temp,21.7,23.03255641665846,2,0,0,144.1663688647014
Hamirpur,2023-10-24 02:15:00,temp,22.3,22.887442457970003,2,0,0,144.1663688647014
Hamirpur,2023-10-25 02:15:00,temp,22.1,23.352132482787983,2,0,0,144.1663688647014
Hamirpur,2023-10-26 02:00:00,temp,22.1,22.98098709404421,2,0,0,144.1663688647014
Hamirpur,2023-10-27 02:15:00,temp,21.7,22.932840654441442,2,0,0,144.1663688647014
Hamirpur,2023-10-28 02:00:00,temp,22.1,22.47763041595961,2,0,0,144.1663688647014
Hamirpur,2023-10-29 02:30:00,temp,22.7,22.851672387567962,2,0,0,144.1663688647014
Hamirpur,2023-10-30 01:45:00,temp,23.1,23.350595763946146,2,0,0,144.1663688647014
Hanumangarh,2023-10-15 02:30:00,temp,26.9,27.75610157569037,2,1,1,173.59754384946044
Hanumangarh,2023-10-16 02:30:00,temp,26.0,26.74725704682473,2,1,1,173.59754384946044
Hanumangarh,2023-10-17 02:30:00,temp,20.0,26.218876784946186,2,1,1,173.59754384946044
Hanumangarh,2023-10-18 02:30:00,temp,22.1,20.575097761072907,2,1,1,173.59754384946044
Hanumangarh,2023-10-19 02:30:00,temp,21.5,24.943357580607184,2,1,1,173.59754384946044
Hanumangarh,2023-10-20 02:30:00,temp,22.9,22.830132650435704,2,1,1,173.59754384946044
Hanumangarh,2023-10-21 02:15:00,temp,23.7,24.095345524818608,2,1,1,173.59754384946044
Hanumangarh,2023-10-22 02:30:00,temp,23.7,24.263818683176243,2,1,1,173.59754384946044
Hanumangarh,2023-10-23 02:15:00,temp,23.4,23.94070553466896,2,1,1,173.59754384946044
Hanumangarh,2023-10-24 02:15:00,temp,23.4,23.60071805636,2,1,1,173.59754384946044
Hanumangarh,2023-10-25 02:30:00,temp,23.0,23.639765728791726,2,1,1,173.59754384946044
Hanumangarh,2023-10-26 02:00:00,temp,23.4,23.21317875616358,2,1,1,173.59754384946044
Hanumangarh,2023-10-27 02:15:00,temp,23.1,23.657037780441573,2,1,1,173.59754384946044
Hanumangarh,2023-10-28 02:00:00,temp,24.8,23.222767212372485,2,1,1,173.59754384946044
Hanumangarh,2023-10-29 02:45:00,temp,24.9,24.868596265308536,2,1,1,173.59754384946044
Hanumangarh,2023-10-30 02:00:00,temp,24.3,24.512321783100226,2,1,1,173.59754384946044
Haora,2023-10-15 02:30:00,temp,27.0,26.841140925669876,1,0,2,133.44745800605375
Haora,2023-10-16 02:30:00,temp,26.0,27.636526133580258,1,0,2,133.44745800605375
Haora,2023-10-17 02:30:00,temp,27.0,27.04784803676068,1,0,2,133.44745800605375
Haora,2023-10-18 02:30:00,temp,27.0,27.359101165702246,1,0,2,133.44745800605375
Haora,2023-10-19 02:15:00,temp,26.0,27.66282214862928,1,0,2,133.44745800605375
Haora,2023-10-20 02:30:00,temp,25.0,26.666088680221996,1,0,2,133.44745800605375
Haora,2023-10-21 02:15:00,temp,24.0,26.89083255048278,1,0,2,133.44745800605375
Haora,2023-10-22 02:15:00,temp,25.0,25.47457530785716,1,0,2,133.44745800605375
Haora,2023-10-23 02:15:00,temp,26.0,25.91431419919845,1,0,2,133.44745800605375
Haora,2023-10-24 02:15:00,temp,25.0,26.673068984811366,1,0,2,133.44745800605375
Haora,2023-10-25 02:15:00,temp,24.0,25.97698480816564,1,0,2,133.44745800605375
Haora,2023-10-26 02:00:00,temp,26.0,25.01964981318775,1,0,2,133.44745800605375
Haora,2023-10-27 02:15:00,temp,26.0,26.132627522731784,1,0,2,133.44745800605375
Haora,2023-10-28 02:00:00,temp,25.0,26.291155489459538,1,0,2,133.44745800605375
Haora,2023-10-29 02:45:00,temp,24.0,25.664971923732733,1,0,2,133.44745800605375
Haora,2023-10-30 01:45:00,temp,24.0,24.91120708920177,1,0,2,133.44745800605375
Hapur,2023-10-15 02:30:00,temp,24.3,23.828007581751898,1,1,1,159.07921284216653
Hapur,2023-10-16 02:30:00,temp,24.1,24.495687689239293,1,1,1,159.07921284216653
Hapur,2023-10-17 02:30:00,temp,20.2,24.334171984331412,1,1,1,159.07921284216653
Hapur,2023-10-18 02:30:00,temp,21.2,21.505355160178638,1,1,1,159.07921284216653
Hapur,2023-10-19 02:30:00,temp,20.3,22.041940451316258,1,1,1,159.07921284216653
Hapur,2023-10-20 02:30:00,temp,20.6,21.17207210540293,1,1,1,159.07921284216653
Hapur,2023-10-21 02:15:00,temp,20.8,21.248776027725352,1,1,1,159.07921284216653
Hapur,2023-10-22 02:30:00,temp,20.6,21.292827791927305,1,1,1,159.07921284216653
Hapur,2023-10-23 02:15:00,temp,21.6,21.040739916192358,1,1,1,159.07921284216653
Hapur,2023-10-24 02:15:00,temp,21.0,21.769402725091524,1,1,1,159.07921284216653
Hapur,2023-10-25 02:30:00,temp,21.2,21.26272183604907,1,1,1,159.07921284216653
Hapur,2023-10-26 02:00:00,temp,21.0,21.37626090414048,1,1,1,159.07921284216653
Hapur,2023-10-27 02:30:00,temp,20.8,21.190211653001306,1,1,1,159.07921284216653
Hapur,2023-10-28 02:00:00,temp,21.1,21.00291277761728,1,1,1,159.07921284216653
Hapur,2023-10-29 02:45:00,temp,21.1,21.202664536264848,1,1,1,159.07921284216653
Hapur,2023-10-30 02:00:00,temp,21.5,21.18627320632565,1,1,1,159.07921284216653
Harda,2023-10-15 02:30:00,temp,25.7,24.2,0,1,0,86.02164147794186
Harda,2023-10-16 02:30:00,temp,24.2,25.7,0,1,0,86.02164147794186
Harda,2023-10-17 02:15:00,temp,22.7,24.2,0,1,0,86.02164147794186
Harda,2023-10-18 02:15:00,temp,22.6,22.7,0,1,0,86.02164147794186
Harda,2023-10-19 02:15:00,temp,23.4,22.6,0,1,0,86.02164147794186
Harda,2023-10-20 02:15:00,temp,24.0,23.4,0,1,0,86.02164147794186
Harda,2023-10-21 02:00:00,temp,22.1,24.0,0,1,0,86.02164147794186
Harda,2023-10-22 02:15:00,temp,23.0,22.1,0,1,0,86.02164147794186
Harda,2023-10-23 02:00:00,temp,22.1,23.0,0,1,0,86.02164147794186
Harda,2023-10-24 02:15:00,temp,21.0,22.1,0,1,0,86.02164147794186
Harda,2023-10-25 02:15:00,temp,21.0,21.0,0,1,0,86.02164147794186
Harda,2023-10-26 02:00:00,temp,20.2,21.0,0,1,0,86.02164147794186
Harda,2023-10-27 02:15:00,temp,20.3,20.2,0,1,0,86.02164147794186
Harda,2023-10-28 02:00:00,temp,20.0,20.3,0,1,0,86.02164147794186
Harda,2023-10-29 02:30:00,temp,19.7,20.0,0,1,0,86.02164147794186
Harda,2023-10-30 01:45:00,temp,19.9,19.7,0,1,0,86.02164147794186
Hardoi,2023-10-15 02:30:00,temp,25.3,25.04452339552281,2,1,1,139.31385121527524
Hardoi,2023-10-16 02:30:00,temp,25.0,26.075156468320746,2,1,1,139.31385121527524
Hardoi,2023-10-17 02:30:00,temp,21.4,25.072735233215564,2,1,1,139.31385121527524
Hardoi,2023-10-18 02:30:00,temp,22.2,21.199035257505486,2,1,1,139.31385121527524
Hardoi,2023-10-19 02:30:00,temp,21.9,23.740974847937665,2,1,1,139.31385121527524
Hardoi,2023-10-20 02:30:00,temp,21.3,22.61140478999822,2,1,1,139.31385121527524
Hardoi,2023-10-21 02:15:00,temp,21.1,21.746661992573816,2,1,1,139.31385121527524
Hardoi,2023-10-22 02:30:00,temp,21.2,21.53219591080834,2,1,1,139.31385121527524
Hardoi,2023-10-23 02:15:00,temp,21.7,21.516830206839042,2,1,1,139.31385121527524
Hardoi,2023-10-24 02:15:00,temp,21.6,21.878526186321416,2,1,1,139.31385121527524
Hardoi,2023-10-25 02:30:00,temp,22.3,21.51556144752755,2,1,1,139.31385121527524
Hardoi,2023-10-26 02:00:00,temp,22.4,22.31874773018033,2,1,1,139.31385121527524
Hardoi,2023-10-27 02:30:00,temp,21.9,22.167606118497467,2,1,1,139.31385121527524
Hardoi,2023-10-28 02:00:00,temp,21.6,21.703983091858444,2,1,1,139.31385121527524
Hardoi,2023-10-29 02:45:00,temp,22.6,21.647781421027,2,1,1,139.31385121527524
Hardoi,2023-10-30 02:00:00,temp,22.2,22.765362759632698,2,1,1,139.31385121527524
Hardwar,2023-10-15 02:30:00,temp,19.4,18.6,0,1,0,106.0582446915674
Hardwar,2023-10-16 02:30:00,temp,19.1,19.4,0,1,0,106.0582446915674
Hardwar,2023-10-17 02:30:00,temp,16.5,19.1,0,1,0,106.0582446915674
Hardwar,2023-10-18 02:30:00,temp,16.5,16.5,0,1,0,106.0582446915674
Hardwar,2023-10-19 02:15:00,temp,15.8,16.5,0,1,0,106.0582446915674
Hardwar,2023-10-20 02:30:00,temp,16.0,15.799999999999999,0,1,0,106.0582446915674
Hardwar,2023-10-21 02:15:00,temp,16.1,16.0,0,1,0,106.0582446915674
Hardwar,2023-10-22 02:15:00,temp,16.4,16.1,0,1,0,106.0582446915674
Hardwar,2023-10-23 02:15:00,temp,16.4,16.4,0,1,0,106.0582446915674
Hardwar,2023-10-24 02:15:00,temp,15.8,16.4,0,1,0,106.0582446915674
Hardwar,2023-10-25 02:15:00,temp,16.6,15.8,0,1,0,106.0582446915674
Hardwar,2023-10-26 02:00:00,temp,17.1,16.6,0,1,0,106.0582446915674
Hardwar,2023-10-27 02:15:00,temp,16.7,17.1,0,1,0,106.0582446915674
Hardwar,2023-10-28 02:00:00,temp,16.7,16.7,0,1,0,106.0582446915674
Hardwar,2023-10-29 02:30:00,temp,16.6,16.7,0,1,0,106.0582446915674
Hardwar,2023-10-30 01:45:00,temp,16.9,16.6,0,1,0,106.0582446915674
Hassan,2023-10-16 02:30:00,temp,19.9,18.455058877091844,2,0,1,92.94161658493131
Hassan,2023-10-17 02:30:00,temp,20.5,19.88011635342038,2,0,1,92.94161658493131
Hassan,2023-10-18 02:30:00,temp,21.5,20.370546916556744,2,0,1,92.94161658493131
Hassan,2023-10-19 02:15:00,temp,19.8,21.09332175621024,2,0,1,92.94161658493131
Hassan,2023-10-20 02:30:00,temp,20.1,19.41917119678813,2,0,1,92.94161658493131
Hassan,2023-10-21 02:15:00,temp,20.2,20.368330547358266,2,0,1,92.94161658493131
Hassan,2023-10-22 02:15:00,temp,22.7,19.74455373175545,2,0,1,92.94161658493131
Hassan,2023-10-23 02:15:00,temp,21.2,21.974085390233054,2,0,1,92.94161658493131
Hassan,2023-10-24 02:15:00,temp,18.8,20.54139647258392,2,0,1,92.94161658493131
Hassan,2023-10-25 02:15:00,temp,18.2,19.012937785619386,2,0,1,92.94161658493131
Hassan,2023-10-26 02:00:00,temp,18.3,18.922073987488478,2,0,1,92.94161658493131
Hassan,2023-10-27 02:15:00,temp,18.2,19.054106916491076,2,0,1,92.94161658493131
Hassan,2023-10-28 02:00:00,temp,21.3,18.875640166822453,2,0,1,92.94161658493131
Hassan,2023-10-29 02:45:00,temp,19.6,21.3554164871269,2,0,1,92.94161658493131
Hassan,2023-10-30 02:00:00,temp,19.7,19.534018766568916,2,0,1,92.94161658493131
Haveri,2023-10-15 02:30:00,temp,22.6,22.016214595830622,1,0,0,96.35294482801393
Haveri,2023-10-16 02:30:00,temp,21.6,22.2251188375563,1,0,0,96.35294482801393
Haveri,2023-10-17 02:30:00,temp,23.5,21.588134469349082,1,0,0,96.35294482801393
Haveri,2023-10-18 02:30:00,temp,24.4,22.774242035822375,1,0,0,96.35294482801393
Haveri,2023-10-19 02:15:00,temp,22.5,23.56629488980319,1,0,0,96.35294482801393
Haveri,2023-10-20 02:30:00,temp,22.4,22.197324147079893,1,0,0,96.35294482801393
Haveri,2023-10-21 02:15:00,temp,22.0,22.141716959922164,1,0,0,96.35294482801393
Haveri,2023-10-22 02:15:00,temp,23.4,21.88921787382986,1,0,0,96.35294482801393
Haveri,2023-10-23 02:15:00,temp,23.3,22.80042719761145,1,0,0,96.35294482801393
Haveri,2023-10-24 02:15:00,temp,20.6,22.7718935026865,1,0,0,96.35294482801393
Haveri,2023-10-25 02:15:00,temp,20.8,21.064818113983904,1,0,0,96.35294482801393
Haveri,2023-10-26 02:00:00,temp,20.8,21.171082348891865,1,0,0,96.35294482801393
Haveri,2023-10-27 02:15:00,temp,20.0,21.158804657452134,1,0,0,96.35294482801393
Haveri,2023-10-28 02:00:00,temp,20.9,20.63196698529848,1,0,0,96.35294482801393
Haveri,2023-10-29 02:45:00,temp,23.3,21.19406269994057,1,0,0,96.35294482801393
Haveri,2023-10-30 02:00:00,temp,23.1,22.633968561670923,1,0,0,96.35294482801393
Hazaribagh,2023-10-15 02:30:00,temp,19.5,19.9,0,1,0,103.10500683998528
Hazaribagh,2023-10-16 02:30:00,temp,20.5,19.5,0,1,0,103.10500683998528
Hazaribagh,2023-10-17 02:15:00,temp,20.1,20.5,0,1,0,103.10500683998528
Hazaribagh,2023-10-18 02:30:00,temp,20.1,20.1,0,1,0,103.10500683998528
Hazaribagh,2023-10-19 02:15:00,temp,19.0,20.1,0,1,0,103.10500683998528
Hazaribagh,2023-10-20 02:30:00,temp,18.9,19.0,0,1,0,103.10500683998528
Hazaribagh,2023-10-21 02:15:00,temp,17.7,18.9,0,1,0,103.10500683998528
Hazaribagh,2023-10-22 02:15:00,temp,17.1,17.7,0,1,0,103.10500683998528
Hazaribagh,2023-10-23 02:00:00,temp,17.2,17.1,0,1,0,103.10500683998528
Hazaribagh,2023-10-24 02:15:00,temp,19.1,17.2,0,1,0,103.10500683998528
Hazaribagh,2023-10-25 02:15:00,temp,18.6,19.1,0,1,0,103.10500683998528
Hazaribagh,2023-10-26 02:00:00,temp,18.8,18.6,0,1,0,103.10500683998528
Hazaribagh,2023-10-27 02:15:00,temp,17.5,18.8,0,1,0,103.10500683998528
Hazaribagh,2023-10-28 02:00:00,temp,18.0,17.5,0,1,0,103.10500683998528
Hazaribagh,2023-10-29 02:30:00,temp,17.6,18.0,0,1,0,103.10500683998528
Hazaribagh,2023-10-30 01:45:00,temp,17.9,17.6,0,1,0,103.10500683998528
Hingoli,2023-10-15 02:30:00,temp,23.0,23.071251227564556,2,0,1,102.55733024644749
Hingoli,2023-10-16 02:30:00,temp,23.4,22.879788685572784,2,0,1,102.55733024644749
Hingoli,2023-10-17 02:30:00,temp,22.7,23.205290990191287,2,0,1,102.55733024644749
Hingoli,2023-10-18 02:30:00,temp,22.8,22.6982398688766,2,0,1,102.55733024644749
Hingoli,2023-10-19 02:30:00,temp,23.0,22.876628874221232,2,0,1,102.55733024644749
Hingoli,2023-10-20 02:30:00,temp,21.6,22.914848498457694,2,0,1,102.55733024644749
Hingoli,2023-10-21 02:15:00,temp,21.8,22.016901318672826,2,0,1,102.55733024644749
Hingoli,2023-10-22 02:30:00,temp,21.1,22.293894464424383,2,0,1,102.55733024644749
Hingoli,2023-10-23 02:15:00,temp,20.1,21.63333969476775,2,0,1,102.55733024644749
Hingoli,2023-10-24 02:15:00,temp,20.0,20.958295967219264,2,0,1,102.55733024644749
Hingoli,2023-10-25 02:15:00,temp,20.0,20.7160359090315,2,0,1,102.55733024644749
Hingoli,2023-10-26 02:00:00,temp,19.5,20.651000356825254,2,0,1,102.55733024644749
Hingoli,2023-10-27 02:15:00,temp,19.0,20.07305078752545,2,0,1,102.55733024644749
Hingoli,2023-10-28 02:00:00,temp,19.5,19.566049263556263,2,0,1,102.55733024644749
Hingoli,2023-10-29 02:45:00,temp,19.2,20.000176253878088,2,0,1,102.55733024644749
Hingoli,2023-10-30 02:00:00,temp,19.5,19.601395643456797,2,0,1,102.55733024644749
Hisar,2023-10-15 02:30:00,temp,26.7,26.418103046204074,2,1,1,174.12934757905535
Hisar,2023-10-16 02:30:00,temp,25.2,26.969391455033108,2,1,1,174.12934757905535
Hisar,2023-10-17 02:15:00,temp,20.2,25.41272484274166,2,1,1,174.12934757905535
Hisar,2023-10-18 02:30:00,temp,22.6,21.01646736738405,2,1,1,174.12934757905535
Hisar,2023-10-19 02:15:00,temp,21.2,24.565326495145467,2,1,1,174.12934757905535
Hisar,2023-10-20 02:30:00,temp,22.2,22.237253456008652,2,1,1,174.12934757905535
Hisar,2023-10-21 02:15:00,temp,23.5,23.17343456625848,2,1,1,174.12934757905535
Hisar,2023-10-22 02:15:00,temp,23.7,24.033078791627805,2,1,1,174.12934757905535
Hisar,2023-10-23 02:15:00,temp,23.3,23.91779341112627,2,1,1,174.12934757905535
Hisar,2023-10-24 02:15:00,temp,22.4,23.48977547368714,2,1,1,174.12934757905535
Hisar,2023-10-25 02:15:00,temp,22.5,22.715090693261683,2,1,1,174.12934757905535
Hisar,2023-10-26 02:00:00,temp,22.5,22.8956605195718,2,1,1,174.12934757905535
Hisar,2023-10-27 02:15:00,temp,22.0,22.811089089440003,2,1,1,174.12934757905535
Hisar,2023-10-28 02:00:00,temp,23.4,22.31564601232729,2,1,1,174.12934757905535
Hisar,2023-10-29 02:30:00,temp,24.5,23.571302287779716,2,1,1,174.12934757905535
Hisar,2023-10-30 01:45:00,temp,24.7,24.28400202498396,2,1,1,174.12934757905535
Hojai,2023-10-15 02:30:00,temp,20.6,21.4,0,1,0,92.2184450807685
Hojai,2023-10-16 02:30:00,temp,20.8,20.6,0,1,0,92.2184450807685
Hojai,2023-10-17 02:30:00,temp,20.8,20.8,0,1,0,92.2184450807685
Hojai,2023-10-18 02:30:00,temp,20.8,20.8,0,1,0,92.2184450807685
Hojai,2023-10-19 02:30:00,temp,20.1,20.8,0,1,0,92.2184450807685
Hojai,2023-10-20 02:30:00,temp,20.0,20.1,0,1,0,92.2184450807685
Hojai,2023-10-21 02:30:00,temp,20.0,20.0,0,1,0,92.2184450807685
Hojai,2023-10-22 02:30:00,temp,19.7,20.0,0,1,0,92.2184450807685
Hojai,2023-10-23 02:15:00,temp,19.6,19.7,0,1,0,92.2184450807685
Hojai,2023-10-24 02:15:00,temp,20.5,19.6,0,1,0,92.2184450807685
Hojai,2023-10-25 02:30:00,temp,19.8,20.5,0,1,0,92.2184450807685
Hojai,2023-10-26 02:00:00,temp,19.7,19.8,0,1,0,92.2184450807685
Hojai,2023-10-27 02:30:00,temp,19.8,19.7,0,1,0,92.2184450807685
Hojai,2023-10-28 02:00:00,temp,19.4,19.8,0,1,0,92.2184450807685
Hojai,2023-10-29 02:45:00,temp,19.3,19.4,0,1,0,92.2184450807685
Hojai,2023-10-30 02:00:00,temp,19.8,19.3,0,1,0,92.2184450807685
Hoshangabad,2023-10-15 02:30:00,temp,22.9,21.8,0,1,0,96.96406088222793
Hoshangabad,2023-10-16 02:30:00,temp,21.8,22.9,0,1,0,96.96406088222793
Hoshangabad,2023-10-17 02:15:00,temp,22.9,21.8,0,1,0,96.96406088222793
Hoshangabad,2023-10-18 02:15:00,temp,21.2,22.9,0,1,0,96.96406088222793
Hoshangabad,2023-10-19 02:15:00,temp,21.9,21.2,0,1,0,96.96406088222793
Hoshangabad,2023-10-20 02:15:00,temp,20.7,21.9,0,1,0,96.96406088222793
Hoshangabad,2023-10-21 02:00:00,temp,19.3,20.7,0,1,0,96.96406088222793
Hoshangabad,2023-10-22 02:15:00,temp,19.4,19.3,0,1,0,96.96406088222793
Hoshangabad,2023-10-23 02:00:00,temp,19.1,19.4,0,1,0,96.96406088222793
Hoshangabad,2023-10-24 02:15:00,temp,18.5,19.1,0,1,0,96.96406088222793
Hoshangabad,2023-10-25 02:15:00,temp,17.9,18.5,0,1,0,96.96406088222793
Hoshangabad,2023-10-26 02:00:00,temp,17.8,17.9,0,1,0,96.96406088222793
Hoshangabad,2023-10-27 02:15:00,temp,18.3,17.8,0,1,0,96.96406088222793
Hoshangabad,2023-10-28 02:00:00,temp,18.0,18.3,0,1,0,96.96406088222793
Hoshangabad,2023-10-29 02:30:00,temp,17.9,18.0,0,1,0,96.96406088222793
Hoshangabad,2023-10-30 01:45:00,temp,18.0,17.9,0,1,0,96.96406088222793
Hoshiarpur,2023-10-15 02:30:00,temp,22.0,21.69053372117521,0,1,2,139.9325163090598
Hoshiarpur,2023-10-16 02:30:00,temp,21.3,21.91982952306315,0,1,2,139.9325163090598
Hoshiarpur,2023-10-17 02:30:00,temp,17.4,21.196556645814415,0,1,2,139.9325163090598
Hoshiarpur,2023-10-18 02:30:00,temp,17.0,17.785811325670146,0,1,2,139.9325163090598
Hoshiarpur,2023-10-19 02:15:00,temp,16.6,18.78562975149959,0,1,2,139.9325163090598
Hoshiarpur,2023-10-20 02:30:00,temp,17.5,16.762950015316147,0,1,2,139.9325163090598
Hoshiarpur,2023-10-21 02:15:00,temp,17.7,18.13811236763768,0,1,2,139.9325163090598
Hoshiarpur,2023-10-22 02:15:00,temp,18.5,17.485773969712223,0,1,2,139.9325163090598
Hoshiarpur,2023-10-23 02:15:00,temp,18.8,18.579635945043652,0,1,2,139.9325163090598
Hoshiarpur,2023-10-24 02:15:00,temp,18.5,18.45605568209606,0,1,2,139.9325163090598
Hoshiarpur,2023-10-25 02:15:00,temp,18.7,18.427283430908005,0,1,2,139.9325163090598
Hoshiarpur,2023-10-26 02:00:00,temp,18.3,18.676105777347882,0,1,2,139.9325163090598
Hoshiarpur,2023-10-27 02:15:00,temp,18.2,18.218620812708643,0,1,2,139.9325163090598
Hoshiarpur,2023-10-28 02:00:00,temp,19.0,18.329513896602066,0,1,2,139.9325163090598
Hoshiarpur,2023-10-29 02:45:00,temp,19.5,18.985571132582898,0,1,2,139.9325163090598
Hoshiarpur,2023-10-30 02:00:00,temp,19.1,19.253831492226894,0,1,2,139.9325163090598
Hugli,2023-10-15 02:30:00,temp,27.0,26.839750554473046,1,0,2,134.65498666202305
Hugli,2023-10-16 02:30:00,temp,26.0,27.633792548106403,1,0,2,134.65498666202305
Hugli,2023-10-17 02:30:00,temp,27.0,27.04364522484945,1,0,2,134.65498666202305
Hugli,2023-10-18 02:30:00,temp,27.0,27.362188358590533,1,0,2,134.65498666202305
Hugli,2023-10-19 02:15:00,temp,26.0,27.647932707912727,1,0,2,134.65498666202305
Hugli,2023-10-20 02:30:00,temp,25.0,26.938370510279547,1,0,2,134.65498666202305
Hugli,2023-10-21 02:15:00,temp,24.0,26.883149092288836,1,0,2,134.65498666202305
Hugli,2023-10-22 02:15:00,temp,25.0,25.481220123200792,1,0,2,134.65498666202305
Hugli,2023-10-23 02:15:00,temp,26.0,25.895825721727114,1,0,2,134.65498666202305
Hugli,2023-10-24 02:15:00,temp,25.0,26.649939184573704,1,0,2,134.65498666202305
Hugli,2023-10-25 02:15:00,temp,24.0,25.988311797282726,1,0,2,134.65498666202305
Hugli,2023-10-26 02:00:00,temp,26.0,25.039972207286286,1,0,2,134.65498666202305
Hugli,2023-10-27 02:15:00,temp,26.0,26.120776381839164,1,0,2,134.65498666202305
Hugli,2023-10-28 02:00:00,temp,25.0,26.297627143786446,1,0,2,134.65498666202305
Hugli,2023-10-29 02:45:00,temp,24.0,25.681739232290578,1,0,2,134.65498666202305
Hugli,2023-10-30 02:00:00,temp,24.0,24.92787477302374,1,0,2,134.65498666202305
Idukki,2023-10-15 02:30:00,temp,20.7,21.056553797371073,1,1,1,143.70792613314717
Idukki,2023-10-16 02:30:00,temp,20.6,20.921697251999895,1,1,1,143.70792613314717
Idukki,2023-10-17 02:30:00,temp,21.9,20.850644693179603,1,1,1,143.70792613314717
Idukki,2023-10-18 02:30:00,temp,22.1,21.693709353813684,1,1,1,143.70792613314717
Idukki,2023-10-19 02:15:00,temp,21.8,21.829387138947197,1,1,1,143.70792613314717
Idukki,2023-10-20 02:30:00,temp,18.4,21.639087010760747,1,1,1,143.70792613314717
Idukki,2023-10-21 02:15:00,temp,20.5,19.48132634873312,1,1,1,143.70792613314717
Idukki,2023-10-22 02:15:00,temp,17.7,20.813298986623586,1,1,1,143.70792613314717
Idukki,2023-10-23 02:15:00,temp,20.0,19.03108114807578,1,1,1,143.70792613314717
Idukki,2023-10-24 02:15:00,temp,22.2,20.487355672477076,1,1,1,143.70792613314717
Idukki,2023-10-25 02:15:00,temp,22.0,21.77041192436362,1,1,1,143.70792613314717
Idukki,2023-10-26 02:00:00,temp,21.7,21.66409885779631,1,1,1,143.70792613314717
Idukki,2023-10-27 02:15:00,temp,22.0,21.49572482896847,1,1,1,143.70792613314717
Idukki,2023-10-28 02:00:00,temp,19.9,21.674715691194024,1,1,1,143.70792613314717
Idukki,2023-10-29 02:30:00,temp,21.4,20.476097734696594,1,1,1,143.70792613314717
Idukki,2023-10-30 02:00:00,temp,18.8,21.316839748169485,1,1,1,143.70792613314717
Imphal,2023-10-15 02:30:00,temp,13.4,14.7,0,1,0,98.11105647986614
Imphal,2023-10-16 02:30:00,temp,14.2,13.4,0,1,0,98.11105647986614
Imphal,2023-10-17 02:15:00,temp,15.2,14.2,0,1,0,98.11105647986614
Imphal,2023-10-18 02:30:00,temp,14.9,15.2,0,1,0,98.11105647986614
Imphal,2023-10-19 02:15:00,temp,14.0,14.9,0,1,0,98.11105647986614
Imphal,2023-10-20 02:30:00,temp,14.3,14.0,0,1,0,98.11105647986614
Imphal,2023-10-21 02:15:00,temp,14.6,14.3,0,1,0,98.11105647986614
Imphal,2023-10-22 02:15:00,temp,14.4,14.6,0,1,0,98.11105647986614
Imphal,2023-10-23 02:15:00,temp,15.6,14.4,0,1,0,98.11105647986614
Imphal,2023-10-24 02:15:00,temp,16.0,15.6,0,1,0,98.11105647986614
Imphal,2023-10-25 02:15:00,temp,15.7,16.0,0,1,0,98.11105647986614
Imphal,2023-10-26 02:00:00,temp,15.8,15.699999999999998,0,1,0,98.11105647986614
Imphal,2023-10-27 02:15:00,temp,14.2,15.8,0,1,0,98.11105647986614
Imphal,2023-10-28 02:00:00,temp,13.4,14.2,0,1,0,98.11105647986614
Imphal,2023-10-29 02:30:00,temp,12.8,13.4,0,1,0,98.11105647986614
Imphal,2023-10-30 01:45:00,temp,13.2,12.8,0,1,0,98.11105647986614
Indore,2023-10-15 02:30:00,temp,22.6,21.244791315690193,0,1,1,123.95800304974588
Indore,2023-10-16 02:30:00,temp,23.9,22.056792434070218,0,1,1,123.95800304974588
Indore,2023-10-17 02:15:00,temp,21.9,23.317292376359447,0,1,1,123.95800304974588
Indore,2023-10-18 02:15:00,temp,21.6,22.41995964679763,0,1,1,123.95800304974588
Indore,2023-10-19 02:15:00,temp,22.0,21.945489712634153,0,1,1,123.95800304974588
Indore,2023-10-20 02:15:00,temp,22.1,21.977473373161178,0,1,1,123.95800304974588
Indore,2023-10-21 02:00:00,temp,21.8,22.048195567141896,0,1,1,123.95800304974588
Indore,2023-10-22 02:15:00,temp,21.7,21.90529839902256,0,1,1,123.95800304974588
Indore,2023-10-23 02:00:00,temp,23.0,21.78676363017105,0,1,1,123.95800304974588
Indore,2023-10-24 02:15:00,temp,20.6,22.476550839758733,0,1,1,123.95800304974588
Indore,2023-10-25 02:15:00,temp,21.0,21.471347555203227,0,1,1,123.95800304974588
Indore,2023-10-26 02:00:00,temp,20.0,21.210259760197733,0,1,1,123.95800304974588
Indore,2023-10-27 02:15:00,temp,19.4,20.51636059855893,0,1,1,123.95800304974588
Indore,2023-10-28 01:45:00,temp,19.0,19.82684803116078,0,1,1,123.95800304974588
Indore,2023-10-29 02:30:00,temp,18.0,19.29674029152793,0,1,1,123.95800304974588
Indore,2023-10-30 01:45:00,temp,20.5,18.437183580997104,0,1,1,123.95800304974588
Jabalpur,2023-10-15 02:30:00,temp,21.6,21.26858098940949,1,1,1,132.79935748913095
Jabalpur,2023-10-16 02:30:00,temp,21.8,21.567037677828893,1,1,1,132.79935748913095
Jabalpur,2023-10-17 02:15:00,temp,20.6,21.727165690414992,1,1,1,132.79935748913095
Jabalpur,2023-10-18 02:15:00,temp,20.7,20.83205118182991,1,1,1,132.79935748913095
Jabalpur,2023-10-19 02:15:00,temp,20.8,20.87395363718081,1,1,1,132.79935748913095
Jabalpur,2023-10-20 02:15:00,temp,19.5,20.924320541611007,1,1,1,132.79935748913095
Jabalpur,2023-10-21 02:00:00,temp,19.3,19.92871572475882,1,1,1,132.79935748913095
Jabalpur,2023-10-22 02:15:00,temp,18.8,19.693517010516427,1,1,1,132.79935748913095
Jabalpur,2023-10-23 02:00:00,temp,17.3,19.216603230893774,1,1,1,132.79935748913095
Jabalpur,2023-10-24 02:15:00,temp,17.3,17.838629040219498,1,1,1,132.79935748913095
Jabalpur,2023-10-25 02:15:00,temp,17.6,17.696775869580293,1,1,1,132.79935748913095
Jabalpur,2023-10-26 02:00:00,temp,17.5,17.873151477079922,1,1,1,132.79935748913095
Jabalpur,2023-10-27 02:15:00,temp,17.2,17.72001201408201,1,1,1,132.79935748913095
Jabalpur,2023-10-28 02:00:00,temp,17.4,17.397423913195013,1,1,1,132.79935748913095
Jabalpur,2023-10-29 02:30:00,temp,17.4,17.52689073255512,1,1,1,132.79935748913095
Jabalpur,2023-10-30 01:45:00,temp,17.7,17.495935164904612,1,1,1,132.79935748913095
Jagatsinghapur,2023-10-15 02:30:00,temp,27.0,26.41945964425009,1,0,0,98.58850418180096
Jagatsinghapur,2023-10-16 02:30:00,temp,25.0,26.776793849534073,1,0,0,98.58850418180096
Jagatsinghapur,2023-10-17 02:30:00,temp,26.0,26.33210578596618,1,0,0,98.58850418180096
Jagatsinghapur,2023-10-18 02:30:00,temp,25.0,26.510794274241654,1,0,0,98.58850418180096
Jagatsinghapur,2023-10-19 02:30:00,temp,26.0,26.196288637255165,1,0,0,98.58850418180096
Jagatsinghapur,2023-10-20 02:30:00,temp,24.0,26.445086074920145,1,0,0,98.58850418180096
Jagatsinghapur,2023-10-21 02:15:00,temp,24.0,25.727298264772838,1,0,0,98.58850418180096
Jagatsinghapur,2023-10-22 02:30:00,temp,24.0,25.38358251156559,1,0,0,98.58850418180096
Jagatsinghapur,2023-10-23 02:15:00,temp,25.0,25.15684283736714,1,0,0,98.58850418180096
Jagatsinghapur,2023-10-24 02:15:00,temp,25.0,25.66552731876039,1,0,0,98.58850418180096
Jagatsinghapur,2023-10-25 02:15:00,temp,24.0,25.627446432567805,1,0,0,98.58850418180096
Jagatsinghapur,2023-10-26 02:00:00,temp,25.0,24.949394643867393,1,0,0,98.58850418180096
Jagatsinghapur,2023-10-27 02:15:00,temp,23.0,25.54438516197421,1,0,0,98.58850418180096
Jagatsinghapur,2023-10-28 02:00:00,temp,22.0,24.145950071235536,1,0,0,98.58850418180096
Jagatsinghapur,2023-10-29 02:45:00,temp,21.0,23.072117663662105,1,0,0,98.58850418180096
Jagatsinghapur,2023-10-30 02:00:00,temp,21.0,21.85194266253984,1,0,0,98.58850418180096
Jagtial,2023-10-15 02:30:00,temp,23.1,22.798666674385707,0,1,1,106.64184610518636
Jagtial,2023-10-16 02:30:00,temp,23.4,22.907501681262683,0,1,1,106.64184610518636
Jagtial,2023-10-17 02:30:00,temp,22.7,23.09260252725468,0,1,1,106.64184610518636
Jagtial,2023-10-18 02:30:00,temp,22.1,22.945704331529097,0,1,1,106.64184610518636
Jagtial,2023-10-19 02:30:00,temp,22.2,22.64976786787117,0,1,1,106.64184610518636
Jagtial,2023-10-20 02:30:00,temp,23.2,22.47493168657181,0,1,1,106.64184610518636
Jagtial,2023-10-21 02:30:00,temp,22.4,22.738359673729576,0,1,1,106.64184610518636
Jagtial,2023-10-22 02:30:00,temp,20.2,22.62666148590349,0,1,1,106.64184610518636
Jagtial,2023-10-23 02:15:00,temp,19.4,21.72708680440661,0,1,1,106.64184610518636
Jagtial,2023-10-24 02:15:00,temp,18.9,20.134097969675025,0,1,1,106.64184610518636
Jagtial,2023-10-25 02:30:00,temp,18.8,19.221180774270888,0,1,1,106.64184610518636
Jagtial,2023-10-26 02:00:00,temp,18.8,18.918823744526943,0,1,1,106.64184610518636
Jagtial,2023-10-27 02:30:00,temp,18.1,18.83515713534627,0,1,1,106.64184610518636
Jagtial,2023-10-28 02:00:00,temp,18.6,18.31618651036192,0,1,1,106.64184610518636
Jagtial,2023-10-29 02:45:00,temp,19.2,18.516114230722508,0,1,1,106.64184610518636
Jagtial,2023-10-30 02:00:00,temp,19.5,18.994838274200884,0,1,1,106.64184610518636
Jaipur,2023-10-15 02:30:00,temp,29.0,27.306722260046318,0,1,2,150.16105986240814
Jaipur,2023-10-16 02:30:00,temp,26.0,27.625494222667125,0,1,2,150.16105986240814
Jaipur,2023-10-17 02:30:00,temp,22.0,25.717650619879322,0,1,2,150.16105986240814
Jaipur,2023-10-18 02:30:00,temp,23.0,23.785355780924778,0,1,2,150.16105986240814
Jaipur,2023-10-19 02:30:00,temp,23.0,25.201605734763152,0,1,2,150.16105986240814
Jaipur,2023-10-20 02:30:00,temp,23.0,23.9082795147451,0,1,2,150.16105986240814
Jaipur,2023-10-21 02:15:00,temp,23.0,24.298081034737283,0,1,2,150.16105986240814
Jaipur,2023-10-22 02:30:00,temp,24.0,23.59159760234198,0,1,2,150.16105986240814
Jaipur,2023-10-23 02:15:00,temp,24.0,24.516526484701217,0,1,2,150.16105986240814
Jaipur,2023-10-24 02:15:00,temp,23.0,23.90426088369979,0,1,2,150.16105986240814
Jaipur,2023-10-25 02:15:00,temp,24.0,23.385564943540484,0,1,2,150.16105986240814
Jaipur,2023-10-26 02:00:00,temp,22.0,24.324816609609243,0,1,2,150.16105986240814
Jaipur,2023-10-27 02:15:00,temp,21.0,22.158322033783822,0,1,2,150.16105986240814
Jaipur,2023-10-28 02:00:00,temp,24.0,22.258856611769353,0,1,2,150.16105986240814
Jaipur,2023-10-29 02:45:00,temp,21.0,24.270505326575332,0,1,2,150.16105986240814
Jaipur,2023-10-30 02:00:00,temp,23.0,20.877096676456368,0,1,2,150.16105986240814
Jaisalmer,2023-10-15 02:30:00,temp,26.9,28.089745815623292,0,0,2,184.46758614043003
Jaisalmer,2023-10-16 02:30:00,temp,29.7,27.59421527933949,0,0,2,184.46758614043003
Jaisalmer,2023-10-17 02:30:00,temp,26.3,29.319115245838994,0,0,2,184.46758614043003
Jaisalmer,2023-10-18 02:30:00,temp,25.5,27.81313296203376,0,0,2,184.46758614043003
Jaisalmer,2023-10-19 02:30:00,temp,26.3,26.25259535480186,0,0,2,184.46758614043003
Jaisalmer,2023-10-20 02:30:00,temp,28.1,27.721352290080816,0,0,2,184.46758614043003
Jaisalmer,2023-10-21 02:15:00,temp,29.2,28.66265430740645,0,0,2,184.46758614043003
Jaisalmer,2023-10-22 02:30:00,temp,29.1,28.880337520085106,0,0,2,184.46758614043003
Jaisalmer,2023-10-23 02:15:00,temp,28.1,28.776672039641447,0,0,2,184.46758614043003
Jaisalmer,2023-10-24 02:15:00,temp,27.5,28.160391762356294,0,0,2,184.46758614043003
Jaisalmer,2023-10-25 02:30:00,temp,28.0,27.829876249854742,0,0,2,184.46758614043003
Jaisalmer,2023-10-26 02:00:00,temp,27.9,28.292068367367357,0,0,2,184.46758614043003
Jaisalmer,2023-10-27 02:15:00,temp,27.3,28.26578029321855,0,0,2,184.46758614043003
Jaisalmer,2023-10-28 02:00:00,temp,28.4,27.724247577530978,0,0,2,184.46758614043003
Jaisalmer,2023-10-29 02:45:00,temp,26.7,28.43547571169012,0,0,2,184.46758614043003
Jaisalmer,2023-10-30 02:00:00,temp,27.9,27.67277155139856,0,0,2,184.46758614043003
Jalandhar,2023-10-15 02:30:00,temp,24.0,23.198317859299127,0,1,2,151.59323844310956
Jalandhar,2023-10-16 02:30:00,temp,22.4,24.053322542895412,0,1,2,151.59323844310956
Jalandhar,2023-10-17 02:30:00,temp,18.9,22.16177292092717,0,1,2,151.59323844310956
Jalandhar,2023-10-18 02:30:00,temp,18.6,20.04894485536952,0,1,2,151.59323844310956
Jalandhar,2023-10-19 02:15:00,temp,18.7,20.230067073556047,0,1,2,151.59323844310956
Jalandhar,2023-10-20 02:30:00,temp,19.6,19.107177507615567,0,1,2,151.59323844310956
Jalandhar,2023-10-21 02:15:00,temp,19.8,20.26498350602145,0,1,2,151.59323844310956
Jalandhar,2023-10-22 02:15:00,temp,20.3,19.566651983692047,0,1,2,151.59323844310956
Jalandhar,2023-10-23 02:15:00,temp,20.9,20.52835324321722,0,1,2,151.59323844310956
Jalandhar,2023-10-24 02:15:00,temp,20.6,20.56283426406633,0,1,2,151.59323844310956
Jalandhar,2023-10-25 02:15:00,temp,20.6,20.42677719042481,0,1,2,151.59323844310956
Jalandhar,2023-10-26 02:00:00,temp,20.3,20.58498653109622,0,1,2,151.59323844310956
Jalandhar,2023-10-27 02:15:00,temp,20.2,20.210047374695897,0,1,2,151.59323844310956
Jalandhar,2023-10-28 02:00:00,temp,20.9,20.339147846519364,0,1,2,151.59323844310956
Jalandhar,2023-10-29 02:45:00,temp,21.0,20.916399671737828,0,1,2,151.59323844310956
Jalandhar,2023-10-30 01:45:00,temp,21.4,20.726108880797753,0,1,2,151.59323844310956
Jalaun,2023-10-15 02:30:00,temp,27.3,27.238059418244465,2,0,0,149.03888264463086
Jalaun,2023-10-16 02:30:00,temp,27.2,27.687850630809276,2,0,0,149.03888264463086
Jalaun,2023-10-17 02:30:00,temp,21.6,27.2596451881636,2,0,0,149.03888264463086
Jalaun,2023-10-18 02:30:00,temp,23.9,22.75550894330962,2,0,0,149.03888264463086
Jalaun,2023-10-19 02:30:00,temp,24.0,26.672849616712984,2,0,0,149.03888264463086
Jalaun,2023-10-20 02:30:00,temp,23.0,25.5731423171587,2,0,0,149.03888264463086
Jalaun,2023-10-21 02:15:00,temp,22.5,24.54478632454944,2,0,0,149.03888264463086
Jalaun,2023-10-22 02:30:00,temp,22.4,24.098627229021393,2,0,0,149.03888264463086
Jalaun,2023-10-23 02:15:00,temp,22.3,23.878430517023258,2,0,0,149.03888264463086
Jalaun,2023-10-24 02:15:00,temp,22.7,23.61265255752417,2,0,0,149.03888264463086
Jalaun,2023-10-25 02:30:00,temp,22.6,23.85884343284365,2,0,0,149.03888264463086
Jalaun,2023-10-26 02:00:00,temp,22.2,23.607695823810865,2,0,0,149.03888264463086
Jalaun,2023-10-27 02:30:00,temp,22.1,23.159793778354246,2,0,0,149.03888264463086
Jalaun,2023-10-28 02:00:00,temp,22.5,23.022495873794874,2,0,0,149.03888264463086
Jalaun,2023-10-29 02:45:00,temp,23.1,23.33758717689744,2,0,0,149.03888264463086
Jalaun,2023-10-30 02:00:00,temp,23.0,23.811335406578554,2,0,0,149.03888264463086
Jalgaon,2023-10-15 02:30:00,temp,25.4,25.2,0,1,0,114.73870663232782
Jalgaon,2023-10-16 02:30:00,temp,23.8,25.4,0,1,0,114.73870663232782
Jalgaon,2023-10-17 02:30:00,temp,23.6,23.8,0,1,0,114.73870663232782
Jalgaon,2023-10-18 02:30:00,temp,23.3,23.6,0,1,0,114.73870663232782
Jalgaon,2023-10-19 02:30:00,temp,24.3,23.3,0,1,0,114.73870663232782
Jalgaon,2023-10-20 02:30:00,temp,23.1,24.3,0,1,0,114.73870663232782
Jalgaon,2023-10-21 02:15:00,temp,23.5,23.1,0,1,0,114.73870663232782
Jalgaon,2023-10-22 02:30:00,temp,23.8,23.5,0,1,0,114.73870663232782
Jalgaon,2023-10-23 02:15:00,temp,21.3,23.8,0,1,0,114.73870663232782
Jalgaon,2023-10-24 02:15:00,temp,21.2,21.3,0,1,0,114.73870663232782
Jalgaon,2023-10-25 02:15:00,temp,20.9,21.2,0,1,0,114.73870663232782
Jalgaon,2023-10-26 02:00:00,temp,20.4,20.9,0,1,0,114.73870663232782
Jalgaon,2023-10-27 02:15:00,temp,20.2,20.4,0,1,0,114.73870663232782
Jalgaon,2023-10-28 02:00:00,temp,20.5,20.2,0,1,0,114.73870663232782
Jalgaon,2023-10-29 02:45:00,temp,20.3,20.5,0,1,0,114.73870663232782
Jalgaon,2023-10-30 02:00:00,temp,20.7,20.3,0,1,0,114.73870663232782
Jalna,2023-10-15 02:30:00,temp,24.3,23.597828081198053,2,0,1,99.84449375250844
Jalna,2023-10-16 02:30:00,temp,23.9,23.48094928200481,2,0,1,99.84449375250844
Jalna,2023-10-17 02:30:00,temp,23.7,23.134232480819207,2,0,1,99.84449375250844
Jalna,2023-10-18 02:30:00,temp,23.1,23.00343389387717,2,0,1,99.84449375250844
Jalna,2023-10-19 02:30:00,temp,25.4,22.601623435928367,2,0,1,99.84449375250844
Jalna,2023-10-20 02:30:00,temp,22.3,24.31337636244446,2,0,1,99.84449375250844
Jalna,2023-10-21 02:15:00,temp,22.6,23.067324495534777,2,0,1,99.84449375250844
Jalna,2023-10-22 02:30:00,temp,22.8,22.817230306006977,2,0,1,99.84449375250844
Jalna,2023-10-23 02:15:00,temp,21.0,23.03190659847622,2,0,1,99.84449375250844
Jalna,2023-10-24 02:15:00,temp,20.9,22.30046166864729,2,0,1,99.84449375250844
Jalna,2023-10-25 02:15:00,temp,20.2,21.77952652439669,2,0,1,99.84449375250844
Jalna,2023-10-26 02:00:00,temp,20.1,21.439173547942953,2,0,1,99.84449375250844
Jalna,2023-10-27 02:15:00,temp,19.4,20.910807633292716,2,0,1,99.84449375250844
Jalna,2023-10-28 02:00:00,temp,18.7,20.220435555303343,2,0,1,99.84449375250844
Jalna,2023-10-29 02:45:00,temp,19.4,19.39570642033268,2,0,1,99.84449375250844
Jalna,2023-10-30 02:00:00,temp,19.8,19.75995454303579,2,0,1,99.84449375250844
Jalor,2023-10-15 02:30:00,temp,26.0,25.97002321112178,1,0,2,117.60383136833451
Jalor,2023-10-16 02:30:00,temp,25.3,25.91379583789513,1,0,2,117.60383136833451
Jalor,2023-10-17 02:30:00,temp,24.5,25.305498893672265,1,0,2,117.60383136833451
Jalor,2023-10-18 02:30:00,temp,24.9,24.597175715824857,1,0,2,117.60383136833451
Jalor,2023-10-19 02:30:00,temp,24.2,25.028811241516696,1,0,2,117.60383136833451
Jalor,2023-10-20 02:30:00,temp,24.6,24.87940975865701,1,0,2,117.60383136833451
Jalor,2023-10-21 02:15:00,temp,25.0,24.68448680881295,1,0,2,117.60383136833451
Jalor,2023-10-22 02:30:00,temp,25.4,25.257567221074112,1,0,2,117.60383136833451
Jalor,2023-10-23 02:15:00,temp,25.6,25.642927999088805,1,0,2,117.60383136833451
Jalor,2023-10-24 02:15:00,temp,24.7,25.605557138298547,1,0,2,117.60383136833451
Jalor,2023-10-25 02:30:00,temp,25.4,24.87057562228444,1,0,2,117.60383136833451
Jalor,2023-10-26 02:00:00,temp,24.0,25.20733290798787,1,0,2,117.60383136833451
Jalor,2023-10-27 02:15:00,temp,24.0,24.75867044138154,1,0,2,117.60383136833451
Jalor,2023-10-28 02:00:00,temp,25.1,24.088512054923736,1,0,2,117.60383136833451
Jalor,2023-10-29 02:45:00,temp,24.0,25.187470300278825,1,0,2,117.60383136833451
Jalor,2023-10-30 02:00:00,temp,24.3,24.91058882131708,1,0,2,117.60383136833451
Jalpaiguri,2023-10-15 02:30:00,temp,21.4,22.0,0,1,0,131.26883451023
Jalpaiguri,2023-10-16 02:30:00,temp,21.9,21.4,0,1,0,131.26883451023
Jalpaiguri,2023-10-17 02:30:00,temp,20.9,21.9,0,1,0,131.26883451023
Jalpaiguri,2023-10-18 02:30:00,temp,20.9,20.9,0,1,0,131.26883451023
Jalpaiguri,2023-10-19 02:15:00,temp,20.2,20.9,0,1,0,131.26883451023
Jalpaiguri,2023-10-20 02:30:00,temp,20.1,20.2,0,1,0,131.26883451023
Jalpaiguri,2023-10-21 02:15:00,temp,19.8,20.1,0,1,0,131.26883451023
Jalpaiguri,2023-10-22 02:15:00,temp,19.8,19.8,0,1,0,131.26883451023
Jalpaiguri,2023-10-23 02:15:00,temp,19.1,19.8,0,1,0,131.26883451023
Jalpaiguri,2023-10-24 02:15:00,temp,19.9,19.1,0,1,0,131.26883451023
Jalpaiguri,2023-10-25 02:15:00,temp,19.0,19.9,0,1,0,131.26883451023
Jalpaiguri,2023-10-26 02:00:00,temp,20.2,19.0,0,1,0,131.26883451023
Jalpaiguri,2023-10-27 02:15:00,temp,20.2,20.2,0,1,0,131.26883451023
Jalpaiguri,2023-10-28 02:00:00,temp,19.3,20.2,0,1,0,131.26883451023
Jalpaiguri,2023-10-29 02:45:00,temp,19.9,19.3,0,1,0,131.26883451023
Jalpaiguri,2023-10-30 02:00:00,temp,20.0,19.9,0,1,0,131.26883451023
Jammu,2023-10-15 02:30:00,temp,20.7,21.3,0,1,0,140.805767651302
Jammu,2023-10-16 02:30:00,temp,21.3,20.7,0,1,0,140.805767651302
Jammu,2023-10-17 02:15:00,temp,17.6,21.3,0,1,0,140.805767651302
Jammu,2023-10-18 02:15:00,temp,16.5,17.6,0,1,0,140.805767651302
Jammu,2023-10-19 02:15:00,temp,16.7,16.5,0,1,0,140.805767651302
Jammu,2023-10-20 02:15:00,temp,17.4,16.7,0,1,0,140.805767651302
Jammu,2023-10-21 02:15:00,temp,18.0,17.4,0,1,0,140.805767651302
Jammu,2023-10-22 02:15:00,temp,19.0,18.0,0,1,0,140.805767651302
Jammu,2023-10-23 02:00:00,temp,18.2,19.0,0,1,0,140.805767651302
Jammu,2023-10-24 02:15:00,temp,18.2,18.2,0,1,0,140.805767651302
Jammu,2023-10-25 02:15:00,temp,18.4,18.2,0,1,0,140.805767651302
Jammu,2023-10-26 02:00:00,temp,18.6,18.4,0,1,0,140.805767651302
Jammu,2023-10-27 02:15:00,temp,18.3,18.6,0,1,0,140.805767651302
Jammu,2023-10-28 02:00:00,temp,18.8,18.3,0,1,0,140.805767651302
Jammu,2023-10-29 02:30:00,temp,18.9,18.8,0,1,0,140.805767651302
Jammu,2023-10-30 01:45:00,temp,19.6,18.9,0,1,0,140.805767651302
Jamnagar,2023-10-15 02:30:00,temp,26.8,27.075810600437755,1,0,0,83.64702164543004
Jamnagar,2023-10-16 02:30:00,temp,26.6,26.726646573872024,1,0,0,83.64702164543004
Jamnagar,2023-10-17 02:15:00,temp,26.3,26.611936295248345,1,0,0,83.64702164543004
Jamnagar,2023-10-18 02:15:00,temp,26.5,26.43745323381341,1,0,0,83.64702164543004
Jamnagar,2023-10-19 02:15:00,temp,28.3,26.550946427925375,1,0,0,83.64702164543004
Jamnagar,2023-10-20 02:30:00,temp,27.7,27.572879170356533,1,0,0,83.64702164543004
Jamnagar,2023-10-21 02:15:00,temp,28.7,27.254829995205156,1,0,0,83.64702164543004
Jamnagar,2023-10-22 02:15:00,temp,28.9,27.945185655620236,1,0,0,83.64702164543004
Jamnagar,2023-10-23 02:00:00,temp,27.9,28.213763495509077,1,0,0,83.64702164543004
Jamnagar,2023-10-24 02:15:00,temp,28.2,27.51793428314534,1,0,0,83.64702164543004
Jamnagar,2023-10-25 02:15:00,temp,27.9,27.75340039406356,1,0,0,83.64702164543004
Jamnagar,2023-10-26 02:00:00,temp,27.5,27.560166681093605,1,0,0,83.64702164543004
Jamnagar,2023-10-27 02:15:00,temp,26.8,27.287419273610375,1,0,0,83.64702164543004
Jamnagar,2023-10-28 02:00:00,temp,27.1,26.80693054233615,1,0,0,83.64702164543004
Jamnagar,2023-10-29 02:30:00,temp,26.9,27.01190174973645,1,0,0,83.64702164543004
Jamnagar,2023-10-30 01:45:00,temp,28.2,26.876557919520582,1,0,0,83.64702164543004
Jamtara,2023-10-15 02:30:00,temp,22.3,24.2,0,1,0,126.36372831359077
Jamtara,2023-10-16 02:30:00,temp,23.0,22.3,0,1,0,126.36372831359077
Jamtara,2023-10-17 02:15:00,temp,23.8,23.0,0,1,0,126.36372831359077
Jamtara,2023-10-18 02:30:00,temp,23.5,23.8,0,1,0,126.36372831359077
Jamtara,2023-10-19 02:15:00,temp,22.7,23.5,0,1,0,126.36372831359077
Jamtara,2023-10-20 02:30:00,temp,22.2,22.7,0,1,0,126.36372831359077
Jamtara,2023-10-21 02:15:00,temp,21.3,22.2,0,1,0,126.36372831359077
Jamtara,2023-10-22 02:15:00,temp,20.6,21.300000000000004,0,1,0,126.36372831359077
Jamtara,2023-10-23 02:00:00,temp,21.0,20.6,0,1,0,126.36372831359077
Jamtara,2023-10-24 02:15:00,temp,22.0,21.0,0,1,0,126.36372831359077
Jamtara,2023-10-25 02:15:00,temp,22.5,22.0,0,1,0,126.36372831359077
Jamtara,2023-10-26 02:00:00,temp,24.1,22.5,0,1,0,126.36372831359077
Jamtara,2023-10-27 02:15:00,temp,21.6,24.1,0,1,0,126.36372831359077
Jamtara,2023-10-28 02:00:00,temp,21.6,21.6,0,1,0,126.36372831359077
Jamtara,2023-10-29 02:30:00,temp,20.8,21.6,0,1,0,126.36372831359077
Jamtara,2023-10-30 01:45:00,temp,21.5,20.8,0,1,0,126.36372831359077
Jamui,2023-10-15 02:30:00,temp,21.4,22.3,0,1,0,120.991209649046
Jamui,2023-10-16 02:30:00,temp,23.1,21.4,0,1,0,120.991209649046
Jamui,2023-10-17 02:15:00,temp,23.6,23.1,0,1,0,120.991209649046
Jamui,2023-10-18 02:30:00,temp,22.6,23.6,0,1,0,120.991209649046
Jamui,2023-10-19 02:15:00,temp,20.7,22.6,0,1,0,120.991209649046
Jamui,2023-10-20 02:30:00,temp,20.6,20.7,0,1,0,120.991209649046
Jamui,2023-10-21 02:15:00,temp,19.8,20.6,0,1,0,120.991209649046
Jamui,2023-10-22 02:15:00,temp,19.4,19.8,0,1,0,120.991209649046
Jamui,2023-10-23 02:15:00,temp,19.2,19.4,0,1,0,120.991209649046
Jamui,2023-10-24 02:15:00,temp,20.4,19.2,0,1,0,120.991209649046
Jamui,2023-10-25 02:15:00,temp,20.6,20.4,0,1,0,120.991209649046
Jamui,2023-10-26 02:00:00,temp,20.3,20.6,0,1,0,120.991209649046
Jamui,2023-10-27 02:15:00,temp,19.6,20.3,0,1,0,120.991209649046
Jamui,2023-10-28 02:00:00,temp,20.2,19.6,0,1,0,120.991209649046
Jamui,2023-10-29 02:30:00,temp,20.3,20.2,0,1,0,120.991209649046
Jamui,2023-10-30 01:45:00,temp,20.1,20.3,0,1,0,120.991209649046
Jangaon,2023-10-15 02:30:00,temp,23.9,23.751483095576088,0,0,2,98.4788506235423
Jangaon,2023-10-16 02:30:00,temp,24.8,23.51210273344647,0,0,2,98.4788506235423
Jangaon,2023-10-17 02:30:00,temp,23.2,24.495885253989325,0,0,2,98.4788506235423
Jangaon,2023-10-18 02:30:00,temp,22.8,23.459391061626086,0,0,2,98.4788506235423
Jangaon,2023-10-19 02:30:00,temp,22.9,22.64740946127592,0,0,2,98.4788506235423
Jangaon,2023-10-20 02:30:00,temp,22.7,23.441418287246893,0,0,2,98.4788506235423
Jangaon,2023-10-21 02:30:00,temp,22.3,23.19104174783993,0,0,2,98.4788506235423
Jangaon,2023-10-22 02:30:00,temp,21.9,22.690825935435612,0,0,2,98.4788506235423
Jangaon,2023-10-23 02:15:00,temp,20.6,22.63521106270077,0,0,2,98.4788506235423
Jangaon,2023-10-24 02:15:00,temp,19.9,21.830788266470524,0,0,2,98.4788506235423
Jangaon,2023-10-25 02:30:00,temp,19.7,21.14677431894276,0,0,2,98.4788506235423
Jangaon,2023-10-26 02:00:00,temp,19.9,21.427545891189823,0,0,2,98.4788506235423
Jangaon,2023-10-27 02:30:00,temp,19.0,21.405262895647873,0,0,2,98.4788506235423
Jangaon,2023-10-28 02:00:00,temp,20.4,20.454921770783706,0,0,2,98.4788506235423
Jangaon,2023-10-29 02:45:00,temp,21.7,21.832624547171346,0,0,2,98.4788506235423
Jangaon,2023-10-30 02:00:00,temp,22.0,22.963007907313322,0,0,2,98.4788506235423
Janjgir,2023-10-15 02:30:00,temp,22.3,24.484822308376962,2,1,2,130.75282899744798
Janjgir,2023-10-16 02:30:00,temp,22.4,22.710416615405784,2,1,2,130.75282899744798
Janjgir,2023-10-17 02:30:00,temp,22.2,22.96741466390961,2,1,2,130.75282899744798
Janjgir,2023-10-18 02:30:00,temp,21.4,22.596195454609173,2,1,2,130.75282899744798
Janjgir,2023-10-19 02:15:00,temp,21.4,21.993032602196244,2,1,2,130.75282899744798
Janjgir,2023-10-20 02:30:00,temp,21.6,21.99284716760036,2,1,2,130.75282899744798
Janjgir,2023-10-21 02:15:00,temp,19.4,22.026294732412037,2,1,2,130.75282899744798
Janjgir,2023-10-22 02:15:00,temp,19.0,20.0180312266771,2,1,2,130.75282899744798
Janjgir,2023-10-23 02:15:00,temp,17.5,19.270277377741138,2,1,2,130.75282899744798
Janjgir,2023-10-24 02:15:00,temp,17.8,16.831045797745602,2,1,2,130.75282899744798
Janjgir,2023-10-25 02:15:00,temp,18.7,18.28670664105221,2,1,2,130.75282899744798
Janjgir,2023-10-26 02:00:00,temp,18.6,18.880787915193316,2,1,2,130.75282899744798
Janjgir,2023-10-27 02:15:00,temp,18.4,17.947681000876354,2,1,2,130.75282899744798
Janjgir,2023-10-28 02:00:00,temp,18.2,18.77563544094314,2,1,2,130.75282899744798
Janjgir,2023-10-29 02:30:00,temp,18.4,18.55256245782884,2,1,2,130.75282899744798
Janjgir,2023-10-30 01:45:00,temp,19.0,17.803195153423573,2,1,2,130.75282899744798
Jashpur,2023-10-15 02:30:00,temp,19.0,20.70114559627358,0,1,1,103.30582403430326
Jashpur,2023-10-16 02:30:00,temp,19.5,19.617867564302532,0,1,1,103.30582403430326
Jashpur,2023-10-17 02:30:00,temp,20.4,19.53764186430914,0,1,1,103.30582403430326
Jashpur,2023-10-18 02:30:00,temp,19.0,20.054180285122282,0,1,1,103.30582403430326
Jashpur,2023-10-19 02:15:00,temp,18.9,19.45099750426323,0,1,1,103.30582403430326
Jashpur,2023-10-20 02:30:00,temp,18.6,19.122306677954544,0,1,1,103.30582403430326
Jashpur,2023-10-21 02:15:00,temp,16.6,18.80345488731688,0,1,1,103.30582403430326
Jashpur,2023-10-22 02:15:00,temp,16.3,17.342107528456506,0,1,1,103.30582403430326
Jashpur,2023-10-23 02:15:00,temp,16.1,16.54211851680239,0,1,1,103.30582403430326
Jashpur,2023-10-24 02:15:00,temp,17.3,16.207003806872972,0,1,1,103.30582403430326
Jashpur,2023-10-25 02:15:00,temp,17.7,16.99739046068703,0,1,1,103.30582403430326
Jashpur,2023-10-26 02:00:00,temp,17.4,17.517921671721183,0,1,1,103.30582403430326
Jashpur,2023-10-27 02:15:00,temp,16.3,17.430784403182862,0,1,1,103.30582403430326
Jashpur,2023-10-28 02:00:00,temp,16.3,16.608352418078333,0,1,1,103.30582403430326
Jashpur,2023-10-29 02:30:00,temp,16.5,16.377875952377025,0,1,1,103.30582403430326
Jashpur,2023-10-30 01:45:00,temp,16.7,16.468039922981557,0,1,1,103.30582403430326
Jaunpur,2023-10-15 02:30:00,temp,24.1,24.255552225596496,2,1,2,134.07403909378664
Jaunpur,2023-10-16 02:30:00,temp,24.5,24.644076410312042,2,1,2,134.07403909378664
Jaunpur,2023-10-17 02:30:00,temp,22.2,24.875031483275624,2,1,2,134.07403909378664
Jaunpur,2023-10-18 02:30:00,temp,22.6,22.75825785484031,2,1,2,134.07403909378664
Jaunpur,2023-10-19 02:30:00,temp,22.0,23.10113516445523,2,1,2,134.07403909378664
Jaunpur,2023-10-20 02:30:00,temp,21.7,22.219734978538845,2,1,2,134.07403909378664
Jaunpur,2023-10-21 02:15:00,temp,21.5,21.984952544043832,2,1,2,134.07403909378664
Jaunpur,2023-10-22 02:30:00,temp,20.8,21.857563199189364,2,1,2,134.07403909378664
Jaunpur,2023-10-23 02:15:00,temp,21.2,21.281143312521447,2,1,2,134.07403909378664
Jaunpur,2023-10-24 02:15:00,temp,21.2,21.6370555515942,2,1,2,134.07403909378664
Jaunpur,2023-10-25 02:30:00,temp,21.8,21.565283310495502,2,1,2,134.07403909378664
Jaunpur,2023-10-26 02:00:00,temp,22.0,21.99003109212693,2,1,2,134.07403909378664
Jaunpur,2023-10-27 02:30:00,temp,21.7,22.00710487153398,2,1,2,134.07403909378664
Jaunpur,2023-10-28 02:00:00,temp,21.3,21.58443727007099,2,1,2,134.07403909378664
Jaunpur,2023-10-29 02:45:00,temp,21.5,21.127459101184883,2,1,2,134.07403909378664
Jaunpur,2023-10-30 02:00:00,temp,21.6,21.228642278250692,2,1,2,134.07403909378664
Jhabua,2023-10-15 02:30:00,temp,24.8,24.254002776621526,0,0,1,114.90396405787173
Jhabua,2023-10-16 02:30:00,temp,24.7,23.83447841789408,0,0,1,114.90396405787173
Jhabua,2023-10-17 02:15:00,temp,24.1,24.02425463793394,0,0,1,114.90396405787173
Jhabua,2023-10-18 02:15:00,temp,24.1,23.634532465567414,0,0,1,114.90396405787173
Jhabua,2023-10-19 02:15:00,temp,23.7,23.841623057086817,0,0,1,114.90396405787173
Jhabua,2023-10-20 02:15:00,temp,23.6,23.53755734574861,0,0,1,114.90396405787173
Jhabua,2023-10-21 02:00:00,temp,24.7,23.639802376106992,0,0,1,114.90396405787173
Jhabua,2023-10-22 02:15:00,temp,24.5,24.16783976229496,0,0,1,114.90396405787173
Jhabua,2023-10-23 02:00:00,temp,24.6,23.813944438708898,0,0,1,114.90396405787173
Jhabua,2023-10-24 02:15:00,temp,24.4,24.06530987919805,0,0,1,114.90396405787173
Jhabua,2023-10-25 02:15:00,temp,23.0,23.847289139276516,0,0,1,114.90396405787173
Jhabua,2023-10-26 02:00:00,temp,22.8,23.22617089898278,0,0,1,114.90396405787173
Jhabua,2023-10-27 02:15:00,temp,22.3,23.42881129162171,0,0,1,114.90396405787173
Jhabua,2023-10-28 02:00:00,temp,22.4,23.036622020134512,0,0,1,114.90396405787173
Jhabua,2023-10-29 02:30:00,temp,23.5,23.272684702399577,0,0,1,114.90396405787173
Jhabua,2023-10-30 01:45:00,temp,23.6,23.72477769093676,0,0,1,114.90396405787173
Jhajjar,2023-10-15 02:30:00,temp,24.0,25.840157534425718,2,1,2,170.083488394304
Jhajjar,2023-10-16 02:30:00,temp,26.0,24.700424806810197,2,1,2,170.083488394304
Jhajjar,2023-10-17 02:15:00,temp,19.0,26.432452074460254,2,1,2,170.083488394304
Jhajjar,2023-10-18 02:30:00,temp,21.0,18.590714411098944,2,1,2,170.083488394304
Jhajjar,2023-10-19 02:15:00,temp,21.0,22.469006771819966,2,1,2,170.083488394304
Jhajjar,2023-10-20 02:30:00,temp,21.0,22.581238200247668,2,1,2,170.083488394304
Jhajjar,2023-10-21 02:15:00,temp,20.0,22.174743313556917,2,1,2,170.083488394304
Jhajjar,2023-10-22 02:15:00,temp,21.0,20.32229980927692,2,1,2,170.083488394304
Jhajjar,2023-10-23 02:15:00,temp,21.0,21.399558173918106,2,1,2,170.083488394304
Jhajjar,2023-10-24 02:15:00,temp,22.0,21.35839160674611,2,1,2,170.083488394304
Jhajjar,2023-10-25 02:15:00,temp,21.0,21.9339182315291,2,1,2,170.083488394304
Jhajjar,2023-10-26 02:00:00,temp,22.0,20.775979689557843,2,1,2,170.083488394304
Jhajjar,2023-10-27 02:15:00,temp,21.0,21.804630822899156,2,1,2,170.083488394304
Jhajjar,2023-10-28 02:00:00,temp,20.0,20.903278804227543,2,1,2,170.083488394304
Jhajjar,2023-10-29 02:30:00,temp,25.0,20.182127167869655,2,1,2,170.083488394304
Jhajjar,2023-10-30 01:45:00,temp,22.0,24.210977430653976,2,1,2,170.083488394304
Jhalawar,2023-10-15 02:30:00,temp,25.3,26.637252538963057,0,0,2,118.33836144772332
Jhalawar,2023-10-16 02:30:00,temp,24.5,25.097644702158558,0,0,2,118.33836144772332
Jhalawar,2023-10-17 02:30:00,temp,21.9,23.344695373204203,0,0,2,118.33836144772332
Jhalawar,2023-10-18 02:30:00,temp,22.1,23.166363997680076,0,0,2,118.33836144772332
Jhalawar,2023-10-19 02:30:00,temp,22.7,22.7671435282771,0,0,2,118.33836144772332
Jhalawar,2023-10-20 02:30:00,temp,21.8,23.434555488773622,0,0,2,118.33836144772332
Jhalawar,2023-10-21 02:30:00,temp,22.2,23.135906839266383,0,0,2,118.33836144772332
Jhalawar,2023-10-22 02:30:00,temp,22.5,22.30947819000306,0,0,2,118.33836144772332
Jhalawar,2023-10-23 02:15:00,temp,22.2,23.485530811992458,0,0,2,118.33836144772332
Jhalawar,2023-10-24 02:15:00,temp,22.0,23.390973141818627,0,0,2,118.33836144772332
Jhalawar,2023-10-25 02:30:00,temp,21.7,21.95863859883416,0,0,2,118.33836144772332
Jhalawar,2023-10-26 02:00:00,temp,21.9,22.560069845002566,0,0,2,118.33836144772332
Jhalawar,2023-10-27 02:30:00,temp,21.2,23.30284492033277,0,0,2,118.33836144772332
Jhalawar,2023-10-28 02:00:00,temp,21.1,21.83448302207779,0,0,2,118.33836144772332
Jhalawar,2023-10-29 02:45:00,temp,22.3,21.401516407292508,0,0,2,118.33836144772332
Jhalawar,2023-10-30 02:00:00,temp,22.1,23.84062191933452,0,0,2,118.33836144772332
Jhansi,2023-10-15 02:30:00,temp,26.4,25.337731903580444,0,0,2,142.7243662579096
Jhansi,2023-10-16 02:30:00,temp,26.1,26.219982989903293,0,0,2,142.7243662579096
Jhansi,2023-10-17 02:30:00,temp,20.9,25.908344007150394,0,0,2,142.7243662579096
Jhansi,2023-10-18 02:30:00,temp,23.5,22.224978724855593,0,0,2,142.7243662579096
Jhansi,2023-10-19 02:30:00,temp,23.5,24.705071970801402,0,0,2,142.7243662579096
Jhansi,2023-10-20 02:30:00,temp,23.1,25.203137942921934,0,0,2,142.7243662579096
Jhansi,2023-10-21 02:15:00,temp,22.4,24.039228166635233,0,0,2,142.7243662579096
Jhansi,2023-10-22 02:30:00,temp,22.4,23.88325414910913,0,0,2,142.7243662579096
Jhansi,2023-10-23 02:15:00,temp,21.9,23.94955775287786,0,0,2,142.7243662579096
Jhansi,2023-10-24 02:15:00,temp,22.0,23.485482527095062,0,0,2,142.7243662579096
Jhansi,2023-10-25 02:30:00,temp,21.6,23.571611613474357,0,0,2,142.7243662579096
Jhansi,2023-10-26 02:00:00,temp,21.8,23.322690093605555,0,0,2,142.7243662579096
Jhansi,2023-10-27 02:30:00,temp,21.2,23.347440067063992,0,0,2,142.7243662579096
Jhansi,2023-10-28 02:00:00,temp,21.7,22.957372563422886,0,0,2,142.7243662579096
Jhansi,2023-10-29 02:45:00,temp,22.1,23.260432117116277,0,0,2,142.7243662579096
Jhansi,2023-10-30 02:00:00,temp,22.0,23.580958210216643,0,0,2,142.7243662579096
Jhargram,2023-10-15 02:30:00,temp,22.7,25.3,0,1,0,113.82020406083882
Jhargram,2023-10-16 02:30:00,temp,22.8,22.7,0,1,0,113.82020406083882
Jhargram,2023-10-17 02:30:00,temp,24.0,22.8,0,1,0,113.82020406083882
Jhargram,2023-10-18 02:30:00,temp,23.8,24.0,0,1,0,113.82020406083882
Jhargram,2023-10-19 02:30:00,temp,23.9,23.8,0,1,0,113.82020406083882
Jhargram,2023-10-20 02:30:00,temp,22.3,23.9,0,1,0,113.82020406083882
Jhargram,2023-10-21 02:30:00,temp,21.4,22.3,0,1,0,113.82020406083882
Jhargram,2023-10-22 02:30:00,temp,20.9,21.4,0,1,0,113.82020406083882
Jhargram,2023-10-23 02:15:00,temp,21.5,20.9,0,1,0,113.82020406083882
Jhargram,2023-10-24 02:15:00,temp,21.9,21.5,0,1,0,113.82020406083882
Jhargram,2023-10-25 02:30:00,temp,22.8,21.9,0,1,0,113.82020406083882
Jhargram,2023-10-26 02:00:00,temp,23.4,22.8,0,1,0,113.82020406083882
Jhargram,2023-10-27 02:30:00,temp,23.4,23.4,0,1,0,113.82020406083882
Jhargram,2023-10-28 02:00:00,temp,21.8,23.4,0,1,0,113.82020406083882
Jhargram,2023-10-29 02:45:00,temp,20.6,21.8,0,1,0,113.82020406083882
Jhargram,2023-10-30 02:00:00,temp,20.9,20.6,0,1,0,113.82020406083882
Jharsuguda,2023-10-15 02:30:00,temp,22.6,24.18697940529279,0,0,1,117.7011689895063
Jharsuguda,2023-10-16 02:30:00,temp,22.6,23.087083115883004,0,0,1,117.7011689895063
Jharsuguda,2023-10-17 02:30:00,temp,23.0,23.740580826635107,0,0,1,117.7011689895063
Jharsuguda,2023-10-18 02:30:00,temp,22.0,23.552316503188475,0,0,1,117.7011689895063
Jharsuguda,2023-10-19 02:30:00,temp,22.5,22.975317662930177,0,0,1,117.7011689895063
Jharsuguda,2023-10-20 02:30:00,temp,21.7,23.637907737533293,0,0,1,117.7011689895063
Jharsuguda,2023-10-21 02:15:00,temp,20.0,22.630853476807367,0,0,1,117.7011689895063
Jharsuguda,2023-10-22 02:30:00,temp,19.3,22.032680101531113,0,0,1,117.7011689895063
Jharsuguda,2023-10-23 02:15:00,temp,18.6,21.753814234136662,0,0,1,117.7011689895063
Jharsuguda,2023-10-24 02:15:00,temp,19.6,21.28621096807389,0,0,1,117.7011689895063
Jharsuguda,2023-10-25 02:30:00,temp,20.9,22.281128806274566,0,0,1,117.7011689895063
Jharsuguda,2023-10-26 02:00:00,temp,19.5,22.45702927212341,0,0,1,117.7011689895063
Jharsuguda,2023-10-27 02:15:00,temp,18.4,21.14053578923619,0,0,1,117.7011689895063
Jharsuguda,2023-10-28 02:00:00,temp,18.8,21.20312029429438,0,0,1,117.7011689895063
Jharsuguda,2023-10-29 02:45:00,temp,19.0,21.360066420542328,0,0,1,117.7011689895063
Jharsuguda,2023-10-30 02:00:00,temp,19.3,21.31259484421153,0,0,1,117.7011689895063
Jhunjhunun,2023-10-15 02:30:00,temp,26.3,27.358490357720076,2,0,2,156.74983492640956
Jhunjhunun,2023-10-16 02:30:00,temp,26.1,27.258121612753737,2,0,2,156.74983492640956
Jhunjhunun,2023-10-17 02:30:00,temp,22.6,26.60346800209864,2,0,2,156.74983492640956
Jhunjhunun,2023-10-18 02:30:00,temp,23.4,24.521896846095633,2,0,2,156.74983492640956
Jhunjhunun,2023-10-19 02:30:00,temp,22.7,24.353293413667487,2,0,2,156.74983492640956
Jhunjhunun,2023-10-20 02:30:00,temp,22.8,25.132401743154258,2,0,2,156.74983492640956
Jhunjhunun,2023-10-21 02:15:00,temp,24.4,25.6622976736833,2,0,2,156.74983492640956
Jhunjhunun,2023-10-22 02:30:00,temp,24.3,26.024433176276407,2,0,2,156.74983492640956
Jhunjhunun,2023-10-23 02:15:00,temp,24.1,25.7013703832421,2,0,2,156.74983492640956
Jhunjhunun,2023-10-24 02:15:00,temp,22.8,25.116558089307006,2,0,2,156.74983492640956
Jhunjhunun,2023-10-25 02:30:00,temp,23.6,24.134673609503544,2,0,2,156.74983492640956
Jhunjhunun,2023-10-26 02:00:00,temp,23.4,24.362518642710107,2,0,2,156.74983492640956
Jhunjhunun,2023-10-27 02:15:00,temp,23.2,24.979901579747796,2,0,2,156.74983492640956
Jhunjhunun,2023-10-28 02:00:00,temp,24.0,24.836799746590874,2,0,2,156.74983492640956
Jhunjhunun,2023-10-29 02:45:00,temp,25.2,24.815431583343624,2,0,2,156.74983492640956
Jhunjhunun,2023-10-30 02:00:00,temp,24.7,25.7218992753412,2,0,2,156.74983492640956
Jind,2023-10-15 02:30:00,temp,24.5,24.386300463218195,1,1,1,172.186945908035
Jind,2023-10-16 02:30:00,temp,24.1,24.816985575634536,1,1,1,172.186945908035
Jind,2023-10-17 02:15:00,temp,19.6,24.503760514935824,1,1,1,172.186945908035
Jind,2023-10-18 02:30:00,temp,21.7,21.20655267062459,1,1,1,172.186945908035
Jind,2023-10-19 02:15:00,temp,20.6,22.541725692298403,1,1,1,172.186945908035
Jind,2023-10-20 02:30:00,temp,20.9,21.55871883377121,1,1,1,172.186945908035
Jind,2023-10-21 02:15:00,temp,22.1,21.60649489360763,1,1,1,172.186945908035
Jind,2023-10-22 02:15:00,temp,22.0,22.40235530878589,1,1,1,172.186945908035
Jind,2023-10-23 02:15:00,temp,22.2,22.27518285796901,1,1,1,172.186945908035
Jind,2023-10-24 02:15:00,temp,21.1,22.380031167962574,1,1,1,172.186945908035
Jind,2023-10-25 02:15:00,temp,22.1,21.53299861399588,1,1,1,172.186945908035
Jind,2023-10-26 02:00:00,temp,21.5,22.1989340353987,1,1,1,172.186945908035
Jind,2023-10-27 02:15:00,temp,21.1,21.74373925322182,1,1,1,172.186945908035
Jind,2023-10-28 02:00:00,temp,21.9,21.413010056518615,1,1,1,172.186945908035
Jind,2023-10-29 02:30:00,temp,23.0,21.942070908928194,1,1,1,172.186945908035
Jind,2023-10-30 01:45:00,temp,23.1,22.73379628771593,1,1,1,172.186945908035
Jodhpur,2023-10-15 02:30:00,temp,27.3,27.363400924299963,1,1,1,132.83328548438973
Jodhpur,2023-10-16 02:30:00,temp,26.9,27.362214480342306,1,1,1,132.83328548438973
Jodhpur,2023-10-17 02:30:00,temp,25.3,27.080676810839602,1,1,1,132.83328548438973
Jodhpur,2023-10-18 02:30:00,temp,24.2,25.841843556630312,1,1,1,132.83328548438973
Jodhpur,2023-10-19 02:30:00,temp,24.7,24.8851280892155,1,1,1,132.83328548438973
Jodhpur,2023-10-20 02:30:00,temp,25.6,25.193596033728273,1,1,1,132.83328548438973
Jodhpur,2023-10-21 02:15:00,temp,25.8,25.858570790889992,1,1,1,132.83328548438973
Jodhpur,2023-10-22 02:30:00,temp,26.2,25.98769429586106,1,1,1,132.83328548438973
Jodhpur,2023-10-23 02:15:00,temp,26.7,26.28486430743185,1,1,1,132.83328548438973
Jodhpur,2023-10-24 02:15:00,temp,24.8,26.67614381607807,1,1,1,132.83328548438973
Jodhpur,2023-10-25 02:30:00,temp,24.6,25.212010914297956,1,1,1,132.83328548438973
Jodhpur,2023-10-26 02:00:00,temp,24.6,25.00471098151051,1,1,1,132.83328548438973
Jodhpur,2023-10-27 02:15:00,temp,24.4,24.95142062024487,1,1,1,132.83328548438973
Jodhpur,2023-10-28 02:00:00,temp,27.9,24.747513041944774,1,1,1,132.83328548438973
Jodhpur,2023-10-29 02:45:00,temp,26.3,27.36532019961363,1,1,1,132.83328548438973
Jodhpur,2023-10-30 02:00:00,temp,25.7,26.20014914147163,1,1,1,132.83328548438973
Jorhat,2023-10-15 02:30:00,temp,20.6,21.23632609548275,0,1,1,150.4081080170062
Jorhat,2023-10-16 02:30:00,temp,20.8,20.92097256447706,0,1,1,150.4081080170062
Jorhat,2023-10-17 02:15:00,temp,20.4,20.861677948158324,0,1,1,150.4081080170062
Jorhat,2023-10-18 02:30:00,temp,20.5,20.636988284325415,0,1,1,150.4081080170062
Jorhat,2023-10-19 02:15:00,temp,20.1,20.570205237539753,0,1,1,150.4081080170062
Jorhat,2023-10-20 02:30:00,temp,20.0,20.340454397006464,0,1,1,150.4081080170062
Jorhat,2023-10-21 02:15:00,temp,19.6,20.172518413881587,0,1,1,150.4081080170062
Jorhat,2023-10-22 02:15:00,temp,19.4,19.887312855966684,0,1,1,150.4081080170062
Jorhat,2023-10-23 02:15:00,temp,18.9,19.64078567419048,0,1,1,150.4081080170062
Jorhat,2023-10-24 02:15:00,temp,20.0,19.259492608618167,0,1,1,150.4081080170062
Jorhat,2023-10-25 02:15:00,temp,19.4,19.63506289095005,0,1,1,150.4081080170062
Jorhat,2023-10-26 02:00:00,temp,19.8,19.518133158831343,0,1,1,150.4081080170062
Jorhat,2023-10-27 02:15:00,temp,19.1,19.658149841502322,0,1,1,150.4081080170062
Jorhat,2023-10-28 02:00:00,temp,19.3,19.38171875187076,0,1,1,150.4081080170062
Jorhat,2023-10-29 02:30:00,temp,19.2,19.34117907375753,0,1,1,150.4081080170062
Jorhat,2023-10-30 01:45:00,temp,19.9,19.271143725559643,0,1,1,150.4081080170062
Junagadh,2023-10-15 02:30:00,temp,25.1,25.1649143621511,1,0,0,108.83912304955177
Junagadh,2023-10-16 02:30:00,temp,24.0,24.780779004732103,1,0,0,108.83912304955177
Junagadh,2023-10-17 02:15:00,temp,24.0,24.07210025598546,1,0,0,108.83912304955177
Junagadh,2023-10-18 02:15:00,temp,24.5,24.070549013599532,1,0,0,108.83912304955177
Junagadh,2023-10-19 02:15:00,temp,26.3,24.3876865704495,1,0,0,108.83912304955177
Junagadh,2023-10-20 02:30:00,temp,25.1,25.554298399425324,1,0,0,108.83912304955177
Junagadh,2023-10-21 02:15:00,temp,25.2,24.778598561138732,1,0,0,108.83912304955177
Junagadh,2023-10-22 02:15:00,temp,25.5,24.853407570213033,1,0,0,108.83912304955177
Junagadh,2023-10-23 02:00:00,temp,26.1,25.063035153878076,1,0,0,108.83912304955177
Junagadh,2023-10-24 02:15:00,temp,25.6,25.49755028497145,1,0,0,108.83912304955177
Junagadh,2023-10-25 02:15:00,temp,25.5,25.17869391771216,1,0,0,108.83912304955177
Junagadh,2023-10-26 02:00:00,temp,25.4,25.12652959991819,1,0,0,108.83912304955177
Junagadh,2023-10-27 02:15:00,temp,24.4,25.070261061438195,1,0,0,108.83912304955177
Junagadh,2023-10-28 02:00:00,temp,24.2,24.394382909585904,1,0,0,108.83912304955177
Junagadh,2023-10-29 02:30:00,temp,25.0,24.260369956615467,1,0,0,108.83912304955177
Junagadh,2023-10-30 01:45:00,temp,25.7,24.794011084910615,1,0,0,108.83912304955177
Kadapa,2023-10-15 02:30:00,temp,25.6,24.8366060842588,1,0,0,164.8221773070056
Kadapa,2023-10-16 02:30:00,temp,26.0,25.7803461163086,1,0,0,164.8221773070056
Kadapa,2023-10-17 02:15:00,temp,25.6,25.902548330809765,1,0,0,164.8221773070056
Kadapa,2023-10-18 02:30:00,temp,23.6,25.77891100472909,1,0,0,164.8221773070056
Kadapa,2023-10-19 02:15:00,temp,23.2,25.13833462376765,1,0,0,164.8221773070056
Kadapa,2023-10-20 02:30:00,temp,23.4,24.878188927147615,1,0,0,164.8221773070056
Kadapa,2023-10-21 02:15:00,temp,23.4,24.840049824832224,1,0,0,164.8221773070056
Kadapa,2023-10-22 02:15:00,temp,23.5,24.749475879112648,1,0,0,164.8221773070056
Kadapa,2023-10-23 02:00:00,temp,22.9,24.717908368940066,1,0,0,164.8221773070056
Kadapa,2023-10-24 02:15:00,temp,22.1,24.351842925421526,1,0,0,164.8221773070056
Kadapa,2023-10-25 02:15:00,temp,21.7,23.799843857990076,1,0,0,164.8221773070056
Kadapa,2023-10-26 02:00:00,temp,22.0,23.384351893282933,1,0,0,164.8221773070056
Kadapa,2023-10-27 02:15:00,temp,22.0,23.416383408811967,1,0,0,164.8221773070056
Kadapa,2023-10-28 02:00:00,temp,23.2,23.302088090915056,1,0,0,164.8221773070056
Kadapa,2023-10-29 02:30:00,temp,24.3,24.019918187557195,1,0,0,164.8221773070056
Kadapa,2023-10-30 01:45:00,temp,24.9,24.692585145912815,1,0,0,164.8221773070056
Kaithal,2023-10-15 02:30:00,temp,24.0,23.241386643535225,1,1,1,171.77918004723855
Kaithal,2023-10-16 02:30:00,temp,23.7,24.10370728122528,1,1,1,171.77918004723855
Kaithal,2023-10-17 02:15:00,temp,18.4,23.883949608684006,1,1,1,171.77918004723855
Kaithal,2023-10-18 02:30:00,temp,21.0,20.155810043928454,1,1,1,171.77918004723855
Kaithal,2023-10-19 02:15:00,temp,19.8,21.805183572315975,1,1,1,171.77918004723855
Kaithal,2023-10-20 02:30:00,temp,20.2,20.80200379195068,1,1,1,171.77918004723855
Kaithal,2023-10-21 02:15:00,temp,20.8,20.912194759127658,1,1,1,171.77918004723855
Kaithal,2023-10-22 02:15:00,temp,20.7,21.228514769493167,1,1,1,171.77918004723855
Kaithal,2023-10-23 02:15:00,temp,21.5,21.0792706709637,1,1,1,171.77918004723855
Kaithal,2023-10-24 02:15:00,temp,20.7,21.598633138741295,1,1,1,171.77918004723855
Kaithal,2023-10-25 02:15:00,temp,21.5,21.45663424190465,1,1,1,171.77918004723855
Kaithal,2023-10-26 02:00:00,temp,20.9,21.525786192053648,1,1,1,171.77918004723855
Kaithal,2023-10-27 02:15:00,temp,20.4,21.096341388765463,1,1,1,171.77918004723855
Kaithal,2023-10-28 02:00:00,temp,21.1,20.713726110710542,1,1,1,171.77918004723855
Kaithal,2023-10-29 02:30:00,temp,21.8,21.153864527985718,1,1,1,171.77918004723855
Kaithal,2023-10-30 01:45:00,temp,21.7,21.635650242817036,1,1,1,171.77918004723855
Kakching,2023-10-15 02:30:00,temp,14.0,15.768471994102374,2,1,0,101.52939389977296
Kakching,2023-10-16 02:30:00,temp,14.6,14.44338915091346,2,1,0,101.52939389977296
Kakching,2023-10-17 02:30:00,temp,15.1,14.783832113190453,2,1,0,101.52939389977296
Kakching,2023-10-18 02:30:00,temp,14.8,14.91073142246775,2,1,0,101.52939389977296
Kakching,2023-10-19 02:30:00,temp,13.9,14.699969612384873,2,1,0,101.52939389977296
Kakching,2023-10-20 02:30:00,temp,14.3,14.047467518412294,2,1,0,101.52939389977296
Kakching,2023-10-21 02:30:00,temp,14.1,14.506837647704096,2,1,0,101.52939389977296
Kakching,2023-10-22 02:30:00,temp,14.6,14.015764378147946,2,1,0,101.52939389977296
Kakching,2023-10-23 02:15:00,temp,16.1,14.603186221614886,2,1,0,101.52939389977296
Kakching,2023-10-24 02:15:00,temp,16.1,15.8718912670907,2,1,0,101.52939389977296
Kakching,2023-10-25 02:30:00,temp,16.0,15.723648661156131,2,1,0,101.52939389977296
Kakching,2023-10-26 02:00:00,temp,15.9,16.005517539321847,2,1,0,101.52939389977296
Kakching,2023-10-27 02:30:00,temp,14.6,15.929294933324064,2,1,0,101.52939389977296
Kakching,2023-10-28 02:00:00,temp,13.7,14.688741577317439,2,1,0,101.52939389977296
Kakching,2023-10-29 02:45:00,temp,13.1,14.006782407055669,2,1,0,101.52939389977296
Kakching,2023-10-30 02:00:00,temp,13.3,13.265646470876236,2,1,0,101.52939389977296
Kancheepuram,2023-10-15 02:30:00,temp,27.0,27.69115872468048,0,0,2,138.2306197581965
Kancheepuram,2023-10-16 02:30:00,temp,27.0,27.244190083869785,0,0,2,138.2306197581965
Kancheepuram,2023-10-17 02:30:00,temp,27.0,26.877861394866468,0,0,2,138.2306197581965
Kancheepuram,2023-10-18 02:30:00,temp,27.0,27.225177289935232,0,0,2,138.2306197581965
Kancheepuram,2023-10-19 02:30:00,temp,28.0,27.15019921833028,0,0,2,138.2306197581965
Kancheepuram,2023-10-20 02:30:00,temp,26.0,27.64416950434137,0,0,2,138.2306197581965
Kancheepuram,2023-10-21 02:15:00,temp,28.0,26.646903138343557,0,0,2,138.2306197581965
Kancheepuram,2023-10-22 02:30:00,temp,27.0,27.358905781044008,0,0,2,138.2306197581965
Kancheepuram,2023-10-23 02:15:00,temp,27.0,27.48697669266288,0,0,2,138.2306197581965
Kancheepuram,2023-10-24 02:15:00,temp,26.0,26.91286216191355,0,0,2,138.2306197581965
Kancheepuram,2023-10-25 02:30:00,temp,27.0,26.60882632726403,0,0,2,138.2306197581965
Kancheepuram,2023-10-26 02:00:00,temp,27.0,27.109120452479168,0,0,2,138.2306197581965
Kancheepuram,2023-10-27 02:30:00,temp,27.0,27.275325116679067,0,0,2,138.2306197581965
Kancheepuram,2023-10-28 02:00:00,temp,27.0,27.032291202581888,0,0,2,138.2306197581965
Kancheepuram,2023-10-29 02:45:00,temp,27.0,27.094089739429123,0,0,2,138.2306197581965
Kancheepuram,2023-10-30 02:00:00,temp,25.0,27.138664732534995,0,0,2,138.2306197581965
Kangpokpi,2023-10-15 02:30:00,temp,13.4,14.7,0,1,0,96.96406088223284
Kangpokpi,2023-10-16 02:30:00,temp,14.2,13.4,0,1,0,96.96406088223284
Kangpokpi,2023-10-17 02:15:00,temp,15.2,14.2,0,1,0,96.96406088223284
Kangpokpi,2023-10-18 02:30:00,temp,14.9,15.2,0,1,0,96.96406088223284
Kangpokpi,2023-10-19 02:15:00,temp,14.0,14.9,0,1,0,96.96406088223284
Kangpokpi,2023-10-20 02:30:00,temp,14.3,14.0,0,1,0,96.96406088223284
Kangpokpi,2023-10-21 02:15:00,temp,14.6,14.3,0,1,0,96.96406088223284
Kangpokpi,2023-10-22 02:15:00,temp,14.4,14.6,0,1,0,96.96406088223284
Kangpokpi,2023-10-23 02:15:00,temp,15.6,14.4,0,1,0,96.96406088223284
Kangpokpi,2023-10-24 02:15:00,temp,16.0,15.6,0,1,0,96.96406088223284
Kangpokpi,2023-10-25 02:15:00,temp,15.7,16.0,0,1,0,96.96406088223284
Kangpokpi,2023-10-26 02:00:00,temp,15.8,15.700000000000001,0,1,0,96.96406088223284
Kangpokpi,2023-10-27 02:15:00,temp,14.2,15.8,0,1,0,96.96406088223284
Kangpokpi,2023-10-28 02:00:00,temp,13.4,14.2,0,1,0,96.96406088223284
Kangpokpi,2023-10-29 02:30:00,temp,12.8,13.4,0,1,0,96.96406088223284
Kangpokpi,2023-10-30 01:45:00,temp,13.2,12.8,0,1,0,96.96406088223284
Kangra,2023-10-15 02:30:00,temp,11.6,13.0,0,1,0,105.70379385494341
Kangra,2023-10-16 02:30:00,temp,11.9,11.6,0,1,0,105.70379385494341
Kangra,2023-10-17 02:15:00,temp,9.7,11.9,0,1,0,105.70379385494341
Kangra,2023-10-18 02:15:00,temp,8.4,9.7,0,1,0,105.70379385494341
Kangra,2023-10-19 02:15:00,temp,8.7,8.4,0,1,0,105.70379385494341
Kangra,2023-10-20 02:15:00,temp,9.0,8.7,0,1,0,105.70379385494341
Kangra,2023-10-21 02:00:00,temp,9.4,9.0,0,1,0,105.70379385494341
Kangra,2023-10-22 02:15:00,temp,9.9,9.400000000000002,0,1,0,105.70379385494341
Kangra,2023-10-23 02:00:00,temp,9.5,9.9,0,1,0,105.70379385494341
Kangra,2023-10-24 02:15:00,temp,9.6,9.5,0,1,0,105.70379385494341
Kangra,2023-10-25 02:15:00,temp,9.7,9.6,0,1,0,105.70379385494341
Kangra,2023-10-26 02:00:00,temp,11.4,9.7,0,1,0,105.70379385494341
Kangra,2023-10-27 02:15:00,temp,10.4,11.400000000000002,0,1,0,105.70379385494341
Kangra,2023-10-28 02:00:00,temp,11.2,10.4,0,1,0,105.70379385494341
Kangra,2023-10-29 02:30:00,temp,11.5,11.2,0,1,0,105.70379385494341
Kangra,2023-10-30 01:45:00,temp,13.0,11.5,0,1,0,105.70379385494341
Kanker,2023-10-15 02:30:00,temp,22.1,22.03233889104933,2,1,1,102.51240364710718
Kanker,2023-10-16 02:30:00,temp,21.9,22.095165208483998,2,1,1,102.51240364710718
Kanker,2023-10-17 02:15:00,temp,20.9,21.910533825593646,2,1,1,102.51240364710718
Kanker,2023-10-18 02:30:00,temp,21.6,20.860825459644442,2,1,1,102.51240364710718
Kanker,2023-10-19 02:15:00,temp,20.8,22.028422441165553,2,1,1,102.51240364710718
Kanker,2023-10-20 02:30:00,temp,20.8,20.854828118759293,2,1,1,102.51240364710718
Kanker,2023-10-21 02:15:00,temp,19.7,21.105702076107832,2,1,1,102.51240364710718
Kanker,2023-10-22 02:15:00,temp,18.0,19.843958909773264,2,1,1,102.51240364710718
Kanker,2023-10-23 02:15:00,temp,17.2,18.09060526092183,2,1,1,102.51240364710718
Kanker,2023-10-24 02:15:00,temp,17.0,17.5553191738392,2,1,1,102.51240364710718
Kanker,2023-10-25 02:15:00,temp,17.6,17.419865863682716,2,1,1,102.51240364710718
Kanker,2023-10-26 02:00:00,temp,17.9,18.168111397893853,2,1,1,102.51240364710718
Kanker,2023-10-27 02:15:00,temp,17.1,18.204979008977,2,1,1,102.51240364710718
Kanker,2023-10-28 02:00:00,temp,17.6,16.936593769522528,2,1,1,102.51240364710718
Kanker,2023-10-29 02:30:00,temp,17.3,17.882161323469365,2,1,1,102.51240364710718
Kanker,2023-10-30 01:45:00,temp,17.9,17.284190178251457,2,1,1,102.51240364710718
Kannauj,2023-10-15 02:30:00,temp,25.3,25.04452339552281,2,1,1,139.31385121527524
Kannauj,2023-10-16 02:30:00,temp,25.0,26.075156468320746,2,1,1,139.31385121527524
Kannauj,2023-10-17 02:30:00,temp,21.4,25.072735233215564,2,1,1,139.31385121527524
Kannauj,2023-10-18 02:30:00,temp,22.2,21.199035257505486,2,1,1,139.31385121527524
Kannauj,2023-10-19 02:30:00,temp,21.9,23.740974847937665,2,1,1,139.31385121527524
Kannauj,2023-10-20 02:30:00,temp,21.3,22.61140478999822,2,1,1,139.31385121527524
Kannauj,2023-10-21 02:15:00,temp,21.1,21.746661992573816,2,1,1,139.31385121527524
Kannauj,2023-10-22 02:30:00,temp,21.2,21.53219591080834,2,1,1,139.31385121527524
Kannauj,2023-10-23 02:15:00,temp,21.7,21.516830206839042,2,1,1,139.31385121527524
Kannauj,2023-10-24 02:15:00,temp,21.6,21.878526186321416,2,1,1,139.31385121527524
Kannauj,2023-10-25 02:30:00,temp,22.3,21.51556144752755,2,1,1,139.31385121527524
Kannauj,2023-10-26 02:00:00,temp,22.4,22.31874773018033,2,1,1,139.31385121527524
Kannauj,2023-10-27 02:30:00,temp,21.9,22.167606118497467,2,1,1,139.31385121527524
Kannauj,2023-10-28 02:00:00,temp,21.6,21.703983091858444,2,1,1,139.31385121527524
Kannauj,2023-10-29 02:45:00,temp,22.6,21.647781421027,2,1,1,139.31385121527524
Kannauj,2023-10-30 02:00:00,temp,22.2,22.765362759632698,2,1,1,139.31385121527524
Kanniyakumari,2023-10-15 02:30:00,temp,24.0,23.515789631666163,0,1,2,59.83853098489024
Kanniyakumari,2023-10-16 02:30:00,temp,23.9,24.372135524338113,0,1,2,59.83853098489024
Kanniyakumari,2023-10-17 02:30:00,temp,25.0,23.80308553315892,0,1,2,59.83853098489024
Kanniyakumari,2023-10-18 02:30:00,temp,23.4,24.77778720466472,0,1,2,59.83853098489024
Kanniyakumari,2023-10-19 02:30:00,temp,24.6,23.634438473395683,0,1,2,59.83853098489024
Kanniyakumari,2023-10-20 02:30:00,temp,24.3,24.355127959387822,0,1,2,59.83853098489024
Kanniyakumari,2023-10-21 02:15:00,temp,24.4,24.17163538281105,0,1,2,59.83853098489024
Kanniyakumari,2023-10-22 02:30:00,temp,24.4,24.2755397989458,0,1,2,59.83853098489024
Kanniyakumari,2023-10-23 02:15:00,temp,24.2,24.284356668859747,0,1,2,59.83853098489024
Kanniyakumari,2023-10-24 02:15:00,temp,24.0,24.224825992555985,0,1,2,59.83853098489024
Kanniyakumari,2023-10-25 02:30:00,temp,24.5,24.147711336926776,0,1,2,59.83853098489024
Kanniyakumari,2023-10-26 02:00:00,temp,24.6,24.33384099396794,0,1,2,59.83853098489024
Kanniyakumari,2023-10-27 02:30:00,temp,24.7,24.375265653385046,0,1,2,59.83853098489024
Kanniyakumari,2023-10-28 02:00:00,temp,24.7,24.463109646873328,0,1,2,59.83853098489024
Kanniyakumari,2023-10-29 02:45:00,temp,24.7,24.507070708513865,0,1,2,59.83853098489024
Kanniyakumari,2023-10-30 02:00:00,temp,24.5,24.55164937202106,0,1,2,59.83853098489024
Kannur,2023-10-15 02:30:00,temp,25.2,24.746091471858087,1,0,0,66.05235591364064
Kannur,2023-10-16 02:30:00,temp,25.1,24.818707175728616,1,0,0,66.05235591364064
Kannur,2023-10-17 02:30:00,temp,25.3,24.801623109280914,1,0,0,66.05235591364064
Kannur,2023-10-18 02:30:00,temp,25.0,24.883989591221145,1,0,0,66.05235591364064
Kannur,2023-10-19 02:15:00,temp,25.7,24.791986615158073,1,0,0,66.05235591364064
Kannur,2023-10-20 02:30:00,temp,25.7,25.061910970654644,1,0,0,66.05235591364064
Kannur,2023-10-21 02:15:00,temp,25.2,25.12159576036141,1,0,0,66.05235591364064
Kannur,2023-10-22 02:15:00,temp,24.7,24.926730339800347,1,0,0,66.05235591364064
Kannur,2023-10-23 02:15:00,temp,25.2,24.721124394247596,1,0,0,66.05235591364064
Kannur,2023-10-24 02:15:00,temp,25.5,24.927315074506424,1,0,0,66.05235591364064
Kannur,2023-10-25 02:15:00,temp,24.6,25.06937256257679,1,0,0,66.05235591364064
Kannur,2023-10-26 02:00:00,temp,24.7,24.693360428234946,1,0,0,66.05235591364064
Kannur,2023-10-27 02:15:00,temp,24.6,24.732461642469666,1,0,0,66.05235591364064
Kannur,2023-10-28 02:00:00,temp,25.3,24.691142378385603,1,0,0,66.05235591364064
Kannur,2023-10-29 02:30:00,temp,24.9,24.971150573037626,1,0,0,66.05235591364064
Kannur,2023-10-30 01:45:00,temp,25.1,24.815966843474104,1,0,0,66.05235591364064
Kanpur,2023-10-15 02:30:00,temp,22.4,23.903647527777316,0,1,1,103.15283035817586
Kanpur,2023-10-16 02:30:00,temp,21.9,22.899215679653373,0,1,1,103.15283035817586
Kanpur,2023-10-17 02:30:00,temp,21.9,22.139568128477787,0,1,1,103.15283035817586
Kanpur,2023-10-18 02:30:00,temp,22.3,21.9573127469932,0,1,1,103.15283035817586
Kanpur,2023-10-19 02:30:00,temp,22.2,22.21089736843968,0,1,1,103.15283035817586
Kanpur,2023-10-20 02:30:00,temp,22.1,22.202861090577724,0,1,1,103.15283035817586
Kanpur,2023-10-21 02:15:00,temp,21.2,22.127129297549597,0,1,1,103.15283035817586
Kanpur,2023-10-22 02:30:00,temp,20.0,21.441280799001493,0,1,1,103.15283035817586
Kanpur,2023-10-23 02:15:00,temp,20.4,20.288101207305566,0,1,1,103.15283035817586
Kanpur,2023-10-24 02:15:00,temp,20.5,20.378307558213415,0,1,1,103.15283035817586
Kanpur,2023-10-25 02:30:00,temp,21.6,20.473922073019068,0,1,1,103.15283035817586
Kanpur,2023-10-26 02:00:00,temp,20.7,21.361672497000953,0,1,1,103.15283035817586
Kanpur,2023-10-27 02:30:00,temp,19.1,20.850715122857284,0,1,1,103.15283035817586
Kanpur,2023-10-28 02:00:00,temp,18.8,19.46952015643881,0,1,1,103.15283035817586
Kanpur,2023-10-29 02:45:00,temp,19.0,18.89774445868488,0,1,1,103.15283035817586
Kanpur,2023-10-30 02:00:00,temp,19.2,18.9831286821762,0,1,1,103.15283035817586
Kantha,2023-10-15 02:30:00,temp,23.0,23.541098608743237,1,1,1,154.08400171477282
Kantha,2023-10-15 02:30:00,temp,23.0,23.409669702506108,1,1,1,154.08400171477282
Kantha,2023-10-16 02:30:00,temp,23.0,23.30940445764187,1,1,1,154.08400171477282
Kantha,2023-10-17 02:15:00,temp,20.0,23.234622985540977,1,1,1,154.08400171477282
Kantha,2023-10-18 02:15:00,temp,20.0,21.011273866975817,1,1,1,154.08400171477282
Kantha,2023-10-19 02:15:00,temp,21.0,20.63775951920817,1,1,1,154.08400171477282
Kantha,2023-10-20 02:30:00,temp,19.0,21.204408584662474,1,1,1,154.08400171477282
Kantha,2023-10-21 02:15:00,temp,18.0,19.613695480872845,1,1,1,154.08400171477282
Kantha,2023-10-22 02:15:00,temp,18.0,18.561085241346674,1,1,1,154.08400171477282
Kantha,2023-10-23 02:00:00,temp,20.0,18.308354839969603,1,1,1,154.08400171477282
Kantha,2023-10-24 02:15:00,temp,19.0,19.75992261666639,1,1,1,154.08400171477282
Kantha,2023-10-25 02:15:00,temp,19.0,19.08365735412659,1,1,1,154.08400171477282
Kantha,2023-10-26 02:00:00,temp,22.0,19.051814214037943,1,1,1,154.08400171477282
Kantha,2023-10-27 02:15:00,temp,19.0,21.249558661586942,1,1,1,154.08400171477282
Kantha,2023-10-28 02:00:00,temp,19.0,19.407466786284587,1,1,1,154.08400171477282
Kantha,2023-10-29 02:30:00,temp,22.6,19.244777426564127,1,1,1,154.08400171477282
Kantha,2023-10-30 01:45:00,temp,19.0,21.50264128648134,1,1,1,154.08400171477282
Kapurthala,2023-10-15 02:30:00,temp,20.0,23.08586769248166,0,1,1,175.51615193123453
Kapurthala,2023-10-16 02:30:00,temp,21.0,21.339545740094454,0,1,1,175.51615193123453
Kapurthala,2023-10-17 02:30:00,temp,18.0,21.146146172829024,0,1,1,175.51615193123453
Kapurthala,2023-10-18 02:30:00,temp,15.0,19.291109062188053,0,1,1,175.51615193123453
Kapurthala,2023-10-19 02:15:00,temp,17.0,16.24151775502717,0,1,1,175.51615193123453
Kapurthala,2023-10-20 02:30:00,temp,18.0,16.782366035936075,0,1,1,175.51615193123453
Kapurthala,2023-10-21 02:15:00,temp,18.0,17.58300159084102,0,1,1,175.51615193123453
Kapurthala,2023-10-22 02:15:00,temp,21.0,17.857416379380442,0,1,1,175.51615193123453
Kapurthala,2023-10-23 02:15:00,temp,19.0,19.96975198600362,0,1,1,175.51615193123453
Kapurthala,2023-10-24 02:15:00,temp,19.0,19.314836156004223,0,1,1,175.51615193123453
Kapurthala,2023-10-25 02:15:00,temp,19.0,19.109920328427414,0,1,1,175.51615193123453
Kapurthala,2023-10-26 02:00:00,temp,18.0,19.03839963433392,0,1,1,175.51615193123453
Kapurthala,2023-10-27 02:15:00,temp,17.0,18.36155655566729,0,1,1,175.51615193123453
Kapurthala,2023-10-28 02:00:00,temp,20.0,17.45839493683619,0,1,1,175.51615193123453
Kapurthala,2023-10-29 02:45:00,temp,21.0,19.08691337529837,0,1,1,175.51615193123453
Kapurthala,2023-10-30 02:00:00,temp,20.0,20.356919369331283,0,1,1,175.51615193123453
Karaikal,2023-10-15 02:30:00,temp,25.9,26.24253203389795,1,0,2,93.45119183750855
Karaikal,2023-10-16 02:30:00,temp,26.9,26.107890463531174,1,0,2,93.45119183750855
Karaikal,2023-10-17 02:15:00,temp,26.2,27.033438600746027,1,0,2,93.45119183750855
Karaikal,2023-10-18 02:30:00,temp,26.4,26.330523995414556,1,0,2,93.45119183750855
Karaikal,2023-10-19 02:15:00,temp,26.5,26.354690422577807,1,0,2,93.45119183750855
Karaikal,2023-10-20 02:30:00,temp,26.0,26.753392065507228,1,0,2,93.45119183750855
Karaikal,2023-10-21 02:15:00,temp,26.1,25.960022437358763,1,0,2,93.45119183750855
Karaikal,2023-10-22 02:15:00,temp,25.9,26.608299915850075,1,0,2,93.45119183750855
Karaikal,2023-10-23 02:15:00,temp,26.2,26.10248861339381,1,0,2,93.45119183750855
Karaikal,2023-10-24 02:15:00,temp,25.6,26.459303684641867,1,0,2,93.45119183750855
Karaikal,2023-10-25 02:15:00,temp,25.9,26.202311851314676,1,0,2,93.45119183750855
Karaikal,2023-10-26 02:00:00,temp,26.4,26.08870555081403,1,0,2,93.45119183750855
Karaikal,2023-10-27 02:15:00,temp,26.4,26.681326498891643,1,0,2,93.45119183750855
Karaikal,2023-10-28 02:00:00,temp,25.7,26.298699213460655,1,0,2,93.45119183750855
Karaikal,2023-10-29 02:30:00,temp,26.4,26.153918817222713,1,0,2,93.45119183750855
Karaikal,2023-10-30 01:45:00,temp,26.6,26.460089960575427,1,0,2,93.45119183750855
Karauli,2023-10-15 02:30:00,temp,27.9,26.388909874478585,2,0,2,134.30299201858696
Karauli,2023-10-16 02:30:00,temp,26.0,27.146736402531847,2,0,2,134.30299201858696
Karauli,2023-10-17 02:30:00,temp,21.1,25.88818616645752,2,0,2,134.30299201858696
Karauli,2023-10-18 02:30:00,temp,22.9,21.8961671524213,2,0,2,134.30299201858696
Karauli,2023-10-19 02:30:00,temp,23.2,24.416220709027396,2,0,2,134.30299201858696
Karauli,2023-10-20 02:30:00,temp,23.1,26.049322419410625,2,0,2,134.30299201858696
Karauli,2023-10-21 02:30:00,temp,23.3,24.893354432420608,2,0,2,134.30299201858696
Karauli,2023-10-22 02:30:00,temp,23.2,24.486510664811046,2,0,2,134.30299201858696
Karauli,2023-10-23 02:15:00,temp,23.5,24.326057496720043,2,0,2,134.30299201858696
Karauli,2023-10-24 02:15:00,temp,22.2,24.503968166842196,2,0,2,134.30299201858696
Karauli,2023-10-25 02:30:00,temp,22.1,23.332640869813375,2,0,2,134.30299201858696
Karauli,2023-10-26 02:00:00,temp,22.3,23.234088803499226,2,0,2,134.30299201858696
Karauli,2023-10-27 02:30:00,temp,21.7,23.108484801611425,2,0,2,134.30299201858696
Karauli,2023-10-28 02:00:00,temp,22.0,22.74870772161772,2,0,2,134.30299201858696
Karauli,2023-10-29 02:45:00,temp,22.7,22.957825126423067,2,0,2,134.30299201858696
Karauli,2023-10-30 02:00:00,temp,23.7,23.544177433917294,2,0,2,134.30299201858696
Kargil,2023-10-15 02:30:00,temp,2.5,5.6,0,1,0,113.69897330904853
Kargil,2023-10-16 02:30:00,temp,2.9,2.500000000000001,0,1,0,113.69897330904853
Kargil,2023-10-17 02:15:00,temp,3.6,2.9,0,1,0,113.69897330904853
Kargil,2023-10-18 02:15:00,temp,1.0,3.6,0,1,0,113.69897330904853
Kargil,2023-10-19 02:15:00,temp,2.2,1.0,0,1,0,113.69897330904853
Kargil,2023-10-20 02:30:00,temp,1.9,2.2,0,1,0,113.69897330904853
Kargil,2023-10-21 02:15:00,temp,1.3,1.9,0,1,0,113.69897330904853
Kargil,2023-10-22 02:15:00,temp,1.0,1.3,0,1,0,113.69897330904853
Kargil,2023-10-23 02:00:00,temp,1.2,1.0,0,1,0,113.69897330904853
Kargil,2023-10-24 02:15:00,temp,0.6,1.2,0,1,0,113.69897330904853
Kargil,2023-10-25 02:15:00,temp,0.7,0.6,0,1,0,113.69897330904853
Kargil,2023-10-26 02:00:00,temp,0.7,0.7,0,1,0,113.69897330904853
Kargil,2023-10-27 02:15:00,temp,1.1,0.7,0,1,0,113.69897330904853
Kargil,2023-10-28 02:00:00,temp,1.3,1.1,0,1,0,113.69897330904853
Kargil,2023-10-29 02:30:00,temp,1.0,1.3,0,1,0,113.69897330904853
Kargil,2023-10-30 01:45:00,temp,-0.9,1.0,0,1,0,113.69897330904853
Karimganj,2023-10-15 03:00:00,temp,20.7,21.473884292203188,1,1,0,65.890016241664
Karimganj,2023-10-16 03:00:00,temp,21.1,20.84558973518832,1,1,0,65.890016241664
Karimganj,2023-10-17 02:45:00,temp,21.3,20.97937921267717,1,1,0,65.890016241664
Karimganj,2023-10-18 03:00:00,temp,20.2,21.241719392768644,1,1,0,65.890016241664
Karimganj,2023-10-19 02:45:00,temp,20.2,20.5382341323008,1,1,0,65.890016241664
Karimganj,2023-10-20 03:00:00,temp,20.0,20.2,1,1,0,65.890016241664
Karimganj,2023-10-21 02:45:00,temp,20.4,20.056142073271584,1,1,0,65.890016241664
Karimganj,2023-10-22 02:45:00,temp,20.6,20.285703444481626,1,1,0,65.890016241664
Karimganj,2023-10-23 02:45:00,temp,21.4,20.544636144881864,1,1,0,65.890016241664
Karimganj,2023-10-24 02:45:00,temp,21.7,21.18845523841038,1,1,0,65.890016241664
Karimganj,2023-10-25 02:45:00,temp,22.1,21.629041957027745,1,1,0,65.890016241664
Karimganj,2023-10-26 02:30:00,temp,20.4,22.009217374177034,1,1,0,65.890016241664
Karimganj,2023-10-27 02:45:00,temp,20.4,20.857839357508603,1,1,0,65.890016241664
Karimganj,2023-10-28 02:30:00,temp,20.2,20.4,1,1,0,65.890016241664
Karimganj,2023-10-29 03:00:00,temp,19.9,20.245160952969645,1,1,0,65.890016241664
Karimganj,2023-10-30 02:15:00,temp,20.3,19.966593990795495,1,1,0,65.890016241664
Karimnagar,2023-10-15 02:30:00,temp,23.5,23.55066803334686,1,0,0,101.15908500223935
Karimnagar,2023-10-16 02:30:00,temp,23.7,23.654325117030805,1,0,0,101.15908500223935
Karimnagar,2023-10-17 02:30:00,temp,23.0,23.760537236034576,1,0,0,101.15908500223935
Karimnagar,2023-10-18 02:30:00,temp,22.9,23.37518422989581,1,0,0,101.15908500223935
Karimnagar,2023-10-19 02:30:00,temp,22.7,23.30255378690008,1,0,0,101.15908500223935
Karimnagar,2023-10-20 02:30:00,temp,22.5,23.165814663871213,1,0,0,101.15908500223935
Karimnagar,2023-10-21 02:30:00,temp,22.9,23.01642479901249,1,0,0,101.15908500223935
Karimnagar,2023-10-22 02:30:00,temp,20.6,23.241692375656278,1,0,0,101.15908500223935
Karimnagar,2023-10-23 02:15:00,temp,19.5,21.686908474951345,1,0,0,101.15908500223935
Karimnagar,2023-10-24 02:15:00,temp,19.2,20.384790361048758,1,0,0,101.15908500223935
Karimnagar,2023-10-25 02:30:00,temp,19.2,19.84018004910089,1,0,0,101.15908500223935
Karimnagar,2023-10-26 02:00:00,temp,19.5,19.7103400185085,1,0,0,101.15908500223935
Karimnagar,2023-10-27 02:30:00,temp,18.7,19.93878263860955,1,0,0,101.15908500223935
Karimnagar,2023-10-28 02:00:00,temp,19.2,19.07341017799819,1,0,0,101.15908500223935
Karimnagar,2023-10-29 02:45:00,temp,20.1,19.54160421102963,1,0,0,101.15908500223935
Karimnagar,2023-10-30 02:00:00,temp,20.4,20.40102555829872,1,0,0,101.15908500223935
Karnal,2023-10-15 02:30:00,temp,23.2,22.350051699730372,1,1,1,162.8001076929149
Karnal,2023-10-16 02:30:00,temp,22.2,23.214372306884364,1,1,1,162.8001076929149
Karnal,2023-10-17 02:15:00,temp,18.3,22.514476165262458,1,1,1,162.8001076929149
Karnal,2023-10-18 02:30:00,temp,20.1,19.66635588674749,1,1,1,162.8001076929149
Karnal,2023-10-19 02:15:00,temp,19.2,20.788560545635587,1,1,1,162.8001076929149
Karnal,2023-10-20 02:30:00,temp,19.7,19.982752969416026,1,1,1,162.8001076929149
Karnal,2023-10-21 02:15:00,temp,19.9,20.21086152053753,1,1,1,162.8001076929149
Karnal,2023-10-22 02:15:00,temp,19.6,20.26535065846508,1,1,1,162.8001076929149
Karnal,2023-10-23 02:15:00,temp,20.5,19.967765617519227,1,1,1,162.8001076929149
Karnal,2023-10-24 02:15:00,temp,20.0,20.576497887118364,1,1,1,162.8001076929149
Karnal,2023-10-25 02:15:00,temp,20.4,20.189633538690195,1,1,1,162.8001076929149
Karnal,2023-10-26 02:00:00,temp,20.2,20.451116964033123,1,1,1,162.8001076929149
Karnal,2023-10-27 02:15:00,temp,19.7,20.295617906604082,1,1,1,162.8001076929149
Karnal,2023-10-28 02:00:00,temp,20.2,19.915164779055566,1,1,1,162.8001076929149
Karnal,2023-10-29 02:30:00,temp,20.4,20.240724636290064,1,1,1,162.8001076929149
Karnal,2023-10-30 01:45:00,temp,20.7,20.378761907219385,1,1,1,162.8001076929149
Karur,2023-10-15 02:30:00,temp,25.2,25.406289129707215,2,0,2,92.57173877779579
Karur,2023-10-16 02:30:00,temp,25.0,25.578880100389526,2,0,2,92.57173877779579
Karur,2023-10-17 02:30:00,temp,23.4,25.65318144796023,2,0,2,92.57173877779579
Karur,2023-10-18 02:30:00,temp,24.2,25.34096004779571,2,0,2,92.57173877779579
Karur,2023-10-19 02:30:00,temp,24.0,24.529187100156836,2,0,2,92.57173877779579
Karur,2023-10-20 02:30:00,temp,24.2,24.456938623857084,2,0,2,92.57173877779579
Karur,2023-10-21 02:15:00,temp,23.7,24.478274999337028,2,0,2,92.57173877779579
Karur,2023-10-22 02:30:00,temp,24.7,24.272705267092014,2,0,2,92.57173877779579
Karur,2023-10-23 02:15:00,temp,24.2,24.62204399121943,2,0,2,92.57173877779579
Karur,2023-10-24 02:15:00,temp,25.0,24.600267878542954,2,0,2,92.57173877779579
Karur,2023-10-25 02:30:00,temp,24.3,24.91673775403581,2,0,2,92.57173877779579
Karur,2023-10-26 02:00:00,temp,27.0,24.744922529461423,2,0,2,92.57173877779579
Karur,2023-10-27 02:30:00,temp,23.9,25.401680129098093,2,0,2,92.57173877779579
Karur,2023-10-28 02:00:00,temp,25.2,25.60620052746146,2,0,2,92.57173877779579
Karur,2023-10-29 02:45:00,temp,23.5,24.54275922588707,2,0,2,92.57173877779579
Karur,2023-10-30 02:00:00,temp,23.6,25.21886328231465,2,0,2,92.57173877779579
Kasaragod,2023-10-15 02:30:00,temp,26.0,25.8215651707163,0,1,1,114.32956610362035
Kasaragod,2023-10-16 02:30:00,temp,27.0,25.883320434907315,0,1,1,114.32956610362035
Kasaragod,2023-10-17 02:15:00,temp,24.0,26.29015166749436,0,1,1,114.32956610362035
Kasaragod,2023-10-18 02:30:00,temp,25.0,25.562155492387152,0,1,1,114.32956610362035
Kasaragod,2023-10-19 02:15:00,temp,27.0,25.404711899499336,0,1,1,114.32956610362035
Kasaragod,2023-10-20 02:30:00,temp,26.0,25.824797798874183,0,1,1,114.32956610362035
Kasaragod,2023-10-21 02:15:00,temp,26.0,25.870639005169043,0,1,1,114.32956610362035
Kasaragod,2023-10-22 02:15:00,temp,24.0,25.904444658264147,0,1,1,114.32956610362035
Kasaragod,2023-10-23 02:15:00,temp,25.0,25.439788583630698,0,1,1,114.32956610362035
Kasaragod,2023-10-24 02:15:00,temp,27.0,25.325722830971486,0,1,1,114.32956610362035
Kasaragod,2023-10-25 02:15:00,temp,27.0,25.720455938117635,0,1,1,114.32956610362035
Kasaragod,2023-10-26 02:00:00,temp,27.0,26.016314748016768,0,1,1,114.32956610362035
Kasaragod,2023-10-27 02:15:00,temp,26.0,26.284371256297486,0,1,1,114.32956610362035
Kasaragod,2023-10-28 02:00:00,temp,27.0,26.203296064502492,0,1,1,114.32956610362035
Kasaragod,2023-10-29 02:30:00,temp,27.0,26.417133432611976,0,1,1,114.32956610362035
Kasaragod,2023-10-30 01:45:00,temp,23.0,26.585240452979832,0,1,1,114.32956610362035
Kathua,2023-10-15 02:30:00,temp,20.9,20.630641698612074,0,1,2,122.22563319833101
Kathua,2023-10-16 02:30:00,temp,20.9,20.967934413863027,0,1,2,122.22563319833101
Kathua,2023-10-17 02:15:00,temp,16.7,20.813858418652792,0,1,2,122.22563319833101
Kathua,2023-10-18 02:15:00,temp,15.9,16.792632290614826,0,1,2,122.22563319833101
Kathua,2023-10-19 02:15:00,temp,15.7,17.31905508226257,0,1,2,122.22563319833101
Kathua,2023-10-20 02:30:00,temp,16.5,15.75370843545103,0,1,2,122.22563319833101
Kathua,2023-10-21 02:00:00,temp,17.1,16.804389269882552,0,1,2,122.22563319833101
Kathua,2023-10-22 02:15:00,temp,18.3,16.938636183309328,0,1,2,122.22563319833101
Kathua,2023-10-23 02:00:00,temp,17.7,18.276828988163555,0,1,2,122.22563319833101
Kathua,2023-10-24 02:15:00,temp,17.6,17.3682684959371,0,1,2,122.22563319833101
Kathua,2023-10-25 02:15:00,temp,17.7,17.732446893989145,0,1,2,122.22563319833101
Kathua,2023-10-26 02:00:00,temp,17.5,17.64787829874051,0,1,2,122.22563319833101
Kathua,2023-10-27 02:15:00,temp,17.6,17.504836760387395,0,1,2,122.22563319833101
Kathua,2023-10-28 02:00:00,temp,18.2,17.636147534797782,0,1,2,122.22563319833101
Kathua,2023-10-29 02:30:00,temp,18.2,18.189197762186755,0,1,2,122.22563319833101
Kathua,2023-10-30 01:45:00,temp,18.5,18.068357759468054,0,1,2,122.22563319833101
Katihar,2023-10-15 02:30:00,temp,22.7,23.8,0,1,0,151.05901331394375
Katihar,2023-10-16 02:30:00,temp,25.4,22.7,0,1,0,151.05901331394375
Katihar,2023-10-17 02:15:00,temp,23.4,25.4,0,1,0,151.05901331394375
Katihar,2023-10-18 02:30:00,temp,23.7,23.4,0,1,0,151.05901331394375
Katihar,2023-10-19 02:15:00,temp,22.2,23.7,0,1,0,151.05901331394375
Katihar,2023-10-20 02:30:00,temp,22.3,22.2,0,1,0,151.05901331394375
Katihar,2023-10-21 02:15:00,temp,21.6,22.3,0,1,0,151.05901331394375
Katihar,2023-10-22 02:15:00,temp,21.7,21.6,0,1,0,151.05901331394375
Katihar,2023-10-23 02:15:00,temp,21.9,21.7,0,1,0,151.05901331394375
Katihar,2023-10-24 02:15:00,temp,21.9,21.9,0,1,0,151.05901331394375
Katihar,2023-10-25 02:15:00,temp,22.5,21.9,0,1,0,151.05901331394375
Katihar,2023-10-26 02:00:00,temp,21.7,22.5,0,1,0,151.05901331394375
Katihar,2023-10-27 02:15:00,temp,21.2,21.7,0,1,0,151.05901331394375
Katihar,2023-10-28 02:00:00,temp,21.3,21.2,0,1,0,151.05901331394375
Katihar,2023-10-29 02:30:00,temp,21.5,21.3,0,1,0,151.05901331394375
Katihar,2023-10-30 01:45:00,temp,22.0,21.5,0,1,0,151.05901331394375
Katni,2023-10-15 02:30:00,temp,27.0,26.338785421202548,0,0,1,101.75119205742273
Katni,2023-10-16 02:30:00,temp,25.0,26.86862146216711,0,0,1,101.75119205742273
Katni,2023-10-17 02:15:00,temp,26.0,26.31586976692986,0,0,1,101.75119205742273
Katni,2023-10-18 02:15:00,temp,25.0,26.597768982012443,0,0,1,101.75119205742273
Katni,2023-10-19 02:15:00,temp,26.0,26.288626457547593,0,0,1,101.75119205742273
Katni,2023-10-20 02:15:00,temp,24.0,26.551547201134444,0,0,1,101.75119205742273
Katni,2023-10-21 02:00:00,temp,24.0,26.008856971326015,0,0,1,101.75119205742273
Katni,2023-10-22 02:15:00,temp,24.0,25.966070335139808,0,0,1,101.75119205742273
Katni,2023-10-23 02:00:00,temp,25.0,25.815655759976533,0,0,1,101.75119205742273
Katni,2023-10-24 02:15:00,temp,25.0,26.16147196110709,0,0,1,101.75119205742273
Katni,2023-10-25 02:15:00,temp,24.0,26.001015528587736,0,0,1,101.75119205742273
Katni,2023-10-26 02:00:00,temp,25.0,25.621804284499145,0,0,1,101.75119205742273
Katni,2023-10-27 02:15:00,temp,23.0,26.109017752483197,0,0,1,101.75119205742273
Katni,2023-10-28 02:00:00,temp,22.0,25.079645066904213,0,0,1,101.75119205742273
Katni,2023-10-29 02:30:00,temp,21.0,24.891522566696064,0,0,1,101.75119205742273
Katni,2023-10-30 01:45:00,temp,21.0,24.21268208197113,0,0,1,101.75119205742273
Kavaratti,2023-10-15 02:30:00,temp,27.4,27.689996076331184,1,0,0,28.46049320770506
Kavaratti,2023-10-16 02:30:00,temp,27.3,27.43811145440987,1,0,0,28.46049320770506
Kavaratti,2023-10-17 02:30:00,temp,27.7,27.39694569452417,1,0,0,28.46049320770506
Kavaratti,2023-10-18 02:30:00,temp,28.2,27.553851667572378,1,0,0,28.46049320770506
Kavaratti,2023-10-19 02:15:00,temp,28.4,27.77639412841468,1,0,0,28.46049320770506
Kavaratti,2023-10-20 02:30:00,temp,28.0,27.9425753031821,1,0,0,28.46049320770506
Kavaratti,2023-10-21 02:15:00,temp,28.1,27.754705744142882,1,0,0,28.46049320770506
Kavaratti,2023-10-22 02:15:00,temp,28.1,27.825283853055375,1,0,0,28.46049320770506
Kavaratti,2023-10-23 02:15:00,temp,28.4,27.843428889394406,1,0,0,28.46049320770506
Kavaratti,2023-10-24 02:15:00,temp,28.4,28.05108949502428,1,0,0,28.46049320770506
Kavaratti,2023-10-25 02:15:00,temp,28.0,28.087570470914315,1,0,0,28.46049320770506
Kavaratti,2023-10-26 02:00:00,temp,28.1,27.83668739078023,1,0,0,28.46049320770506
Kavaratti,2023-10-27 02:15:00,temp,28.2,27.90837227879446,1,0,0,28.46049320770506
Kavaratti,2023-10-28 02:00:00,temp,28.2,27.984982608905327,1,0,0,28.46049320770506
Kavaratti,2023-10-29 02:30:00,temp,28.4,27.996511897877962,1,0,0,28.46049320770506
Kavaratti,2023-10-30 01:45:00,temp,28.4,28.150927848560443,1,0,0,28.46049320770506
Kendrapara,2023-10-15 02:30:00,temp,25.8,26.734493997212162,0,1,1,69.55007830497432
Kendrapara,2023-10-16 02:30:00,temp,25.9,26.43380862644063,0,1,1,69.55007830497432
Kendrapara,2023-10-17 02:30:00,temp,26.1,26.185158896340766,0,1,1,69.55007830497432
Kendrapara,2023-10-18 02:30:00,temp,25.6,26.144882544844894,0,1,1,69.55007830497432
Kendrapara,2023-10-19 02:30:00,temp,25.4,25.895679451386233,0,1,1,69.55007830497432
Kendrapara,2023-10-20 02:30:00,temp,25.5,25.65072483682895,0,1,1,69.55007830497432
Kendrapara,2023-10-21 02:15:00,temp,24.4,25.57502480928291,0,1,1,69.55007830497432
Kendrapara,2023-10-22 02:30:00,temp,23.8,24.959199259520133,0,1,1,69.55007830497432
Kendrapara,2023-10-23 02:15:00,temp,24.9,24.22257366136239,0,1,1,69.55007830497432
Kendrapara,2023-10-24 02:15:00,temp,23.5,24.631275731237828,0,1,1,69.55007830497432
Kendrapara,2023-10-25 02:15:00,temp,24.8,24.004926299426366,0,1,1,69.55007830497432
Kendrapara,2023-10-26 02:00:00,temp,24.7,24.437770689872305,0,1,1,69.55007830497432
Kendrapara,2023-10-27 02:15:00,temp,24.1,24.573830025177056,0,1,1,69.55007830497432
Kendrapara,2023-10-28 02:00:00,temp,23.4,24.329849582524105,0,1,1,69.55007830497432
Kendrapara,2023-10-29 02:45:00,temp,23.1,23.8411111779987,0,1,1,69.55007830497432
Kendrapara,2023-10-30 02:00:00,temp,23.4,23.41791357928801,0,1,1,69.55007830497432
Khagaria,2023-10-15 02:30:00,temp,22.5,24.063965791502252,1,1,1,154.67867796864925
Khagaria,2023-10-16 02:30:00,temp,24.0,23.07519133385498,1,1,1,154.67867796864925
Khagaria,2023-10-17 02:15:00,temp,23.6,24.16324148301804,1,1,1,154.67867796864925
Khagaria,2023-10-18 02:30:00,temp,23.9,23.83641420971182,1,1,1,154.67867796864925
Khagaria,2023-10-19 02:15:00,temp,21.9,24.031794542355165,1,1,1,154.67867796864925
Khagaria,2023-10-20 02:30:00,temp,22.0,22.490483012758162,1,1,1,154.67867796864925
Khagaria,2023-10-21 02:15:00,temp,21.0,22.46263213691322,1,1,1,154.67867796864925
Khagaria,2023-10-22 02:15:00,temp,21.0,21.571584998675565,1,1,1,154.67867796864925
Khagaria,2023-10-23 02:15:00,temp,20.8,21.45588170116181,1,1,1,154.67867796864925
Khagaria,2023-10-24 02:15:00,temp,22.2,21.19852022085995,1,1,1,154.67867796864925
Khagaria,2023-10-25 02:15:00,temp,22.6,22.27203840584083,1,1,1,154.67867796864925
Khagaria,2023-10-26 02:00:00,temp,21.9,22.583095680974278,1,1,1,154.67867796864925
Khagaria,2023-10-27 02:15:00,temp,20.5,22.025688868656715,1,1,1,154.67867796864925
Khagaria,2023-10-28 02:00:00,temp,21.0,20.89057917587433,1,1,1,154.67867796864925
Khagaria,2023-10-29 02:30:00,temp,21.9,21.219250220840777,1,1,1,154.67867796864925
Khagaria,2023-10-30 01:45:00,temp,21.9,21.894332707867928,1,1,1,154.67867796864925
Khammam,2023-10-15 02:30:00,temp,23.3,23.854106537648732,1,0,0,109.28379620626856
Khammam,2023-10-16 02:30:00,temp,23.5,23.865948154622338,1,0,0,109.28379620626856
Khammam,2023-10-17 02:30:00,temp,23.3,23.943042196183637,1,0,0,109.28379620626856
Khammam,2023-10-18 02:30:00,temp,22.9,23.816825437246223,1,0,0,109.28379620626856
Khammam,2023-10-19 02:30:00,temp,22.6,23.562072372596425,1,0,0,109.28379620626856
Khammam,2023-10-20 02:30:00,temp,22.4,23.327284561641747,1,0,0,109.28379620626856
Khammam,2023-10-21 02:30:00,temp,23.2,23.12964518597291,1,0,0,109.28379620626856
Khammam,2023-10-22 02:30:00,temp,21.9,23.61105984144144,1,0,0,109.28379620626856
Khammam,2023-10-23 02:15:00,temp,20.9,22.725194269464424,1,0,0,109.28379620626856
Khammam,2023-10-24 02:15:00,temp,20.5,21.81423757242912,1,0,0,109.28379620626856
Khammam,2023-10-25 02:30:00,temp,19.9,21.282248359074853,1,0,0,109.28379620626856
Khammam,2023-10-26 02:00:00,temp,19.9,20.55843610326227,1,0,0,109.28379620626856
Khammam,2023-10-27 02:30:00,temp,19.8,20.446324013293157,1,0,0,109.28379620626856
Khammam,2023-10-28 02:00:00,temp,24.1,20.26956284580916,1,0,0,109.28379620626856
Khammam,2023-10-29 02:45:00,temp,23.3,24.051526580933068,1,0,0,109.28379620626856
Khammam,2023-10-30 02:00:00,temp,22.1,23.43528755744335,1,0,0,109.28379620626856
Khandwa,2023-10-15 02:30:00,temp,25.1,24.4,0,1,0,102.04555166920818
Khandwa,2023-10-16 02:30:00,temp,23.9,25.1,0,1,0,102.04555166920818
Khandwa,2023-10-17 02:15:00,temp,22.7,23.9,0,1,0,102.04555166920818
Khandwa,2023-10-18 02:15:00,temp,22.8,22.7,0,1,0,102.04555166920818
Khandwa,2023-10-19 02:15:00,temp,23.6,22.8,0,1,0,102.04555166920818
Khandwa,2023-10-20 02:15:00,temp,23.0,23.6,0,1,0,102.04555166920818
Khandwa,2023-10-21 02:00:00,temp,23.3,23.0,0,1,0,102.04555166920818
Khandwa,2023-10-22 02:15:00,temp,23.0,23.3,0,1,0,102.04555166920818
Khandwa,2023-10-23 02:00:00,temp,22.8,23.0,0,1,0,102.04555166920818
Khandwa,2023-10-24 02:15:00,temp,21.5,22.8,0,1,0,102.04555166920818
Khandwa,2023-10-25 02:15:00,temp,21.6,21.5,0,1,0,102.04555166920818
Khandwa,2023-10-26 02:00:00,temp,20.6,21.6,0,1,0,102.04555166920818
Khandwa,2023-10-27 02:15:00,temp,20.8,20.6,0,1,0,102.04555166920818
Khandwa,2023-10-28 02:00:00,temp,20.4,20.8,0,1,0,102.04555166920818
Khandwa,2023-10-29 02:30:00,temp,20.2,20.4,0,1,0,102.04555166920818
Khandwa,2023-10-30 01:45:00,temp,20.5,20.2,0,1,0,102.04555166920818
Khargone,2023-10-15 02:30:00,temp,26.3,26.051326383067128,0,0,2,101.25403450805251
Khargone,2023-10-16 02:30:00,temp,25.1,24.832030332576,0,0,2,101.25403450805251
Khargone,2023-10-17 02:15:00,temp,24.2,23.85300219281934,0,0,2,101.25403450805251
Khargone,2023-10-18 02:15:00,temp,24.1,23.97116874799209,0,0,2,101.25403450805251
Khargone,2023-10-19 02:15:00,temp,24.1,23.853878835826112,0,0,2,101.25403450805251
Khargone,2023-10-20 02:15:00,temp,24.5,23.824952703278427,0,0,2,101.25403450805251
Khargone,2023-10-21 02:00:00,temp,24.6,24.31400687423581,0,0,2,101.25403450805251
Khargone,2023-10-22 02:15:00,temp,25.6,24.302672449304776,0,0,2,101.25403450805251
Khargone,2023-10-23 02:00:00,temp,24.9,24.91657236376021,0,0,2,101.25403450805251
Khargone,2023-10-24 02:15:00,temp,24.4,24.582732989647422,0,0,2,101.25403450805251
Khargone,2023-10-25 02:15:00,temp,23.7,23.46937415870092,0,0,2,101.25403450805251
Khargone,2023-10-26 02:00:00,temp,22.2,23.704943257444818,0,0,2,101.25403450805251
Khargone,2023-10-27 02:15:00,temp,22.1,22.603043629345496,0,0,2,101.25403450805251
Khargone,2023-10-28 02:00:00,temp,21.9,22.050258600899884,0,0,2,101.25403450805251
Khargone,2023-10-29 02:30:00,temp,21.9,23.046506354712392,0,0,2,101.25403450805251
Khargone,2023-10-30 01:45:00,temp,22.4,22.49447337601963,0,0,2,101.25403450805251
Kheda,2023-10-15 02:30:00,temp,28.0,26.049401501273298,1,1,1,140.47054202913992
Kheda,2023-10-16 02:30:00,temp,26.0,27.200358873616505,1,1,1,140.47054202913992
Kheda,2023-10-17 02:15:00,temp,26.0,26.140377173637926,1,1,1,140.47054202913992
Kheda,2023-10-18 02:15:00,temp,24.0,26.129365699131757,1,1,1,140.47054202913992
Kheda,2023-10-19 02:15:00,temp,24.0,25.080975737722852,1,1,1,140.47054202913992
Kheda,2023-10-20 02:15:00,temp,25.0,24.920243266473534,1,1,1,140.47054202913992
Kheda,2023-10-21 02:15:00,temp,24.0,25.385016488690315,1,1,1,140.47054202913992
Kheda,2023-10-22 02:15:00,temp,25.0,24.7636376699205,1,1,1,140.47054202913992
Kheda,2023-10-23 02:00:00,temp,24.0,25.249863788279487,1,1,1,140.47054202913992
Kheda,2023-10-24 02:15:00,temp,25.0,24.64054741914906,1,1,1,140.47054202913992
Kheda,2023-10-25 02:15:00,temp,24.0,25.136523923968436,1,1,1,140.47054202913992
Kheda,2023-10-26 02:00:00,temp,24.0,24.54562140457373,1,1,1,140.47054202913992
Kheda,2023-10-27 02:15:00,temp,24.0,24.46618876156805,1,1,1,140.47054202913992
Kheda,2023-10-28 02:00:00,temp,23.0,24.397569431792068,1,1,1,140.47054202913992
Kheda,2023-10-29 02:30:00,temp,24.0,23.7377530202924,1,1,1,140.47054202913992
Kheda,2023-10-30 01:45:00,temp,23.0,24.22146643308517,1,1,1,140.47054202913992
Kheri,2023-10-15 02:30:00,temp,22.4,22.921934563539676,2,1,2,146.0514693716874
Kheri,2023-10-16 02:30:00,temp,22.9,23.48518833491591,2,1,2,146.0514693716874
Kheri,2023-10-17 02:30:00,temp,19.7,23.5377713042409,2,1,2,146.0514693716874
Kheri,2023-10-18 02:30:00,temp,20.1,20.12628963685573,2,1,2,146.0514693716874
Kheri,2023-10-19 02:30:00,temp,19.0,20.882859208458257,2,1,2,146.0514693716874
Kheri,2023-10-20 02:30:00,temp,18.4,19.61836137653691,2,1,2,146.0514693716874
Kheri,2023-10-21 02:15:00,temp,19.2,18.888898510359827,2,1,2,146.0514693716874
Kheri,2023-10-22 02:30:00,temp,19.6,19.649332470540934,2,1,2,146.0514693716874
Kheri,2023-10-23 02:15:00,temp,19.6,19.701678784647466,2,1,2,146.0514693716874
Kheri,2023-10-24 02:15:00,temp,19.4,19.412723178980517,2,1,2,146.0514693716874
Kheri,2023-10-25 02:30:00,temp,20.5,19.125923279235053,2,1,2,146.0514693716874
Kheri,2023-10-26 02:00:00,temp,20.4,20.21836886614745,2,1,2,146.0514693716874
Kheri,2023-10-27 02:30:00,temp,20.0,20.047060814949557,2,1,2,146.0514693716874
Kheri,2023-10-28 02:00:00,temp,20.3,19.762027207360788,2,1,2,146.0514693716874
Kheri,2023-10-29 02:45:00,temp,20.3,20.241456350626823,2,1,2,146.0514693716874
Kheri,2023-10-30 02:00:00,temp,20.0,20.31295911908539,2,1,2,146.0514693716874
Khordha,2023-10-15 02:30:00,temp,27.0,26.393717282398768,1,0,0,99.11933586082091
Khordha,2023-10-16 02:30:00,temp,25.0,26.77360923175249,1,0,0,99.11933586082091
Khordha,2023-10-17 02:30:00,temp,26.0,26.338626710150383,1,0,0,99.11933586082091
Khordha,2023-10-18 02:30:00,temp,25.0,26.5122604573082,1,0,0,99.11933586082091
Khordha,2023-10-19 02:30:00,temp,26.0,26.203082711146806,1,0,0,99.11933586082091
Khordha,2023-10-20 02:30:00,temp,24.0,26.44656501473492,1,0,0,99.11933586082091
Khordha,2023-10-21 02:15:00,temp,24.0,25.739557369645368,1,0,0,99.11933586082091
Khordha,2023-10-22 02:30:00,temp,24.0,25.39555413577207,1,0,0,99.11933586082091
Khordha,2023-10-23 02:15:00,temp,25.0,25.167993121403843,1,0,0,99.11933586082091
Khordha,2023-10-24 02:15:00,temp,25.0,25.67092306784295,1,0,0,99.11933586082091
Khordha,2023-10-25 02:15:00,temp,24.0,25.632681275215,1,0,0,99.11933586082091
Khordha,2023-10-26 02:00:00,temp,25.0,24.958903886395177,1,0,0,99.11933586082091
Khordha,2023-10-27 02:15:00,temp,23.0,25.54895265785951,1,0,0,99.11933586082091
Khordha,2023-10-28 02:00:00,temp,22.0,24.158472187107897,1,0,0,99.11933586082091
Khordha,2023-10-29 02:45:00,temp,21.0,23.086752748435323,1,0,0,99.11933586082091
Khordha,2023-10-30 02:00:00,temp,21.0,21.86642392260882,1,0,0,99.11933586082091
Khowai,2023-10-15 03:00:00,temp,21.0,21.753386897446884,0,1,1,86.12932486636826
Khowai,2023-10-16 03:00:00,temp,21.1,21.209444736311706,0,1,1,86.12932486636826
Khowai,2023-10-17 02:45:00,temp,21.4,21.131622845607243,0,1,1,86.12932486636826
Khowai,2023-10-18 03:00:00,temp,20.5,21.316105594432415,0,1,1,86.12932486636826
Khowai,2023-10-19 02:45:00,temp,20.7,20.762128516741114,0,1,1,86.12932486636826
Khowai,2023-10-20 03:00:00,temp,20.5,20.719239204977335,0,1,1,86.12932486636826
Khowai,2023-10-21 02:45:00,temp,20.2,20.568908200468833,0,1,1,86.12932486636826
Khowai,2023-10-22 02:45:00,temp,20.9,20.31382895988219,0,1,1,86.12932486636826
Khowai,2023-10-23 02:45:00,temp,21.3,20.712333349077408,0,1,1,86.12932486636826
Khowai,2023-10-24 02:45:00,temp,21.9,21.11911265690836,0,1,1,86.12932486636826
Khowai,2023-10-25 02:45:00,temp,22.1,21.686075318932485,0,1,1,86.12932486636826
Khowai,2023-10-26 02:30:00,temp,21.0,21.996727728731152,0,1,1,86.12932486636826
Khowai,2023-10-27 02:45:00,temp,20.8,21.28819588705038,0,1,1,86.12932486636826
Khowai,2023-10-28 02:30:00,temp,20.5,20.930191166076256,0,1,1,86.12932486636826
Khowai,2023-10-29 03:00:00,temp,19.3,20.608800747717293,0,1,1,86.12932486636826
Khowai,2023-10-30 02:15:00,temp,20.0,19.58402689933514,0,1,1,86.12932486636826
Khunti,2023-10-15 02:30:00,temp,20.0,21.383720117283374,0,1,2,107.72610835122505
Khunti,2023-10-16 02:30:00,temp,19.0,20.458827445279532,0,1,2,107.72610835122505
Khunti,2023-10-17 02:15:00,temp,20.7,19.45514709337183,0,1,2,107.72610835122505
Khunti,2023-10-18 02:30:00,temp,20.0,20.767467716307348,0,1,2,107.72610835122505
Khunti,2023-10-19 02:15:00,temp,20.0,19.979464496329925,0,1,2,107.72610835122505
Khunti,2023-10-20 02:30:00,temp,20.0,20.114027734781967,0,1,2,107.72610835122505
Khunti,2023-10-21 02:00:00,temp,17.0,20.02597811862184,0,1,2,107.72610835122505
Khunti,2023-10-22 02:15:00,temp,16.0,17.733356277629753,0,1,2,107.72610835122505
Khunti,2023-10-23 02:00:00,temp,18.0,16.731852951048765,0,1,2,107.72610835122505
Khunti,2023-10-24 02:15:00,temp,20.0,18.234366795385125,0,1,2,107.72610835122505
Khunti,2023-10-25 02:15:00,temp,18.8,19.500880412630988,0,1,2,107.72610835122505
Khunti,2023-10-26 02:00:00,temp,21.0,18.394935983105235,0,1,2,107.72610835122505
Khunti,2023-10-27 02:15:00,temp,18.0,20.68438405161693,0,1,2,107.72610835122505
Khunti,2023-10-28 02:00:00,temp,18.0,18.249092123800285,0,1,2,107.72610835122505
Khunti,2023-10-29 02:30:00,temp,17.8,18.55849049311557,0,1,2,107.72610835122505
Khunti,2023-10-30 01:45:00,temp,17.0,18.074568766090415,0,1,2,107.72610835122505
Kishanganj,2023-10-15 02:30:00,temp,22.7,23.3,0,1,0,149.63991376777736
Kishanganj,2023-10-16 02:30:00,temp,23.6,22.7,0,1,0,149.63991376777736
Kishanganj,2023-10-17 02:15:00,temp,22.5,23.6,0,1,0,149.63991376777736
Kishanganj,2023-10-18 02:30:00,temp,22.9,22.5,0,1,0,149.63991376777736
Kishanganj,2023-10-19 02:15:00,temp,21.9,22.9,0,1,0,149.63991376777736
Kishanganj,2023-10-20 02:30:00,temp,21.8,21.9,0,1,0,149.63991376777736
Kishanganj,2023-10-21 02:15:00,temp,21.4,21.8,0,1,0,149.63991376777736
Kishanganj,2023-10-22 02:15:00,temp,21.7,21.4,0,1,0,149.63991376777736
Kishanganj,2023-10-23 02:00:00,temp,20.9,21.7,0,1,0,149.63991376777736
Kishanganj,2023-10-24 02:15:00,temp,20.9,20.9,0,1,0,149.63991376777736
Kishanganj,2023-10-25 02:15:00,temp,21.4,20.9,0,1,0,149.63991376777736
Kishanganj,2023-10-26 02:00:00,temp,22.0,21.4,0,1,0,149.63991376777736
Kishanganj,2023-10-27 02:15:00,temp,21.0,22.0,0,1,0,149.63991376777736
Kishanganj,2023-10-28 02:00:00,temp,20.6,21.0,0,1,0,149.63991376777736
Kishanganj,2023-10-29 02:30:00,temp,21.1,20.6,0,1,0,149.63991376777736
Kishanganj,2023-10-30 01:45:00,temp,21.7,21.1,0,1,0,149.63991376777736
Kishtwar,2023-10-15 02:30:00,temp,8.7,8.9,0,1,0,117.43407829834544
Kishtwar,2023-10-16 02:30:00,temp,6.9,8.7,0,1,0,117.43407829834544
Kishtwar,2023-10-17 02:15:00,temp,6.2,6.8999999999999995,0,1,0,117.43407829834544
Kishtwar,2023-10-18 02:15:00,temp,3.7,6.2,0,1,0,117.43407829834544
Kishtwar,2023-10-19 02:15:00,temp,4.6,3.7,0,1,0,117.43407829834544
Kishtwar,2023-10-20 02:30:00,temp,5.2,4.6,0,1,0,117.43407829834544
Kishtwar,2023-10-21 02:15:00,temp,5.7,5.2,0,1,0,117.43407829834544
Kishtwar,2023-10-22 02:15:00,temp,6.3,5.7,0,1,0,117.43407829834544
Kishtwar,2023-10-23 02:00:00,temp,4.7,6.3,0,1,0,117.43407829834544
Kishtwar,2023-10-24 02:15:00,temp,5.4,4.7,0,1,0,117.43407829834544
Kishtwar,2023-10-25 02:15:00,temp,4.8,5.4,0,1,0,117.43407829834544
Kishtwar,2023-10-26 02:00:00,temp,5.6,4.8,0,1,0,117.43407829834544
Kishtwar,2023-10-27 02:15:00,temp,5.8,5.6,0,1,0,117.43407829834544
Kishtwar,2023-10-28 02:00:00,temp,6.2,5.8,0,1,0,117.43407829834544
Kishtwar,2023-10-29 02:30:00,temp,6.4,6.2,0,1,0,117.43407829834544
Kishtwar,2023-10-30 01:45:00,temp,6.5,6.4,0,1,0,117.43407829834544
Koch Bihar,2023-10-15 02:30:00,temp,21.0,22.2,0,1,0,117.58251813550163
Koch Bihar,2023-10-16 02:30:00,temp,21.1,21.0,0,1,0,117.58251813550163
Koch Bihar,2023-10-17 02:30:00,temp,20.9,21.1,0,1,0,117.58251813550163
Koch Bihar,2023-10-18 02:30:00,temp,20.9,20.9,0,1,0,117.58251813550163
Koch Bihar,2023-10-19 02:15:00,temp,20.2,20.9,0,1,0,117.58251813550163
Koch Bihar,2023-10-20 02:30:00,temp,20.5,20.2,0,1,0,117.58251813550163
Koch Bihar,2023-10-21 02:15:00,temp,19.9,20.5,0,1,0,117.58251813550163
Koch Bihar,2023-10-22 02:15:00,temp,19.8,19.9,0,1,0,117.58251813550163
Koch Bihar,2023-10-23 02:15:00,temp,19.0,19.8,0,1,0,117.58251813550163
Koch Bihar,2023-10-24 02:15:00,temp,19.8,19.0,0,1,0,117.58251813550163
Koch Bihar,2023-10-25 02:15:00,temp,19.3,19.8,0,1,0,117.58251813550163
Koch Bihar,2023-10-26 02:00:00,temp,19.9,19.3,0,1,0,117.58251813550163
Koch Bihar,2023-10-27 02:15:00,temp,20.1,19.9,0,1,0,117.58251813550163
Koch Bihar,2023-10-28 02:00:00,temp,19.3,20.1,0,1,0,117.58251813550163
Koch Bihar,2023-10-29 02:45:00,temp,19.7,19.3,0,1,0,117.58251813550163
Koch Bihar,2023-10-30 02:00:00,temp,19.9,19.7,0,1,0,117.58251813550163
Kodarma,2023-10-15 02:30:00,temp,20.6,21.4,0,1,0,113.86054019809141
Kodarma,2023-10-16 02:30:00,temp,21.9,20.6,0,1,0,113.86054019809141
Kodarma,2023-10-17 02:15:00,temp,21.7,21.9,0,1,0,113.86054019809141
Kodarma,2023-10-18 02:30:00,temp,21.4,21.7,0,1,0,113.86054019809141
Kodarma,2023-10-19 02:15:00,temp,20.2,21.4,0,1,0,113.86054019809141
Kodarma,2023-10-20 02:30:00,temp,20.2,20.2,0,1,0,113.86054019809141
Kodarma,2023-10-21 02:15:00,temp,18.9,20.2,0,1,0,113.86054019809141
Kodarma,2023-10-22 02:15:00,temp,18.7,18.9,0,1,0,113.86054019809141
Kodarma,2023-10-23 02:00:00,temp,18.5,18.7,0,1,0,113.86054019809141
Kodarma,2023-10-24 02:15:00,temp,20.0,18.5,0,1,0,113.86054019809141
Kodarma,2023-10-25 02:15:00,temp,19.9,20.0,0,1,0,113.86054019809141
Kodarma,2023-10-26 02:00:00,temp,19.4,19.9,0,1,0,113.86054019809141
Kodarma,2023-10-27 02:15:00,temp,18.5,19.4,0,1,0,113.86054019809141
Kodarma,2023-10-28 02:00:00,temp,19.4,18.5,0,1,0,113.86054019809141
Kodarma,2023-10-29 02:30:00,temp,19.2,19.4,0,1,0,113.86054019809141
Kodarma,2023-10-30 01:45:00,temp,19.5,19.2,0,1,0,113.86054019809141
Kohima,2023-10-15 02:30:00,temp,18.9,19.306245380756682,0,1,1,79.9129118986613
Kohima,2023-10-16 02:30:00,temp,18.5,18.986725415926987,0,1,1,79.9129118986613
Kohima,2023-10-17 02:15:00,temp,17.8,18.59808581892817,0,1,1,79.9129118986613
Kohima,2023-10-18 02:30:00,temp,18.4,17.941544090474906,0,1,1,79.9129118986613
Kohima,2023-10-19 02:15:00,temp,17.5,18.31150263099277,0,1,1,79.9129118986613
Kohima,2023-10-20 02:30:00,temp,17.3,17.67040154498082,0,1,1,79.9129118986613
Kohima,2023-10-21 02:15:00,temp,16.9,17.371518088777744,0,1,1,79.9129118986613
Kohima,2023-10-22 02:15:00,temp,16.9,16.987465371771204,0,1,1,79.9129118986613
Kohima,2023-10-23 02:15:00,temp,17.0,16.916011922356255,0,1,1,79.9129118986613
Kohima,2023-10-24 02:15:00,temp,18.8,16.984381489026955,0,1,1,79.9129118986613
Kohima,2023-10-25 02:15:00,temp,17.5,18.470093726182025,0,1,1,79.9129118986613
Kohima,2023-10-26 02:00:00,temp,17.3,17.710557010565946,0,1,1,79.9129118986613
Kohima,2023-10-27 02:15:00,temp,17.7,17.39871079625268,0,1,1,79.9129118986613
Kohima,2023-10-28 02:00:00,temp,17.1,17.626149489181408,0,1,1,79.9129118986613
Kohima,2023-10-29 02:30:00,temp,16.5,17.23173916069748,0,1,1,79.9129118986613
Kohima,2023-10-30 01:45:00,temp,17.1,16.67284220307141,0,1,1,79.9129118986613
Kokrajhar,2023-10-15 02:30:00,temp,21.9,22.7,0,1,0,109.73537897115338
Kokrajhar,2023-10-16 02:30:00,temp,21.8,21.9,0,1,0,109.73537897115338
Kokrajhar,2023-10-17 02:15:00,temp,21.7,21.8,0,1,0,109.73537897115338
Kokrajhar,2023-10-18 02:30:00,temp,21.8,21.7,0,1,0,109.73537897115338
Kokrajhar,2023-10-19 02:15:00,temp,21.6,21.8,0,1,0,109.73537897115338
Kokrajhar,2023-10-20 02:30:00,temp,21.2,21.6,0,1,0,109.73537897115338
Kokrajhar,2023-10-21 02:15:00,temp,20.7,21.2,0,1,0,109.73537897115338
Kokrajhar,2023-10-22 02:15:00,temp,20.3,20.7,0,1,0,109.73537897115338
Kokrajhar,2023-10-23 02:15:00,temp,20.0,20.3,0,1,0,109.73537897115338
Kokrajhar,2023-10-24 02:15:00,temp,21.0,20.0,0,1,0,109.73537897115338
Kokrajhar,2023-10-25 02:15:00,temp,20.2,21.0,0,1,0,109.73537897115338
Kokrajhar,2023-10-26 02:00:00,temp,20.8,20.2,0,1,0,109.73537897115338
Kokrajhar,2023-10-27 02:15:00,temp,21.2,20.8,0,1,0,109.73537897115338
Kokrajhar,2023-10-28 02:00:00,temp,20.5,21.2,0,1,0,109.73537897115338
Kokrajhar,2023-10-29 02:30:00,temp,20.4,20.5,0,1,0,109.73537897115338
Kokrajhar,2023-10-30 01:45:00,temp,21.0,20.4,0,1,0,109.73537897115338
Kolar,2023-10-15 02:30:00,temp,22.0,21.266661686809883,0,0,0,122.65205898807659
Kolar,2023-10-16 02:30:00,temp,22.0,21.282603757987903,0,0,0,122.65205898807659
Kolar,2023-10-17 02:30:00,temp,22.0,21.297867399967366,0,0,0,122.65205898807659
Kolar,2023-10-18 02:30:00,temp,21.0,21.31249521019467,0,0,0,122.65205898807659
Kolar,2023-10-19 02:15:00,temp,21.0,21.306117493370266,0,0,0,122.65205898807659
Kolar,2023-10-20 02:30:00,temp,21.0,21.29999514762602,0,0,0,122.65205898807659
Kolar,2023-10-21 02:15:00,temp,21.0,21.29411269854793,0,0,0,122.65205898807659
Kolar,2023-10-22 02:15:00,temp,22.0,21.28845655262071,0,0,0,122.65205898807659
Kolar,2023-10-23 02:15:00,temp,21.0,21.30188164004472,0,0,0,122.65205898807659
Kolar,2023-10-24 02:15:00,temp,19.0,21.296291495777258,0,0,0,122.65205898807659
Kolar,2023-10-25 02:15:00,temp,19.0,21.254540465179915,0,0,0,122.65205898807659
Kolar,2023-10-26 02:00:00,temp,18.0,21.21428067900221,0,0,0,122.65205898807659
Kolar,2023-10-27 02:15:00,temp,21.0,21.157889597117336,0,0,0,122.65205898807659
Kolar,2023-10-28 02:00:00,temp,21.0,21.15516727843389,0,0,0,122.65205898807659
Kolar,2023-10-29 02:45:00,temp,21.0,21.152537281809085,0,0,0,122.65205898807659
Kolar,2023-10-30 02:00:00,temp,22.0,21.149994909470415,0,0,0,122.65205898807659
Kolhapur,2023-10-15 02:30:00,temp,22.8,20.809798714377425,2,0,1,83.10678807268533
Kolhapur,2023-10-16 02:30:00,temp,21.8,21.76220665070557,2,0,1,83.10678807268533
Kolhapur,2023-10-17 02:30:00,temp,24.2,21.134259511478927,2,0,1,83.10678807268533
Kolhapur,2023-10-18 02:30:00,temp,23.2,22.586962418926802,2,0,1,83.10678807268533
Kolhapur,2023-10-19 02:30:00,temp,25.2,23.078331273930036,2,0,1,83.10678807268533
Kolhapur,2023-10-20 02:30:00,temp,23.9,23.52202277451859,2,0,1,83.10678807268533
Kolhapur,2023-10-21 02:15:00,temp,24.4,24.440409251875042,2,0,1,83.10678807268533
Kolhapur,2023-10-22 02:30:00,temp,22.3,23.086959627655425,2,0,1,83.10678807268533
Kolhapur,2023-10-23 02:15:00,temp,21.4,23.157740453313853,2,0,1,83.10678807268533
Kolhapur,2023-10-24 02:15:00,temp,20.8,20.879008864388943,2,0,1,83.10678807268533
Kolhapur,2023-10-25 02:15:00,temp,21.4,21.478689860945607,2,0,1,83.10678807268533
Kolhapur,2023-10-26 02:00:00,temp,20.7,20.92835101367969,2,0,1,83.10678807268533
Kolhapur,2023-10-27 02:15:00,temp,19.2,21.377555788214845,2,0,1,83.10678807268533
Kolhapur,2023-10-28 02:00:00,temp,19.5,19.634649153470335,2,0,1,83.10678807268533
Kolhapur,2023-10-29 02:45:00,temp,20.2,19.90236211525805,2,0,1,83.10678807268533
Kolhapur,2023-10-30 02:00:00,temp,23.6,20.3479985442215,2,0,1,83.10678807268533
Kolkata,2023-10-14 02:30:00,temp,26.0,27.926863398525448,1,0,0,179.5760830297647
Kolkata,2023-10-15 02:30:00,temp,27.0,26.60799993958974,1,0,0,179.5760830297647
Kolkata,2023-10-16 02:30:00,temp,26.0,27.262826328190602,1,0,0,179.5760830297647
Kolkata,2023-10-17 02:30:00,temp,27.0,26.593082161408674,1,0,0,179.5760830297647
Kolkata,2023-10-18 02:30:00,temp,27.0,27.249505073486766,1,0,0,179.5760830297647
Kolkata,2023-10-19 02:15:00,temp,26.0,27.245062449981653,1,0,0,179.5760830297647
Kolkata,2023-10-19 02:30:00,temp,26.0,26.574485753536102,1,0,0,179.5760830297647
Kolkata,2023-10-20 02:30:00,temp,25.0,26.55209837730565,1,0,0,179.5760830297647
Kolkata,2023-10-21 02:15:00,temp,24.0,25.81243392588615,1,0,0,179.5760830297647
Kolkata,2023-10-21 02:30:00,temp,24.0,24.95959743712838,1,0,0,179.5760830297647
Kolkata,2023-10-22 02:15:00,temp,25.0,24.8527878257947,1,0,0,179.5760830297647
Kolkata,2023-10-22 02:30:00,temp,25.0,25.61503323805967,1,0,0,179.5760830297647
Kolkata,2023-10-23 02:15:00,temp,26.0,25.582251851809577,1,0,0,179.5760830297647
Kolkata,2023-10-24 02:15:00,temp,25.0,26.354971700163958,1,0,0,179.5760830297647
Kolkata,2023-10-25 02:15:00,temp,24.0,25.558417782860182,1,0,0,179.5760830297647
Kolkata,2023-10-25 02:30:00,temp,24.0,24.699702502517734,1,0,0,179.5760830297647
Kolkata,2023-10-26 02:00:00,temp,26.0,24.64678501167487,1,0,0,179.5760830297647
Kolkata,2023-10-27 02:15:00,temp,26.0,26.29476656851108,1,0,0,179.5760830297647
Kolkata,2023-10-27 02:30:00,temp,26.0,26.288876110254545,1,0,0,179.5760830297647
Kolkata,2023-10-28 02:00:00,temp,25.0,26.283211850636917,1,0,0,179.5760830297647
Kolkata,2023-10-29 02:45:00,temp,24.0,25.470524518275926,1,0,0,179.5760830297647
Kolkata,2023-10-30 02:00:00,temp,24.0,24.612764170071863,1,0,0,179.5760830297647
Kollam,2023-10-15 02:30:00,temp,25.0,25.24221702948572,0,0,0,63.61314253755381
Kollam,2023-10-16 02:30:00,temp,25.5,25.23695109105882,0,0,0,63.61314253755381
Kollam,2023-10-17 02:30:00,temp,25.5,25.242547904294618,0,0,0,63.61314253755381
Kollam,2023-10-18 02:30:00,temp,25.1,25.24791136535546,0,0,0,63.61314253755381
Kollam,2023-10-19 02:15:00,temp,26.0,25.24489277174578,0,0,0,63.61314253755381
Kollam,2023-10-20 02:30:00,temp,25.6,25.259995125042835,0,0,0,63.61314253755381
Kollam,2023-10-21 02:15:00,temp,25.4,25.266661726179265,0,0,0,63.61314253755381
Kollam,2023-10-22 02:15:00,temp,25.1,25.26922581991343,0,0,0,63.61314253755381
Kollam,2023-10-23 02:15:00,temp,24.5,25.26603277299555,0,0,0,63.61314253755381
Kollam,2023-10-24 02:15:00,temp,25.6,25.2518466831668,0,0,0,63.61314253755381
Kollam,2023-10-25 02:15:00,temp,25.1,25.258176450163795,0,0,0,63.61314253755381
Kollam,2023-10-26 02:00:00,temp,25.4,25.255351777465197,0,0,0,63.61314253755381
Kollam,2023-10-27 02:15:00,temp,25.5,25.25788937295225,0,0,0,63.61314253755381
Kollam,2023-10-28 02:00:00,temp,25.8,25.262063752626375,0,0,0,63.61314253755381
Kollam,2023-10-29 02:30:00,temp,25.5,25.271181409261644,0,0,0,63.61314253755381
Kollam,2023-10-30 01:45:00,temp,25.7,25.274994970339563,0,0,0,63.61314253755381
Kondagaon,2023-10-15 02:30:00,temp,20.0,19.94633443673844,0,1,2,102.1489442615161
Kondagaon,2023-10-16 02:30:00,temp,19.5,20.38686255989798,0,1,2,102.1489442615161
Kondagaon,2023-10-17 02:30:00,temp,19.3,19.538477977650935,0,1,2,102.1489442615161
Kondagaon,2023-10-18 02:30:00,temp,19.3,19.72889775006745,0,1,2,102.1489442615161
Kondagaon,2023-10-19 02:15:00,temp,19.3,19.414320982521932,0,1,2,102.1489442615161
Kondagaon,2023-10-20 02:30:00,temp,19.1,19.485217580169966,0,1,2,102.1489442615161
Kondagaon,2023-10-21 02:15:00,temp,18.5,19.14827399174923,0,1,2,102.1489442615161
Kondagaon,2023-10-22 02:15:00,temp,16.5,18.64467469195668,0,1,2,102.1489442615161
Kondagaon,2023-10-23 02:15:00,temp,16.4,16.503900009824303,0,1,2,102.1489442615161
Kondagaon,2023-10-24 02:15:00,temp,16.6,17.08550997257512,0,1,2,102.1489442615161
Kondagaon,2023-10-25 02:15:00,temp,17.7,16.563834822555084,0,1,2,102.1489442615161
Kondagaon,2023-10-26 02:00:00,temp,17.5,17.91883104137975,0,1,2,102.1489442615161
Kondagaon,2023-10-27 02:15:00,temp,16.6,17.14537023186684,0,1,2,102.1489442615161
Kondagaon,2023-10-28 02:00:00,temp,16.4,16.700659556663137,0,1,2,102.1489442615161
Kondagaon,2023-10-29 02:30:00,temp,16.5,16.544527065639066,0,1,2,102.1489442615161
Kondagaon,2023-10-30 01:45:00,temp,16.4,16.58883264892723,0,1,2,102.1489442615161
Koppal,2023-10-15 02:30:00,temp,25.5,24.8047791618208,0,1,1,122.86152728381613
Koppal,2023-10-16 02:30:00,temp,25.8,25.130984876538037,0,1,1,122.86152728381613
Koppal,2023-10-17 02:30:00,temp,25.1,25.45792372271323,0,1,1,122.86152728381613
Koppal,2023-10-18 02:30:00,temp,25.4,25.28397981609767,0,1,1,122.86152728381613
Koppal,2023-10-19 02:30:00,temp,23.1,25.338772341246408,0,1,1,122.86152728381613
Koppal,2023-10-20 02:30:00,temp,23.1,24.30605461795639,0,1,1,122.86152728381613
Koppal,2023-10-21 02:15:00,temp,23.5,23.61471857773414,0,1,1,122.86152728381613
Koppal,2023-10-22 02:30:00,temp,22.5,23.54876841586673,0,1,1,122.86152728381613
Koppal,2023-10-23 02:15:00,temp,21.2,22.9595069702254,0,1,1,122.86152728381613
Koppal,2023-10-24 02:15:00,temp,21.2,21.873933941285006,0,1,1,122.86152728381613
Koppal,2023-10-25 02:15:00,temp,20.3,21.426610197581187,0,1,1,122.86152728381613
Koppal,2023-10-26 02:00:00,temp,20.5,20.671137922951907,0,1,1,122.86152728381613
Koppal,2023-10-27 02:15:00,temp,19.5,20.555171848050026,0,1,1,122.86152728381613
Koppal,2023-10-28 02:00:00,temp,20.1,19.839179754174843,0,1,1,122.86152728381613
Koppal,2023-10-29 02:45:00,temp,23.3,20.016409758969072,0,1,1,122.86152728381613
Koppal,2023-10-30 02:00:00,temp,23.7,22.18592996603775,0,1,1,122.86152728381613
Koraput,2023-10-15 02:30:00,temp,19.0,19.547800333231024,0,1,2,83.21219771732562
Koraput,2023-10-16 02:30:00,temp,18.6,18.687390212009554,0,1,2,83.21219771732562
Koraput,2023-10-17 02:30:00,temp,18.4,18.9851597183228,0,1,2,83.21219771732562
Koraput,2023-10-18 02:30:00,temp,18.2,18.32311897556021,0,1,2,83.21219771732562
Koraput,2023-10-19 02:30:00,temp,18.3,18.59223207394692,0,1,2,83.21219771732562
Koraput,2023-10-20 02:30:00,temp,17.9,18.312525387312874,0,1,2,83.21219771732562
Koraput,2023-10-21 02:15:00,temp,17.7,17.9969357654573,0,1,2,83.21219771732562
Koraput,2023-10-22 02:30:00,temp,17.0,17.905283755668655,0,1,2,83.21219771732562
Koraput,2023-10-23 02:15:00,temp,15.9,16.931184739641193,0,1,2,83.21219771732562
Koraput,2023-10-24 02:15:00,temp,16.1,16.129754086945397,0,1,2,83.21219771732562
Koraput,2023-10-25 02:15:00,temp,17.8,16.71518264297341,0,1,2,83.21219771732562
Koraput,2023-10-26 02:00:00,temp,17.6,18.16827790329146,0,1,2,83.21219771732562
Koraput,2023-10-27 02:15:00,temp,16.9,16.73239562705483,0,1,2,83.21219771732562
Koraput,2023-10-28 02:00:00,temp,17.0,17.335709283073708,0,1,2,83.21219771732562
Koraput,2023-10-29 02:45:00,temp,17.1,16.788578187140885,0,1,2,83.21219771732562
Koraput,2023-10-30 02:00:00,temp,16.1,17.419085333849537,0,1,2,83.21219771732562
Korba,2023-10-15 02:30:00,temp,21.9,22.40106134984677,0,1,2,117.60607414045064
Korba,2023-10-16 02:30:00,temp,21.6,22.34013587113472,0,1,2,117.60607414045064
Korba,2023-10-17 02:30:00,temp,21.5,22.018132444609964,0,1,2,117.60607414045064
Korba,2023-10-18 02:30:00,temp,20.8,21.90507210094146,0,1,2,117.60607414045064
Korba,2023-10-19 02:15:00,temp,20.6,21.29588748592707,0,1,2,117.60607414045064
Korba,2023-10-20 02:30:00,temp,20.5,21.088840947382486,0,1,2,117.60607414045064
Korba,2023-10-21 02:15:00,temp,18.6,20.811089580004072,0,1,2,117.60607414045064
Korba,2023-10-22 02:15:00,temp,18.6,19.2051049104975,0,1,2,117.60607414045064
Korba,2023-10-23 02:15:00,temp,17.4,19.088087334507378,0,1,2,117.60607414045064
Korba,2023-10-24 02:15:00,temp,17.4,17.758565020404298,0,1,2,117.60607414045064
Korba,2023-10-25 02:15:00,temp,18.0,17.565736000691953,0,1,2,117.60607414045064
Korba,2023-10-26 02:00:00,temp,17.4,17.94846801521728,0,1,2,117.60607414045064
Korba,2023-10-27 02:15:00,temp,17.3,17.486926141516214,0,1,2,117.60607414045064
Korba,2023-10-28 02:00:00,temp,17.4,17.37982903461976,0,1,2,117.60607414045064
Korba,2023-10-29 02:30:00,temp,17.5,17.40955059969967,0,1,2,117.60607414045064
Korba,2023-10-30 01:45:00,temp,17.8,17.479091365938963,0,1,2,117.60607414045064
Kota,2023-10-15 02:30:00,temp,26.7,25.450695157875128,0,0,2,130.59414373757238
Kota,2023-10-16 02:30:00,temp,26.2,25.85069320464163,0,0,2,130.59414373757238
Kota,2023-10-17 02:30:00,temp,21.4,25.948059196068495,0,0,2,130.59414373757238
Kota,2023-10-18 02:30:00,temp,22.7,23.30925647713405,0,0,2,130.59414373757238
Kota,2023-10-19 02:30:00,temp,23.0,23.17035041136921,0,0,2,130.59414373757238
Kota,2023-10-20 02:30:00,temp,22.4,24.837322439264224,0,0,2,130.59414373757238
Kota,2023-10-21 02:15:00,temp,22.9,23.848213527655727,0,0,2,130.59414373757238
Kota,2023-10-22 02:30:00,temp,23.5,23.759184566070054,0,0,2,130.59414373757238
Kota,2023-10-23 02:15:00,temp,23.2,24.53610688007042,0,0,2,130.59414373757238
Kota,2023-10-24 02:15:00,temp,23.0,24.18272996523895,0,0,2,130.59414373757238
Kota,2023-10-25 02:30:00,temp,22.0,23.84076174202276,0,0,2,130.59414373757238
Kota,2023-10-26 02:00:00,temp,22.5,23.47686335389568,0,0,2,130.59414373757238
Kota,2023-10-27 02:15:00,temp,22.3,23.605849302994095,0,0,2,130.59414373757238
Kota,2023-10-28 02:00:00,temp,21.9,23.67383645913716,0,0,2,130.59414373757238
Kota,2023-10-29 02:45:00,temp,22.9,23.21345568957799,0,0,2,130.59414373757238
Kota,2023-10-30 02:00:00,temp,23.4,23.806439655515366,0,0,2,130.59414373757238
Kottayam,2023-10-15 02:30:00,temp,24.3,23.602217200270285,0,0,0,84.91668032708877
Kottayam,2023-10-16 02:30:00,temp,23.0,23.61738625311614,0,0,0,84.91668032708877
Kottayam,2023-10-17 02:30:00,temp,24.0,23.60425033746841,0,0,0,84.91668032708877
Kottayam,2023-10-18 02:30:00,temp,23.7,23.61249498585958,0,0,0,84.91668032708877
Kottayam,2023-10-19 02:15:00,temp,23.4,23.614280723569582,0,0,0,84.91668032708877
Kottayam,2023-10-20 02:30:00,temp,24.4,23.60999501609922,0,0,0,84.91668032708877
Kottayam,2023-10-21 02:15:00,temp,24.3,23.62548507060443,0,0,0,84.91668032708877
Kottayam,2023-10-22 02:15:00,temp,24.0,23.63845654986063,0,0,0,84.91668032708877
Kottayam,2023-10-23 02:15:00,temp,23.8,23.645278196691383,0,0,0,84.91668032708877
Kottayam,2023-10-24 02:15:00,temp,23.4,23.648143389884925,0,0,0,84.91668032708877
Kottayam,2023-10-25 02:15:00,temp,23.6,23.64363150793808,0,0,0,84.91668032708877
Kottayam,2023-10-26 02:00:00,temp,23.6,23.642852168850347,0,0,0,84.91668032708877
Kottayam,2023-10-27 02:15:00,temp,23.8,23.64210027045131,0,0,0,84.91668032708877
Kottayam,2023-10-28 02:00:00,temp,23.6,23.644822581090857,0,0,0,84.91668032708877
Kottayam,2023-10-29 02:45:00,temp,23.6,23.644062765738767,0,0,0,84.91668032708877
Kottayam,2023-10-30 02:00:00,temp,23.8,23.643328283522376,0,0,0,84.91668032708877
Kozhikode,2023-10-15 02:30:00,temp,22.0,23.644439464857037,0,0,0,122.05022630741297
Kozhikode,2023-10-16 02:30:00,temp,25.0,23.608690874089326,0,0,0,122.05022630741297
Kozhikode,2023-10-17 02:30:00,temp,23.0,23.638292805872034,0,0,0,122.05022630741297
Kozhikode,2023-10-18 02:30:00,temp,24.0,23.62499521959579,0,0,0,122.05022630741297
Kozhikode,2023-10-19 02:15:00,temp,25.0,23.63264816766669,0,0,0,122.05022630741297
Kozhikode,2023-10-20 02:30:00,temp,26.0,23.659995059681272,0,0,0,122.05022630741297
Kozhikode,2023-10-21 02:15:00,temp,23.0,23.70587698075995,0,0,0,122.05022630741297
Kozhikode,2023-10-22 02:15:00,temp,25.0,23.692302615906694,0,0,0,122.05022630741297
Kozhikode,2023-10-23 02:15:00,temp,24.0,23.716976111170737,0,0,0,122.05022630741297
Kozhikode,2023-10-24 02:15:00,temp,23.0,23.72221720207763,0,0,0,122.05022630741297
Kozhikode,2023-10-25 02:15:00,temp,25.0,23.70908588836269,0,0,0,122.05022630741297
Kozhikode,2023-10-26 02:00:00,temp,25.0,23.732137765308476,0,0,0,122.05022630741297
Kozhikode,2023-10-27 02:15:00,temp,26.0,23.75438097197267,0,0,0,122.05022630741297
Kozhikode,2023-10-28 02:00:00,temp,23.0,23.793098317401547,0,0,0,122.05022630741297
Kozhikode,2023-10-29 02:45:00,temp,24.0,23.779655938137257,0,0,0,122.05022630741297
Kozhikode,2023-10-30 02:00:00,temp,24.0,23.783328263852717,0,0,0,122.05022630741297
Krishna,2023-10-15 02:30:00,temp,26.2,26.240373795050974,1,0,2,106.72142368805686
Krishna,2023-10-16 02:30:00,temp,26.6,26.26983354949708,1,0,2,106.72142368805686
Krishna,2023-10-17 02:15:00,temp,26.1,26.424714420360694,1,0,2,106.72142368805686
Krishna,2023-10-18 02:15:00,temp,25.9,26.323443717802174,1,0,2,106.72142368805686
Krishna,2023-10-19 02:15:00,temp,25.8,25.974368356676365,1,0,2,106.72142368805686
Krishna,2023-10-20 02:30:00,temp,26.1,26.210947942195453,1,0,2,106.72142368805686
Krishna,2023-10-21 02:15:00,temp,25.7,26.207751325287926,1,0,2,106.72142368805686
Krishna,2023-10-22 02:15:00,temp,25.4,26.100496984688338,1,0,2,106.72142368805686
Krishna,2023-10-23 02:00:00,temp,23.1,25.845915375502827,1,0,2,106.72142368805686
Krishna,2023-10-24 02:15:00,temp,24.9,24.99537902096368,1,0,2,106.72142368805686
Krishna,2023-10-25 02:15:00,temp,23.8,25.170998651147258,1,0,2,106.72142368805686
Krishna,2023-10-26 02:00:00,temp,24.9,25.49570490864774,1,0,2,106.72142368805686
Krishna,2023-10-27 02:15:00,temp,24.9,25.366931167638896,1,0,2,106.72142368805686
Krishna,2023-10-28 02:00:00,temp,25.9,25.439154926350618,1,0,2,106.72142368805686
Krishna,2023-10-29 02:30:00,temp,25.6,25.83803080756837,1,0,2,106.72142368805686
Krishna,2023-10-30 01:45:00,temp,25.8,26.13034410550753,1,0,2,106.72142368805686
Krishnagiri,2023-10-15 02:30:00,temp,22.2,19.920882268691567,0,1,1,127.55226345777993
Krishnagiri,2023-10-16 02:30:00,temp,21.0,20.976666638122108,0,1,1,127.55226345777993
Krishnagiri,2023-10-17 02:30:00,temp,20.9,20.985860853460256,0,1,1,127.55226345777993
Krishnagiri,2023-10-18 02:30:00,temp,19.4,20.951482770571562,0,1,1,127.55226345777993
Krishnagiri,2023-10-19 02:30:00,temp,19.4,20.346782950483586,0,1,1,127.55226345777993
Krishnagiri,2023-10-20 02:30:00,temp,18.8,19.910898378677523,0,1,1,127.55226345777993
Krishnagiri,2023-10-21 02:15:00,temp,19.3,19.33467447994424,0,1,1,127.55226345777993
Krishnagiri,2023-10-22 02:30:00,temp,19.6,19.316784406450278,0,1,1,127.55226345777993
Krishnagiri,2023-10-23 02:15:00,temp,20.5,19.454692116089984,0,1,1,127.55226345777993
Krishnagiri,2023-10-24 02:15:00,temp,18.1,19.940840479237767,0,1,1,127.55226345777993
Krishnagiri,2023-10-25 02:30:00,temp,18.6,19.136116010848134,0,1,1,127.55226345777993
Krishnagiri,2023-10-26 02:00:00,temp,19.1,18.886586069839552,0,1,1,127.55226345777993
Krishnagiri,2023-10-27 02:30:00,temp,18.9,18.98429334050142,0,1,1,127.55226345777993
Krishnagiri,2023-10-28 02:00:00,temp,19.6,18.94717691753889,0,1,1,127.55226345777993
Krishnagiri,2023-10-29 02:45:00,temp,20.1,19.230939627657257,0,1,1,127.55226345777993
Krishnagiri,2023-10-30 02:00:00,temp,19.8,19.61606875635436,0,1,1,127.55226345777993
Kulgam,2023-10-15 02:30:00,temp,10.1,12.2,0,1,0,145.48677273721606
Kulgam,2023-10-16 02:30:00,temp,10.6,10.1,0,1,0,145.48677273721606
Kulgam,2023-10-17 02:15:00,temp,8.9,10.6,0,1,0,145.48677273721606
Kulgam,2023-10-18 02:15:00,temp,8.5,8.9,0,1,0,145.48677273721606
Kulgam,2023-10-19 02:15:00,temp,8.5,8.5,0,1,0,145.48677273721606
Kulgam,2023-10-20 02:15:00,temp,9.0,8.5,0,1,0,145.48677273721606
Kulgam,2023-10-21 02:15:00,temp,9.5,9.0,0,1,0,145.48677273721606
Kulgam,2023-10-22 02:15:00,temp,10.5,9.5,0,1,0,145.48677273721606
Kulgam,2023-10-23 02:00:00,temp,6.7,10.5,0,1,0,145.48677273721606
Kulgam,2023-10-24 02:15:00,temp,8.7,6.700000000000001,0,1,0,145.48677273721606
Kulgam,2023-10-25 02:15:00,temp,8.4,8.7,0,1,0,145.48677273721606
Kulgam,2023-10-26 02:00:00,temp,8.9,8.4,0,1,0,145.48677273721606
Kulgam,2023-10-27 02:15:00,temp,9.1,8.9,0,1,0,145.48677273721606
Kulgam,2023-10-28 02:00:00,temp,9.5,9.1,0,1,0,145.48677273721606
Kulgam,2023-10-29 02:30:00,temp,9.6,9.5,0,1,0,145.48677273721606
Kulgam,2023-10-30 01:45:00,temp,10.1,9.6,0,1,0,145.48677273721606
Kupwara,2023-10-15 02:00:00,temp,9.6,12.643747687425757,0,1,2,103.1637213049161
Kupwara,2023-10-16 02:00:00,temp,10.3,8.881906989964492,0,1,2,103.1637213049161
Kupwara,2023-10-17 01:45:00,temp,6.8,10.93980624544133,0,1,2,103.1637213049161
Kupwara,2023-10-18 01:45:00,temp,5.0,7.0360914325069945,0,1,2,103.1637213049161
Kupwara,2023-10-19 01:45:00,temp,6.5,4.359568891049719,0,1,2,103.1637213049161
Kupwara,2023-10-20 01:45:00,temp,8.0,6.5148063388254585,0,1,2,103.1637213049161
Kupwara,2023-10-21 01:45:00,temp,8.4,7.926954195388665,0,1,2,103.1637213049161
Kupwara,2023-10-22 01:45:00,temp,9.0,8.325540814533328,0,1,2,103.1637213049161
Kupwara,2023-10-23 01:30:00,temp,7.2,9.013531247398012,0,1,2,103.1637213049161
Kupwara,2023-10-24 01:45:00,temp,7.7,7.119679041193236,0,1,2,103.1637213049161
Kupwara,2023-10-25 01:45:00,temp,7.8,7.819244719200733,0,1,2,103.1637213049161
Kupwara,2023-10-26 01:30:00,temp,8.3,7.763623860147349,0,1,2,103.1637213049161
Kupwara,2023-10-27 01:45:00,temp,8.7,8.300560714886338,0,1,2,103.1637213049161
Kupwara,2023-10-28 01:30:00,temp,9.1,8.671725185293132,0,1,2,103.1637213049161
Kupwara,2023-10-29 02:00:00,temp,9.0,9.085234828119622,0,1,2,103.1637213049161
Kupwara,2023-10-30 01:15:00,temp,9.2,8.978484457061024,0,1,2,103.1637213049161
Kurnool,2023-10-15 02:30:00,temp,25.2,24.946303859861796,2,0,1,138.37286599866522
Kurnool,2023-10-16 02:30:00,temp,24.6,24.676272998494834,2,0,1,138.37286599866522
Kurnool,2023-10-17 02:15:00,temp,25.7,24.379861036494557,2,0,1,138.37286599866522
Kurnool,2023-10-18 02:15:00,temp,24.3,24.80154766443893,2,0,1,138.37286599866522
Kurnool,2023-10-19 02:15:00,temp,23.3,24.157566320092627,2,0,1,138.37286599866522
Kurnool,2023-10-20 02:30:00,temp,23.0,23.823122194513825,2,0,1,138.37286599866522
Kurnool,2023-10-21 02:15:00,temp,23.7,23.853070228907335,2,0,1,138.37286599866522
Kurnool,2023-10-22 02:15:00,temp,23.9,24.306138832895833,2,0,1,138.37286599866522
Kurnool,2023-10-23 02:00:00,temp,21.4,24.469338051175228,2,0,1,138.37286599866522
Kurnool,2023-10-24 02:15:00,temp,21.0,23.456889638497383,2,0,1,138.37286599866522
Kurnool,2023-10-25 02:15:00,temp,20.4,23.16130592244421,2,0,1,138.37286599866522
Kurnool,2023-10-26 02:00:00,temp,20.9,22.057652471447145,2,0,1,138.37286599866522
Kurnool,2023-10-27 02:15:00,temp,20.0,22.04589647853893,2,0,1,138.37286599866522
Kurnool,2023-10-28 02:00:00,temp,21.1,21.119238182206736,2,0,1,138.37286599866522
Kurnool,2023-10-29 02:30:00,temp,25.7,21.79116960975372,2,0,1,138.37286599866522
Kurnool,2023-10-30 01:45:00,temp,24.1,26.120982184366632,2,0,1,138.37286599866522
Lakhimpur,2023-10-15 02:30:00,temp,22.4,22.85750658570187,2,1,2,145.91898003102133
Lakhimpur,2023-10-16 02:30:00,temp,22.9,23.461611481638776,2,1,2,145.91898003102133
Lakhimpur,2023-10-17 02:15:00,temp,19.7,23.54312841438897,2,1,2,145.91898003102133
Lakhimpur,2023-10-18 02:30:00,temp,20.1,20.109703053471083,2,1,2,145.91898003102133
Lakhimpur,2023-10-19 02:15:00,temp,19.0,20.85160357535392,2,1,2,145.91898003102133
Lakhimpur,2023-10-20 02:30:00,temp,18.4,19.593279073153834,2,1,2,145.91898003102133
Lakhimpur,2023-10-21 02:15:00,temp,19.2,18.36773971813309,2,1,2,145.91898003102133
Lakhimpur,2023-10-22 02:15:00,temp,19.6,19.641385279732628,2,1,2,145.91898003102133
Lakhimpur,2023-10-23 02:15:00,temp,19.6,19.724494058718808,2,1,2,145.91898003102133
Lakhimpur,2023-10-24 02:15:00,temp,19.4,19.439646892196716,2,1,2,145.91898003102133
Lakhimpur,2023-10-25 02:15:00,temp,20.5,19.1385526318626,2,1,2,145.91898003102133
Lakhimpur,2023-10-26 02:00:00,temp,20.4,20.25086778168594,2,1,2,145.91898003102133
Lakhimpur,2023-10-27 02:15:00,temp,20.0,20.060755536438183,2,1,2,145.91898003102133
Lakhimpur,2023-10-28 02:00:00,temp,20.3,19.750641207509243,2,1,2,145.91898003102133
Lakhimpur,2023-10-29 02:30:00,temp,20.3,20.22480631753421,2,1,2,145.91898003102133
Lakhimpur,2023-10-30 01:45:00,temp,20.4,20.297295003060118,2,1,2,145.91898003102133
Lakhisarai,2023-10-15 02:30:00,temp,22.6,24.42476332124829,2,1,2,154.4755663286359
Lakhisarai,2023-10-16 02:30:00,temp,24.1,23.602808190268078,2,1,2,154.4755663286359
Lakhisarai,2023-10-17 02:15:00,temp,23.9,24.77602419049573,2,1,2,154.4755663286359
Lakhisarai,2023-10-18 02:30:00,temp,23.9,24.555762423875322,2,1,2,154.4755663286359
Lakhisarai,2023-10-19 02:15:00,temp,21.9,24.478307362920358,2,1,2,154.4755663286359
Lakhisarai,2023-10-20 02:30:00,temp,22.1,22.90975445735394,2,1,2,154.4755663286359
Lakhisarai,2023-10-21 02:15:00,temp,21.2,22.695517733030858,2,1,2,154.4755663286359
Lakhisarai,2023-10-22 02:15:00,temp,21.1,22.029709315707326,2,1,2,154.4755663286359
Lakhisarai,2023-10-23 02:15:00,temp,20.9,20.975998310654376,2,1,2,154.4755663286359
Lakhisarai,2023-10-24 02:15:00,temp,22.1,21.623415498593953,2,1,2,154.4755663286359
Lakhisarai,2023-10-25 02:15:00,temp,23.0,21.931173912297087,2,1,2,154.4755663286359
Lakhisarai,2023-10-26 02:00:00,temp,21.9,23.65850461501354,2,1,2,154.4755663286359
Lakhisarai,2023-10-27 02:15:00,temp,20.2,21.701432579732842,2,1,2,154.4755663286359
Lakhisarai,2023-10-28 02:00:00,temp,21.6,20.186815134547146,2,1,2,154.4755663286359
Lakhisarai,2023-10-29 02:30:00,temp,21.9,21.481708676751907,2,1,2,154.4755663286359
Lakhisarai,2023-10-30 01:45:00,temp,22.0,21.75834818309335,2,1,2,154.4755663286359
Lalitpur,2023-10-15 02:30:00,temp,26.7,24.84817165944744,1,1,1,134.07169285402463
Lalitpur,2023-10-16 02:30:00,temp,24.9,26.10875381323796,1,1,1,134.07169285402463
Lalitpur,2023-10-17 02:30:00,temp,19.9,24.85809254157432,1,1,1,134.07169285402463
Lalitpur,2023-10-18 02:30:00,temp,22.5,19.614661334817956,1,1,1,134.07169285402463
Lalitpur,2023-10-19 02:30:00,temp,22.2,23.18552851567218,1,1,1,134.07169285402463
Lalitpur,2023-10-20 02:30:00,temp,21.5,22.896260121288538,1,1,1,134.07169285402463
Lalitpur,2023-10-21 02:15:00,temp,21.6,22.304752796959544,1,1,1,134.07169285402463
Lalitpur,2023-10-22 02:30:00,temp,21.6,22.2570588812295,1,1,1,134.07169285402463
Lalitpur,2023-10-23 02:15:00,temp,20.6,22.158839251276973,1,1,1,134.07169285402463
Lalitpur,2023-10-24 02:15:00,temp,20.5,21.316814564608894,1,1,1,134.07169285402463
Lalitpur,2023-10-25 02:30:00,temp,20.8,21.10528893086964,1,1,1,134.07169285402463
Lalitpur,2023-10-26 02:00:00,temp,20.8,21.225912818942938,1,1,1,134.07169285402463
Lalitpur,2023-10-27 02:30:00,temp,20.7,21.147273064871914,1,1,1,134.07169285402463
Lalitpur,2023-10-28 02:00:00,temp,20.3,21.00571182767696,1,1,1,134.07169285402463
Lalitpur,2023-10-29 02:45:00,temp,20.7,20.641414607949454,1,1,1,134.07169285402463
Lalitpur,2023-10-30 02:00:00,temp,20.8,20.882062567780352,1,1,1,134.07169285402463
Latehar,2023-10-15 02:30:00,temp,19.9,20.408962029449018,0,1,1,128.6971238169679
Latehar,2023-10-16 02:30:00,temp,20.5,20.071430318050627,0,1,1,128.6971238169679
Latehar,2023-10-17 02:15:00,temp,20.9,20.331932537182368,0,1,1,128.6971238169679
Latehar,2023-10-18 02:30:00,temp,20.1,20.663309551304252,0,1,1,128.6971238169679
Latehar,2023-10-19 02:15:00,temp,19.5,20.337462802251526,0,1,1,128.6971238169679
Latehar,2023-10-20 02:30:00,temp,19.4,19.847543628509293,0,1,1,128.6971238169679
Latehar,2023-10-21 02:15:00,temp,17.7,19.577509153178106,0,1,1,128.6971238169679
Latehar,2023-10-22 02:15:00,temp,17.4,18.38417474201584,0,1,1,128.6971238169679
Latehar,2023-10-23 02:00:00,temp,16.8,17.69128564781927,0,1,1,128.6971238169679
Latehar,2023-10-24 02:15:00,temp,17.9,17.055019879199534,0,1,1,128.6971238169679
Latehar,2023-10-25 02:15:00,temp,18.7,17.637817611380246,0,1,1,128.6971238169679
Latehar,2023-10-26 02:00:00,temp,17.1,18.369005108151956,0,1,1,128.6971238169679
Latehar,2023-10-27 02:15:00,temp,17.2,17.523155151402573,0,1,1,128.6971238169679
Latehar,2023-10-28 02:00:00,temp,16.9,17.307727732470156,0,1,1,128.6971238169679
Latehar,2023-10-29 02:30:00,temp,17.2,17.034895261062285,0,1,1,128.6971238169679
Latehar,2023-10-30 01:45:00,temp,17.7,17.14506857202917,0,1,1,128.6971238169679
Latur,2023-10-15 02:30:00,temp,22.7,22.042566777126662,0,0,2,109.17371094568338
Latur,2023-10-16 02:30:00,temp,22.6,22.528041204299196,0,0,2,109.17371094568338
Latur,2023-10-17 02:30:00,temp,22.7,22.723538702477676,0,0,2,109.17371094568338
Latur,2023-10-18 02:30:00,temp,22.2,22.42297261902668,0,0,2,109.17371094568338
Latur,2023-10-19 02:30:00,temp,22.4,22.277032420087153,0,0,2,109.17371094568338
Latur,2023-10-20 02:30:00,temp,22.0,22.36143089287842,0,0,2,109.17371094568338
Latur,2023-10-21 02:15:00,temp,21.3,22.26661622575249,0,0,2,109.17371094568338
Latur,2023-10-22 02:15:00,temp,20.5,21.719798315136153,0,0,2,109.17371094568338
Latur,2023-10-23 02:15:00,temp,20.5,21.24800245468155,0,0,2,109.17371094568338
Latur,2023-10-24 02:15:00,temp,20.0,21.328568483339218,0,0,2,109.17371094568338
Latur,2023-10-25 02:15:00,temp,20.0,21.16041950908362,0,0,2,109.17371094568338
Latur,2023-10-26 02:00:00,temp,18.9,20.88025179254182,0,0,2,109.17371094568338
Latur,2023-10-27 02:15:00,temp,18.3,20.373513093559392,0,0,2,109.17371094568338
Latur,2023-10-28 02:00:00,temp,18.8,19.69543967174574,0,0,2,109.17371094568338
Latur,2023-10-29 02:45:00,temp,19.2,20.297337684530163,0,0,2,109.17371094568338
Latur,2023-10-30 02:00:00,temp,19.4,20.776051396127226,0,0,2,109.17371094568338
Lawngtlai,2023-10-15 02:30:00,temp,16.5,18.64516485940815,0,0,2,90.1152702582373
Lawngtlai,2023-10-16 02:30:00,temp,17.0,17.723532240618532,0,0,2,90.1152702582373
Lawngtlai,2023-10-17 02:15:00,temp,17.1,18.19638551855852,0,0,2,90.1152702582373
Lawngtlai,2023-10-18 02:30:00,temp,16.6,18.954990799298194,0,0,2,90.1152702582373
Lawngtlai,2023-10-19 02:15:00,temp,16.7,17.629469101933516,0,0,2,90.1152702582373
Lawngtlai,2023-10-20 02:30:00,temp,16.5,17.30728274687536,0,0,2,90.1152702582373
Lawngtlai,2023-10-21 02:15:00,temp,17.2,18.641045149558213,0,0,2,90.1152702582373
Lawngtlai,2023-10-22 02:15:00,temp,17.8,18.245912712493414,0,0,2,90.1152702582373
Lawngtlai,2023-10-23 02:15:00,temp,18.9,18.303730970438163,0,0,2,90.1152702582373
Lawngtlai,2023-10-24 02:15:00,temp,18.4,19.986262614522218,0,0,2,90.1152702582373
Lawngtlai,2023-10-25 02:15:00,temp,18.1,19.394185126912767,0,0,2,90.1152702582373
Lawngtlai,2023-10-26 02:00:00,temp,18.4,17.465978903317506,0,0,2,90.1152702582373
Lawngtlai,2023-10-27 02:15:00,temp,17.2,19.322200079218984,0,0,2,90.1152702582373
Lawngtlai,2023-10-28 02:00:00,temp,16.7,19.115679153454604,0,0,2,90.1152702582373
Lawngtlai,2023-10-29 02:30:00,temp,15.9,16.893383546058878,0,0,2,90.1152702582373
Lawngtlai,2023-10-30 01:45:00,temp,16.7,17.7047370561522,0,0,2,90.1152702582373
Leh,2023-10-15 02:30:00,temp,-4.7,-3.2173133930329647,1,1,0,166.93494411527396
Leh,2023-10-16 02:30:00,temp,-5.9,-4.2223536938637,1,1,0,166.93494411527396
Leh,2023-10-17 02:15:00,temp,-3.8,-5.569604113869092,1,1,0,166.93494411527396
Leh,2023-10-18 02:15:00,temp,-9.0,-4.416138179536778,1,1,0,166.93494411527396
Leh,2023-10-19 02:15:00,temp,-8.0,-7.070806195507888,1,1,0,166.93494411527396
Leh,2023-10-20 02:15:00,temp,-8.0,-8.33883771730418,1,1,0,166.93494411527396
Leh,2023-10-21 02:00:00,temp,-8.0,-8.0,1,1,0,166.93494411527396
Leh,2023-10-22 02:15:00,temp,-8.4,-8.0,1,1,0,166.93494411527396
Leh,2023-10-23 02:00:00,temp,-8.2,-8.265212243845623,1,1,0,166.93494411527396
Leh,2023-10-24 02:15:00,temp,-8.7,-8.267453018743202,1,1,0,166.93494411527396
Leh,2023-10-25 02:15:00,temp,-9.6,-8.531025151693093,1,1,0,166.93494411527396
Leh,2023-10-26 02:00:00,temp,-9.4,-9.298984626522946,1,1,0,166.93494411527396
Leh,2023-10-27 02:15:00,temp,-8.8,-9.466793819226371,1,1,0,166.93494411527396
Leh,2023-10-28 02:00:00,temp,-9.0,-8.999903837703366,1,1,0,166.93494411527396
Leh,2023-10-29 02:30:00,temp,-9.2,-8.933345141536616,1,1,0,166.93494411527396
Leh,2023-10-30 01:45:00,temp,-7.6,-9.133396644285135,1,1,0,166.93494411527396
Lohardaga,2023-10-15 02:30:00,temp,18.9,20.330225394207336,0,1,1,103.20314191977724
Lohardaga,2023-10-16 02:30:00,temp,19.6,19.45676417551361,0,1,1,103.20314191977724
Lohardaga,2023-10-17 02:15:00,temp,19.9,19.54816447781735,0,1,1,103.20314191977724
Lohardaga,2023-10-18 02:30:00,temp,19.4,19.749954064599248,0,1,1,103.20314191977724
Lohardaga,2023-10-19 02:15:00,temp,18.8,19.552565113970317,0,1,1,103.20314191977724
Lohardaga,2023-10-20 02:30:00,temp,18.8,19.119383379653318,0,1,1,103.20314191977724
Lohardaga,2023-10-21 02:15:00,temp,17.0,18.92883627030713,0,1,1,103.20314191977724
Lohardaga,2023-10-22 02:15:00,temp,16.4,17.69929483204643,0,1,1,103.20314191977724
Lohardaga,2023-10-23 02:00:00,temp,16.6,16.702266262124443,0,1,1,103.20314191977724
Lohardaga,2023-10-24 02:15:00,temp,18.1,16.62486864435056,0,1,1,103.20314191977724
Lohardaga,2023-10-25 02:15:00,temp,18.2,17.663015773673614,0,1,1,103.20314191977724
Lohardaga,2023-10-26 02:00:00,temp,17.8,18.06362952955828,0,1,1,103.20314191977724
Lohardaga,2023-10-27 02:15:00,temp,16.7,17.871947143382513,0,1,1,103.20314191977724
Lohardaga,2023-10-28 02:00:00,temp,16.7,17.029728201276168,0,1,1,103.20314191977724
Lohardaga,2023-10-29 02:30:00,temp,17.1,16.78162316931733,0,1,1,103.20314191977724
Lohardaga,2023-10-30 01:45:00,temp,17.2,17.014609575844545,0,1,1,103.20314191977724
Lucknow,2023-10-15 02:30:00,temp,23.0,23.48195208128388,1,1,1,140.18352655498413
Lucknow,2023-10-16 02:30:00,temp,23.0,23.375409318275626,1,1,1,140.18352655498413
Lucknow,2023-10-17 02:30:00,temp,20.0,23.29272694763544,1,1,1,140.18352655498413
Lucknow,2023-10-18 02:30:00,temp,20.0,20.847894785238115,1,1,1,140.18352655498413
Lucknow,2023-10-19 02:30:00,temp,21.0,20.532780628402804,1,1,1,140.18352655498413
Lucknow,2023-10-20 02:30:00,temp,19.0,21.206888913976403,1,1,1,140.18352655498413
Lucknow,2023-10-21 02:15:00,temp,18.0,19.495863910321976,1,1,1,140.18352655498413
Lucknow,2023-10-22 02:30:00,temp,18.0,18.434328704902992,1,1,1,140.18352655498413
Lucknow,2023-10-23 02:15:00,temp,20.0,18.24243229704837,1,1,1,140.18352655498413
Lucknow,2023-10-24 02:15:00,temp,19.0,19.829470505355104,1,1,1,140.18352655498413
Lucknow,2023-10-25 02:15:00,temp,19.0,19.070947376206114,1,1,1,140.18352655498413
Lucknow,2023-10-26 02:00:00,temp,22.0,19.044550612322265,1,1,1,140.18352655498413
Lucknow,2023-10-27 02:30:00,temp,19.0,21.40590272996974,1,1,1,140.18352655498413
Lucknow,2023-10-28 02:00:00,temp,19.0,19.355132548936893,1,1,1,140.18352655498413
Lucknow,2023-10-29 02:45:00,temp,22.7,19.21337515020886,1,1,1,140.18352655498413
Lucknow,2023-10-30 02:00:00,temp,19.0,21.69277592953646,1,1,1,140.18352655498413
Ludhiana,2023-10-15 02:30:00,temp,23.9,22.934658352628155,0,1,2,162.61968070144607
Ludhiana,2023-10-16 02:30:00,temp,21.8,23.819236440140067,0,1,2,162.61968070144607
Ludhiana,2023-10-17 02:30:00,temp,18.4,21.794709266900878,0,1,2,162.61968070144607
Ludhiana,2023-10-18 02:30:00,temp,18.8,20.00910741830972,0,1,2,162.61968070144607
Ludhiana,2023-10-19 02:15:00,temp,18.7,20.510013818049675,0,1,2,162.61968070144607
Ludhiana,2023-10-20 02:30:00,temp,19.5,19.16777852076019,0,1,2,162.61968070144607
Ludhiana,2023-10-21 02:15:00,temp,19.4,20.155374540098464,0,1,2,162.61968070144607
Ludhiana,2023-10-22 02:15:00,temp,20.0,19.319296652555188,0,1,2,162.61968070144607
Ludhiana,2023-10-23 02:15:00,temp,21.0,20.230174891075656,0,1,2,162.61968070144607
Ludhiana,2023-10-24 02:15:00,temp,20.4,20.643861839352898,0,1,2,162.61968070144607
Ludhiana,2023-10-25 02:15:00,temp,20.3,20.10419798200119,0,1,2,162.61968070144607
Ludhiana,2023-10-26 02:00:00,temp,20.2,20.38680267388934,0,1,2,162.61968070144607
Ludhiana,2023-10-27 02:15:00,temp,20.1,20.133694422450155,0,1,2,162.61968070144607
Ludhiana,2023-10-28 02:00:00,temp,20.9,20.185710923632797,0,1,2,162.61968070144607
Ludhiana,2023-10-29 02:45:00,temp,21.2,20.839999295328088,0,1,2,162.61968070144607
Ludhiana,2023-10-30 01:45:00,temp,21.3,20.846962136646614,0,1,2,162.61968070144607
Lunglei,2023-10-15 02:30:00,temp,16.5,19.136771579839277,0,1,1,110.93151876874185
Lunglei,2023-10-16 02:30:00,temp,17.2,17.57980408039678,0,1,1,110.93151876874185
Lunglei,2023-10-17 02:15:00,temp,17.4,17.321801867717696,0,1,1,110.93151876874185
Lunglei,2023-10-18 02:30:00,temp,16.6,17.367345551451134,0,1,1,110.93151876874185
Lunglei,2023-10-19 02:15:00,temp,16.5,16.93585373693778,0,1,1,110.93151876874185
Lunglei,2023-10-20 02:30:00,temp,17.7,16.683726622427407,0,1,1,110.93151876874185
Lunglei,2023-10-21 02:15:00,temp,16.8,17.24764874748024,0,1,1,110.93151876874185
Lunglei,2023-10-22 02:15:00,temp,17.5,17.00424247834613,0,1,1,110.93151876874185
Lunglei,2023-10-23 02:15:00,temp,18.9,17.271210440595233,0,1,1,110.93151876874185
Lunglei,2023-10-24 02:15:00,temp,18.3,18.1766021431155,0,1,1,110.93151876874185
Lunglei,2023-10-25 02:15:00,temp,17.7,18.249440208977408,0,1,1,110.93151876874185
Lunglei,2023-10-26 02:00:00,temp,17.2,17.943814156143333,0,1,1,110.93151876874185
Lunglei,2023-10-27 02:15:00,temp,17.2,17.535217790887614,0,1,1,110.93151876874185
Lunglei,2023-10-28 02:00:00,temp,16.4,17.346763220246725,0,1,1,110.93151876874185
Lunglei,2023-10-29 02:30:00,temp,15.8,16.801226523908745,0,1,1,110.93151876874185
Lunglei,2023-10-30 01:45:00,temp,16.3,16.18574535586889,0,1,1,110.93151876874185
Madhubani,2023-10-15 02:30:00,temp,21.9,22.0,0,1,0,150.2436359106833
Madhubani,2023-10-16 02:30:00,temp,22.9,21.9,0,1,0,150.2436359106833
Madhubani,2023-10-17 02:15:00,temp,22.4,22.9,0,1,0,150.2436359106833
Madhubani,2023-10-18 02:30:00,temp,22.2,22.4,0,1,0,150.2436359106833
Madhubani,2023-10-19 02:15:00,temp,21.0,22.2,0,1,0,150.2436359106833
Madhubani,2023-10-20 02:30:00,temp,20.6,21.0,0,1,0,150.2436359106833
Madhubani,2023-10-21 02:15:00,temp,20.3,20.6,0,1,0,150.2436359106833
Madhubani,2023-10-22 02:15:00,temp,20.1,20.3,0,1,0,150.2436359106833
Madhubani,2023-10-23 02:15:00,temp,20.9,20.1,0,1,0,150.2436359106833
Madhubani,2023-10-24 02:15:00,temp,20.9,20.9,0,1,0,150.2436359106833
Madhubani,2023-10-25 02:15:00,temp,21.5,20.9,0,1,0,150.2436359106833
Madhubani,2023-10-26 02:00:00,temp,21.5,21.5,0,1,0,150.2436359106833
Madhubani,2023-10-27 02:15:00,temp,21.1,21.5,0,1,0,150.2436359106833
Madhubani,2023-10-28 02:00:00,temp,21.1,21.1,0,1,0,150.2436359106833
Madhubani,2023-10-29 02:30:00,temp,21.0,21.1,0,1,0,150.2436359106833
Madhubani,2023-10-30 01:45:00,temp,20.6,21.0,0,1,0,150.2436359106833
Madurai,2023-10-15 02:30:00,temp,25.7,25.957772839584386,0,0,0,124.3437710059498
Madurai,2023-10-16 02:30:00,temp,25.9,25.95216903023007,0,0,0,124.3437710059498
Madurai,2023-10-17 02:30:00,temp,24.0,25.951058940750855,0,0,0,124.3437710059498
Madurai,2023-10-18 02:30:00,temp,25.0,25.9104117766651,0,0,0,124.3437710059498
Madurai,2023-10-19 02:30:00,temp,24.4,25.891831793779744,0,0,0,124.3437710059498
Madurai,2023-10-20 02:30:00,temp,24.6,25.86199502952707,0,0,0,124.3437710059498
Madurai,2023-10-21 02:15:00,temp,25.0,25.837249854015827,0,0,0,124.3437710059498
Madurai,2023-10-22 02:30:00,temp,24.0,25.821148823876456,0,0,0,124.3437710059498
Madurai,2023-10-23 02:15:00,temp,26.0,25.7867874332414,0,0,0,124.3437710059498
Madurai,2023-10-24 02:15:00,temp,24.9,25.79073573200752,0,0,0,124.3437710059498
Madurai,2023-10-25 02:30:00,temp,24.9,25.774540433444123,0,0,0,124.3437710059498
Madurai,2023-10-26 02:00:00,temp,24.9,25.758923527378236,0,0,0,124.3437710059498
Madurai,2023-10-27 02:30:00,temp,24.5,25.743854559324323,0,0,0,124.3437710059498
Madurai,2023-10-28 02:00:00,temp,27.0,25.722408998115228,0,0,0,124.3437710059498
Madurai,2023-10-29 02:45:00,temp,26.0,25.744062716336618,0,0,0,124.3437710059498
Madurai,2023-10-30 02:00:00,temp,25.0,25.74832804324874,0,0,0,124.3437710059498
Mahamaya,2023-10-15 02:30:00,temp,27.0,24.84511642132355,0,1,1,98.64173652990696
Mahamaya,2023-10-16 02:30:00,temp,23.6,25.948944648973992,0,1,1,98.64173652990696
Mahamaya,2023-10-17 02:30:00,temp,23.7,25.023906482685838,0,1,1,98.64173652990696
Mahamaya,2023-10-18 02:30:00,temp,24.4,24.36096218469025,0,1,1,98.64173652990696
Mahamaya,2023-10-19 02:30:00,temp,26.0,24.381288569528966,0,1,1,98.64173652990696
Mahamaya,2023-10-20 02:30:00,temp,23.3,25.061400881390053,0,1,1,98.64173652990696
Mahamaya,2023-10-21 02:15:00,temp,22.1,24.397845691186554,0,1,1,98.64173652990696
Mahamaya,2023-10-22 02:30:00,temp,22.4,23.359087242825808,0,1,1,98.64173652990696
Mahamaya,2023-10-23 02:15:00,temp,24.0,22.82649510894084,0,1,1,98.64173652990696
Mahamaya,2023-10-24 02:15:00,temp,22.4,23.400274913207667,0,1,1,98.64173652990696
Mahamaya,2023-10-25 02:30:00,temp,24.0,22.95975768864914,0,1,1,98.64173652990696
Mahamaya,2023-10-26 02:00:00,temp,24.0,23.410882012563743,0,1,1,98.64173652990696
Mahamaya,2023-10-27 02:30:00,temp,23.6,23.660327917100613,0,1,1,98.64173652990696
Mahamaya,2023-10-28 02:00:00,temp,23.2,23.634506658967318,0,1,1,98.64173652990696
Mahamaya,2023-10-29 02:45:00,temp,22.2,23.451656298232514,0,1,1,98.64173652990696
Mahamaya,2023-10-30 02:00:00,temp,21.9,22.920618486187074,0,1,1,98.64173652990696
Mahasamund,2023-10-15 02:30:00,temp,22.8,24.300368877240608,0,1,1,104.60730020718098
Mahasamund,2023-10-16 02:30:00,temp,23.6,22.516629950851136,0,1,1,104.60730020718098
Mahasamund,2023-10-17 02:15:00,temp,22.4,23.732853737473825,0,1,1,104.60730020718098
Mahasamund,2023-10-18 02:30:00,temp,22.5,22.288666350367297,0,1,1,104.60730020718098
Mahasamund,2023-10-19 02:15:00,temp,22.1,22.51581370595962,0,1,1,104.60730020718098
Mahasamund,2023-10-20 02:30:00,temp,22.2,22.068690125061305,0,1,1,104.60730020718098
Mahasamund,2023-10-21 02:15:00,temp,20.3,22.209663658288253,0,1,1,104.60730020718098
Mahasamund,2023-10-22 02:15:00,temp,19.4,20.174347316963875,0,1,1,104.60730020718098
Mahasamund,2023-10-23 02:15:00,temp,18.7,19.328906698967604,0,1,1,104.60730020718098
Mahasamund,2023-10-24 02:15:00,temp,18.3,18.632846554999556,0,1,1,104.60730020718098
Mahasamund,2023-10-25 02:15:00,temp,19.1,18.26317852646838,0,1,1,104.60730020718098
Mahasamund,2023-10-26 02:00:00,temp,18.9,19.189084419948507,0,1,1,104.60730020718098
Mahasamund,2023-10-27 02:15:00,temp,18.8,18.87115663896741,0,1,1,104.60730020718098
Mahasamund,2023-10-28 02:00:00,temp,18.8,18.792767762150543,0,1,1,104.60730020718098
Mahasamund,2023-10-29 02:30:00,temp,18.7,18.80073752816783,0,1,1,104.60730020718098
Mahasamund,2023-10-30 01:45:00,temp,19.3,18.689727856425623,0,1,1,104.60730020718098
Mahe,2023-10-15 02:30:00,temp,25.1,24.59878491834209,1,0,0,72.95168465321305
Mahe,2023-10-16 02:30:00,temp,24.8,24.755402313543357,1,0,0,72.95168465321305
Mahe,2023-10-17 02:15:00,temp,25.4,24.648019656276336,1,0,0,72.95168465321305
Mahe,2023-10-18 02:30:00,temp,24.7,24.892696305322968,1,0,0,72.95168465321305
Mahe,2023-10-19 02:15:00,temp,25.6,24.62349757110326,1,0,0,72.95168465321305
Mahe,2023-10-20 02:30:00,temp,25.6,24.980315646798875,1,0,0,72.95168465321305
Mahe,2023-10-21 02:15:00,temp,24.7,25.031032503671668,1,0,0,72.95168465321305
Mahe,2023-10-22 02:15:00,temp,24.4,24.651504091098825,1,0,0,72.95168465321305
Mahe,2023-10-23 02:15:00,temp,24.6,24.52891705650557,1,0,0,72.95168465321305
Mahe,2023-10-24 02:15:00,temp,25.1,24.608794000165062,1,0,0,72.95168465321305
Mahe,2023-10-25 02:15:00,temp,24.3,24.813365295495554,1,0,0,72.95168465321305
Mahe,2023-10-26 02:00:00,temp,24.4,24.495660966785163,1,0,0,72.95168465321305
Mahe,2023-10-27 02:15:00,temp,24.5,24.53135508699941,1,0,0,72.95168465321305
Mahe,2023-10-28 02:00:00,temp,24.9,24.56869509611977,1,0,0,72.95168465321305
Mahe,2023-10-29 02:30:00,temp,24.5,24.725534786124935,1,0,0,72.95168465321305
Mahe,2023-10-30 01:45:00,temp,24.5,24.57116635441982,1,0,0,72.95168465321305
Mahendragarh,2023-10-15 02:30:00,temp,26.7,27.53173425910616,2,0,2,153.7181926989357
Mahendragarh,2023-10-16 02:30:00,temp,27.1,27.396135817392373,2,0,2,153.7181926989357
Mahendragarh,2023-10-17 02:15:00,temp,20.4,26.461921836422082,2,0,2,153.7181926989357
Mahendragarh,2023-10-18 02:30:00,temp,23.2,23.02182257197584,2,0,2,153.7181926989357
Mahendragarh,2023-10-19 02:15:00,temp,22.2,21.993153680220903,2,0,2,153.7181926989357
Mahendragarh,2023-10-20 02:30:00,temp,22.8,25.754854152065146,2,0,2,153.7181926989357
Mahendragarh,2023-10-21 02:15:00,temp,23.6,27.137002438828713,2,0,2,153.7181926989357
Mahendragarh,2023-10-22 02:15:00,temp,23.3,24.791421278016053,2,0,2,153.7181926989357
Mahendragarh,2023-10-23 02:15:00,temp,23.7,23.786070338465777,2,0,2,153.7181926989357
Mahendragarh,2023-10-24 02:15:00,temp,22.0,24.903380735108442,2,0,2,153.7181926989357
Mahendragarh,2023-10-25 02:15:00,temp,23.0,24.54300860217395,2,0,2,153.7181926989357
Mahendragarh,2023-10-26 02:00:00,temp,22.9,23.75189314412204,2,0,2,153.7181926989357
Mahendragarh,2023-10-27 02:15:00,temp,22.3,24.086461619704384,2,0,2,153.7181926989357
Mahendragarh,2023-10-28 02:00:00,temp,22.9,24.03630094431204,2,0,2,153.7181926989357
Mahendragarh,2023-10-29 02:30:00,temp,24.0,23.829442123863586,2,0,2,153.7181926989357
Mahendragarh,2023-10-30 01:45:00,temp,24.5,24.689767705827027,2,0,2,153.7181926989357
Mahesana,2023-10-15 02:30:00,temp,26.4,26.499241644394427,1,0,0,121.2127935132962
Mahesana,2023-10-16 02:30:00,temp,25.5,26.25279346503731,1,0,0,121.2127935132962
Mahesana,2023-10-17 02:15:00,temp,25.0,25.692232480333423,1,0,0,121.2127935132962
Mahesana,2023-10-18 02:15:00,temp,24.7,25.37028517951662,1,0,0,121.2127935132962
Mahesana,2023-10-19 02:15:00,temp,25.2,25.15961756028297,1,0,0,121.2127935132962
Mahesana,2023-10-20 02:30:00,temp,25.7,25.47173516099335,1,0,0,121.2127935132962
Mahesana,2023-10-21 02:15:00,temp,25.8,25.787193301147703,1,0,0,121.2127935132962
Mahesana,2023-10-22 02:15:00,temp,26.3,25.84925293953128,1,0,0,121.2127935132962
Mahesana,2023-10-23 02:00:00,temp,25.9,26.16632182553332,1,0,0,121.2127935132962
Mahesana,2023-10-24 02:15:00,temp,25.5,25.91460013001399,1,0,0,121.2127935132962
Mahesana,2023-10-25 02:15:00,temp,25.4,25.660668211336166,1,0,0,121.2127935132962
Mahesana,2023-10-26 02:00:00,temp,24.7,25.593462867985064,1,0,0,121.2127935132962
Mahesana,2023-10-27 02:15:00,temp,24.4,25.13592222908583,1,0,0,121.2127935132962
Mahesana,2023-10-28 02:00:00,temp,24.8,24.91467432753368,1,0,0,121.2127935132962
Mahesana,2023-10-29 02:30:00,temp,24.6,25.166180350101953,1,0,0,121.2127935132962
Mahesana,2023-10-30 01:45:00,temp,25.2,25.017060292104322,1,0,0,121.2127935132962
Mahoba,2023-10-15 02:30:00,temp,26.2,25.793789283900278,1,1,1,151.7936449457152
Mahoba,2023-10-16 02:30:00,temp,26.0,26.31073046240271,1,1,1,151.7936449457152
Mahoba,2023-10-17 02:30:00,temp,21.3,26.178422167236043,1,1,1,151.7936449457152
Mahoba,2023-10-18 02:30:00,temp,23.6,22.83999876146298,1,1,1,151.7936449457152
Mahoba,2023-10-19 02:30:00,temp,23.8,24.36937001840839,1,1,1,151.7936449457152
Mahoba,2023-10-20 02:30:00,temp,22.9,24.403967155520988,1,1,1,151.7936449457152
Mahoba,2023-10-21 02:15:00,temp,22.5,23.648099891568933,1,1,1,151.7936449457152
Mahoba,2023-10-22 02:30:00,temp,22.0,23.212742098559474,1,1,1,151.7936449457152
Mahoba,2023-10-23 02:15:00,temp,21.3,22.68899295132524,1,1,1,151.7936449457152
Mahoba,2023-10-24 02:15:00,temp,21.7,21.99121399120544,1,1,1,151.7936449457152
Mahoba,2023-10-25 02:30:00,temp,21.7,22.15045724778841,1,1,1,151.7936449457152
Mahoba,2023-10-26 02:00:00,temp,21.9,22.048473045069294,1,1,1,151.7936449457152
Mahoba,2023-10-27 02:30:00,temp,21.7,22.126237703808904,1,1,1,151.7936449457152
Mahoba,2023-10-28 02:00:00,temp,21.7,21.922647285063164,1,1,1,151.7936449457152
Mahoba,2023-10-29 02:45:00,temp,22.1,21.87445140306281,1,1,1,151.7936449457152
Mahoba,2023-10-30 02:00:00,temp,22.1,22.13925112244387,1,1,1,151.7936449457152
Mainpuri,2023-10-15 02:30:00,temp,26.9,26.299272072149314,2,1,1,148.34198080550323
Mainpuri,2023-10-16 02:30:00,temp,26.6,27.10616800480876,2,1,1,148.34198080550323
Mainpuri,2023-10-17 02:30:00,temp,21.0,26.412990672788716,2,1,1,148.34198080550323
Mainpuri,2023-10-18 02:30:00,temp,22.9,21.388678723308868,2,1,1,148.34198080550323
Mainpuri,2023-10-19 02:30:00,temp,23.1,25.13922513078267,2,1,1,148.34198080550323
Mainpuri,2023-10-20 02:30:00,temp,22.1,24.20058942457416,2,1,1,148.34198080550323
Mainpuri,2023-10-21 02:15:00,temp,22.0,23.00531140640547,2,1,1,148.34198080550323
Mainpuri,2023-10-22 02:30:00,temp,22.3,22.90508821353122,2,1,1,148.34198080550323
Mainpuri,2023-10-23 02:15:00,temp,22.6,22.971638615645297,2,1,1,148.34198080550323
Mainpuri,2023-10-24 02:15:00,temp,22.2,23.007241250138705,2,1,1,148.34198080550323
Mainpuri,2023-10-25 02:30:00,temp,22.0,22.440446276738147,2,1,1,148.34198080550323
Mainpuri,2023-10-26 02:00:00,temp,22.4,22.274427868929692,2,1,1,148.34198080550323
Mainpuri,2023-10-27 02:30:00,temp,22.5,22.61322693966733,2,1,1,148.34198080550323
Mainpuri,2023-10-28 02:00:00,temp,21.4,22.556693240920485,2,1,1,148.34198080550323
Mainpuri,2023-10-29 02:45:00,temp,23.1,21.529017394272923,2,1,1,148.34198080550323
Mainpuri,2023-10-30 02:00:00,temp,22.9,23.243208580983516,2,1,1,148.34198080550323
Majuli,2023-10-15 02:30:00,temp,20.9,21.638796679636975,0,1,1,147.48488442549242
Majuli,2023-10-16 02:30:00,temp,21.0,21.275830156981943,0,1,1,147.48488442549242
Majuli,2023-10-17 02:30:00,temp,20.7,21.139332483100617,0,1,1,147.48488442549242
Majuli,2023-10-18 02:30:00,temp,21.1,20.922678484941784,0,1,1,147.48488442549242
Majuli,2023-10-19 02:30:00,temp,20.3,21.009766468589056,0,1,1,147.48488442549242
Majuli,2023-10-20 02:30:00,temp,20.4,20.663435835536475,0,1,1,147.48488442549242
Majuli,2023-10-21 02:30:00,temp,20.1,20.533351172933312,0,1,1,147.48488442549242
Majuli,2023-10-22 02:30:00,temp,19.6,20.31854671553125,0,1,1,147.48488442549242
Majuli,2023-10-23 02:15:00,temp,19.3,19.957511499344438,0,1,1,147.48488442549242
Majuli,2023-10-24 02:15:00,temp,21.1,19.62003259860068,0,1,1,147.48488442549242
Majuli,2023-10-25 02:30:00,temp,20.0,20.35356259429265,0,1,1,147.48488442549242
Majuli,2023-10-26 02:00:00,temp,20.3,20.181018301654266,0,1,1,147.48488442549242
Majuli,2023-10-27 02:30:00,temp,19.9,20.238618337542118,0,1,1,147.48488442549242
Majuli,2023-10-28 02:00:00,temp,19.8,20.074861733700015,0,1,1,147.48488442549242
Majuli,2023-10-29 02:45:00,temp,19.4,19.941734454727957,0,1,1,147.48488442549242
Majuli,2023-10-30 02:00:00,temp,20.2,19.67784085758513,0,1,1,147.48488442549242
Malappuram,2023-10-15 02:30:00,temp,22.0,23.644439464857037,0,0,0,122.05022630741297
Malappuram,2023-10-16 02:30:00,temp,25.0,23.608690874089326,0,0,0,122.05022630741297
Malappuram,2023-10-17 02:30:00,temp,23.0,23.638292805872034,0,0,0,122.05022630741297
Malappuram,2023-10-18 02:30:00,temp,24.0,23.62499521959579,0,0,0,122.05022630741297
Malappuram,2023-10-19 02:15:00,temp,25.0,23.63264816766669,0,0,0,122.05022630741297
Malappuram,2023-10-20 02:30:00,temp,26.0,23.659995059681272,0,0,0,122.05022630741297
Malappuram,2023-10-21 02:15:00,temp,23.0,23.70587698075995,0,0,0,122.05022630741297
Malappuram,2023-10-22 02:15:00,temp,25.0,23.692302615906694,0,0,0,122.05022630741297
Malappuram,2023-10-23 02:15:00,temp,24.0,23.716976111170737,0,0,0,122.05022630741297
Malappuram,2023-10-24 02:15:00,temp,23.0,23.72221720207763,0,0,0,122.05022630741297
Malappuram,2023-10-25 02:15:00,temp,25.0,23.70908588836269,0,0,0,122.05022630741297
Malappuram,2023-10-26 02:00:00,temp,25.0,23.732137765308476,0,0,0,122.05022630741297
Malappuram,2023-10-27 02:15:00,temp,26.0,23.75438097197267,0,0,0,122.05022630741297
Malappuram,2023-10-28 02:00:00,temp,23.0,23.793098317401547,0,0,0,122.05022630741297
Malappuram,2023-10-29 02:45:00,temp,24.0,23.779655938137257,0,0,0,122.05022630741297
Malappuram,2023-10-30 02:00:00,temp,24.0,23.783328263852717,0,0,0,122.05022630741297
Maldah,2023-10-15 02:30:00,temp,23.2,23.100463784260874,1,1,2,144.6636111731697
Maldah,2023-10-16 02:30:00,temp,23.9,23.386083158793692,1,1,2,144.6636111731697
Maldah,2023-10-17 02:30:00,temp,23.1,23.966251404690762,1,1,2,144.6636111731697
Maldah,2023-10-18 02:30:00,temp,23.7,22.97361857881257,1,1,2,144.6636111731697
Maldah,2023-10-19 02:15:00,temp,22.8,23.641820435963197,1,1,2,144.6636111731697
Maldah,2023-10-20 02:30:00,temp,22.2,22.924940403276935,1,1,2,144.6636111731697
Maldah,2023-10-21 02:15:00,temp,21.7,21.439776595792555,1,1,2,144.6636111731697
Maldah,2023-10-22 02:15:00,temp,21.8,22.15396064921805,1,1,2,144.6636111731697
Maldah,2023-10-23 02:15:00,temp,22.6,21.381095796371774,1,1,2,144.6636111731697
Maldah,2023-10-24 02:15:00,temp,21.8,23.20556339697994,1,1,2,144.6636111731697
Maldah,2023-10-25 02:15:00,temp,22.5,21.400177307631537,1,1,2,144.6636111731697
Maldah,2023-10-26 02:00:00,temp,23.1,22.572856494676994,1,1,2,144.6636111731697
Maldah,2023-10-27 02:15:00,temp,22.1,23.539795580478582,1,1,2,144.6636111731697
Maldah,2023-10-28 02:00:00,temp,22.6,22.13396415087735,1,1,2,144.6636111731697
Maldah,2023-10-29 02:45:00,temp,21.4,22.67078321882638,1,1,2,144.6636111731697
Maldah,2023-10-30 01:45:00,temp,22.0,21.559566254935753,1,1,2,144.6636111731697
Malkangiri,2023-10-15 02:30:00,temp,22.1,21.909954099258645,2,1,0,109.63101786475137
Malkangiri,2023-10-16 02:30:00,temp,21.7,21.989684828375793,2,1,0,109.63101786475137
Malkangiri,2023-10-17 02:30:00,temp,22.0,21.73376294277235,2,1,0,109.63101786475137
Malkangiri,2023-10-18 02:30:00,temp,20.9,22.012156417065235,2,1,0,109.63101786475137
Malkangiri,2023-10-19 02:30:00,temp,21.3,21.317272692134004,2,1,0,109.63101786475137
Malkangiri,2023-10-20 02:30:00,temp,20.5,21.522521386645902,2,1,0,109.63101786475137
Malkangiri,2023-10-21 02:15:00,temp,20.5,20.746872287289033,2,1,0,109.63101786475137
Malkangiri,2023-10-22 02:30:00,temp,19.2,20.779226981910313,2,1,0,109.63101786475137
Malkangiri,2023-10-23 02:15:00,temp,18.0,19.803205572357555,2,1,0,109.63101786475137
Malkangiri,2023-10-24 02:15:00,temp,19.0,18.847683713357146,2,1,0,109.63101786475137
Malkangiri,2023-10-25 02:15:00,temp,19.4,18.950466862447673,2,1,0,109.63101786475137
Malkangiri,2023-10-26 02:00:00,temp,19.7,18.937493451940774,2,1,0,109.63101786475137
Malkangiri,2023-10-27 02:15:00,temp,19.0,19.47261932932979,2,1,0,109.63101786475137
Malkangiri,2023-10-28 02:00:00,temp,19.7,19.18365988600442,2,1,0,109.63101786475137
Malkangiri,2023-10-29 02:45:00,temp,21.9,19.625290199972444,2,1,0,109.63101786475137
Malkangiri,2023-10-30 02:00:00,temp,20.2,20.87724391784817,2,1,0,109.63101786475137
Mamit,2023-10-15 02:30:00,temp,17.3,20.778579291484427,2,1,2,126.32034641867166
Mamit,2023-10-16 02:30:00,temp,18.6,18.34278635583395,2,1,2,126.32034641867166
Mamit,2023-10-17 02:15:00,temp,19.0,18.08816995854398,2,1,2,126.32034641867166
Mamit,2023-10-18 02:30:00,temp,19.5,18.427049618384547,2,1,2,126.32034641867166
Mamit,2023-10-19 02:15:00,temp,19.1,20.50585710721889,2,1,2,126.32034641867166
Mamit,2023-10-20 02:30:00,temp,19.1,18.286431156279207,2,1,2,126.32034641867166
Mamit,2023-10-21 02:15:00,temp,19.1,19.102051231317446,2,1,2,126.32034641867166
Mamit,2023-10-22 02:15:00,temp,20.2,19.828059126424435,2,1,2,126.32034641867166
Mamit,2023-10-23 02:15:00,temp,21.6,19.252798773958343,2,1,2,126.32034641867166
Mamit,2023-10-24 02:15:00,temp,20.6,21.792820759447928,2,1,2,126.32034641867166
Mamit,2023-10-25 02:15:00,temp,21.9,21.231753210907428,2,1,2,126.32034641867166
Mamit,2023-10-26 02:00:00,temp,20.8,21.033868772641092,2,1,2,126.32034641867166
Mamit,2023-10-27 02:15:00,temp,19.8,21.251123486670647,2,1,2,126.32034641867166
Mamit,2023-10-28 02:00:00,temp,18.8,20.266247993620123,2,1,2,126.32034641867166
Mamit,2023-10-29 02:30:00,temp,18.5,19.26807475376849,2,1,2,126.32034641867166
Mamit,2023-10-30 01:45:00,temp,18.6,19.269057014943368,2,1,2,126.32034641867166
Mancherial,2023-10-16 02:30:00,temp,23.9,25.067522034582673,2,0,2,108.84546684554998
Mancherial,2023-10-17 02:30:00,temp,25.1,23.99853130749618,2,0,2,108.84546684554998
Mancherial,2023-10-18 02:30:00,temp,22.7,24.399320618443458,2,0,2,108.84546684554998
Mancherial,2023-10-19 02:30:00,temp,22.8,24.108471236239033,2,0,2,108.84546684554998
Mancherial,2023-10-20 02:30:00,temp,23.2,23.251822988328072,2,0,2,108.84546684554998
Mancherial,2023-10-21 02:30:00,temp,24.0,23.437828537809047,2,0,2,108.84546684554998
Mancherial,2023-10-22 02:30:00,temp,20.2,23.81355616031781,2,0,2,108.84546684554998
Mancherial,2023-10-23 02:15:00,temp,19.9,22.553693821884604,2,0,2,108.84546684554998
Mancherial,2023-10-24 02:15:00,temp,19.3,21.16916544361221,2,0,2,108.84546684554998
Mancherial,2023-10-25 02:30:00,temp,19.4,20.719962070421513,2,0,2,108.84546684554998
Mancherial,2023-10-26 02:00:00,temp,19.6,19.71753575406672,2,0,2,108.84546684554998
Mancherial,2023-10-27 02:30:00,temp,18.6,20.493894800952937,2,0,2,108.84546684554998
Mancherial,2023-10-28 02:00:00,temp,19.3,18.88504846028614,2,0,2,108.84546684554998
Mancherial,2023-10-29 02:45:00,temp,19.8,19.81180807632205,2,0,2,108.84546684554998
Mancherial,2023-10-30 02:00:00,temp,19.8,19.74025386686349,2,0,2,108.84546684554998
Mandi,2023-10-15 02:30:00,temp,13.0,14.167110062177734,0,1,1,149.95702667232806
Mandi,2023-10-16 02:30:00,temp,13.9,13.500905370639561,0,1,1,149.95702667232806
Mandi,2023-10-17 02:15:00,temp,13.3,13.728621788580844,0,1,1,149.95702667232806
Mandi,2023-10-18 02:15:00,temp,10.2,13.490936067490425,0,1,1,149.95702667232806
Mandi,2023-10-19 02:15:00,temp,12.0,11.5714244521149,0,1,1,149.95702667232806
Mandi,2023-10-20 02:15:00,temp,10.5,11.840577442362822,0,1,1,149.95702667232806
Mandi,2023-10-21 02:15:00,temp,10.7,11.055654949332444,0,1,1,149.95702667232806
Mandi,2023-10-22 02:15:00,temp,10.8,10.842647516152432,0,1,1,149.95702667232806
Mandi,2023-10-23 02:00:00,temp,10.7,10.81750751989273,0,1,1,149.95702667232806
Mandi,2023-10-24 02:15:00,temp,10.9,10.74846980147785,0,1,1,149.95702667232806
Mandi,2023-10-25 02:15:00,temp,10.9,10.837375505916935,0,1,1,149.95702667232806
Mandi,2023-10-26 02:00:00,temp,11.0,10.874074045487792,0,1,1,149.95702667232806
Mandi,2023-10-27 02:15:00,temp,11.3,10.947862540039457,0,1,1,149.95702667232806
Mandi,2023-10-28 02:00:00,temp,11.6,11.154389996688213,0,1,1,149.95702667232806
Mandi,2023-10-29 02:30:00,temp,12.6,11.416815534603618,0,1,1,149.95702667232806
Mandi,2023-10-30 01:45:00,temp,11.8,12.123572447373261,0,1,1,149.95702667232806
Mandla,2023-10-15 02:30:00,temp,20.0,19.9,0,1,0,121.41204780607124
Mandla,2023-10-16 02:30:00,temp,20.1,20.0,0,1,0,121.41204780607124
Mandla,2023-10-17 02:15:00,temp,19.2,20.1,0,1,0,121.41204780607124
Mandla,2023-10-18 02:15:00,temp,19.2,19.2,0,1,0,121.41204780607124
Mandla,2023-10-19 02:15:00,temp,19.3,19.2,0,1,0,121.41204780607124
Mandla,2023-10-20 02:15:00,temp,18.7,19.3,0,1,0,121.41204780607124
Mandla,2023-10-21 02:00:00,temp,17.3,18.7,0,1,0,121.41204780607124
Mandla,2023-10-22 02:15:00,temp,16.7,17.300000000000004,0,1,0,121.41204780607124
Mandla,2023-10-23 02:00:00,temp,15.9,16.7,0,1,0,121.41204780607124
Mandla,2023-10-24 02:15:00,temp,15.6,15.9,0,1,0,121.41204780607124
Mandla,2023-10-25 02:15:00,temp,15.8,15.6,0,1,0,121.41204780607124
Mandla,2023-10-26 02:00:00,temp,15.8,15.8,0,1,0,121.41204780607124
Mandla,2023-10-27 02:15:00,temp,15.3,15.8,0,1,0,121.41204780607124
Mandla,2023-10-28 02:00:00,temp,15.2,15.3,0,1,0,121.41204780607124
Mandla,2023-10-29 02:30:00,temp,15.4,15.2,0,1,0,121.41204780607124
Mandla,2023-10-30 01:45:00,temp,15.9,15.4,0,1,0,121.41204780607124
Mandsaur,2023-10-15 02:30:00,temp,22.7,23.64703167366753,2,1,2,100.1339680648388
Mandsaur,2023-10-16 02:30:00,temp,22.5,23.860931237890846,2,1,2,100.1339680648388
Mandsaur,2023-10-17 02:15:00,temp,22.8,22.127077072279025,2,1,2,100.1339680648388
Mandsaur,2023-10-18 02:15:00,temp,21.6,23.028161166231516,2,1,2,100.1339680648388
Mandsaur,2023-10-19 02:15:00,temp,22.5,21.975166349367235,2,1,2,100.1339680648388
Mandsaur,2023-10-20 02:15:00,temp,21.7,22.27622591408904,2,1,2,100.1339680648388
Mandsaur,2023-10-21 02:00:00,temp,22.5,21.718746926135893,2,1,2,100.1339680648388
Mandsaur,2023-10-22 02:15:00,temp,21.8,22.663603857733428,2,1,2,100.1339680648388
Mandsaur,2023-10-23 02:00:00,temp,21.9,21.522834310472913,2,1,2,100.1339680648388
Mandsaur,2023-10-24 02:15:00,temp,23.5,22.349761826414507,2,1,2,100.1339680648388
Mandsaur,2023-10-25 02:15:00,temp,21.2,22.640564457130292,2,1,2,100.1339680648388
Mandsaur,2023-10-26 02:00:00,temp,21.5,22.26538284841942,2,1,2,100.1339680648388
Mandsaur,2023-10-27 02:15:00,temp,20.6,21.611089615567124,2,1,2,100.1339680648388
Mandsaur,2023-10-28 02:00:00,temp,20.5,20.150908600590025,2,1,2,100.1339680648388
Mandsaur,2023-10-29 02:30:00,temp,21.2,21.367650953182626,2,1,2,100.1339680648388
Mandsaur,2023-10-30 01:45:00,temp,21.7,20.209045615063744,2,1,2,100.1339680648388
Mandya,2023-10-15 02:30:00,temp,20.7,21.287230922512315,0,1,1,110.70334715959527
Mandya,2023-10-16 02:30:00,temp,20.5,21.02038236726905,0,1,1,110.70334715959527
Mandya,2023-10-17 02:30:00,temp,20.6,20.77186351870425,0,1,1,110.70334715959527
Mandya,2023-10-18 02:30:00,temp,21.3,20.691328715212304,0,1,1,110.70334715959527
Mandya,2023-10-19 02:15:00,temp,22.6,20.956649449290065,0,1,1,110.70334715959527
Mandya,2023-10-20 02:30:00,temp,20.2,21.64813135441962,0,1,1,110.70334715959527
Mandya,2023-10-21 02:15:00,temp,21.9,21.074656797352056,0,1,1,110.70334715959527
Mandya,2023-10-22 02:15:00,temp,21.3,21.348665077667867,0,1,1,110.70334715959527
Mandya,2023-10-23 02:15:00,temp,22.0,21.332247453938745,0,1,1,110.70334715959527
Mandya,2023-10-24 02:15:00,temp,18.5,21.556386519593048,0,1,1,110.70334715959527
Mandya,2023-10-25 02:15:00,temp,18.4,20.731758755821545,0,1,1,110.70334715959527
Mandya,2023-10-26 02:00:00,temp,18.6,19.489559742309577,0,1,1,110.70334715959527
Mandya,2023-10-27 02:15:00,temp,19.0,18.94752774046875,0,1,1,110.70334715959527
Mandya,2023-10-28 02:00:00,temp,19.8,18.975987469493933,0,1,1,110.70334715959527
Mandya,2023-10-29 02:45:00,temp,20.1,19.37382400689202,0,1,1,110.70334715959527
Mandya,2023-10-30 02:00:00,temp,20.7,19.714101949730267,0,1,1,110.70334715959527
Mansa,2023-10-15 02:30:00,temp,24.0,24.06582182219184,2,1,1,180.44649864293615
Mansa,2023-10-16 02:30:00,temp,21.2,24.37790172252532,2,1,1,180.44649864293615
Mansa,2023-10-17 02:30:00,temp,18.4,21.96508404915842,2,1,1,180.44649864293615
Mansa,2023-10-18 02:30:00,temp,19.7,19.901686677074814,2,1,1,180.44649864293615
Mansa,2023-10-19 02:15:00,temp,19.4,21.473472824130347,2,1,1,180.44649864293615
Mansa,2023-10-20 02:30:00,temp,20.4,20.43992774295746,2,1,1,180.44649864293615
Mansa,2023-10-21 02:15:00,temp,20.8,21.208883640401893,2,1,1,180.44649864293615
Mansa,2023-10-22 02:15:00,temp,22.0,21.20358780706108,2,1,1,180.44649864293615
Mansa,2023-10-23 02:15:00,temp,21.3,22.1540800375026,2,1,1,180.44649864293615
Mansa,2023-10-24 02:15:00,temp,21.1,21.245012032212077,2,1,1,180.44649864293615
Mansa,2023-10-25 02:15:00,temp,21.3,21.213875603111397,2,1,1,180.44649864293615
Mansa,2023-10-26 02:00:00,temp,20.6,21.41138714541688,2,1,1,180.44649864293615
Mansa,2023-10-27 02:15:00,temp,20.6,20.7327947947334,2,1,1,180.44649864293615
Mansa,2023-10-28 02:00:00,temp,22.1,20.849549721220153,2,1,1,180.44649864293615
Mansa,2023-10-29 02:45:00,temp,22.6,22.121585351560718,2,1,1,180.44649864293615
Mansa,2023-10-30 02:00:00,temp,22.2,22.255688780321094,2,1,1,180.44649864293615
Mathura,2023-10-15 02:30:00,temp,28.0,25.44003253919504,2,0,2,153.5315479777822
Mathura,2023-10-16 02:30:00,temp,26.7,27.564794288622643,2,0,2,153.5315479777822
Mathura,2023-10-17 02:30:00,temp,21.3,27.734437718854444,2,0,2,153.5315479777822
Mathura,2023-10-18 02:30:00,temp,23.1,22.95288151934176,2,0,2,153.5315479777822
Mathura,2023-10-19 02:30:00,temp,22.8,24.47344743879272,2,0,2,153.5315479777822
Mathura,2023-10-20 02:30:00,temp,22.5,25.64826871064824,2,0,2,153.5315479777822
Mathura,2023-10-21 02:15:00,temp,22.8,26.378562482597708,2,0,2,153.5315479777822
Mathura,2023-10-22 02:30:00,temp,22.7,24.315646765122413,2,0,2,153.5315479777822
Mathura,2023-10-23 02:15:00,temp,23.2,24.109331990882172,2,0,2,153.5315479777822
Mathura,2023-10-24 02:15:00,temp,23.0,24.357442514210078,2,0,2,153.5315479777822
Mathura,2023-10-25 02:30:00,temp,22.3,23.975720330911802,2,0,2,153.5315479777822
Mathura,2023-10-26 02:00:00,temp,22.7,23.359142917919826,2,0,2,153.5315479777822
Mathura,2023-10-27 02:30:00,temp,22.4,23.648067944824035,2,0,2,153.5315479777822
Mathura,2023-10-28 02:00:00,temp,21.8,23.064835061137565,2,0,2,153.5315479777822
Mathura,2023-10-29 02:45:00,temp,23.1,22.502173510233014,2,0,2,153.5315479777822
Mathura,2023-10-30 02:00:00,temp,23.5,23.538443639707054,2,0,2,153.5315479777822
Mau,2023-10-15 02:30:00,temp,23.1,22.8,0,1,0,149.61606875974786
Mau,2023-10-16 02:30:00,temp,23.6,23.1,0,1,0,149.61606875974786
Mau,2023-10-17 02:30:00,temp,23.0,23.6,0,1,0,149.61606875974786
Mau,2023-10-18 02:30:00,temp,22.1,23.0,0,1,0,149.61606875974786
Mau,2023-10-19 02:30:00,temp,21.3,22.1,0,1,0,149.61606875974786
Mau,2023-10-20 02:30:00,temp,21.1,21.3,0,1,0,149.61606875974786
Mau,2023-10-21 02:15:00,temp,21.0,21.1,0,1,0,149.61606875974786
Mau,2023-10-22 02:30:00,temp,21.0,21.0,0,1,0,149.61606875974786
Mau,2023-10-23 02:15:00,temp,21.0,21.0,0,1,0,149.61606875974786
Mau,2023-10-24 02:15:00,temp,21.1,21.0,0,1,0,149.61606875974786
Mau,2023-10-25 02:30:00,temp,21.9,21.1,0,1,0,149.61606875974786
Mau,2023-10-26 02:00:00,temp,21.6,21.9,0,1,0,149.61606875974786
Mau,2023-10-27 02:30:00,temp,21.7,21.6,0,1,0,149.61606875974786
Mau,2023-10-28 02:00:00,temp,21.5,21.7,0,1,0,149.61606875974786
Mau,2023-10-29 02:45:00,temp,21.7,21.5,0,1,0,149.61606875974786
Mau,2023-10-30 02:00:00,temp,21.5,21.7,0,1,0,149.61606875974786
Mayurbhanj,2023-10-15 02:30:00,temp,22.0,23.648878395647966,0,1,2,98.06192755008666
Mayurbhanj,2023-10-16 02:30:00,temp,21.9,22.444839468302423,0,1,2,98.06192755008666
Mayurbhanj,2023-10-17 02:30:00,temp,23.5,22.58684579264272,0,1,2,98.06192755008666
Mayurbhanj,2023-10-18 02:30:00,temp,22.8,23.747271975013252,0,1,2,98.06192755008666
Mayurbhanj,2023-10-19 02:30:00,temp,22.6,22.451150683625357,0,1,2,98.06192755008666
Mayurbhanj,2023-10-20 02:30:00,temp,21.8,23.00821136023225,0,1,2,98.06192755008666
Mayurbhanj,2023-10-21 02:15:00,temp,20.7,21.821662066752644,0,1,2,98.06192755008666
Mayurbhanj,2023-10-22 02:30:00,temp,19.9,21.20291338658338,0,1,2,98.06192755008666
Mayurbhanj,2023-10-23 02:15:00,temp,20.8,20.235724908901634,0,1,2,98.06192755008666
Mayurbhanj,2023-10-24 02:15:00,temp,20.9,21.269794443188005,0,1,2,98.06192755008666
Mayurbhanj,2023-10-25 02:15:00,temp,22.1,20.711313096983673,0,1,2,98.06192755008666
Mayurbhanj,2023-10-26 02:00:00,temp,22.1,22.170067218213934,0,1,2,98.06192755008666
Mayurbhanj,2023-10-27 02:15:00,temp,21.6,21.61077626545927,0,1,2,98.06192755008666
Mayurbhanj,2023-10-28 02:00:00,temp,21.8,21.624617069125787,0,1,2,98.06192755008666
Mayurbhanj,2023-10-29 02:45:00,temp,20.1,21.79580136057141,0,1,2,98.06192755008666
Mayurbhanj,2023-10-30 02:00:00,temp,19.9,20.105237546171207,0,1,2,98.06192755008666
Medak,2023-10-15 02:30:00,temp,23.4,22.967154105068275,0,0,2,94.91428394876685
Medak,2023-10-16 02:30:00,temp,22.6,23.109825001129522,0,0,2,94.91428394876685
Medak,2023-10-17 02:30:00,temp,22.4,22.986082541384874,0,0,2,94.91428394876685
Medak,2023-10-18 02:30:00,temp,22.2,22.462856818867788,0,0,2,94.91428394876685
Medak,2023-10-19 02:30:00,temp,22.3,22.586929637899107,0,0,2,94.91428394876685
Medak,2023-10-20 02:30:00,temp,22.4,22.721633696225222,0,0,2,94.91428394876685
Medak,2023-10-21 02:30:00,temp,22.1,22.673195814598447,0,0,2,94.91428394876685
Medak,2023-10-22 02:30:00,temp,20.5,22.489293541620835,0,0,2,94.91428394876685
Medak,2023-10-23 02:15:00,temp,19.5,21.45222155210046,0,0,2,94.91428394876685
Medak,2023-10-24 02:15:00,temp,19.1,20.53636031387833,0,0,2,94.91428394876685
Medak,2023-10-25 02:30:00,temp,19.0,20.771774634407354,0,0,2,94.91428394876685
Medak,2023-10-26 02:00:00,temp,18.9,20.715054537663512,0,0,2,94.91428394876685
Medak,2023-10-27 02:30:00,temp,18.4,20.283967613984387,0,0,2,94.91428394876685
Medak,2023-10-28 02:00:00,temp,18.8,20.089825314747785,0,0,2,94.91428394876685
Medak,2023-10-29 02:45:00,temp,20.1,20.326942034782533,0,0,2,94.91428394876685
Medak,2023-10-30 02:00:00,temp,20.4,21.463603729387117,0,0,2,94.91428394876685
Medchal,2023-10-15 02:30:00,temp,25.0,23.77526635866454,2,0,2,120.23757401014836
Medchal,2023-10-16 02:30:00,temp,23.0,23.834798908922735,2,0,2,120.23757401014836
Medchal,2023-10-17 02:30:00,temp,23.0,23.234969400223438,2,0,2,120.23757401014836
Medchal,2023-10-18 02:30:00,temp,22.0,22.7283724924613,2,0,2,120.23757401014836
Medchal,2023-10-19 02:30:00,temp,22.6,22.781010402186688,2,0,2,120.23757401014836
Medchal,2023-10-20 02:30:00,temp,22.0,23.365178176653423,2,0,2,120.23757401014836
Medchal,2023-10-21 02:30:00,temp,22.0,23.745257027119127,2,0,2,120.23757401014836
Medchal,2023-10-22 02:30:00,temp,24.0,23.811829702429552,2,0,2,120.23757401014836
Medchal,2023-10-23 02:15:00,temp,21.0,23.59707005287508,2,0,2,120.23757401014836
Medchal,2023-10-24 02:15:00,temp,19.0,22.74493920696044,2,0,2,120.23757401014836
Medchal,2023-10-25 02:30:00,temp,21.0,21.940074057638594,2,0,2,120.23757401014836
Medchal,2023-10-26 02:00:00,temp,20.0,24.195361879302308,2,0,2,120.23757401014836
Medchal,2023-10-27 02:30:00,temp,19.0,21.18057747608979,2,0,2,120.23757401014836
Medchal,2023-10-28 02:00:00,temp,21.0,20.557073195117233,2,0,2,120.23757401014836
Medchal,2023-10-29 02:45:00,temp,22.0,21.125702439431283,2,0,2,120.23757401014836
Medchal,2023-10-30 02:00:00,temp,22.0,21.444508029553067,2,0,2,120.23757401014836
Medinipur,2023-10-15 02:30:00,temp,22.5,24.6,0,1,0,99.1877582643558
Medinipur,2023-10-16 02:30:00,temp,22.7,22.5,0,1,0,99.1877582643558
Medinipur,2023-10-17 02:30:00,temp,23.6,22.7,0,1,0,99.1877582643558
Medinipur,2023-10-18 02:30:00,temp,23.6,23.6,0,1,0,99.1877582643558
Medinipur,2023-10-19 02:15:00,temp,23.5,23.6,0,1,0,99.1877582643558
Medinipur,2023-10-20 02:30:00,temp,22.2,23.5,0,1,0,99.1877582643558
Medinipur,2023-10-21 02:15:00,temp,21.4,22.2,0,1,0,99.1877582643558
Medinipur,2023-10-22 02:15:00,temp,20.9,21.4,0,1,0,99.1877582643558
Medinipur,2023-10-23 02:15:00,temp,22.1,20.9,0,1,0,99.1877582643558
Medinipur,2023-10-24 02:15:00,temp,21.8,22.1,0,1,0,99.1877582643558
Medinipur,2023-10-25 02:15:00,temp,22.7,21.8,0,1,0,99.1877582643558
Medinipur,2023-10-26 02:00:00,temp,23.6,22.7,0,1,0,99.1877582643558
Medinipur,2023-10-27 02:15:00,temp,24.1,23.6,0,1,0,99.1877582643558
Medinipur,2023-10-28 02:00:00,temp,22.7,24.1,0,1,0,99.1877582643558
Medinipur,2023-10-29 02:45:00,temp,21.3,22.7,0,1,0,99.1877582643558
Medinipur,2023-10-30 02:00:00,temp,20.8,21.3,0,1,0,99.1877582643558
Meerut,2023-10-15 02:30:00,temp,25.0,24.319299019121328,1,1,1,162.77312631517634
Meerut,2023-10-16 02:30:00,temp,24.7,25.121862062977197,1,1,1,162.77312631517634
Meerut,2023-10-17 02:30:00,temp,19.5,24.91543841845933,1,1,1,162.77312631517634
Meerut,2023-10-18 02:30:00,temp,21.5,21.50329868291505,1,1,1,162.77312631517634
Meerut,2023-10-19 02:30:00,temp,20.6,22.572888121798222,1,1,1,162.77312631517634
Meerut,2023-10-20 02:30:00,temp,21.0,21.722966768919065,1,1,1,162.77312631517634
Meerut,2023-10-21 02:15:00,temp,21.4,21.80199074063014,1,1,1,162.77312631517634
Meerut,2023-10-22 02:30:00,temp,21.0,21.950034421655527,1,1,1,162.77312631517634
Meerut,2023-10-23 02:15:00,temp,22.0,21.547370198564437,1,1,1,162.77312631517634
Meerut,2023-10-24 02:15:00,temp,21.2,22.18600796522389,1,1,1,162.77312631517634
Meerut,2023-10-25 02:30:00,temp,21.7,21.567992799142818,1,1,1,162.77312631517634
Meerut,2023-10-26 02:00:00,temp,21.5,21.862342344795326,1,1,1,162.77312631517634
Meerut,2023-10-27 02:30:00,temp,21.5,21.691365988491533,1,1,1,162.77312631517634
Meerut,2023-10-28 02:00:00,temp,21.5,21.65887185496747,1,1,1,162.77312631517634
Meerut,2023-10-29 02:45:00,temp,21.5,21.632395981893055,1,1,1,162.77312631517634
Meerut,2023-10-30 02:00:00,temp,21.6,21.610758649359877,1,1,1,162.77312631517634
Mirzapur,2023-10-15 02:30:00,temp,23.5,22.894956138930326,2,1,2,126.54474139432928
Mirzapur,2023-10-16 02:30:00,temp,23.8,23.561972209974403,2,1,2,126.54474139432928
Mirzapur,2023-10-17 02:30:00,temp,23.2,23.68968533346803,2,1,2,126.54474139432928
Mirzapur,2023-10-18 02:30:00,temp,21.7,23.124215264203716,2,1,2,126.54474139432928
Mirzapur,2023-10-19 02:30:00,temp,21.5,22.16346460169647,2,1,2,126.54474139432928
Mirzapur,2023-10-20 02:30:00,temp,20.9,21.75697506703941,2,1,2,126.54474139432928
Mirzapur,2023-10-21 02:15:00,temp,20.9,21.308256525311332,2,1,2,126.54474139432928
Mirzapur,2023-10-22 02:30:00,temp,19.9,21.39038613703959,2,1,2,126.54474139432928
Mirzapur,2023-10-23 02:15:00,temp,19.6,20.593741492787665,2,1,2,126.54474139432928
Mirzapur,2023-10-24 02:15:00,temp,19.9,20.357308698727245,2,1,2,126.54474139432928
Mirzapur,2023-10-25 02:30:00,temp,20.3,20.590884257440834,2,1,2,126.54474139432928
Mirzapur,2023-10-26 02:00:00,temp,20.4,20.836837486907132,2,1,2,126.54474139432928
Mirzapur,2023-10-27 02:30:00,temp,20.5,20.747372983972415,2,1,2,126.54474139432928
Mirzapur,2023-10-28 02:00:00,temp,19.8,20.64666779308243,2,1,2,126.54474139432928
Mirzapur,2023-10-29 02:45:00,temp,20.2,19.931566812750884,2,1,2,126.54474139432928
Mirzapur,2023-10-30 02:00:00,temp,20.3,20.051002185068064,2,1,2,126.54474139432928
Moga,2023-10-15 02:30:00,temp,24.1,23.771489309958785,2,1,1,170.9108894810685
Moga,2023-10-16 02:30:00,temp,21.9,24.20433587472655,2,1,1,170.9108894810685
Moga,2023-10-17 02:30:00,temp,18.4,22.166867034358916,2,1,1,170.9108894810685
Moga,2023-10-18 02:30:00,temp,19.6,19.43647903568762,2,1,1,170.9108894810685
Moga,2023-10-19 02:15:00,temp,19.7,21.414865601022775,2,1,1,170.9108894810685
Moga,2023-10-20 02:30:00,temp,20.7,20.745088970263186,2,1,1,170.9108894810685
Moga,2023-10-21 02:15:00,temp,20.2,21.47417246816466,2,1,1,170.9108894810685
Moga,2023-10-22 02:15:00,temp,22.5,20.57887313182163,2,1,1,170.9108894810685
Moga,2023-10-23 02:15:00,temp,21.8,22.80917355126954,2,1,1,170.9108894810685
Moga,2023-10-24 02:15:00,temp,21.7,21.581562589016134,2,1,1,170.9108894810685
Moga,2023-10-25 02:15:00,temp,21.2,21.68514316996616,2,1,1,170.9108894810685
Moga,2023-10-26 02:00:00,temp,21.2,21.258261040210115,2,1,1,170.9108894810685
Moga,2023-10-27 02:15:00,temp,20.6,21.360455598605242,2,1,1,170.9108894810685
Moga,2023-10-28 02:00:00,temp,21.9,20.799835346305066,2,1,1,170.9108894810685
Moga,2023-10-29 02:45:00,temp,22.0,22.05453759283937,2,1,1,170.9108894810685
Moga,2023-10-30 02:00:00,temp,22.0,21.83412918251843,2,1,1,170.9108894810685
Mokokchung,2023-10-15 02:30:00,temp,16.5,17.179960265374874,0,1,1,99.72721419864511
Mokokchung,2023-10-16 02:30:00,temp,16.4,16.750312530212867,0,1,1,99.72721419864511
Mokokchung,2023-10-17 02:15:00,temp,16.2,16.525649886378808,0,1,1,99.72721419864511
Mokokchung,2023-10-18 02:30:00,temp,16.8,16.315398796523095,0,1,1,99.72721419864511
Mokokchung,2023-10-19 02:15:00,temp,16.5,16.6246945188576,0,1,1,99.72721419864511
Mokokchung,2023-10-20 02:30:00,temp,16.2,16.54548442235685,0,1,1,99.72721419864511
Mokokchung,2023-10-21 02:15:00,temp,16.0,16.326292728456394,0,1,1,99.72721419864511
Mokokchung,2023-10-22 02:15:00,temp,15.3,16.11789328487535,0,1,1,99.72721419864511
Mokokchung,2023-10-23 02:15:00,temp,16.2,15.586624864111254,0,1,1,99.72721419864511
Mokokchung,2023-10-24 02:15:00,temp,17.6,15.97982453830089,0,1,1,99.72721419864511
Mokokchung,2023-10-25 02:15:00,temp,17.3,17.023151153768126,0,1,1,99.72721419864511
Mokokchung,2023-10-26 02:00:00,temp,16.7,17.21272942921352,0,1,1,99.72721419864511
Mokokchung,2023-10-27 02:15:00,temp,16.1,16.87865798103975,0,1,1,99.72721419864511
Mokokchung,2023-10-28 02:00:00,temp,14.0,16.37340791238289,0,1,1,99.72721419864511
Mokokchung,2023-10-29 02:30:00,temp,14.4,14.655415922998367,0,1,1,99.72721419864511
Mokokchung,2023-10-30 01:45:00,temp,15.3,14.455194199692077,0,1,1,99.72721419864511
Mon,2023-10-15 02:30:00,temp,17.5,20.14023277987831,0,1,1,118.42267002444292
Mon,2023-10-16 02:30:00,temp,19.4,18.485254494184783,0,1,1,118.42267002444292
Mon,2023-10-17 02:15:00,temp,19.8,19.068577956822917,0,1,1,118.42267002444292
Mon,2023-10-18 02:30:00,temp,19.8,19.488974377071735,0,1,1,118.42267002444292
Mon,2023-10-19 02:15:00,temp,18.8,19.66858431324417,0,1,1,118.42267002444292
Mon,2023-10-20 02:30:00,temp,18.5,19.173521648907816,0,1,1,118.42267002444292
Mon,2023-10-21 02:15:00,temp,18.6,18.784288857017753,0,1,1,118.42267002444292
Mon,2023-10-22 02:15:00,temp,19.0,18.676711352722194,0,1,1,118.42267002444292
Mon,2023-10-23 02:15:00,temp,19.1,18.863259019661115,0,1,1,118.42267002444292
Mon,2023-10-24 02:15:00,temp,18.7,18.999314352338992,0,1,1,118.42267002444292
Mon,2023-10-25 02:15:00,temp,19.9,18.82757486028154,0,1,1,118.42267002444292
Mon,2023-10-26 02:00:00,temp,19.8,19.43910012243297,0,1,1,118.42267002444292
Mon,2023-10-27 02:15:00,temp,18.8,19.649313774885055,0,1,1,118.42267002444292
Mon,2023-10-28 02:00:00,temp,17.5,19.165850134279566,0,1,1,118.42267002444292
Mon,2023-10-29 02:30:00,temp,18.2,18.196955717537286,0,1,1,118.42267002444292
Mon,2023-10-30 01:45:00,temp,18.7,18.19889613138035,0,1,1,118.42267002444292
Moradabad,2023-10-15 02:30:00,temp,22.5,22.194074004786277,2,1,2,148.64510475117234
Moradabad,2023-10-16 02:30:00,temp,22.5,23.006186893234364,2,1,2,148.64510475117234
Moradabad,2023-10-17 02:30:00,temp,19.2,22.95774927982727,2,1,2,148.64510475117234
Moradabad,2023-10-18 02:30:00,temp,19.4,20.59189157335979,2,1,2,148.64510475117234
Moradabad,2023-10-19 02:30:00,temp,18.6,20.852454735777847,2,1,2,148.64510475117234
Moradabad,2023-10-20 02:30:00,temp,18.5,19.702599178641538,2,1,2,148.64510475117234
Moradabad,2023-10-21 02:15:00,temp,19.3,19.35184796619769,2,1,2,148.64510475117234
Moradabad,2023-10-22 02:30:00,temp,18.6,19.826967442407522,2,1,2,148.64510475117234
Moradabad,2023-10-23 02:15:00,temp,19.6,18.75073945524243,2,1,2,148.64510475117234
Moradabad,2023-10-24 02:15:00,temp,19.1,19.59800483043569,2,1,2,148.64510475117234
Moradabad,2023-10-25 02:30:00,temp,19.7,18.9451774298855,2,1,2,148.64510475117234
Moradabad,2023-10-26 02:00:00,temp,20.1,19.49395702305578,2,1,2,148.64510475117234
Moradabad,2023-10-27 02:30:00,temp,19.6,19.802132761681207,2,1,2,148.64510475117234
Moradabad,2023-10-28 02:00:00,temp,19.4,19.358335627339375,2,1,2,148.64510475117234
Moradabad,2023-10-29 02:45:00,temp,19.3,19.30499883265169,2,1,2,148.64510475117234
Moradabad,2023-10-30 02:00:00,temp,19.3,19.32272586859146,2,1,2,148.64510475117234
Morbi,2023-10-15 02:30:00,temp,27.1,28.36088631124138,2,0,1,121.895647043767
Morbi,2023-10-16 02:30:00,temp,26.5,26.9771879570112,2,0,1,121.895647043767
Morbi,2023-10-17 02:15:00,temp,26.0,26.62011034742252,2,0,1,121.895647043767
Morbi,2023-10-18 02:15:00,temp,26.6,26.36773741748169,2,0,1,121.895647043767
Morbi,2023-10-19 02:15:00,temp,27.5,26.72025394353802,2,0,1,121.895647043767
Morbi,2023-10-20 02:15:00,temp,27.0,27.17190160865404,2,0,1,121.895647043767
Morbi,2023-10-21 02:15:00,temp,27.6,26.834817907617573,2,0,1,121.895647043767
Morbi,2023-10-22 02:15:00,temp,28.2,27.1055042013794,2,0,1,121.895647043767
Morbi,2023-10-23 02:00:00,temp,28.2,27.35480713028592,2,0,1,121.895647043767
Morbi,2023-10-24 02:15:00,temp,28.1,27.27090340433492,2,0,1,121.895647043767
Morbi,2023-10-25 02:15:00,temp,28.6,27.159605529670824,2,0,1,121.895647043767
Morbi,2023-10-26 02:00:00,temp,27.3,27.497779168588973,2,0,1,121.895647043767
Morbi,2023-10-27 02:15:00,temp,26.6,26.603133661694482,2,0,1,121.895647043767
Morbi,2023-10-28 02:00:00,temp,27.3,26.17592110524996,2,0,1,121.895647043767
Morbi,2023-10-29 02:30:00,temp,26.4,26.723630177664475,2,0,1,121.895647043767
Morbi,2023-10-30 01:45:00,temp,27.4,26.162082262552346,2,0,1,121.895647043767
Morena,2023-10-15 02:30:00,temp,27.4,26.086464400234767,1,1,1,146.4689527094076
Morena,2023-10-16 02:30:00,temp,27.4,26.96428786161397,1,1,1,146.4689527094076
Morena,2023-10-17 02:15:00,temp,21.1,27.028933106846193,1,1,1,146.4689527094076
Morena,2023-10-18 02:15:00,temp,23.3,23.437615369285595,1,1,1,146.4689527094076
Morena,2023-10-19 02:15:00,temp,23.6,24.39960373716772,1,1,1,146.4689527094076
Morena,2023-10-20 02:15:00,temp,22.8,24.4180669349574,1,1,1,146.4689527094076
Morena,2023-10-21 02:00:00,temp,22.7,24.090937722337422,1,1,1,146.4689527094076
Morena,2023-10-22 02:15:00,temp,22.6,23.550667934158476,1,1,1,146.4689527094076
Morena,2023-10-23 02:00:00,temp,23.0,23.32796559900094,1,1,1,146.4689527094076
Morena,2023-10-24 02:15:00,temp,22.3,23.464040862998775,1,1,1,146.4689527094076
Morena,2023-10-25 02:15:00,temp,21.9,22.90403327013705,1,1,1,146.4689527094076
Morena,2023-10-26 02:00:00,temp,22.3,22.508193134998546,1,1,1,146.4689527094076
Morena,2023-10-27 02:15:00,temp,21.3,22.656082060297734,1,1,1,146.4689527094076
Morena,2023-10-28 02:00:00,temp,21.7,21.900622921503434,1,1,1,146.4689527094076
Morena,2023-10-29 02:30:00,temp,22.9,22.041185346732565,1,1,1,146.4689527094076
Morena,2023-10-30 01:45:00,temp,23.8,22.78034313114605,1,1,1,146.4689527094076
Muktsar,2023-10-15 02:30:00,temp,23.2,24.316783125437674,2,1,1,171.22808659280741
Muktsar,2023-10-16 02:30:00,temp,20.1,23.223742405711924,2,1,1,171.22808659280741
Muktsar,2023-10-17 02:30:00,temp,18.0,20.651559753656418,2,1,1,171.22808659280741
Muktsar,2023-10-18 02:30:00,temp,18.7,19.329888411210806,2,1,1,171.22808659280741
Muktsar,2023-10-19 02:15:00,temp,19.6,20.32569552126324,2,1,1,171.22808659280741
Muktsar,2023-10-20 02:30:00,temp,21.1,20.555322782257498,2,1,1,171.22808659280741
Muktsar,2023-10-21 02:15:00,temp,20.5,21.57202786686429,2,1,1,171.22808659280741
Muktsar,2023-10-22 02:15:00,temp,21.9,20.356815646545343,2,1,1,171.22808659280741
Muktsar,2023-10-23 02:15:00,temp,21.5,21.989810648079228,2,1,1,171.22808659280741
Muktsar,2023-10-24 02:15:00,temp,21.3,21.173525047605104,2,1,1,171.22808659280741
Muktsar,2023-10-25 02:15:00,temp,20.7,21.168025458861766,2,1,1,171.22808659280741
Muktsar,2023-10-26 02:00:00,temp,21.1,20.677882025030534,2,1,1,171.22808659280741
Muktsar,2023-10-27 02:15:00,temp,21.0,21.23658911111978,2,1,1,171.22808659280741
Muktsar,2023-10-28 02:00:00,temp,22.5,20.999044153689212,2,1,1,171.22808659280741
Muktsar,2023-10-29 02:45:00,temp,22.2,22.450030237003254,2,1,1,171.22808659280741
Muktsar,2023-10-30 02:00:00,temp,21.8,21.750962970629715,2,1,1,171.22808659280741
Mumbai,2023-10-17 02:15:00,temp,31.0,29.014513596540912,1,1,1,142.68545895805184
Mumbai,2023-10-17 02:30:00,temp,31.0,30.095874609136864,1,1,1,142.68545895805184
Mumbai,2023-10-18 02:30:00,temp,29.0,30.392011905366164,1,1,1,142.68545895805184
Mumbai,2023-10-19 02:15:00,temp,30.0,29.4185733246725,1,1,1,142.68545895805184
Mumbai,2023-10-19 02:30:00,temp,30.0,29.854556198077187,1,1,1,142.68545895805184
Mumbai,2023-10-20 02:30:00,temp,30.0,29.89349577490021,1,1,1,142.68545895805184
Mumbai,2023-10-21 02:15:00,temp,31.0,29.921922747776616,1,1,1,142.68545895805184
Mumbai,2023-10-22 02:15:00,temp,30.0,30.466319742514038,1,1,1,142.68545895805184
Mumbai,2023-10-22 02:30:00,temp,30.0,30.091400615127355,1,1,1,142.68545895805184
Mumbai,2023-10-23 02:15:00,temp,29.0,30.06610225307298,1,1,1,142.68545895805184
Mumbai,2023-10-23 02:15:00,temp,29.0,29.531174090229158,1,1,1,142.68545895805184
Mumbai,2023-10-24 02:15:00,temp,30.0,29.38555706230896,1,1,1,142.68545895805184
Mumbai,2023-10-25 02:15:00,temp,29.0,29.8091664230212,1,1,1,142.68545895805184
Mumbai,2023-10-26 02:00:00,temp,29.0,29.345466480402884,1,1,1,142.68545895805184
Mumbai,2023-10-27 02:15:00,temp,28.0,29.253186491900937,1,1,1,142.68545895805184
Mumbai,2023-10-28 02:00:00,temp,29.0,28.65386558392766,1,1,1,142.68545895805184
Mumbai,2023-10-29 02:45:00,temp,28.0,29.005067781128147,1,1,1,142.68545895805184
Mumbai,2023-10-30 01:45:00,temp,28.0,28.476221659528516,1,1,1,142.68545895805184
Mumbai,2023-10-30 02:00:00,temp,28.0,28.330746875329936,1,1,1,142.68545895805184
Mungeli,2023-10-15 02:30:00,temp,24.1,24.5,0,1,0,120.32330883719077
Mungeli,2023-10-16 02:30:00,temp,24.8,24.1,0,1,0,120.32330883719077
Mungeli,2023-10-17 02:30:00,temp,22.2,24.8,0,1,0,120.32330883719077
Mungeli,2023-10-18 02:30:00,temp,21.9,22.2,0,1,0,120.32330883719077
Mungeli,2023-10-19 02:15:00,temp,21.5,21.9,0,1,0,120.32330883719077
Mungeli,2023-10-20 02:30:00,temp,21.9,21.5,0,1,0,120.32330883719077
Mungeli,2023-10-21 02:15:00,temp,19.9,21.9,0,1,0,120.32330883719077
Mungeli,2023-10-22 02:15:00,temp,19.7,19.9,0,1,0,120.32330883719077
Mungeli,2023-10-23 02:15:00,temp,18.2,19.7,0,1,0,120.32330883719077
Mungeli,2023-10-24 02:15:00,temp,17.9,18.2,0,1,0,120.32330883719077
Mungeli,2023-10-25 02:15:00,temp,18.7,17.9,0,1,0,120.32330883719077
Mungeli,2023-10-26 02:00:00,temp,19.3,18.7,0,1,0,120.32330883719077
Mungeli,2023-10-27 02:15:00,temp,19.1,19.3,0,1,0,120.32330883719077
Mungeli,2023-10-28 02:00:00,temp,18.8,19.1,0,1,0,120.32330883719077
Mungeli,2023-10-29 02:30:00,temp,19.0,18.8,0,1,0,120.32330883719077
Mungeli,2023-10-30 01:45:00,temp,19.5,19.0,0,1,0,120.32330883719077
Munger,2023-10-15 02:30:00,temp,22.7,24.384697348861174,2,1,2,153.82797619638106
Munger,2023-10-16 02:30:00,temp,24.2,23.577717963738614,2,1,2,153.82797619638106
Munger,2023-10-17 02:15:00,temp,23.8,23.935488768165595,2,1,2,153.82797619638106
Munger,2023-10-18 02:30:00,temp,24.0,24.428947620997157,2,1,2,153.82797619638106
Munger,2023-10-19 02:15:00,temp,21.8,23.73435543325262,2,1,2,153.82797619638106
Munger,2023-10-20 02:30:00,temp,22.1,22.775232466494202,2,1,2,153.82797619638106
Munger,2023-10-21 02:15:00,temp,21.1,22.025968555977908,2,1,2,153.82797619638106
Munger,2023-10-22 02:15:00,temp,21.0,22.020316261363796,2,1,2,153.82797619638106
Munger,2023-10-23 02:15:00,temp,20.9,20.90681332167645,2,1,2,153.82797619638106
Munger,2023-10-24 02:15:00,temp,22.1,21.675845723882667,2,1,2,153.82797619638106
Munger,2023-10-25 02:15:00,temp,22.7,21.749532575202704,2,1,2,153.82797619638106
Munger,2023-10-26 02:00:00,temp,21.8,23.16501774023721,2,1,2,153.82797619638106
Munger,2023-10-27 02:15:00,temp,20.4,21.5294254031473,2,1,2,153.82797619638106
Munger,2023-10-28 02:00:00,temp,21.1,21.162116626545576,2,1,2,153.82797619638106
Munger,2023-10-29 02:30:00,temp,21.9,20.831433155515533,2,1,2,153.82797619638106
Munger,2023-10-30 01:45:00,temp,21.8,22.340920781217246,2,1,2,153.82797619638106
Murshidabad,2023-10-15 02:30:00,temp,23.7,24.1,0,1,0,123.88801036899937
Murshidabad,2023-10-16 02:30:00,temp,24.4,23.7,0,1,0,123.88801036899937
Murshidabad,2023-10-17 02:30:00,temp,23.7,24.4,0,1,0,123.88801036899937
Murshidabad,2023-10-18 02:30:00,temp,24.4,23.7,0,1,0,123.88801036899937
Murshidabad,2023-10-19 02:15:00,temp,23.7,24.4,0,1,0,123.88801036899937
Murshidabad,2023-10-20 02:30:00,temp,22.6,23.7,0,1,0,123.88801036899937
Murshidabad,2023-10-21 02:15:00,temp,22.3,22.6,0,1,0,123.88801036899937
Murshidabad,2023-10-22 02:15:00,temp,22.4,22.3,0,1,0,123.88801036899937
Murshidabad,2023-10-23 02:15:00,temp,23.0,22.4,0,1,0,123.88801036899937
Murshidabad,2023-10-24 02:15:00,temp,22.6,23.0,0,1,0,123.88801036899937
Murshidabad,2023-10-25 02:15:00,temp,23.3,22.6,0,1,0,123.88801036899937
Murshidabad,2023-10-26 02:00:00,temp,25.5,23.3,0,1,0,123.88801036899937
Murshidabad,2023-10-27 02:15:00,temp,22.9,25.5,0,1,0,123.88801036899937
Murshidabad,2023-10-28 02:00:00,temp,23.2,22.9,0,1,0,123.88801036899937
Murshidabad,2023-10-29 02:45:00,temp,21.9,23.2,0,1,0,123.88801036899937
Murshidabad,2023-10-30 02:00:00,temp,22.3,21.9,0,1,0,123.88801036899937
Muzaffarnagar,2023-10-15 02:30:00,temp,22.3,21.972964204428475,1,1,1,157.25283650726692
Muzaffarnagar,2023-10-16 02:30:00,temp,22.0,22.397626955345366,1,1,1,157.25283650726692
Muzaffarnagar,2023-10-17 02:30:00,temp,17.6,22.18047569472585,1,1,1,157.25283650726692
Muzaffarnagar,2023-10-18 02:30:00,temp,19.5,19.12023857465495,1,1,1,157.25283650726692
Muzaffarnagar,2023-10-19 02:30:00,temp,18.2,20.198568416261843,1,1,1,157.25283650726692
Muzaffarnagar,2023-10-20 02:30:00,temp,18.8,19.08514537138119,1,1,1,157.25283650726692
Muzaffarnagar,2023-10-21 02:15:00,temp,19.1,19.320661661184374,1,1,1,157.25283650726692
Muzaffarnagar,2023-10-22 02:30:00,temp,18.9,19.42168082885234,1,1,1,157.25283650726692
Muzaffarnagar,2023-10-23 02:15:00,temp,19.9,19.19761415502637,1,1,1,157.25283650726692
Muzaffarnagar,2023-10-24 02:15:00,temp,18.8,19.863597210765665,1,1,1,157.25283650726692
Muzaffarnagar,2023-10-25 02:30:00,temp,20.0,19.078825212147525,1,1,1,157.25283650726692
Muzaffarnagar,2023-10-26 02:00:00,temp,19.5,19.86677896338005,1,1,1,157.25283650726692
Muzaffarnagar,2023-10-27 02:30:00,temp,19.5,19.54350147858423,1,1,1,157.25283650726692
Muzaffarnagar,2023-10-28 02:00:00,temp,19.3,19.5346543986165,1,1,1,157.25283650726692
Muzaffarnagar,2023-10-29 02:45:00,temp,19.4,19.389555551749847,1,1,1,157.25283650726692
Muzaffarnagar,2023-10-30 02:00:00,temp,19.4,19.440298002404422,1,1,1,157.25283650726692
Muzaffarpur,2023-10-15 02:30:00,temp,22.7,23.298727894206085,2,1,2,156.3602949388785
Muzaffarpur,2023-10-16 02:30:00,temp,23.7,23.461615815331733,2,1,2,156.3602949388785
Muzaffarpur,2023-10-17 02:15:00,temp,23.5,24.362111946902882,2,1,2,156.3602949388785
Muzaffarpur,2023-10-18 02:30:00,temp,22.8,24.199006139434655,2,1,2,156.3602949388785
Muzaffarpur,2023-10-19 02:15:00,temp,21.3,23.607285710241754,2,1,2,156.3602949388785
Muzaffarpur,2023-10-20 02:30:00,temp,21.1,22.32077877246787,2,1,2,156.3602949388785
Muzaffarpur,2023-10-21 02:15:00,temp,20.9,21.650197285483753,2,1,2,156.3602949388785
Muzaffarpur,2023-10-22 02:15:00,temp,20.9,21.444117796532854,2,1,2,156.3602949388785
Muzaffarpur,2023-10-23 02:15:00,temp,20.6,21.344136332498504,2,1,2,156.3602949388785
Muzaffarpur,2023-10-24 02:15:00,temp,21.9,20.960157956722554,2,1,2,156.3602949388785
Muzaffarpur,2023-10-25 02:15:00,temp,22.6,22.130411626982188,2,1,2,156.3602949388785
Muzaffarpur,2023-10-26 02:00:00,temp,22.0,22.64468424270308,2,1,2,156.3602949388785
Muzaffarpur,2023-10-27 02:15:00,temp,21.5,21.87150074783149,2,1,2,156.3602949388785
Muzaffarpur,2023-10-28 02:00:00,temp,22.2,21.41228164299206,2,1,2,156.3602949388785
Muzaffarpur,2023-10-29 02:30:00,temp,21.9,22.242302835908657,2,1,2,156.3602949388785
Muzaffarpur,2023-10-30 01:45:00,temp,21.5,21.843622356356406,2,1,2,156.3602949388785
Mysore,2023-10-15 02:30:00,temp,20.3,20.289533424363885,1,0,0,105.31780581141983
Mysore,2023-10-16 02:30:00,temp,21.1,20.493263797494844,1,0,0,105.31780581141983
Mysore,2023-10-17 02:30:00,temp,20.9,20.909753082628953,1,0,0,105.31780581141983
Mysore,2023-10-18 02:30:00,temp,21.4,20.80928307519364,1,0,0,105.31780581141983
Mysore,2023-10-19 02:15:00,temp,23.3,21.073825992358007,1,0,0,105.31780581141983
Mysore,2023-10-20 02:30:00,temp,20.9,22.18048547405283,1,0,0,105.31780581141983
Mysore,2023-10-21 02:15:00,temp,22.6,20.83772527908342,1,0,0,105.31780581141983
Mysore,2023-10-22 02:15:00,temp,22.4,21.671592042509843,1,0,0,105.31780581141983
Mysore,2023-10-23 02:15:00,temp,22.6,21.636759224580146,1,0,0,105.31780581141983
Mysore,2023-10-24 02:15:00,temp,19.3,21.809257357062524,1,0,0,105.31780581141983
Mysore,2023-10-25 02:15:00,temp,19.1,20.148724266262583,1,0,0,105.31780581141983
Mysore,2023-10-26 02:00:00,temp,19.0,19.987003953274176,1,0,0,105.31780581141983
Mysore,2023-10-27 02:15:00,temp,19.4,19.86684637921878,1,0,0,105.31780581141983
Mysore,2023-10-28 02:00:00,temp,20.8,20.041604822370907,1,0,0,105.31780581141983
Mysore,2023-10-29 02:45:00,temp,20.5,20.78207889601856,1,0,0,105.31780581141983
Mysore,2023-10-30 02:00:00,temp,20.9,20.626518902204968,1,0,0,105.31780581141983
Nadia,2023-10-15 02:30:00,temp,23.3,24.411221776531242,0,1,1,114.93308281215567
Nadia,2023-10-16 02:30:00,temp,23.9,23.63796081668639,0,1,1,114.93308281215567
Nadia,2023-10-17 02:30:00,temp,23.7,23.81944849075025,0,1,1,114.93308281215567
Nadia,2023-10-18 02:30:00,temp,24.0,23.738661289228066,0,1,1,114.93308281215567
Nadia,2023-10-19 02:15:00,temp,23.7,23.915053540870947,0,1,1,114.93308281215567
Nadia,2023-10-20 02:30:00,temp,22.7,23.770157402649232,0,1,1,114.93308281215567
Nadia,2023-10-21 02:15:00,temp,22.1,23.04476664226425,0,1,1,114.93308281215567
Nadia,2023-10-22 02:15:00,temp,21.8,22.370209461847942,0,1,1,114.93308281215567
Nadia,2023-10-23 02:15:00,temp,23.0,21.952675324311674,0,1,1,114.93308281215567
Nadia,2023-10-24 02:15:00,temp,22.8,22.690360198965845,0,1,1,114.93308281215567
Nadia,2023-10-25 02:15:00,temp,23.2,22.767530303594455,0,1,1,114.93308281215567
Nadia,2023-10-26 02:00:00,temp,26.2,23.0721012937267,0,1,1,114.93308281215567
Nadia,2023-10-27 02:15:00,temp,23.3,25.40527304582156,0,1,1,114.93308281215567
Nadia,2023-10-28 02:00:00,temp,24.4,23.94533764884371,0,1,1,114.93308281215567
Nadia,2023-10-29 02:45:00,temp,21.9,24.224250974557318,0,1,1,114.93308281215567
Nadia,2023-10-30 02:00:00,temp,22.0,22.827775095002046,0,1,1,114.93308281215567
Nagaon,2023-10-15 02:30:00,temp,20.2,22.438204046647883,2,1,2,132.92537803398545
Nagaon,2023-10-16 02:30:00,temp,21.3,21.204957843480837,2,1,2,132.92537803398545
Nagaon,2023-10-17 02:15:00,temp,23.9,21.66657072644622,2,1,2,132.92537803398545
Nagaon,2023-10-18 02:30:00,temp,21.8,22.211598351329826,2,1,2,132.92537803398545
Nagaon,2023-10-19 02:15:00,temp,21.4,21.23083780906564,2,1,2,132.92537803398545
Nagaon,2023-10-20 02:30:00,temp,24.5,22.47240884468974,2,1,2,132.92537803398545
Nagaon,2023-10-21 02:15:00,temp,24.3,24.181360630781192,2,1,2,132.92537803398545
Nagaon,2023-10-22 02:15:00,temp,24.8,23.551187901978327,2,1,2,132.92537803398545
Nagaon,2023-10-23 02:15:00,temp,20.5,24.164859675846657,2,1,2,132.92537803398545
Nagaon,2023-10-24 02:15:00,temp,20.8,23.12950139100922,2,1,2,132.92537803398545
Nagaon,2023-10-25 02:15:00,temp,22.6,22.777315501361368,2,1,2,132.92537803398545
Nagaon,2023-10-26 02:00:00,temp,22.6,21.535396851114324,2,1,2,132.92537803398545
Nagaon,2023-10-27 02:15:00,temp,20.7,20.24783122850601,2,1,2,132.92537803398545
Nagaon,2023-10-28 02:00:00,temp,19.7,20.512168427557075,2,1,2,132.92537803398545
Nagaon,2023-10-29 02:30:00,temp,20.4,21.897330361659538,2,1,2,132.92537803398545
Nagaon,2023-10-30 01:45:00,temp,22.2,21.930638009303625,2,1,2,132.92537803398545
Nagapattinam,2023-10-15 02:30:00,temp,26.1,26.72161537475149,2,0,2,90.26460655871648
Nagapattinam,2023-10-16 02:30:00,temp,26.7,26.525372808365738,2,0,2,90.26460655871648
Nagapattinam,2023-10-17 02:30:00,temp,26.2,26.463507676483214,2,0,2,90.26460655871648
Nagapattinam,2023-10-18 02:30:00,temp,26.5,26.530509751041585,2,0,2,90.26460655871648
Nagapattinam,2023-10-19 02:30:00,temp,26.4,26.639973428904938,2,0,2,90.26460655871648
Nagapattinam,2023-10-20 02:30:00,temp,26.1,26.63090388425978,2,0,2,90.26460655871648
Nagapattinam,2023-10-21 02:15:00,temp,26.2,26.400347775335824,2,0,2,90.26460655871648
Nagapattinam,2023-10-22 02:30:00,temp,26.1,26.355482862498032,2,0,2,90.26460655871648
Nagapattinam,2023-10-23 02:15:00,temp,26.3,26.48650804850752,2,0,2,90.26460655871648
Nagapattinam,2023-10-24 02:15:00,temp,25.7,26.62957994261096,2,0,2,90.26460655871648
Nagapattinam,2023-10-25 02:30:00,temp,26.6,26.20227226920941,2,0,2,90.26460655871648
Nagapattinam,2023-10-26 02:00:00,temp,26.5,26.8085725950474,2,0,2,90.26460655871648
Nagapattinam,2023-10-27 02:30:00,temp,26.4,26.31022319309388,2,0,2,90.26460655871648
Nagapattinam,2023-10-28 02:00:00,temp,25.8,26.361986761303736,2,0,2,90.26460655871648
Nagapattinam,2023-10-29 02:45:00,temp,26.6,26.36533166229818,2,0,2,90.26460655871648
Nagapattinam,2023-10-30 02:00:00,temp,26.2,26.467570878531962,2,0,2,90.26460655871648
Nagar,2023-10-15 02:30:00,temp,19.7,21.08102405115615,2,1,2,179.28397910266514
Nagar,2023-10-16 02:30:00,temp,20.9,20.217816340123314,2,1,2,179.28397910266514
Nagar,2023-10-17 02:30:00,temp,19.7,19.86357642397278,2,1,2,179.28397910266514
Nagar,2023-10-18 02:30:00,temp,18.6,19.85840219622944,2,1,2,179.28397910266514
Nagar,2023-10-19 02:15:00,temp,18.7,19.990879836790462,2,1,2,179.28397910266514
Nagar,2023-10-19 02:30:00,temp,18.7,18.509061197266224,2,1,2,179.28397910266514
Nagar,2023-10-20 02:30:00,temp,18.4,18.191956745685662,2,1,2,179.28397910266514
Nagar,2023-10-21 02:15:00,temp,17.3,18.80896881082055,2,1,2,179.28397910266514
Nagar,2023-10-22 02:15:00,temp,16.7,17.89908560317435,2,1,2,179.28397910266514
Nagar,2023-10-22 02:30:00,temp,16.7,17.029950186558914,2,1,2,179.28397910266514
Nagar,2023-10-23 02:15:00,temp,15.7,16.63486411774301,2,1,2,179.28397910266514
Nagar,2023-10-24 02:15:00,temp,16.1,15.937675395708014,2,1,2,179.28397910266514
Nagar,2023-10-25 02:15:00,temp,16.6,16.32771540149492,2,1,2,179.28397910266514
Nagar,2023-10-25 02:30:00,temp,16.6,16.052738614191853,2,1,2,179.28397910266514
Nagar,2023-10-26 02:00:00,temp,16.3,16.548497050937435,2,1,2,179.28397910266514
Nagar,2023-10-27 02:15:00,temp,15.9,16.63390616254904,2,1,2,179.28397910266514
Nagar,2023-10-27 02:30:00,temp,15.9,16.025647965060628,2,1,2,179.28397910266514
Nagar,2023-10-28 02:00:00,temp,15.8,15.89277055373776,2,1,2,179.28397910266514
Nagar,2023-10-29 02:30:00,temp,16.4,15.788750298132689,2,1,2,179.28397910266514
Nagar,2023-10-29 02:45:00,temp,16.4,16.264718976394974,2,1,2,179.28397910266514
Nagar,2023-10-30 01:45:00,temp,16.7,16.205782090053823,2,1,2,179.28397910266514
Nagar,2023-10-30 02:00:00,temp,16.4,16.75630979132126,2,1,2,179.28397910266514
Nagaur,2023-10-15 02:30:00,temp,27.7,27.962127177095702,2,0,2,171.7957091335859
Nagaur,2023-10-16 02:30:00,temp,27.2,27.88148341244991,2,0,2,171.7957091335859
Nagaur,2023-10-17 02:30:00,temp,23.3,27.51542462672765,2,0,2,171.7957091335859
Nagaur,2023-10-18 02:30:00,temp,22.0,26.366099737728984,2,0,2,171.7957091335859
Nagaur,2023-10-19 02:30:00,temp,23.7,24.239494901953453,2,0,2,171.7957091335859
Nagaur,2023-10-20 02:30:00,temp,25.0,24.363795556832805,2,0,2,171.7957091335859
Nagaur,2023-10-21 02:15:00,temp,25.4,26.83150088303763,2,0,2,171.7957091335859
Nagaur,2023-10-22 02:30:00,temp,25.7,28.76737291733768,2,0,2,171.7957091335859
Nagaur,2023-10-23 02:15:00,temp,25.3,27.350917792570026,2,0,2,171.7957091335859
Nagaur,2023-10-24 02:15:00,temp,24.3,26.11522331896451,2,0,2,171.7957091335859
Nagaur,2023-10-25 02:30:00,temp,24.8,25.55859619539777,2,0,2,171.7957091335859
Nagaur,2023-10-26 02:00:00,temp,24.5,25.645790428190242,2,0,2,171.7957091335859
Nagaur,2023-10-27 02:15:00,temp,24.6,25.416766974147322,2,0,2,171.7957091335859
Nagaur,2023-10-28 02:00:00,temp,26.1,25.425964566347357,2,0,2,171.7957091335859
Nagaur,2023-10-29 02:45:00,temp,25.9,26.161599601006447,2,0,2,171.7957091335859
Nagaur,2023-10-30 02:00:00,temp,25.6,26.20684028082698,2,0,2,171.7957091335859
Nagpur,2023-10-15 02:30:00,temp,23.0,24.609996367590902,0,1,1,139.3547573943072
Nagpur,2023-10-16 02:30:00,temp,24.0,24.243991204689284,0,1,1,139.3547573943072
Nagpur,2023-10-17 02:30:00,temp,24.0,24.17882659369193,0,1,1,139.3547573943072
Nagpur,2023-10-18 02:30:00,temp,25.0,24.1331247533456,0,1,1,139.3547573943072
Nagpur,2023-10-19 02:30:00,temp,26.0,24.337073567141775,0,1,1,139.3547573943072
Nagpur,2023-10-20 02:30:00,temp,25.0,24.6660996064397,0,1,1,139.3547573943072
Nagpur,2023-10-21 02:15:00,temp,23.0,24.7322104409028,0,1,1,139.3547573943072
Nagpur,2023-10-22 02:30:00,temp,22.0,24.408682294960226,0,1,1,139.3547573943072
Nagpur,2023-10-23 02:15:00,temp,22.0,23.914305686513586,0,1,1,139.3547573943072
Nagpur,2023-10-24 02:15:00,temp,21.0,23.25687494604504,0,1,1,139.3547573943072
Nagpur,2023-10-25 02:15:00,temp,21.0,21.844380975701636,0,1,1,139.3547573943072
Nagpur,2023-10-26 02:00:00,temp,20.0,21.335500681171073,0,1,1,139.3547573943072
Nagpur,2023-10-27 02:15:00,temp,20.0,20.551081192016873,0,1,1,139.3547573943072
Nagpur,2023-10-28 02:00:00,temp,20.0,20.21885435024575,0,1,1,139.3547573943072
Nagpur,2023-10-29 02:45:00,temp,19.0,20.089017892126027,0,1,1,139.3547573943072
Nagpur,2023-10-30 02:00:00,temp,20.0,19.438289355471742,0,1,1,139.3547573943072
Nalbari,2023-10-15 02:30:00,temp,20.8,21.175883699914195,0,1,1,156.92817143858719
Nalbari,2023-10-16 02:30:00,temp,20.6,20.915585408804727,0,1,1,156.92817143858719
Nalbari,2023-10-17 02:15:00,temp,21.6,20.696696518077157,0,1,1,156.92817143858719
Nalbari,2023-10-18 02:30:00,temp,20.3,21.315850312334124,0,1,1,156.92817143858719
Nalbari,2023-10-19 02:15:00,temp,20.1,20.630200007649634,0,1,1,156.92817143858719
Nalbari,2023-10-20 02:30:00,temp,20.0,20.268896940035866,0,1,1,156.92817143858719
Nalbari,2023-10-21 02:15:00,temp,19.8,20.08487857523529,0,1,1,156.92817143858719
Nalbari,2023-10-22 02:15:00,temp,19.9,19.88979773941985,0,1,1,156.92817143858719
Nalbari,2023-10-23 02:15:00,temp,19.9,19.8968039671847,0,1,1,156.92817143858719
Nalbari,2023-10-24 02:15:00,temp,20.7,19.89899470027767,0,1,1,156.92817143858719
Nalbari,2023-10-25 02:15:00,temp,19.8,20.4457844622039,0,1,1,156.92817143858719
Nalbari,2023-10-26 02:00:00,temp,24.0,20.00803948716824,0,1,1,156.92817143858719
Nalbari,2023-10-27 02:15:00,temp,19.5,22.624083043019102,0,1,1,156.92817143858719
Nalbari,2023-10-28 02:00:00,temp,23.0,20.74764090064321,0,1,1,156.92817143858719
Nalbari,2023-10-29 02:30:00,temp,22.0,21.899586584822128,0,1,1,156.92817143858719
Nalbari,2023-10-30 01:45:00,temp,22.0,21.95211977224175,0,1,1,156.92817143858719
Nalgonda,2023-10-15 02:30:00,temp,25.5,24.959543558086807,0,0,1,119.26704865609041
Nalgonda,2023-10-16 02:30:00,temp,26.5,25.216698373064684,0,0,1,119.26704865609041
Nalgonda,2023-10-17 02:30:00,temp,24.8,25.64662559917822,0,0,1,119.26704865609041
Nalgonda,2023-10-18 02:30:00,temp,24.7,24.54220935519494,0,0,1,119.26704865609041
Nalgonda,2023-10-19 02:30:00,temp,24.5,25.041039653921917,0,0,1,119.26704865609041
Nalgonda,2023-10-20 02:30:00,temp,24.0,24.686362831821583,0,0,1,119.26704865609041
Nalgonda,2023-10-21 02:30:00,temp,24.8,24.589236728070112,0,0,1,119.26704865609041
Nalgonda,2023-10-22 02:30:00,temp,23.7,25.04088951721745,0,0,1,119.26704865609041
Nalgonda,2023-10-23 02:15:00,temp,21.9,24.235974837958068,0,0,1,119.26704865609041
Nalgonda,2023-10-24 02:15:00,temp,20.1,23.588717082650454,0,0,1,119.26704865609041
Nalgonda,2023-10-25 02:30:00,temp,21.4,22.64666765477547,0,0,1,119.26704865609041
Nalgonda,2023-10-26 02:00:00,temp,21.5,23.95013372872607,0,0,1,119.26704865609041
Nalgonda,2023-10-27 02:30:00,temp,20.6,23.085883701481233,0,0,1,119.26704865609041
Nalgonda,2023-10-28 02:00:00,temp,23.9,22.963392157985908,0,0,1,119.26704865609041
Nalgonda,2023-10-29 02:45:00,temp,24.9,25.229644135964822,0,0,1,119.26704865609041
Nalgonda,2023-10-30 02:00:00,temp,24.1,24.358958095407548,0,0,1,119.26704865609041
Namakkal,2023-10-15 02:30:00,temp,21.0,22.124109129119823,0,1,1,74.09510248438924
Namakkal,2023-10-16 02:30:00,temp,23.0,21.674260305628497,0,1,1,74.09510248438924
Namakkal,2023-10-17 02:30:00,temp,21.7,22.16221228937519,0,1,1,74.09510248438924
Namakkal,2023-10-18 02:30:00,temp,21.8,22.033279083155453,0,1,1,74.09510248438924
Namakkal,2023-10-19 02:30:00,temp,21.2,21.965935705569816,0,1,1,74.09510248438924
Namakkal,2023-10-20 02:30:00,temp,21.1,21.731336401158707,0,1,1,74.09510248438924
Namakkal,2023-10-21 02:15:00,temp,21.4,21.50886734953427,0,1,1,74.09510248438924
Namakkal,2023-10-22 02:30:00,temp,22.5,21.468953598492888,0,1,1,74.09510248438924
Namakkal,2023-10-23 02:15:00,temp,22.0,21.79730334129239,0,1,1,74.09510248438924
Namakkal,2023-10-24 02:15:00,temp,22.0,21.8565623832794,0,1,1,74.09510248438924
Namakkal,2023-10-25 02:30:00,temp,21.9,21.89890781861244,0,1,1,74.09510248438924
Namakkal,2023-10-26 02:00:00,temp,21.5,21.899156317586534,0,1,1,74.09510248438924
Namakkal,2023-10-27 02:30:00,temp,20.9,21.78301268925966,0,1,1,74.09510248438924
Namakkal,2023-10-28 02:00:00,temp,22.3,21.520453905799215,0,1,1,74.09510248438924
Namakkal,2023-10-29 02:45:00,temp,20.8,21.750809412941184,0,1,1,74.09510248438924
Namakkal,2023-10-30 02:00:00,temp,21.2,21.491882105776565,0,1,1,74.09510248438924
Nanded,2023-10-15 02:30:00,temp,22.9,23.53588570059939,2,0,1,116.41402857299167
Nanded,2023-10-16 02:30:00,temp,22.8,22.747742688500946,2,0,1,116.41402857299167
Nanded,2023-10-17 02:30:00,temp,22.9,23.228543470970468,2,0,1,116.41402857299167
Nanded,2023-10-18 02:30:00,temp,23.5,22.797527464893665,2,0,1,116.41402857299167
Nanded,2023-10-19 02:30:00,temp,22.2,23.689372366472416,2,0,1,116.41402857299167
Nanded,2023-10-20 02:30:00,temp,22.1,22.155483951790973,2,0,1,116.41402857299167
Nanded,2023-10-21 02:15:00,temp,22.2,22.558471287886096,2,0,1,116.41402857299167
Nanded,2023-10-22 02:30:00,temp,20.7,22.24014186186798,2,0,1,116.41402857299167
Nanded,2023-10-23 02:15:00,temp,19.7,21.656153365094116,2,0,1,116.41402857299167
Nanded,2023-10-24 02:15:00,temp,19.9,20.486643828394037,2,0,1,116.41402857299167
Nanded,2023-10-25 02:15:00,temp,19.3,21.16039529018111,2,0,1,116.41402857299167
Nanded,2023-10-26 02:00:00,temp,18.9,20.057337010739662,2,0,1,116.41402857299167
Nanded,2023-10-27 02:15:00,temp,18.4,19.587033685241494,2,0,1,116.41402857299167
Nanded,2023-10-28 02:00:00,temp,18.9,18.940787779058258,2,0,1,116.41402857299167
Nanded,2023-10-29 02:45:00,temp,19.3,19.269339829510002,2,0,1,116.41402857299167
Nanded,2023-10-30 02:00:00,temp,19.6,19.615640485740737,2,0,1,116.41402857299167
Nandi Hills,2023-10-15 02:30:00,temp,22.0,21.28260375769533,0,0,0,124.93069418087548
Nandi Hills,2023-10-16 02:30:00,temp,22.0,21.297867399947933,0,0,0,124.93069418087548
Nandi Hills,2023-10-17 02:15:00,temp,22.0,21.312495208678857,0,0,0,124.93069418087548
Nandi Hills,2023-10-18 02:30:00,temp,21.0,21.326525760832904,0,0,0,124.93069418087548
Nandi Hills,2023-10-19 02:15:00,temp,21.0,21.319995049446526,0,0,0,124.93069418087548
Nandi Hills,2023-10-20 02:30:00,temp,21.0,21.31372049412007,0,0,0,124.93069418087548
Nandi Hills,2023-10-21 02:15:00,temp,21.0,21.307687271090913,0,0,0,124.93069418087548
Nandi Hills,2023-10-22 02:15:00,temp,22.0,21.30188163958431,0,0,0,124.93069418087548
Nandi Hills,2023-10-23 02:15:00,temp,21.0,21.314809993879805,0,0,0,124.93069418087548
Nandi Hills,2023-10-24 02:15:00,temp,19.0,21.309086011043608,0,0,0,124.93069418087548
Nandi Hills,2023-10-25 02:15:00,temp,19.0,21.267852153338392,0,0,0,124.93069418087548
Nandi Hills,2023-10-26 02:00:00,temp,18.0,21.228065139822498,0,0,0,124.93069418087548
Nandi Hills,2023-10-27 02:15:00,temp,21.0,21.17240874882611,0,0,0,124.93069418087548
Nandi Hills,2023-10-28 02:00:00,temp,21.0,21.169486481496342,0,0,0,124.93069418087548
Nandi Hills,2023-10-29 02:30:00,temp,21.0,21.166661593114352,0,0,0,124.93069418087548
Nandi Hills,2023-10-30 01:45:00,temp,21.0,21.163929356788874,0,0,0,124.93069418087548
Nandurbar,2023-10-15 02:30:00,temp,27.0,26.821642498487332,0,0,2,124.85550087859828
Nandurbar,2023-10-16 02:30:00,temp,26.0,25.21629520280027,0,0,2,124.85550087859828
Nandurbar,2023-10-17 02:30:00,temp,25.5,24.988973600638115,0,0,2,124.85550087859828
Nandurbar,2023-10-18 02:30:00,temp,25.5,25.292623883152316,0,0,2,124.85550087859828
Nandurbar,2023-10-19 02:30:00,temp,25.1,24.717748261182958,0,0,2,124.85550087859828
Nandurbar,2023-10-20 02:30:00,temp,25.3,24.646464364404732,0,0,2,124.85550087859828
Nandurbar,2023-10-21 02:15:00,temp,25.3,25.149090670873473,0,0,2,124.85550087859828
Nandurbar,2023-10-22 02:30:00,temp,27.0,24.86049738258172,0,0,2,124.85550087859828
Nandurbar,2023-10-23 02:15:00,temp,25.6,26.678064351152866,0,0,2,124.85550087859828
Nandurbar,2023-10-24 02:15:00,temp,25.3,24.997681696989115,0,0,2,124.85550087859828
Nandurbar,2023-10-25 02:15:00,temp,25.0,23.484812835099532,0,0,2,124.85550087859828
Nandurbar,2023-10-26 02:00:00,temp,23.5,25.63981522153031,0,0,2,124.85550087859828
Nandurbar,2023-10-27 02:15:00,temp,23.1,23.205218734925044,0,0,2,124.85550087859828
Nandurbar,2023-10-28 02:00:00,temp,23.2,22.99898188674619,0,0,2,124.85550087859828
Nandurbar,2023-10-29 02:45:00,temp,23.1,24.24034840252252,0,0,2,124.85550087859828
Nandurbar,2023-10-30 02:00:00,temp,23.3,23.2876181726778,0,0,2,124.85550087859828
Narayanpet,2023-10-15 02:30:00,temp,25.6,23.8622766255618,2,0,1,138.6285755921112
Narayanpet,2023-10-16 02:30:00,temp,25.5,24.13432381632081,2,0,1,138.6285755921112
Narayanpet,2023-10-17 02:30:00,temp,25.1,24.089325939132074,2,0,1,138.6285755921112
Narayanpet,2023-10-18 02:30:00,temp,24.3,23.937484034168165,2,0,1,138.6285755921112
Narayanpet,2023-10-19 02:30:00,temp,23.8,23.543068567192453,2,0,1,138.6285755921112
Narayanpet,2023-10-20 02:30:00,temp,23.7,23.36042705662461,2,0,1,138.6285755921112
Narayanpet,2023-10-21 02:30:00,temp,24.2,23.41902674500767,2,0,1,138.6285755921112
Narayanpet,2023-10-22 02:30:00,temp,24.8,23.79035156212398,2,0,1,138.6285755921112
Narayanpet,2023-10-23 02:15:00,temp,22.7,24.15471364296749,2,0,1,138.6285755921112
Narayanpet,2023-10-24 02:15:00,temp,21.4,23.05339594911478,2,0,1,138.6285755921112
Narayanpet,2023-10-25 02:30:00,temp,21.6,22.786549008498525,2,0,1,138.6285755921112
Narayanpet,2023-10-26 02:00:00,temp,21.3,22.79958011332756,2,0,1,138.6285755921112
Narayanpet,2023-10-27 02:30:00,temp,20.8,22.81134247559926,2,0,1,138.6285755921112
Narayanpet,2023-10-28 02:00:00,temp,20.8,22.08351073409482,2,0,1,138.6285755921112
Narayanpet,2023-10-29 02:45:00,temp,23.3,21.968284400236573,2,0,1,138.6285755921112
Narayanpet,2023-10-30 02:00:00,temp,23.4,23.862884381528225,2,0,1,138.6285755921112
Narayanpur,2023-10-15 02:30:00,temp,27.7,26.26713120521695,2,0,2,130.7935818335725
Narayanpur,2023-10-16 02:30:00,temp,26.8,26.975054011569203,2,0,2,130.7935818335725
Narayanpur,2023-10-17 02:30:00,temp,21.5,26.8920927909753,2,0,2,130.7935818335725
Narayanpur,2023-10-18 02:30:00,temp,23.0,23.262559527400473,2,0,2,130.7935818335725
Narayanpur,2023-10-19 02:15:00,temp,23.7,23.086238347766354,2,0,2,130.7935818335725
Narayanpur,2023-10-20 02:30:00,temp,23.5,25.80455129587321,2,0,2,130.7935818335725
Narayanpur,2023-10-21 02:15:00,temp,23.6,25.234215651047094,2,0,2,130.7935818335725
Narayanpur,2023-10-22 02:15:00,temp,23.8,24.97161092845375,2,0,2,130.7935818335725
Narayanpur,2023-10-23 02:15:00,temp,23.4,25.064496798840338,2,0,2,130.7935818335725
Narayanpur,2023-10-24 02:15:00,temp,22.4,24.429404908966095,2,0,2,130.7935818335725
Narayanpur,2023-10-25 02:15:00,temp,22.4,23.527301677374044,2,0,2,130.7935818335725
Narayanpur,2023-10-26 02:00:00,temp,22.8,23.484903699515183,2,0,2,130.7935818335725
Narayanpur,2023-10-27 02:15:00,temp,21.7,23.806388910396834,2,0,2,130.7935818335725
Narayanpur,2023-10-28 02:00:00,temp,22.0,22.83892093311368,2,0,2,130.7935818335725
Narayanpur,2023-10-29 02:30:00,temp,23.0,22.69689728023756,2,0,2,130.7935818335725
Narayanpur,2023-10-30 01:45:00,temp,24.3,23.95270474253987,2,0,2,130.7935818335725
Narsimhapur,2023-10-16 02:30:00,temp,22.6,23.828034036645327,0,1,1,136.775243819659
Narsimhapur,2023-10-17 02:15:00,temp,21.5,22.97468160000535,0,1,1,136.775243819659
Narsimhapur,2023-10-18 02:15:00,temp,22.0,21.945576577911787,0,1,1,136.775243819659
Narsimhapur,2023-10-19 02:15:00,temp,22.3,21.984443118848233,0,1,1,136.775243819659
Narsimhapur,2023-10-20 02:15:00,temp,20.9,22.202472026900626,0,1,1,136.775243819659
Narsimhapur,2023-10-21 02:00:00,temp,20.6,21.310554864284413,0,1,1,136.775243819659
Narsimhapur,2023-10-22 02:15:00,temp,20.2,20.803824454760516,0,1,1,136.775243819659
Narsimhapur,2023-10-23 02:00:00,temp,19.6,20.367580814599766,0,1,1,136.775243819659
Narsimhapur,2023-10-24 02:00:00,temp,18.8,19.804839866890823,0,1,1,136.775243819659
Narsimhapur,2023-10-25 02:15:00,temp,18.8,19.049518588542135,0,1,1,136.775243819659
Narsimhapur,2023-10-26 02:00:00,temp,18.9,18.860112404736878,0,1,1,136.775243819659
Narsimhapur,2023-10-27 02:15:00,temp,18.8,18.890178585274462,0,1,1,136.775243819659
Narsimhapur,2023-10-28 02:00:00,temp,18.9,18.822343672140356,0,1,1,136.775243819659
Narsimhapur,2023-10-29 02:30:00,temp,18.4,18.880745694299986,0,1,1,136.775243819659
Narsimhapur,2023-10-30 01:45:00,temp,19.2,18.51946681022704,0,1,1,136.775243819659
Navsari,2023-10-15 02:30:00,temp,26.8,27.01008319205398,2,0,1,75.2621679902786
Navsari,2023-10-16 02:30:00,temp,26.3,26.639510829161484,2,0,1,75.2621679902786
Navsari,2023-10-17 02:15:00,temp,27.2,26.184480580568597,2,0,1,75.2621679902786
Navsari,2023-10-18 02:15:00,temp,26.4,26.77342846229746,2,0,1,75.2621679902786
Navsari,2023-10-19 02:15:00,temp,25.4,26.084080695265147,2,0,1,75.2621679902786
Navsari,2023-10-20 02:30:00,temp,25.1,25.358972741126596,2,0,1,75.2621679902786
Navsari,2023-10-21 02:15:00,temp,26.5,25.20071434475848,2,0,1,75.2621679902786
Navsari,2023-10-22 02:15:00,temp,27.0,26.191630709633348,2,0,1,75.2621679902786
Navsari,2023-10-23 02:00:00,temp,25.7,26.47235718259551,2,0,1,75.2621679902786
Navsari,2023-10-24 02:15:00,temp,26.6,25.534624850590816,2,0,1,75.2621679902786
Navsari,2023-10-25 02:15:00,temp,25.2,26.36933881743392,2,0,1,75.2621679902786
Navsari,2023-10-26 02:00:00,temp,24.8,25.224295984370386,2,0,1,75.2621679902786
Navsari,2023-10-27 02:15:00,temp,24.4,25.037775745318605,2,0,1,75.2621679902786
Navsari,2023-10-28 02:00:00,temp,23.7,24.869786393499048,2,0,1,75.2621679902786
Navsari,2023-10-29 02:30:00,temp,24.0,24.480193484910675,2,0,1,75.2621679902786
Navsari,2023-10-30 01:45:00,temp,24.6,24.83002151295714,2,0,1,75.2621679902786
Nawada,2023-10-15 02:30:00,temp,21.7,22.4,0,1,0,149.99013484102662
Nawada,2023-10-16 02:30:00,temp,23.4,21.7,0,1,0,149.99013484102662
Nawada,2023-10-17 02:15:00,temp,22.9,23.4,0,1,0,149.99013484102662
Nawada,2023-10-18 02:30:00,temp,23.2,22.9,0,1,0,149.99013484102662
Nawada,2023-10-19 02:15:00,temp,21.3,23.2,0,1,0,149.99013484102662
Nawada,2023-10-20 02:30:00,temp,21.3,21.3,0,1,0,149.99013484102662
Nawada,2023-10-21 02:15:00,temp,20.1,21.3,0,1,0,149.99013484102662
Nawada,2023-10-22 02:15:00,temp,20.2,20.1,0,1,0,149.99013484102662
Nawada,2023-10-23 02:00:00,temp,20.1,20.2,0,1,0,149.99013484102662
Nawada,2023-10-24 02:15:00,temp,21.0,20.1,0,1,0,149.99013484102662
Nawada,2023-10-25 02:15:00,temp,21.6,21.0,0,1,0,149.99013484102662
Nawada,2023-10-26 02:00:00,temp,20.4,21.6,0,1,0,149.99013484102662
Nawada,2023-10-27 02:15:00,temp,19.9,20.4,0,1,0,149.99013484102662
Nawada,2023-10-28 02:00:00,temp,22.2,19.9,0,1,0,149.99013484102662
Nawada,2023-10-29 02:30:00,temp,20.9,22.2,0,1,0,149.99013484102662
Nawada,2023-10-30 01:45:00,temp,21.0,20.9,0,1,0,149.99013484102662
Nayagarh,2023-10-15 02:30:00,temp,23.8,24.82438847466734,1,1,1,84.05291301445511
Nayagarh,2023-10-16 02:30:00,temp,23.0,24.203249931590225,1,1,1,84.05291301445511
Nayagarh,2023-10-17 02:30:00,temp,23.6,23.412737696219207,1,1,1,84.05291301445511
Nayagarh,2023-10-18 02:30:00,temp,23.3,23.811402425751155,1,1,1,84.05291301445511
Nayagarh,2023-10-19 02:30:00,temp,23.2,23.505471385574264,1,1,1,84.05291301445511
Nayagarh,2023-10-20 02:30:00,temp,23.1,23.36152700925084,1,1,1,84.05291301445511
Nayagarh,2023-10-21 02:15:00,temp,22.2,23.229047799465686,1,1,1,84.05291301445511
Nayagarh,2023-10-22 02:30:00,temp,22.2,22.431070712625218,1,1,1,84.05291301445511
Nayagarh,2023-10-23 02:15:00,temp,21.9,22.341539787800237,1,1,1,84.05291301445511
Nayagarh,2023-10-24 02:15:00,temp,21.8,22.027255788574948,1,1,1,84.05291301445511
Nayagarh,2023-10-25 02:15:00,temp,22.9,21.88840985016649,1,1,1,84.05291301445511
Nayagarh,2023-10-26 02:00:00,temp,24.9,22.786038690612592,1,1,1,84.05291301445511
Nayagarh,2023-10-27 02:15:00,temp,22.3,24.682164914382835,1,1,1,84.05291301445511
Nayagarh,2023-10-28 02:00:00,temp,20.9,22.572415055405678,1,1,1,84.05291301445511
Nayagarh,2023-10-29 02:45:00,temp,20.6,21.41062046017262,1,1,1,84.05291301445511
Nayagarh,2023-10-30 02:00:00,temp,21.0,20.976691408861296,1,1,1,84.05291301445511
Neemuch,2023-10-15 02:30:00,temp,22.7,23.643536216745815,2,0,2,90.07392679714339
Neemuch,2023-10-16 02:30:00,temp,22.4,22.874742017163552,2,0,2,90.07392679714339
Neemuch,2023-10-17 02:15:00,temp,22.0,22.65263342941974,2,0,2,90.07392679714339
Neemuch,2023-10-18 02:15:00,temp,21.6,22.33393072876908,2,0,2,90.07392679714339
Neemuch,2023-10-19 02:15:00,temp,21.9,22.01048382861748,2,0,2,90.07392679714339
Neemuch,2023-10-20 02:15:00,temp,22.1,22.096129912950833,2,0,2,90.07392679714339
Neemuch,2023-10-21 02:00:00,temp,22.1,22.229151506231155,2,0,2,90.07392679714339
Neemuch,2023-10-22 02:15:00,temp,23.5,22.25757499104778,2,0,2,90.07392679714339
Neemuch,2023-10-23 02:00:00,temp,22.2,23.239492495817256,2,0,2,90.07392679714339
Neemuch,2023-10-24 02:15:00,temp,22.2,22.944166526335195,2,0,2,90.07392679714339
Neemuch,2023-10-25 02:15:00,temp,21.7,22.341245927981852,2,0,2,90.07392679714339
Neemuch,2023-10-26 02:00:00,temp,21.7,22.09069860209566,2,0,2,90.07392679714339
Neemuch,2023-10-27 02:15:00,temp,20.6,21.991154773577474,2,0,2,90.07392679714339
Neemuch,2023-10-28 02:00:00,temp,20.5,21.27616167545537,2,0,2,90.07392679714339
Neemuch,2023-10-29 02:30:00,temp,21.8,20.833284189865665,2,0,2,90.07392679714339
Neemuch,2023-10-30 01:45:00,temp,21.9,21.60226020955264,2,0,2,90.07392679714339
Nellore,2023-10-15 02:30:00,temp,26.0,26.032888819055426,2,1,2,143.52377841502664
Nellore,2023-10-16 02:30:00,temp,26.5,26.012883412499214,2,1,2,143.52377841502664
Nellore,2023-10-17 02:15:00,temp,26.4,26.20377372248004,2,1,2,143.52377841502664
Nellore,2023-10-18 02:15:00,temp,26.1,26.09473387040034,2,1,2,143.52377841502664
Nellore,2023-10-19 02:15:00,temp,25.2,26.01921090448024,2,1,2,143.52377841502664
Nellore,2023-10-20 02:30:00,temp,25.3,25.821529643639504,2,1,2,143.52377841502664
Nellore,2023-10-21 02:15:00,temp,26.2,25.99000594641703,2,1,2,143.52377841502664
Nellore,2023-10-22 02:15:00,temp,26.6,26.26971720050131,2,1,2,143.52377841502664
Nellore,2023-10-23 02:00:00,temp,24.6,26.097632704541887,2,1,2,143.52377841502664
Nellore,2023-10-24 02:15:00,temp,24.0,25.136168204687095,2,1,2,143.52377841502664
Nellore,2023-10-25 02:15:00,temp,23.8,25.086834621200673,2,1,2,143.52377841502664
Nellore,2023-10-26 02:00:00,temp,24.3,24.9527884260062,2,1,2,143.52377841502664
Nellore,2023-10-27 02:15:00,temp,24.6,24.796305672236144,2,1,2,143.52377841502664
Nellore,2023-10-28 02:00:00,temp,25.8,24.35543139757019,2,1,2,143.52377841502664
Nellore,2023-10-29 02:30:00,temp,26.2,24.32644195230646,2,1,2,143.52377841502664
Nellore,2023-10-30 01:45:00,temp,26.5,24.201796553543204,2,1,2,143.52377841502664
New Delhi,2023-10-15 02:30:00,temp,24.0,25.84490378863029,2,1,2,173.70058656050628
New Delhi,2023-10-16 02:30:00,temp,26.0,24.613136296704404,2,1,2,173.70058656050628
New Delhi,2023-10-17 02:30:00,temp,19.0,26.413773677813655,2,1,2,173.70058656050628
New Delhi,2023-10-18 02:30:00,temp,21.0,18.566597811610173,2,1,2,173.70058656050628
New Delhi,2023-10-19 02:30:00,temp,21.0,22.800259672279406,2,1,2,173.70058656050628
New Delhi,2023-10-20 02:30:00,temp,21.0,22.50205743385975,2,1,2,173.70058656050628
New Delhi,2023-10-21 02:30:00,temp,20.0,20.883070954678235,2,1,2,173.70058656050628
New Delhi,2023-10-22 02:30:00,temp,21.0,20.37254087003519,2,1,2,173.70058656050628
New Delhi,2023-10-23 02:15:00,temp,21.0,21.464637272155656,2,1,2,173.70058656050628
New Delhi,2023-10-24 02:15:00,temp,22.0,21.417581889124875,2,1,2,173.70058656050628
New Delhi,2023-10-25 02:30:00,temp,21.0,21.934044102052336,2,1,2,173.70058656050628
New Delhi,2023-10-26 02:00:00,temp,22.0,20.89653178219954,2,1,2,173.70058656050628
New Delhi,2023-10-27 02:30:00,temp,21.0,21.824719472813456,2,1,2,173.70058656050628
New Delhi,2023-10-28 02:00:00,temp,20.0,20.88901786364619,2,1,2,173.70058656050628
New Delhi,2023-10-29 02:45:00,temp,20.0,20.178528492010596,2,1,2,173.70058656050628
New Delhi,2023-10-30 02:00:00,temp,22.0,20.350032456766215,2,1,2,173.70058656050628
Nirmal,2023-10-15 02:30:00,temp,22.7,22.865865046601506,0,0,2,102.0132696599026
Nirmal,2023-10-16 02:30:00,temp,22.1,22.99478900283741,0,0,2,102.0132696599026
Nirmal,2023-10-17 02:30:00,temp,22.1,22.48215256557913,0,0,2,102.0132696599026
Nirmal,2023-10-18 02:30:00,temp,22.3,22.280673079966146,0,0,2,102.0132696599026
Nirmal,2023-10-19 02:30:00,temp,21.7,22.743135012530086,0,0,2,102.0132696599026
Nirmal,2023-10-20 02:30:00,temp,22.3,22.4635406439063,0,0,2,102.0132696599026
Nirmal,2023-10-21 02:30:00,temp,21.8,22.263501853637315,0,0,2,102.0132696599026
Nirmal,2023-10-22 02:30:00,temp,20.4,22.59462775051308,0,0,2,102.0132696599026
Nirmal,2023-10-23 02:15:00,temp,19.9,21.640429145732035,0,0,2,102.0132696599026
Nirmal,2023-10-24 02:15:00,temp,19.5,20.75667108335252,0,0,2,102.0132696599026
Nirmal,2023-10-25 02:30:00,temp,19.2,21.231591478899357,0,0,2,102.0132696599026
Nirmal,2023-10-26 02:00:00,temp,19.2,20.944672281213023,0,0,2,102.0132696599026
Nirmal,2023-10-27 02:30:00,temp,18.6,20.430695189258405,0,0,2,102.0132696599026
Nirmal,2023-10-28 02:00:00,temp,18.5,20.493542715552888,0,0,2,102.0132696599026
Nirmal,2023-10-29 02:45:00,temp,18.8,20.138085780783783,0,0,2,102.0132696599026
Nirmal,2023-10-30 02:00:00,temp,19.2,20.28602939385315,0,0,2,102.0132696599026
Niwari,2023-10-15 02:30:00,temp,24.0,25.979229257644867,2,1,2,164.99277870311863
Niwari,2023-10-16 02:30:00,temp,26.0,24.575123208405575,2,1,2,164.99277870311863
Niwari,2023-10-17 02:30:00,temp,19.0,26.50064494387321,2,1,2,164.99277870311863
Niwari,2023-10-18 02:30:00,temp,21.0,18.511485557299203,2,1,2,164.99277870311863
Niwari,2023-10-19 02:30:00,temp,21.0,22.823096172884192,2,1,2,164.99277870311863
Niwari,2023-10-20 02:30:00,temp,21.0,22.502027094242536,2,1,2,164.99277870311863
Niwari,2023-10-21 02:30:00,temp,20.0,22.100701655168272,2,1,2,164.99277870311863
Niwari,2023-10-22 02:30:00,temp,21.0,20.293453861780613,2,1,2,164.99277870311863
Niwari,2023-10-23 02:15:00,temp,21.0,21.38331253774379,2,1,2,164.99277870311863
Niwari,2023-10-24 02:15:00,temp,22.0,21.345518602994648,2,1,2,164.99277870311863
Niwari,2023-10-25 02:30:00,temp,21.0,22.021633899534955,2,1,2,164.99277870311863
Niwari,2023-10-26 02:00:00,temp,22.0,20.899071463705695,2,1,2,164.99277870311863
Niwari,2023-10-27 02:30:00,temp,21.0,21.61626224517437,2,1,2,164.99277870311863
Niwari,2023-10-28 02:00:00,temp,20.0,20.71103643677812,2,1,2,164.99277870311863
Niwari,2023-10-29 02:45:00,temp,20.0,20.027248828440598,2,1,2,164.99277870311863
Niwari,2023-10-30 02:00:00,temp,22.0,20.290435891410606,2,1,2,164.99277870311863
Nizamabad,2023-10-15 02:30:00,temp,22.7,22.699477238552145,1,0,0,101.21040297387647
Nizamabad,2023-10-16 02:30:00,temp,22.2,22.699499644299838,1,0,0,101.21040297387647
Nizamabad,2023-10-17 02:30:00,temp,22.0,22.41589313325159,1,0,0,101.21040297387647
Nizamabad,2023-10-18 02:30:00,temp,21.7,22.29430247669898,1,0,0,101.21040297387647
Nizamabad,2023-10-19 02:30:00,temp,21.6,22.10585348826468,1,0,0,101.21040297387647
Nizamabad,2023-10-20 02:30:00,temp,22.8,22.025525877528718,1,0,0,101.21040297387647
Nizamabad,2023-10-21 02:30:00,temp,22.5,22.729925284394735,1,0,0,101.21040297387647
Nizamabad,2023-10-22 02:30:00,temp,20.2,22.55896455710226,1,0,0,101.21040297387647
Nizamabad,2023-10-23 02:15:00,temp,19.3,21.228669242532163,1,0,0,101.21040297387647
Nizamabad,2023-10-24 02:15:00,temp,18.8,20.336536777397914,1,0,0,101.21040297387647
Nizamabad,2023-10-25 02:30:00,temp,18.8,19.64182053272092,1,0,0,101.21040297387647
Nizamabad,2023-10-26 02:00:00,temp,18.7,19.471223957137013,1,0,0,101.21040297387647
Nizamabad,2023-10-27 02:30:00,temp,18.0,19.263306655776347,1,0,0,101.21040297387647
Nizamabad,2023-10-28 02:00:00,temp,18.2,18.48087872666973,1,0,0,101.21040297387647
Nizamabad,2023-10-29 02:45:00,temp,18.8,18.616113156451718,1,0,0,101.21040297387647
Nizamabad,2023-10-30 02:00:00,temp,19.4,19.16610886598558,1,0,0,101.21040297387647
North Gauhati,2023-10-15 02:30:00,temp,20.8,22.343251505154655,0,1,1,164.6944006192185
North Gauhati,2023-10-16 02:30:00,temp,20.6,21.778157509564,0,1,1,164.6944006192185
North Gauhati,2023-10-17 02:30:00,temp,21.6,21.304076249786903,0,1,1,164.6944006192185
North Gauhati,2023-10-18 02:30:00,temp,20.3,21.422753418879484,0,1,1,164.6944006192185
North Gauhati,2023-10-19 02:30:00,temp,20.1,20.99112118302431,0,1,1,164.6944006192185
North Gauhati,2023-10-20 02:30:00,temp,20.0,20.63323040632484,0,1,1,164.6944006192185
North Gauhati,2023-10-21 02:30:00,temp,19.8,20.37351981244279,0,1,1,164.6944006192185
North Gauhati,2023-10-22 02:30:00,temp,19.9,20.136567801014245,0,1,1,164.6944006192185
North Gauhati,2023-10-23 02:15:00,temp,19.9,20.0389977887872,0,1,1,164.6944006192185
North Gauhati,2023-10-24 02:15:00,temp,20.7,19.982213690043984,0,1,1,164.6944006192185
North Gauhati,2023-10-25 02:30:00,temp,19.8,20.271624703458354,0,1,1,164.6944006192185
North Gauhati,2023-10-26 02:00:00,temp,24.0,20.08310245776168,0,1,1,164.6944006192185
North Gauhati,2023-10-27 02:30:00,temp,19.5,21.619309350758122,0,1,1,164.6944006192185
North Gauhati,2023-10-28 02:00:00,temp,23.0,20.78080761538179,0,1,1,164.6944006192185
North Gauhati,2023-10-29 02:45:00,temp,22.0,21.571500017883025,0,1,1,164.6944006192185
North Gauhati,2023-10-30 02:00:00,temp,22.0,21.73223355292989,0,1,1,164.6944006192185
Osmanabad,2023-10-15 02:30:00,temp,23.6,23.169944743766305,1,0,0,131.37566486787074
Osmanabad,2023-10-16 02:30:00,temp,23.8,23.378949275441897,1,0,0,131.37566486787074
Osmanabad,2023-10-17 02:30:00,temp,24.9,23.490676381474795,1,0,0,131.37566486787074
Osmanabad,2023-10-18 02:30:00,temp,23.3,24.106389183702586,1,0,0,131.37566486787074
Osmanabad,2023-10-19 02:30:00,temp,23.6,23.25051498286258,1,0,0,131.37566486787074
Osmanabad,2023-10-20 02:30:00,temp,23.3,23.407065992361556,1,0,0,131.37566486787074
Osmanabad,2023-10-21 02:15:00,temp,22.4,23.255328214496057,1,0,0,131.37566486787074
Osmanabad,2023-10-22 02:30:00,temp,23.2,22.793035346748034,1,0,0,131.37566486787074
Osmanabad,2023-10-23 02:15:00,temp,21.4,23.19654045207616,1,0,0,131.37566486787074
Osmanabad,2023-10-24 02:15:00,temp,21.3,22.286141010093182,1,0,0,131.37566486787074
Osmanabad,2023-10-25 02:15:00,temp,21.2,22.17145570983179,1,0,0,131.37566486787074
Osmanabad,2023-10-26 02:00:00,temp,20.3,22.05425584720498,1,0,0,131.37566486787074
Osmanabad,2023-10-27 02:15:00,temp,19.6,21.41145739605491,1,0,0,131.37566486787074
Osmanabad,2023-10-28 02:00:00,temp,19.9,20.75863586280222,1,0,0,131.37566486787074
Osmanabad,2023-10-29 02:45:00,temp,20.4,20.843402685162996,1,0,0,131.37566486787074
Osmanabad,2023-10-30 02:00:00,temp,20.7,21.144595840408737,1,0,0,131.37566486787074
Palakkad,2023-10-15 02:30:00,temp,21.7,24.488883932297185,0,0,0,101.9776329207246
Palakkad,2023-10-16 02:30:00,temp,26.0,24.42825591220799,0,0,0,101.9776329207246
Palakkad,2023-10-17 02:30:00,temp,23.0,24.46169718934018,0,0,0,101.9776329207246
Palakkad,2023-10-18 02:30:00,temp,24.0,24.431245213798466,0,0,0,101.9776329207246
Palakkad,2023-10-19 02:15:00,temp,26.0,24.422444021511122,0,0,0,101.9776329207246
Palakkad,2023-10-20 02:30:00,temp,26.0,24.453995202558563,0,0,0,101.9776329207246
Palakkad,2023-10-21 02:15:00,temp,25.0,24.484308926119677,0,0,0,101.9776329207246
Palakkad,2023-10-22 02:15:00,temp,26.0,24.494225875010468,0,0,0,101.9776329207246
Palakkad,2023-10-23 02:15:00,temp,25.0,24.522636558398535,0,0,0,101.9776329207246
Palakkad,2023-10-24 02:15:00,temp,24.0,24.531476509720846,0,0,0,101.9776329207246
Palakkad,2023-10-25 02:15:00,temp,25.0,24.521813208627727,0,0,0,101.9776329207246
Palakkad,2023-10-26 02:00:00,temp,26.0,24.530352159387736,0,0,0,101.9776329207246
Palakkad,2023-10-27 02:15:00,temp,27.0,24.556135361389764,0,0,0,101.9776329207246
Palakkad,2023-10-28 02:00:00,temp,26.0,24.598270853169545,0,0,0,101.9776329207246
Palakkad,2023-10-29 02:45:00,temp,26.0,24.622028807838632,0,0,0,101.9776329207246
Palakkad,2023-10-30 02:00:00,temp,25.0,24.644994977210406,0,0,0,101.9776329207246
Palghar,2023-10-16 02:30:00,temp,26.5,26.957791061209655,2,0,2,71.26132223695132
Palghar,2023-10-17 02:30:00,temp,27.1,26.272146899147003,2,0,2,71.26132223695132
Palghar,2023-10-18 02:30:00,temp,27.1,26.142111887701454,2,0,2,71.26132223695132
Palghar,2023-10-19 02:30:00,temp,26.9,26.68886051974883,2,0,2,71.26132223695132
Palghar,2023-10-20 02:30:00,temp,26.8,26.819913638916507,2,0,2,71.26132223695132
Palghar,2023-10-21 02:15:00,temp,27.1,26.473249401341242,2,0,2,71.26132223695132
Palghar,2023-10-22 02:30:00,temp,27.1,26.509783022006612,2,0,2,71.26132223695132
Palghar,2023-10-23 02:15:00,temp,27.0,26.778431958450057,2,0,2,71.26132223695132
Palghar,2023-10-24 02:15:00,temp,26.9,26.79343914439373,2,0,2,71.26132223695132
Palghar,2023-10-25 02:15:00,temp,26.5,26.612573726818926,2,0,2,71.26132223695132
Palghar,2023-10-26 02:00:00,temp,25.9,26.325222214835485,2,0,2,71.26132223695132
Palghar,2023-10-27 02:15:00,temp,25.0,25.910374699095918,2,0,2,71.26132223695132
Palghar,2023-10-28 02:00:00,temp,25.0,25.268658972211504,2,0,2,71.26132223695132
Palghar,2023-10-29 02:45:00,temp,25.4,25.12634215155866,2,0,2,71.26132223695132
Palghar,2023-10-30 02:00:00,temp,25.8,25.67959205553191,2,0,2,71.26132223695132
Pali,2023-10-15 02:30:00,temp,26.5,26.811639641727073,1,1,0,146.05230972036654
Pali,2023-10-16 02:30:00,temp,27.1,26.61839805115372,1,1,0,146.05230972036654
Pali,2023-10-17 02:30:00,temp,25.1,26.920700484824422,1,1,0,146.05230972036654
Pali,2023-10-18 02:30:00,temp,24.2,25.72792025757393,1,1,0,146.05230972036654
Pali,2023-10-19 02:30:00,temp,24.4,24.445985649463566,1,1,0,146.05230972036654
Pali,2023-10-20 02:30:00,temp,24.9,24.345422089085357,1,1,0,146.05230972036654
Pali,2023-10-21 02:15:00,temp,25.3,24.764240616025322,1,1,0,146.05230972036654
Pali,2023-10-22 02:30:00,temp,25.5,25.19276349319095,1,1,0,146.05230972036654
Pali,2023-10-23 02:15:00,temp,25.8,25.446684581288725,1,1,0,146.05230972036654
Pali,2023-10-24 02:15:00,temp,24.6,25.72027797794044,1,1,0,146.05230972036654
Pali,2023-10-25 02:30:00,temp,24.2,24.924169944367243,1,1,0,146.05230972036654
Pali,2023-10-26 02:00:00,temp,23.9,24.30361630805689,1,1,0,146.05230972036654
Pali,2023-10-27 02:15:00,temp,24.0,23.977113638157327,1,1,0,146.05230972036654
Pali,2023-10-28 02:00:00,temp,25.9,23.974278561029678,1,1,0,146.05230972036654
Pali,2023-10-29 02:45:00,temp,24.3,25.416255343606544,1,1,0,146.05230972036654
Pali,2023-10-30 02:00:00,temp,24.9,24.748881280971986,1,1,0,146.05230972036654
Palwal,2023-10-15 02:30:00,temp,24.0,25.891664624046896,2,1,2,162.8267291247985
Palwal,2023-10-16 02:30:00,temp,26.0,24.749624500519076,2,1,2,162.8267291247985
Palwal,2023-10-17 02:15:00,temp,19.0,26.49745446445227,2,1,2,162.8267291247985
Palwal,2023-10-18 02:30:00,temp,21.0,20.989871516429563,2,1,2,162.8267291247985
Palwal,2023-10-19 02:15:00,temp,21.0,22.653910432560934,2,1,2,162.8267291247985
Palwal,2023-10-20 02:30:00,temp,21.0,22.729912667720058,2,1,2,162.8267291247985
Palwal,2023-10-21 02:15:00,temp,20.0,22.145519835631806,2,1,2,162.8267291247985
Palwal,2023-10-22 02:15:00,temp,21.0,20.14437230883159,2,1,2,162.8267291247985
Palwal,2023-10-23 02:15:00,temp,21.0,21.320891074649385,2,1,2,162.8267291247985
Palwal,2023-10-24 02:15:00,temp,22.0,20.96327542418099,2,1,2,162.8267291247985
Palwal,2023-10-25 02:15:00,temp,21.0,21.903561729056904,2,1,2,162.8267291247985
Palwal,2023-10-26 02:00:00,temp,22.0,20.795085545550993,2,1,2,162.8267291247985
Palwal,2023-10-27 02:15:00,temp,21.0,21.784346485793783,2,1,2,162.8267291247985
Palwal,2023-10-28 02:00:00,temp,20.0,20.89031651746117,2,1,2,162.8267291247985
Palwal,2023-10-29 02:30:00,temp,22.7,20.1647931024805,2,1,2,162.8267291247985
Palwal,2023-10-30 01:45:00,temp,22.0,22.451105933586778,2,1,2,162.8267291247985
Panipat,2023-10-15 02:30:00,temp,23.6,23.035136896597844,1,1,1,167.31917517621844
Panipat,2023-10-16 02:30:00,temp,23.2,23.753275927384394,1,1,1,167.31917517621844
Panipat,2023-10-17 02:15:00,temp,18.4,23.45560418007602,1,1,1,167.31917517621844
Panipat,2023-10-18 02:15:00,temp,21.0,19.996603156587902,1,1,1,167.31917517621844
Panipat,2023-10-19 02:15:00,temp,19.9,21.684136990954492,1,1,1,167.31917517621844
Panipat,2023-10-20 02:30:00,temp,20.2,20.763359998244404,1,1,1,167.31917517621844
Panipat,2023-10-21 02:15:00,temp,20.6,20.81609365993702,1,1,1,167.31917517621844
Panipat,2023-10-22 02:15:00,temp,20.2,20.994001835179823,1,1,1,167.31917517621844
Panipat,2023-10-23 02:15:00,temp,21.4,20.6230652379784,1,1,1,167.31917517621844
Panipat,2023-10-24 02:15:00,temp,20.5,21.42137765678395,1,1,1,167.31917517621844
Panipat,2023-10-25 02:15:00,temp,20.9,20.76731192900594,1,1,1,167.31917517621844
Panipat,2023-10-26 02:00:00,temp,20.8,21.00414640931448,1,1,1,167.31917517621844
Panipat,2023-10-27 02:15:00,temp,20.3,20.915210734117533,1,1,1,167.31917517621844
Panipat,2023-10-28 02:00:00,temp,20.6,20.54391465168505,1,1,1,167.31917517621844
Panipat,2023-10-29 02:30:00,temp,21.2,20.71140479684073,1,1,1,167.31917517621844
Panipat,2023-10-30 01:45:00,temp,21.3,21.111637745463916,1,1,1,167.31917517621844
Panna,2023-10-15 02:30:00,temp,24.4,23.82873846512441,1,1,1,153.11210550365809
Panna,2023-10-16 02:30:00,temp,24.2,24.335924097480394,1,1,1,153.11210550365809
Panna,2023-10-17 02:15:00,temp,20.6,24.212760540768805,1,1,1,153.11210550365809
Panna,2023-10-18 02:15:00,temp,22.4,21.950775682094932,1,1,1,153.11210550365809
Panna,2023-10-19 02:15:00,temp,22.3,22.908575451821406,1,1,1,153.11210550365809
Panna,2023-10-20 02:15:00,temp,21.2,22.768944340957432,1,1,1,153.11210550365809
Panna,2023-10-21 02:00:00,temp,21.0,21.987161376252313,1,1,1,153.11210550365809
Panna,2023-10-22 02:15:00,temp,21.0,21.701461580463018,1,1,1,153.11210550365809
Panna,2023-10-23 02:00:00,temp,19.9,21.558077275778118,1,1,1,153.11210550365809
Panna,2023-10-24 02:15:00,temp,20.5,20.66683526072427,1,1,1,153.11210550365809
Panna,2023-10-25 02:15:00,temp,20.5,20.898702692994707,1,1,1,153.11210550365809
Panna,2023-10-26 02:00:00,temp,20.1,20.796669794446203,1,1,1,153.11210550365809
Panna,2023-10-27 02:15:00,temp,19.8,20.439889686540027,1,1,1,153.11210550365809
Panna,2023-10-28 02:00:00,temp,20.2,20.142299983099303,1,1,1,153.11210550365809
Panna,2023-10-29 02:30:00,temp,20.4,20.3238716800192,1,1,1,153.11210550365809
Panna,2023-10-30 01:45:00,temp,21.1,20.427469760992512,1,1,1,153.11210550365809
Parbhani,2023-10-15 02:30:00,temp,23.8,23.582530029875855,1,0,0,111.25687433136159
Parbhani,2023-10-16 02:30:00,temp,23.7,23.746392528360136,1,0,0,111.25687433136159
Parbhani,2023-10-17 02:30:00,temp,23.5,23.69237134526847,1,0,0,111.25687433136159
Parbhani,2023-10-18 02:30:00,temp,24.2,23.58237355150764,1,0,0,111.25687433136159
Parbhani,2023-10-19 02:30:00,temp,24.3,23.96467083708297,1,0,0,111.25687433136159
Parbhani,2023-10-20 02:30:00,temp,22.5,24.02660214621814,1,0,0,111.25687433136159
Parbhani,2023-10-21 02:15:00,temp,22.4,23.066943010103284,1,0,0,111.25687433136159
Parbhani,2023-10-22 02:30:00,temp,21.4,22.9797750754845,1,0,0,111.25687433136159
Parbhani,2023-10-23 02:15:00,temp,20.8,22.323107547144204,1,0,0,111.25687433136159
Parbhani,2023-10-24 02:15:00,temp,20.8,21.763761898170927,1,0,0,111.25687433136159
Parbhani,2023-10-25 02:15:00,temp,20.2,21.62198302029095,1,0,0,111.25687433136159
Parbhani,2023-10-26 02:00:00,temp,19.6,20.99965961911397,1,0,0,111.25687433136159
Parbhani,2023-10-27 02:15:00,temp,19.3,20.31838121554566,1,0,0,111.25687433136159
Parbhani,2023-10-28 02:00:00,temp,19.3,19.908398521932305,1,0,0,111.25687433136159
Parbhani,2023-10-29 02:45:00,temp,19.5,19.819716355356555,1,0,0,111.25687433136159
Parbhani,2023-10-30 02:00:00,temp,19.6,19.953023722374237,1,0,0,111.25687433136159
Patan,2023-10-15 02:30:00,temp,26.8,27.870466648870487,2,0,2,107.52866405663903
Patan,2023-10-16 02:30:00,temp,26.1,26.84442387143633,2,0,2,107.52866405663903
Patan,2023-10-17 02:15:00,temp,25.6,25.644468260461576,2,0,2,107.52866405663903
Patan,2023-10-18 02:15:00,temp,25.9,25.462634100880692,2,0,2,107.52866405663903
Patan,2023-10-19 02:15:00,temp,25.9,26.25357645183362,2,0,2,107.52866405663903
Patan,2023-10-20 02:30:00,temp,26.3,26.547856651738755,2,0,2,107.52866405663903
Patan,2023-10-21 02:15:00,temp,26.7,26.509828376774294,2,0,2,107.52866405663903
Patan,2023-10-22 02:15:00,temp,27.4,26.63297708391406,2,0,2,107.52866405663903
Patan,2023-10-23 02:00:00,temp,26.5,27.155628798502715,2,0,2,107.52866405663903
Patan,2023-10-24 02:15:00,temp,26.5,26.646566433369745,2,0,2,107.52866405663903
Patan,2023-10-25 02:15:00,temp,26.4,26.252696146374884,2,0,2,107.52866405663903
Patan,2023-10-26 02:00:00,temp,25.8,26.272298215463923,2,0,2,107.52866405663903
Patan,2023-10-27 02:15:00,temp,25.4,26.09317550874475,2,0,2,107.52866405663903
Patan,2023-10-28 02:00:00,temp,25.8,25.759639623821997,2,0,2,107.52866405663903
Patan,2023-10-29 02:30:00,temp,25.3,25.98939181944604,2,0,2,107.52866405663903
Patan,2023-10-30 01:45:00,temp,26.2,25.899286273531807,2,0,2,107.52866405663903
Pathanamthitta,2023-10-15 02:30:00,temp,22.3,22.437064828854332,0,1,1,66.97419162604692
Pathanamthitta,2023-10-16 02:30:00,temp,22.1,22.395416631324657,0,1,1,66.97419162604692
Pathanamthitta,2023-10-17 02:30:00,temp,22.9,22.308682022258417,0,1,1,66.97419162604692
Pathanamthitta,2023-10-18 02:30:00,temp,22.0,22.47824209565159,0,1,1,66.97419162604692
Pathanamthitta,2023-10-19 02:15:00,temp,22.0,22.3436748362682,0,1,1,66.97419162604692
Pathanamthitta,2023-10-20 02:30:00,temp,22.1,22.249999050711914,0,1,1,66.97419162604692
Pathanamthitta,2023-10-21 02:15:00,temp,22.2,22.207332415106645,0,1,1,66.97419162604692
Pathanamthitta,2023-10-22 02:15:00,temp,22.8,22.20538870126716,0,1,1,66.97419162604692
Pathanamthitta,2023-10-23 02:15:00,temp,22.0,22.364684220252066,0,1,1,66.97419162604692
Pathanamthitta,2023-10-24 02:15:00,temp,22.3,22.27011135603193,0,1,1,66.97419162604692
Pathanamthitta,2023-10-25 02:15:00,temp,21.5,22.27773409183529,0,1,1,66.97419162604692
Pathanamthitta,2023-10-26 02:00:00,temp,22.2,22.077932733545058,0,1,1,66.97419162604692
Pathanamthitta,2023-10-27 02:15:00,temp,22.4,22.112509535377146,0,1,1,66.97419162604692
Pathanamthitta,2023-10-28 02:00:00,temp,22.4,22.185304003713966,0,1,1,66.97419162604692
Pathanamthitta,2023-10-29 02:30:00,temp,22.7,22.236824224153118,0,1,1,66.97419162604692
Pathanamthitta,2023-10-30 01:45:00,temp,23.1,22.349882860859516,0,1,1,66.97419162604692
Pathankot,2023-10-15 02:30:00,temp,20.9,20.624675265738677,0,1,2,122.64461095828972
Pathankot,2023-10-16 02:30:00,temp,20.9,20.977240786253024,0,1,2,122.64461095828972
Pathankot,2023-10-17 02:30:00,temp,16.7,20.8081957571708,0,1,2,122.64461095828972
Pathankot,2023-10-18 02:30:00,temp,15.9,16.754163516928163,0,1,2,122.64461095828972
Pathankot,2023-10-19 02:15:00,temp,15.7,17.396067394082504,0,1,2,122.64461095828972
Pathankot,2023-10-20 02:30:00,temp,16.5,15.750772442573506,0,1,2,122.64461095828972
Pathankot,2023-10-21 02:15:00,temp,17.1,16.828452918513616,0,1,2,122.64461095828972
Pathankot,2023-10-22 02:15:00,temp,18.3,16.931210675456132,0,1,2,122.64461095828972
Pathankot,2023-10-23 02:15:00,temp,17.7,18.279739661237237,0,1,2,122.64461095828972
Pathankot,2023-10-24 02:15:00,temp,17.6,17.354558626642607,0,1,2,122.64461095828972
Pathankot,2023-10-25 02:15:00,temp,17.7,17.73795854407522,0,1,2,122.64461095828972
Pathankot,2023-10-26 02:00:00,temp,17.5,17.64284401718738,0,1,2,122.64461095828972
Pathankot,2023-10-27 02:15:00,temp,17.6,17.506524723480176,0,1,2,122.64461095828972
Pathankot,2023-10-28 02:00:00,temp,18.2,17.636143666780743,0,1,2,122.64461095828972
Pathankot,2023-10-29 02:45:00,temp,18.2,18.18892781932358,0,1,2,122.64461095828972
Pathankot,2023-10-30 02:00:00,temp,18.4,18.063616948783412,0,1,2,122.64461095828972
Patiala,2023-10-15 02:30:00,temp,23.4,22.5140729664797,0,1,2,168.1222579058537
Patiala,2023-10-16 02:30:00,temp,22.5,23.44589476652663,0,1,2,168.1222579058537
Patiala,2023-10-17 02:30:00,temp,18.1,22.540383443657063,0,1,2,168.1222579058537
Patiala,2023-10-18 02:30:00,temp,19.8,19.915158957436308,0,1,2,168.1222579058537
Patiala,2023-10-19 02:15:00,temp,19.1,21.54903259296412,0,1,2,168.1222579058537
Patiala,2023-10-20 02:30:00,temp,19.8,19.737871458331824,0,1,2,168.1222579058537
Patiala,2023-10-21 02:15:00,temp,19.8,20.441064532915355,0,1,2,168.1222579058537
Patiala,2023-10-22 02:15:00,temp,20.1,19.949628842206327,0,1,2,168.1222579058537
Patiala,2023-10-23 02:15:00,temp,20.8,20.22756212520311,0,1,2,168.1222579058537
Patiala,2023-10-24 02:15:00,temp,20.3,20.587217265113132,0,1,2,168.1222579058537
Patiala,2023-10-25 02:15:00,temp,20.8,20.220155681681202,0,1,2,168.1222579058537
Patiala,2023-10-26 02:00:00,temp,20.6,20.70415080396821,0,1,2,168.1222579058537
Patiala,2023-10-27 02:15:00,temp,20.2,20.45508367907399,0,1,2,168.1222579058537
Patiala,2023-10-28 02:00:00,temp,20.6,20.314233622985277,0,1,2,168.1222579058537
Patiala,2023-10-29 02:45:00,temp,21.1,20.587413868456363,0,1,2,168.1222579058537
Patiala,2023-10-30 02:00:00,temp,20.7,20.846422311419847,0,1,2,168.1222579058537
Patna,2023-10-15 02:30:00,temp,26.0,26.084413659454714,1,1,1,164.62961118474445
Patna,2023-10-16 02:30:00,temp,26.0,26.640631381032335,1,1,1,164.62961118474445
Patna,2023-10-17 02:15:00,temp,23.0,26.556003975461266,1,1,1,164.62961118474445
Patna,2023-10-18 02:30:00,temp,26.0,24.266684762050154,1,1,1,164.62961118474445
Patna,2023-10-19 02:15:00,temp,21.6,26.276800699088422,1,1,1,164.62961118474445
Patna,2023-10-20 02:30:00,temp,25.0,23.177084323007332,1,1,1,164.62961118474445
Patna,2023-10-21 02:15:00,temp,23.0,23.75819622328494,1,1,1,164.62961118474445
Patna,2023-10-22 02:15:00,temp,22.0,23.773751034717197,1,1,1,164.62961118474445
Patna,2023-10-23 02:15:00,temp,22.0,22.58245955829313,1,1,1,164.62961118474445
Patna,2023-10-24 02:15:00,temp,26.0,22.093719393989243,1,1,1,164.62961118474445
Patna,2023-10-25 02:15:00,temp,26.0,24.193426052416886,1,1,1,164.62961118474445
Patna,2023-10-26 02:00:00,temp,24.0,25.259626365933748,1,1,1,164.62961118474445
Patna,2023-10-27 02:15:00,temp,23.0,24.213669143493636,1,1,1,164.62961118474445
Patna,2023-10-28 02:00:00,temp,24.0,23.573181933039113,1,1,1,164.62961118474445
Patna,2023-10-29 02:30:00,temp,22.0,23.999266780021237,1,1,1,164.62961118474445
Patna,2023-10-30 01:45:00,temp,24.0,22.85176431656946,1,1,1,164.62961118474445
Peddapalli,2023-10-15 02:30:00,temp,23.7,24.053707690927876,1,0,0,106.43700900763676
Peddapalli,2023-10-16 02:30:00,temp,25.0,23.911198331577022,1,0,0,106.43700900763676
Peddapalli,2023-10-17 02:30:00,temp,25.1,24.506389094211986,1,0,0,106.43700900763676
Peddapalli,2023-10-18 02:30:00,temp,22.8,24.578198681283993,1,0,0,106.43700900763676
Peddapalli,2023-10-19 02:30:00,temp,22.9,23.570207302613593,1,0,0,106.43700900763676
Peddapalli,2023-10-20 02:30:00,temp,23.2,23.56803728240798,1,0,0,106.43700900763676
Peddapalli,2023-10-21 02:30:00,temp,23.7,23.67835259700995,1,0,0,106.43700900763676
Peddapalli,2023-10-22 02:30:00,temp,20.2,23.897395937364998,1,0,0,106.43700900763676
Peddapalli,2023-10-23 02:15:00,temp,19.6,22.187267697260996,1,0,0,106.43700900763676
Peddapalli,2023-10-24 02:15:00,temp,19.1,21.076813291634636,1,0,0,106.43700900763676
Peddapalli,2023-10-25 02:30:00,temp,19.1,20.192170228308232,1,0,0,106.43700900763676
Peddapalli,2023-10-26 02:00:00,temp,19.6,19.94412441460691,1,0,0,106.43700900763676
Peddapalli,2023-10-27 02:30:00,temp,18.4,20.291030182099853,1,0,0,106.43700900763676
Peddapalli,2023-10-28 02:00:00,temp,19.1,19.027081946534786,1,0,0,106.43700900763676
Peddapalli,2023-10-29 02:45:00,temp,19.8,19.643218218516886,1,0,0,106.43700900763676
Peddapalli,2023-10-30 02:00:00,temp,19.8,20.262935328849878,1,0,0,106.43700900763676
Pendra,2023-10-15 02:30:00,temp,28.5,27.64683332925771,0,1,2,206.99326789098077
Pendra,2023-10-16 02:30:00,temp,27.9,27.633316145462558,0,1,2,206.99326789098077
Pendra,2023-10-17 02:30:00,temp,27.9,27.599356277359117,0,1,2,206.99326789098077
Pendra,2023-10-18 02:30:00,temp,27.4,27.721254533984126,0,1,2,206.99326789098077
Pendra,2023-10-19 02:30:00,temp,27.3,27.445972959879025,0,1,2,206.99326789098077
Pendra,2023-10-20 02:30:00,temp,27.4,27.44109927537859,0,1,2,206.99326789098077
Pendra,2023-10-21 02:30:00,temp,27.8,27.454695879452604,0,1,2,206.99326789098077
Pendra,2023-10-22 02:30:00,temp,28.5,27.668374514878018,0,1,2,206.99326789098077
Pendra,2023-10-23 02:15:00,temp,27.7,28.064428102403784,0,1,2,206.99326789098077
Pendra,2023-10-24 02:15:00,temp,27.3,27.624320851379743,0,1,2,206.99326789098077
Pendra,2023-10-25 02:30:00,temp,26.6,27.531962925610806,0,1,2,206.99326789098077
Pendra,2023-10-26 02:00:00,temp,25.9,27.074762012110412,0,1,2,206.99326789098077
Pendra,2023-10-27 02:30:00,temp,25.5,26.642509559305452,0,1,2,206.99326789098077
Pendra,2023-10-28 02:00:00,temp,25.7,26.290115271654425,0,1,2,206.99326789098077
Pendra,2023-10-29 02:45:00,temp,25.9,26.251685726164634,0,1,2,206.99326789098077
Pendra,2023-10-30 02:00:00,temp,25.9,26.200750189775324,0,1,2,206.99326789098077
Perambalur,2023-10-15 02:30:00,temp,24.0,26.374966946427,2,1,2,120.52270814920358
Perambalur,2023-10-16 02:30:00,temp,27.0,25.69084291205752,2,1,2,120.52270814920358
Perambalur,2023-10-17 02:30:00,temp,25.0,25.875016879800363,2,1,2,120.52270814920358
Perambalur,2023-10-18 02:30:00,temp,26.0,24.909858923550537,2,1,2,120.52270814920358
Perambalur,2023-10-19 02:30:00,temp,26.0,25.849824826131396,2,1,2,120.52270814920358
Perambalur,2023-10-20 02:30:00,temp,26.0,26.303395358745426,2,1,2,120.52270814920358
Perambalur,2023-10-21 02:15:00,temp,26.0,26.352178003265468,2,1,2,120.52270814920358
Perambalur,2023-10-22 02:30:00,temp,26.0,25.9065313211519,2,1,2,120.52270814920358
Perambalur,2023-10-23 02:15:00,temp,27.0,25.61263274368976,2,1,2,120.52270814920358
Perambalur,2023-10-24 02:15:00,temp,26.0,26.217015485216216,2,1,2,120.52270814920358
Perambalur,2023-10-25 02:30:00,temp,28.0,26.963898505257273,2,1,2,120.52270814920358
Perambalur,2023-10-26 02:00:00,temp,27.0,26.70339119196109,2,1,2,120.52270814920358
Perambalur,2023-10-27 02:15:00,temp,27.0,27.173438154393573,2,1,2,120.52270814920358
Perambalur,2023-10-28 02:00:00,temp,26.0,27.154594839921216,2,1,2,120.52270814920358
Perambalur,2023-10-29 02:45:00,temp,26.0,26.68720934984471,2,1,2,120.52270814920358
Perambalur,2023-10-30 02:00:00,temp,25.0,26.30352564918928,2,1,2,120.52270814920358
Phek,2023-10-15 02:30:00,temp,14.0,13.6,0,1,0,105.76845220618216
Phek,2023-10-16 02:30:00,temp,13.7,14.0,0,1,0,105.76845220618216
Phek,2023-10-17 02:15:00,temp,12.1,13.7,0,1,0,105.76845220618216
Phek,2023-10-18 02:30:00,temp,12.9,12.099999999999998,0,1,0,105.76845220618216
Phek,2023-10-19 02:15:00,temp,11.8,12.9,0,1,0,105.76845220618216
Phek,2023-10-20 02:30:00,temp,11.4,11.8,0,1,0,105.76845220618216
Phek,2023-10-21 02:15:00,temp,11.7,11.4,0,1,0,105.76845220618216
Phek,2023-10-22 02:15:00,temp,11.2,11.7,0,1,0,105.76845220618216
Phek,2023-10-23 02:15:00,temp,12.4,11.2,0,1,0,105.76845220618216
Phek,2023-10-24 02:15:00,temp,15.3,12.4,0,1,0,105.76845220618216
Phek,2023-10-25 02:15:00,temp,13.0,15.3,0,1,0,105.76845220618216
Phek,2023-10-26 02:00:00,temp,14.9,13.0,0,1,0,105.76845220618216
Phek,2023-10-27 02:15:00,temp,12.1,14.9,0,1,0,105.76845220618216
Phek,2023-10-28 02:00:00,temp,10.9,12.099999999999998,0,1,0,105.76845220618216
Phek,2023-10-29 02:30:00,temp,10.4,10.9,0,1,0,105.76845220618216
Phek,2023-10-30 01:45:00,temp,11.4,10.4,0,1,0,105.76845220618216
Pilibhit,2023-10-15 02:30:00,temp,20.7,20.1,0,1,0,139.21098710177426
Pilibhit,2023-10-16 02:30:00,temp,21.1,20.7,0,1,0,139.21098710177426
Pilibhit,2023-10-17 02:30:00,temp,19.4,21.1,0,1,0,139.21098710177426
Pilibhit,2023-10-18 02:30:00,temp,18.5,19.4,0,1,0,139.21098710177426
Pilibhit,2023-10-19 02:30:00,temp,17.4,18.5,0,1,0,139.21098710177426
Pilibhit,2023-10-20 02:30:00,temp,17.5,17.4,0,1,0,139.21098710177426
Pilibhit,2023-10-21 02:15:00,temp,17.7,17.5,0,1,0,139.21098710177426
Pilibhit,2023-10-22 02:30:00,temp,18.0,17.7,0,1,0,139.21098710177426
Pilibhit,2023-10-23 02:15:00,temp,18.0,18.0,0,1,0,139.21098710177426
Pilibhit,2023-10-24 02:15:00,temp,17.9,18.0,0,1,0,139.21098710177426
Pilibhit,2023-10-25 02:30:00,temp,18.7,17.9,0,1,0,139.21098710177426
Pilibhit,2023-10-26 02:00:00,temp,19.0,18.7,0,1,0,139.21098710177426
Pilibhit,2023-10-27 02:15:00,temp,18.9,19.0,0,1,0,139.21098710177426
Pilibhit,2023-10-28 02:00:00,temp,18.3,18.9,0,1,0,139.21098710177426
Pilibhit,2023-10-29 02:45:00,temp,18.7,18.3,0,1,0,139.21098710177426
Pilibhit,2023-10-30 02:00:00,temp,18.7,18.7,0,1,0,139.21098710177426
Pithoragarh,2023-10-15 02:30:00,temp,16.9,16.8,0,1,0,109.45403862178071
Pithoragarh,2023-10-16 02:30:00,temp,16.4,16.9,0,1,0,109.45403862178071
Pithoragarh,2023-10-17 02:30:00,temp,15.9,16.4,0,1,0,109.45403862178071
Pithoragarh,2023-10-18 02:30:00,temp,14.8,15.9,0,1,0,109.45403862178071
Pithoragarh,2023-10-19 02:15:00,temp,14.3,14.8,0,1,0,109.45403862178071
Pithoragarh,2023-10-20 02:30:00,temp,14.0,14.3,0,1,0,109.45403862178071
Pithoragarh,2023-10-21 02:15:00,temp,14.4,14.0,0,1,0,109.45403862178071
Pithoragarh,2023-10-22 02:15:00,temp,14.5,14.4,0,1,0,109.45403862178071
Pithoragarh,2023-10-23 02:15:00,temp,14.7,14.5,0,1,0,109.45403862178071
Pithoragarh,2023-10-24 02:15:00,temp,14.0,14.7,0,1,0,109.45403862178071
Pithoragarh,2023-10-25 02:15:00,temp,14.8,14.0,0,1,0,109.45403862178071
Pithoragarh,2023-10-26 02:00:00,temp,15.1,14.8,0,1,0,109.45403862178071
Pithoragarh,2023-10-27 02:15:00,temp,15.1,15.1,0,1,0,109.45403862178071
Pithoragarh,2023-10-28 02:00:00,temp,14.7,15.1,0,1,0,109.45403862178071
Pithoragarh,2023-10-29 02:30:00,temp,15.0,14.7,0,1,0,109.45403862178071
Pithoragarh,2023-10-30 01:45:00,temp,15.3,15.0,0,1,0,109.45403862178071
Porbandar,2023-10-15 02:30:00,temp,26.6,26.767448084298344,1,0,0,50.55109237686057
Porbandar,2023-10-16 02:30:00,temp,26.5,26.63719081994019,1,0,0,50.55109237686057
Porbandar,2023-10-17 02:15:00,temp,26.3,26.57074940952976,1,0,0,50.55109237686057
Porbandar,2023-10-18 02:15:00,temp,26.1,26.436488018611907,1,0,0,50.55109237686057
Porbandar,2023-10-19 02:15:00,temp,27.3,26.295730730229785,1,0,0,50.55109237686057
Porbandar,2023-10-20 02:30:00,temp,26.9,27.067194025311494,1,0,0,50.55109237686057
Porbandar,2023-10-21 02:15:00,temp,27.0,26.820929363060284,1,0,0,50.55109237686057
Porbandar,2023-10-22 02:15:00,temp,27.8,26.88470273686087,1,0,0,50.55109237686057
Porbandar,2023-10-23 02:00:00,temp,27.4,27.400685004580986,1,0,0,50.55109237686057
Porbandar,2023-10-24 02:15:00,temp,26.9,27.15353464011764,1,0,0,50.55109237686057
Porbandar,2023-10-25 02:15:00,temp,27.4,26.838397586389245,1,0,0,50.55109237686057
Porbandar,2023-10-26 02:00:00,temp,27.0,27.155140891595554,1,0,0,50.55109237686057
Porbandar,2023-10-27 02:15:00,temp,26.9,26.905938526228795,1,0,0,50.55109237686057
Porbandar,2023-10-28 02:00:00,temp,26.6,26.845182611679526,1,0,0,50.55109237686057
Porbandar,2023-10-29 02:30:00,temp,26.8,26.65950837914329,1,0,0,50.55109237686057
Porbandar,2023-10-30 01:45:00,temp,27.2,26.782662336004446,1,0,0,50.55109237686057
Pratapgarh,2023-10-15 02:30:00,temp,22.7,23.40465192048313,2,1,2,101.58016129662428
Pratapgarh,2023-10-16 02:30:00,temp,22.5,23.08606526130075,2,1,2,101.58016129662428
Pratapgarh,2023-10-17 02:30:00,temp,22.8,22.265283682496488,2,1,2,101.58016129662428
Pratapgarh,2023-10-18 02:30:00,temp,21.6,22.892267730366967,2,1,2,101.58016129662428
Pratapgarh,2023-10-19 02:30:00,temp,22.5,21.48224921851491,2,1,2,101.58016129662428
Pratapgarh,2023-10-20 02:30:00,temp,21.7,22.438071750048856,2,1,2,101.58016129662428
Pratapgarh,2023-10-21 02:15:00,temp,22.5,21.576469762102732,2,1,2,101.58016129662428
Pratapgarh,2023-10-22 02:30:00,temp,21.8,22.81705501904101,2,1,2,101.58016129662428
Pratapgarh,2023-10-23 02:15:00,temp,21.9,21.362085760813255,2,1,2,101.58016129662428
Pratapgarh,2023-10-24 02:15:00,temp,23.5,22.425903508055796,2,1,2,101.58016129662428
Pratapgarh,2023-10-25 02:15:00,temp,21.2,23.054823283879422,2,1,2,101.58016129662428
Pratapgarh,2023-10-26 02:00:00,temp,21.5,21.902750272810415,2,1,2,101.58016129662428
Pratapgarh,2023-10-27 02:15:00,temp,20.6,21.793991934453604,2,1,2,101.58016129662428
Pratapgarh,2023-10-28 02:00:00,temp,20.5,20.01205360984224,2,1,2,101.58016129662428
Pratapgarh,2023-10-29 02:45:00,temp,21.2,21.415110877894183,2,1,2,101.58016129662428
Pratapgarh,2023-10-30 02:00:00,temp,21.3,20.23167075995252,2,1,2,101.58016129662428
Puducherry,2023-10-15 02:30:00,temp,26.4,26.408347320749364,1,0,0,107.09905321561497
Puducherry,2023-10-16 02:30:00,temp,26.4,26.5442937088738,1,0,0,107.09905321561497
Puducherry,2023-10-17 02:15:00,temp,26.7,26.541041148046066,1,0,0,107.09905321561497
Puducherry,2023-10-18 02:30:00,temp,25.8,26.62634503500671,1,0,0,107.09905321561497
Puducherry,2023-10-19 02:15:00,temp,25.9,26.366645886929913,1,0,0,107.09905321561497
Puducherry,2023-10-20 02:30:00,temp,26.0,26.375607414426298,1,0,0,107.09905321561497
Puducherry,2023-10-21 02:15:00,temp,25.6,26.391649181227866,1,0,0,107.09905321561497
Puducherry,2023-10-22 02:15:00,temp,25.5,26.245655117672932,1,0,0,107.09905321561497
Puducherry,2023-10-23 02:15:00,temp,25.9,26.17704981430908,1,0,0,107.09905321561497
Puducherry,2023-10-24 02:15:00,temp,26.1,26.298300928937625,1,0,0,107.09905321561497
Puducherry,2023-10-25 02:15:00,temp,26.4,26.360984115435194,1,0,0,107.09905321561497
Puducherry,2023-10-26 02:00:00,temp,26.3,26.46458763875522,1,0,0,107.09905321561497
Puducherry,2023-10-27 02:15:00,temp,26.2,26.427380390034603,1,0,0,107.09905321561497
Puducherry,2023-10-28 02:00:00,temp,26.2,26.38878337425599,1,0,0,107.09905321561497
Puducherry,2023-10-29 02:30:00,temp,25.6,26.385121513993322,1,0,0,107.09905321561497
Puducherry,2023-10-30 01:45:00,temp,26.1,26.158265520207255,1,0,0,107.09905321561497
Pudukkottai,2023-10-15 02:30:00,temp,24.0,26.578795822447145,2,0,2,124.18127379068625
Pudukkottai,2023-10-16 02:30:00,temp,27.0,26.6474197381756,2,0,2,124.18127379068625
Pudukkottai,2023-10-17 02:30:00,temp,25.0,25.715409980670696,2,0,2,124.18127379068625
Pudukkottai,2023-10-18 02:30:00,temp,26.0,25.89660720505058,2,0,2,124.18127379068625
Pudukkottai,2023-10-19 02:30:00,temp,26.0,26.11034045163778,2,0,2,124.18127379068625
Pudukkottai,2023-10-20 02:30:00,temp,26.0,26.573875393343343,2,0,2,124.18127379068625
Pudukkottai,2023-10-21 02:15:00,temp,26.0,26.765129743044117,2,0,2,124.18127379068625
Pudukkottai,2023-10-22 02:30:00,temp,26.0,26.468271163947932,2,0,2,124.18127379068625
Pudukkottai,2023-10-23 02:15:00,temp,27.0,26.04232485305217,2,0,2,124.18127379068625
Pudukkottai,2023-10-24 02:15:00,temp,26.0,26.025170445865346,2,0,2,124.18127379068625
Pudukkottai,2023-10-25 02:30:00,temp,28.0,26.82025567431316,2,0,2,124.18127379068625
Pudukkottai,2023-10-26 02:00:00,temp,25.5,27.194068800283002,2,0,2,124.18127379068625
Pudukkottai,2023-10-27 02:30:00,temp,27.0,27.3672883095441,2,0,2,124.18127379068625
Pudukkottai,2023-10-28 02:00:00,temp,26.0,26.334481930094878,2,0,2,124.18127379068625
Pudukkottai,2023-10-29 02:45:00,temp,26.0,26.000003304737014,2,0,2,124.18127379068625
Pudukkottai,2023-10-30 02:00:00,temp,25.0,26.104080503672314,2,0,2,124.18127379068625
Pulwama,2023-10-15 02:30:00,temp,6.7,8.9,0,1,0,153.5111043706006
Pulwama,2023-10-16 02:30:00,temp,8.8,6.699999999999999,0,1,0,153.5111043706006
Pulwama,2023-10-17 02:15:00,temp,6.9,8.8,0,1,0,153.5111043706006
Pulwama,2023-10-18 02:15:00,temp,5.4,6.9,0,1,0,153.5111043706006
Pulwama,2023-10-19 02:15:00,temp,8.0,5.4,0,1,0,153.5111043706006
Pulwama,2023-10-20 02:15:00,temp,8.4,8.0,0,1,0,153.5111043706006
Pulwama,2023-10-21 02:15:00,temp,9.9,8.4,0,1,0,153.5111043706006
Pulwama,2023-10-22 02:15:00,temp,10.7,9.9,0,1,0,153.5111043706006
Pulwama,2023-10-23 02:00:00,temp,3.4,10.7,0,1,0,153.5111043706006
Pulwama,2023-10-24 02:15:00,temp,5.2,3.4000000000000004,0,1,0,153.5111043706006
Pulwama,2023-10-25 02:15:00,temp,4.9,5.2,0,1,0,153.5111043706006
Pulwama,2023-10-26 02:00:00,temp,5.2,4.9,0,1,0,153.5111043706006
Pulwama,2023-10-27 02:15:00,temp,5.5,5.2,0,1,0,153.5111043706006
Pulwama,2023-10-28 02:00:00,temp,6.0,5.5,0,1,0,153.5111043706006
Pulwama,2023-10-29 02:30:00,temp,6.0,6.0,0,1,0,153.5111043706006
Pulwama,2023-10-30 01:45:00,temp,7.1,6.0,0,1,0,153.5111043706006
Punch,2023-10-15 02:30:00,temp,27.5,27.11348843746064,2,0,0,152.96811674442216
Punch,2023-10-16 02:30:00,temp,28.2,27.744208842579326,2,0,0,152.96811674442216
Punch,2023-10-17 02:15:00,temp,22.0,27.965627052801008,2,0,0,152.96811674442216
Punch,2023-10-18 02:15:00,temp,24.3,23.38217515463403,2,0,0,152.96811674442216
Punch,2023-10-19 02:15:00,temp,24.3,26.702229074440794,2,0,0,152.96811674442216
Punch,2023-10-20 02:15:00,temp,23.5,25.808458166204456,2,0,0,152.96811674442216
Punch,2023-10-21 02:15:00,temp,22.8,25.07924812175635,2,0,0,152.96811674442216
Punch,2023-10-22 02:15:00,temp,22.8,24.462182657927684,2,0,0,152.96811674442216
Punch,2023-10-23 02:00:00,temp,22.4,24.33460859718369,2,0,0,152.96811674442216
Punch,2023-10-24 02:15:00,temp,22.8,23.806406765390825,2,0,0,152.96811674442216
Punch,2023-10-25 02:15:00,temp,22.7,24.020758382381693,2,0,0,152.96811674442216
Punch,2023-10-26 02:00:00,temp,22.5,23.790570843127345,2,0,0,152.96811674442216
Punch,2023-10-27 02:15:00,temp,22.1,23.529474300415966,2,0,0,152.96811674442216
Punch,2023-10-28 02:00:00,temp,22.4,23.103216662658706,2,0,0,152.96811674442216
Punch,2023-10-29 02:30:00,temp,23.0,23.289481081187844,2,0,0,152.96811674442216
Punch,2023-10-30 01:45:00,temp,23.4,23.738528982254742,2,0,0,152.96811674442216
Pune,2023-10-15 02:30:00,temp,22.8,21.814386808928877,0,0,1,126.8244046601465
Pune,2023-10-16 02:30:00,temp,23.4,22.496254568905055,0,0,1,126.8244046601465
Pune,2023-10-17 02:15:00,temp,23.4,22.48877390078485,0,0,1,126.8244046601465
Pune,2023-10-18 02:30:00,temp,23.4,22.53652037432138,0,0,1,126.8244046601465
Pune,2023-10-19 02:15:00,temp,23.9,22.540282108197292,0,0,1,126.8244046601465
Pune,2023-10-20 02:30:00,temp,24.6,22.872055638796038,0,0,1,126.8244046601465
Pune,2023-10-21 02:15:00,temp,23.3,23.15461160649094,0,0,1,126.8244046601465
Pune,2023-10-22 02:15:00,temp,24.0,22.24249418607227,0,0,1,126.8244046601465
Pune,2023-10-23 02:15:00,temp,22.4,23.230518206487606,0,0,1,126.8244046601465
Pune,2023-10-24 02:15:00,temp,22.7,21.732920877317117,0,0,1,126.8244046601465
Pune,2023-10-25 02:15:00,temp,22.3,22.72643809197076,0,0,1,126.8244046601465
Pune,2023-10-26 02:00:00,temp,21.8,21.978266504882875,0,0,1,126.8244046601465
Pune,2023-10-27 02:15:00,temp,20.2,22.10166603766501,0,0,1,126.8244046601465
Pune,2023-10-28 02:00:00,temp,20.1,21.132839495605246,0,0,1,126.8244046601465
Pune,2023-10-29 02:45:00,temp,20.5,21.57175758296006,0,0,1,126.8244046601465
Pune,2023-10-30 01:45:00,temp,20.8,21.502189437029948,0,0,1,126.8244046601465
Puri,2023-10-15 02:30:00,temp,27.0,27.33202925706014,0,1,1,96.24403839407118
Puri,2023-10-16 02:30:00,temp,25.0,27.26491266742249,0,1,1,96.24403839407118
Puri,2023-10-17 02:30:00,temp,26.0,26.93054291005226,0,1,1,96.24403839407118
Puri,2023-10-18 02:30:00,temp,25.0,26.790399285326238,0,1,1,96.24403839407118
Puri,2023-10-19 02:30:00,temp,26.0,25.759500001717274,0,1,1,96.24403839407118
Puri,2023-10-20 02:30:00,temp,24.0,25.88093815518975,0,1,1,96.24403839407118
Puri,2023-10-21 02:15:00,temp,24.0,25.032706949603043,0,1,1,96.24403839407118
Puri,2023-10-22 02:15:00,temp,24.0,24.482034608277583,0,1,1,96.24403839407118
Puri,2023-10-23 02:15:00,temp,25.0,24.223542967823793,0,1,1,96.24403839407118
Puri,2023-10-24 02:15:00,temp,25.0,24.610192104258907,0,1,1,96.24403839407118
Puri,2023-10-25 02:15:00,temp,24.0,24.795315089029547,0,1,1,96.24403839407118
Puri,2023-10-26 02:00:00,temp,25.0,24.421039256960015,0,1,1,96.24403839407118
Puri,2023-10-27 02:15:00,temp,23.0,24.69107484309962,0,1,1,96.24403839407118
Puri,2023-10-28 02:00:00,temp,22.0,23.919304530310246,0,1,1,96.24403839407118
Puri,2023-10-29 02:45:00,temp,21.0,22.895437974551804,0,1,1,96.24403839407118
Puri,2023-10-30 02:00:00,temp,21.0,21.665329693406118,0,1,1,96.24403839407118
Puri District,2023-10-17 02:30:00,temp,26.0,26.275257006111847,1,0,0,109.32344903704546
Puri District,2023-10-18 02:30:00,temp,25.0,26.515451822769244,1,0,0,109.32344903704546
Puri District,2023-10-19 02:15:00,temp,26.0,26.14086243269803,1,0,0,109.32344903704546
Puri District,2023-10-20 02:30:00,temp,24.0,26.44939854643316,1,0,0,109.32344903704546
Puri District,2023-10-21 02:15:00,temp,24.0,25.615580789103774,1,0,0,109.32344903704546
Puri District,2023-10-22 02:15:00,temp,24.0,25.29497812050148,1,0,0,109.32344903704546
Puri District,2023-10-23 02:15:00,temp,25.0,25.08343730472393,1,0,0,109.32344903704546
Puri District,2023-10-24 02:15:00,temp,25.0,25.637641043140036,1,0,0,109.32344903704546
Puri District,2023-10-25 02:15:00,temp,24.0,25.60061375539218,1,0,0,109.32344903704546
Puri District,2023-10-26 02:00:00,temp,25.0,24.889782739092684,1,0,0,109.32344903704546
Puri District,2023-10-27 02:15:00,temp,23.0,25.522180162478513,1,0,0,109.32344903704546
Puri District,2023-10-28 02:00:00,temp,22.0,24.06403880475493,1,0,0,109.32344903704546
Puri District,2023-10-29 02:30:00,temp,21.0,22.98642877920078,1,0,0,109.32344903704546
Puri District,2023-10-29 02:45:00,temp,21.0,21.777774748305,1,0,0,109.32344903704546
Puri District,2023-10-30 01:45:00,temp,21.0,21.62176959999509,1,0,0,109.32344903704546
Puri District,2023-10-30 02:00:00,temp,21.0,21.523758826180334,1,0,0,109.32344903704546
Purnia,2023-10-15 02:30:00,temp,22.9,24.04113132873375,2,1,2,149.42345327248836
Purnia,2023-10-16 02:30:00,temp,24.9,23.606241621088053,2,1,2,149.42345327248836
Purnia,2023-10-17 02:15:00,temp,23.2,24.586225231823267,2,1,2,149.42345327248836
Purnia,2023-10-18 02:30:00,temp,23.3,23.760484764813413,2,1,2,149.42345327248836
Purnia,2023-10-19 02:15:00,temp,21.8,23.207836230326663,2,1,2,149.42345327248836
Purnia,2023-10-20 02:30:00,temp,22.1,22.547885193334043,2,1,2,149.42345327248836
Purnia,2023-10-21 02:15:00,temp,21.4,22.07069153256726,2,1,2,149.42345327248836
Purnia,2023-10-22 02:15:00,temp,21.7,22.094770131724825,2,1,2,149.42345327248836
Purnia,2023-10-23 02:00:00,temp,21.7,21.607802032782526,2,1,2,149.42345327248836
Purnia,2023-10-24 02:15:00,temp,21.6,22.24877588126893,2,1,2,149.42345327248836
Purnia,2023-10-25 02:15:00,temp,22.1,21.4666120385745,2,1,2,149.42345327248836
Purnia,2023-10-26 02:00:00,temp,22.1,22.508823690834653,2,1,2,149.42345327248836
Purnia,2023-10-27 02:15:00,temp,21.0,21.88320994422204,2,1,2,149.42345327248836
Purnia,2023-10-28 02:00:00,temp,20.9,21.542021236932193,2,1,2,149.42345327248836
Purnia,2023-10-29 02:30:00,temp,21.6,20.789439489661774,2,1,2,149.42345327248836
Purnia,2023-10-30 01:45:00,temp,21.7,21.966834672157685,2,1,2,149.42345327248836
Puruliya,2023-10-15 02:30:00,temp,21.5,23.45088564471487,0,1,1,132.13181031327542
Puruliya,2023-10-16 02:30:00,temp,22.1,22.02511677158485,0,1,1,132.13181031327542
Puruliya,2023-10-17 02:30:00,temp,23.1,22.081284217521898,0,1,1,132.13181031327542
Puruliya,2023-10-18 02:30:00,temp,22.6,22.81336669318723,0,1,1,132.13181031327542
Puruliya,2023-10-19 02:15:00,temp,22.2,22.660199785391,0,1,1,132.13181031327542
Puruliya,2023-10-20 02:30:00,temp,21.5,22.332217994666834,0,1,1,132.13181031327542
Puruliya,2023-10-21 02:15:00,temp,20.3,21.731490739682748,0,1,1,132.13181031327542
Puruliya,2023-10-22 02:15:00,temp,19.8,20.652356297720676,0,1,1,132.13181031327542
Puruliya,2023-10-23 02:15:00,temp,20.1,19.981094198388522,0,1,1,132.13181031327542
Puruliya,2023-10-24 02:15:00,temp,21.1,20.073779166747936,0,1,1,132.13181031327542
Puruliya,2023-10-25 02:15:00,temp,21.9,20.86432878555206,0,1,1,132.13181031327542
Puruliya,2023-10-26 02:00:00,temp,23.4,21.688102060311856,0,1,1,132.13181031327542
Puruliya,2023-10-27 02:15:00,temp,20.7,23.117750780583986,0,1,1,132.13181031327542
Puruliya,2023-10-28 02:00:00,temp,18.0,21.277411988010186,0,1,1,132.13181031327542
Puruliya,2023-10-29 02:45:00,temp,20.1,18.367190167603532,0,1,1,132.13181031327542
Puruliya,2023-10-30 02:00:00,temp,20.3,19.783863703093143,0,1,1,132.13181031327542
Rae Bareli,2023-10-15 02:30:00,temp,24.8,23.988764300258506,2,1,1,127.03242076456071
Rae Bareli,2023-10-16 02:30:00,temp,24.1,25.62118705805102,2,1,1,127.03242076456071
Rae Bareli,2023-10-17 02:30:00,temp,21.0,24.027297317459496,2,1,1,127.03242076456071
Rae Bareli,2023-10-18 02:30:00,temp,22.2,20.52011287060068,2,1,1,127.03242076456071
Rae Bareli,2023-10-19 02:30:00,temp,21.3,23.394543497831986,2,1,1,127.03242076456071
Rae Bareli,2023-10-20 02:30:00,temp,21.0,21.641415857753508,2,1,1,127.03242076456071
Rae Bareli,2023-10-21 02:15:00,temp,20.2,21.483468384139847,2,1,1,127.03242076456071
Rae Bareli,2023-10-22 02:30:00,temp,20.0,20.51318147228795,2,1,1,127.03242076456071
Rae Bareli,2023-10-23 02:15:00,temp,20.9,20.41864141751422,2,1,1,127.03242076456071
Rae Bareli,2023-10-24 02:15:00,temp,21.2,21.412792968084574,2,1,1,127.03242076456071
Rae Bareli,2023-10-25 02:30:00,temp,21.6,21.360364049784327,2,1,1,127.03242076456071
Rae Bareli,2023-10-26 02:00:00,temp,22.2,21.691823467979503,2,1,1,127.03242076456071
Rae Bareli,2023-10-27 02:30:00,temp,20.9,22.238914533427558,2,1,1,127.03242076456071
Rae Bareli,2023-10-28 02:00:00,temp,21.1,20.59522743858588,2,1,1,127.03242076456071
Rae Bareli,2023-10-29 02:45:00,temp,21.7,21.261312047517766,2,1,1,127.03242076456071
Rae Bareli,2023-10-30 02:00:00,temp,21.5,21.82640860509122,2,1,1,127.03242076456071
Raichur,2023-10-15 02:30:00,temp,25.4,24.48484696049176,2,0,1,150.03248584548666
Raichur,2023-10-16 02:30:00,temp,25.3,24.363734841040646,2,0,1,150.03248584548666
Raichur,2023-10-17 02:30:00,temp,26.3,24.339010547473208,2,0,1,150.03248584548666
Raichur,2023-10-18 02:30:00,temp,24.7,24.85640952259427,2,0,1,150.03248584548666
Raichur,2023-10-19 02:15:00,temp,23.8,24.042681882513712,2,0,1,150.03248584548666
Raichur,2023-10-20 02:30:00,temp,23.8,23.74491398889817,2,0,1,150.03248584548666
Raichur,2023-10-21 02:15:00,temp,24.2,23.95677057766418,2,0,1,150.03248584548666
Raichur,2023-10-22 02:15:00,temp,24.1,24.312467032118576,2,0,1,150.03248584548666
Raichur,2023-10-23 02:15:00,temp,22.5,24.38917690761713,2,0,1,150.03248584548666
Raichur,2023-10-24 02:15:00,temp,21.5,23.86413902909542,2,0,1,150.03248584548666
Raichur,2023-10-25 02:15:00,temp,21.3,23.655591592597812,2,0,1,150.03248584548666
Raichur,2023-10-26 02:00:00,temp,21.5,23.71976817935238,2,0,1,150.03248584548666
Raichur,2023-10-27 02:15:00,temp,20.6,23.795896608301536,2,0,1,150.03248584548666
Raichur,2023-10-28 02:00:00,temp,21.3,22.642213658400195,2,0,1,150.03248584548666
Raichur,2023-10-29 02:45:00,temp,26.0,22.417411867692305,2,0,1,150.03248584548666
Raichur,2023-10-30 02:00:00,temp,24.7,27.001853992529046,2,0,1,150.03248584548666
Raigarh,2023-10-15 02:30:00,temp,21.8,23.294253621289545,1,1,1,120.98553696807572
Raigarh,2023-10-16 02:30:00,temp,21.8,22.441628052518357,1,1,1,120.98553696807572
Raigarh,2023-10-17 02:30:00,temp,22.8,22.338898181209082,1,1,1,120.98553696807572
Raigarh,2023-10-18 02:30:00,temp,21.3,22.867420126196482,1,1,1,120.98553696807572
Raigarh,2023-10-19 02:15:00,temp,21.4,21.97550371088721,1,1,1,120.98553696807572
Raigarh,2023-10-20 02:30:00,temp,21.4,21.912554729565052,1,1,1,120.98553696807572
Raigarh,2023-10-21 02:15:00,temp,19.9,21.817517503439504,1,1,1,120.98553696807572
Raigarh,2023-10-22 02:15:00,temp,19.1,20.710151416517554,1,1,1,120.98553696807572
Raigarh,2023-10-23 02:15:00,temp,18.4,19.815317998889256,1,1,1,120.98553696807572
Raigarh,2023-10-24 02:15:00,temp,19.1,18.867044571780276,1,1,1,120.98553696807572
Raigarh,2023-10-25 02:15:00,temp,19.5,19.231185849493766,1,1,1,120.98553696807572
Raigarh,2023-10-26 02:00:00,temp,18.5,19.52332704237005,1,1,1,120.98553696807572
Raigarh,2023-10-27 02:15:00,temp,18.3,18.739362375938224,1,1,1,120.98553696807572
Raigarh,2023-10-28 02:00:00,temp,18.5,18.483952436777308,1,1,1,120.98553696807572
Raigarh,2023-10-29 02:30:00,temp,18.6,18.548341163714525,1,1,1,120.98553696807572
Raigarh,2023-10-30 01:45:00,temp,19.3,18.600265883433778,1,1,1,120.98553696807572
Raipur,2023-10-15 02:30:00,temp,22.8,24.301531051469418,0,1,1,105.32087555571995
Raipur,2023-10-16 02:30:00,temp,23.6,22.511523434521038,0,1,1,105.32087555571995
Raipur,2023-10-17 02:30:00,temp,22.4,23.736421925106658,0,1,1,105.32087555571995
Raipur,2023-10-18 02:30:00,temp,22.5,22.28615429063843,0,1,1,105.32087555571995
Raipur,2023-10-19 02:15:00,temp,22.1,22.516293963971247,0,1,1,105.32087555571995
Raipur,2023-10-20 02:30:00,temp,22.2,22.0680639417244,0,1,1,105.32087555571995
Raipur,2023-10-21 02:15:00,temp,20.3,22.209890898085753,0,1,1,105.32087555571995
Raipur,2023-10-22 02:15:00,temp,19.4,20.17211974271142,0,1,1,105.32087555571995
Raipur,2023-10-23 02:15:00,temp,18.7,19.328085250728165,0,1,1,105.32087555571995
Raipur,2023-10-24 02:15:00,temp,18.3,18.63193469614128,0,1,1,105.32087555571995
Raipur,2023-10-25 02:15:00,temp,19.1,18.262748578305512,0,1,1,105.32087555571995
Raipur,2023-10-26 02:00:00,temp,18.9,19.19046502288252,0,1,1,105.32087555571995
Raipur,2023-10-27 02:15:00,temp,18.8,18.870593434932655,0,1,1,105.32087555571995
Raipur,2023-10-28 02:00:00,temp,18.8,18.79271894665062,0,1,1,105.32087555571995
Raipur,2023-10-29 02:30:00,temp,18.7,18.800753552996934,0,1,1,105.32087555571995
Raipur,2023-10-30 01:45:00,temp,19.3,18.689573358980848,0,1,1,105.32087555571995
Raisen,2023-10-15 02:30:00,temp,25.0,23.68222972001172,1,1,1,134.21526417009343
Raisen,2023-10-16 02:30:00,temp,23.9,24.532834949324993,1,1,1,134.21526417009343
Raisen,2023-10-17 02:15:00,temp,20.5,23.746002313267674,1,1,1,134.21526417009343
Raisen,2023-10-18 02:15:00,temp,23.0,21.33439352828911,1,1,1,134.21526417009343
Raisen,2023-10-19 02:15:00,temp,22.2,22.988014109599746,1,1,1,134.21526417009343
Raisen,2023-10-20 02:15:00,temp,21.4,22.46784942907269,1,1,1,134.21526417009343
Raisen,2023-10-21 02:00:00,temp,20.8,21.92384920601626,1,1,1,134.21526417009343
Raisen,2023-10-22 02:15:00,temp,21.5,21.461178276069422,1,1,1,134.21526417009343
Raisen,2023-10-23 02:00:00,temp,20.4,21.865835386940727,1,1,1,134.21526417009343
Raisen,2023-10-24 02:15:00,temp,19.9,21.06863924016031,1,1,1,134.21526417009343
Raisen,2023-10-25 02:15:00,temp,19.6,20.60615794207464,1,1,1,134.21526417009343
Raisen,2023-10-26 02:00:00,temp,20.1,20.261726225631566,1,1,1,134.21526417009343
Raisen,2023-10-27 02:15:00,temp,19.6,20.535130979670942,1,1,1,134.21526417009343
Raisen,2023-10-28 02:00:00,temp,18.9,20.078362236846598,1,1,1,134.21526417009343
Raisen,2023-10-29 02:30:00,temp,19.2,19.43206623436574,1,1,1,134.21526417009343
Raisen,2023-10-30 01:45:00,temp,20.0,19.555041355770168,1,1,1,134.21526417009343
Rajgarh,2023-10-15 02:30:00,temp,27.1,26.914819248667108,2,0,1,135.1402159635569
Rajgarh,2023-10-16 02:30:00,temp,26.3,26.710352407432843,2,0,1,135.1402159635569
Rajgarh,2023-10-17 02:15:00,temp,21.3,26.219658978482798,2,0,1,135.1402159635569
Rajgarh,2023-10-18 02:15:00,temp,22.8,24.057972606061746,2,0,1,135.1402159635569
Rajgarh,2023-10-19 02:15:00,temp,23.0,25.2990676213115,2,0,1,135.1402159635569
Rajgarh,2023-10-20 02:15:00,temp,23.0,25.34511315384148,2,0,1,135.1402159635569
Rajgarh,2023-10-21 02:00:00,temp,23.4,24.9330899278479,2,0,1,135.1402159635569
Rajgarh,2023-10-22 02:15:00,temp,23.2,24.858577007107083,2,0,1,135.1402159635569
Rajgarh,2023-10-23 02:00:00,temp,23.4,24.15489166690885,2,0,1,135.1402159635569
Rajgarh,2023-10-24 02:15:00,temp,22.4,24.23095856738898,2,0,1,135.1402159635569
Rajgarh,2023-10-25 02:15:00,temp,22.4,23.434771626559545,2,0,1,135.1402159635569
Rajgarh,2023-10-26 02:00:00,temp,22.9,23.31505374915614,2,0,1,135.1402159635569
Rajgarh,2023-10-27 02:15:00,temp,22.2,23.628420732951785,2,0,1,135.1402159635569
Rajgarh,2023-10-28 02:00:00,temp,22.2,22.86165141552588,2,0,1,135.1402159635569
Rajgarh,2023-10-29 02:30:00,temp,23.6,22.768874217970176,2,0,1,135.1402159635569
Rajgarh,2023-10-30 01:45:00,temp,24.2,23.785232871694,2,0,1,135.1402159635569
Rajkot,2023-10-15 02:30:00,temp,26.7,26.967975447686314,1,0,0,127.02826745018794
Rajkot,2023-10-16 02:30:00,temp,26.0,26.145730059292255,1,0,0,127.02826745018794
Rajkot,2023-10-17 02:15:00,temp,25.4,25.841130165596407,1,0,0,127.02826745018794
Rajkot,2023-10-18 02:15:00,temp,25.8,25.576707171116947,1,0,0,127.02826745018794
Rajkot,2023-10-19 02:15:00,temp,26.9,25.750948862691132,1,0,0,127.02826745018794
Rajkot,2023-10-20 02:30:00,temp,27.1,26.241034423134362,1,0,0,127.02826745018794
Rajkot,2023-10-21 02:15:00,temp,27.9,26.3708486021219,1,0,0,127.02826745018794
Rajkot,2023-10-22 02:15:00,temp,27.9,26.834181474334493,1,0,0,127.02826745018794
Rajkot,2023-10-23 02:00:00,temp,28.0,26.934062837153768,1,0,0,127.02826745018794
Rajkot,2023-10-24 02:15:00,temp,27.5,27.08038282355182,1,0,0,127.02826745018794
Rajkot,2023-10-25 02:15:00,temp,27.2,26.83071420670838,1,0,0,127.02826745018794
Rajkot,2023-10-26 02:00:00,temp,27.4,26.676809286314153,1,0,0,127.02826745018794
Rajkot,2023-10-27 02:15:00,temp,26.4,26.82323216498564,1,0,0,127.02826745018794
Rajkot,2023-10-28 02:00:00,temp,26.3,26.221205523526795,1,0,0,127.02826745018794
Rajkot,2023-10-29 02:30:00,temp,26.0,26.164317852086533,1,0,0,127.02826745018794
Rajkot,2023-10-30 01:45:00,temp,27.4,25.98646610646204,1,0,0,127.02826745018794
Rajsamand,2023-10-15 02:30:00,temp,23.0,23.411298417249014,1,0,0,105.61832113289012
Rajsamand,2023-10-16 02:30:00,temp,22.9,23.03339743680363,1,0,0,105.61832113289012
Rajsamand,2023-10-17 02:30:00,temp,22.2,22.969331694536063,1,0,0,105.61832113289012
Rajsamand,2023-10-18 02:30:00,temp,21.4,22.52110611790458,1,0,0,105.61832113289012
Rajsamand,2023-10-19 02:30:00,temp,21.7,21.964243505968593,1,0,0,105.61832113289012
Rajsamand,2023-10-20 02:30:00,temp,21.9,22.137873127937098,1,0,0,105.61832113289012
Rajsamand,2023-10-21 02:15:00,temp,22.6,22.255775106436946,1,0,0,105.61832113289012
Rajsamand,2023-10-22 02:30:00,temp,23.8,22.726740770796933,1,0,0,105.61832113289012
Rajsamand,2023-10-23 02:15:00,temp,23.1,23.51952894286832,1,0,0,105.61832113289012
Rajsamand,2023-10-24 02:15:00,temp,21.3,23.062740565483555,1,0,0,105.61832113289012
Rajsamand,2023-10-25 02:30:00,temp,21.4,21.896110405660085,1,0,0,105.61832113289012
Rajsamand,2023-10-26 02:00:00,temp,21.3,21.924420048236286,1,0,0,105.61832113289012
Rajsamand,2023-10-27 02:15:00,temp,21.1,21.818977565498503,1,0,0,105.61832113289012
Rajsamand,2023-10-28 02:00:00,temp,21.7,21.636208259064706,1,0,0,105.61832113289012
Rajsamand,2023-10-29 02:45:00,temp,21.8,22.05135693486507,1,0,0,105.61832113289012
Rajsamand,2023-10-30 02:00:00,temp,21.3,22.110561649918086,1,0,0,105.61832113289012
Ramanathapuram,2023-10-15 02:30:00,temp,27.2,27.485081237980832,1,0,1,87.57831733650698
Ramanathapuram,2023-10-16 02:30:00,temp,27.6,27.389725243530528,1,0,1,87.57831733650698
Ramanathapuram,2023-10-17 02:30:00,temp,26.3,27.735672155065227,1,0,1,87.57831733650698
Ramanathapuram,2023-10-18 02:30:00,temp,27.2,26.594275844942867,1,0,1,87.57831733650698
Ramanathapuram,2023-10-19 02:30:00,temp,27.2,28.170095360303037,1,0,1,87.57831733650698
Ramanathapuram,2023-10-20 02:30:00,temp,26.6,27.245646133224394,1,0,1,87.57831733650698
Ramanathapuram,2023-10-21 02:15:00,temp,27.2,27.76399827214266,1,0,1,87.57831733650698
Ramanathapuram,2023-10-22 02:30:00,temp,27.4,27.466139877569244,1,0,1,87.57831733650698
Ramanathapuram,2023-10-23 02:15:00,temp,27.3,27.462357600054936,1,0,1,87.57831733650698
Ramanathapuram,2023-10-24 02:15:00,temp,27.3,27.41017822243383,1,0,1,87.57831733650698
Ramanathapuram,2023-10-25 02:30:00,temp,27.1,27.43909976592198,1,0,1,87.57831733650698
Ramanathapuram,2023-10-26 02:00:00,temp,27.3,27.309652249584868,1,0,1,87.57831733650698
Ramanathapuram,2023-10-27 02:15:00,temp,27.3,27.493235539754725,1,0,1,87.57831733650698
Ramanathapuram,2023-10-28 02:00:00,temp,27.3,27.365609410793557,1,0,1,87.57831733650698
Ramanathapuram,2023-10-29 02:45:00,temp,27.1,27.44780367985156,1,0,1,87.57831733650698
Ramanathapuram,2023-10-30 02:00:00,temp,26.8,27.283805648619822,1,0,1,87.57831733650698
Ramban,2023-10-15 02:30:00,temp,14.7,15.2,0,1,0,116.18995714587801
Ramban,2023-10-16 02:30:00,temp,13.9,14.7,0,1,0,116.18995714587801
Ramban,2023-10-17 02:15:00,temp,12.9,13.9,0,1,0,116.18995714587801
Ramban,2023-10-18 02:15:00,temp,10.0,12.9,0,1,0,116.18995714587801
Ramban,2023-10-19 02:15:00,temp,11.4,10.0,0,1,0,116.18995714587801
Ramban,2023-10-20 02:15:00,temp,11.9,11.4,0,1,0,116.18995714587801
Ramban,2023-10-21 02:15:00,temp,12.6,11.9,0,1,0,116.18995714587801
Ramban,2023-10-22 02:15:00,temp,12.9,12.6,0,1,0,116.18995714587801
Ramban,2023-10-23 02:00:00,temp,10.4,12.900000000000002,0,1,0,116.18995714587801
Ramban,2023-10-24 02:15:00,temp,12.1,10.399999999999999,0,1,0,116.18995714587801
Ramban,2023-10-25 02:15:00,temp,11.8,12.1,0,1,0,116.18995714587801
Ramban,2023-10-26 02:00:00,temp,12.2,11.8,0,1,0,116.18995714587801
Ramban,2023-10-27 02:15:00,temp,12.3,12.2,0,1,0,116.18995714587801
Ramban,2023-10-28 02:00:00,temp,13.0,12.3,0,1,0,116.18995714587801
Ramban,2023-10-29 02:30:00,temp,13.0,13.0,0,1,0,116.18995714587801
Ramban,2023-10-30 01:45:00,temp,13.1,13.0,0,1,0,116.18995714587801
Ramgarh,2023-10-15 02:30:00,temp,20.0,21.383720117283374,0,1,2,107.72610835122505
Ramgarh,2023-10-16 02:30:00,temp,19.0,20.458827445279532,0,1,2,107.72610835122505
Ramgarh,2023-10-17 02:15:00,temp,20.7,19.45514709337183,0,1,2,107.72610835122505
Ramgarh,2023-10-18 02:30:00,temp,20.0,20.767467716307348,0,1,2,107.72610835122505
Ramgarh,2023-10-19 02:15:00,temp,20.0,19.979464496329925,0,1,2,107.72610835122505
Ramgarh,2023-10-20 02:30:00,temp,20.0,20.114027734781967,0,1,2,107.72610835122505
Ramgarh,2023-10-21 02:15:00,temp,17.0,20.02597811862184,0,1,2,107.72610835122505
Ramgarh,2023-10-22 02:15:00,temp,16.0,17.733356277629753,0,1,2,107.72610835122505
Ramgarh,2023-10-23 02:00:00,temp,18.0,16.731852951048765,0,1,2,107.72610835122505
Ramgarh,2023-10-24 02:15:00,temp,20.0,18.234366795385125,0,1,2,107.72610835122505
Ramgarh,2023-10-25 02:15:00,temp,18.8,19.500880412630988,0,1,2,107.72610835122505
Ramgarh,2023-10-26 02:00:00,temp,21.0,18.394935983105235,0,1,2,107.72610835122505
Ramgarh,2023-10-27 02:15:00,temp,18.0,20.68438405161693,0,1,2,107.72610835122505
Ramgarh,2023-10-28 02:00:00,temp,18.0,18.249092123800285,0,1,2,107.72610835122505
Ramgarh,2023-10-29 02:30:00,temp,17.8,18.55849049311557,0,1,2,107.72610835122505
Ramgarh,2023-10-30 01:45:00,temp,17.0,18.074568766090415,0,1,2,107.72610835122505
Rampur,2023-10-15 02:30:00,temp,21.8,22.03435496070533,2,1,2,147.29964791367695
Rampur,2023-10-16 02:30:00,temp,22.0,22.567196041549735,2,1,2,147.29964791367695
Rampur,2023-10-17 02:30:00,temp,18.9,22.226090636189994,2,1,2,147.29964791367695
Rampur,2023-10-18 02:30:00,temp,19.1,19.48870691900808,2,1,2,147.29964791367695
Rampur,2023-10-19 02:30:00,temp,18.3,20.422916569695023,2,1,2,147.29964791367695
Rampur,2023-10-20 02:30:00,temp,18.2,18.532300944528195,2,1,2,147.29964791367695
Rampur,2023-10-21 02:15:00,temp,18.8,19.253100555676426,2,1,2,147.29964791367695
Rampur,2023-10-22 02:30:00,temp,18.5,18.73846282100672,2,1,2,147.29964791367695
Rampur,2023-10-23 02:15:00,temp,19.4,19.116213293092844,2,1,2,147.29964791367695
Rampur,2023-10-24 02:15:00,temp,19.0,19.216443854251523,2,1,2,147.29964791367695
Rampur,2023-10-25 02:30:00,temp,19.4,19.293183920186046,2,1,2,147.29964791367695
Rampur,2023-10-26 02:00:00,temp,19.8,19.262917115131305,2,1,2,147.29964791367695
Rampur,2023-10-27 02:30:00,temp,19.3,19.86274919289237,2,1,2,147.29964791367695
Rampur,2023-10-28 02:00:00,temp,19.0,19.158258184923863,2,1,2,147.29964791367695
Rampur,2023-10-29 02:45:00,temp,18.9,19.25361545206683,2,1,2,147.29964791367695
Rampur,2023-10-30 02:00:00,temp,19.2,18.864820135133638,2,1,2,147.29964791367695
Ranchi,2023-10-15 02:30:00,temp,20.0,21.37401563070246,0,1,2,105.58010236811124
Ranchi,2023-10-16 02:30:00,temp,19.0,20.475092261369255,0,1,2,105.58010236811124
Ranchi,2023-10-17 02:15:00,temp,20.7,19.439302785090202,0,1,2,105.58010236811124
Ranchi,2023-10-18 02:30:00,temp,20.0,20.8219034326403,0,1,2,105.58010236811124
Ranchi,2023-10-19 02:15:00,temp,20.0,19.959626242445175,0,1,2,105.58010236811124
Ranchi,2023-10-20 02:30:00,temp,20.0,20.12709707947943,0,1,2,105.58010236811124
Ranchi,2023-10-21 02:15:00,temp,17.0,20.023243882719985,0,1,2,105.58010236811124
Ranchi,2023-10-22 02:15:00,temp,16.0,17.66752894661701,0,1,2,105.58010236811124
Ranchi,2023-10-23 02:00:00,temp,18.0,16.73971949278929,0,1,2,105.58010236811124
Ranchi,2023-10-24 02:15:00,temp,20.0,18.265339595713517,0,1,2,105.58010236811124
Ranchi,2023-10-25 02:15:00,temp,18.7,19.524696648810256,0,1,2,105.58010236811124
Ranchi,2023-10-26 02:00:00,temp,21.0,18.283937974699306,0,1,2,105.58010236811124
Ranchi,2023-10-27 02:15:00,temp,18.0,20.72305863825752,0,1,2,105.58010236811124
Ranchi,2023-10-28 02:00:00,temp,18.0,18.242198659076223,0,1,2,105.58010236811124
Ranchi,2023-10-29 02:30:00,temp,17.7,18.550887037604177,0,1,2,105.58010236811124
Ranchi,2023-10-30 01:45:00,temp,17.0,18.002275512612194,0,1,2,105.58010236811124
Ranipet,2023-10-15 02:30:00,temp,23.8,23.347564192104205,0,1,1,148.58453439020593
Ranipet,2023-10-16 02:30:00,temp,24.1,23.546598865200167,0,1,1,148.58453439020593
Ranipet,2023-10-17 02:30:00,temp,23.6,23.757188844466945,0,1,1,148.58453439020593
Ranipet,2023-10-18 02:30:00,temp,23.0,23.700266696525873,0,1,1,148.58453439020593
Ranipet,2023-10-19 02:30:00,temp,22.5,23.44389701346016,0,1,1,148.58453439020593
Ranipet,2023-10-20 02:30:00,temp,22.6,23.08409758936642,0,1,1,148.58453439020593
Ranipet,2023-10-21 02:30:00,temp,22.9,22.891636678102802,0,1,1,148.58453439020593
Ranipet,2023-10-22 02:30:00,temp,23.3,22.895204860605475,0,1,1,148.58453439020593
Ranipet,2023-10-23 02:15:00,temp,23.4,23.050436839206547,0,1,1,148.58453439020593
Ranipet,2023-10-24 02:15:00,temp,22.4,23.182368965936043,0,1,1,148.58453439020593
Ranipet,2023-10-25 02:30:00,temp,22.8,22.888707062494145,0,1,1,148.58453439020593
Ranipet,2023-10-26 02:00:00,temp,22.6,22.855292487234333,0,1,1,148.58453439020593
Ranipet,2023-10-27 02:30:00,temp,22.7,22.758914107551973,0,1,1,148.58453439020593
Ranipet,2023-10-28 02:00:00,temp,22.9,22.73670389347833,0,1,1,148.58453439020593
Ranipet,2023-10-29 02:45:00,temp,23.2,22.798248684925106,0,1,1,148.58453439020593
Ranipet,2023-10-30 02:00:00,temp,23.1,22.948884439835176,0,1,1,148.58453439020593
Ratlam,2023-10-15 02:30:00,temp,24.7,23.8141083885035,0,0,2,101.93556111122736
Ratlam,2023-10-16 02:30:00,temp,23.3,23.998990029636925,0,0,2,101.93556111122736
Ratlam,2023-10-17 02:15:00,temp,23.2,22.80896462275633,0,0,2,101.93556111122736
Ratlam,2023-10-18 02:15:00,temp,21.9,22.628728447007042,0,0,2,101.93556111122736
Ratlam,2023-10-19 02:15:00,temp,22.9,22.525381494717752,0,0,2,101.93556111122736
Ratlam,2023-10-20 02:15:00,temp,22.6,22.56676678561961,0,0,2,101.93556111122736
Ratlam,2023-10-21 02:00:00,temp,23.4,22.98541533638758,0,0,2,101.93556111122736
Ratlam,2023-10-22 02:15:00,temp,23.0,23.045225101286807,0,0,2,101.93556111122736
Ratlam,2023-10-23 02:00:00,temp,22.7,22.986100834936853,0,0,2,101.93556111122736
Ratlam,2023-10-24 02:15:00,temp,22.9,22.553115010163644,0,0,2,101.93556111122736
Ratlam,2023-10-25 02:15:00,temp,21.4,22.812609038080804,0,0,2,101.93556111122736
Ratlam,2023-10-26 02:00:00,temp,21.1,22.08904850531347,0,0,2,101.93556111122736
Ratlam,2023-10-27 02:15:00,temp,21.0,21.255754248442518,0,0,2,101.93556111122736
Ratlam,2023-10-28 02:00:00,temp,20.4,21.96751324262071,0,0,2,101.93556111122736
Ratlam,2023-10-29 02:30:00,temp,21.3,21.533493711733712,0,0,2,101.93556111122736
Ratlam,2023-10-30 01:45:00,temp,21.6,21.55692577966193,0,0,2,101.93556111122736
Ratnagiri,2023-10-15 02:30:00,temp,26.0,25.35581645341182,0,1,1,56.93066648058854
Ratnagiri,2023-10-16 02:30:00,temp,25.3,25.595150090919585,0,1,1,56.93066648058854
Ratnagiri,2023-10-17 02:30:00,temp,26.4,25.4830949053324,0,1,1,56.93066648058854
Ratnagiri,2023-10-18 02:30:00,temp,25.7,25.796211224214623,0,1,1,56.93066648058854
Ratnagiri,2023-10-19 02:30:00,temp,25.6,25.758859696669905,0,1,1,56.93066648058854
Ratnagiri,2023-10-20 02:30:00,temp,26.2,25.705354836415694,0,1,1,56.93066648058854
Ratnagiri,2023-10-21 02:15:00,temp,26.9,25.866593253579428,0,1,1,56.93066648058854
Ratnagiri,2023-10-22 02:30:00,temp,26.3,26.257507902380006,0,1,1,56.93066648058854
Ratnagiri,2023-10-23 02:15:00,temp,25.2,26.27568497866153,0,1,1,56.93066648058854
Ratnagiri,2023-10-24 02:15:00,temp,24.5,25.90290470778121,0,1,1,56.93066648058854
Ratnagiri,2023-10-25 02:15:00,temp,24.3,25.425332275234148,0,1,1,56.93066648058854
Ratnagiri,2023-10-26 02:00:00,temp,24.5,24.63182346524872,0,1,1,56.93066648058854
Ratnagiri,2023-10-27 02:15:00,temp,23.7,24.54624080746793,0,1,1,56.93066648058854
Ratnagiri,2023-10-28 02:00:00,temp,23.8,24.02008841345169,0,1,1,56.93066648058854
Ratnagiri,2023-10-29 02:45:00,temp,23.9,23.877616125669874,0,1,1,56.93066648058854
Ratnagiri,2023-10-30 02:00:00,temp,24.3,23.891757151082494,0,1,1,56.93066648058854
Rayagada,2023-10-15 02:30:00,temp,17.9,19.126324058285423,1,1,1,158.53858216014652
Rayagada,2023-10-16 02:30:00,temp,17.2,18.40127711770146,1,1,1,158.53858216014652
Rayagada,2023-10-17 02:30:00,temp,21.0,17.846812069064235,1,1,1,158.53858216014652
Rayagada,2023-10-18 02:30:00,temp,18.5,21.107603318343855,1,1,1,158.53858216014652
Rayagada,2023-10-19 02:30:00,temp,17.6,18.774240067438814,1,1,1,158.53858216014652
Rayagada,2023-10-20 02:30:00,temp,17.1,18.241277065589816,1,1,1,158.53858216014652
Rayagada,2023-10-21 02:15:00,temp,16.8,17.79830180057008,1,1,1,158.53858216014652
Rayagada,2023-10-22 02:30:00,temp,16.0,17.436906155584815,1,1,1,158.53858216014652
Rayagada,2023-10-23 02:15:00,temp,15.5,16.79465562387607,1,1,1,158.53858216014652
Rayagada,2023-10-24 02:15:00,temp,15.3,16.244322979003496,1,1,1,158.53858216014652
Rayagada,2023-10-25 02:15:00,temp,17.0,15.87417977537377,1,1,1,158.53858216014652
Rayagada,2023-10-26 02:00:00,temp,16.3,16.722158420737916,1,1,1,158.53858216014652
Rayagada,2023-10-27 02:15:00,temp,15.8,16.39164248648736,1,1,1,158.53858216014652
Rayagada,2023-10-28 02:00:00,temp,15.3,16.075561219741754,1,1,1,158.53858216014652
Rayagada,2023-10-29 02:45:00,temp,15.2,15.701854074297694,1,1,1,158.53858216014652
Rayagada,2023-10-30 02:00:00,temp,14.5,15.518454659214525,1,1,1,158.53858216014652
Rewa,2023-10-15 02:30:00,temp,23.4,23.0,0,1,0,128.29321114421003
Rewa,2023-10-16 02:30:00,temp,23.9,23.4,0,1,0,128.29321114421003
Rewa,2023-10-17 02:15:00,temp,21.4,23.9,0,1,0,128.29321114421003
Rewa,2023-10-18 02:15:00,temp,22.0,21.4,0,1,0,128.29321114421003
Rewa,2023-10-19 02:15:00,temp,21.9,22.0,0,1,0,128.29321114421003
Rewa,2023-10-20 02:15:00,temp,20.9,21.9,0,1,0,128.29321114421003
Rewa,2023-10-21 02:00:00,temp,20.9,20.9,0,1,0,128.29321114421003
Rewa,2023-10-22 02:15:00,temp,19.7,20.9,0,1,0,128.29321114421003
Rewa,2023-10-23 02:00:00,temp,19.0,19.7,0,1,0,128.29321114421003
Rewa,2023-10-24 02:15:00,temp,19.0,19.0,0,1,0,128.29321114421003
Rewa,2023-10-25 02:15:00,temp,19.9,19.0,0,1,0,128.29321114421003
Rewa,2023-10-26 02:00:00,temp,19.6,19.9,0,1,0,128.29321114421003
Rewa,2023-10-27 02:15:00,temp,19.3,19.6,0,1,0,128.29321114421003
Rewa,2023-10-28 02:00:00,temp,19.2,19.3,0,1,0,128.29321114421003
Rewa,2023-10-29 02:30:00,temp,19.4,19.2,0,1,0,128.29321114421003
Rewa,2023-10-30 01:45:00,temp,20.0,19.4,0,1,0,128.29321114421003
Rewari,2023-10-15 02:30:00,temp,26.7,27.19122655953924,2,0,2,151.34773416191146
Rewari,2023-10-16 02:30:00,temp,27.1,27.45036227812539,2,0,2,151.34773416191146
Rewari,2023-10-17 02:15:00,temp,20.4,26.861821871209624,2,0,2,151.34773416191146
Rewari,2023-10-18 02:30:00,temp,23.2,22.906452183597008,2,0,2,151.34773416191146
Rewari,2023-10-19 02:15:00,temp,22.2,23.045299499245413,2,0,2,151.34773416191146
Rewari,2023-10-20 02:30:00,temp,22.8,25.36139743730876,2,0,2,151.34773416191146
Rewari,2023-10-21 02:15:00,temp,23.6,26.52582547554557,2,0,2,151.34773416191146
Rewari,2023-10-22 02:15:00,temp,23.3,25.1775729370131,2,0,2,151.34773416191146
Rewari,2023-10-23 02:15:00,temp,23.6,23.968818891067265,2,0,2,151.34773416191146
Rewari,2023-10-24 02:15:00,temp,22.8,24.677062290605615,2,0,2,151.34773416191146
Rewari,2023-10-25 02:15:00,temp,23.0,24.884946157615243,2,0,2,151.34773416191146
Rewari,2023-10-26 02:00:00,temp,22.9,24.23943150553976,2,0,2,151.34773416191146
Rewari,2023-10-27 02:15:00,temp,22.3,23.94779996112066,2,0,2,151.34773416191146
Rewari,2023-10-28 02:00:00,temp,22.9,23.704832827660304,2,0,2,151.34773416191146
Rewari,2023-10-29 02:30:00,temp,23.9,23.932039233928965,2,0,2,151.34773416191146
Rewari,2023-10-30 01:45:00,temp,24.4,24.90471872116211,2,0,2,151.34773416191146
Rohtak,2023-10-15 02:30:00,temp,25.6,26.00678111807387,0,0,2,167.90856941488943
Rohtak,2023-10-16 02:30:00,temp,26.1,26.297920916228048,0,0,2,167.90856941488943
Rohtak,2023-10-17 02:15:00,temp,19.2,26.535751686419232,0,0,2,167.90856941488943
Rohtak,2023-10-18 02:15:00,temp,22.8,21.413771832861602,0,0,2,167.90856941488943
Rohtak,2023-10-19 02:15:00,temp,21.3,24.516365145337954,0,0,2,167.90856941488943
Rohtak,2023-10-20 02:30:00,temp,21.6,25.38648431843804,0,0,2,167.90856941488943
Rohtak,2023-10-21 02:15:00,temp,23.1,23.199558665788135,0,0,2,167.90856941488943
Rohtak,2023-10-22 02:15:00,temp,22.4,25.001919256833574,0,0,2,167.90856941488943
Rohtak,2023-10-23 02:15:00,temp,22.9,24.86419269921798,0,0,2,167.90856941488943
Rohtak,2023-10-24 02:15:00,temp,21.9,24.11969733620395,0,0,2,167.90856941488943
Rohtak,2023-10-25 02:15:00,temp,22.9,24.034427967497923,0,0,2,167.90856941488943
Rohtak,2023-10-26 02:00:00,temp,21.7,24.47338451045916,0,0,2,167.90856941488943
Rohtak,2023-10-27 02:15:00,temp,21.6,23.768273714095667,0,0,2,167.90856941488943
Rohtak,2023-10-28 02:00:00,temp,22.7,23.355862841433314,0,0,2,167.90856941488943
Rohtak,2023-10-29 02:30:00,temp,23.6,24.5297128909486,0,0,2,167.90856941488943
Rohtak,2023-10-30 01:45:00,temp,24.0,24.93860588075863,0,0,2,167.90856941488943
Rudraprayag,2023-10-15 02:30:00,temp,12.5,12.7,0,1,0,130.38231578970138
Rudraprayag,2023-10-16 02:30:00,temp,11.3,12.5,0,1,0,130.38231578970138
Rudraprayag,2023-10-17 02:30:00,temp,10.1,11.3,0,1,0,130.38231578970138
Rudraprayag,2023-10-18 02:30:00,temp,9.0,10.1,0,1,0,130.38231578970138
Rudraprayag,2023-10-19 02:15:00,temp,9.5,9.0,0,1,0,130.38231578970138
Rudraprayag,2023-10-20 02:30:00,temp,9.7,9.5,0,1,0,130.38231578970138
Rudraprayag,2023-10-21 02:15:00,temp,9.7,9.7,0,1,0,130.38231578970138
Rudraprayag,2023-10-22 02:15:00,temp,10.2,9.7,0,1,0,130.38231578970138
Rudraprayag,2023-10-23 02:15:00,temp,10.0,10.2,0,1,0,130.38231578970138
Rudraprayag,2023-10-24 02:15:00,temp,9.8,10.0,0,1,0,130.38231578970138
Rudraprayag,2023-10-25 02:15:00,temp,9.8,9.8,0,1,0,130.38231578970138
Rudraprayag,2023-10-26 02:00:00,temp,9.9,9.8,0,1,0,130.38231578970138
Rudraprayag,2023-10-27 02:15:00,temp,10.1,9.9,0,1,0,130.38231578970138
Rudraprayag,2023-10-28 02:00:00,temp,10.2,10.1,0,1,0,130.38231578970138
Rudraprayag,2023-10-29 02:30:00,temp,10.5,10.2,0,1,0,130.38231578970138
Rudraprayag,2023-10-30 01:45:00,temp,10.4,10.5,0,1,0,130.38231578970138
Rupnagar,2023-10-15 02:30:00,temp,22.3,20.740290751561993,1,1,1,164.9372689559894
Rupnagar,2023-10-16 02:30:00,temp,21.6,21.960671105148595,1,1,1,164.9372689559894
Rupnagar,2023-10-17 02:30:00,temp,18.3,21.61248959754119,1,1,1,164.9372689559894
Rupnagar,2023-10-18 02:30:00,temp,17.2,19.7909474057035,1,1,1,164.9372689559894
Rupnagar,2023-10-19 02:15:00,temp,16.7,18.696080103527162,1,1,1,164.9372689559894
Rupnagar,2023-10-20 02:30:00,temp,17.2,17.924726073719185,1,1,1,164.9372689559894
Rupnagar,2023-10-21 02:15:00,temp,18.2,17.986579261902627,1,1,1,164.9372689559894
Rupnagar,2023-10-22 02:15:00,temp,18.9,18.544028599413966,1,1,1,164.9372689559894
Rupnagar,2023-10-23 02:15:00,temp,17.8,18.979247733106458,1,1,1,164.9372689559894
Rupnagar,2023-10-24 02:15:00,temp,17.5,18.177114835427844,1,1,1,164.9372689559894
Rupnagar,2023-10-25 02:15:00,temp,19.3,17.88453182731441,1,1,1,164.9372689559894
Rupnagar,2023-10-26 02:00:00,temp,18.6,19.05768510074358,1,1,1,164.9372689559894
Rupnagar,2023-10-27 02:15:00,temp,17.8,19.14916551774707,1,1,1,164.9372689559894
Rupnagar,2023-10-28 02:00:00,temp,18.5,18.07900013928122,1,1,1,164.9372689559894
Rupnagar,2023-10-29 02:45:00,temp,17.8,18.493950151724047,1,1,1,164.9372689559894
Rupnagar,2023-10-30 02:00:00,temp,18.1,18.028255740247157,1,1,1,164.9372689559894
Sagar,2023-10-15 02:30:00,temp,23.5,22.47924754010296,1,1,1,125.08757108034222
Sagar,2023-10-16 02:30:00,temp,24.5,23.295671972486893,1,1,1,125.08757108034222
Sagar,2023-10-17 02:15:00,temp,21.0,24.1391003080834,1,1,1,125.08757108034222
Sagar,2023-10-18 02:15:00,temp,21.2,21.53447475901915,1,1,1,125.08757108034222
Sagar,2023-10-19 02:15:00,temp,22.0,21.61503512942661,1,1,1,125.08757108034222
Sagar,2023-10-20 02:15:00,temp,20.3,22.13124222459749,1,1,1,125.08757108034222
Sagar,2023-10-21 02:00:00,temp,20.2,20.942630893942475,1,1,1,125.08757108034222
Sagar,2023-10-22 02:15:00,temp,20.0,20.77282045281233,1,1,1,125.08757108034222
Sagar,2023-10-23 02:00:00,temp,18.5,20.534727173076345,1,1,1,125.08757108034222
Sagar,2023-10-24 02:00:00,temp,18.6,19.240802518747966,1,1,1,125.08757108034222
Sagar,2023-10-25 02:15:00,temp,19.2,19.158594076165627,1,1,1,125.08757108034222
Sagar,2023-10-26 02:00:00,temp,19.1,19.554247180474352,1,1,1,125.08757108034222
Sagar,2023-10-27 02:15:00,temp,19.0,19.398061767117827,1,1,1,125.08757108034222
Sagar,2023-10-28 02:00:00,temp,18.4,19.248214593731273,1,1,1,125.08757108034222
Sagar,2023-10-29 02:30:00,temp,18.7,18.671940295739642,1,1,1,125.08757108034222
Sagar,2023-10-30 01:45:00,temp,19.3,18.852712558826678,1,1,1,125.08757108034222
Saharanpur,2023-10-15 02:30:00,temp,21.7,20.7,0,1,0,145.30300158711216
Saharanpur,2023-10-16 02:30:00,temp,21.6,21.7,0,1,0,145.30300158711216
Saharanpur,2023-10-17 02:30:00,temp,17.2,21.6,0,1,0,145.30300158711216
Saharanpur,2023-10-18 02:30:00,temp,18.8,17.2,0,1,0,145.30300158711216
Saharanpur,2023-10-19 02:30:00,temp,17.6,18.8,0,1,0,145.30300158711216
Saharanpur,2023-10-20 02:30:00,temp,18.2,17.6,0,1,0,145.30300158711216
Saharanpur,2023-10-21 02:15:00,temp,18.4,18.2,0,1,0,145.30300158711216
Saharanpur,2023-10-22 02:30:00,temp,18.7,18.4,0,1,0,145.30300158711216
Saharanpur,2023-10-23 02:15:00,temp,18.8,18.7,0,1,0,145.30300158711216
Saharanpur,2023-10-24 02:15:00,temp,18.5,18.8,0,1,0,145.30300158711216
Saharanpur,2023-10-25 02:30:00,temp,19.1,18.5,0,1,0,145.30300158711216
Saharanpur,2023-10-26 02:00:00,temp,19.4,19.1,0,1,0,145.30300158711216
Saharanpur,2023-10-27 02:30:00,temp,18.7,19.4,0,1,0,145.30300158711216
Saharanpur,2023-10-28 02:00:00,temp,19.2,18.7,0,1,0,145.30300158711216
Saharanpur,2023-10-29 02:45:00,temp,19.1,19.2,0,1,0,145.30300158711216
Saharanpur,2023-10-30 02:00:00,temp,18.9,19.1,0,1,0,145.30300158711216
Saharsa,2023-10-15 02:30:00,temp,22.9,22.93493222331515,1,1,1,159.75453830093898
Saharsa,2023-10-16 02:30:00,temp,24.1,23.467847816653123,1,1,1,159.75453830093898
Saharsa,2023-10-17 02:15:00,temp,23.2,23.51568813289314,1,1,1,159.75453830093898
Saharsa,2023-10-18 02:30:00,temp,23.5,23.791951296855398,1,1,1,159.75453830093898
Saharsa,2023-10-19 02:15:00,temp,21.6,22.913201810535007,1,1,1,159.75453830093898
Saharsa,2023-10-20 02:30:00,temp,21.8,22.215785604119375,1,1,1,159.75453830093898
Saharsa,2023-10-21 02:15:00,temp,21.1,21.19230934253729,1,1,1,159.75453830093898
Saharsa,2023-10-22 02:15:00,temp,20.9,21.71052231630778,1,1,1,159.75453830093898
Saharsa,2023-10-23 02:15:00,temp,21.5,20.305981186054225,1,1,1,159.75453830093898
Saharsa,2023-10-24 02:15:00,temp,21.5,22.06969012521358,1,1,1,159.75453830093898
Saharsa,2023-10-25 02:15:00,temp,22.4,20.940818744227908,1,1,1,159.75453830093898
Saharsa,2023-10-26 02:00:00,temp,21.9,22.930037461131793,1,1,1,159.75453830093898
Saharsa,2023-10-27 02:15:00,temp,21.1,21.390111825278744,1,1,1,159.75453830093898
Saharsa,2023-10-28 02:00:00,temp,21.0,21.61640853371592,1,1,1,159.75453830093898
Saharsa,2023-10-29 02:30:00,temp,21.9,20.49493617046664,1,1,1,159.75453830093898
Saharsa,2023-10-30 01:45:00,temp,21.6,22.377832075796174,1,1,1,159.75453830093898
Sahibganj,2023-10-15 02:30:00,temp,22.0,23.54329966901417,1,1,1,159.23917680240604
Sahibganj,2023-10-16 02:30:00,temp,25.4,22.676702137682536,1,1,1,159.23917680240604
Sahibganj,2023-10-17 02:15:00,temp,23.7,25.078885375182157,1,1,1,159.23917680240604
Sahibganj,2023-10-18 02:30:00,temp,24.0,23.933146775985364,1,1,1,159.23917680240604
Sahibganj,2023-10-19 02:15:00,temp,22.4,24.103147368434207,1,1,1,159.23917680240604
Sahibganj,2023-10-20 02:30:00,temp,22.1,23.150546707655465,1,1,1,159.23917680240604
Sahibganj,2023-10-21 02:15:00,temp,21.5,21.42208392921915,1,1,1,159.23917680240604
Sahibganj,2023-10-22 02:15:00,temp,21.4,22.17111216587774,1,1,1,159.23917680240604
Sahibganj,2023-10-23 02:00:00,temp,22.6,20.768684757105785,1,1,1,159.23917680240604
Sahibganj,2023-10-24 02:15:00,temp,21.7,23.17257008413462,1,1,1,159.23917680240604
Sahibganj,2023-10-25 02:15:00,temp,22.3,21.15714743648397,1,1,1,159.23917680240604
Sahibganj,2023-10-26 02:00:00,temp,21.5,22.593341698101177,1,1,1,159.23917680240604
Sahibganj,2023-10-27 02:15:00,temp,21.4,21.417822663632926,1,1,1,159.23917680240604
Sahibganj,2023-10-28 02:00:00,temp,21.4,21.48339824412907,1,1,1,159.23917680240604
Sahibganj,2023-10-29 02:30:00,temp,21.5,21.33189562708001,1,1,1,159.23917680240604
Sahibganj,2023-10-30 01:45:00,temp,21.4,21.542750873215496,1,1,1,159.23917680240604
Saiha,2023-10-15 02:30:00,temp,16.5,18.712368605300224,0,0,2,90.5165552600421
Saiha,2023-10-16 02:30:00,temp,17.0,17.68953098808441,0,0,2,90.5165552600421
Saiha,2023-10-17 02:15:00,temp,17.1,18.158478072088904,0,0,2,90.5165552600421
Saiha,2023-10-18 02:30:00,temp,16.6,19.07192812268447,0,0,2,90.5165552600421
Saiha,2023-10-19 02:15:00,temp,16.7,17.67476669889068,0,0,2,90.5165552600421
Saiha,2023-10-20 02:30:00,temp,16.5,17.311033262792144,0,0,2,90.5165552600421
Saiha,2023-10-21 02:15:00,temp,17.2,18.61989765345903,0,0,2,90.5165552600421
Saiha,2023-10-22 02:15:00,temp,17.8,18.280903153189,0,0,2,90.5165552600421
Saiha,2023-10-23 02:15:00,temp,18.9,18.320740882988222,0,0,2,90.5165552600421
Saiha,2023-10-24 02:15:00,temp,18.4,19.943781032210648,0,0,2,90.5165552600421
Saiha,2023-10-25 02:15:00,temp,18.1,19.405022326102664,0,0,2,90.5165552600421
Saiha,2023-10-26 02:00:00,temp,18.4,17.505783423072874,0,0,2,90.5165552600421
Saiha,2023-10-27 02:15:00,temp,17.2,19.353540322654634,0,0,2,90.5165552600421
Saiha,2023-10-28 02:00:00,temp,16.7,19.06169202821753,0,0,2,90.5165552600421
Saiha,2023-10-29 02:30:00,temp,15.9,16.946974950767608,0,0,2,90.5165552600421
Saiha,2023-10-30 01:45:00,temp,16.7,17.744772025617934,0,0,2,90.5165552600421
Saitual,2023-10-15 02:30:00,temp,17.3,20.639105547671345,2,1,2,135.44215602319878
Saitual,2023-10-16 02:30:00,temp,18.6,18.416305104779607,2,1,2,135.44215602319878
Saitual,2023-10-17 02:30:00,temp,19.0,18.156459293063953,2,1,2,135.44215602319878
Saitual,2023-10-18 02:30:00,temp,19.5,18.320708683357374,2,1,2,135.44215602319878
Saitual,2023-10-19 02:30:00,temp,19.1,20.6252708580848,2,1,2,135.44215602319878
Saitual,2023-10-20 02:30:00,temp,19.1,18.239457753382496,2,1,2,135.44215602319878
Saitual,2023-10-21 02:30:00,temp,19.1,19.04260613287128,2,1,2,135.44215602319878
Saitual,2023-10-22 02:30:00,temp,20.2,19.941519377751572,2,1,2,135.44215602319878
Saitual,2023-10-23 02:15:00,temp,21.6,19.930308818301807,2,1,2,135.44215602319878
Saitual,2023-10-24 02:15:00,temp,20.6,21.78804079773794,2,1,2,135.44215602319878
Saitual,2023-10-25 02:30:00,temp,21.9,21.34384626331655,2,1,2,135.44215602319878
Saitual,2023-10-26 02:00:00,temp,20.8,20.951841147240778,2,1,2,135.44215602319878
Saitual,2023-10-27 02:30:00,temp,19.8,21.23951528682023,2,1,2,135.44215602319878
Saitual,2023-10-28 02:00:00,temp,18.8,20.361088435433533,2,1,2,135.44215602319878
Saitual,2023-10-29 02:45:00,temp,18.5,19.30931641048892,2,1,2,135.44215602319878
Saitual,2023-10-30 02:00:00,temp,18.4,19.164083716844615,2,1,2,135.44215602319878
Salem,2023-10-15 02:30:00,temp,21.4,22.345644293845897,2,0,2,93.76894293193506
Salem,2023-10-16 02:30:00,temp,22.5,22.27637178164992,2,0,2,93.76894293193506
Salem,2023-10-17 02:30:00,temp,21.2,22.80664476296803,2,0,2,93.76894293193506
Salem,2023-10-18 02:30:00,temp,21.1,22.6028017559186,2,0,2,93.76894293193506
Salem,2023-10-19 02:30:00,temp,20.9,21.998669612189488,2,0,2,93.76894293193506
Salem,2023-10-20 02:30:00,temp,20.7,21.397123095322836,2,0,2,93.76894293193506
Salem,2023-10-21 02:15:00,temp,20.9,21.503748728709557,2,0,2,93.76894293193506
Salem,2023-10-22 02:30:00,temp,21.6,21.23964278918185,2,0,2,93.76894293193506
Salem,2023-10-23 02:15:00,temp,21.8,21.828017101700315,2,0,2,93.76894293193506
Salem,2023-10-24 02:15:00,temp,21.2,21.80584085618287,2,0,2,93.76894293193506
Salem,2023-10-25 02:30:00,temp,21.1,21.69394688199046,2,0,2,93.76894293193506
Salem,2023-10-26 02:00:00,temp,21.0,21.46459663233114,2,0,2,93.76894293193506
Salem,2023-10-27 02:15:00,temp,20.4,21.43457680210301,2,0,2,93.76894293193506
Salem,2023-10-28 02:00:00,temp,21.8,20.95285629331233,2,0,2,93.76894293193506
Salem,2023-10-29 02:45:00,temp,20.6,21.77981361295746,2,0,2,93.76894293193506
Salem,2023-10-30 02:00:00,temp,20.8,21.256337628082502,2,0,2,93.76894293193506
Samastipur,2023-10-15 02:30:00,temp,23.0,23.888548750918833,2,1,2,157.8148098906398
Samastipur,2023-10-16 02:30:00,temp,24.0,23.75359904297172,2,1,2,157.8148098906398
Samastipur,2023-10-17 02:15:00,temp,23.0,24.681751955445957,2,1,2,157.8148098906398
Samastipur,2023-10-18 02:30:00,temp,23.5,23.915421815640897,2,1,2,157.8148098906398
Samastipur,2023-10-19 02:15:00,temp,21.8,24.35018875659179,2,1,2,157.8148098906398
Samastipur,2023-10-20 02:30:00,temp,21.7,22.91112901465058,2,1,2,157.8148098906398
Samastipur,2023-10-21 02:15:00,temp,21.2,22.431752864759453,2,1,2,157.8148098906398
Samastipur,2023-10-22 02:15:00,temp,21.2,21.810511810132923,2,1,2,157.8148098906398
Samastipur,2023-10-23 02:15:00,temp,21.0,21.66721545822186,2,1,2,157.8148098906398
Samastipur,2023-10-24 02:15:00,temp,22.3,21.214920803133616,2,1,2,157.8148098906398
Samastipur,2023-10-25 02:15:00,temp,23.1,22.03712837873926,2,1,2,157.8148098906398
Samastipur,2023-10-26 02:00:00,temp,22.1,23.717225094986116,2,1,2,157.8148098906398
Samastipur,2023-10-27 02:15:00,temp,21.7,21.902925301685485,2,1,2,157.8148098906398
Samastipur,2023-10-28 02:00:00,temp,22.1,21.490471531727945,2,1,2,157.8148098906398
Samastipur,2023-10-29 02:30:00,temp,22.4,21.8582075661041,2,1,2,157.8148098906398
Samastipur,2023-10-30 01:45:00,temp,21.9,22.12710367728398,2,1,2,157.8148098906398
Samba,2023-10-15 02:30:00,temp,20.6,21.26443506569882,0,1,2,147.08719780398349
Samba,2023-10-16 02:30:00,temp,21.3,20.717192562147478,0,1,2,147.08719780398349
Samba,2023-10-17 02:15:00,temp,17.4,21.351061575862616,0,1,2,147.08719780398349
Samba,2023-10-18 02:15:00,temp,16.5,18.328216992077223,0,1,2,147.08719780398349
Samba,2023-10-19 02:15:00,temp,16.5,17.748306463437753,0,1,2,147.08719780398349
Samba,2023-10-20 02:15:00,temp,17.2,16.918331749152006,0,1,2,147.08719780398349
Samba,2023-10-21 02:15:00,temp,18.1,17.353544762146317,0,1,2,147.08719780398349
Samba,2023-10-22 02:15:00,temp,18.9,17.93637575275529,0,1,2,147.08719780398349
Samba,2023-10-23 02:00:00,temp,18.1,18.58834619558335,0,1,2,147.08719780398349
Samba,2023-10-24 02:15:00,temp,18.1,17.96829807327817,0,1,2,147.08719780398349
Samba,2023-10-25 02:15:00,temp,18.3,18.18517110732809,0,1,2,147.08719780398349
Samba,2023-10-26 02:00:00,temp,18.5,18.2512820250577,0,1,2,147.08719780398349
Samba,2023-10-27 02:15:00,temp,18.2,18.432204858613826,0,1,2,147.08719780398349
Samba,2023-10-28 02:00:00,temp,18.7,18.18437566756494,0,1,2,147.08719780398349
Samba,2023-10-29 02:30:00,temp,19.0,18.662372849701935,0,1,2,147.08719780398349
Samba,2023-10-30 01:45:00,temp,19.8,18.82863201360437,0,1,2,147.08719780398349
Sambalpur,2023-10-15 02:30:00,temp,23.0,23.62780588250385,1,1,1,98.80710112115415
Sambalpur,2023-10-16 02:30:00,temp,22.3,23.205229979278467,1,1,1,98.80710112115415
Sambalpur,2023-10-17 02:30:00,temp,22.8,22.677026172224558,1,1,1,98.80710112115415
Sambalpur,2023-10-18 02:30:00,temp,22.5,22.98792039923743,1,1,1,98.80710112115415
Sambalpur,2023-10-19 02:30:00,temp,22.1,22.745287776955752,1,1,1,98.80710112115415
Sambalpur,2023-10-20 02:30:00,temp,21.9,22.411156616096594,1,1,1,98.80710112115415
Sambalpur,2023-10-21 02:15:00,temp,20.9,22.203946462240854,1,1,1,98.80710112115415
Sambalpur,2023-10-22 02:30:00,temp,19.8,21.336221671430287,1,1,1,98.80710112115415
Sambalpur,2023-10-23 02:15:00,temp,19.3,20.20020735727574,1,1,1,98.80710112115415
Sambalpur,2023-10-24 02:15:00,temp,20.0,19.553205910528046,1,1,1,98.80710112115415
Sambalpur,2023-10-25 02:15:00,temp,21.0,20.169241569851007,1,1,1,98.80710112115415
Sambalpur,2023-10-26 02:00:00,temp,20.0,21.059852645645368,1,1,1,98.80710112115415
Sambalpur,2023-10-27 02:15:00,temp,18.7,20.138087651884305,1,1,1,98.80710112115415
Sambalpur,2023-10-28 02:00:00,temp,19.2,18.941809332282936,1,1,1,98.80710112115415
Sambalpur,2023-10-29 02:45:00,temp,19.2,19.30533879621321,1,1,1,98.80710112115415
Sambalpur,2023-10-30 02:00:00,temp,19.6,19.269180582863804,1,1,1,98.80710112115415
Sambhal,2023-10-15 02:30:00,temp,24.0,23.414655118873792,2,1,2,149.8365146734272
Sambhal,2023-10-16 02:30:00,temp,22.8,24.67313521546135,2,1,2,149.8365146734272
Sambhal,2023-10-17 02:30:00,temp,19.5,23.28366862063552,2,1,2,149.8365146734272
Sambhal,2023-10-18 02:30:00,temp,20.3,20.213811073605566,2,1,2,149.8365146734272
Sambhal,2023-10-19 02:30:00,temp,19.7,21.742758378706473,2,1,2,149.8365146734272
Sambhal,2023-10-20 02:30:00,temp,19.8,20.723105898501103,2,1,2,149.8365146734272
Sambhal,2023-10-21 02:15:00,temp,20.3,20.40917028787282,2,1,2,149.8365146734272
Sambhal,2023-10-22 02:30:00,temp,19.7,20.581753730100136,2,1,2,149.8365146734272
Sambhal,2023-10-23 02:15:00,temp,20.9,19.609265886144065,2,1,2,149.8365146734272
Sambhal,2023-10-24 02:15:00,temp,20.3,20.89559508914174,2,1,2,149.8365146734272
Sambhal,2023-10-25 02:30:00,temp,20.8,20.035217146538088,2,1,2,149.8365146734272
Sambhal,2023-10-26 02:00:00,temp,20.8,20.624914067924866,2,1,2,149.8365146734272
Sambhal,2023-10-27 02:15:00,temp,20.6,20.60365350560832,2,1,2,149.8365146734272
Sambhal,2023-10-28 02:00:00,temp,20.7,20.46056855540514,2,1,2,149.8365146734272
Sambhal,2023-10-29 02:45:00,temp,20.5,20.647250938192553,2,1,2,149.8365146734272
Sambhal,2023-10-30 02:00:00,temp,20.5,20.49084089129534,2,1,2,149.8365146734272
Sangli,2023-10-15 02:30:00,temp,23.5,23.821617199790467,0,1,1,116.9700706329457
Sangli,2023-10-16 02:30:00,temp,23.4,23.691460451046837,0,1,1,116.9700706329457
Sangli,2023-10-17 02:30:00,temp,25.3,23.577175327151274,0,1,1,116.9700706329457
Sangli,2023-10-18 02:30:00,temp,25.1,24.247461838312656,0,1,1,116.9700706329457
Sangli,2023-10-19 02:30:00,temp,25.7,24.620327745029222,0,1,1,116.9700706329457
Sangli,2023-10-20 02:30:00,temp,25.5,25.130460464411993,0,1,1,116.9700706329457
Sangli,2023-10-21 02:15:00,temp,26.2,25.312325109861288,0,1,1,116.9700706329457
Sangli,2023-10-22 02:30:00,temp,24.2,25.750964827753037,0,1,1,116.9700706329457
Sangli,2023-10-23 02:15:00,temp,21.7,25.036333828020044,0,1,1,116.9700706329457
Sangli,2023-10-24 02:15:00,temp,24.5,23.3761938009,0,1,1,116.9700706329457
Sangli,2023-10-25 02:15:00,temp,22.0,24.013027151044984,0,1,1,116.9700706329457
Sangli,2023-10-26 02:00:00,temp,20.7,23.089690091035273,0,1,1,116.9700706329457
Sangli,2023-10-27 02:15:00,temp,20.6,21.730324605356735,0,1,1,116.9700706329457
Sangli,2023-10-28 02:00:00,temp,20.7,21.019498323720214,0,1,1,116.9700706329457
Sangli,2023-10-29 02:45:00,temp,21.1,20.824698557710224,0,1,1,116.9700706329457
Sangli,2023-10-30 02:00:00,temp,24.5,20.9867303159774,0,1,1,116.9700706329457
Sangrur,2023-10-15 02:30:00,temp,24.2,23.726953500310717,2,1,1,173.6005524011693
Sangrur,2023-10-16 02:30:00,temp,22.7,24.455084866976318,2,1,1,173.6005524011693
Sangrur,2023-10-17 02:30:00,temp,18.2,23.052026411897284,2,1,1,173.6005524011693
Sangrur,2023-10-18 02:30:00,temp,20.4,19.52891785916708,2,1,1,173.6005524011693
Sangrur,2023-10-19 02:15:00,temp,19.7,22.339674640177293,2,1,1,173.6005524011693
Sangrur,2023-10-20 02:30:00,temp,20.6,20.78317664876798,2,1,1,173.6005524011693
Sangrur,2023-10-21 02:15:00,temp,20.9,21.456758177447714,2,1,1,173.6005524011693
Sangrur,2023-10-22 02:15:00,temp,22.0,21.398576995822065,2,1,1,173.6005524011693
Sangrur,2023-10-23 02:15:00,temp,21.7,22.19275870954051,2,1,1,173.6005524011693
Sangrur,2023-10-24 02:15:00,temp,21.2,21.731875400501096,2,1,1,173.6005524011693
Sangrur,2023-10-25 02:15:00,temp,21.7,21.356525355226886,2,1,1,173.6005524011693
Sangrur,2023-10-26 02:00:00,temp,21.0,21.822401435203417,2,1,1,173.6005524011693
Sangrur,2023-10-27 02:15:00,temp,20.8,21.1535523117973,2,1,1,173.6005524011693
Sangrur,2023-10-28 02:00:00,temp,22.2,21.07892985194661,2,1,1,173.6005524011693
Sangrur,2023-10-29 02:45:00,temp,22.3,22.19385934570499,2,1,1,173.6005524011693
Sangrur,2023-10-30 02:00:00,temp,21.9,22.049284506885705,2,1,1,173.6005524011693
Sant,2023-10-15 02:30:00,temp,25.6,25.348000130046152,0,0,2,118.31844113377146
Sant,2023-10-16 02:30:00,temp,24.9,24.947176223607254,0,0,2,118.31844113377146
Sant,2023-10-17 02:30:00,temp,24.9,24.618214288932325,0,0,2,118.31844113377146
Sant,2023-10-18 02:30:00,temp,24.8,24.683775517190067,0,0,2,118.31844113377146
Sant,2023-10-19 02:30:00,temp,24.1,24.76644447092725,0,0,2,118.31844113377146
Sant,2023-10-20 02:30:00,temp,24.3,24.1045890023729,0,0,2,118.31844113377146
Sant,2023-10-21 02:15:00,temp,25.0,24.254079389660536,0,0,2,118.31844113377146
Sant,2023-10-22 02:30:00,temp,25.0,25.152653835710268,0,0,2,118.31844113377146
Sant,2023-10-23 02:15:00,temp,24.6,24.835006108409498,0,0,2,118.31844113377146
Sant,2023-10-24 02:15:00,temp,24.4,24.27464025412703,0,0,2,118.31844113377146
Sant,2023-10-25 02:30:00,temp,24.0,24.48177129959172,0,0,2,118.31844113377146
Sant,2023-10-26 02:00:00,temp,23.7,24.242065274038247,0,0,2,118.31844113377146
Sant,2023-10-27 02:30:00,temp,23.2,23.846028450861112,0,0,2,118.31844113377146
Sant,2023-10-28 02:00:00,temp,23.0,23.711799580796637,0,0,2,118.31844113377146
Sant,2023-10-29 02:45:00,temp,23.5,23.572114470895045,0,0,2,118.31844113377146
Sant,2023-10-30 02:00:00,temp,23.9,23.97336812350835,0,0,2,118.31844113377146
Saraikela,2023-10-15 02:30:00,temp,22.0,24.4,0,1,0,106.72709579021058
Saraikela,2023-10-16 02:30:00,temp,22.0,22.0,0,1,0,106.72709579021058
Saraikela,2023-10-17 02:15:00,temp,23.1,22.0,0,1,0,106.72709579021058
Saraikela,2023-10-18 02:30:00,temp,23.1,23.1,0,1,0,106.72709579021058
Saraikela,2023-10-19 02:15:00,temp,22.4,23.1,0,1,0,106.72709579021058
Saraikela,2023-10-20 02:30:00,temp,21.6,22.4,0,1,0,106.72709579021058
Saraikela,2023-10-21 02:15:00,temp,20.4,21.6,0,1,0,106.72709579021058
Saraikela,2023-10-22 02:15:00,temp,19.9,20.4,0,1,0,106.72709579021058
Saraikela,2023-10-23 02:00:00,temp,20.5,19.9,0,1,0,106.72709579021058
Saraikela,2023-10-24 02:15:00,temp,21.5,20.5,0,1,0,106.72709579021058
Saraikela,2023-10-25 02:15:00,temp,22.2,21.5,0,1,0,106.72709579021058
Saraikela,2023-10-26 02:00:00,temp,23.2,22.2,0,1,0,106.72709579021058
Saraikela,2023-10-27 02:15:00,temp,21.1,23.2,0,1,0,106.72709579021058
Saraikela,2023-10-28 02:00:00,temp,20.3,21.1,0,1,0,106.72709579021058
Saraikela,2023-10-29 02:30:00,temp,19.9,20.3,0,1,0,106.72709579021058
Saraikela,2023-10-30 01:45:00,temp,20.2,19.9,0,1,0,106.72709579021058
Saran,2023-10-15 02:30:00,temp,21.7,24.09812106231361,0,0,2,118.63253508357909
Saran,2023-10-16 02:30:00,temp,22.9,22.39002102486738,0,0,2,118.63253508357909
Saran,2023-10-17 02:15:00,temp,23.2,23.183085631314253,0,0,2,118.63253508357909
Saran,2023-10-18 02:30:00,temp,22.9,25.451381428600072,0,0,2,118.63253508357909
Saran,2023-10-19 02:15:00,temp,21.6,22.90747121244736,0,0,2,118.63253508357909
Saran,2023-10-20 02:30:00,temp,21.3,22.562189287297166,0,0,2,118.63253508357909
Saran,2023-10-21 02:15:00,temp,20.5,23.136281760379802,0,0,2,118.63253508357909
Saran,2023-10-22 02:15:00,temp,19.9,21.656298587160034,0,0,2,118.63253508357909
Saran,2023-10-23 02:15:00,temp,20.1,21.436847365054255,0,0,2,118.63253508357909
Saran,2023-10-24 02:15:00,temp,20.9,22.103231301838626,0,0,2,118.63253508357909
Saran,2023-10-25 02:15:00,temp,21.4,22.364142820507833,0,0,2,118.63253508357909
Saran,2023-10-26 02:00:00,temp,22.2,22.631713623875818,0,0,2,118.63253508357909
Saran,2023-10-27 02:15:00,temp,20.2,23.245995257051387,0,0,2,118.63253508357909
Saran,2023-10-28 02:00:00,temp,20.4,20.809724231783264,0,0,2,118.63253508357909
Saran,2023-10-29 02:30:00,temp,20.5,21.623866039768757,0,0,2,118.63253508357909
Saran,2023-10-30 01:45:00,temp,20.8,22.723664626227016,0,0,2,118.63253508357909
Satara,2023-10-15 02:30:00,temp,21.2,20.777746418462673,1,0,0,120.71016098197963
Satara,2023-10-16 02:30:00,temp,22.1,20.943154468952223,1,0,0,120.71016098197963
Satara,2023-10-17 02:30:00,temp,23.1,21.45246161984988,1,0,0,120.71016098197963
Satara,2023-10-18 02:30:00,temp,21.7,22.124586120468198,1,0,0,120.71016098197963
Satara,2023-10-19 02:30:00,temp,22.1,21.291575119898827,1,0,0,120.71016098197963
Satara,2023-10-20 02:30:00,temp,23.2,21.548190701868915,1,0,0,120.71016098197963
Satara,2023-10-21 02:15:00,temp,21.9,22.29420823870065,1,0,0,120.71016098197963
Satara,2023-10-22 02:30:00,temp,23.6,21.481166135288934,1,0,0,120.71016098197963
Satara,2023-10-23 02:15:00,temp,20.3,22.616153359529022,1,0,0,120.71016098197963
Satara,2023-10-24 02:15:00,temp,20.5,20.56206806343717,1,0,0,120.71016098197963
Satara,2023-10-25 02:15:00,temp,21.0,20.668861470376154,1,0,0,120.71016098197963
Satara,2023-10-26 02:00:00,temp,20.3,20.945139058162447,1,0,0,120.71016098197963
Satara,2023-10-27 02:15:00,temp,18.5,20.55682192323866,1,0,0,120.71016098197963
Satara,2023-10-28 02:00:00,temp,18.7,19.514310268217905,1,0,0,120.71016098197963
Satara,2023-10-29 02:45:00,temp,18.9,19.560422401006523,1,0,0,120.71016098197963
Satara,2023-10-30 02:00:00,temp,19.8,19.634015519675945,1,0,0,120.71016098197963
Satna,2023-10-15 02:30:00,temp,23.7,23.4,0,1,0,128.86071272620399
Satna,2023-10-16 02:30:00,temp,25.5,23.7,0,1,0,128.86071272620399
Satna,2023-10-17 02:15:00,temp,21.2,25.5,0,1,0,128.86071272620399
Satna,2023-10-18 02:15:00,temp,22.2,21.200000000000003,0,1,0,128.86071272620399
Satna,2023-10-19 02:15:00,temp,22.2,22.2,0,1,0,128.86071272620399
Satna,2023-10-20 02:15:00,temp,21.4,22.2,0,1,0,128.86071272620399
Satna,2023-10-21 02:00:00,temp,21.2,21.4,0,1,0,128.86071272620399
Satna,2023-10-22 02:15:00,temp,20.3,21.2,0,1,0,128.86071272620399
Satna,2023-10-23 02:00:00,temp,19.5,20.3,0,1,0,128.86071272620399
Satna,2023-10-24 02:15:00,temp,19.7,19.5,0,1,0,128.86071272620399
Satna,2023-10-25 02:15:00,temp,20.0,19.7,0,1,0,128.86071272620399
Satna,2023-10-26 02:00:00,temp,19.9,20.0,0,1,0,128.86071272620399
Satna,2023-10-27 02:15:00,temp,19.5,19.9,0,1,0,128.86071272620399
Satna,2023-10-28 02:00:00,temp,19.5,19.5,0,1,0,128.86071272620399
Satna,2023-10-29 02:30:00,temp,20.0,19.5,0,1,0,128.86071272620399
Satna,2023-10-30 01:45:00,temp,20.3,20.0,0,1,0,128.86071272620399
Sawai Madhopur,2023-10-15 02:30:00,temp,27.7,27.118207854448478,2,0,2,137.07988056644498
Sawai Madhopur,2023-10-16 02:30:00,temp,27.1,27.54132227729946,2,0,2,137.07988056644498
Sawai Madhopur,2023-10-17 02:30:00,temp,22.2,26.826041005514732,2,0,2,137.07988056644498
Sawai Madhopur,2023-10-18 02:30:00,temp,23.5,23.426565192119554,2,0,2,137.07988056644498
Sawai Madhopur,2023-10-19 02:30:00,temp,24.0,22.930270233096806,2,0,2,137.07988056644498
Sawai Madhopur,2023-10-20 02:30:00,temp,24.0,25.731019565653988,2,0,2,137.07988056644498
Sawai Madhopur,2023-10-21 02:30:00,temp,23.9,27.12503587471487,2,0,2,137.07988056644498
Sawai Madhopur,2023-10-22 02:30:00,temp,24.1,24.27289108815815,2,0,2,137.07988056644498
Sawai Madhopur,2023-10-23 02:15:00,temp,24.3,24.893604609067943,2,0,2,137.07988056644498
Sawai Madhopur,2023-10-24 02:15:00,temp,23.0,25.433118913024554,2,0,2,137.07988056644498
Sawai Madhopur,2023-10-25 02:30:00,temp,22.6,24.48171197722403,2,0,2,137.07988056644498
Sawai Madhopur,2023-10-26 02:00:00,temp,23.8,23.39685669718271,2,0,2,137.07988056644498
Sawai Madhopur,2023-10-27 02:30:00,temp,22.8,24.68269445628997,2,0,2,137.07988056644498
Sawai Madhopur,2023-10-28 02:00:00,temp,22.8,24.319500278027803,2,0,2,137.07988056644498
Sawai Madhopur,2023-10-29 02:45:00,temp,23.1,23.52210748440823,2,0,2,137.07988056644498
Sawai Madhopur,2023-10-30 02:00:00,temp,23.3,23.88423812087171,2,0,2,137.07988056644498
Sehore,2023-10-15 02:30:00,temp,22.3,22.304242511579407,1,1,1,137.73626760246168
Sehore,2023-10-16 02:30:00,temp,22.9,22.205116358417026,1,1,1,137.73626760246168
Sehore,2023-10-17 02:15:00,temp,21.8,22.59945139215118,1,1,1,137.73626760246168
Sehore,2023-10-18 02:15:00,temp,23.0,21.95299523540042,1,1,1,137.73626760246168
Sehore,2023-10-19 02:15:00,temp,22.3,22.65288827451193,1,1,1,137.73626760246168
Sehore,2023-10-20 02:15:00,temp,22.1,22.267677724615663,1,1,1,137.73626760246168
Sehore,2023-10-21 02:00:00,temp,21.1,22.155867814839006,1,1,1,137.73626760246168
Sehore,2023-10-22 02:15:00,temp,21.4,21.58140595793311,1,1,1,137.73626760246168
Sehore,2023-10-23 02:00:00,temp,20.9,21.710881943351097,1,1,1,137.73626760246168
Sehore,2023-10-24 02:15:00,temp,20.5,21.390152318050802,1,1,1,137.73626760246168
Sehore,2023-10-25 02:15:00,temp,19.9,21.095168789758457,1,1,1,137.73626760246168
Sehore,2023-10-26 02:00:00,temp,20.7,20.637905143107297,1,1,1,137.73626760246168
Sehore,2023-10-27 02:15:00,temp,20.0,21.058345851388015,1,1,1,137.73626760246168
Sehore,2023-10-28 02:00:00,temp,19.5,20.561233510289394,1,1,1,137.73626760246168
Sehore,2023-10-29 02:30:00,temp,20.1,20.137131662234705,1,1,1,137.73626760246168
Sehore,2023-10-30 01:45:00,temp,20.0,20.44227511974951,1,1,1,137.73626760246168
Seoni,2023-10-16 02:30:00,temp,24.3,22.36451570344401,1,0,2,114.34720375373547
Seoni,2023-10-17 02:15:00,temp,20.9,23.81981539233346,1,0,2,114.34720375373547
Seoni,2023-10-18 02:15:00,temp,20.6,21.838504189025926,1,0,2,114.34720375373547
Seoni,2023-10-19 02:15:00,temp,20.1,20.07077976792527,1,0,2,114.34720375373547
Seoni,2023-10-20 02:15:00,temp,19.6,21.303971021301166,1,0,2,114.34720375373547
Seoni,2023-10-21 02:00:00,temp,18.6,20.713692986801934,1,0,2,114.34720375373547
Seoni,2023-10-22 02:15:00,temp,18.3,19.49664704578374,1,0,2,114.34720375373547
Seoni,2023-10-23 02:00:00,temp,17.9,19.129631160538306,1,0,2,114.34720375373547
Seoni,2023-10-24 02:15:00,temp,17.0,18.85622168243757,1,0,2,114.34720375373547
Seoni,2023-10-25 02:15:00,temp,17.3,17.773861865072426,1,0,2,114.34720375373547
Seoni,2023-10-26 02:00:00,temp,17.4,17.85708652516284,1,0,2,114.34720375373547
Seoni,2023-10-27 02:15:00,temp,17.4,18.05799099102909,1,0,2,114.34720375373547
Seoni,2023-10-28 02:00:00,temp,17.3,17.946631781511385,1,0,2,114.34720375373547
Seoni,2023-10-29 02:30:00,temp,17.6,17.75731191680649,1,0,2,114.34720375373547
Seoni,2023-10-30 01:45:00,temp,17.4,17.98172046175332,1,0,2,114.34720375373547
Serchhip,2023-10-15 02:30:00,temp,16.5,19.136771579839277,0,1,1,110.93151876874185
Serchhip,2023-10-16 02:30:00,temp,17.2,17.57980408039678,0,1,1,110.93151876874185
Serchhip,2023-10-17 02:15:00,temp,17.4,17.321801867717696,0,1,1,110.93151876874185
Serchhip,2023-10-18 02:30:00,temp,16.6,17.367345551451134,0,1,1,110.93151876874185
Serchhip,2023-10-19 02:15:00,temp,16.5,16.93585373693778,0,1,1,110.93151876874185
Serchhip,2023-10-20 02:30:00,temp,17.7,16.683726622427407,0,1,1,110.93151876874185
Serchhip,2023-10-21 02:15:00,temp,16.8,17.24764874748024,0,1,1,110.93151876874185
Serchhip,2023-10-22 02:15:00,temp,17.5,17.00424247834613,0,1,1,110.93151876874185
Serchhip,2023-10-23 02:15:00,temp,18.9,17.271210440595233,0,1,1,110.93151876874185
Serchhip,2023-10-24 02:15:00,temp,18.3,18.1766021431155,0,1,1,110.93151876874185
Serchhip,2023-10-25 02:15:00,temp,17.7,18.249440208977408,0,1,1,110.93151876874185
Serchhip,2023-10-26 02:00:00,temp,17.2,17.943814156143333,0,1,1,110.93151876874185
Serchhip,2023-10-27 02:15:00,temp,17.2,17.535217790887614,0,1,1,110.93151876874185
Serchhip,2023-10-28 02:00:00,temp,16.4,17.346763220246725,0,1,1,110.93151876874185
Serchhip,2023-10-29 02:30:00,temp,15.8,16.801226523908745,0,1,1,110.93151876874185
Serchhip,2023-10-30 01:45:00,temp,16.3,16.18574535586889,0,1,1,110.93151876874185
Shahdara,2023-10-15 02:30:00,temp,24.0,25.659581494414656,2,1,1,174.15349025814692
Shahdara,2023-10-16 02:30:00,temp,26.0,24.284001093306333,2,1,1,174.15349025814692
Shahdara,2023-10-17 02:30:00,temp,19.0,26.437950449560212,2,1,1,174.15349025814692
Shahdara,2023-10-18 02:30:00,temp,21.0,19.880453347358127,2,1,1,174.15349025814692
Shahdara,2023-10-19 02:30:00,temp,21.0,22.998474676807945,2,1,1,174.15349025814692
Shahdara,2023-10-20 02:30:00,temp,21.0,22.141607358840087,2,1,1,174.15349025814692
Shahdara,2023-10-21 02:15:00,temp,20.0,21.906719351294434,2,1,1,174.15349025814692
Shahdara,2023-10-22 02:30:00,temp,21.0,20.845134371732158,2,1,1,174.15349025814692
Shahdara,2023-10-23 02:15:00,temp,21.0,21.658091517281303,2,1,1,174.15349025814692
Shahdara,2023-10-24 02:15:00,temp,22.0,21.385718134228057,2,1,1,174.15349025814692
Shahdara,2023-10-25 02:30:00,temp,21.0,22.157425242963058,2,1,1,174.15349025814692
Shahdara,2023-10-26 02:00:00,temp,22.0,21.16071563348821,2,1,1,174.15349025814692
Shahdara,2023-10-27 02:30:00,temp,21.0,22.08089193380941,2,1,1,174.15349025814692
Shahdara,2023-10-28 02:00:00,temp,20.0,21.133961260753118,2,1,1,174.15349025814692
Shahdara,2023-10-29 02:45:00,temp,20.0,20.411606605484145,2,1,1,174.15349025814692
Shahdara,2023-10-30 02:00:00,temp,22.0,20.455818769289994,2,1,1,174.15349025814692
Shahdol,2023-10-15 02:30:00,temp,21.0,21.05868457005943,1,1,1,128.16919768121798
Shahdol,2023-10-16 02:30:00,temp,21.3,21.106006644824888,1,1,1,128.16919768121798
Shahdol,2023-10-17 02:15:00,temp,19.9,21.30614803068299,1,1,1,128.16919768121798
Shahdol,2023-10-18 02:15:00,temp,19.7,20.30643140207706,1,1,1,128.16919768121798
Shahdol,2023-10-19 02:15:00,temp,19.4,20.079452332151913,1,1,1,128.16919768121798
Shahdol,2023-10-20 02:15:00,temp,18.7,19.77700107428911,1,1,1,128.16919768121798
Shahdol,2023-10-21 02:00:00,temp,18.2,19.14714456794268,1,1,1,128.16919768121798
Shahdol,2023-10-22 02:15:00,temp,17.4,18.627121843565934,1,1,1,128.16919768121798
Shahdol,2023-10-23 02:00:00,temp,15.9,17.820868248502983,1,1,1,128.16919768121798
Shahdol,2023-10-24 02:15:00,temp,16.0,16.266905404833164,1,1,1,128.16919768121798
Shahdol,2023-10-25 02:15:00,temp,16.6,16.173424330837445,1,1,1,128.16919768121798
Shahdol,2023-10-26 02:00:00,temp,16.7,16.709088945694827,1,1,1,128.16919768121798
Shahdol,2023-10-27 02:15:00,temp,16.3,16.76471885482441,1,1,1,128.16919768121798
Shahdol,2023-10-28 02:00:00,temp,16.1,16.368442361481296,1,1,1,128.16919768121798
Shahdol,2023-10-29 02:30:00,temp,16.5,16.16570913393491,1,1,1,128.16919768121798
Shahdol,2023-10-30 01:45:00,temp,17.0,16.490421089455985,1,1,1,128.16919768121798
Shahjahanpur,2023-10-15 02:30:00,temp,23.5,23.453211262201716,2,1,2,149.5948749244891
Shahjahanpur,2023-10-16 02:30:00,temp,23.5,24.21311701326072,2,1,2,149.5948749244891
Shahjahanpur,2023-10-17 02:30:00,temp,20.8,23.921725512751372,2,1,2,149.5948749244891
Shahjahanpur,2023-10-18 02:30:00,temp,20.5,21.89287778496651,2,1,2,149.5948749244891
Shahjahanpur,2023-10-19 02:30:00,temp,20.0,21.492941267282326,2,1,2,149.5948749244891
Shahjahanpur,2023-10-20 02:30:00,temp,19.2,20.94279300341027,2,1,2,149.5948749244891
Shahjahanpur,2023-10-21 02:15:00,temp,19.9,19.92300835702357,2,1,2,149.5948749244891
Shahjahanpur,2023-10-22 02:30:00,temp,20.0,20.53250205300808,2,1,2,149.5948749244891
Shahjahanpur,2023-10-23 02:15:00,temp,20.2,20.27499096794122,2,1,2,149.5948749244891
Shahjahanpur,2023-10-24 02:15:00,temp,20.3,20.236781983518746,2,1,2,149.5948749244891
Shahjahanpur,2023-10-25 02:30:00,temp,21.1,20.18946258734656,2,1,2,149.5948749244891
Shahjahanpur,2023-10-26 02:00:00,temp,21.1,20.92018673857839,2,1,2,149.5948749244891
Shahjahanpur,2023-10-27 02:30:00,temp,20.9,20.795682321712896,2,1,2,149.5948749244891
Shahjahanpur,2023-10-28 02:00:00,temp,20.3,20.622209630857228,2,1,2,149.5948749244891
Shahjahanpur,2023-10-29 02:45:00,temp,21.1,20.16201326721645,2,1,2,149.5948749244891
Shahjahanpur,2023-10-30 02:00:00,temp,20.8,21.08876386237823,2,1,2,149.5948749244891
Shajapur,2023-10-15 02:30:00,temp,23.0,23.5,0,1,0,99.79142224525299
Shajapur,2023-10-16 02:30:00,temp,22.8,23.0,0,1,0,99.79142224525299
Shajapur,2023-10-17 02:15:00,temp,22.0,22.8,0,1,0,99.79142224525299
Shajapur,2023-10-18 02:15:00,temp,21.5,22.0,0,1,0,99.79142224525299
Shajapur,2023-10-19 02:15:00,temp,22.2,21.5,0,1,0,99.79142224525299
Shajapur,2023-10-20 02:15:00,temp,21.7,22.2,0,1,0,99.79142224525299
Shajapur,2023-10-21 02:00:00,temp,22.8,21.7,0,1,0,99.79142224525299
Shajapur,2023-10-22 02:15:00,temp,21.9,22.8,0,1,0,99.79142224525299
Shajapur,2023-10-23 02:00:00,temp,21.6,21.9,0,1,0,99.79142224525299
Shajapur,2023-10-24 02:15:00,temp,22.0,21.6,0,1,0,99.79142224525299
Shajapur,2023-10-25 02:15:00,temp,20.4,22.0,0,1,0,99.79142224525299
Shajapur,2023-10-26 02:00:00,temp,20.5,20.4,0,1,0,99.79142224525299
Shajapur,2023-10-27 02:15:00,temp,20.2,20.5,0,1,0,99.79142224525299
Shajapur,2023-10-28 02:00:00,temp,20.3,20.2,0,1,0,99.79142224525299
Shajapur,2023-10-29 02:30:00,temp,20.7,20.3,0,1,0,99.79142224525299
Shajapur,2023-10-30 01:45:00,temp,21.1,20.7,0,1,0,99.79142224525299
Sheikhpura,2023-10-15 02:30:00,temp,6.1,8.5,0,1,0,131.50345360590583
Sheikhpura,2023-10-16 02:30:00,temp,5.9,6.1,0,1,0,131.50345360590583
Sheikhpura,2023-10-17 02:15:00,temp,7.9,5.9,0,1,0,131.50345360590583
Sheikhpura,2023-10-18 02:30:00,temp,1.8,7.9,0,1,0,131.50345360590583
Sheikhpura,2023-10-19 02:15:00,temp,3.4,1.7999999999999998,0,1,0,131.50345360590583
Sheikhpura,2023-10-20 02:30:00,temp,4.1,3.4,0,1,0,131.50345360590583
Sheikhpura,2023-10-21 02:15:00,temp,4.8,4.1,0,1,0,131.50345360590583
Sheikhpura,2023-10-22 02:15:00,temp,5.6,4.8,0,1,0,131.50345360590583
Sheikhpura,2023-10-23 02:15:00,temp,3.1,5.6,0,1,0,131.50345360590583
Sheikhpura,2023-10-24 02:15:00,temp,4.1,3.1,0,1,0,131.50345360590583
Sheikhpura,2023-10-25 02:15:00,temp,3.7,4.1,0,1,0,131.50345360590583
Sheikhpura,2023-10-26 02:00:00,temp,4.4,3.7000000000000006,0,1,0,131.50345360590583
Sheikhpura,2023-10-27 02:15:00,temp,4.7,4.4,0,1,0,131.50345360590583
Sheikhpura,2023-10-28 02:00:00,temp,5.1,4.7,0,1,0,131.50345360590583
Sheikhpura,2023-10-29 02:30:00,temp,5.3,5.1,0,1,0,131.50345360590583
Sheikhpura,2023-10-30 01:45:00,temp,6.2,5.3,0,1,0,131.50345360590583
Sheohar,2023-10-15 02:30:00,temp,21.8,21.8,0,1,0,147.67780524413163
Sheohar,2023-10-16 02:30:00,temp,22.8,21.8,0,1,0,147.67780524413163
Sheohar,2023-10-17 02:15:00,temp,22.1,22.8,0,1,0,147.67780524413163
Sheohar,2023-10-18 02:30:00,temp,22.0,22.1,0,1,0,147.67780524413163
Sheohar,2023-10-19 02:15:00,temp,21.1,22.0,0,1,0,147.67780524413163
Sheohar,2023-10-20 02:30:00,temp,20.3,21.1,0,1,0,147.67780524413163
Sheohar,2023-10-21 02:15:00,temp,20.1,20.3,0,1,0,147.67780524413163
Sheohar,2023-10-22 02:15:00,temp,19.8,20.1,0,1,0,147.67780524413163
Sheohar,2023-10-23 02:15:00,temp,20.6,19.8,0,1,0,147.67780524413163
Sheohar,2023-10-24 02:15:00,temp,20.9,20.6,0,1,0,147.67780524413163
Sheohar,2023-10-25 02:15:00,temp,21.4,20.9,0,1,0,147.67780524413163
Sheohar,2023-10-26 02:00:00,temp,21.5,21.4,0,1,0,147.67780524413163
Sheohar,2023-10-27 02:15:00,temp,21.4,21.5,0,1,0,147.67780524413163
Sheohar,2023-10-28 02:00:00,temp,21.5,21.4,0,1,0,147.67780524413163
Sheohar,2023-10-29 02:30:00,temp,20.9,21.5,0,1,0,147.67780524413163
Sheohar,2023-10-30 01:45:00,temp,20.5,20.9,0,1,0,147.67780524413163
Sheopur,2023-10-15 02:30:00,temp,26.1,25.666053662321687,1,0,2,126.33621139554025
Sheopur,2023-10-16 02:30:00,temp,24.8,25.99999306242395,1,0,2,126.33621139554025
Sheopur,2023-10-17 02:15:00,temp,20.7,25.22216302022367,1,0,2,126.33621139554025
Sheopur,2023-10-18 02:15:00,temp,23.8,21.806248258458446,1,0,2,126.33621139554025
Sheopur,2023-10-19 02:15:00,temp,22.5,21.564883954575674,1,0,2,126.33621139554025
Sheopur,2023-10-20 02:15:00,temp,22.7,25.58668986333963,1,0,2,126.33621139554025
Sheopur,2023-10-21 02:00:00,temp,22.9,23.807287820576544,1,0,2,126.33621139554025
Sheopur,2023-10-22 02:15:00,temp,22.8,23.443590618587002,1,0,2,126.33621139554025
Sheopur,2023-10-23 02:00:00,temp,22.4,23.53578116067057,1,0,2,126.33621139554025
Sheopur,2023-10-24 02:15:00,temp,21.7,23.32296756889953,1,0,2,126.33621139554025
Sheopur,2023-10-25 02:15:00,temp,21.1,22.616446365443842,1,0,2,126.33621139554025
Sheopur,2023-10-26 02:00:00,temp,21.8,21.92865790358064,1,0,2,126.33621139554025
Sheopur,2023-10-27 02:15:00,temp,21.0,22.263716867591206,1,0,2,126.33621139554025
Sheopur,2023-10-28 02:00:00,temp,21.2,22.015007493043026,1,0,2,126.33621139554025
Sheopur,2023-10-29 02:30:00,temp,22.0,21.723734296404004,1,0,2,126.33621139554025
Sheopur,2023-10-30 01:45:00,temp,22.7,22.287758661024895,1,0,2,126.33621139554025
Shimla,2023-10-15 02:30:00,temp,15.4,16.1,0,1,0,166.40860155194557
Shimla,2023-10-16 02:30:00,temp,14.8,15.4,0,1,0,166.40860155194557
Shimla,2023-10-17 02:15:00,temp,13.8,14.8,0,1,0,166.40860155194557
Shimla,2023-10-18 02:15:00,temp,11.9,13.8,0,1,0,166.40860155194557
Shimla,2023-10-19 02:15:00,temp,12.4,11.9,0,1,0,166.40860155194557
Shimla,2023-10-20 02:15:00,temp,12.7,12.4,0,1,0,166.40860155194557
Shimla,2023-10-21 02:00:00,temp,13.1,12.7,0,1,0,166.40860155194557
Shimla,2023-10-22 02:15:00,temp,13.0,13.100000000000001,0,1,0,166.40860155194557
Shimla,2023-10-23 02:00:00,temp,13.0,13.0,0,1,0,166.40860155194557
Shimla,2023-10-24 02:15:00,temp,12.8,13.0,0,1,0,166.40860155194557
Shimla,2023-10-25 02:15:00,temp,13.3,12.8,0,1,0,166.40860155194557
Shimla,2023-10-26 02:00:00,temp,13.3,13.3,0,1,0,166.40860155194557
Shimla,2023-10-27 02:15:00,temp,13.1,13.3,0,1,0,166.40860155194557
Shimla,2023-10-28 02:00:00,temp,13.4,13.1,0,1,0,166.40860155194557
Shimla,2023-10-29 02:30:00,temp,14.5,13.4,0,1,0,166.40860155194557
Shimla,2023-10-30 01:45:00,temp,13.7,14.5,0,1,0,166.40860155194557
Shimoga,2023-10-15 02:30:00,temp,20.4,21.674360753095225,1,0,0,94.35313918141149
Shimoga,2023-10-16 02:30:00,temp,20.0,20.356161558854208,1,0,0,94.35313918141149
Shimoga,2023-10-17 02:30:00,temp,21.6,20.109884472781363,1,0,0,94.35313918141149
Shimoga,2023-10-18 02:30:00,temp,21.6,21.07744763585254,1,0,0,94.35313918141149
Shimoga,2023-10-19 02:15:00,temp,20.0,21.112265256796494,1,0,0,94.35313918141149
Shimoga,2023-10-20 02:30:00,temp,20.3,20.138972915279766,1,0,0,94.35313918141149
Shimoga,2023-10-21 02:15:00,temp,19.7,20.311409689106654,1,0,0,94.35313918141149
Shimoga,2023-10-22 02:15:00,temp,21.6,19.96185317541067,1,0,0,94.35313918141149
Shimoga,2023-10-23 02:15:00,temp,21.8,21.02676244691628,1,0,0,94.35313918141149
Shimoga,2023-10-24 02:15:00,temp,17.9,21.184094592817406,1,0,0,94.35313918141149
Shimoga,2023-10-25 02:15:00,temp,17.7,19.23063762592821,1,0,0,94.35313918141149
Shimoga,2023-10-26 02:00:00,temp,18.2,18.910135379392067,1,0,0,94.35313918141149
Shimoga,2023-10-27 02:15:00,temp,17.6,19.08870230395055,1,0,0,94.35313918141149
Shimoga,2023-10-28 02:00:00,temp,18.6,18.596357296675258,1,0,0,94.35313918141149
Shimoga,2023-10-29 02:45:00,temp,21.0,19.2026193721063,1,0,0,94.35313918141149
Shimoga,2023-10-30 02:00:00,temp,21.9,20.65132527222271,1,0,0,94.35313918141149
Shivpuri,2023-10-15 02:30:00,temp,23.7,24.82824677584789,1,1,1,122.78021027680393
Shivpuri,2023-10-16 02:30:00,temp,25.4,23.681832975926955,1,1,1,122.78021027680393
Shivpuri,2023-10-17 02:15:00,temp,19.2,25.018626430384714,1,1,1,122.78021027680393
Shivpuri,2023-10-18 02:15:00,temp,21.5,21.724395717682363,1,1,1,122.78021027680393
Shivpuri,2023-10-19 02:15:00,temp,21.6,19.874837080650963,1,1,1,122.78021027680393
Shivpuri,2023-10-20 02:15:00,temp,21.1,22.205788892070647,1,1,1,122.78021027680393
Shivpuri,2023-10-21 02:00:00,temp,20.8,21.81056184166017,1,1,1,122.78021027680393
Shivpuri,2023-10-22 02:15:00,temp,20.8,21.489605789758954,1,1,1,122.78021027680393
Shivpuri,2023-10-23 02:00:00,temp,20.8,21.342283709098922,1,1,1,122.78021027680393
Shivpuri,2023-10-24 02:15:00,temp,20.6,21.21868865176788,1,1,1,122.78021027680393
Shivpuri,2023-10-25 02:15:00,temp,19.8,20.988286377353248,1,1,1,122.78021027680393
Shivpuri,2023-10-26 02:00:00,temp,20.2,20.367931808285014,1,1,1,122.78021027680393
Shivpuri,2023-10-27 02:15:00,temp,19.6,20.460544046412753,1,1,1,122.78021027680393
Shivpuri,2023-10-28 02:00:00,temp,20.1,19.995692466966872,1,1,1,122.78021027680393
Shivpuri,2023-10-29 02:30:00,temp,21.2,20.18676610020605,1,1,1,122.78021027680393
Shivpuri,2023-10-30 01:45:00,temp,21.6,20.86101895778719,1,1,1,122.78021027680393
Shupiyan,2023-10-15 02:30:00,temp,10.1,12.2,0,1,0,145.48677273721606
Shupiyan,2023-10-16 02:30:00,temp,10.6,10.1,0,1,0,145.48677273721606
Shupiyan,2023-10-17 02:15:00,temp,8.9,10.6,0,1,0,145.48677273721606
Shupiyan,2023-10-18 02:15:00,temp,8.5,8.9,0,1,0,145.48677273721606
Shupiyan,2023-10-19 02:15:00,temp,8.5,8.5,0,1,0,145.48677273721606
Shupiyan,2023-10-20 02:15:00,temp,9.0,8.5,0,1,0,145.48677273721606
Shupiyan,2023-10-21 02:15:00,temp,9.5,9.0,0,1,0,145.48677273721606
Shupiyan,2023-10-22 02:15:00,temp,10.5,9.5,0,1,0,145.48677273721606
Shupiyan,2023-10-23 02:00:00,temp,6.7,10.5,0,1,0,145.48677273721606
Shupiyan,2023-10-24 02:15:00,temp,8.7,6.700000000000001,0,1,0,145.48677273721606
Shupiyan,2023-10-25 02:15:00,temp,8.4,8.7,0,1,0,145.48677273721606
Shupiyan,2023-10-26 02:00:00,temp,8.9,8.4,0,1,0,145.48677273721606
Shupiyan,2023-10-27 02:15:00,temp,9.1,8.9,0,1,0,145.48677273721606
Shupiyan,2023-10-28 02:00:00,temp,9.5,9.1,0,1,0,145.48677273721606
Shupiyan,2023-10-29 02:30:00,temp,9.6,9.5,0,1,0,145.48677273721606
Shupiyan,2023-10-30 01:45:00,temp,10.1,9.6,0,1,0,145.48677273721606
Siang,2023-10-14 02:30:00,temp,20.9,23.077567305756475,2,1,1,168.18349145486374
Siang,2023-10-15 02:30:00,temp,20.7,22.275636110249252,2,1,1,168.18349145486374
Siang,2023-10-16 02:30:00,temp,21.2,21.097838520608327,2,1,1,168.18349145486374
Siang,2023-10-17 02:15:00,temp,20.8,20.855828960237496,2,1,1,168.18349145486374
Siang,2023-10-17 02:30:00,temp,20.8,20.940018842721315,2,1,1,168.18349145486374
Siang,2023-10-18 02:30:00,temp,20.3,20.867004732768695,2,1,1,168.18349145486374
Siang,2023-10-19 02:15:00,temp,19.7,20.35074472877821,2,1,1,168.18349145486374
Siang,2023-10-19 02:30:00,temp,19.7,20.006538947075995,2,1,1,168.18349145486374
Siang,2023-10-20 02:30:00,temp,19.6,19.715991394398397,2,1,1,168.18349145486374
Siang,2023-10-21 02:15:00,temp,17.7,19.606839484041572,2,1,1,168.18349145486374
Siang,2023-10-21 02:30:00,temp,17.7,18.109708210512572,2,1,1,168.18349145486374
Siang,2023-10-22 02:15:00,temp,17.7,18.200155569144645,2,1,1,168.18349145486374
Siang,2023-10-22 02:30:00,temp,17.7,17.303182337560393,2,1,1,168.18349145486374
Siang,2023-10-23 02:15:00,temp,16.7,18.018531789656183,2,1,1,168.18349145486374
Siang,2023-10-24 02:15:00,temp,17.9,16.648174379610044,2,1,1,168.18349145486374
Siang,2023-10-25 02:15:00,temp,18.6,18.043041321271744,2,1,1,168.18349145486374
Siang,2023-10-25 02:30:00,temp,18.6,17.82039431353938,2,1,1,168.18349145486374
Siang,2023-10-26 02:00:00,temp,17.7,18.890356360103837,2,1,1,168.18349145486374
Siang,2023-10-27 02:15:00,temp,17.3,17.73213472156904,2,1,1,168.18349145486374
Siang,2023-10-27 02:30:00,temp,17.3,17.720515710865293,2,1,1,168.18349145486374
Siang,2023-10-28 02:00:00,temp,16.9,17.156498661069847,2,1,1,168.18349145486374
Siang,2023-10-29 02:30:00,temp,17.1,17.090586403118195,2,1,1,168.18349145486374
Siang,2023-10-29 02:45:00,temp,17.1,17.06941120106772,2,1,1,168.18349145486374
Siang,2023-10-30 01:45:00,temp,17.4,17.04768990523987,2,1,1,168.18349145486374
Siang,2023-10-30 02:00:00,temp,17.2,17.377164003265943,2,1,1,168.18349145486374
Siddipet,2023-10-15 02:30:00,temp,23.4,22.967154105068275,0,0,2,94.91428394876685
Siddipet,2023-10-16 02:30:00,temp,22.6,23.109825001129522,0,0,2,94.91428394876685
Siddipet,2023-10-17 02:30:00,temp,22.4,22.986082541384874,0,0,2,94.91428394876685
Siddipet,2023-10-18 02:30:00,temp,22.2,22.462856818867788,0,0,2,94.91428394876685
Siddipet,2023-10-19 02:30:00,temp,22.3,22.586929637899107,0,0,2,94.91428394876685
Siddipet,2023-10-20 02:30:00,temp,22.4,22.721633696225222,0,0,2,94.91428394876685
Siddipet,2023-10-21 02:30:00,temp,22.1,22.673195814598447,0,0,2,94.91428394876685
Siddipet,2023-10-22 02:30:00,temp,20.5,22.489293541620835,0,0,2,94.91428394876685
Siddipet,2023-10-23 02:15:00,temp,19.5,21.45222155210046,0,0,2,94.91428394876685
Siddipet,2023-10-24 02:15:00,temp,19.1,20.53636031387833,0,0,2,94.91428394876685
Siddipet,2023-10-25 02:30:00,temp,19.0,20.771774634407354,0,0,2,94.91428394876685
Siddipet,2023-10-26 02:00:00,temp,18.9,20.715054537663512,0,0,2,94.91428394876685
Siddipet,2023-10-27 02:30:00,temp,18.4,20.283967613984387,0,0,2,94.91428394876685
Siddipet,2023-10-28 02:00:00,temp,18.8,20.089825314747785,0,0,2,94.91428394876685
Siddipet,2023-10-29 02:45:00,temp,20.1,20.326942034782533,0,0,2,94.91428394876685
Siddipet,2023-10-30 02:00:00,temp,20.4,21.463603729387117,0,0,2,94.91428394876685
Sidhi,2023-10-15 02:30:00,temp,21.4,21.0,0,1,0,122.49659007134629
Sidhi,2023-10-16 02:30:00,temp,22.2,21.4,0,1,0,122.49659007134629
Sidhi,2023-10-17 02:15:00,temp,20.6,22.2,0,1,0,122.49659007134629
Sidhi,2023-10-18 02:15:00,temp,21.1,20.6,0,1,0,122.49659007134629
Sidhi,2023-10-19 02:15:00,temp,20.5,21.1,0,1,0,122.49659007134629
Sidhi,2023-10-20 02:15:00,temp,19.7,20.5,0,1,0,122.49659007134629
Sidhi,2023-10-21 02:00:00,temp,19.3,19.7,0,1,0,122.49659007134629
Sidhi,2023-10-22 02:15:00,temp,18.3,19.3,0,1,0,122.49659007134629
Sidhi,2023-10-23 02:00:00,temp,17.7,18.3,0,1,0,122.49659007134629
Sidhi,2023-10-24 02:15:00,temp,17.6,17.7,0,1,0,122.49659007134629
Sidhi,2023-10-25 02:15:00,temp,18.2,17.6,0,1,0,122.49659007134629
Sidhi,2023-10-26 02:00:00,temp,18.2,18.2,0,1,0,122.49659007134629
Sidhi,2023-10-27 02:15:00,temp,17.9,18.2,0,1,0,122.49659007134629
Sidhi,2023-10-28 02:00:00,temp,17.6,17.9,0,1,0,122.49659007134629
Sidhi,2023-10-29 02:30:00,temp,17.7,17.6,0,1,0,122.49659007134629
Sidhi,2023-10-30 01:45:00,temp,18.6,17.7,0,1,0,122.49659007134629
Sikar,2023-10-15 02:30:00,temp,25.2,25.82842207487028,2,0,2,149.7469869366421
Sikar,2023-10-16 02:30:00,temp,25.3,26.077533343338036,2,0,2,149.7469869366421
Sikar,2023-10-17 02:30:00,temp,22.0,25.790692176996448,2,0,2,149.7469869366421
Sikar,2023-10-18 02:30:00,temp,21.3,24.009437674707637,2,0,2,149.7469869366421
Sikar,2023-10-19 02:30:00,temp,21.7,22.53328590584755,2,0,2,149.7469869366421
Sikar,2023-10-20 02:30:00,temp,22.4,23.465514574256492,2,0,2,149.7469869366421
Sikar,2023-10-21 02:15:00,temp,23.3,25.091802002333733,2,0,2,149.7469869366421
Sikar,2023-10-22 02:30:00,temp,23.4,25.421647928307504,2,0,2,149.7469869366421
Sikar,2023-10-23 02:15:00,temp,23.5,24.172633310006084,2,0,2,149.7469869366421
Sikar,2023-10-24 02:15:00,temp,22.4,24.012017843924582,2,0,2,149.7469869366421
Sikar,2023-10-25 02:30:00,temp,22.2,23.4881004981819,2,0,2,149.7469869366421
Sikar,2023-10-26 02:00:00,temp,21.7,23.285506221536497,2,0,2,149.7469869366421
Sikar,2023-10-27 02:15:00,temp,22.0,22.447565831189117,2,0,2,149.7469869366421
Sikar,2023-10-28 02:00:00,temp,23.1,22.57580450600302,2,0,2,149.7469869366421
Sikar,2023-10-29 02:45:00,temp,23.9,23.262332897086072,2,0,2,149.7469869366421
Sikar,2023-10-30 02:00:00,temp,23.8,23.78138765555314,2,0,2,149.7469869366421
Simdega,2023-10-15 02:30:00,temp,20.7,22.30165987536945,1,1,0,112.60534400295428
Simdega,2023-10-16 02:30:00,temp,21.7,20.924835256628498,1,1,0,112.60534400295428
Simdega,2023-10-17 02:15:00,temp,23.0,21.452494264496885,1,1,0,112.60534400295428
Simdega,2023-10-18 02:30:00,temp,21.3,22.735641997728326,1,1,0,112.60534400295428
Simdega,2023-10-19 02:15:00,temp,21.6,21.731261314036864,1,1,0,112.60534400295428
Simdega,2023-10-20 02:30:00,temp,21.4,21.52554203138946,1,1,0,112.60534400295428
Simdega,2023-10-21 02:15:00,temp,19.3,21.44984717597364,1,1,0,112.60534400295428
Simdega,2023-10-22 02:15:00,temp,18.3,19.79980595422851,1,1,0,112.60534400295428
Simdega,2023-10-23 02:00:00,temp,17.8,18.46701848431442,1,1,0,112.60534400295428
Simdega,2023-10-24 02:15:00,temp,18.8,17.876177958663774,1,1,0,112.60534400295428
Simdega,2023-10-25 02:15:00,temp,22.2,18.637525639802803,1,1,0,112.60534400295428
Simdega,2023-10-26 02:00:00,temp,19.3,21.908625203066066,1,1,0,112.60534400295428
Simdega,2023-10-27 02:15:00,temp,17.8,19.987576241719225,1,1,0,112.60534400295428
Simdega,2023-10-28 02:00:00,temp,18.1,18.01342666345374,1,1,0,112.60534400295428
Simdega,2023-10-29 02:30:00,temp,18.1,18.056739499637153,1,1,0,112.60534400295428
Simdega,2023-10-30 01:45:00,temp,18.7,18.1,1,1,0,112.60534400295428
Sirmaur,2023-10-15 02:30:00,temp,25.0,23.982583299534838,2,1,2,136.81365101979492
Sirmaur,2023-10-16 02:30:00,temp,25.6,24.892534559486723,2,1,2,136.81365101979492
Sirmaur,2023-10-17 02:15:00,temp,22.6,25.444771583673354,2,1,2,136.81365101979492
Sirmaur,2023-10-18 02:15:00,temp,22.3,22.292234927057976,2,1,2,136.81365101979492
Sirmaur,2023-10-19 02:15:00,temp,22.4,22.334522055595897,2,1,2,136.81365101979492
Sirmaur,2023-10-20 02:15:00,temp,21.9,22.710848575081016,2,1,2,136.81365101979492
Sirmaur,2023-10-21 02:15:00,temp,21.4,22.531443180943057,2,1,2,136.81365101979492
Sirmaur,2023-10-22 02:15:00,temp,20.3,22.29053606912006,2,1,2,136.81365101979492
Sirmaur,2023-10-23 02:00:00,temp,20.1,21.40074195165101,2,1,2,136.81365101979492
Sirmaur,2023-10-24 02:15:00,temp,20.5,21.23453820528289,2,1,2,136.81365101979492
Sirmaur,2023-10-25 02:15:00,temp,21.2,21.52955147282306,2,1,2,136.81365101979492
Sirmaur,2023-10-26 02:00:00,temp,21.4,22.0245803177806,2,1,2,136.81365101979492
Sirmaur,2023-10-27 02:15:00,temp,21.1,21.966989666582688,2,1,2,136.81365101979492
Sirmaur,2023-10-28 02:00:00,temp,20.7,21.456629336925555,2,1,2,136.81365101979492
Sirmaur,2023-10-29 02:30:00,temp,21.0,20.91230028085772,2,1,2,136.81365101979492
Sirmaur,2023-10-30 01:45:00,temp,21.7,21.009106429614555,2,1,2,136.81365101979492
Sirohi,2023-10-15 02:30:00,temp,26.0,25.97002321112178,1,0,2,117.60383136833451
Sirohi,2023-10-16 02:30:00,temp,25.3,25.91379583789513,1,0,2,117.60383136833451
Sirohi,2023-10-17 02:30:00,temp,24.5,25.305498893672265,1,0,2,117.60383136833451
Sirohi,2023-10-18 02:30:00,temp,24.9,24.597175715824857,1,0,2,117.60383136833451
Sirohi,2023-10-19 02:30:00,temp,24.2,25.028811241516696,1,0,2,117.60383136833451
Sirohi,2023-10-20 02:30:00,temp,24.6,24.87940975865701,1,0,2,117.60383136833451
Sirohi,2023-10-21 02:15:00,temp,25.0,24.68448680881295,1,0,2,117.60383136833451
Sirohi,2023-10-22 02:30:00,temp,25.4,25.257567221074112,1,0,2,117.60383136833451
Sirohi,2023-10-23 02:15:00,temp,25.6,25.642927999088805,1,0,2,117.60383136833451
Sirohi,2023-10-24 02:15:00,temp,24.7,25.605557138298547,1,0,2,117.60383136833451
Sirohi,2023-10-25 02:30:00,temp,25.4,24.87057562228444,1,0,2,117.60383136833451
Sirohi,2023-10-26 02:00:00,temp,24.0,25.20733290798787,1,0,2,117.60383136833451
Sirohi,2023-10-27 02:15:00,temp,24.0,24.75867044138154,1,0,2,117.60383136833451
Sirohi,2023-10-28 02:00:00,temp,25.1,24.088512054923736,1,0,2,117.60383136833451
Sirohi,2023-10-29 02:45:00,temp,24.0,25.187470300278825,1,0,2,117.60383136833451
Sirohi,2023-10-30 02:00:00,temp,24.3,24.91058882131708,1,0,2,117.60383136833451
Sirsa,2023-10-15 02:30:00,temp,26.8,25.85962176907133,2,1,1,173.1737667573944
Sirsa,2023-10-16 02:30:00,temp,24.2,27.084142618985734,2,1,1,173.1737667573944
Sirsa,2023-10-17 02:15:00,temp,19.5,24.25657136214031,2,1,1,173.1737667573944
Sirsa,2023-10-18 02:30:00,temp,21.4,20.284474347077484,2,1,1,173.1737667573944
Sirsa,2023-10-19 02:15:00,temp,20.8,23.8444795696168,2,1,1,173.1737667573944
Sirsa,2023-10-20 02:30:00,temp,21.9,21.932361971244802,2,1,1,173.1737667573944
Sirsa,2023-10-21 02:15:00,temp,23.1,22.964416681461902,2,1,1,173.1737667573944
Sirsa,2023-10-22 02:15:00,temp,23.1,23.65324019072604,2,1,1,173.1737667573944
Sirsa,2023-10-23 02:15:00,temp,22.8,23.208465734760427,2,1,1,173.1737667573944
Sirsa,2023-10-24 02:15:00,temp,22.2,22.88492507766666,2,1,1,173.1737667573944
Sirsa,2023-10-25 02:15:00,temp,22.3,22.35652905327677,2,1,1,173.1737667573944
Sirsa,2023-10-26 02:00:00,temp,22.2,22.58970373253557,2,1,1,173.1737667573944
Sirsa,2023-10-27 02:15:00,temp,21.9,22.408587775075798,2,1,1,173.1737667573944
Sirsa,2023-10-28 02:00:00,temp,23.7,22.10481994587877,2,1,1,173.1737667573944
Sirsa,2023-10-29 02:30:00,temp,24.3,23.882893164009708,2,1,1,173.1737667573944
Sirsa,2023-10-30 01:45:00,temp,24.1,23.932380257852156,2,1,1,173.1737667573944
Sitamarhi,2023-10-15 02:30:00,temp,21.8,21.8,0,1,0,147.67780524413163
Sitamarhi,2023-10-16 02:30:00,temp,22.8,21.8,0,1,0,147.67780524413163
Sitamarhi,2023-10-17 02:15:00,temp,22.1,22.8,0,1,0,147.67780524413163
Sitamarhi,2023-10-18 02:30:00,temp,22.0,22.1,0,1,0,147.67780524413163
Sitamarhi,2023-10-19 02:15:00,temp,21.1,22.0,0,1,0,147.67780524413163
Sitamarhi,2023-10-20 02:30:00,temp,20.3,21.1,0,1,0,147.67780524413163
Sitamarhi,2023-10-21 02:15:00,temp,20.1,20.3,0,1,0,147.67780524413163
Sitamarhi,2023-10-22 02:15:00,temp,19.8,20.1,0,1,0,147.67780524413163
Sitamarhi,2023-10-23 02:15:00,temp,20.6,19.8,0,1,0,147.67780524413163
Sitamarhi,2023-10-24 02:15:00,temp,20.9,20.6,0,1,0,147.67780524413163
Sitamarhi,2023-10-25 02:15:00,temp,21.4,20.9,0,1,0,147.67780524413163
Sitamarhi,2023-10-26 02:00:00,temp,21.5,21.4,0,1,0,147.67780524413163
Sitamarhi,2023-10-27 02:15:00,temp,21.4,21.5,0,1,0,147.67780524413163
Sitamarhi,2023-10-28 02:00:00,temp,21.5,21.4,0,1,0,147.67780524413163
Sitamarhi,2023-10-29 02:30:00,temp,20.9,21.5,0,1,0,147.67780524413163
Sitamarhi,2023-10-30 01:45:00,temp,20.5,20.9,0,1,0,147.67780524413163
Sitapur,2023-10-15 02:30:00,temp,23.5,23.934972828537134,2,1,1,140.71923708933667
Sitapur,2023-10-16 02:30:00,temp,23.5,24.299330931889646,2,1,1,140.71923708933667
Sitapur,2023-10-17 02:30:00,temp,21.3,23.792748940238365,2,1,1,140.71923708933667
Sitapur,2023-10-18 02:30:00,temp,20.8,21.45528465596314,2,1,1,140.71923708933667
Sitapur,2023-10-19 02:30:00,temp,19.9,21.716938517298328,2,1,1,140.71923708933667
Sitapur,2023-10-20 02:30:00,temp,19.3,20.596225440389468,2,1,1,140.71923708933667
Sitapur,2023-10-21 02:15:00,temp,19.7,19.966863895240973,2,1,1,140.71923708933667
Sitapur,2023-10-22 02:30:00,temp,20.3,20.381475627700063,2,1,1,140.71923708933667
Sitapur,2023-10-23 02:15:00,temp,20.5,20.656202451089573,2,1,1,140.71923708933667
Sitapur,2023-10-24 02:15:00,temp,20.3,20.528111619121777,2,1,1,140.71923708933667
Sitapur,2023-10-25 02:30:00,temp,21.2,20.221826845360773,2,1,1,140.71923708933667
Sitapur,2023-10-26 02:00:00,temp,21.1,21.305358144031715,2,1,1,140.71923708933667
Sitapur,2023-10-27 02:15:00,temp,20.6,20.84200435745069,2,1,1,140.71923708933667
Sitapur,2023-10-28 02:00:00,temp,21.0,20.42154594057888,2,1,1,140.71923708933667
Sitapur,2023-10-29 02:45:00,temp,21.0,21.085017810800167,2,1,1,140.71923708933667
Sitapur,2023-10-30 02:00:00,temp,20.8,20.916465902967477,2,1,1,140.71923708933667
Sivaganga,2023-10-15 02:30:00,temp,26.4,26.32221710300055,0,0,0,128.25321953895377
Sivaganga,2023-10-16 02:30:00,temp,26.5,26.32390764946318,0,0,0,128.25321953895377
Sivaganga,2023-10-17 02:30:00,temp,24.0,26.32765477374955,0,0,0,128.25321953895377
Sivaganga,2023-10-18 02:30:00,temp,25.0,26.279161514242492,0,0,0,128.25321953895377
Sivaganga,2023-10-19 02:30:00,temp,25.0,26.253056127118455,0,0,0,128.25321953895377
Sivaganga,2023-10-20 02:30:00,temp,25.7,26.227994954145988,0,0,0,128.25321953895377
Sivaganga,2023-10-21 02:15:00,temp,25.0,26.217642036332066,0,0,0,128.25321953895377
Sivaganga,2023-10-22 02:30:00,temp,24.0,26.19422567338009,0,0,0,128.25321953895377
Sivaganga,2023-10-23 02:15:00,temp,26.0,26.152825049237958,0,0,0,128.25321953895377
Sivaganga,2023-10-24 02:15:00,temp,25.5,26.149994857614914,0,0,0,128.25321953895377
Sivaganga,2023-10-25 02:30:00,temp,25.6,26.13817668425885,0,0,0,128.25321953895377
Sivaganga,2023-10-26 02:00:00,temp,26.5,26.128566299698853,0,0,0,128.25321953895377
Sivaganga,2023-10-27 02:15:00,temp,25.4,26.13508259006121,0,0,0,128.25321953895377
Sivaganga,2023-10-28 02:00:00,temp,24.7,26.122408737978603,0,0,0,128.25321953895377
Sivaganga,2023-10-29 02:45:00,temp,26.0,26.0983000152139,0,0,0,128.25321953895377
Sivaganga,2023-10-30 02:00:00,temp,25.0,26.096661530404333,0,0,0,128.25321953895377
Siwan,2023-10-15 02:30:00,temp,22.8,23.011523206159346,2,1,1,142.90997757050212
Siwan,2023-10-16 02:30:00,temp,23.3,23.480528132461306,2,1,1,142.90997757050212
Siwan,2023-10-17 02:15:00,temp,23.1,23.80073749356291,2,1,1,142.90997757050212
Siwan,2023-10-18 02:30:00,temp,22.4,23.31310841288389,2,1,1,142.90997757050212
Siwan,2023-10-19 02:15:00,temp,21.0,22.553349238288746,2,1,1,142.90997757050212
Siwan,2023-10-20 02:30:00,temp,20.7,21.145097103950874,2,1,1,142.90997757050212
Siwan,2023-10-21 02:15:00,temp,20.5,21.22214570374335,2,1,1,142.90997757050212
Siwan,2023-10-22 02:15:00,temp,20.8,20.9359616541694,2,1,1,142.90997757050212
Siwan,2023-10-23 02:15:00,temp,20.7,21.23131961279929,2,1,1,142.90997757050212
Siwan,2023-10-24 02:15:00,temp,21.2,20.891207241619757,2,1,1,142.90997757050212
Siwan,2023-10-25 02:15:00,temp,22.5,21.45475073163107,2,1,1,142.90997757050212
Siwan,2023-10-26 02:00:00,temp,21.9,22.741576145178584,2,1,1,142.90997757050212
Siwan,2023-10-27 02:15:00,temp,21.7,21.56320239486699,2,1,1,142.90997757050212
Siwan,2023-10-28 02:00:00,temp,21.4,21.613456929412855,2,1,1,142.90997757050212
Siwan,2023-10-29 02:30:00,temp,21.8,21.359657949541354,2,1,1,142.90997757050212
Siwan,2023-10-30 01:45:00,temp,21.6,21.914457609731016,2,1,1,142.90997757050212
Solan,2023-10-15 02:30:00,temp,15.4,16.105385762585453,1,1,2,168.25768604973044
Solan,2023-10-16 02:30:00,temp,14.8,15.328298748711221,1,1,2,168.25768604973044
Solan,2023-10-17 02:15:00,temp,13.8,15.03201015725025,1,1,2,168.25768604973044
Solan,2023-10-18 02:15:00,temp,11.9,14.085850931202561,1,1,2,168.25768604973044
Solan,2023-10-19 02:15:00,temp,12.4,12.384119770083778,1,1,2,168.25768604973044
Solan,2023-10-20 02:15:00,temp,12.7,13.446054322470864,1,1,2,168.25768604973044
Solan,2023-10-21 02:00:00,temp,12.9,13.148373202645583,1,1,2,168.25768604973044
Solan,2023-10-22 02:15:00,temp,13.0,13.363363416588198,1,1,2,168.25768604973044
Solan,2023-10-23 02:00:00,temp,13.0,13.291362796329032,1,1,2,168.25768604973044
Solan,2023-10-24 02:15:00,temp,12.8,13.252762352956255,1,1,2,168.25768604973044
Solan,2023-10-25 02:15:00,temp,13.3,12.997686011204685,1,1,2,168.25768604973044
Solan,2023-10-26 02:00:00,temp,13.3,13.576776092131968,1,1,2,168.25768604973044
Solan,2023-10-27 02:15:00,temp,13.1,13.311165745457814,1,1,2,168.25768604973044
Solan,2023-10-28 02:00:00,temp,13.4,13.192651609956338,1,1,2,168.25768604973044
Solan,2023-10-29 02:30:00,temp,14.5,13.53193991570208,1,1,2,168.25768604973044
Solan,2023-10-30 01:45:00,temp,13.7,14.542530683741889,1,1,2,168.25768604973044
Solapur,2023-10-15 02:30:00,temp,25.2,24.894174307789047,0,0,2,132.65539423259213
Solapur,2023-10-16 02:30:00,temp,25.7,24.920285995461494,0,0,2,132.65539423259213
Solapur,2023-10-17 02:30:00,temp,25.4,25.303604663623155,0,0,2,132.65539423259213
Solapur,2023-10-18 02:30:00,temp,25.5,25.082701948196675,0,0,2,132.65539423259213
Solapur,2023-10-19 02:30:00,temp,25.6,24.9576411554377,0,0,2,132.65539423259213
Solapur,2023-10-20 02:30:00,temp,26.0,25.32181002646386,0,0,2,132.65539423259213
Solapur,2023-10-21 02:15:00,temp,25.2,25.505486444571893,0,0,2,132.65539423259213
Solapur,2023-10-22 02:30:00,temp,24.8,24.806372888146555,0,0,2,132.65539423259213
Solapur,2023-10-23 02:15:00,temp,23.0,24.487422155957926,0,0,2,132.65539423259213
Solapur,2023-10-24 02:15:00,temp,22.9,23.53366627329558,0,0,2,132.65539423259213
Solapur,2023-10-25 02:15:00,temp,22.4,23.29484570382643,0,0,2,132.65539423259213
Solapur,2023-10-26 02:00:00,temp,21.6,23.541918217050977,0,0,2,132.65539423259213
Solapur,2023-10-27 02:15:00,temp,21.2,22.530185220571855,0,0,2,132.65539423259213
Solapur,2023-10-28 02:00:00,temp,21.6,22.3058569492051,0,0,2,132.65539423259213
Solapur,2023-10-29 02:45:00,temp,22.1,23.107381304096563,0,0,2,132.65539423259213
Solapur,2023-10-30 02:00:00,temp,22.5,23.158781051282713,0,0,2,132.65539423259213
Somnath,2023-10-15 02:30:00,temp,26.4,26.33944388653542,2,1,2,57.7415679966243
Somnath,2023-10-16 02:30:00,temp,25.7,26.336321582991832,2,1,2,57.7415679966243
Somnath,2023-10-17 02:15:00,temp,25.9,25.709724328745892,2,1,2,57.7415679966243
Somnath,2023-10-18 02:15:00,temp,26.2,26.154408065226704,2,1,2,57.7415679966243
Somnath,2023-10-19 02:15:00,temp,26.9,26.45412298418891,2,1,2,57.7415679966243
Somnath,2023-10-20 02:30:00,temp,26.6,26.831692412509184,2,1,2,57.7415679966243
Somnath,2023-10-21 02:15:00,temp,27.1,26.4185491775204,2,1,2,57.7415679966243
Somnath,2023-10-22 02:15:00,temp,27.3,26.899247292804013,2,1,2,57.7415679966243
Somnath,2023-10-23 02:00:00,temp,27.2,26.946106723033058,2,1,2,57.7415679966243
Somnath,2023-10-24 02:15:00,temp,27.0,27.03056358268673,2,1,2,57.7415679966243
Somnath,2023-10-25 02:15:00,temp,27.5,27.125444712692516,2,1,2,57.7415679966243
Somnath,2023-10-26 02:00:00,temp,27.1,27.709178659703145,2,1,2,57.7415679966243
Somnath,2023-10-27 02:15:00,temp,26.7,27.404220858934877,2,1,2,57.7415679966243
Somnath,2023-10-28 02:00:00,temp,26.6,26.98375628827911,2,1,2,57.7415679966243
Somnath,2023-10-29 02:30:00,temp,26.7,26.715863999999904,2,1,2,57.7415679966243
Somnath,2023-10-30 01:45:00,temp,27.1,26.578637707666584,2,1,2,57.7415679966243
Sonipat,2023-10-15 02:30:00,temp,24.0,25.73426365668174,2,1,2,169.32530875094264
Sonipat,2023-10-16 02:30:00,temp,26.0,24.741556634130937,2,1,2,169.32530875094264
Sonipat,2023-10-17 02:15:00,temp,19.0,26.377776286443794,2,1,2,169.32530875094264
Sonipat,2023-10-18 02:30:00,temp,21.0,21.06751940113149,2,1,2,169.32530875094264
Sonipat,2023-10-19 02:15:00,temp,21.0,22.639032185809267,2,1,2,169.32530875094264
Sonipat,2023-10-20 02:30:00,temp,21.0,22.34367794733572,2,1,2,169.32530875094264
Sonipat,2023-10-21 02:15:00,temp,20.0,21.382368411927093,2,1,2,169.32530875094264
Sonipat,2023-10-22 02:15:00,temp,21.0,20.318441571976603,2,1,2,169.32530875094264
Sonipat,2023-10-23 02:15:00,temp,21.0,21.5265338567986,2,1,2,169.32530875094264
Sonipat,2023-10-24 02:15:00,temp,22.0,21.15141762569611,2,1,2,169.32530875094264
Sonipat,2023-10-25 02:15:00,temp,21.0,21.681538036967677,2,1,2,169.32530875094264
Sonipat,2023-10-26 02:00:00,temp,22.0,20.91276458377506,2,1,2,169.32530875094264
Sonipat,2023-10-27 02:15:00,temp,21.0,21.946426112641987,2,1,2,169.32530875094264
Sonipat,2023-10-28 02:00:00,temp,20.0,20.951654233425465,2,1,2,169.32530875094264
Sonipat,2023-10-29 02:30:00,temp,22.6,20.210112957255607,2,1,2,169.32530875094264
Sonipat,2023-10-30 01:45:00,temp,22.0,22.28412400956046,2,1,2,169.32530875094264
South Salmara,2023-10-16 02:30:00,temp,22.7,22.9,0,1,0,122.37630916689001
South Salmara,2023-10-17 02:30:00,temp,22.3,22.7,0,1,0,122.37630916689001
South Salmara,2023-10-18 02:30:00,temp,22.3,22.3,0,1,0,122.37630916689001
South Salmara,2023-10-19 02:30:00,temp,22.3,22.3,0,1,0,122.37630916689001
South Salmara,2023-10-20 02:30:00,temp,21.8,22.3,0,1,0,122.37630916689001
South Salmara,2023-10-21 02:15:00,temp,21.3,21.8,0,1,0,122.37630916689001
South Salmara,2023-10-21 02:30:00,temp,21.3,21.3,0,1,0,122.37630916689001
South Salmara,2023-10-22 02:30:00,temp,20.7,21.3,0,1,0,122.37630916689001
South Salmara,2023-10-23 02:15:00,temp,20.9,20.7,0,1,0,122.37630916689001
South Salmara,2023-10-24 02:15:00,temp,21.4,20.9,0,1,0,122.37630916689001
South Salmara,2023-10-25 02:30:00,temp,20.7,21.4,0,1,0,122.37630916689001
South Salmara,2023-10-26 02:00:00,temp,21.4,20.7,0,1,0,122.37630916689001
South Salmara,2023-10-27 02:30:00,temp,22.2,21.4,0,1,0,122.37630916689001
South Salmara,2023-10-28 02:00:00,temp,21.0,22.2,0,1,0,122.37630916689001
South Salmara,2023-10-29 02:45:00,temp,20.9,21.0,0,1,0,122.37630916689001
South Salmara,2023-10-30 02:00:00,temp,21.3,20.9,0,1,0,122.37630916689001
South Suburban,2023-10-15 02:30:00,temp,27.0,26.84346785742736,1,0,2,135.24720894708622
South Suburban,2023-10-16 02:30:00,temp,26.0,27.484645965346022,1,0,2,135.24720894708622
South Suburban,2023-10-17 02:30:00,temp,27.0,27.04634198539208,1,0,2,135.24720894708622
South Suburban,2023-10-18 02:30:00,temp,27.0,27.13577582482072,1,0,2,135.24720894708622
South Suburban,2023-10-19 02:30:00,temp,26.0,27.80516839055182,1,0,2,135.24720894708622
South Suburban,2023-10-20 02:30:00,temp,25.0,26.41097059201759,1,0,2,135.24720894708622
South Suburban,2023-10-21 02:30:00,temp,24.0,26.8813590898611,1,0,2,135.24720894708622
South Suburban,2023-10-22 02:30:00,temp,25.0,25.769555775376457,1,0,2,135.24720894708622
South Suburban,2023-10-23 02:15:00,temp,26.0,26.651093720400425,1,0,2,135.24720894708622
South Suburban,2023-10-24 02:15:00,temp,25.0,27.154395891029722,1,0,2,135.24720894708622
South Suburban,2023-10-25 02:30:00,temp,24.0,25.95635670761057,1,0,2,135.24720894708622
South Suburban,2023-10-26 02:00:00,temp,26.0,25.057865817582996,1,0,2,135.24720894708622
South Suburban,2023-10-27 02:30:00,temp,26.0,26.20599125442702,1,0,2,135.24720894708622
South Suburban,2023-10-28 02:00:00,temp,25.0,26.344629933913076,1,0,2,135.24720894708622
South Suburban,2023-10-29 02:45:00,temp,24.0,25.702176253576983,1,0,2,135.24720894708622
South Suburban,2023-10-30 02:00:00,temp,24.0,24.94138045726224,1,0,2,135.24720894708622
Srikakulam,2023-10-15 02:30:00,temp,24.4,25.490092039897082,1,1,1,89.18969894099432
Srikakulam,2023-10-16 02:30:00,temp,24.4,24.84023534792216,1,1,1,89.18969894099432
Srikakulam,2023-10-17 02:15:00,temp,24.1,24.752652232721974,1,1,1,89.18969894099432
Srikakulam,2023-10-18 02:15:00,temp,23.9,24.46911790429358,1,1,1,89.18969894099432
Srikakulam,2023-10-19 02:15:00,temp,24.0,24.238512227448368,1,1,1,89.18969894099432
Srikakulam,2023-10-20 02:30:00,temp,23.8,24.234207180957675,1,1,1,89.18969894099432
Srikakulam,2023-10-21 02:15:00,temp,23.6,24.02975266060677,1,1,1,89.18969894099432
Srikakulam,2023-10-22 02:15:00,temp,23.1,23.822102806315435,1,1,1,89.18969894099432
Srikakulam,2023-10-23 02:00:00,temp,22.5,23.38000354458097,1,1,1,89.18969894099432
Srikakulam,2023-10-24 02:15:00,temp,22.7,22.814250080053608,1,1,1,89.18969894099432
Srikakulam,2023-10-25 02:15:00,temp,24.0,22.87424034091263,1,1,1,89.18969894099432
Srikakulam,2023-10-26 02:00:00,temp,24.8,23.850185518449386,1,1,1,89.18969894099432
Srikakulam,2023-10-27 02:15:00,temp,23.7,24.55383856189908,1,1,1,89.18969894099432
Srikakulam,2023-10-28 02:00:00,temp,23.1,23.73839420371971,1,1,1,89.18969894099432
Srikakulam,2023-10-29 02:30:00,temp,22.7,23.2906729506529,1,1,1,89.18969894099432
Srikakulam,2023-10-30 01:45:00,temp,22.0,22.866715163047772,1,1,1,89.18969894099432
Srinagar,2023-10-15 02:30:00,temp,7.1,10.181672114414603,0,1,2,155.04899233889924
Srinagar,2023-10-16 02:30:00,temp,7.5,7.167436940046254,0,1,2,155.04899233889924
Srinagar,2023-10-17 02:15:00,temp,5.0,8.604669053290715,0,1,2,155.04899233889924
Srinagar,2023-10-18 02:15:00,temp,3.5,5.3505134989402245,0,1,2,155.04899233889924
Srinagar,2023-10-19 02:15:00,temp,5.3,4.421663188259776,0,1,2,155.04899233889924
Srinagar,2023-10-20 02:15:00,temp,6.2,5.732456498668012,0,1,2,155.04899233889924
Srinagar,2023-10-21 02:00:00,temp,6.3,5.973914247744941,0,1,2,155.04899233889924
Srinagar,2023-10-22 02:15:00,temp,7.4,6.140691492260887,0,1,2,155.04899233889924
Srinagar,2023-10-23 02:00:00,temp,3.8,7.215455156003614,0,1,2,155.04899233889924
Srinagar,2023-10-24 02:15:00,temp,5.7,3.7588307149063165,0,1,2,155.04899233889924
Srinagar,2023-10-25 02:15:00,temp,6.0,6.368199473091067,0,1,2,155.04899233889924
Srinagar,2023-10-26 02:00:00,temp,6.6,5.5830765117066505,0,1,2,155.04899233889924
Srinagar,2023-10-27 02:15:00,temp,6.5,6.5036011058758225,0,1,2,155.04899233889924
Srinagar,2023-10-28 02:00:00,temp,6.5,6.2401740143870486,0,1,2,155.04899233889924
Srinagar,2023-10-29 02:30:00,temp,6.4,6.456293823251776,0,1,2,155.04899233889924
Srinagar,2023-10-30 01:45:00,temp,7.3,6.3426041013296555,0,1,2,155.04899233889924
Sukma,2023-10-15 02:30:00,temp,22.1,21.916994937488774,2,1,0,112.9839660487637
Sukma,2023-10-16 02:30:00,temp,21.7,21.990253108340116,2,1,0,112.9839660487637
Sukma,2023-10-17 02:30:00,temp,22.0,21.72945070174322,2,1,0,112.9839660487637
Sukma,2023-10-18 02:30:00,temp,20.9,22.017327842092865,2,1,0,112.9839660487637
Sukma,2023-10-19 02:15:00,temp,21.3,21.31879049611769,2,1,0,112.9839660487637
Sukma,2023-10-20 02:30:00,temp,20.5,21.54103494327152,2,1,0,112.9839660487637
Sukma,2023-10-21 02:15:00,temp,20.5,20.743564601335002,2,1,0,112.9839660487637
Sukma,2023-10-22 02:15:00,temp,19.2,20.796336975299734,2,1,0,112.9839660487637
Sukma,2023-10-23 02:15:00,temp,18.0,19.813835221374866,2,1,0,112.9839660487637
Sukma,2023-10-24 02:15:00,temp,19.0,18.898058023264184,2,1,0,112.9839660487637
Sukma,2023-10-25 02:15:00,temp,19.4,18.967747300540914,2,1,0,112.9839660487637
Sukma,2023-10-26 02:00:00,temp,19.7,18.910296005475647,2,1,0,112.9839660487637
Sukma,2023-10-27 02:15:00,temp,19.0,19.4595065445689,2,1,0,112.9839660487637
Sukma,2023-10-28 02:00:00,temp,19.7,19.185247419682412,2,1,0,112.9839660487637
Sukma,2023-10-29 02:30:00,temp,21.9,19.63337977323954,2,1,0,112.9839660487637
Sukma,2023-10-30 01:45:00,temp,20.9,20.83250279964843,2,1,0,112.9839660487637
Sultanpur,2023-10-15 02:30:00,temp,23.7,23.77745004886277,1,1,2,136.66189917593425
Sultanpur,2023-10-16 02:30:00,temp,23.7,24.217429348013603,1,1,2,136.66189917593425
Sultanpur,2023-10-17 02:30:00,temp,21.1,23.9132055694811,1,1,2,136.66189917593425
Sultanpur,2023-10-18 02:30:00,temp,22.1,21.03975537293892,1,1,2,136.66189917593425
Sultanpur,2023-10-19 02:30:00,temp,20.8,23.392301329718492,1,1,2,136.66189917593425
Sultanpur,2023-10-20 02:30:00,temp,20.8,20.96498596833831,1,1,2,136.66189917593425
Sultanpur,2023-10-21 02:15:00,temp,20.0,21.458386251207884,1,1,2,136.66189917593425
Sultanpur,2023-10-22 02:30:00,temp,20.0,20.282189940718883,1,1,2,136.66189917593425
Sultanpur,2023-10-23 02:15:00,temp,20.8,20.410036687672257,1,1,2,136.66189917593425
Sultanpur,2023-10-24 02:15:00,temp,21.5,21.104138321208872,1,1,2,136.66189917593425
Sultanpur,2023-10-25 02:30:00,temp,21.4,21.607585902813206,1,1,2,136.66189917593425
Sultanpur,2023-10-26 02:00:00,temp,22.3,21.361476282137584,1,1,2,136.66189917593425
Sultanpur,2023-10-27 02:30:00,temp,21.5,22.362129770530924,1,1,2,136.66189917593425
Sultanpur,2023-10-28 02:00:00,temp,21.4,21.325888911446143,1,1,2,136.66189917593425
Sultanpur,2023-10-29 02:45:00,temp,21.3,21.47771921785455,1,1,2,136.66189917593425
Sultanpur,2023-10-30 02:00:00,temp,21.4,21.329567371691883,1,1,2,136.66189917593425
Sundargarh,2023-10-15 02:30:00,temp,22.5,24.097843707492128,1,1,1,120.2152777193189
Sundargarh,2023-10-16 02:30:00,temp,22.9,22.998891854965624,1,1,1,120.2152777193189
Sundargarh,2023-10-17 02:30:00,temp,22.8,23.215558425895196,1,1,1,120.2152777193189
Sundargarh,2023-10-18 02:30:00,temp,22.0,23.10589749198269,1,1,1,120.2152777193189
Sundargarh,2023-10-19 02:30:00,temp,22.9,22.488732225984158,1,1,1,120.2152777193189
Sundargarh,2023-10-20 02:30:00,temp,21.6,23.071788416645564,1,1,1,120.2152777193189
Sundargarh,2023-10-21 02:15:00,temp,20.0,22.117531821067107,1,1,1,120.2152777193189
Sundargarh,2023-10-22 02:30:00,temp,19.1,20.73264279621267,1,1,1,120.2152777193189
Sundargarh,2023-10-23 02:15:00,temp,18.4,19.018398840391086,1,1,1,120.2152777193189
Sundargarh,2023-10-24 02:15:00,temp,19.5,18.407301735620802,1,1,1,120.2152777193189
Sundargarh,2023-10-25 02:30:00,temp,21.2,19.596978759129314,1,1,1,120.2152777193189
Sundargarh,2023-10-26 02:00:00,temp,19.5,21.294304633315086,1,1,1,120.2152777193189
Sundargarh,2023-10-27 02:15:00,temp,18.2,19.72145354999332,1,1,1,120.2152777193189
Sundargarh,2023-10-28 02:00:00,temp,18.5,18.55711547822558,1,1,1,120.2152777193189
Sundargarh,2023-10-29 02:45:00,temp,18.8,18.70379325396096,1,1,1,120.2152777193189
Sundargarh,2023-10-30 02:00:00,temp,19.1,18.897770398765054,1,1,1,120.2152777193189
Supaul,2023-10-15 02:30:00,temp,22.9,22.93493222331515,1,1,1,159.75453830093898
Supaul,2023-10-16 02:30:00,temp,24.1,23.467847816653123,1,1,1,159.75453830093898
Supaul,2023-10-17 02:15:00,temp,23.2,23.51568813289314,1,1,1,159.75453830093898
Supaul,2023-10-18 02:30:00,temp,23.5,23.791951296855398,1,1,1,159.75453830093898
Supaul,2023-10-19 02:15:00,temp,21.6,22.913201810535007,1,1,1,159.75453830093898
Supaul,2023-10-20 02:30:00,temp,21.8,22.215785604119375,1,1,1,159.75453830093898
Supaul,2023-10-21 02:15:00,temp,21.1,21.19230934253729,1,1,1,159.75453830093898
Supaul,2023-10-22 02:15:00,temp,20.9,21.71052231630778,1,1,1,159.75453830093898
Supaul,2023-10-23 02:15:00,temp,21.5,20.305981186054225,1,1,1,159.75453830093898
Supaul,2023-10-24 02:15:00,temp,21.5,22.06969012521358,1,1,1,159.75453830093898
Supaul,2023-10-25 02:15:00,temp,22.4,20.940818744227908,1,1,1,159.75453830093898
Supaul,2023-10-26 02:00:00,temp,21.9,22.930037461131793,1,1,1,159.75453830093898
Supaul,2023-10-27 02:15:00,temp,21.1,21.390111825278744,1,1,1,159.75453830093898
Supaul,2023-10-28 02:00:00,temp,21.0,21.61640853371592,1,1,1,159.75453830093898
Supaul,2023-10-29 02:30:00,temp,21.9,20.49493617046664,1,1,1,159.75453830093898
Supaul,2023-10-30 01:45:00,temp,21.6,22.377832075796174,1,1,1,159.75453830093898
Surajpur,2023-10-15 02:30:00,temp,22.3,20.73046965996943,1,1,1,164.51089061851252
Surajpur,2023-10-16 02:30:00,temp,21.6,21.99275725015309,1,1,1,164.51089061851252
Surajpur,2023-10-17 02:30:00,temp,18.3,21.627381901188276,1,1,1,164.51089061851252
Surajpur,2023-10-18 02:30:00,temp,17.2,19.751814528244385,1,1,1,164.51089061851252
Surajpur,2023-10-19 02:15:00,temp,16.7,18.65499962752831,1,1,1,164.51089061851252
Surajpur,2023-10-20 02:30:00,temp,17.2,17.8925125913682,1,1,1,164.51089061851252
Surajpur,2023-10-21 02:15:00,temp,18.2,17.97326656101422,1,1,1,164.51089061851252
Surajpur,2023-10-22 02:15:00,temp,18.9,18.548631643079553,1,1,1,164.51089061851252
Surajpur,2023-10-23 02:15:00,temp,17.8,18.992335496507238,1,1,1,164.51089061851252
Surajpur,2023-10-24 02:15:00,temp,17.5,18.174505964434537,1,1,1,164.51089061851252
Surajpur,2023-10-25 02:15:00,temp,19.3,17.879881557618372,1,1,1,164.51089061851252
Surajpur,2023-10-26 02:00:00,temp,18.6,19.07737508615744,1,1,1,164.51089061851252
Surajpur,2023-10-27 02:15:00,temp,17.8,18.628825370158328,1,1,1,164.51089061851252
Surajpur,2023-10-28 02:00:00,temp,18.5,18.07467003685383,1,1,1,164.51089061851252
Surajpur,2023-10-29 02:30:00,temp,17.8,18.499497101430855,1,1,1,164.51089061851252
Surajpur,2023-10-30 01:45:00,temp,18.4,18.024562674441757,1,1,1,164.51089061851252
Surat,2023-10-15 02:30:00,temp,27.2,27.586647544406546,2,0,1,67.69544291841132
Surat,2023-10-16 02:30:00,temp,26.7,26.89684690944705,2,0,1,67.69544291841132
Surat,2023-10-17 02:15:00,temp,27.8,26.41871365624853,2,0,1,67.69544291841132
Surat,2023-10-18 02:15:00,temp,27.1,27.413533115391363,2,0,1,67.69544291841132
Surat,2023-10-19 02:15:00,temp,25.8,26.491568771690623,2,0,1,67.69544291841132
Surat,2023-10-20 02:30:00,temp,25.5,25.731713214544886,2,0,1,67.69544291841132
Surat,2023-10-21 02:15:00,temp,26.6,25.719439971911576,2,0,1,67.69544291841132
Surat,2023-10-22 02:15:00,temp,27.0,26.64052001940933,2,0,1,67.69544291841132
Surat,2023-10-23 02:00:00,temp,26.0,26.698413850998723,2,0,1,67.69544291841132
Surat,2023-10-24 02:15:00,temp,26.5,25.843873848920502,2,0,1,67.69544291841132
Surat,2023-10-25 02:15:00,temp,25.4,26.507490713260886,2,0,1,67.69544291841132
Surat,2023-10-26 02:00:00,temp,25.3,25.54248307240926,2,0,1,67.69544291841132
Surat,2023-10-27 02:15:00,temp,24.5,25.681264461812095,2,0,1,67.69544291841132
Surat,2023-10-28 02:00:00,temp,24.4,25.01674845520058,2,0,1,67.69544291841132
Surat,2023-10-29 02:30:00,temp,24.5,24.99736333925981,2,0,1,67.69544291841132
Surat,2023-10-30 01:45:00,temp,25.2,25.024907106467317,2,0,1,67.69544291841132
Surendranagar,2023-10-15 02:30:00,temp,28.6,28.562758129309803,1,0,0,144.9026297136158
Surendranagar,2023-10-16 02:30:00,temp,27.5,27.85677779604103,1,0,0,144.9026297136158
Surendranagar,2023-10-17 02:15:00,temp,26.8,27.287476021238124,1,0,0,144.9026297136158
Surendranagar,2023-10-18 02:15:00,temp,27.3,26.927193664116285,1,0,0,144.9026297136158
Surendranagar,2023-10-19 02:15:00,temp,27.4,27.183886676380645,1,0,0,144.9026297136158
Surendranagar,2023-10-20 02:30:00,temp,27.7,27.238139740073642,1,0,0,144.9026297136158
Surendranagar,2023-10-21 02:15:00,temp,28.1,27.397804451324305,1,0,0,144.9026297136158
Surendranagar,2023-10-22 02:15:00,temp,27.9,27.616645993559086,1,0,0,144.9026297136158
Surendranagar,2023-10-23 02:00:00,temp,28.2,27.523335872139253,1,0,0,144.9026297136158
Surendranagar,2023-10-24 02:15:00,temp,29.0,27.69531252983511,1,0,0,144.9026297136158
Surendranagar,2023-10-25 02:15:00,temp,27.8,28.161445205490157,1,0,0,144.9026297136158
Surendranagar,2023-10-26 02:00:00,temp,27.3,27.51138718196012,1,0,0,144.9026297136158
Surendranagar,2023-10-27 02:15:00,temp,27.1,27.245002372259954,1,0,0,144.9026297136158
Surendranagar,2023-10-28 02:00:00,temp,26.9,27.137791098870846,1,0,0,144.9026297136158
Surendranagar,2023-10-29 02:30:00,temp,26.5,27.02899742815608,1,0,0,144.9026297136158
Surendranagar,2023-10-30 01:45:00,temp,27.2,26.80949743811245,1,0,0,144.9026297136158
Surguja,2023-10-15 02:30:00,temp,19.9,20.593072015074416,1,1,0,102.91125333360286
Surguja,2023-10-16 02:30:00,temp,20.2,19.992377319394702,1,1,0,102.91125333360286
Surguja,2023-10-17 02:30:00,temp,20.1,20.060785159720513,1,1,0,102.91125333360286
Surguja,2023-10-18 02:30:00,temp,19.2,20.146382610300304,1,1,0,102.91125333360286
Surguja,2023-10-19 02:15:00,temp,19.1,19.613431447416023,1,1,0,102.91125333360286
Surguja,2023-10-20 02:30:00,temp,19.0,19.143942472289886,1,1,0,102.91125333360286
Surguja,2023-10-21 02:15:00,temp,17.4,19.04390376588939,1,1,0,102.91125333360286
Surguja,2023-10-22 02:15:00,temp,17.3,18.089435054747284,1,1,0,102.91125333360286
Surguja,2023-10-23 02:15:00,temp,15.8,17.33814058051105,1,1,0,102.91125333360286
Surguja,2023-10-24 02:15:00,temp,16.4,16.36218099682574,1,1,0,102.91125333360286
Surguja,2023-10-25 02:15:00,temp,17.0,16.173796184437748,1,1,0,102.91125333360286
Surguja,2023-10-26 02:00:00,temp,16.9,16.784398321902405,1,1,0,102.91125333360286
Surguja,2023-10-27 02:15:00,temp,16.8,16.935704723035442,1,1,0,102.91125333360286
Surguja,2023-10-28 02:00:00,temp,16.3,16.8356710821776,1,1,0,102.91125333360286
Surguja,2023-10-29 02:30:00,temp,16.7,16.477447446558585,1,1,0,102.91125333360286
Surguja,2023-10-30 01:45:00,temp,16.8,16.55643987817701,1,1,0,102.91125333360286
Suryapet,2023-10-15 02:30:00,temp,23.9,24.335489634480304,2,0,1,109.82614579981379
Suryapet,2023-10-16 02:30:00,temp,24.3,24.454012286213178,2,0,1,109.82614579981379
Suryapet,2023-10-17 02:30:00,temp,23.0,24.6553646446603,2,0,1,109.82614579981379
Suryapet,2023-10-18 02:30:00,temp,23.5,23.92030349170908,2,0,1,109.82614579981379
Suryapet,2023-10-19 02:30:00,temp,23.6,24.216305124397145,2,0,1,109.82614579981379
Suryapet,2023-10-20 02:30:00,temp,23.3,24.088104293795734,2,0,1,109.82614579981379
Suryapet,2023-10-21 02:30:00,temp,23.8,23.867614490797582,2,0,1,109.82614579981379
Suryapet,2023-10-22 02:30:00,temp,22.8,24.170162075471097,2,0,1,109.82614579981379
Suryapet,2023-10-23 02:15:00,temp,21.0,23.46871767930726,2,0,1,109.82614579981379
Suryapet,2023-10-24 02:15:00,temp,20.7,22.225696440638934,2,0,1,109.82614579981379
Suryapet,2023-10-25 02:30:00,temp,20.7,22.00485522861388,2,0,1,109.82614579981379
Suryapet,2023-10-26 02:00:00,temp,20.4,21.740384767787113,2,0,1,109.82614579981379
Suryapet,2023-10-27 02:30:00,temp,20.0,21.23243154898406,2,0,1,109.82614579981379
Suryapet,2023-10-28 02:00:00,temp,24.2,20.5945709745893,2,0,1,109.82614579981379
Suryapet,2023-10-29 02:45:00,temp,24.2,24.588784428005223,2,0,1,109.82614579981379
Suryapet,2023-10-30 02:00:00,temp,23.2,23.627046458849907,2,0,1,109.82614579981379
Talab Data,2023-10-15 02:30:00,temp,20.7,21.363637041046026,1,1,1,148.4018943833961
Talab Data,2023-10-16 02:30:00,temp,21.3,20.91855562637015,1,1,1,148.4018943833961
Talab Data,2023-10-17 02:15:00,temp,17.6,21.299807019591974,1,1,1,148.4018943833961
Talab Data,2023-10-18 02:15:00,temp,16.5,18.67936359714672,1,1,1,148.4018943833961
Talab Data,2023-10-19 02:15:00,temp,16.7,17.311169413670584,1,1,1,148.4018943833961
Talab Data,2023-10-20 02:15:00,temp,17.4,17.19859120839443,1,1,1,148.4018943833961
Talab Data,2023-10-21 02:15:00,temp,18.0,17.649907461243124,1,1,1,148.4018943833961
Talab Data,2023-10-22 02:15:00,temp,19.0,18.092053614237983,1,1,1,148.4018943833961
Talab Data,2023-10-23 02:00:00,temp,18.2,18.9197135276068,1,1,1,148.4018943833961
Talab Data,2023-10-24 02:15:00,temp,18.2,18.271290492843605,1,1,1,148.4018943833961
Talab Data,2023-10-25 02:15:00,temp,18.4,18.254047733380755,1,1,1,148.4018943833961
Talab Data,2023-10-26 02:00:00,temp,18.6,18.402749519544653,1,1,1,148.4018943833961
Talab Data,2023-10-27 02:15:00,temp,18.3,18.56335741956696,1,1,1,148.4018943833961
Talab Data,2023-10-28 02:00:00,temp,18.8,18.33120199383072,1,1,1,148.4018943833961
Talab Data,2023-10-29 02:30:00,temp,18.9,18.723763023112177,1,1,1,148.4018943833961
Talab Data,2023-10-30 01:45:00,temp,19.6,18.82122322457984,1,1,1,148.4018943833961
Tamenglong,2023-10-15 02:30:00,temp,14.9,16.30518948118182,2,1,1,78.21689330899369
Tamenglong,2023-10-16 02:30:00,temp,15.9,14.915092362778562,2,1,1,78.21689330899369
Tamenglong,2023-10-17 02:15:00,temp,15.8,15.896384273382802,2,1,1,78.21689330899369
Tamenglong,2023-10-18 02:30:00,temp,15.8,15.500133088197362,2,1,1,78.21689330899369
Tamenglong,2023-10-19 02:15:00,temp,15.3,16.045130327928398,2,1,1,78.21689330899369
Tamenglong,2023-10-20 02:30:00,temp,15.3,15.270945072403006,2,1,1,78.21689330899369
Tamenglong,2023-10-21 02:15:00,temp,15.3,15.465169758159597,2,1,1,78.21689330899369
Tamenglong,2023-10-22 02:15:00,temp,15.6,15.185114984446537,2,1,1,78.21689330899369
Tamenglong,2023-10-23 02:15:00,temp,15.0,15.600923833192793,2,1,1,78.21689330899369
Tamenglong,2023-10-24 02:15:00,temp,15.8,15.074775077952538,2,1,1,78.21689330899369
Tamenglong,2023-10-25 02:15:00,temp,17.0,15.68757206049256,2,1,1,78.21689330899369
Tamenglong,2023-10-26 02:00:00,temp,15.7,16.558253139627045,2,1,1,78.21689330899369
Tamenglong,2023-10-27 02:15:00,temp,14.9,16.010594396749777,2,1,1,78.21689330899369
Tamenglong,2023-10-28 02:00:00,temp,15.2,15.429499036225938,2,1,1,78.21689330899369
Tamenglong,2023-10-29 02:30:00,temp,14.3,15.288955567586914,2,1,1,78.21689330899369
Tamenglong,2023-10-30 01:45:00,temp,14.9,14.444807998702826,2,1,1,78.21689330899369
Tarn Taran,2023-10-15 02:30:00,temp,20.0,23.31164738381321,1,1,1,172.2803735059746
Tarn Taran,2023-10-16 02:30:00,temp,21.0,20.959910634125386,1,1,1,172.2803735059746
Tarn Taran,2023-10-17 02:30:00,temp,18.0,21.30173510952483,1,1,1,172.2803735059746
Tarn Taran,2023-10-18 02:30:00,temp,15.0,19.33634743590737,1,1,1,172.2803735059746
Tarn Taran,2023-10-19 02:15:00,temp,17.0,16.507340171825117,1,1,1,172.2803735059746
Tarn Taran,2023-10-20 02:30:00,temp,18.0,17.513575800217346,1,1,1,172.2803735059746
Tarn Taran,2023-10-21 02:15:00,temp,18.0,18.091438200970515,1,1,1,172.2803735059746
Tarn Taran,2023-10-22 02:15:00,temp,21.0,18.060972422147433,1,1,1,172.2803735059746
Tarn Taran,2023-10-23 02:15:00,temp,19.0,20.23768913403782,1,1,1,172.2803735059746
Tarn Taran,2023-10-24 02:15:00,temp,19.0,19.004914820477055,1,1,1,172.2803735059746
Tarn Taran,2023-10-25 02:15:00,temp,19.0,19.003631487994454,1,1,1,172.2803735059746
Tarn Taran,2023-10-26 02:00:00,temp,18.0,19.00268693220141,1,1,1,172.2803735059746
Tarn Taran,2023-10-27 02:15:00,temp,17.0,18.31733369705887,1,1,1,172.2803735059746
Tarn Taran,2023-10-28 02:00:00,temp,20.0,17.53566551833338,1,1,1,172.2803735059746
Tarn Taran,2023-10-29 02:30:00,temp,21.0,19.42976923207059,1,1,1,172.2803735059746
Tarn Taran,2023-10-30 02:00:00,temp,20.0,20.28904824976482,1,1,1,172.2803735059746
Tawang,2023-10-15 02:30:00,temp,1.0,3.522419608986282,1,1,1,214.44495104769004
Tawang,2023-10-16 02:30:00,temp,3.3,2.4878796161072567,1,1,1,214.44495104769004
Tawang,2023-10-17 02:15:00,temp,4.4,3.4446406514088603,1,1,1,214.44495104769004
Tawang,2023-10-18 02:30:00,temp,0.8,4.007828274406919,1,1,1,214.44495104769004
Tawang,2023-10-19 02:15:00,temp,1.5,2.236255249119526,1,1,1,214.44495104769004
Tawang,2023-10-20 02:30:00,temp,0.3,2.324291583988409,1,1,1,214.44495104769004
Tawang,2023-10-21 02:15:00,temp,3.0,1.5456725170471706,1,1,1,214.44495104769004
Tawang,2023-10-22 02:15:00,temp,0.1,2.6978123177916764,1,1,1,214.44495104769004
Tawang,2023-10-23 02:15:00,temp,1.0,1.3029469863821586,1,1,1,214.44495104769004
Tawang,2023-10-24 02:15:00,temp,4.8,1.5148643822740326,1,1,1,214.44495104769004
Tawang,2023-10-25 02:15:00,temp,2.1,3.2890707850414405,1,1,1,214.44495104769004
Tawang,2023-10-26 02:00:00,temp,-0.2,2.250037760321192,1,1,1,214.44495104769004
Tawang,2023-10-27 02:15:00,temp,0.7,1.145212296588666,1,1,1,214.44495104769004
Tawang,2023-10-28 02:00:00,temp,-1.3,1.3229311073547851,1,1,1,214.44495104769004
Tawang,2023-10-29 02:30:00,temp,4.1,0.23628674302973063,1,1,1,214.44495104769004
Tawang,2023-10-30 01:45:00,temp,5.1,2.4731076874883984,1,1,1,214.44495104769004
Tehri-Garhwal,2023-10-15 02:30:00,temp,13.4,13.959657413800585,1,1,1,163.24214949093331
Tehri-Garhwal,2023-10-16 02:30:00,temp,12.5,13.739129050096745,1,1,1,163.24214949093331
Tehri-Garhwal,2023-10-17 02:30:00,temp,10.9,12.986383865285305,1,1,1,163.24214949093331
Tehri-Garhwal,2023-10-18 02:30:00,temp,10.1,11.608708235143617,1,1,1,163.24214949093331
Tehri-Garhwal,2023-10-19 02:15:00,temp,10.4,10.729653497655722,1,1,1,163.24214949093331
Tehri-Garhwal,2023-10-20 02:30:00,temp,10.5,10.797944428281168,1,1,1,163.24214949093331
Tehri-Garhwal,2023-10-21 02:15:00,temp,10.5,10.765437746444608,1,1,1,163.24214949093331
Tehri-Garhwal,2023-10-22 02:15:00,temp,14.4,10.687263997356009,1,1,1,163.24214949093331
Tehri-Garhwal,2023-10-23 02:15:00,temp,11.5,13.883806560089326,1,1,1,163.24214949093331
Tehri-Garhwal,2023-10-24 02:15:00,temp,10.7,11.644516783780169,1,1,1,163.24214949093331
Tehri-Garhwal,2023-10-25 02:15:00,temp,11.5,11.020833484095887,1,1,1,163.24214949093331
Tehri-Garhwal,2023-10-26 02:00:00,temp,11.3,11.529431745051632,1,1,1,163.24214949093331
Tehri-Garhwal,2023-10-27 02:15:00,temp,11.2,11.37559822188604,1,1,1,163.24214949093331
Tehri-Garhwal,2023-10-28 02:00:00,temp,13.8,11.283753519653201,1,1,1,163.24214949093331
Tehri-Garhwal,2023-10-29 02:30:00,temp,14.3,13.16035892406359,1,1,1,163.24214949093331
Tehri-Garhwal,2023-10-30 01:45:00,temp,15.2,13.714857601545866,1,1,1,163.24214949093331
Tenkasi,2023-10-15 02:30:00,temp,23.0,21.89307544562507,0,1,1,130.64641021464612
Tenkasi,2023-10-16 02:30:00,temp,23.6,22.142644701599426,0,1,1,130.64641021464612
Tenkasi,2023-10-17 02:30:00,temp,24.3,22.478996805330937,0,1,1,130.64641021464612
Tenkasi,2023-10-18 02:30:00,temp,22.0,23.039906558687953,0,1,1,130.64641021464612
Tenkasi,2023-10-19 02:30:00,temp,22.1,22.699724582957227,0,1,1,130.64641021464612
Tenkasi,2023-10-20 02:30:00,temp,22.9,22.5528538621082,0,1,1,130.64641021464612
Tenkasi,2023-10-21 02:30:00,temp,22.6,22.632555435461796,0,1,1,130.64641021464612
Tenkasi,2023-10-22 02:30:00,temp,22.7,22.624771921715215,0,1,1,130.64641021464612
Tenkasi,2023-10-23 02:15:00,temp,20.8,22.641837581873276,0,1,1,130.64641021464612
Tenkasi,2023-10-24 02:15:00,temp,20.1,22.238037110769618,0,1,1,130.64641021464612
Tenkasi,2023-10-25 02:30:00,temp,21.0,21.65480383245337,0,1,1,130.64641021464612
Tenkasi,2023-10-26 02:00:00,temp,28.0,21.401052788810496,0,1,1,130.64641021464612
Tenkasi,2023-10-27 02:30:00,temp,21.2,22.718044548046468,0,1,1,130.64641021464612
Tenkasi,2023-10-28 02:00:00,temp,22.9,22.501328116606707,0,1,1,130.64641021464612
Tenkasi,2023-10-29 02:45:00,temp,24.0,22.551474989380885,0,1,1,130.64641021464612
Tenkasi,2023-10-30 02:00:00,temp,24.3,22.742895420485617,0,1,1,130.64641021464612
Thane,2023-10-15 02:30:00,temp,29.0,29.310201930855417,0,1,1,121.35688605697308
Thane,2023-10-16 02:30:00,temp,29.0,29.19339047795755,0,1,1,121.35688605697308
Thane,2023-10-17 02:30:00,temp,31.0,29.126605728633148,0,1,1,121.35688605697308
Thane,2023-10-18 02:30:00,temp,29.0,29.779225327217603,0,1,1,121.35688605697308
Thane,2023-10-19 02:15:00,temp,30.0,29.495824434536818,0,1,1,121.35688605697308
Thane,2023-10-20 02:30:00,temp,30.0,29.6647222212148,0,1,1,121.35688605697308
Thane,2023-10-21 02:15:00,temp,31.0,29.778896337744943,0,1,1,121.35688605697308
Thane,2023-10-22 02:30:00,temp,30.0,30.208908101389788,0,1,1,121.35688605697308
Thane,2023-10-23 02:15:00,temp,29.0,30.132748990319566,0,1,1,121.35688605697308
Thane,2023-10-24 02:15:00,temp,30.0,29.750034566908493,0,1,1,121.35688605697308
Thane,2023-10-25 02:15:00,temp,29.0,29.832763540392676,0,1,1,121.35688605697308
Thane,2023-10-26 02:00:00,temp,29.0,29.558042424205045,0,1,1,121.35688605697308
Thane,2023-10-27 02:15:00,temp,28.0,29.36894353935185,0,1,1,121.35688605697308
Thane,2023-10-28 02:00:00,temp,29.0,28.876794066631515,0,1,1,121.35688605697308
Thane,2023-10-29 02:45:00,temp,28.0,28.92358426688094,0,1,1,121.35688605697308
Thane,2023-10-30 02:00:00,temp,28.0,28.582305873495297,0,1,1,121.35688605697308
Thanjavur,2023-10-15 02:30:00,temp,24.0,26.374966946427,2,1,2,120.52270814920358
Thanjavur,2023-10-16 02:30:00,temp,27.0,25.69084291205752,2,1,2,120.52270814920358
Thanjavur,2023-10-17 02:30:00,temp,25.0,25.875016879800363,2,1,2,120.52270814920358
Thanjavur,2023-10-18 02:30:00,temp,26.0,24.909858923550537,2,1,2,120.52270814920358
Thanjavur,2023-10-19 02:30:00,temp,26.0,25.849824826131396,2,1,2,120.52270814920358
Thanjavur,2023-10-20 02:30:00,temp,26.0,26.303395358745426,2,1,2,120.52270814920358
Thanjavur,2023-10-21 02:15:00,temp,26.0,26.352178003265468,2,1,2,120.52270814920358
Thanjavur,2023-10-22 02:30:00,temp,26.0,25.9065313211519,2,1,2,120.52270814920358
Thanjavur,2023-10-23 02:15:00,temp,27.0,25.61263274368976,2,1,2,120.52270814920358
Thanjavur,2023-10-24 02:15:00,temp,26.0,26.217015485216216,2,1,2,120.52270814920358
Thanjavur,2023-10-25 02:30:00,temp,28.0,26.963898505257273,2,1,2,120.52270814920358
Thanjavur,2023-10-26 02:00:00,temp,27.0,26.70339119196109,2,1,2,120.52270814920358
Thanjavur,2023-10-27 02:15:00,temp,27.0,27.173438154393573,2,1,2,120.52270814920358
Thanjavur,2023-10-28 02:00:00,temp,26.0,27.154594839921216,2,1,2,120.52270814920358
Thanjavur,2023-10-29 02:45:00,temp,26.0,26.68720934984471,2,1,2,120.52270814920358
Thanjavur,2023-10-30 02:00:00,temp,25.0,26.30352564918928,2,1,2,120.52270814920358
Thiruvananthapuram,2023-10-15 02:30:00,temp,25.0,26.647382635379834,2,0,2,127.30873786235824
Thiruvananthapuram,2023-10-16 02:30:00,temp,27.0,26.166025076283024,2,0,2,127.30873786235824
Thiruvananthapuram,2023-10-17 02:15:00,temp,27.0,26.85558254832919,2,0,2,127.30873786235824
Thiruvananthapuram,2023-10-18 02:30:00,temp,26.0,27.574742973339198,2,0,2,127.30873786235824
Thiruvananthapuram,2023-10-19 02:15:00,temp,27.0,26.234360997958976,2,0,2,127.30873786235824
Thiruvananthapuram,2023-10-20 02:30:00,temp,25.0,26.424632391863593,2,0,2,127.30873786235824
Thiruvananthapuram,2023-10-21 02:15:00,temp,27.0,27.5956443440846,2,0,2,127.30873786235824
Thiruvananthapuram,2023-10-22 02:15:00,temp,28.0,26.082892510579768,2,0,2,127.30873786235824
Thiruvananthapuram,2023-10-23 02:15:00,temp,27.0,26.850545839759146,2,0,2,127.30873786235824
Thiruvananthapuram,2023-10-24 02:15:00,temp,26.0,27.773203588756086,2,0,2,127.30873786235824
Thiruvananthapuram,2023-10-25 02:15:00,temp,28.0,26.667740752482324,2,0,2,127.30873786235824
Thiruvananthapuram,2023-10-26 02:00:00,temp,28.0,26.799418149857086,2,0,2,127.30873786235824
Thiruvananthapuram,2023-10-27 02:15:00,temp,27.0,27.49063441784531,2,0,2,127.30873786235824
Thiruvananthapuram,2023-10-28 02:00:00,temp,28.0,26.946427299153587,2,0,2,127.30873786235824
Thiruvananthapuram,2023-10-29 02:30:00,temp,27.0,26.458951357224237,2,0,2,127.30873786235824
Thiruvananthapuram,2023-10-30 02:00:00,temp,28.0,27.233541388811116,2,0,2,127.30873786235824
Thiruvarur,2023-10-15 02:30:00,temp,25.3,25.884275698692086,1,0,2,83.09587421048899
Thiruvarur,2023-10-16 02:30:00,temp,26.0,25.775853047641107,1,0,2,83.09587421048899
Thiruvarur,2023-10-17 02:30:00,temp,25.2,26.177573069941683,1,0,2,83.09587421048899
Thiruvarur,2023-10-18 02:30:00,temp,25.2,25.67526442665576,1,0,2,83.09587421048899
Thiruvarur,2023-10-19 02:30:00,temp,25.4,25.65325118471325,1,0,2,83.09587421048899
Thiruvarur,2023-10-20 02:30:00,temp,25.1,26.047886326945342,1,0,2,83.09587421048899
Thiruvarur,2023-10-21 02:15:00,temp,25.0,25.42300563082004,1,0,2,83.09587421048899
Thiruvarur,2023-10-22 02:30:00,temp,24.8,25.817541413785385,1,0,2,83.09587421048899
Thiruvarur,2023-10-23 02:15:00,temp,25.2,25.491845097423834,1,0,2,83.09587421048899
Thiruvarur,2023-10-24 02:15:00,temp,24.8,25.661284544069833,1,0,2,83.09587421048899
Thiruvarur,2023-10-25 02:30:00,temp,25.9,25.245741438485634,1,0,2,83.09587421048899
Thiruvarur,2023-10-26 02:00:00,temp,25.4,25.885914651041897,1,0,2,83.09587421048899
Thiruvarur,2023-10-27 02:15:00,temp,25.3,25.770693940888435,1,0,2,83.09587421048899
Thiruvarur,2023-10-28 02:00:00,temp,24.6,25.547212648054348,1,0,2,83.09587421048899
Thiruvarur,2023-10-29 02:45:00,temp,25.3,25.16656953626111,1,0,2,83.09587421048899
Thiruvarur,2023-10-30 02:00:00,temp,24.7,25.455618091504533,1,0,2,83.09587421048899
Thoubal,2023-10-15 02:30:00,temp,13.4,14.7,0,1,0,96.96406088223284
Thoubal,2023-10-16 02:30:00,temp,14.2,13.4,0,1,0,96.96406088223284
Thoubal,2023-10-17 02:15:00,temp,15.2,14.2,0,1,0,96.96406088223284
Thoubal,2023-10-18 02:30:00,temp,14.9,15.2,0,1,0,96.96406088223284
Thoubal,2023-10-19 02:15:00,temp,14.0,14.9,0,1,0,96.96406088223284
Thoubal,2023-10-20 02:30:00,temp,14.3,14.0,0,1,0,96.96406088223284
Thoubal,2023-10-21 02:15:00,temp,14.6,14.3,0,1,0,96.96406088223284
Thoubal,2023-10-22 02:15:00,temp,14.4,14.6,0,1,0,96.96406088223284
Thoubal,2023-10-23 02:15:00,temp,15.6,14.4,0,1,0,96.96406088223284
Thoubal,2023-10-24 02:15:00,temp,16.0,15.6,0,1,0,96.96406088223284
Thoubal,2023-10-25 02:15:00,temp,15.7,16.0,0,1,0,96.96406088223284
Thoubal,2023-10-26 02:00:00,temp,15.8,15.700000000000001,0,1,0,96.96406088223284
Thoubal,2023-10-27 02:15:00,temp,14.2,15.8,0,1,0,96.96406088223284
Thoubal,2023-10-28 02:00:00,temp,13.4,14.2,0,1,0,96.96406088223284
Thoubal,2023-10-29 02:30:00,temp,12.8,13.4,0,1,0,96.96406088223284
Thoubal,2023-10-30 01:45:00,temp,13.2,12.8,0,1,0,96.96406088223284
Thrissur,2023-10-15 02:30:00,temp,25.0,24.93332838332518,0,0,0,120.13743835690273
Thrissur,2023-10-16 02:30:00,temp,27.0,24.93477761940301,0,0,0,120.13743835690273
Thrissur,2023-10-17 02:30:00,temp,24.0,24.978718449290522,0,0,0,120.13743835690273
Thrissur,2023-10-18 02:30:00,temp,25.0,24.958328333762356,0,0,0,120.13743835690273
Thrissur,2023-10-19 02:15:00,temp,26.0,24.959178610580913,0,0,0,120.13743835690273
Thrissur,2023-10-20 02:30:00,temp,26.0,24.97999510513491,0,0,0,120.13743835690273
Thrissur,2023-10-21 02:15:00,temp,25.0,24.99999505764292,0,0,0,120.13743835690273
Thrissur,2023-10-22 02:15:00,temp,25.0,24.999995057869707,0,0,0,120.13743835690273
Thrissur,2023-10-23 02:15:00,temp,24.0,24.999995057734907,0,0,0,120.13743835690273
Thrissur,2023-10-24 02:15:00,temp,24.0,24.98147650993133,0,0,0,120.13743835690273
Thrissur,2023-10-25 02:15:00,temp,24.0,24.963631380631686,0,0,0,120.13743835690273
Thrissur,2023-10-26 02:00:00,temp,26.0,24.94642358194436,0,0,0,120.13743835690273
Thrissur,2023-10-27 02:15:00,temp,25.0,24.964907291192258,0,0,0,120.13743835690273
Thrissur,2023-10-28 02:00:00,temp,25.0,24.965511877935725,0,0,0,120.13743835690273
Thrissur,2023-10-29 02:45:00,temp,25.0,24.966096196378903,0,0,0,120.13743835690273
Thrissur,2023-10-30 02:00:00,temp,24.0,24.966661733858903,0,0,0,120.13743835690273
Tikamgarh,2023-10-15 02:30:00,temp,26.1,25.105040391711213,1,0,0,131.82346680288725
Tikamgarh,2023-10-16 02:30:00,temp,24.5,25.730064483876777,1,0,0,131.82346680288725
Tikamgarh,2023-10-17 02:15:00,temp,19.8,24.63925259300389,1,0,0,131.82346680288725
Tikamgarh,2023-10-18 02:15:00,temp,22.8,21.393156360404365,1,0,0,131.82346680288725
Tikamgarh,2023-10-19 02:15:00,temp,22.3,23.552467896954408,1,0,0,131.82346680288725
Tikamgarh,2023-10-20 02:15:00,temp,21.8,23.173701409088206,1,0,0,131.82346680288725
Tikamgarh,2023-10-21 02:00:00,temp,21.2,22.75656275214253,1,0,0,131.82346680288725
Tikamgarh,2023-10-22 02:15:00,temp,21.5,22.22108345322099,1,0,0,131.82346680288725
Tikamgarh,2023-10-23 02:00:00,temp,20.2,22.363024823138762,1,0,0,131.82346680288725
Tikamgarh,2023-10-24 02:15:00,temp,20.6,21.232394039024985,1,0,0,131.82346680288725
Tikamgarh,2023-10-25 02:15:00,temp,20.3,21.462284965110364,1,0,0,131.82346680288725
Tikamgarh,2023-10-26 02:00:00,temp,20.4,21.123918188994043,1,0,0,131.82346680288725
Tikamgarh,2023-10-27 02:15:00,temp,20.6,21.138062507934084,1,0,0,131.82346680288725
Tikamgarh,2023-10-28 02:00:00,temp,19.8,21.256663225608616,1,0,0,131.82346680288725
Tikamgarh,2023-10-29 02:30:00,temp,20.4,20.498727294577126,1,0,0,131.82346680288725
Tikamgarh,2023-10-30 01:45:00,temp,21.1,20.98783882381261,1,0,0,131.82346680288725
Tinsukia,2023-10-15 02:30:00,temp,20.5,20.87662744346165,0,1,1,117.64839536586302
Tinsukia,2023-10-16 02:30:00,temp,20.0,20.630171970568583,0,1,1,117.64839536586302
Tinsukia,2023-10-17 02:15:00,temp,19.5,20.214720680197097,0,1,1,117.64839536586302
Tinsukia,2023-10-18 02:30:00,temp,21.3,19.732776402446774,0,1,1,117.64839536586302
Tinsukia,2023-10-19 02:15:00,temp,19.7,20.73828500772619,0,1,1,117.64839536586302
Tinsukia,2023-10-20 02:30:00,temp,19.2,20.095379150756703,0,1,1,117.64839536586302
Tinsukia,2023-10-21 02:15:00,temp,19.4,19.537673805050407,0,1,1,117.64839536586302
Tinsukia,2023-10-22 02:15:00,temp,17.9,19.45067598048692,0,1,1,117.64839536586302
Tinsukia,2023-10-23 02:15:00,temp,17.3,18.45631537086502,0,1,1,117.64839536586302
Tinsukia,2023-10-24 02:15:00,temp,19.2,17.656087675621226,0,1,1,117.64839536586302
Tinsukia,2023-10-25 02:15:00,temp,20.0,18.65598426451844,0,1,1,117.64839536586302
Tinsukia,2023-10-26 02:00:00,temp,18.1,19.535320926901747,0,1,1,117.64839536586302
Tinsukia,2023-10-27 02:15:00,temp,19.5,18.637340334362747,0,1,1,117.64839536586302
Tinsukia,2023-10-28 02:00:00,temp,19.2,19.15441889363711,0,1,1,117.64839536586302
Tinsukia,2023-10-29 02:30:00,temp,18.7,19.181668651906868,0,1,1,117.64839536586302
Tinsukia,2023-10-30 01:45:00,temp,19.2,18.89526032811961,0,1,1,117.64839536586302
Tirap,2023-10-15 02:30:00,temp,17.8,17.85672299567644,0,1,1,114.92286477559192
Tirap,2023-10-16 02:30:00,temp,17.6,17.814389513682503,0,1,1,114.92286477559192
Tirap,2023-10-17 02:30:00,temp,17.8,17.656189348332,0,1,1,114.92286477559192
Tirap,2023-10-18 02:30:00,temp,17.9,17.76207108562107,0,1,1,114.92286477559192
Tirap,2023-10-19 02:30:00,temp,17.5,17.863523763719186,0,1,1,114.92286477559192
Tirap,2023-10-20 02:30:00,temp,17.4,17.596692468529955,0,1,1,114.92286477559192
Tirap,2023-10-21 02:30:00,temp,17.9,17.45186520627258,0,1,1,114.92286477559192
Tirap,2023-10-22 02:30:00,temp,16.0,17.780099433075527,0,1,1,114.92286477559192
Tirap,2023-10-23 02:15:00,temp,15.7,16.506970083196016,0,1,1,114.92286477559192
Tirap,2023-10-24 02:15:00,temp,18.3,15.887500034307813,0,1,1,114.92286477559192
Tirap,2023-10-25 02:30:00,temp,19.6,17.5352496838201,0,1,1,114.92286477559192
Tirap,2023-10-26 02:00:00,temp,17.9,19.22511397554898,0,1,1,114.92286477559192
Tirap,2023-10-27 02:30:00,temp,17.9,18.230278169794385,0,1,1,114.92286477559192
Tirap,2023-10-28 02:00:00,temp,16.7,17.998657836232137,0,1,1,114.92286477559192
Tirap,2023-10-29 02:45:00,temp,16.0,17.06406528987309,0,1,1,114.92286477559192
Tirap,2023-10-30 02:00:00,temp,17.0,16.23610095555925,0,1,1,114.92286477559192
Tiruchirappalli,2023-10-15 02:30:00,temp,24.0,26.374966946427,2,1,2,120.52270814920358
Tiruchirappalli,2023-10-16 02:30:00,temp,27.0,25.69084291205752,2,1,2,120.52270814920358
Tiruchirappalli,2023-10-17 02:30:00,temp,25.0,25.875016879800363,2,1,2,120.52270814920358
Tiruchirappalli,2023-10-18 02:30:00,temp,26.0,24.909858923550537,2,1,2,120.52270814920358
Tiruchirappalli,2023-10-19 02:30:00,temp,26.0,25.849824826131396,2,1,2,120.52270814920358
Tiruchirappalli,2023-10-20 02:30:00,temp,26.0,26.303395358745426,2,1,2,120.52270814920358
Tiruchirappalli,2023-10-21 02:15:00,temp,26.0,26.352178003265468,2,1,2,120.52270814920358
Tiruchirappalli,2023-10-22 02:30:00,temp,26.0,25.9065313211519,2,1,2,120.52270814920358
Tiruchirappalli,2023-10-23 02:15:00,temp,27.0,25.61263274368976,2,1,2,120.52270814920358
Tiruchirappalli,2023-10-24 02:15:00,temp,26.0,26.217015485216216,2,1,2,120.52270814920358
Tiruchirappalli,2023-10-25 02:30:00,temp,28.0,26.963898505257273,2,1,2,120.52270814920358
Tiruchirappalli,2023-10-26 02:00:00,temp,27.0,26.70339119196109,2,1,2,120.52270814920358
Tiruchirappalli,2023-10-27 02:15:00,temp,27.0,27.173438154393573,2,1,2,120.52270814920358
Tiruchirappalli,2023-10-28 02:00:00,temp,26.0,27.154594839921216,2,1,2,120.52270814920358
Tiruchirappalli,2023-10-29 02:45:00,temp,26.0,26.68720934984471,2,1,2,120.52270814920358
Tiruchirappalli,2023-10-30 02:00:00,temp,25.0,26.30352564918928,2,1,2,120.52270814920358
Tirunelveli,2023-10-15 02:30:00,temp,26.5,26.733748865815514,1,0,0,82.34556038630683
Tirunelveli,2023-10-16 02:30:00,temp,26.9,26.672094410751434,1,0,0,82.34556038630683
Tirunelveli,2023-10-17 02:30:00,temp,26.6,26.789588770142913,1,0,0,82.34556038630683
Tirunelveli,2023-10-18 02:30:00,temp,26.6,26.701922432300112,1,0,0,82.34556038630683
Tirunelveli,2023-10-19 02:30:00,temp,26.3,26.699767508785293,1,0,0,82.34556038630683
Tirunelveli,2023-10-20 02:30:00,temp,26.8,26.60694162284083,1,0,0,82.34556038630683
Tirunelveli,2023-10-21 02:15:00,temp,26.8,26.751203651677155,1,0,0,82.34556038630683
Tirunelveli,2023-10-22 02:30:00,temp,26.7,26.752163831957805,1,0,0,82.34556038630683
Tirunelveli,2023-10-23 02:15:00,temp,26.1,26.723456590587684,1,0,0,82.34556038630683
Tirunelveli,2023-10-24 02:15:00,temp,25.8,26.545519643391223,1,0,0,82.34556038630683
Tirunelveli,2023-10-25 02:30:00,temp,26.1,26.423686033816956,1,0,0,82.34556038630683
Tirunelveli,2023-10-26 02:00:00,temp,27.1,26.499668591884983,1,0,0,82.34556038630683
Tirunelveli,2023-10-27 02:15:00,temp,26.5,26.82421660968869,1,0,0,82.34556038630683
Tirunelveli,2023-10-28 02:00:00,temp,26.5,26.638565297757264,1,0,0,82.34556038630683
Tirunelveli,2023-10-29 02:45:00,temp,26.1,26.635984195129982,1,0,0,82.34556038630683
Tirunelveli,2023-10-30 02:00:00,temp,25.8,26.5055983329191,1,0,0,82.34556038630683
Tiruppur,2023-10-15 02:30:00,temp,24.7,24.444439487395737,0,0,0,101.7187635604343
Tiruppur,2023-10-16 02:30:00,temp,26.0,24.44999504311164,0,0,0,101.7187635604343
Tiruppur,2023-10-17 02:30:00,temp,23.0,24.482973684723078,0,0,0,101.7187635604343
Tiruppur,2023-10-18 02:30:00,temp,24.0,24.45207835455536,0,0,0,101.7187635604343
Tiruppur,2023-10-19 02:30:00,temp,26.0,24.442852171286372,0,0,0,101.7187635604343
Tiruppur,2023-10-20 02:30:00,temp,26.0,24.473995041453932,0,0,0,101.7187635604343
Tiruppur,2023-10-21 02:15:00,temp,25.0,24.503916621362904,0,0,0,101.7187635604343
Tiruppur,2023-10-22 02:30:00,temp,26.0,24.513456597261968,0,0,0,101.7187635604343
Tiruppur,2023-10-23 02:15:00,temp,25.0,24.541504474454538,0,0,0,101.7187635604343
Tiruppur,2023-10-24 02:15:00,temp,24.0,24.549995040654217,0,0,0,101.7187635604343
Tiruppur,2023-10-25 02:30:00,temp,25.0,24.539995057068463,0,0,0,101.7187635604343
Tiruppur,2023-10-26 02:00:00,temp,26.0,24.54820934243489,0,0,0,101.7187635604343
Tiruppur,2023-10-27 02:15:00,temp,27.0,24.573679209194644,0,0,0,101.7187635604343
Tiruppur,2023-10-28 02:00:00,temp,26.0,24.615512268550887,0,0,0,101.7187635604343
Tiruppur,2023-10-29 02:45:00,temp,26.0,24.63897806099264,0,0,0,101.7187635604343
Tiruppur,2023-10-30 02:00:00,temp,25.0,24.66166157785987,0,0,0,101.7187635604343
Tiruvannamalai,2023-10-15 02:30:00,temp,24.7,24.446493847102822,0,1,2,111.28905068097211
Tiruvannamalai,2023-10-16 02:30:00,temp,24.2,24.753902280207424,0,1,2,111.28905068097211
Tiruvannamalai,2023-10-17 02:30:00,temp,23.7,24.280950369649187,0,1,2,111.28905068097211
Tiruvannamalai,2023-10-18 02:30:00,temp,22.9,24.071659885660846,0,1,2,111.28905068097211
Tiruvannamalai,2023-10-19 02:30:00,temp,22.8,23.431191289294212,0,1,2,111.28905068097211
Tiruvannamalai,2023-10-20 02:30:00,temp,22.5,23.347801185866242,0,1,2,111.28905068097211
Tiruvannamalai,2023-10-21 02:15:00,temp,22.8,22.887766393806828,0,1,2,111.28905068097211
Tiruvannamalai,2023-10-22 02:30:00,temp,23.3,23.064137017932886,0,1,2,111.28905068097211
Tiruvannamalai,2023-10-23 02:15:00,temp,23.8,23.26991968061995,0,1,2,111.28905068097211
Tiruvannamalai,2023-10-24 02:15:00,temp,23.3,23.59110617741049,0,1,2,111.28905068097211
Tiruvannamalai,2023-10-25 02:30:00,temp,23.7,23.208859280070822,0,1,2,111.28905068097211
Tiruvannamalai,2023-10-26 02:00:00,temp,23.5,23.649792988598673,0,1,2,111.28905068097211
Tiruvannamalai,2023-10-27 02:15:00,temp,23.2,23.38763213620908,0,1,2,111.28905068097211
Tiruvannamalai,2023-10-28 02:00:00,temp,23.0,23.302900297864326,0,1,2,111.28905068097211
Tiruvannamalai,2023-10-29 02:45:00,temp,23.6,23.14874174303843,0,1,2,111.28905068097211
Tiruvannamalai,2023-10-30 02:00:00,temp,23.2,23.56379682095606,0,1,2,111.28905068097211
Tonk,2023-10-15 02:30:00,temp,26.7,27.935045887060877,2,0,2,133.17146648214379
Tonk,2023-10-16 02:30:00,temp,26.9,26.88738731155907,2,0,2,133.17146648214379
Tonk,2023-10-17 02:30:00,temp,22.0,25.823387742747098,2,0,2,133.17146648214379
Tonk,2023-10-18 02:30:00,temp,23.4,23.428234317040992,2,0,2,133.17146648214379
Tonk,2023-10-19 02:30:00,temp,23.6,22.670351429637222,2,0,2,133.17146648214379
Tonk,2023-10-20 02:30:00,temp,23.8,25.06776335381218,2,0,2,133.17146648214379
Tonk,2023-10-21 02:15:00,temp,24.0,26.755091738898336,2,0,2,133.17146648214379
Tonk,2023-10-22 02:30:00,temp,24.4,25.873722961637153,2,0,2,133.17146648214379
Tonk,2023-10-23 02:15:00,temp,25.6,23.750376136567144,2,0,2,133.17146648214379
Tonk,2023-10-24 02:15:00,temp,23.4,25.23320095410841,2,0,2,133.17146648214379
Tonk,2023-10-25 02:30:00,temp,22.7,26.137242109165797,2,0,2,133.17146648214379
Tonk,2023-10-26 02:00:00,temp,23.2,24.403621660176533,2,0,2,133.17146648214379
Tonk,2023-10-27 02:15:00,temp,23.0,23.573339232965992,2,0,2,133.17146648214379
Tonk,2023-10-28 02:00:00,temp,23.4,24.080741006295487,2,0,2,133.17146648214379
Tonk,2023-10-29 02:45:00,temp,23.3,24.80947675895672,2,0,2,133.17146648214379
Tonk,2023-10-30 02:00:00,temp,24.3,24.77679822954525,2,0,2,133.17146648214379
Tuensang,2023-10-15 02:30:00,temp,16.5,17.179960265374874,0,1,1,99.72721419864511
Tuensang,2023-10-16 02:30:00,temp,16.4,16.750312530212867,0,1,1,99.72721419864511
Tuensang,2023-10-17 02:15:00,temp,16.2,16.525649886378808,0,1,1,99.72721419864511
Tuensang,2023-10-18 02:30:00,temp,16.8,16.315398796523095,0,1,1,99.72721419864511
Tuensang,2023-10-19 02:15:00,temp,16.5,16.6246945188576,0,1,1,99.72721419864511
Tuensang,2023-10-20 02:30:00,temp,16.2,16.54548442235685,0,1,1,99.72721419864511
Tuensang,2023-10-21 02:15:00,temp,16.0,16.326292728456394,0,1,1,99.72721419864511
Tuensang,2023-10-22 02:15:00,temp,15.3,16.11789328487535,0,1,1,99.72721419864511
Tuensang,2023-10-23 02:15:00,temp,16.2,15.586624864111254,0,1,1,99.72721419864511
Tuensang,2023-10-24 02:15:00,temp,17.6,15.97982453830089,0,1,1,99.72721419864511
Tuensang,2023-10-25 02:15:00,temp,17.3,17.023151153768126,0,1,1,99.72721419864511
Tuensang,2023-10-26 02:00:00,temp,16.7,17.21272942921352,0,1,1,99.72721419864511
Tuensang,2023-10-27 02:15:00,temp,16.1,16.87865798103975,0,1,1,99.72721419864511
Tuensang,2023-10-28 02:00:00,temp,14.0,16.37340791238289,0,1,1,99.72721419864511
Tuensang,2023-10-29 02:30:00,temp,14.4,14.655415922998367,0,1,1,99.72721419864511
Tuensang,2023-10-30 01:45:00,temp,15.3,14.455194199692077,0,1,1,99.72721419864511
Tumkur,2023-10-15 02:30:00,temp,20.6,18.79576079051416,2,0,2,110.35323095531831
Tumkur,2023-10-16 02:30:00,temp,20.5,20.79796396234289,2,0,2,110.35323095531831
Tumkur,2023-10-17 02:30:00,temp,21.4,20.45020664787604,2,0,2,110.35323095531831
Tumkur,2023-10-18 02:30:00,temp,20.3,21.248429379424902,2,0,2,110.35323095531831
Tumkur,2023-10-19 02:15:00,temp,21.2,20.200241933885874,2,0,2,110.35323095531831
Tumkur,2023-10-20 02:30:00,temp,19.9,20.763300827656867,2,0,2,110.35323095531831
Tumkur,2023-10-21 02:15:00,temp,21.7,19.995894818900886,2,0,2,110.35323095531831
Tumkur,2023-10-22 02:15:00,temp,20.2,21.170355106881857,2,0,2,110.35323095531831
Tumkur,2023-10-23 02:15:00,temp,19.7,20.66621964723493,2,0,2,110.35323095531831
Tumkur,2023-10-24 02:15:00,temp,19.0,19.90598095600954,2,0,2,110.35323095531831
Tumkur,2023-10-25 02:15:00,temp,19.0,19.527249315785532,2,0,2,110.35323095531831
Tumkur,2023-10-26 02:00:00,temp,18.9,19.374869714951906,2,0,2,110.35323095531831
Tumkur,2023-10-27 02:15:00,temp,18.8,19.403477063987303,2,0,2,110.35323095531831
Tumkur,2023-10-28 02:00:00,temp,21.9,19.461771015095486,2,0,2,110.35323095531831
Tumkur,2023-10-29 02:45:00,temp,20.5,21.399067597177527,2,0,2,110.35323095531831
Tumkur,2023-10-30 02:00:00,temp,20.0,21.424597987700995,2,0,2,110.35323095531831
Udaipur,2023-10-16 02:30:00,temp,21.3,24.777579212951906,2,1,1,353.5007129531006
Udaipur,2023-10-16 02:30:00,temp,25.5,23.173577450558597,2,1,1,353.5007129531006
Udaipur,2023-10-17 02:15:00,temp,21.1,23.046671652179153,2,1,1,353.5007129531006
Udaipur,2023-10-17 02:30:00,temp,22.1,24.49281168463824,2,1,1,353.5007129531006
Udaipur,2023-10-18 02:15:00,temp,21.8,22.541985901312117,2,1,1,353.5007129531006
Udaipur,2023-10-18 02:30:00,temp,22.4,22.83877793390522,2,1,1,353.5007129531006
Udaipur,2023-10-19 02:15:00,temp,21.4,22.69352627907903,2,1,1,353.5007129531006
Udaipur,2023-10-19 02:30:00,temp,22.0,22.767552832690566,2,1,1,353.5007129531006
Udaipur,2023-10-20 02:30:00,temp,21.2,22.305640486027503,2,1,1,353.5007129531006
Udaipur,2023-10-20 02:30:00,temp,22.3,22.396068617574628,2,1,1,353.5007129531006
Udaipur,2023-10-21 02:15:00,temp,20.6,22.1016745401441,2,1,1,353.5007129531006
Udaipur,2023-10-21 02:15:00,temp,23.6,22.3212879708424,2,1,1,353.5007129531006
Udaipur,2023-10-22 02:15:00,temp,19.2,21.86055671327597,2,1,1,353.5007129531006
Udaipur,2023-10-22 02:30:00,temp,23.8,22.73252632027311,2,1,1,353.5007129531006
Udaipur,2023-10-23 02:00:00,temp,18.3,21.027643643922662,2,1,1,353.5007129531006
Udaipur,2023-10-23 02:15:00,temp,23.5,22.76264592366031,2,1,1,353.5007129531006
Udaipur,2023-10-24 02:15:00,temp,18.4,20.285252974492124,2,1,1,353.5007129531006
Udaipur,2023-10-24 02:15:00,temp,22.1,22.588785954536906,2,1,1,353.5007129531006
Udaipur,2023-10-25 02:15:00,temp,20.2,20.030256755684942,2,1,1,353.5007129531006
Udaipur,2023-10-25 02:30:00,temp,22.7,21.82284840702977,2,1,1,353.5007129531006
Udaipur,2023-10-26 02:00:00,temp,19.4,20.968008219168546,2,1,1,353.5007129531006
Udaipur,2023-10-26 02:00:00,temp,22.2,22.06986656435573,2,1,1,353.5007129531006
Udaipur,2023-10-27 02:15:00,temp,18.3,20.427409014191092,2,1,1,353.5007129531006
Udaipur,2023-10-27 02:15:00,temp,22.0,21.672732879806453,2,1,1,353.5007129531006
Udaipur,2023-10-28 02:00:00,temp,17.9,19.66920055110437,2,1,1,353.5007129531006
Udaipur,2023-10-28 02:00:00,temp,23.3,21.4523560834076,2,1,1,353.5007129531006
Udaipur,2023-10-29 02:30:00,temp,17.6,19.32392211490323,2,1,1,353.5007129531006
Udaipur,2023-10-29 02:45:00,temp,24.7,22.228972630775168,2,1,1,353.5007129531006
Udaipur,2023-10-30 01:45:00,temp,18.4,18.983012246522563,2,1,1,353.5007129531006
Udaipur,2023-10-30 02:00:00,temp,23.9,23.216853729835815,2,1,1,353.5007129531006
Udalguri,2023-10-15 02:30:00,temp,21.5,21.7,0,1,0,98.72390872232249
Udalguri,2023-10-16 02:30:00,temp,21.7,21.5,0,1,0,98.72390872232249
Udalguri,2023-10-17 02:15:00,temp,21.5,21.7,0,1,0,98.72390872232249
Udalguri,2023-10-18 02:30:00,temp,21.4,21.5,0,1,0,98.72390872232249
Udalguri,2023-10-19 02:15:00,temp,20.9,21.4,0,1,0,98.72390872232249
Udalguri,2023-10-20 02:30:00,temp,20.8,20.9,0,1,0,98.72390872232249
Udalguri,2023-10-21 02:15:00,temp,20.8,20.8,0,1,0,98.72390872232249
Udalguri,2023-10-22 02:15:00,temp,20.0,20.8,0,1,0,98.72390872232249
Udalguri,2023-10-23 02:15:00,temp,19.5,20.0,0,1,0,98.72390872232249
Udalguri,2023-10-24 02:15:00,temp,20.9,19.5,0,1,0,98.72390872232249
Udalguri,2023-10-25 02:15:00,temp,20.1,20.9,0,1,0,98.72390872232249
Udalguri,2023-10-26 02:00:00,temp,20.5,20.1,0,1,0,98.72390872232249
Udalguri,2023-10-27 02:15:00,temp,20.6,20.5,0,1,0,98.72390872232249
Udalguri,2023-10-28 02:00:00,temp,20.2,20.6,0,1,0,98.72390872232249
Udalguri,2023-10-29 02:30:00,temp,20.2,20.2,0,1,0,98.72390872232249
Udalguri,2023-10-30 01:45:00,temp,20.7,20.2,0,1,0,98.72390872232249
Udhampur,2023-10-15 02:30:00,temp,20.7,21.3,0,1,0,140.74745087671218
Udhampur,2023-10-16 02:30:00,temp,21.3,20.7,0,1,0,140.74745087671218
Udhampur,2023-10-17 02:15:00,temp,17.6,21.3,0,1,0,140.74745087671218
Udhampur,2023-10-18 02:15:00,temp,16.5,17.6,0,1,0,140.74745087671218
Udhampur,2023-10-19 02:15:00,temp,16.7,16.5,0,1,0,140.74745087671218
Udhampur,2023-10-20 02:15:00,temp,17.4,16.7,0,1,0,140.74745087671218
Udhampur,2023-10-21 02:15:00,temp,18.0,17.4,0,1,0,140.74745087671218
Udhampur,2023-10-22 02:15:00,temp,19.0,18.0,0,1,0,140.74745087671218
Udhampur,2023-10-23 02:00:00,temp,18.2,19.0,0,1,0,140.74745087671218
Udhampur,2023-10-24 02:15:00,temp,18.2,18.2,0,1,0,140.74745087671218
Udhampur,2023-10-25 02:15:00,temp,18.4,18.2,0,1,0,140.74745087671218
Udhampur,2023-10-26 02:00:00,temp,18.6,18.4,0,1,0,140.74745087671218
Udhampur,2023-10-27 02:15:00,temp,18.3,18.6,0,1,0,140.74745087671218
Udhampur,2023-10-28 02:00:00,temp,18.8,18.3,0,1,0,140.74745087671218
Udhampur,2023-10-29 02:30:00,temp,18.9,18.8,0,1,0,140.74745087671218
Udhampur,2023-10-30 01:45:00,temp,19.6,18.9,0,1,0,140.74745087671218
Udupi,2023-10-15 02:30:00,temp,26.0,25.776141420786193,0,1,1,114.10969754815116
Udupi,2023-10-16 02:30:00,temp,24.7,25.85106886582296,0,1,1,114.10969754815116
Udupi,2023-10-17 02:30:00,temp,24.0,25.50237144309113,0,1,1,114.10969754815116
Udupi,2023-10-18 02:30:00,temp,25.0,25.066690612564322,0,1,1,114.10969754815116
Udupi,2023-10-19 02:15:00,temp,27.0,25.04488786605991,0,1,1,114.10969754815116
Udupi,2023-10-20 02:30:00,temp,26.0,25.56862885272235,0,1,1,114.10969754815116
Udupi,2023-10-21 02:15:00,temp,26.0,25.682859858249802,0,1,1,114.10969754815116
Udupi,2023-10-22 02:15:00,temp,24.0,25.770106982902675,0,1,1,114.10969754815116
Udupi,2023-10-23 02:15:00,temp,25.0,25.33804401645295,0,1,1,114.10969754815116
Udupi,2023-10-24 02:15:00,temp,27.0,25.258505358713546,0,1,1,114.10969754815116
Udupi,2023-10-25 02:15:00,temp,27.0,25.639036424771284,0,1,1,114.10969754815116
Udupi,2023-10-26 02:00:00,temp,27.0,25.965033434778555,0,1,1,114.10969754815116
Udupi,2023-10-27 02:15:00,temp,26.0,26.281238152384756,0,1,1,114.10969754815116
Udupi,2023-10-28 02:00:00,temp,23.5,26.19163823990784,0,1,1,114.10969754815116
Udupi,2023-10-29 02:45:00,temp,27.0,25.58371280949558,0,1,1,114.10969754815116
Udupi,2023-10-30 02:00:00,temp,23.0,25.849498727399286,0,1,1,114.10969754815116
Ujjain,2023-10-15 02:30:00,temp,22.6,21.710481918136782,0,1,1,126.79577027212233
Ujjain,2023-10-16 02:30:00,temp,24.2,22.29507559019347,0,1,1,126.79577027212233
Ujjain,2023-10-17 02:15:00,temp,21.9,23.607648535105543,0,1,1,126.79577027212233
Ujjain,2023-10-18 02:15:00,temp,21.3,22.521021647797262,0,1,1,126.79577027212233
Ujjain,2023-10-19 02:15:00,temp,22.1,21.787175950658543,0,1,1,126.79577027212233
Ujjain,2023-10-20 02:15:00,temp,21.8,21.977465983525313,0,1,1,126.79577027212233
Ujjain,2023-10-21 02:00:00,temp,22.0,21.872788990820908,0,1,1,126.79577027212233
Ujjain,2023-10-22 02:15:00,temp,21.9,21.947740390104663,0,1,1,126.79577027212233
Ujjain,2023-10-23 02:00:00,temp,23.0,21.919672459328087,0,1,1,126.79577027212233
Ujjain,2023-10-24 02:00:00,temp,21.0,22.55363048361766,0,1,1,126.79577027212233
Ujjain,2023-10-25 02:15:00,temp,20.1,21.681552598322202,0,1,1,126.79577027212233
Ujjain,2023-10-26 02:00:00,temp,20.0,20.73252188288636,0,1,1,126.79577027212233
Ujjain,2023-10-27 02:15:00,temp,19.7,20.253849428003992,0,1,1,126.79577027212233
Ujjain,2023-10-28 02:00:00,temp,19.0,19.893404349097082,0,1,1,126.79577027212233
Ujjain,2023-10-29 02:30:00,temp,18.0,19.303587328144626,0,1,1,126.79577027212233
Ujjain,2023-10-30 01:45:00,temp,20.5,18.405405956539635,0,1,1,126.79577027212233
Ukhrul,2023-10-15 02:30:00,temp,13.0,14.234952805495235,0,1,1,116.30308723449245
Ukhrul,2023-10-16 02:30:00,temp,13.8,13.439688555391859,0,1,1,116.30308723449245
Ukhrul,2023-10-17 02:15:00,temp,11.6,13.669622829455616,0,1,1,116.30308723449245
Ukhrul,2023-10-18 02:30:00,temp,11.8,12.376282265941066,0,1,1,116.30308723449245
Ukhrul,2023-10-19 02:15:00,temp,12.3,11.984101326203932,0,1,1,116.30308723449245
Ukhrul,2023-10-20 02:30:00,temp,12.3,12.190182752635495,0,1,1,116.30308723449245
Ukhrul,2023-10-21 02:15:00,temp,12.2,12.260485042797965,0,1,1,116.30308723449245
Ukhrul,2023-10-22 02:15:00,temp,12.8,12.221788266746298,0,1,1,116.30308723449245
Ukhrul,2023-10-23 02:15:00,temp,13.9,12.59136297286454,0,1,1,116.30308723449245
Ukhrul,2023-10-24 02:15:00,temp,14.6,13.450727841172148,0,1,1,116.30308723449245
Ukhrul,2023-10-25 02:15:00,temp,13.9,14.25884035560735,0,1,1,116.30308723449245
Ukhrul,2023-10-26 02:00:00,temp,15.1,14.009855936835608,0,1,1,116.30308723449245
Ukhrul,2023-10-27 02:15:00,temp,12.9,14.752844382953098,0,1,1,116.30308723449245
Ukhrul,2023-10-28 02:00:00,temp,11.8,13.545124965246416,0,1,1,116.30308723449245
Ukhrul,2023-10-29 02:30:00,temp,12.0,12.319708322230337,0,1,1,116.30308723449245
Ukhrul,2023-10-30 01:45:00,temp,12.2,12.08714195092486,0,1,1,116.30308723449245
Umaria,2023-10-15 02:30:00,temp,21.5,21.011790833705284,1,1,1,128.96684343336932
Umaria,2023-10-16 02:30:00,temp,20.7,21.41623323043259,1,1,1,128.96684343336932
Umaria,2023-10-17 02:15:00,temp,20.1,20.871968302389956,1,1,1,128.96684343336932
Umaria,2023-10-18 02:15:00,temp,19.5,20.42650180248204,1,1,1,128.96684343336932
Umaria,2023-10-19 02:15:00,temp,19.6,19.936840726156138,1,1,1,128.96684343336932
Umaria,2023-10-20 02:15:00,temp,18.3,19.935066559880955,1,1,1,128.96684343336932
Umaria,2023-10-21 02:00:00,temp,18.2,18.595127495300154,1,1,1,128.96684343336932
Umaria,2023-10-22 02:15:00,temp,17.3,18.163305863393802,1,1,1,128.96684343336932
Umaria,2023-10-23 02:00:00,temp,15.5,17.50212444260405,1,1,1,128.96684343336932
Umaria,2023-10-24 02:15:00,temp,15.6,15.768106071532523,1,1,1,128.96684343336932
Umaria,2023-10-25 02:15:00,temp,16.4,15.509036218423047,1,1,1,128.96684343336932
Umaria,2023-10-26 02:00:00,temp,16.2,16.28464749929884,1,1,1,128.96684343336932
Umaria,2023-10-27 02:15:00,temp,16.0,16.25995446007815,1,1,1,128.96684343336932
Umaria,2023-10-28 02:00:00,temp,16.0,16.020825347133083,1,1,1,128.96684343336932
Umaria,2023-10-29 02:30:00,temp,16.2,15.995519118760209,1,1,1,128.96684343336932
Umaria,2023-10-30 01:45:00,temp,16.5,16.16749923469132,1,1,1,128.96684343336932
Una,2023-10-15 02:30:00,temp,25.5,24.997138082090153,0,1,2,99.33944559350874
Una,2023-10-16 02:30:00,temp,24.4,25.205906984267045,0,1,2,99.33944559350874
Una,2023-10-17 02:15:00,temp,24.8,24.035354906477497,0,1,2,99.33944559350874
Una,2023-10-18 02:15:00,temp,25.4,25.28680644360762,0,1,2,99.33944559350874
Una,2023-10-19 02:15:00,temp,25.9,24.998546300881973,0,1,2,99.33944559350874
Una,2023-10-20 02:15:00,temp,25.1,25.93167541527821,0,1,2,99.33944559350874
Una,2023-10-21 02:00:00,temp,25.7,24.614815128098453,0,1,2,99.33944559350874
Una,2023-10-22 02:15:00,temp,25.9,26.073046578004206,0,1,2,99.33944559350874
Una,2023-10-23 02:00:00,temp,26.1,25.449537977554822,0,1,2,99.33944559350874
Una,2023-10-24 02:15:00,temp,26.1,26.16648457990249,0,1,2,99.33944559350874
Una,2023-10-25 02:15:00,temp,25.8,25.844642075153562,0,1,2,99.33944559350874
Una,2023-10-26 02:00:00,temp,25.8,25.826492824360866,0,1,2,99.33944559350874
Una,2023-10-27 02:15:00,temp,25.0,25.81749129467313,0,1,2,99.33944559350874
Una,2023-10-28 02:00:00,temp,24.8,24.99603812252471,0,1,2,99.33944559350874
Una,2023-10-29 02:30:00,temp,24.8,25.14893717073074,0,1,2,99.33944559350874
Una,2023-10-30 01:45:00,temp,25.1,24.871310343474164,0,1,2,99.33944559350874
Unnao,2023-10-15 02:30:00,temp,23.0,23.46812568248795,1,1,1,138.53581416375923
Unnao,2023-10-16 02:30:00,temp,23.0,23.366881793999454,1,1,1,138.53581416375923
Unnao,2023-10-17 02:30:00,temp,20.0,23.287840681913835,1,1,1,138.53581416375923
Unnao,2023-10-18 02:30:00,temp,20.0,20.816011717705145,1,1,1,138.53581416375923
Unnao,2023-10-19 02:30:00,temp,21.0,20.513151871752175,1,1,1,138.53581416375923
Unnao,2023-10-20 02:30:00,temp,19.0,21.205322460272637,1,1,1,138.53581416375923
Unnao,2023-10-21 02:15:00,temp,18.0,19.47660486703074,1,1,1,138.53581416375923
Unnao,2023-10-22 02:30:00,temp,18.0,18.413279417499695,1,1,1,138.53581416375923
Unnao,2023-10-23 02:15:00,temp,20.0,18.231045187497262,1,1,1,138.53581416375923
Unnao,2023-10-24 02:15:00,temp,19.0,19.840694590024196,1,1,1,138.53581416375923
Unnao,2023-10-25 02:30:00,temp,19.0,19.0688518125695,1,1,1,138.53581416375923
Unnao,2023-10-26 02:00:00,temp,22.0,19.043349182968164,1,1,1,138.53581416375923
Unnao,2023-10-27 02:30:00,temp,19.0,21.431307414910297,1,1,1,138.53581416375923
Unnao,2023-10-28 02:00:00,temp,19.0,19.34794678166286,1,1,1,138.53581416375923
Unnao,2023-10-29 02:45:00,temp,22.6,19.208886537808215,1,1,1,138.53581416375923
Unnao,2023-10-30 02:00:00,temp,19.0,21.643106894421123,1,1,1,138.53581416375923
Upper Tirupati,2023-10-15 02:30:00,temp,24.9,23.690965337715888,0,1,1,149.63156154272613
Upper Tirupati,2023-10-16 02:30:00,temp,23.7,24.214042907938513,0,1,1,149.63156154272613
Upper Tirupati,2023-10-17 02:15:00,temp,23.2,24.03994153101272,0,1,1,149.63156154272613
Upper Tirupati,2023-10-18 02:30:00,temp,23.0,23.75205686778388,0,1,1,149.63156154272613
Upper Tirupati,2023-10-19 02:15:00,temp,22.1,23.484574950952886,0,1,1,149.63156154272613
Upper Tirupati,2023-10-20 02:30:00,temp,22.5,22.965106787110788,0,1,1,149.63156154272613
Upper Tirupati,2023-10-21 02:15:00,temp,23.0,22.780995580653506,0,1,1,149.63156154272613
Upper Tirupati,2023-10-22 02:15:00,temp,22.3,22.86507853566309,0,1,1,149.63156154272613
Upper Tirupati,2023-10-23 02:15:00,temp,22.2,22.65474732239254,0,1,1,149.63156154272613
Upper Tirupati,2023-10-24 02:15:00,temp,21.4,22.482996703189023,0,1,1,149.63156154272613
Upper Tirupati,2023-10-25 02:15:00,temp,21.7,22.063730299723666,0,1,1,149.63156154272613
Upper Tirupati,2023-10-26 02:00:00,temp,22.0,21.91841606026221,0,1,1,149.63156154272613
Upper Tirupati,2023-10-27 02:15:00,temp,21.8,21.950728213618977,0,1,1,149.63156154272613
Upper Tirupati,2023-10-28 02:00:00,temp,22.4,21.892305168910717,0,1,1,149.63156154272613
Upper Tirupati,2023-10-29 02:30:00,temp,22.8,22.08759057310767,0,1,1,149.63156154272613
Upper Tirupati,2023-10-30 01:45:00,temp,22.6,22.3605090129084,0,1,1,149.63156154272613
Uttarkashi,2023-10-15 02:30:00,temp,-6.9,-3.374354469831065,0,1,1,191.16943057070486
Uttarkashi,2023-10-16 02:30:00,temp,-8.0,-5.724661726882308,0,1,1,191.16943057070486
Uttarkashi,2023-10-17 02:30:00,temp,-5.4,-7.42833766693669,0,1,1,191.16943057070486
Uttarkashi,2023-10-18 02:30:00,temp,-8.0,-6.030865069294682,0,1,1,191.16943057070486
Uttarkashi,2023-10-19 02:15:00,temp,-8.7,-7.3194160036518765,0,1,1,191.16943057070486
Uttarkashi,2023-10-20 02:30:00,temp,-10.9,-8.250399609554853,0,1,1,191.16943057070486
Uttarkashi,2023-10-21 02:15:00,temp,-10.2,-10.11847569265165,0,1,1,191.16943057070486
Uttarkashi,2023-10-22 02:15:00,temp,-7.7,-10.176793145241959,0,1,1,191.16943057070486
Uttarkashi,2023-10-23 02:15:00,temp,-8.8,-8.477405340402672,0,1,1,191.16943057070486
Uttarkashi,2023-10-24 02:15:00,temp,-9.8,-8.699483607955644,0,1,1,191.16943057070486
Uttarkashi,2023-10-25 02:15:00,temp,-7.9,-9.445141736740574,0,1,1,191.16943057070486
Uttarkashi,2023-10-26 02:00:00,temp,-10.3,-8.409374552468352,0,1,1,191.16943057070486
Uttarkashi,2023-10-27 02:15:00,temp,-5.4,-9.654881659038239,0,1,1,191.16943057070486
Uttarkashi,2023-10-28 02:00:00,temp,-5.9,-6.972160259085343,0,1,1,191.16943057070486
Uttarkashi,2023-10-29 02:30:00,temp,-6.6,-6.2584754787676085,0,1,1,191.16943057070486
Uttarkashi,2023-10-30 01:45:00,temp,-3.9,-6.480347840098291,0,1,1,191.16943057070486
Vadodara,2023-10-15 02:30:00,temp,30.2,28.355921038285242,0,0,2,119.29560898772645
Vadodara,2023-10-16 02:30:00,temp,27.8,29.23569734161872,0,0,2,119.29560898772645
Vadodara,2023-10-17 02:15:00,temp,28.8,27.04723572328006,0,0,2,119.29560898772645
Vadodara,2023-10-18 02:15:00,temp,28.1,27.884885413455454,0,0,2,119.29560898772645
Vadodara,2023-10-19 02:15:00,temp,27.7,28.281451388749574,0,0,2,119.29560898772645
Vadodara,2023-10-20 02:30:00,temp,27.0,26.90186007023968,0,0,2,119.29560898772645
Vadodara,2023-10-21 02:15:00,temp,27.9,27.03867867512779,0,0,2,119.29560898772645
Vadodara,2023-10-22 02:15:00,temp,27.7,28.011622623131757,0,0,2,119.29560898772645
Vadodara,2023-10-23 02:00:00,temp,28.2,27.456012929020318,0,0,2,119.29560898772645
Vadodara,2023-10-24 02:15:00,temp,27.2,27.723711808434004,0,0,2,119.29560898772645
Vadodara,2023-10-25 02:15:00,temp,27.0,27.25229723730208,0,0,2,119.29560898772645
Vadodara,2023-10-26 02:00:00,temp,27.4,26.822968697363166,0,0,2,119.29560898772645
Vadodara,2023-10-27 02:15:00,temp,26.8,27.611719349361582,0,0,2,119.29560898772645
Vadodara,2023-10-28 02:00:00,temp,25.8,26.94275370855726,0,0,2,119.29560898772645
Vadodara,2023-10-29 02:30:00,temp,26.7,25.968593534232042,0,0,2,119.29560898772645
Vadodara,2023-10-30 01:45:00,temp,26.9,27.268404566556516,0,0,2,119.29560898772645
Valsad,2023-10-15 02:30:00,temp,25.9,26.07698233354516,2,0,1,91.42925578606041
Valsad,2023-10-16 02:30:00,temp,25.4,25.913926017345712,2,0,1,91.42925578606041
Valsad,2023-10-17 02:15:00,temp,26.2,25.472160122378387,2,0,1,91.42925578606041
Valsad,2023-10-18 02:15:00,temp,25.4,25.854546781009258,2,0,1,91.42925578606041
Valsad,2023-10-19 02:15:00,temp,24.7,25.350298091583763,2,0,1,91.42925578606041
Valsad,2023-10-20 02:30:00,temp,24.3,24.8826427452094,2,0,1,91.42925578606041
Valsad,2023-10-21 02:15:00,temp,25.9,24.614785027644814,2,0,1,91.42925578606041
Valsad,2023-10-22 02:15:00,temp,26.7,25.73903571657015,2,0,1,91.42925578606041
Valsad,2023-10-23 02:00:00,temp,25.1,26.25304182154889,2,0,1,91.42925578606041
Valsad,2023-10-24 02:15:00,temp,26.6,25.085334579829706,2,0,1,91.42925578606041
Valsad,2023-10-25 02:15:00,temp,24.5,26.026800497149964,2,0,1,91.42925578606041
Valsad,2023-10-26 02:00:00,temp,24.0,25.00228787879804,2,0,1,91.42925578606041
Valsad,2023-10-27 02:15:00,temp,23.8,24.477088250737992,2,0,1,91.42925578606041
Valsad,2023-10-28 02:00:00,temp,22.7,24.356509303459042,2,0,1,91.42925578606041
Valsad,2023-10-29 02:30:00,temp,23.1,23.55913414864544,2,0,1,91.42925578606041
Valsad,2023-10-30 01:45:00,temp,23.6,23.71366171111284,2,0,1,91.42925578606041
Varanasi,2023-10-15 02:30:00,temp,23.0,22.4,0,1,0,134.81367543323518
Varanasi,2023-10-16 02:30:00,temp,23.6,23.0,0,1,0,134.81367543323518
Varanasi,2023-10-17 02:30:00,temp,22.8,23.6,0,1,0,134.81367543323518
Varanasi,2023-10-18 02:30:00,temp,21.7,22.8,0,1,0,134.81367543323518
Varanasi,2023-10-19 02:30:00,temp,21.4,21.7,0,1,0,134.81367543323518
Varanasi,2023-10-20 02:30:00,temp,20.9,21.4,0,1,0,134.81367543323518
Varanasi,2023-10-21 02:15:00,temp,20.7,20.9,0,1,0,134.81367543323518
Varanasi,2023-10-22 02:30:00,temp,20.0,20.7,0,1,0,134.81367543323518
Varanasi,2023-10-23 02:15:00,temp,19.8,20.0,0,1,0,134.81367543323518
Varanasi,2023-10-24 02:15:00,temp,20.0,19.8,0,1,0,134.81367543323518
Varanasi,2023-10-25 02:30:00,temp,20.5,20.0,0,1,0,134.81367543323518
Varanasi,2023-10-26 02:00:00,temp,20.6,20.5,0,1,0,134.81367543323518
Varanasi,2023-10-27 02:30:00,temp,20.7,20.6,0,1,0,134.81367543323518
Varanasi,2023-10-28 02:00:00,temp,20.2,20.7,0,1,0,134.81367543323518
Varanasi,2023-10-29 02:45:00,temp,20.3,20.2,0,1,0,134.81367543323518
Varanasi,2023-10-30 02:00:00,temp,20.6,20.3,0,1,0,134.81367543323518
Vellore,2023-10-15 02:30:00,temp,22.0,21.459828086841142,0,1,1,143.01088562269342
Vellore,2023-10-16 02:30:00,temp,22.4,21.726040637749662,0,1,1,143.01088562269342
Vellore,2023-10-17 02:30:00,temp,21.6,22.027106695299672,0,1,1,143.01088562269342
Vellore,2023-10-18 02:30:00,temp,21.1,21.83957640137887,0,1,1,143.01088562269342
Vellore,2023-10-19 02:30:00,temp,20.5,21.5117999665294,0,1,1,143.01088562269342
Vellore,2023-10-20 02:30:00,temp,20.7,21.04565665377671,0,1,1,143.01088562269342
Vellore,2023-10-21 02:15:00,temp,21.0,20.881033687192055,0,1,1,143.01088562269342
Vellore,2023-10-22 02:30:00,temp,21.4,20.936890475376515,0,1,1,143.01088562269342
Vellore,2023-10-23 02:15:00,temp,21.5,21.148913173951392,0,1,1,143.01088562269342
Vellore,2023-10-24 02:15:00,temp,20.1,21.309253979442143,0,1,1,143.01088562269342
Vellore,2023-10-25 02:30:00,temp,20.6,20.763953439914328,0,1,1,143.01088562269342
Vellore,2023-10-26 02:00:00,temp,20.5,20.68901814810859,0,1,1,143.01088562269342
Vellore,2023-10-27 02:30:00,temp,20.7,20.602895982923457,0,1,1,143.01088562269342
Vellore,2023-10-28 02:00:00,temp,21.1,20.64704881406625,0,1,1,143.01088562269342
Vellore,2023-10-29 02:45:00,temp,21.5,20.85125339808525,0,1,1,143.01088562269342
Vellore,2023-10-30 02:00:00,temp,21.3,21.145714628231534,0,1,1,143.01088562269342
Vidisha,2023-10-15 02:30:00,temp,25.0,23.7040503962048,1,1,1,131.84008840929403
Vidisha,2023-10-16 02:30:00,temp,23.9,24.53552120714158,1,1,1,131.84008840929403
Vidisha,2023-10-17 02:15:00,temp,20.5,23.743044177941975,1,1,1,131.84008840929403
Vidisha,2023-10-18 02:15:00,temp,23.0,21.325041971640896,1,1,1,131.84008840929403
Vidisha,2023-10-19 02:15:00,temp,22.1,22.996405436463505,1,1,1,131.84008840929403
Vidisha,2023-10-20 02:15:00,temp,21.3,22.406627125787455,1,1,1,131.84008840929403
Vidisha,2023-10-21 02:00:00,temp,20.8,21.853437541341115,1,1,1,131.84008840929403
Vidisha,2023-10-22 02:15:00,temp,21.4,21.449186816327636,1,1,1,131.84008840929403
Vidisha,2023-10-23 02:00:00,temp,20.3,21.79107770099624,1,1,1,131.84008840929403
Vidisha,2023-10-24 02:15:00,temp,19.8,20.976953358779745,1,1,1,131.84008840929403
Vidisha,2023-10-25 02:15:00,temp,19.5,20.502718429916293,1,1,1,131.84008840929403
Vidisha,2023-10-26 02:00:00,temp,19.9,20.150945479635446,1,1,1,131.84008840929403
Vidisha,2023-10-27 02:15:00,temp,19.5,20.352982472788963,1,1,1,131.84008840929403
Vidisha,2023-10-28 02:00:00,temp,18.8,19.960333255191884,1,1,1,131.84008840929403
Vidisha,2023-10-29 02:30:00,temp,19.1,19.303978615110463,1,1,1,131.84008840929403
Vidisha,2023-10-30 01:45:00,temp,20.0,19.436044068470036,1,1,1,131.84008840929403
Vikarabad,2023-10-15 02:30:00,temp,25.0,23.784871418480883,2,0,2,120.53867733695157
Vikarabad,2023-10-16 02:30:00,temp,23.0,23.85277463589185,2,0,2,120.53867733695157
Vikarabad,2023-10-17 02:30:00,temp,23.0,23.255679621315096,2,0,2,120.53867733695157
Vikarabad,2023-10-18 02:30:00,temp,22.0,22.710804348604306,2,0,2,120.53867733695157
Vikarabad,2023-10-19 02:30:00,temp,22.0,22.722427048099895,2,0,2,120.53867733695157
Vikarabad,2023-10-20 02:30:00,temp,22.0,23.330114092095204,2,0,2,120.53867733695157
Vikarabad,2023-10-21 02:30:00,temp,22.0,23.784750939933172,2,0,2,120.53867733695157
Vikarabad,2023-10-22 02:30:00,temp,24.0,23.84045280987122,2,0,2,120.53867733695157
Vikarabad,2023-10-23 02:15:00,temp,21.0,23.5873683523112,2,0,2,120.53867733695157
Vikarabad,2023-10-24 02:15:00,temp,19.0,23.333121219920066,2,0,2,120.53867733695157
Vikarabad,2023-10-25 02:30:00,temp,21.0,22.142619715583876,2,0,2,120.53867733695157
Vikarabad,2023-10-26 02:00:00,temp,20.0,24.035080671552493,2,0,2,120.53867733695157
Vikarabad,2023-10-27 02:30:00,temp,19.0,21.17692486111728,2,0,2,120.53867733695157
Vikarabad,2023-10-28 02:00:00,temp,21.0,20.657355225647482,2,0,2,120.53867733695157
Vikarabad,2023-10-29 02:45:00,temp,22.0,20.880055190667267,2,0,2,120.53867733695157
Vikarabad,2023-10-30 02:00:00,temp,20.7,21.450952663045292,2,0,2,120.53867733695157
Visakhapatnam,2023-10-15 02:30:00,temp,25.7,26.2302713292246,1,1,1,82.39658725927656
Visakhapatnam,2023-10-16 02:30:00,temp,25.8,26.044074793489663,1,1,1,82.39658725927656
Visakhapatnam,2023-10-17 02:15:00,temp,25.4,26.043085126521998,1,1,1,82.39658725927656
Visakhapatnam,2023-10-18 02:15:00,temp,25.1,25.728641297081094,1,1,1,82.39658725927656
Visakhapatnam,2023-10-19 02:15:00,temp,24.8,25.4422429536983,1,1,1,82.39658725927656
Visakhapatnam,2023-10-20 02:30:00,temp,25.1,25.13300764488391,1,1,1,82.39658725927656
Visakhapatnam,2023-10-21 02:15:00,temp,24.5,25.263311892786025,1,1,1,82.39658725927656
Visakhapatnam,2023-10-22 02:15:00,temp,24.0,24.781386227138572,1,1,1,82.39658725927656
Visakhapatnam,2023-10-23 02:00:00,temp,24.0,24.313338655706463,1,1,1,82.39658725927656
Visakhapatnam,2023-10-24 02:15:00,temp,24.7,24.204591804421142,1,1,1,82.39658725927656
Visakhapatnam,2023-10-25 02:15:00,temp,24.8,24.6714053859092,1,1,1,82.39658725927656
Visakhapatnam,2023-10-26 02:00:00,temp,25.8,24.755600024919044,1,1,1,82.39658725927656
Visakhapatnam,2023-10-27 02:15:00,temp,25.4,25.529234894240076,1,1,1,82.39658725927656
Visakhapatnam,2023-10-28 02:00:00,temp,25.2,25.287803081681147,1,1,1,82.39658725927656
Visakhapatnam,2023-10-29 02:30:00,temp,24.8,25.166534856867287,1,1,1,82.39658725927656
Visakhapatnam,2023-10-30 01:45:00,temp,24.8,24.885571683054152,1,1,1,82.39658725927656
Vizianagaram,2023-10-15 02:30:00,temp,23.7,24.28957407796706,0,1,1,94.20577223076738
Vizianagaram,2023-10-16 02:30:00,temp,23.6,23.861540903162346,0,1,1,94.20577223076738
Vizianagaram,2023-10-17 02:15:00,temp,23.4,23.66743983232829,0,1,1,94.20577223076738
Vizianagaram,2023-10-18 02:30:00,temp,23.5,23.468480019137303,0,1,1,94.20577223076738
Vizianagaram,2023-10-19 02:15:00,temp,23.5,23.491895217877623,0,1,1,94.20577223076738
Vizianagaram,2023-10-20 02:30:00,temp,23.3,23.497896268005398,0,1,1,94.20577223076738
Vizianagaram,2023-10-21 02:15:00,temp,23.0,23.351445044388935,0,1,1,94.20577223076738
Vizianagaram,2023-10-22 02:15:00,temp,22.6,23.089725177692497,0,1,1,94.20577223076738
Vizianagaram,2023-10-23 02:00:00,temp,22.2,22.71872745203145,0,1,1,94.20577223076738
Vizianagaram,2023-10-24 02:15:00,temp,22.3,22.316352240349342,0,1,1,94.20577223076738
Vizianagaram,2023-10-25 02:15:00,temp,22.9,22.30366178698623,0,1,1,94.20577223076738
Vizianagaram,2023-10-26 02:00:00,temp,24.5,22.76109159129656,0,1,1,94.20577223076738
Vizianagaram,2023-10-27 02:15:00,temp,23.9,24.19364338215366,0,1,1,94.20577223076738
Vizianagaram,2023-10-28 02:00:00,temp,23.4,23.950725250153305,0,1,1,94.20577223076738
Vizianagaram,2023-10-29 02:30:00,temp,22.7,23.51425262353559,0,1,1,94.20577223076738
Vizianagaram,2023-10-30 01:45:00,temp,22.3,22.848574640488156,0,1,1,94.20577223076738
Wanaparthy,2023-10-15 02:30:00,temp,24.4,23.724130879355044,2,0,1,117.80504713671013
Wanaparthy,2023-10-16 02:30:00,temp,24.3,23.862023010205483,2,0,1,117.80504713671013
Wanaparthy,2023-10-17 02:30:00,temp,24.4,23.77191416309709,2,0,1,117.80504713671013
Wanaparthy,2023-10-18 02:30:00,temp,23.9,23.784251683170158,2,0,1,117.80504713671013
Wanaparthy,2023-10-19 02:30:00,temp,22.8,23.554389876322013,2,0,1,117.80504713671013
Wanaparthy,2023-10-20 02:30:00,temp,22.5,23.150159783057045,2,0,1,117.80504713671013
Wanaparthy,2023-10-21 02:30:00,temp,23.1,23.196525975932612,2,0,1,117.80504713671013
Wanaparthy,2023-10-22 02:30:00,temp,22.4,23.640889796131393,2,0,1,117.80504713671013
Wanaparthy,2023-10-23 02:15:00,temp,20.7,23.461225189075186,2,0,1,117.80504713671013
Wanaparthy,2023-10-24 02:15:00,temp,20.6,22.20669698999032,2,0,1,117.80504713671013
Wanaparthy,2023-10-25 02:30:00,temp,20.2,22.009858412197175,2,0,1,117.80504713671013
Wanaparthy,2023-10-26 02:00:00,temp,20.5,21.347378594457034,2,0,1,117.80504713671013
Wanaparthy,2023-10-27 02:30:00,temp,19.7,21.33269681075566,2,0,1,117.80504713671013
Wanaparthy,2023-10-28 02:00:00,temp,20.8,20.605216357390944,2,0,1,117.80504713671013
Wanaparthy,2023-10-29 02:45:00,temp,24.4,21.308388747682397,2,0,1,117.80504713671013
Wanaparthy,2023-10-30 02:00:00,temp,22.9,24.378980200752068,2,0,1,117.80504713671013
Warangal,2023-10-15 02:30:00,temp,23.5,23.854726481556245,1,0,0,95.65689732227665
Warangal,2023-10-16 02:30:00,temp,23.1,23.744240096662104,1,0,0,95.65689732227665
Warangal,2023-10-17 02:30:00,temp,23.4,23.517118311430302,1,0,0,95.65689732227665
Warangal,2023-10-18 02:30:00,temp,23.0,23.668969011716904,1,0,0,95.65689732227665
Warangal,2023-10-19 02:30:00,temp,22.9,23.4334305893476,1,0,0,95.65689732227665
Warangal,2023-10-20 02:30:00,temp,22.7,23.351697720286065,1,0,0,95.65689732227665
Warangal,2023-10-21 02:30:00,temp,22.3,23.202003846129806,1,0,0,95.65689732227665
Warangal,2023-10-22 02:30:00,temp,20.8,22.901275902430893,1,0,0,95.65689732227665
Warangal,2023-10-23 02:15:00,temp,19.8,21.669041545714258,1,0,0,95.65689732227665
Warangal,2023-10-24 02:15:00,temp,19.0,20.46981151069197,1,0,0,95.65689732227665
Warangal,2023-10-25 02:30:00,temp,19.2,19.43576499084715,1,0,0,95.65689732227665
Warangal,2023-10-26 02:00:00,temp,19.4,19.568347295961804,1,0,0,95.65689732227665
Warangal,2023-10-27 02:30:00,temp,18.5,19.724501710166727,1,0,0,95.65689732227665
Warangal,2023-10-28 02:00:00,temp,20.5,18.756004817618944,1,0,0,95.65689732227665
Warangal,2023-10-29 02:45:00,temp,21.2,20.785592487430527,1,0,0,95.65689732227665
Warangal,2023-10-30 02:00:00,temp,20.7,21.4307033948278,1,0,0,95.65689732227665
Wardha,2023-10-15 02:30:00,temp,23.0,24.609996367590902,0,1,1,139.3547573943072
Wardha,2023-10-16 02:30:00,temp,24.0,24.243991204689284,0,1,1,139.3547573943072
Wardha,2023-10-17 02:30:00,temp,24.0,24.17882659369193,0,1,1,139.3547573943072
Wardha,2023-10-18 02:30:00,temp,25.0,24.1331247533456,0,1,1,139.3547573943072
Wardha,2023-10-19 02:30:00,temp,26.0,24.337073567141775,0,1,1,139.3547573943072
Wardha,2023-10-20 02:30:00,temp,25.0,24.6660996064397,0,1,1,139.3547573943072
Wardha,2023-10-21 02:15:00,temp,23.0,24.7322104409028,0,1,1,139.3547573943072
Wardha,2023-10-22 02:30:00,temp,22.0,24.408682294960226,0,1,1,139.3547573943072
Wardha,2023-10-23 02:15:00,temp,22.0,23.914305686513586,0,1,1,139.3547573943072
Wardha,2023-10-24 02:15:00,temp,21.0,23.25687494604504,0,1,1,139.3547573943072
Wardha,2023-10-25 02:15:00,temp,21.0,21.844380975701636,0,1,1,139.3547573943072
Wardha,2023-10-26 02:00:00,temp,20.0,21.335500681171073,0,1,1,139.3547573943072
Wardha,2023-10-27 02:15:00,temp,20.0,20.551081192016873,0,1,1,139.3547573943072
Wardha,2023-10-28 02:00:00,temp,20.1,20.21885435024575,0,1,1,139.3547573943072
Wardha,2023-10-29 02:45:00,temp,19.0,20.14859800906105,0,1,1,139.3547573943072
Wardha,2023-10-30 02:00:00,temp,20.0,19.466148227888326,0,1,1,139.3547573943072
Washim,2023-10-15 02:30:00,temp,23.0,23.041523022629537,2,0,1,102.58557327892807
Washim,2023-10-16 02:30:00,temp,23.4,22.85185560859685,2,0,1,102.58557327892807
Washim,2023-10-17 02:30:00,temp,22.7,23.21547539531471,2,0,1,102.58557327892807
Washim,2023-10-18 02:30:00,temp,22.8,22.697676866838837,2,0,1,102.58557327892807
Washim,2023-10-19 02:15:00,temp,23.0,22.879879404007472,2,0,1,102.58557327892807
Washim,2023-10-20 02:30:00,temp,21.6,22.91613837568661,2,0,1,102.58557327892807
Washim,2023-10-21 02:15:00,temp,21.8,22.025603832871344,2,0,1,102.58557327892807
Washim,2023-10-22 02:30:00,temp,21.1,22.290223250782763,2,0,1,102.58557327892807
Washim,2023-10-23 02:15:00,temp,20.1,21.641085917011466,2,0,1,102.58557327892807
Washim,2023-10-24 02:15:00,temp,20.0,20.955789831536876,2,0,1,102.58557327892807
Washim,2023-10-25 02:15:00,temp,20.0,20.719698586141856,2,0,1,102.58557327892807
Washim,2023-10-26 02:00:00,temp,19.5,20.64943931027581,2,0,1,102.58557327892807
Washim,2023-10-27 02:15:00,temp,19.0,20.076806177994385,2,0,1,102.58557327892807
Washim,2023-10-28 02:00:00,temp,19.5,19.565284893107485,2,0,1,102.58557327892807
Washim,2023-10-29 02:45:00,temp,19.2,20.00005863355805,2,0,1,102.58557327892807
Washim,2023-10-30 02:00:00,temp,19.5,19.603554869332616,2,0,1,102.58557327892807
West Godavari,2023-10-15 02:30:00,temp,24.0,24.426745889402046,0,1,1,124.08688289218766
West Godavari,2023-10-16 02:30:00,temp,23.9,24.350212139277836,0,1,1,124.08688289218766
West Godavari,2023-10-17 02:15:00,temp,24.2,24.26804858283802,0,1,1,124.08688289218766
West Godavari,2023-10-18 02:30:00,temp,23.6,24.25631533996308,0,1,1,124.08688289218766
West Godavari,2023-10-19 02:15:00,temp,24.7,24.137951125366033,0,1,1,124.08688289218766
West Godavari,2023-10-20 02:30:00,temp,23.6,24.239016948584187,0,1,1,124.08688289218766
West Godavari,2023-10-21 02:15:00,temp,23.7,24.13295254297757,0,1,1,124.08688289218766
West Godavari,2023-10-22 02:15:00,temp,23.5,24.057570238635773,0,1,1,124.08688289218766
West Godavari,2023-10-23 02:00:00,temp,21.9,23.95688314030046,0,1,1,124.08688289218766
West Godavari,2023-10-24 02:15:00,temp,23.3,23.533215982726016,0,1,1,124.08688289218766
West Godavari,2023-10-25 02:15:00,temp,22.1,23.47554796665607,0,1,1,124.08688289218766
West Godavari,2023-10-26 02:00:00,temp,23.1,23.12119865347522,0,1,1,124.08688289218766
West Godavari,2023-10-27 02:15:00,temp,23.2,23.11586494742272,0,1,1,124.08688289218766
West Godavari,2023-10-28 02:00:00,temp,23.0,23.13749886246169,0,1,1,124.08688289218766
West Godavari,2023-10-29 02:30:00,temp,24.0,23.10501309510694,0,1,1,124.08688289218766
West Godavari,2023-10-30 01:45:00,temp,23.3,23.30583573350693,0,1,1,124.08688289218766
Wokha,2023-10-15 02:30:00,temp,23.7,23.253350100618476,0,1,2,228.68458329959293
Wokha,2023-10-16 02:30:00,temp,14.0,25.055324754221104,0,1,2,228.68458329959293
Wokha,2023-10-17 02:15:00,temp,23.5,17.38017069643342,0,1,2,228.68458329959293
Wokha,2023-10-18 02:30:00,temp,19.4,26.15149509446185,0,1,2,228.68458329959293
Wokha,2023-10-19 02:15:00,temp,12.5,20.519337057446297,0,1,2,228.68458329959293
Wokha,2023-10-20 02:30:00,temp,23.0,17.37212479849091,0,1,2,228.68458329959293
Wokha,2023-10-21 02:15:00,temp,22.4,23.811280905739267,0,1,2,228.68458329959293
Wokha,2023-10-22 02:15:00,temp,22.6,21.046806917948967,0,1,2,228.68458329959293
Wokha,2023-10-23 02:15:00,temp,22.9,22.387606169640502,0,1,2,228.68458329959293
Wokha,2023-10-24 02:15:00,temp,24.3,22.129067115861584,0,1,2,228.68458329959293
Wokha,2023-10-25 02:15:00,temp,23.7,23.16018262342045,0,1,2,228.68458329959293
Wokha,2023-10-26 02:00:00,temp,23.3,22.63991389903996,0,1,2,228.68458329959293
Wokha,2023-10-27 02:15:00,temp,21.4,22.79673009695573,0,1,2,228.68458329959293
Wokha,2023-10-28 02:00:00,temp,22.1,21.79368473106602,0,1,2,228.68458329959293
Wokha,2023-10-29 02:30:00,temp,22.1,22.497247740990936,0,1,2,228.68458329959293
Wokha,2023-10-30 01:45:00,temp,23.3,22.16904468829509,0,1,2,228.68458329959293
Yadgir,2023-10-15 02:30:00,temp,25.6,23.461796016973942,2,0,2,137.30229463046481
Yadgir,2023-10-16 02:30:00,temp,25.5,24.851803851587857,2,0,2,137.30229463046481
Yadgir,2023-10-17 02:30:00,temp,25.1,24.658534693330466,2,0,2,137.30229463046481
Yadgir,2023-10-18 02:30:00,temp,24.3,24.51928584170777,2,0,2,137.30229463046481
Yadgir,2023-10-19 02:15:00,temp,23.8,24.18360862440372,2,0,2,137.30229463046481
Yadgir,2023-10-20 02:30:00,temp,23.7,23.99030921942187,2,0,2,137.30229463046481
Yadgir,2023-10-21 02:15:00,temp,24.2,24.0359881004275,2,0,2,137.30229463046481
Yadgir,2023-10-22 02:15:00,temp,24.8,24.29461518631348,2,0,2,137.30229463046481
Yadgir,2023-10-23 02:15:00,temp,22.7,24.549799960799444,2,0,2,137.30229463046481
Yadgir,2023-10-24 02:15:00,temp,21.4,23.362870156253503,2,0,2,137.30229463046481
Yadgir,2023-10-25 02:15:00,temp,21.6,22.786466254208225,2,0,2,137.30229463046481
Yadgir,2023-10-26 02:00:00,temp,21.3,23.208179377402665,2,0,2,137.30229463046481
Yadgir,2023-10-27 02:15:00,temp,20.8,22.65865516866797,2,0,2,137.30229463046481
Yadgir,2023-10-28 02:00:00,temp,20.8,22.107284306005678,2,0,2,137.30229463046481
Yadgir,2023-10-29 02:45:00,temp,23.3,21.924673199152622,2,0,2,137.30229463046481
Yadgir,2023-10-30 02:00:00,temp,23.4,23.87939348978855,2,0,2,137.30229463046481
Yamunanagar,2023-10-15 02:30:00,temp,21.4,21.05219748347742,2,1,2,147.87669289215984
Yamunanagar,2023-10-16 02:30:00,temp,21.2,21.706096995092164,2,1,2,147.87669289215984
Yamunanagar,2023-10-17 02:15:00,temp,17.0,21.487569647768538,2,1,2,147.87669289215984
Yamunanagar,2023-10-18 02:30:00,temp,18.7,17.743050457062388,2,1,2,147.87669289215984
Yamunanagar,2023-10-19 02:15:00,temp,17.5,19.70894245950781,2,1,2,147.87669289215984
Yamunanagar,2023-10-20 02:30:00,temp,18.1,18.422037902661277,2,1,2,147.87669289215984
Yamunanagar,2023-10-21 02:15:00,temp,18.2,18.613154865923715,2,1,2,147.87669289215984
Yamunanagar,2023-10-22 02:15:00,temp,18.6,18.34463317925294,2,1,2,147.87669289215984
Yamunanagar,2023-10-23 02:15:00,temp,18.8,18.353916994592044,2,1,2,147.87669289215984
Yamunanagar,2023-10-24 02:15:00,temp,18.6,18.618724343688303,2,1,2,147.87669289215984
Yamunanagar,2023-10-25 02:15:00,temp,19.2,18.3362741456388,2,1,2,147.87669289215984
Yamunanagar,2023-10-26 02:00:00,temp,19.1,18.870353907130717,2,1,2,147.87669289215984
Yamunanagar,2023-10-27 02:15:00,temp,18.5,18.773992754279057,2,1,2,147.87669289215984
Yamunanagar,2023-10-28 02:00:00,temp,19.1,18.303331721475523,2,1,2,147.87669289215984
Yamunanagar,2023-10-29 02:30:00,temp,19.1,18.71480237956978,2,1,2,147.87669289215984
Yamunanagar,2023-10-30 01:45:00,temp,19.1,18.992214740224018,2,1,2,147.87669289215984
Yanam,2023-10-15 02:30:00,temp,24.6,24.93211714687969,1,1,1,107.00249438605265
Yanam,2023-10-16 02:30:00,temp,24.2,24.79300996069642,1,1,1,107.00249438605265
Yanam,2023-10-17 02:15:00,temp,25.9,24.58064423596518,1,1,1,107.00249438605265
Yanam,2023-10-18 02:30:00,temp,24.3,25.258870025327013,1,1,1,107.00249438605265
Yanam,2023-10-19 02:15:00,temp,23.4,24.705823346913924,1,1,1,107.00249438605265
Yanam,2023-10-20 02:30:00,temp,24.1,24.26620721529159,1,1,1,107.00249438605265
Yanam,2023-10-21 02:15:00,temp,24.3,24.40495891391199,1,1,1,107.00249438605265
Yanam,2023-10-22 02:15:00,temp,24.3,24.43549448083463,1,1,1,107.00249438605265
Yanam,2023-10-23 02:15:00,temp,23.1,24.410666610561034,1,1,1,107.00249438605265
Yanam,2023-10-24 02:15:00,temp,25.4,23.86948435396463,1,1,1,107.00249438605265
Yanam,2023-10-25 02:15:00,temp,24.4,24.645021905907818,1,1,1,107.00249438605265
Yanam,2023-10-26 02:00:00,temp,24.5,24.40915458913336,1,1,1,107.00249438605265
Yanam,2023-10-27 02:15:00,temp,24.0,24.44294928343456,1,1,1,107.00249438605265
Yanam,2023-10-28 02:00:00,temp,23.7,24.278625479274258,1,1,1,107.00249438605265
Yanam,2023-10-29 02:30:00,temp,24.9,24.121137708714546,1,1,1,107.00249438605265
Yanam,2023-10-30 01:45:00,temp,24.1,24.46510951369251,1,1,1,107.00249438605265
Yavatmal,2023-10-15 02:30:00,temp,25.4,25.547254523747167,2,0,1,118.15878847389898
Yavatmal,2023-10-16 02:30:00,temp,26.0,25.203895706317684,2,0,1,118.15878847389898
Yavatmal,2023-10-17 02:30:00,temp,24.0,25.551128814931918,2,0,1,118.15878847389898
Yavatmal,2023-10-18 02:30:00,temp,23.6,23.994622594111846,2,0,1,118.15878847389898
Yavatmal,2023-10-19 02:30:00,temp,25.3,23.747833189704703,2,0,1,118.15878847389898
Yavatmal,2023-10-20 02:30:00,temp,22.8,24.98324092847056,2,0,1,118.15878847389898
Yavatmal,2023-10-21 02:15:00,temp,22.5,23.293126242134594,2,0,1,118.15878847389898
Yavatmal,2023-10-22 02:30:00,temp,22.2,23.189353373545696,2,0,1,118.15878847389898
Yavatmal,2023-10-23 02:15:00,temp,21.3,23.090014535655452,2,0,1,118.15878847389898
Yavatmal,2023-10-24 02:15:00,temp,20.7,22.479340457912077,2,0,1,118.15878847389898
Yavatmal,2023-10-25 02:15:00,temp,20.4,21.977921398291862,2,0,1,118.15878847389898
Yavatmal,2023-10-26 02:00:00,temp,20.5,21.58367998048231,2,0,1,118.15878847389898
Yavatmal,2023-10-27 02:15:00,temp,20.4,21.564910299377736,2,0,1,118.15878847389898
Yavatmal,2023-10-28 02:00:00,temp,20.2,21.205748743372865,2,0,1,118.15878847389898
Yavatmal,2023-10-29 02:45:00,temp,20.1,20.592005241926053,2,0,1,118.15878847389898
Yavatmal,2023-10-30 02:00:00,temp,20.1,20.799520264039785,2,0,1,118.15878847389898
Zunheboto,2023-10-15 02:30:00,temp,15.1,15.272799817736864,0,1,1,104.21269627949654
Zunheboto,2023-10-16 02:30:00,temp,11.8,15.173908460118275,0,1,1,104.21269627949654
Zunheboto,2023-10-17 02:15:00,temp,12.0,13.040827344799013,0,1,1,104.21269627949654
Zunheboto,2023-10-18 02:30:00,temp,13.8,12.2015827435728,0,1,1,104.21269627949654
Zunheboto,2023-10-19 02:15:00,temp,10.6,13.278546635656493,0,1,1,104.21269627949654
Zunheboto,2023-10-20 02:30:00,temp,10.3,11.641992525127403,0,1,1,104.21269627949654
Zunheboto,2023-10-21 02:15:00,temp,10.9,10.709172118166354,0,1,1,104.21269627949654
Zunheboto,2023-10-22 02:15:00,temp,10.6,10.83880902850985,0,1,1,104.21269627949654
Zunheboto,2023-10-23 02:15:00,temp,11.3,10.681416762598005,0,1,1,104.21269627949654
Zunheboto,2023-10-24 02:15:00,temp,14.9,11.086250093115959,0,1,1,104.21269627949654
Zunheboto,2023-10-25 02:15:00,temp,12.0,13.717670609491693,0,1,1,104.21269627949654
Zunheboto,2023-10-26 02:00:00,temp,12.7,12.545543531426782,0,1,1,104.21269627949654
Zunheboto,2023-10-27 02:15:00,temp,10.5,12.637786931127858,0,1,1,104.21269627949654
Zunheboto,2023-10-28 02:00:00,temp,10.4,11.374841994384203,0,1,1,104.21269627949654
Zunheboto,2023-10-29 02:30:00,temp,11.5,10.755053213960215,0,1,1,104.21269627949654
Zunheboto,2023-10-30 01:45:00,temp,10.7,11.21285972021623,0,1,1,104.21269627949654
