city,datetime,target,y_true,y_pred,order_p,order_d,order_q,aic
Adilabad,2023-10-15 02:30:00,hum,65.0,70.5352638157928,2,1,0,269.63887582172583
Adilabad,2023-10-16 02:30:00,hum,63.0,62.5538953879046,2,1,0,269.63887582172583
Adilabad,2023-10-17 02:30:00,hum,67.0,64.36547245116668,2,1,0,269.63887582172583
Adilabad,2023-10-18 02:30:00,hum,73.0,66.72193815622381,2,1,0,269.63887582172583
Adilabad,2023-10-19 02:30:00,hum,72.0,70.46852537447528,2,1,0,269.63887582172583
Adilabad,2023-10-20 02:30:00,hum,85.0,70.30481564885027,2,1,0,269.63887582172583
Adilabad,2023-10-21 02:30:00,hum,76.0,82.6485143109336,2,1,0,269.63887582172583
Adilabad,2023-10-22 02:30:00,hum,64.0,75.08623350906375,2,1,0,269.63887582172583
Adilabad,2023-10-23 02:15:00,hum,63.0,69.59643730382035,2,1,0,269.63887582172583
Adilabad,2023-10-24 02:15:00,hum,69.0,66.66005254350213,2,1,0,269.63887582172583
Adilabad,2023-10-25 02:30:00,hum,62.0,68.33060821438903,2,1,0,269.63887582172583
Adilabad,2023-10-26 02:00:00,hum,59.0,61.45134675117114,2,1,0,269.63887582172583
Adilabad,2023-10-27 02:30:00,hum,56.0,61.735084988429904,2,1,0,269.63887582172583
Adilabad,2023-10-28 02:00:00,hum,57.0,57.363353169906595,2,1,0,269.63887582172583
Adilabad,2023-10-29 02:45:00,hum,58.0,57.70832637073338,2,1,0,269.63887582172583
Adilabad,2023-10-30 02:00:00,hum,64.0,57.546158486121534,2,1,0,269.63887582172583
Agar,2023-10-15 02:30:00,hum,48.0,53.0,0,1,0,297.11602306026464
Agar,2023-10-16 02:30:00,hum,65.0,48.0,0,1,0,297.11602306026464
Agar,2023-10-17 02:30:00,hum,66.0,65.0,0,1,0,297.11602306026464
Agar,2023-10-18 02:30:00,hum,65.0,66.0,0,1,0,297.11602306026464
Agar,2023-10-19 02:30:00,hum,55.0,65.0,0,1,0,297.11602306026464
Agar,2023-10-20 02:30:00,hum,52.0,55.0,0,1,0,297.11602306026464
Agar,2023-10-21 02:30:00,hum,50.0,52.0,0,1,0,297.11602306026464
Agar,2023-10-22 02:30:00,hum,48.0,50.0,0,1,0,297.11602306026464
Agar,2023-10-23 02:15:00,hum,46.0,48.0,0,1,0,297.11602306026464
Agar,2023-10-24 02:15:00,hum,41.0,46.0,0,1,0,297.11602306026464
Agar,2023-10-25 02:30:00,hum,38.0,41.0,0,1,0,297.11602306026464
Agar,2023-10-26 02:00:00,hum,36.0,38.0,0,1,0,297.11602306026464
Agar,2023-10-27 02:30:00,hum,34.0,36.0,0,1,0,297.11602306026464
Agar,2023-10-28 02:00:00,hum,37.0,34.0,0,1,0,297.11602306026464
Agar,2023-10-29 02:45:00,hum,40.0,37.0,0,1,0,297.11602306026464
Agar,2023-10-30 02:00:00,hum,41.0,40.0,0,1,0,297.11602306026464
Agra,2023-10-15 02:30:00,hum,37.0,31.880053027224655,0,1,1,336.5127825637472
Agra,2023-10-16 02:30:00,hum,39.0,35.26148074677868,0,1,1,336.5127825637472
Agra,2023-10-17 02:30:00,hum,74.0,37.749292688951684,0,1,1,336.5127825637472
Agra,2023-10-18 02:30:00,hum,57.0,63.38148897368693,0,1,1,336.5127825637472
Agra,2023-10-19 02:30:00,hum,42.0,58.64251287029208,0,1,1,336.5127825637472
Agra,2023-10-20 02:30:00,hum,39.0,47.868893233373406,0,1,1,336.5127825637472
Agra,2023-10-21 02:15:00,hum,44.0,41.865993399534986,0,1,1,336.5127825637472
Agra,2023-10-22 02:30:00,hum,44.0,43.29943357415652,0,1,1,336.5127825637472
Agra,2023-10-23 02:15:00,hum,34.0,43.76168479007817,0,1,1,336.5127825637472
Agra,2023-10-24 02:15:00,hum,39.0,37.324558214619145,0,1,1,336.5127825637472
Agra,2023-10-25 02:30:00,hum,42.0,38.43481820895382,0,1,1,336.5127825637472
Agra,2023-10-26 02:00:00,hum,37.0,40.77056608760101,0,1,1,336.5127825637472
Agra,2023-10-27 02:15:00,hum,28.0,38.30710722588341,0,1,1,336.5127825637472
Agra,2023-10-28 02:00:00,hum,28.0,31.520480416488965,0,1,1,336.5127825637472
Agra,2023-10-29 02:45:00,hum,33.0,29.15252939590777,0,1,1,336.5127825637472
Agra,2023-10-30 02:00:00,hum,36.0,31.704101451828375,0,1,1,336.5127825637472
Ahmadnagar,2023-10-15 02:30:00,hum,60.0,54.0,0,1,0,288.75022104074117
Ahmadnagar,2023-10-16 02:30:00,hum,59.0,60.0,0,1,0,288.75022104074117
Ahmadnagar,2023-10-17 02:30:00,hum,55.0,59.0,0,1,0,288.75022104074117
Ahmadnagar,2023-10-18 02:30:00,hum,56.0,55.0,0,1,0,288.75022104074117
Ahmadnagar,2023-10-19 02:30:00,hum,57.0,56.0,0,1,0,288.75022104074117
Ahmadnagar,2023-10-20 02:30:00,hum,60.0,57.0,0,1,0,288.75022104074117
Ahmadnagar,2023-10-21 02:15:00,hum,56.0,60.0,0,1,0,288.75022104074117
Ahmadnagar,2023-10-22 02:30:00,hum,55.0,56.0,0,1,0,288.75022104074117
Ahmadnagar,2023-10-23 02:15:00,hum,53.0,55.0,0,1,0,288.75022104074117
Ahmadnagar,2023-10-24 02:15:00,hum,47.0,53.0,0,1,0,288.75022104074117
Ahmadnagar,2023-10-25 02:15:00,hum,52.0,47.0,0,1,0,288.75022104074117
Ahmadnagar,2023-10-26 02:00:00,hum,44.0,52.0,0,1,0,288.75022104074117
Ahmadnagar,2023-10-27 02:15:00,hum,43.0,44.0,0,1,0,288.75022104074117
Ahmadnagar,2023-10-28 02:00:00,hum,49.0,43.0,0,1,0,288.75022104074117
Ahmadnagar,2023-10-29 02:45:00,hum,47.0,49.0,0,1,0,288.75022104074117
Ahmadnagar,2023-10-30 02:00:00,hum,41.0,47.0,0,1,0,288.75022104074117
Aizawl,2023-10-15 02:30:00,hum,98.0,98.55555056583572,0,0,0,195.34768699217216
Aizawl,2023-10-16 02:30:00,hum,98.0,98.54347324907694,0,0,0,195.34768699217216
Aizawl,2023-10-17 02:15:00,hum,94.0,98.53190984082309,0,0,0,195.34768699217216
Aizawl,2023-10-18 02:30:00,hum,92.0,98.43749492121641,0,0,0,195.34768699217216
Aizawl,2023-10-19 02:15:00,hum,96.0,98.30611760798456,0,0,0,195.34768699217216
Aizawl,2023-10-20 02:30:00,hum,92.0,98.25999500782005,0,0,0,195.34768699217216
Aizawl,2023-10-21 02:15:00,hum,89.0,98.13724987356035,0,0,0,195.34768699217216
Aizawl,2023-10-22 02:15:00,hum,93.0,97.96153343936774,0,0,0,195.34768699217216
Aizawl,2023-10-23 02:15:00,hum,100.0,97.86791958541215,0,0,0,195.34768699217216
Aizawl,2023-10-24 02:15:00,hum,100.0,97.90740200839885,0,0,0,195.34768699217216
Aizawl,2023-10-25 02:15:00,hum,82.0,97.94544955286634,0,0,0,195.34768699217216
Aizawl,2023-10-26 02:00:00,hum,96.0,97.66070936690066,0,0,0,195.34768699217216
Aizawl,2023-10-27 02:15:00,hum,99.0,97.63157407498998,0,0,0,195.34768699217216
Aizawl,2023-10-28 02:00:00,hum,98.0,97.65516745817294,0,0,0,195.34768699217216
Aizawl,2023-10-29 02:30:00,hum,97.0,97.66101196727261,0,0,0,195.34768699217216
Aizawl,2023-10-30 01:45:00,hum,84.0,97.6499949837707,0,0,0,195.34768699217216
Ajmer,2023-10-15 02:30:00,hum,46.0,39.89528657037587,0,1,2,321.0867592317068
Ajmer,2023-10-16 02:30:00,hum,53.0,44.9085295024111,0,1,2,321.0867592317068
Ajmer,2023-10-17 02:30:00,hum,67.0,54.46229703865524,0,1,2,321.0867592317068
Ajmer,2023-10-18 02:30:00,hum,65.0,69.01777497133172,0,1,2,321.0867592317068
Ajmer,2023-10-19 02:30:00,hum,49.0,70.63015524053863,0,1,2,321.0867592317068
Ajmer,2023-10-20 02:30:00,hum,44.0,49.34148176803234,0,1,2,321.0867592317068
Ajmer,2023-10-21 02:15:00,hum,39.0,37.8109201193299,0,1,2,321.0867592317068
Ajmer,2023-10-22 02:30:00,hum,39.0,37.49109872134566,0,1,2,321.0867592317068
Ajmer,2023-10-23 02:15:00,hum,42.0,39.21170848900823,0,1,2,321.0867592317068
Ajmer,2023-10-24 02:15:00,hum,33.0,42.35762084840848,0,1,2,321.0867592317068
Ajmer,2023-10-25 02:30:00,hum,38.0,34.24827132138312,0,1,2,321.0867592317068
Ajmer,2023-10-26 02:00:00,hum,33.0,34.97153564608719,0,1,2,321.0867592317068
Ajmer,2023-10-27 02:15:00,hum,39.0,34.23995186154224,0,1,2,321.0867592317068
Ajmer,2023-10-28 02:00:00,hum,30.0,38.17716112747377,0,1,2,321.0867592317068
Ajmer,2023-10-29 02:45:00,hum,28.0,31.952909277811486,0,1,2,321.0867592317068
Ajmer,2023-10-30 02:00:00,hum,34.0,25.674580950866932,0,1,2,321.0867592317068
Akola,2023-10-15 02:30:00,hum,54.0,55.0,0,1,0,272.4354905496961
Akola,2023-10-16 02:30:00,hum,60.0,54.0,0,1,0,272.4354905496961
Akola,2023-10-17 02:30:00,hum,60.0,60.0,0,1,0,272.4354905496961
Akola,2023-10-18 02:30:00,hum,68.0,60.0,0,1,0,272.4354905496961
Akola,2023-10-19 02:30:00,hum,57.0,68.0,0,1,0,272.4354905496961
Akola,2023-10-20 02:30:00,hum,71.0,57.0,0,1,0,272.4354905496961
Akola,2023-10-21 02:15:00,hum,60.0,71.0,0,1,0,272.4354905496961
Akola,2023-10-22 02:30:00,hum,56.0,60.0,0,1,0,272.4354905496961
Akola,2023-10-23 02:15:00,hum,49.0,56.0,0,1,0,272.4354905496961
Akola,2023-10-24 02:15:00,hum,56.0,49.0,0,1,0,272.4354905496961
Akola,2023-10-25 02:15:00,hum,49.0,56.0,0,1,0,272.4354905496961
Akola,2023-10-26 02:00:00,hum,44.0,49.0,0,1,0,272.4354905496961
Akola,2023-10-27 02:15:00,hum,48.0,44.0,0,1,0,272.4354905496961
Akola,2023-10-28 02:00:00,hum,53.0,48.0,0,1,0,272.4354905496961
Akola,2023-10-29 02:45:00,hum,52.0,53.0,0,1,0,272.4354905496961
Akola,2023-10-30 02:00:00,hum,56.0,52.0,0,1,0,272.4354905496961
Alappuzha,2023-10-15 02:30:00,hum,84.0,85.06539469197708,1,1,1,237.91199079143917
Alappuzha,2023-10-16 02:30:00,hum,84.0,84.17003313472976,1,1,1,237.91199079143917
Alappuzha,2023-10-17 02:30:00,hum,83.0,84.16108466976999,1,1,1,237.91199079143917
Alappuzha,2023-10-18 02:30:00,hum,82.0,83.6770786036878,1,1,1,237.91199079143917
Alappuzha,2023-10-19 02:15:00,hum,80.0,83.14954833262796,1,1,1,237.91199079143917
Alappuzha,2023-10-20 02:30:00,hum,81.0,82.08097215190028,1,1,1,237.91199079143917
Alappuzha,2023-10-21 02:15:00,hum,76.0,82.35259114588882,1,1,1,237.91199079143917
Alappuzha,2023-10-22 02:15:00,hum,88.0,79.61475117578576,1,1,1,237.91199079143917
Alappuzha,2023-10-23 02:15:00,hum,90.0,84.89469818589565,1,1,1,237.91199079143917
Alappuzha,2023-10-24 02:15:00,hum,84.0,86.45730810120392,1,1,1,237.91199079143917
Alappuzha,2023-10-25 02:15:00,hum,85.0,83.91856565680325,1,1,1,237.91199079143917
Alappuzha,2023-10-26 02:00:00,hum,82.0,84.35964686321257,1,1,1,237.91199079143917
Alappuzha,2023-10-27 02:15:00,hum,83.0,83.1285931779864,1,1,1,237.91199079143917
Alappuzha,2023-10-28 02:00:00,hum,85.0,83.47573524941666,1,1,1,237.91199079143917
Alappuzha,2023-10-29 02:30:00,hum,82.0,84.28929188157001,1,1,1,237.91199079143917
Alappuzha,2023-10-30 01:45:00,hum,83.0,83.08636851809989,1,1,1,237.91199079143917
Aligarh,2023-10-15 02:30:00,hum,38.0,40.0,0,1,0,324.79149919513736
Aligarh,2023-10-16 02:30:00,hum,50.0,38.0,0,1,0,324.79149919513736
Aligarh,2023-10-17 02:30:00,hum,78.0,50.0,0,1,0,324.79149919513736
Aligarh,2023-10-18 02:30:00,hum,57.0,78.0,0,1,0,324.79149919513736
Aligarh,2023-10-19 02:30:00,hum,49.0,57.0,0,1,0,324.79149919513736
Aligarh,2023-10-20 02:30:00,hum,40.0,49.0,0,1,0,324.79149919513736
Aligarh,2023-10-21 02:15:00,hum,47.0,40.0,0,1,0,324.79149919513736
Aligarh,2023-10-22 02:30:00,hum,48.0,47.0,0,1,0,324.79149919513736
Aligarh,2023-10-23 02:15:00,hum,38.0,48.0,0,1,0,324.79149919513736
Aligarh,2023-10-24 02:15:00,hum,41.0,38.0,0,1,0,324.79149919513736
Aligarh,2023-10-25 02:30:00,hum,49.0,41.0,0,1,0,324.79149919513736
Aligarh,2023-10-26 02:00:00,hum,38.0,49.0,0,1,0,324.79149919513736
Aligarh,2023-10-27 02:30:00,hum,30.0,38.0,0,1,0,324.79149919513736
Aligarh,2023-10-28 02:00:00,hum,35.0,30.0,0,1,0,324.79149919513736
Aligarh,2023-10-29 02:45:00,hum,37.0,35.0,0,1,0,324.79149919513736
Aligarh,2023-10-30 02:00:00,hum,41.0,37.0,0,1,0,324.79149919513736
Alirajpur,2023-10-15 02:30:00,hum,51.0,50.0,0,1,0,279.07681792764635
Alirajpur,2023-10-16 02:30:00,hum,68.0,51.0,0,1,0,279.07681792764635
Alirajpur,2023-10-17 02:15:00,hum,57.0,68.0,0,1,0,279.07681792764635
Alirajpur,2023-10-18 02:15:00,hum,61.0,57.0,0,1,0,279.07681792764635
Alirajpur,2023-10-19 02:15:00,hum,53.0,61.0,0,1,0,279.07681792764635
Alirajpur,2023-10-20 02:15:00,hum,44.0,53.0,0,1,0,279.07681792764635
Alirajpur,2023-10-21 02:00:00,hum,52.0,44.0,0,1,0,279.07681792764635
Alirajpur,2023-10-22 02:15:00,hum,55.0,52.0,0,1,0,279.07681792764635
Alirajpur,2023-10-23 02:00:00,hum,44.0,55.0,0,1,0,279.07681792764635
Alirajpur,2023-10-24 02:15:00,hum,43.0,44.0,0,1,0,279.07681792764635
Alirajpur,2023-10-25 02:15:00,hum,47.0,43.0,0,1,0,279.07681792764635
Alirajpur,2023-10-26 02:00:00,hum,34.0,47.0,0,1,0,279.07681792764635
Alirajpur,2023-10-27 02:15:00,hum,35.0,34.0,0,1,0,279.07681792764635
Alirajpur,2023-10-28 02:00:00,hum,39.0,35.0,0,1,0,279.07681792764635
Alirajpur,2023-10-29 02:30:00,hum,39.0,39.0,0,1,0,279.07681792764635
Alirajpur,2023-10-30 01:45:00,hum,39.0,39.0,0,1,0,279.07681792764635
Allahabad,2023-10-15 02:30:00,hum,50.0,47.0,0,1,0,325.8144174054636
Allahabad,2023-10-16 02:30:00,hum,48.0,50.0,0,1,0,325.8144174054636
Allahabad,2023-10-17 02:30:00,hum,84.0,48.0,0,1,0,325.8144174054636
Allahabad,2023-10-18 02:30:00,hum,74.0,84.0,0,1,0,325.8144174054636
Allahabad,2023-10-19 02:30:00,hum,54.0,74.0,0,1,0,325.8144174054636
Allahabad,2023-10-20 02:30:00,hum,48.0,54.0,0,1,0,325.8144174054636
Allahabad,2023-10-21 02:15:00,hum,53.0,48.0,0,1,0,325.8144174054636
Allahabad,2023-10-22 02:30:00,hum,49.0,53.0,0,1,0,325.8144174054636
Allahabad,2023-10-23 02:15:00,hum,51.0,49.0,0,1,0,325.8144174054636
Allahabad,2023-10-24 02:15:00,hum,47.0,51.0,0,1,0,325.8144174054636
Allahabad,2023-10-25 02:30:00,hum,45.0,47.0,0,1,0,325.8144174054636
Allahabad,2023-10-26 02:00:00,hum,56.0,45.0,0,1,0,325.8144174054636
Allahabad,2023-10-27 02:30:00,hum,45.0,56.0,0,1,0,325.8144174054636
Allahabad,2023-10-28 02:00:00,hum,36.0,45.0,0,1,0,325.8144174054636
Allahabad,2023-10-29 02:45:00,hum,41.0,36.0,0,1,0,325.8144174054636
Allahabad,2023-10-30 02:00:00,hum,42.0,41.0,0,1,0,325.8144174054636
Almora,2023-10-15 02:30:00,hum,59.0,65.0,0,1,0,312.2890044541932
Almora,2023-10-16 02:30:00,hum,67.0,59.00000000000001,0,1,0,312.2890044541932
Almora,2023-10-17 02:30:00,hum,73.0,67.0,0,1,0,312.2890044541932
Almora,2023-10-18 02:30:00,hum,68.0,73.0,0,1,0,312.2890044541932
Almora,2023-10-19 02:15:00,hum,71.0,68.0,0,1,0,312.2890044541932
Almora,2023-10-20 02:30:00,hum,69.0,71.0,0,1,0,312.2890044541932
Almora,2023-10-21 02:15:00,hum,67.0,69.0,0,1,0,312.2890044541932
Almora,2023-10-22 02:15:00,hum,66.0,67.0,0,1,0,312.2890044541932
Almora,2023-10-23 02:15:00,hum,47.0,66.0,0,1,0,312.2890044541932
Almora,2023-10-24 02:15:00,hum,57.0,47.00000000000001,0,1,0,312.2890044541932
Almora,2023-10-25 02:15:00,hum,53.0,57.0,0,1,0,312.2890044541932
Almora,2023-10-26 02:00:00,hum,59.0,53.0,0,1,0,312.2890044541932
Almora,2023-10-27 02:15:00,hum,55.0,59.0,0,1,0,312.2890044541932
Almora,2023-10-28 02:00:00,hum,58.0,55.0,0,1,0,312.2890044541932
Almora,2023-10-29 02:30:00,hum,62.0,58.0,0,1,0,312.2890044541932
Almora,2023-10-30 01:45:00,hum,67.0,62.0,0,1,0,312.2890044541932
Alwar,2023-10-15 02:30:00,hum,34.0,38.0,0,1,0,306.71672426334806
Alwar,2023-10-16 02:30:00,hum,42.0,34.0,0,1,0,306.71672426334806
Alwar,2023-10-17 02:30:00,hum,79.0,42.0,0,1,0,306.71672426334806
Alwar,2023-10-18 02:30:00,hum,61.0,79.0,0,1,0,306.71672426334806
Alwar,2023-10-19 02:30:00,hum,51.0,61.0,0,1,0,306.71672426334806
Alwar,2023-10-20 02:30:00,hum,40.0,51.0,0,1,0,306.71672426334806
Alwar,2023-10-21 02:30:00,hum,43.0,40.0,0,1,0,306.71672426334806
Alwar,2023-10-22 02:30:00,hum,42.0,43.0,0,1,0,306.71672426334806
Alwar,2023-10-23 02:15:00,hum,39.0,42.0,0,1,0,306.71672426334806
Alwar,2023-10-24 02:15:00,hum,37.0,39.0,0,1,0,306.71672426334806
Alwar,2023-10-25 02:30:00,hum,37.0,37.0,0,1,0,306.71672426334806
Alwar,2023-10-26 02:00:00,hum,39.0,37.0,0,1,0,306.71672426334806
Alwar,2023-10-27 02:30:00,hum,30.0,39.0,0,1,0,306.71672426334806
Alwar,2023-10-28 02:00:00,hum,21.0,30.0,0,1,0,306.71672426334806
Alwar,2023-10-29 02:45:00,hum,33.0,21.0,0,1,0,306.71672426334806
Alwar,2023-10-30 02:00:00,hum,38.0,33.0,0,1,0,306.71672426334806
Ambala,2023-10-15 02:30:00,hum,51.0,54.02371230368595,0,1,2,312.322451741063
Ambala,2023-10-16 02:30:00,hum,52.0,50.17966512604918,0,1,2,312.322451741063
Ambala,2023-10-17 02:15:00,hum,81.0,52.07649575376157,0,1,2,312.322451741063
Ambala,2023-10-18 02:30:00,hum,56.0,72.91204295636894,0,1,2,312.322451741063
Ambala,2023-10-19 02:15:00,hum,51.0,56.41074422010511,0,1,2,312.322451741063
Ambala,2023-10-20 02:30:00,hum,48.0,55.40143017647616,0,1,2,312.322451741063
Ambala,2023-10-21 02:15:00,hum,49.0,51.63898242422952,0,1,2,312.322451741063
Ambala,2023-10-22 02:15:00,hum,52.0,51.46876350120253,0,1,2,312.322451741063
Ambala,2023-10-23 02:15:00,hum,47.0,52.337314131761424,0,1,2,312.322451741063
Ambala,2023-10-24 02:15:00,hum,49.0,48.85417579334019,0,1,2,312.322451741063
Ambala,2023-10-25 02:15:00,hum,44.0,50.010873160455716,0,1,2,312.322451741063
Ambala,2023-10-26 02:00:00,hum,39.0,46.17968866197965,0,1,2,312.322451741063
Ambala,2023-10-27 02:15:00,hum,44.0,42.69765194019685,0,1,2,312.322451741063
Ambala,2023-10-28 02:00:00,hum,43.0,44.93174094481458,0,1,2,312.322451741063
Ambala,2023-10-29 02:30:00,hum,49.0,43.436721578011394,0,1,2,312.322451741063
Ambala,2023-10-30 01:45:00,hum,48.0,47.34961788564945,0,1,2,312.322451741063
Amethi,2023-10-15 02:30:00,hum,63.0,64.81671872838679,0,1,1,309.5815351845851
Amethi,2023-10-16 02:30:00,hum,69.0,64.05615501337435,0,1,1,309.5815351845851
Amethi,2023-10-17 02:30:00,hum,87.0,66.08788300873844,0,1,1,309.5815351845851
Amethi,2023-10-18 02:30:00,hum,75.0,74.92439211226437,0,1,1,309.5815351845851
Amethi,2023-10-19 02:30:00,hum,65.0,74.95829599513932,0,1,1,309.5815351845851
Amethi,2023-10-20 02:30:00,hum,61.0,70.8205024406727,0,1,1,309.5815351845851
Amethi,2023-10-21 02:15:00,hum,64.0,67.04571003980182,0,1,1,309.5815351845851
Amethi,2023-10-22 02:30:00,hum,60.0,65.7803457614881,0,1,1,309.5815351845851
Amethi,2023-10-23 02:15:00,hum,60.0,63.292496354745104,0,1,1,309.5815351845851
Amethi,2023-10-24 02:15:00,hum,54.0,61.81569498873006,0,1,1,309.5815351845851
Amethi,2023-10-25 02:30:00,hum,56.0,58.18837241020653,0,1,1,309.5815351845851
Amethi,2023-10-26 02:00:00,hum,57.0,57.13257955915827,0,1,1,309.5815351845851
Amethi,2023-10-27 02:30:00,hum,57.0,57.07145378720053,0,1,1,309.5815351845851
Amethi,2023-10-28 02:00:00,hum,53.0,57.03915471541531,0,1,1,309.5815351845851
Amethi,2023-10-29 02:45:00,hum,54.0,55.17480387594472,0,1,1,309.5815351845851
Amethi,2023-10-30 02:00:00,hum,59.0,54.62693307708659,0,1,1,309.5815351845851
Amravati,2023-10-15 02:30:00,hum,57.0,57.607096587826014,1,1,2,283.0562433344451
Amravati,2023-10-16 02:30:00,hum,59.0,59.406888510157245,1,1,2,283.0562433344451
Amravati,2023-10-17 02:30:00,hum,57.0,57.69207691472409,1,1,2,283.0562433344451
Amravati,2023-10-18 02:30:00,hum,69.0,57.959876891495085,1,1,2,283.0562433344451
Amravati,2023-10-19 02:30:00,hum,59.0,68.61929627568024,1,1,2,283.0562433344451
Amravati,2023-10-20 02:30:00,hum,70.0,55.91976459359622,1,1,2,283.0562433344451
Amravati,2023-10-21 02:15:00,hum,65.0,72.07601888911674,1,1,2,283.0562433344451
Amravati,2023-10-22 02:30:00,hum,57.0,61.62429944055573,1,1,2,283.0562433344451
Amravati,2023-10-23 02:15:00,hum,58.0,63.614997436512404,1,1,2,283.0562433344451
Amravati,2023-10-24 02:15:00,hum,56.0,55.687667491992364,1,1,2,283.0562433344451
Amravati,2023-10-25 02:15:00,hum,53.0,59.50694925664826,1,1,2,283.0562433344451
Amravati,2023-10-26 02:00:00,hum,44.0,51.85038485948644,1,1,2,283.0562433344451
Amravati,2023-10-27 02:15:00,hum,53.0,48.75705266588067,1,1,2,283.0562433344451
Amravati,2023-10-28 02:00:00,hum,54.0,50.557459969755,1,1,2,283.0562433344451
Amravati,2023-10-29 02:45:00,hum,54.0,54.04773198164851,1,1,2,283.0562433344451
Amravati,2023-10-30 02:00:00,hum,60.0,52.80232934175346,1,1,2,283.0562433344451
Amreli,2023-10-15 02:30:00,hum,56.0,69.48950750962709,0,1,2,293.7170950949826
Amreli,2023-10-16 02:30:00,hum,69.0,60.938090570268685,0,1,2,293.7170950949826
Amreli,2023-10-17 02:15:00,hum,71.0,69.94013576503619,0,1,2,293.7170950949826
Amreli,2023-10-18 02:15:00,hum,50.0,68.90027471498415,0,1,2,293.7170950949826
Amreli,2023-10-19 02:15:00,hum,44.0,55.83413811561782,0,1,2,293.7170950949826
Amreli,2023-10-20 02:30:00,hum,42.0,51.51658513065453,0,1,2,293.7170950949826
Amreli,2023-10-21 02:15:00,hum,50.0,45.91422446078702,0,1,2,293.7170950949826
Amreli,2023-10-22 02:15:00,hum,53.0,51.29451154972623,0,1,2,293.7170950949826
Amreli,2023-10-23 02:00:00,hum,45.0,51.75867180935538,0,1,2,293.7170950949826
Amreli,2023-10-24 02:15:00,hum,47.0,46.06177656191849,0,1,2,293.7170950949826
Amreli,2023-10-25 02:15:00,hum,45.0,48.44750425268882,0,1,2,293.7170950949826
Amreli,2023-10-26 02:00:00,hum,39.0,45.532013943747565,0,1,2,293.7170950949826
Amreli,2023-10-27 02:15:00,hum,41.0,41.177863898637675,0,1,2,293.7170950949826
Amreli,2023-10-28 02:00:00,hum,40.0,42.586959137722395,0,1,2,293.7170950949826
Amreli,2023-10-29 02:30:00,hum,39.0,40.570588812688264,0,1,2,293.7170950949826
Amreli,2023-10-30 01:45:00,hum,40.0,39.92190042711951,0,1,2,293.7170950949826
Amritsar,2023-10-15 02:30:00,hum,88.0,86.37198707424425,1,1,1,302.50557916416653
Amritsar,2023-10-16 02:30:00,hum,94.0,88.53002500678352,1,1,1,302.50557916416653
Amritsar,2023-10-17 02:30:00,hum,94.0,91.15075580824421,1,1,1,302.50557916416653
Amritsar,2023-10-18 02:30:00,hum,94.0,91.23861576741811,1,1,1,302.50557916416653
Amritsar,2023-10-19 02:15:00,hum,94.0,91.32039197833649,1,1,1,302.50557916416653
Amritsar,2023-10-20 02:30:00,hum,94.0,91.39758101268421,1,1,1,302.50557916416653
Amritsar,2023-10-21 02:15:00,hum,94.0,91.47031942204936,1,1,1,302.50557916416653
Amritsar,2023-10-22 02:15:00,hum,88.0,91.53900171203941,1,1,1,302.50557916416653
Amritsar,2023-10-23 02:15:00,hum,94.0,88.82283609170996,1,1,1,302.50557916416653
Amritsar,2023-10-24 02:15:00,hum,88.0,91.52253129834283,1,1,1,302.50557916416653
Amritsar,2023-10-25 02:15:00,hum,88.0,88.86679468160688,1,1,1,302.50557916416653
Amritsar,2023-10-26 02:00:00,hum,94.0,88.85150359831822,1,1,1,302.50557916416653
Amritsar,2023-10-27 02:15:00,hum,94.0,91.4897519162631,1,1,1,302.50557916416653
Amritsar,2023-10-28 02:00:00,hum,88.0,91.55311009352396,1,1,1,302.50557916416653
Amritsar,2023-10-29 02:45:00,hum,83.0,88.93071657307011,1,1,1,302.50557916416653
Amritsar,2023-10-30 02:00:00,hum,94.0,86.70243177992936,1,1,1,302.50557916416653
Anand,2023-10-15 02:30:00,hum,55.0,54.7781688352441,2,1,1,293.3832475348201
Anand,2023-10-16 02:30:00,hum,63.0,60.0482097376422,2,1,1,293.3832475348201
Anand,2023-10-17 02:15:00,hum,50.0,67.79883745538291,2,1,1,293.3832475348201
Anand,2023-10-18 02:15:00,hum,51.0,46.609402428848234,2,1,1,293.3832475348201
Anand,2023-10-19 02:15:00,hum,52.0,53.740667711159396,2,1,1,293.3832475348201
Anand,2023-10-20 02:30:00,hum,49.0,53.914348028392276,2,1,1,293.3832475348201
Anand,2023-10-21 02:15:00,hum,45.0,49.39478393620825,2,1,1,293.3832475348201
Anand,2023-10-22 02:15:00,hum,39.0,45.40929567511293,2,1,1,293.3832475348201
Anand,2023-10-23 02:00:00,hum,40.0,39.24487844861897,2,1,1,293.3832475348201
Anand,2023-10-24 02:15:00,hum,38.0,42.48881218938831,2,1,1,293.3832475348201
Anand,2023-10-25 02:15:00,hum,35.0,38.88119403628991,2,1,1,293.3832475348201
Anand,2023-10-26 02:00:00,hum,31.0,35.53541896485989,2,1,1,293.3832475348201
Anand,2023-10-27 02:15:00,hum,34.0,31.353271136662514,2,1,1,293.3832475348201
Anand,2023-10-28 02:00:00,hum,35.0,36.27826162823248,2,1,1,293.3832475348201
Anand,2023-10-29 02:30:00,hum,34.0,35.75416332612851,2,1,1,293.3832475348201
Anand,2023-10-30 01:45:00,hum,34.0,33.93704410872223,2,1,1,293.3832475348201
Anantapur,2023-10-15 02:30:00,hum,51.0,60.85683753638018,1,1,1,301.03902796893016
Anantapur,2023-10-16 02:30:00,hum,61.0,54.306159893687514,1,1,1,301.03902796893016
Anantapur,2023-10-17 02:15:00,hum,60.0,62.34641762099381,1,1,1,301.03902796893016
Anantapur,2023-10-18 02:30:00,hum,53.0,61.26269528327804,1,1,1,301.03902796893016
Anantapur,2023-10-19 02:15:00,hum,69.0,55.343033181442124,1,1,1,301.03902796893016
Anantapur,2023-10-20 02:30:00,hum,70.0,67.90182205381713,1,1,1,301.03902796893016
Anantapur,2023-10-21 02:15:00,hum,69.0,69.04751226965104,1,1,1,301.03902796893016
Anantapur,2023-10-22 02:15:00,hum,72.0,68.38085558278375,1,1,1,301.03902796893016
Anantapur,2023-10-23 02:00:00,hum,56.0,71.07675503673605,1,1,1,301.03902796893016
Anantapur,2023-10-24 02:15:00,hum,49.0,58.76591092655478,1,1,1,301.03902796893016
Anantapur,2023-10-25 02:15:00,hum,46.0,53.207921011619405,1,1,1,301.03902796893016
Anantapur,2023-10-26 02:00:00,hum,52.0,50.197112890312994,1,1,1,301.03902796893016
Anantapur,2023-10-27 02:15:00,hum,54.0,54.39236268026313,1,1,1,301.03902796893016
Anantapur,2023-10-28 02:00:00,hum,79.0,55.653963172384124,1,1,1,301.03902796893016
Anantapur,2023-10-29 02:30:00,hum,80.0,77.08428861329259,1,1,1,301.03902796893016
Anantapur,2023-10-30 01:45:00,hum,71.0,80.7599237658322,1,1,1,301.03902796893016
Anantnag,2023-10-16 02:30:00,hum,56.0,72.55576404512259,2,1,2,307.09076839795534
Anantnag,2023-10-17 02:15:00,hum,89.0,55.342350362047014,2,1,2,307.09076839795534
Anantnag,2023-10-18 02:15:00,hum,81.0,92.06735564011106,2,1,2,307.09076839795534
Anantnag,2023-10-19 02:15:00,hum,61.0,75.30637201065771,2,1,2,307.09076839795534
Anantnag,2023-10-20 02:15:00,hum,56.0,55.898606091910075,2,1,2,307.09076839795534
Anantnag,2023-10-21 02:15:00,hum,52.0,61.0846315747978,2,1,2,307.09076839795534
Anantnag,2023-10-22 02:15:00,hum,47.0,64.19856646084281,2,1,2,307.09076839795534
Anantnag,2023-10-23 02:00:00,hum,82.0,49.15979716556995,2,1,2,307.09076839795534
Anantnag,2023-10-24 02:15:00,hum,53.0,85.1355585608616,2,1,2,307.09076839795534
Anantnag,2023-10-25 02:15:00,hum,61.0,46.48744804994274,2,1,2,307.09076839795534
Anantnag,2023-10-26 02:00:00,hum,43.0,61.304556145641286,2,1,2,307.09076839795534
Anantnag,2023-10-27 02:15:00,hum,45.0,52.852495733133836,2,1,2,307.09076839795534
Anantnag,2023-10-28 02:00:00,hum,47.0,45.272004749077524,2,1,2,307.09076839795534
Anantnag,2023-10-29 02:30:00,hum,44.0,54.28240915431963,2,1,2,307.09076839795534
Anantnag,2023-10-30 01:45:00,hum,37.0,44.59044233538061,2,1,2,307.09076839795534
Anugul,2023-10-15 02:30:00,hum,75.0,82.99149126794417,2,1,0,269.65711181612517
Anugul,2023-10-16 02:30:00,hum,71.0,74.43619997425616,2,1,0,269.65711181612517
Anugul,2023-10-17 02:30:00,hum,71.0,74.04446545274806,2,1,0,269.65711181612517
Anugul,2023-10-18 02:30:00,hum,82.0,72.68868583105746,2,1,0,269.65711181612517
Anugul,2023-10-19 02:30:00,hum,88.0,80.92368394965372,2,1,0,269.65711181612517
Anugul,2023-10-20 02:30:00,hum,85.0,82.8259747164646,2,1,0,269.65711181612517
Anugul,2023-10-21 02:15:00,hum,82.0,82.53211870705745,2,1,0,269.65711181612517
Anugul,2023-10-22 02:30:00,hum,77.0,83.40113444964946,2,1,0,269.65711181612517
Anugul,2023-10-23 02:15:00,hum,71.0,78.36710623586274,2,1,0,269.65711181612517
Anugul,2023-10-24 02:15:00,hum,81.0,73.00634284008547,2,1,0,269.65711181612517
Anugul,2023-10-25 02:15:00,hum,88.0,83.28752667921592,2,1,0,269.65711181612517
Anugul,2023-10-26 02:00:00,hum,76.0,83.53148329488178,2,1,0,269.65711181612517
Anugul,2023-10-27 02:15:00,hum,69.0,72.93265935881863,2,1,0,269.65711181612517
Anugul,2023-10-28 02:00:00,hum,70.0,75.1134196202076,2,1,0,269.65711181612517
Anugul,2023-10-29 02:45:00,hum,70.0,73.32517715751183,2,1,0,269.65711181612517
Anugul,2023-10-30 02:00:00,hum,75.0,69.53877800238224,2,1,0,269.65711181612517
Anuppur,2023-10-15 02:30:00,hum,54.0,52.793264990543385,2,1,2,305.7495592514137
Anuppur,2023-10-16 02:30:00,hum,58.0,62.56422338050892,2,1,2,305.7495592514137
Anuppur,2023-10-17 02:15:00,hum,72.0,50.7982528009247,2,1,2,305.7495592514137
Anuppur,2023-10-18 02:15:00,hum,82.0,69.99828829831304,2,1,2,305.7495592514137
Anuppur,2023-10-19 02:15:00,hum,78.0,76.093039674336,2,1,2,305.7495592514137
Anuppur,2023-10-20 02:15:00,hum,70.0,73.75659095968051,2,1,2,305.7495592514137
Anuppur,2023-10-21 02:00:00,hum,59.0,69.44446871571925,2,1,2,305.7495592514137
Anuppur,2023-10-22 02:15:00,hum,62.0,60.47049886788519,2,1,2,305.7495592514137
Anuppur,2023-10-23 02:00:00,hum,62.0,66.69374214855178,2,1,2,305.7495592514137
Anuppur,2023-10-24 02:15:00,hum,66.0,61.22716267184891,2,1,2,305.7495592514137
Anuppur,2023-10-25 02:15:00,hum,65.0,68.43995369855992,2,1,2,305.7495592514137
Anuppur,2023-10-26 02:00:00,hum,57.0,62.73781748060825,2,1,2,305.7495592514137
Anuppur,2023-10-27 02:15:00,hum,51.0,59.18366979410443,2,1,2,305.7495592514137
Anuppur,2023-10-28 02:00:00,hum,53.0,53.33472608345033,2,1,2,305.7495592514137
Anuppur,2023-10-29 02:30:00,hum,54.0,56.688935192523935,2,1,2,305.7495592514137
Anuppur,2023-10-30 01:45:00,hum,60.0,54.149058342147434,2,1,2,305.7495592514137
Araria,2023-10-15 02:30:00,hum,71.0,70.0,0,1,0,295.2179822414631
Araria,2023-10-16 02:30:00,hum,76.0,71.0,0,1,0,295.2179822414631
Araria,2023-10-17 02:15:00,hum,81.0,76.0,0,1,0,295.2179822414631
Araria,2023-10-18 02:30:00,hum,81.0,81.0,0,1,0,295.2179822414631
Araria,2023-10-19 02:15:00,hum,78.0,81.0,0,1,0,295.2179822414631
Araria,2023-10-20 02:30:00,hum,82.0,78.0,0,1,0,295.2179822414631
Araria,2023-10-21 02:15:00,hum,80.0,82.0,0,1,0,295.2179822414631
Araria,2023-10-22 02:15:00,hum,74.0,80.0,0,1,0,295.2179822414631
Araria,2023-10-23 02:00:00,hum,74.0,74.0,0,1,0,295.2179822414631
Araria,2023-10-24 02:15:00,hum,73.0,74.0,0,1,0,295.2179822414631
Araria,2023-10-25 02:15:00,hum,67.0,73.0,0,1,0,295.2179822414631
Araria,2023-10-26 02:00:00,hum,79.0,67.0,0,1,0,295.2179822414631
Araria,2023-10-27 02:15:00,hum,68.0,79.0,0,1,0,295.2179822414631
Araria,2023-10-28 02:00:00,hum,69.0,68.0,0,1,0,295.2179822414631
Araria,2023-10-29 02:30:00,hum,72.0,69.0,0,1,0,295.2179822414631
Araria,2023-10-30 01:45:00,hum,71.0,72.0,0,1,0,295.2179822414631
Ariyalur,2023-10-15 02:30:00,hum,100.0,85.93220221042688,1,1,1,296.46599877852003
Ariyalur,2023-10-16 02:30:00,hum,94.0,91.29494768947924,1,1,1,296.46599877852003
Ariyalur,2023-10-17 02:30:00,hum,94.0,89.6736926821044,1,1,1,296.46599877852003
Ariyalur,2023-10-18 02:30:00,hum,89.0,90.36167263679987,1,1,1,296.46599877852003
Ariyalur,2023-10-19 02:30:00,hum,94.0,88.33485349901915,1,1,1,296.46599877852003
Ariyalur,2023-10-20 02:30:00,hum,94.0,91.0169579064051,1,1,1,296.46599877852003
Ariyalur,2023-10-21 02:15:00,hum,84.0,91.545148564302,1,1,1,296.46599877852003
Ariyalur,2023-10-22 02:30:00,hum,89.0,86.87334727056458,1,1,1,296.46599877852003
Ariyalur,2023-10-23 02:15:00,hum,89.0,88.92236197696506,1,1,1,296.46599877852003
Ariyalur,2023-10-24 02:15:00,hum,89.0,88.92798925389565,1,1,1,296.46599877852003
Ariyalur,2023-10-25 02:30:00,hum,79.0,88.9331483475781,1,1,1,296.46599877852003
Ariyalur,2023-10-26 02:00:00,hum,89.0,84.27161351191236,1,1,1,296.46599877852003
Ariyalur,2023-10-27 02:15:00,hum,79.0,88.28758117100402,1,1,1,296.46599877852003
Ariyalur,2023-10-28 02:00:00,hum,89.0,84.08023189302563,1,1,1,296.46599877852003
Ariyalur,2023-10-29 02:45:00,hum,89.0,87.82265631200328,1,1,1,296.46599877852003
Ariyalur,2023-10-30 02:00:00,hum,94.0,87.93190731403752,1,1,1,296.46599877852003
Arong,2023-10-15 02:30:00,hum,80.0,82.110608479443,0,1,2,227.5241822344643
Arong,2023-10-16 02:30:00,hum,77.0,80.55051748465432,0,1,2,227.5241822344643
Arong,2023-10-17 02:15:00,hum,79.0,79.80709571410107,0,1,2,227.5241822344643
Arong,2023-10-18 02:30:00,hum,84.0,80.84637090433988,0,1,2,227.5241822344643
Arong,2023-10-19 02:15:00,hum,81.0,82.55564538539184,0,1,2,227.5241822344643
Arong,2023-10-20 02:30:00,hum,76.0,80.6174400116918,0,1,2,227.5241822344643
Arong,2023-10-21 02:15:00,hum,79.0,79.10842621361004,0,1,2,227.5241822344643
Arong,2023-10-22 02:15:00,hum,76.0,80.98092229139094,0,1,2,227.5241822344643
Arong,2023-10-23 02:15:00,hum,79.0,78.33746270807676,0,1,2,227.5241822344643
Arong,2023-10-24 02:15:00,hum,74.0,80.42568932196718,0,1,2,227.5241822344643
Arong,2023-10-25 02:15:00,hum,75.0,76.83430589935313,0,1,2,227.5241822344643
Arong,2023-10-26 02:00:00,hum,76.0,77.45900901554758,0,1,2,227.5241822344643
Arong,2023-10-27 02:15:00,hum,75.0,77.07083565172238,0,1,2,227.5241822344643
Arong,2023-10-28 02:00:00,hum,78.0,76.26048671426162,0,1,2,227.5241822344643
Arong,2023-10-29 02:30:00,hum,74.0,77.72400768346907,0,1,2,227.5241822344643
Arong,2023-10-30 01:45:00,hum,74.0,75.43062813144459,0,1,2,227.5241822344643
Arwal,2023-10-15 02:30:00,hum,89.0,88.9496385934273,0,1,1,292.6064459827415
Arwal,2023-10-16 02:30:00,hum,89.0,88.98319494138548,0,1,1,292.6064459827415
Arwal,2023-10-17 02:15:00,hum,83.0,88.99901880032174,0,1,1,292.6064459827415
Arwal,2023-10-18 02:30:00,hum,94.0,87.58533348744638,0,1,1,292.6064459827415
Arwal,2023-10-19 02:15:00,hum,69.0,89.04417121838367,0,1,1,292.6064459827415
Arwal,2023-10-20 02:30:00,hum,94.0,84.88299495274725,0,1,1,292.6064459827415
Arwal,2023-10-21 02:15:00,hum,94.0,87.10352437606502,0,1,1,292.6064459827415
Arwal,2023-10-22 02:15:00,hum,100.0,88.3673940055745,0,1,1,292.6064459827415
Arwal,2023-10-23 02:00:00,hum,94.0,90.06925208826857,0,1,1,292.6064459827415
Arwal,2023-10-24 02:15:00,hum,79.0,90.54868571701022,0,1,1,292.6064459827415
Arwal,2023-10-25 02:15:00,hum,79.0,89.16444439878666,0,1,1,292.6064459827415
Arwal,2023-10-26 02:00:00,hum,83.0,87.71471926586634,0,1,1,292.6064459827415
Arwal,2023-10-27 02:15:00,hum,89.0,86.93086738762264,0,1,1,292.6064459827415
Arwal,2023-10-28 02:00:00,hum,94.0,87.28304986976106,0,1,1,292.6064459827415
Arwal,2023-10-29 02:30:00,hum,94.0,88.27231604946081,0,1,1,292.6064459827415
Arwal,2023-10-30 01:45:00,hum,89.0,89.00294169676448,0,1,1,292.6064459827415
Ashoknagar,2023-10-15 02:30:00,hum,46.0,48.0,0,1,0,308.5732624864805
Ashoknagar,2023-10-16 02:30:00,hum,45.0,46.0,0,1,0,308.5732624864805
Ashoknagar,2023-10-17 02:15:00,hum,79.0,45.0,0,1,0,308.5732624864805
Ashoknagar,2023-10-18 02:15:00,hum,57.0,79.0,0,1,0,308.5732624864805
Ashoknagar,2023-10-19 02:15:00,hum,61.0,57.0,0,1,0,308.5732624864805
Ashoknagar,2023-10-20 02:15:00,hum,47.0,61.0,0,1,0,308.5732624864805
Ashoknagar,2023-10-21 02:00:00,hum,51.0,47.0,0,1,0,308.5732624864805
Ashoknagar,2023-10-22 02:15:00,hum,49.0,51.0,0,1,0,308.5732624864805
Ashoknagar,2023-10-23 02:00:00,hum,49.0,49.0,0,1,0,308.5732624864805
Ashoknagar,2023-10-24 02:15:00,hum,48.0,49.0,0,1,0,308.5732624864805
Ashoknagar,2023-10-25 02:15:00,hum,44.0,48.0,0,1,0,308.5732624864805
Ashoknagar,2023-10-26 02:00:00,hum,42.0,44.0,0,1,0,308.5732624864805
Ashoknagar,2023-10-27 02:15:00,hum,38.0,42.0,0,1,0,308.5732624864805
Ashoknagar,2023-10-28 02:00:00,hum,31.0,38.0,0,1,0,308.5732624864805
Ashoknagar,2023-10-29 02:30:00,hum,37.0,31.0,0,1,0,308.5732624864805
Ashoknagar,2023-10-30 01:45:00,hum,40.0,37.0,0,1,0,308.5732624864805
Auraiya,2023-10-15 02:30:00,hum,40.0,39.19566164810386,0,1,1,332.07470340801797
Auraiya,2023-10-16 02:30:00,hum,45.0,39.77144816944512,0,1,1,332.07470340801797
Auraiya,2023-10-17 02:30:00,hum,78.0,43.522102586842436,0,1,1,332.07470340801797
Auraiya,2023-10-18 02:30:00,hum,64.0,69.80777221187189,0,1,1,332.07470340801797
Auraiya,2023-10-19 02:30:00,hum,47.0,65.2510846277676,0,1,1,332.07470340801797
Auraiya,2023-10-20 02:30:00,hum,44.0,52.33233207098183,0,1,1,332.07470340801797
Auraiya,2023-10-21 02:15:00,hum,45.0,46.09090120612537,0,1,1,332.07470340801797
Auraiya,2023-10-22 02:30:00,hum,49.0,45.27864067130294,0,1,1,332.07470340801797
Auraiya,2023-10-23 02:15:00,hum,52.0,48.01143636224497,0,1,1,332.07470340801797
Auraiya,2023-10-24 02:15:00,hum,44.0,50.94560799509883,0,1,1,332.07470340801797
Auraiya,2023-10-25 02:30:00,hum,50.0,45.87769809160012,0,1,1,332.07470340801797
Auraiya,2023-10-26 02:00:00,hum,41.0,48.86774469366946,0,1,1,332.07470340801797
Auraiya,2023-10-27 02:30:00,hum,36.0,43.205126751665524,0,1,1,332.07470340801797
Auraiya,2023-10-28 02:00:00,hum,38.0,37.92739428380336,0,1,1,332.07470340801797
Auraiya,2023-10-29 02:45:00,hum,36.0,37.98095415809023,0,1,1,332.07470340801797
Auraiya,2023-10-30 02:00:00,hum,40.0,36.53372918178382,0,1,1,332.07470340801797
Aurangabad,2023-10-15 02:30:00,hum,47.0,57.395057699602106,2,1,2,278.8648669158973
Aurangabad,2023-10-16 02:30:00,hum,56.0,47.72540510207806,2,1,2,278.8648669158973
Aurangabad,2023-10-17 02:15:00,hum,55.0,53.32586150063486,2,1,2,278.8648669158973
Aurangabad,2023-10-18 02:15:00,hum,63.0,55.40841835846651,2,1,2,278.8648669158973
Aurangabad,2023-10-19 02:15:00,hum,52.0,61.74102122004445,2,1,2,278.8648669158973
Aurangabad,2023-10-20 02:30:00,hum,58.0,58.36416135952368,2,1,2,278.8648669158973
Aurangabad,2023-10-21 02:15:00,hum,59.0,57.205282494458096,2,1,2,278.8648669158973
Aurangabad,2023-10-22 02:15:00,hum,56.0,53.77049618223685,2,1,2,278.8648669158973
Aurangabad,2023-10-23 02:00:00,hum,48.0,55.00232111406097,2,1,2,278.8648669158973
Aurangabad,2023-10-24 02:15:00,hum,50.0,55.30341341683396,2,1,2,278.8648669158973
Aurangabad,2023-10-25 02:15:00,hum,54.0,52.648777850068974,2,1,2,278.8648669158973
Aurangabad,2023-10-26 02:00:00,hum,42.0,47.78323153109955,2,1,2,278.8648669158973
Aurangabad,2023-10-27 02:15:00,hum,44.0,42.09827533836693,2,1,2,278.8648669158973
Aurangabad,2023-10-28 02:00:00,hum,51.0,45.92267021497651,2,1,2,278.8648669158973
Aurangabad,2023-10-29 02:30:00,hum,52.0,49.375169713215534,2,1,2,278.8648669158973
Aurangabad,2023-10-30 01:45:00,hum,47.0,50.51873173200829,2,1,2,278.8648669158973
Azamgarh,2023-10-15 02:30:00,hum,58.0,55.0,0,1,0,310.64719153134433
Azamgarh,2023-10-16 02:30:00,hum,67.0,58.0,0,1,0,310.64719153134433
Azamgarh,2023-10-17 02:30:00,hum,85.0,67.0,0,1,0,310.64719153134433
Azamgarh,2023-10-18 02:30:00,hum,77.0,85.0,0,1,0,310.64719153134433
Azamgarh,2023-10-19 02:30:00,hum,62.0,77.0,0,1,0,310.64719153134433
Azamgarh,2023-10-20 02:30:00,hum,54.0,61.99999999999999,0,1,0,310.64719153134433
Azamgarh,2023-10-21 02:15:00,hum,57.0,54.0,0,1,0,310.64719153134433
Azamgarh,2023-10-22 02:30:00,hum,54.0,57.0,0,1,0,310.64719153134433
Azamgarh,2023-10-23 02:15:00,hum,54.0,54.0,0,1,0,310.64719153134433
Azamgarh,2023-10-24 02:15:00,hum,52.0,54.0,0,1,0,310.64719153134433
Azamgarh,2023-10-25 02:30:00,hum,57.0,52.0,0,1,0,310.64719153134433
Azamgarh,2023-10-26 02:00:00,hum,66.0,57.0,0,1,0,310.64719153134433
Azamgarh,2023-10-27 02:30:00,hum,55.0,66.0,0,1,0,310.64719153134433
Azamgarh,2023-10-28 02:00:00,hum,49.0,55.0,0,1,0,310.64719153134433
Azamgarh,2023-10-29 02:45:00,hum,47.0,49.0,0,1,0,310.64719153134433
Azamgarh,2023-10-30 02:00:00,hum,50.0,47.0,0,1,0,310.64719153134433
Badgam,2023-10-15 02:30:00,hum,73.0,65.65040954018346,2,1,2,327.84802401557266
Badgam,2023-10-16 02:30:00,hum,66.0,79.44753389361605,2,1,2,327.84802401557266
Badgam,2023-10-17 02:15:00,hum,92.0,65.02488010034405,2,1,2,327.84802401557266
Badgam,2023-10-18 02:15:00,hum,87.0,88.34635010554506,2,1,2,327.84802401557266
Badgam,2023-10-19 02:15:00,hum,61.0,73.99930623333537,2,1,2,327.84802401557266
Badgam,2023-10-20 02:15:00,hum,52.0,55.97682362898065,2,1,2,327.84802401557266
Badgam,2023-10-21 02:15:00,hum,46.0,59.85231283300434,2,1,2,327.84802401557266
Badgam,2023-10-22 02:15:00,hum,45.0,62.85543918656208,2,1,2,327.84802401557266
Badgam,2023-10-23 02:00:00,hum,83.0,60.60118882601009,2,1,2,327.84802401557266
Badgam,2023-10-24 02:15:00,hum,57.0,85.34905820768498,2,1,2,327.84802401557266
Badgam,2023-10-25 02:15:00,hum,58.0,47.2470264836722,2,1,2,327.84802401557266
Badgam,2023-10-26 02:00:00,hum,44.0,43.566570397665544,2,1,2,327.84802401557266
Badgam,2023-10-27 02:15:00,hum,45.0,34.84487944331062,2,1,2,327.84802401557266
Badgam,2023-10-28 02:00:00,hum,46.0,45.16339456409398,2,1,2,327.84802401557266
Badgam,2023-10-29 02:30:00,hum,45.0,54.3466356028426,2,1,2,327.84802401557266
Badgam,2023-10-30 01:45:00,hum,37.0,56.92472987802664,2,1,2,327.84802401557266
Bagalkot,2023-10-15 02:30:00,hum,51.0,55.22355362828275,0,1,1,286.77632699189303
Bagalkot,2023-10-16 02:30:00,hum,53.0,52.232515912187516,0,1,1,286.77632699189303
Bagalkot,2023-10-17 02:30:00,hum,54.0,52.776724799569735,0,1,1,286.77632699189303
Bagalkot,2023-10-18 02:30:00,hum,56.0,53.64054289253616,0,1,1,286.77632699189303
Bagalkot,2023-10-19 02:15:00,hum,55.0,55.309741383052966,0,1,1,286.77632699189303
Bagalkot,2023-10-20 02:30:00,hum,51.0,55.09041825053746,0,1,1,286.77632699189303
Bagalkot,2023-10-21 02:15:00,hum,55.0,52.203453014032036,0,1,1,286.77632699189303
Bagalkot,2023-10-22 02:15:00,hum,60.0,54.1682884962906,0,1,1,286.77632699189303
Bagalkot,2023-10-23 02:15:00,hum,54.0,58.28143606055131,0,1,1,286.77632699189303
Bagalkot,2023-10-24 02:15:00,hum,51.0,55.293909997776,0,1,1,286.77632699189303
Bagalkot,2023-10-25 02:15:00,hum,52.0,52.299794988433504,0,1,1,286.77632699189303
Bagalkot,2023-10-26 02:00:00,hum,51.0,52.08982889547485,0,1,1,286.77632699189303
Bagalkot,2023-10-27 02:15:00,hum,49.0,51.32861216112705,0,1,1,286.77632699189303
Bagalkot,2023-10-28 02:00:00,hum,48.0,49.69818310646036,0,1,1,286.77632699189303
Bagalkot,2023-10-29 02:30:00,hum,54.0,48.504152331516245,0,1,1,286.77632699189303
Bagalkot,2023-10-30 02:00:00,hum,64.0,52.330526605576814,0,1,1,286.77632699189303
Bageshwar,2023-10-15 02:30:00,hum,73.0,76.51876716279601,0,1,2,318.73179626308894
Bageshwar,2023-10-16 02:30:00,hum,72.0,71.24006242447653,0,1,2,318.73179626308894
Bageshwar,2023-10-17 02:15:00,hum,77.0,73.93294503567165,0,1,2,318.73179626308894
Bageshwar,2023-10-18 02:30:00,hum,60.0,76.85120566976062,0,1,2,318.73179626308894
Bageshwar,2023-10-19 02:15:00,hum,56.0,57.1756682373441,0,1,2,318.73179626308894
Bageshwar,2023-10-20 02:30:00,hum,62.0,65.18532110878446,0,1,2,318.73179626308894
Bageshwar,2023-10-21 02:15:00,hum,64.0,62.372393596549834,0,1,2,318.73179626308894
Bageshwar,2023-10-22 02:15:00,hum,69.0,65.67823815734012,0,1,2,318.73179626308894
Bageshwar,2023-10-23 02:15:00,hum,52.0,68.3515778577559,0,1,2,318.73179626308894
Bageshwar,2023-10-24 02:15:00,hum,50.0,48.94820029123227,0,1,2,318.73179626308894
Bageshwar,2023-10-25 02:15:00,hum,34.0,59.28810545124621,0,1,2,318.73179626308894
Bageshwar,2023-10-26 02:00:00,hum,42.0,31.724843635057507,0,1,2,318.73179626308894
Bageshwar,2023-10-27 02:15:00,hum,58.0,52.172056944370524,0,1,2,318.73179626308894
Bageshwar,2023-10-28 02:00:00,hum,65.0,53.95285355394392,0,1,2,318.73179626308894
Bageshwar,2023-10-29 02:30:00,hum,66.0,62.569921832835675,0,1,2,318.73179626308894
Bageshwar,2023-10-30 01:45:00,hum,62.0,60.9904590180607,0,1,2,318.73179626308894
Baghpat,2023-10-15 02:30:00,hum,74.0,66.70959134192094,0,1,1,335.9137664479596
Baghpat,2023-10-16 02:30:00,hum,65.0,69.69432313565818,0,1,1,335.9137664479596
Baghpat,2023-10-17 02:30:00,hum,94.0,67.77316090223928,0,1,1,335.9137664479596
Baghpat,2023-10-18 02:30:00,hum,78.0,78.35629386261397,0,1,1,335.9137664479596
Baghpat,2023-10-19 02:30:00,hum,69.0,78.1822440791346,0,1,1,335.9137664479596
Baghpat,2023-10-20 02:30:00,hum,69.0,74.47678296107695,0,1,1,335.9137664479596
Baghpat,2023-10-21 02:15:00,hum,73.0,72.41301545969374,0,1,1,335.9137664479596
Baghpat,2023-10-22 02:30:00,hum,69.0,72.63569402965788,0,1,1,335.9137664479596
Baghpat,2023-10-23 02:15:00,hum,78.0,71.26484960435336,0,1,1,335.9137664479596
Baghpat,2023-10-24 02:15:00,hum,65.0,73.78246637274592,0,1,1,335.9137664479596
Baghpat,2023-10-25 02:30:00,hum,64.0,70.55256937601445,0,1,1,335.9137664479596
Baghpat,2023-10-26 02:00:00,hum,61.0,68.08536473805306,0,1,1,335.9137664479596
Baghpat,2023-10-27 02:30:00,hum,60.0,65.28995044066208,0,1,1,335.9137664479596
Baghpat,2023-10-28 02:00:00,hum,60.0,63.112455439986874,0,1,1,335.9137664479596
Baghpat,2023-10-29 02:45:00,hum,73.0,61.815542354269056,0,1,1,335.9137664479596
Baghpat,2023-10-30 02:00:00,hum,69.0,66.22028289304967,0,1,1,335.9137664479596
Bahraich,2023-10-15 02:30:00,hum,64.0,64.0,0,1,0,305.14512862915524
Bahraich,2023-10-16 02:30:00,hum,66.0,64.0,0,1,0,305.14512862915524
Bahraich,2023-10-17 02:30:00,hum,80.0,66.0,0,1,0,305.14512862915524
Bahraich,2023-10-18 02:30:00,hum,77.0,80.0,0,1,0,305.14512862915524
Bahraich,2023-10-19 02:30:00,hum,70.0,77.0,0,1,0,305.14512862915524
Bahraich,2023-10-20 02:30:00,hum,59.0,70.0,0,1,0,305.14512862915524
Bahraich,2023-10-21 02:15:00,hum,53.0,59.0,0,1,0,305.14512862915524
Bahraich,2023-10-22 02:30:00,hum,58.0,53.0,0,1,0,305.14512862915524
Bahraich,2023-10-23 02:15:00,hum,65.0,58.0,0,1,0,305.14512862915524
Bahraich,2023-10-24 02:15:00,hum,64.0,65.0,0,1,0,305.14512862915524
Bahraich,2023-10-25 02:30:00,hum,69.0,63.99999999999999,0,1,0,305.14512862915524
Bahraich,2023-10-26 02:00:00,hum,60.0,69.0,0,1,0,305.14512862915524
Bahraich,2023-10-27 02:30:00,hum,58.0,59.99999999999999,0,1,0,305.14512862915524
Bahraich,2023-10-28 02:00:00,hum,55.0,58.0,0,1,0,305.14512862915524
Bahraich,2023-10-29 02:45:00,hum,53.0,55.0,0,1,0,305.14512862915524
Bahraich,2023-10-30 02:00:00,hum,57.0,53.0,0,1,0,305.14512862915524
Baksa Duar,2023-10-15 02:30:00,hum,82.0,86.39434524742684,2,1,1,298.0767040440607
Baksa Duar,2023-10-16 02:30:00,hum,82.0,81.88190274437342,2,1,1,298.0767040440607
Baksa Duar,2023-10-17 02:15:00,hum,71.0,83.12860977949755,2,1,1,298.0767040440607
Baksa Duar,2023-10-18 02:15:00,hum,60.0,72.35900707820484,2,1,1,298.0767040440607
Baksa Duar,2023-10-19 02:15:00,hum,75.0,63.82587852154851,2,1,1,298.0767040440607
Baksa Duar,2023-10-20 02:30:00,hum,65.0,83.33907710309697,2,1,1,298.0767040440607
Baksa Duar,2023-10-21 02:15:00,hum,60.0,60.40075117421673,2,1,1,298.0767040440607
Baksa Duar,2023-10-22 02:15:00,hum,54.0,64.58924814550811,2,1,1,298.0767040440607
Baksa Duar,2023-10-23 02:15:00,hum,47.0,58.70253195207496,2,1,1,298.0767040440607
Baksa Duar,2023-10-24 02:15:00,hum,48.0,49.99363518233326,2,1,1,298.0767040440607
Baksa Duar,2023-10-25 02:15:00,hum,48.0,45.88788255773374,2,1,1,298.0767040440607
Baksa Duar,2023-10-26 02:00:00,hum,52.0,49.8130659187166,2,1,1,298.0767040440607
Baksa Duar,2023-10-27 02:15:00,hum,61.0,50.86738487033334,2,1,1,298.0767040440607
Baksa Duar,2023-10-28 02:00:00,hum,71.0,62.99987660620047,2,1,1,298.0767040440607
Baksa Duar,2023-10-29 02:30:00,hum,71.0,70.46115628739693,2,1,1,298.0767040440607
Baksa Duar,2023-10-30 01:45:00,hum,62.0,71.34983078125362,2,1,1,298.0767040440607
Balaghat,2023-10-15 02:30:00,hum,71.0,72.1320016287621,1,1,0,254.802132859508
Balaghat,2023-10-16 02:30:00,hum,74.0,69.24777358491727,1,1,0,254.802132859508
Balaghat,2023-10-17 02:15:00,hum,71.0,72.2827726159168,1,1,0,254.802132859508
Balaghat,2023-10-18 02:15:00,hum,75.0,72.72722960955952,1,1,0,254.802132859508
Balaghat,2023-10-19 02:15:00,hum,74.0,72.674494414906,1,1,0,254.802132859508
Balaghat,2023-10-20 02:15:00,hum,81.0,74.57738720768808,1,1,0,254.802132859508
Balaghat,2023-10-21 02:00:00,hum,69.0,76.9251550213839,1,1,0,254.802132859508
Balaghat,2023-10-22 02:15:00,hum,67.0,76.48189704834178,1,1,0,254.802132859508
Balaghat,2023-10-23 02:00:00,hum,68.0,68.09007209305133,1,1,0,254.802132859508
Balaghat,2023-10-24 02:15:00,hum,65.0,67.45489881313382,1,1,0,254.802132859508
Balaghat,2023-10-25 02:15:00,hum,68.0,66.64071225594766,1,1,0,254.802132859508
Balaghat,2023-10-26 02:00:00,hum,61.0,66.35048740286905,1,1,0,254.802132859508
Balaghat,2023-10-27 02:15:00,hum,55.0,64.92406771369401,1,1,0,254.802132859508
Balaghat,2023-10-28 02:00:00,hum,68.0,58.08661262881459,1,1,0,254.802132859508
Balaghat,2023-10-29 02:30:00,hum,70.0,60.82679778590972,1,1,0,254.802132859508
Balaghat,2023-10-30 01:45:00,hum,69.0,69.03465949494336,1,1,0,254.802132859508
Balangir,2023-10-15 02:30:00,hum,75.0,78.76335412712845,0,1,2,241.68865802691255
Balangir,2023-10-16 02:30:00,hum,70.0,75.15659747040112,0,1,2,241.68865802691255
Balangir,2023-10-17 02:30:00,hum,74.0,70.70191248336202,0,1,2,241.68865802691255
Balangir,2023-10-18 02:30:00,hum,79.0,77.11130781213409,0,1,2,241.68865802691255
Balangir,2023-10-19 02:30:00,hum,86.0,77.73437967583045,0,1,2,241.68865802691255
Balangir,2023-10-20 02:30:00,hum,87.0,86.39013336261984,0,1,2,241.68865802691255
Balangir,2023-10-21 02:15:00,hum,85.0,83.08665847771984,0,1,2,241.68865802691255
Balangir,2023-10-22 02:30:00,hum,76.0,85.05538373775703,0,1,2,241.68865802691255
Balangir,2023-10-23 02:15:00,hum,78.0,74.28317260561526,0,1,2,241.68865802691255
Balangir,2023-10-24 02:15:00,hum,85.0,82.02661146015016,0,1,2,241.68865802691255
Balangir,2023-10-25 02:30:00,hum,89.0,83.49988681043291,0,1,2,241.68865802691255
Balangir,2023-10-26 02:00:00,hum,81.0,88.16812145715798,0,1,2,241.68865802691255
Balangir,2023-10-27 02:15:00,hum,72.0,78.4983354332719,0,1,2,241.68865802691255
Balangir,2023-10-28 02:00:00,hum,73.0,75.06287373648246,0,1,2,241.68865802691255
Balangir,2023-10-29 02:45:00,hum,73.0,75.66059481134106,0,1,2,241.68865802691255
Balangir,2023-10-30 02:00:00,hum,78.0,73.56866612098206,0,1,2,241.68865802691255
Baleshwar,2023-10-15 02:30:00,hum,79.0,80.0,0,1,0,239.41558945353526
Baleshwar,2023-10-16 02:30:00,hum,72.0,79.0,0,1,0,239.41558945353526
Baleshwar,2023-10-17 02:30:00,hum,81.0,72.0,0,1,0,239.41558945353526
Baleshwar,2023-10-18 02:30:00,hum,80.0,81.0,0,1,0,239.41558945353526
Baleshwar,2023-10-19 02:30:00,hum,79.0,80.0,0,1,0,239.41558945353526
Baleshwar,2023-10-20 02:30:00,hum,81.0,79.0,0,1,0,239.41558945353526
Baleshwar,2023-10-21 02:15:00,hum,76.0,81.0,0,1,0,239.41558945353526
Baleshwar,2023-10-22 02:30:00,hum,72.0,76.0,0,1,0,239.41558945353526
Baleshwar,2023-10-23 02:15:00,hum,72.0,72.0,0,1,0,239.41558945353526
Baleshwar,2023-10-24 02:15:00,hum,94.0,72.0,0,1,0,239.41558945353526
Baleshwar,2023-10-25 02:15:00,hum,82.0,94.0,0,1,0,239.41558945353526
Baleshwar,2023-10-26 02:00:00,hum,82.0,82.0,0,1,0,239.41558945353526
Baleshwar,2023-10-27 02:15:00,hum,82.0,82.0,0,1,0,239.41558945353526
Baleshwar,2023-10-28 02:00:00,hum,72.0,82.0,0,1,0,239.41558945353526
Baleshwar,2023-10-29 02:45:00,hum,66.0,72.0,0,1,0,239.41558945353526
Baleshwar,2023-10-30 02:00:00,hum,71.0,66.0,0,1,0,239.41558945353526
Ballia,2023-10-15 02:30:00,hum,64.0,55.0,0,1,0,310.07565462060467
Ballia,2023-10-16 02:30:00,hum,72.0,64.0,0,1,0,310.07565462060467
Ballia,2023-10-17 02:30:00,hum,84.0,72.0,0,1,0,310.07565462060467
Ballia,2023-10-18 02:30:00,hum,81.0,84.0,0,1,0,310.07565462060467
Ballia,2023-10-19 02:30:00,hum,64.0,81.0,0,1,0,310.07565462060467
Ballia,2023-10-20 02:30:00,hum,52.0,64.0,0,1,0,310.07565462060467
Ballia,2023-10-21 02:15:00,hum,56.0,52.0,0,1,0,310.07565462060467
Ballia,2023-10-22 02:30:00,hum,61.0,56.0,0,1,0,310.07565462060467
Ballia,2023-10-23 02:15:00,hum,62.0,61.0,0,1,0,310.07565462060467
Ballia,2023-10-24 02:15:00,hum,61.0,62.0,0,1,0,310.07565462060467
Ballia,2023-10-25 02:30:00,hum,64.0,61.0,0,1,0,310.07565462060467
Ballia,2023-10-26 02:00:00,hum,56.0,64.0,0,1,0,310.07565462060467
Ballia,2023-10-27 02:30:00,hum,63.0,56.0,0,1,0,310.07565462060467
Ballia,2023-10-28 02:00:00,hum,54.0,63.0,0,1,0,310.07565462060467
Ballia,2023-10-29 02:45:00,hum,50.0,54.0,0,1,0,310.07565462060467
Ballia,2023-10-30 02:00:00,hum,53.0,50.0,0,1,0,310.07565462060467
Balod,2023-10-15 02:30:00,hum,70.0,70.3357045437261,1,1,1,249.97481040412907
Balod,2023-10-16 02:30:00,hum,70.0,70.39027549567318,1,1,1,249.97481040412907
Balod,2023-10-17 02:30:00,hum,71.0,69.61777158980193,1,1,1,249.97481040412907
Balod,2023-10-18 02:30:00,hum,72.0,71.63537487057557,1,1,1,249.97481040412907
Balod,2023-10-19 02:15:00,hum,83.0,71.63820670605986,1,1,1,249.97481040412907
Balod,2023-10-20 02:30:00,hum,87.0,86.01504998771838,1,1,1,249.97481040412907
Balod,2023-10-21 02:15:00,hum,86.0,84.934998912382,1,1,1,249.97481040412907
Balod,2023-10-22 02:15:00,hum,71.0,87.72826066712948,1,1,1,249.97481040412907
Balod,2023-10-23 02:15:00,hum,72.0,67.56760787037264,1,1,1,249.97481040412907
Balod,2023-10-24 02:15:00,hum,78.0,74.20863923009891,1,1,1,249.97481040412907
Balod,2023-10-25 02:15:00,hum,75.0,76.72199228724422,1,1,1,249.97481040412907
Balod,2023-10-26 02:00:00,hum,68.0,75.73354440584276,1,1,1,249.97481040412907
Balod,2023-10-27 02:15:00,hum,65.0,66.7258587553778,1,1,1,249.97481040412907
Balod,2023-10-28 02:00:00,hum,70.0,65.40566804474471,1,1,1,249.97481040412907
Balod,2023-10-29 02:30:00,hum,74.0,70.32565584659,1,1,1,249.97481040412907
Balod,2023-10-30 01:45:00,hum,76.0,74.34178468647764,1,1,1,249.97481040412907
Baloda Bazar,2023-10-15 02:30:00,hum,69.0,69.0,0,1,0,289.69917950223163
Baloda Bazar,2023-10-16 02:30:00,hum,71.0,69.0,0,1,0,289.69917950223163
Baloda Bazar,2023-10-17 02:30:00,hum,70.0,71.0,0,1,0,289.69917950223163
Baloda Bazar,2023-10-18 02:30:00,hum,81.0,70.0,0,1,0,289.69917950223163
Baloda Bazar,2023-10-19 02:15:00,hum,76.0,81.0,0,1,0,289.69917950223163
Baloda Bazar,2023-10-20 02:30:00,hum,73.0,76.0,0,1,0,289.69917950223163
Baloda Bazar,2023-10-21 02:15:00,hum,62.0,73.0,0,1,0,289.69917950223163
Baloda Bazar,2023-10-22 02:15:00,hum,68.0,62.0,0,1,0,289.69917950223163
Baloda Bazar,2023-10-23 02:15:00,hum,64.0,68.0,0,1,0,289.69917950223163
Baloda Bazar,2023-10-24 02:15:00,hum,66.0,64.0,0,1,0,289.69917950223163
Baloda Bazar,2023-10-25 02:15:00,hum,64.0,66.0,0,1,0,289.69917950223163
Baloda Bazar,2023-10-26 02:00:00,hum,62.0,63.99999999999999,0,1,0,289.69917950223163
Baloda Bazar,2023-10-27 02:15:00,hum,60.0,62.0,0,1,0,289.69917950223163
Baloda Bazar,2023-10-28 02:00:00,hum,61.0,60.0,0,1,0,289.69917950223163
Baloda Bazar,2023-10-29 02:30:00,hum,62.0,61.0,0,1,0,289.69917950223163
Baloda Bazar,2023-10-30 01:45:00,hum,64.0,62.0,0,1,0,289.69917950223163
Balrampur,2023-10-15 02:30:00,hum,65.0,63.35944301438675,0,1,1,300.73762907169265
Balrampur,2023-10-16 02:30:00,hum,75.0,64.51848878334378,0,1,1,300.73762907169265
Balrampur,2023-10-17 02:30:00,hum,88.0,72.0743700183365,0,1,1,300.73762907169265
Balrampur,2023-10-18 02:30:00,hum,78.0,85.19070577390555,0,1,1,300.73762907169265
Balrampur,2023-10-19 02:15:00,hum,73.0,79.51936339205238,0,1,1,300.73762907169265
Balrampur,2023-10-20 02:30:00,hum,62.0,74.56441926999172,0,1,1,300.73762907169265
Balrampur,2023-10-21 02:15:00,hum,54.0,64.36160190437425,0,1,1,300.73762907169265
Balrampur,2023-10-22 02:15:00,hum,60.0,55.254057363385606,0,1,1,300.73762907169265
Balrampur,2023-10-23 02:15:00,hum,70.0,59.308524971751844,0,1,1,300.73762907169265
Balrampur,2023-10-24 02:15:00,hum,66.0,68.50565945523205,0,1,1,300.73762907169265
Balrampur,2023-10-25 02:15:00,hum,67.0,66.36197751718198,0,1,1,300.73762907169265
Balrampur,2023-10-26 02:00:00,hum,66.0,66.90207319478064,0,1,1,300.73762907169265
Balrampur,2023-10-27 02:15:00,hum,63.0,66.138735320094,0,1,1,300.73762907169265
Balrampur,2023-10-28 02:00:00,hum,55.0,63.47907656309783,0,1,1,300.73762907169265
Balrampur,2023-10-29 02:30:00,hum,52.0,56.18111520482455,0,1,1,300.73762907169265
Balrampur,2023-10-30 01:45:00,hum,56.0,52.500784478986574,0,1,1,300.73762907169265
Banda,2023-10-15 02:30:00,hum,44.0,42.271076424172946,0,1,1,344.0673777290821
Banda,2023-10-16 02:30:00,hum,43.0,43.309403799549365,0,1,1,344.0673777290821
Banda,2023-10-17 02:30:00,hum,81.0,43.12351310454189,0,1,1,344.0673777290821
Banda,2023-10-18 02:30:00,hum,70.0,66.0052225301393,0,1,1,344.0673777290821
Banda,2023-10-19 02:30:00,hum,50.0,68.77453198865626,0,1,1,344.0673777290821
Banda,2023-10-20 02:30:00,hum,45.0,57.57006726231863,0,1,1,344.0673777290821
Banda,2023-10-21 02:15:00,hum,47.0,50.04054619902262,0,1,1,344.0673777290821
Banda,2023-10-22 02:30:00,hum,45.0,48.16226936269005,0,1,1,344.0673777290821
Banda,2023-10-23 02:15:00,hum,52.0,46.230706996245246,0,1,1,344.0673777290821
Banda,2023-10-24 02:15:00,hum,50.0,49.7057848190318,0,1,1,344.0673777290821
Banda,2023-10-25 02:30:00,hum,48.0,49.88200949090031,0,1,1,344.0673777290821
Banda,2023-10-26 02:00:00,hum,45.0,48.7550308278645,0,1,1,344.0673777290821
Banda,2023-10-27 02:30:00,hum,36.0,46.50467592971847,0,1,1,344.0673777290821
Banda,2023-10-28 02:00:00,hum,37.0,40.12576465120956,0,1,1,344.0673777290821
Banda,2023-10-29 02:45:00,hum,39.0,38.18688394638296,0,1,1,344.0673777290821
Banda,2023-10-30 02:00:00,hum,39.0,38.68682699672257,0,1,1,344.0673777290821
Bangalore,2023-10-15 02:30:00,hum,89.0,84.53295626851079,0,1,1,320.1525605529995
Bangalore,2023-10-16 02:30:00,hum,83.0,86.09888820110278,0,1,1,320.1525605529995
Bangalore,2023-10-17 02:15:00,hum,89.0,85.14096698695337,0,1,1,320.1525605529995
Bangalore,2023-10-17 02:30:00,hum,89.0,86.30523348542344,0,1,1,320.1525605529995
Bangalore,2023-10-18 02:30:00,hum,83.0,87.11805197289088,0,1,1,320.1525605529995
Bangalore,2023-10-19 02:15:00,hum,83.0,85.91207793820405,0,1,1,320.1525605529995
Bangalore,2023-10-20 02:30:00,hum,83.0,85.08642938469954,0,1,1,320.1525605529995
Bangalore,2023-10-21 02:15:00,hum,83.0,84.4553700476339,0,1,1,320.1525605529995
Bangalore,2023-10-22 02:15:00,hum,83.0,83.99460294530617,0,1,1,320.1525605529995
Bangalore,2023-10-23 02:15:00,hum,78.0,83.67580786394497,0,1,1,320.1525605529995
Bangalore,2023-10-24 02:15:00,hum,73.0,81.70852621862038,0,1,1,320.1525605529995
Bangalore,2023-10-25 02:15:00,hum,68.0,77.57565639895782,0,1,1,320.1525605529995
Bangalore,2023-10-26 02:00:00,hum,61.0,71.08913960752527,0,1,1,320.1525605529995
Bangalore,2023-10-27 02:15:00,hum,83.0,63.25108419529275,0,1,1,320.1525605529995
Bangalore,2023-10-28 02:00:00,hum,88.0,74.49756757383383,0,1,1,320.1525605529995
Bangalore,2023-10-29 02:45:00,hum,89.0,83.48442771047335,0,1,1,320.1525605529995
Bangalore,2023-10-30 01:45:00,hum,88.0,88.14501646932301,0,1,1,320.1525605529995
Banka,2023-10-15 02:30:00,hum,73.0,74.72711617877795,2,1,2,301.44254906067687
Banka,2023-10-16 02:30:00,hum,69.0,77.18432414994427,2,1,2,301.44254906067687
Banka,2023-10-17 02:15:00,hum,75.0,67.90699706527727,2,1,2,301.44254906067687
Banka,2023-10-18 02:30:00,hum,78.0,73.29739369606271,2,1,2,301.44254906067687
Banka,2023-10-19 02:15:00,hum,80.0,75.97029951358839,2,1,2,301.44254906067687
Banka,2023-10-20 02:30:00,hum,73.0,78.10472260117496,2,1,2,301.44254906067687
Banka,2023-10-21 02:15:00,hum,71.0,73.54121387934858,2,1,2,301.44254906067687
Banka,2023-10-22 02:15:00,hum,70.0,73.42376842017751,2,1,2,301.44254906067687
Banka,2023-10-23 02:00:00,hum,68.0,71.76281836600445,2,1,2,301.44254906067687
Banka,2023-10-24 02:15:00,hum,82.0,67.94111607676993,2,1,2,301.44254906067687
Banka,2023-10-25 02:15:00,hum,86.0,78.6174852069367,2,1,2,301.44254906067687
Banka,2023-10-26 02:00:00,hum,84.0,82.88935950936501,2,1,2,301.44254906067687
Banka,2023-10-27 02:15:00,hum,61.0,84.39574547467602,2,1,2,301.44254906067687
Banka,2023-10-28 02:00:00,hum,64.0,61.96134500507357,2,1,2,301.44254906067687
Banka,2023-10-29 02:30:00,hum,56.0,69.84205442458804,2,1,2,301.44254906067687
Banka,2023-10-30 01:45:00,hum,68.0,58.9683509066185,2,1,2,301.44254906067687
Bankura,2023-10-15 02:30:00,hum,64.0,67.0,0,1,0,279.67036615412314
Bankura,2023-10-16 02:30:00,hum,69.0,64.0,0,1,0,279.67036615412314
Bankura,2023-10-17 02:30:00,hum,72.0,69.0,0,1,0,279.67036615412314
Bankura,2023-10-18 02:30:00,hum,76.0,72.0,0,1,0,279.67036615412314
Bankura,2023-10-19 02:15:00,hum,74.0,76.0,0,1,0,279.67036615412314
Bankura,2023-10-20 02:30:00,hum,70.0,74.0,0,1,0,279.67036615412314
Bankura,2023-10-21 02:15:00,hum,69.0,70.0,0,1,0,279.67036615412314
Bankura,2023-10-22 02:15:00,hum,65.0,69.0,0,1,0,279.67036615412314
Bankura,2023-10-23 02:15:00,hum,72.0,65.0,0,1,0,279.67036615412314
Bankura,2023-10-24 02:15:00,hum,79.0,72.0,0,1,0,279.67036615412314
Bankura,2023-10-25 02:15:00,hum,85.0,79.0,0,1,0,279.67036615412314
Bankura,2023-10-26 02:00:00,hum,70.0,85.0,0,1,0,279.67036615412314
Bankura,2023-10-27 02:15:00,hum,67.0,70.0,0,1,0,279.67036615412314
Bankura,2023-10-28 02:00:00,hum,51.0,67.0,0,1,0,279.67036615412314
Bankura,2023-10-29 02:45:00,hum,52.0,51.00000000000001,0,1,0,279.67036615412314
Bankura,2023-10-30 02:00:00,hum,63.0,52.0,0,1,0,279.67036615412314
Banswara,2023-10-15 02:30:00,hum,55.0,46.495274326599876,2,1,2,297.660485109111
Banswara,2023-10-16 02:30:00,hum,66.0,57.931178697201396,2,1,2,297.660485109111
Banswara,2023-10-17 02:30:00,hum,62.0,64.5831426435165,2,1,2,297.660485109111
Banswara,2023-10-18 02:30:00,hum,62.0,63.53420363956348,2,1,2,297.660485109111
Banswara,2023-10-19 02:30:00,hum,54.0,59.99916406823907,2,1,2,297.660485109111
Banswara,2023-10-20 02:30:00,hum,51.0,55.543916968037074,2,1,2,297.660485109111
Banswara,2023-10-21 02:30:00,hum,54.0,48.642886628506915,2,1,2,297.660485109111
Banswara,2023-10-22 02:30:00,hum,55.0,55.127577194221864,2,1,2,297.660485109111
Banswara,2023-10-23 02:15:00,hum,43.0,56.21167561596731,2,1,2,297.660485109111
Banswara,2023-10-24 02:15:00,hum,40.0,39.96107849832777,2,1,2,297.660485109111
Banswara,2023-10-25 02:30:00,hum,40.0,39.18066637415993,2,1,2,297.660485109111
Banswara,2023-10-26 02:00:00,hum,34.0,42.83544544822278,2,1,2,297.660485109111
Banswara,2023-10-27 02:30:00,hum,30.0,32.44338888353573,2,1,2,297.660485109111
Banswara,2023-10-28 02:00:00,hum,37.0,29.73167908091655,2,1,2,297.660485109111
Banswara,2023-10-29 02:45:00,hum,39.0,37.64802136980501,2,1,2,297.660485109111
Banswara,2023-10-30 02:00:00,hum,41.0,39.77472511240638,2,1,2,297.660485109111
Bara Banki,2023-10-15 02:30:00,hum,89.0,84.53615906217006,1,1,1,281.48922816413926
Bara Banki,2023-10-16 02:30:00,hum,89.0,88.65993357824753,1,1,1,281.48922816413926
Bara Banki,2023-10-17 02:30:00,hum,83.0,88.66661042603448,1,1,1,281.48922816413926
Bara Banki,2023-10-18 02:30:00,hum,88.0,84.65542662051307,1,1,1,281.48922816413926
Bara Banki,2023-10-19 02:30:00,hum,83.0,87.86320617020954,1,1,1,281.48922816413926
Bara Banki,2023-10-20 02:30:00,hum,83.0,84.57714777674997,1,1,1,281.48922816413926
Bara Banki,2023-10-21 02:15:00,hum,94.0,84.43343137746355,1,1,1,281.48922816413926
Bara Banki,2023-10-22 02:30:00,hum,83.0,91.39730557491717,1,1,1,281.48922816413926
Bara Banki,2023-10-23 02:15:00,hum,83.0,84.71611100123094,1,1,1,281.48922816413926
Bara Banki,2023-10-24 02:15:00,hum,88.0,84.58031591407406,1,1,1,281.48922816413926
Bara Banki,2023-10-25 02:30:00,hum,83.0,87.37145339304656,1,1,1,281.48922816413926
Bara Banki,2023-10-26 02:00:00,hum,69.0,84.54912144989834,1,1,1,281.48922816413926
Bara Banki,2023-10-27 02:30:00,hum,73.0,76.2496058994083,1,1,1,281.48922816413926
Bara Banki,2023-10-28 02:00:00,hum,73.0,77.67877527453732,1,1,1,281.48922816413926
Bara Banki,2023-10-29 02:45:00,hum,44.0,77.0016050140882,1,1,1,281.48922816413926
Bara Banki,2023-10-30 02:00:00,hum,83.0,53.347633414338766,1,1,1,281.48922816413926
Baramula,2023-10-15 02:30:00,hum,72.0,55.66450686272182,1,1,1,332.5703334135966
Baramula,2023-10-16 02:30:00,hum,72.0,66.40647748562421,1,1,1,332.5703334135966
Baramula,2023-10-17 02:15:00,hum,91.0,67.63588588659454,1,1,1,332.5703334135966
Baramula,2023-10-18 02:15:00,hum,84.0,88.33086812393026,1,1,1,332.5703334135966
Baramula,2023-10-19 02:15:00,hum,68.0,86.64128024693291,1,1,1,332.5703334135966
Baramula,2023-10-20 02:15:00,hum,59.0,67.53168132895236,1,1,1,332.5703334135966
Baramula,2023-10-21 02:15:00,hum,58.0,60.643807988615336,1,1,1,332.5703334135966
Baramula,2023-10-22 02:15:00,hum,62.0,59.794917910121505,1,1,1,332.5703334135966
Baramula,2023-10-23 02:00:00,hum,84.0,62.70443381280317,1,1,1,332.5703334135966
Baramula,2023-10-24 02:15:00,hum,65.0,79.61696025095262,1,1,1,332.5703334135966
Baramula,2023-10-25 02:15:00,hum,62.0,65.15686860073976,1,1,1,332.5703334135966
Baramula,2023-10-26 02:00:00,hum,54.0,63.01606568039682,1,1,1,332.5703334135966
Baramula,2023-10-27 02:15:00,hum,54.0,57.2654467846613,1,1,1,332.5703334135966
Baramula,2023-10-28 02:00:00,hum,55.0,57.04324044853422,1,1,1,332.5703334135966
Baramula,2023-10-29 02:30:00,hum,53.0,57.56141538336286,1,1,1,332.5703334135966
Baramula,2023-10-30 01:45:00,hum,49.0,55.928882249365664,1,1,1,332.5703334135966
Baran,2023-10-15 02:30:00,hum,35.0,45.0,0,1,0,291.2048451744317
Baran,2023-10-16 02:30:00,hum,42.0,35.0,0,1,0,291.2048451744317
Baran,2023-10-17 02:30:00,hum,79.0,42.0,0,1,0,291.2048451744317
Baran,2023-10-18 02:30:00,hum,62.0,79.0,0,1,0,291.2048451744317
Baran,2023-10-19 02:30:00,hum,59.0,61.99999999999999,0,1,0,291.2048451744317
Baran,2023-10-20 02:30:00,hum,47.0,59.0,0,1,0,291.2048451744317
Baran,2023-10-21 02:30:00,hum,46.0,47.0,0,1,0,291.2048451744317
Baran,2023-10-22 02:30:00,hum,43.0,46.0,0,1,0,291.2048451744317
Baran,2023-10-23 02:15:00,hum,48.0,43.0,0,1,0,291.2048451744317
Baran,2023-10-24 02:15:00,hum,40.0,48.0,0,1,0,291.2048451744317
Baran,2023-10-25 02:30:00,hum,37.0,40.0,0,1,0,291.2048451744317
Baran,2023-10-26 02:00:00,hum,39.0,37.0,0,1,0,291.2048451744317
Baran,2023-10-27 02:30:00,hum,38.0,39.0,0,1,0,291.2048451744317
Baran,2023-10-28 02:00:00,hum,32.0,38.0,0,1,0,291.2048451744317
Baran,2023-10-29 02:45:00,hum,39.0,31.999999999999996,0,1,0,291.2048451744317
Baran,2023-10-30 02:00:00,hum,42.0,39.0,0,1,0,291.2048451744317
Barddhaman,2023-10-13 02:45:00,hum,66.0,66.0,0,1,0,391.3043244492033
Barddhaman,2023-10-14 02:30:00,hum,62.0,66.0,0,1,0,391.3043244492033
Barddhaman,2023-10-15 02:30:00,hum,66.0,62.00000000000001,0,1,0,391.3043244492033
Barddhaman,2023-10-16 02:30:00,hum,70.0,66.0,0,1,0,391.3043244492033
Barddhaman,2023-10-17 02:30:00,hum,77.0,70.0,0,1,0,391.3043244492033
Barddhaman,2023-10-18 02:30:00,hum,74.0,77.0,0,1,0,391.3043244492033
Barddhaman,2023-10-19 02:15:00,hum,76.0,74.0,0,1,0,391.3043244492033
Barddhaman,2023-10-19 02:30:00,hum,76.0,76.0,0,1,0,391.3043244492033
Barddhaman,2023-10-20 02:30:00,hum,72.0,76.0,0,1,0,391.3043244492033
Barddhaman,2023-10-21 02:15:00,hum,76.0,72.0,0,1,0,391.3043244492033
Barddhaman,2023-10-21 02:30:00,hum,76.0,76.0,0,1,0,391.3043244492033
Barddhaman,2023-10-22 02:15:00,hum,72.0,76.0,0,1,0,391.3043244492033
Barddhaman,2023-10-22 02:30:00,hum,72.0,72.0,0,1,0,391.3043244492033
Barddhaman,2023-10-23 02:15:00,hum,76.0,72.0,0,1,0,391.3043244492033
Barddhaman,2023-10-24 02:15:00,hum,90.0,76.0,0,1,0,391.3043244492033
Barddhaman,2023-10-25 02:15:00,hum,89.0,90.0,0,1,0,391.3043244492033
Barddhaman,2023-10-25 02:30:00,hum,89.0,89.0,0,1,0,391.3043244492033
Barddhaman,2023-10-26 02:00:00,hum,69.0,89.0,0,1,0,391.3043244492033
Barddhaman,2023-10-27 02:15:00,hum,66.0,69.0,0,1,0,391.3043244492033
Barddhaman,2023-10-27 02:30:00,hum,66.0,66.0,0,1,0,391.3043244492033
Barddhaman,2023-10-28 02:00:00,hum,58.0,66.0,0,1,0,391.3043244492033
Barddhaman,2023-10-29 02:45:00,hum,61.0,57.99999999999999,0,1,0,391.3043244492033
Barddhaman,2023-10-30 02:00:00,hum,68.0,61.0,0,1,0,391.3043244492033
Bareilly,2023-10-15 02:30:00,hum,58.0,55.2806489524928,2,1,1,336.1889404930019
Bareilly,2023-10-16 02:30:00,hum,61.0,55.69248877688827,2,1,1,336.1889404930019
Bareilly,2023-10-17 02:30:00,hum,84.0,58.47841979812587,2,1,1,336.1889404930019
Bareilly,2023-10-18 02:30:00,hum,64.0,69.78430478902877,2,1,1,336.1889404930019
Bareilly,2023-10-19 02:30:00,hum,57.0,59.302897472545155,2,1,1,336.1889404930019
Bareilly,2023-10-20 02:30:00,hum,57.0,67.77799534137039,2,1,1,336.1889404930019
Bareilly,2023-10-21 02:15:00,hum,54.0,64.11423756578185,2,1,1,336.1889404930019
Bareilly,2023-10-22 02:30:00,hum,59.0,58.56292354622252,2,1,1,336.1889404930019
Bareilly,2023-10-23 02:15:00,hum,48.0,59.49355041114835,2,1,1,336.1889404930019
Bareilly,2023-10-24 02:15:00,hum,51.0,51.97223864974504,2,1,1,336.1889404930019
Bareilly,2023-10-25 02:30:00,hum,53.0,55.338545828151666,2,1,1,336.1889404930019
Bareilly,2023-10-26 02:00:00,hum,49.0,52.47598895929867,2,1,1,336.1889404930019
Bareilly,2023-10-27 02:30:00,hum,52.0,50.08953548313883,2,1,1,336.1889404930019
Bareilly,2023-10-28 02:00:00,hum,51.0,52.42749024992404,2,1,1,336.1889404930019
Bareilly,2023-10-29 02:45:00,hum,49.0,50.51097314170832,2,1,1,336.1889404930019
Bareilly,2023-10-30 02:00:00,hum,55.0,50.26072563514719,2,1,1,336.1889404930019
Bargarh,2023-10-15 02:30:00,hum,71.0,75.0,0,1,0,257.87144888950104
Bargarh,2023-10-16 02:30:00,hum,72.0,71.0,0,1,0,257.87144888950104
Bargarh,2023-10-17 02:30:00,hum,74.0,72.0,0,1,0,257.87144888950104
Bargarh,2023-10-18 02:30:00,hum,76.0,74.0,0,1,0,257.87144888950104
Bargarh,2023-10-19 02:30:00,hum,77.0,76.0,0,1,0,257.87144888950104
Bargarh,2023-10-20 02:30:00,hum,77.0,77.0,0,1,0,257.87144888950104
Bargarh,2023-10-21 02:15:00,hum,74.0,77.0,0,1,0,257.87144888950104
Bargarh,2023-10-22 02:30:00,hum,67.0,74.0,0,1,0,257.87144888950104
Bargarh,2023-10-23 02:15:00,hum,67.0,67.0,0,1,0,257.87144888950104
Bargarh,2023-10-24 02:15:00,hum,77.0,67.0,0,1,0,257.87144888950104
Bargarh,2023-10-25 02:15:00,hum,71.0,77.0,0,1,0,257.87144888950104
Bargarh,2023-10-26 02:00:00,hum,64.0,71.0,0,1,0,257.87144888950104
Bargarh,2023-10-27 02:15:00,hum,60.0,64.0,0,1,0,257.87144888950104
Bargarh,2023-10-28 02:00:00,hum,65.0,60.0,0,1,0,257.87144888950104
Bargarh,2023-10-29 02:45:00,hum,66.0,65.0,0,1,0,257.87144888950104
Bargarh,2023-10-30 02:00:00,hum,69.0,66.0,0,1,0,257.87144888950104
Barmer,2023-10-15 02:30:00,hum,35.0,47.0,0,1,0,330.404592928405
Barmer,2023-10-16 02:30:00,hum,60.0,35.0,0,1,0,330.404592928405
Barmer,2023-10-17 02:30:00,hum,60.0,60.0,0,1,0,330.404592928405
Barmer,2023-10-18 02:30:00,hum,57.0,60.0,0,1,0,330.404592928405
Barmer,2023-10-19 02:30:00,hum,44.0,57.0,0,1,0,330.404592928405
Barmer,2023-10-20 02:30:00,hum,40.0,44.0,0,1,0,330.404592928405
Barmer,2023-10-21 02:15:00,hum,28.0,40.0,0,1,0,330.404592928405
Barmer,2023-10-22 02:30:00,hum,32.0,28.0,0,1,0,330.404592928405
Barmer,2023-10-23 02:15:00,hum,32.0,32.0,0,1,0,330.404592928405
Barmer,2023-10-24 02:15:00,hum,26.0,32.0,0,1,0,330.404592928405
Barmer,2023-10-25 02:30:00,hum,32.0,26.000000000000004,0,1,0,330.404592928405
Barmer,2023-10-26 02:00:00,hum,25.0,32.0,0,1,0,330.404592928405
Barmer,2023-10-27 02:15:00,hum,35.0,25.0,0,1,0,330.404592928405
Barmer,2023-10-28 02:00:00,hum,28.0,35.0,0,1,0,330.404592928405
Barmer,2023-10-29 02:45:00,hum,32.0,27.999999999999996,0,1,0,330.404592928405
Barmer,2023-10-30 02:00:00,hum,27.0,32.0,0,1,0,330.404592928405
Barnala,2023-10-15 02:30:00,hum,44.0,38.0,0,1,0,333.9144147937436
Barnala,2023-10-16 02:30:00,hum,49.0,44.0,0,1,0,333.9144147937436
Barnala,2023-10-17 02:30:00,hum,83.0,49.0,0,1,0,333.9144147937436
Barnala,2023-10-18 02:30:00,hum,57.0,83.0,0,1,0,333.9144147937436
Barnala,2023-10-19 02:15:00,hum,51.0,57.00000000000001,0,1,0,333.9144147937436
Barnala,2023-10-20 02:30:00,hum,43.0,51.0,0,1,0,333.9144147937436
Barnala,2023-10-21 02:15:00,hum,35.0,43.0,0,1,0,333.9144147937436
Barnala,2023-10-22 02:15:00,hum,38.0,35.0,0,1,0,333.9144147937436
Barnala,2023-10-23 02:15:00,hum,45.0,38.0,0,1,0,333.9144147937436
Barnala,2023-10-24 02:15:00,hum,48.0,45.0,0,1,0,333.9144147937436
Barnala,2023-10-25 02:15:00,hum,42.0,48.0,0,1,0,333.9144147937436
Barnala,2023-10-26 02:00:00,hum,36.0,42.0,0,1,0,333.9144147937436
Barnala,2023-10-27 02:15:00,hum,36.0,36.0,0,1,0,333.9144147937436
Barnala,2023-10-28 02:00:00,hum,31.0,36.0,0,1,0,333.9144147937436
Barnala,2023-10-29 02:45:00,hum,34.0,31.0,0,1,0,333.9144147937436
Barnala,2023-10-30 02:00:00,hum,37.0,34.0,0,1,0,333.9144147937436
Barpeta,2023-10-15 02:30:00,hum,89.0,86.78899000007912,0,1,1,246.93481313642852
Barpeta,2023-10-16 02:30:00,hum,88.0,88.36615322770933,0,1,1,246.93481313642852
Barpeta,2023-10-17 02:15:00,hum,90.0,88.11229292917415,0,1,1,246.93481313642852
Barpeta,2023-10-18 02:30:00,hum,90.0,89.4191096602716,0,1,1,246.93481313642852
Barpeta,2023-10-19 02:15:00,hum,90.0,89.8227415289695,0,1,1,246.93481313642852
Barpeta,2023-10-20 02:30:00,hum,88.0,89.94576225019347,0,1,1,246.93481313642852
Barpeta,2023-10-21 02:15:00,hum,89.0,88.59874423839418,0,1,1,246.93481313642852
Barpeta,2023-10-22 02:15:00,hum,87.0,88.87664877825772,0,1,1,246.93481313642852
Barpeta,2023-10-23 02:15:00,hum,88.0,87.57928172831684,0,1,1,246.93481313642852
Barpeta,2023-10-24 02:15:00,hum,80.0,87.87035288356371,0,1,1,246.93481313642852
Barpeta,2023-10-25 02:15:00,hum,81.0,82.42103036837918,0,1,1,246.93481313642852
Barpeta,2023-10-26 02:00:00,hum,87.0,81.38402023378598,0,1,1,246.93481313642852
Barpeta,2023-10-27 02:15:00,hum,88.0,85.22928516765809,0,1,1,246.93481313642852
Barpeta,2023-10-28 02:00:00,hum,89.0,87.1755042475438,0,1,1,246.93481313642852
Barpeta,2023-10-29 02:30:00,hum,83.0,88.47354329342008,0,1,1,246.93481313642852
Barpeta,2023-10-30 01:45:00,hum,86.0,84.72064127033575,0,1,1,246.93481313642852
Barwani,2023-10-15 02:30:00,hum,47.0,52.65994067311989,2,1,0,282.75220039567245
Barwani,2023-10-16 02:30:00,hum,61.0,47.67823858892191,2,1,0,282.75220039567245
Barwani,2023-10-17 02:15:00,hum,57.0,63.990998898057114,2,1,0,282.75220039567245
Barwani,2023-10-18 02:15:00,hum,62.0,52.38599209773429,2,1,0,282.75220039567245
Barwani,2023-10-19 02:15:00,hum,55.0,63.22280148997342,2,1,0,282.75220039567245
Barwani,2023-10-20 02:15:00,hum,46.0,53.686561603753866,2,1,0,282.75220039567245
Barwani,2023-10-21 02:00:00,hum,49.0,47.01634151671129,2,1,0,282.75220039567245
Barwani,2023-10-22 02:15:00,hum,52.0,51.31943533016448,2,1,0,282.75220039567245
Barwani,2023-10-23 02:00:00,hum,45.0,51.45352248871638,2,1,0,282.75220039567245
Barwani,2023-10-24 02:15:00,hum,44.0,43.89785719841328,2,1,0,282.75220039567245
Barwani,2023-10-25 02:15:00,hum,45.0,45.706016404562355,2,1,0,282.75220039567245
Barwani,2023-10-26 02:00:00,hum,39.0,45.29846593047306,2,1,0,282.75220039567245
Barwani,2023-10-27 02:15:00,hum,38.0,38.47486419223519,2,1,0,282.75220039567245
Barwani,2023-10-28 02:00:00,hum,39.0,39.42680029510733,2,1,0,282.75220039567245
Barwani,2023-10-29 02:30:00,hum,37.0,39.292962362548685,2,1,0,282.75220039567245
Barwani,2023-10-30 01:45:00,hum,36.0,36.66213944897066,2,1,0,282.75220039567245
Bastar,2023-10-15 02:30:00,hum,72.0,74.0,0,1,0,249.48109737269834
Bastar,2023-10-16 02:30:00,hum,65.0,72.0,0,1,0,249.48109737269834
Bastar,2023-10-17 02:30:00,hum,73.0,65.0,0,1,0,249.48109737269834
Bastar,2023-10-18 02:30:00,hum,82.0,73.0,0,1,0,249.48109737269834
Bastar,2023-10-19 02:15:00,hum,87.0,82.0,0,1,0,249.48109737269834
Bastar,2023-10-20 02:30:00,hum,89.0,87.0,0,1,0,249.48109737269834
Bastar,2023-10-21 02:15:00,hum,91.0,89.0,0,1,0,249.48109737269834
Bastar,2023-10-22 02:15:00,hum,85.0,91.0,0,1,0,249.48109737269834
Bastar,2023-10-23 02:15:00,hum,85.0,85.0,0,1,0,249.48109737269834
Bastar,2023-10-24 02:15:00,hum,88.0,85.0,0,1,0,249.48109737269834
Bastar,2023-10-25 02:15:00,hum,92.0,88.0,0,1,0,249.48109737269834
Bastar,2023-10-26 02:00:00,hum,84.0,92.0,0,1,0,249.48109737269834
Bastar,2023-10-27 02:15:00,hum,75.0,84.0,0,1,0,249.48109737269834
Bastar,2023-10-28 02:00:00,hum,74.0,75.0,0,1,0,249.48109737269834
Bastar,2023-10-29 02:30:00,hum,77.0,74.0,0,1,0,249.48109737269834
Bastar,2023-10-30 01:45:00,hum,73.0,77.0,0,1,0,249.48109737269834
Basti,2023-10-15 02:30:00,hum,62.0,62.50808033191294,0,1,2,293.754673641323
Basti,2023-10-16 02:30:00,hum,70.0,60.29960606496556,0,1,2,293.754673641323
Basti,2023-10-17 02:30:00,hum,90.0,73.75616877648768,0,1,2,293.754673641323
Basti,2023-10-18 02:30:00,hum,74.0,91.50262499464327,0,1,2,293.754673641323
Basti,2023-10-19 02:30:00,hum,67.0,58.595203262123654,0,1,2,293.754673641323
Basti,2023-10-20 02:30:00,hum,54.0,77.96277331291397,0,1,2,293.754673641323
Basti,2023-10-21 02:15:00,hum,54.0,51.33237793431177,0,1,2,293.754673641323
Basti,2023-10-22 02:30:00,hum,56.0,62.34260044835812,0,1,2,293.754673641323
Basti,2023-10-23 02:15:00,hum,58.0,55.17760667141864,0,1,2,293.754673641323
Basti,2023-10-24 02:15:00,hum,62.0,59.53310551550685,0,1,2,293.754673641323
Basti,2023-10-25 02:30:00,hum,61.0,61.16242490424781,0,1,2,293.754673641323
Basti,2023-10-26 02:00:00,hum,63.0,60.192080293460236,0,1,2,293.754673641323
Basti,2023-10-27 02:30:00,hum,56.0,63.21827755023154,0,1,2,293.754673641323
Basti,2023-10-28 02:00:00,hum,48.0,54.58632537904952,0,1,2,293.754673641323
Basti,2023-10-29 02:45:00,hum,52.0,50.23472858573308,0,1,2,293.754673641323
Basti,2023-10-30 02:00:00,hum,53.0,54.59460899842839,0,1,2,293.754673641323
Baudh,2023-10-15 02:30:00,hum,75.0,82.99149126794417,2,1,0,269.65711181612517
Baudh,2023-10-16 02:30:00,hum,71.0,74.43619997425616,2,1,0,269.65711181612517
Baudh,2023-10-17 02:30:00,hum,71.0,74.04446545274806,2,1,0,269.65711181612517
Baudh,2023-10-18 02:30:00,hum,82.0,72.68868583105746,2,1,0,269.65711181612517
Baudh,2023-10-19 02:30:00,hum,88.0,80.92368394965372,2,1,0,269.65711181612517
Baudh,2023-10-20 02:30:00,hum,85.0,82.8259747164646,2,1,0,269.65711181612517
Baudh,2023-10-21 02:15:00,hum,82.0,82.53211870705745,2,1,0,269.65711181612517
Baudh,2023-10-22 02:30:00,hum,77.0,83.40113444964946,2,1,0,269.65711181612517
Baudh,2023-10-23 02:15:00,hum,71.0,78.36710623586274,2,1,0,269.65711181612517
Baudh,2023-10-24 02:15:00,hum,81.0,73.00634284008547,2,1,0,269.65711181612517
Baudh,2023-10-25 02:15:00,hum,88.0,83.28752667921592,2,1,0,269.65711181612517
Baudh,2023-10-26 02:00:00,hum,76.0,83.53148329488178,2,1,0,269.65711181612517
Baudh,2023-10-27 02:15:00,hum,69.0,72.93265935881863,2,1,0,269.65711181612517
Baudh,2023-10-28 02:00:00,hum,70.0,75.1134196202076,2,1,0,269.65711181612517
Baudh,2023-10-29 02:45:00,hum,70.0,73.32517715751183,2,1,0,269.65711181612517
Baudh,2023-10-30 02:00:00,hum,75.0,69.53877800238224,2,1,0,269.65711181612517
Begusarai,2023-10-15 02:30:00,hum,72.0,72.86315431515945,2,1,1,301.7912321607875
Begusarai,2023-10-16 02:30:00,hum,72.0,76.94484742537381,2,1,1,301.7912321607875
Begusarai,2023-10-17 02:15:00,hum,77.0,74.7031002324663,2,1,1,301.7912321607875
Begusarai,2023-10-18 02:30:00,hum,72.0,79.903639248926,2,1,1,301.7912321607875
Begusarai,2023-10-19 02:15:00,hum,74.0,71.60659033814335,2,1,1,301.7912321607875
Begusarai,2023-10-20 02:30:00,hum,67.0,76.54328873861448,2,1,1,301.7912321607875
Begusarai,2023-10-21 02:15:00,hum,63.0,66.79422535818807,2,1,1,301.7912321607875
Begusarai,2023-10-22 02:15:00,hum,59.0,64.49327121594861,2,1,1,301.7912321607875
Begusarai,2023-10-23 02:15:00,hum,62.0,60.90631202723339,2,1,1,301.7912321607875
Begusarai,2023-10-24 02:15:00,hum,68.0,65.10459525258297,2,1,1,301.7912321607875
Begusarai,2023-10-25 02:15:00,hum,69.0,70.2236906409366,2,1,1,301.7912321607875
Begusarai,2023-10-26 02:00:00,hum,63.0,68.93478694547605,2,1,1,301.7912321607875
Begusarai,2023-10-27 02:15:00,hum,62.0,61.90036552063049,2,1,1,301.7912321607875
Begusarai,2023-10-28 02:00:00,hum,63.0,62.98888031316479,2,1,1,301.7912321607875
Begusarai,2023-10-29 02:30:00,hum,63.0,64.19071388826697,2,1,1,301.7912321607875
Begusarai,2023-10-30 01:45:00,hum,60.0,63.597472112010635,2,1,1,301.7912321607875
Belgaum,2023-10-15 02:30:00,hum,82.0,72.55270750524335,1,1,2,237.86290796601617
Belgaum,2023-10-16 02:30:00,hum,82.0,74.84027935544619,1,1,2,237.86290796601617
Belgaum,2023-10-17 02:30:00,hum,73.0,79.25159760554801,1,1,2,237.86290796601617
Belgaum,2023-10-18 02:30:00,hum,79.0,76.73438491907108,1,1,2,237.86290796601617
Belgaum,2023-10-19 02:30:00,hum,61.0,77.53681866378734,1,1,2,237.86290796601617
Belgaum,2023-10-20 02:30:00,hum,64.0,68.06708470304312,1,1,2,237.86290796601617
Belgaum,2023-10-21 02:15:00,hum,73.0,66.25379773426492,1,1,2,237.86290796601617
Belgaum,2023-10-22 02:30:00,hum,67.0,70.05298458216349,1,1,2,237.86290796601617
Belgaum,2023-10-23 02:15:00,hum,70.0,68.1670879555063,1,1,2,237.86290796601617
Belgaum,2023-10-24 02:15:00,hum,59.0,69.5430325162101,1,1,2,237.86290796601617
Belgaum,2023-10-25 02:15:00,hum,66.0,63.08099022629365,1,1,2,237.86290796601617
Belgaum,2023-10-26 02:00:00,hum,54.0,63.18383585818632,1,1,2,237.86290796601617
Belgaum,2023-10-27 02:15:00,hum,52.0,59.935300442650615,1,1,2,237.86290796601617
Belgaum,2023-10-28 02:00:00,hum,49.0,56.27727891803347,1,1,2,237.86290796601617
Belgaum,2023-10-29 02:45:00,hum,53.0,50.49960714207596,1,1,2,237.86290796601617
Belgaum,2023-10-30 02:00:00,hum,80.0,51.006366610986824,1,1,2,237.86290796601617
Bellary,2023-10-15 02:30:00,hum,51.0,55.607422815927194,0,1,1,295.4776589014334
Bellary,2023-10-16 02:30:00,hum,54.0,52.22500508765568,0,1,1,295.4776589014334
Bellary,2023-10-17 02:30:00,hum,62.0,53.5224577150945,0,1,1,295.4776589014334
Bellary,2023-10-18 02:30:00,hum,49.0,59.6840405351832,0,1,1,295.4776589014334
Bellary,2023-10-19 02:15:00,hum,66.0,52.347036734346524,0,1,1,295.4776589014334
Bellary,2023-10-20 02:30:00,hum,69.0,61.003118469126534,0,1,1,295.4776589014334
Bellary,2023-10-21 02:15:00,hum,73.0,66.46004902375684,0,1,1,295.4776589014334
Bellary,2023-10-22 02:15:00,hum,76.0,71.12098042370722,0,1,1,295.4776589014334
Bellary,2023-10-23 02:15:00,hum,57.0,74.65895734262538,0,1,1,295.4776589014334
Bellary,2023-10-24 02:15:00,hum,58.0,62.92747314486401,0,1,1,295.4776589014334
Bellary,2023-10-25 02:15:00,hum,56.0,59.40604367754323,0,1,1,295.4776589014334
Bellary,2023-10-26 02:00:00,hum,56.0,56.98932083613257,0,1,1,295.4776589014334
Bellary,2023-10-27 02:15:00,hum,58.0,56.29126912765124,0,1,1,295.4776589014334
Bellary,2023-10-28 02:00:00,hum,60.0,57.48794553417474,0,1,1,295.4776589014334
Bellary,2023-10-29 02:45:00,hum,78.0,59.246967468375836,0,1,1,295.4776589014334
Bellary,2023-10-30 02:00:00,hum,83.0,72.82733277606113,0,1,1,295.4776589014334
Betul,2023-10-15 02:30:00,hum,52.0,55.0,0,1,0,267.3626260828335
Betul,2023-10-16 02:30:00,hum,62.0,52.0,0,1,0,267.3626260828335
Betul,2023-10-17 02:15:00,hum,72.0,62.0,0,1,0,267.3626260828335
Betul,2023-10-18 02:15:00,hum,66.0,72.0,0,1,0,267.3626260828335
Betul,2023-10-19 02:15:00,hum,66.0,66.0,0,1,0,267.3626260828335
Betul,2023-10-20 02:15:00,hum,70.0,66.0,0,1,0,267.3626260828335
Betul,2023-10-21 02:00:00,hum,55.0,70.0,0,1,0,267.3626260828335
Betul,2023-10-22 02:15:00,hum,50.0,54.99999999999999,0,1,0,267.3626260828335
Betul,2023-10-23 02:00:00,hum,53.0,50.0,0,1,0,267.3626260828335
Betul,2023-10-24 02:15:00,hum,59.0,53.0,0,1,0,267.3626260828335
Betul,2023-10-25 02:15:00,hum,58.0,59.0,0,1,0,267.3626260828335
Betul,2023-10-26 02:00:00,hum,48.0,58.0,0,1,0,267.3626260828335
Betul,2023-10-27 02:15:00,hum,50.0,48.0,0,1,0,267.3626260828335
Betul,2023-10-28 02:00:00,hum,46.0,50.0,0,1,0,267.3626260828335
Betul,2023-10-29 02:30:00,hum,48.0,46.0,0,1,0,267.3626260828335
Betul,2023-10-30 01:45:00,hum,48.0,48.0,0,1,0,267.3626260828335
Bhabua,2023-10-15 02:30:00,hum,60.0,55.0,0,1,0,317.28708181733896
Bhabua,2023-10-16 02:30:00,hum,69.0,60.0,0,1,0,317.28708181733896
Bhabua,2023-10-17 02:15:00,hum,82.0,69.0,0,1,0,317.28708181733896
Bhabua,2023-10-18 02:30:00,hum,78.0,82.0,0,1,0,317.28708181733896
Bhabua,2023-10-19 02:15:00,hum,77.0,78.0,0,1,0,317.28708181733896
Bhabua,2023-10-20 02:30:00,hum,72.0,77.0,0,1,0,317.28708181733896
Bhabua,2023-10-21 02:15:00,hum,63.0,72.0,0,1,0,317.28708181733896
Bhabua,2023-10-22 02:15:00,hum,64.0,62.99999999999999,0,1,0,317.28708181733896
Bhabua,2023-10-23 02:15:00,hum,67.0,64.0,0,1,0,317.28708181733896
Bhabua,2023-10-24 02:15:00,hum,69.0,67.0,0,1,0,317.28708181733896
Bhabua,2023-10-25 02:15:00,hum,69.0,69.0,0,1,0,317.28708181733896
Bhabua,2023-10-26 02:00:00,hum,57.0,69.0,0,1,0,317.28708181733896
Bhabua,2023-10-27 02:15:00,hum,61.0,57.0,0,1,0,317.28708181733896
Bhabua,2023-10-28 02:00:00,hum,55.0,61.0,0,1,0,317.28708181733896
Bhabua,2023-10-29 02:30:00,hum,56.0,55.0,0,1,0,317.28708181733896
Bhabua,2023-10-30 01:45:00,hum,58.0,56.0,0,1,0,317.28708181733896
Bhadohi,2023-10-15 02:30:00,hum,51.0,50.0,0,1,0,330.74609591780137
Bhadohi,2023-10-16 02:30:00,hum,55.0,51.0,0,1,0,330.74609591780137
Bhadohi,2023-10-17 02:30:00,hum,68.0,55.0,0,1,0,330.74609591780137
Bhadohi,2023-10-18 02:30:00,hum,83.0,68.0,0,1,0,330.74609591780137
Bhadohi,2023-10-19 02:30:00,hum,59.0,83.0,0,1,0,330.74609591780137
Bhadohi,2023-10-20 02:30:00,hum,57.0,59.0,0,1,0,330.74609591780137
Bhadohi,2023-10-21 02:15:00,hum,58.0,57.0,0,1,0,330.74609591780137
Bhadohi,2023-10-22 02:30:00,hum,53.0,58.0,0,1,0,330.74609591780137
Bhadohi,2023-10-23 02:15:00,hum,53.0,53.0,0,1,0,330.74609591780137
Bhadohi,2023-10-24 02:15:00,hum,56.0,53.0,0,1,0,330.74609591780137
Bhadohi,2023-10-25 02:30:00,hum,52.0,56.0,0,1,0,330.74609591780137
Bhadohi,2023-10-26 02:00:00,hum,55.0,52.0,0,1,0,330.74609591780137
Bhadohi,2023-10-27 02:30:00,hum,53.0,55.0,0,1,0,330.74609591780137
Bhadohi,2023-10-28 02:00:00,hum,47.0,53.0,0,1,0,330.74609591780137
Bhadohi,2023-10-29 02:45:00,hum,49.0,47.0,0,1,0,330.74609591780137
Bhadohi,2023-10-30 02:00:00,hum,51.0,49.0,0,1,0,330.74609591780137
Bhadrak,2023-10-15 02:30:00,hum,82.0,81.27833121896937,2,1,0,260.75071736858206
Bhadrak,2023-10-16 02:30:00,hum,83.0,83.0292013375111,2,1,0,260.75071736858206
Bhadrak,2023-10-17 02:30:00,hum,83.0,81.83947296655563,2,1,0,260.75071736858206
Bhadrak,2023-10-18 02:30:00,hum,83.0,82.58321634511842,2,1,0,260.75071736858206
Bhadrak,2023-10-19 02:30:00,hum,80.0,83.0,2,1,0,260.75071736858206
Bhadrak,2023-10-20 02:30:00,hum,82.0,80.96414604946274,2,1,0,260.75071736858206
Bhadrak,2023-10-21 02:15:00,hum,76.0,82.60450585962776,2,1,0,260.75071736858206
Bhadrak,2023-10-22 02:30:00,hum,72.0,77.19516921149315,2,1,0,260.75071736858206
Bhadrak,2023-10-23 02:15:00,hum,70.0,75.64961209264374,2,1,0,260.75071736858206
Bhadrak,2023-10-24 02:15:00,hum,88.0,72.03523687332027,2,1,0,260.75071736858206
Bhadrak,2023-10-25 02:30:00,hum,82.0,83.14081304210225,2,1,0,260.75071736858206
Bhadrak,2023-10-26 02:00:00,hum,90.0,76.2660401253205,2,1,0,260.75071736858206
Bhadrak,2023-10-27 02:15:00,hum,84.0,88.83274566680899,2,1,0,260.75071736858206
Bhadrak,2023-10-28 02:00:00,hum,84.0,84.16906729702895,2,1,0,260.75071736858206
Bhadrak,2023-10-29 02:45:00,hum,71.0,85.53459760582928,2,1,0,260.75071736858206
Bhadrak,2023-10-30 02:00:00,hum,73.0,75.55002196775538,2,1,0,260.75071736858206
Bhagalpur,2023-10-15 02:30:00,hum,72.0,76.59064489196777,2,1,2,302.60923466289256
Bhagalpur,2023-10-16 02:30:00,hum,68.0,76.38515384856872,2,1,2,302.60923466289256
Bhagalpur,2023-10-17 02:15:00,hum,75.0,66.4131022082275,2,1,2,302.60923466289256
Bhagalpur,2023-10-18 02:15:00,hum,74.0,77.9099346934215,2,1,2,302.60923466289256
Bhagalpur,2023-10-19 02:15:00,hum,74.0,75.36058707739363,2,1,2,302.60923466289256
Bhagalpur,2023-10-20 02:30:00,hum,71.0,75.65270650885599,2,1,2,302.60923466289256
Bhagalpur,2023-10-21 02:15:00,hum,66.0,72.58683371816575,2,1,2,302.60923466289256
Bhagalpur,2023-10-22 02:15:00,hum,65.0,66.93336915962601,2,1,2,302.60923466289256
Bhagalpur,2023-10-23 02:00:00,hum,64.0,66.6270733154351,2,1,2,302.60923466289256
Bhagalpur,2023-10-24 02:15:00,hum,80.0,65.45215366468481,2,1,2,302.60923466289256
Bhagalpur,2023-10-25 02:15:00,hum,76.0,82.90105328296232,2,1,2,302.60923466289256
Bhagalpur,2023-10-26 02:00:00,hum,77.0,74.80558284618758,2,1,2,302.60923466289256
Bhagalpur,2023-10-27 02:15:00,hum,57.0,77.88649706944265,2,1,2,302.60923466289256
Bhagalpur,2023-10-28 02:00:00,hum,57.0,56.761068699276294,2,1,2,302.60923466289256
Bhagalpur,2023-10-29 02:30:00,hum,53.0,59.67623494021946,2,1,2,302.60923466289256
Bhagalpur,2023-10-30 01:45:00,hum,66.0,53.451434602013414,2,1,2,302.60923466289256
Bhandara,2023-10-15 02:30:00,hum,64.0,63.55771145888311,1,1,0,273.050044813791
Bhandara,2023-10-16 02:30:00,hum,64.0,64.0,1,1,0,273.050044813791
Bhandara,2023-10-17 02:30:00,hum,74.0,64.0,1,1,0,273.050044813791
Bhandara,2023-10-18 02:30:00,hum,74.0,69.58187087805663,1,1,0,273.050044813791
Bhandara,2023-10-19 02:30:00,hum,73.0,74.0,1,1,0,273.050044813791
Bhandara,2023-10-20 02:30:00,hum,83.0,73.41372379290941,1,1,0,273.050044813791
Bhandara,2023-10-21 02:15:00,hum,80.0,78.80562206610244,1,1,0,273.050044813791
Bhandara,2023-10-22 02:30:00,hum,67.0,81.23721807519053,1,1,0,273.050044813791
Bhandara,2023-10-23 02:15:00,hum,67.0,72.01744528941208,1,1,0,273.050044813791
Bhandara,2023-10-24 02:15:00,hum,64.0,66.99999999999999,1,1,0,273.050044813791
Bhandara,2023-10-25 02:15:00,hum,64.0,65.05151082575777,1,1,0,273.050044813791
Bhandara,2023-10-26 02:00:00,hum,59.0,63.99999999999999,1,1,0,273.050044813791
Bhandara,2023-10-27 02:15:00,hum,54.0,60.744609134113624,1,1,0,273.050044813791
Bhandara,2023-10-28 02:00:00,hum,62.0,55.65399934767373,1,1,0,273.050044813791
Bhandara,2023-10-29 02:45:00,hum,63.0,59.219715624962966,1,1,0,273.050044813791
Bhandara,2023-10-30 02:00:00,hum,64.0,62.66786595577569,1,1,0,273.050044813791
Bharatpur,2023-10-15 02:30:00,hum,33.0,36.0,0,1,0,320.21000631803537
Bharatpur,2023-10-16 02:30:00,hum,40.0,33.0,0,1,0,320.21000631803537
Bharatpur,2023-10-17 02:30:00,hum,74.0,40.0,0,1,0,320.21000631803537
Bharatpur,2023-10-18 02:30:00,hum,61.0,74.0,0,1,0,320.21000631803537
Bharatpur,2023-10-19 02:30:00,hum,43.0,61.0,0,1,0,320.21000631803537
Bharatpur,2023-10-20 02:30:00,hum,38.0,43.0,0,1,0,320.21000631803537
Bharatpur,2023-10-21 02:15:00,hum,44.0,38.0,0,1,0,320.21000631803537
Bharatpur,2023-10-22 02:30:00,hum,44.0,44.0,0,1,0,320.21000631803537
Bharatpur,2023-10-23 02:15:00,hum,34.0,44.0,0,1,0,320.21000631803537
Bharatpur,2023-10-24 02:15:00,hum,39.0,34.0,0,1,0,320.21000631803537
Bharatpur,2023-10-25 02:30:00,hum,40.0,39.0,0,1,0,320.21000631803537
Bharatpur,2023-10-26 02:00:00,hum,36.0,40.0,0,1,0,320.21000631803537
Bharatpur,2023-10-27 02:15:00,hum,27.0,36.0,0,1,0,320.21000631803537
Bharatpur,2023-10-28 02:00:00,hum,25.0,27.000000000000004,0,1,0,320.21000631803537
Bharatpur,2023-10-29 02:45:00,hum,39.0,25.0,0,1,0,320.21000631803537
Bharatpur,2023-10-30 02:00:00,hum,40.0,39.0,0,1,0,320.21000631803537
Bharuch,2023-10-15 02:30:00,hum,56.0,58.0,0,1,0,283.8978515425826
Bharuch,2023-10-16 02:30:00,hum,68.0,56.0,0,1,0,283.8978515425826
Bharuch,2023-10-17 02:15:00,hum,65.0,68.0,0,1,0,283.8978515425826
Bharuch,2023-10-18 02:15:00,hum,58.0,65.0,0,1,0,283.8978515425826
Bharuch,2023-10-19 02:15:00,hum,56.0,58.0,0,1,0,283.8978515425826
Bharuch,2023-10-20 02:30:00,hum,47.0,56.0,0,1,0,283.8978515425826
Bharuch,2023-10-21 02:15:00,hum,50.0,47.0,0,1,0,283.8978515425826
Bharuch,2023-10-22 02:15:00,hum,44.0,50.0,0,1,0,283.8978515425826
Bharuch,2023-10-23 02:00:00,hum,39.0,44.0,0,1,0,283.8978515425826
Bharuch,2023-10-24 02:15:00,hum,43.0,39.0,0,1,0,283.8978515425826
Bharuch,2023-10-25 02:15:00,hum,37.0,43.0,0,1,0,283.8978515425826
Bharuch,2023-10-26 02:00:00,hum,35.0,37.0,0,1,0,283.8978515425826
Bharuch,2023-10-27 02:15:00,hum,39.0,35.0,0,1,0,283.8978515425826
Bharuch,2023-10-28 02:00:00,hum,36.0,39.0,0,1,0,283.8978515425826
Bharuch,2023-10-29 02:30:00,hum,37.0,36.0,0,1,0,283.8978515425826
Bharuch,2023-10-30 01:45:00,hum,35.0,37.0,0,1,0,283.8978515425826
Bhavnagar,2023-10-15 02:30:00,hum,61.0,61.0,0,1,0,293.18873994381136
Bhavnagar,2023-10-16 02:30:00,hum,64.0,61.0,0,1,0,293.18873994381136
Bhavnagar,2023-10-17 02:15:00,hum,60.0,64.0,0,1,0,293.18873994381136
Bhavnagar,2023-10-18 02:15:00,hum,57.0,60.0,0,1,0,293.18873994381136
Bhavnagar,2023-10-19 02:15:00,hum,52.0,57.0,0,1,0,293.18873994381136
Bhavnagar,2023-10-20 02:30:00,hum,52.0,52.0,0,1,0,293.18873994381136
Bhavnagar,2023-10-21 02:15:00,hum,51.0,52.0,0,1,0,293.18873994381136
Bhavnagar,2023-10-22 02:15:00,hum,49.0,51.0,0,1,0,293.18873994381136
Bhavnagar,2023-10-23 02:00:00,hum,51.0,49.0,0,1,0,293.18873994381136
Bhavnagar,2023-10-24 02:15:00,hum,43.0,51.0,0,1,0,293.18873994381136
Bhavnagar,2023-10-25 02:15:00,hum,43.0,43.0,0,1,0,293.18873994381136
Bhavnagar,2023-10-26 02:00:00,hum,41.0,43.0,0,1,0,293.18873994381136
Bhavnagar,2023-10-27 02:15:00,hum,39.0,41.0,0,1,0,293.18873994381136
Bhavnagar,2023-10-28 02:00:00,hum,46.0,39.0,0,1,0,293.18873994381136
Bhavnagar,2023-10-29 02:30:00,hum,44.0,46.0,0,1,0,293.18873994381136
Bhavnagar,2023-10-30 01:45:00,hum,45.0,44.0,0,1,0,293.18873994381136
Bhilwara,2023-10-15 02:30:00,hum,46.0,47.0,0,1,0,312.39237755090164
Bhilwara,2023-10-16 02:30:00,hum,51.0,46.0,0,1,0,312.39237755090164
Bhilwara,2023-10-17 02:30:00,hum,66.0,51.0,0,1,0,312.39237755090164
Bhilwara,2023-10-18 02:30:00,hum,65.0,66.0,0,1,0,312.39237755090164
Bhilwara,2023-10-19 02:30:00,hum,54.0,65.0,0,1,0,312.39237755090164
Bhilwara,2023-10-20 02:30:00,hum,46.0,54.0,0,1,0,312.39237755090164
Bhilwara,2023-10-21 02:15:00,hum,43.0,46.0,0,1,0,312.39237755090164
Bhilwara,2023-10-22 02:30:00,hum,35.0,43.0,0,1,0,312.39237755090164
Bhilwara,2023-10-23 02:15:00,hum,36.0,35.0,0,1,0,312.39237755090164
Bhilwara,2023-10-24 02:15:00,hum,40.0,36.0,0,1,0,312.39237755090164
Bhilwara,2023-10-25 02:30:00,hum,31.0,40.0,0,1,0,312.39237755090164
Bhilwara,2023-10-26 02:00:00,hum,34.0,31.0,0,1,0,312.39237755090164
Bhilwara,2023-10-27 02:15:00,hum,30.0,34.0,0,1,0,312.39237755090164
Bhilwara,2023-10-28 02:00:00,hum,28.0,30.0,0,1,0,312.39237755090164
Bhilwara,2023-10-29 02:45:00,hum,29.0,28.0,0,1,0,312.39237755090164
Bhilwara,2023-10-30 02:00:00,hum,37.0,29.0,0,1,0,312.39237755090164
Bhind,2023-10-15 02:30:00,hum,36.0,36.0,0,1,0,316.0151234753448
Bhind,2023-10-16 02:30:00,hum,44.0,36.0,0,1,0,316.0151234753448
Bhind,2023-10-17 02:15:00,hum,72.0,44.0,0,1,0,316.0151234753448
Bhind,2023-10-18 02:15:00,hum,63.0,72.0,0,1,0,316.0151234753448
Bhind,2023-10-19 02:15:00,hum,46.0,62.99999999999999,0,1,0,316.0151234753448
Bhind,2023-10-20 02:15:00,hum,44.0,46.0,0,1,0,316.0151234753448
Bhind,2023-10-21 02:00:00,hum,45.0,44.0,0,1,0,316.0151234753448
Bhind,2023-10-22 02:15:00,hum,45.0,45.0,0,1,0,316.0151234753448
Bhind,2023-10-23 02:00:00,hum,42.0,45.0,0,1,0,316.0151234753448
Bhind,2023-10-24 02:15:00,hum,45.0,42.0,0,1,0,316.0151234753448
Bhind,2023-10-25 02:15:00,hum,47.0,45.0,0,1,0,316.0151234753448
Bhind,2023-10-26 02:00:00,hum,37.0,47.0,0,1,0,316.0151234753448
Bhind,2023-10-27 02:15:00,hum,34.0,37.0,0,1,0,316.0151234753448
Bhind,2023-10-28 02:00:00,hum,35.0,34.0,0,1,0,316.0151234753448
Bhind,2023-10-29 02:30:00,hum,32.0,35.0,0,1,0,316.0151234753448
Bhind,2023-10-30 01:45:00,hum,36.0,32.0,0,1,0,316.0151234753448
Bhiwani,2023-10-15 02:30:00,hum,31.0,28.0,0,1,0,314.41041875245
Bhiwani,2023-10-16 02:30:00,hum,39.0,31.0,0,1,0,314.41041875245
Bhiwani,2023-10-17 02:15:00,hum,77.0,39.0,0,1,0,314.41041875245
Bhiwani,2023-10-18 02:30:00,hum,54.0,77.0,0,1,0,314.41041875245
Bhiwani,2023-10-19 02:15:00,hum,42.0,54.0,0,1,0,314.41041875245
Bhiwani,2023-10-20 02:30:00,hum,44.0,42.0,0,1,0,314.41041875245
Bhiwani,2023-10-21 02:15:00,hum,47.0,44.0,0,1,0,314.41041875245
Bhiwani,2023-10-22 02:15:00,hum,28.0,47.0,0,1,0,314.41041875245
Bhiwani,2023-10-23 02:15:00,hum,38.0,27.999999999999996,0,1,0,314.41041875245
Bhiwani,2023-10-24 02:15:00,hum,42.0,38.0,0,1,0,314.41041875245
Bhiwani,2023-10-25 02:15:00,hum,40.0,42.0,0,1,0,314.41041875245
Bhiwani,2023-10-26 02:00:00,hum,33.0,40.0,0,1,0,314.41041875245
Bhiwani,2023-10-27 02:15:00,hum,27.0,33.0,0,1,0,314.41041875245
Bhiwani,2023-10-28 02:00:00,hum,29.0,27.0,0,1,0,314.41041875245
Bhiwani,2023-10-29 02:30:00,hum,28.0,29.0,0,1,0,314.41041875245
Bhiwani,2023-10-30 01:45:00,hum,33.0,28.0,0,1,0,314.41041875245
Bhojpur,2023-10-15 02:30:00,hum,72.0,76.16855521641384,2,1,0,270.8580276602546
Bhojpur,2023-10-16 02:30:00,hum,67.0,70.92310422103418,2,1,0,270.8580276602546
Bhojpur,2023-10-17 02:15:00,hum,71.0,68.0075645243279,2,1,0,270.8580276602546
Bhojpur,2023-10-18 02:30:00,hum,81.0,72.43993742430234,2,1,0,270.8580276602546
Bhojpur,2023-10-19 02:15:00,hum,81.0,79.58136241010332,2,1,0,270.8580276602546
Bhojpur,2023-10-20 02:30:00,hum,81.0,77.54931100777536,2,1,0,270.8580276602546
Bhojpur,2023-10-21 02:15:00,hum,78.0,81.0,2,1,0,270.8580276602546
Bhojpur,2023-10-22 02:15:00,hum,69.0,77.97672571248205,2,1,0,270.8580276602546
Bhojpur,2023-10-23 02:15:00,hum,69.0,69.69894315821341,2,1,0,270.8580276602546
Bhojpur,2023-10-24 02:15:00,hum,76.0,71.85590276004396,2,1,0,270.8580276602546
Bhojpur,2023-10-25 02:15:00,hum,78.0,76.24095421036871,2,1,0,270.8580276602546
Bhojpur,2023-10-26 02:00:00,hum,72.0,75.66837707373077,2,1,0,270.8580276602546
Bhojpur,2023-10-27 02:15:00,hum,62.0,71.03905595520774,2,1,0,270.8580276602546
Bhojpur,2023-10-28 02:00:00,hum,67.0,63.49754942644725,2,1,0,270.8580276602546
Bhojpur,2023-10-29 02:30:00,hum,72.0,71.17616329039636,2,1,0,270.8580276602546
Bhojpur,2023-10-30 01:45:00,hum,70.0,70.3137480140841,2,1,0,270.8580276602546
Bhopal,2023-10-15 02:30:00,hum,46.0,51.0,0,1,0,293.0286981981737
Bhopal,2023-10-16 02:30:00,hum,51.0,46.0,0,1,0,293.0286981981737
Bhopal,2023-10-17 02:15:00,hum,68.0,51.0,0,1,0,293.0286981981737
Bhopal,2023-10-18 02:15:00,hum,69.0,68.0,0,1,0,293.0286981981737
Bhopal,2023-10-19 02:15:00,hum,61.0,69.0,0,1,0,293.0286981981737
Bhopal,2023-10-20 02:15:00,hum,57.0,61.00000000000001,0,1,0,293.0286981981737
Bhopal,2023-10-21 02:00:00,hum,49.0,57.0,0,1,0,293.0286981981737
Bhopal,2023-10-22 02:15:00,hum,40.0,49.0,0,1,0,293.0286981981737
Bhopal,2023-10-23 02:00:00,hum,53.0,40.0,0,1,0,293.0286981981737
Bhopal,2023-10-24 02:00:00,hum,51.0,53.0,0,1,0,293.0286981981737
Bhopal,2023-10-25 02:15:00,hum,45.0,51.0,0,1,0,293.0286981981737
Bhopal,2023-10-26 02:00:00,hum,38.0,45.0,0,1,0,293.0286981981737
Bhopal,2023-10-27 02:15:00,hum,39.0,38.0,0,1,0,293.0286981981737
Bhopal,2023-10-28 01:45:00,hum,37.0,39.0,0,1,0,293.0286981981737
Bhopal,2023-10-29 02:30:00,hum,38.0,37.0,0,1,0,293.0286981981737
Bhopal,2023-10-30 01:45:00,hum,60.0,38.0,0,1,0,293.0286981981737
Bid,2023-10-15 02:30:00,hum,52.0,53.695449073326884,1,1,0,278.37337799419606
Bid,2023-10-16 02:30:00,hum,49.0,52.6116921512939,1,1,0,278.37337799419606
Bid,2023-10-17 02:30:00,hum,57.0,49.903021917016304,1,1,0,278.37337799419606
Bid,2023-10-18 02:30:00,hum,65.0,54.47751353997862,1,1,0,278.37337799419606
Bid,2023-10-19 02:30:00,hum,64.0,62.916927805530854,1,1,0,278.37337799419606
Bid,2023-10-20 02:30:00,hum,68.0,64.25508819728378,1,1,0,278.37337799419606
Bid,2023-10-21 02:15:00,hum,68.0,66.9700891100696,1,1,0,278.37337799419606
Bid,2023-10-22 02:30:00,hum,59.0,68.0,1,1,0,278.37337799419606
Bid,2023-10-23 02:15:00,hum,56.0,61.29378119194582,1,1,0,278.37337799419606
Bid,2023-10-24 02:15:00,hum,56.0,56.68061040130383,1,1,0,278.37337799419606
Bid,2023-10-25 02:15:00,hum,56.0,56.0,1,1,0,278.37337799419606
Bid,2023-10-26 02:00:00,hum,53.0,56.0,1,1,0,278.37337799419606
Bid,2023-10-27 02:15:00,hum,52.0,53.677641037539125,1,1,0,278.37337799419606
Bid,2023-10-28 02:00:00,hum,54.0,52.22301104199252,1,1,0,278.37337799419606
Bid,2023-10-29 02:45:00,hum,52.0,53.551788819329396,1,1,0,278.37337799419606
Bid,2023-10-30 02:00:00,hum,50.0,52.451938216931765,1,1,0,278.37337799419606
Bidar,2023-10-15 02:30:00,hum,67.0,73.20459077686156,1,1,0,276.2043629269817
Bidar,2023-10-16 02:30:00,hum,66.0,69.84000865410482,1,1,0,276.2043629269817
Bidar,2023-10-17 02:30:00,hum,71.0,66.38883885062795,1,1,0,276.2043629269817
Bidar,2023-10-18 02:30:00,hum,74.0,69.04103323392405,1,1,0,276.2043629269817
Bidar,2023-10-19 02:15:00,hum,69.0,72.87080986758895,1,1,0,276.2043629269817
Bidar,2023-10-20 02:30:00,hum,74.0,70.91827408459791,1,1,0,276.2043629269817
Bidar,2023-10-21 02:15:00,hum,80.0,72.03428498993124,1,1,0,276.2043629269817
Bidar,2023-10-22 02:15:00,hum,73.0,77.7856693586894,1,1,0,276.2043629269817
Bidar,2023-10-23 02:15:00,hum,64.0,75.70165836385932,1,1,0,276.2043629269817
Bidar,2023-10-24 02:15:00,hum,67.0,67.04833330732565,1,1,0,276.2043629269817
Bidar,2023-10-25 02:15:00,hum,59.0,65.98425443451997,1,1,0,276.2043629269817
Bidar,2023-10-26 02:00:00,hum,57.0,61.79914829628407,1,1,0,276.2043629269817
Bidar,2023-10-27 02:15:00,hum,59.0,57.659513494937556,1,1,0,276.2043629269817
Bidar,2023-10-28 02:00:00,hum,59.0,58.337484409282624,1,1,0,276.2043629269817
Bidar,2023-10-29 02:45:00,hum,66.0,59.0,1,1,0,276.2043629269817
Bidar,2023-10-30 02:00:00,hum,69.0,63.68584356017924,1,1,0,276.2043629269817
Bijapur,2023-10-15 02:30:00,hum,49.0,54.0,0,1,0,285.6387379507585
Bijapur,2023-10-16 02:30:00,hum,51.0,49.0,0,1,0,285.6387379507585
Bijapur,2023-10-17 02:30:00,hum,50.0,51.0,0,1,0,285.6387379507585
Bijapur,2023-10-18 02:30:00,hum,58.0,50.0,0,1,0,285.6387379507585
Bijapur,2023-10-19 02:15:00,hum,54.0,58.0,0,1,0,285.6387379507585
Bijapur,2023-10-20 02:30:00,hum,49.0,54.0,0,1,0,285.6387379507585
Bijapur,2023-10-21 02:15:00,hum,58.0,49.0,0,1,0,285.6387379507585
Bijapur,2023-10-22 02:15:00,hum,57.0,58.0,0,1,0,285.6387379507585
Bijapur,2023-10-23 02:15:00,hum,51.0,57.0,0,1,0,285.6387379507585
Bijapur,2023-10-24 02:15:00,hum,52.0,51.0,0,1,0,285.6387379507585
Bijapur,2023-10-25 02:15:00,hum,50.0,52.0,0,1,0,285.6387379507585
Bijapur,2023-10-26 02:00:00,hum,52.0,50.0,0,1,0,285.6387379507585
Bijapur,2023-10-27 02:15:00,hum,48.0,52.0,0,1,0,285.6387379507585
Bijapur,2023-10-28 02:00:00,hum,48.0,48.0,0,1,0,285.6387379507585
Bijapur,2023-10-29 02:30:00,hum,47.0,48.0,0,1,0,285.6387379507585
Bijapur,2023-10-30 01:45:00,hum,54.0,47.0,0,1,0,285.6387379507585
Bijnor,2023-10-15 02:30:00,hum,53.0,52.399644181986986,0,1,1,327.21700532140557
Bijnor,2023-10-16 02:30:00,hum,55.0,52.77853520895699,0,1,1,327.21700532140557
Bijnor,2023-10-17 02:30:00,hum,81.0,54.182232749337274,0,1,1,327.21700532140557
Bijnor,2023-10-18 02:30:00,hum,62.0,71.91874437444976,0,1,1,327.21700532140557
Bijnor,2023-10-19 02:30:00,hum,54.0,65.24811326409271,0,1,1,327.21700532140557
Bijnor,2023-10-20 02:30:00,hum,55.0,58.77158512161252,0,1,1,327.21700532140557
Bijnor,2023-10-21 02:15:00,hum,53.0,56.52972335851311,0,1,1,327.21700532140557
Bijnor,2023-10-22 02:30:00,hum,58.0,54.41717604389444,0,1,1,327.21700532140557
Bijnor,2023-10-23 02:15:00,hum,57.0,56.53101915724392,0,1,1,327.21700532140557
Bijnor,2023-10-24 02:15:00,hum,48.0,56.80496603299926,0,1,1,327.21700532140557
Bijnor,2023-10-25 02:30:00,hum,50.0,51.677932796776076,0,1,1,327.21700532140557
Bijnor,2023-10-26 02:00:00,hum,46.0,50.68122883744991,0,1,1,327.21700532140557
Bijnor,2023-10-27 02:30:00,hum,48.0,47.89344906710054,0,1,1,327.21700532140557
Bijnor,2023-10-28 02:00:00,hum,47.0,47.957678644539556,0,1,1,327.21700532140557
Bijnor,2023-10-29 02:45:00,hum,48.0,47.389548411765254,0,1,1,327.21700532140557
Bijnor,2023-10-30 02:00:00,hum,55.0,47.75147120404817,0,1,1,327.21700532140557
Bikaner,2023-10-15 02:30:00,hum,41.0,29.0,0,1,0,324.3890573652294
Bikaner,2023-10-16 02:30:00,hum,37.0,41.0,0,1,0,324.3890573652294
Bikaner,2023-10-17 02:30:00,hum,51.0,37.0,0,1,0,324.3890573652294
Bikaner,2023-10-18 02:30:00,hum,57.0,51.0,0,1,0,324.3890573652294
Bikaner,2023-10-19 02:30:00,hum,47.0,57.0,0,1,0,324.3890573652294
Bikaner,2023-10-20 02:30:00,hum,39.0,47.0,0,1,0,324.3890573652294
Bikaner,2023-10-21 02:15:00,hum,35.0,39.0,0,1,0,324.3890573652294
Bikaner,2023-10-22 02:30:00,hum,36.0,35.0,0,1,0,324.3890573652294
Bikaner,2023-10-23 02:15:00,hum,37.0,36.0,0,1,0,324.3890573652294
Bikaner,2023-10-24 02:15:00,hum,34.0,37.0,0,1,0,324.3890573652294
Bikaner,2023-10-25 02:30:00,hum,36.0,34.0,0,1,0,324.3890573652294
Bikaner,2023-10-26 02:00:00,hum,35.0,36.0,0,1,0,324.3890573652294
Bikaner,2023-10-27 02:15:00,hum,23.0,35.0,0,1,0,324.3890573652294
Bikaner,2023-10-28 02:00:00,hum,21.0,23.000000000000004,0,1,0,324.3890573652294
Bikaner,2023-10-29 02:45:00,hum,26.0,21.0,0,1,0,324.3890573652294
Bikaner,2023-10-30 02:00:00,hum,25.0,26.0,0,1,0,324.3890573652294
Bilaspur,2023-10-15 02:30:00,hum,66.0,63.40709977666815,2,1,2,289.30393025687755
Bilaspur,2023-10-16 02:30:00,hum,72.0,68.41938559365612,2,1,2,289.30393025687755
Bilaspur,2023-10-17 02:15:00,hum,70.0,73.40914635545603,2,1,2,289.30393025687755
Bilaspur,2023-10-18 02:15:00,hum,77.0,70.63867586004874,2,1,2,289.30393025687755
Bilaspur,2023-10-19 02:15:00,hum,76.0,73.53959320571711,2,1,2,289.30393025687755
Bilaspur,2023-10-20 02:15:00,hum,73.0,78.99502983592465,2,1,2,289.30393025687755
Bilaspur,2023-10-21 02:15:00,hum,61.0,76.0810844581289,2,1,2,289.30393025687755
Bilaspur,2023-10-22 02:15:00,hum,66.0,58.68670802639868,2,1,2,289.30393025687755
Bilaspur,2023-10-23 02:00:00,hum,59.0,65.34864077952916,2,1,2,289.30393025687755
Bilaspur,2023-10-24 02:15:00,hum,66.0,63.40996381280597,2,1,2,289.30393025687755
Bilaspur,2023-10-25 02:15:00,hum,62.0,64.0730778426928,2,1,2,289.30393025687755
Bilaspur,2023-10-26 02:00:00,hum,59.0,64.94066641008095,2,1,2,289.30393025687755
Bilaspur,2023-10-27 02:15:00,hum,62.0,57.32155368482989,2,1,2,289.30393025687755
Bilaspur,2023-10-28 02:00:00,hum,62.0,61.57022237452171,2,1,2,289.30393025687755
Bilaspur,2023-10-29 02:30:00,hum,62.0,63.82349488023503,2,1,2,289.30393025687755
Bilaspur,2023-10-30 01:45:00,hum,64.0,62.015123816459926,2,1,2,289.30393025687755
Bishnupur,2023-10-15 02:30:00,hum,84.0,81.04404127549438,0,1,1,257.3275915782032
Bishnupur,2023-10-16 02:30:00,hum,89.0,82.29865183245464,0,1,1,257.3275915782032
Bishnupur,2023-10-17 02:15:00,hum,84.0,84.60787736613538,0,1,1,257.3275915782032
Bishnupur,2023-10-18 02:30:00,hum,84.0,84.41219786791365,0,1,1,257.3275915782032
Bishnupur,2023-10-19 02:15:00,hum,84.0,84.27989513248502,0,1,1,257.3275915782032
Bishnupur,2023-10-20 02:30:00,hum,83.0,84.19017773933432,0,1,1,257.3275915782032
Bishnupur,2023-10-21 02:15:00,hum,83.0,83.80806341285677,0,1,1,257.3275915782032
Bishnupur,2023-10-22 02:15:00,hum,83.0,83.54762668444083,0,1,1,257.3275915782032
Bishnupur,2023-10-23 02:15:00,hum,84.0,83.37082735008215,0,1,1,257.3275915782032
Bishnupur,2023-10-24 02:15:00,hum,83.0,83.57397331355845,0,1,1,257.3275915782032
Bishnupur,2023-10-25 02:15:00,hum,94.0,83.38975137729152,0,1,1,257.3275915782032
Bishnupur,2023-10-26 02:00:00,hum,89.0,86.74051608955376,0,1,1,257.3275915782032
Bishnupur,2023-10-27 02:15:00,hum,84.0,87.5794867464519,0,1,1,257.3275915782032
Bishnupur,2023-10-28 02:00:00,hum,83.0,86.34831208742287,0,1,1,257.3275915782032
Bishnupur,2023-10-29 02:30:00,hum,83.0,85.31860779192604,0,1,1,257.3275915782032
Bishnupur,2023-10-30 01:45:00,hum,83.0,84.60900868828847,0,1,1,257.3275915782032
Biswanath,2023-10-15 02:30:00,hum,80.0,71.0,0,1,0,237.59682199498963
Biswanath,2023-10-16 02:30:00,hum,69.0,80.0,0,1,0,237.59682199498963
Biswanath,2023-10-17 02:30:00,hum,70.0,69.0,0,1,0,237.59682199498963
Biswanath,2023-10-18 02:30:00,hum,76.0,70.0,0,1,0,237.59682199498963
Biswanath,2023-10-19 02:30:00,hum,74.0,76.0,0,1,0,237.59682199498963
Biswanath,2023-10-20 02:30:00,hum,72.0,74.0,0,1,0,237.59682199498963
Biswanath,2023-10-21 02:30:00,hum,69.0,72.0,0,1,0,237.59682199498963
Biswanath,2023-10-22 02:30:00,hum,72.0,69.0,0,1,0,237.59682199498963
Biswanath,2023-10-23 02:15:00,hum,81.0,72.0,0,1,0,237.59682199498963
Biswanath,2023-10-24 02:15:00,hum,95.0,81.0,0,1,0,237.59682199498963
Biswanath,2023-10-25 02:30:00,hum,88.0,95.0,0,1,0,237.59682199498963
Biswanath,2023-10-26 02:00:00,hum,77.0,88.0,0,1,0,237.59682199498963
Biswanath,2023-10-27 02:30:00,hum,74.0,77.0,0,1,0,237.59682199498963
Biswanath,2023-10-28 02:00:00,hum,67.0,74.0,0,1,0,237.59682199498963
Biswanath,2023-10-29 02:45:00,hum,67.0,67.0,0,1,0,237.59682199498963
Biswanath,2023-10-30 02:00:00,hum,67.0,67.0,0,1,0,237.59682199498963
Bokaro,2023-10-15 02:30:00,hum,72.0,81.00648464043938,2,1,0,288.1783272910096
Bokaro,2023-10-16 02:30:00,hum,65.0,68.42316895066241,2,1,0,288.1783272910096
Bokaro,2023-10-17 02:15:00,hum,75.0,64.64418276271924,2,1,0,288.1783272910096
Bokaro,2023-10-18 02:30:00,hum,77.0,78.38008654668332,2,1,0,288.1783272910096
Bokaro,2023-10-19 02:15:00,hum,82.0,74.3854072817085,2,1,0,288.1783272910096
Bokaro,2023-10-20 02:30:00,hum,74.0,82.15142907662666,2,1,0,288.1783272910096
Bokaro,2023-10-21 02:15:00,hum,73.0,71.84761711598496,2,1,0,288.1783272910096
Bokaro,2023-10-22 02:15:00,hum,64.0,74.90850949137008,2,1,0,288.1783272910096
Bokaro,2023-10-23 02:00:00,hum,65.0,63.249185712293595,2,1,0,288.1783272910096
Bokaro,2023-10-24 02:15:00,hum,71.0,66.98993622831499,2,1,0,288.1783272910096
Bokaro,2023-10-25 02:15:00,hum,71.0,71.38902055386157,2,1,0,288.1783272910096
Bokaro,2023-10-26 02:00:00,hum,62.0,69.6363001018283,2,1,0,288.1783272910096
Bokaro,2023-10-27 02:15:00,hum,58.0,61.069421348538235,2,1,0,288.1783272910096
Bokaro,2023-10-28 02:00:00,hum,61.0,59.7797471130695,2,1,0,288.1783272910096
Bokaro,2023-10-29 02:30:00,hum,64.0,62.35850623902908,2,1,0,288.1783272910096
Bokaro,2023-10-30 01:45:00,hum,68.0,63.57825716790743,2,1,0,288.1783272910096
Bongaigaon,2023-10-15 02:30:00,hum,89.0,86.78899000007912,0,1,1,246.93481313642852
Bongaigaon,2023-10-16 02:30:00,hum,88.0,88.36615322770933,0,1,1,246.93481313642852
Bongaigaon,2023-10-17 02:15:00,hum,90.0,88.11229292917415,0,1,1,246.93481313642852
Bongaigaon,2023-10-18 02:30:00,hum,90.0,89.4191096602716,0,1,1,246.93481313642852
Bongaigaon,2023-10-19 02:15:00,hum,90.0,89.8227415289695,0,1,1,246.93481313642852
Bongaigaon,2023-10-20 02:30:00,hum,88.0,89.94576225019347,0,1,1,246.93481313642852
Bongaigaon,2023-10-21 02:15:00,hum,89.0,88.59874423839418,0,1,1,246.93481313642852
Bongaigaon,2023-10-22 02:15:00,hum,87.0,88.87664877825772,0,1,1,246.93481313642852
Bongaigaon,2023-10-23 02:15:00,hum,88.0,87.57928172831684,0,1,1,246.93481313642852
Bongaigaon,2023-10-24 02:15:00,hum,80.0,87.87035288356371,0,1,1,246.93481313642852
Bongaigaon,2023-10-25 02:15:00,hum,81.0,82.42103036837918,0,1,1,246.93481313642852
Bongaigaon,2023-10-26 02:00:00,hum,87.0,81.38402023378598,0,1,1,246.93481313642852
Bongaigaon,2023-10-27 02:15:00,hum,88.0,85.22928516765809,0,1,1,246.93481313642852
Bongaigaon,2023-10-28 02:00:00,hum,89.0,87.1755042475438,0,1,1,246.93481313642852
Bongaigaon,2023-10-29 02:30:00,hum,83.0,88.47354329342008,0,1,1,246.93481313642852
Bongaigaon,2023-10-30 01:45:00,hum,86.0,84.72064127033575,0,1,1,246.93481313642852
Budaun,2023-10-15 02:30:00,hum,52.0,48.84085836972451,0,1,1,339.1366865573177
Budaun,2023-10-16 02:30:00,hum,58.0,50.453568214152604,0,1,1,339.1366865573177
Budaun,2023-10-17 02:30:00,hum,75.0,54.3458265680674,0,1,1,339.1366865573177
Budaun,2023-10-18 02:30:00,hum,59.0,65.7775105634008,0,1,1,339.1366865573177
Budaun,2023-10-19 02:30:00,hum,53.0,61.94118087287676,0,1,1,339.1366865573177
Budaun,2023-10-20 02:30:00,hum,49.0,57.327425797141686,0,1,1,339.1366865573177
Budaun,2023-10-21 02:15:00,hum,48.0,52.96744646578429,0,1,1,339.1366865573177
Budaun,2023-10-22 02:30:00,hum,54.0,50.288114245288796,0,1,1,339.1366865573177
Budaun,2023-10-23 02:15:00,hum,42.0,52.26236866968102,0,1,1,339.1366865573177
Budaun,2023-10-24 02:15:00,hum,51.0,46.86849382952818,0,1,1,339.1366865573177
Budaun,2023-10-25 02:30:00,hum,50.0,49.04726230184523,0,1,1,339.1366865573177
Budaun,2023-10-26 02:00:00,hum,39.0,49.541149897258286,0,1,1,339.1366865573177
Budaun,2023-10-27 02:30:00,hum,44.0,44.08487891499544,0,1,1,339.1366865573177
Budaun,2023-10-28 02:00:00,hum,40.0,44.04118427645362,0,1,1,339.1366865573177
Budaun,2023-10-29 02:45:00,hum,44.0,41.93165054060444,0,1,1,339.1366865573177
Budaun,2023-10-30 02:00:00,hum,49.0,43.01003357367346,0,1,1,339.1366865573177
Buddha Gaya,2023-10-15 02:30:00,hum,75.0,83.96399230732219,1,1,1,297.84549756799544
Buddha Gaya,2023-10-16 02:30:00,hum,94.0,81.65936392651925,1,1,1,297.84549756799544
Buddha Gaya,2023-10-17 02:30:00,hum,89.0,91.50327262054583,1,1,1,297.84549756799544
Buddha Gaya,2023-10-18 02:30:00,hum,79.0,89.20123575520896,1,1,1,297.84549756799544
Buddha Gaya,2023-10-19 02:30:00,hum,81.0,84.52060641420915,1,1,1,297.84549756799544
Buddha Gaya,2023-10-20 02:30:00,hum,88.0,85.23626965787392,1,1,1,297.84549756799544
Buddha Gaya,2023-10-21 02:15:00,hum,88.0,88.52816861358107,1,1,1,297.84549756799544
Buddha Gaya,2023-10-22 02:30:00,hum,100.0,88.51848433979819,1,1,1,297.84549756799544
Buddha Gaya,2023-10-23 02:15:00,hum,66.0,94.12123066246275,1,1,1,297.84549756799544
Buddha Gaya,2023-10-24 02:15:00,hum,88.0,80.79207124559235,1,1,1,297.84549756799544
Buddha Gaya,2023-10-25 02:30:00,hum,94.0,88.51134671981697,1,1,1,297.84549756799544
Buddha Gaya,2023-10-26 02:00:00,hum,64.0,90.36053549881467,1,1,1,297.84549756799544
Buddha Gaya,2023-10-27 02:30:00,hum,62.0,80.58103778917891,1,1,1,297.84549756799544
Buddha Gaya,2023-10-28 02:00:00,hum,88.0,74.6622565025738,1,1,1,297.84549756799544
Buddha Gaya,2023-10-29 02:45:00,hum,88.0,82.78352053715,1,1,1,297.84549756799544
Buddha Gaya,2023-10-30 02:00:00,hum,65.0,84.48346247481821,1,1,1,297.84549756799544
Bulandshahr,2023-10-15 02:30:00,hum,48.0,43.0,0,1,0,325.35539684904876
Bulandshahr,2023-10-16 02:30:00,hum,49.0,48.0,0,1,0,325.35539684904876
Bulandshahr,2023-10-17 02:30:00,hum,81.0,49.0,0,1,0,325.35539684904876
Bulandshahr,2023-10-18 02:30:00,hum,56.0,81.0,0,1,0,325.35539684904876
Bulandshahr,2023-10-19 02:30:00,hum,47.0,55.99999999999999,0,1,0,325.35539684904876
Bulandshahr,2023-10-20 02:30:00,hum,41.0,47.0,0,1,0,325.35539684904876
Bulandshahr,2023-10-21 02:15:00,hum,47.0,41.0,0,1,0,325.35539684904876
Bulandshahr,2023-10-22 02:30:00,hum,48.0,47.0,0,1,0,325.35539684904876
Bulandshahr,2023-10-23 02:15:00,hum,45.0,48.0,0,1,0,325.35539684904876
Bulandshahr,2023-10-24 02:15:00,hum,44.0,45.0,0,1,0,325.35539684904876
Bulandshahr,2023-10-25 02:30:00,hum,43.0,44.0,0,1,0,325.35539684904876
Bulandshahr,2023-10-26 02:00:00,hum,38.0,43.0,0,1,0,325.35539684904876
Bulandshahr,2023-10-27 02:30:00,hum,33.0,38.0,0,1,0,325.35539684904876
Bulandshahr,2023-10-28 02:00:00,hum,30.0,33.0,0,1,0,325.35539684904876
Bulandshahr,2023-10-29 02:45:00,hum,39.0,30.0,0,1,0,325.35539684904876
Bulandshahr,2023-10-30 02:00:00,hum,44.0,39.0,0,1,0,325.35539684904876
Buldana,2023-10-15 02:30:00,hum,47.0,55.0,0,1,0,292.1729550626339
Buldana,2023-10-16 02:30:00,hum,54.0,47.0,0,1,0,292.1729550626339
Buldana,2023-10-17 02:30:00,hum,55.0,54.0,0,1,0,292.1729550626339
Buldana,2023-10-18 02:30:00,hum,68.0,55.0,0,1,0,292.1729550626339
Buldana,2023-10-19 02:30:00,hum,60.0,68.0,0,1,0,292.1729550626339
Buldana,2023-10-20 02:30:00,hum,72.0,59.99999999999999,0,1,0,292.1729550626339
Buldana,2023-10-21 02:15:00,hum,64.0,72.0,0,1,0,292.1729550626339
Buldana,2023-10-22 02:30:00,hum,56.0,64.0,0,1,0,292.1729550626339
Buldana,2023-10-23 02:15:00,hum,45.0,56.0,0,1,0,292.1729550626339
Buldana,2023-10-24 02:15:00,hum,53.0,45.0,0,1,0,292.1729550626339
Buldana,2023-10-25 02:15:00,hum,50.0,53.0,0,1,0,292.1729550626339
Buldana,2023-10-26 02:00:00,hum,39.0,50.0,0,1,0,292.1729550626339
Buldana,2023-10-27 02:15:00,hum,44.0,39.0,0,1,0,292.1729550626339
Buldana,2023-10-28 02:00:00,hum,51.0,44.0,0,1,0,292.1729550626339
Buldana,2023-10-29 02:45:00,hum,49.0,51.0,0,1,0,292.1729550626339
Buldana,2023-10-30 02:00:00,hum,54.0,49.0,0,1,0,292.1729550626339
Bundi,2023-10-15 02:30:00,hum,41.0,43.68104244018846,0,1,2,289.7027385300635
Bundi,2023-10-16 02:30:00,hum,43.0,41.67037289851774,0,1,2,289.7027385300635
Bundi,2023-10-17 02:30:00,hum,75.0,42.02531555229552,0,1,2,289.7027385300635
Bundi,2023-10-18 02:30:00,hum,64.0,77.5695739069123,0,1,2,289.7027385300635
Bundi,2023-10-19 02:30:00,hum,52.0,77.66177422910789,0,1,2,289.7027385300635
Bundi,2023-10-20 02:30:00,hum,45.0,51.50421614787238,0,1,2,289.7027385300635
Bundi,2023-10-21 02:15:00,hum,44.0,43.52722470172715,0,1,2,289.7027385300635
Bundi,2023-10-22 02:30:00,hum,41.0,43.524252035498264,0,1,2,289.7027385300635
Bundi,2023-10-23 02:15:00,hum,43.0,40.980037800949596,0,1,2,289.7027385300635
Bundi,2023-10-24 02:15:00,hum,38.0,42.816649813133964,0,1,2,289.7027385300635
Bundi,2023-10-25 02:30:00,hum,34.0,38.08866938823008,0,1,2,289.7027385300635
Bundi,2023-10-26 02:00:00,hum,36.0,33.43569154052149,0,1,2,289.7027385300635
Bundi,2023-10-27 02:15:00,hum,32.0,35.69581514207563,0,1,2,289.7027385300635
Bundi,2023-10-28 02:00:00,hum,35.0,32.16557174102102,0,1,2,289.7027385300635
Bundi,2023-10-29 02:45:00,hum,38.0,34.69367703491533,0,1,2,289.7027385300635
Bundi,2023-10-30 02:00:00,hum,38.0,38.33501886913959,0,1,2,289.7027385300635
Burhanpur,2023-10-15 02:30:00,hum,48.0,56.0,0,1,0,287.9606195330303
Burhanpur,2023-10-16 02:30:00,hum,53.0,48.0,0,1,0,287.9606195330303
Burhanpur,2023-10-17 02:15:00,hum,59.0,53.0,0,1,0,287.9606195330303
Burhanpur,2023-10-18 02:15:00,hum,68.0,59.0,0,1,0,287.9606195330303
Burhanpur,2023-10-19 02:15:00,hum,62.0,68.0,0,1,0,287.9606195330303
Burhanpur,2023-10-20 02:15:00,hum,67.0,62.0,0,1,0,287.9606195330303
Burhanpur,2023-10-21 02:00:00,hum,54.0,67.0,0,1,0,287.9606195330303
Burhanpur,2023-10-22 02:15:00,hum,50.0,54.0,0,1,0,287.9606195330303
Burhanpur,2023-10-23 02:00:00,hum,43.0,50.0,0,1,0,287.9606195330303
Burhanpur,2023-10-24 02:15:00,hum,54.0,43.0,0,1,0,287.9606195330303
Burhanpur,2023-10-25 02:15:00,hum,51.0,54.0,0,1,0,287.9606195330303
Burhanpur,2023-10-26 02:00:00,hum,43.0,51.0,0,1,0,287.9606195330303
Burhanpur,2023-10-27 02:15:00,hum,43.0,43.0,0,1,0,287.9606195330303
Burhanpur,2023-10-28 02:00:00,hum,48.0,43.0,0,1,0,287.9606195330303
Burhanpur,2023-10-29 02:30:00,hum,48.0,48.0,0,1,0,287.9606195330303
Burhanpur,2023-10-30 01:45:00,hum,47.0,48.0,0,1,0,287.9606195330303
Buxar,2023-10-15 02:30:00,hum,65.0,58.0,0,1,0,309.82618549027643
Buxar,2023-10-16 02:30:00,hum,73.0,65.0,0,1,0,309.82618549027643
Buxar,2023-10-17 02:15:00,hum,86.0,73.0,0,1,0,309.82618549027643
Buxar,2023-10-18 02:30:00,hum,85.0,86.0,0,1,0,309.82618549027643
Buxar,2023-10-19 02:15:00,hum,66.0,85.0,0,1,0,309.82618549027643
Buxar,2023-10-20 02:30:00,hum,55.0,66.0,0,1,0,309.82618549027643
Buxar,2023-10-21 02:15:00,hum,61.0,54.99999999999999,0,1,0,309.82618549027643
Buxar,2023-10-22 02:15:00,hum,65.0,61.0,0,1,0,309.82618549027643
Buxar,2023-10-23 02:15:00,hum,65.0,65.0,0,1,0,309.82618549027643
Buxar,2023-10-24 02:15:00,hum,66.0,65.0,0,1,0,309.82618549027643
Buxar,2023-10-25 02:15:00,hum,67.0,66.0,0,1,0,309.82618549027643
Buxar,2023-10-26 02:00:00,hum,58.0,67.0,0,1,0,309.82618549027643
Buxar,2023-10-27 02:15:00,hum,64.0,58.00000000000001,0,1,0,309.82618549027643
Buxar,2023-10-28 02:00:00,hum,54.0,64.0,0,1,0,309.82618549027643
Buxar,2023-10-29 02:30:00,hum,53.0,54.00000000000001,0,1,0,309.82618549027643
Buxar,2023-10-30 01:45:00,hum,53.0,53.0,0,1,0,309.82618549027643
Chamba,2023-10-15 02:30:00,hum,58.0,51.23710522351371,0,1,1,318.42222639335034
Chamba,2023-10-16 02:30:00,hum,48.0,56.14758326664153,0,1,1,318.42222639335034
Chamba,2023-10-17 02:15:00,hum,72.0,50.33937587428712,0,1,1,318.42222639335034
Chamba,2023-10-18 02:15:00,hum,59.0,64.95214564712879,0,1,1,318.42222639335034
Chamba,2023-10-19 02:15:00,hum,56.0,60.92891355859651,0,1,1,318.42222639335034
Chamba,2023-10-20 02:15:00,hum,50.0,57.771641572779146,0,1,1,318.42222639335034
Chamba,2023-10-21 02:15:00,hum,54.0,52.713220062510075,0,1,1,318.42222639335034
Chamba,2023-10-22 02:15:00,hum,55.0,53.55500011307219,0,1,1,318.42222639335034
Chamba,2023-10-23 02:00:00,hum,52.0,54.48766725821303,0,1,1,318.42222639335034
Chamba,2023-10-24 02:15:00,hum,59.0,52.884470861795116,0,1,1,318.42222639335034
Chamba,2023-10-25 02:15:00,hum,46.0,56.80627756228754,0,1,1,318.42222639335034
Chamba,2023-10-26 02:00:00,hum,43.0,50.00611161189702,0,1,1,318.42222639335034
Chamba,2023-10-27 02:15:00,hum,51.0,45.46145177195819,0,1,1,318.42222639335034
Chamba,2023-10-28 02:00:00,hum,47.0,48.992098666498855,0,1,1,318.42222639335034
Chamba,2023-10-29 02:30:00,hum,54.0,47.7421404052559,0,1,1,318.42222639335034
Chamba,2023-10-30 01:45:00,hum,57.0,51.654529416853485,0,1,1,318.42222639335034
Chamoli,2023-10-15 02:30:00,hum,67.0,68.37457636997416,0,1,2,314.060868686364
Chamoli,2023-10-16 02:30:00,hum,61.0,66.12100574641278,0,1,2,314.060868686364
Chamoli,2023-10-17 02:30:00,hum,80.0,62.44995320054473,0,1,2,314.060868686364
Chamoli,2023-10-18 02:30:00,hum,69.0,78.03917438215285,0,1,2,314.060868686364
Chamoli,2023-10-19 02:15:00,hum,57.0,65.50238182843015,0,1,2,314.060868686364
Chamoli,2023-10-20 02:30:00,hum,59.0,62.01683893989446,0,1,2,314.060868686364
Chamoli,2023-10-21 02:15:00,hum,64.0,62.51278562557621,0,1,2,314.060868686364
Chamoli,2023-10-22 02:15:00,hum,65.0,64.74094669005837,0,1,2,314.060868686364
Chamoli,2023-10-23 02:15:00,hum,64.0,64.40518149496893,0,1,2,314.060868686364
Chamoli,2023-10-24 02:15:00,hum,59.0,64.00395965500917,0,1,2,314.060868686364
Chamoli,2023-10-25 02:15:00,hum,44.0,60.3274948448968,0,1,2,314.060868686364
Chamoli,2023-10-26 02:00:00,hum,46.0,49.21711960277767,0,1,2,314.060868686364
Chamoli,2023-10-27 02:15:00,hum,46.0,52.35119111117211,0,1,2,314.060868686364
Chamoli,2023-10-28 02:00:00,hum,41.0,48.003088616891766,0,1,2,314.060868686364
Chamoli,2023-10-29 02:30:00,hum,49.0,43.938602718511014,0,1,2,314.060868686364
Chamoli,2023-10-30 01:45:00,hum,55.0,50.467598271726246,0,1,2,314.060868686364
Champawat,2023-10-15 02:30:00,hum,69.0,74.94609038067252,1,1,1,287.12729639727394
Champawat,2023-10-16 02:30:00,hum,74.0,71.35258325433604,1,1,1,287.12729639727394
Champawat,2023-10-17 02:30:00,hum,84.0,74.44075519270754,1,1,1,287.12729639727394
Champawat,2023-10-18 02:30:00,hum,67.0,82.93059414250294,1,1,1,287.12729639727394
Champawat,2023-10-19 02:15:00,hum,73.0,70.78826151059533,1,1,1,287.12729639727394
Champawat,2023-10-20 02:30:00,hum,69.0,73.57440891484374,1,1,1,287.12729639727394
Champawat,2023-10-21 02:15:00,hum,72.0,70.9997860091963,1,1,1,287.12729639727394
Champawat,2023-10-22 02:15:00,hum,71.0,72.31867229036264,1,1,1,287.12729639727394
Champawat,2023-10-23 02:15:00,hum,71.0,71.63477681777347,1,1,1,287.12729639727394
Champawat,2023-10-24 02:15:00,hum,59.0,71.47692073776618,1,1,1,287.12729639727394
Champawat,2023-10-25 02:15:00,hum,58.0,64.14111056726897,1,1,1,287.12729639727394
Champawat,2023-10-26 02:00:00,hum,66.0,61.80614043469584,1,1,1,287.12729639727394
Champawat,2023-10-27 02:15:00,hum,70.0,65.92643081233521,1,1,1,287.12729639727394
Champawat,2023-10-28 02:00:00,hum,69.0,68.54329644505499,1,1,1,287.12729639727394
Champawat,2023-10-29 02:30:00,hum,69.0,68.28292739516586,1,1,1,287.12729639727394
Champawat,2023-10-30 01:45:00,hum,73.0,68.45764737955359,1,1,1,287.12729639727394
Chandauli,2023-10-15 02:30:00,hum,56.0,57.0,0,1,0,319.62573441885604
Chandauli,2023-10-16 02:30:00,hum,60.0,56.0,0,1,0,319.62573441885604
Chandauli,2023-10-17 02:30:00,hum,76.0,60.0,0,1,0,319.62573441885604
Chandauli,2023-10-18 02:30:00,hum,86.0,76.0,0,1,0,319.62573441885604
Chandauli,2023-10-19 02:30:00,hum,63.0,86.0,0,1,0,319.62573441885604
Chandauli,2023-10-20 02:30:00,hum,59.0,62.99999999999999,0,1,0,319.62573441885604
Chandauli,2023-10-21 02:15:00,hum,61.0,59.0,0,1,0,319.62573441885604
Chandauli,2023-10-22 02:30:00,hum,62.0,61.0,0,1,0,319.62573441885604
Chandauli,2023-10-23 02:15:00,hum,58.0,62.0,0,1,0,319.62573441885604
Chandauli,2023-10-24 02:15:00,hum,64.0,58.0,0,1,0,319.62573441885604
Chandauli,2023-10-25 02:30:00,hum,58.0,64.0,0,1,0,319.62573441885604
Chandauli,2023-10-26 02:00:00,hum,58.0,58.0,0,1,0,319.62573441885604
Chandauli,2023-10-27 02:30:00,hum,59.0,58.0,0,1,0,319.62573441885604
Chandauli,2023-10-28 02:00:00,hum,49.0,59.0,0,1,0,319.62573441885604
Chandauli,2023-10-29 02:45:00,hum,52.0,49.0,0,1,0,319.62573441885604
Chandauli,2023-10-30 02:00:00,hum,55.0,52.0,0,1,0,319.62573441885604
Chandel,2023-10-15 02:30:00,hum,89.0,88.03146310314588,0,1,1,218.3404346992047
Chandel,2023-10-16 02:30:00,hum,88.0,88.32710923684841,0,1,1,218.3404346992047
Chandel,2023-10-17 02:15:00,hum,83.0,88.25734286078655,0,1,1,218.3404346992047
Chandel,2023-10-18 02:30:00,hum,85.0,86.74526907029643,0,1,1,218.3404346992047
Chandel,2023-10-19 02:15:00,hum,85.0,86.06935213791817,0,1,1,218.3404346992047
Chandel,2023-10-20 02:30:00,hum,78.0,85.68469438894111,0,1,1,218.3404346992047
Chandel,2023-10-21 02:15:00,hum,84.0,82.73085850436108,0,1,1,218.3404346992047
Chandel,2023-10-22 02:15:00,hum,74.0,83.28788618684138,0,1,1,218.3404346992047
Chandel,2023-10-23 02:15:00,hum,72.0,79.42444444220419,0,1,1,218.3404346992047
Chandel,2023-10-24 02:15:00,hum,69.0,75.31278672303254,0,1,1,218.3404346992047
Chandel,2023-10-25 02:15:00,hum,79.0,71.42932251810026,0,1,1,218.3404346992047
Chandel,2023-10-26 02:00:00,hum,71.0,75.53567555136478,0,1,1,218.3404346992047
Chandel,2023-10-27 02:15:00,hum,59.0,73.36147214803187,0,1,1,218.3404346992047
Chandel,2023-10-28 02:00:00,hum,54.0,65.71467094629664,0,1,1,218.3404346992047
Chandel,2023-10-29 02:30:00,hum,68.0,57.09591859504718,0,1,1,218.3404346992047
Chandel,2023-10-30 01:45:00,hum,71.0,63.993125470776654,0,1,1,218.3404346992047
Chandigarh,2023-10-15 02:30:00,hum,43.0,44.74135444029832,0,1,1,309.21905597403946
Chandigarh,2023-10-16 02:30:00,hum,43.0,43.838346872399455,0,1,1,309.21905597403946
Chandigarh,2023-10-17 02:15:00,hum,59.0,43.4047438081376,0,1,1,309.21905597403946
Chandigarh,2023-10-18 02:30:00,hum,55.0,51.413041018877045,0,1,1,309.21905597403946
Chandigarh,2023-10-19 02:15:00,hum,51.0,53.40919563520247,0,1,1,309.21905597403946
Chandigarh,2023-10-20 02:30:00,hum,48.0,52.11874315610493,0,1,1,309.21905597403946
Chandigarh,2023-10-21 02:15:00,hum,48.0,49.982908232222435,0,1,1,309.21905597403946
Chandigarh,2023-10-22 02:15:00,hum,45.0,48.952570559938465,0,1,1,309.21905597403946
Chandigarh,2023-10-23 02:15:00,hum,43.0,46.88269950479007,0,1,1,309.21905597403946
Chandigarh,2023-10-24 02:15:00,hum,47.0,44.81640666497494,0,1,1,309.21905597403946
Chandigarh,2023-10-25 02:15:00,hum,44.0,45.97351021553055,0,1,1,309.21905597403946
Chandigarh,2023-10-26 02:00:00,hum,40.0,44.938415571566466,0,1,1,309.21905597403946
Chandigarh,2023-10-27 02:15:00,hum,42.0,42.32922268223064,0,1,1,309.21905597403946
Chandigarh,2023-10-28 02:00:00,hum,43.0,42.154271978720494,0,1,1,309.21905597403946
Chandigarh,2023-10-29 02:30:00,hum,48.0,42.6014095609791,0,1,1,309.21905597403946
Chandigarh,2023-10-30 01:45:00,hum,40.0,45.44162960318325,0,1,1,309.21905597403946
Chandrapur,2023-10-15 02:30:00,hum,71.0,73.0,0,1,0,257.10085126064536
Chandrapur,2023-10-16 02:30:00,hum,67.0,71.0,0,1,0,257.10085126064536
Chandrapur,2023-10-17 02:30:00,hum,70.0,67.0,0,1,0,257.10085126064536
Chandrapur,2023-10-18 02:30:00,hum,73.0,70.0,0,1,0,257.10085126064536
Chandrapur,2023-10-19 02:30:00,hum,74.0,73.0,0,1,0,257.10085126064536
Chandrapur,2023-10-20 02:30:00,hum,82.0,74.0,0,1,0,257.10085126064536
Chandrapur,2023-10-21 02:15:00,hum,79.0,82.0,0,1,0,257.10085126064536
Chandrapur,2023-10-22 02:30:00,hum,65.0,79.0,0,1,0,257.10085126064536
Chandrapur,2023-10-23 02:15:00,hum,69.0,65.0,0,1,0,257.10085126064536
Chandrapur,2023-10-24 02:15:00,hum,66.0,69.0,0,1,0,257.10085126064536
Chandrapur,2023-10-25 02:15:00,hum,64.0,66.0,0,1,0,257.10085126064536
Chandrapur,2023-10-26 02:00:00,hum,60.0,63.99999999999999,0,1,0,257.10085126064536
Chandrapur,2023-10-27 02:15:00,hum,56.0,60.0,0,1,0,257.10085126064536
Chandrapur,2023-10-28 02:00:00,hum,64.0,56.0,0,1,0,257.10085126064536
Chandrapur,2023-10-29 02:45:00,hum,64.0,64.0,0,1,0,257.10085126064536
Chandrapur,2023-10-30 02:00:00,hum,70.0,64.0,0,1,0,257.10085126064536
Chatra,2023-10-15 02:30:00,hum,74.0,82.90036731318594,0,1,2,287.64699891145807
Chatra,2023-10-16 02:30:00,hum,94.0,84.96974013163074,0,1,2,287.64699891145807
Chatra,2023-10-17 02:15:00,hum,89.0,95.15259541525818,0,1,2,287.64699891145807
Chatra,2023-10-18 02:30:00,hum,86.0,86.69863632158967,0,1,2,287.64699891145807
Chatra,2023-10-19 02:15:00,hum,90.0,89.47680685076692,0,1,2,287.64699891145807
Chatra,2023-10-20 02:30:00,hum,88.0,90.12773323287244,0,1,2,287.64699891145807
Chatra,2023-10-21 02:15:00,hum,88.0,88.62379346859257,0,1,2,287.64699891145807
Chatra,2023-10-22 02:15:00,hum,63.0,89.42333619847378,0,1,2,287.64699891145807
Chatra,2023-10-23 02:00:00,hum,71.0,72.02861545885389,0,1,2,287.64699891145807
Chatra,2023-10-24 02:15:00,hum,88.0,83.29953626185011,0,1,2,287.64699891145807
Chatra,2023-10-25 02:15:00,hum,94.0,87.52383578450286,0,1,2,287.64699891145807
Chatra,2023-10-26 02:00:00,hum,67.0,91.6510289634545,0,1,2,287.64699891145807
Chatra,2023-10-27 02:15:00,hum,67.0,72.27022518616798,0,1,2,287.64699891145807
Chatra,2023-10-28 02:00:00,hum,88.0,78.37681612307316,0,1,2,287.64699891145807
Chatra,2023-10-29 02:30:00,hum,68.0,87.41188903477119,0,1,2,287.64699891145807
Chatra,2023-10-30 01:45:00,hum,72.0,70.03222087847924,0,1,2,287.64699891145807
Chennai,2023-10-15 02:30:00,hum,89.0,87.80686398061155,0,1,1,241.74661310896272
Chennai,2023-10-16 02:30:00,hum,94.0,88.00214096584946,0,1,1,241.74661310896272
Chennai,2023-10-17 02:30:00,hum,89.0,88.60742885581897,0,1,1,241.74661310896272
Chennai,2023-10-18 02:30:00,hum,84.0,88.63256431095415,0,1,1,241.74661310896272
Chennai,2023-10-19 02:30:00,hum,84.0,88.34366647737218,0,1,1,241.74661310896272
Chennai,2023-10-20 02:30:00,hum,89.0,87.9011888957464,0,1,1,241.74661310896272
Chennai,2023-10-21 02:15:00,hum,84.0,88.06550431899696,0,1,1,241.74661310896272
Chennai,2023-10-22 02:30:00,hum,89.0,87.54386635023845,0,1,1,241.74661310896272
Chennai,2023-10-23 02:15:00,hum,84.0,87.76338140528264,0,1,1,241.74661310896272
Chennai,2023-10-24 02:15:00,hum,84.0,87.26650672256565,0,1,1,241.74661310896272
Chennai,2023-10-25 02:30:00,hum,84.0,86.76573144913318,0,1,1,241.74661310896272
Chennai,2023-10-26 02:00:00,hum,84.0,86.29701633354075,0,1,1,241.74661310896272
Chennai,2023-10-27 02:30:00,hum,84.0,85.88288305314349,0,1,1,241.74661310896272
Chennai,2023-10-28 02:00:00,hum,89.0,85.53210986089702,0,1,1,241.74661310896272
Chennai,2023-10-29 02:45:00,hum,84.0,86.1401058656369,0,1,1,241.74661310896272
Chennai,2023-10-30 02:00:00,hum,89.0,85.81438559788468,0,1,1,241.74661310896272
Chhatarpur,2023-10-15 02:30:00,hum,46.0,45.68111679032987,1,1,0,333.0581906676724
Chhatarpur,2023-10-16 02:30:00,hum,49.0,45.65915199482356,1,1,0,333.0581906676724
Chhatarpur,2023-10-17 02:15:00,hum,81.0,47.978919497903576,1,1,0,333.0581906676724
Chhatarpur,2023-10-18 02:15:00,hum,74.0,70.75165456379511,1,1,0,333.0581906676724
Chhatarpur,2023-10-19 02:15:00,hum,58.0,76.12804412565278,1,1,0,333.0581906676724
Chhatarpur,2023-10-20 02:15:00,hum,44.0,62.54309015613473,1,1,0,333.0581906676724
Chhatarpur,2023-10-21 02:00:00,hum,50.0,47.34780334587606,1,1,0,333.0581906676724
Chhatarpur,2023-10-22 02:15:00,hum,49.0,48.53213491332727,1,1,0,333.0581906676724
Chhatarpur,2023-10-23 02:00:00,hum,50.0,49.24432818485333,1,1,0,333.0581906676724
Chhatarpur,2023-10-24 02:15:00,hum,49.0,49.755473194338286,1,1,0,333.0581906676724
Chhatarpur,2023-10-25 02:15:00,hum,46.0,49.244721714864404,1,1,0,333.0581906676724
Chhatarpur,2023-10-26 02:00:00,hum,39.0,46.73297149044331,1,1,0,333.0581906676724
Chhatarpur,2023-10-27 02:15:00,hum,39.0,40.68691159269652,1,1,0,333.0581906676724
Chhatarpur,2023-10-28 02:00:00,hum,35.0,39.0,1,1,0,333.0581906676724
Chhatarpur,2023-10-29 02:30:00,hum,38.0,35.95762840960111,1,1,0,333.0581906676724
Chhatarpur,2023-10-30 01:45:00,hum,40.0,37.27802571485591,1,1,0,333.0581906676724
Chhindwara,2023-10-15 02:30:00,hum,58.0,51.0,0,1,0,291.9387873998398
Chhindwara,2023-10-16 02:30:00,hum,58.0,58.00000000000001,0,1,0,291.9387873998398
Chhindwara,2023-10-17 02:15:00,hum,70.0,58.0,0,1,0,291.9387873998398
Chhindwara,2023-10-18 02:15:00,hum,65.0,70.0,0,1,0,291.9387873998398
Chhindwara,2023-10-19 02:15:00,hum,69.0,65.0,0,1,0,291.9387873998398
Chhindwara,2023-10-20 02:15:00,hum,76.0,69.0,0,1,0,291.9387873998398
Chhindwara,2023-10-21 02:00:00,hum,53.0,76.0,0,1,0,291.9387873998398
Chhindwara,2023-10-22 02:15:00,hum,56.0,52.99999999999999,0,1,0,291.9387873998398
Chhindwara,2023-10-23 02:00:00,hum,62.0,56.0,0,1,0,291.9387873998398
Chhindwara,2023-10-24 02:15:00,hum,58.0,62.0,0,1,0,291.9387873998398
Chhindwara,2023-10-25 02:15:00,hum,50.0,58.0,0,1,0,291.9387873998398
Chhindwara,2023-10-26 02:00:00,hum,47.0,50.0,0,1,0,291.9387873998398
Chhindwara,2023-10-27 02:15:00,hum,50.0,47.0,0,1,0,291.9387873998398
Chhindwara,2023-10-28 02:00:00,hum,58.0,50.0,0,1,0,291.9387873998398
Chhindwara,2023-10-29 02:30:00,hum,57.0,58.0,0,1,0,291.9387873998398
Chhindwara,2023-10-30 01:45:00,hum,50.0,57.0,0,1,0,291.9387873998398
Chikmagalur,2023-10-15 02:30:00,hum,86.0,81.38696108510784,1,1,0,208.65470484883426
Chikmagalur,2023-10-16 02:30:00,hum,83.0,82.99622808295554,1,1,0,208.65470484883426
Chikmagalur,2023-10-17 02:30:00,hum,90.0,84.50238946288029,1,1,0,208.65470484883426
Chikmagalur,2023-10-18 02:30:00,hum,85.0,86.21446412941454,1,1,0,208.65470484883426
Chikmagalur,2023-10-19 02:15:00,hum,76.0,87.79841980013116,1,1,0,208.65470484883426
Chikmagalur,2023-10-20 02:30:00,hum,64.0,79.89766724719618,1,1,0,208.65470484883426
Chikmagalur,2023-10-21 02:15:00,hum,67.0,66.09040444968548,1,1,0,208.65470484883426
Chikmagalur,2023-10-22 02:15:00,hum,65.0,66.43051457709987,1,1,0,208.65470484883426
Chikmagalur,2023-10-23 02:15:00,hum,65.0,65.39185961492912,1,1,0,208.65470484883426
Chikmagalur,2023-10-24 02:15:00,hum,54.0,65.0,1,1,0,208.65470484883426
Chikmagalur,2023-10-25 02:15:00,hum,48.0,56.13771416347611,1,1,0,208.65470484883426
Chikmagalur,2023-10-26 02:00:00,hum,49.0,48.52352101109089,1,1,0,208.65470484883426
Chikmagalur,2023-10-27 02:15:00,hum,52.0,48.909440361632484,1,1,0,208.65470484883426
Chikmagalur,2023-10-28 02:00:00,hum,66.0,51.738914435783315,1,1,0,208.65470484883426
Chikmagalur,2023-10-29 02:45:00,hum,89.0,65.46245526894525,1,1,0,208.65470484883426
Chikmagalur,2023-10-30 02:00:00,hum,90.0,95.0742144719293,1,1,0,208.65470484883426
Chitradurga,2023-10-15 02:30:00,hum,58.0,59.64611351528863,0,1,1,283.7932901909262
Chitradurga,2023-10-16 02:30:00,hum,64.0,58.646126189177664,0,1,1,283.7932901909262
Chitradurga,2023-10-17 02:30:00,hum,70.0,61.56845538158953,0,1,1,283.7932901909262
Chitradurga,2023-10-18 02:30:00,hum,56.0,66.027358443992,0,1,1,283.7932901909262
Chitradurga,2023-10-19 02:15:00,hum,60.0,60.95071165009864,0,1,1,283.7932901909262
Chitradurga,2023-10-20 02:30:00,hum,53.0,60.47705782727584,0,1,1,283.7932901909262
Chitradurga,2023-10-21 02:15:00,hum,66.0,56.6886394144786,0,1,1,283.7932901909262
Chitradurga,2023-10-22 02:15:00,hum,67.0,61.2406256785761,0,1,1,283.7932901909262
Chitradurga,2023-10-23 02:15:00,hum,47.0,64.01904245689482,0,1,1,283.7932901909262
Chitradurga,2023-10-24 02:15:00,hum,47.0,56.36024568388967,0,1,1,283.7932901909262
Chitradurga,2023-10-25 02:15:00,hum,46.0,51.69067941962687,0,1,1,283.7932901909262
Chitradurga,2023-10-26 02:00:00,hum,46.0,48.60152727257965,0,1,1,283.7932901909262
Chitradurga,2023-10-27 02:15:00,hum,45.0,47.19500816467229,0,1,1,283.7932901909262
Chitradurga,2023-10-28 02:00:00,hum,55.0,46.027546017116165,0,1,1,283.7932901909262
Chitradurga,2023-10-29 02:30:00,hum,76.0,50.588701996814294,0,1,1,283.7932901909262
Chitradurga,2023-10-30 02:00:00,hum,71.0,65.63689197678293,0,1,1,283.7932901909262
Chittaurgarh,2023-10-15 02:30:00,hum,49.0,50.4020906486334,2,1,2,313.65370588402976
Chittaurgarh,2023-10-16 02:30:00,hum,58.0,52.94750809238631,2,1,2,313.65370588402976
Chittaurgarh,2023-10-17 02:30:00,hum,59.0,52.813992822976445,2,1,2,313.65370588402976
Chittaurgarh,2023-10-18 02:30:00,hum,64.0,62.30981254828016,2,1,2,313.65370588402976
Chittaurgarh,2023-10-19 02:30:00,hum,56.0,63.55172938465116,2,1,2,313.65370588402976
Chittaurgarh,2023-10-20 02:30:00,hum,47.0,54.28109296006546,2,1,2,313.65370588402976
Chittaurgarh,2023-10-21 02:15:00,hum,47.0,51.93676890145988,2,1,2,313.65370588402976
Chittaurgarh,2023-10-22 02:30:00,hum,34.0,42.3504203904228,2,1,2,313.65370588402976
Chittaurgarh,2023-10-23 02:15:00,hum,39.0,36.778172682024504,2,1,2,313.65370588402976
Chittaurgarh,2023-10-24 02:15:00,hum,41.0,39.65681180120936,2,1,2,313.65370588402976
Chittaurgarh,2023-10-25 02:30:00,hum,34.0,36.96653915019486,2,1,2,313.65370588402976
Chittaurgarh,2023-10-26 02:00:00,hum,33.0,39.58812732183278,2,1,2,313.65370588402976
Chittaurgarh,2023-10-27 02:15:00,hum,28.0,28.67841944102642,2,1,2,313.65370588402976
Chittaurgarh,2023-10-28 02:00:00,hum,33.0,29.665255766674882,2,1,2,313.65370588402976
Chittaurgarh,2023-10-29 02:45:00,hum,34.0,34.69137067893133,2,1,2,313.65370588402976
Chittaurgarh,2023-10-30 02:00:00,hum,42.0,29.58374125124164,2,1,2,313.65370588402976
Chittoor,2023-10-15 02:30:00,hum,92.0,90.41378209726818,0,1,1,299.7349693960623
Chittoor,2023-10-16 02:30:00,hum,93.0,91.33543223386043,0,1,1,299.7349693960623
Chittoor,2023-10-17 02:15:00,hum,94.0,92.30480026899879,0,1,1,299.7349693960623
Chittoor,2023-10-18 02:15:00,hum,84.0,93.2943948326865,0,1,1,299.7349693960623
Chittoor,2023-10-19 02:15:00,hum,90.0,87.9432048497509,0,1,1,299.7349693960623
Chittoor,2023-10-20 02:30:00,hum,90.0,89.13233408800335,0,1,1,299.7349693960623
Chittoor,2023-10-21 02:15:00,hum,92.0,89.62635611824696,0,1,1,299.7349693960623
Chittoor,2023-10-22 02:15:00,hum,81.0,90.97711782012104,0,1,1,299.7349693960623
Chittoor,2023-10-23 02:00:00,hum,86.0,85.3633843450764,0,1,1,299.7349693960623
Chittoor,2023-10-24 02:15:00,hum,83.0,85.72678671331431,0,1,1,299.7349693960623
Chittoor,2023-10-25 02:15:00,hum,85.0,84.1893541483554,0,1,1,299.7349693960623
Chittoor,2023-10-26 02:00:00,hum,82.0,84.64646618559546,0,1,1,299.7349693960623
Chittoor,2023-10-27 02:15:00,hum,92.0,83.15848661462535,0,1,1,299.7349693960623
Chittoor,2023-10-28 02:00:00,hum,94.0,88.07219038198643,0,1,1,299.7349693960623
Chittoor,2023-10-29 02:30:00,hum,95.0,91.47351008751868,0,1,1,299.7349693960623
Chittoor,2023-10-30 01:45:00,hum,94.0,93.53904015343565,0,1,1,299.7349693960623
Churachandpur,2023-10-15 02:30:00,hum,98.0,97.92316153524216,2,0,1,183.65771728308434
Churachandpur,2023-10-16 02:30:00,hum,98.0,97.96607911183364,2,0,1,183.65771728308434
Churachandpur,2023-10-17 02:15:00,hum,96.0,98.00590292004433,2,0,1,183.65771728308434
Churachandpur,2023-10-18 02:30:00,hum,97.0,97.15566844104028,2,0,1,183.65771728308434
Churachandpur,2023-10-19 02:15:00,hum,96.0,97.88432108754829,2,0,1,183.65771728308434
Churachandpur,2023-10-20 02:30:00,hum,95.0,97.53511545340646,2,0,1,183.65771728308434
Churachandpur,2023-10-21 02:15:00,hum,96.0,97.17564664035844,2,0,1,183.65771728308434
Churachandpur,2023-10-22 02:15:00,hum,98.0,97.86644121510322,2,0,1,183.65771728308434
Churachandpur,2023-10-23 02:15:00,hum,97.0,99.0390585744155,2,0,1,183.65771728308434
Churachandpur,2023-10-24 02:15:00,hum,98.0,98.30473417593771,2,0,1,183.65771728308434
Churachandpur,2023-10-25 02:15:00,hum,99.0,98.81923788935373,2,0,1,183.65771728308434
Churachandpur,2023-10-26 02:00:00,hum,99.0,99.28466713583056,2,0,1,183.65771728308434
Churachandpur,2023-10-27 02:15:00,hum,99.0,99.14092548406565,2,0,1,183.65771728308434
Churachandpur,2023-10-28 02:00:00,hum,98.0,99.01898234964497,2,0,1,183.65771728308434
Churachandpur,2023-10-29 02:30:00,hum,98.0,98.3976567637281,2,0,1,183.65771728308434
Churachandpur,2023-10-30 01:45:00,hum,95.0,98.37436389530657,2,0,1,183.65771728308434
Churu,2023-10-15 02:30:00,hum,36.0,36.17499030735664,0,1,1,318.3308231535712
Churu,2023-10-16 02:30:00,hum,35.0,35.94673935142878,0,1,1,318.3308231535712
Churu,2023-10-17 02:30:00,hum,61.0,34.703639796580084,0,1,1,318.3308231535712
Churu,2023-10-18 02:30:00,hum,54.0,69.28279547005627,0,1,1,318.3308231535712
Churu,2023-10-19 02:30:00,hum,45.0,51.87596100684817,0,1,1,318.3308231535712
Churu,2023-10-20 02:30:00,hum,43.0,43.63651532833483,0,1,1,318.3308231535712
Churu,2023-10-21 02:15:00,hum,42.0,42.859280190144936,0,1,1,318.3308231535712
Churu,2023-10-22 02:30:00,hum,36.0,41.80953224513895,0,1,1,318.3308231535712
Churu,2023-10-23 02:15:00,hum,37.0,34.70285295539063,0,1,1,318.3308231535712
Churu,2023-10-24 02:15:00,hum,43.0,37.49823481741647,0,1,1,318.3308231535712
Churu,2023-10-25 02:30:00,hum,41.0,44.23666549044788,0,1,1,318.3308231535712
Churu,2023-10-26 02:00:00,hum,37.0,40.29083503815458,0,1,1,318.3308231535712
Churu,2023-10-27 02:15:00,hum,35.0,36.26239701589636,0,1,1,318.3308231535712
Churu,2023-10-28 02:00:00,hum,27.0,34.71445573285036,0,1,1,318.3308231535712
Churu,2023-10-29 02:45:00,hum,26.0,25.237086037294272,0,1,1,318.3308231535712
Churu,2023-10-30 02:00:00,hum,30.0,26.169957355875336,0,1,1,318.3308231535712
Coimbatore,2023-10-15 02:30:00,hum,84.0,89.3777635300115,0,1,1,249.96042964435162
Coimbatore,2023-10-16 02:30:00,hum,89.0,89.26083823949085,0,1,1,249.96042964435162
Coimbatore,2023-10-17 02:30:00,hum,94.0,89.25528832589458,0,1,1,249.96042964435162
Coimbatore,2023-10-18 02:30:00,hum,94.0,89.35417692221428,0,1,1,249.96042964435162
Coimbatore,2023-10-19 02:30:00,hum,70.0,89.44895356724365,0,1,1,249.96042964435162
Coimbatore,2023-10-20 02:30:00,hum,79.0,89.05981117212787,0,1,1,249.96042964435162
Coimbatore,2023-10-21 02:15:00,hum,94.0,88.33051457224884,0,1,1,249.96042964435162
Coimbatore,2023-10-22 02:30:00,hum,89.0,88.9614309768241,0,1,1,249.96042964435162
Coimbatore,2023-10-23 02:15:00,hum,89.0,88.96220670543967,0,1,1,249.96042964435162
Coimbatore,2023-10-24 02:15:00,hum,89.0,88.96290928030554,0,1,1,249.96042964435162
Coimbatore,2023-10-25 02:30:00,hum,89.0,88.96353904207113,0,1,1,249.96042964435162
Coimbatore,2023-10-26 02:00:00,hum,84.0,88.96418819399588,0,1,1,249.96042964435162
Coimbatore,2023-10-27 02:30:00,hum,74.0,88.87704870841813,0,1,1,249.96042964435162
Coimbatore,2023-10-28 02:00:00,hum,74.0,87.17341309631614,0,1,1,249.96042964435162
Coimbatore,2023-10-29 02:45:00,hum,79.0,84.54145330617848,0,1,1,249.96042964435162
Coimbatore,2023-10-30 02:00:00,hum,83.0,82.93624100436774,0,1,1,249.96042964435162
Cuddalore,2023-10-15 02:30:00,hum,77.0,81.52199535880791,2,0,2,263.7589660048816
Cuddalore,2023-10-16 02:30:00,hum,82.0,78.30163928109758,2,0,2,263.7589660048816
Cuddalore,2023-10-17 02:30:00,hum,81.0,79.84858907422115,2,0,2,263.7589660048816
Cuddalore,2023-10-18 02:30:00,hum,78.0,79.3345715965652,2,0,2,263.7589660048816
Cuddalore,2023-10-19 02:30:00,hum,82.0,79.59330732367135,2,0,2,263.7589660048816
Cuddalore,2023-10-20 02:30:00,hum,72.0,81.6054962720005,2,0,2,263.7589660048816
Cuddalore,2023-10-21 02:15:00,hum,81.0,76.32009891537558,2,0,2,263.7589660048816
Cuddalore,2023-10-22 02:30:00,hum,86.0,79.18334839234423,2,0,2,263.7589660048816
Cuddalore,2023-10-23 02:15:00,hum,82.0,81.66835790147816,2,0,2,263.7589660048816
Cuddalore,2023-10-24 02:15:00,hum,80.0,82.41842997839854,2,0,2,263.7589660048816
Cuddalore,2023-10-25 02:30:00,hum,77.0,80.75508219030326,2,0,2,263.7589660048816
Cuddalore,2023-10-26 02:00:00,hum,71.0,80.22359528634315,2,0,2,263.7589660048816
Cuddalore,2023-10-27 02:30:00,hum,76.0,76.74229235169851,2,0,2,263.7589660048816
Cuddalore,2023-10-28 02:00:00,hum,73.0,78.25528005845594,2,0,2,263.7589660048816
Cuddalore,2023-10-29 02:45:00,hum,82.0,76.66720620776343,2,0,2,263.7589660048816
Cuddalore,2023-10-30 02:00:00,hum,83.0,84.20099533185498,2,0,2,263.7589660048816
Cuttack,2023-10-15 02:30:00,hum,84.0,86.42872493390941,0,1,1,269.17448839885185
Cuttack,2023-10-16 02:30:00,hum,89.0,85.78296106030126,0,1,1,269.17448839885185
Cuttack,2023-10-17 02:30:00,hum,89.0,86.6166167207738,0,1,1,269.17448839885185
Cuttack,2023-10-18 02:30:00,hum,94.0,87.1790374196181,0,1,1,269.17448839885185
Cuttack,2023-10-19 02:30:00,hum,89.0,88.7676087665423,0,1,1,269.17448839885185
Cuttack,2023-10-20 02:30:00,hum,94.0,88.8244585423679,0,1,1,269.17448839885185
Cuttack,2023-10-21 02:15:00,hum,89.0,90.23803477644202,0,1,1,269.17448839885185
Cuttack,2023-10-22 02:30:00,hum,83.0,89.8686645216303,0,1,1,269.17448839885185
Cuttack,2023-10-23 02:15:00,hum,79.0,88.23454032323272,0,1,1,269.17448839885185
Cuttack,2023-10-24 02:15:00,hum,89.0,86.07399853801458,0,1,1,269.17448839885185
Cuttack,2023-10-25 02:15:00,hum,94.0,86.86324462622879,0,1,1,269.17448839885185
Cuttack,2023-10-26 02:00:00,hum,94.0,88.32489217315924,0,1,1,269.17448839885185
Cuttack,2023-10-27 02:15:00,hum,83.0,89.46443183173382,0,1,1,269.17448839885185
Cuttack,2023-10-28 02:00:00,hum,78.0,88.18730159441083,0,1,1,269.17448839885185
Cuttack,2023-10-29 02:45:00,hum,83.0,86.332412864404,0,1,1,269.17448839885185
Cuttack,2023-10-30 02:00:00,hum,88.0,85.57598400566754,0,1,1,269.17448839885185
Dadra,2023-10-15 02:30:00,hum,78.0,71.26461145600965,0,1,2,221.16456512423244
Dadra,2023-10-16 02:30:00,hum,75.0,74.29189940712375,0,1,2,221.16456512423244
Dadra,2023-10-17 02:15:00,hum,72.0,77.65274890674779,0,1,2,221.16456512423244
Dadra,2023-10-18 02:15:00,hum,69.0,74.31950535853221,0,1,2,221.16456512423244
Dadra,2023-10-19 02:15:00,hum,63.0,70.15066472247608,0,1,2,221.16456512423244
Dadra,2023-10-20 02:30:00,hum,55.0,64.15328508140169,0,1,2,221.16456512423244
Dadra,2023-10-21 02:15:00,hum,65.0,55.69508887701558,0,1,2,221.16456512423244
Dadra,2023-10-22 02:15:00,hum,56.0,59.55187962120128,0,1,2,221.16456512423244
Dadra,2023-10-23 02:00:00,hum,57.0,60.04543928844616,0,1,2,221.16456512423244
Dadra,2023-10-24 02:15:00,hum,51.0,57.36730790750758,0,1,2,221.16456512423244
Dadra,2023-10-25 02:15:00,hum,51.0,52.61490492728344,0,1,2,221.16456512423244
Dadra,2023-10-26 02:00:00,hum,45.0,49.839434197628684,0,1,2,221.16456512423244
Dadra,2023-10-27 02:15:00,hum,44.0,46.189836666723,0,1,2,221.16456512423244
Dadra,2023-10-28 02:00:00,hum,46.0,43.30264389834048,0,1,2,221.16456512423244
Dadra,2023-10-29 02:30:00,hum,48.0,44.25483309244546,0,1,2,221.16456512423244
Dadra,2023-10-30 01:45:00,hum,43.0,47.554735031622876,0,1,2,221.16456512423244
Daman,2023-10-15 02:30:00,hum,79.0,69.93942575541418,2,1,2,230.48070357045796
Daman,2023-10-16 02:30:00,hum,75.0,73.71688831777342,2,1,2,230.48070357045796
Daman,2023-10-17 02:15:00,hum,72.0,77.93879919427417,2,1,2,230.48070357045796
Daman,2023-10-18 02:15:00,hum,67.0,75.44343118550924,2,1,2,230.48070357045796
Daman,2023-10-19 02:15:00,hum,63.0,71.74024673128542,2,1,2,230.48070357045796
Daman,2023-10-20 02:30:00,hum,55.0,62.303142351674474,2,1,2,230.48070357045796
Daman,2023-10-21 02:15:00,hum,60.0,52.80544695874973,2,1,2,230.48070357045796
Daman,2023-10-22 02:15:00,hum,48.0,60.05085333267276,2,1,2,230.48070357045796
Daman,2023-10-23 02:00:00,hum,55.0,50.2369633683314,2,1,2,230.48070357045796
Daman,2023-10-24 02:15:00,hum,50.0,52.86884685936409,2,1,2,230.48070357045796
Daman,2023-10-25 02:15:00,hum,49.0,51.02536521228291,2,1,2,230.48070357045796
Daman,2023-10-26 02:00:00,hum,44.0,49.42970607425617,2,1,2,230.48070357045796
Daman,2023-10-27 02:15:00,hum,44.0,45.10033046342356,2,1,2,230.48070357045796
Daman,2023-10-28 02:00:00,hum,46.0,42.632593203504236,2,1,2,230.48070357045796
Daman,2023-10-29 02:30:00,hum,46.0,44.02898168623249,2,1,2,230.48070357045796
Daman,2023-10-30 01:45:00,hum,42.0,45.863774995079424,2,1,2,230.48070357045796
Damoh,2023-10-15 02:30:00,hum,51.0,52.693549004512434,0,1,1,315.98553637057375
Damoh,2023-10-16 02:30:00,hum,55.0,51.598239719780715,0,1,1,315.98553637057375
Damoh,2023-10-17 02:15:00,hum,72.0,53.786923351001704,0,1,1,315.98553637057375
Damoh,2023-10-18 02:15:00,hum,73.0,65.85917611537778,0,1,1,315.98553637057375
Damoh,2023-10-19 02:15:00,hum,63.0,71.23786276280117,0,1,1,315.98553637057375
Damoh,2023-10-20 02:15:00,hum,49.0,65.52340992785015,0,1,1,315.98553637057375
Damoh,2023-10-21 02:00:00,hum,54.0,53.81351143882052,0,1,1,315.98553637057375
Damoh,2023-10-22 02:15:00,hum,52.0,53.954182145324026,0,1,1,315.98553637057375
Damoh,2023-10-23 02:00:00,hum,54.0,52.56267360749691,0,1,1,315.98553637057375
Damoh,2023-10-24 02:15:00,hum,55.0,53.58050517442006,0,1,1,315.98553637057375
Damoh,2023-10-25 02:15:00,hum,48.0,54.58348362390478,0,1,1,315.98553637057375
Damoh,2023-10-26 02:00:00,hum,47.0,49.96035659322956,0,1,1,315.98553637057375
Damoh,2023-10-27 02:15:00,hum,46.0,47.84492462367755,0,1,1,315.98553637057375
Damoh,2023-10-28 02:00:00,hum,46.0,46.52369396880522,0,1,1,315.98553637057375
Damoh,2023-10-29 02:30:00,hum,45.0,46.149232567064566,0,1,1,315.98553637057375
Damoh,2023-10-30 01:45:00,hum,48.0,45.32773615784738,0,1,1,315.98553637057375
Darbhanga,2023-10-15 02:30:00,hum,68.0,58.57784713026088,2,1,2,292.8251851235447
Darbhanga,2023-10-16 02:30:00,hum,74.0,72.9008422362677,2,1,2,292.8251851235447
Darbhanga,2023-10-17 02:15:00,hum,82.0,75.46794894982922,2,1,2,292.8251851235447
Darbhanga,2023-10-18 02:30:00,hum,76.0,77.99144675357275,2,1,2,292.8251851235447
Darbhanga,2023-10-19 02:15:00,hum,70.0,69.61874488997077,2,1,2,292.8251851235447
Darbhanga,2023-10-20 02:30:00,hum,67.0,69.80152526874637,2,1,2,292.8251851235447
Darbhanga,2023-10-21 02:15:00,hum,67.0,72.63580383862949,2,1,2,292.8251851235447
Darbhanga,2023-10-22 02:15:00,hum,61.0,71.08216074008885,2,1,2,292.8251851235447
Darbhanga,2023-10-23 02:15:00,hum,63.0,57.56361444579788,2,1,2,292.8251851235447
Darbhanga,2023-10-24 02:15:00,hum,74.0,58.46863467039107,2,1,2,292.8251851235447
Darbhanga,2023-10-25 02:15:00,hum,64.0,77.46604976315126,2,1,2,292.8251851235447
Darbhanga,2023-10-26 02:00:00,hum,74.0,64.52755699623121,2,1,2,292.8251851235447
Darbhanga,2023-10-27 02:15:00,hum,65.0,78.19249664807776,2,1,2,292.8251851235447
Darbhanga,2023-10-28 02:00:00,hum,53.0,63.83948428031622,2,1,2,292.8251851235447
Darbhanga,2023-10-29 02:30:00,hum,63.0,53.98698579233178,2,1,2,292.8251851235447
Darbhanga,2023-10-30 01:45:00,hum,64.0,66.42569656326944,2,1,2,292.8251851235447
Darjiling,2023-10-15 02:30:00,hum,92.0,92.48233784232873,2,0,2,289.67186714299135
Darjiling,2023-10-16 02:30:00,hum,94.0,91.72745801850644,2,0,2,289.67186714299135
Darjiling,2023-10-17 02:30:00,hum,87.0,91.38950804881172,2,0,2,289.67186714299135
Darjiling,2023-10-18 02:30:00,hum,85.0,87.82445200986143,2,0,2,289.67186714299135
Darjiling,2023-10-19 02:15:00,hum,88.0,83.87041584326481,2,0,2,289.67186714299135
Darjiling,2023-10-20 02:30:00,hum,90.0,88.89426742844678,2,0,2,289.67186714299135
Darjiling,2023-10-21 02:15:00,hum,83.0,94.10880217385332,2,0,2,289.67186714299135
Darjiling,2023-10-22 02:15:00,hum,65.0,84.85202110151374,2,0,2,289.67186714299135
Darjiling,2023-10-23 02:15:00,hum,57.0,62.745645995754,2,0,2,289.67186714299135
Darjiling,2023-10-24 02:15:00,hum,56.0,61.24993688060975,2,0,2,289.67186714299135
Darjiling,2023-10-25 02:15:00,hum,62.0,75.2893118230835,2,0,2,289.67186714299135
Darjiling,2023-10-26 02:00:00,hum,80.0,74.05748080069148,2,0,2,289.67186714299135
Darjiling,2023-10-27 02:15:00,hum,90.0,84.33100786877642,2,0,2,289.67186714299135
Darjiling,2023-10-28 02:00:00,hum,88.0,95.81809283127744,2,0,2,289.67186714299135
Darjiling,2023-10-29 02:45:00,hum,87.0,88.97235117291648,2,0,2,289.67186714299135
Darjiling,2023-10-30 02:00:00,hum,84.0,81.62593646049677,2,0,2,289.67186714299135
Darrang,2023-10-15 02:30:00,hum,96.0,93.92475873871496,1,1,1,230.65433322392397
Darrang,2023-10-16 02:30:00,hum,93.0,95.29185311901925,1,1,1,230.65433322392397
Darrang,2023-10-17 02:15:00,hum,90.0,93.30599597069438,1,1,1,230.65433322392397
Darrang,2023-10-18 02:30:00,hum,91.0,91.23682678273791,1,1,1,230.65433322392397
Darrang,2023-10-19 02:15:00,hum,90.0,91.84840293524955,1,1,1,230.65433322392397
Darrang,2023-10-20 02:30:00,hum,88.0,91.16995808069441,1,1,1,230.65433322392397
Darrang,2023-10-21 02:15:00,hum,88.0,89.76601203609307,1,1,1,230.65433322392397
Darrang,2023-10-22 02:15:00,hum,88.0,89.66182232301114,1,1,1,230.65433322392397
Darrang,2023-10-23 02:15:00,hum,87.0,89.56675041858784,1,1,1,230.65433322392397
Darrang,2023-10-24 02:15:00,hum,77.0,88.74038088426013,1,1,1,230.65433322392397
Darrang,2023-10-25 02:15:00,hum,87.0,79.63518008247837,1,1,1,230.65433322392397
Darrang,2023-10-26 02:00:00,hum,91.0,88.68614368925061,1,1,1,230.65433322392397
Darrang,2023-10-27 02:15:00,hum,94.0,91.45999706743301,1,1,1,230.65433322392397
Darrang,2023-10-28 02:00:00,hum,93.0,93.4932372068008,1,1,1,230.65433322392397
Darrang,2023-10-29 02:30:00,hum,91.0,92.82296926540099,1,1,1,230.65433322392397
Darrang,2023-10-30 01:45:00,hum,92.0,91.47410830412177,1,1,1,230.65433322392397
Datia,2023-10-15 02:30:00,hum,42.0,44.0,0,1,0,308.2179007898466
Datia,2023-10-16 02:30:00,hum,42.0,42.0,0,1,0,308.2179007898466
Datia,2023-10-17 02:15:00,hum,79.0,42.0,0,1,0,308.2179007898466
Datia,2023-10-18 02:15:00,hum,63.0,79.0,0,1,0,308.2179007898466
Datia,2023-10-19 02:15:00,hum,45.0,62.99999999999999,0,1,0,308.2179007898466
Datia,2023-10-20 02:15:00,hum,42.0,45.0,0,1,0,308.2179007898466
Datia,2023-10-21 02:00:00,hum,47.0,42.0,0,1,0,308.2179007898466
Datia,2023-10-22 02:15:00,hum,43.0,47.0,0,1,0,308.2179007898466
Datia,2023-10-23 02:00:00,hum,41.0,43.0,0,1,0,308.2179007898466
Datia,2023-10-24 02:15:00,hum,43.0,41.0,0,1,0,308.2179007898466
Datia,2023-10-25 02:15:00,hum,44.0,43.0,0,1,0,308.2179007898466
Datia,2023-10-26 02:00:00,hum,40.0,44.0,0,1,0,308.2179007898466
Datia,2023-10-27 02:15:00,hum,40.0,40.0,0,1,0,308.2179007898466
Datia,2023-10-28 02:00:00,hum,32.0,40.0,0,1,0,308.2179007898466
Datia,2023-10-29 02:30:00,hum,34.0,32.0,0,1,0,308.2179007898466
Datia,2023-10-30 01:45:00,hum,37.0,34.0,0,1,0,308.2179007898466
Dausa,2023-10-15 02:30:00,hum,40.0,57.026801523585206,1,1,0,316.03295704081796
Dausa,2023-10-16 02:30:00,hum,61.0,44.042241149139294,1,1,0,316.03295704081796
Dausa,2023-10-17 02:30:00,hum,69.0,52.30066632275576,1,1,0,316.03295704081796
Dausa,2023-10-18 02:30:00,hum,73.0,66.32859518410115,1,1,0,316.03295704081796
Dausa,2023-10-19 02:30:00,hum,65.0,71.71211677803525,1,1,0,316.03295704081796
Dausa,2023-10-20 02:30:00,hum,61.0,67.62447655444852,1,1,0,316.03295704081796
Dausa,2023-10-21 02:15:00,hum,61.0,62.26553894854611,1,1,0,316.03295704081796
Dausa,2023-10-22 02:30:00,hum,57.0,61.0,1,1,0,316.03295704081796
Dausa,2023-10-23 02:15:00,hum,61.0,58.26195856311599,1,1,0,316.03295704081796
Dausa,2023-10-24 02:15:00,hum,57.0,59.727984378068854,1,1,0,316.03295704081796
Dausa,2023-10-25 02:30:00,hum,54.0,58.281951010315005,1,1,0,316.03295704081796
Dausa,2023-10-26 02:00:00,hum,65.0,54.950462104222055,1,1,0,316.03295704081796
Dausa,2023-10-27 02:15:00,hum,49.0,61.4429648791228,1,1,0,316.03295704081796
Dausa,2023-10-28 02:00:00,hum,44.0,54.637525449723974,1,1,0,316.03295704081796
Dausa,2023-10-29 02:45:00,hum,64.0,45.590027390169524,1,1,0,316.03295704081796
Dausa,2023-10-30 02:00:00,hum,53.0,57.2771497689685,1,1,0,316.03295704081796
Dehradun,2023-10-15 02:30:00,hum,59.0,62.09759665576857,2,1,2,278.92437221273264
Dehradun,2023-10-16 02:30:00,hum,61.0,64.0143059995072,2,1,2,278.92437221273264
Dehradun,2023-10-17 02:30:00,hum,70.0,57.752304407604626,2,1,2,278.92437221273264
Dehradun,2023-10-18 02:30:00,hum,63.0,66.52263265004629,2,1,2,278.92437221273264
Dehradun,2023-10-19 02:15:00,hum,67.0,69.20916809012755,2,1,2,278.92437221273264
Dehradun,2023-10-20 02:30:00,hum,63.0,63.808592201292825,2,1,2,278.92437221273264
Dehradun,2023-10-21 02:15:00,hum,59.0,63.212962247644555,2,1,2,278.92437221273264
Dehradun,2023-10-22 02:15:00,hum,55.0,62.167689363138535,2,1,2,278.92437221273264
Dehradun,2023-10-23 02:15:00,hum,61.0,54.51068775154915,2,1,2,278.92437221273264
Dehradun,2023-10-24 02:15:00,hum,59.0,57.5699996157125,2,1,2,278.92437221273264
Dehradun,2023-10-25 02:15:00,hum,48.0,61.68960031805335,2,1,2,278.92437221273264
Dehradun,2023-10-26 02:00:00,hum,50.0,52.42059037710521,2,1,2,278.92437221273264
Dehradun,2023-10-27 02:15:00,hum,47.0,46.47791709964204,2,1,2,278.92437221273264
Dehradun,2023-10-28 02:00:00,hum,57.0,47.530168811459816,2,1,2,278.92437221273264
Dehradun,2023-10-29 02:30:00,hum,59.0,54.5292231536923,2,1,2,278.92437221273264
Dehradun,2023-10-30 01:45:00,hum,58.0,59.241372749621405,2,1,2,278.92437221273264
Deoghar,2023-10-15 02:30:00,hum,68.0,86.14870490066119,0,0,2,309.11617576045546
Deoghar,2023-10-16 02:30:00,hum,68.0,79.82360433230792,0,0,2,309.11617576045546
Deoghar,2023-10-17 02:15:00,hum,73.0,62.04063738206854,0,0,2,309.11617576045546
Deoghar,2023-10-18 02:30:00,hum,73.0,89.61815604066857,0,0,2,309.11617576045546
Deoghar,2023-10-19 02:15:00,hum,78.0,77.35903056145354,0,0,2,309.11617576045546
Deoghar,2023-10-20 02:30:00,hum,68.0,77.53671089378392,0,0,2,309.11617576045546
Deoghar,2023-10-21 02:15:00,hum,65.0,76.57846726337463,0,0,2,309.11617576045546
Deoghar,2023-10-22 02:15:00,hum,61.0,68.17800771860377,0,0,2,309.11617576045546
Deoghar,2023-10-23 02:00:00,hum,61.0,69.91907756286777,0,0,2,309.11617576045546
Deoghar,2023-10-24 02:15:00,hum,75.0,70.54548211988167,0,0,2,309.11617576045546
Deoghar,2023-10-25 02:15:00,hum,75.0,81.40830962042521,0,0,2,309.11617576045546
Deoghar,2023-10-26 02:00:00,hum,70.0,79.32850727078333,0,0,2,309.11617576045546
Deoghar,2023-10-27 02:15:00,hum,56.0,68.90586870718172,0,0,2,309.11617576045546
Deoghar,2023-10-28 02:00:00,hum,57.0,62.70292051349035,0,0,2,309.11617576045546
Deoghar,2023-10-29 02:30:00,hum,55.0,66.86038069508272,0,0,2,309.11617576045546
Deoghar,2023-10-30 01:45:00,hum,63.0,65.45517090579347,0,0,2,309.11617576045546
Deoria,2023-10-15 02:30:00,hum,63.0,61.0,0,1,0,308.2827258476068
Deoria,2023-10-16 02:30:00,hum,73.0,63.0,0,1,0,308.2827258476068
Deoria,2023-10-17 02:30:00,hum,85.0,73.0,0,1,0,308.2827258476068
Deoria,2023-10-18 02:30:00,hum,71.0,85.0,0,1,0,308.2827258476068
Deoria,2023-10-19 02:30:00,hum,64.0,71.0,0,1,0,308.2827258476068
Deoria,2023-10-20 02:30:00,hum,55.0,64.0,0,1,0,308.2827258476068
Deoria,2023-10-21 02:15:00,hum,58.0,55.0,0,1,0,308.2827258476068
Deoria,2023-10-22 02:30:00,hum,57.0,58.0,0,1,0,308.2827258476068
Deoria,2023-10-23 02:15:00,hum,58.0,57.0,0,1,0,308.2827258476068
Deoria,2023-10-24 02:15:00,hum,63.0,58.0,0,1,0,308.2827258476068
Deoria,2023-10-25 02:30:00,hum,63.0,63.0,0,1,0,308.2827258476068
Deoria,2023-10-26 02:00:00,hum,69.0,63.0,0,1,0,308.2827258476068
Deoria,2023-10-27 02:30:00,hum,57.0,69.0,0,1,0,308.2827258476068
Deoria,2023-10-28 02:00:00,hum,52.0,56.99999999999999,0,1,0,308.2827258476068
Deoria,2023-10-29 02:45:00,hum,53.0,52.0,0,1,0,308.2827258476068
Deoria,2023-10-30 02:00:00,hum,54.0,53.0,0,1,0,308.2827258476068
Dewas,2023-10-15 02:30:00,hum,50.0,58.825444639999624,0,1,1,305.63490102303365
Dewas,2023-10-16 02:30:00,hum,60.0,52.054243913551105,0,1,1,305.63490102303365
Dewas,2023-10-17 02:15:00,hum,66.0,57.63746217317817,0,1,1,305.63490102303365
Dewas,2023-10-18 02:15:00,hum,64.0,63.417317506703505,0,1,1,305.63490102303365
Dewas,2023-10-19 02:15:00,hum,58.0,63.82710664442873,0,1,1,305.63490102303365
Dewas,2023-10-20 02:15:00,hum,60.0,59.83687844414454,0,1,1,305.63490102303365
Dewas,2023-10-21 02:00:00,hum,55.0,59.94899283725767,0,1,1,305.63490102303365
Dewas,2023-10-22 02:15:00,hum,53.0,56.55614926763107,0,1,1,305.63490102303365
Dewas,2023-10-23 02:00:00,hum,65.0,54.07573065029569,0,1,1,305.63490102303365
Dewas,2023-10-24 02:15:00,hum,43.0,61.41610555247852,0,1,1,305.63490102303365
Dewas,2023-10-25 02:15:00,hum,43.0,50.071546518138,0,1,1,305.63490102303365
Dewas,2023-10-26 02:00:00,hum,46.0,45.329254439759836,0,1,1,305.63490102303365
Dewas,2023-10-27 02:15:00,hum,35.0,45.77076524796068,0,1,1,305.63490102303365
Dewas,2023-10-28 02:00:00,hum,49.0,38.73538464862033,0,1,1,305.63490102303365
Dewas,2023-10-29 02:30:00,hum,60.0,45.21550049738532,0,1,1,305.63490102303365
Dewas,2023-10-30 01:45:00,hum,45.0,54.73544955092885,0,1,1,305.63490102303365
Dhalai,2023-10-15 02:30:00,hum,90.0,95.95056362405288,0,1,1,198.40527845386282
Dhalai,2023-10-16 02:30:00,hum,90.0,92.73783670460193,0,1,1,198.40527845386282
Dhalai,2023-10-17 02:15:00,hum,91.0,91.13266979678336,0,1,1,198.40527845386282
Dhalai,2023-10-18 02:30:00,hum,91.0,91.06606892624036,0,1,1,198.40527845386282
Dhalai,2023-10-19 02:15:00,hum,88.0,91.03669737807915,0,1,1,198.40527845386282
Dhalai,2023-10-20 02:30:00,hum,89.0,89.6499860005907,0,1,1,198.40527845386282
Dhalai,2023-10-21 02:15:00,hum,90.0,89.33433782911052,0,1,1,198.40527845386282
Dhalai,2023-10-22 02:15:00,hum,88.0,89.64472545172703,0,1,1,198.40527845386282
Dhalai,2023-10-23 02:15:00,hum,96.0,88.8923626839534,0,1,1,198.40527845386282
Dhalai,2023-10-24 02:15:00,hum,94.0,91.84812258625428,0,1,1,198.40527845386282
Dhalai,2023-10-25 02:15:00,hum,76.0,92.9286161570928,0,1,1,198.40527845386282
Dhalai,2023-10-26 02:00:00,hum,96.0,87.43109616046475,0,1,1,198.40527845386282
Dhalai,2023-10-27 02:15:00,hum,93.0,90.06400541909574,0,1,1,198.40527845386282
Dhalai,2023-10-28 02:00:00,hum,93.0,90.7258859127283,0,1,1,198.40527845386282
Dhalai,2023-10-29 02:30:00,hum,92.0,91.2248292131455,0,1,1,198.40527845386282
Dhalai,2023-10-30 01:45:00,hum,91.0,91.3961894223139,0,1,1,198.40527845386282
Dhamtari,2023-10-15 02:30:00,hum,70.0,70.3357045437261,1,1,1,249.97481040412907
Dhamtari,2023-10-16 02:30:00,hum,70.0,70.39027549567318,1,1,1,249.97481040412907
Dhamtari,2023-10-17 02:30:00,hum,71.0,69.61777158980193,1,1,1,249.97481040412907
Dhamtari,2023-10-18 02:30:00,hum,72.0,71.63537487057557,1,1,1,249.97481040412907
Dhamtari,2023-10-19 02:15:00,hum,83.0,71.63820670605986,1,1,1,249.97481040412907
Dhamtari,2023-10-20 02:30:00,hum,87.0,86.01504998771838,1,1,1,249.97481040412907
Dhamtari,2023-10-21 02:15:00,hum,86.0,84.934998912382,1,1,1,249.97481040412907
Dhamtari,2023-10-22 02:15:00,hum,71.0,87.72826066712948,1,1,1,249.97481040412907
Dhamtari,2023-10-23 02:15:00,hum,72.0,67.56760787037264,1,1,1,249.97481040412907
Dhamtari,2023-10-24 02:15:00,hum,78.0,74.20863923009891,1,1,1,249.97481040412907
Dhamtari,2023-10-25 02:15:00,hum,75.0,76.72199228724422,1,1,1,249.97481040412907
Dhamtari,2023-10-26 02:00:00,hum,68.0,75.73354440584276,1,1,1,249.97481040412907
Dhamtari,2023-10-27 02:15:00,hum,65.0,66.7258587553778,1,1,1,249.97481040412907
Dhamtari,2023-10-28 02:00:00,hum,70.0,65.40566804474471,1,1,1,249.97481040412907
Dhamtari,2023-10-29 02:30:00,hum,74.0,70.32565584659,1,1,1,249.97481040412907
Dhamtari,2023-10-30 01:45:00,hum,76.0,74.34178468647764,1,1,1,249.97481040412907
Dhanbad,2023-10-15 02:30:00,hum,66.0,65.0,0,1,0,302.08459054685727
Dhanbad,2023-10-16 02:30:00,hum,67.0,66.0,0,1,0,302.08459054685727
Dhanbad,2023-10-17 02:15:00,hum,71.0,67.0,0,1,0,302.08459054685727
Dhanbad,2023-10-18 02:30:00,hum,72.0,71.0,0,1,0,302.08459054685727
Dhanbad,2023-10-19 02:15:00,hum,76.0,72.0,0,1,0,302.08459054685727
Dhanbad,2023-10-20 02:30:00,hum,67.0,76.0,0,1,0,302.08459054685727
Dhanbad,2023-10-21 02:15:00,hum,68.0,67.0,0,1,0,302.08459054685727
Dhanbad,2023-10-22 02:15:00,hum,60.0,68.0,0,1,0,302.08459054685727
Dhanbad,2023-10-23 02:00:00,hum,61.0,60.00000000000001,0,1,0,302.08459054685727
Dhanbad,2023-10-24 02:15:00,hum,68.0,60.99999999999999,0,1,0,302.08459054685727
Dhanbad,2023-10-25 02:15:00,hum,71.0,68.0,0,1,0,302.08459054685727
Dhanbad,2023-10-26 02:00:00,hum,62.0,71.0,0,1,0,302.08459054685727
Dhanbad,2023-10-27 02:15:00,hum,54.0,62.00000000000001,0,1,0,302.08459054685727
Dhanbad,2023-10-28 02:00:00,hum,55.0,54.0,0,1,0,302.08459054685727
Dhanbad,2023-10-29 02:30:00,hum,62.0,55.0,0,1,0,302.08459054685727
Dhanbad,2023-10-30 01:45:00,hum,62.0,62.0,0,1,0,302.08459054685727
Dhar,2023-10-15 02:30:00,hum,54.0,57.4488132176967,1,1,0,307.1979785329133
Dhar,2023-10-16 02:30:00,hum,64.0,54.0,1,1,0,307.1979785329133
Dhar,2023-10-17 02:15:00,hum,65.0,60.66955511502217,1,1,0,307.1979785329133
Dhar,2023-10-18 02:15:00,hum,63.0,64.68124885402436,1,1,0,307.1979785329133
Dhar,2023-10-19 02:15:00,hum,55.0,63.638887863107314,1,1,0,307.1979785329133
Dhar,2023-10-20 02:15:00,hum,54.0,57.50927730905099,1,1,0,307.1979785329133
Dhar,2023-10-21 02:00:00,hum,57.0,54.3046213999029,1,1,0,307.1979785329133
Dhar,2023-10-22 02:15:00,hum,57.0,56.083193868474574,1,1,0,307.1979785329133
Dhar,2023-10-23 02:00:00,hum,65.0,57.0,1,1,0,307.1979785329133
Dhar,2023-10-24 02:15:00,hum,42.0,62.56160629185038,1,1,0,307.1979785329133
Dhar,2023-10-25 02:15:00,hum,40.0,50.19258592379343,1,1,0,307.1979785329133
Dhar,2023-10-26 02:00:00,hum,46.0,40.58503986740606,1,1,0,307.1979785329133
Dhar,2023-10-27 02:15:00,hum,33.0,44.22694460523205,1,1,0,307.1979785329133
Dhar,2023-10-28 02:00:00,hum,49.0,37.07555034984854,1,1,0,307.1979785329133
Dhar,2023-10-29 02:30:00,hum,60.0,43.34955098543262,1,1,0,307.1979785329133
Dhar,2023-10-30 01:45:00,hum,42.0,56.82375790257512,1,1,0,307.1979785329133
Dharmanagar,2023-10-15 02:30:00,hum,92.0,90.44648846715927,1,1,1,256.2606066566275
Dharmanagar,2023-10-16 02:30:00,hum,93.0,93.3182665083943,1,1,1,256.2606066566275
Dharmanagar,2023-10-16 02:30:00,hum,94.0,93.95957004890357,1,1,1,256.2606066566275
Dharmanagar,2023-10-17 02:15:00,hum,89.0,94.61807454990878,1,1,1,256.2606066566275
Dharmanagar,2023-10-18 02:30:00,hum,87.0,90.94721587951518,1,1,1,256.2606066566275
Dharmanagar,2023-10-18 02:30:00,hum,88.0,88.72768613946455,1,1,1,256.2606066566275
Dharmanagar,2023-10-19 02:15:00,hum,89.0,89.17699520795554,1,1,1,256.2606066566275
Dharmanagar,2023-10-20 02:30:00,hum,93.0,89.75920667337107,1,1,1,256.2606066566275
Dharmanagar,2023-10-20 02:30:00,hum,94.0,93.18159115875713,1,1,1,256.2606066566275
Dharmanagar,2023-10-21 02:15:00,hum,93.0,94.10688546975418,1,1,1,256.2606066566275
Dharmanagar,2023-10-22 02:15:00,hum,89.0,93.17857089932451,1,1,1,256.2606066566275
Dharmanagar,2023-10-23 02:15:00,hum,96.0,89.94497474329988,1,1,1,256.2606066566275
Dharmanagar,2023-10-24 02:15:00,hum,96.0,95.25593778167176,1,1,1,256.2606066566275
Dharmanagar,2023-10-25 02:15:00,hum,84.0,95.43080749973701,1,1,1,256.2606066566275
Dharmanagar,2023-10-26 02:00:00,hum,98.0,87.19259914839351,1,1,1,256.2606066566275
Dharmanagar,2023-10-27 02:15:00,hum,97.0,94.65355709303132,1,1,1,256.2606066566275
Dharmanagar,2023-10-28 02:00:00,hum,93.0,94.8172715448492,1,1,1,256.2606066566275
Dharmanagar,2023-10-29 02:30:00,hum,84.0,92.99283052949237,1,1,1,256.2606066566275
Dharmanagar,2023-10-30 01:45:00,hum,88.0,88.4159197385067,1,1,1,256.2606066566275
Dharmapuri,2023-10-15 02:30:00,hum,85.0,82.63674146993291,1,1,1,283.2399823276476
Dharmapuri,2023-10-16 02:30:00,hum,88.0,83.80936144344366,1,1,1,283.2399823276476
Dharmapuri,2023-10-17 02:30:00,hum,97.0,85.63678506578188,1,1,1,283.2399823276476
Dharmapuri,2023-10-18 02:30:00,hum,86.0,91.43362253016778,1,1,1,283.2399823276476
Dharmapuri,2023-10-19 02:30:00,hum,85.0,85.31428681381358,1,1,1,283.2399823276476
Dharmapuri,2023-10-20 02:30:00,hum,90.0,84.80805710738629,1,1,1,283.2399823276476
Dharmapuri,2023-10-21 02:15:00,hum,91.0,87.67222591211922,1,1,1,283.2399823276476
Dharmapuri,2023-10-22 02:30:00,hum,84.0,88.53641375853351,1,1,1,283.2399823276476
Dharmapuri,2023-10-23 02:15:00,hum,83.0,84.8274229573891,1,1,1,283.2399823276476
Dharmapuri,2023-10-24 02:15:00,hum,50.0,84.15821662409572,1,1,1,283.2399823276476
Dharmapuri,2023-10-25 02:30:00,hum,60.0,63.721925928940536,1,1,1,283.2399823276476
Dharmapuri,2023-10-26 02:00:00,hum,75.0,68.30256068056981,1,1,1,283.2399823276476
Dharmapuri,2023-10-27 02:30:00,hum,87.0,77.66481615908924,1,1,1,283.2399823276476
Dharmapuri,2023-10-28 02:00:00,hum,93.0,84.36812572750893,1,1,1,283.2399823276476
Dharmapuri,2023-10-29 02:45:00,hum,90.0,87.87698593113247,1,1,1,283.2399823276476
Dharmapuri,2023-10-30 02:00:00,hum,97.0,86.31472080898456,1,1,1,283.2399823276476
Dharwad,2023-10-15 02:30:00,hum,63.0,57.286747458795716,1,1,2,270.587930680754
Dharwad,2023-10-16 02:30:00,hum,69.0,62.553961560342756,1,1,2,270.587930680754
Dharwad,2023-10-17 02:30:00,hum,61.0,65.83624756346944,1,1,2,270.587930680754
Dharwad,2023-10-18 02:30:00,hum,59.0,62.37587798047887,1,1,2,270.587930680754
Dharwad,2023-10-19 02:15:00,hum,52.0,60.753073834858284,1,1,2,270.587930680754
Dharwad,2023-10-20 02:30:00,hum,53.0,54.35068061956805,1,1,2,270.587930680754
Dharwad,2023-10-21 02:15:00,hum,58.0,54.727007907957656,1,1,2,270.587930680754
Dharwad,2023-10-22 02:15:00,hum,48.0,56.44751917526887,1,1,2,270.587930680754
Dharwad,2023-10-23 02:15:00,hum,50.0,50.158067161416305,1,1,2,270.587930680754
Dharwad,2023-10-24 02:15:00,hum,45.0,51.56781621202507,1,1,2,270.587930680754
Dharwad,2023-10-25 02:15:00,hum,49.0,45.85358867542896,1,1,2,270.587930680754
Dharwad,2023-10-26 02:00:00,hum,50.0,49.60000196560734,1,1,2,270.587930680754
Dharwad,2023-10-27 02:15:00,hum,49.0,48.429021988211,1,1,2,270.587930680754
Dharwad,2023-10-28 02:00:00,hum,44.0,49.794679259194595,1,1,2,270.587930680754
Dharwad,2023-10-29 02:45:00,hum,61.0,45.03302142428946,1,1,2,270.587930680754
Dharwad,2023-10-30 02:00:00,hum,73.0,56.33707316581379,1,1,2,270.587930680754
Dhaulpur,2023-10-15 02:30:00,hum,39.0,42.0,0,1,0,319.67576284948746
Dhaulpur,2023-10-16 02:30:00,hum,41.0,39.0,0,1,0,319.67576284948746
Dhaulpur,2023-10-17 02:30:00,hum,79.0,41.0,0,1,0,319.67576284948746
Dhaulpur,2023-10-18 02:30:00,hum,63.0,79.0,0,1,0,319.67576284948746
Dhaulpur,2023-10-19 02:30:00,hum,46.0,63.0,0,1,0,319.67576284948746
Dhaulpur,2023-10-20 02:30:00,hum,43.0,46.0,0,1,0,319.67576284948746
Dhaulpur,2023-10-21 02:30:00,hum,45.0,43.0,0,1,0,319.67576284948746
Dhaulpur,2023-10-22 02:30:00,hum,47.0,45.0,0,1,0,319.67576284948746
Dhaulpur,2023-10-23 02:15:00,hum,39.0,47.0,0,1,0,319.67576284948746
Dhaulpur,2023-10-24 02:15:00,hum,42.0,39.0,0,1,0,319.67576284948746
Dhaulpur,2023-10-25 02:30:00,hum,44.0,42.0,0,1,0,319.67576284948746
Dhaulpur,2023-10-26 02:00:00,hum,39.0,44.0,0,1,0,319.67576284948746
Dhaulpur,2023-10-27 02:30:00,hum,30.0,39.0,0,1,0,319.67576284948746
Dhaulpur,2023-10-28 02:00:00,hum,30.0,30.0,0,1,0,319.67576284948746
Dhaulpur,2023-10-29 02:45:00,hum,36.0,30.0,0,1,0,319.67576284948746
Dhaulpur,2023-10-30 02:00:00,hum,40.0,36.0,0,1,0,319.67576284948746
Dhemaji,2023-10-15 02:30:00,hum,96.0,96.14584995849238,1,1,1,235.01470003574315
Dhemaji,2023-10-16 02:30:00,hum,95.0,95.57694454701043,1,1,1,235.01470003574315
Dhemaji,2023-10-17 02:15:00,hum,93.0,94.9642030936545,1,1,1,235.01470003574315
Dhemaji,2023-10-18 02:30:00,hum,87.0,93.65283924162298,1,1,1,235.01470003574315
Dhemaji,2023-10-19 02:15:00,hum,93.0,89.3131551852267,1,1,1,235.01470003574315
Dhemaji,2023-10-20 02:30:00,hum,91.0,93.35812754578333,1,1,1,235.01470003574315
Dhemaji,2023-10-21 02:15:00,hum,90.0,92.0343115273817,1,1,1,235.01470003574315
Dhemaji,2023-10-22 02:15:00,hum,86.0,91.2668451293395,1,1,1,235.01470003574315
Dhemaji,2023-10-23 02:15:00,hum,83.0,88.60572858635095,1,1,1,235.01470003574315
Dhemaji,2023-10-24 02:15:00,hum,74.0,86.09875133142751,1,1,1,235.01470003574315
Dhemaji,2023-10-25 02:15:00,hum,64.0,76.55331921115504,1,1,1,235.01470003574315
Dhemaji,2023-10-26 02:00:00,hum,90.0,64.13594870252824,1,1,1,235.01470003574315
Dhemaji,2023-10-27 02:15:00,hum,96.0,90.68672394256778,1,1,1,235.01470003574315
Dhemaji,2023-10-28 02:00:00,hum,95.0,94.64854772283309,1,1,1,235.01470003574315
Dhemaji,2023-10-29 02:30:00,hum,95.0,94.0117406045059,1,1,1,235.01470003574315
Dhemaji,2023-10-30 01:45:00,hum,90.0,94.0303176379724,1,1,1,235.01470003574315
Dhenkanal,2023-10-15 02:30:00,hum,84.0,86.36659165691836,0,1,1,268.13077186962056
Dhenkanal,2023-10-16 02:30:00,hum,89.0,85.71885716149767,0,1,1,268.13077186962056
Dhenkanal,2023-10-17 02:30:00,hum,89.0,86.59366055157948,0,1,1,268.13077186962056
Dhenkanal,2023-10-18 02:30:00,hum,94.0,87.1824260499097,0,1,1,268.13077186962056
Dhenkanal,2023-10-19 02:30:00,hum,89.0,88.85605049603636,0,1,1,268.13077186962056
Dhenkanal,2023-10-20 02:30:00,hum,94.0,88.89240832475176,0,1,1,268.13077186962056
Dhenkanal,2023-10-21 02:15:00,hum,89.0,90.36011650031591,0,1,1,268.13077186962056
Dhenkanal,2023-10-22 02:30:00,hum,83.0,89.9388890101569,0,1,1,268.13077186962056
Dhenkanal,2023-10-23 02:15:00,hum,79.0,88.21367780116657,0,1,1,268.13077186962056
Dhenkanal,2023-10-24 02:15:00,hum,89.0,85.91015630635123,0,1,1,268.13077186962056
Dhenkanal,2023-10-25 02:15:00,hum,94.0,86.80221035356375,0,1,1,268.13077186962056
Dhenkanal,2023-10-26 02:00:00,hum,94.0,88.34836722583685,0,1,1,268.13077186962056
Dhenkanal,2023-10-27 02:15:00,hum,83.0,89.5491346975085,0,1,1,268.13077186962056
Dhenkanal,2023-10-28 02:00:00,hum,60.0,88.1842660837023,0,1,1,268.13077186962056
Dhenkanal,2023-10-29 02:45:00,hum,83.0,82.41283721718116,0,1,1,268.13077186962056
Dhenkanal,2023-10-30 02:00:00,hum,88.0,82.66355071327725,0,1,1,268.13077186962056
Dhubri,2023-10-15 02:30:00,hum,84.0,80.0,0,1,0,259.3240566184936
Dhubri,2023-10-16 02:30:00,hum,83.0,84.0,0,1,0,259.3240566184936
Dhubri,2023-10-17 02:15:00,hum,87.0,83.0,0,1,0,259.3240566184936
Dhubri,2023-10-18 02:30:00,hum,85.0,87.0,0,1,0,259.3240566184936
Dhubri,2023-10-19 02:15:00,hum,87.0,85.0,0,1,0,259.3240566184936
Dhubri,2023-10-20 02:30:00,hum,85.0,87.0,0,1,0,259.3240566184936
Dhubri,2023-10-21 02:15:00,hum,86.0,85.0,0,1,0,259.3240566184936
Dhubri,2023-10-22 02:15:00,hum,84.0,86.0,0,1,0,259.3240566184936
Dhubri,2023-10-23 02:15:00,hum,84.0,84.0,0,1,0,259.3240566184936
Dhubri,2023-10-24 02:15:00,hum,83.0,84.0,0,1,0,259.3240566184936
Dhubri,2023-10-25 02:15:00,hum,77.0,83.0,0,1,0,259.3240566184936
Dhubri,2023-10-26 02:00:00,hum,79.0,77.0,0,1,0,259.3240566184936
Dhubri,2023-10-27 02:15:00,hum,84.0,79.0,0,1,0,259.3240566184936
Dhubri,2023-10-28 02:00:00,hum,83.0,84.0,0,1,0,259.3240566184936
Dhubri,2023-10-29 02:30:00,hum,78.0,83.0,0,1,0,259.3240566184936
Dhubri,2023-10-30 01:45:00,hum,84.0,78.0,0,1,0,259.3240566184936
Dhule,2023-10-15 02:30:00,hum,49.0,45.0,0,1,0,268.57705459733626
Dhule,2023-10-16 02:30:00,hum,53.0,49.0,0,1,0,268.57705459733626
Dhule,2023-10-17 02:30:00,hum,56.0,53.0,0,1,0,268.57705459733626
Dhule,2023-10-18 02:30:00,hum,57.0,56.0,0,1,0,268.57705459733626
Dhule,2023-10-19 02:30:00,hum,49.0,57.0,0,1,0,268.57705459733626
Dhule,2023-10-20 02:30:00,hum,48.0,49.0,0,1,0,268.57705459733626
Dhule,2023-10-21 02:15:00,hum,52.0,48.0,0,1,0,268.57705459733626
Dhule,2023-10-22 02:30:00,hum,48.0,52.0,0,1,0,268.57705459733626
Dhule,2023-10-23 02:15:00,hum,43.0,48.0,0,1,0,268.57705459733626
Dhule,2023-10-24 02:15:00,hum,44.0,43.0,0,1,0,268.57705459733626
Dhule,2023-10-25 02:15:00,hum,46.0,44.0,0,1,0,268.57705459733626
Dhule,2023-10-26 02:00:00,hum,41.0,46.0,0,1,0,268.57705459733626
Dhule,2023-10-27 02:15:00,hum,42.0,41.0,0,1,0,268.57705459733626
Dhule,2023-10-28 02:00:00,hum,39.0,42.0,0,1,0,268.57705459733626
Dhule,2023-10-29 02:45:00,hum,42.0,39.0,0,1,0,268.57705459733626
Dhule,2023-10-30 02:00:00,hum,43.0,42.0,0,1,0,268.57705459733626
Dibrugarh,2023-10-15 02:30:00,hum,96.0,95.98032976004258,1,1,1,246.6892359888685
Dibrugarh,2023-10-16 02:30:00,hum,95.0,95.53900364751796,1,1,1,246.6892359888685
Dibrugarh,2023-10-17 02:15:00,hum,93.0,95.03705430176046,1,1,1,246.6892359888685
Dibrugarh,2023-10-18 02:30:00,hum,87.0,93.93030330099188,1,1,1,246.6892359888685
Dibrugarh,2023-10-19 02:15:00,hum,93.0,90.26137450156212,1,1,1,246.6892359888685
Dibrugarh,2023-10-20 02:30:00,hum,91.0,93.5106889875345,1,1,1,246.6892359888685
Dibrugarh,2023-10-21 02:15:00,hum,90.0,92.38753078092357,1,1,1,246.6892359888685
Dibrugarh,2023-10-22 02:15:00,hum,86.0,91.70148140537877,1,1,1,246.6892359888685
Dibrugarh,2023-10-23 02:15:00,hum,83.0,89.21667173943771,1,1,1,246.6892359888685
Dibrugarh,2023-10-24 02:15:00,hum,74.0,86.97663113460932,1,1,1,246.6892359888685
Dibrugarh,2023-10-25 02:15:00,hum,64.0,77.96911925395943,1,1,1,246.6892359888685
Dibrugarh,2023-10-26 02:00:00,hum,90.0,64.6991696599271,1,1,1,246.6892359888685
Dibrugarh,2023-10-27 02:15:00,hum,96.0,90.73410692037332,1,1,1,246.6892359888685
Dibrugarh,2023-10-28 02:00:00,hum,95.0,94.48298916836858,1,1,1,246.6892359888685
Dibrugarh,2023-10-29 02:30:00,hum,95.0,93.88561461441137,1,1,1,246.6892359888685
Dibrugarh,2023-10-30 01:45:00,hum,90.0,93.90691758876784,1,1,1,246.6892359888685
Dimapur,2023-10-15 02:30:00,hum,93.0,95.35978451954837,1,1,1,245.8863957313067
Dimapur,2023-10-16 02:30:00,hum,93.0,94.19130197155978,1,1,1,245.8863957313067
Dimapur,2023-10-17 02:15:00,hum,90.0,94.05303673078863,1,1,1,245.8863957313067
Dimapur,2023-10-18 02:30:00,hum,89.0,92.33382006153293,1,1,1,245.8863957313067
Dimapur,2023-10-19 02:15:00,hum,95.0,91.64125015526359,1,1,1,245.8863957313067
Dimapur,2023-10-20 02:30:00,hum,91.0,94.83592735288806,1,1,1,245.8863957313067
Dimapur,2023-10-21 02:15:00,hum,90.0,92.77673789145237,1,1,1,245.8863957313067
Dimapur,2023-10-22 02:15:00,hum,88.0,92.1701221927228,1,1,1,245.8863957313067
Dimapur,2023-10-23 02:15:00,hum,89.0,90.92178323135771,1,1,1,245.8863957313067
Dimapur,2023-10-24 02:15:00,hum,92.0,91.34293890867744,1,1,1,245.8863957313067
Dimapur,2023-10-25 02:15:00,hum,92.0,93.00644178723927,1,1,1,245.8863957313067
Dimapur,2023-10-26 02:00:00,hum,97.0,92.98410522271986,1,1,1,245.8863957313067
Dimapur,2023-10-27 02:15:00,hum,97.0,95.75056234570168,1,1,1,245.8863957313067
Dimapur,2023-10-28 02:00:00,hum,90.0,95.78094693359337,1,1,1,245.8863957313067
Dimapur,2023-10-29 02:30:00,hum,90.0,91.98676571571136,1,1,1,245.8863957313067
Dimapur,2023-10-30 01:45:00,hum,90.0,91.91679888782656,1,1,1,245.8863957313067
Dindigul,2023-10-15 02:30:00,hum,86.0,87.76248438275042,1,1,1,266.1277252358118
Dindigul,2023-10-16 02:30:00,hum,84.0,85.88200327255069,1,1,1,266.1277252358118
Dindigul,2023-10-17 02:30:00,hum,94.0,84.51743750347222,1,1,1,266.1277252358118
Dindigul,2023-10-18 02:30:00,hum,94.0,90.91001770114494,1,1,1,266.1277252358118
Dindigul,2023-10-19 02:30:00,hum,83.0,91.43508473595026,1,1,1,266.1277252358118
Dindigul,2023-10-20 02:30:00,hum,85.0,84.84587384013528,1,1,1,266.1277252358118
Dindigul,2023-10-21 02:15:00,hum,94.0,85.83354753101956,1,1,1,266.1277252358118
Dindigul,2023-10-22 02:30:00,hum,89.0,91.00016952657039,1,1,1,266.1277252358118
Dindigul,2023-10-23 02:15:00,hum,89.0,88.53851300311057,1,1,1,266.1277252358118
Dindigul,2023-10-24 02:15:00,hum,82.0,88.59942903920023,1,1,1,266.1277252358118
Dindigul,2023-10-25 02:30:00,hum,86.0,84.66033236007816,1,1,1,266.1277252358118
Dindigul,2023-10-26 02:00:00,hum,85.0,86.61985757140144,1,1,1,266.1277252358118
Dindigul,2023-10-27 02:30:00,hum,86.0,85.99654559812214,1,1,1,266.1277252358118
Dindigul,2023-10-28 02:00:00,hum,79.0,86.43937058595046,1,1,1,266.1277252358118
Dindigul,2023-10-29 02:45:00,hum,89.0,82.50770366501416,1,1,1,266.1277252358118
Dindigul,2023-10-30 02:00:00,hum,94.0,87.58735572327726,1,1,1,266.1277252358118
Dindori,2023-10-15 02:30:00,hum,67.0,68.1670763320865,1,1,2,315.62850636794064
Dindori,2023-10-16 02:30:00,hum,66.0,70.14910604252312,1,1,2,315.62850636794064
Dindori,2023-10-17 02:15:00,hum,74.0,65.8027426415827,1,1,2,315.62850636794064
Dindori,2023-10-18 02:15:00,hum,81.0,74.97555926350432,1,1,2,315.62850636794064
Dindori,2023-10-19 02:15:00,hum,81.0,74.49354239762218,1,1,2,315.62850636794064
Dindori,2023-10-20 02:15:00,hum,80.0,79.27688368819203,1,1,2,315.62850636794064
Dindori,2023-10-21 02:00:00,hum,62.0,76.81738496091025,1,1,2,315.62850636794064
Dindori,2023-10-22 02:15:00,hum,65.0,65.9493055244787,1,1,2,315.62850636794064
Dindori,2023-10-23 02:00:00,hum,64.0,72.57898468556421,1,1,2,315.62850636794064
Dindori,2023-10-24 02:15:00,hum,67.0,62.41492607102494,1,1,2,315.62850636794064
Dindori,2023-10-25 02:15:00,hum,69.0,72.27633119071756,1,1,2,315.62850636794064
Dindori,2023-10-26 02:00:00,hum,62.0,64.16384449035667,1,1,2,315.62850636794064
Dindori,2023-10-27 02:15:00,hum,60.0,66.8008169330516,1,1,2,315.62850636794064
Dindori,2023-10-28 02:00:00,hum,60.0,60.01039552075212,1,1,2,315.62850636794064
Dindori,2023-10-29 02:30:00,hum,59.0,64.16375506815518,1,1,2,315.62850636794064
Dindori,2023-10-30 01:45:00,hum,65.0,57.658158370185475,1,1,2,315.62850636794064
Diu,2023-10-15 02:30:00,hum,70.0,82.29588926347957,1,1,0,226.69333188560915
Diu,2023-10-16 02:30:00,hum,81.0,75.20354091745223,1,1,0,226.69333188560915
Diu,2023-10-17 02:15:00,hum,77.0,75.34016169969087,1,1,0,226.69333188560915
Diu,2023-10-18 02:15:00,hum,74.0,78.96552766301531,1,1,0,226.69333188560915
Diu,2023-10-19 02:15:00,hum,64.0,75.39877713024478,1,1,0,226.69333188560915
Diu,2023-10-20 02:30:00,hum,51.0,68.22182107878092,1,1,0,226.69333188560915
Diu,2023-10-21 02:15:00,hum,72.0,53.98622247702822,1,1,0,226.69333188560915
Diu,2023-10-22 02:15:00,hum,69.0,62.66707003999503,1,1,0,226.69333188560915
Diu,2023-10-23 02:00:00,hum,63.0,70.07261213961313,1,1,0,226.69333188560915
Diu,2023-10-24 02:15:00,hum,65.0,65.06159888226163,1,1,0,226.69333188560915
Diu,2023-10-25 02:15:00,hum,70.0,64.31303673194421,1,1,0,226.69333188560915
Diu,2023-10-26 02:00:00,hum,65.0,68.31886642399131,1,1,0,226.69333188560915
Diu,2023-10-27 02:15:00,hum,69.0,66.73331024244439,1,1,0,226.69333188560915
Diu,2023-10-28 02:00:00,hum,69.0,67.58511015636257,1,1,0,226.69333188560915
Diu,2023-10-29 02:30:00,hum,61.0,69.0,1,1,0,226.69333188560915
Diu,2023-10-30 01:45:00,hum,63.0,63.80163115505336,1,1,0,226.69333188560915
Doda,2023-10-15 02:30:00,hum,64.0,52.95180403990813,2,1,1,315.51031602005577
Doda,2023-10-16 02:30:00,hum,56.0,63.00789947062399,2,1,1,315.51031602005577
Doda,2023-10-17 02:15:00,hum,79.0,52.411136498844655,2,1,1,315.51031602005577
Doda,2023-10-18 02:15:00,hum,73.0,77.5285471618727,2,1,1,315.51031602005577
Doda,2023-10-19 02:15:00,hum,68.0,66.93022833924317,2,1,1,315.51031602005577
Doda,2023-10-20 02:15:00,hum,67.0,65.68734502859142,2,1,1,315.51031602005577
Doda,2023-10-21 02:15:00,hum,63.0,66.64010769195137,2,1,1,315.51031602005577
Doda,2023-10-22 02:15:00,hum,62.0,63.270915610639605,2,1,1,315.51031602005577
Doda,2023-10-23 02:00:00,hum,71.0,63.1282017241013,2,1,1,315.51031602005577
Doda,2023-10-24 02:15:00,hum,61.0,71.16348923183705,2,1,1,315.51031602005577
Doda,2023-10-25 02:15:00,hum,51.0,60.36934127518249,2,1,1,315.51031602005577
Doda,2023-10-26 02:00:00,hum,50.0,53.68300484692069,2,1,1,315.51031602005577
Doda,2023-10-27 02:15:00,hum,50.0,54.12979157317971,2,1,1,315.51031602005577
Doda,2023-10-28 02:00:00,hum,52.0,53.03040919683715,2,1,1,315.51031602005577
Doda,2023-10-29 02:30:00,hum,50.0,53.945779839741135,2,1,1,315.51031602005577
Doda,2023-10-30 01:45:00,hum,46.0,51.04289325339426,2,1,1,315.51031602005577
Dohad,2023-10-15 02:30:00,hum,57.0,53.0,0,1,0,281.07506560030566
Dohad,2023-10-16 02:30:00,hum,64.0,57.0,0,1,0,281.07506560030566
Dohad,2023-10-17 02:15:00,hum,58.0,64.0,0,1,0,281.07506560030566
Dohad,2023-10-18 02:15:00,hum,59.0,58.0,0,1,0,281.07506560030566
Dohad,2023-10-19 02:15:00,hum,58.0,59.0,0,1,0,281.07506560030566
Dohad,2023-10-20 02:30:00,hum,49.0,58.0,0,1,0,281.07506560030566
Dohad,2023-10-21 02:15:00,hum,54.0,49.0,0,1,0,281.07506560030566
Dohad,2023-10-22 02:15:00,hum,54.0,54.0,0,1,0,281.07506560030566
Dohad,2023-10-23 02:00:00,hum,41.0,54.0,0,1,0,281.07506560030566
Dohad,2023-10-24 02:15:00,hum,37.0,41.0,0,1,0,281.07506560030566
Dohad,2023-10-25 02:15:00,hum,39.0,37.0,0,1,0,281.07506560030566
Dohad,2023-10-26 02:00:00,hum,33.0,39.0,0,1,0,281.07506560030566
Dohad,2023-10-27 02:15:00,hum,32.0,33.0,0,1,0,281.07506560030566
Dohad,2023-10-28 02:00:00,hum,36.0,32.0,0,1,0,281.07506560030566
Dohad,2023-10-29 02:30:00,hum,36.0,36.0,0,1,0,281.07506560030566
Dohad,2023-10-30 01:45:00,hum,36.0,36.0,0,1,0,281.07506560030566
Dumka,2023-10-15 02:30:00,hum,70.0,65.0,0,1,0,304.2135979310949
Dumka,2023-10-16 02:30:00,hum,69.0,70.0,0,1,0,304.2135979310949
Dumka,2023-10-17 02:15:00,hum,75.0,69.0,0,1,0,304.2135979310949
Dumka,2023-10-18 02:30:00,hum,76.0,75.0,0,1,0,304.2135979310949
Dumka,2023-10-19 02:15:00,hum,79.0,76.0,0,1,0,304.2135979310949
Dumka,2023-10-20 02:30:00,hum,69.0,79.0,0,1,0,304.2135979310949
Dumka,2023-10-21 02:15:00,hum,71.0,69.0,0,1,0,304.2135979310949
Dumka,2023-10-22 02:15:00,hum,66.0,71.0,0,1,0,304.2135979310949
Dumka,2023-10-23 02:00:00,hum,68.0,66.0,0,1,0,304.2135979310949
Dumka,2023-10-24 02:15:00,hum,81.0,68.0,0,1,0,304.2135979310949
Dumka,2023-10-25 02:15:00,hum,88.0,81.0,0,1,0,304.2135979310949
Dumka,2023-10-26 02:00:00,hum,79.0,88.0,0,1,0,304.2135979310949
Dumka,2023-10-27 02:15:00,hum,61.0,79.0,0,1,0,304.2135979310949
Dumka,2023-10-28 02:00:00,hum,58.0,61.00000000000001,0,1,0,304.2135979310949
Dumka,2023-10-29 02:30:00,hum,58.0,58.0,0,1,0,304.2135979310949
Dumka,2023-10-30 01:45:00,hum,64.0,58.0,0,1,0,304.2135979310949
Dungarpur,2023-10-15 02:30:00,hum,48.0,46.0,0,1,0,297.05335986431896
Dungarpur,2023-10-16 02:30:00,hum,56.0,48.0,0,1,0,297.05335986431896
Dungarpur,2023-10-17 02:30:00,hum,47.0,56.0,0,1,0,297.05335986431896
Dungarpur,2023-10-18 02:30:00,hum,53.0,47.0,0,1,0,297.05335986431896
Dungarpur,2023-10-19 02:30:00,hum,48.0,53.0,0,1,0,297.05335986431896
Dungarpur,2023-10-20 02:30:00,hum,46.0,48.0,0,1,0,297.05335986431896
Dungarpur,2023-10-21 02:15:00,hum,45.0,46.0,0,1,0,297.05335986431896
Dungarpur,2023-10-22 02:30:00,hum,35.0,45.0,0,1,0,297.05335986431896
Dungarpur,2023-10-23 02:15:00,hum,37.0,35.0,0,1,0,297.05335986431896
Dungarpur,2023-10-24 02:15:00,hum,36.0,37.0,0,1,0,297.05335986431896
Dungarpur,2023-10-25 02:30:00,hum,33.0,36.0,0,1,0,297.05335986431896
Dungarpur,2023-10-26 02:00:00,hum,31.0,33.0,0,1,0,297.05335986431896
Dungarpur,2023-10-27 02:15:00,hum,34.0,30.999999999999996,0,1,0,297.05335986431896
Dungarpur,2023-10-28 02:00:00,hum,29.0,34.0,0,1,0,297.05335986431896
Dungarpur,2023-10-29 02:45:00,hum,34.0,29.0,0,1,0,297.05335986431896
Dungarpur,2023-10-30 02:00:00,hum,38.0,34.0,0,1,0,297.05335986431896
Durg,2023-10-15 02:30:00,hum,66.0,61.69861041440892,1,1,2,288.6101224669217
Durg,2023-10-16 02:30:00,hum,67.0,65.19208602457329,1,1,2,288.6101224669217
Durg,2023-10-17 02:30:00,hum,64.0,68.57145370768883,1,1,2,288.6101224669217
Durg,2023-10-18 02:30:00,hum,71.0,66.16812644161386,1,1,2,288.6101224669217
Durg,2023-10-19 02:15:00,hum,76.0,66.17759949265792,1,1,2,288.6101224669217
Durg,2023-10-20 02:30:00,hum,81.0,75.61165896888049,1,1,2,288.6101224669217
Durg,2023-10-21 02:15:00,hum,72.0,83.17432905831838,1,1,2,288.6101224669217
Durg,2023-10-22 02:15:00,hum,64.0,77.44794424626701,1,1,2,288.6101224669217
Durg,2023-10-23 02:15:00,hum,63.0,63.99334985758903,1,1,2,288.6101224669217
Durg,2023-10-24 02:15:00,hum,63.0,60.00350396980198,1,1,2,288.6101224669217
Durg,2023-10-25 02:15:00,hum,62.0,63.00639796755493,1,1,2,288.6101224669217
Durg,2023-10-26 02:00:00,hum,57.0,62.92151314162438,1,1,2,288.6101224669217
Durg,2023-10-27 02:15:00,hum,56.0,58.44494431251603,1,1,2,288.6101224669217
Durg,2023-10-28 02:00:00,hum,60.0,54.96430763908252,1,1,2,288.6101224669217
Durg,2023-10-29 02:30:00,hum,63.0,58.29977148184732,1,1,2,288.6101224669217
Durg,2023-10-30 01:45:00,hum,66.0,63.07499721863282,1,1,2,288.6101224669217
Dwarka,2023-10-15 02:30:00,hum,69.0,73.72123811492098,0,1,1,249.82042680709998
Dwarka,2023-10-16 02:30:00,hum,72.0,71.16260631928397,0,1,1,249.82042680709998
Dwarka,2023-10-17 02:15:00,hum,72.0,71.62396377904669,0,1,1,249.82042680709998
Dwarka,2023-10-18 02:15:00,hum,79.0,71.82560341850628,0,1,1,249.82042680709998
Dwarka,2023-10-19 02:15:00,hum,81.0,75.64747319942394,0,1,1,249.82042680709998
Dwarka,2023-10-20 02:30:00,hum,78.0,79.02503893778734,0,1,1,249.82042680709998
Dwarka,2023-10-21 02:15:00,hum,77.0,78.38346415732521,0,1,1,249.82042680709998
Dwarka,2023-10-22 02:15:00,hum,68.0,77.57844003947041,0,1,1,249.82042680709998
Dwarka,2023-10-23 02:00:00,hum,77.0,71.97180391146482,0,1,1,249.82042680709998
Dwarka,2023-10-24 02:15:00,hum,79.0,74.88614626663572,0,1,1,249.82042680709998
Dwarka,2023-10-25 02:15:00,hum,77.0,76.97138747537815,0,1,1,249.82042680709998
Dwarka,2023-10-26 02:00:00,hum,75.0,76.98563218477135,0,1,1,249.82042680709998
Dwarka,2023-10-27 02:15:00,hum,75.0,75.98544467159044,0,1,1,249.82042680709998
Dwarka,2023-10-28 02:00:00,hum,73.0,75.49048860499056,0,1,1,249.82042680709998
Dwarka,2023-10-29 02:30:00,hum,73.0,74.22388665965096,0,1,1,249.82042680709998
Dwarka,2023-10-30 01:45:00,hum,70.0,73.58751657100679,0,1,1,249.82042680709998
East Godavari,2023-10-15 02:30:00,hum,84.0,86.81525236172487,2,1,1,496.4778188157089
East Godavari,2023-10-16 02:30:00,hum,80.0,83.2812976727761,2,1,1,496.4778188157089
East Godavari,2023-10-17 02:15:00,hum,73.0,81.37770498453739,2,1,1,496.4778188157089
East Godavari,2023-10-17 02:30:00,hum,73.0,73.43401778926403,2,1,1,496.4778188157089
East Godavari,2023-10-18 02:15:00,hum,79.0,74.7201890672345,2,1,1,496.4778188157089
East Godavari,2023-10-18 02:30:00,hum,79.0,76.85275264706473,2,1,1,496.4778188157089
East Godavari,2023-10-19 02:15:00,hum,92.0,79.27291441422182,2,1,1,496.4778188157089
East Godavari,2023-10-19 02:30:00,hum,92.0,90.94010397259382,2,1,1,496.4778188157089
East Godavari,2023-10-20 02:30:00,hum,90.0,89.11854641998559,2,1,1,496.4778188157089
East Godavari,2023-10-21 02:15:00,hum,87.0,92.94789048907774,2,1,1,496.4778188157089
East Godavari,2023-10-21 02:30:00,hum,87.0,84.91844807198726,2,1,1,496.4778188157089
East Godavari,2023-10-22 02:15:00,hum,82.0,89.88482030890881,2,1,1,496.4778188157089
East Godavari,2023-10-22 02:30:00,hum,82.0,79.60192850724616,2,1,1,496.4778188157089
East Godavari,2023-10-23 02:00:00,hum,85.0,85.69310360055712,2,1,1,496.4778188157089
East Godavari,2023-10-23 02:15:00,hum,85.0,81.16546147091975,2,1,1,496.4778188157089
East Godavari,2023-10-24 02:15:00,hum,76.0,87.86034321617451,2,1,1,496.4778188157089
East Godavari,2023-10-25 02:15:00,hum,80.0,74.07000447254812,2,1,1,496.4778188157089
East Godavari,2023-10-25 02:30:00,hum,80.0,83.59436307046194,2,1,1,496.4778188157089
East Godavari,2023-10-26 02:00:00,hum,83.0,75.74689825308214,2,1,1,496.4778188157089
East Godavari,2023-10-27 02:15:00,hum,84.0,82.88697328951574,2,1,1,496.4778188157089
East Godavari,2023-10-27 02:30:00,hum,84.0,83.52895297380631,2,1,1,496.4778188157089
East Godavari,2023-10-28 02:00:00,hum,92.0,83.90155065343514,2,1,1,496.4778188157089
East Godavari,2023-10-29 02:30:00,hum,83.0,87.68848967639492,2,1,1,496.4778188157089
East Godavari,2023-10-29 02:45:00,hum,83.0,86.6544203449495,2,1,1,496.4778188157089
East Godavari,2023-10-30 01:45:00,hum,78.0,82.01263969177141,2,1,1,496.4778188157089
East Godavari,2023-10-30 02:00:00,hum,78.0,79.38725698525674,2,1,1,496.4778188157089
Ernakulam,2023-10-15 02:30:00,hum,94.0,95.5554824099382,0,1,1,242.26793650979255
Ernakulam,2023-10-16 02:30:00,hum,94.0,95.48328674801326,0,1,1,242.26793650979255
Ernakulam,2023-10-17 02:30:00,hum,94.0,95.24079360718926,0,1,1,242.26793650979255
Ernakulam,2023-10-18 02:30:00,hum,94.0,95.05507985410253,0,1,1,242.26793650979255
Ernakulam,2023-10-19 02:15:00,hum,94.0,94.9094407146166,0,1,1,242.26793650979255
Ernakulam,2023-10-20 02:30:00,hum,94.0,94.79327458290118,0,1,1,242.26793650979255
Ernakulam,2023-10-21 02:15:00,hum,94.0,94.69773366043111,0,1,1,242.26793650979255
Ernakulam,2023-10-22 02:15:00,hum,94.0,94.61891866500247,0,1,1,242.26793650979255
Ernakulam,2023-10-23 02:15:00,hum,94.0,94.55228243174442,0,1,1,242.26793650979255
Ernakulam,2023-10-24 02:15:00,hum,94.0,94.49529254306995,0,1,1,242.26793650979255
Ernakulam,2023-10-25 02:15:00,hum,100.0,94.44606506205461,0,1,1,242.26793650979255
Ernakulam,2023-10-26 02:00:00,hum,100.0,94.98965026332004,0,1,1,242.26793650979255
Ernakulam,2023-10-27 02:15:00,hum,94.0,95.3633633759785,0,1,1,242.26793650979255
Ernakulam,2023-10-28 02:00:00,hum,89.0,95.2919365917833,0,1,1,242.26793650979255
Ernakulam,2023-10-29 02:30:00,hum,94.0,94.89843200260745,0,1,1,242.26793650979255
Ernakulam,2023-10-30 01:45:00,hum,94.0,94.83301958667354,0,1,1,242.26793650979255
Erode,2023-10-15 02:30:00,hum,87.0,81.2855679561239,1,1,1,268.24459573080236
Erode,2023-10-16 02:30:00,hum,78.0,85.31035761739444,1,1,1,268.24459573080236
Erode,2023-10-17 02:30:00,hum,95.0,79.40377294776418,1,1,1,268.24459573080236
Erode,2023-10-18 02:30:00,hum,90.0,89.89339844112678,1,1,1,268.24459573080236
Erode,2023-10-19 02:30:00,hum,80.0,86.95061439810026,1,1,1,268.24459573080236
Erode,2023-10-20 02:30:00,hum,81.0,80.99654217932068,1,1,1,268.24459573080236
Erode,2023-10-21 02:15:00,hum,82.0,81.557730179592,1,1,1,268.24459573080236
Erode,2023-10-22 02:30:00,hum,78.0,82.1263980137548,1,1,1,268.24459573080236
Erode,2023-10-23 02:15:00,hum,85.0,79.80949095038862,1,1,1,268.24459573080236
Erode,2023-10-24 02:15:00,hum,79.0,83.7916724840017,1,1,1,268.24459573080236
Erode,2023-10-25 02:30:00,hum,79.0,80.4464473569457,1,1,1,268.24459573080236
Erode,2023-10-26 02:00:00,hum,82.0,80.4133029423781,1,1,1,268.24459573080236
Erode,2023-10-27 02:30:00,hum,78.0,82.07074584370679,1,1,1,268.24459573080236
Erode,2023-10-28 02:00:00,hum,83.0,79.8408126405272,1,1,1,268.24459573080236
Erode,2023-10-29 02:45:00,hum,92.0,82.58969647940461,1,1,1,268.24459573080236
Erode,2023-10-30 02:00:00,hum,91.0,87.5816598831426,1,1,1,268.24459573080236
Etah,2023-10-15 02:30:00,hum,44.0,41.678252544563705,0,1,1,322.10343904642207
Etah,2023-10-16 02:30:00,hum,50.0,43.38633906675541,0,1,1,322.10343904642207
Etah,2023-10-17 02:30:00,hum,73.0,48.29921232059834,0,1,1,322.10343904642207
Etah,2023-10-18 02:30:00,hum,56.0,68.28480761222409,0,1,1,322.10343904642207
Etah,2023-10-19 02:30:00,hum,52.0,58.819275724952455,0,1,1,322.10343904642207
Etah,2023-10-20 02:30:00,hum,44.0,53.90095757937966,0,1,1,322.10343904642207
Etah,2023-10-21 02:15:00,hum,46.0,46.491647340187505,0,1,1,322.10343904642207
Etah,2023-10-22 02:30:00,hum,48.0,46.120488441451606,0,1,1,322.10343904642207
Etah,2023-10-23 02:15:00,hum,38.0,47.51937413593818,0,1,1,322.10343904642207
Etah,2023-10-24 02:15:00,hum,45.0,40.46858305324291,0,1,1,322.10343904642207
Etah,2023-10-25 02:30:00,hum,49.0,43.80057976207177,0,1,1,322.10343904642207
Etah,2023-10-26 02:00:00,hum,37.0,47.60500925261658,0,1,1,322.10343904642207
Etah,2023-10-27 02:30:00,hum,36.0,40.00103260467013,0,1,1,322.10343904642207
Etah,2023-10-28 02:00:00,hum,39.0,37.07964750352299,0,1,1,322.10343904642207
Etah,2023-10-29 02:45:00,hum,38.0,38.469826715333134,0,1,1,322.10343904642207
Etah,2023-10-30 02:00:00,hum,43.0,38.13131167632172,0,1,1,322.10343904642207
Etawah,2023-10-15 02:30:00,hum,37.0,36.0,0,1,0,315.0537868583131
Etawah,2023-10-16 02:30:00,hum,42.0,37.0,0,1,0,315.0537868583131
Etawah,2023-10-17 02:30:00,hum,74.0,42.0,0,1,0,315.0537868583131
Etawah,2023-10-18 02:30:00,hum,63.0,74.0,0,1,0,315.0537868583131
Etawah,2023-10-19 02:30:00,hum,47.0,62.99999999999999,0,1,0,315.0537868583131
Etawah,2023-10-20 02:30:00,hum,45.0,47.0,0,1,0,315.0537868583131
Etawah,2023-10-21 02:15:00,hum,46.0,45.0,0,1,0,315.0537868583131
Etawah,2023-10-22 02:30:00,hum,48.0,46.0,0,1,0,315.0537868583131
Etawah,2023-10-23 02:15:00,hum,46.0,48.0,0,1,0,315.0537868583131
Etawah,2023-10-24 02:15:00,hum,46.0,46.0,0,1,0,315.0537868583131
Etawah,2023-10-25 02:30:00,hum,49.0,46.0,0,1,0,315.0537868583131
Etawah,2023-10-26 02:00:00,hum,37.0,49.0,0,1,0,315.0537868583131
Etawah,2023-10-27 02:30:00,hum,33.0,37.0,0,1,0,315.0537868583131
Etawah,2023-10-28 02:00:00,hum,39.0,33.0,0,1,0,315.0537868583131
Etawah,2023-10-29 02:45:00,hum,33.0,39.0,0,1,0,315.0537868583131
Etawah,2023-10-30 02:00:00,hum,40.0,33.0,0,1,0,315.0537868583131
Faizabad,2023-10-15 02:30:00,hum,60.0,59.0,0,1,0,312.77422240391695
Faizabad,2023-10-16 02:30:00,hum,67.0,60.0,0,1,0,312.77422240391695
Faizabad,2023-10-17 02:30:00,hum,86.0,67.0,0,1,0,312.77422240391695
Faizabad,2023-10-18 02:30:00,hum,74.0,86.0,0,1,0,312.77422240391695
Faizabad,2023-10-19 02:30:00,hum,66.0,74.0,0,1,0,312.77422240391695
Faizabad,2023-10-20 02:30:00,hum,49.0,66.0,0,1,0,312.77422240391695
Faizabad,2023-10-21 02:15:00,hum,52.0,49.0,0,1,0,312.77422240391695
Faizabad,2023-10-22 02:30:00,hum,52.0,52.0,0,1,0,312.77422240391695
Faizabad,2023-10-23 02:15:00,hum,63.0,52.0,0,1,0,312.77422240391695
Faizabad,2023-10-24 02:15:00,hum,56.0,63.0,0,1,0,312.77422240391695
Faizabad,2023-10-25 02:30:00,hum,60.0,56.0,0,1,0,312.77422240391695
Faizabad,2023-10-26 02:00:00,hum,64.0,60.0,0,1,0,312.77422240391695
Faizabad,2023-10-27 02:30:00,hum,54.0,64.0,0,1,0,312.77422240391695
Faizabad,2023-10-28 02:00:00,hum,44.0,54.0,0,1,0,312.77422240391695
Faizabad,2023-10-29 02:45:00,hum,50.0,44.0,0,1,0,312.77422240391695
Faizabad,2023-10-30 02:00:00,hum,53.0,50.0,0,1,0,312.77422240391695
Faridabad,2023-10-15 02:30:00,hum,74.0,66.59415422539102,0,1,1,342.94848439409014
Faridabad,2023-10-16 02:30:00,hum,65.0,69.2902717223145,0,1,1,342.94848439409014
Faridabad,2023-10-17 02:15:00,hum,94.0,67.7257707309623,0,1,1,342.94848439409014
Faridabad,2023-10-18 02:15:00,hum,78.0,77.26724682367868,0,1,1,342.94848439409014
Faridabad,2023-10-19 02:15:00,hum,69.0,77.56755933727592,0,1,1,342.94848439409014
Faridabad,2023-10-20 02:30:00,hum,69.0,74.38426598834204,0,1,1,342.94848439409014
Faridabad,2023-10-21 02:15:00,hum,73.0,72.51933574721515,0,1,1,342.94848439409014
Faridabad,2023-10-22 02:15:00,hum,69.0,72.68583351241585,0,1,1,342.94848439409014
Faridabad,2023-10-23 02:15:00,hum,78.0,71.41426949091804,0,1,1,342.94848439409014
Faridabad,2023-10-24 02:15:00,hum,65.0,73.67346697219614,0,1,1,342.94848439409014
Faridabad,2023-10-25 02:15:00,hum,64.0,70.73316623080882,0,1,1,342.94848439409014
Faridabad,2023-10-26 02:00:00,hum,61.0,68.41026405948763,0,1,1,342.94848439409014
Faridabad,2023-10-27 02:15:00,hum,60.0,65.74845508195372,0,1,1,342.94848439409014
Faridabad,2023-10-28 02:00:00,hum,60.0,63.5976133929815,0,1,1,342.94848439409014
Faridabad,2023-10-29 02:30:00,hum,30.0,62.23001466792815,0,1,1,342.94848439409014
Faridabad,2023-10-30 01:45:00,hum,69.0,48.728496513313985,0,1,1,342.94848439409014
Faridkot,2023-10-15 02:30:00,hum,45.0,32.0,0,1,0,337.2403646325279
Faridkot,2023-10-16 02:30:00,hum,57.0,45.0,0,1,0,337.2403646325279
Faridkot,2023-10-17 02:30:00,hum,89.0,57.0,0,1,0,337.2403646325279
Faridkot,2023-10-18 02:30:00,hum,61.0,89.0,0,1,0,337.2403646325279
Faridkot,2023-10-19 02:15:00,hum,48.0,61.0,0,1,0,337.2403646325279
Faridkot,2023-10-20 02:30:00,hum,45.0,48.0,0,1,0,337.2403646325279
Faridkot,2023-10-21 02:15:00,hum,42.0,45.0,0,1,0,337.2403646325279
Faridkot,2023-10-22 02:15:00,hum,48.0,42.0,0,1,0,337.2403646325279
Faridkot,2023-10-23 02:15:00,hum,49.0,48.0,0,1,0,337.2403646325279
Faridkot,2023-10-24 02:15:00,hum,52.0,49.0,0,1,0,337.2403646325279
Faridkot,2023-10-25 02:15:00,hum,46.0,52.0,0,1,0,337.2403646325279
Faridkot,2023-10-26 02:00:00,hum,35.0,46.0,0,1,0,337.2403646325279
Faridkot,2023-10-27 02:15:00,hum,32.0,35.0,0,1,0,337.2403646325279
Faridkot,2023-10-28 02:00:00,hum,32.0,32.0,0,1,0,337.2403646325279
Faridkot,2023-10-29 02:45:00,hum,35.0,32.0,0,1,0,337.2403646325279
Faridkot,2023-10-30 02:00:00,hum,35.0,35.0,0,1,0,337.2403646325279
Farrukhabad,2023-10-15 02:30:00,hum,49.0,46.997428891058036,0,1,1,339.2782591181494
Farrukhabad,2023-10-16 02:30:00,hum,54.0,47.95042306830651,0,1,1,339.2782591181494
Farrukhabad,2023-10-17 02:30:00,hum,68.0,50.84440628688223,0,1,1,339.2782591181494
Farrukhabad,2023-10-18 02:30:00,hum,62.0,59.4164815036919,0,1,1,339.2782591181494
Farrukhabad,2023-10-19 02:30:00,hum,56.0,60.78635227377527,0,1,1,339.2782591181494
Farrukhabad,2023-10-20 02:30:00,hum,45.0,58.366085425292226,0,1,1,339.2782591181494
Farrukhabad,2023-10-21 02:15:00,hum,47.0,51.80400905392311,0,1,1,339.2782591181494
Farrukhabad,2023-10-22 02:30:00,hum,51.0,49.355603785333365,0,1,1,339.2782591181494
Farrukhabad,2023-10-23 02:15:00,hum,48.0,50.186892648266145,0,1,1,339.2782591181494
Farrukhabad,2023-10-24 02:15:00,hum,47.0,49.09757730605913,0,1,1,339.2782591181494
Farrukhabad,2023-10-25 02:30:00,hum,50.0,48.05031893369788,0,1,1,339.2782591181494
Farrukhabad,2023-10-26 02:00:00,hum,42.0,49.02192079590372,0,1,1,339.2782591181494
Farrukhabad,2023-10-27 02:30:00,hum,40.0,45.53221972685472,0,1,1,339.2782591181494
Farrukhabad,2023-10-28 02:00:00,hum,43.0,42.73500336902857,0,1,1,339.2782591181494
Farrukhabad,2023-10-29 02:45:00,hum,41.0,42.87015595374575,0,1,1,339.2782591181494
Farrukhabad,2023-10-30 02:00:00,hum,47.0,41.92809309298395,0,1,1,339.2782591181494
Fatehabad,2023-10-15 02:30:00,hum,34.0,27.0,0,1,0,330.9013331240295
Fatehabad,2023-10-16 02:30:00,hum,49.0,34.0,0,1,0,330.9013331240295
Fatehabad,2023-10-17 02:15:00,hum,81.0,49.0,0,1,0,330.9013331240295
Fatehabad,2023-10-18 02:30:00,hum,63.0,81.0,0,1,0,330.9013331240295
Fatehabad,2023-10-19 02:15:00,hum,43.0,63.0,0,1,0,330.9013331240295
Fatehabad,2023-10-20 02:30:00,hum,38.0,43.0,0,1,0,330.9013331240295
Fatehabad,2023-10-21 02:15:00,hum,34.0,38.0,0,1,0,330.9013331240295
Fatehabad,2023-10-22 02:15:00,hum,33.0,34.0,0,1,0,330.9013331240295
Fatehabad,2023-10-23 02:15:00,hum,37.0,33.0,0,1,0,330.9013331240295
Fatehabad,2023-10-24 02:15:00,hum,48.0,37.0,0,1,0,330.9013331240295
Fatehabad,2023-10-25 02:15:00,hum,39.0,48.0,0,1,0,330.9013331240295
Fatehabad,2023-10-26 02:00:00,hum,33.0,39.0,0,1,0,330.9013331240295
Fatehabad,2023-10-27 02:15:00,hum,29.0,33.0,0,1,0,330.9013331240295
Fatehabad,2023-10-28 02:00:00,hum,22.0,29.000000000000004,0,1,0,330.9013331240295
Fatehabad,2023-10-29 02:30:00,hum,27.0,22.0,0,1,0,330.9013331240295
Fatehabad,2023-10-30 01:45:00,hum,32.0,27.0,0,1,0,330.9013331240295
Fatehgarh Sahib,2023-10-15 02:30:00,hum,43.0,38.76816279788256,0,1,1,322.460945627603
Fatehgarh Sahib,2023-10-16 02:30:00,hum,46.0,41.817562533116806,0,1,1,322.460945627603
Fatehgarh Sahib,2023-10-17 02:30:00,hum,76.0,44.8504457358243,0,1,1,322.460945627603
Fatehgarh Sahib,2023-10-18 02:30:00,hum,50.0,69.05067903847483,0,1,1,322.460945627603
Fatehgarh Sahib,2023-10-19 02:15:00,hum,50.0,55.28021143400184,0,1,1,322.460945627603
Fatehgarh Sahib,2023-10-20 02:30:00,hum,44.0,51.91947464489621,0,1,1,322.460945627603
Fatehgarh Sahib,2023-10-21 02:15:00,hum,39.0,46.76732714174533,0,1,1,322.460945627603
Fatehgarh Sahib,2023-10-22 02:15:00,hum,41.0,41.5368816541789,0,1,1,322.460945627603
Fatehgarh Sahib,2023-10-23 02:15:00,hum,45.0,41.174648965274585,0,1,1,322.460945627603
Fatehgarh Sahib,2023-10-24 02:15:00,hum,48.0,43.71595164405389,0,1,1,322.460945627603
Fatehgarh Sahib,2023-10-25 02:15:00,hum,40.0,46.56748661090426,0,1,1,322.460945627603
Fatehgarh Sahib,2023-10-26 02:00:00,hum,36.0,42.23700590098735,0,1,1,322.460945627603
Fatehgarh Sahib,2023-10-27 02:15:00,hum,39.0,38.08278833031855,0,1,1,322.460945627603
Fatehgarh Sahib,2023-10-28 02:00:00,hum,36.0,38.69519808208894,0,1,1,322.460945627603
Fatehgarh Sahib,2023-10-29 02:45:00,hum,38.0,36.90666163571953,0,1,1,322.460945627603
Fatehgarh Sahib,2023-10-30 02:00:00,hum,39.0,37.63198711135041,0,1,1,322.460945627603
Fatehpur,2023-10-15 02:30:00,hum,53.0,50.71828091732773,0,1,1,319.6878832458024
Fatehpur,2023-10-16 02:30:00,hum,53.0,52.32564801295263,0,1,1,319.6878832458024
Fatehpur,2023-10-17 02:30:00,hum,81.0,52.800749050660734,0,1,1,319.6878832458024
Fatehpur,2023-10-18 02:30:00,hum,59.0,73.30088252305023,0,1,1,319.6878832458024
Fatehpur,2023-10-19 02:30:00,hum,51.0,63.256097979417355,0,1,1,319.6878832458024
Fatehpur,2023-10-20 02:30:00,hum,48.0,55.91900326992167,0,1,1,319.6878832458024
Fatehpur,2023-10-21 02:15:00,hum,51.0,50.77671145374746,0,1,1,319.6878832458024
Fatehpur,2023-10-22 02:30:00,hum,51.0,50.9227299131851,0,1,1,319.6878832458024
Fatehpur,2023-10-23 02:15:00,hum,48.0,50.97194534260573,0,1,1,319.6878832458024
Fatehpur,2023-10-24 02:15:00,hum,47.0,49.09679665119206,0,1,1,319.6878832458024
Fatehpur,2023-10-25 02:30:00,hum,48.0,47.76670390325716,0,1,1,319.6878832458024
Fatehpur,2023-10-26 02:00:00,hum,38.0,47.914864522086326,0,1,1,319.6878832458024
Fatehpur,2023-10-27 02:30:00,hum,45.0,41.610062149860205,0,1,1,319.6878832458024
Fatehpur,2023-10-28 02:00:00,hum,44.0,43.77054580539055,0,1,1,319.6878832458024
Fatehpur,2023-10-29 02:45:00,hum,43.0,43.91389106129257,0,1,1,319.6878832458024
Fatehpur,2023-10-30 02:00:00,hum,51.0,43.34333830763434,0,1,1,319.6878832458024
Fazilka,2023-10-15 02:30:00,hum,43.0,33.0,0,1,0,337.86484289794515
Fazilka,2023-10-16 02:30:00,hum,47.0,43.0,0,1,0,337.86484289794515
Fazilka,2023-10-17 02:15:00,hum,85.0,47.0,0,1,0,337.86484289794515
Fazilka,2023-10-18 02:30:00,hum,69.0,85.0,0,1,0,337.86484289794515
Fazilka,2023-10-19 02:15:00,hum,47.0,69.0,0,1,0,337.86484289794515
Fazilka,2023-10-20 02:30:00,hum,47.0,47.0,0,1,0,337.86484289794515
Fazilka,2023-10-21 02:15:00,hum,38.0,47.0,0,1,0,337.86484289794515
Fazilka,2023-10-22 02:15:00,hum,59.0,38.0,0,1,0,337.86484289794515
Fazilka,2023-10-23 02:15:00,hum,47.0,59.0,0,1,0,337.86484289794515
Fazilka,2023-10-24 02:15:00,hum,53.0,47.0,0,1,0,337.86484289794515
Fazilka,2023-10-25 02:15:00,hum,49.0,53.0,0,1,0,337.86484289794515
Fazilka,2023-10-26 02:00:00,hum,33.0,49.0,0,1,0,337.86484289794515
Fazilka,2023-10-27 02:15:00,hum,29.0,33.0,0,1,0,337.86484289794515
Fazilka,2023-10-28 02:00:00,hum,28.0,28.999999999999996,0,1,0,337.86484289794515
Fazilka,2023-10-29 02:45:00,hum,29.0,28.0,0,1,0,337.86484289794515
Fazilka,2023-10-30 02:00:00,hum,32.0,29.0,0,1,0,337.86484289794515
Firozabad,2023-10-15 02:30:00,hum,37.0,33.54301118790931,0,1,1,328.821546411974
Firozabad,2023-10-16 02:30:00,hum,43.0,36.019826630414826,0,1,1,328.821546411974
Firozabad,2023-10-17 02:30:00,hum,73.0,41.062561282324275,0,1,1,328.821546411974
Firozabad,2023-10-18 02:30:00,hum,57.0,66.40449386850608,0,1,1,328.821546411974
Firozabad,2023-10-19 02:30:00,hum,47.0,58.985063663539435,0,1,1,328.821546411974
Firozabad,2023-10-20 02:30:00,hum,44.0,50.37812491924118,0,1,1,328.821546411974
Firozabad,2023-10-21 02:15:00,hum,46.0,45.63123692841272,0,1,1,328.821546411974
Firozabad,2023-10-22 02:30:00,hum,46.0,45.90463613573046,0,1,1,328.821546411974
Firozabad,2023-10-23 02:15:00,hum,38.0,45.974793758544415,0,1,1,328.821546411974
Firozabad,2023-10-24 02:15:00,hum,42.0,40.11016112337404,0,1,1,328.821546411974
Firozabad,2023-10-25 02:30:00,hum,48.0,41.501001743358984,0,1,1,328.821546411974
Firozabad,2023-10-26 02:00:00,hum,37.0,46.251743156224606,0,1,1,328.821546411974
Firozabad,2023-10-27 02:30:00,hum,32.0,39.59481982700178,0,1,1,328.821546411974
Firozabad,2023-10-28 02:00:00,hum,34.0,34.02208024151983,0,1,1,328.821546411974
Firozabad,2023-10-29 02:45:00,hum,33.0,34.006137917310745,0,1,1,328.821546411974
Firozabad,2023-10-30 02:00:00,hum,38.0,33.27066979657523,0,1,1,328.821546411974
Firozpur,2023-10-15 02:30:00,hum,43.0,32.0,0,1,0,335.55656201023737
Firozpur,2023-10-16 02:30:00,hum,50.0,43.0,0,1,0,335.55656201023737
Firozpur,2023-10-17 02:30:00,hum,84.0,50.0,0,1,0,335.55656201023737
Firozpur,2023-10-18 02:30:00,hum,60.0,84.0,0,1,0,335.55656201023737
Firozpur,2023-10-19 02:15:00,hum,48.0,60.0,0,1,0,335.55656201023737
Firozpur,2023-10-20 02:30:00,hum,45.0,48.0,0,1,0,335.55656201023737
Firozpur,2023-10-21 02:15:00,hum,43.0,45.0,0,1,0,335.55656201023737
Firozpur,2023-10-22 02:15:00,hum,47.0,43.0,0,1,0,335.55656201023737
Firozpur,2023-10-23 02:15:00,hum,49.0,47.0,0,1,0,335.55656201023737
Firozpur,2023-10-24 02:15:00,hum,51.0,49.0,0,1,0,335.55656201023737
Firozpur,2023-10-25 02:15:00,hum,44.0,51.0,0,1,0,335.55656201023737
Firozpur,2023-10-26 02:00:00,hum,34.0,44.0,0,1,0,335.55656201023737
Firozpur,2023-10-27 02:15:00,hum,32.0,34.0,0,1,0,335.55656201023737
Firozpur,2023-10-28 02:00:00,hum,34.0,32.0,0,1,0,335.55656201023737
Firozpur,2023-10-29 02:45:00,hum,34.0,34.0,0,1,0,335.55656201023737
Firozpur,2023-10-30 02:00:00,hum,36.0,34.0,0,1,0,335.55656201023737
Gadag,2023-10-15 02:30:00,hum,55.0,52.325547075896594,0,1,2,274.57623575408627
Gadag,2023-10-16 02:30:00,hum,57.0,53.685876894935404,0,1,2,274.57623575408627
Gadag,2023-10-17 02:30:00,hum,59.0,56.18749508290839,0,1,2,274.57623575408627
Gadag,2023-10-18 02:30:00,hum,55.0,58.66103856592099,0,1,2,274.57623575408627
Gadag,2023-10-19 02:15:00,hum,53.0,57.38474448628863,0,1,2,274.57623575408627
Gadag,2023-10-20 02:30:00,hum,51.0,54.01393499059208,0,1,2,274.57623575408627
Gadag,2023-10-21 02:15:00,hum,52.0,51.20253636173807,0,1,2,274.57623575408627
Gadag,2023-10-22 02:15:00,hum,58.0,50.94515985671959,0,1,2,274.57623575408627
Gadag,2023-10-23 02:15:00,hum,50.0,55.21692890089632,0,1,2,274.57623575408627
Gadag,2023-10-24 02:15:00,hum,50.0,53.82839239540105,0,1,2,274.57623575408627
Gadag,2023-10-25 02:15:00,hum,50.0,50.568255471685816,0,1,2,274.57623575408627
Gadag,2023-10-26 02:00:00,hum,50.0,49.50836425245767,0,1,2,274.57623575408627
Gadag,2023-10-27 02:15:00,hum,45.0,49.67542008693808,0,1,2,274.57623575408627
Gadag,2023-10-28 02:00:00,hum,42.0,47.177591663303346,0,1,2,274.57623575408627
Gadag,2023-10-29 02:30:00,hum,66.0,43.243043412823276,0,1,2,274.57623575408627
Gadag,2023-10-30 02:00:00,hum,70.0,53.59487275330313,0,1,2,274.57623575408627
Ganderbal,2023-10-15 02:30:00,hum,73.0,65.65040954018346,2,1,2,327.84802401557266
Ganderbal,2023-10-16 02:30:00,hum,66.0,79.44753389361605,2,1,2,327.84802401557266
Ganderbal,2023-10-17 02:15:00,hum,92.0,65.02488010034405,2,1,2,327.84802401557266
Ganderbal,2023-10-18 02:15:00,hum,87.0,88.34635010554506,2,1,2,327.84802401557266
Ganderbal,2023-10-19 02:15:00,hum,61.0,73.99930623333537,2,1,2,327.84802401557266
Ganderbal,2023-10-20 02:15:00,hum,52.0,55.97682362898065,2,1,2,327.84802401557266
Ganderbal,2023-10-21 02:15:00,hum,46.0,59.85231283300434,2,1,2,327.84802401557266
Ganderbal,2023-10-22 02:15:00,hum,45.0,62.85543918656208,2,1,2,327.84802401557266
Ganderbal,2023-10-23 02:00:00,hum,83.0,60.60118882601009,2,1,2,327.84802401557266
Ganderbal,2023-10-24 02:15:00,hum,57.0,85.34905820768498,2,1,2,327.84802401557266
Ganderbal,2023-10-25 02:15:00,hum,58.0,47.2470264836722,2,1,2,327.84802401557266
Ganderbal,2023-10-26 02:00:00,hum,44.0,43.566570397665544,2,1,2,327.84802401557266
Ganderbal,2023-10-27 02:15:00,hum,45.0,34.84487944331062,2,1,2,327.84802401557266
Ganderbal,2023-10-28 02:00:00,hum,46.0,45.16339456409398,2,1,2,327.84802401557266
Ganderbal,2023-10-29 02:30:00,hum,45.0,54.3466356028426,2,1,2,327.84802401557266
Ganderbal,2023-10-30 01:45:00,hum,37.0,56.92472987802664,2,1,2,327.84802401557266
Gandhinagar,2023-10-15 02:30:00,hum,62.0,74.0,0,1,0,301.9725836980863
Gandhinagar,2023-10-16 02:30:00,hum,74.0,62.0,0,1,0,301.9725836980863
Gandhinagar,2023-10-17 02:15:00,hum,70.0,74.0,0,1,0,301.9725836980863
Gandhinagar,2023-10-18 02:15:00,hum,78.0,70.0,0,1,0,301.9725836980863
Gandhinagar,2023-10-19 02:15:00,hum,69.0,78.0,0,1,0,301.9725836980863
Gandhinagar,2023-10-20 02:30:00,hum,79.0,69.0,0,1,0,301.9725836980863
Gandhinagar,2023-10-21 02:15:00,hum,74.0,79.0,0,1,0,301.9725836980863
Gandhinagar,2023-10-22 02:15:00,hum,74.0,74.0,0,1,0,301.9725836980863
Gandhinagar,2023-10-23 02:00:00,hum,74.0,74.0,0,1,0,301.9725836980863
Gandhinagar,2023-10-24 02:15:00,hum,74.0,74.0,0,1,0,301.9725836980863
Gandhinagar,2023-10-25 02:15:00,hum,74.0,74.0,0,1,0,301.9725836980863
Gandhinagar,2023-10-26 02:00:00,hum,69.0,74.0,0,1,0,301.9725836980863
Gandhinagar,2023-10-27 02:15:00,hum,78.0,69.0,0,1,0,301.9725836980863
Gandhinagar,2023-10-28 02:00:00,hum,78.0,78.0,0,1,0,301.9725836980863
Gandhinagar,2023-10-29 02:30:00,hum,65.0,78.0,0,1,0,301.9725836980863
Gandhinagar,2023-10-30 01:45:00,hum,73.0,65.0,0,1,0,301.9725836980863
Ganganagar,2023-10-15 02:30:00,hum,36.0,33.0,0,1,0,329.81292108146584
Ganganagar,2023-10-16 02:30:00,hum,45.0,36.0,0,1,0,329.81292108146584
Ganganagar,2023-10-17 02:30:00,hum,80.0,45.0,0,1,0,329.81292108146584
Ganganagar,2023-10-18 02:30:00,hum,65.0,80.0,0,1,0,329.81292108146584
Ganganagar,2023-10-19 02:30:00,hum,44.0,65.0,0,1,0,329.81292108146584
Ganganagar,2023-10-20 02:30:00,hum,47.0,44.0,0,1,0,329.81292108146584
Ganganagar,2023-10-21 02:15:00,hum,46.0,47.0,0,1,0,329.81292108146584
Ganganagar,2023-10-22 02:30:00,hum,51.0,46.0,0,1,0,329.81292108146584
Ganganagar,2023-10-23 02:15:00,hum,43.0,51.0,0,1,0,329.81292108146584
Ganganagar,2023-10-24 02:15:00,hum,51.0,43.0,0,1,0,329.81292108146584
Ganganagar,2023-10-25 02:30:00,hum,52.0,51.0,0,1,0,329.81292108146584
Ganganagar,2023-10-26 02:00:00,hum,32.0,52.0,0,1,0,329.81292108146584
Ganganagar,2023-10-27 02:15:00,hum,29.0,32.0,0,1,0,329.81292108146584
Ganganagar,2023-10-28 02:00:00,hum,29.0,28.999999999999996,0,1,0,329.81292108146584
Ganganagar,2023-10-29 02:45:00,hum,27.0,29.0,0,1,0,329.81292108146584
Ganganagar,2023-10-30 02:00:00,hum,30.0,27.0,0,1,0,329.81292108146584
Ganjam,2023-10-15 02:30:00,hum,82.0,79.0,0,1,0,270.94760575879707
Ganjam,2023-10-16 02:30:00,hum,79.0,82.0,0,1,0,270.94760575879707
Ganjam,2023-10-17 02:30:00,hum,79.0,79.0,0,1,0,270.94760575879707
Ganjam,2023-10-18 02:30:00,hum,83.0,79.0,0,1,0,270.94760575879707
Ganjam,2023-10-19 02:30:00,hum,88.0,83.0,0,1,0,270.94760575879707
Ganjam,2023-10-20 02:30:00,hum,90.0,88.0,0,1,0,270.94760575879707
Ganjam,2023-10-21 02:15:00,hum,83.0,90.0,0,1,0,270.94760575879707
Ganjam,2023-10-22 02:15:00,hum,80.0,83.0,0,1,0,270.94760575879707
Ganjam,2023-10-23 02:15:00,hum,74.0,80.0,0,1,0,270.94760575879707
Ganjam,2023-10-24 02:15:00,hum,73.0,74.0,0,1,0,270.94760575879707
Ganjam,2023-10-25 02:30:00,hum,87.0,73.0,0,1,0,270.94760575879707
Ganjam,2023-10-26 02:00:00,hum,83.0,87.0,0,1,0,270.94760575879707
Ganjam,2023-10-27 02:15:00,hum,84.0,83.0,0,1,0,270.94760575879707
Ganjam,2023-10-28 02:00:00,hum,77.0,84.0,0,1,0,270.94760575879707
Ganjam,2023-10-29 02:45:00,hum,82.0,77.0,0,1,0,270.94760575879707
Ganjam,2023-10-30 02:00:00,hum,71.0,82.0,0,1,0,270.94760575879707
Garhwa,2023-10-15 02:30:00,hum,64.0,59.0,0,1,0,304.07126056479746
Garhwa,2023-10-16 02:30:00,hum,63.0,64.0,0,1,0,304.07126056479746
Garhwa,2023-10-17 02:15:00,hum,73.0,63.0,0,1,0,304.07126056479746
Garhwa,2023-10-18 02:30:00,hum,82.0,73.0,0,1,0,304.07126056479746
Garhwa,2023-10-19 02:15:00,hum,78.0,82.0,0,1,0,304.07126056479746
Garhwa,2023-10-20 02:30:00,hum,69.0,78.0,0,1,0,304.07126056479746
Garhwa,2023-10-21 02:15:00,hum,64.0,69.0,0,1,0,304.07126056479746
Garhwa,2023-10-22 02:15:00,hum,69.0,64.0,0,1,0,304.07126056479746
Garhwa,2023-10-23 02:00:00,hum,73.0,69.0,0,1,0,304.07126056479746
Garhwa,2023-10-24 02:15:00,hum,74.0,73.0,0,1,0,304.07126056479746
Garhwa,2023-10-25 02:15:00,hum,70.0,74.0,0,1,0,304.07126056479746
Garhwa,2023-10-26 02:00:00,hum,64.0,70.0,0,1,0,304.07126056479746
Garhwa,2023-10-27 02:15:00,hum,68.0,64.0,0,1,0,304.07126056479746
Garhwa,2023-10-28 02:00:00,hum,56.0,68.0,0,1,0,304.07126056479746
Garhwa,2023-10-29 02:30:00,hum,64.0,55.99999999999999,0,1,0,304.07126056479746
Garhwa,2023-10-30 01:45:00,hum,61.0,64.0,0,1,0,304.07126056479746
Garhwal,2023-10-15 02:30:00,hum,56.0,52.159525172475135,0,1,1,320.2411955549275
Garhwal,2023-10-16 02:30:00,hum,54.0,54.3053831552832,0,1,1,320.2411955549275
Garhwal,2023-10-17 02:30:00,hum,76.0,54.13359020595498,0,1,1,320.2411955549275
Garhwal,2023-10-18 02:30:00,hum,63.0,66.64990004301073,0,1,1,320.2411955549275
Garhwal,2023-10-19 02:15:00,hum,61.0,64.37802863343626,0,1,1,320.2411955549275
Garhwal,2023-10-20 02:30:00,hum,69.0,62.539321489578924,0,1,1,320.2411955549275
Garhwal,2023-10-21 02:15:00,hum,62.0,66.00035033359185,0,1,1,320.2411955549275
Garhwal,2023-10-22 02:15:00,hum,60.0,63.8647890112473,0,1,1,320.2411955549275
Garhwal,2023-10-23 02:15:00,hum,57.0,61.82475285214193,0,1,1,320.2411955549275
Garhwal,2023-10-24 02:15:00,hum,48.0,59.233546309857886,0,1,1,320.2411955549275
Garhwal,2023-10-25 02:15:00,hum,54.0,52.877405320672345,0,1,1,320.2411955549275
Garhwal,2023-10-26 02:00:00,hum,48.0,53.53120030729947,0,1,1,320.2411955549275
Garhwal,2023-10-27 02:15:00,hum,54.0,50.402261596605086,0,1,1,320.2411955549275
Garhwal,2023-10-28 02:00:00,hum,50.0,52.42444794084235,0,1,1,320.2411955549275
Garhwal,2023-10-29 02:30:00,hum,54.0,51.081281968271455,0,1,1,320.2411955549275
Garhwal,2023-10-30 01:45:00,hum,53.0,52.69425653645308,0,1,1,320.2411955549275
Gariaband,2023-10-15 02:30:00,hum,68.0,75.0,0,1,0,244.18294560413673
Gariaband,2023-10-16 02:30:00,hum,75.0,68.0,0,1,0,244.18294560413673
Gariaband,2023-10-17 02:30:00,hum,74.0,75.0,0,1,0,244.18294560413673
Gariaband,2023-10-18 02:30:00,hum,81.0,74.0,0,1,0,244.18294560413673
Gariaband,2023-10-19 02:15:00,hum,84.0,81.0,0,1,0,244.18294560413673
Gariaband,2023-10-20 02:30:00,hum,90.0,84.0,0,1,0,244.18294560413673
Gariaband,2023-10-21 02:15:00,hum,85.0,90.0,0,1,0,244.18294560413673
Gariaband,2023-10-22 02:15:00,hum,73.0,85.0,0,1,0,244.18294560413673
Gariaband,2023-10-23 02:15:00,hum,78.0,73.0,0,1,0,244.18294560413673
Gariaband,2023-10-24 02:15:00,hum,85.0,78.0,0,1,0,244.18294560413673
Gariaband,2023-10-25 02:15:00,hum,81.0,85.0,0,1,0,244.18294560413673
Gariaband,2023-10-26 02:00:00,hum,75.0,81.0,0,1,0,244.18294560413673
Gariaband,2023-10-27 02:15:00,hum,71.0,75.0,0,1,0,244.18294560413673
Gariaband,2023-10-28 02:00:00,hum,75.0,71.0,0,1,0,244.18294560413673
Gariaband,2023-10-29 02:30:00,hum,76.0,75.0,0,1,0,244.18294560413673
Gariaband,2023-10-30 01:45:00,hum,77.0,76.0,0,1,0,244.18294560413673
Gaya,2023-10-15 02:30:00,hum,75.0,86.69068061861347,0,1,1,310.1016018214252
Gaya,2023-10-16 02:30:00,hum,94.0,81.15668262453602,0,1,1,310.1016018214252
Gaya,2023-10-17 02:15:00,hum,89.0,86.62549459935683,0,1,1,310.1016018214252
Gaya,2023-10-18 02:30:00,hum,79.0,87.30179682444516,0,1,1,310.1016018214252
Gaya,2023-10-19 02:15:00,hum,81.0,85.07105413960278,0,1,1,310.1016018214252
Gaya,2023-10-20 02:15:00,hum,88.0,83.8154516732557,0,1,1,310.1016018214252
Gaya,2023-10-21 02:15:00,hum,88.0,85.06407632789693,0,1,1,310.1016018214252
Gaya,2023-10-22 02:15:00,hum,64.0,85.83047648808899,0,1,1,310.1016018214252
Gaya,2023-10-23 02:00:00,hum,66.0,80.09222327257672,0,1,1,310.1016018214252
Gaya,2023-10-24 02:15:00,hum,88.0,74.09554184335045,0,1,1,310.1016018214252
Gaya,2023-10-25 02:15:00,hum,94.0,79.51545052195702,0,1,1,310.1016018214252
Gaya,2023-10-26 02:00:00,hum,64.0,83.09718035750637,0,1,1,310.1016018214252
Gaya,2023-10-27 02:15:00,hum,62.0,78.92837364483455,0,1,1,310.1016018214252
Gaya,2023-10-28 02:00:00,hum,88.0,74.20105564518252,0,1,1,310.1016018214252
Gaya,2023-10-29 02:30:00,hum,88.0,78.10836328210075,0,1,1,310.1016018214252
Gaya,2023-10-30 01:45:00,hum,64.0,80.21756226680206,0,1,1,310.1016018214252
Ghaziabad,2023-10-15 02:30:00,hum,74.0,66.69983783061573,0,1,1,339.956012782125
Ghaziabad,2023-10-16 02:30:00,hum,65.0,69.57230488521043,0,1,1,339.956012782125
Ghaziabad,2023-10-17 02:30:00,hum,94.0,67.77289526184816,0,1,1,339.956012782125
Ghaziabad,2023-10-18 02:30:00,hum,78.0,77.9769099981117,0,1,1,339.956012782125
Ghaziabad,2023-10-19 02:30:00,hum,69.0,77.98082847342542,0,1,1,339.956012782125
Ghaziabad,2023-10-20 02:30:00,hum,69.0,74.45396458324309,0,1,1,339.956012782125
Ghaziabad,2023-10-21 02:15:00,hum,73.0,72.46431234534145,0,1,1,339.956012782125
Ghaziabad,2023-10-22 02:30:00,hum,69.0,72.66068484712848,0,1,1,339.956012782125
Ghaziabad,2023-10-23 02:15:00,hum,78.0,71.32652054983963,0,1,1,339.956012782125
Ghaziabad,2023-10-24 02:15:00,hum,65.0,73.73960408986623,0,1,1,339.956012782125
Ghaziabad,2023-10-25 02:30:00,hum,64.0,70.62808723292031,0,1,1,339.956012782125
Ghaziabad,2023-10-26 02:00:00,hum,61.0,68.21413187333798,0,1,1,339.956012782125
Ghaziabad,2023-10-27 02:30:00,hum,60.0,65.4595731422133,0,1,1,339.956012782125
Ghaziabad,2023-10-28 02:00:00,hum,60.0,63.279887994341976,0,1,1,339.956012782125
Ghaziabad,2023-10-29 02:45:00,hum,73.0,61.95183822081474,0,1,1,339.956012782125
Ghaziabad,2023-10-30 02:00:00,hum,69.0,66.17991911474904,0,1,1,339.956012782125
Ghazipur,2023-10-15 02:30:00,hum,61.0,56.0,0,1,0,308.87787292145237
Ghazipur,2023-10-16 02:30:00,hum,67.0,61.0,0,1,0,308.87787292145237
Ghazipur,2023-10-17 02:30:00,hum,83.0,67.0,0,1,0,308.87787292145237
Ghazipur,2023-10-18 02:30:00,hum,83.0,83.0,0,1,0,308.87787292145237
Ghazipur,2023-10-19 02:30:00,hum,63.0,83.0,0,1,0,308.87787292145237
Ghazipur,2023-10-20 02:30:00,hum,55.0,63.00000000000001,0,1,0,308.87787292145237
Ghazipur,2023-10-21 02:15:00,hum,59.0,55.0,0,1,0,308.87787292145237
Ghazipur,2023-10-22 02:30:00,hum,61.0,59.0,0,1,0,308.87787292145237
Ghazipur,2023-10-23 02:15:00,hum,59.0,61.0,0,1,0,308.87787292145237
Ghazipur,2023-10-24 02:15:00,hum,63.0,59.0,0,1,0,308.87787292145237
Ghazipur,2023-10-25 02:30:00,hum,61.0,63.0,0,1,0,308.87787292145237
Ghazipur,2023-10-26 02:00:00,hum,58.0,61.0,0,1,0,308.87787292145237
Ghazipur,2023-10-27 02:30:00,hum,60.0,58.0,0,1,0,308.87787292145237
Ghazipur,2023-10-28 02:00:00,hum,50.0,60.0,0,1,0,308.87787292145237
Ghazipur,2023-10-29 02:45:00,hum,50.0,50.0,0,1,0,308.87787292145237
Ghazipur,2023-10-30 02:00:00,hum,52.0,50.0,0,1,0,308.87787292145237
Giridih,2023-10-15 02:30:00,hum,71.0,77.0,0,1,0,313.12377737044835
Giridih,2023-10-16 02:30:00,hum,69.0,71.0,0,1,0,313.12377737044835
Giridih,2023-10-17 02:15:00,hum,74.0,69.0,0,1,0,313.12377737044835
Giridih,2023-10-18 02:30:00,hum,76.0,74.0,0,1,0,313.12377737044835
Giridih,2023-10-19 02:15:00,hum,81.0,76.0,0,1,0,313.12377737044835
Giridih,2023-10-20 02:30:00,hum,70.0,81.0,0,1,0,313.12377737044835
Giridih,2023-10-21 02:15:00,hum,69.0,70.0,0,1,0,313.12377737044835
Giridih,2023-10-22 02:15:00,hum,61.0,69.0,0,1,0,313.12377737044835
Giridih,2023-10-23 02:00:00,hum,61.0,60.99999999999999,0,1,0,313.12377737044835
Giridih,2023-10-24 02:15:00,hum,73.0,61.0,0,1,0,313.12377737044835
Giridih,2023-10-25 02:15:00,hum,73.0,73.0,0,1,0,313.12377737044835
Giridih,2023-10-26 02:00:00,hum,65.0,73.0,0,1,0,313.12377737044835
Giridih,2023-10-27 02:15:00,hum,56.0,65.0,0,1,0,313.12377737044835
Giridih,2023-10-28 02:00:00,hum,58.0,56.00000000000001,0,1,0,313.12377737044835
Giridih,2023-10-29 02:30:00,hum,65.0,58.0,0,1,0,313.12377737044835
Giridih,2023-10-30 01:45:00,hum,64.0,65.0,0,1,0,313.12377737044835
Goa,2023-10-16 02:30:00,hum,85.0,86.11283826829678,0,1,1,221.09168686544677
Goa,2023-10-17 02:15:00,hum,80.0,85.70468781710422,0,1,1,221.09168686544677
Goa,2023-10-18 02:30:00,hum,83.0,83.45343445926214,0,1,1,221.09168686544677
Goa,2023-10-19 02:15:00,hum,85.0,83.25058573905476,0,1,1,221.09168686544677
Goa,2023-10-20 02:30:00,hum,77.0,83.92869368363414,0,1,1,221.09168686544677
Goa,2023-10-21 02:15:00,hum,81.0,81.35224320530202,0,1,1,221.09168686544677
Goa,2023-10-21 02:15:00,hum,83.0,81.20088522057058,0,1,1,221.09168686544677
Goa,2023-10-22 02:15:00,hum,75.0,81.8953181434663,0,1,1,221.09168686544677
Goa,2023-10-23 02:15:00,hum,73.0,79.30232586783124,0,1,1,221.09168686544677
Goa,2023-10-24 02:15:00,hum,68.0,76.31826526106758,0,1,1,221.09168686544677
Goa,2023-10-25 02:15:00,hum,79.0,71.43149247519015,0,1,1,221.09168686544677
Goa,2023-10-26 02:00:00,hum,70.0,75.44691403936818,0,1,1,221.09168686544677
Goa,2023-10-27 02:15:00,hum,61.0,73.05728081934242,0,1,1,221.09168686544677
Goa,2023-10-28 02:00:00,hum,55.0,66.93982033554768,0,1,1,221.09168686544677
Goa,2023-10-29 02:30:00,hum,67.0,58.62439704115012,0,1,1,221.09168686544677
Goa,2023-10-30 01:45:00,hum,71.0,63.88587432215221,0,1,1,221.09168686544677
Goalpara,2023-10-15 02:30:00,hum,89.0,86.91063718169235,0,1,1,248.24523979555175
Goalpara,2023-10-16 02:30:00,hum,88.0,88.36762230287975,0,1,1,248.24523979555175
Goalpara,2023-10-17 02:15:00,hum,90.0,88.1187170958211,0,1,1,248.24523979555175
Goalpara,2023-10-18 02:30:00,hum,90.0,89.39032297480776,0,1,1,248.24523979555175
Goalpara,2023-10-19 02:15:00,hum,90.0,89.80391317687248,0,1,1,248.24523979555175
Goalpara,2023-10-20 02:30:00,hum,88.0,89.93679398021033,0,1,1,248.24523979555175
Goalpara,2023-10-21 02:15:00,hum,89.0,88.62783358394287,0,1,1,248.24523979555175
Goalpara,2023-10-22 02:15:00,hum,87.0,88.87950041327011,0,1,1,248.24523979555175
Goalpara,2023-10-23 02:15:00,hum,88.0,87.61069620183457,0,1,1,248.24523979555175
Goalpara,2023-10-24 02:15:00,hum,80.0,87.87377735227287,0,1,1,248.24523979555175
Goalpara,2023-10-25 02:15:00,hum,81.0,82.54394458900369,0,1,1,248.24523979555175
Goalpara,2023-10-26 02:00:00,hum,87.0,81.43962623815338,0,1,1,248.24523979555175
Goalpara,2023-10-27 02:15:00,hum,88.0,85.16778953451147,0,1,1,248.24523979555175
Goalpara,2023-10-28 02:00:00,hum,89.0,87.10944756603152,0,1,1,248.24523979555175
Goalpara,2023-10-29 02:30:00,hum,83.0,88.4247270192471,0,1,1,248.24523979555175
Goalpara,2023-10-30 01:45:00,hum,86.0,84.78941615069978,0,1,1,248.24523979555175
Godda,2023-10-15 02:30:00,hum,73.0,74.72711617877795,2,1,2,301.44254906067687
Godda,2023-10-16 02:30:00,hum,69.0,77.18432414994427,2,1,2,301.44254906067687
Godda,2023-10-17 02:15:00,hum,75.0,67.90699706527727,2,1,2,301.44254906067687
Godda,2023-10-18 02:30:00,hum,78.0,73.29739369606271,2,1,2,301.44254906067687
Godda,2023-10-19 02:15:00,hum,80.0,75.97029951358839,2,1,2,301.44254906067687
Godda,2023-10-20 02:30:00,hum,73.0,78.10472260117496,2,1,2,301.44254906067687
Godda,2023-10-21 02:15:00,hum,71.0,73.54121387934858,2,1,2,301.44254906067687
Godda,2023-10-22 02:15:00,hum,70.0,73.42376842017751,2,1,2,301.44254906067687
Godda,2023-10-23 02:00:00,hum,68.0,71.76281836600445,2,1,2,301.44254906067687
Godda,2023-10-24 02:15:00,hum,82.0,67.94111607676993,2,1,2,301.44254906067687
Godda,2023-10-25 02:15:00,hum,86.0,78.6174852069367,2,1,2,301.44254906067687
Godda,2023-10-26 02:00:00,hum,84.0,82.88935950936501,2,1,2,301.44254906067687
Godda,2023-10-27 02:15:00,hum,61.0,84.39574547467602,2,1,2,301.44254906067687
Godda,2023-10-28 02:00:00,hum,64.0,61.96134500507357,2,1,2,301.44254906067687
Godda,2023-10-29 02:30:00,hum,56.0,69.84205442458804,2,1,2,301.44254906067687
Godda,2023-10-30 01:45:00,hum,68.0,58.9683509066185,2,1,2,301.44254906067687
Golaghat,2023-10-15 02:30:00,hum,97.0,96.8834676771169,1,1,1,197.37202106326595
Golaghat,2023-10-16 02:30:00,hum,95.0,96.89643957046862,1,1,1,197.37202106326595
Golaghat,2023-10-17 02:15:00,hum,94.0,95.5809834793709,1,1,1,197.37202106326595
Golaghat,2023-10-18 02:30:00,hum,95.0,94.82263110170291,1,1,1,197.37202106326595
Golaghat,2023-10-19 02:15:00,hum,95.0,95.41357181342988,1,1,1,197.37202106326595
Golaghat,2023-10-20 02:30:00,hum,94.0,95.37247848924758,1,1,1,197.37202106326595
Golaghat,2023-10-21 02:15:00,hum,94.0,94.66382824496385,1,1,1,197.37202106326595
Golaghat,2023-10-22 02:15:00,hum,94.0,94.598694483052,1,1,1,197.37202106326595
Golaghat,2023-10-23 02:15:00,hum,94.0,94.54398693343676,1,1,1,197.37202106326595
Golaghat,2023-10-24 02:15:00,hum,85.0,94.49677827350442,1,1,1,197.37202106326595
Golaghat,2023-10-25 02:15:00,hum,89.0,87.78220540056341,1,1,1,197.37202106326595
Golaghat,2023-10-26 02:00:00,hum,96.0,90.48053439687351,1,1,1,197.37202106326595
Golaghat,2023-10-27 02:15:00,hum,98.0,95.51023426650254,1,1,1,197.37202106326595
Golaghat,2023-10-28 02:00:00,hum,96.0,96.81895526899828,1,1,1,197.37202106326595
Golaghat,2023-10-29 02:30:00,hum,95.0,95.56399865548653,1,1,1,197.37202106326595
Golaghat,2023-10-30 01:45:00,hum,95.0,94.9332351143755,1,1,1,197.37202106326595
Gonda,2023-10-15 02:30:00,hum,61.0,61.0,0,1,0,312.15573832508505
Gonda,2023-10-16 02:30:00,hum,67.0,61.0,0,1,0,312.15573832508505
Gonda,2023-10-17 02:30:00,hum,80.0,67.0,0,1,0,312.15573832508505
Gonda,2023-10-18 02:30:00,hum,74.0,80.0,0,1,0,312.15573832508505
Gonda,2023-10-19 02:30:00,hum,68.0,74.0,0,1,0,312.15573832508505
Gonda,2023-10-20 02:30:00,hum,52.0,68.0,0,1,0,312.15573832508505
Gonda,2023-10-21 02:15:00,hum,54.0,52.0,0,1,0,312.15573832508505
Gonda,2023-10-22 02:30:00,hum,52.0,54.0,0,1,0,312.15573832508505
Gonda,2023-10-23 02:15:00,hum,64.0,52.0,0,1,0,312.15573832508505
Gonda,2023-10-24 02:15:00,hum,62.0,64.0,0,1,0,312.15573832508505
Gonda,2023-10-25 02:30:00,hum,61.0,61.99999999999999,0,1,0,312.15573832508505
Gonda,2023-10-26 02:00:00,hum,59.0,61.0,0,1,0,312.15573832508505
Gonda,2023-10-27 02:30:00,hum,55.0,59.0,0,1,0,312.15573832508505
Gonda,2023-10-28 02:00:00,hum,46.0,55.0,0,1,0,312.15573832508505
Gonda,2023-10-29 02:45:00,hum,49.0,46.0,0,1,0,312.15573832508505
Gonda,2023-10-30 02:00:00,hum,55.0,49.0,0,1,0,312.15573832508505
Gopalganj,2023-10-15 02:30:00,hum,65.0,67.83201226329157,1,1,2,294.8290057294762
Gopalganj,2023-10-16 02:30:00,hum,76.0,69.19163280229002,1,1,2,294.8290057294762
Gopalganj,2023-10-17 02:15:00,hum,84.0,80.83306021234449,1,1,2,294.8290057294762
Gopalganj,2023-10-18 02:30:00,hum,74.0,84.03984726815091,1,1,2,294.8290057294762
Gopalganj,2023-10-19 02:15:00,hum,65.0,71.22298832377213,1,1,2,294.8290057294762
Gopalganj,2023-10-20 02:30:00,hum,56.0,67.80287043573433,1,1,2,294.8290057294762
Gopalganj,2023-10-21 02:15:00,hum,59.0,56.97400467643739,1,1,2,294.8290057294762
Gopalganj,2023-10-22 02:15:00,hum,58.0,65.10160950725152,1,1,2,294.8290057294762
Gopalganj,2023-10-23 02:15:00,hum,61.0,58.72775268036435,1,1,2,294.8290057294762
Gopalganj,2023-10-24 02:15:00,hum,56.0,64.6916309390328,1,1,2,294.8290057294762
Gopalganj,2023-10-25 02:15:00,hum,66.0,55.46051238926479,1,1,2,294.8290057294762
Gopalganj,2023-10-26 02:00:00,hum,67.0,70.52171097401998,1,1,2,294.8290057294762
Gopalganj,2023-10-27 02:15:00,hum,58.0,65.49004762339189,1,1,2,294.8290057294762
Gopalganj,2023-10-28 02:00:00,hum,59.0,57.39406147366916,1,1,2,294.8290057294762
Gopalganj,2023-10-29 02:30:00,hum,56.0,61.56561514005751,1,1,2,294.8290057294762
Gopalganj,2023-10-30 01:45:00,hum,55.0,55.998169169170914,1,1,2,294.8290057294762
Gorakhpur,2023-10-15 02:30:00,hum,34.0,28.0,0,1,0,331.4690829367761
Gorakhpur,2023-10-16 02:30:00,hum,48.0,34.0,0,1,0,331.4690829367761
Gorakhpur,2023-10-17 02:30:00,hum,79.0,48.0,0,1,0,331.4690829367761
Gorakhpur,2023-10-18 02:30:00,hum,61.0,79.0,0,1,0,331.4690829367761
Gorakhpur,2023-10-19 02:30:00,hum,43.0,61.0,0,1,0,331.4690829367761
Gorakhpur,2023-10-20 02:30:00,hum,36.0,43.0,0,1,0,331.4690829367761
Gorakhpur,2023-10-21 02:15:00,hum,35.0,36.0,0,1,0,331.4690829367761
Gorakhpur,2023-10-22 02:30:00,hum,37.0,35.0,0,1,0,331.4690829367761
Gorakhpur,2023-10-23 02:15:00,hum,37.0,37.0,0,1,0,331.4690829367761
Gorakhpur,2023-10-24 02:15:00,hum,46.0,37.0,0,1,0,331.4690829367761
Gorakhpur,2023-10-25 02:30:00,hum,38.0,46.0,0,1,0,331.4690829367761
Gorakhpur,2023-10-26 02:00:00,hum,33.0,38.0,0,1,0,331.4690829367761
Gorakhpur,2023-10-27 02:30:00,hum,30.0,33.0,0,1,0,331.4690829367761
Gorakhpur,2023-10-28 02:00:00,hum,22.0,30.0,0,1,0,331.4690829367761
Gorakhpur,2023-10-29 02:45:00,hum,27.0,22.0,0,1,0,331.4690829367761
Gorakhpur,2023-10-30 02:00:00,hum,33.0,27.0,0,1,0,331.4690829367761
Gulbarga,2023-10-15 02:30:00,hum,64.0,62.0,0,1,0,280.5915442511622
Gulbarga,2023-10-16 02:30:00,hum,59.0,64.0,0,1,0,280.5915442511622
Gulbarga,2023-10-17 02:30:00,hum,65.0,59.0,0,1,0,280.5915442511622
Gulbarga,2023-10-18 02:30:00,hum,69.0,65.0,0,1,0,280.5915442511622
Gulbarga,2023-10-19 02:15:00,hum,67.0,69.0,0,1,0,280.5915442511622
Gulbarga,2023-10-20 02:30:00,hum,69.0,67.0,0,1,0,280.5915442511622
Gulbarga,2023-10-21 02:15:00,hum,73.0,69.0,0,1,0,280.5915442511622
Gulbarga,2023-10-22 02:15:00,hum,70.0,73.0,0,1,0,280.5915442511622
Gulbarga,2023-10-23 02:15:00,hum,58.0,70.0,0,1,0,280.5915442511622
Gulbarga,2023-10-24 02:15:00,hum,61.0,58.0,0,1,0,280.5915442511622
Gulbarga,2023-10-25 02:15:00,hum,55.0,61.0,0,1,0,280.5915442511622
Gulbarga,2023-10-26 02:00:00,hum,54.0,55.0,0,1,0,280.5915442511622
Gulbarga,2023-10-27 02:15:00,hum,57.0,54.0,0,1,0,280.5915442511622
Gulbarga,2023-10-28 02:00:00,hum,56.0,57.0,0,1,0,280.5915442511622
Gulbarga,2023-10-29 02:30:00,hum,59.0,56.0,0,1,0,280.5915442511622
Gulbarga,2023-10-30 02:00:00,hum,64.0,59.0,0,1,0,280.5915442511622
Gumla,2023-10-15 02:30:00,hum,62.0,54.00000000000001,0,1,0,280.286622726093
Gumla,2023-10-16 02:30:00,hum,69.0,62.0,0,1,0,280.286622726093
Gumla,2023-10-17 02:15:00,hum,72.0,69.0,0,1,0,280.286622726093
Gumla,2023-10-18 02:30:00,hum,77.0,72.0,0,1,0,280.286622726093
Gumla,2023-10-19 02:15:00,hum,83.0,77.0,0,1,0,280.286622726093
Gumla,2023-10-20 02:30:00,hum,78.0,83.0,0,1,0,280.286622726093
Gumla,2023-10-21 02:15:00,hum,71.0,78.0,0,1,0,280.286622726093
Gumla,2023-10-22 02:15:00,hum,70.0,71.0,0,1,0,280.286622726093
Gumla,2023-10-23 02:00:00,hum,73.0,70.0,0,1,0,280.286622726093
Gumla,2023-10-24 02:15:00,hum,79.0,73.0,0,1,0,280.286622726093
Gumla,2023-10-25 02:15:00,hum,86.0,79.0,0,1,0,280.286622726093
Gumla,2023-10-26 02:00:00,hum,63.0,86.0,0,1,0,280.286622726093
Gumla,2023-10-27 02:15:00,hum,66.0,63.0,0,1,0,280.286622726093
Gumla,2023-10-28 02:00:00,hum,63.0,66.0,0,1,0,280.286622726093
Gumla,2023-10-29 02:30:00,hum,71.0,63.0,0,1,0,280.286622726093
Gumla,2023-10-30 01:45:00,hum,80.0,71.0,0,1,0,280.286622726093
Guna,2023-10-15 02:30:00,hum,48.0,49.0,0,1,0,298.22896295562936
Guna,2023-10-16 02:30:00,hum,45.0,48.0,0,1,0,298.22896295562936
Guna,2023-10-17 02:15:00,hum,81.0,45.0,0,1,0,298.22896295562936
Guna,2023-10-18 02:15:00,hum,56.0,81.0,0,1,0,298.22896295562936
Guna,2023-10-19 02:15:00,hum,60.0,56.0,0,1,0,298.22896295562936
Guna,2023-10-20 02:15:00,hum,47.0,60.0,0,1,0,298.22896295562936
Guna,2023-10-21 02:00:00,hum,52.0,47.0,0,1,0,298.22896295562936
Guna,2023-10-22 02:15:00,hum,50.0,52.0,0,1,0,298.22896295562936
Guna,2023-10-23 02:00:00,hum,48.0,50.0,0,1,0,298.22896295562936
Guna,2023-10-24 02:15:00,hum,45.0,48.0,0,1,0,298.22896295562936
Guna,2023-10-25 02:15:00,hum,43.0,45.0,0,1,0,298.22896295562936
Guna,2023-10-26 02:00:00,hum,41.0,43.0,0,1,0,298.22896295562936
Guna,2023-10-27 02:15:00,hum,41.0,41.0,0,1,0,298.22896295562936
Guna,2023-10-28 02:00:00,hum,30.0,41.0,0,1,0,298.22896295562936
Guna,2023-10-29 02:30:00,hum,42.0,30.0,0,1,0,298.22896295562936
Guna,2023-10-30 01:45:00,hum,40.0,42.0,0,1,0,298.22896295562936
Guntur,2023-10-15 02:30:00,hum,85.0,89.44153806680941,0,1,1,250.0464251986114
Guntur,2023-10-16 02:30:00,hum,88.0,87.22642263604261,0,1,1,250.0464251986114
Guntur,2023-10-17 02:15:00,hum,87.0,87.59963145098247,0,1,1,250.0464251986114
Guntur,2023-10-18 02:30:00,hum,82.0,87.31204303633042,0,1,1,250.0464251986114
Guntur,2023-10-19 02:15:00,hum,88.0,84.73361498176423,0,1,1,250.0464251986114
Guntur,2023-10-20 02:30:00,hum,92.0,86.31248340471372,0,1,1,250.0464251986114
Guntur,2023-10-21 02:15:00,hum,91.0,88.9283840113964,0,1,1,250.0464251986114
Guntur,2023-10-22 02:15:00,hum,88.0,89.97006733120647,0,1,1,250.0464251986114
Guntur,2023-10-23 02:00:00,hum,73.0,89.0183419318387,0,1,1,250.0464251986114
Guntur,2023-10-24 02:15:00,hum,62.0,81.96403278537034,0,1,1,250.0464251986114
Guntur,2023-10-25 02:15:00,hum,74.0,64.30133917177325,0,1,1,250.0464251986114
Guntur,2023-10-26 02:00:00,hum,71.0,71.80721509519714,0,1,1,250.0464251986114
Guntur,2023-10-27 02:15:00,hum,75.0,71.25618954928339,0,1,1,250.0464251986114
Guntur,2023-10-28 02:00:00,hum,93.0,73.80228482238269,0,1,1,250.0464251986114
Guntur,2023-10-29 02:30:00,hum,92.0,88.20534954982315,0,1,1,250.0464251986114
Guntur,2023-10-30 01:45:00,hum,90.0,91.42090789151877,0,1,1,250.0464251986114
Gurdaspur,2023-10-15 02:30:00,hum,46.0,52.10306389841749,0,1,1,319.12876568630384
Gurdaspur,2023-10-16 02:30:00,hum,41.0,48.34773634523689,0,1,1,319.12876568630384
Gurdaspur,2023-10-17 02:30:00,hum,75.0,43.73904750002122,0,1,1,319.12876568630384
Gurdaspur,2023-10-18 02:30:00,hum,47.0,60.60799349367054,0,1,1,319.12876568630384
Gurdaspur,2023-10-19 02:15:00,hum,56.0,53.41594304510132,0,1,1,319.12876568630384
Gurdaspur,2023-10-20 02:30:00,hum,56.0,54.58566265344564,0,1,1,319.12876568630384
Gurdaspur,2023-10-21 02:15:00,hum,47.0,55.2278105678257,0,1,1,319.12876568630384
Gurdaspur,2023-10-22 02:15:00,hum,51.0,51.532684860166846,0,1,1,319.12876568630384
Gurdaspur,2023-10-23 02:15:00,hum,46.0,51.2927238300878,0,1,1,319.12876568630384
Gurdaspur,2023-10-24 02:15:00,hum,52.0,48.89304539155345,0,1,1,319.12876568630384
Gurdaspur,2023-10-25 02:15:00,hum,39.0,50.30150449137895,0,1,1,319.12876568630384
Gurdaspur,2023-10-26 02:00:00,hum,43.0,45.217821955525324,0,1,1,319.12876568630384
Gurdaspur,2023-10-27 02:15:00,hum,54.0,44.1835745739345,0,1,1,319.12876568630384
Gurdaspur,2023-10-28 02:00:00,hum,52.0,48.56946069840468,0,1,1,319.12876568630384
Gurdaspur,2023-10-29 02:45:00,hum,49.0,50.09224120224487,0,1,1,319.12876568630384
Gurdaspur,2023-10-30 02:00:00,hum,51.0,49.60649562464372,0,1,1,319.12876568630384
Gurgaon,2023-10-15 02:30:00,hum,74.0,66.59504184297296,0,1,1,342.5027384099345
Gurgaon,2023-10-16 02:30:00,hum,65.0,69.30749172647162,0,1,1,342.5027384099345
Gurgaon,2023-10-17 02:15:00,hum,94.0,67.72704883762317,0,1,1,342.5027384099345
Gurgaon,2023-10-18 02:15:00,hum,78.0,77.3249845289189,0,1,1,342.5027384099345
Gurgaon,2023-10-19 02:15:00,hum,69.0,77.60285635206836,0,1,1,342.5027384099345
Gurgaon,2023-10-20 02:30:00,hum,69.0,74.391549746229,0,1,1,342.5027384099345
Gurgaon,2023-10-21 02:15:00,hum,73.0,72.51370854881856,0,1,1,342.5027384099345
Gurgaon,2023-10-22 02:15:00,hum,69.0,72.68316706595421,0,1,1,342.5027384099345
Gurgaon,2023-10-23 02:00:00,hum,78.0,71.40497383389786,0,1,1,342.5027384099345
Gurgaon,2023-10-24 02:15:00,hum,65.0,73.68066476896682,0,1,1,342.5027384099345
Gurgaon,2023-10-25 02:15:00,hum,64.0,70.72080519410825,0,1,1,342.5027384099345
Gurgaon,2023-10-26 02:00:00,hum,61.0,68.38848566372404,0,1,1,342.5027384099345
Gurgaon,2023-10-27 02:15:00,hum,60.0,65.71936357152941,0,1,1,342.5027384099345
Gurgaon,2023-10-28 02:00:00,hum,60.0,63.56839825125924,0,1,1,342.5027384099345
Gurgaon,2023-10-29 02:30:00,hum,28.0,62.20543089229584,0,1,1,342.5027384099345
Gurgaon,2023-10-30 01:45:00,hum,69.0,47.734323445011846,0,1,1,342.5027384099345
Gwalior,2023-10-15 02:30:00,hum,38.0,44.0,0,1,0,308.9895683576624
Gwalior,2023-10-16 02:30:00,hum,42.0,38.0,0,1,0,308.9895683576624
Gwalior,2023-10-17 02:15:00,hum,80.0,42.0,0,1,0,308.9895683576624
Gwalior,2023-10-18 02:15:00,hum,67.0,80.0,0,1,0,308.9895683576624
Gwalior,2023-10-19 02:15:00,hum,45.0,67.0,0,1,0,308.9895683576624
Gwalior,2023-10-20 02:15:00,hum,47.0,45.0,0,1,0,308.9895683576624
Gwalior,2023-10-21 02:00:00,hum,46.0,47.0,0,1,0,308.9895683576624
Gwalior,2023-10-22 02:15:00,hum,48.0,46.0,0,1,0,308.9895683576624
Gwalior,2023-10-23 02:00:00,hum,41.0,48.0,0,1,0,308.9895683576624
Gwalior,2023-10-24 02:15:00,hum,43.0,41.0,0,1,0,308.9895683576624
Gwalior,2023-10-25 02:15:00,hum,45.0,43.0,0,1,0,308.9895683576624
Gwalior,2023-10-26 02:00:00,hum,38.0,45.0,0,1,0,308.9895683576624
Gwalior,2023-10-27 02:15:00,hum,32.0,38.0,0,1,0,308.9895683576624
Gwalior,2023-10-28 02:00:00,hum,32.0,32.0,0,1,0,308.9895683576624
Gwalior,2023-10-29 02:30:00,hum,36.0,32.0,0,1,0,308.9895683576624
Gwalior,2023-10-30 01:45:00,hum,36.0,36.0,0,1,0,308.9895683576624
Hailakandi,2023-10-15 02:30:00,hum,90.0,95.8178234380205,0,1,1,204.2006115758786
Hailakandi,2023-10-16 02:30:00,hum,90.0,92.47009348605087,0,1,1,204.2006115758786
Hailakandi,2023-10-17 02:15:00,hum,91.0,91.05313957373316,0,1,1,204.2006115758786
Hailakandi,2023-10-18 02:30:00,hum,90.0,91.02831237503547,0,1,1,204.2006115758786
Hailakandi,2023-10-19 02:15:00,hum,88.0,90.56506043476375,0,1,1,204.2006115758786
Hailakandi,2023-10-20 02:30:00,hum,89.0,89.37641694190852,0,1,1,204.2006115758786
Hailakandi,2023-10-21 02:15:00,hum,90.0,89.19609998782391,0,1,1,204.2006115758786
Hailakandi,2023-10-22 02:15:00,hum,87.0,89.56545989839273,0,1,1,204.2006115758786
Hailakandi,2023-10-23 02:15:00,hum,96.0,88.40239359540112,0,1,1,204.2006115758786
Hailakandi,2023-10-24 02:15:00,hum,94.0,91.48960110363697,0,1,1,204.2006115758786
Hailakandi,2023-10-25 02:15:00,hum,76.0,92.67813840923847,0,1,1,204.2006115758786
Hailakandi,2023-10-26 02:00:00,hum,97.0,87.31261236349229,0,1,1,204.2006115758786
Hailakandi,2023-10-27 02:15:00,hum,93.0,90.17786680172178,0,1,1,204.2006115758786
Hailakandi,2023-10-28 02:00:00,hum,92.0,90.80055864469115,0,1,1,204.2006115758786
Hailakandi,2023-10-29 02:30:00,hum,91.0,91.0620225818694,0,1,1,204.2006115758786
Hailakandi,2023-10-30 01:45:00,hum,90.0,91.04824122728239,0,1,1,204.2006115758786
Hamirpur,2023-10-15 02:30:00,hum,38.0,39.22500365993632,1,1,0,336.9737503649588
Hamirpur,2023-10-16 02:30:00,hum,41.0,38.77619539308293,1,1,0,336.9737503649588
Hamirpur,2023-10-17 02:15:00,hum,79.0,39.83298635832222,1,1,0,336.9737503649588
Hamirpur,2023-10-18 02:15:00,hum,62.0,65.03470944826663,1,1,0,336.9737503649588
Hamirpur,2023-10-19 02:15:00,hum,46.0,68.50993108342188,1,1,0,336.9737503649588
Hamirpur,2023-10-20 02:15:00,hum,43.0,51.339589271083845,1,1,0,336.9737503649588
Hamirpur,2023-10-21 02:15:00,hum,44.0,43.95184875159155,1,1,0,336.9737503649588
Hamirpur,2023-10-22 02:15:00,hum,48.0,43.682578367841714,1,1,0,336.9737503649588
Hamirpur,2023-10-23 02:00:00,hum,51.0,46.73204798661267,1,1,0,336.9737503649588
Hamirpur,2023-10-24 02:15:00,hum,41.0,50.05507314311577,1,1,0,336.9737503649588
Hamirpur,2023-10-25 02:15:00,hum,47.0,44.18370302967572,1,1,0,336.9737503649588
Hamirpur,2023-10-26 02:00:00,hum,42.0,45.068580420652964,1,1,0,336.9737503649588
Hamirpur,2023-10-27 02:15:00,hum,36.0,43.62112107571798,1,1,0,336.9737503649588
Hamirpur,2023-10-28 02:00:00,hum,35.0,37.91797952877382,1,1,0,336.9737503649588
Hamirpur,2023-10-29 02:30:00,hum,36.0,35.31763968625627,1,1,0,336.9737503649588
Hamirpur,2023-10-30 01:45:00,hum,38.0,35.682185975520895,1,1,0,336.9737503649588
Hanumangarh,2023-10-15 02:30:00,hum,32.0,32.0,0,1,0,320.03677774783966
Hanumangarh,2023-10-16 02:30:00,hum,39.0,32.0,0,1,0,320.03677774783966
Hanumangarh,2023-10-17 02:30:00,hum,79.0,39.0,0,1,0,320.03677774783966
Hanumangarh,2023-10-18 02:30:00,hum,63.0,79.0,0,1,0,320.03677774783966
Hanumangarh,2023-10-19 02:30:00,hum,43.0,63.0,0,1,0,320.03677774783966
Hanumangarh,2023-10-20 02:30:00,hum,45.0,43.0,0,1,0,320.03677774783966
Hanumangarh,2023-10-21 02:15:00,hum,45.0,45.0,0,1,0,320.03677774783966
Hanumangarh,2023-10-22 02:30:00,hum,50.0,45.0,0,1,0,320.03677774783966
Hanumangarh,2023-10-23 02:15:00,hum,42.0,50.0,0,1,0,320.03677774783966
Hanumangarh,2023-10-24 02:15:00,hum,50.0,42.0,0,1,0,320.03677774783966
Hanumangarh,2023-10-25 02:30:00,hum,48.0,50.0,0,1,0,320.03677774783966
Hanumangarh,2023-10-26 02:00:00,hum,34.0,48.0,0,1,0,320.03677774783966
Hanumangarh,2023-10-27 02:15:00,hum,27.0,34.0,0,1,0,320.03677774783966
Hanumangarh,2023-10-28 02:00:00,hum,28.0,27.000000000000004,0,1,0,320.03677774783966
Hanumangarh,2023-10-29 02:45:00,hum,28.0,28.0,0,1,0,320.03677774783966
Hanumangarh,2023-10-30 02:00:00,hum,31.0,28.0,0,1,0,320.03677774783966
Haora,2023-10-15 02:30:00,hum,84.0,81.04404127549438,0,1,1,257.3275915782032
Haora,2023-10-16 02:30:00,hum,89.0,82.29865183245464,0,1,1,257.3275915782032
Haora,2023-10-17 02:30:00,hum,84.0,84.60787736613538,0,1,1,257.3275915782032
Haora,2023-10-18 02:30:00,hum,84.0,84.41219786791365,0,1,1,257.3275915782032
Haora,2023-10-19 02:15:00,hum,84.0,84.27989513248502,0,1,1,257.3275915782032
Haora,2023-10-20 02:30:00,hum,83.0,84.19017773933432,0,1,1,257.3275915782032
Haora,2023-10-21 02:15:00,hum,83.0,83.80806341285677,0,1,1,257.3275915782032
Haora,2023-10-22 02:15:00,hum,83.0,83.54762668444083,0,1,1,257.3275915782032
Haora,2023-10-23 02:15:00,hum,84.0,83.37082735008215,0,1,1,257.3275915782032
Haora,2023-10-24 02:15:00,hum,83.0,83.57397331355845,0,1,1,257.3275915782032
Haora,2023-10-25 02:15:00,hum,94.0,83.38975137729152,0,1,1,257.3275915782032
Haora,2023-10-26 02:00:00,hum,89.0,86.74051608955376,0,1,1,257.3275915782032
Haora,2023-10-27 02:15:00,hum,84.0,87.5794867464519,0,1,1,257.3275915782032
Haora,2023-10-28 02:00:00,hum,83.0,86.34831208742287,0,1,1,257.3275915782032
Haora,2023-10-29 02:45:00,hum,83.0,85.31860779192604,0,1,1,257.3275915782032
Haora,2023-10-30 01:45:00,hum,83.0,84.60900868828847,0,1,1,257.3275915782032
Hapur,2023-10-15 02:30:00,hum,51.0,46.579697157037195,0,1,2,334.36631442143664
Hapur,2023-10-16 02:30:00,hum,50.0,48.56421154935373,0,1,2,334.36631442143664
Hapur,2023-10-17 02:30:00,hum,82.0,48.46668336863003,0,1,2,334.36631442143664
Hapur,2023-10-18 02:30:00,hum,57.0,74.56179648139768,0,1,2,334.36631442143664
Hapur,2023-10-19 02:30:00,hum,47.0,54.02793213751718,0,1,2,334.36631442143664
Hapur,2023-10-20 02:30:00,hum,42.0,52.474066868797294,0,1,2,334.36631442143664
Hapur,2023-10-21 02:15:00,hum,48.0,46.60764761420594,0,1,2,334.36631442143664
Hapur,2023-10-22 02:30:00,hum,47.0,50.233045121947576,0,1,2,334.36631442143664
Hapur,2023-10-23 02:15:00,hum,49.0,47.635057644557236,0,1,2,334.36631442143664
Hapur,2023-10-24 02:15:00,hum,50.0,49.37989161782977,0,1,2,334.36631442143664
Hapur,2023-10-25 02:30:00,hum,38.0,49.47296395714899,0,1,2,334.36631442143664
Hapur,2023-10-26 02:00:00,hum,36.0,41.33241301246022,0,1,2,334.36631442143664
Hapur,2023-10-27 02:30:00,hum,36.0,40.426250231329306,0,1,2,334.36631442143664
Hapur,2023-10-28 02:00:00,hum,30.0,38.539935575494766,0,1,2,334.36631442143664
Hapur,2023-10-29 02:45:00,hum,39.0,33.37868715009103,0,1,2,334.36631442143664
Hapur,2023-10-30 02:00:00,hum,44.0,39.480592970542226,0,1,2,334.36631442143664
Harda,2023-10-15 02:30:00,hum,52.0,55.0,0,1,0,266.90880115055023
Harda,2023-10-16 02:30:00,hum,59.0,52.0,0,1,0,266.90880115055023
Harda,2023-10-17 02:15:00,hum,69.0,59.0,0,1,0,266.90880115055023
Harda,2023-10-18 02:15:00,hum,66.0,69.0,0,1,0,266.90880115055023
Harda,2023-10-19 02:15:00,hum,59.0,66.0,0,1,0,266.90880115055023
Harda,2023-10-20 02:15:00,hum,61.0,59.0,0,1,0,266.90880115055023
Harda,2023-10-21 02:00:00,hum,50.0,61.0,0,1,0,266.90880115055023
Harda,2023-10-22 02:15:00,hum,51.0,50.0,0,1,0,266.90880115055023
Harda,2023-10-23 02:00:00,hum,50.0,51.0,0,1,0,266.90880115055023
Harda,2023-10-24 02:15:00,hum,59.0,50.0,0,1,0,266.90880115055023
Harda,2023-10-25 02:15:00,hum,56.0,59.0,0,1,0,266.90880115055023
Harda,2023-10-26 02:00:00,hum,47.0,56.0,0,1,0,266.90880115055023
Harda,2023-10-27 02:15:00,hum,47.0,47.0,0,1,0,266.90880115055023
Harda,2023-10-28 02:00:00,hum,46.0,47.0,0,1,0,266.90880115055023
Harda,2023-10-29 02:30:00,hum,46.0,46.0,0,1,0,266.90880115055023
Harda,2023-10-30 01:45:00,hum,46.0,46.0,0,1,0,266.90880115055023
Hardoi,2023-10-15 02:30:00,hum,50.0,48.93589298789837,0,1,1,333.0274190877503
Hardoi,2023-10-16 02:30:00,hum,56.0,49.519132890668104,0,1,1,333.0274190877503
Hardoi,2023-10-17 02:30:00,hum,78.0,53.085585301842556,0,1,1,333.0274190877503
Hardoi,2023-10-18 02:30:00,hum,66.0,67.71094921585964,0,1,1,333.0274190877503
Hardoi,2023-10-19 02:30:00,hum,55.0,66.63702680596052,0,1,1,333.0274190877503
Hardoi,2023-10-20 02:30:00,hum,43.0,60.078088399120105,0,1,1,333.0274190877503
Hardoi,2023-10-21 02:15:00,hum,53.0,50.17427857395052,0,1,1,333.0274190877503
Hardoi,2023-10-22 02:30:00,hum,53.0,51.86398551370272,0,1,1,333.0274190877503
Hardoi,2023-10-23 02:15:00,hum,53.0,52.50904010942709,0,1,1,333.0274190877503
Hardoi,2023-10-24 02:15:00,hum,47.0,52.78622672523712,0,1,1,333.0274190877503
Hardoi,2023-10-25 02:30:00,hum,51.0,49.52172183191054,0,1,1,333.0274190877503
Hardoi,2023-10-26 02:00:00,hum,44.0,50.3576082850293,0,1,1,333.0274190877503
Hardoi,2023-10-27 02:30:00,hum,41.0,46.774019295737745,0,1,1,333.0274190877503
Hardoi,2023-10-28 02:00:00,hum,43.0,43.461790698050656,0,1,1,333.0274190877503
Hardoi,2023-10-29 02:45:00,hum,42.0,43.19625655212754,0,1,1,333.0274190877503
Hardoi,2023-10-30 02:00:00,hum,48.0,42.51137136649374,0,1,1,333.0274190877503
Hardwar,2023-10-15 02:30:00,hum,60.0,61.15004233396856,1,1,0,288.9725718070159
Hardwar,2023-10-16 02:30:00,hum,61.0,60.85252992244116,1,1,0,288.9725718070159
Hardwar,2023-10-17 02:30:00,hum,76.0,60.57339789031784,1,1,0,288.9725718070159
Hardwar,2023-10-18 02:30:00,hum,65.0,69.72552220098586,1,1,0,288.9725718070159
Hardwar,2023-10-19 02:15:00,hum,67.0,69.93353553183265,1,1,0,288.9725718070159
Hardwar,2023-10-20 02:30:00,hum,70.0,66.1287722853248,1,1,0,288.9725718070159
Hardwar,2023-10-21 02:15:00,hum,64.0,68.70221496653087,1,1,0,288.9725718070159
Hardwar,2023-10-22 02:15:00,hum,62.0,66.63005348406028,1,1,0,288.9725718070159
Hardwar,2023-10-23 02:15:00,hum,61.0,62.854785499012706,1,1,0,288.9725718070159
Hardwar,2023-10-24 02:15:00,hum,58.0,61.426058896823925,1,1,0,288.9725718070159
Hardwar,2023-10-25 02:15:00,hum,53.0,59.27439944770322,1,1,0,288.9725718070159
Hardwar,2023-10-26 02:00:00,hum,50.0,55.08676745214387,1,1,0,288.9725718070159
Hardwar,2023-10-27 02:15:00,hum,55.0,51.222303898255404,1,1,0,288.9725718070159
Hardwar,2023-10-28 02:00:00,hum,55.0,52.94032349594575,1,1,0,288.9725718070159
Hardwar,2023-10-29 02:30:00,hum,57.0,55.0,1,1,0,288.9725718070159
Hardwar,2023-10-30 01:45:00,hum,56.0,56.18367527933837,1,1,0,288.9725718070159
Hassan,2023-10-16 02:30:00,hum,76.0,85.5817742443527,0,1,1,243.13332320272576
Hassan,2023-10-17 02:30:00,hum,89.0,81.53776182506489,0,1,1,243.13332320272576
Hassan,2023-10-18 02:30:00,hum,81.0,84.27055869131263,0,1,1,243.13332320272576
Hassan,2023-10-19 02:15:00,hum,82.0,83.15007810699116,0,1,1,243.13332320272576
Hassan,2023-10-20 02:30:00,hum,71.0,82.75847025943045,0,1,1,243.13332320272576
Hassan,2023-10-21 02:15:00,hum,73.0,78.51867197893033,0,1,1,243.13332320272576
Hassan,2023-10-22 02:15:00,hum,66.0,75.87015966611112,0,1,1,243.13332320272576
Hassan,2023-10-23 02:15:00,hum,67.0,70.51429138687276,0,1,1,243.13332320272576
Hassan,2023-10-24 02:15:00,hum,50.0,68.46758228784068,0,1,1,243.13332320272576
Hassan,2023-10-25 02:15:00,hum,50.0,57.02610964188823,0,1,1,243.13332320272576
Hassan,2023-10-26 02:00:00,hum,49.0,51.96839444237597,0,1,1,243.13332320272576
Hassan,2023-10-27 02:15:00,hum,57.0,49.89870817135936,0,1,1,243.13332320272576
Hassan,2023-10-28 02:00:00,hum,63.0,54.62685867790846,0,1,1,243.13332320272576
Hassan,2023-10-29 02:45:00,hum,87.0,60.3202067101293,0,1,1,243.13332320272576
Hassan,2023-10-30 02:00:00,hum,91.0,81.62368690684717,0,1,1,243.13332320272576
Haveri,2023-10-15 02:30:00,hum,79.0,64.0,0,1,0,243.34081463485268
Haveri,2023-10-16 02:30:00,hum,90.0,79.0,0,1,0,243.34081463485268
Haveri,2023-10-17 02:30:00,hum,77.0,90.0,0,1,0,243.34081463485268
Haveri,2023-10-18 02:30:00,hum,73.0,77.0,0,1,0,243.34081463485268
Haveri,2023-10-19 02:15:00,hum,59.0,73.0,0,1,0,243.34081463485268
Haveri,2023-10-20 02:30:00,hum,61.0,59.0,0,1,0,243.34081463485268
Haveri,2023-10-21 02:15:00,hum,75.0,61.0,0,1,0,243.34081463485268
Haveri,2023-10-22 02:15:00,hum,68.0,75.0,0,1,0,243.34081463485268
Haveri,2023-10-23 02:15:00,hum,49.0,68.0,0,1,0,243.34081463485268
Haveri,2023-10-24 02:15:00,hum,50.0,48.99999999999999,0,1,0,243.34081463485268
Haveri,2023-10-25 02:15:00,hum,54.0,50.0,0,1,0,243.34081463485268
Haveri,2023-10-26 02:00:00,hum,50.0,54.0,0,1,0,243.34081463485268
Haveri,2023-10-27 02:15:00,hum,49.0,50.0,0,1,0,243.34081463485268
Haveri,2023-10-28 02:00:00,hum,47.0,49.0,0,1,0,243.34081463485268
Haveri,2023-10-29 02:45:00,hum,71.0,47.0,0,1,0,243.34081463485268
Haveri,2023-10-30 02:00:00,hum,76.0,71.0,0,1,0,243.34081463485268
Hazaribagh,2023-10-15 02:30:00,hum,72.0,94.59139119176209,2,1,2,292.47299450945206
Hazaribagh,2023-10-16 02:30:00,hum,66.0,59.711167854523595,2,1,2,292.47299450945206
Hazaribagh,2023-10-17 02:15:00,hum,79.0,70.02682795123499,2,1,2,292.47299450945206
Hazaribagh,2023-10-18 02:30:00,hum,83.0,83.30846019279923,2,1,2,292.47299450945206
Hazaribagh,2023-10-19 02:15:00,hum,91.0,71.90330830423522,2,1,2,292.47299450945206
Hazaribagh,2023-10-20 02:30:00,hum,77.0,94.59328370165282,2,1,2,292.47299450945206
Hazaribagh,2023-10-21 02:15:00,hum,73.0,76.63665879793591,2,1,2,292.47299450945206
Hazaribagh,2023-10-22 02:15:00,hum,64.0,74.51245452437561,2,1,2,292.47299450945206
Hazaribagh,2023-10-23 02:00:00,hum,70.0,65.62869599194862,2,1,2,292.47299450945206
Hazaribagh,2023-10-24 02:15:00,hum,67.0,75.98460706255425,2,1,2,292.47299450945206
Hazaribagh,2023-10-25 02:15:00,hum,77.0,65.79816879729937,2,1,2,292.47299450945206
Hazaribagh,2023-10-26 02:00:00,hum,67.0,77.81145484180048,2,1,2,292.47299450945206
Hazaribagh,2023-10-27 02:15:00,hum,65.0,67.62141893289578,2,1,2,292.47299450945206
Hazaribagh,2023-10-28 02:00:00,hum,77.0,67.24186039439233,2,1,2,292.47299450945206
Hazaribagh,2023-10-29 02:30:00,hum,66.0,72.65256471935871,2,1,2,292.47299450945206
Hazaribagh,2023-10-30 01:45:00,hum,72.0,69.08729299026295,2,1,2,292.47299450945206
Hingoli,2023-10-15 02:30:00,hum,59.0,63.39241137793428,1,1,0,255.99804953796445
Hingoli,2023-10-16 02:30:00,hum,62.0,60.551410461811074,1,1,0,255.99804953796445
Hingoli,2023-10-17 02:30:00,hum,64.0,60.818261062267425,1,1,0,255.99804953796445
Hingoli,2023-10-18 02:30:00,hum,67.0,63.231291936353934,1,1,0,255.99804953796445
Hingoli,2023-10-19 02:30:00,hum,61.0,65.86959235446666,1,1,0,255.99804953796445
Hingoli,2023-10-20 02:30:00,hum,74.0,63.347835699022646,1,1,0,255.99804953796445
Hingoli,2023-10-21 02:15:00,hum,78.0,68.12880280221155,1,1,0,255.99804953796445
Hingoli,2023-10-22 02:30:00,hum,58.0,76.61841396563493,1,1,0,255.99804953796445
Hingoli,2023-10-23 02:15:00,hum,61.0,66.07161474021726,1,1,0,255.99804953796445
Hingoli,2023-10-24 02:15:00,hum,62.0,59.97494719692359,1,1,0,255.99804953796445
Hingoli,2023-10-25 02:15:00,hum,57.0,61.661913773877664,1,1,0,255.99804953796445
Hingoli,2023-10-26 02:00:00,hum,46.0,58.70470651947741,1,1,0,255.99804953796445
Hingoli,2023-10-27 02:15:00,hum,52.0,49.3261840234622,1,1,0,255.99804953796445
Hingoli,2023-10-28 02:00:00,hum,55.0,50.08675429000433,1,1,0,255.99804953796445
Hingoli,2023-10-29 02:45:00,hum,51.0,54.09174706089455,1,1,0,255.99804953796445
Hingoli,2023-10-30 02:00:00,hum,58.0,52.231454438518554,1,1,0,255.99804953796445
Hisar,2023-10-15 02:30:00,hum,31.0,27.0,0,1,0,324.1074023259103
Hisar,2023-10-16 02:30:00,hum,42.0,31.0,0,1,0,324.1074023259103
Hisar,2023-10-17 02:15:00,hum,75.0,42.0,0,1,0,324.1074023259103
Hisar,2023-10-18 02:30:00,hum,58.0,75.0,0,1,0,324.1074023259103
Hisar,2023-10-19 02:15:00,hum,41.0,58.0,0,1,0,324.1074023259103
Hisar,2023-10-20 02:30:00,hum,35.0,41.0,0,1,0,324.1074023259103
Hisar,2023-10-21 02:15:00,hum,40.0,35.0,0,1,0,324.1074023259103
Hisar,2023-10-22 02:15:00,hum,39.0,40.0,0,1,0,324.1074023259103
Hisar,2023-10-23 02:15:00,hum,37.0,39.0,0,1,0,324.1074023259103
Hisar,2023-10-24 02:15:00,hum,45.0,37.0,0,1,0,324.1074023259103
Hisar,2023-10-25 02:15:00,hum,38.0,45.0,0,1,0,324.1074023259103
Hisar,2023-10-26 02:00:00,hum,31.0,38.0,0,1,0,324.1074023259103
Hisar,2023-10-27 02:15:00,hum,25.0,31.0,0,1,0,324.1074023259103
Hisar,2023-10-28 02:00:00,hum,25.0,25.0,0,1,0,324.1074023259103
Hisar,2023-10-29 02:30:00,hum,27.0,25.0,0,1,0,324.1074023259103
Hisar,2023-10-30 01:45:00,hum,30.0,27.0,0,1,0,324.1074023259103
Hojai,2023-10-15 02:30:00,hum,94.0,93.2757283161847,1,0,2,189.76788158770626
Hojai,2023-10-16 02:30:00,hum,93.0,93.0520395486588,1,0,2,189.76788158770626
Hojai,2023-10-17 02:30:00,hum,93.0,94.41430430895949,1,0,2,189.76788158770626
Hojai,2023-10-18 02:30:00,hum,94.0,93.4095812981606,1,0,2,189.76788158770626
Hojai,2023-10-19 02:30:00,hum,94.0,93.69109886212605,1,0,2,189.76788158770626
Hojai,2023-10-20 02:30:00,hum,92.0,94.68072406439825,1,0,2,189.76788158770626
Hojai,2023-10-21 02:30:00,hum,94.0,92.79906644155588,1,0,2,189.76788158770626
Hojai,2023-10-22 02:30:00,hum,93.0,93.0875440952844,1,0,2,189.76788158770626
Hojai,2023-10-23 02:15:00,hum,92.0,94.45453503234683,1,0,2,189.76788158770626
Hojai,2023-10-24 02:15:00,hum,85.0,92.64586819489777,1,0,2,189.76788158770626
Hojai,2023-10-25 02:30:00,hum,93.0,86.75308587559977,1,0,2,189.76788158770626
Hojai,2023-10-26 02:00:00,hum,96.0,91.84940363989153,1,0,2,189.76788158770626
Hojai,2023-10-27 02:30:00,hum,95.0,97.29270273129036,1,0,2,189.76788158770626
Hojai,2023-10-28 02:00:00,hum,95.0,94.66524050055352,1,0,2,189.76788158770626
Hojai,2023-10-29 02:45:00,hum,93.0,94.27040411656235,1,0,2,189.76788158770626
Hojai,2023-10-30 02:00:00,hum,94.0,93.50821022911676,1,0,2,189.76788158770626
Hoshangabad,2023-10-15 02:30:00,hum,55.0,56.0,0,1,0,279.1082577289431
Hoshangabad,2023-10-16 02:30:00,hum,56.0,55.0,0,1,0,279.1082577289431
Hoshangabad,2023-10-17 02:15:00,hum,73.0,56.0,0,1,0,279.1082577289431
Hoshangabad,2023-10-18 02:15:00,hum,64.0,73.0,0,1,0,279.1082577289431
Hoshangabad,2023-10-19 02:15:00,hum,61.0,64.0,0,1,0,279.1082577289431
Hoshangabad,2023-10-20 02:15:00,hum,69.0,61.0,0,1,0,279.1082577289431
Hoshangabad,2023-10-21 02:00:00,hum,54.0,69.0,0,1,0,279.1082577289431
Hoshangabad,2023-10-22 02:15:00,hum,53.0,53.99999999999999,0,1,0,279.1082577289431
Hoshangabad,2023-10-23 02:00:00,hum,60.0,53.0,0,1,0,279.1082577289431
Hoshangabad,2023-10-24 02:15:00,hum,61.0,60.0,0,1,0,279.1082577289431
Hoshangabad,2023-10-25 02:15:00,hum,52.0,61.0,0,1,0,279.1082577289431
Hoshangabad,2023-10-26 02:00:00,hum,47.0,52.0,0,1,0,279.1082577289431
Hoshangabad,2023-10-27 02:15:00,hum,46.0,47.0,0,1,0,279.1082577289431
Hoshangabad,2023-10-28 02:00:00,hum,48.0,46.0,0,1,0,279.1082577289431
Hoshangabad,2023-10-29 02:30:00,hum,46.0,48.0,0,1,0,279.1082577289431
Hoshangabad,2023-10-30 01:45:00,hum,52.0,46.0,0,1,0,279.1082577289431
Hoshiarpur,2023-10-15 02:30:00,hum,45.0,45.463735903345054,0,1,1,294.39548212699736
Hoshiarpur,2023-10-16 02:30:00,hum,50.0,45.19670716733413,0,1,1,294.39548212699736
Hoshiarpur,2023-10-17 02:30:00,hum,70.0,47.95783627877211,0,1,1,294.39548212699736
Hoshiarpur,2023-10-18 02:30:00,hum,50.0,61.71913965841219,0,1,1,294.39548212699736
Hoshiarpur,2023-10-19 02:15:00,hum,57.0,54.487208805540845,0,1,1,294.39548212699736
Hoshiarpur,2023-10-20 02:30:00,hum,51.0,55.82367061715545,0,1,1,294.39548212699736
Hoshiarpur,2023-10-21 02:15:00,hum,46.0,53.274084197945555,0,1,1,294.39548212699736
Hoshiarpur,2023-10-22 02:15:00,hum,47.0,49.383571806189124,0,1,1,294.39548212699736
Hoshiarpur,2023-10-23 02:15:00,hum,47.0,48.07487328276328,0,1,1,294.39548212699736
Hoshiarpur,2023-10-24 02:15:00,hum,53.0,47.48809918703341,0,1,1,294.39548212699736
Hoshiarpur,2023-10-25 02:15:00,hum,45.0,50.44729167311752,0,1,1,294.39548212699736
Hoshiarpur,2023-10-26 02:00:00,hum,42.0,47.55479276952511,0,1,1,294.39548212699736
Hoshiarpur,2023-10-27 02:15:00,hum,47.0,44.57306419879208,0,1,1,294.39548212699736
Hoshiarpur,2023-10-28 02:00:00,hum,45.0,45.876374629562264,0,1,1,294.39548212699736
Hoshiarpur,2023-10-29 02:45:00,hum,45.0,45.41161006448392,0,1,1,294.39548212699736
Hoshiarpur,2023-10-30 02:00:00,hum,46.0,45.19332332501218,0,1,1,294.39548212699736
Hugli,2023-10-15 02:30:00,hum,84.0,81.12971390927669,0,1,1,258.3370574224986
Hugli,2023-10-16 02:30:00,hum,89.0,82.33681553811287,0,1,1,258.3370574224986
Hugli,2023-10-17 02:30:00,hum,84.0,84.60385286469617,0,1,1,258.3370574224986
Hugli,2023-10-18 02:30:00,hum,84.0,84.41354858223677,0,1,1,258.3370574224986
Hugli,2023-10-19 02:15:00,hum,84.0,84.28345582729892,0,1,1,258.3370574224986
Hugli,2023-10-20 02:30:00,hum,83.0,84.19439005963622,0,1,1,258.3370574224986
Hugli,2023-10-21 02:15:00,hum,83.0,83.81827170537531,0,1,1,258.3370574224986
Hugli,2023-10-22 02:15:00,hum,83.0,83.55951495078018,0,1,1,258.3370574224986
Hugli,2023-10-23 02:15:00,hum,84.0,83.38224522137781,0,1,1,258.3370574224986
Hugli,2023-10-24 02:15:00,hum,83.0,83.57800555908041,0,1,1,258.3370574224986
Hugli,2023-10-25 02:15:00,hum,94.0,83.39601394735061,0,1,1,258.3370574224986
Hugli,2023-10-26 02:00:00,hum,89.0,86.67780025803272,0,1,1,258.3370574224986
Hugli,2023-10-27 02:15:00,hum,84.0,87.52283716562059,0,1,1,258.3370574224986
Hugli,2023-10-28 02:00:00,hum,83.0,86.33111005824549,0,1,1,258.3370574224986
Hugli,2023-10-29 02:45:00,hum,83.0,85.32539487292483,0,1,1,258.3370574224986
Hugli,2023-10-30 02:00:00,hum,83.0,84.6285371904539,0,1,1,258.3370574224986
Idukki,2023-10-15 02:30:00,hum,94.0,90.17978828451237,0,1,2,197.19606809472864
Idukki,2023-10-16 02:30:00,hum,83.0,92.11429604682915,0,1,2,197.19606809472864
Idukki,2023-10-17 02:30:00,hum,92.0,89.57200250435473,0,1,2,197.19606809472864
Idukki,2023-10-18 02:30:00,hum,93.0,90.92954665611342,0,1,2,197.19606809472864
Idukki,2023-10-19 02:15:00,hum,89.0,91.02234968898627,0,1,2,197.19606809472864
Idukki,2023-10-20 02:30:00,hum,91.0,90.63918343254743,0,1,2,197.19606809472864
Idukki,2023-10-21 02:15:00,hum,89.0,90.8299311342653,0,1,2,197.19606809472864
Idukki,2023-10-22 02:15:00,hum,89.0,90.63362665784494,0,1,2,197.19606809472864
Idukki,2023-10-23 02:15:00,hum,91.0,90.59961517677341,0,1,2,197.19606809472864
Idukki,2023-10-24 02:15:00,hum,94.0,90.77196243713081,0,1,2,197.19606809472864
Idukki,2023-10-25 02:15:00,hum,91.0,91.08028213387131,0,1,2,197.19606809472864
Idukki,2023-10-26 02:00:00,hum,92.0,90.79572657193255,0,1,2,197.19606809472864
Idukki,2023-10-27 02:15:00,hum,93.0,90.92518940188073,0,1,2,197.19606809472864
Idukki,2023-10-28 02:00:00,hum,94.0,91.05224569442184,0,1,2,197.19606809472864
Idukki,2023-10-29 02:30:00,hum,92.0,91.23634880624468,0,1,2,197.19606809472864
Idukki,2023-10-30 02:00:00,hum,93.0,91.01885884005762,0,1,2,197.19606809472864
Imphal,2023-10-15 02:30:00,hum,95.0,96.42468829564372,0,1,2,191.77301866159326
Imphal,2023-10-16 02:30:00,hum,94.0,96.24648850060754,0,1,2,191.77301866159326
Imphal,2023-10-17 02:15:00,hum,94.0,95.43868285755046,0,1,2,191.77301866159326
Imphal,2023-10-18 02:30:00,hum,92.0,95.48715750031295,0,1,2,191.77301866159326
Imphal,2023-10-19 02:15:00,hum,90.0,93.19656307170611,0,1,2,191.77301866159326
Imphal,2023-10-20 02:30:00,hum,92.0,91.4993885614307,0,1,2,191.77301866159326
Imphal,2023-10-21 02:15:00,hum,88.0,93.06419995744798,0,1,2,191.77301866159326
Imphal,2023-10-22 02:15:00,hum,94.0,88.38800025616457,0,1,2,191.77301866159326
Imphal,2023-10-23 02:15:00,hum,96.0,93.97523002395887,0,1,2,191.77301866159326
Imphal,2023-10-24 02:15:00,hum,89.0,93.92227960671612,0,1,2,191.77301866159326
Imphal,2023-10-25 02:15:00,hum,99.0,89.66133316931865,0,1,2,191.77301866159326
Imphal,2023-10-26 02:00:00,hum,98.0,96.82143814234259,0,1,2,191.77301866159326
Imphal,2023-10-27 02:15:00,hum,98.0,94.74903018212292,0,1,2,191.77301866159326
Imphal,2023-10-28 02:00:00,hum,94.0,96.79718620600626,0,1,2,191.77301866159326
Imphal,2023-10-29 02:30:00,hum,92.0,94.33644744614021,0,1,2,191.77301866159326
Imphal,2023-10-30 01:45:00,hum,94.0,93.65237104536573,0,1,2,191.77301866159326
Indore,2023-10-15 02:30:00,hum,51.0,58.60900694645892,0,1,1,304.18346943119855
Indore,2023-10-16 02:30:00,hum,62.0,52.61658430680833,0,1,1,304.18346943119855
Indore,2023-10-17 02:15:00,hum,64.0,59.41396473741145,0,1,1,304.18346943119855
Indore,2023-10-18 02:15:00,hum,62.0,62.72371991906174,0,1,1,304.18346943119855
Indore,2023-10-19 02:15:00,hum,56.0,62.20173555890928,0,1,1,304.18346943119855
Indore,2023-10-20 02:15:00,hum,58.0,57.7771163802379,0,1,1,304.18346943119855
Indore,2023-10-21 02:00:00,hum,53.0,57.93720098032575,0,1,1,304.18346943119855
Indore,2023-10-22 02:15:00,hum,56.0,54.40226294746637,0,1,1,304.18346943119855
Indore,2023-10-23 02:00:00,hum,65.0,55.545575172281794,0,1,1,304.18346943119855
Indore,2023-10-24 02:15:00,hum,45.0,62.27787370087029,0,1,1,304.18346943119855
Indore,2023-10-25 02:15:00,hum,42.0,50.92568059698349,0,1,1,304.18346943119855
Indore,2023-10-26 02:00:00,hum,46.0,44.534013469753425,0,1,1,304.18346943119855
Indore,2023-10-27 02:15:00,hum,36.0,45.568514479477734,0,1,1,304.18346943119855
Indore,2023-10-28 01:45:00,hum,49.0,38.91697390692834,0,1,1,304.18346943119855
Indore,2023-10-29 02:30:00,hum,60.0,45.68410811620591,0,1,1,304.18346943119855
Indore,2023-10-30 01:45:00,hum,42.0,55.66717724775256,0,1,1,304.18346943119855
Jabalpur,2023-10-15 02:30:00,hum,60.0,64.94965154741536,0,1,2,309.9439494181373
Jabalpur,2023-10-16 02:30:00,hum,65.0,62.91608285898123,0,1,2,309.9439494181373
Jabalpur,2023-10-17 02:15:00,hum,75.0,65.63314929315786,0,1,2,309.9439494181373
Jabalpur,2023-10-18 02:15:00,hum,75.0,71.9995623009594,0,1,2,309.9439494181373
Jabalpur,2023-10-19 02:15:00,hum,68.0,71.60501919897384,0,1,2,309.9439494181373
Jabalpur,2023-10-20 02:15:00,hum,63.0,68.16217445049206,0,1,2,309.9439494181373
Jabalpur,2023-10-21 02:00:00,hum,57.0,65.48664856703053,0,1,2,309.9439494181373
Jabalpur,2023-10-22 02:15:00,hum,55.0,60.75040792384539,0,1,2,309.9439494181373
Jabalpur,2023-10-23 02:00:00,hum,56.0,58.83618677512037,0,1,2,309.9439494181373
Jabalpur,2023-10-24 02:15:00,hum,63.0,58.240926424914434,0,1,2,309.9439494181373
Jabalpur,2023-10-25 02:15:00,hum,59.0,62.69332715946713,0,1,2,309.9439494181373
Jabalpur,2023-10-26 02:00:00,hum,54.0,58.58243508172828,0,1,2,309.9439494181373
Jabalpur,2023-10-27 02:15:00,hum,51.0,56.17770530518693,0,1,2,309.9439494181373
Jabalpur,2023-10-28 02:00:00,hum,49.0,53.50918772481558,0,1,2,309.9439494181373
Jabalpur,2023-10-29 02:30:00,hum,54.0,51.440839389304,0,1,2,309.9439494181373
Jabalpur,2023-10-30 01:45:00,hum,50.0,54.68726625166247,0,1,2,309.9439494181373
Jagatsinghapur,2023-10-15 02:30:00,hum,84.0,86.17424466204368,0,1,1,269.59401757121674
Jagatsinghapur,2023-10-16 02:30:00,hum,89.0,85.58279175708248,0,1,1,269.59401757121674
Jagatsinghapur,2023-10-17 02:30:00,hum,89.0,86.47731217511947,0,1,1,269.59401757121674
Jagatsinghapur,2023-10-18 02:30:00,hum,94.0,87.07393938585828,0,1,1,269.59401757121674
Jagatsinghapur,2023-10-19 02:30:00,hum,89.0,88.68693439339283,0,1,1,269.59401757121674
Jagatsinghapur,2023-10-20 02:30:00,hum,94.0,88.7647570900456,0,1,1,269.59401757121674
Jagatsinghapur,2023-10-21 02:15:00,hum,89.0,90.20405281831418,0,1,1,269.59401757121674
Jagatsinghapur,2023-10-22 02:30:00,hum,83.0,89.84161663371076,0,1,1,269.59401757121674
Jagatsinghapur,2023-10-23 02:15:00,hum,79.0,88.20286084338751,0,1,1,269.59401757121674
Jagatsinghapur,2023-10-24 02:15:00,hum,89.0,86.05835017860836,0,1,1,269.59401757121674
Jagatsinghapur,2023-10-25 02:15:00,hum,94.0,86.84319580232138,0,1,1,269.59401757121674
Jagatsinghapur,2023-10-26 02:00:00,hum,94.0,88.3085150319522,0,1,1,269.59401757121674
Jagatsinghapur,2023-10-27 02:15:00,hum,83.0,89.46042183373672,0,1,1,269.59401757121674
Jagatsinghapur,2023-10-28 02:00:00,hum,78.0,88.17331889655514,0,1,1,269.59401757121674
Jagatsinghapur,2023-10-29 02:45:00,hum,83.0,86.31762691263631,0,1,1,269.59401757121674
Jagatsinghapur,2023-10-30 02:00:00,hum,88.0,85.5678616939932,0,1,1,269.59401757121674
Jagtial,2023-10-15 02:30:00,hum,68.0,73.12153057033878,0,1,1,260.9727856424266
Jagtial,2023-10-16 02:30:00,hum,63.0,69.38157722329154,0,1,1,260.9727856424266
Jagtial,2023-10-17 02:30:00,hum,70.0,64.43004119453477,0,1,1,260.9727856424266
Jagtial,2023-10-18 02:30:00,hum,71.0,68.55309836246035,0,1,1,260.9727856424266
Jagtial,2023-10-19 02:30:00,hum,72.0,70.34862150463056,0,1,1,260.9727856424266
Jagtial,2023-10-20 02:30:00,hum,81.0,71.57059426051917,0,1,1,260.9727856424266
Jagtial,2023-10-21 02:30:00,hum,77.0,78.76731418233712,0,1,1,260.9727856424266
Jagtial,2023-10-22 02:30:00,hum,65.0,77.40804119065892,0,1,1,260.9727856424266
Jagtial,2023-10-23 02:15:00,hum,59.0,68.33598955754537,0,1,1,260.9727856424266
Jagtial,2023-10-24 02:15:00,hum,68.0,60.10010729327838,0,1,1,260.9727856424266
Jagtial,2023-10-25 02:30:00,hum,65.0,66.38528161074534,0,1,1,260.9727856424266
Jagtial,2023-10-26 02:00:00,hum,60.0,65.32559481527264,0,1,1,260.9727856424266
Jagtial,2023-10-27 02:30:00,hum,54.0,61.2631146019098,0,1,1,260.9727856424266
Jagtial,2023-10-28 02:00:00,hum,61.0,55.36478549895664,0,1,1,260.9727856424266
Jagtial,2023-10-29 02:45:00,hum,61.0,59.729497051785614,0,1,1,260.9727856424266
Jagtial,2023-10-30 02:00:00,hum,63.0,60.69948562115784,0,1,1,260.9727856424266
Jaipur,2023-10-15 02:30:00,hum,40.0,57.026801523585206,1,1,0,316.03295704081796
Jaipur,2023-10-16 02:30:00,hum,61.0,44.042241149139294,1,1,0,316.03295704081796
Jaipur,2023-10-17 02:30:00,hum,69.0,52.30066632275576,1,1,0,316.03295704081796
Jaipur,2023-10-18 02:30:00,hum,73.0,66.32859518410115,1,1,0,316.03295704081796
Jaipur,2023-10-19 02:30:00,hum,65.0,71.71211677803525,1,1,0,316.03295704081796
Jaipur,2023-10-20 02:30:00,hum,61.0,67.62447655444852,1,1,0,316.03295704081796
Jaipur,2023-10-21 02:15:00,hum,61.0,62.26553894854611,1,1,0,316.03295704081796
Jaipur,2023-10-22 02:30:00,hum,57.0,61.0,1,1,0,316.03295704081796
Jaipur,2023-10-23 02:15:00,hum,61.0,58.26195856311599,1,1,0,316.03295704081796
Jaipur,2023-10-24 02:15:00,hum,57.0,59.727984378068854,1,1,0,316.03295704081796
Jaipur,2023-10-25 02:15:00,hum,54.0,58.281951010315005,1,1,0,316.03295704081796
Jaipur,2023-10-26 02:00:00,hum,65.0,54.950462104222055,1,1,0,316.03295704081796
Jaipur,2023-10-27 02:15:00,hum,49.0,61.4429648791228,1,1,0,316.03295704081796
Jaipur,2023-10-28 02:00:00,hum,44.0,54.637525449723974,1,1,0,316.03295704081796
Jaipur,2023-10-29 02:45:00,hum,64.0,45.590027390169524,1,1,0,316.03295704081796
Jaipur,2023-10-30 02:00:00,hum,53.0,57.2771497689685,1,1,0,316.03295704081796
Jaisalmer,2023-10-15 02:30:00,hum,47.0,45.0,0,1,0,342.43120314646654
Jaisalmer,2023-10-16 02:30:00,hum,31.0,47.0,0,1,0,342.43120314646654
Jaisalmer,2023-10-17 02:30:00,hum,54.0,30.999999999999996,0,1,0,342.43120314646654
Jaisalmer,2023-10-18 02:30:00,hum,58.0,54.0,0,1,0,342.43120314646654
Jaisalmer,2023-10-19 02:30:00,hum,53.0,58.0,0,1,0,342.43120314646654
Jaisalmer,2023-10-20 02:30:00,hum,38.0,53.0,0,1,0,342.43120314646654
Jaisalmer,2023-10-21 02:15:00,hum,31.0,38.0,0,1,0,342.43120314646654
Jaisalmer,2023-10-22 02:30:00,hum,31.0,31.0,0,1,0,342.43120314646654
Jaisalmer,2023-10-23 02:15:00,hum,37.0,31.0,0,1,0,342.43120314646654
Jaisalmer,2023-10-24 02:15:00,hum,28.0,37.0,0,1,0,342.43120314646654
Jaisalmer,2023-10-25 02:30:00,hum,24.0,28.0,0,1,0,342.43120314646654
Jaisalmer,2023-10-26 02:00:00,hum,21.0,24.0,0,1,0,342.43120314646654
Jaisalmer,2023-10-27 02:15:00,hum,27.0,21.0,0,1,0,342.43120314646654
Jaisalmer,2023-10-28 02:00:00,hum,32.0,27.0,0,1,0,342.43120314646654
Jaisalmer,2023-10-29 02:45:00,hum,30.0,32.0,0,1,0,342.43120314646654
Jaisalmer,2023-10-30 02:00:00,hum,26.0,30.0,0,1,0,342.43120314646654
Jalandhar,2023-10-15 02:30:00,hum,43.0,40.0,1,1,0,307.9754197575776
Jalandhar,2023-10-16 02:30:00,hum,46.0,42.08101371996863,1,1,0,307.9754197575776
Jalandhar,2023-10-17 02:30:00,hum,68.0,45.09275284424336,1,1,0,307.9754197575776
Jalandhar,2023-10-18 02:30:00,hum,50.0,61.88481745299913,1,1,0,307.9754197575776
Jalandhar,2023-10-19 02:15:00,hum,52.0,56.371442215901034,1,1,0,307.9754197575776
Jalandhar,2023-10-20 02:30:00,hum,48.0,51.333662406092245,1,1,0,307.9754197575776
Jalandhar,2023-10-21 02:15:00,hum,43.0,49.34020235534659,1,1,0,307.9754197575776
Jalandhar,2023-10-22 02:15:00,hum,48.0,44.64194211347775,1,1,0,307.9754197575776
Jalandhar,2023-10-23 02:15:00,hum,45.0,46.33547691622322,1,1,0,307.9754197575776
Jalandhar,2023-10-24 02:15:00,hum,50.0,46.00429358830099,1,1,0,307.9754197575776
Jalandhar,2023-10-25 02:15:00,hum,43.0,48.31011971445088,1,1,0,307.9754197575776
Jalandhar,2023-10-26 02:00:00,hum,38.0,45.41441613510946,1,1,0,307.9754197575776
Jalandhar,2023-10-27 02:15:00,hum,41.0,39.65823155248355,1,1,0,307.9754197575776
Jalandhar,2023-10-28 02:00:00,hum,40.0,39.999644032728014,1,1,0,307.9754197575776
Jalandhar,2023-10-29 02:45:00,hum,42.0,40.33355030160467,1,1,0,307.9754197575776
Jalandhar,2023-10-30 01:45:00,hum,42.0,41.33187132550205,1,1,0,307.9754197575776
Jalaun,2023-10-15 02:30:00,hum,37.0,36.80566924119186,1,1,0,325.16788123479796
Jalaun,2023-10-16 02:30:00,hum,40.0,37.238748914401874,1,1,0,325.16788123479796
Jalaun,2023-10-17 02:30:00,hum,72.0,39.28144275559332,1,1,0,325.16788123479796
Jalaun,2023-10-18 02:30:00,hum,60.0,65.12998122942297,1,1,0,325.16788123479796
Jalaun,2023-10-19 02:30:00,hum,44.0,62.9567125010055,1,1,0,325.16788123479796
Jalaun,2023-10-20 02:30:00,hum,43.0,47.256567095265,1,1,0,325.16788123479796
Jalaun,2023-10-21 02:15:00,hum,42.0,43.1914170939322,1,1,0,325.16788123479796
Jalaun,2023-10-22 02:30:00,hum,45.0,42.19127645916293,1,1,0,325.16788123479796
Jalaun,2023-10-23 02:15:00,hum,47.0,44.42446597042233,1,1,0,325.16788123479796
Jalaun,2023-10-24 02:15:00,hum,41.0,46.61894619388707,1,1,0,325.16788123479796
Jalaun,2023-10-25 02:30:00,hum,45.0,42.1554805832776,1,1,0,325.16788123479796
Jalaun,2023-10-26 02:00:00,hum,39.0,44.21731921195962,1,1,0,325.16788123479796
Jalaun,2023-10-27 02:30:00,hum,34.0,40.1964737483779,1,1,0,325.16788123479796
Jalaun,2023-10-28 02:00:00,hum,35.0,34.964513309005675,1,1,0,325.16788123479796
Jalaun,2023-10-29 02:45:00,hum,34.0,34.807008999219846,1,1,0,325.16788123479796
Jalaun,2023-10-30 02:00:00,hum,38.0,34.19318747779981,1,1,0,325.16788123479796
Jalgaon,2023-10-15 02:30:00,hum,49.0,53.0,0,1,0,279.54607228623337
Jalgaon,2023-10-16 02:30:00,hum,58.0,49.0,0,1,0,279.54607228623337
Jalgaon,2023-10-17 02:30:00,hum,59.0,58.0,0,1,0,279.54607228623337
Jalgaon,2023-10-18 02:30:00,hum,68.0,59.0,0,1,0,279.54607228623337
Jalgaon,2023-10-19 02:30:00,hum,56.0,68.0,0,1,0,279.54607228623337
Jalgaon,2023-10-20 02:30:00,hum,73.0,55.99999999999999,0,1,0,279.54607228623337
Jalgaon,2023-10-21 02:15:00,hum,64.0,73.0,0,1,0,279.54607228623337
Jalgaon,2023-10-22 02:30:00,hum,54.0,64.0,0,1,0,279.54607228623337
Jalgaon,2023-10-23 02:15:00,hum,48.0,54.0,0,1,0,279.54607228623337
Jalgaon,2023-10-24 02:15:00,hum,57.0,48.0,0,1,0,279.54607228623337
Jalgaon,2023-10-25 02:15:00,hum,52.0,57.0,0,1,0,279.54607228623337
Jalgaon,2023-10-26 02:00:00,hum,43.0,52.0,0,1,0,279.54607228623337
Jalgaon,2023-10-27 02:15:00,hum,49.0,43.0,0,1,0,279.54607228623337
Jalgaon,2023-10-28 02:00:00,hum,52.0,49.0,0,1,0,279.54607228623337
Jalgaon,2023-10-29 02:45:00,hum,52.0,52.0,0,1,0,279.54607228623337
Jalgaon,2023-10-30 02:00:00,hum,54.0,52.0,0,1,0,279.54607228623337
Jalna,2023-10-15 02:30:00,hum,52.0,57.77637958623629,0,1,1,283.1393982340721
Jalna,2023-10-16 02:30:00,hum,51.0,53.98235999761793,0,1,1,283.1393982340721
Jalna,2023-10-17 02:30:00,hum,59.0,51.98657515098195,0,1,1,283.1393982340721
Jalna,2023-10-18 02:30:00,hum,66.0,56.54962755587389,0,1,1,283.1393982340721
Jalna,2023-10-19 02:30:00,hum,52.0,62.99190758899249,0,1,1,283.1393982340721
Jalna,2023-10-20 02:30:00,hum,68.0,55.99218848541072,0,1,1,283.1393982340721
Jalna,2023-10-21 02:15:00,hum,66.0,63.06219810406515,0,1,1,283.1393982340721
Jalna,2023-10-22 02:30:00,hum,52.0,64.84848153161776,0,1,1,283.1393982340721
Jalna,2023-10-23 02:15:00,hum,52.0,57.53254271023741,0,1,1,283.1393982340721
Jalna,2023-10-24 02:15:00,hum,55.0,54.24146977557902,0,1,1,283.1393982340721
Jalna,2023-10-25 02:15:00,hum,55.0,54.69114704156257,0,1,1,283.1393982340721
Jalna,2023-10-26 02:00:00,hum,42.0,54.870216148429975,0,1,1,283.1393982340721
Jalna,2023-10-27 02:15:00,hum,48.0,47.368198279891786,0,1,1,283.1393982340721
Jalna,2023-10-28 02:00:00,hum,58.0,47.75059259831023,0,1,1,283.1393982340721
Jalna,2023-10-29 02:45:00,hum,52.0,53.55391035562037,0,1,1,283.1393982340721
Jalna,2023-10-30 02:00:00,hum,53.0,52.672876033529924,0,1,1,283.1393982340721
Jalor,2023-10-15 02:30:00,hum,63.0,48.06723056847619,0,1,2,294.6686686061799
Jalor,2023-10-16 02:30:00,hum,58.0,60.39094390684889,0,1,2,294.6686686061799
Jalor,2023-10-17 02:30:00,hum,62.0,62.67525793038772,0,1,2,294.6686686061799
Jalor,2023-10-18 02:30:00,hum,54.0,61.412986905735444,0,1,2,294.6686686061799
Jalor,2023-10-19 02:30:00,hum,44.0,54.26294091204467,0,1,2,294.6686686061799
Jalor,2023-10-20 02:30:00,hum,38.0,41.87913587303642,0,1,2,294.6686686061799
Jalor,2023-10-21 02:15:00,hum,36.0,34.70109385807904,0,1,2,294.6686686061799
Jalor,2023-10-22 02:30:00,hum,32.0,34.720219921180444,0,1,2,294.6686686061799
Jalor,2023-10-23 02:15:00,hum,40.0,32.47085036625385,0,1,2,294.6686686061799
Jalor,2023-10-24 02:15:00,hum,34.0,38.92443735675612,0,1,2,294.6686686061799
Jalor,2023-10-25 02:30:00,hum,35.0,36.789695606157636,0,1,2,294.6686686061799
Jalor,2023-10-26 02:00:00,hum,32.0,33.33764245369384,0,1,2,294.6686686061799
Jalor,2023-10-27 02:15:00,hum,27.0,31.4079714658945,0,1,2,294.6686686061799
Jalor,2023-10-28 02:00:00,hum,31.0,26.641319761070214,0,1,2,294.6686686061799
Jalor,2023-10-29 02:45:00,hum,37.0,29.293529079832183,0,1,2,294.6686686061799
Jalor,2023-10-30 02:00:00,hum,34.0,38.41724438163184,0,1,2,294.6686686061799
Jalpaiguri,2023-10-15 02:30:00,hum,79.0,85.45293900745438,0,1,1,294.8013738118382
Jalpaiguri,2023-10-16 02:30:00,hum,76.0,80.57473477376239,0,1,1,294.8013738118382
Jalpaiguri,2023-10-17 02:30:00,hum,83.0,77.01697444204261,0,1,1,294.8013738118382
Jalpaiguri,2023-10-18 02:30:00,hum,75.0,81.50337269871619,0,1,1,294.8013738118382
Jalpaiguri,2023-10-19 02:15:00,hum,81.0,76.76257857222697,0,1,1,294.8013738118382
Jalpaiguri,2023-10-20 02:30:00,hum,76.0,79.80154572490238,0,1,1,294.8013738118382
Jalpaiguri,2023-10-21 02:15:00,hum,75.0,77.1136055204417,0,1,1,294.8013738118382
Jalpaiguri,2023-10-22 02:15:00,hum,69.0,75.61054166207889,0,1,1,294.8013738118382
Jalpaiguri,2023-10-23 02:15:00,hum,75.0,70.83384477069826,0,1,1,294.8013738118382
Jalpaiguri,2023-10-24 02:15:00,hum,69.0,73.80333607805251,0,1,1,294.8013738118382
Jalpaiguri,2023-10-25 02:15:00,hum,71.0,70.44595860942587,0,1,1,294.8013738118382
Jalpaiguri,2023-10-26 02:00:00,hum,78.0,70.83398098642544,0,1,1,294.8013738118382
Jalpaiguri,2023-10-27 02:15:00,hum,79.0,75.8078682967401,0,1,1,294.8013738118382
Jalpaiguri,2023-10-28 02:00:00,hum,78.0,78.08711590264433,0,1,1,294.8013738118382
Jalpaiguri,2023-10-29 02:45:00,hum,72.0,78.02507003143931,0,1,1,294.8013738118382
Jalpaiguri,2023-10-30 02:00:00,hum,77.0,73.80009335787864,0,1,1,294.8013738118382
Jammu,2023-10-15 02:30:00,hum,46.0,42.0,0,1,0,318.702579418417
Jammu,2023-10-16 02:30:00,hum,43.0,46.0,0,1,0,318.702579418417
Jammu,2023-10-17 02:15:00,hum,72.0,43.0,0,1,0,318.702579418417
Jammu,2023-10-18 02:15:00,hum,54.0,72.0,0,1,0,318.702579418417
Jammu,2023-10-19 02:15:00,hum,56.0,54.00000000000001,0,1,0,318.702579418417
Jammu,2023-10-20 02:15:00,hum,62.0,56.0,0,1,0,318.702579418417
Jammu,2023-10-21 02:15:00,hum,52.0,62.0,0,1,0,318.702579418417
Jammu,2023-10-22 02:15:00,hum,50.0,52.0,0,1,0,318.702579418417
Jammu,2023-10-23 02:00:00,hum,49.0,50.0,0,1,0,318.702579418417
Jammu,2023-10-24 02:15:00,hum,54.0,49.0,0,1,0,318.702579418417
Jammu,2023-10-25 02:15:00,hum,43.0,54.0,0,1,0,318.702579418417
Jammu,2023-10-26 02:00:00,hum,44.0,43.0,0,1,0,318.702579418417
Jammu,2023-10-27 02:15:00,hum,47.0,44.0,0,1,0,318.702579418417
Jammu,2023-10-28 02:00:00,hum,45.0,47.0,0,1,0,318.702579418417
Jammu,2023-10-29 02:30:00,hum,42.0,45.0,0,1,0,318.702579418417
Jammu,2023-10-30 01:45:00,hum,42.0,42.0,0,1,0,318.702579418417
Jamnagar,2023-10-15 02:30:00,hum,65.0,73.43495799267843,1,1,1,251.08860026581624
Jamnagar,2023-10-16 02:30:00,hum,73.0,69.98201633769743,1,1,1,251.08860026581624
Jamnagar,2023-10-17 02:15:00,hum,73.0,67.41147387252288,1,1,1,251.08860026581624
Jamnagar,2023-10-18 02:15:00,hum,75.0,75.88085420968024,1,1,1,251.08860026581624
Jamnagar,2023-10-19 02:15:00,hum,53.0,72.8350910356004,1,1,1,251.08860026581624
Jamnagar,2023-10-20 02:30:00,hum,58.0,60.913354970754874,1,1,1,251.08860026581624
Jamnagar,2023-10-21 02:15:00,hum,44.0,51.66391827798477,1,1,1,251.08860026581624
Jamnagar,2023-10-22 02:15:00,hum,44.0,52.466719282948816,1,1,1,251.08860026581624
Jamnagar,2023-10-23 02:00:00,hum,64.0,38.776646402130325,1,1,1,251.08860026581624
Jamnagar,2023-10-24 02:15:00,hum,56.0,57.6586999272916,1,1,1,251.08860026581624
Jamnagar,2023-10-25 02:15:00,hum,57.0,60.386684577546575,1,1,1,251.08860026581624
Jamnagar,2023-10-26 02:00:00,hum,58.0,56.28241959021811,1,1,1,251.08860026581624
Jamnagar,2023-10-27 02:15:00,hum,69.0,57.636654718595025,1,1,1,251.08860026581624
Jamnagar,2023-10-28 02:00:00,hum,66.0,65.35538727282344,1,1,1,251.08860026581624
Jamnagar,2023-10-29 02:30:00,hum,50.0,68.06454549795886,1,1,1,251.08860026581624
Jamnagar,2023-10-30 01:45:00,hum,37.0,55.32612653479941,1,1,1,251.08860026581624
Jamtara,2023-10-15 02:30:00,hum,69.0,63.76965193931612,2,1,2,298.67237328627317
Jamtara,2023-10-16 02:30:00,hum,67.0,74.15095008579202,2,1,2,298.67237328627317
Jamtara,2023-10-17 02:15:00,hum,73.0,68.11883278093543,2,1,2,298.67237328627317
Jamtara,2023-10-18 02:30:00,hum,73.0,69.57861803221395,2,1,2,298.67237328627317
Jamtara,2023-10-19 02:15:00,hum,77.0,68.49474709998184,2,1,2,298.67237328627317
Jamtara,2023-10-20 02:30:00,hum,67.0,75.02200536862176,2,1,2,298.67237328627317
Jamtara,2023-10-21 02:15:00,hum,68.0,67.98651117577636,2,1,2,298.67237328627317
Jamtara,2023-10-22 02:15:00,hum,62.0,71.1618276007948,2,1,2,298.67237328627317
Jamtara,2023-10-23 02:00:00,hum,64.0,63.9814204557607,2,1,2,298.67237328627317
Jamtara,2023-10-24 02:15:00,hum,75.0,63.864130754817495,2,1,2,298.67237328627317
Jamtara,2023-10-25 02:15:00,hum,81.0,71.86278121131693,2,1,2,298.67237328627317
Jamtara,2023-10-26 02:00:00,hum,67.0,77.79212519584566,2,1,2,298.67237328627317
Jamtara,2023-10-27 02:15:00,hum,58.0,68.47388750641007,2,1,2,298.67237328627317
Jamtara,2023-10-28 02:00:00,hum,58.0,63.177031394614346,2,1,2,298.67237328627317
Jamtara,2023-10-29 02:30:00,hum,58.0,61.5690508993455,2,1,2,298.67237328627317
Jamtara,2023-10-30 01:45:00,hum,62.0,56.886277461057325,2,1,2,298.67237328627317
Jamui,2023-10-15 02:30:00,hum,72.0,79.0,0,1,0,312.096379125511
Jamui,2023-10-16 02:30:00,hum,69.0,72.0,0,1,0,312.096379125511
Jamui,2023-10-17 02:15:00,hum,76.0,69.0,0,1,0,312.096379125511
Jamui,2023-10-18 02:30:00,hum,76.0,76.0,0,1,0,312.096379125511
Jamui,2023-10-19 02:15:00,hum,80.0,76.0,0,1,0,312.096379125511
Jamui,2023-10-20 02:30:00,hum,72.0,80.0,0,1,0,312.096379125511
Jamui,2023-10-21 02:15:00,hum,66.0,72.0,0,1,0,312.096379125511
Jamui,2023-10-22 02:15:00,hum,62.0,66.0,0,1,0,312.096379125511
Jamui,2023-10-23 02:15:00,hum,63.0,62.0,0,1,0,312.096379125511
Jamui,2023-10-24 02:15:00,hum,69.0,63.0,0,1,0,312.096379125511
Jamui,2023-10-25 02:15:00,hum,73.0,69.0,0,1,0,312.096379125511
Jamui,2023-10-26 02:00:00,hum,66.0,73.0,0,1,0,312.096379125511
Jamui,2023-10-27 02:15:00,hum,60.0,66.0,0,1,0,312.096379125511
Jamui,2023-10-28 02:00:00,hum,63.0,59.99999999999999,0,1,0,312.096379125511
Jamui,2023-10-29 02:30:00,hum,66.0,63.0,0,1,0,312.096379125511
Jamui,2023-10-30 01:45:00,hum,64.0,66.0,0,1,0,312.096379125511
Jangaon,2023-10-15 02:30:00,hum,72.0,71.34953489410091,2,1,2,272.9118143027016
Jangaon,2023-10-16 02:30:00,hum,73.0,75.21900022369194,2,1,2,272.9118143027016
Jangaon,2023-10-17 02:30:00,hum,77.0,74.50009637503736,2,1,2,272.9118143027016
Jangaon,2023-10-18 02:30:00,hum,75.0,72.30827662579313,2,1,2,272.9118143027016
Jangaon,2023-10-19 02:30:00,hum,68.0,77.70735020021488,2,1,2,272.9118143027016
Jangaon,2023-10-20 02:30:00,hum,76.0,70.6390615388143,2,1,2,272.9118143027016
Jangaon,2023-10-21 02:30:00,hum,75.0,71.75895872346136,2,1,2,272.9118143027016
Jangaon,2023-10-22 02:30:00,hum,65.0,75.753246771164,2,1,2,272.9118143027016
Jangaon,2023-10-23 02:15:00,hum,55.0,68.60701046898723,2,1,2,272.9118143027016
Jangaon,2023-10-24 02:15:00,hum,63.0,52.52697387710893,2,1,2,272.9118143027016
Jangaon,2023-10-25 02:30:00,hum,60.0,61.070843783087575,2,1,2,272.9118143027016
Jangaon,2023-10-26 02:00:00,hum,57.0,58.74670597790862,2,1,2,272.9118143027016
Jangaon,2023-10-27 02:30:00,hum,55.0,60.036465194373996,2,1,2,272.9118143027016
Jangaon,2023-10-28 02:00:00,hum,50.0,54.69789015823073,2,1,2,272.9118143027016
Jangaon,2023-10-29 02:45:00,hum,68.0,50.18702719057962,2,1,2,272.9118143027016
Jangaon,2023-10-30 02:00:00,hum,88.0,65.94304711004578,2,1,2,272.9118143027016
Janjgir,2023-10-15 02:30:00,hum,69.0,69.0,0,1,0,289.69917950223163
Janjgir,2023-10-16 02:30:00,hum,71.0,69.0,0,1,0,289.69917950223163
Janjgir,2023-10-17 02:30:00,hum,70.0,71.0,0,1,0,289.69917950223163
Janjgir,2023-10-18 02:30:00,hum,81.0,70.0,0,1,0,289.69917950223163
Janjgir,2023-10-19 02:15:00,hum,76.0,81.0,0,1,0,289.69917950223163
Janjgir,2023-10-20 02:30:00,hum,73.0,76.0,0,1,0,289.69917950223163
Janjgir,2023-10-21 02:15:00,hum,62.0,73.0,0,1,0,289.69917950223163
Janjgir,2023-10-22 02:15:00,hum,68.0,62.0,0,1,0,289.69917950223163
Janjgir,2023-10-23 02:15:00,hum,64.0,68.0,0,1,0,289.69917950223163
Janjgir,2023-10-24 02:15:00,hum,66.0,64.0,0,1,0,289.69917950223163
Janjgir,2023-10-25 02:15:00,hum,64.0,66.0,0,1,0,289.69917950223163
Janjgir,2023-10-26 02:00:00,hum,62.0,63.99999999999999,0,1,0,289.69917950223163
Janjgir,2023-10-27 02:15:00,hum,60.0,62.0,0,1,0,289.69917950223163
Janjgir,2023-10-28 02:00:00,hum,61.0,60.0,0,1,0,289.69917950223163
Janjgir,2023-10-29 02:30:00,hum,62.0,61.0,0,1,0,289.69917950223163
Janjgir,2023-10-30 01:45:00,hum,64.0,62.0,0,1,0,289.69917950223163
Jashpur,2023-10-15 02:30:00,hum,62.0,54.00000000000001,0,1,0,283.0727384535183
Jashpur,2023-10-16 02:30:00,hum,69.0,62.0,0,1,0,283.0727384535183
Jashpur,2023-10-17 02:30:00,hum,72.0,69.0,0,1,0,283.0727384535183
Jashpur,2023-10-18 02:30:00,hum,77.0,72.0,0,1,0,283.0727384535183
Jashpur,2023-10-19 02:15:00,hum,83.0,77.0,0,1,0,283.0727384535183
Jashpur,2023-10-20 02:30:00,hum,78.0,83.0,0,1,0,283.0727384535183
Jashpur,2023-10-21 02:15:00,hum,71.0,78.0,0,1,0,283.0727384535183
Jashpur,2023-10-22 02:15:00,hum,70.0,71.0,0,1,0,283.0727384535183
Jashpur,2023-10-23 02:15:00,hum,73.0,70.0,0,1,0,283.0727384535183
Jashpur,2023-10-24 02:15:00,hum,79.0,73.0,0,1,0,283.0727384535183
Jashpur,2023-10-25 02:15:00,hum,86.0,79.0,0,1,0,283.0727384535183
Jashpur,2023-10-26 02:00:00,hum,63.0,86.0,0,1,0,283.0727384535183
Jashpur,2023-10-27 02:15:00,hum,66.0,63.0,0,1,0,283.0727384535183
Jashpur,2023-10-28 02:00:00,hum,63.0,66.0,0,1,0,283.0727384535183
Jashpur,2023-10-29 02:30:00,hum,71.0,63.0,0,1,0,283.0727384535183
Jashpur,2023-10-30 01:45:00,hum,80.0,71.0,0,1,0,283.0727384535183
Jaunpur,2023-10-15 02:30:00,hum,53.0,51.0,0,1,0,321.8820136562207
Jaunpur,2023-10-16 02:30:00,hum,62.0,53.0,0,1,0,321.8820136562207
Jaunpur,2023-10-17 02:30:00,hum,79.0,62.0,0,1,0,321.8820136562207
Jaunpur,2023-10-18 02:30:00,hum,74.0,79.0,0,1,0,321.8820136562207
Jaunpur,2023-10-19 02:30:00,hum,60.0,74.0,0,1,0,321.8820136562207
Jaunpur,2023-10-20 02:30:00,hum,53.0,59.99999999999999,0,1,0,321.8820136562207
Jaunpur,2023-10-21 02:15:00,hum,55.0,53.0,0,1,0,321.8820136562207
Jaunpur,2023-10-22 02:30:00,hum,51.0,55.0,0,1,0,321.8820136562207
Jaunpur,2023-10-23 02:15:00,hum,51.0,51.0,0,1,0,321.8820136562207
Jaunpur,2023-10-24 02:15:00,hum,54.0,51.0,0,1,0,321.8820136562207
Jaunpur,2023-10-25 02:30:00,hum,53.0,54.0,0,1,0,321.8820136562207
Jaunpur,2023-10-26 02:00:00,hum,62.0,53.0,0,1,0,321.8820136562207
Jaunpur,2023-10-27 02:30:00,hum,51.0,62.0,0,1,0,321.8820136562207
Jaunpur,2023-10-28 02:00:00,hum,38.0,51.0,0,1,0,321.8820136562207
Jaunpur,2023-10-29 02:45:00,hum,43.0,38.00000000000001,0,1,0,321.8820136562207
Jaunpur,2023-10-30 02:00:00,hum,47.0,43.0,0,1,0,321.8820136562207
Jhabua,2023-10-15 02:30:00,hum,57.0,53.0,0,1,0,284.70777602898494
Jhabua,2023-10-16 02:30:00,hum,64.0,57.0,0,1,0,284.70777602898494
Jhabua,2023-10-17 02:15:00,hum,58.0,64.0,0,1,0,284.70777602898494
Jhabua,2023-10-18 02:15:00,hum,59.0,58.0,0,1,0,284.70777602898494
Jhabua,2023-10-19 02:15:00,hum,58.0,59.0,0,1,0,284.70777602898494
Jhabua,2023-10-20 02:15:00,hum,49.0,58.0,0,1,0,284.70777602898494
Jhabua,2023-10-21 02:00:00,hum,54.0,49.0,0,1,0,284.70777602898494
Jhabua,2023-10-22 02:15:00,hum,54.0,54.0,0,1,0,284.70777602898494
Jhabua,2023-10-23 02:00:00,hum,41.0,54.0,0,1,0,284.70777602898494
Jhabua,2023-10-24 02:15:00,hum,37.0,41.0,0,1,0,284.70777602898494
Jhabua,2023-10-25 02:15:00,hum,39.0,37.0,0,1,0,284.70777602898494
Jhabua,2023-10-26 02:00:00,hum,33.0,39.0,0,1,0,284.70777602898494
Jhabua,2023-10-27 02:15:00,hum,32.0,33.0,0,1,0,284.70777602898494
Jhabua,2023-10-28 02:00:00,hum,36.0,32.0,0,1,0,284.70777602898494
Jhabua,2023-10-29 02:30:00,hum,36.0,36.0,0,1,0,284.70777602898494
Jhabua,2023-10-30 01:45:00,hum,36.0,36.0,0,1,0,284.70777602898494
Jhajjar,2023-10-15 02:30:00,hum,74.0,66.59192478461446,0,1,1,345.02753550652693
Jhajjar,2023-10-16 02:30:00,hum,65.0,69.21161343922606,0,1,1,345.02753550652693
Jhajjar,2023-10-17 02:15:00,hum,94.0,67.71981997133489,0,1,1,345.02753550652693
Jhajjar,2023-10-18 02:30:00,hum,78.0,76.99841773598328,0,1,1,345.02753550652693
Jhajjar,2023-10-19 02:15:00,hum,69.0,77.3994560184025,0,1,1,345.02753550652693
Jhajjar,2023-10-20 02:30:00,hum,69.0,74.34815480736235,0,1,1,345.02753550652693
Jhajjar,2023-10-21 02:15:00,hum,73.0,72.5414988720888,0,1,1,345.02753550652693
Jhajjar,2023-10-22 02:15:00,hum,69.0,72.69610555735268,0,1,1,345.02753550652693
Jhajjar,2023-10-23 02:15:00,hum,78.0,71.45453126955196,0,1,1,345.02753550652693
Jhajjar,2023-10-24 02:15:00,hum,65.0,73.64167052818333,0,1,1,345.02753550652693
Jhajjar,2023-10-25 02:15:00,hum,64.0,70.78646783435569,0,1,1,345.02753550652693
Jhajjar,2023-10-26 02:00:00,hum,61.0,68.50646291856697,0,1,1,345.02753550652693
Jhajjar,2023-10-27 02:15:00,hum,60.0,65.88039418695341,0,1,1,345.02753550652693
Jhajjar,2023-10-28 02:00:00,hum,60.0,63.73487549169221,0,1,1,345.02753550652693
Jhajjar,2023-10-29 02:30:00,hum,27.0,62.34819720943593,0,1,1,345.02753550652693
Jhajjar,2023-10-30 01:45:00,hum,69.0,47.71982340491489,0,1,1,345.02753550652693
Jhalawar,2023-10-15 02:30:00,hum,40.0,46.0,0,1,0,298.73483194453587
Jhalawar,2023-10-16 02:30:00,hum,59.0,40.0,0,1,0,298.73483194453587
Jhalawar,2023-10-17 02:30:00,hum,71.0,59.0,0,1,0,298.73483194453587
Jhalawar,2023-10-18 02:30:00,hum,66.0,71.0,0,1,0,298.73483194453587
Jhalawar,2023-10-19 02:30:00,hum,60.0,66.0,0,1,0,298.73483194453587
Jhalawar,2023-10-20 02:30:00,hum,48.0,59.99999999999999,0,1,0,298.73483194453587
Jhalawar,2023-10-21 02:30:00,hum,47.0,48.0,0,1,0,298.73483194453587
Jhalawar,2023-10-22 02:30:00,hum,41.0,47.0,0,1,0,298.73483194453587
Jhalawar,2023-10-23 02:15:00,hum,48.0,41.0,0,1,0,298.73483194453587
Jhalawar,2023-10-24 02:15:00,hum,40.0,48.0,0,1,0,298.73483194453587
Jhalawar,2023-10-25 02:30:00,hum,38.0,40.0,0,1,0,298.73483194453587
Jhalawar,2023-10-26 02:00:00,hum,36.0,38.0,0,1,0,298.73483194453587
Jhalawar,2023-10-27 02:30:00,hum,35.0,36.0,0,1,0,298.73483194453587
Jhalawar,2023-10-28 02:00:00,hum,35.0,35.0,0,1,0,298.73483194453587
Jhalawar,2023-10-29 02:45:00,hum,37.0,35.0,0,1,0,298.73483194453587
Jhalawar,2023-10-30 02:00:00,hum,43.0,37.0,0,1,0,298.73483194453587
Jhansi,2023-10-15 02:30:00,hum,42.0,44.0,0,1,0,306.02326382085715
Jhansi,2023-10-16 02:30:00,hum,42.0,42.0,0,1,0,306.02326382085715
Jhansi,2023-10-17 02:30:00,hum,79.0,42.0,0,1,0,306.02326382085715
Jhansi,2023-10-18 02:30:00,hum,63.0,79.0,0,1,0,306.02326382085715
Jhansi,2023-10-19 02:30:00,hum,45.0,63.0,0,1,0,306.02326382085715
Jhansi,2023-10-20 02:30:00,hum,42.0,45.0,0,1,0,306.02326382085715
Jhansi,2023-10-21 02:15:00,hum,47.0,42.0,0,1,0,306.02326382085715
Jhansi,2023-10-22 02:30:00,hum,43.0,47.0,0,1,0,306.02326382085715
Jhansi,2023-10-23 02:15:00,hum,41.0,43.0,0,1,0,306.02326382085715
Jhansi,2023-10-24 02:15:00,hum,43.0,41.0,0,1,0,306.02326382085715
Jhansi,2023-10-25 02:30:00,hum,44.0,43.0,0,1,0,306.02326382085715
Jhansi,2023-10-26 02:00:00,hum,40.0,44.0,0,1,0,306.02326382085715
Jhansi,2023-10-27 02:30:00,hum,40.0,40.0,0,1,0,306.02326382085715
Jhansi,2023-10-28 02:00:00,hum,32.0,40.0,0,1,0,306.02326382085715
Jhansi,2023-10-29 02:45:00,hum,33.0,32.0,0,1,0,306.02326382085715
Jhansi,2023-10-30 02:00:00,hum,38.0,33.0,0,1,0,306.02326382085715
Jhargram,2023-10-15 02:30:00,hum,61.0,69.0,0,1,0,279.54607228622535
Jhargram,2023-10-16 02:30:00,hum,70.0,61.00000000000001,0,1,0,279.54607228622535
Jhargram,2023-10-17 02:30:00,hum,74.0,70.0,0,1,0,279.54607228622535
Jhargram,2023-10-18 02:30:00,hum,76.0,74.0,0,1,0,279.54607228622535
Jhargram,2023-10-19 02:30:00,hum,75.0,76.0,0,1,0,279.54607228622535
Jhargram,2023-10-20 02:30:00,hum,72.0,75.0,0,1,0,279.54607228622535
Jhargram,2023-10-21 02:30:00,hum,71.0,72.0,0,1,0,279.54607228622535
Jhargram,2023-10-22 02:30:00,hum,71.0,71.0,0,1,0,279.54607228622535
Jhargram,2023-10-23 02:15:00,hum,76.0,71.0,0,1,0,279.54607228622535
Jhargram,2023-10-24 02:15:00,hum,91.0,76.0,0,1,0,279.54607228622535
Jhargram,2023-10-25 02:30:00,hum,87.0,91.0,0,1,0,279.54607228622535
Jhargram,2023-10-26 02:00:00,hum,71.0,87.0,0,1,0,279.54607228622535
Jhargram,2023-10-27 02:30:00,hum,65.0,71.0,0,1,0,279.54607228622535
Jhargram,2023-10-28 02:00:00,hum,53.0,65.0,0,1,0,279.54607228622535
Jhargram,2023-10-29 02:45:00,hum,63.0,53.00000000000001,0,1,0,279.54607228622535
Jhargram,2023-10-30 02:00:00,hum,67.0,63.0,0,1,0,279.54607228622535
Jharsuguda,2023-10-15 02:30:00,hum,71.0,70.0,0,1,0,273.8747030722381
Jharsuguda,2023-10-16 02:30:00,hum,68.0,71.0,0,1,0,273.8747030722381
Jharsuguda,2023-10-17 02:30:00,hum,73.0,68.0,0,1,0,273.8747030722381
Jharsuguda,2023-10-18 02:30:00,hum,78.0,73.0,0,1,0,273.8747030722381
Jharsuguda,2023-10-19 02:30:00,hum,73.0,78.0,0,1,0,273.8747030722381
Jharsuguda,2023-10-20 02:30:00,hum,71.0,73.0,0,1,0,273.8747030722381
Jharsuguda,2023-10-21 02:15:00,hum,70.0,71.0,0,1,0,273.8747030722381
Jharsuguda,2023-10-22 02:30:00,hum,68.0,70.0,0,1,0,273.8747030722381
Jharsuguda,2023-10-23 02:15:00,hum,64.0,68.0,0,1,0,273.8747030722381
Jharsuguda,2023-10-24 02:15:00,hum,72.0,64.0,0,1,0,273.8747030722381
Jharsuguda,2023-10-25 02:30:00,hum,69.0,72.0,0,1,0,273.8747030722381
Jharsuguda,2023-10-26 02:00:00,hum,61.0,69.0,0,1,0,273.8747030722381
Jharsuguda,2023-10-27 02:15:00,hum,60.0,61.0,0,1,0,273.8747030722381
Jharsuguda,2023-10-28 02:00:00,hum,64.0,60.0,0,1,0,273.8747030722381
Jharsuguda,2023-10-29 02:45:00,hum,67.0,64.0,0,1,0,273.8747030722381
Jharsuguda,2023-10-30 02:00:00,hum,67.0,67.0,0,1,0,273.8747030722381
Jhunjhunun,2023-10-15 02:30:00,hum,34.0,39.92958283969412,0,1,1,314.7800767863432
Jhunjhunun,2023-10-16 02:30:00,hum,36.0,32.62767957585036,0,1,1,314.7800767863432
Jhunjhunun,2023-10-17 02:30:00,hum,61.0,36.781578836573914,0,1,1,314.7800767863432
Jhunjhunun,2023-10-18 02:30:00,hum,54.0,67.9850392182208,0,1,1,314.7800767863432
Jhunjhunun,2023-10-19 02:30:00,hum,48.0,52.06272630172567,0,1,1,314.7800767863432
Jhunjhunun,2023-10-20 02:30:00,hum,45.0,47.27652880223621,0,1,1,314.7800767863432
Jhunjhunun,2023-10-21 02:15:00,hum,43.0,44.55128574949759,0,1,1,314.7800767863432
Jhunjhunun,2023-10-22 02:30:00,hum,33.0,42.69269397116983,0,1,1,314.7800767863432
Jhunjhunun,2023-10-23 02:15:00,hum,37.0,31.03977959416061,0,1,1,314.7800767863432
Jhunjhunun,2023-10-24 02:15:00,hum,43.0,38.05333305487082,0,1,1,314.7800767863432
Jhunjhunun,2023-10-25 02:30:00,hum,43.0,43.94883004733659,0,1,1,314.7800767863432
Jhunjhunun,2023-10-26 02:00:00,hum,39.0,42.815815845532924,0,1,1,314.7800767863432
Jhunjhunun,2023-10-27 02:15:00,hum,34.0,38.24871885503165,0,1,1,314.7800767863432
Jhunjhunun,2023-10-28 02:00:00,hum,28.0,33.14391258925555,0,1,1,314.7800767863432
Jhunjhunun,2023-10-29 02:45:00,hum,27.0,26.93123145126929,0,1,1,314.7800767863432
Jhunjhunun,2023-10-30 02:00:00,hum,30.0,27.014334778064427,0,1,1,314.7800767863432
Jind,2023-10-15 02:30:00,hum,37.0,34.0,0,1,0,329.2936231790087
Jind,2023-10-16 02:30:00,hum,46.0,37.0,0,1,0,329.2936231790087
Jind,2023-10-17 02:15:00,hum,77.0,46.0,0,1,0,329.2936231790087
Jind,2023-10-18 02:30:00,hum,57.0,77.0,0,1,0,329.2936231790087
Jind,2023-10-19 02:15:00,hum,43.0,57.0,0,1,0,329.2936231790087
Jind,2023-10-20 02:30:00,hum,34.0,43.0,0,1,0,329.2936231790087
Jind,2023-10-21 02:15:00,hum,36.0,34.0,0,1,0,329.2936231790087
Jind,2023-10-22 02:15:00,hum,31.0,36.0,0,1,0,329.2936231790087
Jind,2023-10-23 02:15:00,hum,39.0,30.999999999999996,0,1,0,329.2936231790087
Jind,2023-10-24 02:15:00,hum,42.0,39.0,0,1,0,329.2936231790087
Jind,2023-10-25 02:15:00,hum,39.0,42.0,0,1,0,329.2936231790087
Jind,2023-10-26 02:00:00,hum,32.0,39.0,0,1,0,329.2936231790087
Jind,2023-10-27 02:15:00,hum,30.0,32.0,0,1,0,329.2936231790087
Jind,2023-10-28 02:00:00,hum,24.0,30.0,0,1,0,329.2936231790087
Jind,2023-10-29 02:30:00,hum,28.0,24.0,0,1,0,329.2936231790087
Jind,2023-10-30 01:45:00,hum,34.0,28.0,0,1,0,329.2936231790087
Jodhpur,2023-10-15 02:30:00,hum,53.0,43.8320923101787,0,1,1,341.97402180898547
Jodhpur,2023-10-16 02:30:00,hum,50.0,50.0027794019768,0,1,1,341.97402180898547
Jodhpur,2023-10-17 02:30:00,hum,55.0,50.00036359407575,0,1,1,341.97402180898547
Jodhpur,2023-10-18 02:30:00,hum,60.0,53.37147470154117,0,1,1,341.97402180898547
Jodhpur,2023-10-19 02:30:00,hum,44.0,57.90574248190093,0,1,1,341.97402180898547
Jodhpur,2023-10-20 02:30:00,hum,38.0,48.696434307504376,0,1,1,341.97402180898547
Jodhpur,2023-10-21 02:15:00,hum,32.0,41.314511185710344,0,1,1,341.97402180898547
Jodhpur,2023-10-22 02:30:00,hum,33.0,34.60042215821024,0,1,1,341.97402180898547
Jodhpur,2023-10-23 02:15:00,hum,37.0,33.444270953423974,0,1,1,341.97402180898547
Jodhpur,2023-10-24 02:15:00,hum,29.0,35.9721371084893,0,1,1,341.97402180898547
Jodhpur,2023-10-25 02:30:00,hum,29.0,31.045502567008082,0,1,1,341.97402180898547
Jodhpur,2023-10-26 02:00:00,hum,27.0,29.590940275082406,0,1,1,341.97402180898547
Jodhpur,2023-10-27 02:15:00,hum,23.0,27.747451642540355,0,1,1,341.97402180898547
Jodhpur,2023-10-28 02:00:00,hum,22.0,24.35410570646311,0,1,1,341.97402180898547
Jodhpur,2023-10-29 02:45:00,hum,32.0,22.66313440189649,0,1,1,341.97402180898547
Jodhpur,2023-10-30 02:00:00,hum,29.0,29.293677602501074,0,1,1,341.97402180898547
Jorhat,2023-10-15 02:30:00,hum,96.0,96.20122528307981,0,1,2,224.09188672674634
Jorhat,2023-10-16 02:30:00,hum,95.0,96.17184723856248,0,1,2,224.09188672674634
Jorhat,2023-10-17 02:15:00,hum,94.0,95.71179909503063,0,1,2,224.09188672674634
Jorhat,2023-10-18 02:30:00,hum,95.0,95.28953059753066,0,1,2,224.09188672674634
Jorhat,2023-10-19 02:15:00,hum,96.0,95.65219843300787,0,1,2,224.09188672674634
Jorhat,2023-10-20 02:30:00,hum,94.0,95.88729405545469,0,1,2,224.09188672674634
Jorhat,2023-10-21 02:15:00,hum,94.0,94.96519673375379,0,1,2,224.09188672674634
Jorhat,2023-10-22 02:15:00,hum,94.0,95.08686637713247,0,1,2,224.09188672674634
Jorhat,2023-10-23 02:15:00,hum,93.0,94.88352827164809,0,1,2,224.09188672674634
Jorhat,2023-10-24 02:15:00,hum,88.0,94.34565611296873,0,1,2,224.09188672674634
Jorhat,2023-10-25 02:15:00,hum,93.0,91.70143231838684,0,1,2,224.09188672674634
Jorhat,2023-10-26 02:00:00,hum,96.0,94.15057146642246,0,1,2,224.09188672674634
Jorhat,2023-10-27 02:15:00,hum,96.0,94.7925246966149,0,1,2,224.09188672674634
Jorhat,2023-10-28 02:00:00,hum,96.0,94.8809898794073,0,1,2,224.09188672674634
Jorhat,2023-10-29 02:30:00,hum,95.0,95.0505951877811,0,1,2,224.09188672674634
Jorhat,2023-10-30 01:45:00,hum,95.0,94.68077208884158,0,1,2,224.09188672674634
Junagadh,2023-10-15 02:30:00,hum,64.0,81.15595732382018,2,1,2,273.3343691544235
Junagadh,2023-10-16 02:30:00,hum,81.0,68.10185712812768,2,1,2,273.3343691544235
Junagadh,2023-10-17 02:15:00,hum,76.0,75.42016533107625,2,1,2,273.3343691544235
Junagadh,2023-10-18 02:15:00,hum,73.0,73.8014237933754,2,1,2,273.3343691544235
Junagadh,2023-10-19 02:15:00,hum,48.0,76.76854998158265,2,1,2,273.3343691544235
Junagadh,2023-10-20 02:30:00,hum,44.0,64.37156411861295,2,1,2,273.3343691544235
Junagadh,2023-10-21 02:15:00,hum,61.0,46.10563144650135,2,1,2,273.3343691544235
Junagadh,2023-10-22 02:15:00,hum,65.0,60.31003213901856,2,1,2,273.3343691544235
Junagadh,2023-10-23 02:00:00,hum,51.0,55.49429654786621,2,1,2,273.3343691544235
Junagadh,2023-10-24 02:15:00,hum,53.0,44.017808420116886,2,1,2,273.3343691544235
Junagadh,2023-10-25 02:15:00,hum,62.0,46.96514194842506,2,1,2,273.3343691544235
Junagadh,2023-10-26 02:00:00,hum,54.0,61.30648838361558,2,1,2,273.3343691544235
Junagadh,2023-10-27 02:15:00,hum,65.0,55.819823661759706,2,1,2,273.3343691544235
Junagadh,2023-10-28 02:00:00,hum,60.0,64.68023961105594,2,1,2,273.3343691544235
Junagadh,2023-10-29 02:30:00,hum,56.0,61.37898280081889,2,1,2,273.3343691544235
Junagadh,2023-10-30 01:45:00,hum,54.0,58.9458420074227,2,1,2,273.3343691544235
Kadapa,2023-10-15 02:30:00,hum,63.0,70.11407191801676,0,0,2,323.8115024747091
Kadapa,2023-10-16 02:30:00,hum,71.0,74.18739299873671,0,0,2,323.8115024747091
Kadapa,2023-10-17 02:15:00,hum,72.0,67.6133106096528,0,0,2,323.8115024747091
Kadapa,2023-10-18 02:30:00,hum,70.0,73.47919181075619,0,0,2,323.8115024747091
Kadapa,2023-10-19 02:15:00,hum,78.0,75.0962573736949,0,0,2,323.8115024747091
Kadapa,2023-10-20 02:30:00,hum,83.0,72.60217200778351,0,0,2,323.8115024747091
Kadapa,2023-10-21 02:15:00,hum,83.0,80.3087749485903,0,0,2,323.8115024747091
Kadapa,2023-10-22 02:15:00,hum,79.0,82.17662204115169,0,0,2,323.8115024747091
Kadapa,2023-10-23 02:00:00,hum,61.0,74.58060294765521,0,0,2,323.8115024747091
Kadapa,2023-10-24 02:15:00,hum,52.0,65.68559641012155,0,0,2,323.8115024747091
Kadapa,2023-10-25 02:15:00,hum,61.0,57.9576145552391,0,0,2,323.8115024747091
Kadapa,2023-10-26 02:00:00,hum,68.0,65.25450766479432,0,0,2,323.8115024747091
Kadapa,2023-10-27 02:15:00,hum,76.0,76.71468283833613,0,0,2,323.8115024747091
Kadapa,2023-10-28 02:00:00,hum,87.0,74.90658308386877,0,0,2,323.8115024747091
Kadapa,2023-10-29 02:30:00,hum,84.0,78.6005414447073,0,0,2,323.8115024747091
Kadapa,2023-10-30 01:45:00,hum,80.0,84.88781008854477,0,0,2,323.8115024747091
Kaithal,2023-10-15 02:30:00,hum,44.0,44.0,0,1,0,315.59197766725373
Kaithal,2023-10-16 02:30:00,hum,44.0,44.0,0,1,0,315.59197766725373
Kaithal,2023-10-17 02:15:00,hum,83.0,44.0,0,1,0,315.59197766725373
Kaithal,2023-10-18 02:30:00,hum,53.0,83.0,0,1,0,315.59197766725373
Kaithal,2023-10-19 02:15:00,hum,45.0,52.99999999999999,0,1,0,315.59197766725373
Kaithal,2023-10-20 02:30:00,hum,42.0,45.0,0,1,0,315.59197766725373
Kaithal,2023-10-21 02:15:00,hum,35.0,42.0,0,1,0,315.59197766725373
Kaithal,2023-10-22 02:15:00,hum,37.0,35.0,0,1,0,315.59197766725373
Kaithal,2023-10-23 02:15:00,hum,41.0,37.0,0,1,0,315.59197766725373
Kaithal,2023-10-24 02:15:00,hum,44.0,41.0,0,1,0,315.59197766725373
Kaithal,2023-10-25 02:15:00,hum,38.0,44.0,0,1,0,315.59197766725373
Kaithal,2023-10-26 02:00:00,hum,34.0,38.0,0,1,0,315.59197766725373
Kaithal,2023-10-27 02:15:00,hum,35.0,34.0,0,1,0,315.59197766725373
Kaithal,2023-10-28 02:00:00,hum,35.0,35.0,0,1,0,315.59197766725373
Kaithal,2023-10-29 02:30:00,hum,39.0,35.0,0,1,0,315.59197766725373
Kaithal,2023-10-30 01:45:00,hum,40.0,39.0,0,1,0,315.59197766725373
Kakching,2023-10-15 02:30:00,hum,95.0,96.59926895652228,1,1,1,185.88268083256528
Kakching,2023-10-16 02:30:00,hum,94.0,96.04485196345358,1,1,1,185.88268083256528
Kakching,2023-10-17 02:30:00,hum,94.0,95.41932408731327,1,1,1,185.88268083256528
Kakching,2023-10-18 02:30:00,hum,92.0,95.32120083689199,1,1,1,185.88268083256528
Kakching,2023-10-19 02:30:00,hum,90.0,93.89299840466788,1,1,1,185.88268083256528
Kakching,2023-10-20 02:30:00,hum,92.0,91.81598551193333,1,1,1,185.88268083256528
Kakching,2023-10-21 02:30:00,hum,89.0,93.20149330320392,1,1,1,185.88268083256528
Kakching,2023-10-22 02:30:00,hum,94.0,90.21138102109829,1,1,1,185.88268083256528
Kakching,2023-10-23 02:15:00,hum,96.0,94.15769757604518,1,1,1,185.88268083256528
Kakching,2023-10-24 02:15:00,hum,92.0,96.093556438912,1,1,1,185.88268083256528
Kakching,2023-10-25 02:30:00,hum,99.0,92.68855771381321,1,1,1,185.88268083256528
Kakching,2023-10-26 02:00:00,hum,98.0,98.0840554394145,1,1,1,185.88268083256528
Kakching,2023-10-27 02:30:00,hum,98.0,97.45481601731959,1,1,1,185.88268083256528
Kakching,2023-10-28 02:00:00,hum,94.0,97.46698918555357,1,1,1,185.88268083256528
Kakching,2023-10-29 02:45:00,hum,92.0,94.68266990356652,1,1,1,185.88268083256528
Kakching,2023-10-30 02:00:00,hum,94.0,93.27178150481059,1,1,1,185.88268083256528
Kancheepuram,2023-10-15 02:30:00,hum,89.0,87.80686398061155,0,1,1,241.74661310896272
Kancheepuram,2023-10-16 02:30:00,hum,94.0,88.00214096584946,0,1,1,241.74661310896272
Kancheepuram,2023-10-17 02:30:00,hum,89.0,88.60742885581897,0,1,1,241.74661310896272
Kancheepuram,2023-10-18 02:30:00,hum,84.0,88.63256431095415,0,1,1,241.74661310896272
Kancheepuram,2023-10-19 02:30:00,hum,84.0,88.34366647737218,0,1,1,241.74661310896272
Kancheepuram,2023-10-20 02:30:00,hum,89.0,87.9011888957464,0,1,1,241.74661310896272
Kancheepuram,2023-10-21 02:15:00,hum,84.0,88.06550431899696,0,1,1,241.74661310896272
Kancheepuram,2023-10-22 02:30:00,hum,89.0,87.54386635023845,0,1,1,241.74661310896272
Kancheepuram,2023-10-23 02:15:00,hum,84.0,87.76338140528264,0,1,1,241.74661310896272
Kancheepuram,2023-10-24 02:15:00,hum,84.0,87.26650672256565,0,1,1,241.74661310896272
Kancheepuram,2023-10-25 02:30:00,hum,84.0,86.76573144913318,0,1,1,241.74661310896272
Kancheepuram,2023-10-26 02:00:00,hum,84.0,86.29701633354075,0,1,1,241.74661310896272
Kancheepuram,2023-10-27 02:30:00,hum,84.0,85.88288305314349,0,1,1,241.74661310896272
Kancheepuram,2023-10-28 02:00:00,hum,89.0,85.53210986089702,0,1,1,241.74661310896272
Kancheepuram,2023-10-29 02:45:00,hum,84.0,86.1401058656369,0,1,1,241.74661310896272
Kancheepuram,2023-10-30 02:00:00,hum,89.0,85.81438559788468,0,1,1,241.74661310896272
Kangpokpi,2023-10-15 02:30:00,hum,95.0,96.52701129118776,1,1,1,189.17038013782502
Kangpokpi,2023-10-16 02:30:00,hum,94.0,95.95491281779005,1,1,1,189.17038013782502
Kangpokpi,2023-10-17 02:15:00,hum,94.0,95.32291635620501,1,1,1,189.17038013782502
Kangpokpi,2023-10-18 02:30:00,hum,92.0,95.24096028187685,1,1,1,189.17038013782502
Kangpokpi,2023-10-19 02:15:00,hum,90.0,93.82273441599592,1,1,1,189.17038013782502
Kangpokpi,2023-10-20 02:30:00,hum,92.0,91.9782496741402,1,1,1,189.17038013782502
Kangpokpi,2023-10-21 02:15:00,hum,88.0,93.37949742311176,1,1,1,189.17038013782502
Kangpokpi,2023-10-22 02:15:00,hum,94.0,89.41500691857284,1,1,1,189.17038013782502
Kangpokpi,2023-10-23 02:15:00,hum,96.0,94.2882448392509,1,1,1,189.17038013782502
Kangpokpi,2023-10-24 02:15:00,hum,89.0,96.13522686108946,1,1,1,189.17038013782502
Kangpokpi,2023-10-25 02:15:00,hum,99.0,90.69182073647572,1,1,1,189.17038013782502
Kangpokpi,2023-10-26 02:00:00,hum,98.0,96.64732628694571,1,1,1,189.17038013782502
Kangpokpi,2023-10-27 02:15:00,hum,98.0,96.78943922216581,1,1,1,189.17038013782502
Kangpokpi,2023-10-28 02:00:00,hum,94.0,97.16858417068286,1,1,1,189.17038013782502
Kangpokpi,2023-10-29 02:30:00,hum,92.0,94.58209009416713,1,1,1,189.17038013782502
Kangpokpi,2023-10-30 01:45:00,hum,94.0,93.35908378764945,1,1,1,189.17038013782502
Kangra,2023-10-15 02:30:00,hum,57.0,50.18950184517848,0,1,1,320.8995062508301
Kangra,2023-10-16 02:30:00,hum,40.0,54.85574983742129,0,1,1,320.8995062508301
Kangra,2023-10-17 02:15:00,hum,63.0,44.990856542936754,0,1,1,320.8995062508301
Kangra,2023-10-18 02:15:00,hum,48.0,56.227922969107595,0,1,1,320.8995062508301
Kangra,2023-10-19 02:15:00,hum,51.0,51.2627187672107,0,1,1,320.8995062508301
Kangra,2023-10-20 02:15:00,hum,45.0,51.10761874219871,0,1,1,320.8995062508301
Kangra,2023-10-21 02:00:00,hum,51.0,47.490972768139564,0,1,1,320.8995062508301
Kangra,2023-10-22 02:15:00,hum,50.0,49.56492112345192,0,1,1,320.8995062508301
Kangra,2023-10-23 02:00:00,hum,45.0,49.82043735677957,0,1,1,320.8995062508301
Kangra,2023-10-24 02:15:00,hum,49.0,46.99257226295748,0,1,1,320.8995062508301
Kangra,2023-10-25 02:15:00,hum,37.0,48.16987823450267,0,1,1,320.8995062508301
Kangra,2023-10-26 02:00:00,hum,42.0,41.6399215960162,0,1,1,320.8995062508301
Kangra,2023-10-27 02:15:00,hum,50.0,41.854008192800976,0,1,1,320.8995062508301
Kangra,2023-10-28 02:00:00,hum,47.0,46.569079137476685,0,1,1,320.8995062508301
Kangra,2023-10-29 02:30:00,hum,53.0,46.81900086620617,0,1,1,320.8995062508301
Kangra,2023-10-30 01:45:00,hum,55.0,50.415084661914385,0,1,1,320.8995062508301
Kanker,2023-10-15 02:30:00,hum,70.0,70.18528816474168,1,1,1,249.41214160016887
Kanker,2023-10-16 02:30:00,hum,70.0,70.53281288377299,1,1,1,249.41214160016887
Kanker,2023-10-17 02:15:00,hum,71.0,69.4787921407654,1,1,1,249.41214160016887
Kanker,2023-10-18 02:30:00,hum,72.0,71.77197857835627,1,1,1,249.41214160016887
Kanker,2023-10-19 02:15:00,hum,83.0,71.50692109107347,1,1,1,249.41214160016887
Kanker,2023-10-20 02:30:00,hum,87.0,86.08818779203298,1,1,1,249.41214160016887
Kanker,2023-10-21 02:15:00,hum,86.0,84.83674045060935,1,1,1,249.41214160016887
Kanker,2023-10-22 02:15:00,hum,71.0,87.8042069416287,1,1,1,249.41214160016887
Kanker,2023-10-23 02:15:00,hum,72.0,67.50836756090601,1,1,1,249.41214160016887
Kanker,2023-10-24 02:15:00,hum,78.0,74.24434911205147,1,1,1,249.41214160016887
Kanker,2023-10-25 02:15:00,hum,75.0,76.69235047944643,1,1,1,249.41214160016887
Kanker,2023-10-26 02:00:00,hum,68.0,75.75479515035092,1,1,1,249.41214160016887
Kanker,2023-10-27 02:15:00,hum,65.0,66.72610996797765,1,1,1,249.41214160016887
Kanker,2023-10-28 02:00:00,hum,70.0,65.38211631935765,1,1,1,249.41214160016887
Kanker,2023-10-29 02:30:00,hum,74.0,70.3289699007989,1,1,1,249.41214160016887
Kanker,2023-10-30 01:45:00,hum,76.0,74.33600806663156,1,1,1,249.41214160016887
Kannauj,2023-10-15 02:30:00,hum,50.0,48.93589298789837,0,1,1,333.0274190877503
Kannauj,2023-10-16 02:30:00,hum,56.0,49.519132890668104,0,1,1,333.0274190877503
Kannauj,2023-10-17 02:30:00,hum,78.0,53.085585301842556,0,1,1,333.0274190877503
Kannauj,2023-10-18 02:30:00,hum,66.0,67.71094921585964,0,1,1,333.0274190877503
Kannauj,2023-10-19 02:30:00,hum,55.0,66.63702680596052,0,1,1,333.0274190877503
Kannauj,2023-10-20 02:30:00,hum,43.0,60.078088399120105,0,1,1,333.0274190877503
Kannauj,2023-10-21 02:15:00,hum,53.0,50.17427857395052,0,1,1,333.0274190877503
Kannauj,2023-10-22 02:30:00,hum,53.0,51.86398551370272,0,1,1,333.0274190877503
Kannauj,2023-10-23 02:15:00,hum,53.0,52.50904010942709,0,1,1,333.0274190877503
Kannauj,2023-10-24 02:15:00,hum,47.0,52.78622672523712,0,1,1,333.0274190877503
Kannauj,2023-10-25 02:30:00,hum,51.0,49.52172183191054,0,1,1,333.0274190877503
Kannauj,2023-10-26 02:00:00,hum,44.0,50.3576082850293,0,1,1,333.0274190877503
Kannauj,2023-10-27 02:30:00,hum,41.0,46.774019295737745,0,1,1,333.0274190877503
Kannauj,2023-10-28 02:00:00,hum,43.0,43.461790698050656,0,1,1,333.0274190877503
Kannauj,2023-10-29 02:45:00,hum,42.0,43.19625655212754,0,1,1,333.0274190877503
Kannauj,2023-10-30 02:00:00,hum,48.0,42.51137136649374,0,1,1,333.0274190877503
Kanniyakumari,2023-10-15 02:30:00,hum,90.0,89.12709784078318,1,1,1,248.82671175942642
Kanniyakumari,2023-10-16 02:30:00,hum,86.0,88.80670914638195,1,1,1,248.82671175942642
Kanniyakumari,2023-10-17 02:30:00,hum,85.0,87.01685378918106,1,1,1,248.82671175942642
Kanniyakumari,2023-10-18 02:30:00,hum,94.0,86.46020745102118,1,1,1,248.82671175942642
Kanniyakumari,2023-10-19 02:30:00,hum,83.0,90.28901644016177,1,1,1,248.82671175942642
Kanniyakumari,2023-10-20 02:30:00,hum,84.0,86.15316948181906,1,1,1,248.82671175942642
Kanniyakumari,2023-10-21 02:15:00,hum,85.0,86.30094030430614,1,1,1,248.82671175942642
Kanniyakumari,2023-10-22 02:30:00,hum,86.0,86.58867848054498,1,1,1,248.82671175942642
Kanniyakumari,2023-10-23 02:15:00,hum,86.0,86.90734593820355,1,1,1,248.82671175942642
Kanniyakumari,2023-10-24 02:15:00,hum,88.0,86.8889023307322,1,1,1,248.82671175942642
Kanniyakumari,2023-10-25 02:30:00,hum,85.0,87.57680226689553,1,1,1,248.82671175942642
Kanniyakumari,2023-10-26 02:00:00,hum,84.0,86.53951986257279,1,1,1,248.82671175942642
Kanniyakumari,2023-10-27 02:30:00,hum,84.0,86.14060216532465,1,1,1,248.82671175942642
Kanniyakumari,2023-10-28 02:00:00,hum,84.0,86.07492430944566,1,1,1,248.82671175942642
Kanniyakumari,2023-10-29 02:45:00,hum,83.0,86.0139931399384,1,1,1,248.82671175942642
Kanniyakumari,2023-10-30 02:00:00,hum,83.0,85.56041584391839,1,1,1,248.82671175942642
Kannur,2023-10-15 02:30:00,hum,88.0,91.34104597902709,0,1,1,183.1758995634296
Kannur,2023-10-16 02:30:00,hum,89.0,90.80516191697085,0,1,1,183.1758995634296
Kannur,2023-10-17 02:30:00,hum,88.0,90.57308755374038,0,1,1,183.1758995634296
Kannur,2023-10-18 02:30:00,hum,92.0,90.24952476768262,0,1,1,183.1758995634296
Kannur,2023-10-19 02:15:00,hum,85.0,90.4732133735261,0,1,1,183.1758995634296
Kannur,2023-10-20 02:30:00,hum,85.0,89.77067883622264,0,1,1,183.1758995634296
Kannur,2023-10-21 02:15:00,hum,87.0,88.06505585924293,0,1,1,183.1758995634296
Kannur,2023-10-22 02:15:00,hum,91.0,87.6178969376647,0,1,1,183.1758995634296
Kannur,2023-10-23 02:15:00,hum,88.0,88.73413256231564,0,1,1,183.1758995634296
Kannur,2023-10-24 02:15:00,hum,86.0,88.55780127234112,0,1,1,183.1758995634296
Kannur,2023-10-25 02:15:00,hum,90.0,87.9268336852792,0,1,1,183.1758995634296
Kannur,2023-10-26 02:00:00,hum,87.0,88.44113229889408,0,1,1,183.1758995634296
Kannur,2023-10-27 02:15:00,hum,82.0,88.12605604925261,0,1,1,183.1758995634296
Kannur,2023-10-28 02:00:00,hum,83.0,86.5977680351765,0,1,1,183.1758995634296
Kannur,2023-10-29 02:30:00,hum,88.0,85.35917629567045,0,1,1,183.1758995634296
Kannur,2023-10-30 01:45:00,hum,89.0,86.23648857782891,0,1,1,183.1758995634296
Kanpur,2023-10-15 02:30:00,hum,77.0,69.44468927634128,2,1,2,265.62280104582885
Kanpur,2023-10-16 02:30:00,hum,70.0,78.89701855304027,2,1,2,265.62280104582885
Kanpur,2023-10-17 02:30:00,hum,73.0,67.92681638224263,2,1,2,265.62280104582885
Kanpur,2023-10-18 02:30:00,hum,77.0,75.96412532170837,2,1,2,265.62280104582885
Kanpur,2023-10-19 02:30:00,hum,81.0,75.47763531326797,2,1,2,265.62280104582885
Kanpur,2023-10-20 02:30:00,hum,81.0,79.78945160162462,2,1,2,265.62280104582885
Kanpur,2023-10-21 02:15:00,hum,78.0,81.39256114988275,2,1,2,265.62280104582885
Kanpur,2023-10-22 02:30:00,hum,69.0,77.97948949191297,2,1,2,265.62280104582885
Kanpur,2023-10-23 02:15:00,hum,71.0,68.10992159185368,2,1,2,265.62280104582885
Kanpur,2023-10-24 02:15:00,hum,80.0,73.97785325992534,2,1,2,265.62280104582885
Kanpur,2023-10-25 02:30:00,hum,83.0,79.30296575890189,2,1,2,265.62280104582885
Kanpur,2023-10-26 02:00:00,hum,74.0,80.13894444171747,2,1,2,265.62280104582885
Kanpur,2023-10-27 02:30:00,hum,66.0,73.75671061488816,2,1,2,265.62280104582885
Kanpur,2023-10-28 02:00:00,hum,68.0,68.26355537430474,2,1,2,265.62280104582885
Kanpur,2023-10-29 02:45:00,hum,69.0,69.33900245057949,2,1,2,265.62280104582885
Kanpur,2023-10-30 02:00:00,hum,73.0,66.88156712798751,2,1,2,265.62280104582885
Kantha,2023-10-15 02:30:00,hum,89.0,84.64698316230918,1,1,1,309.3180904949448
Kantha,2023-10-15 02:30:00,hum,89.0,88.15661121604062,1,1,1,309.3180904949448
Kantha,2023-10-16 02:30:00,hum,89.0,88.32188529256027,1,1,1,309.3180904949448
Kantha,2023-10-17 02:15:00,hum,83.0,88.42465446192662,1,1,1,309.3180904949448
Kantha,2023-10-18 02:15:00,hum,88.0,85.03229693562754,1,1,1,309.3180904949448
Kantha,2023-10-19 02:15:00,hum,83.0,87.67271838567451,1,1,1,309.3180904949448
Kantha,2023-10-20 02:30:00,hum,83.0,84.943044464448,1,1,1,309.3180904949448
Kantha,2023-10-21 02:15:00,hum,94.0,84.78084896023657,1,1,1,309.3180904949448
Kantha,2023-10-22 02:15:00,hum,83.0,90.64887575547812,1,1,1,309.3180904949448
Kantha,2023-10-23 02:00:00,hum,83.0,85.0708402557631,1,1,1,309.3180904949448
Kantha,2023-10-24 02:15:00,hum,88.0,84.92018472767596,1,1,1,309.3180904949448
Kantha,2023-10-25 02:15:00,hum,83.0,87.24930048507734,1,1,1,309.3180904949448
Kantha,2023-10-26 02:00:00,hum,69.0,84.87593883119841,1,1,1,309.3180904949448
Kantha,2023-10-27 02:15:00,hum,73.0,77.77584009049218,1,1,1,309.3180904949448
Kantha,2023-10-28 02:00:00,hum,73.0,78.68184638005056,1,1,1,309.3180904949448
Kantha,2023-10-29 02:30:00,hum,41.0,77.88691599996817,1,1,1,309.3180904949448
Kantha,2023-10-30 01:45:00,hum,83.0,53.46864023032179,1,1,1,309.3180904949448
Kapurthala,2023-10-15 02:30:00,hum,88.0,83.54470441923104,0,1,1,363.9816684605429
Kapurthala,2023-10-16 02:30:00,hum,94.0,84.25009361153703,0,1,1,363.9816684605429
Kapurthala,2023-10-17 02:30:00,hum,94.0,85.65496911807499,0,1,1,363.9816684605429
Kapurthala,2023-10-18 02:30:00,hum,94.0,86.82582485214999,0,1,1,363.9816684605429
Kapurthala,2023-10-19 02:15:00,hum,94.0,87.92482218451656,0,1,1,363.9816684605429
Kapurthala,2023-10-20 02:30:00,hum,94.0,88.98237221627699,0,1,1,363.9816684605429
Kapurthala,2023-10-21 02:15:00,hum,94.0,89.94221437826683,0,1,1,363.9816684605429
Kapurthala,2023-10-22 02:15:00,hum,88.0,90.75471506626931,0,1,1,363.9816684605429
Kapurthala,2023-10-23 02:15:00,hum,94.0,90.19569325238325,0,1,1,363.9816684605429
Kapurthala,2023-10-24 02:15:00,hum,88.0,90.89066161458261,0,1,1,363.9816684605429
Kapurthala,2023-10-25 02:15:00,hum,88.0,90.35295623004204,0,1,1,363.9816684605429
Kapurthala,2023-10-26 02:00:00,hum,94.0,89.94618263326042,0,1,1,363.9816684605429
Kapurthala,2023-10-27 02:15:00,hum,94.0,90.61628800516942,0,1,1,363.9816684605429
Kapurthala,2023-10-28 02:00:00,hum,88.0,91.19047766038265,0,1,1,363.9816684605429
Kapurthala,2023-10-29 02:45:00,hum,42.0,90.64161807952723,0,1,1,363.9816684605429
Kapurthala,2023-10-30 02:00:00,hum,94.0,84.58450935807747,0,1,1,363.9816684605429
Karaikal,2023-10-15 02:30:00,hum,83.0,81.12432068207679,0,0,2,251.1055332139231
Karaikal,2023-10-16 02:30:00,hum,79.0,81.81914391944859,0,0,2,251.1055332139231
Karaikal,2023-10-17 02:15:00,hum,80.0,80.94095798748904,0,0,2,251.1055332139231
Karaikal,2023-10-18 02:30:00,hum,79.0,79.11044419462252,0,0,2,251.1055332139231
Karaikal,2023-10-19 02:15:00,hum,79.0,80.8477544443299,0,0,2,251.1055332139231
Karaikal,2023-10-20 02:30:00,hum,81.0,80.17049015949547,0,0,2,251.1055332139231
Karaikal,2023-10-21 02:15:00,hum,79.0,80.82213064472862,0,0,2,251.1055332139231
Karaikal,2023-10-22 02:15:00,hum,89.0,80.75132594568277,0,0,2,251.1055332139231
Karaikal,2023-10-23 02:15:00,hum,83.0,85.84022638059861,0,0,2,251.1055332139231
Karaikal,2023-10-24 02:15:00,hum,83.0,85.28752861322565,0,0,2,251.1055332139231
Karaikal,2023-10-25 02:15:00,hum,83.0,78.46361537481756,0,0,2,251.1055332139231
Karaikal,2023-10-26 02:00:00,hum,77.0,82.92809935743837,0,0,2,251.1055332139231
Karaikal,2023-10-27 02:15:00,hum,78.0,81.00847382837023,0,0,2,251.1055332139231
Karaikal,2023-10-28 02:00:00,hum,85.0,76.69507120878013,0,0,2,251.1055332139231
Karaikal,2023-10-29 02:30:00,hum,77.0,84.32173157645477,0,0,2,251.1055332139231
Karaikal,2023-10-30 01:45:00,hum,81.0,82.86607855488276,0,0,2,251.1055332139231
Karauli,2023-10-15 02:30:00,hum,40.0,40.0,0,1,0,304.88348266491045
Karauli,2023-10-16 02:30:00,hum,46.0,40.0,0,1,0,304.88348266491045
Karauli,2023-10-17 02:30:00,hum,82.0,46.0,0,1,0,304.88348266491045
Karauli,2023-10-18 02:30:00,hum,64.0,82.0,0,1,0,304.88348266491045
Karauli,2023-10-19 02:30:00,hum,45.0,64.0,0,1,0,304.88348266491045
Karauli,2023-10-20 02:30:00,hum,45.0,45.0,0,1,0,304.88348266491045
Karauli,2023-10-21 02:30:00,hum,44.0,45.0,0,1,0,304.88348266491045
Karauli,2023-10-22 02:30:00,hum,47.0,44.0,0,1,0,304.88348266491045
Karauli,2023-10-23 02:15:00,hum,41.0,47.0,0,1,0,304.88348266491045
Karauli,2023-10-24 02:15:00,hum,39.0,41.0,0,1,0,304.88348266491045
Karauli,2023-10-25 02:30:00,hum,43.0,39.0,0,1,0,304.88348266491045
Karauli,2023-10-26 02:00:00,hum,37.0,43.0,0,1,0,304.88348266491045
Karauli,2023-10-27 02:30:00,hum,30.0,37.0,0,1,0,304.88348266491045
Karauli,2023-10-28 02:00:00,hum,32.0,30.0,0,1,0,304.88348266491045
Karauli,2023-10-29 02:45:00,hum,40.0,32.0,0,1,0,304.88348266491045
Karauli,2023-10-30 02:00:00,hum,40.0,40.0,0,1,0,304.88348266491045
Kargil,2023-10-15 02:30:00,hum,67.0,45.061942338641984,0,1,1,323.58626435959
Kargil,2023-10-16 02:30:00,hum,55.0,50.694362485146016,0,1,1,323.58626435959
Kargil,2023-10-17 02:15:00,hum,52.0,52.025308162069926,0,1,1,323.58626435959
Kargil,2023-10-18 02:15:00,hum,62.0,52.00721060328798,0,1,1,323.58626435959
Kargil,2023-10-19 02:15:00,hum,55.0,55.20588782030592,0,1,1,323.58626435959
Kargil,2023-10-20 02:30:00,hum,55.0,55.12609668479878,0,1,1,323.58626435959
Kargil,2023-10-21 02:15:00,hum,57.0,55.080717073580495,0,1,1,323.58626435959
Kargil,2023-10-22 02:15:00,hum,54.0,55.6679930011638,0,1,1,323.58626435959
Kargil,2023-10-23 02:00:00,hum,67.0,55.16081703954089,0,1,1,323.58626435959
Kargil,2023-10-24 02:15:00,hum,52.0,58.763233203525544,0,1,1,323.58626435959
Kargil,2023-10-25 02:15:00,hum,54.0,56.64371228503564,0,1,1,323.58626435959
Kargil,2023-10-26 02:00:00,hum,47.0,55.896797967186636,0,1,1,323.58626435959
Kargil,2023-10-27 02:15:00,hum,45.0,53.42803170424662,0,1,1,323.58626435959
Kargil,2023-10-28 02:00:00,hum,45.0,50.83175763442814,0,1,1,323.58626435959
Kargil,2023-10-29 02:30:00,hum,41.0,48.77411958902368,0,1,1,323.58626435959
Kargil,2023-10-30 01:45:00,hum,40.0,45.824235273410004,0,1,1,323.58626435959
Karimganj,2023-10-15 03:00:00,hum,93.0,93.58481012178865,2,0,1,187.32324998054995
Karimganj,2023-10-16 03:00:00,hum,90.0,95.83837940852818,2,0,1,187.32324998054995
Karimganj,2023-10-17 02:45:00,hum,90.0,94.22839084471914,2,0,1,187.32324998054995
Karimganj,2023-10-18 03:00:00,hum,84.0,93.70804702787244,2,0,1,187.32324998054995
Karimganj,2023-10-19 02:45:00,hum,87.0,87.51382176282918,2,0,1,187.32324998054995
Karimganj,2023-10-20 03:00:00,hum,89.0,88.77073869644461,2,0,1,187.32324998054995
Karimganj,2023-10-21 02:45:00,hum,90.0,90.73533804137972,2,0,1,187.32324998054995
Karimganj,2023-10-22 02:45:00,hum,85.0,91.13619267531152,2,0,1,187.32324998054995
Karimganj,2023-10-23 02:45:00,hum,93.0,87.65667692144957,2,0,1,187.32324998054995
Karimganj,2023-10-24 02:45:00,hum,94.0,92.41885432193732,2,0,1,187.32324998054995
Karimganj,2023-10-25 02:45:00,hum,76.0,93.66617292863616,2,0,1,187.32324998054995
Karimganj,2023-10-26 02:30:00,hum,96.0,82.0491414664192,2,0,1,187.32324998054995
Karimganj,2023-10-27 02:45:00,hum,95.0,88.5600503725834,2,0,1,187.32324998054995
Karimganj,2023-10-28 02:30:00,hum,91.0,91.95352403058457,2,0,1,187.32324998054995
Karimganj,2023-10-29 03:00:00,hum,91.0,91.96829152222499,2,0,1,187.32324998054995
Karimganj,2023-10-30 02:15:00,hum,88.0,91.84288766179021,2,0,1,187.32324998054995
Karimnagar,2023-10-15 02:30:00,hum,72.0,74.0,0,1,0,261.15765525783905
Karimnagar,2023-10-16 02:30:00,hum,65.0,72.0,0,1,0,261.15765525783905
Karimnagar,2023-10-17 02:30:00,hum,74.0,65.0,0,1,0,261.15765525783905
Karimnagar,2023-10-18 02:30:00,hum,68.0,74.0,0,1,0,261.15765525783905
Karimnagar,2023-10-19 02:30:00,hum,71.0,68.0,0,1,0,261.15765525783905
Karimnagar,2023-10-20 02:30:00,hum,80.0,71.0,0,1,0,261.15765525783905
Karimnagar,2023-10-21 02:30:00,hum,75.0,80.0,0,1,0,261.15765525783905
Karimnagar,2023-10-22 02:30:00,hum,63.0,75.0,0,1,0,261.15765525783905
Karimnagar,2023-10-23 02:15:00,hum,57.0,63.00000000000001,0,1,0,261.15765525783905
Karimnagar,2023-10-24 02:15:00,hum,64.0,57.0,0,1,0,261.15765525783905
Karimnagar,2023-10-25 02:30:00,hum,62.0,64.0,0,1,0,261.15765525783905
Karimnagar,2023-10-26 02:00:00,hum,59.0,62.0,0,1,0,261.15765525783905
Karimnagar,2023-10-27 02:30:00,hum,53.0,59.0,0,1,0,261.15765525783905
Karimnagar,2023-10-28 02:00:00,hum,57.0,53.0,0,1,0,261.15765525783905
Karimnagar,2023-10-29 02:45:00,hum,60.0,57.0,0,1,0,261.15765525783905
Karimnagar,2023-10-30 02:00:00,hum,61.0,60.0,0,1,0,261.15765525783905
Karnal,2023-10-15 02:30:00,hum,48.0,48.0,0,1,0,318.70257941842124
Karnal,2023-10-16 02:30:00,hum,51.0,48.0,0,1,0,318.70257941842124
Karnal,2023-10-17 02:15:00,hum,81.0,51.0,0,1,0,318.70257941842124
Karnal,2023-10-18 02:30:00,hum,56.0,81.0,0,1,0,318.70257941842124
Karnal,2023-10-19 02:15:00,hum,46.0,56.0,0,1,0,318.70257941842124
Karnal,2023-10-20 02:30:00,hum,42.0,46.0,0,1,0,318.70257941842124
Karnal,2023-10-21 02:15:00,hum,46.0,42.0,0,1,0,318.70257941842124
Karnal,2023-10-22 02:15:00,hum,46.0,46.0,0,1,0,318.70257941842124
Karnal,2023-10-23 02:15:00,hum,46.0,46.0,0,1,0,318.70257941842124
Karnal,2023-10-24 02:15:00,hum,48.0,46.0,0,1,0,318.70257941842124
Karnal,2023-10-25 02:15:00,hum,45.0,48.0,0,1,0,318.70257941842124
Karnal,2023-10-26 02:00:00,hum,36.0,45.0,0,1,0,318.70257941842124
Karnal,2023-10-27 02:15:00,hum,39.0,36.0,0,1,0,318.70257941842124
Karnal,2023-10-28 02:00:00,hum,39.0,39.0,0,1,0,318.70257941842124
Karnal,2023-10-29 02:30:00,hum,39.0,39.0,0,1,0,318.70257941842124
Karnal,2023-10-30 01:45:00,hum,46.0,39.0,0,1,0,318.70257941842124
Karur,2023-10-15 02:30:00,hum,82.0,77.46644290201073,2,1,2,276.0317748622322
Karur,2023-10-16 02:30:00,hum,77.0,81.74492619064577,2,1,2,276.0317748622322
Karur,2023-10-17 02:30:00,hum,91.0,73.598900925624,2,1,2,276.0317748622322
Karur,2023-10-18 02:30:00,hum,89.0,90.21188555871782,2,1,2,276.0317748622322
Karur,2023-10-19 02:30:00,hum,81.0,80.44472065385598,2,1,2,276.0317748622322
Karur,2023-10-20 02:30:00,hum,83.0,82.29644825580861,2,1,2,276.0317748622322
Karur,2023-10-21 02:15:00,hum,84.0,78.27092756899388,2,1,2,276.0317748622322
Karur,2023-10-22 02:30:00,hum,81.0,84.04968714194058,2,1,2,276.0317748622322
Karur,2023-10-23 02:15:00,hum,82.0,77.62330800447344,2,1,2,276.0317748622322
Karur,2023-10-24 02:15:00,hum,78.0,81.47275068231585,2,1,2,276.0317748622322
Karur,2023-10-25 02:30:00,hum,83.0,76.83615462881035,2,1,2,276.0317748622322
Karur,2023-10-26 02:00:00,hum,89.0,82.9798552163706,2,1,2,276.0317748622322
Karur,2023-10-27 02:30:00,hum,81.0,85.96797478273146,2,1,2,276.0317748622322
Karur,2023-10-28 02:00:00,hum,76.0,79.74282322964082,2,1,2,276.0317748622322
Karur,2023-10-29 02:45:00,hum,91.0,77.31712131417365,2,1,2,276.0317748622322
Karur,2023-10-30 02:00:00,hum,90.0,90.11221629744881,2,1,2,276.0317748622322
Kasaragod,2023-10-15 02:30:00,hum,94.0,92.38651906805742,1,1,2,251.18374954861065
Kasaragod,2023-10-16 02:30:00,hum,94.0,90.81733796160636,1,1,2,251.18374954861065
Kasaragod,2023-10-17 02:15:00,hum,94.0,90.16022184884328,1,1,2,251.18374954861065
Kasaragod,2023-10-18 02:30:00,hum,100.0,90.65433569301551,1,1,2,251.18374954861065
Kasaragod,2023-10-19 02:15:00,hum,94.0,90.25447868513535,1,1,2,251.18374954861065
Kasaragod,2023-10-20 02:30:00,hum,84.0,94.17842982678414,1,1,2,251.18374954861065
Kasaragod,2023-10-21 02:15:00,hum,89.0,100.82942270911492,1,1,2,251.18374954861065
Kasaragod,2023-10-22 02:15:00,hum,94.0,94.06967994501063,1,1,2,251.18374954861065
Kasaragod,2023-10-23 02:15:00,hum,89.0,92.43289144064038,1,1,2,251.18374954861065
Kasaragod,2023-10-24 02:15:00,hum,89.0,92.30139481062204,1,1,2,251.18374954861065
Kasaragod,2023-10-25 02:15:00,hum,89.0,91.86907039009206,1,1,2,251.18374954861065
Kasaragod,2023-10-26 02:00:00,hum,89.0,91.24084265663554,1,1,2,251.18374954861065
Kasaragod,2023-10-27 02:15:00,hum,89.0,90.59012650135418,1,1,2,251.18374954861065
Kasaragod,2023-10-28 02:00:00,hum,84.0,90.022160189149,1,1,2,251.18374954861065
Kasaragod,2023-10-29 02:30:00,hum,89.0,89.32923648899774,1,1,2,251.18374954861065
Kasaragod,2023-10-30 01:45:00,hum,94.0,87.93891228069276,1,1,2,251.18374954861065
Kathua,2023-10-15 02:30:00,hum,46.0,51.60987553188169,0,1,1,317.6265502286274
Kathua,2023-10-16 02:30:00,hum,42.0,47.929221841590454,0,1,1,317.6265502286274
Kathua,2023-10-17 02:15:00,hum,75.0,43.95888310543279,0,1,1,317.6265502286274
Kathua,2023-10-18 02:15:00,hum,47.0,61.98973480021303,0,1,1,317.6265502286274
Kathua,2023-10-19 02:15:00,hum,55.0,53.54405302930639,0,1,1,317.6265502286274
Kathua,2023-10-20 02:30:00,hum,55.0,54.23453547273731,0,1,1,317.6265502286274
Kathua,2023-10-21 02:00:00,hum,47.0,54.597651803117685,0,1,1,317.6265502286274
Kathua,2023-10-22 02:15:00,hum,51.0,51.01359628483978,0,1,1,317.6265502286274
Kathua,2023-10-23 02:00:00,hum,46.0,51.00799464866058,0,1,1,317.6265502286274
Kathua,2023-10-24 02:15:00,hum,52.0,48.6254705148118,0,1,1,317.6265502286274
Kathua,2023-10-25 02:15:00,hum,38.0,50.227953484226056,0,1,1,317.6265502286274
Kathua,2023-10-26 02:00:00,hum,42.0,44.47389338491288,0,1,1,317.6265502286274
Kathua,2023-10-27 02:15:00,hum,53.0,43.2603700360216,0,1,1,317.6265502286274
Kathua,2023-10-28 02:00:00,hum,52.0,47.81820994323049,0,1,1,317.6265502286274
Kathua,2023-10-29 02:30:00,hum,49.0,49.76343315018318,0,1,1,317.6265502286274
Kathua,2023-10-30 01:45:00,hum,51.0,49.406572382742425,0,1,1,317.6265502286274
Katihar,2023-10-15 02:30:00,hum,74.0,64.0,0,1,0,298.5129657857545
Katihar,2023-10-16 02:30:00,hum,66.0,74.0,0,1,0,298.5129657857545
Katihar,2023-10-17 02:15:00,hum,77.0,66.0,0,1,0,298.5129657857545
Katihar,2023-10-18 02:30:00,hum,76.0,77.0,0,1,0,298.5129657857545
Katihar,2023-10-19 02:15:00,hum,72.0,76.0,0,1,0,298.5129657857545
Katihar,2023-10-20 02:30:00,hum,72.0,72.0,0,1,0,298.5129657857545
Katihar,2023-10-21 02:15:00,hum,70.0,72.0,0,1,0,298.5129657857545
Katihar,2023-10-22 02:15:00,hum,71.0,70.0,0,1,0,298.5129657857545
Katihar,2023-10-23 02:15:00,hum,79.0,71.0,0,1,0,298.5129657857545
Katihar,2023-10-24 02:15:00,hum,82.0,79.0,0,1,0,298.5129657857545
Katihar,2023-10-25 02:15:00,hum,79.0,82.0,0,1,0,298.5129657857545
Katihar,2023-10-26 02:00:00,hum,80.0,79.0,0,1,0,298.5129657857545
Katihar,2023-10-27 02:15:00,hum,57.0,80.0,0,1,0,298.5129657857545
Katihar,2023-10-28 02:00:00,hum,60.0,57.0,0,1,0,298.5129657857545
Katihar,2023-10-29 02:30:00,hum,56.0,60.0,0,1,0,298.5129657857545
Katihar,2023-10-30 01:45:00,hum,66.0,56.0,0,1,0,298.5129657857545
Katni,2023-10-15 02:30:00,hum,84.0,86.19779628035316,0,1,1,250.63307587087414
Katni,2023-10-16 02:30:00,hum,89.0,85.51837666876992,0,1,1,250.63307587087414
Katni,2023-10-17 02:15:00,hum,89.0,86.52903338664768,0,1,1,250.63307587087414
Katni,2023-10-18 02:15:00,hum,94.0,87.15399570286098,0,1,1,250.63307587087414
Katni,2023-10-19 02:15:00,hum,89.0,88.85750511252563,0,1,1,250.63307587087414
Katni,2023-10-20 02:15:00,hum,94.0,88.89564755763689,0,1,1,250.63307587087414
Katni,2023-10-21 02:00:00,hum,89.0,90.50833478103799,0,1,1,250.63307587087414
Katni,2023-10-22 02:15:00,hum,83.0,89.98412467668275,0,1,1,250.63307587087414
Katni,2023-10-23 02:00:00,hum,79.0,88.21593580704891,0,1,1,250.63307587087414
Katni,2023-10-24 02:15:00,hum,89.0,85.78604148805944,0,1,1,250.63307587087414
Katni,2023-10-25 02:15:00,hum,94.0,86.8244343058192,0,1,1,250.63307587087414
Katni,2023-10-26 02:00:00,hum,94.0,88.32717303761201,0,1,1,250.63307587087414
Katni,2023-10-27 02:15:00,hum,83.0,89.46982698836462,0,1,1,250.63307587087414
Katni,2023-10-28 02:00:00,hum,78.0,88.19523345343072,0,1,1,250.63307587087414
Katni,2023-10-29 02:30:00,hum,83.0,86.3565911488659,0,1,1,250.63307587087414
Katni,2023-10-30 01:45:00,hum,88.0,85.56136996211221,0,1,1,250.63307587087414
Kavaratti,2023-10-15 02:30:00,hum,74.0,75.0,0,1,0,217.605553132487
Kavaratti,2023-10-16 02:30:00,hum,79.0,74.0,0,1,0,217.605553132487
Kavaratti,2023-10-17 02:30:00,hum,78.0,79.0,0,1,0,217.605553132487
Kavaratti,2023-10-18 02:30:00,hum,71.0,78.0,0,1,0,217.605553132487
Kavaratti,2023-10-19 02:15:00,hum,72.0,71.0,0,1,0,217.605553132487
Kavaratti,2023-10-20 02:30:00,hum,70.0,72.0,0,1,0,217.605553132487
Kavaratti,2023-10-21 02:15:00,hum,72.0,70.0,0,1,0,217.605553132487
Kavaratti,2023-10-22 02:15:00,hum,72.0,72.0,0,1,0,217.605553132487
Kavaratti,2023-10-23 02:15:00,hum,74.0,72.0,0,1,0,217.605553132487
Kavaratti,2023-10-24 02:15:00,hum,71.0,74.0,0,1,0,217.605553132487
Kavaratti,2023-10-25 02:15:00,hum,72.0,71.0,0,1,0,217.605553132487
Kavaratti,2023-10-26 02:00:00,hum,68.0,72.0,0,1,0,217.605553132487
Kavaratti,2023-10-27 02:15:00,hum,69.0,68.0,0,1,0,217.605553132487
Kavaratti,2023-10-28 02:00:00,hum,67.0,69.0,0,1,0,217.605553132487
Kavaratti,2023-10-29 02:30:00,hum,71.0,67.0,0,1,0,217.605553132487
Kavaratti,2023-10-30 01:45:00,hum,70.0,71.0,0,1,0,217.605553132487
Kendrapara,2023-10-15 02:30:00,hum,81.0,76.45680193680103,0,1,2,228.5519643232226
Kendrapara,2023-10-16 02:30:00,hum,76.0,80.5470841873291,0,1,2,228.5519643232226
Kendrapara,2023-10-17 02:30:00,hum,73.0,76.68549070719683,0,1,2,228.5519643232226
Kendrapara,2023-10-18 02:30:00,hum,75.0,75.21828852666333,0,1,2,228.5519643232226
Kendrapara,2023-10-19 02:30:00,hum,78.0,75.90055055653232,0,1,2,228.5519643232226
Kendrapara,2023-10-20 02:30:00,hum,78.0,77.37860079529888,0,1,2,228.5519643232226
Kendrapara,2023-10-21 02:15:00,hum,75.0,77.26904867161932,0,1,2,228.5519643232226
Kendrapara,2023-10-22 02:30:00,hum,74.0,75.61392624546204,0,1,2,228.5519643232226
Kendrapara,2023-10-23 02:15:00,hum,82.0,75.12349612493493,0,1,2,228.5519643232226
Kendrapara,2023-10-24 02:15:00,hum,89.0,80.05893323980422,0,1,2,228.5519643232226
Kendrapara,2023-10-25 02:15:00,hum,80.0,84.615906950123,0,1,2,228.5519643232226
Kendrapara,2023-10-26 02:00:00,hum,84.0,78.27129208331534,0,1,2,228.5519643232226
Kendrapara,2023-10-27 02:15:00,hum,83.0,83.43425715023027,0,1,2,228.5519643232226
Kendrapara,2023-10-28 02:00:00,hum,82.0,81.7798000618863,0,1,2,228.5519643232226
Kendrapara,2023-10-29 02:45:00,hum,77.0,82.03382383839134,0,1,2,228.5519643232226
Kendrapara,2023-10-30 02:00:00,hum,70.0,78.7019764893708,0,1,2,228.5519643232226
Khagaria,2023-10-15 02:30:00,hum,72.0,71.0,0,1,0,308.7819077798254
Khagaria,2023-10-16 02:30:00,hum,71.0,72.0,0,1,0,308.7819077798254
Khagaria,2023-10-17 02:15:00,hum,75.0,71.0,0,1,0,308.7819077798254
Khagaria,2023-10-18 02:30:00,hum,72.0,75.0,0,1,0,308.7819077798254
Khagaria,2023-10-19 02:15:00,hum,75.0,72.0,0,1,0,308.7819077798254
Khagaria,2023-10-20 02:30:00,hum,68.0,75.0,0,1,0,308.7819077798254
Khagaria,2023-10-21 02:15:00,hum,64.0,68.0,0,1,0,308.7819077798254
Khagaria,2023-10-22 02:15:00,hum,62.0,63.99999999999999,0,1,0,308.7819077798254
Khagaria,2023-10-23 02:15:00,hum,62.0,62.0,0,1,0,308.7819077798254
Khagaria,2023-10-24 02:15:00,hum,74.0,62.0,0,1,0,308.7819077798254
Khagaria,2023-10-25 02:15:00,hum,73.0,74.0,0,1,0,308.7819077798254
Khagaria,2023-10-26 02:00:00,hum,69.0,73.0,0,1,0,308.7819077798254
Khagaria,2023-10-27 02:15:00,hum,59.0,69.0,0,1,0,308.7819077798254
Khagaria,2023-10-28 02:00:00,hum,62.0,59.0,0,1,0,308.7819077798254
Khagaria,2023-10-29 02:30:00,hum,59.0,62.0,0,1,0,308.7819077798254
Khagaria,2023-10-30 01:45:00,hum,63.0,59.0,0,1,0,308.7819077798254
Khammam,2023-10-15 02:30:00,hum,85.0,85.40024367400721,1,1,1,262.860820543319
Khammam,2023-10-16 02:30:00,hum,87.0,85.39206225185373,1,1,1,262.860820543319
Khammam,2023-10-17 02:30:00,hum,89.0,86.85454179570019,1,1,1,262.860820543319
Khammam,2023-10-18 02:30:00,hum,86.0,88.31898717277059,1,1,1,262.860820543319
Khammam,2023-10-19 02:30:00,hum,78.0,86.14466185784708,1,1,1,262.860820543319
Khammam,2023-10-20 02:30:00,hum,90.0,80.25201836637466,1,1,1,262.860820543319
Khammam,2023-10-21 02:30:00,hum,83.0,88.84518356040026,1,1,1,262.860820543319
Khammam,2023-10-22 02:30:00,hum,84.0,84.20112710246833,1,1,1,262.860820543319
Khammam,2023-10-23 02:15:00,hum,67.0,84.84059720843354,1,1,1,262.860820543319
Khammam,2023-10-24 02:15:00,hum,68.0,72.67229863602289,1,1,1,262.860820543319
Khammam,2023-10-25 02:30:00,hum,69.0,72.05412607731313,1,1,1,262.860820543319
Khammam,2023-10-26 02:00:00,hum,69.0,72.02901858689447,1,1,1,262.860820543319
Khammam,2023-10-27 02:30:00,hum,58.0,71.39613191865334,1,1,1,262.860820543319
Khammam,2023-10-28 02:00:00,hum,73.0,60.76120193991455,1,1,1,262.860820543319
Khammam,2023-10-29 02:45:00,hum,89.0,69.7001879108104,1,1,1,262.860820543319
Khammam,2023-10-30 02:00:00,hum,94.0,87.45611881919271,1,1,1,262.860820543319
Khandwa,2023-10-15 02:30:00,hum,50.0,54.0,0,1,0,284.45801187685333
Khandwa,2023-10-16 02:30:00,hum,60.0,50.0,0,1,0,284.45801187685333
Khandwa,2023-10-17 02:15:00,hum,63.0,60.0,0,1,0,284.45801187685333
Khandwa,2023-10-18 02:15:00,hum,64.0,63.0,0,1,0,284.45801187685333
Khandwa,2023-10-19 02:15:00,hum,61.0,64.0,0,1,0,284.45801187685333
Khandwa,2023-10-20 02:15:00,hum,65.0,61.0,0,1,0,284.45801187685333
Khandwa,2023-10-21 02:00:00,hum,47.0,65.0,0,1,0,284.45801187685333
Khandwa,2023-10-22 02:15:00,hum,53.0,46.99999999999999,0,1,0,284.45801187685333
Khandwa,2023-10-23 02:00:00,hum,47.0,53.0,0,1,0,284.45801187685333
Khandwa,2023-10-24 02:15:00,hum,58.0,47.0,0,1,0,284.45801187685333
Khandwa,2023-10-25 02:15:00,hum,53.0,58.0,0,1,0,284.45801187685333
Khandwa,2023-10-26 02:00:00,hum,46.0,53.0,0,1,0,284.45801187685333
Khandwa,2023-10-27 02:15:00,hum,45.0,46.0,0,1,0,284.45801187685333
Khandwa,2023-10-28 02:00:00,hum,45.0,45.0,0,1,0,284.45801187685333
Khandwa,2023-10-29 02:30:00,hum,46.0,45.0,0,1,0,284.45801187685333
Khandwa,2023-10-30 01:45:00,hum,45.0,46.0,0,1,0,284.45801187685333
Khargone,2023-10-15 02:30:00,hum,47.0,52.65994067311989,2,1,0,282.75220039567245
Khargone,2023-10-16 02:30:00,hum,61.0,47.67823858892191,2,1,0,282.75220039567245
Khargone,2023-10-17 02:15:00,hum,57.0,63.990998898057114,2,1,0,282.75220039567245
Khargone,2023-10-18 02:15:00,hum,62.0,52.38599209773429,2,1,0,282.75220039567245
Khargone,2023-10-19 02:15:00,hum,55.0,63.22280148997342,2,1,0,282.75220039567245
Khargone,2023-10-20 02:15:00,hum,46.0,53.686561603753866,2,1,0,282.75220039567245
Khargone,2023-10-21 02:00:00,hum,49.0,47.01634151671129,2,1,0,282.75220039567245
Khargone,2023-10-22 02:15:00,hum,52.0,51.31943533016448,2,1,0,282.75220039567245
Khargone,2023-10-23 02:00:00,hum,45.0,51.45352248871638,2,1,0,282.75220039567245
Khargone,2023-10-24 02:15:00,hum,44.0,43.89785719841328,2,1,0,282.75220039567245
Khargone,2023-10-25 02:15:00,hum,45.0,45.706016404562355,2,1,0,282.75220039567245
Khargone,2023-10-26 02:00:00,hum,39.0,45.29846593047306,2,1,0,282.75220039567245
Khargone,2023-10-27 02:15:00,hum,38.0,38.47486419223519,2,1,0,282.75220039567245
Khargone,2023-10-28 02:00:00,hum,39.0,39.42680029510733,2,1,0,282.75220039567245
Khargone,2023-10-29 02:30:00,hum,37.0,39.292962362548685,2,1,0,282.75220039567245
Khargone,2023-10-30 01:45:00,hum,36.0,36.66213944897066,2,1,0,282.75220039567245
Kheda,2023-10-15 02:30:00,hum,62.0,74.0,0,1,0,301.9725836980863
Kheda,2023-10-16 02:30:00,hum,74.0,62.0,0,1,0,301.9725836980863
Kheda,2023-10-17 02:15:00,hum,70.0,74.0,0,1,0,301.9725836980863
Kheda,2023-10-18 02:15:00,hum,78.0,70.0,0,1,0,301.9725836980863
Kheda,2023-10-19 02:15:00,hum,69.0,78.0,0,1,0,301.9725836980863
Kheda,2023-10-20 02:15:00,hum,79.0,69.0,0,1,0,301.9725836980863
Kheda,2023-10-21 02:15:00,hum,74.0,79.0,0,1,0,301.9725836980863
Kheda,2023-10-22 02:15:00,hum,74.0,74.0,0,1,0,301.9725836980863
Kheda,2023-10-23 02:00:00,hum,74.0,74.0,0,1,0,301.9725836980863
Kheda,2023-10-24 02:15:00,hum,74.0,74.0,0,1,0,301.9725836980863
Kheda,2023-10-25 02:15:00,hum,74.0,74.0,0,1,0,301.9725836980863
Kheda,2023-10-26 02:00:00,hum,69.0,74.0,0,1,0,301.9725836980863
Kheda,2023-10-27 02:15:00,hum,78.0,69.0,0,1,0,301.9725836980863
Kheda,2023-10-28 02:00:00,hum,78.0,78.0,0,1,0,301.9725836980863
Kheda,2023-10-29 02:30:00,hum,65.0,78.0,0,1,0,301.9725836980863
Kheda,2023-10-30 01:45:00,hum,73.0,65.0,0,1,0,301.9725836980863
Kheri,2023-10-15 02:30:00,hum,63.0,64.81671872838679,0,1,1,309.5815351845851
Kheri,2023-10-16 02:30:00,hum,69.0,64.05615501337435,0,1,1,309.5815351845851
Kheri,2023-10-17 02:30:00,hum,87.0,66.08788300873844,0,1,1,309.5815351845851
Kheri,2023-10-18 02:30:00,hum,75.0,74.92439211226437,0,1,1,309.5815351845851
Kheri,2023-10-19 02:30:00,hum,65.0,74.95829599513932,0,1,1,309.5815351845851
Kheri,2023-10-20 02:30:00,hum,61.0,70.8205024406727,0,1,1,309.5815351845851
Kheri,2023-10-21 02:15:00,hum,64.0,67.04571003980182,0,1,1,309.5815351845851
Kheri,2023-10-22 02:30:00,hum,60.0,65.7803457614881,0,1,1,309.5815351845851
Kheri,2023-10-23 02:15:00,hum,60.0,63.292496354745104,0,1,1,309.5815351845851
Kheri,2023-10-24 02:15:00,hum,54.0,61.81569498873006,0,1,1,309.5815351845851
Kheri,2023-10-25 02:30:00,hum,56.0,58.18837241020653,0,1,1,309.5815351845851
Kheri,2023-10-26 02:00:00,hum,57.0,57.13257955915827,0,1,1,309.5815351845851
Kheri,2023-10-27 02:30:00,hum,57.0,57.07145378720053,0,1,1,309.5815351845851
Kheri,2023-10-28 02:00:00,hum,53.0,57.03915471541531,0,1,1,309.5815351845851
Kheri,2023-10-29 02:45:00,hum,54.0,55.17480387594472,0,1,1,309.5815351845851
Kheri,2023-10-30 02:00:00,hum,59.0,54.62693307708659,0,1,1,309.5815351845851
Khordha,2023-10-15 02:30:00,hum,84.0,86.42872493390941,0,1,1,269.17448839885185
Khordha,2023-10-16 02:30:00,hum,89.0,85.78296106030126,0,1,1,269.17448839885185
Khordha,2023-10-17 02:30:00,hum,89.0,86.6166167207738,0,1,1,269.17448839885185
Khordha,2023-10-18 02:30:00,hum,94.0,87.1790374196181,0,1,1,269.17448839885185
Khordha,2023-10-19 02:30:00,hum,89.0,88.7676087665423,0,1,1,269.17448839885185
Khordha,2023-10-20 02:30:00,hum,94.0,88.8244585423679,0,1,1,269.17448839885185
Khordha,2023-10-21 02:15:00,hum,89.0,90.23803477644202,0,1,1,269.17448839885185
Khordha,2023-10-22 02:30:00,hum,83.0,89.8686645216303,0,1,1,269.17448839885185
Khordha,2023-10-23 02:15:00,hum,79.0,88.23454032323272,0,1,1,269.17448839885185
Khordha,2023-10-24 02:15:00,hum,89.0,86.07399853801458,0,1,1,269.17448839885185
Khordha,2023-10-25 02:15:00,hum,94.0,86.86324462622879,0,1,1,269.17448839885185
Khordha,2023-10-26 02:00:00,hum,94.0,88.32489217315924,0,1,1,269.17448839885185
Khordha,2023-10-27 02:15:00,hum,83.0,89.46443183173382,0,1,1,269.17448839885185
Khordha,2023-10-28 02:00:00,hum,78.0,88.18730159441083,0,1,1,269.17448839885185
Khordha,2023-10-29 02:45:00,hum,83.0,86.332412864404,0,1,1,269.17448839885185
Khordha,2023-10-30 02:00:00,hum,88.0,85.57598400566754,0,1,1,269.17448839885185
Khowai,2023-10-15 03:00:00,hum,93.0,96.82433773910621,1,1,2,212.06294992180102
Khowai,2023-10-16 03:00:00,hum,94.0,91.48279028997456,1,1,2,212.06294992180102
Khowai,2023-10-17 02:45:00,hum,89.0,95.21960010449551,1,1,2,212.06294992180102
Khowai,2023-10-18 03:00:00,hum,88.0,89.69606133939617,1,1,2,212.06294992180102
Khowai,2023-10-19 02:45:00,hum,89.0,90.93635871325868,1,1,2,212.06294992180102
Khowai,2023-10-20 03:00:00,hum,94.0,89.03998566968197,1,1,2,212.06294992180102
Khowai,2023-10-21 02:45:00,hum,93.0,93.54652975440564,1,1,2,212.06294992180102
Khowai,2023-10-22 02:45:00,hum,89.0,91.09430164638816,1,1,2,212.06294992180102
Khowai,2023-10-23 02:45:00,hum,96.0,90.41743125511643,1,1,2,212.06294992180102
Khowai,2023-10-24 02:45:00,hum,96.0,94.48279841673147,1,1,2,212.06294992180102
Khowai,2023-10-25 02:45:00,hum,84.0,93.10557818626059,1,1,2,212.06294992180102
Khowai,2023-10-26 02:30:00,hum,98.0,86.77863838149446,1,1,2,212.06294992180102
Khowai,2023-10-27 02:45:00,hum,97.0,96.85391034142947,1,1,2,212.06294992180102
Khowai,2023-10-28 02:30:00,hum,93.0,91.50299456013249,1,1,2,212.06294992180102
Khowai,2023-10-29 03:00:00,hum,85.0,94.74785930666143,1,1,2,212.06294992180102
Khowai,2023-10-30 02:15:00,hum,88.0,89.10336703822554,1,1,2,212.06294992180102
Khunti,2023-10-15 02:30:00,hum,83.0,72.21340071412993,1,1,2,303.1599425072443
Khunti,2023-10-16 02:30:00,hum,94.0,70.56287271585472,1,1,2,303.1599425072443
Khunti,2023-10-17 02:15:00,hum,74.0,85.67548826707922,1,1,2,303.1599425072443
Khunti,2023-10-18 02:30:00,hum,94.0,82.65838086239698,1,1,2,303.1599425072443
Khunti,2023-10-19 02:15:00,hum,88.0,81.0576999590833,1,1,2,303.1599425072443
Khunti,2023-10-20 02:30:00,hum,83.0,87.40381084695265,1,1,2,303.1599425072443
Khunti,2023-10-21 02:00:00,hum,94.0,83.87873157400438,1,1,2,303.1599425072443
Khunti,2023-10-22 02:15:00,hum,94.0,87.15200926556699,1,1,2,303.1599425072443
Khunti,2023-10-23 02:00:00,hum,77.0,88.84668624454905,1,1,2,303.1599425072443
Khunti,2023-10-24 02:15:00,hum,78.0,86.91427930265549,1,1,2,303.1599425072443
Khunti,2023-10-25 02:15:00,hum,77.0,84.10570509410553,1,1,2,303.1599425072443
Khunti,2023-10-26 02:00:00,hum,83.0,82.34472196677112,1,1,2,303.1599425072443
Khunti,2023-10-27 02:15:00,hum,83.0,82.87114132860457,1,1,2,303.1599425072443
Khunti,2023-10-28 02:00:00,hum,77.0,83.1430013985814,1,1,2,303.1599425072443
Khunti,2023-10-29 02:30:00,hum,64.0,81.60731158024139,1,1,2,303.1599425072443
Khunti,2023-10-30 01:45:00,hum,83.0,76.23157995677532,1,1,2,303.1599425072443
Kishanganj,2023-10-15 02:30:00,hum,73.0,73.0,0,1,0,291.8447702700852
Kishanganj,2023-10-16 02:30:00,hum,71.0,73.0,0,1,0,291.8447702700852
Kishanganj,2023-10-17 02:15:00,hum,83.0,71.0,0,1,0,291.8447702700852
Kishanganj,2023-10-18 02:30:00,hum,82.0,83.0,0,1,0,291.8447702700852
Kishanganj,2023-10-19 02:15:00,hum,79.0,82.0,0,1,0,291.8447702700852
Kishanganj,2023-10-20 02:30:00,hum,81.0,79.0,0,1,0,291.8447702700852
Kishanganj,2023-10-21 02:15:00,hum,78.0,81.0,0,1,0,291.8447702700852
Kishanganj,2023-10-22 02:15:00,hum,77.0,78.0,0,1,0,291.8447702700852
Kishanganj,2023-10-23 02:00:00,hum,78.0,77.0,0,1,0,291.8447702700852
Kishanganj,2023-10-24 02:15:00,hum,79.0,78.0,0,1,0,291.8447702700852
Kishanganj,2023-10-25 02:15:00,hum,74.0,79.0,0,1,0,291.8447702700852
Kishanganj,2023-10-26 02:00:00,hum,75.0,74.0,0,1,0,291.8447702700852
Kishanganj,2023-10-27 02:15:00,hum,61.0,75.0,0,1,0,291.8447702700852
Kishanganj,2023-10-28 02:00:00,hum,65.0,61.0,0,1,0,291.8447702700852
Kishanganj,2023-10-29 02:30:00,hum,62.0,65.0,0,1,0,291.8447702700852
Kishanganj,2023-10-30 01:45:00,hum,71.0,62.0,0,1,0,291.8447702700852
Kishtwar,2023-10-15 02:30:00,hum,65.0,60.554859417425654,2,1,1,311.1942154447244
Kishtwar,2023-10-16 02:30:00,hum,65.0,63.47084142171166,2,1,1,311.1942154447244
Kishtwar,2023-10-17 02:15:00,hum,84.0,62.828720949245735,2,1,1,311.1942154447244
Kishtwar,2023-10-18 02:15:00,hum,77.0,84.17451659338496,2,1,1,311.1942154447244
Kishtwar,2023-10-19 02:15:00,hum,71.0,70.01878258019731,2,1,1,311.1942154447244
Kishtwar,2023-10-20 02:30:00,hum,72.0,68.19781701679224,2,1,1,311.1942154447244
Kishtwar,2023-10-21 02:15:00,hum,65.0,72.1208749673413,2,1,1,311.1942154447244
Kishtwar,2023-10-22 02:15:00,hum,64.0,64.38067433029023,2,1,1,311.1942154447244
Kishtwar,2023-10-23 02:00:00,hum,75.0,65.66256172069492,2,1,1,311.1942154447244
Kishtwar,2023-10-24 02:15:00,hum,63.0,76.8801302588287,2,1,1,311.1942154447244
Kishtwar,2023-10-25 02:15:00,hum,57.0,61.1594760282603,2,1,1,311.1942154447244
Kishtwar,2023-10-26 02:00:00,hum,55.0,59.088503601188386,2,1,1,311.1942154447244
Kishtwar,2023-10-27 02:15:00,hum,56.0,58.193591568151376,2,1,1,311.1942154447244
Kishtwar,2023-10-28 02:00:00,hum,57.0,58.87345049957705,2,1,1,311.1942154447244
Kishtwar,2023-10-29 02:30:00,hum,56.0,58.79300815555616,2,1,1,311.1942154447244
Kishtwar,2023-10-30 01:45:00,hum,52.0,56.972986365163976,2,1,1,311.1942154447244
Koch Bihar,2023-10-15 02:30:00,hum,85.0,85.89778551321179,1,1,1,279.8590458988522
Koch Bihar,2023-10-16 02:30:00,hum,81.0,86.47501242645072,1,1,1,279.8590458988522
Koch Bihar,2023-10-17 02:30:00,hum,83.0,83.83018131996617,1,1,1,279.8590458988522
Koch Bihar,2023-10-18 02:30:00,hum,78.0,85.03295372785584,1,1,1,279.8590458988522
Koch Bihar,2023-10-19 02:15:00,hum,88.0,81.53317872137195,1,1,1,279.8590458988522
Koch Bihar,2023-10-20 02:30:00,hum,80.0,88.13646958584499,1,1,1,279.8590458988522
Koch Bihar,2023-10-21 02:15:00,hum,75.0,82.61794268675175,1,1,1,279.8590458988522
Koch Bihar,2023-10-22 02:15:00,hum,70.0,79.39497854132033,1,1,1,279.8590458988522
Koch Bihar,2023-10-23 02:15:00,hum,66.0,70.90985880578745,1,1,1,279.8590458988522
Koch Bihar,2023-10-24 02:15:00,hum,63.0,66.1453818814945,1,1,1,279.8590458988522
Koch Bihar,2023-10-25 02:15:00,hum,67.0,63.344802139563576,1,1,1,279.8590458988522
Koch Bihar,2023-10-26 02:00:00,hum,78.0,66.28304107754187,1,1,1,279.8590458988522
Koch Bihar,2023-10-27 02:15:00,hum,84.0,77.07052185742958,1,1,1,279.8590458988522
Koch Bihar,2023-10-28 02:00:00,hum,84.0,83.85451610750366,1,1,1,279.8590458988522
Koch Bihar,2023-10-29 02:45:00,hum,76.0,84.08390774320617,1,1,1,279.8590458988522
Koch Bihar,2023-10-30 02:00:00,hum,77.0,76.65967984595302,1,1,1,279.8590458988522
Kodarma,2023-10-15 02:30:00,hum,73.0,75.0,0,1,0,308.15298008461286
Kodarma,2023-10-16 02:30:00,hum,67.0,73.0,0,1,0,308.15298008461286
Kodarma,2023-10-17 02:15:00,hum,82.0,67.0,0,1,0,308.15298008461286
Kodarma,2023-10-18 02:30:00,hum,78.0,82.0,0,1,0,308.15298008461286
Kodarma,2023-10-19 02:15:00,hum,86.0,78.0,0,1,0,308.15298008461286
Kodarma,2023-10-20 02:30:00,hum,74.0,86.0,0,1,0,308.15298008461286
Kodarma,2023-10-21 02:15:00,hum,71.0,74.0,0,1,0,308.15298008461286
Kodarma,2023-10-22 02:15:00,hum,61.0,71.0,0,1,0,308.15298008461286
Kodarma,2023-10-23 02:00:00,hum,65.0,61.0,0,1,0,308.15298008461286
Kodarma,2023-10-24 02:15:00,hum,64.0,65.0,0,1,0,308.15298008461286
Kodarma,2023-10-25 02:15:00,hum,75.0,64.0,0,1,0,308.15298008461286
Kodarma,2023-10-26 02:00:00,hum,68.0,75.0,0,1,0,308.15298008461286
Kodarma,2023-10-27 02:15:00,hum,62.0,68.0,0,1,0,308.15298008461286
Kodarma,2023-10-28 02:00:00,hum,61.0,62.0,0,1,0,308.15298008461286
Kodarma,2023-10-29 02:30:00,hum,62.0,61.0,0,1,0,308.15298008461286
Kodarma,2023-10-30 01:45:00,hum,67.0,62.0,0,1,0,308.15298008461286
Kohima,2023-10-15 02:30:00,hum,93.0,95.35978451954837,1,1,1,245.8863957313067
Kohima,2023-10-16 02:30:00,hum,93.0,94.19130197155978,1,1,1,245.8863957313067
Kohima,2023-10-17 02:15:00,hum,90.0,94.05303673078863,1,1,1,245.8863957313067
Kohima,2023-10-18 02:30:00,hum,89.0,92.33382006153293,1,1,1,245.8863957313067
Kohima,2023-10-19 02:15:00,hum,95.0,91.64125015526359,1,1,1,245.8863957313067
Kohima,2023-10-20 02:30:00,hum,91.0,94.83592735288806,1,1,1,245.8863957313067
Kohima,2023-10-21 02:15:00,hum,90.0,92.77673789145237,1,1,1,245.8863957313067
Kohima,2023-10-22 02:15:00,hum,88.0,92.1701221927228,1,1,1,245.8863957313067
Kohima,2023-10-23 02:15:00,hum,89.0,90.92178323135771,1,1,1,245.8863957313067
Kohima,2023-10-24 02:15:00,hum,92.0,91.34293890867744,1,1,1,245.8863957313067
Kohima,2023-10-25 02:15:00,hum,92.0,93.00644178723927,1,1,1,245.8863957313067
Kohima,2023-10-26 02:00:00,hum,97.0,92.98410522271986,1,1,1,245.8863957313067
Kohima,2023-10-27 02:15:00,hum,97.0,95.75056234570168,1,1,1,245.8863957313067
Kohima,2023-10-28 02:00:00,hum,90.0,95.78094693359337,1,1,1,245.8863957313067
Kohima,2023-10-29 02:30:00,hum,90.0,91.98676571571136,1,1,1,245.8863957313067
Kohima,2023-10-30 01:45:00,hum,90.0,91.91679888782656,1,1,1,245.8863957313067
Kokrajhar,2023-10-15 02:30:00,hum,89.0,86.78899000007912,0,1,1,246.93481313642852
Kokrajhar,2023-10-16 02:30:00,hum,88.0,88.36615322770933,0,1,1,246.93481313642852
Kokrajhar,2023-10-17 02:15:00,hum,90.0,88.11229292917415,0,1,1,246.93481313642852
Kokrajhar,2023-10-18 02:30:00,hum,90.0,89.4191096602716,0,1,1,246.93481313642852
Kokrajhar,2023-10-19 02:15:00,hum,90.0,89.8227415289695,0,1,1,246.93481313642852
Kokrajhar,2023-10-20 02:30:00,hum,88.0,89.94576225019347,0,1,1,246.93481313642852
Kokrajhar,2023-10-21 02:15:00,hum,89.0,88.59874423839418,0,1,1,246.93481313642852
Kokrajhar,2023-10-22 02:15:00,hum,87.0,88.87664877825772,0,1,1,246.93481313642852
Kokrajhar,2023-10-23 02:15:00,hum,88.0,87.57928172831684,0,1,1,246.93481313642852
Kokrajhar,2023-10-24 02:15:00,hum,80.0,87.87035288356371,0,1,1,246.93481313642852
Kokrajhar,2023-10-25 02:15:00,hum,81.0,82.42103036837918,0,1,1,246.93481313642852
Kokrajhar,2023-10-26 02:00:00,hum,87.0,81.38402023378598,0,1,1,246.93481313642852
Kokrajhar,2023-10-27 02:15:00,hum,88.0,85.22928516765809,0,1,1,246.93481313642852
Kokrajhar,2023-10-28 02:00:00,hum,89.0,87.1755042475438,0,1,1,246.93481313642852
Kokrajhar,2023-10-29 02:30:00,hum,83.0,88.47354329342008,0,1,1,246.93481313642852
Kokrajhar,2023-10-30 01:45:00,hum,86.0,84.72064127033575,0,1,1,246.93481313642852
Kolar,2023-10-15 02:30:00,hum,94.0,87.6934678249095,0,1,1,265.64886223512525
Kolar,2023-10-16 02:30:00,hum,88.0,88.84361881541565,0,1,1,265.64886223512525
Kolar,2023-10-17 02:30:00,hum,88.0,88.67233730743696,0,1,1,265.64886223512525
Kolar,2023-10-18 02:30:00,hum,88.0,88.54688047287001,0,1,1,265.64886223512525
Kolar,2023-10-19 02:15:00,hum,78.0,88.4491934336852,0,1,1,265.64886223512525
Kolar,2023-10-20 02:30:00,hum,83.0,86.6934069046369,0,1,1,265.64886223512525
Kolar,2023-10-21 02:15:00,hum,88.0,85.82793891845229,0,1,1,265.64886223512525
Kolar,2023-10-22 02:15:00,hum,78.0,86.34912674646851,0,1,1,265.64886223512525
Kolar,2023-10-23 02:15:00,hum,78.0,84.41647306809854,0,1,1,265.64886223512525
Kolar,2023-10-24 02:15:00,hum,68.0,82.27112753933628,0,1,1,265.64886223512525
Kolar,2023-10-25 02:15:00,hum,60.0,75.98225626175623,0,1,1,265.64886223512525
Kolar,2023-10-26 02:00:00,hum,68.0,66.05197215850633,0,1,1,265.64886223512525
Kolar,2023-10-27 02:15:00,hum,78.0,67.2715834036239,0,1,1,265.64886223512525
Kolar,2023-10-28 02:00:00,hum,88.0,72.58489967708451,0,1,1,265.64886223512525
Kolar,2023-10-29 02:45:00,hum,94.0,81.2022907013957,0,1,1,265.64886223512525
Kolar,2023-10-30 02:00:00,hum,88.0,91.32986721156185,0,1,1,265.64886223512525
Kolhapur,2023-10-15 02:30:00,hum,73.0,50.79201666960132,1,1,1,245.4945446642246
Kolhapur,2023-10-16 02:30:00,hum,86.0,68.94243240706041,1,1,1,245.4945446642246
Kolhapur,2023-10-17 02:30:00,hum,71.0,86.11138454518897,1,1,1,245.4945446642246
Kolhapur,2023-10-18 02:30:00,hum,79.0,70.46040590106318,1,1,1,245.4945446642246
Kolhapur,2023-10-19 02:30:00,hum,53.0,77.52051435429689,1,1,1,245.4945446642246
Kolhapur,2023-10-20 02:30:00,hum,66.0,63.63075297372544,1,1,1,245.4945446642246
Kolhapur,2023-10-21 02:15:00,hum,64.0,65.5910957103075,1,1,1,245.4945446642246
Kolhapur,2023-10-22 02:30:00,hum,65.0,64.64757878655007,1,1,1,245.4945446642246
Kolhapur,2023-10-23 02:15:00,hum,70.0,64.84377392956597,1,1,1,245.4945446642246
Kolhapur,2023-10-24 02:15:00,hum,67.0,67.55894141738503,1,1,1,245.4945446642246
Kolhapur,2023-10-25 02:15:00,hum,73.0,67.18938227624965,1,1,1,245.4945446642246
Kolhapur,2023-10-26 02:00:00,hum,54.0,70.21397481476255,1,1,1,245.4945446642246
Kolhapur,2023-10-27 02:15:00,hum,48.0,62.51611621612103,1,1,1,245.4945446642246
Kolhapur,2023-10-28 02:00:00,hum,49.0,54.22673065931931,1,1,1,245.4945446642246
Kolhapur,2023-10-29 02:45:00,hum,47.0,51.575835746846984,1,1,1,245.4945446642246
Kolhapur,2023-10-30 02:00:00,hum,51.0,48.68957974167713,1,1,1,245.4945446642246
Kolkata,2023-10-14 02:30:00,hum,74.0,89.36265381085309,1,1,1,355.9395405033575
Kolkata,2023-10-15 02:30:00,hum,84.0,79.53407423711961,1,1,1,355.9395405033575
Kolkata,2023-10-16 02:30:00,hum,89.0,82.89314647255613,1,1,1,355.9395405033575
Kolkata,2023-10-17 02:30:00,hum,84.0,85.85153359766844,1,1,1,355.9395405033575
Kolkata,2023-10-18 02:30:00,hum,84.0,84.22369796141268,1,1,1,355.9395405033575
Kolkata,2023-10-19 02:15:00,hum,84.0,84.16633671053447,1,1,1,355.9395405033575
Kolkata,2023-10-19 02:30:00,hum,84.0,84.1238316960719,1,1,1,355.9395405033575
Kolkata,2023-10-20 02:30:00,hum,83.0,84.09225602362548,1,1,1,355.9395405033575
Kolkata,2023-10-21 02:15:00,hum,83.0,83.60271568364323,1,1,1,355.9395405033575
Kolkata,2023-10-21 02:30:00,hum,83.0,83.44841955225291,1,1,1,355.9395405033575
Kolkata,2023-10-22 02:15:00,hum,83.0,83.33349849729929,1,1,1,355.9395405033575
Kolkata,2023-10-22 02:30:00,hum,83.0,83.24788404254299,1,1,1,355.9395405033575
Kolkata,2023-10-23 02:15:00,hum,84.0,83.18422132975087,1,1,1,355.9395405033575
Kolkata,2023-10-24 02:15:00,hum,83.0,83.60512662284445,1,1,1,355.9395405033575
Kolkata,2023-10-25 02:15:00,hum,94.0,83.23914070399503,1,1,1,355.9395405033575
Kolkata,2023-10-25 02:30:00,hum,94.0,88.2690871831082,1,1,1,355.9395405033575
Kolkata,2023-10-26 02:00:00,hum,89.0,90.05519203560702,1,1,1,355.9395405033575
Kolkata,2023-10-27 02:15:00,hum,84.0,88.32199689030212,1,1,1,355.9395405033575
Kolkata,2023-10-27 02:30:00,hum,84.0,85.54304297989258,1,1,1,355.9395405033575
Kolkata,2023-10-28 02:00:00,hum,83.0,85.20249490167197,1,1,1,355.9395405033575
Kolkata,2023-10-29 02:45:00,hum,83.0,84.45191317186624,1,1,1,355.9395405033575
Kolkata,2023-10-30 02:00:00,hum,83.0,84.22722918436557,1,1,1,355.9395405033575
Kollam,2023-10-15 02:30:00,hum,89.0,86.7420605732548,0,1,1,225.75984098365825
Kollam,2023-10-16 02:30:00,hum,83.0,86.89843770582023,0,1,1,225.75984098365825
Kollam,2023-10-17 02:30:00,hum,85.0,86.67263959984136,0,1,1,225.75984098365825
Kollam,2023-10-18 02:30:00,hum,87.0,86.55519261273527,0,1,1,225.75984098365825
Kollam,2023-10-19 02:15:00,hum,79.0,86.59547801137931,0,1,1,225.75984098365825
Kollam,2023-10-20 02:30:00,hum,81.0,85.96146587028042,0,1,1,225.75984098365825
Kollam,2023-10-21 02:15:00,hum,82.0,85.29838452091532,0,1,1,225.75984098365825
Kollam,2023-10-22 02:15:00,hum,88.0,84.64631069470012,0,1,1,225.75984098365825
Kollam,2023-10-23 02:15:00,hum,90.0,85.28521470914077,0,1,1,225.75984098365825
Kollam,2023-10-24 02:15:00,hum,83.0,85.84821818844324,0,1,1,225.75984098365825
Kollam,2023-10-25 02:15:00,hum,86.0,85.57915465225815,0,1,1,225.75984098365825
Kollam,2023-10-26 02:00:00,hum,85.0,85.62484464395983,0,1,1,225.75984098365825
Kollam,2023-10-27 02:15:00,hum,85.0,85.56689842208984,0,1,1,225.75984098365825
Kollam,2023-10-28 02:00:00,hum,84.0,85.51442870720746,0,1,1,225.75984098365825
Kollam,2023-10-29 02:30:00,hum,84.0,85.36823232570539,0,1,1,225.75984098365825
Kollam,2023-10-30 01:45:00,hum,84.0,85.22985804770057,0,1,1,225.75984098365825
Kondagaon,2023-10-15 02:30:00,hum,75.0,75.6001423521303,1,1,0,274.06252807250166
Kondagaon,2023-10-16 02:30:00,hum,63.0,75.0,1,1,0,274.06252807250166
Kondagaon,2023-10-17 02:30:00,hum,67.0,66.58395295312977,1,1,0,274.06252807250166
Kondagaon,2023-10-18 02:30:00,hum,78.0,65.79107469099073,1,1,0,274.06252807250166
Kondagaon,2023-10-19 02:15:00,hum,87.0,75.04618301848214,1,1,0,274.06252807250166
Kondagaon,2023-10-20 02:30:00,hum,87.0,85.32926173477495,1,1,0,274.06252807250166
Kondagaon,2023-10-21 02:15:00,hum,89.0,87.0,1,1,0,274.06252807250166
Kondagaon,2023-10-22 02:15:00,hum,80.0,88.64645408879443,1,1,0,274.06252807250166
Kondagaon,2023-10-23 02:15:00,hum,84.0,81.68300947589101,1,1,0,274.06252807250166
Kondagaon,2023-10-24 02:15:00,hum,86.0,83.20429612835872,1,1,0,274.06252807250166
Kondagaon,2023-10-25 02:15:00,hum,84.0,85.61466032189375,1,1,0,274.06252807250166
Kondagaon,2023-10-26 02:00:00,hum,66.0,84.38909496303215,1,1,0,274.06252807250166
Kondagaon,2023-10-27 02:15:00,hum,71.0,69.12001237316069,1,1,0,274.06252807250166
Kondagaon,2023-10-28 02:00:00,hum,77.0,70.0528460626065,1,1,0,274.06252807250166
Kondagaon,2023-10-29 02:30:00,hum,74.0,75.96099959446417,1,1,0,274.06252807250166
Kondagaon,2023-10-30 01:45:00,hum,76.0,74.53587386003255,1,1,0,274.06252807250166
Koppal,2023-10-15 02:30:00,hum,54.0,50.0,0,1,0,271.77216140436343
Koppal,2023-10-16 02:30:00,hum,55.0,54.0,0,1,0,271.77216140436343
Koppal,2023-10-17 02:30:00,hum,64.0,55.0,0,1,0,271.77216140436343
Koppal,2023-10-18 02:30:00,hum,50.0,64.0,0,1,0,271.77216140436343
Koppal,2023-10-19 02:30:00,hum,60.0,50.00000000000001,0,1,0,271.77216140436343
Koppal,2023-10-20 02:30:00,hum,67.0,60.0,0,1,0,271.77216140436343
Koppal,2023-10-21 02:15:00,hum,64.0,67.0,0,1,0,271.77216140436343
Koppal,2023-10-22 02:30:00,hum,68.0,63.99999999999999,0,1,0,271.77216140436343
Koppal,2023-10-23 02:15:00,hum,57.0,68.0,0,1,0,271.77216140436343
Koppal,2023-10-24 02:15:00,hum,54.0,57.00000000000001,0,1,0,271.77216140436343
Koppal,2023-10-25 02:15:00,hum,55.0,54.0,0,1,0,271.77216140436343
Koppal,2023-10-26 02:00:00,hum,55.0,55.0,0,1,0,271.77216140436343
Koppal,2023-10-27 02:15:00,hum,55.0,55.0,0,1,0,271.77216140436343
Koppal,2023-10-28 02:00:00,hum,49.0,55.0,0,1,0,271.77216140436343
Koppal,2023-10-29 02:45:00,hum,74.0,49.0,0,1,0,271.77216140436343
Koppal,2023-10-30 02:00:00,hum,74.0,74.0,0,1,0,271.77216140436343
Koraput,2023-10-15 02:30:00,hum,72.0,77.17049581586363,2,1,2,255.7042104467653
Koraput,2023-10-16 02:30:00,hum,73.0,69.14582993483278,2,1,2,255.7042104467653
Koraput,2023-10-17 02:30:00,hum,70.0,74.78530467111469,2,1,2,255.7042104467653
Koraput,2023-10-18 02:30:00,hum,80.0,72.94716509413408,2,1,2,255.7042104467653
Koraput,2023-10-19 02:30:00,hum,88.0,75.93426285429452,2,1,2,255.7042104467653
Koraput,2023-10-20 02:30:00,hum,89.0,83.393093389573,2,1,2,255.7042104467653
Koraput,2023-10-21 02:15:00,hum,88.0,91.46715531262241,2,1,2,255.7042104467653
Koraput,2023-10-22 02:30:00,hum,86.0,90.85139393911344,2,1,2,255.7042104467653
Koraput,2023-10-23 02:15:00,hum,68.0,86.00913063651014,2,1,2,255.7042104467653
Koraput,2023-10-24 02:15:00,hum,76.0,68.28241173536512,2,1,2,255.7042104467653
Koraput,2023-10-25 02:15:00,hum,89.0,79.29434611807271,2,1,2,255.7042104467653
Koraput,2023-10-26 02:00:00,hum,84.0,85.8185654698226,2,1,2,255.7042104467653
Koraput,2023-10-27 02:15:00,hum,84.0,81.70927915387568,2,1,2,255.7042104467653
Koraput,2023-10-28 02:00:00,hum,85.0,84.19534761623883,2,1,2,255.7042104467653
Koraput,2023-10-29 02:45:00,hum,88.0,83.96314304027084,2,1,2,255.7042104467653
Koraput,2023-10-30 02:00:00,hum,88.0,87.29164343291212,2,1,2,255.7042104467653
Korba,2023-10-15 02:30:00,hum,67.0,65.7045867402507,1,1,0,277.478383580226
Korba,2023-10-16 02:30:00,hum,72.0,66.52421093658543,1,1,0,277.478383580226
Korba,2023-10-17 02:30:00,hum,70.0,70.85154948508007,1,1,0,277.478383580226
Korba,2023-10-18 02:30:00,hum,75.0,70.46585351732794,1,1,0,277.478383580226
Korba,2023-10-19 02:15:00,hum,81.0,73.80197997238167,1,1,0,277.478383580226
Korba,2023-10-20 02:30:00,hum,72.0,79.71834340664451,1,1,0,277.478383580226
Korba,2023-10-21 02:15:00,hum,61.0,74.21395147455618,1,1,0,277.478383580226
Korba,2023-10-22 02:15:00,hum,67.0,62.833929900708156,1,1,0,277.478383580226
Korba,2023-10-23 02:15:00,hum,64.0,65.8306513081167,1,1,0,277.478383580226
Korba,2023-10-24 02:15:00,hum,74.0,64.60466094918293,1,1,0,277.478383580226
Korba,2023-10-25 02:15:00,hum,75.0,71.81754997885159,1,1,0,277.478383580226
Korba,2023-10-26 02:00:00,hum,66.0,74.79963312607752,1,1,0,277.478383580226
Korba,2023-10-27 02:15:00,hum,69.0,67.84701561338015,1,1,0,277.478383580226
Korba,2023-10-28 02:00:00,hum,63.0,68.3673790686172,1,1,0,277.478383580226
Korba,2023-10-29 02:30:00,hum,62.0,64.31704392300324,1,1,0,277.478383580226
Korba,2023-10-30 01:45:00,hum,65.0,62.21225177432084,1,1,0,277.478383580226
Kota,2023-10-15 02:30:00,hum,40.0,43.86519432953304,0,1,2,295.08222653335065
Kota,2023-10-16 02:30:00,hum,43.0,40.12595616047489,0,1,2,295.08222653335065
Kota,2023-10-17 02:30:00,hum,74.0,41.93132697557522,0,1,2,295.08222653335065
Kota,2023-10-18 02:30:00,hum,64.0,80.11811123479251,0,1,2,295.08222653335065
Kota,2023-10-19 02:30:00,hum,54.0,74.04399861558618,0,1,2,295.08222653335065
Kota,2023-10-20 02:30:00,hum,45.0,53.02607439055768,0,1,2,295.08222653335065
Kota,2023-10-21 02:15:00,hum,44.0,43.27524880600565,0,1,2,295.08222653335065
Kota,2023-10-22 02:30:00,hum,40.0,43.44419572096581,0,1,2,295.08222653335065
Kota,2023-10-23 02:15:00,hum,45.0,39.7697958932367,0,1,2,295.08222653335065
Kota,2023-10-24 02:15:00,hum,38.0,45.094959248231476,0,1,2,295.08222653335065
Kota,2023-10-25 02:30:00,hum,35.0,38.03140391103019,0,1,2,295.08222653335065
Kota,2023-10-26 02:00:00,hum,34.0,34.03758748620908,0,1,2,295.08222653335065
Kota,2023-10-27 02:15:00,hum,32.0,33.691582465874895,0,1,2,295.08222653335065
Kota,2023-10-28 02:00:00,hum,34.0,31.86339089956671,0,1,2,295.08222653335065
Kota,2023-10-29 02:45:00,hum,37.0,33.99081196930624,0,1,2,295.08222653335065
Kota,2023-10-30 02:00:00,hum,38.0,37.46504205272659,0,1,2,295.08222653335065
Kottayam,2023-10-15 02:30:00,hum,93.0,98.51719381843046,2,0,2,202.24720230847592
Kottayam,2023-10-16 02:30:00,hum,93.0,96.0450961499948,2,0,2,202.24720230847592
Kottayam,2023-10-17 02:30:00,hum,94.0,92.33942104589349,2,0,2,202.24720230847592
Kottayam,2023-10-18 02:30:00,hum,95.0,92.58738257713723,2,0,2,202.24720230847592
Kottayam,2023-10-19 02:15:00,hum,95.0,94.84411259396467,2,0,2,202.24720230847592
Kottayam,2023-10-20 02:30:00,hum,90.0,95.60811990382142,2,0,2,202.24720230847592
Kottayam,2023-10-21 02:15:00,hum,91.0,92.40426625711794,2,0,2,202.24720230847592
Kottayam,2023-10-22 02:15:00,hum,94.0,91.59356711331516,2,0,2,202.24720230847592
Kottayam,2023-10-23 02:15:00,hum,96.0,94.82347193019733,2,0,2,202.24720230847592
Kottayam,2023-10-24 02:15:00,hum,95.0,96.72448647494248,2,0,2,202.24720230847592
Kottayam,2023-10-25 02:15:00,hum,97.0,93.58957871333821,2,0,2,202.24720230847592
Kottayam,2023-10-26 02:00:00,hum,96.0,95.39465953192993,2,0,2,202.24720230847592
Kottayam,2023-10-27 02:15:00,hum,95.0,95.83430660759193,2,0,2,202.24720230847592
Kottayam,2023-10-28 02:00:00,hum,96.0,94.65550084656088,2,0,2,202.24720230847592
Kottayam,2023-10-29 02:45:00,hum,95.0,95.08198088471013,2,0,2,202.24720230847592
Kottayam,2023-10-30 02:00:00,hum,96.0,95.15299047356778,2,0,2,202.24720230847592
Kozhikode,2023-10-15 02:30:00,hum,100.0,95.79090034961519,1,1,1,269.29845440518386
Kozhikode,2023-10-16 02:30:00,hum,89.0,96.17309902274364,1,1,1,269.29845440518386
Kozhikode,2023-10-17 02:30:00,hum,94.0,92.62967613983486,1,1,1,269.29845440518386
Kozhikode,2023-10-18 02:30:00,hum,94.0,94.04484062892216,1,1,1,269.29845440518386
Kozhikode,2023-10-19 02:15:00,hum,89.0,94.02758071335435,1,1,1,269.29845440518386
Kozhikode,2023-10-20 02:30:00,hum,89.0,92.46270390718364,1,1,1,269.29845440518386
Kozhikode,2023-10-21 02:15:00,hum,94.0,92.31940670673379,1,1,1,269.29845440518386
Kozhikode,2023-10-22 02:15:00,hum,83.0,93.76798521572644,1,1,1,269.29845440518386
Kozhikode,2023-10-23 02:15:00,hum,94.0,90.5352155492357,1,1,1,269.29845440518386
Kozhikode,2023-10-24 02:15:00,hum,94.0,93.61830386312094,1,1,1,269.29845440518386
Kozhikode,2023-10-25 02:15:00,hum,94.0,93.6251224772624,1,1,1,269.29845440518386
Kozhikode,2023-10-26 02:00:00,hum,89.0,93.63167296764111,1,1,1,269.29845440518386
Kozhikode,2023-10-27 02:15:00,hum,89.0,92.33447300876915,1,1,1,269.29845440518386
Kozhikode,2023-10-28 02:00:00,hum,100.0,91.57673871494109,1,1,1,269.29845440518386
Kozhikode,2023-10-29 02:45:00,hum,94.0,94.98375320133927,1,1,1,269.29845440518386
Kozhikode,2023-10-30 02:00:00,hum,94.0,93.59670626427946,1,1,1,269.29845440518386
Krishna,2023-10-15 02:30:00,hum,77.0,81.64960680750069,1,1,1,242.20841217314748
Krishna,2023-10-16 02:30:00,hum,78.0,79.06018745485689,1,1,1,242.20841217314748
Krishna,2023-10-17 02:15:00,hum,73.0,79.43219061354046,1,1,1,242.20841217314748
Krishna,2023-10-18 02:15:00,hum,77.0,75.42614055898972,1,1,1,242.20841217314748
Krishna,2023-10-19 02:15:00,hum,79.0,77.92831461052356,1,1,1,242.20841217314748
Krishna,2023-10-20 02:30:00,hum,79.0,79.22432010169936,1,1,1,242.20841217314748
Krishna,2023-10-21 02:15:00,hum,81.0,79.1841724515627,1,1,1,242.20841217314748
Krishna,2023-10-22 02:15:00,hum,82.0,80.61337903768431,1,1,1,242.20841217314748
Krishna,2023-10-23 02:00:00,hum,70.0,81.43682175571938,1,1,1,242.20841217314748
Krishna,2023-10-24 02:15:00,hum,63.0,73.65161443090415,1,1,1,242.20841217314748
Krishna,2023-10-25 02:15:00,hum,66.0,66.64502048796068,1,1,1,242.20841217314748
Krishna,2023-10-26 02:00:00,hum,79.0,68.24073625742533,1,1,1,242.20841217314748
Krishna,2023-10-27 02:15:00,hum,80.0,77.92745725116663,1,1,1,242.20841217314748
Krishna,2023-10-28 02:00:00,hum,82.0,80.54265217017198,1,1,1,242.20841217314748
Krishna,2023-10-29 02:30:00,hum,82.0,80.6813190534005,1,1,1,242.20841217314748
Krishna,2023-10-30 01:45:00,hum,82.0,80.90166329361763,1,1,1,242.20841217314748
Krishnagiri,2023-10-15 02:30:00,hum,87.0,86.02900397744438,1,1,1,276.7562310311182
Krishnagiri,2023-10-16 02:30:00,hum,89.0,86.10576797227561,1,1,1,276.7562310311182
Krishnagiri,2023-10-17 02:30:00,hum,96.0,87.56292977868351,1,1,1,276.7562310311182
Krishnagiri,2023-10-18 02:30:00,hum,87.0,92.6322355380923,1,1,1,276.7562310311182
Krishnagiri,2023-10-19 02:30:00,hum,86.0,86.65011118111065,1,1,1,276.7562310311182
Krishnagiri,2023-10-20 02:30:00,hum,89.0,85.99912429523766,1,1,1,276.7562310311182
Krishnagiri,2023-10-21 02:15:00,hum,93.0,88.00548129077286,1,1,1,276.7562310311182
Krishnagiri,2023-10-22 02:30:00,hum,84.0,90.77165409642227,1,1,1,276.7562310311182
Krishnagiri,2023-10-23 02:15:00,hum,85.0,85.0470537161962,1,1,1,276.7562310311182
Krishnagiri,2023-10-24 02:15:00,hum,68.0,85.5959687252107,1,1,1,276.7562310311182
Krishnagiri,2023-10-25 02:30:00,hum,79.0,73.90855774293713,1,1,1,276.7562310311182
Krishnagiri,2023-10-26 02:00:00,hum,89.0,81.1958859602049,1,1,1,276.7562310311182
Krishnagiri,2023-10-27 02:30:00,hum,90.0,87.17942682349381,1,1,1,276.7562310311182
Krishnagiri,2023-10-28 02:00:00,hum,95.0,87.88336923055945,1,1,1,276.7562310311182
Krishnagiri,2023-10-29 02:45:00,hum,91.0,91.10429070702334,1,1,1,276.7562310311182
Krishnagiri,2023-10-30 02:00:00,hum,95.0,88.9018682544612,1,1,1,276.7562310311182
Kulgam,2023-10-15 02:30:00,hum,67.0,64.35478567337842,2,1,2,305.2726772320361
Kulgam,2023-10-16 02:30:00,hum,56.0,72.87662123686727,2,1,2,305.2726772320361
Kulgam,2023-10-17 02:15:00,hum,89.0,56.57010293301085,2,1,2,305.2726772320361
Kulgam,2023-10-18 02:15:00,hum,81.0,91.94354908985765,2,1,2,305.2726772320361
Kulgam,2023-10-19 02:15:00,hum,61.0,75.9508711206288,2,1,2,305.2726772320361
Kulgam,2023-10-20 02:15:00,hum,56.0,55.96442208496039,2,1,2,305.2726772320361
Kulgam,2023-10-21 02:15:00,hum,52.0,60.55987475242544,2,1,2,305.2726772320361
Kulgam,2023-10-22 02:15:00,hum,47.0,63.13490728298495,2,1,2,305.2726772320361
Kulgam,2023-10-23 02:00:00,hum,82.0,56.18026427556526,2,1,2,305.2726772320361
Kulgam,2023-10-24 02:15:00,hum,53.0,84.31634739642905,2,1,2,305.2726772320361
Kulgam,2023-10-25 02:15:00,hum,61.0,46.51075866455376,2,1,2,305.2726772320361
Kulgam,2023-10-26 02:00:00,hum,43.0,61.3218349867079,2,1,2,305.2726772320361
Kulgam,2023-10-27 02:15:00,hum,45.0,52.854874197419065,2,1,2,305.2726772320361
Kulgam,2023-10-28 02:00:00,hum,47.0,45.098367632078926,2,1,2,305.2726772320361
Kulgam,2023-10-29 02:30:00,hum,44.0,54.28064341489486,2,1,2,305.2726772320361
Kulgam,2023-10-30 01:45:00,hum,37.0,44.49168516266978,2,1,2,305.2726772320361
Kupwara,2023-10-15 02:00:00,hum,60.0,46.0,0,1,0,318.8556674243773
Kupwara,2023-10-16 02:00:00,hum,52.0,60.0,0,1,0,318.8556674243773
Kupwara,2023-10-17 01:45:00,hum,83.0,52.0,0,1,0,318.8556674243773
Kupwara,2023-10-18 01:45:00,hum,71.0,83.0,0,1,0,318.8556674243773
Kupwara,2023-10-19 01:45:00,hum,66.0,71.0,0,1,0,318.8556674243773
Kupwara,2023-10-20 01:45:00,hum,59.0,66.0,0,1,0,318.8556674243773
Kupwara,2023-10-21 01:45:00,hum,56.0,59.00000000000001,0,1,0,318.8556674243773
Kupwara,2023-10-22 01:45:00,hum,56.0,56.0,0,1,0,318.8556674243773
Kupwara,2023-10-23 01:30:00,hum,70.0,56.0,0,1,0,318.8556674243773
Kupwara,2023-10-24 01:45:00,hum,65.0,70.0,0,1,0,318.8556674243773
Kupwara,2023-10-25 01:45:00,hum,56.0,65.0,0,1,0,318.8556674243773
Kupwara,2023-10-26 01:30:00,hum,47.0,56.0,0,1,0,318.8556674243773
Kupwara,2023-10-27 01:45:00,hum,52.0,47.0,0,1,0,318.8556674243773
Kupwara,2023-10-28 01:30:00,hum,54.0,52.0,0,1,0,318.8556674243773
Kupwara,2023-10-29 02:00:00,hum,51.0,54.0,0,1,0,318.8556674243773
Kupwara,2023-10-30 01:15:00,hum,49.0,51.0,0,1,0,318.8556674243773
Kurnool,2023-10-15 02:30:00,hum,66.0,66.0,0,1,0,295.08702976398973
Kurnool,2023-10-16 02:30:00,hum,66.0,66.0,0,1,0,295.08702976398973
Kurnool,2023-10-17 02:15:00,hum,64.0,66.0,0,1,0,295.08702976398973
Kurnool,2023-10-18 02:15:00,hum,71.0,64.0,0,1,0,295.08702976398973
Kurnool,2023-10-19 02:15:00,hum,69.0,71.0,0,1,0,295.08702976398973
Kurnool,2023-10-20 02:30:00,hum,72.0,69.0,0,1,0,295.08702976398973
Kurnool,2023-10-21 02:15:00,hum,74.0,72.0,0,1,0,295.08702976398973
Kurnool,2023-10-22 02:15:00,hum,69.0,74.0,0,1,0,295.08702976398973
Kurnool,2023-10-23 02:00:00,hum,55.0,69.0,0,1,0,295.08702976398973
Kurnool,2023-10-24 02:15:00,hum,65.0,55.0,0,1,0,295.08702976398973
Kurnool,2023-10-25 02:15:00,hum,59.0,65.0,0,1,0,295.08702976398973
Kurnool,2023-10-26 02:00:00,hum,58.0,59.0,0,1,0,295.08702976398973
Kurnool,2023-10-27 02:15:00,hum,48.0,58.0,0,1,0,295.08702976398973
Kurnool,2023-10-28 02:00:00,hum,63.0,48.0,0,1,0,295.08702976398973
Kurnool,2023-10-29 02:30:00,hum,66.0,63.0,0,1,0,295.08702976398973
Kurnool,2023-10-30 01:45:00,hum,79.0,66.0,0,1,0,295.08702976398973
Lakhimpur,2023-10-15 02:30:00,hum,63.0,64.66787897963916,0,1,1,311.06126722613175
Lakhimpur,2023-10-16 02:30:00,hum,69.0,63.92579281605079,0,1,1,311.06126722613175
Lakhimpur,2023-10-17 02:15:00,hum,87.0,66.14838775333493,0,1,1,311.06126722613175
Lakhimpur,2023-10-18 02:30:00,hum,75.0,75.77909066873545,0,1,1,311.06126722613175
Lakhimpur,2023-10-19 02:15:00,hum,65.0,75.34514544367731,0,1,1,311.06126722613175
Lakhimpur,2023-10-20 02:30:00,hum,61.0,70.78357311728405,0,1,1,311.06126722613175
Lakhimpur,2023-10-21 02:15:00,hum,64.0,66.68581065322135,0,1,1,311.06126722613175
Lakhimpur,2023-10-22 02:15:00,hum,60.0,65.45720856413887,0,1,1,311.06126722613175
Lakhimpur,2023-10-23 02:15:00,hum,60.0,62.908412296922904,0,1,1,311.06126722613175
Lakhimpur,2023-10-24 02:15:00,hum,54.0,61.50877794361431,0,1,1,311.06126722613175
Lakhimpur,2023-10-25 02:15:00,hum,56.0,57.798213826357596,0,1,1,311.06126722613175
Lakhimpur,2023-10-26 02:00:00,hum,57.0,56.88065594569778,0,1,1,311.06126722613175
Lakhimpur,2023-10-27 02:15:00,hum,57.0,56.94111747821977,0,1,1,311.06126722613175
Lakhimpur,2023-10-28 02:00:00,hum,53.0,56.9704904035819,0,1,1,311.06126722613175
Lakhimpur,2023-10-29 02:30:00,hum,54.0,55.02111731402319,0,1,1,311.06126722613175
Lakhimpur,2023-10-30 01:45:00,hum,58.0,54.515387454883296,0,1,1,311.06126722613175
Lakhisarai,2023-10-15 02:30:00,hum,72.0,72.94217397544747,2,1,1,300.45670558431726
Lakhisarai,2023-10-16 02:30:00,hum,72.0,77.00973088960811,2,1,1,300.45670558431726
Lakhisarai,2023-10-17 02:15:00,hum,77.0,74.7005315212363,2,1,1,300.45670558431726
Lakhisarai,2023-10-18 02:30:00,hum,72.0,79.95091600542017,2,1,1,300.45670558431726
Lakhisarai,2023-10-19 02:15:00,hum,74.0,73.03928427071519,2,1,1,300.45670558431726
Lakhisarai,2023-10-20 02:30:00,hum,68.0,76.5570551629521,2,1,1,300.45670558431726
Lakhisarai,2023-10-21 02:15:00,hum,63.0,67.8104859716325,2,1,1,300.45670558431726
Lakhisarai,2023-10-22 02:15:00,hum,59.0,64.09013292038794,2,1,1,300.45670558431726
Lakhisarai,2023-10-23 02:15:00,hum,62.0,60.90965316859235,2,1,1,300.45670558431726
Lakhisarai,2023-10-24 02:15:00,hum,68.0,65.1882425671894,2,1,1,300.45670558431726
Lakhisarai,2023-10-25 02:15:00,hum,69.0,70.30983167825465,2,1,1,300.45670558431726
Lakhisarai,2023-10-26 02:00:00,hum,63.0,68.92499719916954,2,1,1,300.45670558431726
Lakhisarai,2023-10-27 02:15:00,hum,62.0,61.80329123310302,2,1,1,300.45670558431726
Lakhisarai,2023-10-28 02:00:00,hum,63.0,62.985282059027156,2,1,1,300.45670558431726
Lakhisarai,2023-10-29 02:30:00,hum,63.0,64.20768350288556,2,1,1,300.45670558431726
Lakhisarai,2023-10-30 01:45:00,hum,60.0,63.59125098221922,2,1,1,300.45670558431726
Lalitpur,2023-10-15 02:30:00,hum,42.0,45.0,0,1,0,301.76649432840503
Lalitpur,2023-10-16 02:30:00,hum,46.0,42.0,0,1,0,301.76649432840503
Lalitpur,2023-10-17 02:30:00,hum,84.0,46.0,0,1,0,301.76649432840503
Lalitpur,2023-10-18 02:30:00,hum,65.0,84.0,0,1,0,301.76649432840503
Lalitpur,2023-10-19 02:30:00,hum,60.0,65.0,0,1,0,301.76649432840503
Lalitpur,2023-10-20 02:30:00,hum,44.0,60.0,0,1,0,301.76649432840503
Lalitpur,2023-10-21 02:15:00,hum,50.0,44.0,0,1,0,301.76649432840503
Lalitpur,2023-10-22 02:30:00,hum,49.0,50.0,0,1,0,301.76649432840503
Lalitpur,2023-10-23 02:15:00,hum,46.0,49.0,0,1,0,301.76649432840503
Lalitpur,2023-10-24 02:15:00,hum,48.0,46.0,0,1,0,301.76649432840503
Lalitpur,2023-10-25 02:30:00,hum,45.0,48.0,0,1,0,301.76649432840503
Lalitpur,2023-10-26 02:00:00,hum,43.0,45.0,0,1,0,301.76649432840503
Lalitpur,2023-10-27 02:30:00,hum,42.0,43.0,0,1,0,301.76649432840503
Lalitpur,2023-10-28 02:00:00,hum,32.0,42.0,0,1,0,301.76649432840503
Lalitpur,2023-10-29 02:45:00,hum,35.0,32.0,0,1,0,301.76649432840503
Lalitpur,2023-10-30 02:00:00,hum,41.0,35.0,0,1,0,301.76649432840503
Latehar,2023-10-15 02:30:00,hum,70.0,63.17297475621923,1,1,0,310.93416256331176
Latehar,2023-10-16 02:30:00,hum,70.0,67.06872120183657,1,1,0,310.93416256331176
Latehar,2023-10-17 02:15:00,hum,83.0,70.0,1,1,0,310.93416256331176
Latehar,2023-10-18 02:30:00,hum,86.0,78.87408574307996,1,1,0,310.93416256331176
Latehar,2023-10-19 02:15:00,hum,87.0,85.12984001224547,1,1,0,310.93416256331176
Latehar,2023-10-20 02:30:00,hum,80.0,86.7114877115839,1,1,0,310.93416256331176
Latehar,2023-10-21 02:15:00,hum,74.0,82.03365300502948,1,1,0,310.93416256331176
Latehar,2023-10-22 02:15:00,hum,75.0,75.64502571812334,1,1,0,310.93416256331176
Latehar,2023-10-23 02:00:00,hum,76.0,74.72684313438486,1,1,0,310.93416256331176
Latehar,2023-10-24 02:15:00,hum,83.0,75.7271157389983,1,1,0,310.93416256331176
Latehar,2023-10-25 02:15:00,hum,86.0,81.10439673734355,1,1,0,310.93416256331176
Latehar,2023-10-26 02:00:00,hum,67.0,85.21666055046383,1,1,0,310.93416256331176
Latehar,2023-10-27 02:15:00,hum,67.0,72.24758784904782,1,1,0,310.93416256331176
Latehar,2023-10-28 02:00:00,hum,67.0,67.0,1,1,0,310.93416256331176
Latehar,2023-10-29 02:30:00,hum,73.0,67.0,1,1,0,310.93416256331176
Latehar,2023-10-30 01:45:00,hum,77.0,71.49553326280716,1,1,0,310.93416256331176
Latur,2023-10-15 02:30:00,hum,55.0,62.36742491334074,1,1,0,276.8204507245198
Latur,2023-10-16 02:30:00,hum,63.0,57.53589824742716,1,1,0,276.8204507245198
Latur,2023-10-17 02:30:00,hum,62.0,59.90129491786733,1,1,0,276.8204507245198
Latur,2023-10-18 02:30:00,hum,71.0,62.37693045867197,1,1,0,276.8204507245198
Latur,2023-10-19 02:30:00,hum,66.0,67.56131659857046,1,1,0,276.8204507245198
Latur,2023-10-20 02:30:00,hum,76.0,67.95316519575208,1,1,0,276.8204507245198
Latur,2023-10-21 02:15:00,hum,75.0,71.8590047393365,1,1,0,276.8204507245198
Latur,2023-10-22 02:15:00,hum,67.0,75.39675673734011,1,1,0,276.8204507245198
Latur,2023-10-23 02:15:00,hum,60.0,70.13564800555453,1,1,0,276.8204507245198
Latur,2023-10-24 02:15:00,hum,63.0,62.43682148730922,1,1,0,276.8204507245198
Latur,2023-10-25 02:15:00,hum,58.0,61.94916685718656,1,1,0,276.8204507245198
Latur,2023-10-26 02:00:00,hum,60.0,59.78253053078277,1,1,0,276.8204507245198
Latur,2023-10-27 02:15:00,hum,59.0,59.28562369612114,1,1,0,276.8204507245198
Latur,2023-10-28 02:00:00,hum,57.0,59.357592055412006,1,1,0,276.8204507245198
Latur,2023-10-29 02:45:00,hum,57.0,57.712938182906676,1,1,0,276.8204507245198
Latur,2023-10-30 02:00:00,hum,63.0,57.0,1,1,0,276.8204507245198
Lawngtlai,2023-10-15 02:30:00,hum,86.0,98.10402356907909,2,0,1,173.4307887007569
Lawngtlai,2023-10-16 02:30:00,hum,86.0,98.37533816272537,2,0,1,173.4307887007569
Lawngtlai,2023-10-17 02:15:00,hum,84.0,94.21023545777871,2,0,1,173.4307887007569
Lawngtlai,2023-10-18 02:30:00,hum,80.0,87.7988563948018,2,0,1,173.4307887007569
Lawngtlai,2023-10-19 02:15:00,hum,83.0,81.82016341086894,2,0,1,173.4307887007569
Lawngtlai,2023-10-20 02:30:00,hum,81.0,83.73704901979197,2,0,1,173.4307887007569
Lawngtlai,2023-10-21 02:15:00,hum,78.0,82.35441873505755,2,0,1,173.4307887007569
Lawngtlai,2023-10-22 02:15:00,hum,96.0,79.25455382270222,2,0,1,173.4307887007569
Lawngtlai,2023-10-23 02:15:00,hum,99.0,93.05930892175715,2,0,1,173.4307887007569
Lawngtlai,2023-10-24 02:15:00,hum,100.0,98.15827007202512,2,0,1,173.4307887007569
Lawngtlai,2023-10-25 02:15:00,hum,100.0,99.39163553133733,2,0,1,173.4307887007569
Lawngtlai,2023-10-26 02:00:00,hum,99.0,99.18343252673844,2,0,1,173.4307887007569
Lawngtlai,2023-10-27 02:15:00,hum,97.0,98.53788591820614,2,0,1,173.4307887007569
Lawngtlai,2023-10-28 02:00:00,hum,92.0,96.86927552879553,2,0,1,173.4307887007569
Lawngtlai,2023-10-29 02:30:00,hum,86.0,92.92171100357798,2,0,1,173.4307887007569
Lawngtlai,2023-10-30 01:45:00,hum,80.0,87.9801118350356,2,0,1,173.4307887007569
Leh,2023-10-15 02:30:00,hum,68.0,45.046308034791515,1,1,1,322.7865565935319
Leh,2023-10-16 02:30:00,hum,64.0,58.04495167746728,1,1,1,322.7865565935319
Leh,2023-10-17 02:15:00,hum,51.0,56.40717270360699,1,1,1,322.7865565935319
Leh,2023-10-18 02:15:00,hum,65.0,48.07423564302802,1,1,1,322.7865565935319
Leh,2023-10-19 02:15:00,hum,55.0,57.64772395171839,1,1,1,322.7865565935319
Leh,2023-10-20 02:15:00,hum,52.0,51.13747032302595,1,1,1,322.7865565935319
Leh,2023-10-21 02:00:00,hum,51.0,49.354201824707985,1,1,1,322.7865565935319
Leh,2023-10-22 02:15:00,hum,46.0,48.86835952137403,1,1,1,322.7865565935319
Leh,2023-10-23 02:00:00,hum,57.0,45.50705482499516,1,1,1,322.7865565935319
Leh,2023-10-24 02:15:00,hum,52.0,53.15255989743918,1,1,1,322.7865565935319
Leh,2023-10-25 02:15:00,hum,49.0,50.03991791203379,1,1,1,322.7865565935319
Leh,2023-10-26 02:00:00,hum,41.0,48.136083671608596,1,1,1,322.7865565935319
Leh,2023-10-27 02:15:00,hum,39.0,42.67733731941239,1,1,1,322.7865565935319
Leh,2023-10-28 02:00:00,hum,44.0,41.124506173656044,1,1,1,322.7865565935319
Leh,2023-10-29 02:30:00,hum,41.0,44.35282638432089,1,1,1,322.7865565935319
Leh,2023-10-30 01:45:00,hum,42.0,42.35827081425895,1,1,1,322.7865565935319
Lohardaga,2023-10-15 02:30:00,hum,63.0,53.0,0,1,0,282.0852382601827
Lohardaga,2023-10-16 02:30:00,hum,70.0,63.0,0,1,0,282.0852382601827
Lohardaga,2023-10-17 02:15:00,hum,71.0,70.0,0,1,0,282.0852382601827
Lohardaga,2023-10-18 02:30:00,hum,78.0,71.0,0,1,0,282.0852382601827
Lohardaga,2023-10-19 02:15:00,hum,85.0,78.0,0,1,0,282.0852382601827
Lohardaga,2023-10-20 02:30:00,hum,78.0,85.0,0,1,0,282.0852382601827
Lohardaga,2023-10-21 02:15:00,hum,71.0,78.0,0,1,0,282.0852382601827
Lohardaga,2023-10-22 02:15:00,hum,70.0,71.0,0,1,0,282.0852382601827
Lohardaga,2023-10-23 02:00:00,hum,73.0,70.0,0,1,0,282.0852382601827
Lohardaga,2023-10-24 02:15:00,hum,77.0,73.0,0,1,0,282.0852382601827
Lohardaga,2023-10-25 02:15:00,hum,85.0,77.0,0,1,0,282.0852382601827
Lohardaga,2023-10-26 02:00:00,hum,62.0,85.0,0,1,0,282.0852382601827
Lohardaga,2023-10-27 02:15:00,hum,65.0,62.0,0,1,0,282.0852382601827
Lohardaga,2023-10-28 02:00:00,hum,64.0,65.0,0,1,0,282.0852382601827
Lohardaga,2023-10-29 02:30:00,hum,70.0,64.0,0,1,0,282.0852382601827
Lohardaga,2023-10-30 01:45:00,hum,78.0,70.0,0,1,0,282.0852382601827
Lucknow,2023-10-15 02:30:00,hum,89.0,84.38719593325406,1,1,1,276.3353307179712
Lucknow,2023-10-16 02:30:00,hum,89.0,88.63650955305616,1,1,1,276.3353307179712
Lucknow,2023-10-17 02:30:00,hum,83.0,88.64502930288393,1,1,1,276.3353307179712
Lucknow,2023-10-18 02:30:00,hum,88.0,84.51491251575737,1,1,1,276.3353307179712
Lucknow,2023-10-19 02:30:00,hum,83.0,87.8824447519967,1,1,1,276.3353307179712
Lucknow,2023-10-20 02:30:00,hum,83.0,84.44960018344386,1,1,1,276.3353307179712
Lucknow,2023-10-21 02:15:00,hum,94.0,84.31975618925662,1,1,1,276.3353307179712
Lucknow,2023-10-22 02:30:00,hum,83.0,91.50535974207197,1,1,1,276.3353307179712
Lucknow,2023-10-23 02:15:00,hum,83.0,84.5989590381378,1,1,1,276.3353307179712
Lucknow,2023-10-24 02:15:00,hum,88.0,84.4738610251917,1,1,1,276.3353307179712
Lucknow,2023-10-25 02:15:00,hum,83.0,87.38498637431134,1,1,1,276.3353307179712
Lucknow,2023-10-26 02:00:00,hum,69.0,84.45095062342136,1,1,1,276.3353307179712
Lucknow,2023-10-27 02:30:00,hum,73.0,75.85812436140723,1,1,1,276.3353307179712
Lucknow,2023-10-28 02:00:00,hum,73.0,77.42808578598414,1,1,1,276.3353307179712
Lucknow,2023-10-29 02:45:00,hum,42.0,76.77937851763356,1,1,1,276.3353307179712
Lucknow,2023-10-30 02:00:00,hum,83.0,50.00296164477832,1,1,1,276.3353307179712
Ludhiana,2023-10-15 02:30:00,hum,45.0,41.74405896754231,0,1,1,316.79980579052705
Ludhiana,2023-10-16 02:30:00,hum,49.0,43.860724067643424,0,1,1,316.79980579052705
Ludhiana,2023-10-17 02:30:00,hum,73.0,47.218220628249334,0,1,1,316.79980579052705
Ludhiana,2023-10-18 02:30:00,hum,47.0,65.3572713153422,0,1,1,316.79980579052705
Ludhiana,2023-10-19 02:15:00,hum,51.0,53.29426728005109,0,1,1,316.79980579052705
Ludhiana,2023-10-20 02:30:00,hum,47.0,51.958302413507596,0,1,1,316.79980579052705
Ludhiana,2023-10-21 02:15:00,hum,42.0,49.050191854404034,0,1,1,316.79980579052705
Ludhiana,2023-10-22 02:15:00,hum,44.0,44.82563883912315,0,1,1,316.79980579052705
Ludhiana,2023-10-23 02:15:00,hum,45.0,44.32654531171177,0,1,1,316.79980579052705
Ludhiana,2023-10-24 02:15:00,hum,50.0,44.72968409751778,0,1,1,316.79980579052705
Ludhiana,2023-10-25 02:15:00,hum,42.0,47.86442527391412,0,1,1,316.79980579052705
Ludhiana,2023-10-26 02:00:00,hum,38.0,44.40158044296524,0,1,1,316.79980579052705
Ludhiana,2023-10-27 02:15:00,hum,41.0,40.59128184627342,0,1,1,316.79980579052705
Ludhiana,2023-10-28 02:00:00,hum,39.0,40.836436283586096,0,1,1,316.79980579052705
Ludhiana,2023-10-29 02:45:00,hum,41.0,39.74442310333357,0,1,1,316.79980579052705
Ludhiana,2023-10-30 01:45:00,hum,41.0,40.49020725576843,0,1,1,316.79980579052705
Lunglei,2023-10-15 02:30:00,hum,89.0,98.64443939401338,0,0,0,157.7705151117106
Lunglei,2023-10-16 02:30:00,hum,88.0,98.4347776389865,0,0,0,157.7705151117106
Lunglei,2023-10-17 02:15:00,hum,82.0,98.21276093295252,0,0,0,157.7705151117106
Lunglei,2023-10-18 02:30:00,hum,79.0,97.87499501755113,0,0,0,157.7705151117106
Lunglei,2023-10-19 02:15:00,hum,80.0,97.48979061682783,0,0,0,157.7705151117106
Lunglei,2023-10-20 02:30:00,hum,79.0,97.13999504443429,0,0,0,157.7705151117106
Lunglei,2023-10-21 02:15:00,hum,77.0,96.78430887159153,0,0,0,157.7705151117106
Lunglei,2023-10-22 02:15:00,hum,94.0,96.40384129097961,0,0,0,157.7705151117106
Lunglei,2023-10-23 02:15:00,hum,100.0,96.35848571887105,0,0,0,157.7705151117106
Lunglei,2023-10-24 02:15:00,hum,100.0,96.42592109083665,0,0,0,157.7705151117106
Lunglei,2023-10-25 02:15:00,hum,99.0,96.49090413529633,0,0,0,157.7705151117106
Lunglei,2023-10-26 02:00:00,hum,99.0,96.53570941622532,0,0,0,157.7705151117106
Lunglei,2023-10-27 02:15:00,hum,98.0,96.5789424318119,0,0,0,157.7705151117106
Lunglei,2023-10-28 02:00:00,hum,90.0,96.60344336253183,0,0,0,157.7705151117106
Lunglei,2023-10-29 02:30:00,hum,87.0,96.49152045771669,0,0,0,157.7705151117106
Lunglei,2023-10-30 01:45:00,hum,78.0,96.33332835601142,0,0,0,157.7705151117106
Madhubani,2023-10-15 02:30:00,hum,69.0,63.0,0,1,0,290.65228536027803
Madhubani,2023-10-16 02:30:00,hum,75.0,69.0,0,1,0,290.65228536027803
Madhubani,2023-10-17 02:15:00,hum,84.0,75.0,0,1,0,290.65228536027803
Madhubani,2023-10-18 02:30:00,hum,79.0,84.0,0,1,0,290.65228536027803
Madhubani,2023-10-19 02:15:00,hum,74.0,79.0,0,1,0,290.65228536027803
Madhubani,2023-10-20 02:30:00,hum,74.0,74.0,0,1,0,290.65228536027803
Madhubani,2023-10-21 02:15:00,hum,72.0,74.0,0,1,0,290.65228536027803
Madhubani,2023-10-22 02:15:00,hum,64.0,72.0,0,1,0,290.65228536027803
Madhubani,2023-10-23 02:15:00,hum,71.0,64.0,0,1,0,290.65228536027803
Madhubani,2023-10-24 02:15:00,hum,74.0,71.0,0,1,0,290.65228536027803
Madhubani,2023-10-25 02:15:00,hum,68.0,74.0,0,1,0,290.65228536027803
Madhubani,2023-10-26 02:00:00,hum,77.0,68.0,0,1,0,290.65228536027803
Madhubani,2023-10-27 02:15:00,hum,66.0,77.0,0,1,0,290.65228536027803
Madhubani,2023-10-28 02:00:00,hum,61.0,66.0,0,1,0,290.65228536027803
Madhubani,2023-10-29 02:30:00,hum,66.0,61.0,0,1,0,290.65228536027803
Madhubani,2023-10-30 01:45:00,hum,70.0,66.0,0,1,0,290.65228536027803
Madurai,2023-10-15 02:30:00,hum,82.0,88.30660705141077,0,1,1,292.07085463889484
Madurai,2023-10-16 02:30:00,hum,85.0,85.37989042296202,0,1,1,292.07085463889484
Madurai,2023-10-17 02:30:00,hum,89.0,85.20280713673397,0,1,1,292.07085463889484
Madurai,2023-10-18 02:30:00,hum,94.0,86.94304682865277,0,1,1,292.07085463889484
Madurai,2023-10-19 02:30:00,hum,86.0,90.23367338578525,0,1,1,292.07085463889484
Madurai,2023-10-20 02:30:00,hum,83.0,88.25931868060547,0,1,1,292.07085463889484
Madurai,2023-10-21 02:15:00,hum,94.0,85.92530731708796,0,1,1,292.07085463889484
Madurai,2023-10-22 02:30:00,hum,89.0,89.40020981847962,0,1,1,292.07085463889484
Madurai,2023-10-23 02:15:00,hum,89.0,89.2272364215872,0,1,1,292.07085463889484
Madurai,2023-10-24 02:15:00,hum,86.0,89.13057486124166,0,1,1,292.07085463889484
Madurai,2023-10-25 02:30:00,hum,87.0,87.81697083744106,0,1,1,292.07085463889484
Madurai,2023-10-26 02:00:00,hum,86.0,87.47315386970436,0,1,1,292.07085463889484
Madurai,2023-10-27 02:30:00,hum,84.0,86.85117172351156,0,1,1,292.07085463889484
Madurai,2023-10-28 02:00:00,hum,79.0,85.63444157617428,0,1,1,292.07085463889484
Madurai,2023-10-29 02:45:00,hum,89.0,82.68594172225029,0,1,1,292.07085463889484
Madurai,2023-10-30 02:00:00,hum,94.0,85.43331400449232,0,1,1,292.07085463889484
Mahamaya,2023-10-15 02:30:00,hum,84.0,60.35264441288763,2,1,2,254.7640832034391
Mahamaya,2023-10-16 02:30:00,hum,68.0,70.67595051488536,2,1,2,254.7640832034391
Mahamaya,2023-10-17 02:30:00,hum,70.0,70.23568180824829,2,1,2,254.7640832034391
Mahamaya,2023-10-18 02:30:00,hum,75.0,75.50803326650001,2,1,2,254.7640832034391
Mahamaya,2023-10-19 02:30:00,hum,84.0,77.53138219066521,2,1,2,254.7640832034391
Mahamaya,2023-10-20 02:30:00,hum,75.0,78.70262765372277,2,1,2,254.7640832034391
Mahamaya,2023-10-21 02:15:00,hum,70.0,77.64521187723024,2,1,2,254.7640832034391
Mahamaya,2023-10-22 02:30:00,hum,71.0,75.27085843406445,2,1,2,254.7640832034391
Mahamaya,2023-10-23 02:15:00,hum,79.0,73.3713112925874,2,1,2,254.7640832034391
Mahamaya,2023-10-24 02:15:00,hum,96.0,73.64763952408421,2,1,2,254.7640832034391
Mahamaya,2023-10-25 02:30:00,hum,94.0,80.01304919947722,2,1,2,254.7640832034391
Mahamaya,2023-10-26 02:00:00,hum,75.0,91.56247384770242,2,1,2,254.7640832034391
Mahamaya,2023-10-27 02:30:00,hum,72.0,86.88963709176373,2,1,2,254.7640832034391
Mahamaya,2023-10-28 02:00:00,hum,58.0,85.34000363602624,2,1,2,254.7640832034391
Mahamaya,2023-10-29 02:45:00,hum,65.0,64.76187922827057,2,1,2,254.7640832034391
Mahamaya,2023-10-30 02:00:00,hum,67.0,66.767112381608,2,1,2,254.7640832034391
Mahasamund,2023-10-15 02:30:00,hum,65.0,66.36748366714437,2,1,2,275.2412623700356
Mahasamund,2023-10-16 02:30:00,hum,65.0,67.20018127245942,2,1,2,275.2412623700356
Mahasamund,2023-10-17 02:15:00,hum,65.0,64.13263275527406,2,1,2,275.2412623700356
Mahasamund,2023-10-18 02:30:00,hum,70.0,62.76694376539315,2,1,2,275.2412623700356
Mahasamund,2023-10-19 02:15:00,hum,79.0,69.51373851079417,2,1,2,275.2412623700356
Mahasamund,2023-10-20 02:30:00,hum,78.0,81.9965394879627,2,1,2,275.2412623700356
Mahasamund,2023-10-21 02:15:00,hum,70.0,82.72240804369189,2,1,2,275.2412623700356
Mahasamund,2023-10-22 02:15:00,hum,66.0,71.37186380350734,2,1,2,275.2412623700356
Mahasamund,2023-10-23 02:15:00,hum,61.0,63.02886918735984,2,1,2,275.2412623700356
Mahasamund,2023-10-24 02:15:00,hum,64.0,60.91928930123998,2,1,2,275.2412623700356
Mahasamund,2023-10-25 02:15:00,hum,65.0,65.3056783724813,2,1,2,275.2412623700356
Mahasamund,2023-10-26 02:00:00,hum,60.0,65.16803050846694,2,1,2,275.2412623700356
Mahasamund,2023-10-27 02:15:00,hum,56.0,59.416429080095995,2,1,2,275.2412623700356
Mahasamund,2023-10-28 02:00:00,hum,63.0,55.09218741839405,2,1,2,275.2412623700356
Mahasamund,2023-10-29 02:30:00,hum,65.0,62.18091912842784,2,1,2,275.2412623700356
Mahasamund,2023-10-30 01:45:00,hum,67.0,67.89125923184007,2,1,2,275.2412623700356
Mahe,2023-10-15 02:30:00,hum,91.0,91.38761853319673,0,1,1,189.55485178280114
Mahe,2023-10-16 02:30:00,hum,90.0,91.32247110359991,0,1,1,189.55485178280114
Mahe,2023-10-17 02:15:00,hum,87.0,91.10955807656329,0,1,1,189.55485178280114
Mahe,2023-10-18 02:30:00,hum,93.0,90.44237245881055,0,1,1,189.55485178280114
Mahe,2023-10-19 02:15:00,hum,85.0,90.87431853585473,0,1,1,189.55485178280114
Mahe,2023-10-20 02:30:00,hum,84.0,89.94956341711865,0,1,1,189.55485178280114
Mahe,2023-10-21 02:15:00,hum,89.0,87.76515523289125,0,1,1,189.55485178280114
Mahe,2023-10-22 02:15:00,hum,92.0,88.2993732352556,0,1,1,189.55485178280114
Mahe,2023-10-23 02:15:00,hum,90.0,89.37365127861496,0,1,1,189.55485178280114
Mahe,2023-10-24 02:15:00,hum,87.0,89.50326282384574,0,1,1,189.55485178280114
Mahe,2023-10-25 02:15:00,hum,90.0,89.00699614685311,0,1,1,189.55485178280114
Mahe,2023-10-26 02:00:00,hum,89.0,89.21532697243131,0,1,1,189.55485178280114
Mahe,2023-10-27 02:15:00,hum,82.0,89.17510750786268,0,1,1,189.55485178280114
Mahe,2023-10-28 02:00:00,hum,84.0,87.66411614249444,0,1,1,189.55485178280114
Mahe,2023-10-29 02:30:00,hum,90.0,86.51084264402742,0,1,1,189.55485178280114
Mahe,2023-10-30 01:45:00,hum,93.0,87.5491610954093,0,1,1,189.55485178280114
Mahendragarh,2023-10-15 02:30:00,hum,33.0,32.0,0,1,0,318.22717692536514
Mahendragarh,2023-10-16 02:30:00,hum,38.0,33.0,0,1,0,318.22717692536514
Mahendragarh,2023-10-17 02:15:00,hum,79.0,38.0,0,1,0,318.22717692536514
Mahendragarh,2023-10-18 02:30:00,hum,57.0,79.0,0,1,0,318.22717692536514
Mahendragarh,2023-10-19 02:15:00,hum,45.0,56.999999999999986,0,1,0,318.22717692536514
Mahendragarh,2023-10-20 02:30:00,hum,43.0,45.0,0,1,0,318.22717692536514
Mahendragarh,2023-10-21 02:15:00,hum,42.0,43.0,0,1,0,318.22717692536514
Mahendragarh,2023-10-22 02:15:00,hum,34.0,42.0,0,1,0,318.22717692536514
Mahendragarh,2023-10-23 02:15:00,hum,37.0,34.0,0,1,0,318.22717692536514
Mahendragarh,2023-10-24 02:15:00,hum,65.0,37.0,0,1,0,318.22717692536514
Mahendragarh,2023-10-25 02:15:00,hum,40.0,65.0,0,1,0,318.22717692536514
Mahendragarh,2023-10-26 02:00:00,hum,42.0,40.0,0,1,0,318.22717692536514
Mahendragarh,2023-10-27 02:15:00,hum,34.0,42.0,0,1,0,318.22717692536514
Mahendragarh,2023-10-28 02:00:00,hum,21.0,34.0,0,1,0,318.22717692536514
Mahendragarh,2023-10-29 02:30:00,hum,31.0,21.0,0,1,0,318.22717692536514
Mahendragarh,2023-10-30 01:45:00,hum,36.0,31.0,0,1,0,318.22717692536514
Mahesana,2023-10-15 02:30:00,hum,67.0,50.0,0,1,0,294.42635669080977
Mahesana,2023-10-16 02:30:00,hum,65.0,67.0,0,1,0,294.42635669080977
Mahesana,2023-10-17 02:15:00,hum,67.0,65.0,0,1,0,294.42635669080977
Mahesana,2023-10-18 02:15:00,hum,62.0,67.0,0,1,0,294.42635669080977
Mahesana,2023-10-19 02:15:00,hum,46.0,62.0,0,1,0,294.42635669080977
Mahesana,2023-10-20 02:30:00,hum,43.0,46.0,0,1,0,294.42635669080977
Mahesana,2023-10-21 02:15:00,hum,43.0,43.0,0,1,0,294.42635669080977
Mahesana,2023-10-22 02:15:00,hum,38.0,43.0,0,1,0,294.42635669080977
Mahesana,2023-10-23 02:00:00,hum,39.0,38.0,0,1,0,294.42635669080977
Mahesana,2023-10-24 02:15:00,hum,38.0,39.0,0,1,0,294.42635669080977
Mahesana,2023-10-25 02:15:00,hum,33.0,38.0,0,1,0,294.42635669080977
Mahesana,2023-10-26 02:00:00,hum,39.0,33.0,0,1,0,294.42635669080977
Mahesana,2023-10-27 02:15:00,hum,39.0,39.0,0,1,0,294.42635669080977
Mahesana,2023-10-28 02:00:00,hum,33.0,39.0,0,1,0,294.42635669080977
Mahesana,2023-10-29 02:30:00,hum,33.0,33.0,0,1,0,294.42635669080977
Mahesana,2023-10-30 01:45:00,hum,34.0,33.0,0,1,0,294.42635669080977
Mahoba,2023-10-15 02:30:00,hum,41.0,42.0,0,1,0,332.889623201524
Mahoba,2023-10-16 02:30:00,hum,42.0,41.0,0,1,0,332.889623201524
Mahoba,2023-10-17 02:30:00,hum,76.0,42.0,0,1,0,332.889623201524
Mahoba,2023-10-18 02:30:00,hum,69.0,76.0,0,1,0,332.889623201524
Mahoba,2023-10-19 02:30:00,hum,48.0,69.0,0,1,0,332.889623201524
Mahoba,2023-10-20 02:30:00,hum,43.0,48.0,0,1,0,332.889623201524
Mahoba,2023-10-21 02:15:00,hum,46.0,43.0,0,1,0,332.889623201524
Mahoba,2023-10-22 02:30:00,hum,45.0,46.0,0,1,0,332.889623201524
Mahoba,2023-10-23 02:15:00,hum,51.0,45.0,0,1,0,332.889623201524
Mahoba,2023-10-24 02:15:00,hum,49.0,51.0,0,1,0,332.889623201524
Mahoba,2023-10-25 02:30:00,hum,48.0,49.0,0,1,0,332.889623201524
Mahoba,2023-10-26 02:00:00,hum,41.0,48.0,0,1,0,332.889623201524
Mahoba,2023-10-27 02:30:00,hum,34.0,41.0,0,1,0,332.889623201524
Mahoba,2023-10-28 02:00:00,hum,35.0,34.0,0,1,0,332.889623201524
Mahoba,2023-10-29 02:45:00,hum,37.0,35.0,0,1,0,332.889623201524
Mahoba,2023-10-30 02:00:00,hum,39.0,37.0,0,1,0,332.889623201524
Mainpuri,2023-10-15 02:30:00,hum,37.0,35.0,0,1,0,324.935925533618
Mainpuri,2023-10-16 02:30:00,hum,42.0,37.0,0,1,0,324.935925533618
Mainpuri,2023-10-17 02:30:00,hum,73.0,42.0,0,1,0,324.935925533618
Mainpuri,2023-10-18 02:30:00,hum,58.0,73.0,0,1,0,324.935925533618
Mainpuri,2023-10-19 02:30:00,hum,48.0,58.0,0,1,0,324.935925533618
Mainpuri,2023-10-20 02:30:00,hum,45.0,48.0,0,1,0,324.935925533618
Mainpuri,2023-10-21 02:15:00,hum,46.0,45.0,0,1,0,324.935925533618
Mainpuri,2023-10-22 02:30:00,hum,47.0,46.0,0,1,0,324.935925533618
Mainpuri,2023-10-23 02:15:00,hum,40.0,47.0,0,1,0,324.935925533618
Mainpuri,2023-10-24 02:15:00,hum,43.0,40.0,0,1,0,324.935925533618
Mainpuri,2023-10-25 02:30:00,hum,49.0,43.0,0,1,0,324.935925533618
Mainpuri,2023-10-26 02:00:00,hum,37.0,49.0,0,1,0,324.935925533618
Mainpuri,2023-10-27 02:30:00,hum,33.0,37.0,0,1,0,324.935925533618
Mainpuri,2023-10-28 02:00:00,hum,37.0,33.0,0,1,0,324.935925533618
Mainpuri,2023-10-29 02:45:00,hum,33.0,37.0,0,1,0,324.935925533618
Mainpuri,2023-10-30 02:00:00,hum,38.0,33.0,0,1,0,324.935925533618
Majuli,2023-10-15 02:30:00,hum,97.0,96.8463492309937,1,1,1,215.90649689546927
Majuli,2023-10-16 02:30:00,hum,95.0,96.86481603810361,1,1,1,215.90649689546927
Majuli,2023-10-17 02:30:00,hum,94.0,95.83210251223943,1,1,1,215.90649689546927
Majuli,2023-10-18 02:30:00,hum,95.0,95.18445814949666,1,1,1,215.90649689546927
Majuli,2023-10-19 02:30:00,hum,95.0,95.58275984277236,1,1,1,215.90649689546927
Majuli,2023-10-20 02:30:00,hum,94.0,95.52128033887182,1,1,1,215.90649689546927
Majuli,2023-10-21 02:30:00,hum,94.0,94.93689747012546,1,1,1,215.90649689546927
Majuli,2023-10-22 02:30:00,hum,94.0,94.83952572963669,1,1,1,215.90649689546927
Majuli,2023-10-23 02:15:00,hum,94.0,94.75597434320454,1,1,1,215.90649689546927
Majuli,2023-10-24 02:15:00,hum,85.0,94.68223232790635,1,1,1,215.90649689546927
Majuli,2023-10-25 02:30:00,hum,89.0,89.2673419769355,1,1,1,215.90649689546927
Majuli,2023-10-26 02:00:00,hum,96.0,90.94710672251146,1,1,1,215.90649689546927
Majuli,2023-10-27 02:30:00,hum,98.0,95.19286200563906,1,1,1,215.90649689546927
Majuli,2023-10-28 02:00:00,hum,96.0,96.46695604609643,1,1,1,215.90649689546927
Majuli,2023-10-29 02:45:00,hum,95.0,95.43524589791512,1,1,1,215.90649689546927
Majuli,2023-10-30 02:00:00,hum,96.0,94.91537393206036,1,1,1,215.90649689546927
Malappuram,2023-10-15 02:30:00,hum,100.0,95.79090034961519,1,1,1,269.29845440518386
Malappuram,2023-10-16 02:30:00,hum,89.0,96.17309902274364,1,1,1,269.29845440518386
Malappuram,2023-10-17 02:30:00,hum,94.0,92.62967613983486,1,1,1,269.29845440518386
Malappuram,2023-10-18 02:30:00,hum,94.0,94.04484062892216,1,1,1,269.29845440518386
Malappuram,2023-10-19 02:15:00,hum,89.0,94.02758071335435,1,1,1,269.29845440518386
Malappuram,2023-10-20 02:30:00,hum,89.0,92.46270390718364,1,1,1,269.29845440518386
Malappuram,2023-10-21 02:15:00,hum,94.0,92.31940670673379,1,1,1,269.29845440518386
Malappuram,2023-10-22 02:15:00,hum,83.0,93.76798521572644,1,1,1,269.29845440518386
Malappuram,2023-10-23 02:15:00,hum,94.0,90.5352155492357,1,1,1,269.29845440518386
Malappuram,2023-10-24 02:15:00,hum,94.0,93.61830386312094,1,1,1,269.29845440518386
Malappuram,2023-10-25 02:15:00,hum,94.0,93.6251224772624,1,1,1,269.29845440518386
Malappuram,2023-10-26 02:00:00,hum,89.0,93.63167296764111,1,1,1,269.29845440518386
Malappuram,2023-10-27 02:15:00,hum,89.0,92.33447300876915,1,1,1,269.29845440518386
Malappuram,2023-10-28 02:00:00,hum,100.0,91.57673871494109,1,1,1,269.29845440518386
Malappuram,2023-10-29 02:45:00,hum,94.0,94.98375320133927,1,1,1,269.29845440518386
Malappuram,2023-10-30 02:00:00,hum,94.0,93.59670626427946,1,1,1,269.29845440518386
Maldah,2023-10-15 02:30:00,hum,68.0,77.0709116937822,1,1,2,297.46743414234453
Maldah,2023-10-16 02:30:00,hum,69.0,63.09637701987358,1,1,2,297.46743414234453
Maldah,2023-10-17 02:30:00,hum,76.0,69.60398868413087,1,1,2,297.46743414234453
Maldah,2023-10-18 02:30:00,hum,76.0,77.59352454556142,1,1,2,297.46743414234453
Maldah,2023-10-19 02:15:00,hum,78.0,76.73744353307913,1,1,2,297.46743414234453
Maldah,2023-10-20 02:30:00,hum,74.0,78.7489435602774,1,1,2,297.46743414234453
Maldah,2023-10-21 02:15:00,hum,76.0,74.64431274690178,1,1,2,297.46743414234453
Maldah,2023-10-22 02:15:00,hum,77.0,76.98046514517368,1,1,2,297.46743414234453
Maldah,2023-10-23 02:15:00,hum,79.0,77.6795651852398,1,1,2,297.46743414234453
Maldah,2023-10-24 02:15:00,hum,95.0,79.51219944279318,1,1,2,297.46743414234453
Maldah,2023-10-25 02:15:00,hum,89.0,94.67750695236278,1,1,2,297.46743414234453
Maldah,2023-10-26 02:00:00,hum,79.0,87.24389444932926,1,1,2,297.46743414234453
Maldah,2023-10-27 02:15:00,hum,58.0,78.49812195482701,1,1,2,297.46743414234453
Maldah,2023-10-28 02:00:00,hum,63.0,58.52508769943327,1,1,2,297.46743414234453
Maldah,2023-10-29 02:45:00,hum,58.0,67.26511145857677,1,1,2,297.46743414234453
Maldah,2023-10-30 01:45:00,hum,69.0,60.381310278420884,1,1,2,297.46743414234453
Malkangiri,2023-10-15 02:30:00,hum,84.0,77.7415533143189,2,1,1,251.15219871797177
Malkangiri,2023-10-16 02:30:00,hum,82.0,82.86913251303254,2,1,1,251.15219871797177
Malkangiri,2023-10-17 02:30:00,hum,82.0,80.4608902154329,2,1,1,251.15219871797177
Malkangiri,2023-10-18 02:30:00,hum,79.0,83.92813490021773,2,1,1,251.15219871797177
Malkangiri,2023-10-19 02:30:00,hum,83.0,78.21846846092491,2,1,1,251.15219871797177
Malkangiri,2023-10-20 02:30:00,hum,83.0,83.93376598620011,2,1,1,251.15219871797177
Malkangiri,2023-10-21 02:15:00,hum,84.0,80.77033091844585,2,1,1,251.15219871797177
Malkangiri,2023-10-22 02:30:00,hum,76.0,85.08426667523904,2,1,1,251.15219871797177
Malkangiri,2023-10-23 02:15:00,hum,83.0,77.00272889964307,2,1,1,251.15219871797177
Malkangiri,2023-10-24 02:15:00,hum,84.0,83.45289651071866,2,1,1,251.15219871797177
Malkangiri,2023-10-25 02:15:00,hum,79.0,80.85895541040622,2,1,1,251.15219871797177
Malkangiri,2023-10-26 02:00:00,hum,78.0,81.3224911615672,2,1,1,251.15219871797177
Malkangiri,2023-10-27 02:15:00,hum,68.0,79.55091054335834,2,1,1,251.15219871797177
Malkangiri,2023-10-28 02:00:00,hum,68.0,70.29463048273321,2,1,1,251.15219871797177
Malkangiri,2023-10-29 02:45:00,hum,80.0,70.2708262151043,2,1,1,251.15219871797177
Malkangiri,2023-10-30 02:00:00,hum,72.0,75.89290848130597,2,1,1,251.15219871797177
Mamit,2023-10-15 02:30:00,hum,98.0,98.55555056583572,0,0,0,195.34768699217216
Mamit,2023-10-16 02:30:00,hum,98.0,98.54347324907694,0,0,0,195.34768699217216
Mamit,2023-10-17 02:15:00,hum,94.0,98.53190984082309,0,0,0,195.34768699217216
Mamit,2023-10-18 02:30:00,hum,92.0,98.43749492121641,0,0,0,195.34768699217216
Mamit,2023-10-19 02:15:00,hum,96.0,98.30611760798456,0,0,0,195.34768699217216
Mamit,2023-10-20 02:30:00,hum,92.0,98.25999500782005,0,0,0,195.34768699217216
Mamit,2023-10-21 02:15:00,hum,89.0,98.13724987356035,0,0,0,195.34768699217216
Mamit,2023-10-22 02:15:00,hum,93.0,97.96153343936774,0,0,0,195.34768699217216
Mamit,2023-10-23 02:15:00,hum,100.0,97.86791958541215,0,0,0,195.34768699217216
Mamit,2023-10-24 02:15:00,hum,100.0,97.90740200839885,0,0,0,195.34768699217216
Mamit,2023-10-25 02:15:00,hum,82.0,97.94544955286634,0,0,0,195.34768699217216
Mamit,2023-10-26 02:00:00,hum,96.0,97.66070936690066,0,0,0,195.34768699217216
Mamit,2023-10-27 02:15:00,hum,99.0,97.63157407498998,0,0,0,195.34768699217216
Mamit,2023-10-28 02:00:00,hum,98.0,97.65516745817294,0,0,0,195.34768699217216
Mamit,2023-10-29 02:30:00,hum,97.0,97.66101196727261,0,0,0,195.34768699217216
Mamit,2023-10-30 01:45:00,hum,84.0,97.6499949837707,0,0,0,195.34768699217216
Mancherial,2023-10-16 02:30:00,hum,69.0,69.48800475411961,0,1,1,259.43281817635375
Mancherial,2023-10-17 02:30:00,hum,64.0,69.11303824778436,0,1,1,259.43281817635375
Mancherial,2023-10-18 02:30:00,hum,75.0,65.16052840633022,0,1,1,259.43281817635375
Mancherial,2023-10-19 02:30:00,hum,75.0,72.28428381667274,0,1,1,259.43281817635375
Mancherial,2023-10-20 02:30:00,hum,76.0,74.33643404301162,0,1,1,259.43281817635375
Mancherial,2023-10-21 02:30:00,hum,70.0,75.58621616116693,0,1,1,259.43281817635375
Mancherial,2023-10-22 02:30:00,hum,61.0,71.5019085300383,0,1,1,259.43281817635375
Mancherial,2023-10-23 02:15:00,hum,61.0,63.16720902152817,0,1,1,259.43281817635375
Mancherial,2023-10-24 02:15:00,hum,65.0,61.35660770294841,0,1,1,259.43281817635375
Mancherial,2023-10-25 02:30:00,hum,62.0,64.27156639665444,0,1,1,259.43281817635375
Mancherial,2023-10-26 02:00:00,hum,57.0,62.473175600918246,0,1,1,259.43281817635375
Mancherial,2023-10-27 02:30:00,hum,53.0,58.092097498203444,0,1,1,259.43281817635375
Mancherial,2023-10-28 02:00:00,hum,63.0,53.8419733721921,0,1,1,259.43281817635375
Mancherial,2023-10-29 02:45:00,hum,59.0,60.99433722151242,0,1,1,259.43281817635375
Mancherial,2023-10-30 02:00:00,hum,66.0,59.45796349231973,0,1,1,259.43281817635375
Mandi,2023-10-15 02:30:00,hum,57.0,56.0,0,1,0,295.888430209338
Mandi,2023-10-16 02:30:00,hum,59.0,57.0,0,1,0,295.888430209338
Mandi,2023-10-17 02:15:00,hum,61.0,59.0,0,1,0,295.888430209338
Mandi,2023-10-18 02:15:00,hum,54.0,61.0,0,1,0,295.888430209338
Mandi,2023-10-19 02:15:00,hum,54.0,54.0,0,1,0,295.888430209338
Mandi,2023-10-20 02:15:00,hum,53.0,54.0,0,1,0,295.888430209338
Mandi,2023-10-21 02:15:00,hum,54.0,53.0,0,1,0,295.888430209338
Mandi,2023-10-22 02:15:00,hum,45.0,54.0,0,1,0,295.888430209338
Mandi,2023-10-23 02:00:00,hum,44.0,45.0,0,1,0,295.888430209338
Mandi,2023-10-24 02:15:00,hum,49.0,44.0,0,1,0,295.888430209338
Mandi,2023-10-25 02:15:00,hum,45.0,49.0,0,1,0,295.888430209338
Mandi,2023-10-26 02:00:00,hum,40.0,45.0,0,1,0,295.888430209338
Mandi,2023-10-27 02:15:00,hum,42.0,40.0,0,1,0,295.888430209338
Mandi,2023-10-28 02:00:00,hum,47.0,42.0,0,1,0,295.888430209338
Mandi,2023-10-29 02:30:00,hum,46.0,47.0,0,1,0,295.888430209338
Mandi,2023-10-30 01:45:00,hum,45.0,46.0,0,1,0,295.888430209338
Mandla,2023-10-15 02:30:00,hum,71.0,69.3210021361999,1,1,1,298.5188824394246
Mandla,2023-10-16 02:30:00,hum,71.0,72.17807095361096,1,1,1,298.5188824394246
Mandla,2023-10-17 02:15:00,hum,81.0,71.82293585348735,1,1,1,298.5188824394246
Mandla,2023-10-18 02:15:00,hum,79.0,78.35205786984929,1,1,1,298.5188824394246
Mandla,2023-10-19 02:15:00,hum,79.0,77.69689556673728,1,1,1,298.5188824394246
Mandla,2023-10-20 02:15:00,hum,80.0,78.00935308118368,1,1,1,298.5188824394246
Mandla,2023-10-21 02:00:00,hum,62.0,78.89618390771766,1,1,1,298.5188824394246
Mandla,2023-10-22 02:15:00,hum,63.0,67.71205815043392,1,1,1,298.5188824394246
Mandla,2023-10-23 02:00:00,hum,62.0,66.73977598342626,1,1,1,298.5188824394246
Mandla,2023-10-24 02:15:00,hum,65.0,65.03681536524017,1,1,1,298.5188824394246
Mandla,2023-10-25 02:15:00,hum,69.0,66.36654018697818,1,1,1,298.5188824394246
Mandla,2023-10-26 02:00:00,hum,63.0,68.8121765869544,1,1,1,298.5188824394246
Mandla,2023-10-27 02:15:00,hum,56.0,64.74191118460506,1,1,1,298.5188824394246
Mandla,2023-10-28 02:00:00,hum,59.0,59.41894219372318,1,1,1,298.5188824394246
Mandla,2023-10-29 02:30:00,hum,63.0,60.593939050470006,1,1,1,298.5188824394246
Mandla,2023-10-30 01:45:00,hum,61.0,62.96748599104927,1,1,1,298.5188824394246
Mandsaur,2023-10-15 02:30:00,hum,50.0,48.0,0,1,0,294.955686382813
Mandsaur,2023-10-16 02:30:00,hum,68.0,50.0,0,1,0,294.955686382813
Mandsaur,2023-10-17 02:15:00,hum,61.0,68.0,0,1,0,294.955686382813
Mandsaur,2023-10-18 02:15:00,hum,59.0,61.00000000000001,0,1,0,294.955686382813
Mandsaur,2023-10-19 02:15:00,hum,58.0,59.0,0,1,0,294.955686382813
Mandsaur,2023-10-20 02:15:00,hum,50.0,58.0,0,1,0,294.955686382813
Mandsaur,2023-10-21 02:00:00,hum,49.0,50.0,0,1,0,294.955686382813
Mandsaur,2023-10-22 02:15:00,hum,40.0,49.0,0,1,0,294.955686382813
Mandsaur,2023-10-23 02:00:00,hum,42.0,40.0,0,1,0,294.955686382813
Mandsaur,2023-10-24 02:15:00,hum,40.0,42.0,0,1,0,294.955686382813
Mandsaur,2023-10-25 02:15:00,hum,37.0,40.0,0,1,0,294.955686382813
Mandsaur,2023-10-26 02:00:00,hum,35.0,37.0,0,1,0,294.955686382813
Mandsaur,2023-10-27 02:15:00,hum,31.0,35.0,0,1,0,294.955686382813
Mandsaur,2023-10-28 02:00:00,hum,36.0,31.0,0,1,0,294.955686382813
Mandsaur,2023-10-29 02:30:00,hum,40.0,36.0,0,1,0,294.955686382813
Mandsaur,2023-10-30 01:45:00,hum,38.0,40.0,0,1,0,294.955686382813
Mandya,2023-10-15 02:30:00,hum,62.0,71.32799034265985,0,1,1,262.4358144255004
Mandya,2023-10-16 02:30:00,hum,75.0,63.37759327182098,0,1,1,262.4358144255004
Mandya,2023-10-17 02:30:00,hum,93.0,71.68933461100875,0,1,1,262.4358144255004
Mandya,2023-10-18 02:30:00,hum,82.0,93.16330380767057,0,1,1,262.4358144255004
Mandya,2023-10-19 02:15:00,hum,71.0,83.40889406182403,0,1,1,262.4358144255004
Mandya,2023-10-20 02:30:00,hum,75.0,76.63139719594558,0,1,1,262.4358144255004
Mandya,2023-10-21 02:15:00,hum,73.0,75.70754986934482,0,1,1,262.4358144255004
Mandya,2023-10-22 02:15:00,hum,76.0,74.07792564445181,0,1,1,262.4358144255004
Mandya,2023-10-23 02:15:00,hum,65.0,75.17439149494687,0,1,1,262.4358144255004
Mandya,2023-10-24 02:15:00,hum,52.0,69.64168281474622,0,1,1,262.4358144255004
Mandya,2023-10-25 02:15:00,hum,53.0,52.41593300521141,0,1,1,262.4358144255004
Mandya,2023-10-26 02:00:00,hum,55.0,52.98171374887082,0,1,1,262.4358144255004
Mandya,2023-10-27 02:15:00,hum,61.0,54.914635453386,0,1,1,262.4358144255004
Mandya,2023-10-28 02:00:00,hum,75.0,60.85039569536892,0,1,1,262.4358144255004
Mandya,2023-10-29 02:45:00,hum,81.0,76.00683549746009,0,1,1,262.4358144255004
Mandya,2023-10-30 02:00:00,hum,89.0,81.55493160820525,0,1,1,262.4358144255004
Mansa,2023-10-15 02:30:00,hum,38.0,34.0,0,1,0,337.4244653195165
Mansa,2023-10-16 02:30:00,hum,57.0,38.0,0,1,0,337.4244653195165
Mansa,2023-10-17 02:30:00,hum,86.0,57.0,0,1,0,337.4244653195165
Mansa,2023-10-18 02:30:00,hum,67.0,86.0,0,1,0,337.4244653195165
Mansa,2023-10-19 02:15:00,hum,47.0,67.0,0,1,0,337.4244653195165
Mansa,2023-10-20 02:30:00,hum,42.0,47.0,0,1,0,337.4244653195165
Mansa,2023-10-21 02:15:00,hum,35.0,42.0,0,1,0,337.4244653195165
Mansa,2023-10-22 02:15:00,hum,42.0,35.0,0,1,0,337.4244653195165
Mansa,2023-10-23 02:15:00,hum,41.0,42.0,0,1,0,337.4244653195165
Mansa,2023-10-24 02:15:00,hum,49.0,41.0,0,1,0,337.4244653195165
Mansa,2023-10-25 02:15:00,hum,40.0,49.0,0,1,0,337.4244653195165
Mansa,2023-10-26 02:00:00,hum,36.0,40.0,0,1,0,337.4244653195165
Mansa,2023-10-27 02:15:00,hum,32.0,36.0,0,1,0,337.4244653195165
Mansa,2023-10-28 02:00:00,hum,25.0,32.0,0,1,0,337.4244653195165
Mansa,2023-10-29 02:45:00,hum,30.0,25.0,0,1,0,337.4244653195165
Mansa,2023-10-30 02:00:00,hum,33.0,30.0,0,1,0,337.4244653195165
Mathura,2023-10-15 02:30:00,hum,33.0,33.0,0,1,0,328.1538739773242
Mathura,2023-10-16 02:30:00,hum,41.0,33.0,0,1,0,328.1538739773242
Mathura,2023-10-17 02:30:00,hum,77.0,41.0,0,1,0,328.1538739773242
Mathura,2023-10-18 02:30:00,hum,59.0,77.0,0,1,0,328.1538739773242
Mathura,2023-10-19 02:30:00,hum,43.0,58.99999999999999,0,1,0,328.1538739773242
Mathura,2023-10-20 02:30:00,hum,39.0,43.0,0,1,0,328.1538739773242
Mathura,2023-10-21 02:15:00,hum,47.0,39.0,0,1,0,328.1538739773242
Mathura,2023-10-22 02:30:00,hum,46.0,47.0,0,1,0,328.1538739773242
Mathura,2023-10-23 02:15:00,hum,36.0,46.0,0,1,0,328.1538739773242
Mathura,2023-10-24 02:15:00,hum,39.0,36.0,0,1,0,328.1538739773242
Mathura,2023-10-25 02:30:00,hum,44.0,39.0,0,1,0,328.1538739773242
Mathura,2023-10-26 02:00:00,hum,39.0,44.0,0,1,0,328.1538739773242
Mathura,2023-10-27 02:30:00,hum,28.0,39.0,0,1,0,328.1538739773242
Mathura,2023-10-28 02:00:00,hum,27.0,28.0,0,1,0,328.1538739773242
Mathura,2023-10-29 02:45:00,hum,38.0,27.0,0,1,0,328.1538739773242
Mathura,2023-10-30 02:00:00,hum,39.0,38.0,0,1,0,328.1538739773242
Mau,2023-10-15 02:30:00,hum,60.0,56.0,0,1,0,307.3498287111353
Mau,2023-10-16 02:30:00,hum,69.0,60.0,0,1,0,307.3498287111353
Mau,2023-10-17 02:30:00,hum,85.0,69.0,0,1,0,307.3498287111353
Mau,2023-10-18 02:30:00,hum,79.0,85.0,0,1,0,307.3498287111353
Mau,2023-10-19 02:30:00,hum,62.0,79.0,0,1,0,307.3498287111353
Mau,2023-10-20 02:30:00,hum,54.0,62.0,0,1,0,307.3498287111353
Mau,2023-10-21 02:15:00,hum,56.0,54.0,0,1,0,307.3498287111353
Mau,2023-10-22 02:30:00,hum,55.0,56.0,0,1,0,307.3498287111353
Mau,2023-10-23 02:15:00,hum,56.0,55.0,0,1,0,307.3498287111353
Mau,2023-10-24 02:15:00,hum,56.0,56.0,0,1,0,307.3498287111353
Mau,2023-10-25 02:30:00,hum,60.0,56.0,0,1,0,307.3498287111353
Mau,2023-10-26 02:00:00,hum,56.0,60.0,0,1,0,307.3498287111353
Mau,2023-10-27 02:30:00,hum,56.0,56.0,0,1,0,307.3498287111353
Mau,2023-10-28 02:00:00,hum,51.0,56.0,0,1,0,307.3498287111353
Mau,2023-10-29 02:45:00,hum,49.0,51.0,0,1,0,307.3498287111353
Mau,2023-10-30 02:00:00,hum,51.0,49.0,0,1,0,307.3498287111353
Mayurbhanj,2023-10-15 02:30:00,hum,60.0,66.84277350752912,2,1,2,267.0651176203072
Mayurbhanj,2023-10-16 02:30:00,hum,63.0,55.87755734318766,2,1,2,267.0651176203072
Mayurbhanj,2023-10-17 02:30:00,hum,72.0,67.192522259235,2,1,2,267.0651176203072
Mayurbhanj,2023-10-18 02:30:00,hum,70.0,70.7378364363378,2,1,2,267.0651176203072
Mayurbhanj,2023-10-19 02:30:00,hum,74.0,68.22692577970714,2,1,2,267.0651176203072
Mayurbhanj,2023-10-20 02:30:00,hum,79.0,73.83681092152591,2,1,2,267.0651176203072
Mayurbhanj,2023-10-21 02:15:00,hum,73.0,78.50919839947623,2,1,2,267.0651176203072
Mayurbhanj,2023-10-22 02:30:00,hum,62.0,71.1138404411963,2,1,2,267.0651176203072
Mayurbhanj,2023-10-23 02:15:00,hum,66.0,64.00536674958366,2,1,2,267.0651176203072
Mayurbhanj,2023-10-24 02:15:00,hum,94.0,67.32249493253612,2,1,2,267.0651176203072
Mayurbhanj,2023-10-25 02:15:00,hum,79.0,93.51154604688058,2,1,2,267.0651176203072
Mayurbhanj,2023-10-26 02:00:00,hum,71.0,72.42141557584773,2,1,2,267.0651176203072
Mayurbhanj,2023-10-27 02:15:00,hum,68.0,76.50410973911733,2,1,2,267.0651176203072
Mayurbhanj,2023-10-28 02:00:00,hum,55.0,73.11705924754867,2,1,2,267.0651176203072
Mayurbhanj,2023-10-29 02:45:00,hum,59.0,57.336996053570545,2,1,2,267.0651176203072
Mayurbhanj,2023-10-30 02:00:00,hum,67.0,62.63854532296537,2,1,2,267.0651176203072
Medak,2023-10-15 02:30:00,hum,72.0,75.0,0,1,0,258.828555887078
Medak,2023-10-16 02:30:00,hum,69.0,72.0,0,1,0,258.828555887078
Medak,2023-10-17 02:30:00,hum,77.0,69.0,0,1,0,258.828555887078
Medak,2023-10-18 02:30:00,hum,70.0,77.0,0,1,0,258.828555887078
Medak,2023-10-19 02:30:00,hum,70.0,70.0,0,1,0,258.828555887078
Medak,2023-10-20 02:30:00,hum,73.0,70.0,0,1,0,258.828555887078
Medak,2023-10-21 02:30:00,hum,77.0,73.0,0,1,0,258.828555887078
Medak,2023-10-22 02:30:00,hum,65.0,77.0,0,1,0,258.828555887078
Medak,2023-10-23 02:15:00,hum,57.0,65.0,0,1,0,258.828555887078
Medak,2023-10-24 02:15:00,hum,66.0,57.0,0,1,0,258.828555887078
Medak,2023-10-25 02:30:00,hum,62.0,66.0,0,1,0,258.828555887078
Medak,2023-10-26 02:00:00,hum,59.0,61.99999999999999,0,1,0,258.828555887078
Medak,2023-10-27 02:30:00,hum,56.0,59.0,0,1,0,258.828555887078
Medak,2023-10-28 02:00:00,hum,56.0,56.0,0,1,0,258.828555887078
Medak,2023-10-29 02:45:00,hum,66.0,56.0,0,1,0,258.828555887078
Medak,2023-10-30 02:00:00,hum,63.0,66.0,0,1,0,258.828555887078
Medchal,2023-10-15 02:30:00,hum,79.0,82.19984199660297,0,1,1,296.18703706160625
Medchal,2023-10-16 02:30:00,hum,83.0,81.35835115306698,0,1,1,296.18703706160625
Medchal,2023-10-17 02:30:00,hum,78.0,81.7959101184816,0,1,1,296.18703706160625
Medchal,2023-10-18 02:30:00,hum,73.0,80.80814390530533,0,1,1,296.18703706160625
Medchal,2023-10-19 02:30:00,hum,67.0,78.61349274614446,0,1,1,296.18703706160625
Medchal,2023-10-20 02:30:00,hum,78.0,74.6204909508737,0,1,1,296.18703706160625
Medchal,2023-10-21 02:30:00,hum,78.0,75.87602245643642,0,1,1,296.18703706160625
Medchal,2023-10-22 02:30:00,hum,69.0,76.54242517896058,0,1,1,296.18703706160625
Medchal,2023-10-23 02:15:00,hum,73.0,74.23333521523311,0,1,1,296.18703706160625
Medchal,2023-10-24 02:15:00,hum,73.0,73.83482803959438,0,1,1,296.18703706160625
Medchal,2023-10-25 02:30:00,hum,64.0,73.57055702208064,0,1,1,296.18703706160625
Medchal,2023-10-26 02:00:00,hum,60.0,70.43807975698799,0,1,1,296.18703706160625
Medchal,2023-10-27 02:30:00,hum,64.0,66.48627065008307,0,1,1,296.18703706160625
Medchal,2023-10-28 02:00:00,hum,56.0,65.46886965025644,0,1,1,296.18703706160625
Medchal,2023-10-29 02:45:00,hum,73.0,61.55343625101146,0,1,1,296.18703706160625
Medchal,2023-10-30 02:00:00,hum,88.0,66.02889732581386,0,1,1,296.18703706160625
Medinipur,2023-10-15 02:30:00,hum,63.0,75.0,0,1,0,271.9181772078055
Medinipur,2023-10-16 02:30:00,hum,73.0,63.0,0,1,0,271.9181772078055
Medinipur,2023-10-17 02:30:00,hum,74.0,73.0,0,1,0,271.9181772078055
Medinipur,2023-10-18 02:30:00,hum,77.0,74.0,0,1,0,271.9181772078055
Medinipur,2023-10-19 02:15:00,hum,73.0,77.0,0,1,0,271.9181772078055
Medinipur,2023-10-20 02:30:00,hum,72.0,73.0,0,1,0,271.9181772078055
Medinipur,2023-10-21 02:15:00,hum,71.0,72.0,0,1,0,271.9181772078055
Medinipur,2023-10-22 02:15:00,hum,73.0,71.0,0,1,0,271.9181772078055
Medinipur,2023-10-23 02:15:00,hum,74.0,73.0,0,1,0,271.9181772078055
Medinipur,2023-10-24 02:15:00,hum,93.0,74.0,0,1,0,271.9181772078055
Medinipur,2023-10-25 02:15:00,hum,88.0,93.0,0,1,0,271.9181772078055
Medinipur,2023-10-26 02:00:00,hum,76.0,88.0,0,1,0,271.9181772078055
Medinipur,2023-10-27 02:15:00,hum,70.0,76.0,0,1,0,271.9181772078055
Medinipur,2023-10-28 02:00:00,hum,61.0,70.0,0,1,0,271.9181772078055
Medinipur,2023-10-29 02:45:00,hum,63.0,60.99999999999999,0,1,0,271.9181772078055
Medinipur,2023-10-30 02:00:00,hum,69.0,63.0,0,1,0,271.9181772078055
Meerut,2023-10-15 02:30:00,hum,47.0,43.52885587476921,1,1,2,333.31659879764635
Meerut,2023-10-16 02:30:00,hum,48.0,45.913683879893796,1,1,2,333.31659879764635
Meerut,2023-10-17 02:30:00,hum,81.0,46.953565106587426,1,1,2,333.31659879764635
Meerut,2023-10-18 02:30:00,hum,56.0,77.42008178168065,1,1,2,333.31659879764635
Meerut,2023-10-19 02:30:00,hum,45.0,49.00810287340224,1,1,2,333.31659879764635
Meerut,2023-10-20 02:30:00,hum,41.0,59.634676283231315,1,1,2,333.31659879764635
Meerut,2023-10-21 02:15:00,hum,44.0,45.30914846580145,1,1,2,333.31659879764635
Meerut,2023-10-22 02:30:00,hum,43.0,46.83808503085976,1,1,2,333.31659879764635
Meerut,2023-10-23 02:15:00,hum,47.0,44.48198343738141,1,1,2,333.31659879764635
Meerut,2023-10-24 02:15:00,hum,49.0,47.28381000591555,1,1,2,333.31659879764635
Meerut,2023-10-25 02:30:00,hum,37.0,48.03971709237475,1,1,2,333.31659879764635
Meerut,2023-10-26 02:00:00,hum,31.0,39.52168106031993,1,1,2,333.31659879764635
Meerut,2023-10-27 02:30:00,hum,36.0,36.036775381884354,1,1,2,333.31659879764635
Meerut,2023-10-28 02:00:00,hum,30.0,38.15857775591652,1,1,2,333.31659879764635
Meerut,2023-10-29 02:45:00,hum,37.0,31.826517260722227,1,1,2,333.31659879764635
Meerut,2023-10-30 02:00:00,hum,43.0,37.75596296521944,1,1,2,333.31659879764635
Mirzapur,2023-10-15 02:30:00,hum,51.0,50.0,0,1,0,330.74609591780137
Mirzapur,2023-10-16 02:30:00,hum,55.0,51.0,0,1,0,330.74609591780137
Mirzapur,2023-10-17 02:30:00,hum,68.0,55.0,0,1,0,330.74609591780137
Mirzapur,2023-10-18 02:30:00,hum,83.0,68.0,0,1,0,330.74609591780137
Mirzapur,2023-10-19 02:30:00,hum,59.0,83.0,0,1,0,330.74609591780137
Mirzapur,2023-10-20 02:30:00,hum,57.0,59.0,0,1,0,330.74609591780137
Mirzapur,2023-10-21 02:15:00,hum,58.0,57.0,0,1,0,330.74609591780137
Mirzapur,2023-10-22 02:30:00,hum,53.0,58.0,0,1,0,330.74609591780137
Mirzapur,2023-10-23 02:15:00,hum,53.0,53.0,0,1,0,330.74609591780137
Mirzapur,2023-10-24 02:15:00,hum,56.0,53.0,0,1,0,330.74609591780137
Mirzapur,2023-10-25 02:30:00,hum,52.0,56.0,0,1,0,330.74609591780137
Mirzapur,2023-10-26 02:00:00,hum,55.0,52.0,0,1,0,330.74609591780137
Mirzapur,2023-10-27 02:30:00,hum,53.0,55.0,0,1,0,330.74609591780137
Mirzapur,2023-10-28 02:00:00,hum,47.0,53.0,0,1,0,330.74609591780137
Mirzapur,2023-10-29 02:45:00,hum,49.0,47.0,0,1,0,330.74609591780137
Mirzapur,2023-10-30 02:00:00,hum,51.0,49.0,0,1,0,330.74609591780137
Moga,2023-10-15 02:30:00,hum,43.0,36.0,0,1,0,332.2367922346227
Moga,2023-10-16 02:30:00,hum,51.0,43.0,0,1,0,332.2367922346227
Moga,2023-10-17 02:30:00,hum,83.0,51.0,0,1,0,332.2367922346227
Moga,2023-10-18 02:30:00,hum,52.0,83.0,0,1,0,332.2367922346227
Moga,2023-10-19 02:15:00,hum,52.0,52.0,0,1,0,332.2367922346227
Moga,2023-10-20 02:30:00,hum,45.0,52.0,0,1,0,332.2367922346227
Moga,2023-10-21 02:15:00,hum,37.0,45.0,0,1,0,332.2367922346227
Moga,2023-10-22 02:15:00,hum,40.0,37.0,0,1,0,332.2367922346227
Moga,2023-10-23 02:15:00,hum,46.0,40.0,0,1,0,332.2367922346227
Moga,2023-10-24 02:15:00,hum,48.0,46.0,0,1,0,332.2367922346227
Moga,2023-10-25 02:15:00,hum,45.0,48.0,0,1,0,332.2367922346227
Moga,2023-10-26 02:00:00,hum,35.0,45.0,0,1,0,332.2367922346227
Moga,2023-10-27 02:15:00,hum,37.0,35.0,0,1,0,332.2367922346227
Moga,2023-10-28 02:00:00,hum,34.0,37.0,0,1,0,332.2367922346227
Moga,2023-10-29 02:45:00,hum,37.0,34.0,0,1,0,332.2367922346227
Moga,2023-10-30 02:00:00,hum,36.0,37.0,0,1,0,332.2367922346227
Mokokchung,2023-10-15 02:30:00,hum,96.0,97.93654352993416,1,1,1,222.15524512191544
Mokokchung,2023-10-16 02:30:00,hum,95.0,97.22057055270089,1,1,1,222.15524512191544
Mokokchung,2023-10-17 02:15:00,hum,88.0,96.71462421283016,1,1,1,222.15524512191544
Mokokchung,2023-10-18 02:30:00,hum,93.0,93.40021084051756,1,1,1,222.15524512191544
Mokokchung,2023-10-19 02:15:00,hum,95.0,95.304446520359,1,1,1,222.15524512191544
Mokokchung,2023-10-20 02:30:00,hum,95.0,96.08640729057846,1,1,1,222.15524512191544
Mokokchung,2023-10-21 02:15:00,hum,93.0,96.05825158009229,1,1,1,222.15524512191544
Mokokchung,2023-10-22 02:15:00,hum,85.0,95.15084986308426,1,1,1,222.15524512191544
Mokokchung,2023-10-23 02:15:00,hum,89.0,89.85030775264899,1,1,1,222.15524512191544
Mokokchung,2023-10-24 02:15:00,hum,91.0,90.609829666402,1,1,1,222.15524512191544
Mokokchung,2023-10-25 02:15:00,hum,85.0,91.27676423390334,1,1,1,222.15524512191544
Mokokchung,2023-10-26 02:00:00,hum,98.0,87.91418075925365,1,1,1,222.15524512191544
Mokokchung,2023-10-27 02:15:00,hum,98.0,93.16166190043678,1,1,1,222.15524512191544
Mokokchung,2023-10-28 02:00:00,hum,97.0,95.04662752522509,1,1,1,222.15524512191544
Mokokchung,2023-10-29 02:30:00,hum,89.0,95.21129731204553,1,1,1,222.15524512191544
Mokokchung,2023-10-30 01:45:00,hum,96.0,91.6627761876933,1,1,1,222.15524512191544
Mon,2023-10-15 02:30:00,hum,93.0,94.93133856807638,1,1,1,272.4050515112079
Mon,2023-10-16 02:30:00,hum,97.0,93.28591798294994,1,1,1,272.4050515112079
Mon,2023-10-17 02:15:00,hum,86.0,95.56128899180528,1,1,1,272.4050515112079
Mon,2023-10-18 02:30:00,hum,94.0,89.65579732809566,1,1,1,272.4050515112079
Mon,2023-10-19 02:15:00,hum,94.0,93.76472785062276,1,1,1,272.4050515112079
Mon,2023-10-20 02:30:00,hum,95.0,93.76927532852453,1,1,1,272.4050515112079
Mon,2023-10-21 02:15:00,hum,81.0,94.27388252297361,1,1,1,272.4050515112079
Mon,2023-10-22 02:15:00,hum,81.0,87.42958389065042,1,1,1,272.4050515112079
Mon,2023-10-23 02:15:00,hum,81.0,86.69728648478886,1,1,1,272.4050515112079
Mon,2023-10-24 02:15:00,hum,83.0,86.11613165438989,1,1,1,272.4050515112079
Mon,2023-10-25 02:15:00,hum,85.0,86.98985603399237,1,1,1,272.4050515112079
Mon,2023-10-26 02:00:00,hum,97.0,88.04313050758057,1,1,1,272.4050515112079
Mon,2023-10-27 02:15:00,hum,98.0,95.118178140384,1,1,1,272.4050515112079
Mon,2023-10-28 02:00:00,hum,94.0,95.75507622317767,1,1,1,272.4050515112079
Mon,2023-10-29 02:30:00,hum,90.0,93.46993429149424,1,1,1,272.4050515112079
Mon,2023-10-30 01:45:00,hum,93.0,91.18949682198682,1,1,1,272.4050515112079
Moradabad,2023-10-15 02:30:00,hum,55.0,56.785161470873156,0,1,2,338.6762898704771
Moradabad,2023-10-16 02:30:00,hum,57.0,55.70641090636695,0,1,2,338.6762898704771
Moradabad,2023-10-17 02:30:00,hum,86.0,56.89603818399724,0,1,2,338.6762898704771
Moradabad,2023-10-18 02:30:00,hum,62.0,74.05207621886666,0,1,2,338.6762898704771
Moradabad,2023-10-19 02:30:00,hum,57.0,60.556832981907455,0,1,2,338.6762898704771
Moradabad,2023-10-20 02:30:00,hum,63.0,60.93633181253213,0,1,2,338.6762898704771
Moradabad,2023-10-21 02:15:00,hum,53.0,62.81391435673951,0,1,2,338.6762898704771
Moradabad,2023-10-22 02:30:00,hum,61.0,56.96249436258672,0,1,2,338.6762898704771
Moradabad,2023-10-23 02:15:00,hum,57.0,61.37876859686875,0,1,2,338.6762898704771
Moradabad,2023-10-24 02:15:00,hum,49.0,58.15286743401321,0,1,2,338.6762898704771
Moradabad,2023-10-25 02:30:00,hum,51.0,54.118064674320024,0,1,2,338.6762898704771
Moradabad,2023-10-26 02:00:00,hum,48.0,54.4426329060609,0,1,2,338.6762898704771
Moradabad,2023-10-27 02:30:00,hum,55.0,51.52728891334555,0,1,2,338.6762898704771
Moradabad,2023-10-28 02:00:00,hum,48.0,54.88009656040343,0,1,2,338.6762898704771
Moradabad,2023-10-29 02:45:00,hum,49.0,50.36090264724144,0,1,2,338.6762898704771
Moradabad,2023-10-30 02:00:00,hum,56.0,51.05205565186554,0,1,2,338.6762898704771
Morbi,2023-10-15 02:30:00,hum,60.0,62.0,0,1,0,282.7267340494391
Morbi,2023-10-16 02:30:00,hum,72.0,60.0,0,1,0,282.7267340494391
Morbi,2023-10-17 02:15:00,hum,71.0,72.0,0,1,0,282.7267340494391
Morbi,2023-10-18 02:15:00,hum,70.0,71.0,0,1,0,282.7267340494391
Morbi,2023-10-19 02:15:00,hum,41.0,70.0,0,1,0,282.7267340494391
Morbi,2023-10-20 02:15:00,hum,38.0,41.0,0,1,0,282.7267340494391
Morbi,2023-10-21 02:15:00,hum,39.0,38.0,0,1,0,282.7267340494391
Morbi,2023-10-22 02:15:00,hum,39.0,39.0,0,1,0,282.7267340494391
Morbi,2023-10-23 02:00:00,hum,34.0,39.0,0,1,0,282.7267340494391
Morbi,2023-10-24 02:15:00,hum,40.0,34.0,0,1,0,282.7267340494391
Morbi,2023-10-25 02:15:00,hum,31.0,40.0,0,1,0,282.7267340494391
Morbi,2023-10-26 02:00:00,hum,40.0,31.0,0,1,0,282.7267340494391
Morbi,2023-10-27 02:15:00,hum,52.0,40.0,0,1,0,282.7267340494391
Morbi,2023-10-28 02:00:00,hum,38.0,52.0,0,1,0,282.7267340494391
Morbi,2023-10-29 02:30:00,hum,33.0,38.0,0,1,0,282.7267340494391
Morbi,2023-10-30 01:45:00,hum,33.0,33.0,0,1,0,282.7267340494391
Morena,2023-10-15 02:30:00,hum,40.0,43.51372303525297,2,1,2,307.9167958073226
Morena,2023-10-16 02:30:00,hum,41.0,37.21949719815234,2,1,2,307.9167958073226
Morena,2023-10-17 02:15:00,hum,80.0,39.819995264131556,2,1,2,307.9167958073226
Morena,2023-10-18 02:15:00,hum,64.0,78.52170627539924,2,1,2,307.9167958073226
Morena,2023-10-19 02:15:00,hum,46.0,66.22992699347779,2,1,2,307.9167958073226
Morena,2023-10-20 02:15:00,hum,46.0,50.131227258942666,2,1,2,307.9167958073226
Morena,2023-10-21 02:00:00,hum,45.0,51.73095144553957,2,1,2,307.9167958073226
Morena,2023-10-22 02:15:00,hum,47.0,44.782087951972755,2,1,2,307.9167958073226
Morena,2023-10-23 02:00:00,hum,40.0,47.019648451764276,2,1,2,307.9167958073226
Morena,2023-10-24 02:15:00,hum,42.0,41.14576184883563,2,1,2,307.9167958073226
Morena,2023-10-25 02:15:00,hum,45.0,47.872304507558354,2,1,2,307.9167958073226
Morena,2023-10-26 02:00:00,hum,39.0,44.955377465059115,2,1,2,307.9167958073226
Morena,2023-10-27 02:15:00,hum,32.0,33.740615997952006,2,1,2,307.9167958073226
Morena,2023-10-28 02:00:00,hum,31.0,31.93096630498294,2,1,2,307.9167958073226
Morena,2023-10-29 02:30:00,hum,36.0,36.32672702756716,2,1,2,307.9167958073226
Morena,2023-10-30 01:45:00,hum,37.0,36.80990057362952,2,1,2,307.9167958073226
Muktsar,2023-10-15 02:30:00,hum,44.0,28.0,0,1,0,341.39816794924604
Muktsar,2023-10-16 02:30:00,hum,61.0,44.0,0,1,0,341.39816794924604
Muktsar,2023-10-17 02:30:00,hum,88.0,61.0,0,1,0,341.39816794924604
Muktsar,2023-10-18 02:30:00,hum,68.0,88.0,0,1,0,341.39816794924604
Muktsar,2023-10-19 02:15:00,hum,48.0,68.0,0,1,0,341.39816794924604
Muktsar,2023-10-20 02:30:00,hum,47.0,48.0,0,1,0,341.39816794924604
Muktsar,2023-10-21 02:15:00,hum,37.0,47.0,0,1,0,341.39816794924604
Muktsar,2023-10-22 02:15:00,hum,53.0,37.0,0,1,0,341.39816794924604
Muktsar,2023-10-23 02:15:00,hum,48.0,53.0,0,1,0,341.39816794924604
Muktsar,2023-10-24 02:15:00,hum,54.0,48.0,0,1,0,341.39816794924604
Muktsar,2023-10-25 02:15:00,hum,47.0,54.0,0,1,0,341.39816794924604
Muktsar,2023-10-26 02:00:00,hum,34.0,47.0,0,1,0,341.39816794924604
Muktsar,2023-10-27 02:15:00,hum,30.0,34.0,0,1,0,341.39816794924604
Muktsar,2023-10-28 02:00:00,hum,28.0,30.0,0,1,0,341.39816794924604
Muktsar,2023-10-29 02:45:00,hum,34.0,28.0,0,1,0,341.39816794924604
Muktsar,2023-10-30 02:00:00,hum,34.0,34.0,0,1,0,341.39816794924604
Mumbai,2023-10-17 02:15:00,hum,66.0,79.14326565625193,2,1,2,376.11894425455426
Mumbai,2023-10-17 02:30:00,hum,66.0,78.87874558578154,2,1,2,376.11894425455426
Mumbai,2023-10-18 02:30:00,hum,94.0,85.75716790692499,2,1,2,376.11894425455426
Mumbai,2023-10-19 02:15:00,hum,70.0,95.73872919074876,2,1,2,376.11894425455426
Mumbai,2023-10-19 02:30:00,hum,70.0,81.80042512004253,2,1,2,376.11894425455426
Mumbai,2023-10-20 02:30:00,hum,59.0,80.89372722687885,2,1,2,376.11894425455426
Mumbai,2023-10-21 02:15:00,hum,59.0,73.82249896667473,2,1,2,376.11894425455426
Mumbai,2023-10-22 02:15:00,hum,66.0,63.16559568255407,2,1,2,376.11894425455426
Mumbai,2023-10-22 02:30:00,hum,66.0,59.37747699287614,2,1,2,376.11894425455426
Mumbai,2023-10-23 02:15:00,hum,89.0,54.4984453362777,2,1,2,376.11894425455426
Mumbai,2023-10-23 02:15:00,hum,89.0,69.43695098577345,2,1,2,376.11894425455426
Mumbai,2023-10-24 02:15:00,hum,55.0,75.25330219069846,2,1,2,376.11894425455426
Mumbai,2023-10-25 02:15:00,hum,62.0,58.97492346120248,2,1,2,376.11894425455426
Mumbai,2023-10-26 02:00:00,hum,52.0,67.59747935425855,2,1,2,376.11894425455426
Mumbai,2023-10-27 02:15:00,hum,55.0,63.67264372212062,2,1,2,376.11894425455426
Mumbai,2023-10-28 02:00:00,hum,48.0,63.07521618957691,2,1,2,376.11894425455426
Mumbai,2023-10-29 02:45:00,hum,51.0,59.7229260327653,2,1,2,376.11894425455426
Mumbai,2023-10-30 01:45:00,hum,58.0,56.52055624352532,2,1,2,376.11894425455426
Mumbai,2023-10-30 02:00:00,hum,58.0,57.1926084504051,2,1,2,376.11894425455426
Mungeli,2023-10-15 02:30:00,hum,64.0,60.0,0,1,0,283.0440084492513
Mungeli,2023-10-16 02:30:00,hum,64.0,64.0,0,1,0,283.0440084492513
Mungeli,2023-10-17 02:30:00,hum,70.0,64.0,0,1,0,283.0440084492513
Mungeli,2023-10-18 02:30:00,hum,76.0,70.0,0,1,0,283.0440084492513
Mungeli,2023-10-19 02:15:00,hum,75.0,76.0,0,1,0,283.0440084492513
Mungeli,2023-10-20 02:30:00,hum,72.0,75.0,0,1,0,283.0440084492513
Mungeli,2023-10-21 02:15:00,hum,58.0,72.0,0,1,0,283.0440084492513
Mungeli,2023-10-22 02:15:00,hum,67.0,58.0,0,1,0,283.0440084492513
Mungeli,2023-10-23 02:15:00,hum,57.0,67.0,0,1,0,283.0440084492513
Mungeli,2023-10-24 02:15:00,hum,63.0,56.99999999999999,0,1,0,283.0440084492513
Mungeli,2023-10-25 02:15:00,hum,58.0,63.0,0,1,0,283.0440084492513
Mungeli,2023-10-26 02:00:00,hum,59.0,58.0,0,1,0,283.0440084492513
Mungeli,2023-10-27 02:15:00,hum,54.0,59.0,0,1,0,283.0440084492513
Mungeli,2023-10-28 02:00:00,hum,63.0,54.0,0,1,0,283.0440084492513
Mungeli,2023-10-29 02:30:00,hum,61.0,63.0,0,1,0,283.0440084492513
Mungeli,2023-10-30 01:45:00,hum,63.0,61.0,0,1,0,283.0440084492513
Munger,2023-10-15 02:30:00,hum,72.0,71.0,0,1,0,308.81391942182995
Munger,2023-10-16 02:30:00,hum,71.0,72.0,0,1,0,308.81391942182995
Munger,2023-10-17 02:15:00,hum,75.0,71.0,0,1,0,308.81391942182995
Munger,2023-10-18 02:30:00,hum,72.0,75.0,0,1,0,308.81391942182995
Munger,2023-10-19 02:15:00,hum,75.0,72.0,0,1,0,308.81391942182995
Munger,2023-10-20 02:30:00,hum,68.0,75.0,0,1,0,308.81391942182995
Munger,2023-10-21 02:15:00,hum,64.0,68.0,0,1,0,308.81391942182995
Munger,2023-10-22 02:15:00,hum,61.0,64.0,0,1,0,308.81391942182995
Munger,2023-10-23 02:15:00,hum,62.0,61.00000000000001,0,1,0,308.81391942182995
Munger,2023-10-24 02:15:00,hum,74.0,62.0,0,1,0,308.81391942182995
Munger,2023-10-25 02:15:00,hum,73.0,74.0,0,1,0,308.81391942182995
Munger,2023-10-26 02:00:00,hum,69.0,73.0,0,1,0,308.81391942182995
Munger,2023-10-27 02:15:00,hum,59.0,69.0,0,1,0,308.81391942182995
Munger,2023-10-28 02:00:00,hum,62.0,59.0,0,1,0,308.81391942182995
Munger,2023-10-29 02:30:00,hum,60.0,62.0,0,1,0,308.81391942182995
Munger,2023-10-30 01:45:00,hum,62.0,60.0,0,1,0,308.81391942182995
Murshidabad,2023-10-15 02:30:00,hum,68.0,62.99999999999999,0,1,0,286.3642505712926
Murshidabad,2023-10-16 02:30:00,hum,67.0,68.0,0,1,0,286.3642505712926
Murshidabad,2023-10-17 02:30:00,hum,77.0,67.0,0,1,0,286.3642505712926
Murshidabad,2023-10-18 02:30:00,hum,69.0,77.0,0,1,0,286.3642505712926
Murshidabad,2023-10-19 02:15:00,hum,75.0,69.0,0,1,0,286.3642505712926
Murshidabad,2023-10-20 02:30:00,hum,69.0,75.0,0,1,0,286.3642505712926
Murshidabad,2023-10-21 02:15:00,hum,73.0,69.0,0,1,0,286.3642505712926
Murshidabad,2023-10-22 02:15:00,hum,79.0,73.0,0,1,0,286.3642505712926
Murshidabad,2023-10-23 02:15:00,hum,76.0,79.0,0,1,0,286.3642505712926
Murshidabad,2023-10-24 02:15:00,hum,90.0,76.0,0,1,0,286.3642505712926
Murshidabad,2023-10-25 02:15:00,hum,86.0,90.0,0,1,0,286.3642505712926
Murshidabad,2023-10-26 02:00:00,hum,70.0,86.0,0,1,0,286.3642505712926
Murshidabad,2023-10-27 02:15:00,hum,65.0,70.0,0,1,0,286.3642505712926
Murshidabad,2023-10-28 02:00:00,hum,58.0,65.0,0,1,0,286.3642505712926
Murshidabad,2023-10-29 02:45:00,hum,60.0,58.0,0,1,0,286.3642505712926
Murshidabad,2023-10-30 02:00:00,hum,67.0,60.0,0,1,0,286.3642505712926
Muzaffarnagar,2023-10-15 02:30:00,hum,53.0,51.0,0,1,0,323.0666780452576
Muzaffarnagar,2023-10-16 02:30:00,hum,53.0,53.0,0,1,0,323.0666780452576
Muzaffarnagar,2023-10-17 02:30:00,hum,87.0,53.0,0,1,0,323.0666780452576
Muzaffarnagar,2023-10-18 02:30:00,hum,61.0,87.0,0,1,0,323.0666780452576
Muzaffarnagar,2023-10-19 02:30:00,hum,52.0,61.0,0,1,0,323.0666780452576
Muzaffarnagar,2023-10-20 02:30:00,hum,51.0,52.0,0,1,0,323.0666780452576
Muzaffarnagar,2023-10-21 02:15:00,hum,53.0,51.0,0,1,0,323.0666780452576
Muzaffarnagar,2023-10-22 02:30:00,hum,53.0,53.0,0,1,0,323.0666780452576
Muzaffarnagar,2023-10-23 02:15:00,hum,52.0,53.0,0,1,0,323.0666780452576
Muzaffarnagar,2023-10-24 02:15:00,hum,48.0,52.0,0,1,0,323.0666780452576
Muzaffarnagar,2023-10-25 02:30:00,hum,50.0,48.0,0,1,0,323.0666780452576
Muzaffarnagar,2023-10-26 02:00:00,hum,40.0,50.0,0,1,0,323.0666780452576
Muzaffarnagar,2023-10-27 02:30:00,hum,43.0,40.0,0,1,0,323.0666780452576
Muzaffarnagar,2023-10-28 02:00:00,hum,47.0,43.0,0,1,0,323.0666780452576
Muzaffarnagar,2023-10-29 02:45:00,hum,43.0,47.0,0,1,0,323.0666780452576
Muzaffarnagar,2023-10-30 02:00:00,hum,51.0,43.0,0,1,0,323.0666780452576
Muzaffarpur,2023-10-15 02:30:00,hum,66.0,58.85248198320362,2,1,2,298.97549534202295
Muzaffarpur,2023-10-16 02:30:00,hum,74.0,73.0075234327373,2,1,2,298.97549534202295
Muzaffarpur,2023-10-17 02:15:00,hum,81.0,76.43907065800958,2,1,2,298.97549534202295
Muzaffarpur,2023-10-18 02:30:00,hum,77.0,76.43788200107086,2,1,2,298.97549534202295
Muzaffarpur,2023-10-19 02:15:00,hum,67.0,70.4631305421498,2,1,2,298.97549534202295
Muzaffarpur,2023-10-20 02:30:00,hum,60.0,66.02192666224812,2,1,2,298.97549534202295
Muzaffarpur,2023-10-21 02:15:00,hum,62.0,65.24748742726095,2,1,2,298.97549534202295
Muzaffarpur,2023-10-22 02:15:00,hum,58.0,67.13200854380325,2,1,2,298.97549534202295
Muzaffarpur,2023-10-23 02:15:00,hum,60.0,53.63136754795923,2,1,2,298.97549534202295
Muzaffarpur,2023-10-24 02:15:00,hum,68.0,55.926567707900524,2,1,2,298.97549534202295
Muzaffarpur,2023-10-25 02:15:00,hum,65.0,71.2295544142989,2,1,2,298.97549534202295
Muzaffarpur,2023-10-26 02:00:00,hum,65.0,64.4171909943689,2,1,2,298.97549534202295
Muzaffarpur,2023-10-27 02:15:00,hum,65.0,64.50278078886103,2,1,2,298.97549534202295
Muzaffarpur,2023-10-28 02:00:00,hum,54.0,65.14747654782438,2,1,2,298.97549534202295
Muzaffarpur,2023-10-29 02:30:00,hum,61.0,52.935174258753264,2,1,2,298.97549534202295
Muzaffarpur,2023-10-30 01:45:00,hum,59.0,64.07772596590974,2,1,2,298.97549534202295
Mysore,2023-10-15 02:30:00,hum,83.0,74.0,0,1,0,232.28297979054972
Mysore,2023-10-16 02:30:00,hum,78.0,83.0,0,1,0,232.28297979054972
Mysore,2023-10-17 02:30:00,hum,93.0,78.0,0,1,0,232.28297979054972
Mysore,2023-10-18 02:30:00,hum,87.0,93.0,0,1,0,232.28297979054972
Mysore,2023-10-19 02:15:00,hum,72.0,87.0,0,1,0,232.28297979054972
Mysore,2023-10-20 02:30:00,hum,72.0,72.0,0,1,0,232.28297979054972
Mysore,2023-10-21 02:15:00,hum,69.0,72.0,0,1,0,232.28297979054972
Mysore,2023-10-22 02:15:00,hum,70.0,69.0,0,1,0,232.28297979054972
Mysore,2023-10-23 02:15:00,hum,71.0,70.0,0,1,0,232.28297979054972
Mysore,2023-10-24 02:15:00,hum,60.0,71.0,0,1,0,232.28297979054972
Mysore,2023-10-25 02:15:00,hum,55.0,60.0,0,1,0,232.28297979054972
Mysore,2023-10-26 02:00:00,hum,54.0,55.0,0,1,0,232.28297979054972
Mysore,2023-10-27 02:15:00,hum,59.0,54.0,0,1,0,232.28297979054972
Mysore,2023-10-28 02:00:00,hum,75.0,59.0,0,1,0,232.28297979054972
Mysore,2023-10-29 02:45:00,hum,83.0,75.0,0,1,0,232.28297979054972
Mysore,2023-10-30 02:00:00,hum,89.0,83.0,0,1,0,232.28297979054972
Nadia,2023-10-15 02:30:00,hum,69.0,56.520418634550964,2,1,2,272.93481778408517
Nadia,2023-10-16 02:30:00,hum,66.0,66.47891005940205,2,1,2,272.93481778408517
Nadia,2023-10-17 02:30:00,hum,70.0,68.01329842136838,2,1,2,272.93481778408517
Nadia,2023-10-18 02:30:00,hum,69.0,67.96226113926444,2,1,2,272.93481778408517
Nadia,2023-10-19 02:15:00,hum,76.0,70.54100596138203,2,1,2,272.93481778408517
Nadia,2023-10-20 02:30:00,hum,71.0,73.88544477859664,2,1,2,272.93481778408517
Nadia,2023-10-21 02:15:00,hum,74.0,73.7926133860309,2,1,2,272.93481778408517
Nadia,2023-10-22 02:15:00,hum,71.0,71.58520861744543,2,1,2,272.93481778408517
Nadia,2023-10-23 02:15:00,hum,72.0,73.32612906028486,2,1,2,272.93481778408517
Nadia,2023-10-24 02:15:00,hum,89.0,70.19157698765929,2,1,2,272.93481778408517
Nadia,2023-10-25 02:15:00,hum,86.0,86.05466890494009,2,1,2,272.93481778408517
Nadia,2023-10-26 02:00:00,hum,70.0,89.04976681298734,2,1,2,272.93481778408517
Nadia,2023-10-27 02:15:00,hum,69.0,72.86602637495373,2,1,2,272.93481778408517
Nadia,2023-10-28 02:00:00,hum,58.0,69.46290520096834,2,1,2,272.93481778408517
Nadia,2023-10-29 02:45:00,hum,61.0,60.58996619536277,2,1,2,272.93481778408517
Nadia,2023-10-30 02:00:00,hum,68.0,60.48260297974491,2,1,2,272.93481778408517
Nagaon,2023-10-15 02:30:00,hum,83.0,78.12780959906014,1,1,2,179.0504981562242
Nagaon,2023-10-16 02:30:00,hum,91.0,77.97956388808521,1,1,2,179.0504981562242
Nagaon,2023-10-17 02:15:00,hum,87.0,89.56518546026335,1,1,2,179.0504981562242
Nagaon,2023-10-18 02:30:00,hum,94.0,86.89914394436062,1,1,2,179.0504981562242
Nagaon,2023-10-19 02:15:00,hum,73.0,93.1873105642141,1,1,2,179.0504981562242
Nagaon,2023-10-20 02:30:00,hum,69.0,84.63242495310061,1,1,2,179.0504981562242
Nagaon,2023-10-21 02:15:00,hum,72.0,59.54362939816244,1,1,2,179.0504981562242
Nagaon,2023-10-22 02:15:00,hum,72.0,73.29931731670486,1,1,2,179.0504981562242
Nagaon,2023-10-23 02:15:00,hum,85.0,72.68185738259473,1,1,2,179.0504981562242
Nagaon,2023-10-24 02:15:00,hum,74.0,84.077084897795,1,1,2,179.0504981562242
Nagaon,2023-10-25 02:15:00,hum,78.0,74.65198606455577,1,1,2,179.0504981562242
Nagaon,2023-10-26 02:00:00,hum,74.0,79.34210121017959,1,1,2,179.0504981562242
Nagaon,2023-10-27 02:15:00,hum,48.0,72.96033339300247,1,1,2,179.0504981562242
Nagaon,2023-10-28 02:00:00,hum,50.0,54.8176551743626,1,1,2,179.0504981562242
Nagaon,2023-10-29 02:30:00,hum,56.0,55.95616107618065,1,1,2,179.0504981562242
Nagaon,2023-10-30 01:45:00,hum,61.0,53.32189706957379,1,1,2,179.0504981562242
Nagapattinam,2023-10-15 02:30:00,hum,82.0,81.41079419841681,0,0,2,240.45260514096637
Nagapattinam,2023-10-16 02:30:00,hum,81.0,79.78237764385158,0,0,2,240.45260514096637
Nagapattinam,2023-10-17 02:30:00,hum,81.0,82.84205711566955,0,0,2,240.45260514096637
Nagapattinam,2023-10-18 02:30:00,hum,79.0,81.89835554074227,0,0,2,240.45260514096637
Nagapattinam,2023-10-19 02:30:00,hum,79.0,79.31116830243528,0,0,2,240.45260514096637
Nagapattinam,2023-10-20 02:30:00,hum,81.0,79.73026067875425,0,0,2,240.45260514096637
Nagapattinam,2023-10-21 02:15:00,hum,78.0,82.1148060523292,0,0,2,240.45260514096637
Nagapattinam,2023-10-22 02:30:00,hum,89.0,80.62084031012905,0,0,2,240.45260514096637
Nagapattinam,2023-10-23 02:15:00,hum,83.0,82.24127012813801,0,0,2,240.45260514096637
Nagapattinam,2023-10-24 02:15:00,hum,84.0,87.3915095183128,0,0,2,240.45260514096637
Nagapattinam,2023-10-25 02:30:00,hum,80.0,80.93605460997604,0,0,2,240.45260514096637
Nagapattinam,2023-10-26 02:00:00,hum,77.0,79.73482868145041,0,0,2,240.45260514096637
Nagapattinam,2023-10-27 02:30:00,hum,78.0,80.21333378346039,0,0,2,240.45260514096637
Nagapattinam,2023-10-28 02:00:00,hum,85.0,79.29851613892747,0,0,2,240.45260514096637
Nagapattinam,2023-10-29 02:45:00,hum,76.0,82.32863356582452,0,0,2,240.45260514096637
Nagapattinam,2023-10-30 02:00:00,hum,84.0,83.1771401024505,0,0,2,240.45260514096637
Nagar,2023-10-15 02:30:00,hum,62.0,60.10381423027852,0,1,1,428.93575458389785
Nagar,2023-10-16 02:30:00,hum,64.0,61.19465354661236,0,1,1,428.93575458389785
Nagar,2023-10-17 02:30:00,hum,74.0,62.78124302235435,0,1,1,428.93575458389785
Nagar,2023-10-18 02:30:00,hum,85.0,69.19959896832239,0,1,1,428.93575458389785
Nagar,2023-10-19 02:15:00,hum,82.0,79.38583696787143,0,1,1,428.93575458389785
Nagar,2023-10-19 02:30:00,hum,82.0,81.15999200968643,0,1,1,428.93575458389785
Nagar,2023-10-20 02:30:00,hum,73.0,81.70747313298124,0,1,1,428.93575458389785
Nagar,2023-10-21 02:15:00,hum,61.0,76.17036340090324,0,1,1,428.93575458389785
Nagar,2023-10-22 02:15:00,hum,65.0,65.96657065121306,0,1,1,428.93575458389785
Nagar,2023-10-22 02:30:00,hum,65.0,65.29033661828478,0,1,1,428.93575458389785
Nagar,2023-10-23 02:15:00,hum,60.0,65.09413183531973,0,1,1,428.93575458389785
Nagar,2023-10-24 02:15:00,hum,67.0,61.64958062878897,0,1,1,428.93575458389785
Nagar,2023-10-25 02:15:00,hum,60.0,65.23608600365831,0,1,1,428.93575458389785
Nagar,2023-10-25 02:30:00,hum,60.0,61.761429231562516,0,1,1,428.93575458389785
Nagar,2023-10-26 02:00:00,hum,63.0,60.58848542493844,0,1,1,428.93575458389785
Nagar,2023-10-27 02:15:00,hum,65.0,62.18810398780988,0,1,1,428.93575458389785
Nagar,2023-10-27 02:30:00,hum,65.0,64.05384135442999,0,1,1,428.93575458389785
Nagar,2023-10-28 02:00:00,hum,52.0,64.68302066837242,0,1,1,428.93575458389785
Nagar,2023-10-29 02:30:00,hum,64.0,56.34094808324051,0,1,1,428.93575458389785
Nagar,2023-10-29 02:45:00,hum,64.0,61.299394731293305,0,1,1,428.93575458389785
Nagar,2023-10-30 01:45:00,hum,61.0,63.020281772211625,0,1,1,428.93575458389785
Nagar,2023-10-30 02:00:00,hum,62.0,61.73586812901729,0,1,1,428.93575458389785
Nagaur,2023-10-15 02:30:00,hum,49.0,36.0,0,1,0,329.93189366408586
Nagaur,2023-10-16 02:30:00,hum,46.0,49.0,0,1,0,329.93189366408586
Nagaur,2023-10-17 02:30:00,hum,58.0,46.0,0,1,0,329.93189366408586
Nagaur,2023-10-18 02:30:00,hum,60.0,58.0,0,1,0,329.93189366408586
Nagaur,2023-10-19 02:30:00,hum,52.0,60.0,0,1,0,329.93189366408586
Nagaur,2023-10-20 02:30:00,hum,41.0,52.0,0,1,0,329.93189366408586
Nagaur,2023-10-21 02:15:00,hum,37.0,41.0,0,1,0,329.93189366408586
Nagaur,2023-10-22 02:30:00,hum,36.0,37.0,0,1,0,329.93189366408586
Nagaur,2023-10-23 02:15:00,hum,39.0,36.0,0,1,0,329.93189366408586
Nagaur,2023-10-24 02:15:00,hum,33.0,39.0,0,1,0,329.93189366408586
Nagaur,2023-10-25 02:30:00,hum,36.0,33.0,0,1,0,329.93189366408586
Nagaur,2023-10-26 02:00:00,hum,34.0,36.0,0,1,0,329.93189366408586
Nagaur,2023-10-27 02:15:00,hum,29.0,34.0,0,1,0,329.93189366408586
Nagaur,2023-10-28 02:00:00,hum,24.0,28.999999999999996,0,1,0,329.93189366408586
Nagaur,2023-10-29 02:45:00,hum,30.0,24.0,0,1,0,329.93189366408586
Nagaur,2023-10-30 02:00:00,hum,30.0,30.0,0,1,0,329.93189366408586
Nagpur,2023-10-15 02:30:00,hum,89.0,82.6018750657786,0,1,1,273.92882747736957
Nagpur,2023-10-16 02:30:00,hum,83.0,85.34807144337795,0,1,1,273.92882747736957
Nagpur,2023-10-17 02:30:00,hum,89.0,84.36461735517945,0,1,1,273.92882747736957
Nagpur,2023-10-18 02:30:00,hum,79.0,86.28267543015478,0,1,1,273.92882747736957
Nagpur,2023-10-19 02:30:00,hum,84.0,83.34910831458131,0,1,1,273.92882747736957
Nagpur,2023-10-20 02:30:00,hum,79.0,83.61075841717724,0,1,1,273.92882747736957
Nagpur,2023-10-21 02:15:00,hum,83.0,81.7630353366858,0,1,1,273.92882747736957
Nagpur,2023-10-22 02:30:00,hum,83.0,82.26613637236487,0,1,1,273.92882747736957
Nagpur,2023-10-23 02:15:00,hum,78.0,82.55714021618407,0,1,1,273.92882747736957
Nagpur,2023-10-24 02:15:00,hum,78.0,80.75226888294657,0,1,1,273.92882747736957
Nagpur,2023-10-25 02:15:00,hum,78.0,79.62545031622105,0,1,1,273.92882747736957
Nagpur,2023-10-26 02:00:00,hum,83.0,78.95010693265804,0,1,1,273.92882747736957
Nagpur,2023-10-27 02:15:00,hum,83.0,80.58710600557562,0,1,1,273.92882747736957
Nagpur,2023-10-28 02:00:00,hum,78.0,81.54737846295134,0,1,1,273.92882747736957
Nagpur,2023-10-29 02:45:00,hum,83.0,80.14551388124106,0,1,1,273.92882747736957
Nagpur,2023-10-30 02:00:00,hum,78.0,81.2616278040242,0,1,1,273.92882747736957
Nalbari,2023-10-15 02:30:00,hum,90.0,93.2698636430742,2,1,0,222.90468926720786
Nalbari,2023-10-16 02:30:00,hum,93.0,90.80532589625383,2,1,0,222.90468926720786
Nalbari,2023-10-17 02:15:00,hum,91.0,92.57201795628991,2,1,0,222.90468926720786
Nalbari,2023-10-18 02:30:00,hum,93.0,90.63815236468629,2,1,0,222.90468926720786
Nalbari,2023-10-19 02:15:00,hum,95.0,92.92493963793625,2,1,0,222.90468926720786
Nalbari,2023-10-20 02:30:00,hum,91.0,93.3672841690387,2,1,0,222.90468926720786
Nalbari,2023-10-21 02:15:00,hum,93.0,91.91866088831613,2,1,0,222.90468926720786
Nalbari,2023-10-22 02:15:00,hum,91.0,93.74502027023904,2,1,0,222.90468926720786
Nalbari,2023-10-23 02:15:00,hum,91.0,91.11583060892777,2,1,0,222.90468926720786
Nalbari,2023-10-24 02:15:00,hum,90.0,91.77786737556607,2,1,0,222.90468926720786
Nalbari,2023-10-25 02:15:00,hum,93.0,90.44382204962474,2,1,0,222.90468926720786
Nalbari,2023-10-26 02:00:00,hum,94.0,92.03598698700065,2,1,0,222.90468926720786
Nalbari,2023-10-27 02:15:00,hum,94.0,92.4102328455922,2,1,0,222.90468926720786
Nalbari,2023-10-28 02:00:00,hum,94.0,93.62654357159327,2,1,0,222.90468926720786
Nalbari,2023-10-29 02:30:00,hum,94.0,94.0,2,1,0,222.90468926720786
Nalbari,2023-10-30 01:45:00,hum,94.0,94.0,2,1,0,222.90468926720786
Nalgonda,2023-10-15 02:30:00,hum,74.0,77.79001849414333,1,1,1,286.56968623001137
Nalgonda,2023-10-16 02:30:00,hum,73.0,75.85313898184329,1,1,1,286.56968623001137
Nalgonda,2023-10-17 02:30:00,hum,84.0,74.7752272391103,1,1,1,286.56968623001137
Nalgonda,2023-10-18 02:30:00,hum,80.0,82.61567411285009,1,1,1,286.56968623001137
Nalgonda,2023-10-19 02:30:00,hum,74.0,79.9902635368194,1,1,1,286.56968623001137
Nalgonda,2023-10-20 02:30:00,hum,87.0,75.83276313203488,1,1,1,286.56968623001137
Nalgonda,2023-10-21 02:30:00,hum,75.0,84.19876851351896,1,1,1,286.56968623001137
Nalgonda,2023-10-22 02:30:00,hum,73.0,76.77343051548858,1,1,1,286.56968623001137
Nalgonda,2023-10-23 02:15:00,hum,58.0,75.46701484603429,1,1,1,286.56968623001137
Nalgonda,2023-10-24 02:15:00,hum,68.0,66.123550452138,1,1,1,286.56968623001137
Nalgonda,2023-10-25 02:30:00,hum,63.0,71.27020396765629,1,1,1,286.56968623001137
Nalgonda,2023-10-26 02:00:00,hum,64.0,67.5550487829854,1,1,1,286.56968623001137
Nalgonda,2023-10-27 02:30:00,hum,53.0,67.31597889655102,1,1,1,286.56968623001137
Nalgonda,2023-10-28 02:00:00,hum,51.0,57.54329367700645,1,1,1,286.56968623001137
Nalgonda,2023-10-29 02:45:00,hum,84.0,53.467795898311174,1,1,1,286.56968623001137
Nalgonda,2023-10-30 02:00:00,hum,89.0,77.03507060436655,1,1,1,286.56968623001137
Namakkal,2023-10-15 02:30:00,hum,96.0,89.62570382071738,2,1,2,265.49672108704834
Namakkal,2023-10-16 02:30:00,hum,83.0,92.1932643993248,2,1,2,265.49672108704834
Namakkal,2023-10-17 02:30:00,hum,86.0,82.59482299457115,2,1,2,265.49672108704834
Namakkal,2023-10-18 02:30:00,hum,90.0,89.814559062969,2,1,2,265.49672108704834
Namakkal,2023-10-19 02:30:00,hum,84.0,87.48953476285001,2,1,2,265.49672108704834
Namakkal,2023-10-20 02:30:00,hum,87.0,85.7166556466127,2,1,2,265.49672108704834
Namakkal,2023-10-21 02:15:00,hum,86.0,88.15751907308035,2,1,2,265.49672108704834
Namakkal,2023-10-22 02:30:00,hum,82.0,85.80181318596061,2,1,2,265.49672108704834
Namakkal,2023-10-23 02:15:00,hum,85.0,84.04766120186365,2,1,2,265.49672108704834
Namakkal,2023-10-24 02:15:00,hum,81.0,87.16460323111556,2,1,2,265.49672108704834
Namakkal,2023-10-25 02:30:00,hum,85.0,81.09927208096454,2,1,2,265.49672108704834
Namakkal,2023-10-26 02:00:00,hum,87.0,89.08004367348066,2,1,2,265.49672108704834
Namakkal,2023-10-27 02:30:00,hum,89.0,84.63295904444377,2,1,2,265.49672108704834
Namakkal,2023-10-28 02:00:00,hum,87.0,91.26468176885083,2,1,2,265.49672108704834
Namakkal,2023-10-29 02:45:00,hum,89.0,84.17761747261628,2,1,2,265.49672108704834
Namakkal,2023-10-30 02:00:00,hum,92.0,91.5817064311778,2,1,2,265.49672108704834
Nanded,2023-10-15 02:30:00,hum,67.0,65.66659315596942,1,1,0,254.69908128194538
Nanded,2023-10-16 02:30:00,hum,62.0,65.73284584127379,1,1,0,254.69908128194538
Nanded,2023-10-17 02:30:00,hum,65.0,64.16984027024053,1,1,0,254.69908128194538
Nanded,2023-10-18 02:30:00,hum,66.0,63.68502177903359,1,1,0,254.69908128194538
Nanded,2023-10-19 02:30:00,hum,71.0,65.56846800326207,1,1,0,254.69908128194538
Nanded,2023-10-20 02:30:00,hum,77.0,68.8700843846929,1,1,0,254.69908128194538
Nanded,2023-10-21 02:15:00,hum,75.0,74.68396466339887,1,1,0,254.69908128194538
Nanded,2023-10-22 02:30:00,hum,61.0,75.76873756390174,1,1,0,254.69908128194538
Nanded,2023-10-23 02:15:00,hum,64.0,65.972951447878,1,1,0,254.69908128194538
Nanded,2023-10-24 02:15:00,hum,66.0,62.9995235812329,1,1,0,254.69908128194538
Nanded,2023-10-25 02:15:00,hum,62.0,65.34701234629763,1,1,0,254.69908128194538
Nanded,2023-10-26 02:00:00,hum,56.0,63.32713522251097,1,1,0,254.69908128194538
Nanded,2023-10-27 02:15:00,hum,59.0,57.8537094589034,1,1,0,254.69908128194538
Nanded,2023-10-28 02:00:00,hum,56.0,58.05734988452056,1,1,0,254.69908128194538
Nanded,2023-10-29 02:45:00,hum,52.0,56.95671470391613,1,1,0,254.69908128194538
Nanded,2023-10-30 02:00:00,hum,58.0,53.23137305280567,1,1,0,254.69908128194538
Nandi Hills,2023-10-15 02:30:00,hum,94.0,87.57487405127284,0,1,1,272.0421100721921
Nandi Hills,2023-10-16 02:30:00,hum,88.0,88.8087365173152,0,1,1,272.0421100721921
Nandi Hills,2023-10-17 02:15:00,hum,88.0,88.63158661696235,0,1,1,272.0421100721921
Nandi Hills,2023-10-18 02:30:00,hum,88.0,88.50480492020533,0,1,1,272.0421100721921
Nandi Hills,2023-10-19 02:15:00,hum,78.0,88.40809413617377,0,1,1,272.0421100721921
Nandi Hills,2023-10-20 02:30:00,hum,83.0,86.59564505603693,0,1,1,272.0421100721921
Nandi Hills,2023-10-21 02:15:00,hum,88.0,85.77787114712959,0,1,1,272.0421100721921
Nandi Hills,2023-10-22 02:15:00,hum,78.0,86.29425118676865,0,1,1,272.0421100721921
Nandi Hills,2023-10-23 02:15:00,hum,78.0,84.42626783191945,0,1,1,272.0421100721921
Nandi Hills,2023-10-24 02:15:00,hum,68.0,82.40137406785402,0,1,1,272.0421100721921
Nandi Hills,2023-10-25 02:15:00,hum,60.0,76.49384416264336,0,1,1,272.0421100721921
Nandi Hills,2023-10-26 02:00:00,hum,68.0,66.99262011124888,0,1,1,272.0421100721921
Nandi Hills,2023-10-27 02:15:00,hum,78.0,67.59295328535256,0,1,1,272.0421100721921
Nandi Hills,2023-10-28 02:00:00,hum,88.0,72.50176706823846,0,1,1,272.0421100721921
Nandi Hills,2023-10-29 02:30:00,hum,94.0,79.68220485904041,0,1,1,272.0421100721921
Nandi Hills,2023-10-30 01:45:00,hum,88.0,90.31294621464242,0,1,1,272.0421100721921
Nandurbar,2023-10-15 02:30:00,hum,48.0,47.487275534914595,0,1,1,275.84640361169164
Nandurbar,2023-10-16 02:30:00,hum,61.0,48.12835945954697,0,1,1,275.84640361169164
Nandurbar,2023-10-17 02:30:00,hum,54.0,64.49603865734747,0,1,1,275.84640361169164
Nandurbar,2023-10-18 02:30:00,hum,57.0,52.589103375587655,0,1,1,275.84640361169164
Nandurbar,2023-10-19 02:30:00,hum,56.0,57.47492584621431,0,1,1,275.84640361169164
Nandurbar,2023-10-20 02:30:00,hum,48.0,55.83723659205439,0,1,1,275.84640361169164
Nandurbar,2023-10-21 02:15:00,hum,49.0,47.0200125654635,0,1,1,275.84640361169164
Nandurbar,2023-10-22 02:30:00,hum,44.0,49.215243931737085,0,1,1,275.84640361169164
Nandurbar,2023-10-23 02:15:00,hum,44.0,43.46533933921675,0,1,1,275.84640361169164
Nandurbar,2023-10-24 02:15:00,hum,42.0,44.05284812842034,0,1,1,275.84640361169164
Nandurbar,2023-10-25 02:15:00,hum,42.0,41.79601173282439,0,1,1,275.84640361169164
Nandurbar,2023-10-26 02:00:00,hum,36.0,42.02017149253427,0,1,1,275.84640361169164
Nandurbar,2023-10-27 02:15:00,hum,38.0,35.413728906521904,0,1,1,275.84640361169164
Nandurbar,2023-10-28 02:00:00,hum,36.0,38.218477660817804,0,1,1,275.84640361169164
Nandurbar,2023-10-29 02:45:00,hum,36.0,35.81893277966993,0,1,1,275.84640361169164
Nandurbar,2023-10-30 02:00:00,hum,36.0,36.01476638529875,0,1,1,275.84640361169164
Narayanpet,2023-10-15 02:30:00,hum,59.0,65.0,0,1,0,302.67719209697924
Narayanpet,2023-10-16 02:30:00,hum,61.0,58.99999999999999,0,1,0,302.67719209697924
Narayanpet,2023-10-17 02:30:00,hum,64.0,61.0,0,1,0,302.67719209697924
Narayanpet,2023-10-18 02:30:00,hum,69.0,64.0,0,1,0,302.67719209697924
Narayanpet,2023-10-19 02:30:00,hum,65.0,69.0,0,1,0,302.67719209697924
Narayanpet,2023-10-20 02:30:00,hum,69.0,65.0,0,1,0,302.67719209697924
Narayanpet,2023-10-21 02:30:00,hum,67.0,69.0,0,1,0,302.67719209697924
Narayanpet,2023-10-22 02:30:00,hum,61.0,67.0,0,1,0,302.67719209697924
Narayanpet,2023-10-23 02:15:00,hum,50.0,61.0,0,1,0,302.67719209697924
Narayanpet,2023-10-24 02:15:00,hum,61.0,50.0,0,1,0,302.67719209697924
Narayanpet,2023-10-25 02:30:00,hum,52.0,61.0,0,1,0,302.67719209697924
Narayanpet,2023-10-26 02:00:00,hum,53.0,52.0,0,1,0,302.67719209697924
Narayanpet,2023-10-27 02:30:00,hum,51.0,53.0,0,1,0,302.67719209697924
Narayanpet,2023-10-28 02:00:00,hum,51.0,51.0,0,1,0,302.67719209697924
Narayanpet,2023-10-29 02:45:00,hum,58.0,51.0,0,1,0,302.67719209697924
Narayanpet,2023-10-30 02:00:00,hum,81.0,58.0,0,1,0,302.67719209697924
Narayanpur,2023-10-15 02:30:00,hum,38.0,40.0,0,1,0,301.63484216779045
Narayanpur,2023-10-16 02:30:00,hum,44.0,38.0,0,1,0,301.63484216779045
Narayanpur,2023-10-17 02:30:00,hum,77.0,44.0,0,1,0,301.63484216779045
Narayanpur,2023-10-18 02:30:00,hum,64.0,77.0,0,1,0,301.63484216779045
Narayanpur,2023-10-19 02:15:00,hum,44.0,64.0,0,1,0,301.63484216779045
Narayanpur,2023-10-20 02:30:00,hum,44.0,44.0,0,1,0,301.63484216779045
Narayanpur,2023-10-21 02:15:00,hum,44.0,44.0,0,1,0,301.63484216779045
Narayanpur,2023-10-22 02:15:00,hum,43.0,44.0,0,1,0,301.63484216779045
Narayanpur,2023-10-23 02:15:00,hum,44.0,43.0,0,1,0,301.63484216779045
Narayanpur,2023-10-24 02:15:00,hum,38.0,44.0,0,1,0,301.63484216779045
Narayanpur,2023-10-25 02:15:00,hum,42.0,38.0,0,1,0,301.63484216779045
Narayanpur,2023-10-26 02:00:00,hum,36.0,42.0,0,1,0,301.63484216779045
Narayanpur,2023-10-27 02:15:00,hum,34.0,36.0,0,1,0,301.63484216779045
Narayanpur,2023-10-28 02:00:00,hum,34.0,34.0,0,1,0,301.63484216779045
Narayanpur,2023-10-29 02:30:00,hum,39.0,34.0,0,1,0,301.63484216779045
Narayanpur,2023-10-30 01:45:00,hum,38.0,39.0,0,1,0,301.63484216779045
Narsimhapur,2023-10-16 02:30:00,hum,59.0,57.56966851032195,0,1,1,299.30321370845985
Narsimhapur,2023-10-17 02:15:00,hum,74.0,58.65749570247177,0,1,1,299.30321370845985
Narsimhapur,2023-10-18 02:15:00,hum,65.0,70.52138576036695,0,1,1,299.30321370845985
Narsimhapur,2023-10-19 02:15:00,hum,64.0,66.30306905030608,0,1,1,299.30321370845985
Narsimhapur,2023-10-20 02:15:00,hum,51.0,64.60410383034525,0,1,1,299.30321370845985
Narsimhapur,2023-10-21 02:00:00,hum,52.0,54.35203060305631,0,1,1,299.30321370845985
Narsimhapur,2023-10-22 02:15:00,hum,49.0,52.50550220981319,0,1,1,299.30321370845985
Narsimhapur,2023-10-23 02:00:00,hum,60.0,49.78493383416673,0,1,1,299.30321370845985
Narsimhapur,2023-10-24 02:00:00,hum,57.0,57.51257363984824,0,1,1,299.30321370845985
Narsimhapur,2023-10-25 02:15:00,hum,50.0,57.12278084713919,0,1,1,299.30321370845985
Narsimhapur,2023-10-26 02:00:00,hum,47.0,51.79676627934043,0,1,1,299.30321370845985
Narsimhapur,2023-10-27 02:15:00,hum,46.0,48.12867710250267,0,1,1,299.30321370845985
Narsimhapur,2023-10-28 02:00:00,hum,48.0,46.4911053967545,0,1,1,299.30321370845985
Narsimhapur,2023-10-29 02:30:00,hum,48.0,47.64489501501402,0,1,1,299.30321370845985
Narsimhapur,2023-10-30 01:45:00,hum,48.0,47.91598890905564,0,1,1,299.30321370845985
Navsari,2023-10-15 02:30:00,hum,77.0,68.53832983497541,2,1,2,221.604088942277
Navsari,2023-10-16 02:30:00,hum,74.0,70.29945934350893,2,1,2,221.604088942277
Navsari,2023-10-17 02:15:00,hum,71.0,72.78236575891381,2,1,2,221.604088942277
Navsari,2023-10-18 02:15:00,hum,64.0,73.95423185149313,2,1,2,221.604088942277
Navsari,2023-10-19 02:15:00,hum,61.0,66.51948185622858,2,1,2,221.604088942277
Navsari,2023-10-20 02:30:00,hum,53.0,62.24478329813424,2,1,2,221.604088942277
Navsari,2023-10-21 02:15:00,hum,59.0,50.42900602801865,2,1,2,221.604088942277
Navsari,2023-10-22 02:15:00,hum,50.0,59.869241299070744,2,1,2,221.604088942277
Navsari,2023-10-23 02:00:00,hum,54.0,53.33571241443512,2,1,2,221.604088942277
Navsari,2023-10-24 02:15:00,hum,50.0,51.4114018649027,2,1,2,221.604088942277
Navsari,2023-10-25 02:15:00,hum,48.0,52.70758408670885,2,1,2,221.604088942277
Navsari,2023-10-26 02:00:00,hum,44.0,47.01015704756109,2,1,2,221.604088942277
Navsari,2023-10-27 02:15:00,hum,45.0,43.448697595429316,2,1,2,221.604088942277
Navsari,2023-10-28 02:00:00,hum,44.0,42.72891649324744,2,1,2,221.604088942277
Navsari,2023-10-29 02:30:00,hum,44.0,42.60094798396412,2,1,2,221.604088942277
Navsari,2023-10-30 01:45:00,hum,42.0,42.484057110413566,2,1,2,221.604088942277
Nawada,2023-10-15 02:30:00,hum,74.0,85.10057295836945,0,0,2,311.32822469304057
Nawada,2023-10-16 02:30:00,hum,73.0,82.84764587446286,0,0,2,311.32822469304057
Nawada,2023-10-17 02:15:00,hum,82.0,68.19519967276415,0,0,2,311.32822469304057
Nawada,2023-10-18 02:30:00,hum,78.0,87.06431568234898,0,0,2,311.32822469304057
Nawada,2023-10-19 02:15:00,hum,77.0,82.05938957419244,0,0,2,311.32822469304057
Nawada,2023-10-20 02:30:00,hum,72.0,75.08030306730083,0,0,2,311.32822469304057
Nawada,2023-10-21 02:15:00,hum,67.0,77.71322609905486,0,0,2,311.32822469304057
Nawada,2023-10-22 02:15:00,hum,61.0,72.55730287403296,0,0,2,311.32822469304057
Nawada,2023-10-23 02:00:00,hum,65.0,67.47799744046218,0,0,2,311.32822469304057
Nawada,2023-10-24 02:15:00,hum,63.0,73.78556281971075,0,0,2,311.32822469304057
Nawada,2023-10-25 02:15:00,hum,67.0,71.31279141760606,0,0,2,311.32822469304057
Nawada,2023-10-26 02:00:00,hum,61.0,71.90620467650079,0,0,2,311.32822469304057
Nawada,2023-10-27 02:15:00,hum,65.0,69.6515086867764,0,0,2,311.32822469304057
Nawada,2023-10-28 02:00:00,hum,61.0,70.68593670510784,0,0,2,311.32822469304057
Nawada,2023-10-29 02:30:00,hum,63.0,69.36807585809566,0,0,2,311.32822469304057
Nawada,2023-10-30 01:45:00,hum,62.0,68.98207613141658,0,0,2,311.32822469304057
Nayagarh,2023-10-15 02:30:00,hum,83.0,82.0,0,1,0,272.94458713781734
Nayagarh,2023-10-16 02:30:00,hum,76.0,83.0,0,1,0,272.94458713781734
Nayagarh,2023-10-17 02:30:00,hum,78.0,76.0,0,1,0,272.94458713781734
Nayagarh,2023-10-18 02:30:00,hum,76.0,78.0,0,1,0,272.94458713781734
Nayagarh,2023-10-19 02:30:00,hum,86.0,76.0,0,1,0,272.94458713781734
Nayagarh,2023-10-20 02:30:00,hum,86.0,86.0,0,1,0,272.94458713781734
Nayagarh,2023-10-21 02:15:00,hum,76.0,86.0,0,1,0,272.94458713781734
Nayagarh,2023-10-22 02:30:00,hum,73.0,76.0,0,1,0,272.94458713781734
Nayagarh,2023-10-23 02:15:00,hum,77.0,73.0,0,1,0,272.94458713781734
Nayagarh,2023-10-24 02:15:00,hum,74.0,77.0,0,1,0,272.94458713781734
Nayagarh,2023-10-25 02:15:00,hum,85.0,74.0,0,1,0,272.94458713781734
Nayagarh,2023-10-26 02:00:00,hum,76.0,85.0,0,1,0,272.94458713781734
Nayagarh,2023-10-27 02:15:00,hum,72.0,76.0,0,1,0,272.94458713781734
Nayagarh,2023-10-28 02:00:00,hum,63.0,72.0,0,1,0,272.94458713781734
Nayagarh,2023-10-29 02:45:00,hum,67.0,63.00000000000001,0,1,0,272.94458713781734
Nayagarh,2023-10-30 02:00:00,hum,69.0,67.0,0,1,0,272.94458713781734
Neemuch,2023-10-15 02:30:00,hum,52.0,50.09996167769048,1,1,0,297.9735308425348
Neemuch,2023-10-16 02:30:00,hum,63.0,52.221520354378285,1,1,0,297.9735308425348
Neemuch,2023-10-17 02:15:00,hum,58.0,65.49089967677223,1,1,0,297.9735308425348
Neemuch,2023-10-18 02:15:00,hum,62.0,57.052134952915715,1,1,0,297.9735308425348
Neemuch,2023-10-19 02:15:00,hum,58.0,62.71465968007385,1,1,0,297.9735308425348
Neemuch,2023-10-20 02:15:00,hum,48.0,57.318343243515756,1,1,0,297.9735308425348
Neemuch,2023-10-21 02:00:00,hum,50.0,46.13379821451237,1,1,0,297.9735308425348
Neemuch,2023-10-22 02:15:00,hum,34.0,50.34100003236936,1,1,0,297.9735308425348
Neemuch,2023-10-23 02:00:00,hum,46.0,31.495022115920325,1,1,0,297.9735308425348
Neemuch,2023-10-24 02:15:00,hum,44.0,46.82771139892343,1,1,0,297.9735308425348
Neemuch,2023-10-25 02:15:00,hum,37.0,43.88627578958609,1,1,0,297.9735308425348
Neemuch,2023-10-26 02:00:00,hum,33.0,36.56752014644642,1,1,0,297.9735308425348
Neemuch,2023-10-27 02:15:00,hum,28.0,32.717736441871224,1,1,0,297.9735308425348
Neemuch,2023-10-28 02:00:00,hum,39.0,27.614160960609528,1,1,0,297.9735308425348
Neemuch,2023-10-29 02:30:00,hum,37.0,39.63178237344086,1,1,0,297.9735308425348
Neemuch,2023-10-30 01:45:00,hum,42.0,36.90433428452515,1,1,0,297.9735308425348
Nellore,2023-10-15 02:30:00,hum,80.0,76.81473558470313,1,1,1,296.02721637588786
Nellore,2023-10-16 02:30:00,hum,80.0,78.08058581533273,1,1,1,296.02721637588786
Nellore,2023-10-17 02:15:00,hum,76.0,78.56331711041611,1,1,1,296.02721637588786
Nellore,2023-10-18 02:15:00,hum,73.0,76.08164774515767,1,1,1,296.02721637588786
Nellore,2023-10-19 02:15:00,hum,79.0,73.82415619709712,1,1,1,296.02721637588786
Nellore,2023-10-20 02:30:00,hum,81.0,77.82986189786743,1,1,1,296.02721637588786
Nellore,2023-10-21 02:15:00,hum,79.0,79.39315218072694,1,1,1,296.02721637588786
Nellore,2023-10-22 02:15:00,hum,71.0,78.41404543573769,1,1,1,296.02721637588786
Nellore,2023-10-23 02:00:00,hum,68.0,73.17417511250298,1,1,1,296.02721637588786
Nellore,2023-10-24 02:15:00,hum,65.0,70.28698711438916,1,1,1,296.02721637588786
Nellore,2023-10-25 02:15:00,hum,71.0,66.41835975865868,1,1,1,296.02721637588786
Nellore,2023-10-26 02:00:00,hum,77.0,70.6407736821046,1,1,1,296.02721637588786
Nellore,2023-10-27 02:15:00,hum,78.0,75.66348366899089,1,1,1,296.02721637588786
Nellore,2023-10-28 02:00:00,hum,81.0,76.4990540217378,1,1,1,296.02721637588786
Nellore,2023-10-29 02:30:00,hum,79.0,78.76281185481733,1,1,1,296.02721637588786
Nellore,2023-10-30 01:45:00,hum,76.0,77.62611732495444,1,1,1,296.02721637588786
New Delhi,2023-10-15 02:30:00,hum,74.0,66.70955657597192,0,1,1,348.2241219438731
New Delhi,2023-10-16 02:30:00,hum,65.0,69.22236028062022,0,1,1,348.2241219438731
New Delhi,2023-10-17 02:30:00,hum,94.0,67.76722246326395,0,1,1,348.2241219438731
New Delhi,2023-10-18 02:30:00,hum,78.0,76.75933881147895,0,1,1,348.2241219438731
New Delhi,2023-10-19 02:30:00,hum,69.0,77.24329194130975,0,1,1,348.2241219438731
New Delhi,2023-10-20 02:30:00,hum,69.0,74.32116538640642,0,1,1,348.2241219438731
New Delhi,2023-10-21 02:30:00,hum,73.0,72.57235568626707,0,1,1,348.2241219438731
New Delhi,2023-10-22 02:30:00,hum,69.0,72.71246295132438,0,1,1,348.2241219438731
New Delhi,2023-10-23 02:15:00,hum,78.0,71.5008875371828,0,1,1,348.2241219438731
New Delhi,2023-10-24 02:15:00,hum,65.0,73.61101146109735,0,1,1,348.2241219438731
New Delhi,2023-10-25 02:30:00,hum,64.0,70.84642774433814,0,1,1,348.2241219438731
New Delhi,2023-10-26 02:00:00,hum,61.0,68.61157180094678,0,1,1,348.2241219438731
New Delhi,2023-10-27 02:30:00,hum,60.0,66.02079479739047,0,1,1,348.2241219438731
New Delhi,2023-10-28 02:00:00,hum,60.0,63.87752436796711,0,1,1,348.2241219438731
New Delhi,2023-10-29 02:45:00,hum,73.0,62.47000214634892,0,1,1,348.2241219438731
New Delhi,2023-10-30 02:00:00,hum,69.0,66.112346732084,0,1,1,348.2241219438731
Nirmal,2023-10-15 02:30:00,hum,69.0,73.0,0,1,0,247.26957664233004
Nirmal,2023-10-16 02:30:00,hum,69.0,69.0,0,1,0,247.26957664233004
Nirmal,2023-10-17 02:30:00,hum,67.0,69.0,0,1,0,247.26957664233004
Nirmal,2023-10-18 02:30:00,hum,71.0,67.0,0,1,0,247.26957664233004
Nirmal,2023-10-19 02:30:00,hum,75.0,71.0,0,1,0,247.26957664233004
Nirmal,2023-10-20 02:30:00,hum,81.0,75.0,0,1,0,247.26957664233004
Nirmal,2023-10-21 02:30:00,hum,75.0,81.0,0,1,0,247.26957664233004
Nirmal,2023-10-22 02:30:00,hum,64.0,75.0,0,1,0,247.26957664233004
Nirmal,2023-10-23 02:15:00,hum,62.0,64.0,0,1,0,247.26957664233004
Nirmal,2023-10-24 02:15:00,hum,66.0,62.0,0,1,0,247.26957664233004
Nirmal,2023-10-25 02:30:00,hum,59.0,66.0,0,1,0,247.26957664233004
Nirmal,2023-10-26 02:00:00,hum,56.0,59.0,0,1,0,247.26957664233004
Nirmal,2023-10-27 02:30:00,hum,54.0,56.0,0,1,0,247.26957664233004
Nirmal,2023-10-28 02:00:00,hum,58.0,54.0,0,1,0,247.26957664233004
Nirmal,2023-10-29 02:45:00,hum,57.0,58.0,0,1,0,247.26957664233004
Nirmal,2023-10-30 02:00:00,hum,61.0,57.0,0,1,0,247.26957664233004
Niwari,2023-10-15 02:30:00,hum,74.0,67.99585417940202,1,1,1,333.28220217481595
Niwari,2023-10-16 02:30:00,hum,65.0,71.13051062129601,1,1,1,333.28220217481595
Niwari,2023-10-17 02:30:00,hum,94.0,66.68906351107306,1,1,1,333.28220217481595
Niwari,2023-10-18 02:30:00,hum,78.0,81.98672776222553,1,1,1,333.28220217481595
Niwari,2023-10-19 02:30:00,hum,69.0,76.13317187587812,1,1,1,333.28220217481595
Niwari,2023-10-20 02:30:00,hum,69.0,71.76420106660622,1,1,1,333.28220217481595
Niwari,2023-10-21 02:30:00,hum,73.0,71.10612285419504,1,1,1,333.28220217481595
Niwari,2023-10-22 02:30:00,hum,69.0,72.73053230215774,1,1,1,333.28220217481595
Niwari,2023-10-23 02:15:00,hum,78.0,70.7178025699561,1,1,1,333.28220217481595
Niwari,2023-10-24 02:15:00,hum,65.0,74.9686003661736,1,1,1,333.28220217481595
Niwari,2023-10-25 02:30:00,hum,64.0,69.0718292208207,1,1,1,333.28220217481595
Niwari,2023-10-26 02:00:00,hum,61.0,67.62046235924583,1,1,1,333.28220217481595
Niwari,2023-10-27 02:30:00,hum,60.0,65.22977778294256,1,1,1,333.28220217481595
Niwari,2023-10-28 02:00:00,hum,60.0,63.70070968272738,1,1,1,333.28220217481595
Niwari,2023-10-29 02:45:00,hum,73.0,62.80228755592294,1,1,1,333.28220217481595
Niwari,2023-10-30 02:00:00,hum,69.0,69.1577310255139,1,1,1,333.28220217481595
Nizamabad,2023-10-15 02:30:00,hum,68.0,70.0,0,1,0,244.04370498158386
Nizamabad,2023-10-16 02:30:00,hum,68.0,68.0,0,1,0,244.04370498158386
Nizamabad,2023-10-17 02:30:00,hum,70.0,68.0,0,1,0,244.04370498158386
Nizamabad,2023-10-18 02:30:00,hum,71.0,70.0,0,1,0,244.04370498158386
Nizamabad,2023-10-19 02:30:00,hum,73.0,71.0,0,1,0,244.04370498158386
Nizamabad,2023-10-20 02:30:00,hum,79.0,73.0,0,1,0,244.04370498158386
Nizamabad,2023-10-21 02:30:00,hum,78.0,79.0,0,1,0,244.04370498158386
Nizamabad,2023-10-22 02:30:00,hum,66.0,78.0,0,1,0,244.04370498158386
Nizamabad,2023-10-23 02:15:00,hum,65.0,66.0,0,1,0,244.04370498158386
Nizamabad,2023-10-24 02:15:00,hum,73.0,65.0,0,1,0,244.04370498158386
Nizamabad,2023-10-25 02:30:00,hum,66.0,73.0,0,1,0,244.04370498158386
Nizamabad,2023-10-26 02:00:00,hum,61.0,66.0,0,1,0,244.04370498158386
Nizamabad,2023-10-27 02:30:00,hum,58.0,61.00000000000001,0,1,0,244.04370498158386
Nizamabad,2023-10-28 02:00:00,hum,61.0,58.0,0,1,0,244.04370498158386
Nizamabad,2023-10-29 02:45:00,hum,64.0,61.0,0,1,0,244.04370498158386
Nizamabad,2023-10-30 02:00:00,hum,65.0,64.0,0,1,0,244.04370498158386
North Gauhati,2023-10-15 02:30:00,hum,90.0,93.42041275811336,2,1,0,223.45660930979503
North Gauhati,2023-10-16 02:30:00,hum,93.0,94.78130238418177,2,1,0,223.45660930979503
North Gauhati,2023-10-17 02:30:00,hum,91.0,92.69371726106195,2,1,0,223.45660930979503
North Gauhati,2023-10-18 02:30:00,hum,93.0,90.46371318399345,2,1,0,223.45660930979503
North Gauhati,2023-10-19 02:30:00,hum,95.0,93.04233251615273,2,1,0,223.45660930979503
North Gauhati,2023-10-20 02:30:00,hum,91.0,93.26004628911734,2,1,0,223.45660930979503
North Gauhati,2023-10-21 02:30:00,hum,93.0,91.79681266967866,2,1,0,223.45660930979503
North Gauhati,2023-10-22 02:30:00,hum,91.0,93.96650833016827,2,1,0,223.45660930979503
North Gauhati,2023-10-23 02:15:00,hum,91.0,91.00350777282621,2,1,0,223.45660930979503
North Gauhati,2023-10-24 02:15:00,hum,90.0,91.88432868054917,2,1,0,223.45660930979503
North Gauhati,2023-10-25 02:30:00,hum,93.0,90.44160523319522,2,1,0,223.45660930979503
North Gauhati,2023-10-26 02:00:00,hum,94.0,92.09676401597638,2,1,0,223.45660930979503
North Gauhati,2023-10-27 02:30:00,hum,94.0,92.25192455127858,2,1,0,223.45660930979503
North Gauhati,2023-10-28 02:00:00,hum,94.0,93.57348028220535,2,1,0,223.45660930979503
North Gauhati,2023-10-29 02:45:00,hum,94.0,94.0,2,1,0,223.45660930979503
North Gauhati,2023-10-30 02:00:00,hum,94.0,94.0,2,1,0,223.45660930979503
Osmanabad,2023-10-15 02:30:00,hum,52.0,57.2486563815372,1,1,0,287.91593445535875
Osmanabad,2023-10-16 02:30:00,hum,57.0,53.22869054178738,1,1,0,287.91593445535875
Osmanabad,2023-10-17 02:30:00,hum,55.0,55.71868481744785,1,1,0,287.91593445535875
Osmanabad,2023-10-18 02:30:00,hum,66.0,55.51668533935213,1,1,0,287.91593445535875
Osmanabad,2023-10-19 02:30:00,hum,62.0,63.035190410045864,1,1,0,287.91593445535875
Osmanabad,2023-10-20 02:30:00,hum,66.0,63.101852584840636,1,1,0,287.91593445535875
Osmanabad,2023-10-21 02:15:00,hum,71.0,64.8742824393889,1,1,0,287.91593445535875
Osmanabad,2023-10-22 02:30:00,hum,61.0,69.6545491636128,1,1,0,287.91593445535875
Osmanabad,2023-10-23 02:15:00,hum,58.0,63.90483888674404,1,1,0,287.91593445535875
Osmanabad,2023-10-24 02:15:00,hum,56.0,58.78762414927593,1,1,0,287.91593445535875
Osmanabad,2023-10-25 02:15:00,hum,54.0,56.51733364050877,1,1,0,287.91593445535875
Osmanabad,2023-10-26 02:00:00,hum,55.0,54.51273225468295,1,1,0,287.91593445535875
Osmanabad,2023-10-27 02:15:00,hum,55.0,54.743093888967316,1,1,0,287.91593445535875
Osmanabad,2023-10-28 02:00:00,hum,54.0,55.0,1,1,0,287.91593445535875
Osmanabad,2023-10-29 02:45:00,hum,50.0,54.256939925934056,1,1,0,287.91593445535875
Osmanabad,2023-10-30 02:00:00,hum,54.0,51.01989301049264,1,1,0,287.91593445535875
Palakkad,2023-10-15 02:30:00,hum,93.0,89.1999704275469,0,1,1,250.41850214856194
Palakkad,2023-10-16 02:30:00,hum,89.0,89.28260409304275,0,1,1,250.41850214856194
Palakkad,2023-10-17 02:30:00,hum,94.0,89.27657012915274,0,1,1,250.41850214856194
Palakkad,2023-10-18 02:30:00,hum,94.0,89.37499943574667,0,1,1,250.41850214856194
Palakkad,2023-10-19 02:15:00,hum,70.0,89.46936853601734,0,1,1,250.41850214856194
Palakkad,2023-10-20 02:30:00,hum,79.0,89.07943608215804,0,1,1,250.41850214856194
Palakkad,2023-10-21 02:15:00,hum,94.0,88.88210996893923,0,1,1,250.41850214856194
Palakkad,2023-10-22 02:15:00,hum,89.0,88.97979745277435,0,1,1,250.41850214856194
Palakkad,2023-10-23 02:15:00,hum,89.0,88.98106326360151,0,1,1,250.41850214856194
Palakkad,2023-10-24 02:15:00,hum,89.0,88.97937106566879,0,1,1,250.41850214856194
Palakkad,2023-10-25 02:15:00,hum,89.0,88.98175885583903,0,1,1,250.41850214856194
Palakkad,2023-10-26 02:00:00,hum,84.0,88.98175323644207,0,1,1,250.41850214856194
Palakkad,2023-10-27 02:15:00,hum,74.0,88.8945821638814,0,1,1,250.41850214856194
Palakkad,2023-10-28 02:00:00,hum,74.0,87.65831315628817,0,1,1,250.41850214856194
Palakkad,2023-10-29 02:45:00,hum,79.0,84.75964056727607,0,1,1,250.41850214856194
Palakkad,2023-10-30 02:00:00,hum,83.0,82.92825736857293,0,1,1,250.41850214856194
Palghar,2023-10-16 02:30:00,hum,74.0,72.41833148160072,0,1,1,236.27409496278383
Palghar,2023-10-17 02:30:00,hum,71.0,73.36651756990426,0,1,1,236.27409496278383
Palghar,2023-10-18 02:30:00,hum,70.0,71.98938745082025,0,1,1,236.27409496278383
Palghar,2023-10-19 02:30:00,hum,66.0,70.80567588286034,0,1,1,236.27409496278383
Palghar,2023-10-20 02:30:00,hum,61.0,67.82751075301087,0,1,1,236.27409496278383
Palghar,2023-10-21 02:15:00,hum,71.0,63.09916506189164,0,1,1,236.27409496278383
Palghar,2023-10-22 02:30:00,hum,68.0,68.03046458801884,0,1,1,236.27409496278383
Palghar,2023-10-23 02:15:00,hum,64.0,68.01256174695958,0,1,1,236.27409496278383
Palghar,2023-10-24 02:15:00,hum,55.0,65.72117192279346,0,1,1,236.27409496278383
Palghar,2023-10-25 02:15:00,hum,53.0,58.973511359758554,0,1,1,236.27409496278383
Palghar,2023-10-26 02:00:00,hum,53.0,54.389237434468996,0,1,1,236.27409496278383
Palghar,2023-10-27 02:15:00,hum,51.0,53.345026353930635,0,1,1,236.27409496278383
Palghar,2023-10-28 02:00:00,hum,54.0,51.60327361441784,0,1,1,236.27409496278383
Palghar,2023-10-29 02:45:00,hum,48.0,53.36129157818691,0,1,1,236.27409496278383
Palghar,2023-10-30 02:00:00,hum,49.0,49.490168706659944,0,1,1,236.27409496278383
Pali,2023-10-15 02:30:00,hum,57.0,44.0,0,1,0,303.2982069719183
Pali,2023-10-16 02:30:00,hum,52.0,57.0,0,1,0,303.2982069719183
Pali,2023-10-17 02:30:00,hum,57.0,52.0,0,1,0,303.2982069719183
Pali,2023-10-18 02:30:00,hum,57.0,57.0,0,1,0,303.2982069719183
Pali,2023-10-19 02:30:00,hum,39.0,57.0,0,1,0,303.2982069719183
Pali,2023-10-20 02:30:00,hum,34.0,39.0,0,1,0,303.2982069719183
Pali,2023-10-21 02:15:00,hum,30.0,34.0,0,1,0,303.2982069719183
Pali,2023-10-22 02:30:00,hum,32.0,30.0,0,1,0,303.2982069719183
Pali,2023-10-23 02:15:00,hum,36.0,32.0,0,1,0,303.2982069719183
Pali,2023-10-24 02:15:00,hum,31.0,36.0,0,1,0,303.2982069719183
Pali,2023-10-25 02:30:00,hum,30.0,30.999999999999996,0,1,0,303.2982069719183
Pali,2023-10-26 02:00:00,hum,29.0,30.0,0,1,0,303.2982069719183
Pali,2023-10-27 02:15:00,hum,22.0,29.0,0,1,0,303.2982069719183
Pali,2023-10-28 02:00:00,hum,20.0,22.0,0,1,0,303.2982069719183
Pali,2023-10-29 02:45:00,hum,35.0,20.0,0,1,0,303.2982069719183
Pali,2023-10-30 02:00:00,hum,31.0,35.0,0,1,0,303.2982069719183
Palwal,2023-10-15 02:30:00,hum,74.0,66.5372907191052,0,1,1,349.03336618698734
Palwal,2023-10-16 02:30:00,hum,65.0,69.3517634365395,0,1,1,349.03336618698734
Palwal,2023-10-17 02:15:00,hum,94.0,67.70664984365166,0,1,1,349.03336618698734
Palwal,2023-10-18 02:30:00,hum,78.0,77.61129804782502,0,1,1,349.03336618698734
Palwal,2023-10-19 02:15:00,hum,69.0,77.7708445629126,0,1,1,349.03336618698734
Palwal,2023-10-20 02:30:00,hum,69.0,74.42180700057948,0,1,1,349.03336618698734
Palwal,2023-10-21 02:15:00,hum,73.0,72.46923335246076,0,1,1,349.03336618698734
Palwal,2023-10-22 02:15:00,hum,69.0,72.66081371345898,0,1,1,349.03336618698734
Palwal,2023-10-23 02:15:00,hum,78.0,71.34542966929492,0,1,1,349.03336618698734
Palwal,2023-10-24 02:15:00,hum,65.0,73.72347770262878,0,1,1,349.03336618698734
Palwal,2023-10-25 02:15:00,hum,64.0,70.64068585753382,0,1,1,349.03336618698734
Palwal,2023-10-26 02:00:00,hum,61.0,68.2563405367469,0,1,1,349.03336618698734
Palwal,2023-10-27 02:15:00,hum,60.0,65.55942428321492,0,1,1,349.03336618698734
Palwal,2023-10-28 02:00:00,hum,60.0,63.42278184806749,0,1,1,349.03336618698734
Palwal,2023-10-29 02:30:00,hum,34.0,62.09196292423951,0,1,1,349.03336618698734
Palwal,2023-10-30 01:45:00,hum,69.0,50.35703385978053,0,1,1,349.03336618698734
Panipat,2023-10-15 02:30:00,hum,48.0,45.0,0,1,0,317.942050743543
Panipat,2023-10-16 02:30:00,hum,48.0,48.0,0,1,0,317.942050743543
Panipat,2023-10-17 02:15:00,hum,83.0,48.0,0,1,0,317.942050743543
Panipat,2023-10-18 02:15:00,hum,58.0,83.0,0,1,0,317.942050743543
Panipat,2023-10-19 02:15:00,hum,44.0,58.0,0,1,0,317.942050743543
Panipat,2023-10-20 02:30:00,hum,38.0,44.0,0,1,0,317.942050743543
Panipat,2023-10-21 02:15:00,hum,43.0,38.0,0,1,0,317.942050743543
Panipat,2023-10-22 02:15:00,hum,41.0,43.0,0,1,0,317.942050743543
Panipat,2023-10-23 02:15:00,hum,45.0,41.0,0,1,0,317.942050743543
Panipat,2023-10-24 02:15:00,hum,49.0,45.0,0,1,0,317.942050743543
Panipat,2023-10-25 02:15:00,hum,41.0,49.0,0,1,0,317.942050743543
Panipat,2023-10-26 02:00:00,hum,32.0,41.0,0,1,0,317.942050743543
Panipat,2023-10-27 02:15:00,hum,36.0,32.0,0,1,0,317.942050743543
Panipat,2023-10-28 02:00:00,hum,35.0,36.0,0,1,0,317.942050743543
Panipat,2023-10-29 02:30:00,hum,33.0,35.0,0,1,0,317.942050743543
Panipat,2023-10-30 01:45:00,hum,42.0,33.0,0,1,0,317.942050743543
Panna,2023-10-15 02:30:00,hum,46.0,45.68111679032987,1,1,0,333.0581906676724
Panna,2023-10-16 02:30:00,hum,49.0,45.65915199482356,1,1,0,333.0581906676724
Panna,2023-10-17 02:15:00,hum,81.0,47.978919497903576,1,1,0,333.0581906676724
Panna,2023-10-18 02:15:00,hum,74.0,70.75165456379511,1,1,0,333.0581906676724
Panna,2023-10-19 02:15:00,hum,58.0,76.12804412565278,1,1,0,333.0581906676724
Panna,2023-10-20 02:15:00,hum,44.0,62.54309015613473,1,1,0,333.0581906676724
Panna,2023-10-21 02:00:00,hum,50.0,47.34780334587606,1,1,0,333.0581906676724
Panna,2023-10-22 02:15:00,hum,49.0,48.53213491332727,1,1,0,333.0581906676724
Panna,2023-10-23 02:00:00,hum,50.0,49.24432818485333,1,1,0,333.0581906676724
Panna,2023-10-24 02:15:00,hum,49.0,49.755473194338286,1,1,0,333.0581906676724
Panna,2023-10-25 02:15:00,hum,46.0,49.244721714864404,1,1,0,333.0581906676724
Panna,2023-10-26 02:00:00,hum,39.0,46.73297149044331,1,1,0,333.0581906676724
Panna,2023-10-27 02:15:00,hum,39.0,40.68691159269652,1,1,0,333.0581906676724
Panna,2023-10-28 02:00:00,hum,35.0,39.0,1,1,0,333.0581906676724
Panna,2023-10-29 02:30:00,hum,38.0,35.95762840960111,1,1,0,333.0581906676724
Panna,2023-10-30 01:45:00,hum,40.0,37.27802571485591,1,1,0,333.0581906676724
Parbhani,2023-10-15 02:30:00,hum,62.0,61.612308827833544,1,1,0,265.5447292056791
Parbhani,2023-10-16 02:30:00,hum,61.0,62.0,1,1,0,265.5447292056791
Parbhani,2023-10-17 02:30:00,hum,64.0,61.38772733993284,1,1,0,265.5447292056791
Parbhani,2023-10-18 02:30:00,hum,63.0,62.82985032829287,1,1,0,265.5447292056791
Parbhani,2023-10-19 02:30:00,hum,67.0,63.38978198290395,1,1,0,265.5447292056791
Parbhani,2023-10-20 02:30:00,hum,75.0,65.4285342602024,1,1,0,265.5447292056791
Parbhani,2023-10-21 02:15:00,hum,77.0,72.11415279984372,1,1,0,265.5447292056791
Parbhani,2023-10-22 02:30:00,hum,60.0,76.33992983145865,1,1,0,265.5447292056791
Parbhani,2023-10-23 02:15:00,hum,62.0,66.02030617968848,1,1,0,265.5447292056791
Parbhani,2023-10-24 02:15:00,hum,61.0,61.378568522612454,1,1,0,265.5447292056791
Parbhani,2023-10-25 02:15:00,hum,61.0,61.31130324738162,1,1,0,265.5447292056791
Parbhani,2023-10-26 02:00:00,hum,52.0,61.0,1,1,0,265.5447292056791
Parbhani,2023-10-27 02:15:00,hum,57.0,54.79891866059249,1,1,0,265.5447292056791
Parbhani,2023-10-28 02:00:00,hum,55.0,55.38484899280628,1,1,0,265.5447292056791
Parbhani,2023-10-29 02:45:00,hum,51.0,55.64854091047141,1,1,0,265.5447292056791
Parbhani,2023-10-30 02:00:00,hum,57.0,52.27506850325835,1,1,0,265.5447292056791
Patan,2023-10-15 02:30:00,hum,68.0,43.71502132985423,2,1,2,296.31410495971846
Patan,2023-10-16 02:30:00,hum,65.0,66.8815633002425,2,1,2,296.31410495971846
Patan,2023-10-17 02:15:00,hum,71.0,68.43543166636773,2,1,2,296.31410495971846
Patan,2023-10-18 02:15:00,hum,59.0,69.3296200820214,2,1,2,296.31410495971846
Patan,2023-10-19 02:15:00,hum,46.0,58.862015689360696,2,1,2,296.31410495971846
Patan,2023-10-20 02:30:00,hum,41.0,43.56951659066962,2,1,2,296.31410495971846
Patan,2023-10-21 02:15:00,hum,41.0,38.03809066975796,2,1,2,296.31410495971846
Patan,2023-10-22 02:15:00,hum,37.0,41.4153121908727,2,1,2,296.31410495971846
Patan,2023-10-23 02:00:00,hum,39.0,38.50109003961629,2,1,2,296.31410495971846
Patan,2023-10-24 02:15:00,hum,40.0,37.44861005580919,2,1,2,296.31410495971846
Patan,2023-10-25 02:15:00,hum,37.0,39.71311928115604,2,1,2,296.31410495971846
Patan,2023-10-26 02:00:00,hum,42.0,38.377377871202675,2,1,2,296.31410495971846
Patan,2023-10-27 02:15:00,hum,38.0,41.19031480189647,2,1,2,296.31410495971846
Patan,2023-10-28 02:00:00,hum,34.0,38.78173896742515,2,1,2,296.31410495971846
Patan,2023-10-29 02:30:00,hum,33.0,33.05017963623124,2,1,2,296.31410495971846
Patan,2023-10-30 01:45:00,hum,33.0,31.096466566735746,2,1,2,296.31410495971846
Pathanamthitta,2023-10-15 02:30:00,hum,97.0,97.43324093590623,1,1,2,170.84421299724423
Pathanamthitta,2023-10-16 02:30:00,hum,93.0,96.32402620115596,1,1,2,170.84421299724423
Pathanamthitta,2023-10-17 02:30:00,hum,95.0,93.36645474693935,1,1,2,170.84421299724423
Pathanamthitta,2023-10-18 02:30:00,hum,98.0,96.30891510464221,1,1,2,170.84421299724423
Pathanamthitta,2023-10-19 02:15:00,hum,95.0,97.39374699834583,1,1,2,170.84421299724423
Pathanamthitta,2023-10-20 02:30:00,hum,96.0,94.47566862909146,1,1,2,170.84421299724423
Pathanamthitta,2023-10-21 02:15:00,hum,95.0,96.8376596742607,1,1,2,170.84421299724423
Pathanamthitta,2023-10-22 02:15:00,hum,95.0,94.93451748331078,1,1,2,170.84421299724423
Pathanamthitta,2023-10-23 02:15:00,hum,98.0,95.75521235589447,1,1,2,170.84421299724423
Pathanamthitta,2023-10-24 02:15:00,hum,95.0,97.53283849813447,1,1,2,170.84421299724423
Pathanamthitta,2023-10-25 02:15:00,hum,99.0,94.39697039384875,1,1,2,170.84421299724423
Pathanamthitta,2023-10-26 02:00:00,hum,96.0,98.19196173958639,1,1,2,170.84421299724423
Pathanamthitta,2023-10-27 02:15:00,hum,96.0,94.66053959821986,1,1,2,170.84421299724423
Pathanamthitta,2023-10-28 02:00:00,hum,96.0,97.289021494959,1,1,2,170.84421299724423
Pathanamthitta,2023-10-29 02:30:00,hum,95.0,96.02592334524375,1,1,2,170.84421299724423
Pathanamthitta,2023-10-30 01:45:00,hum,95.0,96.71226397817863,1,1,2,170.84421299724423
Pathankot,2023-10-15 02:30:00,hum,46.0,51.524810081813136,0,1,1,318.8441081870016
Pathankot,2023-10-16 02:30:00,hum,42.0,48.0404665953244,0,1,1,318.8441081870016
Pathankot,2023-10-17 02:30:00,hum,75.0,44.16097019648472,0,1,1,318.8441081870016
Pathankot,2023-10-18 02:30:00,hum,47.0,61.415379187259305,0,1,1,318.8441081870016
Pathankot,2023-10-19 02:15:00,hum,55.0,53.52770949784974,0,1,1,318.8441081870016
Pathankot,2023-10-20 02:30:00,hum,55.0,54.20873396249419,0,1,1,318.8441081870016
Pathankot,2023-10-21 02:15:00,hum,47.0,54.574845422698054,0,1,1,318.8441081870016
Pathankot,2023-10-22 02:15:00,hum,51.0,51.09115083314678,0,1,1,318.8441081870016
Pathankot,2023-10-23 02:15:00,hum,46.0,51.0497411903603,0,1,1,318.8441081870016
Pathankot,2023-10-24 02:15:00,hum,52.0,48.70739446092532,0,1,1,318.8441081870016
Pathankot,2023-10-25 02:15:00,hum,38.0,50.23279605944276,0,1,1,318.8441081870016
Pathankot,2023-10-26 02:00:00,hum,42.0,44.613029024239836,0,1,1,318.8441081870016
Pathankot,2023-10-27 02:15:00,hum,53.0,43.360311244672346,0,1,1,318.8441081870016
Pathankot,2023-10-28 02:00:00,hum,52.0,47.771630356846636,0,1,1,318.8441081870016
Pathankot,2023-10-29 02:45:00,hum,49.0,49.689549822214694,0,1,1,318.8441081870016
Pathankot,2023-10-30 02:00:00,hum,50.0,49.37497725474694,0,1,1,318.8441081870016
Patiala,2023-10-15 02:30:00,hum,44.0,46.560007782830404,0,1,1,316.1461804334872
Patiala,2023-10-16 02:30:00,hum,49.0,44.68731624946187,0,1,1,316.1461804334872
Patiala,2023-10-17 02:30:00,hum,81.0,47.82197953568392,0,1,1,316.1461804334872
Patiala,2023-10-18 02:30:00,hum,53.0,73.93334725102238,0,1,1,316.1461804334872
Patiala,2023-10-19 02:15:00,hum,48.0,58.81211691714294,0,1,1,316.1461804334872
Patiala,2023-10-20 02:30:00,hum,45.0,52.299256031631714,0,1,1,316.1461804334872
Patiala,2023-10-21 02:15:00,hum,43.0,47.65715860680713,0,1,1,316.1461804334872
Patiala,2023-10-22 02:15:00,hum,47.0,44.631608111860075,0,1,1,316.1461804334872
Patiala,2023-10-23 02:15:00,hum,44.0,46.14584012674321,0,1,1,316.1461804334872
Patiala,2023-10-24 02:15:00,hum,47.0,44.78923354483978,0,1,1,316.1461804334872
Patiala,2023-10-25 02:15:00,hum,40.0,46.18470434892882,0,1,1,316.1461804334872
Patiala,2023-10-26 02:00:00,hum,36.0,42.297101843119954,0,1,1,316.1461804334872
Patiala,2023-10-27 02:15:00,hum,41.0,38.26349548749555,0,1,1,316.1461804334872
Patiala,2023-10-28 02:00:00,hum,39.0,40.0101715635888,0,1,1,316.1461804334872
Patiala,2023-10-29 02:45:00,hum,42.0,39.37221876413192,0,1,1,316.1461804334872
Patiala,2023-10-30 02:00:00,hum,43.0,41.029779082734485,0,1,1,316.1461804334872
Patna,2023-10-15 02:30:00,hum,89.0,87.91283763941489,0,1,1,296.2404520737191
Patna,2023-10-16 02:30:00,hum,89.0,88.27289696944327,0,1,1,296.2404520737191
Patna,2023-10-17 02:15:00,hum,83.0,88.47166489933903,0,1,1,296.2404520737191
Patna,2023-10-18 02:30:00,hum,94.0,87.1887456487139,0,1,1,296.2404520737191
Patna,2023-10-19 02:15:00,hum,69.0,88.72271700631522,0,1,1,296.2404520737191
Patna,2023-10-20 02:30:00,hum,94.0,84.61208986455202,0,1,1,296.2404520737191
Patna,2023-10-21 02:15:00,hum,94.0,86.86227517112243,0,1,1,296.2404520737191
Patna,2023-10-22 02:15:00,hum,100.0,88.17026632750832,0,1,1,296.2404520737191
Patna,2023-10-23 02:15:00,hum,94.0,89.95349142584274,0,1,1,296.2404520737191
Patna,2023-10-24 02:15:00,hum,79.0,90.50585055473408,0,1,1,296.2404520737191
Patna,2023-10-25 02:15:00,hum,79.0,88.97717391455076,0,1,1,296.2404520737191
Patna,2023-10-26 02:00:00,hum,83.0,87.50857146134953,0,1,1,296.2404520737191
Patna,2023-10-27 02:15:00,hum,89.0,86.74937064741823,0,1,1,296.2404520737191
Patna,2023-10-28 02:00:00,hum,94.0,87.13543386228679,0,1,1,296.2404520737191
Patna,2023-10-29 02:30:00,hum,94.0,88.17033053021372,0,1,1,296.2404520737191
Patna,2023-10-30 01:45:00,hum,89.0,88.95302396693131,0,1,1,296.2404520737191
Peddapalli,2023-10-15 02:30:00,hum,75.0,75.0,0,1,0,248.73531680689348
Peddapalli,2023-10-16 02:30:00,hum,65.0,75.0,0,1,0,248.73531680689348
Peddapalli,2023-10-17 02:30:00,hum,65.0,65.0,0,1,0,248.73531680689348
Peddapalli,2023-10-18 02:30:00,hum,72.0,65.0,0,1,0,248.73531680689348
Peddapalli,2023-10-19 02:30:00,hum,74.0,72.0,0,1,0,248.73531680689348
Peddapalli,2023-10-20 02:30:00,hum,79.0,74.0,0,1,0,248.73531680689348
Peddapalli,2023-10-21 02:30:00,hum,73.0,79.0,0,1,0,248.73531680689348
Peddapalli,2023-10-22 02:30:00,hum,63.0,73.0,0,1,0,248.73531680689348
Peddapalli,2023-10-23 02:15:00,hum,62.0,63.00000000000001,0,1,0,248.73531680689348
Peddapalli,2023-10-24 02:15:00,hum,65.0,62.0,0,1,0,248.73531680689348
Peddapalli,2023-10-25 02:30:00,hum,64.0,65.0,0,1,0,248.73531680689348
Peddapalli,2023-10-26 02:00:00,hum,59.0,64.0,0,1,0,248.73531680689348
Peddapalli,2023-10-27 02:30:00,hum,55.0,59.0,0,1,0,248.73531680689348
Peddapalli,2023-10-28 02:00:00,hum,62.0,55.0,0,1,0,248.73531680689348
Peddapalli,2023-10-29 02:45:00,hum,59.0,62.0,0,1,0,248.73531680689348
Peddapalli,2023-10-30 02:00:00,hum,65.0,59.0,0,1,0,248.73531680689348
Pendra,2023-10-15 02:30:00,hum,48.0,51.0,0,1,0,279.5149438803413
Pendra,2023-10-16 02:30:00,hum,66.0,48.0,0,1,0,279.5149438803413
Pendra,2023-10-17 02:30:00,hum,52.0,66.0,0,1,0,279.5149438803413
Pendra,2023-10-18 02:30:00,hum,62.0,52.00000000000001,0,1,0,279.5149438803413
Pendra,2023-10-19 02:30:00,hum,56.0,62.0,0,1,0,279.5149438803413
Pendra,2023-10-20 02:30:00,hum,42.0,56.0,0,1,0,279.5149438803413
Pendra,2023-10-21 02:30:00,hum,51.0,42.0,0,1,0,279.5149438803413
Pendra,2023-10-22 02:30:00,hum,51.0,51.0,0,1,0,279.5149438803413
Pendra,2023-10-23 02:15:00,hum,43.0,51.0,0,1,0,279.5149438803413
Pendra,2023-10-24 02:15:00,hum,42.0,43.0,0,1,0,279.5149438803413
Pendra,2023-10-25 02:30:00,hum,43.0,42.0,0,1,0,279.5149438803413
Pendra,2023-10-26 02:00:00,hum,35.0,43.0,0,1,0,279.5149438803413
Pendra,2023-10-27 02:30:00,hum,41.0,35.0,0,1,0,279.5149438803413
Pendra,2023-10-28 02:00:00,hum,36.0,41.0,0,1,0,279.5149438803413
Pendra,2023-10-29 02:45:00,hum,34.0,36.0,0,1,0,279.5149438803413
Pendra,2023-10-30 02:00:00,hum,35.0,34.0,0,1,0,279.5149438803413
Perambalur,2023-10-15 02:30:00,hum,100.0,85.9198825000083,1,1,1,296.53835550967943
Perambalur,2023-10-16 02:30:00,hum,94.0,91.44137175130507,1,1,1,296.53835550967943
Perambalur,2023-10-17 02:30:00,hum,94.0,89.63419980379831,1,1,1,296.53835550967943
Perambalur,2023-10-18 02:30:00,hum,89.0,90.27554826264353,1,1,1,296.53835550967943
Perambalur,2023-10-19 02:30:00,hum,94.0,88.16074120501557,1,1,1,296.53835550967943
Perambalur,2023-10-20 02:30:00,hum,94.0,90.90871588111642,1,1,1,296.53835550967943
Perambalur,2023-10-21 02:15:00,hum,84.0,91.4111866099567,1,1,1,296.53835550967943
Perambalur,2023-10-22 02:30:00,hum,89.0,86.60132521795157,1,1,1,296.53835550967943
Perambalur,2023-10-23 02:15:00,hum,89.0,88.78562321125679,1,1,1,296.53835550967943
Perambalur,2023-10-24 02:15:00,hum,89.0,88.80736138792183,1,1,1,296.53835550967943
Perambalur,2023-10-25 02:30:00,hum,79.0,88.82597863454566,1,1,1,296.53835550967943
Perambalur,2023-10-26 02:00:00,hum,89.0,84.01993620057651,1,1,1,296.53835550967943
Perambalur,2023-10-27 02:15:00,hum,79.0,88.24984115577489,1,1,1,296.53835550967943
Perambalur,2023-10-28 02:00:00,hum,89.0,83.88743756521625,1,1,1,296.53835550967943
Perambalur,2023-10-29 02:45:00,hum,89.0,87.83333118769615,1,1,1,296.53835550967943
Perambalur,2023-10-30 02:00:00,hum,94.0,87.93107830329538,1,1,1,296.53835550967943
Phek,2023-10-15 02:30:00,hum,97.0,98.99961256439994,2,1,2,200.47385976710547
Phek,2023-10-16 02:30:00,hum,98.0,97.33369832070868,2,1,2,200.47385976710547
Phek,2023-10-17 02:15:00,hum,98.0,98.4563421529055,2,1,2,200.47385976710547
Phek,2023-10-18 02:30:00,hum,97.0,98.48906752247096,2,1,2,200.47385976710547
Phek,2023-10-19 02:15:00,hum,99.0,97.64385986251675,2,1,2,200.47385976710547
Phek,2023-10-20 02:30:00,hum,97.0,99.42535651144411,2,1,2,200.47385976710547
Phek,2023-10-21 02:15:00,hum,97.0,97.56009613016728,2,1,2,200.47385976710547
Phek,2023-10-22 02:15:00,hum,95.0,97.62635672306608,2,1,2,200.47385976710547
Phek,2023-10-23 02:15:00,hum,96.0,95.83370618225439,2,1,2,200.47385976710547
Phek,2023-10-24 02:15:00,hum,79.0,96.96729706720636,2,1,2,200.47385976710547
Phek,2023-10-25 02:15:00,hum,96.0,83.15959745520807,2,1,2,200.47385976710547
Phek,2023-10-26 02:00:00,hum,99.0,90.19435735909614,2,1,2,200.47385976710547
Phek,2023-10-27 02:15:00,hum,99.0,99.80935302634744,2,1,2,200.47385976710547
Phek,2023-10-28 02:00:00,hum,99.0,97.37781473608001,2,1,2,200.47385976710547
Phek,2023-10-29 02:30:00,hum,97.0,98.98787829738426,2,1,2,200.47385976710547
Phek,2023-10-30 01:45:00,hum,96.0,97.30147701577184,2,1,2,200.47385976710547
Pilibhit,2023-10-15 02:30:00,hum,70.0,67.17873390902362,1,1,2,303.19438877924364
Pilibhit,2023-10-16 02:30:00,hum,71.0,65.83748720634003,1,1,2,303.19438877924364
Pilibhit,2023-10-17 02:30:00,hum,84.0,65.51692724828871,1,1,2,303.19438877924364
Pilibhit,2023-10-18 02:30:00,hum,71.0,70.98251481099105,1,1,2,303.19438877924364
Pilibhit,2023-10-19 02:30:00,hum,69.0,73.27608640467864,1,1,2,303.19438877924364
Pilibhit,2023-10-20 02:30:00,hum,69.0,71.44167309136817,1,1,2,303.19438877924364
Pilibhit,2023-10-21 02:15:00,hum,70.0,71.25744956536914,1,1,2,303.19438877924364
Pilibhit,2023-10-22 02:30:00,hum,66.0,71.31694361671968,1,1,2,303.19438877924364
Pilibhit,2023-10-23 02:15:00,hum,61.0,70.5299803490051,1,1,2,303.19438877924364
Pilibhit,2023-10-24 02:15:00,hum,64.0,68.25717285522843,1,1,2,303.19438877924364
Pilibhit,2023-10-25 02:30:00,hum,59.0,66.39277437534412,1,1,2,303.19438877924364
Pilibhit,2023-10-26 02:00:00,hum,61.0,62.425738999255564,1,1,2,303.19438877924364
Pilibhit,2023-10-27 02:15:00,hum,63.0,60.88452678395956,1,1,2,303.19438877924364
Pilibhit,2023-10-28 02:00:00,hum,66.0,60.79358617610365,1,1,2,303.19438877924364
Pilibhit,2023-10-29 02:45:00,hum,58.0,62.00716353637088,1,1,2,303.19438877924364
Pilibhit,2023-10-30 02:00:00,hum,64.0,60.50963037841538,1,1,2,303.19438877924364
Pithoragarh,2023-10-15 02:30:00,hum,69.0,73.66613540901255,1,1,0,287.6993362181166
Pithoragarh,2023-10-16 02:30:00,hum,74.0,70.31272270288368,1,1,0,287.6993362181166
Pithoragarh,2023-10-17 02:30:00,hum,84.0,72.31973819814971,1,1,0,287.6993362181166
Pithoragarh,2023-10-18 02:30:00,hum,67.0,80.94682942898304,1,1,0,287.6993362181166
Pithoragarh,2023-10-19 02:15:00,hum,73.0,73.34826362331127,1,1,0,287.6993362181166
Pithoragarh,2023-10-20 02:30:00,hum,69.0,70.77381371593735,1,1,0,287.6993362181166
Pithoragarh,2023-10-21 02:15:00,hum,72.0,70.50271569447273,1,1,0,287.6993362181166
Pithoragarh,2023-10-22 02:15:00,hum,71.0,70.8649876978507,1,1,0,287.6993362181166
Pithoragarh,2023-10-23 02:15:00,hum,71.0,71.3783072683823,1,1,0,287.6993362181166
Pithoragarh,2023-10-24 02:15:00,hum,59.0,71.0,1,1,0,287.6993362181166
Pithoragarh,2023-10-25 02:15:00,hum,58.0,63.53499469735702,1,1,0,287.6993362181166
Pithoragarh,2023-10-26 02:00:00,hum,66.0,58.351674002197484,1,1,0,287.6993362181166
Pithoragarh,2023-10-27 02:15:00,hum,70.0,63.16283769247398,1,1,0,287.6993362181166
Pithoragarh,2023-10-28 02:00:00,hum,69.0,68.66592547456564,1,1,0,287.6993362181166
Pithoragarh,2023-10-29 02:30:00,hum,69.0,69.33310449628266,1,1,0,287.6993362181166
Pithoragarh,2023-10-30 01:45:00,hum,73.0,69.0,1,1,0,287.6993362181166
Porbandar,2023-10-15 02:30:00,hum,68.0,76.41442064275225,1,1,0,246.51272493787582
Porbandar,2023-10-16 02:30:00,hum,75.0,73.58264911254491,1,1,0,246.51272493787582
Porbandar,2023-10-17 02:15:00,hum,74.0,70.98258314329156,1,1,0,246.51272493787582
Porbandar,2023-10-18 02:15:00,hum,80.0,74.55224865535473,1,1,0,246.51272493787582
Porbandar,2023-10-19 02:15:00,hum,74.0,76.65428923238083,1,1,0,246.51272493787582
Porbandar,2023-10-20 02:30:00,hum,66.0,77.44149792640295,1,1,0,246.51272493787582
Porbandar,2023-10-21 02:15:00,hum,72.0,70.04847749896473,1,1,0,246.51272493787582
Porbandar,2023-10-22 02:15:00,hum,60.0,68.87776992740747,1,1,0,246.51272493787582
Porbandar,2023-10-23 02:00:00,hum,66.0,66.79292985723703,1,1,0,246.51272493787582
Porbandar,2023-10-24 02:15:00,hum,69.0,62.64633587358472,1,1,0,246.51272493787582
Porbandar,2023-10-25 02:15:00,hum,63.0,67.4100065926265,1,1,0,246.51272493787582
Porbandar,2023-10-26 02:00:00,hum,65.0,66.23937820574156,1,1,0,246.51272493787582
Porbandar,2023-10-27 02:15:00,hum,61.0,63.93071823125815,1,1,0,246.51272493787582
Porbandar,2023-10-28 02:00:00,hum,65.0,63.1559870186893,1,1,0,246.51272493787582
Porbandar,2023-10-29 02:30:00,hum,64.0,62.8222465569849,1,1,0,246.51272493787582
Porbandar,2023-10-30 01:45:00,hum,63.0,64.54124064669544,1,1,0,246.51272493787582
Pratapgarh,2023-10-15 02:30:00,hum,50.0,48.0,0,1,0,297.51083090388096
Pratapgarh,2023-10-16 02:30:00,hum,68.0,50.0,0,1,0,297.51083090388096
Pratapgarh,2023-10-17 02:30:00,hum,61.0,68.0,0,1,0,297.51083090388096
Pratapgarh,2023-10-18 02:30:00,hum,59.0,61.0,0,1,0,297.51083090388096
Pratapgarh,2023-10-19 02:30:00,hum,58.0,59.0,0,1,0,297.51083090388096
Pratapgarh,2023-10-20 02:30:00,hum,50.0,58.0,0,1,0,297.51083090388096
Pratapgarh,2023-10-21 02:15:00,hum,49.0,50.0,0,1,0,297.51083090388096
Pratapgarh,2023-10-22 02:30:00,hum,40.0,49.0,0,1,0,297.51083090388096
Pratapgarh,2023-10-23 02:15:00,hum,42.0,40.0,0,1,0,297.51083090388096
Pratapgarh,2023-10-24 02:15:00,hum,40.0,42.0,0,1,0,297.51083090388096
Pratapgarh,2023-10-25 02:15:00,hum,37.0,40.0,0,1,0,297.51083090388096
Pratapgarh,2023-10-26 02:00:00,hum,35.0,37.0,0,1,0,297.51083090388096
Pratapgarh,2023-10-27 02:15:00,hum,31.0,35.0,0,1,0,297.51083090388096
Pratapgarh,2023-10-28 02:00:00,hum,36.0,31.0,0,1,0,297.51083090388096
Pratapgarh,2023-10-29 02:45:00,hum,40.0,36.0,0,1,0,297.51083090388096
Pratapgarh,2023-10-30 02:00:00,hum,39.0,40.0,0,1,0,297.51083090388096
Puducherry,2023-10-15 02:30:00,hum,80.0,82.88626037827048,1,1,1,268.52344162299147
Puducherry,2023-10-16 02:30:00,hum,84.0,80.53065232331325,1,1,1,268.52344162299147
Puducherry,2023-10-17 02:15:00,hum,81.0,82.86934948541551,1,1,1,268.52344162299147
Puducherry,2023-10-18 02:30:00,hum,79.0,81.13483507650376,1,1,1,268.52344162299147
Puducherry,2023-10-19 02:15:00,hum,82.0,79.9692259297819,1,1,1,268.52344162299147
Puducherry,2023-10-20 02:30:00,hum,74.0,81.69103477428263,1,1,1,268.52344162299147
Puducherry,2023-10-21 02:15:00,hum,82.0,76.82066672477637,1,1,1,268.52344162299147
Puducherry,2023-10-22 02:15:00,hum,86.0,81.61098085208783,1,1,1,268.52344162299147
Puducherry,2023-10-23 02:15:00,hum,82.0,83.82329627470345,1,1,1,268.52344162299147
Puducherry,2023-10-24 02:15:00,hum,78.0,81.65527695128303,1,1,1,268.52344162299147
Puducherry,2023-10-25 02:15:00,hum,77.0,79.49417117370793,1,1,1,268.52344162299147
Puducherry,2023-10-26 02:00:00,hum,72.0,78.90616891120206,1,1,1,268.52344162299147
Puducherry,2023-10-27 02:15:00,hum,78.0,75.9639572587846,1,1,1,268.52344162299147
Puducherry,2023-10-28 02:00:00,hum,74.0,79.32680558430259,1,1,1,268.52344162299147
Puducherry,2023-10-29 02:30:00,hum,86.0,77.02399349282005,1,1,1,268.52344162299147
Puducherry,2023-10-30 01:45:00,hum,83.0,83.53280726706066,1,1,1,268.52344162299147
Pudukkottai,2023-10-15 02:30:00,hum,100.0,86.00039016206354,1,1,1,298.6162788113923
Pudukkottai,2023-10-16 02:30:00,hum,94.0,91.30506111989995,1,1,1,298.6162788113923
Pudukkottai,2023-10-17 02:30:00,hum,94.0,89.60652915174983,1,1,1,298.6162788113923
Pudukkottai,2023-10-18 02:30:00,hum,89.0,90.24046921420897,1,1,1,298.6162788113923
Pudukkottai,2023-10-19 02:30:00,hum,94.0,88.2142848100435,1,1,1,298.6162788113923
Pudukkottai,2023-10-20 02:30:00,hum,94.0,90.8634753696875,1,1,1,298.6162788113923
Pudukkottai,2023-10-21 02:15:00,hum,84.0,91.36555033148656,1,1,1,298.6162788113923
Pudukkottai,2023-10-22 02:30:00,hum,89.0,86.72933892827595,1,1,1,298.6162788113923
Pudukkottai,2023-10-23 02:15:00,hum,89.0,88.81468696229048,1,1,1,298.6162788113923
Pudukkottai,2023-10-24 02:15:00,hum,89.0,88.8325774916299,1,1,1,298.6162788113923
Pudukkottai,2023-10-25 02:30:00,hum,79.0,88.84795022622617,1,1,1,298.6162788113923
Pudukkottai,2023-10-26 02:00:00,hum,83.0,84.19814138891772,1,1,1,298.6162788113923
Pudukkottai,2023-10-27 02:30:00,hum,79.0,85.50480194201134,1,1,1,298.6162788113923
Pudukkottai,2023-10-28 02:00:00,hum,89.0,83.34071465900146,1,1,1,298.6162788113923
Pudukkottai,2023-10-29 02:45:00,hum,89.0,87.61911498400138,1,1,1,298.6162788113923
Pudukkottai,2023-10-30 02:00:00,hum,94.0,87.72127427195977,1,1,1,298.6162788113923
Pulwama,2023-10-15 02:30:00,hum,73.0,67.09739917080103,2,1,2,327.23804387829955
Pulwama,2023-10-16 02:30:00,hum,66.0,79.21165333231043,2,1,2,327.23804387829955
Pulwama,2023-10-17 02:15:00,hum,92.0,64.21449818749406,2,1,2,327.23804387829955
Pulwama,2023-10-18 02:15:00,hum,87.0,81.50872625805849,2,1,2,327.23804387829955
Pulwama,2023-10-19 02:15:00,hum,61.0,73.9449083699235,2,1,2,327.23804387829955
Pulwama,2023-10-20 02:15:00,hum,53.0,56.01769235079462,2,1,2,327.23804387829955
Pulwama,2023-10-21 02:15:00,hum,47.0,60.82749335422935,2,1,2,327.23804387829955
Pulwama,2023-10-22 02:15:00,hum,46.0,63.58122062053094,2,1,2,327.23804387829955
Pulwama,2023-10-23 02:00:00,hum,82.0,61.32116702417016,2,1,2,327.23804387829955
Pulwama,2023-10-24 02:15:00,hum,57.0,84.59129891065194,2,1,2,327.23804387829955
Pulwama,2023-10-25 02:15:00,hum,58.0,47.787824936186965,2,1,2,327.23804387829955
Pulwama,2023-10-26 02:00:00,hum,44.0,44.11268889029181,2,1,2,327.23804387829955
Pulwama,2023-10-27 02:15:00,hum,45.0,34.950951111785784,2,1,2,327.23804387829955
Pulwama,2023-10-28 02:00:00,hum,46.0,44.85030732437596,2,1,2,327.23804387829955
Pulwama,2023-10-29 02:30:00,hum,45.0,53.78326501335434,2,1,2,327.23804387829955
Pulwama,2023-10-30 01:45:00,hum,37.0,56.3336569580983,2,1,2,327.23804387829955
Punch,2023-10-15 02:30:00,hum,38.0,30.816969638045077,2,1,2,324.2704645640539
Punch,2023-10-16 02:30:00,hum,38.0,39.459488814893525,2,1,2,324.2704645640539
Punch,2023-10-17 02:15:00,hum,69.0,38.69406839207004,2,1,2,324.2704645640539
Punch,2023-10-18 02:15:00,hum,58.0,61.72326527935028,2,1,2,324.2704645640539
Punch,2023-10-19 02:15:00,hum,41.0,69.56361741176207,2,1,2,324.2704645640539
Punch,2023-10-20 02:15:00,hum,41.0,41.81846598261177,2,1,2,324.2704645640539
Punch,2023-10-21 02:15:00,hum,43.0,41.996847377586775,2,1,2,324.2704645640539
Punch,2023-10-22 02:15:00,hum,42.0,43.03859602202912,2,1,2,324.2704645640539
Punch,2023-10-23 02:00:00,hum,44.0,42.80945754939509,2,1,2,324.2704645640539
Punch,2023-10-24 02:15:00,hum,40.0,43.61134966802013,2,1,2,324.2704645640539
Punch,2023-10-25 02:15:00,hum,43.0,41.43091841746622,2,1,2,324.2704645640539
Punch,2023-10-26 02:00:00,hum,35.0,42.202997002442146,2,1,2,324.2704645640539
Punch,2023-10-27 02:15:00,hum,34.0,37.790173526662656,2,1,2,324.2704645640539
Punch,2023-10-28 02:00:00,hum,34.0,34.19741040257407,2,1,2,324.2704645640539
Punch,2023-10-29 02:30:00,hum,33.0,35.45103599063404,2,1,2,324.2704645640539
Punch,2023-10-30 01:45:00,hum,36.0,33.56419369350509,2,1,2,324.2704645640539
Pune,2023-10-15 02:30:00,hum,70.0,72.14078664477047,1,1,2,259.9155646545129
Pune,2023-10-16 02:30:00,hum,71.0,69.78126931000966,1,1,2,259.9155646545129
Pune,2023-10-17 02:15:00,hum,67.0,71.69689062532792,1,1,2,259.9155646545129
Pune,2023-10-18 02:30:00,hum,69.0,68.278309894511,1,1,2,259.9155646545129
Pune,2023-10-19 02:15:00,hum,60.0,67.79333431294539,1,1,2,259.9155646545129
Pune,2023-10-20 02:30:00,hum,70.0,62.41585170836918,1,1,2,259.9155646545129
Pune,2023-10-21 02:15:00,hum,66.0,65.95982313268823,1,1,2,259.9155646545129
Pune,2023-10-22 02:15:00,hum,62.0,65.86488538474792,1,1,2,259.9155646545129
Pune,2023-10-23 02:15:00,hum,66.0,63.108683019801525,1,1,2,259.9155646545129
Pune,2023-10-24 02:15:00,hum,59.0,64.50867134623238,1,1,2,259.9155646545129
Pune,2023-10-25 02:15:00,hum,57.0,62.09679541836619,1,1,2,259.9155646545129
Pune,2023-10-26 02:00:00,hum,49.0,58.08181966061338,1,1,2,259.9155646545129
Pune,2023-10-27 02:15:00,hum,45.0,52.06008114467259,1,1,2,259.9155646545129
Pune,2023-10-28 02:00:00,hum,46.0,46.172422847152205,1,1,2,259.9155646545129
Pune,2023-10-29 02:45:00,hum,47.0,44.37790039567084,1,1,2,259.9155646545129
Pune,2023-10-30 01:45:00,hum,50.0,44.38423521406838,1,1,2,259.9155646545129
Puri,2023-10-15 02:30:00,hum,84.0,82.92395159998082,0,1,1,279.787342927013
Puri,2023-10-16 02:30:00,hum,89.0,83.30833583897228,0,1,1,279.787342927013
Puri,2023-10-17 02:30:00,hum,89.0,84.89058709013011,0,1,1,279.787342927013
Puri,2023-10-18 02:30:00,hum,94.0,85.83247405136748,0,1,1,279.787342927013
Puri,2023-10-19 02:30:00,hum,89.0,87.56113779492622,0,1,1,279.787342927013
Puri,2023-10-20 02:30:00,hum,94.0,87.88322871812312,0,1,1,279.787342927013
Puri,2023-10-21 02:15:00,hum,89.0,89.4290533932867,0,1,1,279.787342927013
Puri,2023-10-22 02:15:00,hum,83.0,89.30094317489126,0,1,1,279.787342927013
Puri,2023-10-23 02:15:00,hum,79.0,87.83190286874913,0,1,1,279.787342927013
Puri,2023-10-24 02:15:00,hum,89.0,86.02178012236702,0,1,1,279.787342927013
Puri,2023-10-25 02:15:00,hum,94.0,86.66589479758714,0,1,1,279.787342927013
Puri,2023-10-26 02:00:00,hum,94.0,88.06356236183632,0,1,1,279.787342927013
Puri,2023-10-27 02:15:00,hum,83.0,89.25194174354851,0,1,1,279.787342927013
Puri,2023-10-28 02:00:00,hum,78.0,88.00657895438665,0,1,1,279.787342927013
Puri,2023-10-29 02:45:00,hum,83.0,86.2521552618786,0,1,1,279.787342927013
Puri,2023-10-30 02:00:00,hum,88.0,85.6071729709401,0,1,1,279.787342927013
Puri District,2023-10-17 02:30:00,hum,89.0,84.91676467894024,0,1,1,296.6028658640495
Puri District,2023-10-18 02:30:00,hum,94.0,85.84090882213061,0,1,1,296.6028658640495
Puri District,2023-10-19 02:15:00,hum,89.0,87.5337921830324,0,1,1,296.6028658640495
Puri District,2023-10-20 02:30:00,hum,94.0,87.85152746080922,0,1,1,296.6028658640495
Puri District,2023-10-21 02:15:00,hum,89.0,89.34818336503692,0,1,1,296.6028658640495
Puri District,2023-10-22 02:15:00,hum,83.0,89.24661292685948,0,1,1,296.6028658640495
Puri District,2023-10-23 02:15:00,hum,79.0,87.82852151692788,0,1,1,296.6028658640495
Puri District,2023-10-24 02:15:00,hum,89.0,86.06121672269165,0,1,1,296.6028658640495
Puri District,2023-10-25 02:15:00,hum,94.0,86.68085991950302,0,1,1,296.6028658640495
Puri District,2023-10-26 02:00:00,hum,94.0,88.04901292299375,0,1,1,296.6028658640495
Puri District,2023-10-27 02:15:00,hum,83.0,89.21194175454157,0,1,1,296.6028658640495
Puri District,2023-10-28 02:00:00,hum,78.0,88.0023582701078,0,1,1,296.6028658640495
Puri District,2023-10-29 02:30:00,hum,83.0,86.27711310490015,0,1,1,296.6028658640495
Puri District,2023-10-29 02:45:00,hum,83.0,85.64074405442985,0,1,1,296.6028658640495
Puri District,2023-10-30 01:45:00,hum,88.0,85.08824412962275,0,1,1,296.6028658640495
Puri District,2023-10-30 02:00:00,hum,88.0,85.68456176368176,0,1,1,296.6028658640495
Purnia,2023-10-15 02:30:00,hum,73.0,66.0,0,1,0,299.0155986218589
Purnia,2023-10-16 02:30:00,hum,69.0,73.0,0,1,0,299.0155986218589
Purnia,2023-10-17 02:15:00,hum,79.0,69.0,0,1,0,299.0155986218589
Purnia,2023-10-18 02:30:00,hum,77.0,79.0,0,1,0,299.0155986218589
Purnia,2023-10-19 02:15:00,hum,72.0,77.0,0,1,0,299.0155986218589
Purnia,2023-10-20 02:30:00,hum,78.0,72.0,0,1,0,299.0155986218589
Purnia,2023-10-21 02:15:00,hum,75.0,78.0,0,1,0,299.0155986218589
Purnia,2023-10-22 02:15:00,hum,72.0,75.0,0,1,0,299.0155986218589
Purnia,2023-10-23 02:00:00,hum,78.0,72.0,0,1,0,299.0155986218589
Purnia,2023-10-24 02:15:00,hum,77.0,78.0,0,1,0,299.0155986218589
Purnia,2023-10-25 02:15:00,hum,73.0,77.0,0,1,0,299.0155986218589
Purnia,2023-10-26 02:00:00,hum,76.0,73.0,0,1,0,299.0155986218589
Purnia,2023-10-27 02:15:00,hum,57.0,76.0,0,1,0,299.0155986218589
Purnia,2023-10-28 02:00:00,hum,63.0,57.0,0,1,0,299.0155986218589
Purnia,2023-10-29 02:30:00,hum,59.0,63.0,0,1,0,299.0155986218589
Purnia,2023-10-30 01:45:00,hum,66.0,59.0,0,1,0,299.0155986218589
Puruliya,2023-10-15 02:30:00,hum,69.0,68.0,0,1,0,294.3375126424733
Puruliya,2023-10-16 02:30:00,hum,66.0,69.0,0,1,0,294.3375126424733
Puruliya,2023-10-17 02:30:00,hum,76.0,66.0,0,1,0,294.3375126424733
Puruliya,2023-10-18 02:30:00,hum,74.0,76.0,0,1,0,294.3375126424733
Puruliya,2023-10-19 02:15:00,hum,78.0,74.0,0,1,0,294.3375126424733
Puruliya,2023-10-20 02:30:00,hum,71.0,78.0,0,1,0,294.3375126424733
Puruliya,2023-10-21 02:15:00,hum,72.0,71.0,0,1,0,294.3375126424733
Puruliya,2023-10-22 02:15:00,hum,65.0,72.0,0,1,0,294.3375126424733
Puruliya,2023-10-23 02:15:00,hum,67.0,65.0,0,1,0,294.3375126424733
Puruliya,2023-10-24 02:15:00,hum,72.0,67.0,0,1,0,294.3375126424733
Puruliya,2023-10-25 02:15:00,hum,73.0,72.0,0,1,0,294.3375126424733
Puruliya,2023-10-26 02:00:00,hum,68.0,73.0,0,1,0,294.3375126424733
Puruliya,2023-10-27 02:15:00,hum,61.0,68.0,0,1,0,294.3375126424733
Puruliya,2023-10-28 02:00:00,hum,77.0,61.0,0,1,0,294.3375126424733
Puruliya,2023-10-29 02:45:00,hum,62.0,77.0,0,1,0,294.3375126424733
Puruliya,2023-10-30 02:00:00,hum,62.0,62.0,0,1,0,294.3375126424733
Rae Bareli,2023-10-15 02:30:00,hum,48.0,52.312734376881046,0,1,1,310.0746394103061
Rae Bareli,2023-10-16 02:30:00,hum,61.0,46.62598125115944,0,1,1,310.0746394103061
Rae Bareli,2023-10-17 02:30:00,hum,80.0,65.26545929064528,0,1,1,310.0746394103061
Rae Bareli,2023-10-18 02:30:00,hum,69.0,84.97701467888744,0,1,1,310.0746394103061
Rae Bareli,2023-10-19 02:30:00,hum,57.0,63.82511018732569,0,1,1,310.0746394103061
Rae Bareli,2023-10-20 02:30:00,hum,49.0,54.74881138013099,0,1,1,310.0746394103061
Rae Bareli,2023-10-21 02:15:00,hum,52.0,46.91144478929033,0,1,1,310.0746394103061
Rae Bareli,2023-10-22 02:30:00,hum,51.0,53.79691860229334,0,1,1,310.0746394103061
Rae Bareli,2023-10-23 02:15:00,hum,61.0,50.028736582555,0,1,1,310.0746394103061
Rae Bareli,2023-10-24 02:15:00,hum,58.0,64.68396512845464,0,1,1,310.0746394103061
Rae Bareli,2023-10-25 02:30:00,hum,53.0,55.94759207827289,0,1,1,310.0746394103061
Rae Bareli,2023-10-26 02:00:00,hum,62.0,52.0643994122873,0,1,1,310.0746394103061
Rae Bareli,2023-10-27 02:30:00,hum,42.0,65.24988553647319,0,1,1,310.0746394103061
Rae Bareli,2023-10-28 02:00:00,hum,36.0,36.02438950980059,0,1,1,310.0746394103061
Rae Bareli,2023-10-29 02:45:00,hum,45.0,35.99516171610472,0,1,1,310.0746394103061
Rae Bareli,2023-10-30 02:00:00,hum,47.0,47.495048810483695,0,1,1,310.0746394103061
Raichur,2023-10-15 02:30:00,hum,64.0,67.03091744464041,1,1,1,304.60092456451383
Raichur,2023-10-16 02:30:00,hum,62.0,66.15895718898372,1,1,1,304.60092456451383
Raichur,2023-10-17 02:30:00,hum,62.0,64.45696055239512,1,1,1,304.60092456451383
Raichur,2023-10-18 02:30:00,hum,65.0,64.33885258418822,1,1,1,304.60092456451383
Raichur,2023-10-19 02:15:00,hum,66.0,66.68001788603425,1,1,1,304.60092456451383
Raichur,2023-10-20 02:30:00,hum,68.0,67.43062437708254,1,1,1,304.60092456451383
Raichur,2023-10-21 02:15:00,hum,69.0,68.9858424410699,1,1,1,304.60092456451383
Raichur,2023-10-22 02:15:00,hum,69.0,69.7556339451578,1,1,1,304.60092456451383
Raichur,2023-10-23 02:15:00,hum,54.0,69.74173015867913,1,1,1,304.60092456451383
Raichur,2023-10-24 02:15:00,hum,63.0,57.1279761720812,1,1,1,304.60092456451383
Raichur,2023-10-25 02:15:00,hum,55.0,64.1362170093634,1,1,1,304.60092456451383
Raichur,2023-10-26 02:00:00,hum,56.0,57.62158384326274,1,1,1,304.60092456451383
Raichur,2023-10-27 02:15:00,hum,49.0,58.1028129473328,1,1,1,304.60092456451383
Raichur,2023-10-28 02:00:00,hum,59.0,52.15448309755112,1,1,1,304.60092456451383
Raichur,2023-10-29 02:45:00,hum,65.0,59.840627820145656,1,1,1,304.60092456451383
Raichur,2023-10-30 02:00:00,hum,77.0,64.54638250243526,1,1,1,304.60092456451383
Raigarh,2023-10-15 02:30:00,hum,72.0,72.0,0,1,0,286.6299518615244
Raigarh,2023-10-16 02:30:00,hum,68.0,72.0,0,1,0,286.6299518615244
Raigarh,2023-10-17 02:30:00,hum,71.0,68.0,0,1,0,286.6299518615244
Raigarh,2023-10-18 02:30:00,hum,76.0,71.0,0,1,0,286.6299518615244
Raigarh,2023-10-19 02:15:00,hum,75.0,76.0,0,1,0,286.6299518615244
Raigarh,2023-10-20 02:30:00,hum,71.0,75.0,0,1,0,286.6299518615244
Raigarh,2023-10-21 02:15:00,hum,63.0,71.0,0,1,0,286.6299518615244
Raigarh,2023-10-22 02:15:00,hum,66.0,63.0,0,1,0,286.6299518615244
Raigarh,2023-10-23 02:15:00,hum,63.0,66.0,0,1,0,286.6299518615244
Raigarh,2023-10-24 02:15:00,hum,76.0,63.0,0,1,0,286.6299518615244
Raigarh,2023-10-25 02:15:00,hum,69.0,76.0,0,1,0,286.6299518615244
Raigarh,2023-10-26 02:00:00,hum,60.0,69.0,0,1,0,286.6299518615244
Raigarh,2023-10-27 02:15:00,hum,60.0,59.99999999999999,0,1,0,286.6299518615244
Raigarh,2023-10-28 02:00:00,hum,65.0,60.0,0,1,0,286.6299518615244
Raigarh,2023-10-29 02:30:00,hum,66.0,65.0,0,1,0,286.6299518615244
Raigarh,2023-10-30 01:45:00,hum,66.0,66.0,0,1,0,286.6299518615244
Raipur,2023-10-15 02:30:00,hum,65.0,65.02549485012358,0,1,2,270.20093680013
Raipur,2023-10-16 02:30:00,hum,65.0,67.05770186003703,0,1,2,270.20093680013
Raipur,2023-10-17 02:30:00,hum,65.0,65.29998531259426,0,1,2,270.20093680013
Raipur,2023-10-18 02:30:00,hum,70.0,63.60980914169776,0,1,2,270.20093680013
Raipur,2023-10-19 02:15:00,hum,79.0,68.81480765380616,0,1,2,270.20093680013
Raipur,2023-10-20 02:30:00,hum,78.0,81.84719888026794,0,1,2,270.20093680013
Raipur,2023-10-21 02:15:00,hum,70.0,84.12537761863238,0,1,2,270.20093680013
Raipur,2023-10-22 02:15:00,hum,66.0,71.32777459878731,0,1,2,270.20093680013
Raipur,2023-10-23 02:15:00,hum,61.0,61.55814738984492,0,1,2,270.20093680013
Raipur,2023-10-24 02:15:00,hum,64.0,59.39084145398223,0,1,2,270.20093680013
Raipur,2023-10-25 02:15:00,hum,65.0,63.51000524123087,0,1,2,270.20093680013
Raipur,2023-10-26 02:00:00,hum,60.0,66.79774944470383,0,1,2,270.20093680013
Raipur,2023-10-27 02:15:00,hum,56.0,61.14132251078493,0,1,2,270.20093680013
Raipur,2023-10-28 02:00:00,hum,63.0,53.63420372820958,0,1,2,270.20093680013
Raipur,2023-10-29 02:30:00,hum,65.0,60.6618473883577,0,1,2,270.20093680013
Raipur,2023-10-30 01:45:00,hum,67.0,66.39312230408791,0,1,2,270.20093680013
Raisen,2023-10-15 02:30:00,hum,44.0,47.0,0,1,0,300.83654813258636
Raisen,2023-10-16 02:30:00,hum,50.0,44.0,0,1,0,300.83654813258636
Raisen,2023-10-17 02:15:00,hum,74.0,50.0,0,1,0,300.83654813258636
Raisen,2023-10-18 02:15:00,hum,69.0,74.0,0,1,0,300.83654813258636
Raisen,2023-10-19 02:15:00,hum,65.0,69.0,0,1,0,300.83654813258636
Raisen,2023-10-20 02:15:00,hum,52.0,65.0,0,1,0,300.83654813258636
Raisen,2023-10-21 02:00:00,hum,50.0,52.0,0,1,0,300.83654813258636
Raisen,2023-10-22 02:15:00,hum,40.0,50.0,0,1,0,300.83654813258636
Raisen,2023-10-23 02:00:00,hum,54.0,40.0,0,1,0,300.83654813258636
Raisen,2023-10-24 02:15:00,hum,51.0,54.0,0,1,0,300.83654813258636
Raisen,2023-10-25 02:15:00,hum,45.0,51.0,0,1,0,300.83654813258636
Raisen,2023-10-26 02:00:00,hum,43.0,45.0,0,1,0,300.83654813258636
Raisen,2023-10-27 02:15:00,hum,44.0,43.0,0,1,0,300.83654813258636
Raisen,2023-10-28 02:00:00,hum,41.0,44.0,0,1,0,300.83654813258636
Raisen,2023-10-29 02:30:00,hum,41.0,41.0,0,1,0,300.83654813258636
Raisen,2023-10-30 01:45:00,hum,60.0,41.0,0,1,0,300.83654813258636
Rajgarh,2023-10-15 02:30:00,hum,35.0,38.0,0,1,0,305.439791932431
Rajgarh,2023-10-16 02:30:00,hum,44.0,35.0,0,1,0,305.439791932431
Rajgarh,2023-10-17 02:15:00,hum,72.0,44.0,0,1,0,305.439791932431
Rajgarh,2023-10-18 02:15:00,hum,62.0,72.0,0,1,0,305.439791932431
Rajgarh,2023-10-19 02:15:00,hum,47.0,62.0,0,1,0,305.439791932431
Rajgarh,2023-10-20 02:15:00,hum,43.0,47.0,0,1,0,305.439791932431
Rajgarh,2023-10-21 02:00:00,hum,44.0,43.0,0,1,0,305.439791932431
Rajgarh,2023-10-22 02:15:00,hum,44.0,44.0,0,1,0,305.439791932431
Rajgarh,2023-10-23 02:00:00,hum,40.0,44.0,0,1,0,305.439791932431
Rajgarh,2023-10-24 02:15:00,hum,38.0,40.0,0,1,0,305.439791932431
Rajgarh,2023-10-25 02:15:00,hum,37.0,38.0,0,1,0,305.439791932431
Rajgarh,2023-10-26 02:00:00,hum,36.0,37.0,0,1,0,305.439791932431
Rajgarh,2023-10-27 02:15:00,hum,29.0,36.0,0,1,0,305.439791932431
Rajgarh,2023-10-28 02:00:00,hum,24.0,28.999999999999996,0,1,0,305.439791932431
Rajgarh,2023-10-29 02:30:00,hum,35.0,24.0,0,1,0,305.439791932431
Rajgarh,2023-10-30 01:45:00,hum,36.0,35.0,0,1,0,305.439791932431
Rajkot,2023-10-15 02:30:00,hum,57.0,64.82609727735118,0,1,1,297.00255392522445
Rajkot,2023-10-16 02:30:00,hum,73.0,58.847446120715105,0,1,1,297.00255392522445
Rajkot,2023-10-17 02:15:00,hum,74.0,68.86278882076341,0,1,1,297.00255392522445
Rajkot,2023-10-18 02:15:00,hum,70.0,72.6204030235956,0,1,1,297.00255392522445
Rajkot,2023-10-19 02:15:00,hum,38.0,70.74246529125402,0,1,1,297.00255392522445
Rajkot,2023-10-20 02:30:00,hum,38.0,47.29109320256478,0,1,1,297.00255392522445
Rajkot,2023-10-21 02:15:00,hum,40.0,38.91093724287523,0,1,1,297.00255392522445
Rajkot,2023-10-22 02:15:00,hum,46.0,39.82150345947044,0,1,1,297.00255392522445
Rajkot,2023-10-23 02:00:00,hum,40.0,44.92598247511339,0,1,1,297.00255392522445
Rajkot,2023-10-24 02:15:00,hum,39.0,40.90023868580148,0,1,1,297.00255392522445
Rajkot,2023-10-25 02:15:00,hum,34.0,39.34522793381987,0,1,1,297.00255392522445
Rajkot,2023-10-26 02:00:00,hum,33.0,34.94614242488412,0,1,1,297.00255392522445
Rajkot,2023-10-27 02:15:00,hum,51.0,33.33317799362502,0,1,1,297.00255392522445
Rajkot,2023-10-28 02:00:00,hum,49.0,47.5862242424013,0,1,1,297.00255392522445
Rajkot,2023-10-29 02:30:00,hum,47.0,48.765453249384514,0,1,1,297.00255392522445
Rajkot,2023-10-30 01:45:00,hum,30.0,47.32978255465888,0,1,1,297.00255392522445
Rajsamand,2023-10-15 02:30:00,hum,66.0,52.276795888291886,2,1,2,295.2016569972434
Rajsamand,2023-10-16 02:30:00,hum,59.0,65.99329963220492,2,1,2,295.2016569972434
Rajsamand,2023-10-17 02:30:00,hum,57.0,62.302636649612374,2,1,2,295.2016569972434
Rajsamand,2023-10-18 02:30:00,hum,62.0,50.622617488825775,2,1,2,295.2016569972434
Rajsamand,2023-10-19 02:30:00,hum,52.0,63.99419212781871,2,1,2,295.2016569972434
Rajsamand,2023-10-20 02:30:00,hum,49.0,50.45624414684414,2,1,2,295.2016569972434
Rajsamand,2023-10-21 02:15:00,hum,41.0,45.51631579925485,2,1,2,295.2016569972434
Rajsamand,2023-10-22 02:30:00,hum,35.0,40.50536942100283,2,1,2,295.2016569972434
Rajsamand,2023-10-23 02:15:00,hum,37.0,31.604172392863752,2,1,2,295.2016569972434
Rajsamand,2023-10-24 02:15:00,hum,39.0,36.53313616131557,2,1,2,295.2016569972434
Rajsamand,2023-10-25 02:30:00,hum,36.0,39.324830945829255,2,1,2,295.2016569972434
Rajsamand,2023-10-26 02:00:00,hum,34.0,39.488251929708234,2,1,2,295.2016569972434
Rajsamand,2023-10-27 02:15:00,hum,25.0,33.88106260816392,2,1,2,295.2016569972434
Rajsamand,2023-10-28 02:00:00,hum,30.0,24.474143242291454,2,1,2,295.2016569972434
Rajsamand,2023-10-29 02:45:00,hum,35.0,28.719672753263268,2,1,2,295.2016569972434
Rajsamand,2023-10-30 02:00:00,hum,38.0,34.78831344517412,2,1,2,295.2016569972434
Ramanathapuram,2023-10-15 02:30:00,hum,79.0,77.28089173218883,2,1,2,238.96086207297125
Ramanathapuram,2023-10-16 02:30:00,hum,76.0,79.91248037291224,2,1,2,238.96086207297125
Ramanathapuram,2023-10-17 02:30:00,hum,83.0,76.84689093625386,2,1,2,238.96086207297125
Ramanathapuram,2023-10-18 02:30:00,hum,80.0,82.00025806334084,2,1,2,238.96086207297125
Ramanathapuram,2023-10-19 02:30:00,hum,76.0,78.47088897036505,2,1,2,238.96086207297125
Ramanathapuram,2023-10-20 02:30:00,hum,79.0,78.47712983162941,2,1,2,238.96086207297125
Ramanathapuram,2023-10-21 02:15:00,hum,72.0,79.98831752401091,2,1,2,238.96086207297125
Ramanathapuram,2023-10-22 02:30:00,hum,75.0,69.69103264207563,2,1,2,238.96086207297125
Ramanathapuram,2023-10-23 02:15:00,hum,73.0,75.78166588999795,2,1,2,238.96086207297125
Ramanathapuram,2023-10-24 02:15:00,hum,78.0,73.70538640269835,2,1,2,238.96086207297125
Ramanathapuram,2023-10-25 02:30:00,hum,77.0,76.80583808949775,2,1,2,238.96086207297125
Ramanathapuram,2023-10-26 02:00:00,hum,76.0,76.08860812897946,2,1,2,238.96086207297125
Ramanathapuram,2023-10-27 02:15:00,hum,75.0,77.00153957321399,2,1,2,238.96086207297125
Ramanathapuram,2023-10-28 02:00:00,hum,77.0,77.99195284200539,2,1,2,238.96086207297125
Ramanathapuram,2023-10-29 02:45:00,hum,79.0,79.01832101803282,2,1,2,238.96086207297125
Ramanathapuram,2023-10-30 02:00:00,hum,78.0,79.04234408193092,2,1,2,238.96086207297125
Ramban,2023-10-15 02:30:00,hum,61.0,51.383277922381765,0,1,2,325.6642297768936
Ramban,2023-10-16 02:30:00,hum,58.0,60.01150673137003,0,1,2,325.6642297768936
Ramban,2023-10-17 02:15:00,hum,77.0,55.16072676506317,0,1,2,325.6642297768936
Ramban,2023-10-18 02:15:00,hum,75.0,75.04947436109704,0,1,2,325.6642297768936
Ramban,2023-10-19 02:15:00,hum,65.0,69.02491987268066,0,1,2,325.6642297768936
Ramban,2023-10-20 02:15:00,hum,61.0,65.41646954669758,0,1,2,325.6642297768936
Ramban,2023-10-21 02:15:00,hum,60.0,62.62610672234286,0,1,2,325.6642297768936
Ramban,2023-10-22 02:15:00,hum,66.0,61.685497577757715,0,1,2,325.6642297768936
Ramban,2023-10-23 02:00:00,hum,77.0,66.24999147189077,0,1,2,325.6642297768936
Ramban,2023-10-24 02:15:00,hum,60.0,74.33463873150671,0,1,2,325.6642297768936
Ramban,2023-10-25 02:15:00,hum,58.0,58.662785531730385,0,1,2,325.6642297768936
Ramban,2023-10-26 02:00:00,hum,43.0,62.61101175664401,0,1,2,325.6642297768936
Ramban,2023-10-27 02:15:00,hum,42.0,46.172679345444976,0,1,2,325.6642297768936
Ramban,2023-10-28 02:00:00,hum,43.0,47.95723020525967,0,1,2,325.6642297768936
Ramban,2023-10-29 02:30:00,hum,41.0,44.482263239804844,0,1,2,325.6642297768936
Ramban,2023-10-30 01:45:00,hum,37.0,42.49786592369848,0,1,2,325.6642297768936
Ramgarh,2023-10-15 02:30:00,hum,83.0,72.21340071412993,1,1,2,303.1599425072443
Ramgarh,2023-10-16 02:30:00,hum,94.0,70.56287271585472,1,1,2,303.1599425072443
Ramgarh,2023-10-17 02:15:00,hum,74.0,85.67548826707922,1,1,2,303.1599425072443
Ramgarh,2023-10-18 02:30:00,hum,94.0,82.65838086239698,1,1,2,303.1599425072443
Ramgarh,2023-10-19 02:15:00,hum,88.0,81.0576999590833,1,1,2,303.1599425072443
Ramgarh,2023-10-20 02:30:00,hum,83.0,87.40381084695265,1,1,2,303.1599425072443
Ramgarh,2023-10-21 02:15:00,hum,94.0,83.87873157400438,1,1,2,303.1599425072443
Ramgarh,2023-10-22 02:15:00,hum,94.0,87.15200926556699,1,1,2,303.1599425072443
Ramgarh,2023-10-23 02:00:00,hum,77.0,88.84668624454905,1,1,2,303.1599425072443
Ramgarh,2023-10-24 02:15:00,hum,78.0,86.91427930265549,1,1,2,303.1599425072443
Ramgarh,2023-10-25 02:15:00,hum,77.0,84.10570509410553,1,1,2,303.1599425072443
Ramgarh,2023-10-26 02:00:00,hum,83.0,82.34472196677112,1,1,2,303.1599425072443
Ramgarh,2023-10-27 02:15:00,hum,83.0,82.87114132860457,1,1,2,303.1599425072443
Ramgarh,2023-10-28 02:00:00,hum,77.0,83.1430013985814,1,1,2,303.1599425072443
Ramgarh,2023-10-29 02:30:00,hum,64.0,81.60731158024139,1,1,2,303.1599425072443
Ramgarh,2023-10-30 01:45:00,hum,83.0,76.23157995677532,1,1,2,303.1599425072443
Rampur,2023-10-15 02:30:00,hum,59.0,57.69752082924289,0,1,1,328.35538738989663
Rampur,2023-10-16 02:30:00,hum,60.0,58.21742248514379,0,1,1,328.35538738989663
Rampur,2023-10-17 02:30:00,hum,85.0,58.917646480445434,0,1,1,328.35538738989663
Rampur,2023-10-18 02:30:00,hum,64.0,69.12271143599258,0,1,1,328.35538738989663
Rampur,2023-10-19 02:30:00,hum,59.0,66.90894429727113,0,1,1,328.35538738989663
Rampur,2023-10-20 02:30:00,hum,67.0,63.974681361322155,0,1,1,328.35538738989663
Rampur,2023-10-21 02:15:00,hum,58.0,65.0637262802874,0,1,1,328.35538738989663
Rampur,2023-10-22 02:30:00,hum,61.0,62.53459529012341,0,1,1,328.35538738989663
Rampur,2023-10-23 02:15:00,hum,55.0,61.98240707995198,0,1,1,328.35538738989663
Rampur,2023-10-24 02:15:00,hum,53.0,59.43894723033628,0,1,1,328.35538738989663
Rampur,2023-10-25 02:30:00,hum,54.0,56.99979765166832,0,1,1,328.35538738989663
Rampur,2023-10-26 02:00:00,hum,50.0,55.83581067690969,0,1,1,328.35538738989663
Rampur,2023-10-27 02:30:00,hum,58.0,53.54429190560191,0,1,1,328.35538738989663
Rampur,2023-10-28 02:00:00,hum,53.0,55.277315226993764,0,1,1,328.35538738989663
Rampur,2023-10-29 02:45:00,hum,53.0,54.416981188988,0,1,1,328.35538738989663
Rampur,2023-10-30 02:00:00,hum,58.0,53.88024327617316,0,1,1,328.35538738989663
Ranchi,2023-10-15 02:30:00,hum,83.0,72.20320815193922,1,1,2,301.28164945201496
Ranchi,2023-10-16 02:30:00,hum,94.0,78.46589039918005,1,1,2,301.28164945201496
Ranchi,2023-10-17 02:15:00,hum,74.0,85.93251124493347,1,1,2,301.28164945201496
Ranchi,2023-10-18 02:30:00,hum,94.0,82.6141036165608,1,1,2,301.28164945201496
Ranchi,2023-10-19 02:15:00,hum,88.0,81.18796385511067,1,1,2,301.28164945201496
Ranchi,2023-10-20 02:30:00,hum,83.0,87.35935870241526,1,1,2,301.28164945201496
Ranchi,2023-10-21 02:15:00,hum,94.0,83.965382420718,1,1,2,301.28164945201496
Ranchi,2023-10-22 02:15:00,hum,94.0,87.12821065602286,1,1,2,301.28164945201496
Ranchi,2023-10-23 02:00:00,hum,77.0,88.86797610231963,1,1,2,301.28164945201496
Ranchi,2023-10-24 02:15:00,hum,78.0,85.90957465141588,1,1,2,301.28164945201496
Ranchi,2023-10-25 02:15:00,hum,77.0,84.14629498514105,1,1,2,301.28164945201496
Ranchi,2023-10-26 02:00:00,hum,83.0,82.36258162494799,1,1,2,301.28164945201496
Ranchi,2023-10-27 02:15:00,hum,83.0,82.87852171992864,1,1,2,301.28164945201496
Ranchi,2023-10-28 02:00:00,hum,77.0,83.1457529513189,1,1,2,301.28164945201496
Ranchi,2023-10-29 02:30:00,hum,64.0,81.36243032522457,1,1,2,301.28164945201496
Ranchi,2023-10-30 01:45:00,hum,83.0,76.2056795925467,1,1,2,301.28164945201496
Ranipet,2023-10-15 02:30:00,hum,90.0,89.16999656270731,0,1,1,300.89905530524607
Ranipet,2023-10-16 02:30:00,hum,92.0,89.7343440841861,0,1,1,300.89905530524607
Ranipet,2023-10-17 02:30:00,hum,92.0,91.27772338167277,0,1,1,300.89905530524607
Ranipet,2023-10-18 02:30:00,hum,83.0,91.77078007265818,0,1,1,300.89905530524607
Ranipet,2023-10-19 02:30:00,hum,89.0,85.8467208809857,0,1,1,300.89905530524607
Ranipet,2023-10-20 02:30:00,hum,87.0,87.97058332976378,0,1,1,300.89905530524607
Ranipet,2023-10-21 02:30:00,hum,89.0,87.32742326575644,0,1,1,300.89905530524607
Ranipet,2023-10-22 02:30:00,hum,80.0,88.43460625559933,0,1,1,300.89905530524607
Ranipet,2023-10-23 02:15:00,hum,85.0,82.89266690280633,0,1,1,300.89905530524607
Ranipet,2023-10-24 02:15:00,hum,78.0,84.2816074525964,0,1,1,300.89905530524607
Ranipet,2023-10-25 02:30:00,hum,79.0,80.18939482193105,0,1,1,300.89905530524607
Ranipet,2023-10-26 02:00:00,hum,78.0,79.40440253283847,0,1,1,300.89905530524607
Ranipet,2023-10-27 02:30:00,hum,89.0,78.48082471104827,0,1,1,300.89905530524607
Ranipet,2023-10-28 02:00:00,hum,92.0,85.27876669808958,0,1,1,300.89905530524607
Ranipet,2023-10-29 02:45:00,hum,94.0,89.87737083790705,0,1,1,300.89905530524607
Ranipet,2023-10-30 02:00:00,hum,92.0,92.76075748893665,0,1,1,300.89905530524607
Ratlam,2023-10-15 02:30:00,hum,54.0,50.0,0,1,0,301.72891960367247
Ratlam,2023-10-16 02:30:00,hum,66.0,54.0,0,1,0,301.72891960367247
Ratlam,2023-10-17 02:15:00,hum,62.0,66.0,0,1,0,301.72891960367247
Ratlam,2023-10-18 02:15:00,hum,62.0,62.0,0,1,0,301.72891960367247
Ratlam,2023-10-19 02:15:00,hum,54.0,62.0,0,1,0,301.72891960367247
Ratlam,2023-10-20 02:15:00,hum,52.0,54.0,0,1,0,301.72891960367247
Ratlam,2023-10-21 02:00:00,hum,54.0,52.0,0,1,0,301.72891960367247
Ratlam,2023-10-22 02:15:00,hum,55.0,54.0,0,1,0,301.72891960367247
Ratlam,2023-10-23 02:00:00,hum,43.0,55.0,0,1,0,301.72891960367247
Ratlam,2023-10-24 02:15:00,hum,40.0,43.0,0,1,0,301.72891960367247
Ratlam,2023-10-25 02:15:00,hum,40.0,40.0,0,1,0,301.72891960367247
Ratlam,2023-10-26 02:00:00,hum,34.0,40.0,0,1,0,301.72891960367247
Ratlam,2023-10-27 02:15:00,hum,30.0,34.0,0,1,0,301.72891960367247
Ratlam,2023-10-28 02:00:00,hum,37.0,29.999999999999996,0,1,0,301.72891960367247
Ratlam,2023-10-29 02:30:00,hum,39.0,37.0,0,1,0,301.72891960367247
Ratlam,2023-10-30 01:45:00,hum,40.0,39.0,0,1,0,301.72891960367247
Ratnagiri,2023-10-15 02:30:00,hum,70.0,83.10696463885293,1,1,1,223.37968141763574
Ratnagiri,2023-10-16 02:30:00,hum,83.0,73.23405725239205,1,1,1,223.37968141763574
Ratnagiri,2023-10-17 02:30:00,hum,80.0,84.68931668839843,1,1,1,223.37968141763574
Ratnagiri,2023-10-18 02:30:00,hum,84.0,82.7788583107125,1,1,1,223.37968141763574
Ratnagiri,2023-10-19 02:30:00,hum,80.0,85.11925888362495,1,1,1,223.37968141763574
Ratnagiri,2023-10-20 02:30:00,hum,75.0,82.47331186219323,1,1,1,223.37968141763574
Ratnagiri,2023-10-21 02:15:00,hum,73.0,77.78620966120499,1,1,1,223.37968141763574
Ratnagiri,2023-10-22 02:30:00,hum,71.0,75.4889007140661,1,1,1,223.37968141763574
Ratnagiri,2023-10-23 02:15:00,hum,77.0,73.14569015233576,1,1,1,223.37968141763574
Ratnagiri,2023-10-24 02:15:00,hum,69.0,77.07650363722324,1,1,1,223.37968141763574
Ratnagiri,2023-10-25 02:15:00,hum,75.0,71.35318638385833,1,1,1,223.37968141763574
Ratnagiri,2023-10-26 02:00:00,hum,72.0,74.57048471636737,1,1,1,223.37968141763574
Ratnagiri,2023-10-27 02:15:00,hum,57.0,72.74981426322627,1,1,1,223.37968141763574
Ratnagiri,2023-10-28 02:00:00,hum,53.0,62.64799017765571,1,1,1,223.37968141763574
Ratnagiri,2023-10-29 02:45:00,hum,59.0,55.82940979542201,1,1,1,223.37968141763574
Ratnagiri,2023-10-30 02:00:00,hum,60.0,59.69737615674927,1,1,1,223.37968141763574
Rayagada,2023-10-15 02:30:00,hum,83.0,81.7246304860379,2,1,0,274.7881765643241
Rayagada,2023-10-16 02:30:00,hum,75.0,80.83780591801059,2,1,0,274.7881765643241
Rayagada,2023-10-17 02:30:00,hum,71.0,74.94376474324142,2,1,0,274.7881765643241
Rayagada,2023-10-18 02:30:00,hum,81.0,74.70157167285282,2,1,0,274.7881765643241
Rayagada,2023-10-19 02:30:00,hum,88.0,81.9006616262109,2,1,0,274.7881765643241
Rayagada,2023-10-20 02:30:00,hum,90.0,82.84603171864921,2,1,0,274.7881765643241
Rayagada,2023-10-21 02:15:00,hum,88.0,86.97110414030175,2,1,0,274.7881765643241
Rayagada,2023-10-22 02:30:00,hum,81.0,87.18157368306373,2,1,0,274.7881765643241
Rayagada,2023-10-23 02:15:00,hum,67.0,81.90519425269761,2,1,0,274.7881765643241
Rayagada,2023-10-24 02:15:00,hum,74.0,68.95709979976175,2,1,0,274.7881765643241
Rayagada,2023-10-25 02:15:00,hum,94.0,80.17126485995496,2,1,0,274.7881765643241
Rayagada,2023-10-26 02:00:00,hum,90.0,91.82068257004335,2,1,0,274.7881765643241
Rayagada,2023-10-27 02:15:00,hum,77.0,78.93522911015693,2,1,0,274.7881765643241
Rayagada,2023-10-28 02:00:00,hum,75.0,78.38295485337314,2,1,0,274.7881765643241
Rayagada,2023-10-29 02:45:00,hum,88.0,82.02669229821076,2,1,0,274.7881765643241
Rayagada,2023-10-30 02:00:00,hum,86.0,90.21827846552576,2,1,0,274.7881765643241
Rewa,2023-10-15 02:30:00,hum,54.0,52.22200822380502,2,1,1,329.6947386649516
Rewa,2023-10-16 02:30:00,hum,55.0,52.17164751223172,2,1,1,329.6947386649516
Rewa,2023-10-17 02:15:00,hum,67.0,54.35184419458597,2,1,1,329.6947386649516
Rewa,2023-10-18 02:15:00,hum,69.0,63.0811730511914,2,1,1,329.6947386649516
Rewa,2023-10-19 02:15:00,hum,60.0,63.55123395470921,2,1,1,329.6947386649516
Rewa,2023-10-20 02:15:00,hum,50.0,63.96371264276542,2,1,1,329.6947386649516
Rewa,2023-10-21 02:00:00,hum,54.0,55.940529717395165,2,1,1,329.6947386649516
Rewa,2023-10-22 02:15:00,hum,52.0,55.69524890653243,2,1,1,329.6947386649516
Rewa,2023-10-23 02:00:00,hum,51.0,49.673456177743624,2,1,1,329.6947386649516
Rewa,2023-10-24 02:15:00,hum,53.0,53.35686770067833,2,1,1,329.6947386649516
Rewa,2023-10-25 02:15:00,hum,53.0,51.95113705628873,2,1,1,329.6947386649516
Rewa,2023-10-26 02:00:00,hum,52.0,52.39601064481995,2,1,1,329.6947386649516
Rewa,2023-10-27 02:15:00,hum,39.0,52.53679032622009,2,1,1,329.6947386649516
Rewa,2023-10-28 02:00:00,hum,42.0,42.76390297032116,2,1,1,329.6947386649516
Rewa,2023-10-29 02:30:00,hum,43.0,46.41514772520279,2,1,1,329.6947386649516
Rewa,2023-10-30 01:45:00,hum,45.0,39.21280151536114,2,1,1,329.6947386649516
Rewari,2023-10-15 02:30:00,hum,33.0,26.56986237450418,2,1,2,314.9763117606869
Rewari,2023-10-16 02:30:00,hum,38.0,35.8100871458234,2,1,2,314.9763117606869
Rewari,2023-10-17 02:15:00,hum,78.0,36.0993532914342,2,1,2,314.9763117606869
Rewari,2023-10-18 02:30:00,hum,58.0,73.95712826773726,2,1,2,314.9763117606869
Rewari,2023-10-19 02:15:00,hum,46.0,64.09319156465682,2,1,2,314.9763117606869
Rewari,2023-10-20 02:30:00,hum,43.0,47.38077628482873,2,1,2,314.9763117606869
Rewari,2023-10-21 02:15:00,hum,42.0,43.11846028919308,2,1,2,314.9763117606869
Rewari,2023-10-22 02:15:00,hum,34.0,44.66700087573686,2,1,2,314.9763117606869
Rewari,2023-10-23 02:15:00,hum,37.0,33.47811668449041,2,1,2,314.9763117606869
Rewari,2023-10-24 02:15:00,hum,41.0,37.65244901918415,2,1,2,314.9763117606869
Rewari,2023-10-25 02:15:00,hum,40.0,40.151805778320224,2,1,2,314.9763117606869
Rewari,2023-10-26 02:00:00,hum,42.0,42.887726773244935,2,1,2,314.9763117606869
Rewari,2023-10-27 02:15:00,hum,34.0,42.60343929631025,2,1,2,314.9763117606869
Rewari,2023-10-28 02:00:00,hum,21.0,36.080755539503876,2,1,2,314.9763117606869
Rewari,2023-10-29 02:30:00,hum,31.0,23.427079152614226,2,1,2,314.9763117606869
Rewari,2023-10-30 01:45:00,hum,36.0,31.375325470522455,2,1,2,314.9763117606869
Rohtak,2023-10-15 02:30:00,hum,33.0,31.0,0,1,0,325.8144174054665
Rohtak,2023-10-16 02:30:00,hum,40.0,33.0,0,1,0,325.8144174054665
Rohtak,2023-10-17 02:15:00,hum,81.0,40.0,0,1,0,325.8144174054665
Rohtak,2023-10-18 02:15:00,hum,54.0,81.0,0,1,0,325.8144174054665
Rohtak,2023-10-19 02:15:00,hum,43.0,54.0,0,1,0,325.8144174054665
Rohtak,2023-10-20 02:30:00,hum,38.0,43.0,0,1,0,325.8144174054665
Rohtak,2023-10-21 02:15:00,hum,42.0,38.0,0,1,0,325.8144174054665
Rohtak,2023-10-22 02:15:00,hum,33.0,42.0,0,1,0,325.8144174054665
Rohtak,2023-10-23 02:15:00,hum,39.0,33.0,0,1,0,325.8144174054665
Rohtak,2023-10-24 02:15:00,hum,37.0,39.0,0,1,0,325.8144174054665
Rohtak,2023-10-25 02:15:00,hum,37.0,37.0,0,1,0,325.8144174054665
Rohtak,2023-10-26 02:00:00,hum,34.0,37.0,0,1,0,325.8144174054665
Rohtak,2023-10-27 02:15:00,hum,26.0,34.0,0,1,0,325.8144174054665
Rohtak,2023-10-28 02:00:00,hum,25.0,26.000000000000004,0,1,0,325.8144174054665
Rohtak,2023-10-29 02:30:00,hum,29.0,25.0,0,1,0,325.8144174054665
Rohtak,2023-10-30 01:45:00,hum,34.0,29.0,0,1,0,325.8144174054665
Rudraprayag,2023-10-15 02:30:00,hum,70.0,74.22806368440051,1,1,0,267.93768010917165
Rudraprayag,2023-10-16 02:30:00,hum,74.0,71.34275320417612,1,1,0,267.93768010917165
Rudraprayag,2023-10-17 02:30:00,hum,77.0,72.87946222829771,1,1,0,267.93768010917165
Rudraprayag,2023-10-18 02:30:00,hum,77.0,76.20168669156017,1,1,0,267.93768010917165
Rudraprayag,2023-10-19 02:15:00,hum,67.0,77.0,1,1,0,267.93768010917165
Rudraprayag,2023-10-20 02:30:00,hum,70.0,69.63808434802844,1,1,0,267.93768010917165
Rudraprayag,2023-10-21 02:15:00,hum,73.0,69.19978933673026,1,1,0,267.93768010917165
Rudraprayag,2023-10-22 02:15:00,hum,73.0,72.22616664452786,1,1,0,267.93768010917165
Rudraprayag,2023-10-23 02:15:00,hum,61.0,73.0,1,1,0,267.93768010917165
Rudraprayag,2023-10-24 02:15:00,hum,63.0,64.06922733420868,1,1,0,267.93768010917165
Rudraprayag,2023-10-25 02:15:00,hum,55.0,62.506052425059615,1,1,0,267.93768010917165
Rudraprayag,2023-10-26 02:00:00,hum,59.0,57.05787755151958,1,1,0,267.93768010917165
Rudraprayag,2023-10-27 02:15:00,hum,63.0,57.92973869590997,1,1,0,267.93768010917165
Rudraprayag,2023-10-28 02:00:00,hum,67.0,61.98276058304614,1,1,0,267.93768010917165
Rudraprayag,2023-10-29 02:30:00,hum,65.0,66.034755001436,1,1,0,267.93768010917165
Rudraprayag,2023-10-30 01:45:00,hum,66.0,65.48808102269062,1,1,0,267.93768010917165
Rupnagar,2023-10-15 02:30:00,hum,42.0,44.29343240440367,0,1,1,303.9815820104218
Rupnagar,2023-10-16 02:30:00,hum,43.0,42.985246481308636,0,1,1,303.9815820104218
Rupnagar,2023-10-17 02:30:00,hum,58.0,42.993803722685065,0,1,1,303.9815820104218
Rupnagar,2023-10-18 02:30:00,hum,55.0,51.49789805065911,0,1,1,303.9815820104218
Rupnagar,2023-10-19 02:15:00,hum,51.0,53.66206680754629,0,1,1,303.9815820104218
Rupnagar,2023-10-20 02:30:00,hum,49.0,52.09109804897205,0,1,1,303.9815820104218
Rupnagar,2023-10-21 02:15:00,hum,48.0,50.315439595498205,0,1,1,303.9815820104218
Rupnagar,2023-10-22 02:15:00,hum,45.0,48.97975974695267,0,1,1,303.9815820104218
Rupnagar,2023-10-23 02:15:00,hum,43.0,46.660550353418714,0,1,1,303.9815820104218
Rupnagar,2023-10-24 02:15:00,hum,47.0,44.49014952755273,0,1,1,303.9815820104218
Rupnagar,2023-10-25 02:15:00,hum,44.0,45.966642374298566,0,1,1,303.9815820104218
Rupnagar,2023-10-26 02:00:00,hum,40.0,44.82114195078832,0,1,1,303.9815820104218
Rupnagar,2023-10-27 02:15:00,hum,42.0,41.993514228903024,0,1,1,303.9815820104218
Rupnagar,2023-10-28 02:00:00,hum,43.0,41.99770780429948,0,1,1,303.9815820104218
Rupnagar,2023-10-29 02:45:00,hum,47.0,42.5847712665788,0,1,1,303.9815820104218
Rupnagar,2023-10-30 02:00:00,hum,41.0,45.166373832328375,0,1,1,303.9815820104218
Sagar,2023-10-15 02:30:00,hum,53.0,51.458400578522436,0,1,1,306.21431497780077
Sagar,2023-10-16 02:30:00,hum,47.0,52.62907657729577,0,1,1,306.21431497780077
Sagar,2023-10-17 02:15:00,hum,70.0,48.37410937219387,0,1,1,306.21431497780077
Sagar,2023-10-18 02:15:00,hum,69.0,63.79778947540785,0,1,1,306.21431497780077
Sagar,2023-10-19 02:15:00,hum,63.0,67.86916934377719,0,1,1,306.21431497780077
Sagar,2023-10-20 02:15:00,hum,47.0,64.27109719265678,0,1,1,306.21431497780077
Sagar,2023-10-21 02:00:00,hum,52.0,51.39399138674173,0,1,1,306.21431497780077
Sagar,2023-10-22 02:15:00,hum,46.0,51.8633365110289,0,1,1,306.21431497780077
Sagar,2023-10-23 02:00:00,hum,58.0,47.460735910339395,0,1,1,306.21431497780077
Sagar,2023-10-24 02:00:00,hum,53.0,55.12415407014034,0,1,1,306.21431497780077
Sagar,2023-10-25 02:15:00,hum,46.0,53.58885676665492,0,1,1,306.21431497780077
Sagar,2023-10-26 02:00:00,hum,44.0,48.1649424889266,0,1,1,306.21431497780077
Sagar,2023-10-27 02:15:00,hum,42.0,45.116337370361016,0,1,1,306.21431497780077
Sagar,2023-10-28 02:00:00,hum,44.0,42.82061344186569,0,1,1,306.21431497780077
Sagar,2023-10-29 02:30:00,hum,42.0,43.685404513224704,0,1,1,306.21431497780077
Sagar,2023-10-30 01:45:00,hum,45.0,42.453476711702045,0,1,1,306.21431497780077
Saharanpur,2023-10-15 02:30:00,hum,54.0,58.45968793153069,1,1,0,308.00880529152016
Saharanpur,2023-10-16 02:30:00,hum,55.0,57.10351701573117,1,1,0,308.00880529152016
Saharanpur,2023-10-17 02:30:00,hum,80.0,54.48594073165359,1,1,0,308.00880529152016
Saharanpur,2023-10-18 02:30:00,hum,63.0,67.37879943398224,1,1,0,308.00880529152016
Saharanpur,2023-10-19 02:30:00,hum,60.0,72.01272818429896,1,1,0,308.00880529152016
Saharanpur,2023-10-20 02:30:00,hum,61.0,61.457814421419165,1,1,0,308.00880529152016
Saharanpur,2023-10-21 02:15:00,hum,58.0,60.514168620933674,1,1,0,308.00880529152016
Saharanpur,2023-10-22 02:30:00,hum,57.0,59.4596192958098,1,1,0,308.00880529152016
Saharanpur,2023-10-23 02:15:00,hum,58.0,57.485109690834896,1,1,0,308.00880529152016
Saharanpur,2023-10-24 02:15:00,hum,55.0,57.51461083170629,1,1,0,308.00880529152016
Saharanpur,2023-10-25 02:30:00,hum,54.0,56.45823547150053,1,1,0,308.00880529152016
Saharanpur,2023-10-26 02:00:00,hum,48.0,54.48463294585231,1,1,0,308.00880529152016
Saharanpur,2023-10-27 02:30:00,hum,51.0,50.89971389146591,1,1,0,308.00880529152016
Saharanpur,2023-10-28 02:00:00,hum,48.0,49.549318927180565,1,1,0,308.00880529152016
Saharanpur,2023-10-29 02:45:00,hum,52.0,49.45406429287738,1,1,0,308.00880529152016
Saharanpur,2023-10-30 02:00:00,hum,55.0,50.05424904620933,1,1,0,308.00880529152016
Saharsa,2023-10-15 02:30:00,hum,68.0,64.0,0,1,0,298.8754392314643
Saharsa,2023-10-16 02:30:00,hum,72.0,68.0,0,1,0,298.8754392314643
Saharsa,2023-10-17 02:15:00,hum,80.0,72.0,0,1,0,298.8754392314643
Saharsa,2023-10-18 02:30:00,hum,75.0,80.0,0,1,0,298.8754392314643
Saharsa,2023-10-19 02:15:00,hum,70.0,75.0,0,1,0,298.8754392314643
Saharsa,2023-10-20 02:30:00,hum,69.0,70.0,0,1,0,298.8754392314643
Saharsa,2023-10-21 02:15:00,hum,65.0,69.0,0,1,0,298.8754392314643
Saharsa,2023-10-22 02:15:00,hum,64.0,65.0,0,1,0,298.8754392314643
Saharsa,2023-10-23 02:15:00,hum,68.0,63.99999999999999,0,1,0,298.8754392314643
Saharsa,2023-10-24 02:15:00,hum,74.0,68.0,0,1,0,298.8754392314643
Saharsa,2023-10-25 02:15:00,hum,66.0,74.0,0,1,0,298.8754392314643
Saharsa,2023-10-26 02:00:00,hum,73.0,66.0,0,1,0,298.8754392314643
Saharsa,2023-10-27 02:15:00,hum,58.0,73.0,0,1,0,298.8754392314643
Saharsa,2023-10-28 02:00:00,hum,55.0,58.0,0,1,0,298.8754392314643
Saharsa,2023-10-29 02:30:00,hum,61.0,55.0,0,1,0,298.8754392314643
Saharsa,2023-10-30 01:45:00,hum,66.0,61.0,0,1,0,298.8754392314643
Sahibganj,2023-10-15 02:30:00,hum,72.0,68.0,0,1,0,308.1042266170288
Sahibganj,2023-10-16 02:30:00,hum,64.0,72.0,0,1,0,308.1042266170288
Sahibganj,2023-10-17 02:15:00,hum,75.0,64.0,0,1,0,308.1042266170288
Sahibganj,2023-10-18 02:30:00,hum,76.0,75.0,0,1,0,308.1042266170288
Sahibganj,2023-10-19 02:15:00,hum,77.0,76.0,0,1,0,308.1042266170288
Sahibganj,2023-10-20 02:30:00,hum,71.0,77.0,0,1,0,308.1042266170288
Sahibganj,2023-10-21 02:15:00,hum,69.0,71.00000000000001,0,1,0,308.1042266170288
Sahibganj,2023-10-22 02:15:00,hum,69.0,69.0,0,1,0,308.1042266170288
Sahibganj,2023-10-23 02:00:00,hum,74.0,69.0,0,1,0,308.1042266170288
Sahibganj,2023-10-24 02:15:00,hum,87.0,74.0,0,1,0,308.1042266170288
Sahibganj,2023-10-25 02:15:00,hum,85.0,87.0,0,1,0,308.1042266170288
Sahibganj,2023-10-26 02:00:00,hum,82.0,85.0,0,1,0,308.1042266170288
Sahibganj,2023-10-27 02:15:00,hum,58.0,82.0,0,1,0,308.1042266170288
Sahibganj,2023-10-28 02:00:00,hum,58.0,58.0,0,1,0,308.1042266170288
Sahibganj,2023-10-29 02:30:00,hum,56.0,58.0,0,1,0,308.1042266170288
Sahibganj,2023-10-30 01:45:00,hum,68.0,56.0,0,1,0,308.1042266170288
Saiha,2023-10-15 02:30:00,hum,86.0,98.10402356907909,2,0,1,173.4307887007569
Saiha,2023-10-16 02:30:00,hum,86.0,98.37533816272537,2,0,1,173.4307887007569
Saiha,2023-10-17 02:15:00,hum,84.0,94.21023545777871,2,0,1,173.4307887007569
Saiha,2023-10-18 02:30:00,hum,80.0,87.7988563948018,2,0,1,173.4307887007569
Saiha,2023-10-19 02:15:00,hum,83.0,81.82016341086894,2,0,1,173.4307887007569
Saiha,2023-10-20 02:30:00,hum,81.0,83.73704901979197,2,0,1,173.4307887007569
Saiha,2023-10-21 02:15:00,hum,78.0,82.35441873505755,2,0,1,173.4307887007569
Saiha,2023-10-22 02:15:00,hum,96.0,79.25455382270222,2,0,1,173.4307887007569
Saiha,2023-10-23 02:15:00,hum,99.0,93.05930892175715,2,0,1,173.4307887007569
Saiha,2023-10-24 02:15:00,hum,100.0,98.15827007202512,2,0,1,173.4307887007569
Saiha,2023-10-25 02:15:00,hum,100.0,99.39163553133733,2,0,1,173.4307887007569
Saiha,2023-10-26 02:00:00,hum,99.0,99.18343252673844,2,0,1,173.4307887007569
Saiha,2023-10-27 02:15:00,hum,97.0,98.53788591820614,2,0,1,173.4307887007569
Saiha,2023-10-28 02:00:00,hum,92.0,96.86927552879553,2,0,1,173.4307887007569
Saiha,2023-10-29 02:30:00,hum,86.0,92.92171100357798,2,0,1,173.4307887007569
Saiha,2023-10-30 01:45:00,hum,80.0,87.9801118350356,2,0,1,173.4307887007569
Saitual,2023-10-15 02:30:00,hum,98.0,98.55555056583572,0,0,0,195.34768699217216
Saitual,2023-10-16 02:30:00,hum,98.0,98.54347324907694,0,0,0,195.34768699217216
Saitual,2023-10-17 02:30:00,hum,94.0,98.53190984082309,0,0,0,195.34768699217216
Saitual,2023-10-18 02:30:00,hum,92.0,98.43749492121641,0,0,0,195.34768699217216
Saitual,2023-10-19 02:30:00,hum,96.0,98.30611760798456,0,0,0,195.34768699217216
Saitual,2023-10-20 02:30:00,hum,92.0,98.25999500782005,0,0,0,195.34768699217216
Saitual,2023-10-21 02:30:00,hum,89.0,98.13724987356035,0,0,0,195.34768699217216
Saitual,2023-10-22 02:30:00,hum,93.0,97.96153343936774,0,0,0,195.34768699217216
Saitual,2023-10-23 02:15:00,hum,100.0,97.86791958541215,0,0,0,195.34768699217216
Saitual,2023-10-24 02:15:00,hum,100.0,97.90740200839885,0,0,0,195.34768699217216
Saitual,2023-10-25 02:30:00,hum,82.0,97.94544955286634,0,0,0,195.34768699217216
Saitual,2023-10-26 02:00:00,hum,96.0,97.66070936690066,0,0,0,195.34768699217216
Saitual,2023-10-27 02:30:00,hum,99.0,97.63157407498998,0,0,0,195.34768699217216
Saitual,2023-10-28 02:00:00,hum,98.0,97.65516745817294,0,0,0,195.34768699217216
Saitual,2023-10-29 02:45:00,hum,97.0,97.66101196727261,0,0,0,195.34768699217216
Saitual,2023-10-30 02:00:00,hum,84.0,97.6499949837707,0,0,0,195.34768699217216
Salem,2023-10-15 02:30:00,hum,94.0,87.96695170165133,1,1,1,254.8957094502965
Salem,2023-10-16 02:30:00,hum,85.0,92.98222566904558,1,1,1,254.8957094502965
Salem,2023-10-17 02:30:00,hum,92.0,86.72082999637257,1,1,1,254.8957094502965
Salem,2023-10-18 02:30:00,hum,92.0,91.48652558174336,1,1,1,254.8957094502965
Salem,2023-10-19 02:30:00,hum,86.0,91.49654883756753,1,1,1,254.8957094502965
Salem,2023-10-20 02:30:00,hum,87.0,87.52601431693573,1,1,1,254.8957094502965
Salem,2023-10-21 02:15:00,hum,87.0,88.15515072815114,1,1,1,254.8957094502965
Salem,2023-10-22 02:30:00,hum,80.0,88.12566494187254,1,1,1,254.8957094502965
Salem,2023-10-23 02:15:00,hum,85.0,83.0900020170265,1,1,1,254.8957094502965
Salem,2023-10-24 02:15:00,hum,73.0,86.58282034637328,1,1,1,254.8957094502965
Salem,2023-10-25 02:30:00,hum,78.0,77.370204211852,1,1,1,254.8957094502965
Salem,2023-10-26 02:00:00,hum,86.0,80.729028267176,1,1,1,254.8957094502965
Salem,2023-10-27 02:15:00,hum,87.0,86.48916220426757,1,1,1,254.8957094502965
Salem,2023-10-28 02:00:00,hum,88.0,87.18915316228177,1,1,1,254.8957094502965
Salem,2023-10-29 02:45:00,hum,90.0,87.9225897583294,1,1,1,254.8957094502965
Salem,2023-10-30 02:00:00,hum,94.0,89.43613176926434,1,1,1,254.8957094502965
Samastipur,2023-10-15 02:30:00,hum,70.0,55.0,0,1,0,309.60673366382633
Samastipur,2023-10-16 02:30:00,hum,73.0,70.0,0,1,0,309.60673366382633
Samastipur,2023-10-17 02:15:00,hum,83.0,73.0,0,1,0,309.60673366382633
Samastipur,2023-10-18 02:30:00,hum,73.0,83.0,0,1,0,309.60673366382633
Samastipur,2023-10-19 02:15:00,hum,69.0,73.0,0,1,0,309.60673366382633
Samastipur,2023-10-20 02:30:00,hum,60.0,69.0,0,1,0,309.60673366382633
Samastipur,2023-10-21 02:15:00,hum,61.0,60.0,0,1,0,309.60673366382633
Samastipur,2023-10-22 02:15:00,hum,58.0,61.0,0,1,0,309.60673366382633
Samastipur,2023-10-23 02:15:00,hum,60.0,58.0,0,1,0,309.60673366382633
Samastipur,2023-10-24 02:15:00,hum,73.0,60.0,0,1,0,309.60673366382633
Samastipur,2023-10-25 02:15:00,hum,64.0,73.0,0,1,0,309.60673366382633
Samastipur,2023-10-26 02:00:00,hum,63.0,63.99999999999999,0,1,0,309.60673366382633
Samastipur,2023-10-27 02:15:00,hum,63.0,63.0,0,1,0,309.60673366382633
Samastipur,2023-10-28 02:00:00,hum,54.0,63.0,0,1,0,309.60673366382633
Samastipur,2023-10-29 02:30:00,hum,60.0,54.0,0,1,0,309.60673366382633
Samastipur,2023-10-30 01:45:00,hum,61.0,60.0,0,1,0,309.60673366382633
Samba,2023-10-15 02:30:00,hum,45.0,42.0,0,1,0,316.258966463932
Samba,2023-10-16 02:30:00,hum,43.0,45.0,0,1,0,316.258966463932
Samba,2023-10-17 02:15:00,hum,73.0,43.0,0,1,0,316.258966463932
Samba,2023-10-18 02:15:00,hum,54.0,73.0,0,1,0,316.258966463932
Samba,2023-10-19 02:15:00,hum,56.0,54.0,0,1,0,316.258966463932
Samba,2023-10-20 02:15:00,hum,61.0,56.0,0,1,0,316.258966463932
Samba,2023-10-21 02:15:00,hum,52.0,61.0,0,1,0,316.258966463932
Samba,2023-10-22 02:15:00,hum,50.0,52.0,0,1,0,316.258966463932
Samba,2023-10-23 02:00:00,hum,49.0,50.0,0,1,0,316.258966463932
Samba,2023-10-24 02:15:00,hum,54.0,49.0,0,1,0,316.258966463932
Samba,2023-10-25 02:15:00,hum,43.0,54.0,0,1,0,316.258966463932
Samba,2023-10-26 02:00:00,hum,43.0,43.0,0,1,0,316.258966463932
Samba,2023-10-27 02:15:00,hum,46.0,43.0,0,1,0,316.258966463932
Samba,2023-10-28 02:00:00,hum,45.0,46.0,0,1,0,316.258966463932
Samba,2023-10-29 02:30:00,hum,42.0,45.0,0,1,0,316.258966463932
Samba,2023-10-30 01:45:00,hum,42.0,42.0,0,1,0,316.258966463932
Sambalpur,2023-10-15 02:30:00,hum,77.0,78.09395654971883,1,1,2,265.0430949035106
Sambalpur,2023-10-16 02:30:00,hum,69.0,77.53283331907372,1,1,2,265.0430949035106
Sambalpur,2023-10-17 02:30:00,hum,77.0,67.89767775140473,1,1,2,265.0430949035106
Sambalpur,2023-10-18 02:30:00,hum,77.0,80.73129191199497,1,1,2,265.0430949035106
Sambalpur,2023-10-19 02:30:00,hum,76.0,72.2011043428645,1,1,2,265.0430949035106
Sambalpur,2023-10-20 02:30:00,hum,75.0,79.69917354020525,1,1,2,265.0430949035106
Sambalpur,2023-10-21 02:15:00,hum,73.0,72.08442024902345,1,1,2,265.0430949035106
Sambalpur,2023-10-22 02:30:00,hum,68.0,76.10522767274622,1,1,2,265.0430949035106
Sambalpur,2023-10-23 02:15:00,hum,64.0,68.25956617517151,1,1,2,265.0430949035106
Sambalpur,2023-10-24 02:15:00,hum,75.0,66.61946016152572,1,1,2,265.0430949035106
Sambalpur,2023-10-25 02:15:00,hum,76.0,72.22087289948972,1,1,2,265.0430949035106
Sambalpur,2023-10-26 02:00:00,hum,68.0,75.21519823627844,1,1,2,265.0430949035106
Sambalpur,2023-10-27 02:15:00,hum,64.0,69.06559967847515,1,1,2,265.0430949035106
Sambalpur,2023-10-28 02:00:00,hum,65.0,65.84289580493407,1,1,2,265.0430949035106
Sambalpur,2023-10-29 02:45:00,hum,68.0,66.25127542176885,1,1,2,265.0430949035106
Sambalpur,2023-10-30 02:00:00,hum,69.0,67.79687051858099,1,1,2,265.0430949035106
Sambhal,2023-10-15 02:30:00,hum,53.0,54.29699990905547,2,1,1,333.67656728875914
Sambhal,2023-10-16 02:30:00,hum,58.0,49.23868228027323,2,1,1,333.67656728875914
Sambhal,2023-10-17 02:30:00,hum,87.0,54.73209236979455,2,1,1,333.67656728875914
Sambhal,2023-10-18 02:30:00,hum,60.0,75.72939630170556,2,1,1,333.67656728875914
Sambhal,2023-10-19 02:30:00,hum,55.0,50.447168305785084,2,1,1,333.67656728875914
Sambhal,2023-10-20 02:30:00,hum,52.0,61.87025757992076,2,1,1,333.67656728875914
Sambhal,2023-10-21 02:15:00,hum,47.0,58.240969676156666,2,1,1,333.67656728875914
Sambhal,2023-10-22 02:30:00,hum,54.0,53.43622774921112,2,1,1,333.67656728875914
Sambhal,2023-10-23 02:15:00,hum,50.0,57.152517141282416,2,1,1,333.67656728875914
Sambhal,2023-10-24 02:15:00,hum,53.0,51.15654144973865,2,1,1,333.67656728875914
Sambhal,2023-10-25 02:30:00,hum,47.0,53.89782265844752,2,1,1,333.67656728875914
Sambhal,2023-10-26 02:00:00,hum,41.0,48.7697348788361,2,1,1,333.67656728875914
Sambhal,2023-10-27 02:15:00,hum,47.0,45.98911082652461,2,1,1,333.67656728875914
Sambhal,2023-10-28 02:00:00,hum,39.0,49.80658561067021,2,1,1,333.67656728875914
Sambhal,2023-10-29 02:45:00,hum,44.0,41.57316361681473,2,1,1,333.67656728875914
Sambhal,2023-10-30 02:00:00,hum,50.0,46.205051707843324,2,1,1,333.67656728875914
Sangli,2023-10-15 02:30:00,hum,68.0,50.56685671134409,1,1,2,256.91078185012424
Sangli,2023-10-16 02:30:00,hum,72.0,65.72607960194524,1,1,2,256.91078185012424
Sangli,2023-10-17 02:30:00,hum,61.0,68.99531981161687,1,1,2,256.91078185012424
Sangli,2023-10-18 02:30:00,hum,59.0,60.80697494875396,1,1,2,256.91078185012424
Sangli,2023-10-19 02:30:00,hum,50.0,62.035492835625675,1,1,2,256.91078185012424
Sangli,2023-10-20 02:30:00,hum,54.0,50.52230234741533,1,1,2,256.91078185012424
Sangli,2023-10-21 02:15:00,hum,47.0,57.08181577424814,1,1,2,256.91078185012424
Sangli,2023-10-22 02:30:00,hum,59.0,46.92878360699518,1,1,2,256.91078185012424
Sangli,2023-10-23 02:15:00,hum,60.0,58.201152337325524,1,1,2,256.91078185012424
Sangli,2023-10-24 02:15:00,hum,50.0,57.69837093149397,1,1,2,256.91078185012424
Sangli,2023-10-25 02:15:00,hum,56.0,51.9529273527062,1,1,2,256.91078185012424
Sangli,2023-10-26 02:00:00,hum,51.0,56.096306614786535,1,1,2,256.91078185012424
Sangli,2023-10-27 02:15:00,hum,50.0,53.483930482101556,1,1,2,256.91078185012424
Sangli,2023-10-28 02:00:00,hum,48.0,51.3708547058486,1,1,2,256.91078185012424
Sangli,2023-10-29 02:45:00,hum,43.0,49.93458512680074,1,1,2,256.91078185012424
Sangli,2023-10-30 02:00:00,hum,45.0,44.96017328287512,1,1,2,256.91078185012424
Sangrur,2023-10-15 02:30:00,hum,43.0,39.0,0,1,0,322.8229744023532
Sangrur,2023-10-16 02:30:00,hum,46.0,43.0,0,1,0,322.8229744023532
Sangrur,2023-10-17 02:30:00,hum,84.0,46.0,0,1,0,322.8229744023532
Sangrur,2023-10-18 02:30:00,hum,56.0,84.0,0,1,0,322.8229744023532
Sangrur,2023-10-19 02:15:00,hum,50.0,55.99999999999999,0,1,0,322.8229744023532
Sangrur,2023-10-20 02:30:00,hum,40.0,50.0,0,1,0,322.8229744023532
Sangrur,2023-10-21 02:15:00,hum,35.0,40.0,0,1,0,322.8229744023532
Sangrur,2023-10-22 02:15:00,hum,30.0,35.0,0,1,0,322.8229744023532
Sangrur,2023-10-23 02:15:00,hum,41.0,30.0,0,1,0,322.8229744023532
Sangrur,2023-10-24 02:15:00,hum,47.0,41.0,0,1,0,322.8229744023532
Sangrur,2023-10-25 02:15:00,hum,38.0,47.0,0,1,0,322.8229744023532
Sangrur,2023-10-26 02:00:00,hum,35.0,38.0,0,1,0,322.8229744023532
Sangrur,2023-10-27 02:15:00,hum,35.0,35.0,0,1,0,322.8229744023532
Sangrur,2023-10-28 02:00:00,hum,32.0,35.0,0,1,0,322.8229744023532
Sangrur,2023-10-29 02:45:00,hum,36.0,31.999999999999996,0,1,0,322.8229744023532
Sangrur,2023-10-30 02:00:00,hum,36.0,36.0,0,1,0,322.8229744023532
Sant,2023-10-15 02:30:00,hum,62.0,54.0,0,1,0,295.0214070820902
Sant,2023-10-16 02:30:00,hum,67.0,62.0,0,1,0,295.0214070820902
Sant,2023-10-17 02:30:00,hum,55.0,67.0,0,1,0,295.0214070820902
Sant,2023-10-18 02:30:00,hum,57.0,55.0,0,1,0,295.0214070820902
Sant,2023-10-19 02:30:00,hum,57.0,57.0,0,1,0,295.0214070820902
Sant,2023-10-20 02:30:00,hum,51.0,57.0,0,1,0,295.0214070820902
Sant,2023-10-21 02:15:00,hum,48.0,51.0,0,1,0,295.0214070820902
Sant,2023-10-22 02:30:00,hum,42.0,48.0,0,1,0,295.0214070820902
Sant,2023-10-23 02:15:00,hum,42.0,42.0,0,1,0,295.0214070820902
Sant,2023-10-24 02:15:00,hum,38.0,42.0,0,1,0,295.0214070820902
Sant,2023-10-25 02:30:00,hum,36.0,38.0,0,1,0,295.0214070820902
Sant,2023-10-26 02:00:00,hum,32.0,36.0,0,1,0,295.0214070820902
Sant,2023-10-27 02:30:00,hum,35.0,32.0,0,1,0,295.0214070820902
Sant,2023-10-28 02:00:00,hum,34.0,35.0,0,1,0,295.0214070820902
Sant,2023-10-29 02:45:00,hum,36.0,34.0,0,1,0,295.0214070820902
Sant,2023-10-30 02:00:00,hum,34.0,36.0,0,1,0,295.0214070820902
Saraikela,2023-10-15 02:30:00,hum,68.0,69.0,0,1,0,265.7746094756191
Saraikela,2023-10-16 02:30:00,hum,75.0,68.0,0,1,0,265.7746094756191
Saraikela,2023-10-17 02:15:00,hum,75.0,75.0,0,1,0,265.7746094756191
Saraikela,2023-10-18 02:30:00,hum,75.0,75.0,0,1,0,265.7746094756191
Saraikela,2023-10-19 02:15:00,hum,73.0,75.0,0,1,0,265.7746094756191
Saraikela,2023-10-20 02:30:00,hum,67.0,73.0,0,1,0,265.7746094756191
Saraikela,2023-10-21 02:15:00,hum,66.0,67.0,0,1,0,265.7746094756191
Saraikela,2023-10-22 02:15:00,hum,64.0,66.0,0,1,0,265.7746094756191
Saraikela,2023-10-23 02:00:00,hum,66.0,64.0,0,1,0,265.7746094756191
Saraikela,2023-10-24 02:15:00,hum,76.0,66.0,0,1,0,265.7746094756191
Saraikela,2023-10-25 02:15:00,hum,77.0,76.0,0,1,0,265.7746094756191
Saraikela,2023-10-26 02:00:00,hum,69.0,77.0,0,1,0,265.7746094756191
Saraikela,2023-10-27 02:15:00,hum,63.0,69.0,0,1,0,265.7746094756191
Saraikela,2023-10-28 02:00:00,hum,60.0,63.0,0,1,0,265.7746094756191
Saraikela,2023-10-29 02:30:00,hum,57.0,60.0,0,1,0,265.7746094756191
Saraikela,2023-10-30 01:45:00,hum,63.0,57.0,0,1,0,265.7746094756191
Saran,2023-10-15 02:30:00,hum,71.0,77.0,0,1,0,313.12377737044835
Saran,2023-10-16 02:30:00,hum,69.0,71.0,0,1,0,313.12377737044835
Saran,2023-10-17 02:15:00,hum,74.0,69.0,0,1,0,313.12377737044835
Saran,2023-10-18 02:30:00,hum,76.0,74.0,0,1,0,313.12377737044835
Saran,2023-10-19 02:15:00,hum,81.0,76.0,0,1,0,313.12377737044835
Saran,2023-10-20 02:30:00,hum,70.0,81.0,0,1,0,313.12377737044835
Saran,2023-10-21 02:15:00,hum,69.0,70.0,0,1,0,313.12377737044835
Saran,2023-10-22 02:15:00,hum,61.0,69.0,0,1,0,313.12377737044835
Saran,2023-10-23 02:15:00,hum,61.0,60.99999999999999,0,1,0,313.12377737044835
Saran,2023-10-24 02:15:00,hum,73.0,61.0,0,1,0,313.12377737044835
Saran,2023-10-25 02:15:00,hum,73.0,73.0,0,1,0,313.12377737044835
Saran,2023-10-26 02:00:00,hum,65.0,73.0,0,1,0,313.12377737044835
Saran,2023-10-27 02:15:00,hum,56.0,65.0,0,1,0,313.12377737044835
Saran,2023-10-28 02:00:00,hum,58.0,56.00000000000001,0,1,0,313.12377737044835
Saran,2023-10-29 02:30:00,hum,65.0,58.0,0,1,0,313.12377737044835
Saran,2023-10-30 01:45:00,hum,64.0,65.0,0,1,0,313.12377737044835
Satara,2023-10-15 02:30:00,hum,72.0,59.99999999999999,0,1,0,243.55286323804134
Satara,2023-10-16 02:30:00,hum,69.0,72.0,0,1,0,243.55286323804134
Satara,2023-10-17 02:30:00,hum,61.0,69.0,0,1,0,243.55286323804134
Satara,2023-10-18 02:30:00,hum,74.0,61.0,0,1,0,243.55286323804134
Satara,2023-10-19 02:30:00,hum,62.0,74.0,0,1,0,243.55286323804134
Satara,2023-10-20 02:30:00,hum,69.0,62.00000000000001,0,1,0,243.55286323804134
Satara,2023-10-21 02:15:00,hum,70.0,69.0,0,1,0,243.55286323804134
Satara,2023-10-22 02:30:00,hum,60.0,70.0,0,1,0,243.55286323804134
Satara,2023-10-23 02:15:00,hum,68.0,60.0,0,1,0,243.55286323804134
Satara,2023-10-24 02:15:00,hum,64.0,68.0,0,1,0,243.55286323804134
Satara,2023-10-25 02:15:00,hum,63.0,64.0,0,1,0,243.55286323804134
Satara,2023-10-26 02:00:00,hum,54.0,63.0,0,1,0,243.55286323804134
Satara,2023-10-27 02:15:00,hum,44.0,54.0,0,1,0,243.55286323804134
Satara,2023-10-28 02:00:00,hum,50.0,44.0,0,1,0,243.55286323804134
Satara,2023-10-29 02:45:00,hum,48.0,50.0,0,1,0,243.55286323804134
Satara,2023-10-30 02:00:00,hum,51.0,48.0,0,1,0,243.55286323804134
Satna,2023-10-15 02:30:00,hum,51.0,49.43089849381659,2,1,1,326.4109338962198
Satna,2023-10-16 02:30:00,hum,49.0,49.01260240925312,2,1,1,326.4109338962198
Satna,2023-10-17 02:15:00,hum,73.0,50.11851803511951,2,1,1,326.4109338962198
Satna,2023-10-18 02:15:00,hum,70.0,69.85828530501917,2,1,1,326.4109338962198
Satna,2023-10-19 02:15:00,hum,61.0,59.12199541063977,2,1,1,326.4109338962198
Satna,2023-10-20 02:15:00,hum,49.0,71.64635273363889,2,1,1,326.4109338962198
Satna,2023-10-21 02:00:00,hum,53.0,49.53118912859759,2,1,1,326.4109338962198
Satna,2023-10-22 02:15:00,hum,50.0,57.70915542190896,2,1,1,326.4109338962198
Satna,2023-10-23 02:00:00,hum,48.0,46.168921441116595,2,1,1,326.4109338962198
Satna,2023-10-24 02:15:00,hum,53.0,51.96032889090286,2,1,1,326.4109338962198
Satna,2023-10-25 02:15:00,hum,52.0,50.81757986377619,2,1,1,326.4109338962198
Satna,2023-10-26 02:00:00,hum,49.0,50.85313171156755,2,1,1,326.4109338962198
Satna,2023-10-27 02:15:00,hum,40.0,50.73294554682073,2,1,1,326.4109338962198
Satna,2023-10-28 02:00:00,hum,41.0,42.18980066543652,2,1,1,326.4109338962198
Satna,2023-10-29 02:30:00,hum,42.0,44.0717782824533,2,1,1,326.4109338962198
Satna,2023-10-30 01:45:00,hum,43.0,39.57057623907198,2,1,1,326.4109338962198
Sawai Madhopur,2023-10-15 02:30:00,hum,41.0,39.94309184610583,0,1,2,293.9642270475888
Sawai Madhopur,2023-10-16 02:30:00,hum,44.0,41.51051175021543,0,1,2,293.9642270475888
Sawai Madhopur,2023-10-17 02:30:00,hum,78.0,44.282766555466736,0,1,2,293.9642270475888
Sawai Madhopur,2023-10-18 02:30:00,hum,68.0,77.62949505603139,0,1,2,293.9642270475888
Sawai Madhopur,2023-10-19 02:30:00,hum,52.0,83.98394189878434,0,1,2,293.9642270475888
Sawai Madhopur,2023-10-20 02:30:00,hum,44.0,53.13730729820124,0,1,2,293.9642270475888
Sawai Madhopur,2023-10-21 02:30:00,hum,45.0,44.694002019394766,0,1,2,293.9642270475888
Sawai Madhopur,2023-10-22 02:30:00,hum,47.0,45.49110588700798,0,1,2,293.9642270475888
Sawai Madhopur,2023-10-23 02:15:00,hum,46.0,47.000366340123854,0,1,2,293.9642270475888
Sawai Madhopur,2023-10-24 02:15:00,hum,42.0,45.89840413480442,0,1,2,293.9642270475888
Sawai Madhopur,2023-10-25 02:30:00,hum,40.0,42.027980902944996,0,1,2,293.9642270475888
Sawai Madhopur,2023-10-26 02:00:00,hum,36.0,40.22619408883884,0,1,2,293.9642270475888
Sawai Madhopur,2023-10-27 02:30:00,hum,33.0,36.051026455751256,0,1,2,293.9642270475888
Sawai Madhopur,2023-10-28 02:00:00,hum,35.0,33.16731141194669,0,1,2,293.9642270475888
Sawai Madhopur,2023-10-29 02:45:00,hum,42.0,35.205975059586486,0,1,2,293.9642270475888
Sawai Madhopur,2023-10-30 02:00:00,hum,44.0,42.01261932886566,0,1,2,293.9642270475888
Sehore,2023-10-15 02:30:00,hum,50.0,52.0,0,1,0,293.4390638669094
Sehore,2023-10-16 02:30:00,hum,59.0,50.0,0,1,0,293.4390638669094
Sehore,2023-10-17 02:15:00,hum,67.0,59.0,0,1,0,293.4390638669094
Sehore,2023-10-18 02:15:00,hum,69.0,67.0,0,1,0,293.4390638669094
Sehore,2023-10-19 02:15:00,hum,61.0,69.0,0,1,0,293.4390638669094
Sehore,2023-10-20 02:15:00,hum,58.0,61.0,0,1,0,293.4390638669094
Sehore,2023-10-21 02:00:00,hum,50.0,58.0,0,1,0,293.4390638669094
Sehore,2023-10-22 02:15:00,hum,42.0,50.0,0,1,0,293.4390638669094
Sehore,2023-10-23 02:00:00,hum,52.0,42.0,0,1,0,293.4390638669094
Sehore,2023-10-24 02:15:00,hum,49.0,52.0,0,1,0,293.4390638669094
Sehore,2023-10-25 02:15:00,hum,45.0,49.0,0,1,0,293.4390638669094
Sehore,2023-10-26 02:00:00,hum,36.0,45.0,0,1,0,293.4390638669094
Sehore,2023-10-27 02:15:00,hum,37.0,36.0,0,1,0,293.4390638669094
Sehore,2023-10-28 02:00:00,hum,35.0,37.0,0,1,0,293.4390638669094
Sehore,2023-10-29 02:30:00,hum,36.0,35.0,0,1,0,293.4390638669094
Sehore,2023-10-30 01:45:00,hum,60.0,36.0,0,1,0,293.4390638669094
Seoni,2023-10-16 02:30:00,hum,52.0,64.5345763449354,1,1,0,298.5318158745452
Seoni,2023-10-17 02:15:00,hum,74.0,58.87305363373032,1,1,0,298.5318158745452
Seoni,2023-10-18 02:15:00,hum,68.0,62.65592412149498,1,1,0,298.5318158745452
Seoni,2023-10-19 02:15:00,hum,73.0,70.87967748594745,1,1,0,298.5318158745452
Seoni,2023-10-20 02:15:00,hum,76.0,70.5801156753924,1,1,0,298.5318158745452
Seoni,2023-10-21 02:00:00,hum,57.0,74.57220239882449,1,1,0,298.5318158745452
Seoni,2023-10-22 02:15:00,hum,58.0,66.32330728156921,1,1,0,298.5318158745452
Seoni,2023-10-23 02:00:00,hum,66.0,57.55193896882139,1,1,0,298.5318158745452
Seoni,2023-10-24 02:15:00,hum,64.0,62.434107914538835,1,1,0,298.5318158745452
Seoni,2023-10-25 02:15:00,hum,58.0,64.88511993083068,1,1,0,298.5318158745452
Seoni,2023-10-26 02:00:00,hum,53.0,60.63356743845538,1,1,0,298.5318158745452
Seoni,2023-10-27 02:15:00,hum,50.0,55.13437820220026,1,1,0,298.5318158745452
Seoni,2023-10-28 02:00:00,hum,51.0,51.26069918333228,1,1,0,298.5318158745452
Seoni,2023-10-29 02:30:00,hum,56.0,50.57984276415369,1,1,0,298.5318158745452
Seoni,2023-10-30 01:45:00,hum,54.0,53.90600564953616,1,1,0,298.5318158745452
Serchhip,2023-10-15 02:30:00,hum,89.0,98.64443939401338,0,0,0,157.7705151117106
Serchhip,2023-10-16 02:30:00,hum,88.0,98.4347776389865,0,0,0,157.7705151117106
Serchhip,2023-10-17 02:15:00,hum,82.0,98.21276093295252,0,0,0,157.7705151117106
Serchhip,2023-10-18 02:30:00,hum,79.0,97.87499501755113,0,0,0,157.7705151117106
Serchhip,2023-10-19 02:15:00,hum,80.0,97.48979061682783,0,0,0,157.7705151117106
Serchhip,2023-10-20 02:30:00,hum,79.0,97.13999504443429,0,0,0,157.7705151117106
Serchhip,2023-10-21 02:15:00,hum,77.0,96.78430887159153,0,0,0,157.7705151117106
Serchhip,2023-10-22 02:15:00,hum,94.0,96.40384129097961,0,0,0,157.7705151117106
Serchhip,2023-10-23 02:15:00,hum,100.0,96.35848571887105,0,0,0,157.7705151117106
Serchhip,2023-10-24 02:15:00,hum,100.0,96.42592109083665,0,0,0,157.7705151117106
Serchhip,2023-10-25 02:15:00,hum,99.0,96.49090413529633,0,0,0,157.7705151117106
Serchhip,2023-10-26 02:00:00,hum,99.0,96.53570941622532,0,0,0,157.7705151117106
Serchhip,2023-10-27 02:15:00,hum,98.0,96.5789424318119,0,0,0,157.7705151117106
Serchhip,2023-10-28 02:00:00,hum,90.0,96.60344336253183,0,0,0,157.7705151117106
Serchhip,2023-10-29 02:30:00,hum,87.0,96.49152045771669,0,0,0,157.7705151117106
Serchhip,2023-10-30 01:45:00,hum,78.0,96.33332835601142,0,0,0,157.7705151117106
Shahdara,2023-10-15 02:30:00,hum,74.0,66.70277507627428,0,1,1,347.1755920012871
Shahdara,2023-10-16 02:30:00,hum,65.0,69.29126546099447,0,1,1,347.1755920012871
Shahdara,2023-10-17 02:30:00,hum,94.0,67.76887451524887,0,1,1,347.1755920012871
Shahdara,2023-10-18 02:30:00,hum,78.0,77.01659037060521,0,1,1,347.1755920012871
Shahdara,2023-10-19 02:30:00,hum,69.0,77.41186580071883,0,1,1,347.1755920012871
Shahdara,2023-10-20 02:30:00,hum,69.0,74.35803366836944,0,1,1,347.1755920012871
Shahdara,2023-10-21 02:15:00,hum,73.0,72.55590442511223,0,1,1,347.1755920012871
Shahdara,2023-10-22 02:30:00,hum,69.0,72.7050852318657,0,1,1,347.1755920012871
Shahdara,2023-10-23 02:15:00,hum,78.0,71.46604909249437,0,1,1,347.1755920012871
Shahdara,2023-10-24 02:15:00,hum,65.0,73.63877541301866,0,1,1,347.1755920012871
Shahdara,2023-10-25 02:30:00,hum,64.0,70.80090732284431,0,1,1,347.1755920012871
Shahdara,2023-10-26 02:00:00,hum,61.0,68.52609556375972,0,1,1,347.1755920012871
Shahdara,2023-10-27 02:30:00,hum,60.0,65.89687792226196,0,1,1,347.1755920012871
Shahdara,2023-10-28 02:00:00,hum,60.0,63.741947674208916,0,1,1,347.1755920012871
Shahdara,2023-10-29 02:45:00,hum,73.0,62.34901295132354,0,1,1,347.1755920012871
Shahdara,2023-10-30 02:00:00,hum,69.0,66.11886356781244,0,1,1,347.1755920012871
Shahdol,2023-10-15 02:30:00,hum,63.0,66.74592375423303,0,1,2,296.72665640531915
Shahdol,2023-10-16 02:30:00,hum,54.0,65.46429531893999,0,1,2,296.72665640531915
Shahdol,2023-10-17 02:15:00,hum,73.0,55.63695791409676,0,1,2,296.72665640531915
Shahdol,2023-10-18 02:15:00,hum,84.0,75.4483920299098,0,1,2,296.72665640531915
Shahdol,2023-10-19 02:15:00,hum,79.0,75.85945367968752,0,1,2,296.72665640531915
Shahdol,2023-10-20 02:15:00,hum,63.0,75.52687451167425,0,1,2,296.72665640531915
Shahdol,2023-10-21 02:00:00,hum,63.0,63.19741674169417,0,1,2,296.72665640531915
Shahdol,2023-10-22 02:15:00,hum,64.0,68.60411319268991,0,1,2,296.72665640531915
Shahdol,2023-10-23 02:00:00,hum,63.0,64.72927575982679,0,1,2,296.72665640531915
Shahdol,2023-10-24 02:15:00,hum,68.0,65.1714772508285,0,1,2,296.72665640531915
Shahdol,2023-10-25 02:15:00,hum,62.0,68.40350331233242,0,1,2,296.72665640531915
Shahdol,2023-10-26 02:00:00,hum,64.0,61.53718619496439,0,1,2,296.72665640531915
Shahdol,2023-10-27 02:15:00,hum,61.0,66.53295864118908,0,1,2,296.72665640531915
Shahdol,2023-10-28 02:00:00,hum,55.0,60.69793959780524,0,1,2,296.72665640531915
Shahdol,2023-10-29 02:30:00,hum,57.0,58.06056459573486,0,1,2,296.72665640531915
Shahdol,2023-10-30 01:45:00,hum,62.0,59.53874780149453,0,1,2,296.72665640531915
Shahjahanpur,2023-10-15 02:30:00,hum,57.0,55.41891723396331,0,1,1,325.68792998805196
Shahjahanpur,2023-10-16 02:30:00,hum,59.0,56.107296818050244,0,1,1,325.68792998805196
Shahjahanpur,2023-10-17 02:30:00,hum,77.0,57.34573284382936,0,1,1,325.68792998805196
Shahjahanpur,2023-10-18 02:30:00,hum,65.0,65.86165927218032,0,1,1,325.68792998805196
Shahjahanpur,2023-10-19 02:30:00,hum,59.0,65.45003283705523,0,1,1,325.68792998805196
Shahjahanpur,2023-10-20 02:30:00,hum,51.0,62.67989036917545,0,1,1,325.68792998805196
Shahjahanpur,2023-10-21 02:15:00,hum,55.0,57.817941820440524,0,1,1,325.68792998805196
Shahjahanpur,2023-10-22 02:30:00,hum,55.0,56.588260535782524,0,1,1,325.68792998805196
Shahjahanpur,2023-10-23 02:15:00,hum,53.0,55.89914555996568,0,1,1,325.68792998805196
Shahjahanpur,2023-10-24 02:15:00,hum,50.0,54.642368241636945,0,1,1,325.68792998805196
Shahjahanpur,2023-10-25 02:30:00,hum,53.0,52.60393474617256,0,1,1,325.68792998805196
Shahjahanpur,2023-10-26 02:00:00,hum,50.0,52.77971800731502,0,1,1,325.68792998805196
Shahjahanpur,2023-10-27 02:30:00,hum,48.0,51.56406947116965,0,1,1,325.68792998805196
Shahjahanpur,2023-10-28 02:00:00,hum,51.0,49.99090483536386,0,1,1,325.68792998805196
Shahjahanpur,2023-10-29 02:45:00,hum,48.0,50.43731667651265,0,1,1,325.68792998805196
Shahjahanpur,2023-10-30 02:00:00,hum,53.0,49.36746753794944,0,1,1,325.68792998805196
Shajapur,2023-10-15 02:30:00,hum,48.0,53.0,0,1,0,297.65539803695026
Shajapur,2023-10-16 02:30:00,hum,65.0,48.0,0,1,0,297.65539803695026
Shajapur,2023-10-17 02:15:00,hum,66.0,65.0,0,1,0,297.65539803695026
Shajapur,2023-10-18 02:15:00,hum,65.0,66.0,0,1,0,297.65539803695026
Shajapur,2023-10-19 02:15:00,hum,55.0,65.0,0,1,0,297.65539803695026
Shajapur,2023-10-20 02:15:00,hum,52.0,54.99999999999999,0,1,0,297.65539803695026
Shajapur,2023-10-21 02:00:00,hum,50.0,52.0,0,1,0,297.65539803695026
Shajapur,2023-10-22 02:15:00,hum,48.0,50.0,0,1,0,297.65539803695026
Shajapur,2023-10-23 02:00:00,hum,46.0,48.0,0,1,0,297.65539803695026
Shajapur,2023-10-24 02:15:00,hum,41.0,46.0,0,1,0,297.65539803695026
Shajapur,2023-10-25 02:15:00,hum,38.0,41.0,0,1,0,297.65539803695026
Shajapur,2023-10-26 02:00:00,hum,36.0,38.0,0,1,0,297.65539803695026
Shajapur,2023-10-27 02:15:00,hum,34.0,36.0,0,1,0,297.65539803695026
Shajapur,2023-10-28 02:00:00,hum,37.0,34.0,0,1,0,297.65539803695026
Shajapur,2023-10-29 02:30:00,hum,40.0,37.0,0,1,0,297.65539803695026
Shajapur,2023-10-30 01:45:00,hum,41.0,40.0,0,1,0,297.65539803695026
Sheikhpura,2023-10-15 02:30:00,hum,72.0,55.633396464324655,1,1,1,332.7768157024247
Sheikhpura,2023-10-16 02:30:00,hum,72.0,66.32306286452156,1,1,1,332.7768157024247
Sheikhpura,2023-10-17 02:15:00,hum,91.0,67.56997682778704,1,1,1,332.7768157024247
Sheikhpura,2023-10-18 02:30:00,hum,84.0,88.30643211330496,1,1,1,332.7768157024247
Sheikhpura,2023-10-19 02:15:00,hum,68.0,86.66896615598964,1,1,1,332.7768157024247
Sheikhpura,2023-10-20 02:30:00,hum,59.0,67.49101580378893,1,1,1,332.7768157024247
Sheikhpura,2023-10-21 02:15:00,hum,58.0,60.63441227995312,1,1,1,332.7768157024247
Sheikhpura,2023-10-22 02:15:00,hum,62.0,59.786602044589436,1,1,1,332.7768157024247
Sheikhpura,2023-10-23 02:15:00,hum,84.0,62.68478441357409,1,1,1,332.7768157024247
Sheikhpura,2023-10-24 02:15:00,hum,65.0,79.63224221956389,1,1,1,332.7768157024247
Sheikhpura,2023-10-25 02:15:00,hum,62.0,65.13717962594507,1,1,1,332.7768157024247
Sheikhpura,2023-10-26 02:00:00,hum,54.0,63.005407129247914,1,1,1,332.7768157024247
Sheikhpura,2023-10-27 02:15:00,hum,54.0,57.26870641386012,1,1,1,332.7768157024247
Sheikhpura,2023-10-28 02:00:00,hum,55.0,57.04128151812937,1,1,1,332.7768157024247
Sheikhpura,2023-10-29 02:30:00,hum,53.0,57.554654840199376,1,1,1,332.7768157024247
Sheikhpura,2023-10-30 01:45:00,hum,49.0,55.92292887527625,1,1,1,332.7768157024247
Sheohar,2023-10-15 02:30:00,hum,69.0,62.0,0,1,0,299.65070211550824
Sheohar,2023-10-16 02:30:00,hum,77.0,69.0,0,1,0,299.65070211550824
Sheohar,2023-10-17 02:15:00,hum,86.0,77.0,0,1,0,299.65070211550824
Sheohar,2023-10-18 02:30:00,hum,79.0,86.0,0,1,0,299.65070211550824
Sheohar,2023-10-19 02:15:00,hum,76.0,79.0,0,1,0,299.65070211550824
Sheohar,2023-10-20 02:30:00,hum,75.0,76.0,0,1,0,299.65070211550824
Sheohar,2023-10-21 02:15:00,hum,71.0,75.0,0,1,0,299.65070211550824
Sheohar,2023-10-22 02:15:00,hum,65.0,71.0,0,1,0,299.65070211550824
Sheohar,2023-10-23 02:15:00,hum,68.0,65.0,0,1,0,299.65070211550824
Sheohar,2023-10-24 02:15:00,hum,72.0,68.0,0,1,0,299.65070211550824
Sheohar,2023-10-25 02:15:00,hum,70.0,72.0,0,1,0,299.65070211550824
Sheohar,2023-10-26 02:00:00,hum,75.0,70.0,0,1,0,299.65070211550824
Sheohar,2023-10-27 02:15:00,hum,72.0,75.0,0,1,0,299.65070211550824
Sheohar,2023-10-28 02:00:00,hum,68.0,72.0,0,1,0,299.65070211550824
Sheohar,2023-10-29 02:30:00,hum,66.0,68.0,0,1,0,299.65070211550824
Sheohar,2023-10-30 01:45:00,hum,66.0,66.0,0,1,0,299.65070211550824
Sheopur,2023-10-15 02:30:00,hum,42.0,46.0,0,1,0,296.31561803079217
Sheopur,2023-10-16 02:30:00,hum,47.0,42.0,0,1,0,296.31561803079217
Sheopur,2023-10-17 02:15:00,hum,82.0,47.0,0,1,0,296.31561803079217
Sheopur,2023-10-18 02:15:00,hum,63.0,82.0,0,1,0,296.31561803079217
Sheopur,2023-10-19 02:15:00,hum,56.0,63.0,0,1,0,296.31561803079217
Sheopur,2023-10-20 02:15:00,hum,43.0,56.0,0,1,0,296.31561803079217
Sheopur,2023-10-21 02:00:00,hum,45.0,43.0,0,1,0,296.31561803079217
Sheopur,2023-10-22 02:15:00,hum,46.0,45.0,0,1,0,296.31561803079217
Sheopur,2023-10-23 02:00:00,hum,48.0,46.0,0,1,0,296.31561803079217
Sheopur,2023-10-24 02:15:00,hum,43.0,48.0,0,1,0,296.31561803079217
Sheopur,2023-10-25 02:15:00,hum,39.0,43.0,0,1,0,296.31561803079217
Sheopur,2023-10-26 02:00:00,hum,39.0,39.0,0,1,0,296.31561803079217
Sheopur,2023-10-27 02:15:00,hum,38.0,39.0,0,1,0,296.31561803079217
Sheopur,2023-10-28 02:00:00,hum,33.0,38.0,0,1,0,296.31561803079217
Sheopur,2023-10-29 02:30:00,hum,42.0,33.0,0,1,0,296.31561803079217
Sheopur,2023-10-30 01:45:00,hum,43.0,42.0,0,1,0,296.31561803079217
Shimla,2023-10-15 02:30:00,hum,68.0,58.95348137103459,1,1,0,287.93839439512277
Shimla,2023-10-16 02:30:00,hum,67.0,63.86369720943675,1,1,0,287.93839439512277
Shimla,2023-10-17 02:15:00,hum,65.0,67.32573769862262,1,1,0,287.93839439512277
Shimla,2023-10-18 02:15:00,hum,71.0,65.64936408469083,1,1,0,287.93839439512277
Shimla,2023-10-19 02:15:00,hum,63.0,69.01922548918319,1,1,0,287.93839439512277
Shimla,2023-10-20 02:15:00,hum,68.0,65.78460954368367,1,1,0,287.93839439512277
Shimla,2023-10-21 02:00:00,hum,68.0,66.21635581713846,1,1,0,287.93839439512277
Shimla,2023-10-22 02:15:00,hum,56.0,68.0,1,1,0,287.93839439512277
Shimla,2023-10-23 02:00:00,hum,54.0,60.226511075073056,1,1,0,287.93839439512277
Shimla,2023-10-24 02:15:00,hum,66.0,54.63790800503558,1,1,0,287.93839439512277
Shimla,2023-10-25 02:15:00,hum,62.0,62.05464402097925,1,1,0,287.93839439512277
Shimla,2023-10-26 02:00:00,hum,56.0,63.316653111846,1,1,0,287.93839439512277
Shimla,2023-10-27 02:15:00,hum,53.0,57.901897549279234,1,1,0,287.93839439512277
Shimla,2023-10-28 02:00:00,hum,53.0,53.91497506429822,1,1,0,287.93839439512277
Shimla,2023-10-29 02:30:00,hum,55.0,53.0,1,1,0,287.93839439512277
Shimla,2023-10-30 01:45:00,hum,53.0,54.39192853832144,1,1,0,287.93839439512277
Shimoga,2023-10-15 02:30:00,hum,88.0,85.50634104193728,0,1,1,249.71472906256744
Shimoga,2023-10-16 02:30:00,hum,91.0,86.65563814691788,0,1,1,249.71472906256744
Shimoga,2023-10-17 02:30:00,hum,86.0,88.1721433971511,0,1,1,249.71472906256744
Shimoga,2023-10-18 02:30:00,hum,88.0,87.48349459487268,0,1,1,249.71472906256744
Shimoga,2023-10-19 02:15:00,hum,67.0,87.64950391078338,0,1,1,249.71472906256744
Shimoga,2023-10-20 02:30:00,hum,74.0,80.57844798009764,0,1,1,249.71472906256744
Shimoga,2023-10-21 02:15:00,hum,87.0,76.64151807092884,0,1,1,249.71472906256744
Shimoga,2023-10-22 02:15:00,hum,78.0,81.38689732102374,0,1,1,249.71472906256744
Shimoga,2023-10-23 02:15:00,hum,63.0,80.22896808344632,0,1,1,249.71472906256744
Shimoga,2023-10-24 02:15:00,hum,55.0,73.63595063726395,0,1,1,249.71472906256744
Shimoga,2023-10-25 02:15:00,hum,58.0,61.81640208016812,0,1,1,249.71472906256744
Shimoga,2023-10-26 02:00:00,hum,49.0,58.969109577559976,0,1,1,249.71472906256744
Shimoga,2023-10-27 02:15:00,hum,51.0,52.03522394924007,0,1,1,249.71472906256744
Shimoga,2023-10-28 02:00:00,hum,60.0,51.299506793216274,0,1,1,249.71472906256744
Shimoga,2023-10-29 02:45:00,hum,85.0,57.06857664876392,0,1,1,249.71472906256744
Shimoga,2023-10-30 02:00:00,hum,81.0,81.53367114039587,0,1,1,249.71472906256744
Shivpuri,2023-10-15 02:30:00,hum,44.0,42.0,0,1,0,304.24911044309727
Shivpuri,2023-10-16 02:30:00,hum,43.0,44.0,0,1,0,304.24911044309727
Shivpuri,2023-10-17 02:15:00,hum,87.0,43.0,0,1,0,304.24911044309727
Shivpuri,2023-10-18 02:15:00,hum,69.0,87.0,0,1,0,304.24911044309727
Shivpuri,2023-10-19 02:15:00,hum,58.0,69.0,0,1,0,304.24911044309727
Shivpuri,2023-10-20 02:15:00,hum,46.0,58.0,0,1,0,304.24911044309727
Shivpuri,2023-10-21 02:00:00,hum,50.0,46.0,0,1,0,304.24911044309727
Shivpuri,2023-10-22 02:15:00,hum,53.0,50.0,0,1,0,304.24911044309727
Shivpuri,2023-10-23 02:00:00,hum,45.0,53.0,0,1,0,304.24911044309727
Shivpuri,2023-10-24 02:15:00,hum,48.0,45.0,0,1,0,304.24911044309727
Shivpuri,2023-10-25 02:15:00,hum,45.0,48.0,0,1,0,304.24911044309727
Shivpuri,2023-10-26 02:00:00,hum,42.0,45.0,0,1,0,304.24911044309727
Shivpuri,2023-10-27 02:15:00,hum,41.0,42.0,0,1,0,304.24911044309727
Shivpuri,2023-10-28 02:00:00,hum,33.0,41.0,0,1,0,304.24911044309727
Shivpuri,2023-10-29 02:30:00,hum,40.0,33.0,0,1,0,304.24911044309727
Shivpuri,2023-10-30 01:45:00,hum,40.0,40.0,0,1,0,304.24911044309727
Shupiyan,2023-10-15 02:30:00,hum,67.0,64.35478567337842,2,1,2,305.2726772320361
Shupiyan,2023-10-16 02:30:00,hum,56.0,72.87662123686727,2,1,2,305.2726772320361
Shupiyan,2023-10-17 02:15:00,hum,89.0,56.57010293301085,2,1,2,305.2726772320361
Shupiyan,2023-10-18 02:15:00,hum,81.0,91.94354908985765,2,1,2,305.2726772320361
Shupiyan,2023-10-19 02:15:00,hum,61.0,75.9508711206288,2,1,2,305.2726772320361
Shupiyan,2023-10-20 02:15:00,hum,56.0,55.96442208496039,2,1,2,305.2726772320361
Shupiyan,2023-10-21 02:15:00,hum,52.0,60.55987475242544,2,1,2,305.2726772320361
Shupiyan,2023-10-22 02:15:00,hum,47.0,63.13490728298495,2,1,2,305.2726772320361
Shupiyan,2023-10-23 02:00:00,hum,82.0,56.18026427556526,2,1,2,305.2726772320361
Shupiyan,2023-10-24 02:15:00,hum,53.0,84.31634739642905,2,1,2,305.2726772320361
Shupiyan,2023-10-25 02:15:00,hum,61.0,46.51075866455376,2,1,2,305.2726772320361
Shupiyan,2023-10-26 02:00:00,hum,43.0,61.3218349867079,2,1,2,305.2726772320361
Shupiyan,2023-10-27 02:15:00,hum,45.0,52.854874197419065,2,1,2,305.2726772320361
Shupiyan,2023-10-28 02:00:00,hum,47.0,45.098367632078926,2,1,2,305.2726772320361
Shupiyan,2023-10-29 02:30:00,hum,44.0,54.28064341489486,2,1,2,305.2726772320361
Shupiyan,2023-10-30 01:45:00,hum,37.0,44.49168516266978,2,1,2,305.2726772320361
Siang,2023-10-14 02:30:00,hum,52.0,58.0,1,1,0,440.80874604350396
Siang,2023-10-15 02:30:00,hum,59.0,53.289832853212054,1,1,0,440.80874604350396
Siang,2023-10-16 02:30:00,hum,63.0,57.36776675405614,1,1,0,440.80874604350396
Siang,2023-10-17 02:15:00,hum,68.0,62.14901759544837,1,1,0,440.80874604350396
Siang,2023-10-17 02:30:00,hum,68.0,66.99648987464678,1,1,0,440.80874604350396
Siang,2023-10-18 02:30:00,hum,71.0,68.0,1,1,0,440.80874604350396
Siang,2023-10-19 02:15:00,hum,77.0,70.40534053972779,1,1,0,440.80874604350396
Siang,2023-10-19 02:30:00,hum,77.0,75.87078348299104,1,1,0,440.80874604350396
Siang,2023-10-20 02:30:00,hum,70.0,77.0,1,1,0,440.80874604350396
Siang,2023-10-21 02:15:00,hum,59.0,71.29391777052271,1,1,0,440.80874604350396
Siang,2023-10-21 02:30:00,hum,59.0,60.57319329688406,1,1,0,440.80874604350396
Siang,2023-10-22 02:15:00,hum,66.0,59.0,1,1,0,440.80874604350396
Siang,2023-10-22 02:30:00,hum,66.0,65.05430044168118,1,1,0,440.80874604350396
Siang,2023-10-23 02:15:00,hum,69.0,66.0,1,1,0,440.80874604350396
Siang,2023-10-24 02:15:00,hum,74.0,68.60349171087024,1,1,0,440.80874604350396
Siang,2023-10-25 02:15:00,hum,80.0,73.37526953505024,1,1,0,440.80874604350396
Siang,2023-10-25 02:30:00,hum,80.0,79.33806956648758,1,1,0,440.80874604350396
Siang,2023-10-26 02:00:00,hum,60.0,80.0,1,1,0,440.80874604350396
Siang,2023-10-27 02:15:00,hum,59.0,62.16824167932585,1,1,0,440.80874604350396
Siang,2023-10-27 02:30:00,hum,59.0,59.0850046214115,1,1,0,440.80874604350396
Siang,2023-10-28 02:00:00,hum,64.0,59.0,1,1,0,440.80874604350396
Siang,2023-10-29 02:30:00,hum,64.0,63.57506602265103,1,1,0,440.80874604350396
Siang,2023-10-29 02:45:00,hum,64.0,64.0,1,1,0,440.80874604350396
Siang,2023-10-30 01:45:00,hum,72.0,64.0,1,1,0,440.80874604350396
Siang,2023-10-30 02:00:00,hum,73.0,71.32624795926321,1,1,0,440.80874604350396
Siddipet,2023-10-15 02:30:00,hum,72.0,75.0,0,1,0,258.828555887078
Siddipet,2023-10-16 02:30:00,hum,69.0,72.0,0,1,0,258.828555887078
Siddipet,2023-10-17 02:30:00,hum,77.0,69.0,0,1,0,258.828555887078
Siddipet,2023-10-18 02:30:00,hum,70.0,77.0,0,1,0,258.828555887078
Siddipet,2023-10-19 02:30:00,hum,70.0,70.0,0,1,0,258.828555887078
Siddipet,2023-10-20 02:30:00,hum,73.0,70.0,0,1,0,258.828555887078
Siddipet,2023-10-21 02:30:00,hum,77.0,73.0,0,1,0,258.828555887078
Siddipet,2023-10-22 02:30:00,hum,65.0,77.0,0,1,0,258.828555887078
Siddipet,2023-10-23 02:15:00,hum,57.0,65.0,0,1,0,258.828555887078
Siddipet,2023-10-24 02:15:00,hum,66.0,57.0,0,1,0,258.828555887078
Siddipet,2023-10-25 02:30:00,hum,62.0,66.0,0,1,0,258.828555887078
Siddipet,2023-10-26 02:00:00,hum,59.0,61.99999999999999,0,1,0,258.828555887078
Siddipet,2023-10-27 02:30:00,hum,56.0,59.0,0,1,0,258.828555887078
Siddipet,2023-10-28 02:00:00,hum,56.0,56.0,0,1,0,258.828555887078
Siddipet,2023-10-29 02:45:00,hum,66.0,56.0,0,1,0,258.828555887078
Siddipet,2023-10-30 02:00:00,hum,63.0,66.0,0,1,0,258.828555887078
Sidhi,2023-10-15 02:30:00,hum,61.0,58.69583942389991,0,1,1,318.29954019763
Sidhi,2023-10-16 02:30:00,hum,61.0,60.45021521802869,0,1,1,318.29954019763
Sidhi,2023-10-17 02:15:00,hum,70.0,60.868812557551806,0,1,1,318.29954019763
Sidhi,2023-10-18 02:15:00,hum,76.0,67.84630783289536,0,1,1,318.29954019763
Sidhi,2023-10-19 02:15:00,hum,65.0,74.31195605724419,0,1,1,318.29954019763
Sidhi,2023-10-20 02:15:00,hum,54.0,67.17739685463802,0,1,1,318.29954019763
Sidhi,2023-10-21 02:00:00,hum,59.0,56.75254951903848,0,1,1,318.29954019763
Sidhi,2023-10-22 02:15:00,hum,58.0,58.53371618317883,0,1,1,318.29954019763
Sidhi,2023-10-23 02:00:00,hum,58.0,58.11874009311696,0,1,1,318.29954019763
Sidhi,2023-10-24 02:15:00,hum,59.0,58.026447289539,0,1,1,318.29954019763
Sidhi,2023-10-25 02:15:00,hum,53.0,58.78310776712423,0,1,1,318.29954019763
Sidhi,2023-10-26 02:00:00,hum,59.0,54.29801090854839,0,1,1,318.29954019763
Sidhi,2023-10-27 02:15:00,hum,53.0,57.91617775898307,0,1,1,318.29954019763
Sidhi,2023-10-28 02:00:00,hum,46.0,54.16554616749046,0,1,1,318.29954019763
Sidhi,2023-10-29 02:30:00,hum,50.0,47.84830345051209,0,1,1,318.29954019763
Sidhi,2023-10-30 01:45:00,hum,54.0,49.51021366578372,0,1,1,318.29954019763
Sikar,2023-10-15 02:30:00,hum,40.0,39.0,0,1,0,314.3258033417641
Sikar,2023-10-16 02:30:00,hum,38.0,40.0,0,1,0,314.3258033417641
Sikar,2023-10-17 02:30:00,hum,65.0,38.0,0,1,0,314.3258033417641
Sikar,2023-10-18 02:30:00,hum,55.0,65.0,0,1,0,314.3258033417641
Sikar,2023-10-19 02:30:00,hum,53.0,54.99999999999999,0,1,0,314.3258033417641
Sikar,2023-10-20 02:30:00,hum,45.0,53.0,0,1,0,314.3258033417641
Sikar,2023-10-21 02:15:00,hum,45.0,45.0,0,1,0,314.3258033417641
Sikar,2023-10-22 02:30:00,hum,34.0,45.0,0,1,0,314.3258033417641
Sikar,2023-10-23 02:15:00,hum,38.0,34.0,0,1,0,314.3258033417641
Sikar,2023-10-24 02:15:00,hum,38.0,38.0,0,1,0,314.3258033417641
Sikar,2023-10-25 02:30:00,hum,45.0,38.0,0,1,0,314.3258033417641
Sikar,2023-10-26 02:00:00,hum,43.0,45.0,0,1,0,314.3258033417641
Sikar,2023-10-27 02:15:00,hum,36.0,43.0,0,1,0,314.3258033417641
Sikar,2023-10-28 02:00:00,hum,29.0,36.0,0,1,0,314.3258033417641
Sikar,2023-10-29 02:45:00,hum,27.0,29.0,0,1,0,314.3258033417641
Sikar,2023-10-30 02:00:00,hum,34.0,27.0,0,1,0,314.3258033417641
Simdega,2023-10-15 02:30:00,hum,66.0,62.415495467135855,1,1,0,292.7514640370264
Simdega,2023-10-16 02:30:00,hum,67.0,65.13352098089622,1,1,0,292.7514640370264
Simdega,2023-10-17 02:15:00,hum,67.0,66.71378332637725,1,1,0,292.7514640370264
Simdega,2023-10-18 02:30:00,hum,79.0,67.0,1,1,0,292.7514640370264
Simdega,2023-10-19 02:15:00,hum,75.0,75.56954383200977,1,1,0,292.7514640370264
Simdega,2023-10-20 02:30:00,hum,70.0,76.1564707742574,1,1,0,292.7514640370264
Simdega,2023-10-21 02:15:00,hum,66.0,71.38970831866115,1,1,0,292.7514640370264
Simdega,2023-10-22 02:15:00,hum,67.0,67.06344898296966,1,1,0,292.7514640370264
Simdega,2023-10-23 02:00:00,hum,71.0,66.73415450121806,1,1,0,292.7514640370264
Simdega,2023-10-24 02:15:00,hum,77.0,69.94403727882333,1,1,0,292.7514640370264
Simdega,2023-10-25 02:15:00,hum,73.0,75.49126478577824,1,1,0,292.7514640370264
Simdega,2023-10-26 02:00:00,hum,66.0,74.0321981277502,1,1,0,292.7514640370264
Simdega,2023-10-27 02:15:00,hum,66.0,67.70850609172493,1,1,0,292.7514640370264
Simdega,2023-10-28 02:00:00,hum,63.0,66.0,1,1,0,292.7514640370264
Simdega,2023-10-29 02:30:00,hum,67.0,63.71735992704699,1,1,0,292.7514640370264
Simdega,2023-10-30 01:45:00,hum,74.0,66.02665524431302,1,1,0,292.7514640370264
Sirmaur,2023-10-15 02:30:00,hum,49.0,43.0,0,1,0,327.4157586174966
Sirmaur,2023-10-16 02:30:00,hum,51.0,49.0,0,1,0,327.4157586174966
Sirmaur,2023-10-17 02:15:00,hum,65.0,51.0,0,1,0,327.4157586174966
Sirmaur,2023-10-18 02:15:00,hum,70.0,65.0,0,1,0,327.4157586174966
Sirmaur,2023-10-19 02:15:00,hum,57.0,70.0,0,1,0,327.4157586174966
Sirmaur,2023-10-20 02:15:00,hum,50.0,57.0,0,1,0,327.4157586174966
Sirmaur,2023-10-21 02:15:00,hum,57.0,50.0,0,1,0,327.4157586174966
Sirmaur,2023-10-22 02:15:00,hum,48.0,57.0,0,1,0,327.4157586174966
Sirmaur,2023-10-23 02:00:00,hum,52.0,48.0,0,1,0,327.4157586174966
Sirmaur,2023-10-24 02:15:00,hum,50.0,52.0,0,1,0,327.4157586174966
Sirmaur,2023-10-25 02:15:00,hum,47.0,50.0,0,1,0,327.4157586174966
Sirmaur,2023-10-26 02:00:00,hum,55.0,47.0,0,1,0,327.4157586174966
Sirmaur,2023-10-27 02:15:00,hum,41.0,55.0,0,1,0,327.4157586174966
Sirmaur,2023-10-28 02:00:00,hum,39.0,41.0,0,1,0,327.4157586174966
Sirmaur,2023-10-29 02:30:00,hum,42.0,39.0,0,1,0,327.4157586174966
Sirmaur,2023-10-30 01:45:00,hum,42.0,42.0,0,1,0,327.4157586174966
Sirohi,2023-10-15 02:30:00,hum,63.0,48.06723056847619,0,1,2,294.6686686061799
Sirohi,2023-10-16 02:30:00,hum,58.0,60.39094390684889,0,1,2,294.6686686061799
Sirohi,2023-10-17 02:30:00,hum,62.0,62.67525793038772,0,1,2,294.6686686061799
Sirohi,2023-10-18 02:30:00,hum,54.0,61.412986905735444,0,1,2,294.6686686061799
Sirohi,2023-10-19 02:30:00,hum,44.0,54.26294091204467,0,1,2,294.6686686061799
Sirohi,2023-10-20 02:30:00,hum,38.0,41.87913587303642,0,1,2,294.6686686061799
Sirohi,2023-10-21 02:15:00,hum,36.0,34.70109385807904,0,1,2,294.6686686061799
Sirohi,2023-10-22 02:30:00,hum,32.0,34.720219921180444,0,1,2,294.6686686061799
Sirohi,2023-10-23 02:15:00,hum,40.0,32.47085036625385,0,1,2,294.6686686061799
Sirohi,2023-10-24 02:15:00,hum,34.0,38.92443735675612,0,1,2,294.6686686061799
Sirohi,2023-10-25 02:30:00,hum,35.0,36.789695606157636,0,1,2,294.6686686061799
Sirohi,2023-10-26 02:00:00,hum,32.0,33.33764245369384,0,1,2,294.6686686061799
Sirohi,2023-10-27 02:15:00,hum,27.0,31.4079714658945,0,1,2,294.6686686061799
Sirohi,2023-10-28 02:00:00,hum,31.0,26.641319761070214,0,1,2,294.6686686061799
Sirohi,2023-10-29 02:45:00,hum,37.0,29.293529079832183,0,1,2,294.6686686061799
Sirohi,2023-10-30 02:00:00,hum,34.0,38.41724438163184,0,1,2,294.6686686061799
Sirsa,2023-10-15 02:30:00,hum,32.0,32.430310475925396,0,1,1,322.73239755762637
Sirsa,2023-10-16 02:30:00,hum,45.0,31.898209262596588,0,1,1,322.73239755762637
Sirsa,2023-10-17 02:15:00,hum,83.0,48.04781834120802,0,1,1,322.73239755762637
Sirsa,2023-10-18 02:30:00,hum,64.0,94.11506416117189,0,1,1,322.73239755762637
Sirsa,2023-10-19 02:15:00,hum,43.0,60.6679762628844,0,1,1,322.73239755762637
Sirsa,2023-10-20 02:30:00,hum,41.0,39.46295012954968,0,1,1,322.73239755762637
Sirsa,2023-10-21 02:15:00,hum,31.0,41.385577612514794,0,1,1,322.73239755762637
Sirsa,2023-10-22 02:15:00,hum,44.0,28.44919909293157,0,1,1,322.73239755762637
Sirsa,2023-10-23 02:15:00,hum,40.0,47.19287308747479,0,1,1,322.73239755762637
Sirsa,2023-10-24 02:15:00,hum,50.0,38.73815978158406,0,1,1,322.73239755762637
Sirsa,2023-10-25 02:15:00,hum,40.0,51.83720661540125,0,1,1,322.73239755762637
Sirsa,2023-10-26 02:00:00,hum,32.0,38.38638006889472,0,1,1,322.73239755762637
Sirsa,2023-10-27 02:15:00,hum,26.0,31.041584072493695,0,1,1,322.73239755762637
Sirsa,2023-10-28 02:00:00,hum,27.0,25.20379800972732,0,1,1,322.73239755762637
Sirsa,2023-10-29 02:30:00,hum,26.0,27.2813174876234,0,1,1,322.73239755762637
Sirsa,2023-10-30 01:45:00,hum,31.0,25.79949761876872,0,1,1,322.73239755762637
Sitamarhi,2023-10-15 02:30:00,hum,69.0,62.0,0,1,0,299.65070211550824
Sitamarhi,2023-10-16 02:30:00,hum,77.0,69.0,0,1,0,299.65070211550824
Sitamarhi,2023-10-17 02:15:00,hum,86.0,77.0,0,1,0,299.65070211550824
Sitamarhi,2023-10-18 02:30:00,hum,79.0,86.0,0,1,0,299.65070211550824
Sitamarhi,2023-10-19 02:15:00,hum,76.0,79.0,0,1,0,299.65070211550824
Sitamarhi,2023-10-20 02:30:00,hum,75.0,76.0,0,1,0,299.65070211550824
Sitamarhi,2023-10-21 02:15:00,hum,71.0,75.0,0,1,0,299.65070211550824
Sitamarhi,2023-10-22 02:15:00,hum,65.0,71.0,0,1,0,299.65070211550824
Sitamarhi,2023-10-23 02:15:00,hum,68.0,65.0,0,1,0,299.65070211550824
Sitamarhi,2023-10-24 02:15:00,hum,72.0,68.0,0,1,0,299.65070211550824
Sitamarhi,2023-10-25 02:15:00,hum,70.0,72.0,0,1,0,299.65070211550824
Sitamarhi,2023-10-26 02:00:00,hum,75.0,70.0,0,1,0,299.65070211550824
Sitamarhi,2023-10-27 02:15:00,hum,72.0,75.0,0,1,0,299.65070211550824
Sitamarhi,2023-10-28 02:00:00,hum,68.0,72.0,0,1,0,299.65070211550824
Sitamarhi,2023-10-29 02:30:00,hum,66.0,68.0,0,1,0,299.65070211550824
Sitamarhi,2023-10-30 01:45:00,hum,66.0,66.0,0,1,0,299.65070211550824
Sitapur,2023-10-15 02:30:00,hum,60.0,57.72978829613659,0,1,1,320.19723289423456
Sitapur,2023-10-16 02:30:00,hum,64.0,58.949704103596375,0,1,1,320.19723289423456
Sitapur,2023-10-17 02:30:00,hum,77.0,61.65835044764377,0,1,1,320.19723289423456
Sitapur,2023-10-18 02:30:00,hum,71.0,70.3723059357492,0,1,1,320.19723289423456
Sitapur,2023-10-19 02:30:00,hum,61.0,70.75165296198229,0,1,1,320.19723289423456
Sitapur,2023-10-20 02:30:00,hum,51.0,65.37406694764705,0,1,1,320.19723289423456
Sitapur,2023-10-21 02:15:00,hum,59.0,57.09665765823917,0,1,1,320.19723289423456
Sitapur,2023-10-22 02:30:00,hum,56.0,58.2471171778018,0,1,1,320.19723289423456
Sitapur,2023-10-23 02:15:00,hum,56.0,56.971452217378626,0,1,1,320.19723289423456
Sitapur,2023-10-24 02:15:00,hum,50.0,56.420576883883435,0,1,1,320.19723289423456
Sitapur,2023-10-25 02:30:00,hum,56.0,52.75015603106176,0,1,1,320.19723289423456
Sitapur,2023-10-26 02:00:00,hum,52.0,54.605079204036606,0,1,1,320.19723289423456
Sitapur,2023-10-27 02:15:00,hum,49.0,53.140163487348644,0,1,1,320.19723289423456
Sitapur,2023-10-28 02:00:00,hum,47.0,50.794632745092954,0,1,1,320.19723289423456
Sitapur,2023-10-29 02:45:00,hum,50.0,48.61230511916798,0,1,1,320.19723289423456
Sitapur,2023-10-30 02:00:00,hum,54.0,49.408762226699956,0,1,1,320.19723289423456
Sivaganga,2023-10-15 02:30:00,hum,82.0,85.88347640727821,0,1,1,300.5985936870899
Sivaganga,2023-10-16 02:30:00,hum,82.0,84.6866324089181,0,1,1,300.5985936870899
Sivaganga,2023-10-17 02:30:00,hum,89.0,83.92915394180734,0,1,1,300.5985936870899
Sivaganga,2023-10-18 02:30:00,hum,94.0,85.33578310640576,0,1,1,300.5985936870899
Sivaganga,2023-10-19 02:30:00,hum,86.0,87.93558244018705,0,1,1,300.5985936870899
Sivaganga,2023-10-20 02:30:00,hum,80.0,87.30623926749146,0,1,1,300.5985936870899
Sivaganga,2023-10-21 02:15:00,hum,94.0,85.269983442977,0,1,1,300.5985936870899
Sivaganga,2023-10-22 02:30:00,hum,89.0,87.5380938460363,0,1,1,300.5985936870899
Sivaganga,2023-10-23 02:15:00,hum,89.0,87.94119749640325,0,1,1,300.5985936870899
Sivaganga,2023-10-24 02:15:00,hum,85.0,88.23201183496852,0,1,1,300.5985936870899
Sivaganga,2023-10-25 02:30:00,hum,84.0,87.36594769420238,0,1,1,300.5985936870899
Sivaganga,2023-10-26 02:00:00,hum,81.0,86.50449639136541,0,1,1,300.5985936870899
Sivaganga,2023-10-27 02:15:00,hum,82.0,85.06975699884515,0,1,1,300.5985936870899
Sivaganga,2023-10-28 02:00:00,hum,86.0,84.2039316575334,0,1,1,300.5985936870899
Sivaganga,2023-10-29 02:45:00,hum,89.0,84.71210522046236,0,1,1,300.5985936870899
Sivaganga,2023-10-30 02:00:00,hum,94.0,85.82597917091805,0,1,1,300.5985936870899
Siwan,2023-10-15 02:30:00,hum,63.0,59.0,0,1,0,302.8241037526274
Siwan,2023-10-16 02:30:00,hum,74.0,63.0,0,1,0,302.8241037526274
Siwan,2023-10-17 02:15:00,hum,84.0,74.0,0,1,0,302.8241037526274
Siwan,2023-10-18 02:30:00,hum,75.0,84.0,0,1,0,302.8241037526274
Siwan,2023-10-19 02:15:00,hum,65.0,75.0,0,1,0,302.8241037526274
Siwan,2023-10-20 02:30:00,hum,53.0,65.0,0,1,0,302.8241037526274
Siwan,2023-10-21 02:15:00,hum,55.0,53.0,0,1,0,302.8241037526274
Siwan,2023-10-22 02:15:00,hum,57.0,55.0,0,1,0,302.8241037526274
Siwan,2023-10-23 02:15:00,hum,54.0,57.0,0,1,0,302.8241037526274
Siwan,2023-10-24 02:15:00,hum,53.0,54.0,0,1,0,302.8241037526274
Siwan,2023-10-25 02:15:00,hum,65.0,53.0,0,1,0,302.8241037526274
Siwan,2023-10-26 02:00:00,hum,56.0,65.0,0,1,0,302.8241037526274
Siwan,2023-10-27 02:15:00,hum,59.0,56.0,0,1,0,302.8241037526274
Siwan,2023-10-28 02:00:00,hum,56.0,59.0,0,1,0,302.8241037526274
Siwan,2023-10-29 02:30:00,hum,53.0,56.0,0,1,0,302.8241037526274
Siwan,2023-10-30 01:45:00,hum,55.0,53.0,0,1,0,302.8241037526274
Solan,2023-10-15 02:30:00,hum,68.0,58.9633247618857,1,1,0,287.1200472426498
Solan,2023-10-16 02:30:00,hum,67.0,63.84172550172334,1,1,0,287.1200472426498
Solan,2023-10-17 02:15:00,hum,65.0,67.32711004566991,1,1,0,287.1200472426498
Solan,2023-10-18 02:15:00,hum,71.0,65.65206719468952,1,1,0,287.1200472426498
Solan,2023-10-19 02:15:00,hum,63.0,69.0105954725509,1,1,0,287.1200472426498
Solan,2023-10-20 02:15:00,hum,68.0,65.79826533558852,1,1,0,287.1200472426498
Solan,2023-10-21 02:00:00,hum,68.0,66.20740298225587,1,1,0,287.1200472426498
Solan,2023-10-22 02:15:00,hum,56.0,68.0,1,1,0,287.1200472426498
Solan,2023-10-23 02:00:00,hum,54.0,60.24680455945684,1,1,0,287.1200472426498
Solan,2023-10-24 02:15:00,hum,66.0,54.6400834591046,1,1,0,287.1200472426498
Solan,2023-10-25 02:15:00,hum,62.0,62.0399085345603,1,1,0,287.1200472426498
Solan,2023-10-26 02:00:00,hum,56.0,63.32128336873139,1,1,0,287.1200472426498
Solan,2023-10-27 02:15:00,hum,53.0,57.907780550376096,1,1,0,287.1200472426498
Solan,2023-10-28 02:00:00,hum,53.0,53.91738126385804,1,1,0,287.1200472426498
Solan,2023-10-29 02:30:00,hum,55.0,53.0,1,1,0,287.1200472426498
Solan,2023-10-30 01:45:00,hum,53.0,54.39036032470656,1,1,0,287.1200472426498
Solapur,2023-10-15 02:30:00,hum,51.0,54.0,0,1,0,288.3444544764236
Solapur,2023-10-16 02:30:00,hum,53.0,51.0,0,1,0,288.3444544764236
Solapur,2023-10-17 02:30:00,hum,55.0,53.0,0,1,0,288.3444544764236
Solapur,2023-10-18 02:30:00,hum,56.0,55.0,0,1,0,288.3444544764236
Solapur,2023-10-19 02:30:00,hum,57.0,56.0,0,1,0,288.3444544764236
Solapur,2023-10-20 02:30:00,hum,59.0,57.0,0,1,0,288.3444544764236
Solapur,2023-10-21 02:15:00,hum,54.0,59.0,0,1,0,288.3444544764236
Solapur,2023-10-22 02:30:00,hum,55.0,54.0,0,1,0,288.3444544764236
Solapur,2023-10-23 02:15:00,hum,53.0,55.0,0,1,0,288.3444544764236
Solapur,2023-10-24 02:15:00,hum,52.0,53.0,0,1,0,288.3444544764236
Solapur,2023-10-25 02:15:00,hum,52.0,52.0,0,1,0,288.3444544764236
Solapur,2023-10-26 02:00:00,hum,53.0,52.0,0,1,0,288.3444544764236
Solapur,2023-10-27 02:15:00,hum,50.0,53.0,0,1,0,288.3444544764236
Solapur,2023-10-28 02:00:00,hum,47.0,50.0,0,1,0,288.3444544764236
Solapur,2023-10-29 02:45:00,hum,46.0,47.0,0,1,0,288.3444544764236
Solapur,2023-10-30 02:00:00,hum,52.0,46.0,0,1,0,288.3444544764236
Somnath,2023-10-15 02:30:00,hum,70.0,82.32005134300425,1,1,0,227.30777481249513
Somnath,2023-10-16 02:30:00,hum,81.0,75.04696239354271,1,1,0,227.30777481249513
Somnath,2023-10-17 02:15:00,hum,77.0,75.44195082203633,1,1,0,227.30777481249513
Somnath,2023-10-18 02:15:00,hum,74.0,78.93446582688618,1,1,0,227.30777481249513
Somnath,2023-10-19 02:15:00,hum,64.0,75.3761434499158,1,1,0,227.30777481249513
Somnath,2023-10-20 02:30:00,hum,51.0,68.14864342418275,1,1,0,227.30777481249513
Somnath,2023-10-21 02:15:00,hum,72.0,53.9075317112267,1,1,0,227.30777481249513
Somnath,2023-10-22 02:15:00,hum,69.0,62.78125734817355,1,1,0,227.30777481249513
Somnath,2023-10-23 02:00:00,hum,63.0,70.06130814112517,1,1,0,227.30777481249513
Somnath,2023-10-24 02:15:00,hum,66.0,65.03924249465477,1,1,0,227.30777481249513
Somnath,2023-10-25 02:15:00,hum,69.0,64.96904847096737,1,1,0,227.30777481249513
Somnath,2023-10-26 02:00:00,hum,65.0,67.99186584394324,1,1,0,227.30777481249513
Somnath,2023-10-27 02:15:00,hum,69.0,66.36703388004877,1,1,0,227.30777481249513
Somnath,2023-10-28 02:00:00,hum,68.0,67.60643293281355,1,1,0,227.30777481249513
Somnath,2023-10-29 02:30:00,hum,61.0,68.34752341576078,1,1,0,227.30777481249513
Somnath,2023-10-30 01:45:00,hum,63.0,63.40011168713691,1,1,0,227.30777481249513
Sonipat,2023-10-15 02:30:00,hum,74.0,66.6225169366277,0,1,1,339.4971201316094
Sonipat,2023-10-16 02:30:00,hum,65.0,69.57183704664914,0,1,1,339.4971201316094
Sonipat,2023-10-17 02:15:00,hum,94.0,67.74210176390993,0,1,1,339.4971201316094
Sonipat,2023-10-18 02:30:00,hum,78.0,78.13790652228232,0,1,1,339.4971201316094
Sonipat,2023-10-19 02:15:00,hum,69.0,78.06686949166503,0,1,1,339.4971201316094
Sonipat,2023-10-20 02:30:00,hum,69.0,74.45535812036564,0,1,1,339.4971201316094
Sonipat,2023-10-21 02:15:00,hum,73.0,72.43761357119357,0,1,1,339.4971201316094
Sonipat,2023-10-22 02:15:00,hum,69.0,72.64671292012835,0,1,1,339.4971201316094
Sonipat,2023-10-23 02:15:00,hum,78.0,71.29881320566469,0,1,1,339.4971201316094
Sonipat,2023-10-24 02:15:00,hum,65.0,73.75529576740728,0,1,1,339.4971201316094
Sonipat,2023-10-25 02:15:00,hum,64.0,70.59687031539546,0,1,1,339.4971201316094
Sonipat,2023-10-26 02:00:00,hum,61.0,68.16128381055127,0,1,1,339.4971201316094
Sonipat,2023-10-27 02:15:00,hum,60.0,65.38789062546614,0,1,1,339.4971201316094
Sonipat,2023-10-28 02:00:00,hum,60.0,63.20626948393756,0,1,1,339.4971201316094
Sonipat,2023-10-29 02:30:00,hum,31.0,61.89062513413934,0,1,1,339.4971201316094
Sonipat,2023-10-30 01:45:00,hum,69.0,47.87853449190743,0,1,1,339.4971201316094
South Salmara,2023-10-16 02:30:00,hum,83.0,83.33457982970032,2,1,2,271.4159840938918
South Salmara,2023-10-17 02:30:00,hum,87.0,85.4485021426039,2,1,2,271.4159840938918
South Salmara,2023-10-18 02:30:00,hum,85.0,85.75551382928838,2,1,2,271.4159840938918
South Salmara,2023-10-19 02:30:00,hum,87.0,87.15830503710256,2,1,2,271.4159840938918
South Salmara,2023-10-20 02:30:00,hum,85.0,85.7178608090995,2,1,2,271.4159840938918
South Salmara,2023-10-21 02:15:00,hum,86.0,87.15562417801658,2,1,2,271.4159840938918
South Salmara,2023-10-21 02:30:00,hum,86.0,84.8703362381919,2,1,2,271.4159840938918
South Salmara,2023-10-22 02:30:00,hum,84.0,87.92394274046762,2,1,2,271.4159840938918
South Salmara,2023-10-23 02:15:00,hum,84.0,83.29057023350536,2,1,2,271.4159840938918
South Salmara,2023-10-24 02:15:00,hum,83.0,86.15847516085648,2,1,2,271.4159840938918
South Salmara,2023-10-25 02:30:00,hum,77.0,82.56070978202247,2,1,2,271.4159840938918
South Salmara,2023-10-26 02:00:00,hum,79.0,80.0542373847396,2,1,2,271.4159840938918
South Salmara,2023-10-27 02:30:00,hum,84.0,78.71847447704073,2,1,2,271.4159840938918
South Salmara,2023-10-28 02:00:00,hum,83.0,85.95635013933145,2,1,2,271.4159840938918
South Salmara,2023-10-29 02:45:00,hum,78.0,82.63984410440422,2,1,2,271.4159840938918
South Salmara,2023-10-30 02:00:00,hum,85.0,80.79401933826317,2,1,2,271.4159840938918
South Suburban,2023-10-15 02:30:00,hum,84.0,80.98679302137054,0,1,1,252.82171751802613
South Suburban,2023-10-16 02:30:00,hum,89.0,82.29544695022561,0,1,1,252.82171751802613
South Suburban,2023-10-17 02:30:00,hum,84.0,84.58277424596544,0,1,1,252.82171751802613
South Suburban,2023-10-18 02:30:00,hum,84.0,84.4001271299681,0,1,1,252.82171751802613
South Suburban,2023-10-19 02:30:00,hum,84.0,84.27503929377038,0,1,1,252.82171751802613
South Suburban,2023-10-20 02:30:00,hum,83.0,84.18916647922339,0,1,1,252.82171751802613
South Suburban,2023-10-21 02:30:00,hum,83.0,83.81703851853156,0,1,1,252.82171751802613
South Suburban,2023-10-22 02:30:00,hum,83.0,83.5600801672128,0,1,1,252.82171751802613
South Suburban,2023-10-23 02:15:00,hum,84.0,83.383494757715,0,1,1,252.82171751802613
South Suburban,2023-10-24 02:15:00,hum,83.0,83.57787205862094,0,1,1,252.82171751802613
South Suburban,2023-10-25 02:30:00,hum,94.0,83.39700186887708,0,1,1,252.82171751802613
South Suburban,2023-10-26 02:00:00,hum,89.0,86.64780486770044,0,1,1,252.82171751802613
South Suburban,2023-10-27 02:30:00,hum,84.0,87.52367457720743,0,1,1,252.82171751802613
South Suburban,2023-10-28 02:00:00,hum,83.0,86.31965013898261,0,1,1,252.82171751802613
South Suburban,2023-10-29 02:45:00,hum,83.0,85.32982589656504,0,1,1,252.82171751802613
South Suburban,2023-10-30 02:00:00,hum,83.0,84.64284775753008,0,1,1,252.82171751802613
Srikakulam,2023-10-15 02:30:00,hum,83.0,81.81441907193773,1,1,1,265.33632790804046
Srikakulam,2023-10-16 02:30:00,hum,80.0,83.23132916200134,1,1,1,265.33632790804046
Srikakulam,2023-10-17 02:15:00,hum,80.0,81.08345832263387,1,1,1,265.33632790804046
Srikakulam,2023-10-18 02:15:00,hum,82.0,81.04838221919677,1,1,1,265.33632790804046
Srikakulam,2023-10-19 02:15:00,hum,87.0,82.467551657117,1,1,1,265.33632790804046
Srikakulam,2023-10-20 02:30:00,hum,89.0,85.99335238097889,1,1,1,265.33632790804046
Srikakulam,2023-10-21 02:15:00,hum,85.0,87.44419531058837,1,1,1,265.33632790804046
Srikakulam,2023-10-22 02:15:00,hum,83.0,84.63336832022186,1,1,1,265.33632790804046
Srikakulam,2023-10-23 02:00:00,hum,67.0,83.24242120994792,1,1,1,265.33632790804046
Srikakulam,2023-10-24 02:15:00,hum,67.0,66.75355755922668,1,1,1,265.33632790804046
Srikakulam,2023-10-25 02:15:00,hum,82.0,67.02649638012085,1,1,1,265.33632790804046
Srikakulam,2023-10-26 02:00:00,hum,80.0,82.26667911982287,1,1,1,265.33632790804046
Srikakulam,2023-10-27 02:15:00,hum,84.0,81.0522823298514,1,1,1,265.33632790804046
Srikakulam,2023-10-28 02:00:00,hum,81.0,83.72652140248589,1,1,1,265.33632790804046
Srikakulam,2023-10-29 02:30:00,hum,81.0,81.73108807987423,1,1,1,265.33632790804046
Srikakulam,2023-10-30 01:45:00,hum,78.0,81.71779470537905,1,1,1,265.33632790804046
Srinagar,2023-10-15 02:30:00,hum,73.0,65.40589392299194,2,1,2,327.48576394607187
Srinagar,2023-10-16 02:30:00,hum,66.0,79.4280373247019,2,1,2,327.48576394607187
Srinagar,2023-10-17 02:15:00,hum,92.0,65.22057096886527,2,1,2,327.48576394607187
Srinagar,2023-10-18 02:15:00,hum,87.0,88.48903902623474,2,1,2,327.48576394607187
Srinagar,2023-10-19 02:15:00,hum,61.0,80.2663734149682,2,1,2,327.48576394607187
Srinagar,2023-10-20 02:15:00,hum,52.0,56.026240880993385,2,1,2,327.48576394607187
Srinagar,2023-10-21 02:00:00,hum,46.0,59.921522591391565,2,1,2,327.48576394607187
Srinagar,2023-10-22 02:15:00,hum,45.0,62.763299413867365,2,1,2,327.48576394607187
Srinagar,2023-10-23 02:00:00,hum,83.0,60.473177059494546,2,1,2,327.48576394607187
Srinagar,2023-10-24 02:15:00,hum,57.0,85.30397521754043,2,1,2,327.48576394607187
Srinagar,2023-10-25 02:15:00,hum,58.0,47.20578935599659,2,1,2,327.48576394607187
Srinagar,2023-10-26 02:00:00,hum,44.0,43.57082348554082,2,1,2,327.48576394607187
Srinagar,2023-10-27 02:15:00,hum,45.0,34.86167706506223,2,1,2,327.48576394607187
Srinagar,2023-10-28 02:00:00,hum,46.0,45.2203165858564,2,1,2,327.48576394607187
Srinagar,2023-10-29 02:30:00,hum,45.0,54.42040161711738,2,1,2,327.48576394607187
Srinagar,2023-10-30 01:45:00,hum,37.0,56.972124784878204,2,1,2,327.48576394607187
Sukma,2023-10-15 02:30:00,hum,84.0,77.4055857262153,2,1,1,251.1466766368019
Sukma,2023-10-16 02:30:00,hum,82.0,82.89055469902259,2,1,1,251.1466766368019
Sukma,2023-10-17 02:30:00,hum,82.0,80.58513844445966,2,1,1,251.1466766368019
Sukma,2023-10-18 02:30:00,hum,79.0,83.77967425337974,2,1,1,251.1466766368019
Sukma,2023-10-19 02:15:00,hum,83.0,78.43785668659335,2,1,1,251.1466766368019
Sukma,2023-10-20 02:30:00,hum,83.0,83.64516937416838,2,1,1,251.1466766368019
Sukma,2023-10-21 02:15:00,hum,84.0,81.02347829095595,2,1,1,251.1466766368019
Sukma,2023-10-22 02:15:00,hum,76.0,84.88616584892289,2,1,1,251.1466766368019
Sukma,2023-10-23 02:15:00,hum,83.0,77.2342397024625,2,1,1,251.1466766368019
Sukma,2023-10-24 02:15:00,hum,84.0,83.17757589735095,2,1,1,251.1466766368019
Sukma,2023-10-25 02:15:00,hum,79.0,81.07464589175503,2,1,1,251.1466766368019
Sukma,2023-10-26 02:00:00,hum,78.0,81.2660599827863,2,1,1,251.1466766368019
Sukma,2023-10-27 02:15:00,hum,68.0,79.54140333748825,2,1,1,251.1466766368019
Sukma,2023-10-28 02:00:00,hum,68.0,70.39647768851145,2,1,1,251.1466766368019
Sukma,2023-10-29 02:30:00,hum,80.0,70.10545031182978,2,1,1,251.1466766368019
Sukma,2023-10-30 01:45:00,hum,72.0,75.85470707114614,2,1,1,251.1466766368019
Sultanpur,2023-10-15 02:30:00,hum,52.0,53.0,0,1,0,316.6757763034914
Sultanpur,2023-10-16 02:30:00,hum,66.0,52.0,0,1,0,316.6757763034914
Sultanpur,2023-10-17 02:30:00,hum,88.0,66.0,0,1,0,316.6757763034914
Sultanpur,2023-10-18 02:30:00,hum,69.0,88.0,0,1,0,316.6757763034914
Sultanpur,2023-10-19 02:30:00,hum,61.0,69.0,0,1,0,316.6757763034914
Sultanpur,2023-10-20 02:30:00,hum,52.0,61.0,0,1,0,316.6757763034914
Sultanpur,2023-10-21 02:15:00,hum,55.0,52.0,0,1,0,316.6757763034914
Sultanpur,2023-10-22 02:30:00,hum,50.0,55.0,0,1,0,316.6757763034914
Sultanpur,2023-10-23 02:15:00,hum,55.0,50.0,0,1,0,316.6757763034914
Sultanpur,2023-10-24 02:15:00,hum,47.0,55.0,0,1,0,316.6757763034914
Sultanpur,2023-10-25 02:30:00,hum,55.0,47.0,0,1,0,316.6757763034914
Sultanpur,2023-10-26 02:00:00,hum,64.0,55.0,0,1,0,316.6757763034914
Sultanpur,2023-10-27 02:30:00,hum,51.0,64.0,0,1,0,316.6757763034914
Sultanpur,2023-10-28 02:00:00,hum,38.0,51.0,0,1,0,316.6757763034914
Sultanpur,2023-10-29 02:45:00,hum,46.0,38.0,0,1,0,316.6757763034914
Sultanpur,2023-10-30 02:00:00,hum,50.0,46.0,0,1,0,316.6757763034914
Sundargarh,2023-10-15 02:30:00,hum,70.0,71.4243553785722,2,1,2,279.27062729300746
Sundargarh,2023-10-16 02:30:00,hum,65.0,69.91749491206522,2,1,2,279.27062729300746
Sundargarh,2023-10-17 02:30:00,hum,72.0,61.836721347697505,2,1,2,279.27062729300746
Sundargarh,2023-10-18 02:30:00,hum,77.0,68.7225563796495,2,1,2,279.27062729300746
Sundargarh,2023-10-19 02:30:00,hum,70.0,75.60363216881686,2,1,2,279.27062729300746
Sundargarh,2023-10-20 02:30:00,hum,71.0,67.91775937107379,2,1,2,279.27062729300746
Sundargarh,2023-10-21 02:15:00,hum,71.0,76.23435202008075,2,1,2,279.27062729300746
Sundargarh,2023-10-22 02:30:00,hum,69.0,71.18285288396798,2,1,2,279.27062729300746
Sundargarh,2023-10-23 02:15:00,hum,65.0,70.04849968700337,2,1,2,279.27062729300746
Sundargarh,2023-10-24 02:15:00,hum,73.0,67.0507424330324,2,1,2,279.27062729300746
Sundargarh,2023-10-25 02:30:00,hum,69.0,70.31965898112195,2,1,2,279.27062729300746
Sundargarh,2023-10-26 02:00:00,hum,61.0,69.81491405167863,2,1,2,279.27062729300746
Sundargarh,2023-10-27 02:15:00,hum,60.0,63.59393336159074,2,1,2,279.27062729300746
Sundargarh,2023-10-28 02:00:00,hum,64.0,58.65285412374385,2,1,2,279.27062729300746
Sundargarh,2023-10-29 02:45:00,hum,67.0,66.08861959821063,2,1,2,279.27062729300746
Sundargarh,2023-10-30 02:00:00,hum,68.0,66.22183824431278,2,1,2,279.27062729300746
Supaul,2023-10-15 02:30:00,hum,68.0,64.0,0,1,0,298.8754392314643
Supaul,2023-10-16 02:30:00,hum,72.0,68.0,0,1,0,298.8754392314643
Supaul,2023-10-17 02:15:00,hum,80.0,72.0,0,1,0,298.8754392314643
Supaul,2023-10-18 02:30:00,hum,75.0,80.0,0,1,0,298.8754392314643
Supaul,2023-10-19 02:15:00,hum,70.0,75.0,0,1,0,298.8754392314643
Supaul,2023-10-20 02:30:00,hum,69.0,70.0,0,1,0,298.8754392314643
Supaul,2023-10-21 02:15:00,hum,65.0,69.0,0,1,0,298.8754392314643
Supaul,2023-10-22 02:15:00,hum,64.0,65.0,0,1,0,298.8754392314643
Supaul,2023-10-23 02:15:00,hum,68.0,63.99999999999999,0,1,0,298.8754392314643
Supaul,2023-10-24 02:15:00,hum,74.0,68.0,0,1,0,298.8754392314643
Supaul,2023-10-25 02:15:00,hum,66.0,74.0,0,1,0,298.8754392314643
Supaul,2023-10-26 02:00:00,hum,73.0,66.0,0,1,0,298.8754392314643
Supaul,2023-10-27 02:15:00,hum,58.0,73.0,0,1,0,298.8754392314643
Supaul,2023-10-28 02:00:00,hum,55.0,58.0,0,1,0,298.8754392314643
Supaul,2023-10-29 02:30:00,hum,61.0,55.0,0,1,0,298.8754392314643
Supaul,2023-10-30 01:45:00,hum,66.0,61.0,0,1,0,298.8754392314643
Surajpur,2023-10-15 02:30:00,hum,42.0,44.250733220014,0,1,1,308.6238582328948
Surajpur,2023-10-16 02:30:00,hum,43.0,43.04502091435703,0,1,1,308.6238582328948
Surajpur,2023-10-17 02:30:00,hum,58.0,43.02106918623998,0,1,1,308.6238582328948
Surajpur,2023-10-18 02:30:00,hum,55.0,50.99804361438564,0,1,1,308.6238582328948
Surajpur,2023-10-19 02:15:00,hum,51.0,53.30605319472686,0,1,1,308.6238582328948
Surajpur,2023-10-20 02:30:00,hum,49.0,52.02196793679524,0,1,1,308.6238582328948
Surajpur,2023-10-21 02:15:00,hum,48.0,50.38827199498631,0,1,1,308.6238582328948
Surajpur,2023-10-22 02:15:00,hum,45.0,49.09608891914604,0,1,1,308.6238582328948
Surajpur,2023-10-23 02:15:00,hum,43.0,46.86022922663315,0,1,1,308.6238582328948
Surajpur,2023-10-24 02:15:00,hum,47.0,44.718222171549215,0,1,1,308.6238582328948
Surajpur,2023-10-25 02:15:00,hum,44.0,45.97772037782975,0,1,1,308.6238582328948
Surajpur,2023-10-26 02:00:00,hum,40.0,44.89675590467932,0,1,1,308.6238582328948
Surajpur,2023-10-27 02:15:00,hum,42.0,42.20179831455609,0,1,1,308.6238582328948
Surajpur,2023-10-28 02:00:00,hum,43.0,42.090309807383164,0,1,1,308.6238582328948
Surajpur,2023-10-29 02:30:00,hum,47.0,42.59088966228766,0,1,1,308.6238582328948
Surajpur,2023-10-30 01:45:00,hum,40.0,45.008960312718074,0,1,1,308.6238582328948
Surat,2023-10-15 02:30:00,hum,74.0,69.34548990745756,0,1,1,235.13850617905555
Surat,2023-10-16 02:30:00,hum,74.0,72.26004570052638,0,1,1,235.13850617905555
Surat,2023-10-17 02:15:00,hum,69.0,73.35734408668932,0,1,1,235.13850617905555
Surat,2023-10-18 02:15:00,hum,61.0,70.6908469756338,0,1,1,235.13850617905555
Surat,2023-10-19 02:15:00,hum,59.0,64.23417043963836,0,1,1,235.13850617905555
Surat,2023-10-20 02:30:00,hum,51.0,60.078790663188656,0,1,1,235.13850617905555
Surat,2023-10-21 02:15:00,hum,56.0,52.48454214940047,0,1,1,235.13850617905555
Surat,2023-10-22 02:15:00,hum,50.0,55.33606004204284,0,1,1,235.13850617905555
Surat,2023-10-23 02:00:00,hum,52.0,51.16211631129717,0,1,1,235.13850617905555
Surat,2023-10-24 02:15:00,hum,49.0,51.818693838817154,0,1,1,235.13850617905555
Surat,2023-10-25 02:15:00,hum,46.0,49.624099217096585,0,1,1,235.13850617905555
Surat,2023-10-26 02:00:00,hum,43.0,46.76051926045012,0,1,1,235.13850617905555
Surat,2023-10-27 02:15:00,hum,45.0,43.72820348264738,0,1,1,235.13850617905555
Surat,2023-10-28 02:00:00,hum,42.0,44.74775850067596,0,1,1,235.13850617905555
Surat,2023-10-29 02:30:00,hum,42.0,42.557818252804196,0,1,1,235.13850617905555
Surat,2023-10-30 01:45:00,hum,40.0,42.11183075093202,0,1,1,235.13850617905555
Surendranagar,2023-10-15 02:30:00,hum,56.0,55.0,0,1,0,311.9476298290388
Surendranagar,2023-10-16 02:30:00,hum,62.0,56.0,0,1,0,311.9476298290388
Surendranagar,2023-10-17 02:15:00,hum,66.0,62.0,0,1,0,311.9476298290388
Surendranagar,2023-10-18 02:15:00,hum,50.0,66.0,0,1,0,311.9476298290388
Surendranagar,2023-10-19 02:15:00,hum,43.0,49.99999999999999,0,1,0,311.9476298290388
Surendranagar,2023-10-20 02:30:00,hum,42.0,43.0,0,1,0,311.9476298290388
Surendranagar,2023-10-21 02:15:00,hum,40.0,42.0,0,1,0,311.9476298290388
Surendranagar,2023-10-22 02:15:00,hum,40.0,40.0,0,1,0,311.9476298290388
Surendranagar,2023-10-23 02:00:00,hum,35.0,40.0,0,1,0,311.9476298290388
Surendranagar,2023-10-24 02:15:00,hum,28.0,35.0,0,1,0,311.9476298290388
Surendranagar,2023-10-25 02:15:00,hum,33.0,28.000000000000004,0,1,0,311.9476298290388
Surendranagar,2023-10-26 02:00:00,hum,31.0,33.0,0,1,0,311.9476298290388
Surendranagar,2023-10-27 02:15:00,hum,34.0,30.999999999999996,0,1,0,311.9476298290388
Surendranagar,2023-10-28 02:00:00,hum,32.0,34.0,0,1,0,311.9476298290388
Surendranagar,2023-10-29 02:30:00,hum,29.0,31.999999999999996,0,1,0,311.9476298290388
Surendranagar,2023-10-30 01:45:00,hum,37.0,29.0,0,1,0,311.9476298290388
Surguja,2023-10-15 02:30:00,hum,68.0,64.09422338276205,1,1,0,299.2911745201534
Surguja,2023-10-16 02:30:00,hum,68.0,64.01387341545231,1,1,0,299.2911745201534
Surguja,2023-10-17 02:30:00,hum,76.0,68.0,1,1,0,299.2911745201534
Surguja,2023-10-18 02:30:00,hum,80.0,72.56450193817031,1,1,0,299.2911745201534
Surguja,2023-10-19 02:15:00,hum,84.0,78.37011605725398,1,1,0,299.2911745201534
Surguja,2023-10-20 02:30:00,hum,78.0,82.40295970396193,1,1,0,299.2911745201534
Surguja,2023-10-21 02:15:00,hum,63.0,80.43471254787823,1,1,0,299.2911745201534
Surguja,2023-10-22 02:15:00,hum,67.0,68.50930153993899,1,1,0,299.2911745201534
Surguja,2023-10-23 02:15:00,hum,65.0,65.56051868877894,1,1,0,299.2911745201534
Surguja,2023-10-24 02:15:00,hum,71.0,65.72148616941556,1,1,0,299.2911745201534
Surguja,2023-10-25 02:15:00,hum,69.0,68.81421904573523,1,1,0,299.2911745201534
Surguja,2023-10-26 02:00:00,hum,62.0,69.72810654041525,1,1,0,299.2911745201534
Surguja,2023-10-27 02:15:00,hum,66.0,64.51276692147536,1,1,0,299.2911745201534
Surguja,2023-10-28 02:00:00,hum,58.0,64.55028791419039,1,1,0,299.2911745201534
Surguja,2023-10-29 02:30:00,hum,71.0,60.96668844327609,1,1,0,299.2911745201534
Surguja,2023-10-30 01:45:00,hum,69.0,65.85339476402146,1,1,0,299.2911745201534
Suryapet,2023-10-15 02:30:00,hum,77.0,77.70174262575269,1,1,1,278.0972621724715
Suryapet,2023-10-16 02:30:00,hum,76.0,79.00041138879517,1,1,1,278.0972621724715
Suryapet,2023-10-17 02:30:00,hum,87.0,78.1608684374607,1,1,1,278.0972621724715
Suryapet,2023-10-18 02:30:00,hum,81.0,85.73266671691373,1,1,1,278.0972621724715
Suryapet,2023-10-19 02:30:00,hum,75.0,81.78974944254931,1,1,1,278.0972621724715
Suryapet,2023-10-20 02:30:00,hum,89.0,77.30008488642437,1,1,1,278.0972621724715
Suryapet,2023-10-21 02:30:00,hum,83.0,86.76139807140707,1,1,1,278.0972621724715
Suryapet,2023-10-22 02:30:00,hum,77.0,83.10050212925707,1,1,1,278.0972621724715
Suryapet,2023-10-23 02:15:00,hum,64.0,79.01418979142106,1,1,1,278.0972621724715
Suryapet,2023-10-24 02:15:00,hum,67.0,70.1189933050471,1,1,1,278.0972621724715
Suryapet,2023-10-25 02:30:00,hum,68.0,71.20276057449699,1,1,1,278.0972621724715
Suryapet,2023-10-26 02:00:00,hum,66.0,71.26036954923823,1,1,1,278.0972621724715
Suryapet,2023-10-27 02:30:00,hum,54.0,69.2110956416154,1,1,1,278.0972621724715
Suryapet,2023-10-28 02:00:00,hum,54.0,58.74231874114469,1,1,1,278.0972621724715
Suryapet,2023-10-29 02:45:00,hum,86.0,56.2582522310982,1,1,1,278.0972621724715
Suryapet,2023-10-30 02:00:00,hum,91.0,81.55392847961778,1,1,1,278.0972621724715
Talab Data,2023-10-15 02:30:00,hum,46.0,42.663053330680086,0,1,2,320.6279542157662
Talab Data,2023-10-16 02:30:00,hum,43.0,45.004036044535745,0,1,2,320.6279542157662
Talab Data,2023-10-17 02:15:00,hum,72.0,42.72102468672734,0,1,2,320.6279542157662
Talab Data,2023-10-18 02:15:00,hum,54.0,64.79069181741332,0,1,2,320.6279542157662
Talab Data,2023-10-19 02:15:00,hum,56.0,51.01394471903234,0,1,2,320.6279542157662
Talab Data,2023-10-20 02:15:00,hum,62.0,56.10148884352069,0,1,2,320.6279542157662
Talab Data,2023-10-21 02:15:00,hum,52.0,59.3420499746412,0,1,2,320.6279542157662
Talab Data,2023-10-22 02:15:00,hum,50.0,53.25949471915871,0,1,2,320.6279542157662
Talab Data,2023-10-23 02:00:00,hum,49.0,52.44879291305687,0,1,2,320.6279542157662
Talab Data,2023-10-24 02:15:00,hum,54.0,50.75567627084992,0,1,2,320.6279542157662
Talab Data,2023-10-25 02:15:00,hum,43.0,53.60619313701833,0,1,2,320.6279542157662
Talab Data,2023-10-26 02:00:00,hum,44.0,45.94827546831235,0,1,2,320.6279542157662
Talab Data,2023-10-27 02:15:00,hum,47.0,46.619369765597185,0,1,2,320.6279542157662
Talab Data,2023-10-28 02:00:00,hum,45.0,47.23592569190587,0,1,2,320.6279542157662
Talab Data,2023-10-29 02:30:00,hum,42.0,45.66410013601725,0,1,2,320.6279542157662
Talab Data,2023-10-30 01:45:00,hum,42.0,43.612477033980745,0,1,2,320.6279542157662
Tamenglong,2023-10-15 02:30:00,hum,88.0,92.54877530065139,2,0,1,256.0917971845646
Tamenglong,2023-10-16 02:30:00,hum,90.0,91.44242967897097,2,0,1,256.0917971845646
Tamenglong,2023-10-17 02:15:00,hum,85.0,93.69673962478174,2,0,1,256.0917971845646
Tamenglong,2023-10-18 02:30:00,hum,89.0,90.7490475952502,2,0,1,256.0917971845646
Tamenglong,2023-10-19 02:15:00,hum,88.0,94.28104074167997,2,0,1,256.0917971845646
Tamenglong,2023-10-20 02:30:00,hum,88.0,93.23655668714989,2,0,1,256.0917971845646
Tamenglong,2023-10-21 02:15:00,hum,81.0,92.79234526430096,2,0,1,256.0917971845646
Tamenglong,2023-10-22 02:15:00,hum,87.0,85.8695866124693,2,0,1,256.0917971845646
Tamenglong,2023-10-23 02:15:00,hum,98.0,90.79987559377562,2,0,1,256.0917971845646
Tamenglong,2023-10-24 02:15:00,hum,93.0,100.41624723903752,2,0,1,256.0917971845646
Tamenglong,2023-10-25 02:15:00,hum,86.0,93.2834469215004,2,0,1,256.0917971845646
Tamenglong,2023-10-26 02:00:00,hum,98.0,88.92679488611148,2,0,1,256.0917971845646
Tamenglong,2023-10-27 02:15:00,hum,97.0,98.46298736346384,2,0,1,256.0917971845646
Tamenglong,2023-10-28 02:00:00,hum,92.0,95.26872452171175,2,0,1,256.0917971845646
Tamenglong,2023-10-29 02:30:00,hum,83.0,93.40527288797783,2,0,1,256.0917971845646
Tamenglong,2023-10-30 01:45:00,hum,84.0,86.60395881295804,2,0,1,256.0917971845646
Tarn Taran,2023-10-15 02:30:00,hum,88.0,86.38780932147819,1,1,1,302.51866268323886
Tarn Taran,2023-10-16 02:30:00,hum,94.0,88.54272563854528,1,1,1,302.51866268323886
Tarn Taran,2023-10-17 02:30:00,hum,94.0,91.15950771540244,1,1,1,302.51866268323886
Tarn Taran,2023-10-18 02:30:00,hum,94.0,91.2462382497729,1,1,1,302.51866268323886
Tarn Taran,2023-10-19 02:15:00,hum,94.0,91.32802843172193,1,1,1,302.51866268323886
Tarn Taran,2023-10-20 02:30:00,hum,94.0,91.40487152825217,1,1,1,302.51866268323886
Tarn Taran,2023-10-21 02:15:00,hum,94.0,91.47701081261192,1,1,1,302.51866268323886
Tarn Taran,2023-10-22 02:15:00,hum,88.0,91.54601392761533,1,1,1,302.51866268323886
Tarn Taran,2023-10-23 02:15:00,hum,94.0,88.83400740246145,1,1,1,302.51866268323886
Tarn Taran,2023-10-24 02:15:00,hum,88.0,91.52826893204445,1,1,1,302.51866268323886
Tarn Taran,2023-10-25 02:15:00,hum,88.0,88.87820000713883,1,1,1,302.51866268323886
Tarn Taran,2023-10-26 02:00:00,hum,94.0,88.86273160680695,1,1,1,302.51866268323886
Tarn Taran,2023-10-27 02:15:00,hum,94.0,91.49527810449601,1,1,1,302.51866268323886
Tarn Taran,2023-10-28 02:00:00,hum,88.0,91.56022290972798,1,1,1,302.51866268323886
Tarn Taran,2023-10-29 02:30:00,hum,83.0,88.94176795544577,1,1,1,302.51866268323886
Tarn Taran,2023-10-30 02:00:00,hum,94.0,86.71552033177232,1,1,1,302.51866268323886
Tawang,2023-10-15 02:30:00,hum,85.0,84.04646452291037,2,1,2,240.4782918135629
Tawang,2023-10-16 02:30:00,hum,83.0,87.28251369636516,2,1,2,240.4782918135629
Tawang,2023-10-17 02:15:00,hum,75.0,85.07577140615136,2,1,2,240.4782918135629
Tawang,2023-10-18 02:30:00,hum,85.0,73.34928989989075,2,1,2,240.4782918135629
Tawang,2023-10-19 02:15:00,hum,80.0,86.40856947644498,2,1,2,240.4782918135629
Tawang,2023-10-20 02:30:00,hum,84.0,81.90790211812255,2,1,2,240.4782918135629
Tawang,2023-10-21 02:15:00,hum,83.0,84.69533348121449,2,1,2,240.4782918135629
Tawang,2023-10-22 02:15:00,hum,75.0,84.65280807790123,2,1,2,240.4782918135629
Tawang,2023-10-23 02:15:00,hum,66.0,77.65746592520753,2,1,2,240.4782918135629
Tawang,2023-10-24 02:15:00,hum,63.0,65.35581383085736,2,1,2,240.4782918135629
Tawang,2023-10-25 02:15:00,hum,60.0,63.52075906558359,2,1,2,240.4782918135629
Tawang,2023-10-26 02:00:00,hum,78.0,60.63029217712006,2,1,2,240.4782918135629
Tawang,2023-10-27 02:15:00,hum,72.0,79.45770348857206,2,1,2,240.4782918135629
Tawang,2023-10-28 02:00:00,hum,77.0,73.32268773274359,2,1,2,240.4782918135629
Tawang,2023-10-29 02:30:00,hum,81.0,75.06710346755143,2,1,2,240.4782918135629
Tawang,2023-10-30 01:45:00,hum,89.0,82.49043184159011,2,1,2,240.4782918135629
Tehri-Garhwal,2023-10-15 02:30:00,hum,68.0,74.28822185647446,1,1,2,263.64785653727637
Tehri-Garhwal,2023-10-16 02:30:00,hum,69.0,71.8156278801602,1,1,2,263.64785653727637
Tehri-Garhwal,2023-10-17 02:30:00,hum,72.0,65.6693396036343,1,1,2,263.64785653727637
Tehri-Garhwal,2023-10-18 02:30:00,hum,72.0,70.69221365954404,1,1,2,263.64785653727637
Tehri-Garhwal,2023-10-19 02:15:00,hum,72.0,74.13441185120644,1,1,2,263.64785653727637
Tehri-Garhwal,2023-10-20 02:30:00,hum,68.0,72.0730310114333,1,1,2,263.64785653727637
Tehri-Garhwal,2023-10-21 02:15:00,hum,63.0,68.50400030152232,1,1,2,263.64785653727637
Tehri-Garhwal,2023-10-22 02:15:00,hum,61.0,62.81609288378423,1,1,2,263.64785653727637
Tehri-Garhwal,2023-10-23 02:15:00,hum,69.0,59.68228348900172,1,1,2,263.64785653727637
Tehri-Garhwal,2023-10-24 02:15:00,hum,61.0,66.61921777901016,1,1,2,263.64785653727637
Tehri-Garhwal,2023-10-25 02:15:00,hum,53.0,66.52765419506002,1,1,2,263.64785653727637
Tehri-Garhwal,2023-10-26 02:00:00,hum,55.0,53.829109089850775,1,1,2,263.64785653727637
Tehri-Garhwal,2023-10-27 02:15:00,hum,55.0,52.760322072536226,1,1,2,263.64785653727637
Tehri-Garhwal,2023-10-28 02:00:00,hum,64.0,55.364045733691384,1,1,2,263.64785653727637
Tehri-Garhwal,2023-10-29 02:30:00,hum,64.0,61.81152842011047,1,1,2,263.64785653727637
Tehri-Garhwal,2023-10-30 01:45:00,hum,64.0,65.74145544215497,1,1,2,263.64785653727637
Tenkasi,2023-10-15 02:30:00,hum,92.0,89.02866242512299,0,1,2,219.23215067931056
Tenkasi,2023-10-16 02:30:00,hum,86.0,90.21308860377049,0,1,2,219.23215067931056
Tenkasi,2023-10-17 02:30:00,hum,89.0,88.30229943123253,0,1,2,219.23215067931056
Tenkasi,2023-10-18 02:30:00,hum,88.0,89.44615237751482,0,1,2,219.23215067931056
Tenkasi,2023-10-19 02:30:00,hum,82.0,88.94462930589077,0,1,2,219.23215067931056
Tenkasi,2023-10-20 02:30:00,hum,83.0,86.98582990073334,0,1,2,219.23215067931056
Tenkasi,2023-10-21 02:30:00,hum,84.0,86.75188457119756,0,1,2,219.23215067931056
Tenkasi,2023-10-22 02:30:00,hum,83.0,86.20084773021071,0,1,2,219.23215067931056
Tenkasi,2023-10-23 02:15:00,hum,88.0,85.1167780676771,0,1,2,219.23215067931056
Tenkasi,2023-10-24 02:15:00,hum,89.0,87.27323638277078,0,1,2,219.23215067931056
Tenkasi,2023-10-25 02:30:00,hum,87.0,87.48313813335456,0,1,2,219.23215067931056
Tenkasi,2023-10-26 02:00:00,hum,84.0,86.86117826750801,0,1,2,219.23215067931056
Tenkasi,2023-10-27 02:30:00,hum,87.0,85.70874054931429,0,1,2,219.23215067931056
Tenkasi,2023-10-28 02:00:00,hum,86.0,87.01037244511822,0,1,2,219.23215067931056
Tenkasi,2023-10-29 02:45:00,hum,88.0,86.25564476805759,0,1,2,219.23215067931056
Tenkasi,2023-10-30 02:00:00,hum,88.0,87.2318925305041,0,1,2,219.23215067931056
Thane,2023-10-15 02:30:00,hum,89.0,82.58140060226414,0,1,1,316.83440876069
Thane,2023-10-16 02:30:00,hum,89.0,84.03776950417924,0,1,1,316.83440876069
Thane,2023-10-17 02:30:00,hum,66.0,85.04751545648664,0,1,1,316.83440876069
Thane,2023-10-18 02:30:00,hum,94.0,81.1970177746709,0,1,1,316.83440876069
Thane,2023-10-19 02:15:00,hum,70.0,83.89842488403005,0,1,1,316.83440876069
Thane,2023-10-20 02:30:00,hum,59.0,81.25626152710517,0,1,1,316.83440876069
Thane,2023-10-21 02:15:00,hum,59.0,76.16041110103377,0,1,1,316.83440876069
Thane,2023-10-22 02:30:00,hum,66.0,70.78377281166726,0,1,1,316.83440876069
Thane,2023-10-23 02:15:00,hum,89.0,69.07885590532406,0,1,1,316.83440876069
Thane,2023-10-24 02:15:00,hum,55.0,74.81555343550349,0,1,1,316.83440876069
Thane,2023-10-25 02:15:00,hum,62.0,70.06373250214284,0,1,1,316.83440876069
Thane,2023-10-26 02:00:00,hum,52.0,67.86640776440902,0,1,1,316.83440876069
Thane,2023-10-27 02:15:00,hum,55.0,63.21446823602588,0,1,1,316.83440876069
Thane,2023-10-28 02:00:00,hum,48.0,60.56266945578684,0,1,1,316.83440876069
Thane,2023-10-29 02:45:00,hum,51.0,56.334054563471106,0,1,1,316.83440876069
Thane,2023-10-30 02:00:00,hum,58.0,54.46628225832205,0,1,1,316.83440876069
Thanjavur,2023-10-15 02:30:00,hum,100.0,85.9198825000083,1,1,1,296.53835550967943
Thanjavur,2023-10-16 02:30:00,hum,94.0,91.44137175130507,1,1,1,296.53835550967943
Thanjavur,2023-10-17 02:30:00,hum,94.0,89.63419980379831,1,1,1,296.53835550967943
Thanjavur,2023-10-18 02:30:00,hum,89.0,90.27554826264353,1,1,1,296.53835550967943
Thanjavur,2023-10-19 02:30:00,hum,94.0,88.16074120501557,1,1,1,296.53835550967943
Thanjavur,2023-10-20 02:30:00,hum,94.0,90.90871588111642,1,1,1,296.53835550967943
Thanjavur,2023-10-21 02:15:00,hum,84.0,91.4111866099567,1,1,1,296.53835550967943
Thanjavur,2023-10-22 02:30:00,hum,89.0,86.60132521795157,1,1,1,296.53835550967943
Thanjavur,2023-10-23 02:15:00,hum,89.0,88.78562321125679,1,1,1,296.53835550967943
Thanjavur,2023-10-24 02:15:00,hum,89.0,88.80736138792183,1,1,1,296.53835550967943
Thanjavur,2023-10-25 02:30:00,hum,79.0,88.82597863454566,1,1,1,296.53835550967943
Thanjavur,2023-10-26 02:00:00,hum,89.0,84.01993620057651,1,1,1,296.53835550967943
Thanjavur,2023-10-27 02:15:00,hum,79.0,88.24984115577489,1,1,1,296.53835550967943
Thanjavur,2023-10-28 02:00:00,hum,89.0,83.88743756521625,1,1,1,296.53835550967943
Thanjavur,2023-10-29 02:45:00,hum,89.0,87.83333118769615,1,1,1,296.53835550967943
Thanjavur,2023-10-30 02:00:00,hum,94.0,87.93107830329538,1,1,1,296.53835550967943
Thiruvananthapuram,2023-10-15 02:30:00,hum,100.0,87.82216420635886,0,1,1,278.30048192235245
Thiruvananthapuram,2023-10-16 02:30:00,hum,89.0,88.08691481611142,0,1,1,278.30048192235245
Thiruvananthapuram,2023-10-17 02:15:00,hum,84.0,88.10636296576604,0,1,1,278.30048192235245
Thiruvananthapuram,2023-10-18 02:30:00,hum,89.0,88.0207922364079,0,1,1,278.30048192235245
Thiruvananthapuram,2023-10-19 02:15:00,hum,94.0,88.04078026719408,0,1,1,278.30048192235245
Thiruvananthapuram,2023-10-20 02:30:00,hum,100.0,88.16097162735515,0,1,1,278.30048192235245
Thiruvananthapuram,2023-10-21 02:15:00,hum,89.0,88.39239240662177,0,1,1,278.30048192235245
Thiruvananthapuram,2023-10-22 02:15:00,hum,89.0,88.41113980689498,0,1,1,278.30048192235245
Thiruvananthapuram,2023-10-23 02:15:00,hum,89.0,88.41513963301637,0,1,1,278.30048192235245
Thiruvananthapuram,2023-10-24 02:15:00,hum,94.0,88.42881126266731,0,1,1,278.30048192235245
Thiruvananthapuram,2023-10-25 02:15:00,hum,89.0,89.00022429778026,0,1,1,278.30048192235245
Thiruvananthapuram,2023-10-26 02:00:00,hum,84.0,88.98050377494467,0,1,1,278.30048192235245
Thiruvananthapuram,2023-10-27 02:15:00,hum,84.0,88.45727846676539,0,1,1,278.30048192235245
Thiruvananthapuram,2023-10-28 02:00:00,hum,89.0,88.37931749255509,0,1,1,278.30048192235245
Thiruvananthapuram,2023-10-29 02:30:00,hum,89.0,88.38984599559137,0,1,1,278.30048192235245
Thiruvananthapuram,2023-10-30 02:00:00,hum,89.0,88.40018921381824,0,1,1,278.30048192235245
Thiruvarur,2023-10-15 02:30:00,hum,86.0,82.77524844342541,2,1,2,259.90783247684044
Thiruvarur,2023-10-16 02:30:00,hum,85.0,83.43554336899713,2,1,2,259.90783247684044
Thiruvarur,2023-10-17 02:30:00,hum,87.0,85.24938537314614,2,1,2,259.90783247684044
Thiruvarur,2023-10-18 02:30:00,hum,86.0,84.69252816692946,2,1,2,259.90783247684044
Thiruvarur,2023-10-19 02:30:00,hum,83.0,86.0001808524632,2,1,2,259.90783247684044
Thiruvarur,2023-10-20 02:30:00,hum,87.0,82.9902189091295,2,1,2,259.90783247684044
Thiruvarur,2023-10-21 02:15:00,hum,83.0,84.88034268020431,2,1,2,259.90783247684044
Thiruvarur,2023-10-22 02:30:00,hum,94.0,84.51414224134297,2,1,2,259.90783247684044
Thiruvarur,2023-10-23 02:15:00,hum,87.0,87.39363423865905,2,1,2,259.90783247684044
Thiruvarur,2023-10-24 02:15:00,hum,86.0,90.13187015651434,2,1,2,259.90783247684044
Thiruvarur,2023-10-25 02:30:00,hum,83.0,83.79764647704575,2,1,2,259.90783247684044
Thiruvarur,2023-10-26 02:00:00,hum,83.0,85.04648005516555,2,1,2,259.90783247684044
Thiruvarur,2023-10-27 02:15:00,hum,82.0,82.39980143838254,2,1,2,259.90783247684044
Thiruvarur,2023-10-28 02:00:00,hum,90.0,83.23412823772321,2,1,2,259.90783247684044
Thiruvarur,2023-10-29 02:45:00,hum,80.0,85.9268645535325,2,1,2,259.90783247684044
Thiruvarur,2023-10-30 02:00:00,hum,90.0,85.15526930292182,2,1,2,259.90783247684044
Thoubal,2023-10-15 02:30:00,hum,95.0,96.52701129118776,1,1,1,189.17038013782502
Thoubal,2023-10-16 02:30:00,hum,94.0,95.95491281779005,1,1,1,189.17038013782502
Thoubal,2023-10-17 02:15:00,hum,94.0,95.32291635620501,1,1,1,189.17038013782502
Thoubal,2023-10-18 02:30:00,hum,92.0,95.24096028187685,1,1,1,189.17038013782502
Thoubal,2023-10-19 02:15:00,hum,90.0,93.82273441599592,1,1,1,189.17038013782502
Thoubal,2023-10-20 02:30:00,hum,92.0,91.9782496741402,1,1,1,189.17038013782502
Thoubal,2023-10-21 02:15:00,hum,88.0,93.37949742311176,1,1,1,189.17038013782502
Thoubal,2023-10-22 02:15:00,hum,94.0,89.41500691857284,1,1,1,189.17038013782502
Thoubal,2023-10-23 02:15:00,hum,96.0,94.2882448392509,1,1,1,189.17038013782502
Thoubal,2023-10-24 02:15:00,hum,89.0,96.13522686108946,1,1,1,189.17038013782502
Thoubal,2023-10-25 02:15:00,hum,99.0,90.69182073647572,1,1,1,189.17038013782502
Thoubal,2023-10-26 02:00:00,hum,98.0,96.64732628694571,1,1,1,189.17038013782502
Thoubal,2023-10-27 02:15:00,hum,98.0,96.78943922216581,1,1,1,189.17038013782502
Thoubal,2023-10-28 02:00:00,hum,94.0,97.16858417068286,1,1,1,189.17038013782502
Thoubal,2023-10-29 02:30:00,hum,92.0,94.58209009416713,1,1,1,189.17038013782502
Thoubal,2023-10-30 01:45:00,hum,94.0,93.35908378764945,1,1,1,189.17038013782502
Thrissur,2023-10-15 02:30:00,hum,94.0,95.68295128627733,0,1,1,243.61678343899126
Thrissur,2023-10-16 02:30:00,hum,94.0,95.21900902019401,0,1,1,243.61678343899126
Thrissur,2023-10-17 02:30:00,hum,94.0,94.96389543618197,0,1,1,243.61678343899126
Thrissur,2023-10-18 02:30:00,hum,94.0,94.79732345830254,0,1,1,243.61678343899126
Thrissur,2023-10-19 02:15:00,hum,94.0,94.67619767546171,0,1,1,243.61678343899126
Thrissur,2023-10-20 02:30:00,hum,94.0,94.5823009455602,0,1,1,243.61678343899126
Thrissur,2023-10-21 02:15:00,hum,94.0,94.50668407819221,0,1,1,243.61678343899126
Thrissur,2023-10-22 02:15:00,hum,94.0,94.44471125523313,0,1,1,243.61678343899126
Thrissur,2023-10-23 02:15:00,hum,94.0,94.39272583889793,0,1,1,243.61678343899126
Thrissur,2023-10-24 02:15:00,hum,94.0,94.34854230597313,0,1,1,243.61678343899126
Thrissur,2023-10-25 02:15:00,hum,100.0,94.31059106091652,0,1,1,243.61678343899126
Thrissur,2023-10-26 02:00:00,hum,100.0,94.91264029281209,0,1,1,243.61678343899126
Thrissur,2023-10-27 02:15:00,hum,94.0,95.31035557792997,0,1,1,243.61678343899126
Thrissur,2023-10-28 02:00:00,hum,89.0,95.23372778499746,0,1,1,243.61678343899126
Thrissur,2023-10-29 02:45:00,hum,94.0,94.80240035157406,0,1,1,243.61678343899126
Thrissur,2023-10-30 02:00:00,hum,94.0,94.73635959709588,0,1,1,243.61678343899126
Tikamgarh,2023-10-15 02:30:00,hum,42.0,45.0,0,1,0,303.49726139323127
Tikamgarh,2023-10-16 02:30:00,hum,46.0,42.0,0,1,0,303.49726139323127
Tikamgarh,2023-10-17 02:15:00,hum,84.0,46.0,0,1,0,303.49726139323127
Tikamgarh,2023-10-18 02:15:00,hum,66.0,84.0,0,1,0,303.49726139323127
Tikamgarh,2023-10-19 02:15:00,hum,60.0,66.0,0,1,0,303.49726139323127
Tikamgarh,2023-10-20 02:15:00,hum,44.0,59.99999999999999,0,1,0,303.49726139323127
Tikamgarh,2023-10-21 02:00:00,hum,50.0,44.0,0,1,0,303.49726139323127
Tikamgarh,2023-10-22 02:15:00,hum,49.0,50.0,0,1,0,303.49726139323127
Tikamgarh,2023-10-23 02:00:00,hum,46.0,49.0,0,1,0,303.49726139323127
Tikamgarh,2023-10-24 02:15:00,hum,48.0,46.0,0,1,0,303.49726139323127
Tikamgarh,2023-10-25 02:15:00,hum,45.0,48.0,0,1,0,303.49726139323127
Tikamgarh,2023-10-26 02:00:00,hum,43.0,45.0,0,1,0,303.49726139323127
Tikamgarh,2023-10-27 02:15:00,hum,42.0,43.0,0,1,0,303.49726139323127
Tikamgarh,2023-10-28 02:00:00,hum,32.0,42.0,0,1,0,303.49726139323127
Tikamgarh,2023-10-29 02:30:00,hum,35.0,32.0,0,1,0,303.49726139323127
Tikamgarh,2023-10-30 01:45:00,hum,40.0,35.0,0,1,0,303.49726139323127
Tinsukia,2023-10-15 02:30:00,hum,98.0,97.66530323300367,0,1,1,227.32653035292785
Tinsukia,2023-10-16 02:30:00,hum,97.0,97.71307171392992,0,1,1,227.32653035292785
Tinsukia,2023-10-17 02:15:00,hum,96.0,97.60875947208122,0,1,1,227.32653035292785
Tinsukia,2023-10-18 02:30:00,hum,90.0,97.38791224768707,0,1,1,227.32653035292785
Tinsukia,2023-10-19 02:15:00,hum,97.0,96.43780099536956,0,1,1,227.32653035292785
Tinsukia,2023-10-20 02:30:00,hum,96.0,96.52608918308981,0,1,1,227.32653035292785
Tinsukia,2023-10-21 02:15:00,hum,89.0,96.45379871294682,0,1,1,227.32653035292785
Tinsukia,2023-10-22 02:15:00,hum,89.0,94.96284342728703,0,1,1,227.32653035292785
Tinsukia,2023-10-23 02:15:00,hum,90.0,92.56794716828156,0,1,1,227.32653035292785
Tinsukia,2023-10-24 02:15:00,hum,73.0,91.40808143467729,0,1,1,227.32653035292785
Tinsukia,2023-10-25 02:15:00,hum,68.0,81.69417963975835,0,1,1,227.32653035292785
Tinsukia,2023-10-26 02:00:00,hum,97.0,70.12654970510442,0,1,1,227.32653035292785
Tinsukia,2023-10-27 02:15:00,hum,99.0,85.31872764663584,0,1,1,227.32653035292785
Tinsukia,2023-10-28 02:00:00,hum,98.0,89.46254420389312,0,1,1,227.32653035292785
Tinsukia,2023-10-29 02:30:00,hum,98.0,94.89728548228209,0,1,1,227.32653035292785
Tinsukia,2023-10-30 01:45:00,hum,94.0,97.12629546146253,0,1,1,227.32653035292785
Tirap,2023-10-15 02:30:00,hum,87.0,94.9502546046685,0,1,2,281.86420133266506
Tirap,2023-10-16 02:30:00,hum,84.0,89.13276629158499,0,1,2,281.86420133266506
Tirap,2023-10-17 02:30:00,hum,82.0,89.70820573864648,0,1,2,281.86420133266506
Tirap,2023-10-18 02:30:00,hum,86.0,87.49604373997687,0,1,2,281.86420133266506
Tirap,2023-10-19 02:30:00,hum,83.0,90.61494501151525,0,1,2,281.86420133266506
Tirap,2023-10-20 02:30:00,hum,79.0,87.0698570557071,0,1,2,281.86420133266506
Tirap,2023-10-21 02:30:00,hum,77.0,83.80526152916104,0,1,2,281.86420133266506
Tirap,2023-10-22 02:30:00,hum,68.0,80.28176195573293,0,1,2,281.86420133266506
Tirap,2023-10-23 02:15:00,hum,59.0,71.33776631156051,0,1,2,281.86420133266506
Tirap,2023-10-24 02:15:00,hum,60.0,62.90778290611666,0,1,2,281.86420133266506
Tirap,2023-10-25 02:30:00,hum,78.0,63.00816183900847,0,1,2,281.86420133266506
Tirap,2023-10-26 02:00:00,hum,98.0,77.80294145879608,0,1,2,281.86420133266506
Tirap,2023-10-27 02:30:00,hum,98.0,90.4912302726457,0,1,2,281.86420133266506
Tirap,2023-10-28 02:00:00,hum,87.0,90.92965444139219,0,1,2,281.86420133266506
Tirap,2023-10-29 02:45:00,hum,80.0,84.34289008834415,0,1,2,281.86420133266506
Tirap,2023-10-30 02:00:00,hum,79.0,81.20774845552002,0,1,2,281.86420133266506
Tiruchirappalli,2023-10-15 02:30:00,hum,100.0,85.9198825000083,1,1,1,296.53835550967943
Tiruchirappalli,2023-10-16 02:30:00,hum,94.0,91.44137175130507,1,1,1,296.53835550967943
Tiruchirappalli,2023-10-17 02:30:00,hum,94.0,89.63419980379831,1,1,1,296.53835550967943
Tiruchirappalli,2023-10-18 02:30:00,hum,89.0,90.27554826264353,1,1,1,296.53835550967943
Tiruchirappalli,2023-10-19 02:30:00,hum,94.0,88.16074120501557,1,1,1,296.53835550967943
Tiruchirappalli,2023-10-20 02:30:00,hum,94.0,90.90871588111642,1,1,1,296.53835550967943
Tiruchirappalli,2023-10-21 02:15:00,hum,84.0,91.4111866099567,1,1,1,296.53835550967943
Tiruchirappalli,2023-10-22 02:30:00,hum,89.0,86.60132521795157,1,1,1,296.53835550967943
Tiruchirappalli,2023-10-23 02:15:00,hum,89.0,88.78562321125679,1,1,1,296.53835550967943
Tiruchirappalli,2023-10-24 02:15:00,hum,89.0,88.80736138792183,1,1,1,296.53835550967943
Tiruchirappalli,2023-10-25 02:30:00,hum,79.0,88.82597863454566,1,1,1,296.53835550967943
Tiruchirappalli,2023-10-26 02:00:00,hum,89.0,84.01993620057651,1,1,1,296.53835550967943
Tiruchirappalli,2023-10-27 02:15:00,hum,79.0,88.24984115577489,1,1,1,296.53835550967943
Tiruchirappalli,2023-10-28 02:00:00,hum,89.0,83.88743756521625,1,1,1,296.53835550967943
Tiruchirappalli,2023-10-29 02:45:00,hum,89.0,87.83333118769615,1,1,1,296.53835550967943
Tiruchirappalli,2023-10-30 02:00:00,hum,94.0,87.93107830329538,1,1,1,296.53835550967943
Tirunelveli,2023-10-15 02:30:00,hum,75.0,72.65748632312234,0,1,2,261.4576897895903
Tirunelveli,2023-10-16 02:30:00,hum,67.0,72.44797338586915,0,1,2,261.4576897895903
Tirunelveli,2023-10-17 02:30:00,hum,77.0,68.82440660740411,0,1,2,261.4576897895903
Tirunelveli,2023-10-18 02:30:00,hum,78.0,74.70076965121196,0,1,2,261.4576897895903
Tirunelveli,2023-10-19 02:30:00,hum,75.0,72.8700635079727,0,1,2,261.4576897895903
Tirunelveli,2023-10-20 02:30:00,hum,71.0,72.64322806768998,0,1,2,261.4576897895903
Tirunelveli,2023-10-21 02:15:00,hum,72.0,70.92840953245435,0,1,2,261.4576897895903
Tirunelveli,2023-10-22 02:30:00,hum,72.0,72.083165380272,0,1,2,261.4576897895903
Tirunelveli,2023-10-23 02:15:00,hum,77.0,71.5866748790169,0,1,2,261.4576897895903
Tirunelveli,2023-10-24 02:15:00,hum,79.0,74.35333774804711,0,1,2,261.4576897895903
Tirunelveli,2023-10-25 02:30:00,hum,78.0,74.67149805673537,0,1,2,261.4576897895903
Tirunelveli,2023-10-26 02:00:00,hum,72.0,74.67540793841181,0,1,2,261.4576897895903
Tirunelveli,2023-10-27 02:15:00,hum,76.0,71.91021822645367,0,1,2,261.4576897895903
Tirunelveli,2023-10-28 02:00:00,hum,77.0,75.08330227369932,0,1,2,261.4576897895903
Tirunelveli,2023-10-29 02:45:00,hum,80.0,74.54597835207255,0,1,2,261.4576897895903
Tirunelveli,2023-10-30 02:00:00,hum,79.0,76.7799192962064,0,1,2,261.4576897895903
Tiruppur,2023-10-15 02:30:00,hum,81.0,89.31115679176605,0,1,1,251.93750526347696
Tiruppur,2023-10-16 02:30:00,hum,89.0,89.13039452493365,0,1,1,251.93750526347696
Tiruppur,2023-10-17 02:30:00,hum,94.0,89.12752952175272,0,1,1,251.93750526347696
Tiruppur,2023-10-18 02:30:00,hum,94.0,89.22913423792792,0,1,1,251.93750526347696
Tiruppur,2023-10-19 02:30:00,hum,70.0,89.32650516179392,0,1,1,251.93750526347696
Tiruppur,2023-10-20 02:30:00,hum,79.0,88.9399083861054,0,1,1,251.93750526347696
Tiruppur,2023-10-21 02:15:00,hum,94.0,88.2141136130262,0,1,1,251.93750526347696
Tiruppur,2023-10-22 02:30:00,hum,89.0,88.84463539372966,0,1,1,251.93750526347696
Tiruppur,2023-10-23 02:15:00,hum,89.0,88.8489329432262,0,1,1,251.93750526347696
Tiruppur,2023-10-24 02:15:00,hum,89.0,88.85179245644969,0,1,1,251.93750526347696
Tiruppur,2023-10-25 02:30:00,hum,89.0,88.85443443841638,0,1,1,251.93750526347696
Tiruppur,2023-10-26 02:00:00,hum,84.0,88.85684491530816,0,1,1,251.93750526347696
Tiruppur,2023-10-27 02:15:00,hum,74.0,88.76840801921944,0,1,1,251.93750526347696
Tiruppur,2023-10-28 02:00:00,hum,74.0,87.22211710981574,0,1,1,251.93750526347696
Tiruppur,2023-10-29 02:45:00,hum,79.0,84.82779373708959,0,1,1,251.93750526347696
Tiruppur,2023-10-30 02:00:00,hum,83.0,83.31322299935314,0,1,1,251.93750526347696
Tiruvannamalai,2023-10-15 02:30:00,hum,88.0,87.63025532781681,0,1,2,283.4076785783213
Tiruvannamalai,2023-10-16 02:30:00,hum,91.0,87.0732608918278,0,1,2,283.4076785783213
Tiruvannamalai,2023-10-17 02:30:00,hum,92.0,90.67662318490115,0,1,2,283.4076785783213
Tiruvannamalai,2023-10-18 02:30:00,hum,81.0,90.15163638145131,0,1,2,283.4076785783213
Tiruvannamalai,2023-10-19 02:30:00,hum,84.0,80.7164031593484,0,1,2,283.4076785783213
Tiruvannamalai,2023-10-20 02:30:00,hum,86.0,88.28760663443711,0,1,2,283.4076785783213
Tiruvannamalai,2023-10-21 02:15:00,hum,91.0,84.55057147163527,0,1,2,283.4076785783213
Tiruvannamalai,2023-10-22 02:30:00,hum,80.0,91.52531074311537,0,1,2,283.4076785783213
Tiruvannamalai,2023-10-23 02:15:00,hum,84.0,78.6952934869032,0,1,2,283.4076785783213
Tiruvannamalai,2023-10-24 02:15:00,hum,82.0,87.78385354336555,0,1,2,283.4076785783213
Tiruvannamalai,2023-10-25 02:30:00,hum,86.0,81.25518250872963,0,1,2,283.4076785783213
Tiruvannamalai,2023-10-26 02:00:00,hum,81.0,87.00093119297469,0,1,2,283.4076785783213
Tiruvannamalai,2023-10-27 02:15:00,hum,85.0,80.70040162262498,0,1,2,283.4076785783213
Tiruvannamalai,2023-10-28 02:00:00,hum,90.0,85.97745161933432,0,1,2,283.4076785783213
Tiruvannamalai,2023-10-29 02:45:00,hum,88.0,87.63996921625898,0,1,2,283.4076785783213
Tiruvannamalai,2023-10-30 02:00:00,hum,91.0,86.54447619524713,0,1,2,283.4076785783213
Tonk,2023-10-15 02:30:00,hum,38.0,39.0,0,1,0,304.83096624732207
Tonk,2023-10-16 02:30:00,hum,39.0,38.0,0,1,0,304.83096624732207
Tonk,2023-10-17 02:30:00,hum,71.0,39.0,0,1,0,304.83096624732207
Tonk,2023-10-18 02:30:00,hum,63.0,71.0,0,1,0,304.83096624732207
Tonk,2023-10-19 02:30:00,hum,48.0,63.0,0,1,0,304.83096624732207
Tonk,2023-10-20 02:30:00,hum,42.0,48.0,0,1,0,304.83096624732207
Tonk,2023-10-21 02:15:00,hum,42.0,42.0,0,1,0,304.83096624732207
Tonk,2023-10-22 02:30:00,hum,41.0,42.0,0,1,0,304.83096624732207
Tonk,2023-10-23 02:15:00,hum,41.0,41.0,0,1,0,304.83096624732207
Tonk,2023-10-24 02:15:00,hum,36.0,41.0,0,1,0,304.83096624732207
Tonk,2023-10-25 02:30:00,hum,37.0,36.0,0,1,0,304.83096624732207
Tonk,2023-10-26 02:00:00,hum,34.0,37.0,0,1,0,304.83096624732207
Tonk,2023-10-27 02:15:00,hum,29.0,34.0,0,1,0,304.83096624732207
Tonk,2023-10-28 02:00:00,hum,31.0,29.0,0,1,0,304.83096624732207
Tonk,2023-10-29 02:45:00,hum,36.0,31.0,0,1,0,304.83096624732207
Tonk,2023-10-30 02:00:00,hum,35.0,36.0,0,1,0,304.83096624732207
Tuensang,2023-10-15 02:30:00,hum,96.0,97.93654352993416,1,1,1,222.15524512191544
Tuensang,2023-10-16 02:30:00,hum,95.0,97.22057055270089,1,1,1,222.15524512191544
Tuensang,2023-10-17 02:15:00,hum,88.0,96.71462421283016,1,1,1,222.15524512191544
Tuensang,2023-10-18 02:30:00,hum,93.0,93.40021084051756,1,1,1,222.15524512191544
Tuensang,2023-10-19 02:15:00,hum,95.0,95.304446520359,1,1,1,222.15524512191544
Tuensang,2023-10-20 02:30:00,hum,95.0,96.08640729057846,1,1,1,222.15524512191544
Tuensang,2023-10-21 02:15:00,hum,93.0,96.05825158009229,1,1,1,222.15524512191544
Tuensang,2023-10-22 02:15:00,hum,85.0,95.15084986308426,1,1,1,222.15524512191544
Tuensang,2023-10-23 02:15:00,hum,89.0,89.85030775264899,1,1,1,222.15524512191544
Tuensang,2023-10-24 02:15:00,hum,91.0,90.609829666402,1,1,1,222.15524512191544
Tuensang,2023-10-25 02:15:00,hum,85.0,91.27676423390334,1,1,1,222.15524512191544
Tuensang,2023-10-26 02:00:00,hum,98.0,87.91418075925365,1,1,1,222.15524512191544
Tuensang,2023-10-27 02:15:00,hum,98.0,93.16166190043678,1,1,1,222.15524512191544
Tuensang,2023-10-28 02:00:00,hum,97.0,95.04662752522509,1,1,1,222.15524512191544
Tuensang,2023-10-29 02:30:00,hum,89.0,95.21129731204553,1,1,1,222.15524512191544
Tuensang,2023-10-30 01:45:00,hum,96.0,91.6627761876933,1,1,1,222.15524512191544
Tumkur,2023-10-15 02:30:00,hum,67.0,76.93419742303485,0,1,1,266.43612794248924
Tumkur,2023-10-16 02:30:00,hum,78.0,71.3400233987707,0,1,1,266.43612794248924
Tumkur,2023-10-17 02:30:00,hum,81.0,74.97787667794674,0,1,1,266.43612794248924
Tumkur,2023-10-18 02:30:00,hum,75.0,78.14462094113563,0,1,1,266.43612794248924
Tumkur,2023-10-19 02:15:00,hum,76.0,76.49110336470672,0,1,1,266.43612794248924
Tumkur,2023-10-20 02:30:00,hum,82.0,76.24137257065887,0,1,1,266.43612794248924
Tumkur,2023-10-21 02:15:00,hum,75.0,79.162467726092,0,1,1,266.43612794248924
Tumkur,2023-10-22 02:15:00,hum,82.0,77.07084735915315,0,1,1,266.43612794248924
Tumkur,2023-10-23 02:15:00,hum,66.0,79.48149425951036,0,1,1,266.43612794248924
Tumkur,2023-10-24 02:15:00,hum,45.0,73.24276550561932,0,1,1,266.43612794248924
Tumkur,2023-10-25 02:15:00,hum,47.0,52.173262513246534,0,1,1,266.43612794248924
Tumkur,2023-10-26 02:00:00,hum,46.0,47.62355153211146,0,1,1,266.43612794248924
Tumkur,2023-10-27 02:15:00,hum,59.0,46.31459005101759,0,1,1,266.43612794248924
Tumkur,2023-10-28 02:00:00,hum,76.0,56.164725850459504,0,1,1,266.43612794248924
Tumkur,2023-10-29 02:45:00,hum,86.0,74.46550265128994,0,1,1,266.43612794248924
Tumkur,2023-10-30 02:00:00,hum,91.0,86.03505525714678,0,1,1,266.43612794248924
Udaipur,2023-10-16 02:30:00,hum,70.0,50.43448046633905,2,1,2,755.236584849848
Udaipur,2023-10-16 02:30:00,hum,37.0,48.18423189397561,2,1,2,755.236584849848
Udaipur,2023-10-17 02:15:00,hum,74.0,70.8284998124508,2,1,2,755.236584849848
Udaipur,2023-10-17 02:30:00,hum,62.0,42.81115578285116,2,1,2,755.236584849848
Udaipur,2023-10-18 02:15:00,hum,79.0,67.49228753658787,2,1,2,755.236584849848
Udaipur,2023-10-18 02:30:00,hum,52.0,52.16810024165757,2,1,2,755.236584849848
Udaipur,2023-10-19 02:15:00,hum,86.0,75.57214832999543,2,1,2,755.236584849848
Udaipur,2023-10-19 02:30:00,hum,50.0,52.443742370065145,2,1,2,755.236584849848
Udaipur,2023-10-20 02:30:00,hum,87.0,80.00792848496994,2,1,2,755.236584849848
Udaipur,2023-10-20 02:30:00,hum,45.0,53.01017130378219,2,1,2,755.236584849848
Udaipur,2023-10-21 02:15:00,hum,85.0,82.57079658256397,2,1,2,755.236584849848
Udaipur,2023-10-21 02:15:00,hum,43.0,51.15357766270246,2,1,2,755.236584849848
Udaipur,2023-10-22 02:15:00,hum,76.0,82.02898945330799,2,1,2,755.236584849848
Udaipur,2023-10-22 02:30:00,hum,32.0,49.635907147661655,2,1,2,755.236584849848
Udaipur,2023-10-23 02:00:00,hum,78.0,78.55055292170938,2,1,2,755.236584849848
Udaipur,2023-10-23 02:15:00,hum,38.0,41.40399465764865,2,1,2,755.236584849848
Udaipur,2023-10-24 02:15:00,hum,85.0,74.98863107069135,2,1,2,755.236584849848
Udaipur,2023-10-24 02:15:00,hum,40.0,40.266584570370384,2,1,2,755.236584849848
Udaipur,2023-10-25 02:15:00,hum,89.0,78.28202357202136,2,1,2,755.236584849848
Udaipur,2023-10-25 02:30:00,hum,45.0,41.7153986013481,2,1,2,755.236584849848
Udaipur,2023-10-26 02:00:00,hum,81.0,81.71170804670885,2,1,2,755.236584849848
Udaipur,2023-10-26 02:00:00,hum,42.0,46.03867525102606,2,1,2,755.236584849848
Udaipur,2023-10-27 02:15:00,hum,72.0,81.22982895554352,2,1,2,755.236584849848
Udaipur,2023-10-27 02:15:00,hum,36.0,45.344907532723916,2,1,2,755.236584849848
Udaipur,2023-10-28 02:00:00,hum,73.0,76.79932880914762,2,1,2,755.236584849848
Udaipur,2023-10-28 02:00:00,hum,29.0,40.155486555454715,2,1,2,755.236584849848
Udaipur,2023-10-29 02:30:00,hum,73.0,74.42326038284135,2,1,2,755.236584849848
Udaipur,2023-10-29 02:45:00,hum,26.0,35.061168879262134,2,1,2,755.236584849848
Udaipur,2023-10-30 01:45:00,hum,77.0,72.15661104468805,2,1,2,755.236584849848
Udaipur,2023-10-30 02:00:00,hum,32.0,31.11178042224759,2,1,2,755.236584849848
Udalguri,2023-10-15 02:30:00,hum,89.0,90.02258909286702,1,1,1,242.05530871468287
Udalguri,2023-10-16 02:30:00,hum,86.0,89.27337808578193,1,1,1,242.05530871468287
Udalguri,2023-10-17 02:15:00,hum,86.0,87.00246390326106,1,1,1,242.05530871468287
Udalguri,2023-10-18 02:30:00,hum,85.0,86.96706075017542,1,1,1,242.05530871468287
Udalguri,2023-10-19 02:15:00,hum,84.0,86.15276049081552,1,1,1,242.05530871468287
Udalguri,2023-10-20 02:30:00,hum,79.0,85.30584706364066,1,1,1,242.05530871468287
Udalguri,2023-10-21 02:15:00,hum,77.0,81.01767164300873,1,1,1,242.05530871468287
Udalguri,2023-10-22 02:15:00,hum,77.0,76.96370643325113,1,1,1,242.05530871468287
Udalguri,2023-10-23 02:15:00,hum,71.0,77.01203322519909,1,1,1,242.05530871468287
Udalguri,2023-10-24 02:15:00,hum,70.0,70.45985034078315,1,1,1,242.05530871468287
Udalguri,2023-10-25 02:15:00,hum,78.0,70.10521261901803,1,1,1,242.05530871468287
Udalguri,2023-10-26 02:00:00,hum,77.0,78.75539353679508,1,1,1,242.05530871468287
Udalguri,2023-10-27 02:15:00,hum,86.0,76.61042225777305,1,1,1,242.05530871468287
Udalguri,2023-10-28 02:00:00,hum,85.0,86.26778224046971,1,1,1,242.05530871468287
Udalguri,2023-10-29 02:30:00,hum,82.0,85.39857500553609,1,1,1,242.05530871468287
Udalguri,2023-10-30 01:45:00,hum,83.0,82.77755043877288,1,1,1,242.05530871468287
Udhampur,2023-10-15 02:30:00,hum,46.0,42.0,0,1,0,318.54895691730945
Udhampur,2023-10-16 02:30:00,hum,43.0,46.0,0,1,0,318.54895691730945
Udhampur,2023-10-17 02:15:00,hum,72.0,43.0,0,1,0,318.54895691730945
Udhampur,2023-10-18 02:15:00,hum,54.0,72.0,0,1,0,318.54895691730945
Udhampur,2023-10-19 02:15:00,hum,56.0,54.0,0,1,0,318.54895691730945
Udhampur,2023-10-20 02:15:00,hum,62.0,56.0,0,1,0,318.54895691730945
Udhampur,2023-10-21 02:15:00,hum,52.0,62.0,0,1,0,318.54895691730945
Udhampur,2023-10-22 02:15:00,hum,50.0,52.0,0,1,0,318.54895691730945
Udhampur,2023-10-23 02:00:00,hum,49.0,50.0,0,1,0,318.54895691730945
Udhampur,2023-10-24 02:15:00,hum,54.0,49.0,0,1,0,318.54895691730945
Udhampur,2023-10-25 02:15:00,hum,43.0,54.0,0,1,0,318.54895691730945
Udhampur,2023-10-26 02:00:00,hum,44.0,43.0,0,1,0,318.54895691730945
Udhampur,2023-10-27 02:15:00,hum,47.0,44.0,0,1,0,318.54895691730945
Udhampur,2023-10-28 02:00:00,hum,45.0,47.0,0,1,0,318.54895691730945
Udhampur,2023-10-29 02:30:00,hum,42.0,45.0,0,1,0,318.54895691730945
Udhampur,2023-10-30 01:45:00,hum,42.0,42.0,0,1,0,318.54895691730945
Udupi,2023-10-15 02:30:00,hum,94.0,90.44713013297658,1,1,2,251.13768654531066
Udupi,2023-10-16 02:30:00,hum,91.0,89.74991152793703,1,1,2,251.13768654531066
Udupi,2023-10-17 02:30:00,hum,94.0,91.41865300128501,1,1,2,251.13768654531066
Udupi,2023-10-18 02:30:00,hum,100.0,91.66709617917026,1,1,2,251.13768654531066
Udupi,2023-10-19 02:15:00,hum,94.0,90.4693004356449,1,1,2,251.13768654531066
Udupi,2023-10-20 02:30:00,hum,84.0,94.0874347016665,1,1,2,251.13768654531066
Udupi,2023-10-21 02:15:00,hum,89.0,100.82679748815917,1,1,2,251.13768654531066
Udupi,2023-10-22 02:15:00,hum,94.0,94.25370364345076,1,1,2,251.13768654531066
Udupi,2023-10-23 02:15:00,hum,89.0,92.28308500857838,1,1,2,251.13768654531066
Udupi,2023-10-24 02:15:00,hum,89.0,92.0556808431739,1,1,2,251.13768654531066
Udupi,2023-10-25 02:15:00,hum,89.0,91.56771304623625,1,1,2,251.13768654531066
Udupi,2023-10-26 02:00:00,hum,89.0,90.85439137379258,1,1,2,251.13768654531066
Udupi,2023-10-27 02:15:00,hum,89.0,90.05892359088227,1,1,2,251.13768654531066
Udupi,2023-10-28 02:00:00,hum,84.0,89.39498636879357,1,1,2,251.13768654531066
Udupi,2023-10-29 02:45:00,hum,89.0,88.44416017503902,1,1,2,251.13768654531066
Udupi,2023-10-30 02:00:00,hum,94.0,87.3354945620977,1,1,2,251.13768654531066
Ujjain,2023-10-15 02:30:00,hum,56.0,58.165855732184056,1,1,0,307.9339486893976
Ujjain,2023-10-16 02:30:00,hum,60.0,55.65460861249394,1,1,0,307.9339486893976
Ujjain,2023-10-17 02:15:00,hum,66.0,58.623868550944806,1,1,0,307.9339486893976
Ujjain,2023-10-18 02:15:00,hum,65.0,63.994893295025214,1,1,0,307.9339486893976
Ujjain,2023-10-19 02:15:00,hum,56.0,65.33233628913055,1,1,0,307.9339486893976
Ujjain,2023-10-20 02:15:00,hum,55.0,58.962579481433764,1,1,0,307.9339486893976
Ujjain,2023-10-21 02:00:00,hum,58.0,55.31779526164491,1,1,0,307.9339486893976
Ujjain,2023-10-22 02:15:00,hum,57.0,57.04370068259383,1,1,0,307.9339486893976
Ujjain,2023-10-23 02:00:00,hum,65.0,57.31892780662209,1,1,0,307.9339486893976
Ujjain,2023-10-24 02:00:00,hum,53.0,62.42895216433951,1,1,0,307.9339486893976
Ujjain,2023-10-25 02:15:00,hum,42.0,57.14015870251773,1,1,0,307.9339486893976
Ujjain,2023-10-26 02:00:00,hum,46.0,45.19076549141499,1,1,0,307.9339486893976
Ujjain,2023-10-27 02:15:00,hum,34.0,44.82901714135236,1,1,0,307.9339486893976
Ujjain,2023-10-28 02:00:00,hum,49.0,37.66187755162889,1,1,0,307.9339486893976
Ujjain,2023-10-29 02:30:00,hum,60.0,43.85922326584309,1,1,0,307.9339486893976
Ujjain,2023-10-30 01:45:00,hum,44.0,56.927348168518066,1,1,0,307.9339486893976
Ukhrul,2023-10-15 02:30:00,hum,94.0,97.14789018348078,2,1,1,246.09254375687888
Ukhrul,2023-10-16 02:30:00,hum,96.0,93.26371917125417,2,1,1,246.09254375687888
Ukhrul,2023-10-17 02:15:00,hum,95.0,97.7638640666495,2,1,1,246.09254375687888
Ukhrul,2023-10-18 02:30:00,hum,92.0,95.3879850751321,2,1,1,246.09254375687888
Ukhrul,2023-10-19 02:15:00,hum,92.0,92.54894037120344,2,1,1,246.09254375687888
Ukhrul,2023-10-20 02:30:00,hum,94.0,94.07803499566424,2,1,1,246.09254375687888
Ukhrul,2023-10-21 02:15:00,hum,92.0,96.12651015344377,2,1,1,246.09254375687888
Ukhrul,2023-10-22 02:15:00,hum,89.0,92.67868597435235,2,1,1,246.09254375687888
Ukhrul,2023-10-23 02:15:00,hum,87.0,90.1045607412028,2,1,1,246.09254375687888
Ukhrul,2023-10-24 02:15:00,hum,83.0,89.04356128969786,2,1,1,246.09254375687888
Ukhrul,2023-10-25 02:15:00,hum,99.0,84.60232238594512,2,1,1,246.09254375687888
Ukhrul,2023-10-26 02:00:00,hum,99.0,105.1161239349832,2,1,1,246.09254375687888
Ukhrul,2023-10-27 02:15:00,hum,99.0,97.35974690010067,2,1,1,246.09254375687888
Ukhrul,2023-10-28 02:00:00,hum,95.0,97.40207399809275,2,1,1,246.09254375687888
Ukhrul,2023-10-29 02:30:00,hum,94.0,93.58010117261891,2,1,1,246.09254375687888
Ukhrul,2023-10-30 01:45:00,hum,92.0,94.24289075772023,2,1,1,246.09254375687888
Umaria,2023-10-15 02:30:00,hum,52.0,62.62394556171415,0,1,2,311.54983088614784
Umaria,2023-10-16 02:30:00,hum,62.0,55.859123388791204,0,1,2,311.54983088614784
Umaria,2023-10-17 02:15:00,hum,75.0,64.04292776550416,0,1,2,311.54983088614784
Umaria,2023-10-18 02:15:00,hum,84.0,71.2611150876561,0,1,2,311.54983088614784
Umaria,2023-10-19 02:15:00,hum,73.0,78.17459752336994,0,1,2,311.54983088614784
Umaria,2023-10-20 02:15:00,hum,63.0,68.93420287708626,0,1,2,311.54983088614784
Umaria,2023-10-21 02:00:00,hum,60.0,66.01209450588064,0,1,2,311.54983088614784
Umaria,2023-10-22 02:15:00,hum,62.0,63.30943859059643,0,1,2,311.54983088614784
Umaria,2023-10-23 02:00:00,hum,60.0,64.66665934031057,0,1,2,311.54983088614784
Umaria,2023-10-24 02:15:00,hum,66.0,61.25744326251319,0,1,2,311.54983088614784
Umaria,2023-10-25 02:15:00,hum,67.0,67.07434338089018,0,1,2,311.54983088614784
Umaria,2023-10-26 02:00:00,hum,56.0,65.13337375939558,0,1,2,311.54983088614784
Umaria,2023-10-27 02:15:00,hum,49.0,57.525274707155674,0,1,2,311.54983088614784
Umaria,2023-10-28 02:00:00,hum,51.0,53.91395287279546,0,1,2,311.54983088614784
Umaria,2023-10-29 02:30:00,hum,55.0,54.77248917318755,0,1,2,311.54983088614784
Umaria,2023-10-30 01:45:00,hum,57.0,56.12149954704282,0,1,2,311.54983088614784
Una,2023-10-15 02:30:00,hum,68.0,80.02866322047312,0,1,1,263.7179145892951
Una,2023-10-16 02:30:00,hum,77.0,73.07965729790342,0,1,1,263.7179145892951
Una,2023-10-17 02:15:00,hum,69.0,75.42249271685859,0,1,1,263.7179145892951
Una,2023-10-18 02:15:00,hum,65.0,71.89970323969335,0,1,1,263.7179145892951
Una,2023-10-19 02:15:00,hum,64.0,67.81270605250135,0,1,1,263.7179145892951
Una,2023-10-20 02:15:00,hum,50.0,65.44407327340832,0,1,1,263.7179145892951
Una,2023-10-21 02:00:00,hum,56.0,55.12652149848224,0,1,1,263.7179145892951
Una,2023-10-22 02:15:00,hum,60.0,55.73980313569893,0,1,1,263.7179145892951
Una,2023-10-23 02:00:00,hum,59.0,58.49182795715336,0,1,1,263.7179145892951
Una,2023-10-24 02:15:00,hum,57.0,58.817997901366546,0,1,1,263.7179145892951
Una,2023-10-25 02:15:00,hum,52.0,57.65403186026947,0,1,1,263.7179145892951
Una,2023-10-26 02:00:00,hum,47.0,54.01213881427455,0,1,1,263.7179145892951
Una,2023-10-27 02:15:00,hum,45.0,49.299191478298006,0,1,1,263.7179145892951
Una,2023-10-28 02:00:00,hum,47.0,46.30056762065719,0,1,1,263.7179145892951
Una,2023-10-29 02:30:00,hum,47.0,46.783462381853695,0,1,1,263.7179145892951
Una,2023-10-30 01:45:00,hum,47.0,46.93131989188394,0,1,1,263.7179145892951
Unnao,2023-10-15 02:30:00,hum,89.0,84.42984755540574,1,1,1,277.89619030955146
Unnao,2023-10-16 02:30:00,hum,89.0,88.71748040833594,1,1,1,277.89619030955146
Unnao,2023-10-17 02:30:00,hum,83.0,88.72288045444752,1,1,1,277.89619030955146
Unnao,2023-10-18 02:30:00,hum,88.0,84.54053566045921,1,1,1,277.89619030955146
Unnao,2023-10-19 02:30:00,hum,83.0,87.90322333842556,1,1,1,277.89619030955146
Unnao,2023-10-20 02:30:00,hum,83.0,84.46877170548895,1,1,1,277.89619030955146
Unnao,2023-10-21 02:15:00,hum,94.0,84.33473663394986,1,1,1,277.89619030955146
Unnao,2023-10-22 02:30:00,hum,83.0,91.59973453532342,1,1,1,277.89619030955146
Unnao,2023-10-23 02:15:00,hum,83.0,84.6089423684441,1,1,1,277.89619030955146
Unnao,2023-10-24 02:15:00,hum,88.0,84.48021998252854,1,1,1,277.89619030955146
Unnao,2023-10-25 02:30:00,hum,83.0,87.4000437412111,1,1,1,277.89619030955146
Unnao,2023-10-26 02:00:00,hum,69.0,84.45405452390077,1,1,1,277.89619030955146
Unnao,2023-10-27 02:30:00,hum,73.0,75.8242636288041,1,1,1,277.89619030955146
Unnao,2023-10-28 02:00:00,hum,73.0,77.40813024989744,1,1,1,277.89619030955146
Unnao,2023-10-29 02:45:00,hum,42.0,76.76470156164987,1,1,1,277.89619030955146
Unnao,2023-10-30 02:00:00,hum,83.0,50.64926571395475,1,1,1,277.89619030955146
Upper Tirupati,2023-10-15 02:30:00,hum,78.0,78.61575722623253,2,0,2,301.79961697148366
Upper Tirupati,2023-10-16 02:30:00,hum,92.0,75.73778034455258,2,0,2,301.79961697148366
Upper Tirupati,2023-10-17 02:15:00,hum,89.0,85.00443167755306,2,0,2,301.79961697148366
Upper Tirupati,2023-10-18 02:30:00,hum,80.0,84.58213478515509,2,0,2,301.79961697148366
Upper Tirupati,2023-10-19 02:15:00,hum,86.0,80.78399353309217,2,0,2,301.79961697148366
Upper Tirupati,2023-10-20 02:30:00,hum,89.0,83.12557038725889,2,0,2,301.79961697148366
Upper Tirupati,2023-10-21 02:15:00,hum,89.0,84.63189089801716,2,0,2,301.79961697148366
Upper Tirupati,2023-10-22 02:15:00,hum,87.0,85.76527803742903,2,0,2,301.79961697148366
Upper Tirupati,2023-10-23 02:15:00,hum,81.0,84.69570834945766,2,0,2,301.79961697148366
Upper Tirupati,2023-10-24 02:15:00,hum,65.0,81.45414559339127,2,0,2,301.79961697148366
Upper Tirupati,2023-10-25 02:15:00,hum,66.0,71.07107391087897,2,0,2,301.79961697148366
Upper Tirupati,2023-10-26 02:00:00,hum,75.0,71.28577977185881,2,0,2,301.79961697148366
Upper Tirupati,2023-10-27 02:15:00,hum,87.0,74.20989963076498,2,0,2,301.79961697148366
Upper Tirupati,2023-10-28 02:00:00,hum,91.0,83.0154875349243,2,0,2,301.79961697148366
Upper Tirupati,2023-10-29 02:30:00,hum,94.0,84.8614452248599,2,0,2,301.79961697148366
Upper Tirupati,2023-10-30 01:45:00,hum,92.0,89.21644175088505,2,0,2,301.79961697148366
Uttarkashi,2023-10-15 02:30:00,hum,78.0,73.05168335590325,0,1,1,339.05415259812236
Uttarkashi,2023-10-16 02:30:00,hum,74.0,76.33441602269474,0,1,1,339.05415259812236
Uttarkashi,2023-10-17 02:30:00,hum,83.0,74.89001329025538,0,1,1,339.05415259812236
Uttarkashi,2023-10-18 02:30:00,hum,64.0,79.81541524087585,0,1,1,339.05415259812236
Uttarkashi,2023-10-19 02:15:00,hum,68.0,70.59424719302878,0,1,1,339.05415259812236
Uttarkashi,2023-10-20 02:30:00,hum,55.0,69.06035922171323,0,1,1,339.05415259812236
Uttarkashi,2023-10-21 02:15:00,hum,68.0,60.538853415526866,0,1,1,339.05415259812236
Uttarkashi,2023-10-22 02:15:00,hum,75.0,65.02151122635365,0,1,1,339.05415259812236
Uttarkashi,2023-10-23 02:15:00,hum,77.0,70.77175977406941,0,1,1,339.05415259812236
Uttarkashi,2023-10-24 02:15:00,hum,73.0,74.49722855345917,0,1,1,339.05415259812236
Uttarkashi,2023-10-25 02:15:00,hum,64.0,73.60506446532936,0,1,1,339.05415259812236
Uttarkashi,2023-10-26 02:00:00,hum,59.0,68.0278296795362,0,1,1,339.05415259812236
Uttarkashi,2023-10-27 02:15:00,hum,47.0,62.57880787302167,0,1,1,339.05415259812236
Uttarkashi,2023-10-28 02:00:00,hum,34.0,52.46950564062395,0,1,1,339.05415259812236
Uttarkashi,2023-10-29 02:30:00,hum,53.0,39.22929879676275,0,1,1,339.05415259812236
Uttarkashi,2023-10-30 01:45:00,hum,65.0,48.56600174040781,0,1,1,339.05415259812236
Vadodara,2023-10-15 02:30:00,hum,50.0,50.91458646250128,1,1,0,287.767716522375
Vadodara,2023-10-16 02:30:00,hum,61.0,49.56040028484698,1,1,0,287.767716522375
Vadodara,2023-10-17 02:15:00,hum,48.0,63.2716138099449,1,1,0,287.767716522375
Vadodara,2023-10-18 02:15:00,hum,55.0,46.48290127892599,1,1,0,287.767716522375
Vadodara,2023-10-19 02:15:00,hum,54.0,55.43797932081643,1,1,0,287.767716522375
Vadodara,2023-10-20 02:30:00,hum,48.0,53.942211914288784,1,1,0,287.767716522375
Vadodara,2023-10-21 02:15:00,hum,47.0,47.63623444507423,1,1,0,287.767716522375
Vadodara,2023-10-22 02:15:00,hum,42.0,46.9375573331077,1,1,0,287.767716522375
Vadodara,2023-10-23 02:00:00,hum,38.0,41.676155225999814,1,1,0,287.767716522375
Vadodara,2023-10-24 02:15:00,hum,39.0,37.70674209589538,1,1,0,287.767716522375
Vadodara,2023-10-25 02:15:00,hum,36.0,39.07095387312526,1,1,0,287.767716522375
Vadodara,2023-10-26 02:00:00,hum,31.0,35.79132918229674,1,1,0,287.767716522375
Vadodara,2023-10-27 02:15:00,hum,33.0,30.61918680474502,1,1,0,287.767716522375
Vadodara,2023-10-28 02:00:00,hum,35.0,33.14155981656088,1,1,0,287.767716522375
Vadodara,2023-10-29 02:30:00,hum,34.0,35.14496567258908,1,1,0,287.767716522375
Vadodara,2023-10-30 01:45:00,hum,31.0,33.92853281745227,1,1,0,287.767716522375
Valsad,2023-10-15 02:30:00,hum,79.0,69.93942575541418,2,1,2,230.48070357045796
Valsad,2023-10-16 02:30:00,hum,75.0,73.71688831777342,2,1,2,230.48070357045796
Valsad,2023-10-17 02:15:00,hum,72.0,77.93879919427417,2,1,2,230.48070357045796
Valsad,2023-10-18 02:15:00,hum,67.0,75.44343118550924,2,1,2,230.48070357045796
Valsad,2023-10-19 02:15:00,hum,63.0,71.74024673128542,2,1,2,230.48070357045796
Valsad,2023-10-20 02:30:00,hum,55.0,62.303142351674474,2,1,2,230.48070357045796
Valsad,2023-10-21 02:15:00,hum,60.0,52.80544695874973,2,1,2,230.48070357045796
Valsad,2023-10-22 02:15:00,hum,48.0,60.05085333267276,2,1,2,230.48070357045796
Valsad,2023-10-23 02:00:00,hum,55.0,50.2369633683314,2,1,2,230.48070357045796
Valsad,2023-10-24 02:15:00,hum,50.0,52.86884685936409,2,1,2,230.48070357045796
Valsad,2023-10-25 02:15:00,hum,49.0,51.02536521228291,2,1,2,230.48070357045796
Valsad,2023-10-26 02:00:00,hum,44.0,49.42970607425617,2,1,2,230.48070357045796
Valsad,2023-10-27 02:15:00,hum,44.0,45.10033046342356,2,1,2,230.48070357045796
Valsad,2023-10-28 02:00:00,hum,46.0,42.632593203504236,2,1,2,230.48070357045796
Valsad,2023-10-29 02:30:00,hum,46.0,44.02898168623249,2,1,2,230.48070357045796
Valsad,2023-10-30 01:45:00,hum,42.0,45.863774995079424,2,1,2,230.48070357045796
Varanasi,2023-10-15 02:30:00,hum,55.0,55.0,0,1,0,324.53480854958167
Varanasi,2023-10-16 02:30:00,hum,60.0,55.0,0,1,0,324.53480854958167
Varanasi,2023-10-17 02:30:00,hum,74.0,60.0,0,1,0,324.53480854958167
Varanasi,2023-10-18 02:30:00,hum,85.0,74.0,0,1,0,324.53480854958167
Varanasi,2023-10-19 02:30:00,hum,62.0,85.0,0,1,0,324.53480854958167
Varanasi,2023-10-20 02:30:00,hum,58.0,62.0,0,1,0,324.53480854958167
Varanasi,2023-10-21 02:15:00,hum,61.0,58.0,0,1,0,324.53480854958167
Varanasi,2023-10-22 02:30:00,hum,59.0,61.0,0,1,0,324.53480854958167
Varanasi,2023-10-23 02:15:00,hum,56.0,59.0,0,1,0,324.53480854958167
Varanasi,2023-10-24 02:15:00,hum,62.0,56.0,0,1,0,324.53480854958167
Varanasi,2023-10-25 02:30:00,hum,56.0,62.0,0,1,0,324.53480854958167
Varanasi,2023-10-26 02:00:00,hum,58.0,56.0,0,1,0,324.53480854958167
Varanasi,2023-10-27 02:30:00,hum,57.0,58.0,0,1,0,324.53480854958167
Varanasi,2023-10-28 02:00:00,hum,47.0,57.0,0,1,0,324.53480854958167
Varanasi,2023-10-29 02:45:00,hum,51.0,47.0,0,1,0,324.53480854958167
Varanasi,2023-10-30 02:00:00,hum,54.0,51.0,0,1,0,324.53480854958167
Vellore,2023-10-15 02:30:00,hum,92.0,90.52175331486173,0,1,1,299.33395945331216
Vellore,2023-10-16 02:30:00,hum,93.0,91.38387006693276,0,1,1,299.33395945331216
Vellore,2023-10-17 02:30:00,hum,94.0,92.32830629373584,0,1,1,299.33395945331216
Vellore,2023-10-18 02:30:00,hum,84.0,93.30748723895962,0,1,1,299.33395945331216
Vellore,2023-10-19 02:30:00,hum,90.0,87.92766189065057,0,1,1,299.33395945331216
Vellore,2023-10-20 02:30:00,hum,90.0,89.13066156408941,0,1,1,299.33395945331216
Vellore,2023-10-21 02:15:00,hum,92.0,89.62759885113041,0,1,1,299.33395945331216
Vellore,2023-10-22 02:30:00,hum,81.0,90.98304240345067,0,1,1,299.33395945331216
Vellore,2023-10-23 02:15:00,hum,86.0,85.34355436392973,0,1,1,299.33395945331216
Vellore,2023-10-24 02:15:00,hum,83.0,85.71968994906666,0,1,1,299.33395945331216
Vellore,2023-10-25 02:30:00,hum,85.0,84.18044714423878,0,1,1,299.33395945331216
Vellore,2023-10-26 02:00:00,hum,82.0,84.64431727617246,0,1,1,299.33395945331216
Vellore,2023-10-27 02:30:00,hum,92.0,83.1519000640079,0,1,1,299.33395945331216
Vellore,2023-10-28 02:00:00,hum,94.0,88.08825406094266,0,1,1,299.33395945331216
Vellore,2023-10-29 02:45:00,hum,95.0,91.49339664159687,0,1,1,299.33395945331216
Vellore,2023-10-30 02:00:00,hum,94.0,93.55438713062101,0,1,1,299.33395945331216
Vidisha,2023-10-15 02:30:00,hum,44.0,47.0,0,1,0,295.97420021697565
Vidisha,2023-10-16 02:30:00,hum,50.0,44.0,0,1,0,295.97420021697565
Vidisha,2023-10-17 02:15:00,hum,74.0,50.0,0,1,0,295.97420021697565
Vidisha,2023-10-18 02:15:00,hum,69.0,74.0,0,1,0,295.97420021697565
Vidisha,2023-10-19 02:15:00,hum,64.0,69.0,0,1,0,295.97420021697565
Vidisha,2023-10-20 02:15:00,hum,52.0,63.99999999999999,0,1,0,295.97420021697565
Vidisha,2023-10-21 02:00:00,hum,50.0,52.0,0,1,0,295.97420021697565
Vidisha,2023-10-22 02:15:00,hum,41.0,50.0,0,1,0,295.97420021697565
Vidisha,2023-10-23 02:00:00,hum,54.0,41.0,0,1,0,295.97420021697565
Vidisha,2023-10-24 02:15:00,hum,51.0,54.0,0,1,0,295.97420021697565
Vidisha,2023-10-25 02:15:00,hum,45.0,51.0,0,1,0,295.97420021697565
Vidisha,2023-10-26 02:00:00,hum,43.0,45.0,0,1,0,295.97420021697565
Vidisha,2023-10-27 02:15:00,hum,44.0,43.0,0,1,0,295.97420021697565
Vidisha,2023-10-28 02:00:00,hum,41.0,44.0,0,1,0,295.97420021697565
Vidisha,2023-10-29 02:30:00,hum,41.0,41.0,0,1,0,295.97420021697565
Vidisha,2023-10-30 01:45:00,hum,60.0,41.0,0,1,0,295.97420021697565
Vikarabad,2023-10-15 02:30:00,hum,79.0,87.60087038075484,2,1,2,295.8648361131626
Vikarabad,2023-10-16 02:30:00,hum,83.0,79.23953604646634,2,1,2,295.8648361131626
Vikarabad,2023-10-17 02:30:00,hum,78.0,80.42337617731505,2,1,2,295.8648361131626
Vikarabad,2023-10-18 02:30:00,hum,73.0,78.27174281551578,2,1,2,295.8648361131626
Vikarabad,2023-10-19 02:30:00,hum,88.0,77.84673221335261,2,1,2,295.8648361131626
Vikarabad,2023-10-20 02:30:00,hum,78.0,82.63950010261176,2,1,2,295.8648361131626
Vikarabad,2023-10-21 02:30:00,hum,78.0,76.53131278908359,2,1,2,295.8648361131626
Vikarabad,2023-10-22 02:30:00,hum,69.0,80.56895555632964,2,1,2,295.8648361131626
Vikarabad,2023-10-23 02:15:00,hum,73.0,77.50321140299876,2,1,2,295.8648361131626
Vikarabad,2023-10-24 02:15:00,hum,73.0,76.31301027033105,2,1,2,295.8648361131626
Vikarabad,2023-10-25 02:30:00,hum,64.0,71.32936799772634,2,1,2,295.8648361131626
Vikarabad,2023-10-26 02:00:00,hum,60.0,66.76217224096534,2,1,2,295.8648361131626
Vikarabad,2023-10-27 02:30:00,hum,64.0,66.09071253256782,2,1,2,295.8648361131626
Vikarabad,2023-10-28 02:00:00,hum,56.0,64.93359077133599,2,1,2,295.8648361131626
Vikarabad,2023-10-29 02:45:00,hum,73.0,58.20981953040394,2,1,2,295.8648361131626
Vikarabad,2023-10-30 02:00:00,hum,75.0,65.59439699937452,2,1,2,295.8648361131626
Visakhapatnam,2023-10-15 02:30:00,hum,78.0,80.37480045583919,1,1,1,262.93845840663096
Visakhapatnam,2023-10-16 02:30:00,hum,74.0,79.105491558548,1,1,1,262.93845840663096
Visakhapatnam,2023-10-17 02:15:00,hum,72.0,76.45297118377775,1,1,1,262.93845840663096
Visakhapatnam,2023-10-18 02:15:00,hum,74.0,74.86157393349978,1,1,1,262.93845840663096
Visakhapatnam,2023-10-19 02:15:00,hum,82.0,76.10837714101703,1,1,1,262.93845840663096
Visakhapatnam,2023-10-20 02:30:00,hum,83.0,81.44900978418657,1,1,1,262.93845840663096
Visakhapatnam,2023-10-21 02:15:00,hum,83.0,82.10643316859554,1,1,1,262.93845840663096
Visakhapatnam,2023-10-22 02:15:00,hum,81.0,82.12477085274509,1,1,1,262.93845840663096
Visakhapatnam,2023-10-23 02:00:00,hum,64.0,80.84657318123132,1,1,1,262.93845840663096
Visakhapatnam,2023-10-24 02:15:00,hum,73.0,69.60676917856104,1,1,1,262.93845840663096
Visakhapatnam,2023-10-25 02:15:00,hum,84.0,75.52361010567803,1,1,1,262.93845840663096
Visakhapatnam,2023-10-26 02:00:00,hum,78.0,82.3990753980244,1,1,1,262.93845840663096
Visakhapatnam,2023-10-27 02:15:00,hum,78.0,78.8651562573455,1,1,1,262.93845840663096
Visakhapatnam,2023-10-28 02:00:00,hum,81.0,78.79417949475207,1,1,1,262.93845840663096
Visakhapatnam,2023-10-29 02:30:00,hum,81.0,80.65535195507208,1,1,1,262.93845840663096
Visakhapatnam,2023-10-30 01:45:00,hum,70.0,80.65137037188666,1,1,1,262.93845840663096
Vizianagaram,2023-10-15 02:30:00,hum,84.0,84.69495283366071,1,1,1,274.4829701754837
Vizianagaram,2023-10-16 02:30:00,hum,79.0,84.01017392475902,1,1,1,274.4829701754837
Vizianagaram,2023-10-17 02:15:00,hum,77.0,80.54423259060371,1,1,1,274.4829701754837
Vizianagaram,2023-10-18 02:30:00,hum,79.0,79.0346288059378,1,1,1,274.4829701754837
Vizianagaram,2023-10-19 02:15:00,hum,86.0,80.40732985954654,1,1,1,274.4829701754837
Vizianagaram,2023-10-20 02:30:00,hum,88.0,85.27889511359967,1,1,1,274.4829701754837
Vizianagaram,2023-10-21 02:15:00,hum,85.0,86.67157842100075,1,1,1,274.4829701754837
Vizianagaram,2023-10-22 02:15:00,hum,84.0,84.63051447651485,1,1,1,274.4829701754837
Vizianagaram,2023-10-23 02:00:00,hum,65.0,83.95386294235395,1,1,1,274.4829701754837
Vizianagaram,2023-10-24 02:15:00,hum,79.0,70.77343530381918,1,1,1,274.4829701754837
Vizianagaram,2023-10-25 02:15:00,hum,90.0,80.77253385828047,1,1,1,274.4829701754837
Vizianagaram,2023-10-26 02:00:00,hum,83.0,87.39131284897707,1,1,1,274.4829701754837
Vizianagaram,2023-10-27 02:15:00,hum,85.0,83.2896303088667,1,1,1,274.4829701754837
Vizianagaram,2023-10-28 02:00:00,hum,85.0,84.44712078577349,1,1,1,274.4829701754837
Vizianagaram,2023-10-29 02:30:00,hum,87.0,84.455999421094,1,1,1,274.4829701754837
Vizianagaram,2023-10-30 01:45:00,hum,78.0,85.62669351206468,1,1,1,274.4829701754837
Wanaparthy,2023-10-15 02:30:00,hum,70.0,74.0,0,1,0,285.50306100101
Wanaparthy,2023-10-16 02:30:00,hum,69.0,70.0,0,1,0,285.50306100101
Wanaparthy,2023-10-17 02:30:00,hum,71.0,69.0,0,1,0,285.50306100101
Wanaparthy,2023-10-18 02:30:00,hum,76.0,71.0,0,1,0,285.50306100101
Wanaparthy,2023-10-19 02:30:00,hum,74.0,76.0,0,1,0,285.50306100101
Wanaparthy,2023-10-20 02:30:00,hum,79.0,74.0,0,1,0,285.50306100101
Wanaparthy,2023-10-21 02:30:00,hum,76.0,79.0,0,1,0,285.50306100101
Wanaparthy,2023-10-22 02:30:00,hum,75.0,76.0,0,1,0,285.50306100101
Wanaparthy,2023-10-23 02:15:00,hum,58.0,75.0,0,1,0,285.50306100101
Wanaparthy,2023-10-24 02:15:00,hum,66.0,58.0,0,1,0,285.50306100101
Wanaparthy,2023-10-25 02:30:00,hum,60.0,66.0,0,1,0,285.50306100101
Wanaparthy,2023-10-26 02:00:00,hum,59.0,60.00000000000001,0,1,0,285.50306100101
Wanaparthy,2023-10-27 02:30:00,hum,49.0,59.0,0,1,0,285.50306100101
Wanaparthy,2023-10-28 02:00:00,hum,64.0,49.0,0,1,0,285.50306100101
Wanaparthy,2023-10-29 02:45:00,hum,74.0,64.0,0,1,0,285.50306100101
Wanaparthy,2023-10-30 02:00:00,hum,85.0,74.0,0,1,0,285.50306100101
Warangal,2023-10-15 02:30:00,hum,72.0,77.0,0,1,0,264.08292748938624
Warangal,2023-10-16 02:30:00,hum,73.0,72.0,0,1,0,264.08292748938624
Warangal,2023-10-17 02:30:00,hum,78.0,73.0,0,1,0,264.08292748938624
Warangal,2023-10-18 02:30:00,hum,75.0,78.0,0,1,0,264.08292748938624
Warangal,2023-10-19 02:30:00,hum,70.0,75.0,0,1,0,264.08292748938624
Warangal,2023-10-20 02:30:00,hum,80.0,70.0,0,1,0,264.08292748938624
Warangal,2023-10-21 02:30:00,hum,79.0,80.0,0,1,0,264.08292748938624
Warangal,2023-10-22 02:30:00,hum,71.0,79.0,0,1,0,264.08292748938624
Warangal,2023-10-23 02:15:00,hum,63.0,71.0,0,1,0,264.08292748938624
Warangal,2023-10-24 02:15:00,hum,68.0,63.0,0,1,0,264.08292748938624
Warangal,2023-10-25 02:30:00,hum,66.0,68.0,0,1,0,264.08292748938624
Warangal,2023-10-26 02:00:00,hum,67.0,66.0,0,1,0,264.08292748938624
Warangal,2023-10-27 02:30:00,hum,57.0,67.0,0,1,0,264.08292748938624
Warangal,2023-10-28 02:00:00,hum,55.0,57.0,0,1,0,264.08292748938624
Warangal,2023-10-29 02:45:00,hum,66.0,55.0,0,1,0,264.08292748938624
Warangal,2023-10-30 02:00:00,hum,65.0,66.0,0,1,0,264.08292748938624
Wardha,2023-10-15 02:30:00,hum,89.0,82.6018750657786,0,1,1,273.92882747736957
Wardha,2023-10-16 02:30:00,hum,83.0,85.34807144337795,0,1,1,273.92882747736957
Wardha,2023-10-17 02:30:00,hum,89.0,84.36461735517945,0,1,1,273.92882747736957
Wardha,2023-10-18 02:30:00,hum,79.0,86.28267543015478,0,1,1,273.92882747736957
Wardha,2023-10-19 02:30:00,hum,84.0,83.34910831458131,0,1,1,273.92882747736957
Wardha,2023-10-20 02:30:00,hum,79.0,83.61075841717724,0,1,1,273.92882747736957
Wardha,2023-10-21 02:15:00,hum,83.0,81.7630353366858,0,1,1,273.92882747736957
Wardha,2023-10-22 02:30:00,hum,83.0,82.26613637236487,0,1,1,273.92882747736957
Wardha,2023-10-23 02:15:00,hum,78.0,82.55714021618407,0,1,1,273.92882747736957
Wardha,2023-10-24 02:15:00,hum,78.0,80.75226888294657,0,1,1,273.92882747736957
Wardha,2023-10-25 02:15:00,hum,78.0,79.62545031622105,0,1,1,273.92882747736957
Wardha,2023-10-26 02:00:00,hum,83.0,78.95010693265804,0,1,1,273.92882747736957
Wardha,2023-10-27 02:15:00,hum,83.0,80.58710600557562,0,1,1,273.92882747736957
Wardha,2023-10-28 02:00:00,hum,53.0,81.54737846295134,0,1,1,273.92882747736957
Wardha,2023-10-29 02:45:00,hum,83.0,70.94251553481092,0,1,1,273.92882747736957
Wardha,2023-10-30 02:00:00,hum,78.0,75.96118830747518,0,1,1,273.92882747736957
Washim,2023-10-15 02:30:00,hum,59.0,63.40020239808445,1,1,0,256.4101453408894
Washim,2023-10-16 02:30:00,hum,62.0,60.58281874123191,1,1,0,256.4101453408894
Washim,2023-10-17 02:30:00,hum,64.0,60.79536733559359,1,1,0,256.4101453408894
Washim,2023-10-18 02:30:00,hum,67.0,63.21584278911994,1,1,0,256.4101453408894
Washim,2023-10-19 02:15:00,hum,61.0,65.84613079264034,1,1,0,256.4101453408894
Washim,2023-10-20 02:30:00,hum,74.0,63.39292609733116,1,1,0,256.4101453408894
Washim,2023-10-21 02:15:00,hum,78.0,68.04703488225931,1,1,0,256.4101453408894
Washim,2023-10-22 02:30:00,hum,58.0,76.59101676521419,1,1,0,256.4101453408894
Washim,2023-10-23 02:15:00,hum,61.0,66.19048100839515,1,1,0,256.4101453408894
Washim,2023-10-24 02:15:00,hum,62.0,59.959556315483326,1,1,0,256.4101453408894
Washim,2023-10-25 02:15:00,hum,57.0,61.65677308858935,1,1,0,256.4101453408894
Washim,2023-10-26 02:00:00,hum,46.0,58.730257685753756,1,1,0,256.4101453408894
Washim,2023-10-27 02:15:00,hum,52.0,49.38560316216815,1,1,0,256.4101453408894
Washim,2023-10-28 02:00:00,hum,55.0,50.05740154574893,1,1,0,256.4101453408894
Washim,2023-10-29 02:45:00,hum,51.0,54.07692410619403,1,1,0,256.4101453408894
Washim,2023-10-30 02:00:00,hum,58.0,52.25094728890748,1,1,0,256.4101453408894
West Godavari,2023-10-15 02:30:00,hum,84.0,87.95561426884647,1,1,1,261.88401807557455
West Godavari,2023-10-16 02:30:00,hum,88.0,85.17749880070566,1,1,1,261.88401807557455
West Godavari,2023-10-17 02:15:00,hum,84.0,87.93644313852968,1,1,1,261.88401807557455
West Godavari,2023-10-18 02:30:00,hum,84.0,85.2020334668965,1,1,1,261.88401807557455
West Godavari,2023-10-19 02:15:00,hum,83.0,85.16046682483463,1,1,1,261.88401807557455
West Godavari,2023-10-20 02:30:00,hum,88.0,84.4123831561111,1,1,1,261.88401807557455
West Godavari,2023-10-21 02:15:00,hum,88.0,87.86177952551819,1,1,1,261.88401807557455
West Godavari,2023-10-22 02:15:00,hum,88.0,87.86433094113654,1,1,1,261.88401807557455
West Godavari,2023-10-23 02:00:00,hum,72.0,87.86680856831471,1,1,1,261.88401807557455
West Godavari,2023-10-24 02:15:00,hum,67.0,76.76597163101543,1,1,1,261.88401807557455
West Godavari,2023-10-25 02:15:00,hum,67.0,70.96874335538664,1,1,1,261.88401807557455
West Godavari,2023-10-26 02:00:00,hum,79.0,69.90542212001267,1,1,1,261.88401807557455
West Godavari,2023-10-27 02:15:00,hum,87.0,80.50977907405294,1,1,1,261.88401807557455
West Godavari,2023-10-28 02:00:00,hum,92.0,86.83458650514255,1,1,1,261.88401807557455
West Godavari,2023-10-29 02:30:00,hum,88.0,92.12683392883947,1,1,1,261.88401807557455
West Godavari,2023-10-30 01:45:00,hum,90.0,87.94612564655567,1,1,1,261.88401807557455
Wokha,2023-10-15 02:30:00,hum,95.0,98.67501506809913,2,0,2,207.9924572061866
Wokha,2023-10-16 02:30:00,hum,98.0,98.37284773672093,2,0,2,207.9924572061866
Wokha,2023-10-17 02:15:00,hum,96.0,98.25219245693518,2,0,2,207.9924572061866
Wokha,2023-10-18 02:30:00,hum,96.0,95.8010514657457,2,0,2,207.9924572061866
Wokha,2023-10-19 02:15:00,hum,98.0,95.8305930972023,2,0,2,207.9924572061866
Wokha,2023-10-20 02:30:00,hum,97.0,96.79465771137069,2,0,2,207.9924572061866
Wokha,2023-10-21 02:15:00,hum,97.0,98.11351761186825,2,0,2,207.9924572061866
Wokha,2023-10-22 02:15:00,hum,94.0,98.84868387294364,2,0,2,207.9924572061866
Wokha,2023-10-23 02:15:00,hum,96.0,96.50938291564641,2,0,2,207.9924572061866
Wokha,2023-10-24 02:15:00,hum,92.0,95.55968662670053,2,0,2,207.9924572061866
Wokha,2023-10-25 02:15:00,hum,88.0,95.21544698744931,2,0,2,207.9924572061866
Wokha,2023-10-26 02:00:00,hum,99.0,91.62933215610816,2,0,2,207.9924572061866
Wokha,2023-10-27 02:15:00,hum,99.0,93.58739841806108,2,0,2,207.9924572061866
Wokha,2023-10-28 02:00:00,hum,98.0,98.24663145766459,2,0,2,207.9924572061866
Wokha,2023-10-29 02:30:00,hum,97.0,99.93363660242451,2,0,2,207.9924572061866
Wokha,2023-10-30 01:45:00,hum,98.0,98.6407922997796,2,0,2,207.9924572061866
Yadgir,2023-10-15 02:30:00,hum,59.0,65.0,0,1,0,303.5153126755248
Yadgir,2023-10-16 02:30:00,hum,61.0,59.00000000000001,0,1,0,303.5153126755248
Yadgir,2023-10-17 02:30:00,hum,64.0,61.0,0,1,0,303.5153126755248
Yadgir,2023-10-18 02:30:00,hum,69.0,64.0,0,1,0,303.5153126755248
Yadgir,2023-10-19 02:15:00,hum,65.0,69.0,0,1,0,303.5153126755248
Yadgir,2023-10-20 02:30:00,hum,69.0,65.0,0,1,0,303.5153126755248
Yadgir,2023-10-21 02:15:00,hum,67.0,69.0,0,1,0,303.5153126755248
Yadgir,2023-10-22 02:15:00,hum,61.0,67.0,0,1,0,303.5153126755248
Yadgir,2023-10-23 02:15:00,hum,50.0,61.0,0,1,0,303.5153126755248
Yadgir,2023-10-24 02:15:00,hum,61.0,50.0,0,1,0,303.5153126755248
Yadgir,2023-10-25 02:15:00,hum,52.0,61.0,0,1,0,303.5153126755248
Yadgir,2023-10-26 02:00:00,hum,53.0,52.0,0,1,0,303.5153126755248
Yadgir,2023-10-27 02:15:00,hum,51.0,53.0,0,1,0,303.5153126755248
Yadgir,2023-10-28 02:00:00,hum,51.0,51.0,0,1,0,303.5153126755248
Yadgir,2023-10-29 02:45:00,hum,58.0,51.0,0,1,0,303.5153126755248
Yadgir,2023-10-30 02:00:00,hum,81.0,58.0,0,1,0,303.5153126755248
Yamunanagar,2023-10-15 02:30:00,hum,55.0,56.99240312891969,0,1,1,311.1070865786325
Yamunanagar,2023-10-16 02:30:00,hum,56.0,56.042509024974144,0,1,1,311.1070865786325
Yamunanagar,2023-10-17 02:15:00,hum,81.0,56.0224114284079,0,1,1,311.1070865786325
Yamunanagar,2023-10-18 02:30:00,hum,61.0,67.88091604239003,0,1,1,311.1070865786325
Yamunanagar,2023-10-19 02:15:00,hum,57.0,64.31303715800898,0,1,1,311.1070865786325
Yamunanagar,2023-10-20 02:30:00,hum,57.0,61.1854991283148,0,1,1,311.1070865786325
Yamunanagar,2023-10-21 02:15:00,hum,56.0,59.4229321540451,0,1,1,311.1070865786325
Yamunanagar,2023-10-22 02:15:00,hum,55.0,57.95526199035362,0,1,1,311.1070865786325
Yamunanagar,2023-10-23 02:15:00,hum,56.0,56.66944407168367,0,1,1,311.1070865786325
Yamunanagar,2023-10-24 02:15:00,hum,54.0,56.37829339685263,0,1,1,311.1070865786325
Yamunanagar,2023-10-25 02:15:00,hum,52.0,55.34373513903823,0,1,1,311.1070865786325
Yamunanagar,2023-10-26 02:00:00,hum,45.0,53.8750115296473,0,1,1,311.1070865786325
Yamunanagar,2023-10-27 02:15:00,hum,52.0,49.84909760684039,0,1,1,311.1070865786325
Yamunanagar,2023-10-28 02:00:00,hum,48.0,50.84334376231789,0,1,1,311.1070865786325
Yamunanagar,2023-10-29 02:30:00,hum,51.0,49.569210850148714,0,1,1,311.1070865786325
Yamunanagar,2023-10-30 01:45:00,hum,53.0,50.20973563191674,0,1,1,311.1070865786325
Yanam,2023-10-15 02:30:00,hum,84.0,86.11439052786764,0,1,1,292.1040169170314
Yanam,2023-10-16 02:30:00,hum,80.0,85.12934539141632,0,1,1,292.1040169170314
Yanam,2023-10-17 02:15:00,hum,73.0,82.69767124530031,0,1,1,292.1040169170314
Yanam,2023-10-18 02:30:00,hum,79.0,77.64149452152502,0,1,1,292.1040169170314
Yanam,2023-10-19 02:15:00,hum,92.0,78.3825489745049,0,1,1,292.1040169170314
Yanam,2023-10-20 02:30:00,hum,90.0,84.7091990886787,0,1,1,292.1040169170314
Yanam,2023-10-21 02:15:00,hum,87.0,87.48356483770168,0,1,1,292.1040169170314
Yanam,2023-10-22 02:15:00,hum,82.0,87.22885305070089,0,1,1,292.1040169170314
Yanam,2023-10-23 02:15:00,hum,85.0,84.73474420490369,0,1,1,292.1040169170314
Yanam,2023-10-24 02:15:00,hum,76.0,84.85951128173359,0,1,1,292.1040169170314
Yanam,2023-10-25 02:15:00,hum,80.0,80.66552310347141,0,1,1,292.1040169170314
Yanam,2023-10-26 02:00:00,hum,83.0,80.32927639285562,0,1,1,292.1040169170314
Yanam,2023-10-27 02:15:00,hum,84.0,81.60630879906152,0,1,1,292.1040169170314
Yanam,2023-10-28 02:00:00,hum,92.0,82.72081064150179,0,1,1,292.1040169170314
Yanam,2023-10-29 02:30:00,hum,83.0,87.20264988252856,0,1,1,292.1040169170314
Yanam,2023-10-30 01:45:00,hum,78.0,85.1344127102113,0,1,1,292.1040169170314
Yavatmal,2023-10-15 02:30:00,hum,50.0,58.38812059226409,0,1,1,282.25983147452166
Yavatmal,2023-10-16 02:30:00,hum,52.0,52.073460606154256,0,1,1,282.25983147452166
Yavatmal,2023-10-17 02:30:00,hum,61.0,52.01756652981101,0,1,1,282.25983147452166
Yavatmal,2023-10-18 02:30:00,hum,69.0,58.63388063100227,0,1,1,282.25983147452166
Yavatmal,2023-10-19 02:30:00,hum,59.0,67.08856250933226,0,1,1,282.25983147452166
Yavatmal,2023-10-20 02:30:00,hum,81.0,60.93450080157499,0,1,1,282.25983147452166
Yavatmal,2023-10-21 02:15:00,hum,71.0,74.92432319873797,0,1,1,282.25983147452166
Yavatmal,2023-10-22 02:30:00,hum,62.0,72.1224440278469,0,1,1,282.25983147452166
Yavatmal,2023-10-23 02:15:00,hum,60.0,65.50279763828304,0,1,1,282.25983147452166
Yavatmal,2023-10-24 02:15:00,hum,59.0,61.727828503712786,0,1,1,282.25983147452166
Yavatmal,2023-10-25 02:15:00,hum,58.0,59.83542489293425,0,1,1,282.25983147452166
Yavatmal,2023-10-26 02:00:00,hum,52.0,58.565486993943104,0,1,1,282.25983147452166
Yavatmal,2023-10-27 02:15:00,hum,48.0,53.975198933956754,0,1,1,282.25983147452166
Yavatmal,2023-10-28 02:00:00,hum,56.0,49.65835405843709,0,1,1,282.25983147452166
Yavatmal,2023-10-29 02:45:00,hum,56.0,54.11839691288041,0,1,1,282.25983147452166
Yavatmal,2023-10-30 02:00:00,hum,63.0,55.43464120962527,0,1,1,282.25983147452166
Zunheboto,2023-10-15 02:30:00,hum,96.0,98.18858446658429,0,0,2,221.72280108297167
Zunheboto,2023-10-16 02:30:00,hum,98.0,96.52986469081141,0,0,2,221.72280108297167
Zunheboto,2023-10-17 02:15:00,hum,98.0,97.40019878220208,0,0,2,221.72280108297167
Zunheboto,2023-10-18 02:30:00,hum,94.0,99.12319488445624,0,0,2,221.72280108297167
Zunheboto,2023-10-19 02:15:00,hum,98.0,95.24555440817794,0,0,2,221.72280108297167
Zunheboto,2023-10-20 02:30:00,hum,97.0,96.32018310356369,0,0,2,221.72280108297167
Zunheboto,2023-10-21 02:15:00,hum,95.0,99.4766110638928,0,0,2,221.72280108297167
Zunheboto,2023-10-22 02:15:00,hum,91.0,95.59530804433453,0,0,2,221.72280108297167
Zunheboto,2023-10-23 02:15:00,hum,95.0,93.23483215950341,0,0,2,221.72280108297167
Zunheboto,2023-10-24 02:15:00,hum,81.0,96.68247392855626,0,0,2,221.72280108297167
Zunheboto,2023-10-25 02:15:00,hum,98.0,94.4898063436429,0,0,2,221.72280108297167
Zunheboto,2023-10-26 02:00:00,hum,100.0,89.72739088545953,0,0,2,221.72280108297167
Zunheboto,2023-10-27 02:15:00,hum,99.0,102.1225837082224,0,0,2,221.72280108297167
Zunheboto,2023-10-28 02:00:00,hum,98.0,98.6127696869825,0,0,2,221.72280108297167
Zunheboto,2023-10-29 02:30:00,hum,97.0,96.34771970956578,0,0,2,221.72280108297167
Zunheboto,2023-10-30 01:45:00,hum,98.0,97.45661449096266,0,0,2,221.72280108297167
