row_index,city,datetime,temp_true,temp_pred,hum_true,hum_pred
45,Adilabad,2023-10-15 02:30:00,22.9,22.5,65,68.0
46,Adilabad,2023-10-16 02:30:00,23.1,22.9,63,65.0
47,Adilabad,2023-10-17 02:30:00,22.2,23.1,67,63.0
48,Adilabad,2023-10-18 02:30:00,22.3,22.2,73,67.0
49,Adilabad,2023-10-19 02:30:00,21.9,22.3,72,73.0
50,Adilabad,2023-10-20 02:30:00,21.4,21.9,85,72.0
51,Adilabad,2023-10-21 02:30:00,21.2,21.4,76,85.0
52,Adilabad,2023-10-22 02:30:00,20.2,21.2,64,76.0
53,Adilabad,2023-10-23 02:15:00,19.3,20.2,63,64.0
54,Adilabad,2023-10-24 02:15:00,18.5,19.3,69,63.0
55,Adilabad,2023-10-25 02:30:00,18.8,18.5,62,69.0
56,Adilabad,2023-10-26 02:00:00,18.9,18.8,59,62.0
57,Adilabad,2023-10-27 02:30:00,18.3,18.9,56,59.0
58,Adilabad,2023-10-28 02:00:00,18.8,18.3,57,56.0
59,Adilabad,2023-10-29 02:45:00,18.2,18.8,58,57.0
60,Adilabad,2023-10-30 02:00:00,18.6,18.2,64,58.0
106,Agar,2023-10-15 02:30:00,23.0,23.5,48,53.0
107,Agar,2023-10-16 02:30:00,22.8,23.0,65,48.0
108,Agar,2023-10-17 02:30:00,22.0,22.8,66,65.0
109,Agar,2023-10-18 02:30:00,21.5,22.0,65,66.0
110,Agar,2023-10-19 02:30:00,22.2,21.5,55,65.0
111,Agar,2023-10-20 02:30:00,21.7,22.2,52,55.0
112,Agar,2023-10-21 02:30:00,22.8,21.7,50,52.0
113,Agar,2023-10-22 02:30:00,21.9,22.8,48,50.0
114,Agar,2023-10-23 02:15:00,21.6,21.9,46,48.0
115,Agar,2023-10-24 02:15:00,22.0,21.6,41,46.0
116,Agar,2023-10-25 02:30:00,20.4,22.0,38,41.0
117,Agar,2023-10-26 02:00:00,20.5,20.4,36,38.0
118,Agar,2023-10-27 02:30:00,20.2,20.5,34,36.0
119,Agar,2023-10-28 02:00:00,20.3,20.2,37,34.0
120,Agar,2023-10-29 02:45:00,20.7,20.3,40,37.0
121,Agar,2023-10-30 02:00:00,21.0,20.7,41,40.0
167,Agra,2023-10-15 02:30:00,28.3,26.9,37,33.0
168,Agra,2023-10-16 02:30:00,27.7,28.3,39,37.0
169,Agra,2023-10-17 02:30:00,21.5,27.7,74,39.0
170,Agra,2023-10-18 02:30:00,23.8,21.5,57,74.0
171,Agra,2023-10-19 02:30:00,23.5,23.8,42,57.0
172,Agra,2023-10-20 02:30:00,23.3,23.5,39,42.0
173,Agra,2023-10-21 02:15:00,23.3,23.3,44,39.0
174,Agra,2023-10-22 02:30:00,23.2,23.3,44,44.0
175,Agra,2023-10-23 02:15:00,23.6,23.2,34,44.0
176,Agra,2023-10-24 02:15:00,23.5,23.6,39,34.0
177,Agra,2023-10-25 02:30:00,22.7,23.5,42,39.0
178,Agra,2023-10-26 02:00:00,23.2,22.7,37,42.0
179,Agra,2023-10-27 02:15:00,23.0,23.2,28,37.0
180,Agra,2023-10-28 02:00:00,22.3,23.0,28,28.0
181,Agra,2023-10-29 02:45:00,23.8,22.3,33,28.0
182,Agra,2023-10-30 02:00:00,24.0,23.8,36,33.0
228,Ahmadnagar,2023-10-15 02:30:00,24.9,24.5,60,54.0
229,Ahmadnagar,2023-10-16 02:30:00,23.4,24.9,59,60.0
230,Ahmadnagar,2023-10-17 02:30:00,23.9,23.4,55,59.0
231,Ahmadnagar,2023-10-18 02:30:00,25.2,23.9,56,55.0
232,Ahmadnagar,2023-10-19 02:30:00,23.5,25.2,57,56.0
233,Ahmadnagar,2023-10-20 02:30:00,24.9,23.5,60,57.0
234,Ahmadnagar,2023-10-21 02:15:00,23.3,24.9,56,60.0
235,Ahmadnagar,2023-10-22 02:30:00,23.4,23.3,55,56.0
236,Ahmadnagar,2023-10-23 02:15:00,22.5,23.4,53,55.0
237,Ahmadnagar,2023-10-24 02:15:00,23.4,22.5,47,53.0
238,Ahmadnagar,2023-10-25 02:15:00,22.3,23.4,52,47.0
239,Ahmadnagar,2023-10-26 02:00:00,21.2,22.3,44,52.0
240,Ahmadnagar,2023-10-27 02:15:00,20.5,21.2,43,44.0
241,Ahmadnagar,2023-10-28 02:00:00,20.4,20.5,49,43.0
242,Ahmadnagar,2023-10-29 02:45:00,20.2,20.4,47,49.0
243,Ahmadnagar,2023-10-30 02:00:00,20.7,20.2,41,47.0
289,Aizawl,2023-10-15 02:30:00,17.3,21.4,98,91.0
290,Aizawl,2023-10-16 02:30:00,18.6,17.3,98,98.0
291,Aizawl,2023-10-17 02:15:00,19.0,18.6,94,98.0
292,Aizawl,2023-10-18 02:30:00,19.5,19.0,92,94.0
293,Aizawl,2023-10-19 02:15:00,19.1,19.5,96,92.0
294,Aizawl,2023-10-20 02:30:00,19.1,19.1,92,96.0
295,Aizawl,2023-10-21 02:15:00,19.1,19.1,89,92.0
296,Aizawl,2023-10-22 02:15:00,20.2,19.1,93,89.0
297,Aizawl,2023-10-23 02:15:00,21.6,20.2,100,93.0
298,Aizawl,2023-10-24 02:15:00,20.6,21.6,100,100.0
299,Aizawl,2023-10-25 02:15:00,21.9,20.6,82,100.0
300,Aizawl,2023-10-26 02:00:00,20.8,21.9,96,82.0
301,Aizawl,2023-10-27 02:15:00,19.8,20.8,99,96.0
302,Aizawl,2023-10-28 02:00:00,18.8,19.8,98,99.0
303,Aizawl,2023-10-29 02:30:00,18.5,18.8,97,98.0
304,Aizawl,2023-10-30 01:45:00,18.6,18.5,84,97.0
350,Ajmer,2023-10-15 02:30:00,25.6,25.9,46,40.0
351,Ajmer,2023-10-16 02:30:00,24.3,25.6,53,46.0
352,Ajmer,2023-10-17 02:30:00,22.5,24.3,67,53.0
353,Ajmer,2023-10-18 02:30:00,22.2,22.5,65,67.0
354,Ajmer,2023-10-19 02:30:00,22.7,22.2,49,65.0
355,Ajmer,2023-10-20 02:30:00,22.7,22.7,44,49.0
356,Ajmer,2023-10-21 02:15:00,23.1,22.7,39,44.0
357,Ajmer,2023-10-22 02:30:00,23.9,23.1,39,39.0
358,Ajmer,2023-10-23 02:15:00,24.1,23.9,42,39.0
359,Ajmer,2023-10-24 02:15:00,21.7,24.1,33,42.0
360,Ajmer,2023-10-25 02:30:00,22.0,21.7,38,33.0
361,Ajmer,2023-10-26 02:00:00,22.7,22.0,33,38.0
362,Ajmer,2023-10-27 02:15:00,21.8,22.7,39,33.0
363,Ajmer,2023-10-28 02:00:00,23.1,21.8,30,39.0
364,Ajmer,2023-10-29 02:45:00,23.6,23.1,28,30.0
365,Ajmer,2023-10-30 02:00:00,23.5,23.6,34,28.0
411,Akola,2023-10-15 02:30:00,25.9,25.5,54,55.0
412,Akola,2023-10-16 02:30:00,24.2,25.9,60,54.0
413,Akola,2023-10-17 02:30:00,24.3,24.2,60,60.0
414,Akola,2023-10-18 02:30:00,23.5,24.3,68,60.0
415,Akola,2023-10-19 02:30:00,24.4,23.5,57,68.0
416,Akola,2023-10-20 02:30:00,23.7,24.4,71,57.0
417,Akola,2023-10-21 02:15:00,24.5,23.7,60,71.0
418,Akola,2023-10-22 02:30:00,23.7,24.5,56,60.0
419,Akola,2023-10-23 02:15:00,21.5,23.7,49,56.0
420,Akola,2023-10-24 02:15:00,21.5,21.5,56,49.0
421,Akola,2023-10-25 02:15:00,21.2,21.5,49,56.0
422,Akola,2023-10-26 02:00:00,20.4,21.2,44,49.0
423,Akola,2023-10-27 02:15:00,20.5,20.4,48,44.0
424,Akola,2023-10-28 02:00:00,20.5,20.5,53,48.0
425,Akola,2023-10-29 02:45:00,20.3,20.5,52,53.0
426,Akola,2023-10-30 02:00:00,20.8,20.3,56,52.0
472,Alappuzha,2023-10-15 02:30:00,26.0,25.3,84,86.0
473,Alappuzha,2023-10-16 02:30:00,25.6,26.0,84,84.0
474,Alappuzha,2023-10-17 02:30:00,25.8,25.6,83,84.0
475,Alappuzha,2023-10-18 02:30:00,26.0,25.8,82,83.0
476,Alappuzha,2023-10-19 02:15:00,26.2,26.0,80,82.0
477,Alappuzha,2023-10-20 02:30:00,26.1,26.2,81,80.0
478,Alappuzha,2023-10-21 02:15:00,26.7,26.1,76,81.0
479,Alappuzha,2023-10-22 02:15:00,25.3,26.7,88,76.0
480,Alappuzha,2023-10-23 02:15:00,25.1,25.3,90,88.0
481,Alappuzha,2023-10-24 02:15:00,25.5,25.1,84,90.0
482,Alappuzha,2023-10-25 02:15:00,25.6,25.5,85,84.0
483,Alappuzha,2023-10-26 02:00:00,25.9,25.6,82,85.0
484,Alappuzha,2023-10-27 02:15:00,26.0,25.9,83,82.0
485,Alappuzha,2023-10-28 02:00:00,25.8,26.0,85,83.0
486,Alappuzha,2023-10-29 02:30:00,26.0,25.8,82,85.0
487,Alappuzha,2023-10-30 01:45:00,26.1,26.0,83,82.0
533,Aligarh,2023-10-15 02:30:00,26.2,24.8,38,40.0
534,Aligarh,2023-10-16 02:30:00,25.1,26.2,50,38.0
535,Aligarh,2023-10-17 02:30:00,21.3,25.1,78,50.0
536,Aligarh,2023-10-18 02:30:00,22.1,21.3,57,78.0
537,Aligarh,2023-10-19 02:30:00,21.9,22.1,49,57.0
538,Aligarh,2023-10-20 02:30:00,21.7,21.9,40,49.0
539,Aligarh,2023-10-21 02:15:00,22.3,21.7,47,40.0
540,Aligarh,2023-10-22 02:30:00,21.6,22.3,48,47.0
541,Aligarh,2023-10-23 02:15:00,22.6,21.6,38,48.0
542,Aligarh,2023-10-24 02:15:00,22.3,22.6,41,38.0
543,Aligarh,2023-10-25 02:30:00,21.8,22.3,49,41.0
544,Aligarh,2023-10-26 02:00:00,22.2,21.8,38,49.0
545,Aligarh,2023-10-27 02:30:00,22.0,22.2,30,38.0
546,Aligarh,2023-10-28 02:00:00,21.7,22.0,35,30.0
547,Aligarh,2023-10-29 02:45:00,22.3,21.7,37,35.0
548,Aligarh,2023-10-30 02:00:00,22.7,22.3,41,37.0
594,Alirajpur,2023-10-15 02:30:00,24.9,25.3,51,50.0
595,Alirajpur,2023-10-16 02:30:00,24.7,24.9,68,51.0
596,Alirajpur,2023-10-17 02:15:00,24.2,24.7,57,68.0
597,Alirajpur,2023-10-18 02:15:00,23.9,24.2,61,57.0
598,Alirajpur,2023-10-19 02:15:00,24.3,23.9,53,61.0
599,Alirajpur,2023-10-20 02:15:00,24.7,24.3,44,53.0
600,Alirajpur,2023-10-21 02:00:00,25.2,24.7,52,44.0
601,Alirajpur,2023-10-22 02:15:00,24.7,25.2,55,52.0
602,Alirajpur,2023-10-23 02:00:00,24.9,24.7,44,55.0
603,Alirajpur,2023-10-24 02:15:00,24.5,24.9,43,44.0
604,Alirajpur,2023-10-25 02:15:00,23.9,24.5,47,43.0
605,Alirajpur,2023-10-26 02:00:00,22.8,23.9,34,47.0
606,Alirajpur,2023-10-27 02:15:00,22.8,22.8,35,34.0
607,Alirajpur,2023-10-28 02:00:00,22.6,22.8,39,35.0
608,Alirajpur,2023-10-29 02:30:00,22.2,22.6,39,39.0
609,Alirajpur,2023-10-30 01:45:00,22.9,22.2,39,39.0
655,Allahabad,2023-10-15 02:30:00,24.8,24.0,50,47.0
656,Allahabad,2023-10-16 02:30:00,26.1,24.8,48,50.0
657,Allahabad,2023-10-17 02:30:00,21.5,26.1,84,48.0
658,Allahabad,2023-10-18 02:30:00,22.7,21.5,74,84.0
659,Allahabad,2023-10-19 02:30:00,22.2,22.7,54,74.0
660,Allahabad,2023-10-20 02:30:00,21.9,22.2,48,54.0
661,Allahabad,2023-10-21 02:15:00,21.5,21.9,53,48.0
662,Allahabad,2023-10-22 02:30:00,20.3,21.5,49,53.0
663,Allahabad,2023-10-23 02:15:00,20.7,20.3,51,49.0
664,Allahabad,2023-10-24 02:15:00,21.2,20.7,47,51.0
665,Allahabad,2023-10-25 02:30:00,21.4,21.2,45,47.0
666,Allahabad,2023-10-26 02:00:00,22.0,21.4,56,45.0
667,Allahabad,2023-10-27 02:30:00,21.3,22.0,45,56.0
668,Allahabad,2023-10-28 02:00:00,20.9,21.3,36,45.0
669,Allahabad,2023-10-29 02:45:00,21.4,20.9,41,36.0
670,Allahabad,2023-10-30 02:00:00,21.6,21.4,42,41.0
716,Almora,2023-10-15 02:30:00,16.6,15.7,59,65.0
717,Almora,2023-10-16 02:30:00,15.4,16.6,67,59.0
718,Almora,2023-10-17 02:30:00,14.6,15.4,73,67.0
719,Almora,2023-10-18 02:30:00,13.9,14.6,68,73.0
720,Almora,2023-10-19 02:15:00,13.3,13.9,71,68.0
721,Almora,2023-10-20 02:30:00,13.2,13.3,69,71.0
722,Almora,2023-10-21 02:15:00,13.3,13.2,67,69.0
723,Almora,2023-10-22 02:15:00,13.9,13.3,66,67.0
724,Almora,2023-10-23 02:15:00,13.4,13.9,47,66.0
725,Almora,2023-10-24 02:15:00,13.4,13.4,57,47.0
726,Almora,2023-10-25 02:15:00,14.2,13.4,53,57.0
727,Almora,2023-10-26 02:00:00,14.5,14.2,59,53.0
728,Almora,2023-10-27 02:15:00,14.1,14.5,55,59.0
729,Almora,2023-10-28 02:00:00,13.7,14.1,58,55.0
730,Almora,2023-10-29 02:30:00,13.7,13.7,62,58.0
731,Almora,2023-10-30 01:45:00,14.0,13.7,67,62.0
777,Alwar,2023-10-15 02:30:00,27.0,26.9,34,38.0
778,Alwar,2023-10-16 02:30:00,25.5,27.0,42,34.0
779,Alwar,2023-10-17 02:30:00,20.5,25.5,79,42.0
780,Alwar,2023-10-18 02:30:00,23.2,20.5,61,79.0
781,Alwar,2023-10-19 02:30:00,22.2,23.2,51,61.0
782,Alwar,2023-10-20 02:30:00,22.7,22.2,40,51.0
783,Alwar,2023-10-21 02:30:00,23.3,22.7,43,40.0
784,Alwar,2023-10-22 02:30:00,23.2,23.3,42,43.0
785,Alwar,2023-10-23 02:15:00,23.5,23.2,39,42.0
786,Alwar,2023-10-24 02:15:00,22.6,23.5,37,39.0
787,Alwar,2023-10-25 02:30:00,22.8,22.6,37,37.0
788,Alwar,2023-10-26 02:00:00,22.3,22.8,39,37.0
789,Alwar,2023-10-27 02:30:00,22.0,22.3,30,39.0
790,Alwar,2023-10-28 02:00:00,22.5,22.0,21,30.0
791,Alwar,2023-10-29 02:45:00,23.5,22.5,33,21.0
792,Alwar,2023-10-30 02:00:00,23.7,23.5,38,33.0
838,Ambala,2023-10-15 02:30:00,22.0,21.1,51,57.0
839,Ambala,2023-10-16 02:30:00,21.9,22.0,52,51.0
840,Ambala,2023-10-17 02:15:00,17.6,21.9,81,52.0
841,Ambala,2023-10-18 02:30:00,19.5,17.6,56,81.0
842,Ambala,2023-10-19 02:15:00,18.2,19.5,51,56.0
843,Ambala,2023-10-20 02:30:00,18.8,18.2,48,51.0
844,Ambala,2023-10-21 02:15:00,18.9,18.8,49,48.0
845,Ambala,2023-10-22 02:15:00,19.4,18.9,52,49.0
846,Ambala,2023-10-23 02:15:00,19.6,19.4,47,52.0
847,Ambala,2023-10-24 02:15:00,19.5,19.6,49,47.0
848,Ambala,2023-10-25 02:15:00,19.9,19.5,44,49.0
849,Ambala,2023-10-26 02:00:00,20.0,19.9,39,44.0
850,Ambala,2023-10-27 02:15:00,19.3,20.0,44,39.0
851,Ambala,2023-10-28 02:00:00,19.7,19.3,43,44.0
852,Ambala,2023-10-29 02:30:00,19.9,19.7,49,43.0
853,Ambala,2023-10-30 01:45:00,19.9,19.9,48,49.0
899,Amethi,2023-10-15 02:30:00,22.4,21.6,63,66.0
900,Amethi,2023-10-16 02:30:00,22.9,22.4,69,63.0
901,Amethi,2023-10-17 02:30:00,19.7,22.9,87,69.0
902,Amethi,2023-10-18 02:30:00,20.1,19.7,75,87.0
903,Amethi,2023-10-19 02:30:00,19.0,20.1,65,75.0
904,Amethi,2023-10-20 02:30:00,18.4,19.0,61,65.0
905,Amethi,2023-10-21 02:15:00,19.2,18.4,64,61.0
906,Amethi,2023-10-22 02:30:00,19.6,19.2,60,64.0
907,Amethi,2023-10-23 02:15:00,19.6,19.6,60,60.0
908,Amethi,2023-10-24 02:15:00,19.4,19.6,54,60.0
909,Amethi,2023-10-25 02:30:00,20.5,19.4,56,54.0
910,Amethi,2023-10-26 02:00:00,20.4,20.5,57,56.0
911,Amethi,2023-10-27 02:30:00,20.0,20.4,57,57.0
912,Amethi,2023-10-28 02:00:00,20.3,20.0,53,57.0
913,Amethi,2023-10-29 02:45:00,20.3,20.3,54,53.0
914,Amethi,2023-10-30 02:00:00,20.0,20.3,59,54.0
960,Amravati,2023-10-15 02:30:00,24.5,23.9,57,59.0
961,Amravati,2023-10-16 02:30:00,24.2,24.5,59,57.0
962,Amravati,2023-10-17 02:30:00,25.0,24.2,57,59.0
963,Amravati,2023-10-18 02:30:00,22.9,25.0,69,57.0
964,Amravati,2023-10-19 02:30:00,23.8,22.9,59,69.0
965,Amravati,2023-10-20 02:30:00,22.6,23.8,70,59.0
966,Amravati,2023-10-21 02:15:00,22.3,22.6,65,70.0
967,Amravati,2023-10-22 02:30:00,21.5,22.3,57,65.0
968,Amravati,2023-10-23 02:15:00,20.7,21.5,58,57.0
969,Amravati,2023-10-24 02:15:00,20.2,20.7,56,58.0
970,Amravati,2023-10-25 02:15:00,19.7,20.2,53,56.0
971,Amravati,2023-10-26 02:00:00,19.4,19.7,44,53.0
972,Amravati,2023-10-27 02:15:00,19.4,19.4,53,44.0
973,Amravati,2023-10-28 02:00:00,19.9,19.4,54,53.0
974,Amravati,2023-10-29 02:45:00,19.8,19.9,54,54.0
975,Amravati,2023-10-30 02:00:00,20.0,19.8,60,54.0
1021,Amreli,2023-10-15 02:30:00,27.7,27.6,56,66.0
1022,Amreli,2023-10-16 02:30:00,25.7,27.7,69,56.0
1023,Amreli,2023-10-17 02:15:00,25.5,25.7,71,69.0
1024,Amreli,2023-10-18 02:15:00,26.6,25.5,50,71.0
1025,Amreli,2023-10-19 02:15:00,27.2,26.6,44,50.0
1026,Amreli,2023-10-20 02:30:00,26.0,27.2,42,44.0
1027,Amreli,2023-10-21 02:15:00,26.4,26.0,50,42.0
1028,Amreli,2023-10-22 02:15:00,26.7,26.4,53,50.0
1029,Amreli,2023-10-23 02:00:00,27.1,26.7,45,53.0
1030,Amreli,2023-10-24 02:15:00,26.5,27.1,47,45.0
1031,Amreli,2023-10-25 02:15:00,26.0,26.5,45,47.0
1032,Amreli,2023-10-26 02:00:00,26.2,26.0,39,45.0
1033,Amreli,2023-10-27 02:15:00,25.5,26.2,41,39.0
1034,Amreli,2023-10-28 02:00:00,25.3,25.5,40,41.0
1035,Amreli,2023-10-29 02:30:00,25.6,25.3,39,40.0
1036,Amreli,2023-10-30 01:45:00,25.6,25.6,40,39.0
1082,Amritsar,2023-10-15 02:30:00,20.0,24.0,88,83.0
1083,Amritsar,2023-10-16 02:30:00,21.0,20.0,94,88.0
1084,Amritsar,2023-10-17 02:30:00,18.0,21.0,94,94.0
1085,Amritsar,2023-10-18 02:30:00,15.0,18.0,94,94.0
1086,Amritsar,2023-10-19 02:15:00,17.0,15.0,94,94.0
1087,Amritsar,2023-10-20 02:30:00,18.0,17.0,94,94.0
1088,Amritsar,2023-10-21 02:15:00,18.0,18.0,94,94.0
1089,Amritsar,2023-10-22 02:15:00,21.0,18.0,88,94.0
1090,Amritsar,2023-10-23 02:15:00,19.0,21.0,94,88.0
1091,Amritsar,2023-10-24 02:15:00,19.0,19.0,88,94.0
1092,Amritsar,2023-10-25 02:15:00,19.0,19.0,88,88.0
1093,Amritsar,2023-10-26 02:00:00,18.0,19.0,94,88.0
1094,Amritsar,2023-10-27 02:15:00,17.0,18.0,94,94.0
1095,Amritsar,2023-10-28 02:00:00,20.0,17.0,88,94.0
1096,Amritsar,2023-10-29 02:45:00,21.0,20.0,83,88.0
1097,Amritsar,2023-10-30 02:00:00,20.0,21.0,94,83.0
1143,Anand,2023-10-15 02:30:00,28.2,27.8,55,51.0
1144,Anand,2023-10-16 02:30:00,25.4,28.2,63,55.0
1145,Anand,2023-10-17 02:15:00,27.0,25.4,50,63.0
1146,Anand,2023-10-18 02:15:00,26.3,27.0,51,50.0
1147,Anand,2023-10-19 02:15:00,26.0,26.3,52,51.0
1148,Anand,2023-10-20 02:30:00,25.3,26.0,49,52.0
1149,Anand,2023-10-21 02:15:00,26.0,25.3,45,49.0
1150,Anand,2023-10-22 02:15:00,26.1,26.0,39,45.0
1151,Anand,2023-10-23 02:00:00,26.3,26.1,40,39.0
1152,Anand,2023-10-24 02:15:00,26.7,26.3,38,40.0
1153,Anand,2023-10-25 02:15:00,25.3,26.7,35,38.0
1154,Anand,2023-10-26 02:00:00,25.1,25.3,31,35.0
1155,Anand,2023-10-27 02:15:00,25.4,25.1,34,31.0
1156,Anand,2023-10-28 02:00:00,24.4,25.4,35,34.0
1157,Anand,2023-10-29 02:30:00,24.7,24.4,34,35.0
1158,Anand,2023-10-30 01:45:00,25.4,24.7,34,34.0
1204,Anantapur,2023-10-15 02:30:00,24.3,23.5,51,58.0
1205,Anantapur,2023-10-16 02:30:00,24.7,24.3,61,51.0
1206,Anantapur,2023-10-17 02:15:00,26.0,24.7,60,61.0
1207,Anantapur,2023-10-18 02:30:00,24.0,26.0,53,60.0
1208,Anantapur,2023-10-19 02:15:00,23.4,24.0,69,53.0
1209,Anantapur,2023-10-20 02:30:00,24.4,23.4,70,69.0
1210,Anantapur,2023-10-21 02:15:00,24.2,24.4,69,70.0
1211,Anantapur,2023-10-22 02:15:00,24.2,24.2,72,69.0
1212,Anantapur,2023-10-23 02:00:00,22.4,24.2,56,72.0
1213,Anantapur,2023-10-24 02:15:00,21.6,22.4,49,56.0
1214,Anantapur,2023-10-25 02:15:00,21.6,21.6,46,49.0
1215,Anantapur,2023-10-26 02:00:00,21.4,21.6,52,46.0
1216,Anantapur,2023-10-27 02:15:00,21.1,21.4,54,52.0
1217,Anantapur,2023-10-28 02:00:00,22.5,21.1,79,54.0
1218,Anantapur,2023-10-29 02:30:00,23.4,22.5,80,79.0
1219,Anantapur,2023-10-30 01:45:00,24.9,23.4,71,80.0
1265,Anantnag,2023-10-16 02:30:00,10.6,10.1,56,67.0
1266,Anantnag,2023-10-17 02:15:00,8.9,10.6,89,56.0
1267,Anantnag,2023-10-18 02:15:00,8.5,8.9,81,89.0
1268,Anantnag,2023-10-19 02:15:00,8.5,8.5,61,81.0
1269,Anantnag,2023-10-20 02:15:00,9.0,8.5,56,61.0
1270,Anantnag,2023-10-21 02:15:00,9.5,9.0,52,56.0
1271,Anantnag,2023-10-22 02:15:00,10.5,9.5,47,52.0
1272,Anantnag,2023-10-23 02:00:00,6.7,10.5,82,47.0
1273,Anantnag,2023-10-24 02:15:00,8.7,6.7,53,82.0
1274,Anantnag,2023-10-25 02:15:00,8.4,8.7,61,53.0
1275,Anantnag,2023-10-26 02:00:00,8.9,8.4,43,61.0
1276,Anantnag,2023-10-27 02:15:00,9.1,8.9,45,43.0
1277,Anantnag,2023-10-28 02:00:00,9.5,9.1,47,45.0
1278,Anantnag,2023-10-29 02:30:00,9.6,9.5,44,47.0
1279,Anantnag,2023-10-30 01:45:00,10.1,9.6,37,44.0
1325,Anugul,2023-10-15 02:30:00,20.8,21.4,75,81.0
1326,Anugul,2023-10-16 02:30:00,22.0,20.8,71,75.0
1327,Anugul,2023-10-17 02:30:00,22.0,22.0,71,71.0
1328,Anugul,2023-10-18 02:30:00,22.5,22.0,82,71.0
1329,Anugul,2023-10-19 02:30:00,22.0,22.5,88,82.0
1330,Anugul,2023-10-20 02:30:00,21.9,22.0,85,88.0
1331,Anugul,2023-10-21 02:15:00,21.7,21.9,82,85.0
1332,Anugul,2023-10-22 02:30:00,20.0,21.7,77,82.0
1333,Anugul,2023-10-23 02:15:00,18.5,20.0,71,77.0
1334,Anugul,2023-10-24 02:15:00,19.4,18.5,81,71.0
1335,Anugul,2023-10-25 02:15:00,19.1,19.4,88,81.0
1336,Anugul,2023-10-26 02:00:00,19.9,19.1,76,88.0
1337,Anugul,2023-10-27 02:15:00,19.3,19.9,69,76.0
1338,Anugul,2023-10-28 02:00:00,18.8,19.3,70,69.0
1339,Anugul,2023-10-29 02:45:00,19.2,18.8,70,70.0
1340,Anugul,2023-10-30 02:00:00,19.6,19.2,75,70.0
1386,Anuppur,2023-10-15 02:30:00,20.7,20.2,54,59.0
1387,Anuppur,2023-10-16 02:30:00,20.5,20.7,58,54.0
1388,Anuppur,2023-10-17 02:15:00,19.2,20.5,72,58.0
1389,Anuppur,2023-10-18 02:15:00,19.0,19.2,82,72.0
1390,Anuppur,2023-10-19 02:15:00,18.2,19.0,78,82.0
1391,Anuppur,2023-10-20 02:15:00,18.5,18.2,70,78.0
1392,Anuppur,2023-10-21 02:00:00,18.5,18.5,59,70.0
1393,Anuppur,2023-10-22 02:15:00,17.5,18.5,62,59.0
1394,Anuppur,2023-10-23 02:00:00,14.8,17.5,62,62.0
1395,Anuppur,2023-10-24 02:15:00,15.7,14.8,66,62.0
1396,Anuppur,2023-10-25 02:15:00,16.8,15.7,65,66.0
1397,Anuppur,2023-10-26 02:00:00,16.2,16.8,57,65.0
1398,Anuppur,2023-10-27 02:15:00,15.9,16.2,51,57.0
1399,Anuppur,2023-10-28 02:00:00,15.9,15.9,53,51.0
1400,Anuppur,2023-10-29 02:30:00,16.3,15.9,54,53.0
1401,Anuppur,2023-10-30 01:45:00,16.3,16.3,60,54.0
1447,Araria,2023-10-15 02:30:00,21.8,22.6,71,70.0
1448,Araria,2023-10-16 02:30:00,23.0,21.8,76,71.0
1449,Araria,2023-10-17 02:15:00,22.2,23.0,81,76.0
1450,Araria,2023-10-18 02:30:00,22.1,22.2,81,81.0
1451,Araria,2023-10-19 02:15:00,21.3,22.1,78,81.0
1452,Araria,2023-10-20 02:30:00,21.1,21.3,82,78.0
1453,Araria,2023-10-21 02:15:00,20.6,21.1,80,82.0
1454,Araria,2023-10-22 02:15:00,21.1,20.6,74,80.0
1455,Araria,2023-10-23 02:00:00,20.8,21.1,74,74.0
1456,Araria,2023-10-24 02:15:00,20.3,20.8,73,74.0
1457,Araria,2023-10-25 02:15:00,20.8,20.3,67,73.0
1458,Araria,2023-10-26 02:00:00,21.1,20.8,79,67.0
1459,Araria,2023-10-27 02:15:00,20.8,21.1,68,79.0
1460,Araria,2023-10-28 02:00:00,20.3,20.8,69,68.0
1461,Araria,2023-10-29 02:30:00,21.0,20.3,72,69.0
1462,Araria,2023-10-30 01:45:00,21.2,21.0,71,72.0
1508,Ariyalur,2023-10-15 02:30:00,24.0,27.0,100,89.0
1509,Ariyalur,2023-10-16 02:30:00,27.0,24.0,94,100.0
1510,Ariyalur,2023-10-17 02:30:00,25.0,27.0,94,94.0
1511,Ariyalur,2023-10-18 02:30:00,26.0,25.0,89,94.0
1512,Ariyalur,2023-10-19 02:30:00,26.0,26.0,94,89.0
1513,Ariyalur,2023-10-20 02:30:00,26.0,26.0,94,94.0
1514,Ariyalur,2023-10-21 02:15:00,26.0,26.0,84,94.0
1515,Ariyalur,2023-10-22 02:30:00,26.0,26.0,89,84.0
1516,Ariyalur,2023-10-23 02:15:00,27.0,26.0,89,89.0
1517,Ariyalur,2023-10-24 02:15:00,26.0,27.0,89,89.0
1518,Ariyalur,2023-10-25 02:30:00,28.0,26.0,79,89.0
1519,Ariyalur,2023-10-26 02:00:00,27.0,28.0,89,79.0
1520,Ariyalur,2023-10-27 02:15:00,27.0,27.0,79,89.0
1521,Ariyalur,2023-10-28 02:00:00,26.0,27.0,89,79.0
1522,Ariyalur,2023-10-29 02:45:00,26.0,26.0,89,89.0
1523,Ariyalur,2023-10-30 02:00:00,25.0,26.0,94,89.0
1569,Arong,2023-10-15 02:30:00,27.6,27.2,80,81.0
1570,Arong,2023-10-16 02:30:00,28.0,27.6,77,80.0
1571,Arong,2023-10-17 02:15:00,27.4,28.0,79,77.0
1572,Arong,2023-10-18 02:30:00,27.0,27.4,84,79.0
1573,Arong,2023-10-19 02:15:00,27.6,27.0,81,84.0
1574,Arong,2023-10-20 02:30:00,27.7,27.6,76,81.0
1575,Arong,2023-10-21 02:15:00,27.7,27.7,79,76.0
1576,Arong,2023-10-22 02:15:00,27.5,27.7,76,79.0
1577,Arong,2023-10-23 02:15:00,27.3,27.5,79,76.0
1578,Arong,2023-10-24 02:15:00,27.8,27.3,74,79.0
1579,Arong,2023-10-25 02:15:00,27.9,27.8,75,74.0
1580,Arong,2023-10-26 02:00:00,27.4,27.9,76,75.0
1581,Arong,2023-10-27 02:15:00,27.5,27.4,75,76.0
1582,Arong,2023-10-28 02:00:00,27.5,27.5,78,75.0
1583,Arong,2023-10-29 02:30:00,27.7,27.5,74,78.0
1584,Arong,2023-10-30 01:45:00,27.9,27.7,74,74.0
1630,Arwal,2023-10-15 02:30:00,26.0,25.0,89,94.0
1631,Arwal,2023-10-16 02:30:00,26.0,26.0,89,89.0
1632,Arwal,2023-10-17 02:15:00,23.0,26.0,83,89.0
1633,Arwal,2023-10-18 02:30:00,26.0,23.0,94,83.0
1634,Arwal,2023-10-19 02:15:00,20.9,26.0,69,94.0
1635,Arwal,2023-10-20 02:30:00,25.0,20.9,94,69.0
1636,Arwal,2023-10-21 02:15:00,23.0,25.0,94,94.0
1637,Arwal,2023-10-22 02:15:00,22.0,23.0,100,94.0
1638,Arwal,2023-10-23 02:00:00,22.0,22.0,94,100.0
1639,Arwal,2023-10-24 02:15:00,26.0,22.0,79,94.0
1640,Arwal,2023-10-25 02:15:00,26.0,26.0,79,79.0
1641,Arwal,2023-10-26 02:00:00,24.0,26.0,83,79.0
1642,Arwal,2023-10-27 02:15:00,23.0,24.0,89,83.0
1643,Arwal,2023-10-28 02:00:00,24.0,23.0,94,89.0
1644,Arwal,2023-10-29 02:30:00,22.0,24.0,94,94.0
1645,Arwal,2023-10-30 01:45:00,24.0,22.0,89,94.0
1691,Ashoknagar,2023-10-15 02:30:00,24.9,23.9,46,48.0
1692,Ashoknagar,2023-10-16 02:30:00,23.7,24.9,45,46.0
1693,Ashoknagar,2023-10-17 02:15:00,19.6,23.7,79,45.0
1694,Ashoknagar,2023-10-18 02:15:00,22.0,19.6,57,79.0
1695,Ashoknagar,2023-10-19 02:15:00,22.0,22.0,61,57.0
1696,Ashoknagar,2023-10-20 02:15:00,21.2,22.0,47,61.0
1697,Ashoknagar,2023-10-21 02:00:00,21.3,21.2,51,47.0
1698,Ashoknagar,2023-10-22 02:15:00,21.3,21.3,49,51.0
1699,Ashoknagar,2023-10-23 02:00:00,21.0,21.3,49,49.0
1700,Ashoknagar,2023-10-24 02:15:00,20.4,21.0,48,49.0
1701,Ashoknagar,2023-10-25 02:15:00,20.3,20.4,44,48.0
1702,Ashoknagar,2023-10-26 02:00:00,20.8,20.3,42,44.0
1703,Ashoknagar,2023-10-27 02:15:00,21.1,20.8,38,42.0
1704,Ashoknagar,2023-10-28 02:00:00,20.1,21.1,31,38.0
1705,Ashoknagar,2023-10-29 02:30:00,20.9,20.1,37,31.0
1706,Ashoknagar,2023-10-30 01:45:00,20.8,20.9,40,37.0
1752,Auraiya,2023-10-15 02:30:00,26.2,25.0,40,41.0
1753,Auraiya,2023-10-16 02:30:00,26.1,26.2,45,40.0
1754,Auraiya,2023-10-17 02:30:00,21.0,26.1,78,45.0
1755,Auraiya,2023-10-18 02:30:00,22.8,21.0,64,78.0
1756,Auraiya,2023-10-19 02:30:00,23.2,22.8,47,64.0
1757,Auraiya,2023-10-20 02:30:00,22.1,23.2,44,47.0
1758,Auraiya,2023-10-21 02:15:00,21.7,22.1,45,44.0
1759,Auraiya,2023-10-22 02:30:00,21.6,21.7,49,45.0
1760,Auraiya,2023-10-23 02:15:00,21.7,21.6,52,49.0
1761,Auraiya,2023-10-24 02:15:00,22.0,21.7,44,52.0
1762,Auraiya,2023-10-25 02:30:00,21.9,22.0,50,44.0
1763,Auraiya,2023-10-26 02:00:00,21.8,21.9,41,50.0
1764,Auraiya,2023-10-27 02:30:00,21.7,21.8,36,41.0
1765,Auraiya,2023-10-28 02:00:00,22.0,21.7,38,36.0
1766,Auraiya,2023-10-29 02:45:00,22.7,22.0,36,38.0
1767,Auraiya,2023-10-30 02:00:00,22.4,22.7,40,36.0
1813,Aurangabad,2023-10-15 02:30:00,25.8,23.4,47,60.0
1814,Aurangabad,2023-10-16 02:30:00,24.0,25.8,56,47.0
1815,Aurangabad,2023-10-17 02:15:00,24.5,24.0,55,56.0
1816,Aurangabad,2023-10-18 02:15:00,23.0,24.5,63,55.0
1817,Aurangabad,2023-10-19 02:15:00,25.5,23.0,52,63.0
1818,Aurangabad,2023-10-20 02:30:00,23.8,25.5,58,52.0
1819,Aurangabad,2023-10-21 02:15:00,22.8,23.8,59,58.0
1820,Aurangabad,2023-10-22 02:15:00,22.2,22.8,56,59.0
1821,Aurangabad,2023-10-23 02:00:00,21.7,22.2,48,56.0
1822,Aurangabad,2023-10-24 02:15:00,21.8,21.7,50,48.0
1823,Aurangabad,2023-10-25 02:15:00,20.9,21.8,54,50.0
1824,Aurangabad,2023-10-26 02:00:00,20.7,20.9,42,54.0
1825,Aurangabad,2023-10-27 02:15:00,20.3,20.7,44,42.0
1826,Aurangabad,2023-10-28 02:00:00,19.2,20.3,51,44.0
1827,Aurangabad,2023-10-29 02:30:00,19.9,19.2,52,51.0
1828,Aurangabad,2023-10-30 01:45:00,20.5,19.9,47,52.0
1874,Azamgarh,2023-10-15 02:30:00,23.4,23.1,58,55.0
1875,Azamgarh,2023-10-16 02:30:00,23.8,23.4,67,58.0
1876,Azamgarh,2023-10-17 02:30:00,22.8,23.8,85,67.0
1877,Azamgarh,2023-10-18 02:30:00,22.0,22.8,77,85.0
1878,Azamgarh,2023-10-19 02:30:00,21.4,22.0,62,77.0
1879,Azamgarh,2023-10-20 02:30:00,21.3,21.4,54,62.0
1880,Azamgarh,2023-10-21 02:15:00,21.1,21.3,57,54.0
1881,Azamgarh,2023-10-22 02:30:00,20.9,21.1,54,57.0
1882,Azamgarh,2023-10-23 02:15:00,21.3,20.9,54,54.0
1883,Azamgarh,2023-10-24 02:15:00,21.2,21.3,52,54.0
1884,Azamgarh,2023-10-25 02:30:00,22.1,21.2,57,52.0
1885,Azamgarh,2023-10-26 02:00:00,22.1,22.1,66,57.0
1886,Azamgarh,2023-10-27 02:30:00,21.8,22.1,55,66.0
1887,Azamgarh,2023-10-28 02:00:00,21.6,21.8,49,55.0
1888,Azamgarh,2023-10-29 02:45:00,21.8,21.6,47,49.0
1889,Azamgarh,2023-10-30 02:00:00,21.6,21.8,50,47.0
1935,Badgam,2023-10-15 02:30:00,7.1,10.5,73,55.0
1936,Badgam,2023-10-16 02:30:00,7.5,7.1,66,73.0
1937,Badgam,2023-10-17 02:15:00,5.0,7.5,92,66.0
1938,Badgam,2023-10-18 02:15:00,3.5,5.0,87,92.0
1939,Badgam,2023-10-19 02:15:00,5.3,3.5,61,87.0
1940,Badgam,2023-10-20 02:15:00,6.2,5.3,52,61.0
1941,Badgam,2023-10-21 02:15:00,6.3,6.2,46,52.0
1942,Badgam,2023-10-22 02:15:00,7.4,6.3,45,46.0
1943,Badgam,2023-10-23 02:00:00,3.8,7.4,83,45.0
1944,Badgam,2023-10-24 02:15:00,5.7,3.8,57,83.0
1945,Badgam,2023-10-25 02:15:00,6.0,5.7,58,57.0
1946,Badgam,2023-10-26 02:00:00,6.6,6.0,44,58.0
1947,Badgam,2023-10-27 02:15:00,6.5,6.6,45,44.0
1948,Badgam,2023-10-28 02:00:00,6.5,6.5,46,45.0
1949,Badgam,2023-10-29 02:30:00,6.4,6.5,45,46.0
1950,Badgam,2023-10-30 01:45:00,7.3,6.4,37,45.0
1996,Bagalkot,2023-10-15 02:30:00,25.9,25.3,51,56.0
1997,Bagalkot,2023-10-16 02:30:00,25.4,25.9,53,51.0
1998,Bagalkot,2023-10-17 02:30:00,26.4,25.4,54,53.0
1999,Bagalkot,2023-10-18 02:30:00,25.2,26.4,56,54.0
2000,Bagalkot,2023-10-19 02:15:00,24.3,25.2,55,56.0
2001,Bagalkot,2023-10-20 02:30:00,24.8,24.3,51,55.0
2002,Bagalkot,2023-10-21 02:15:00,24.7,24.8,55,51.0
2003,Bagalkot,2023-10-22 02:15:00,24.6,24.7,60,55.0
2004,Bagalkot,2023-10-23 02:15:00,22.4,24.6,54,60.0
2005,Bagalkot,2023-10-24 02:15:00,22.7,22.4,51,54.0
2006,Bagalkot,2023-10-25 02:15:00,21.7,22.7,52,51.0
2007,Bagalkot,2023-10-26 02:00:00,21.6,21.7,51,52.0
2008,Bagalkot,2023-10-27 02:15:00,20.7,21.6,49,51.0
2009,Bagalkot,2023-10-28 02:00:00,20.7,20.7,48,49.0
2010,Bagalkot,2023-10-29 02:30:00,25.1,20.7,54,48.0
2011,Bagalkot,2023-10-30 02:00:00,25.1,25.1,64,54.0
2057,Bageshwar,2023-10-15 02:30:00,2.9,6.0,73,82.0
2058,Bageshwar,2023-10-16 02:30:00,1.8,2.9,72,73.0
2059,Bageshwar,2023-10-17 02:15:00,3.8,1.8,77,72.0
2060,Bageshwar,2023-10-18 02:30:00,-0.7,3.8,60,77.0
2061,Bageshwar,2023-10-19 02:15:00,1.7,-0.7,56,60.0
2062,Bageshwar,2023-10-20 02:30:00,1.6,1.7,62,56.0
2063,Bageshwar,2023-10-21 02:15:00,1.9,1.6,64,62.0
2064,Bageshwar,2023-10-22 02:15:00,1.4,1.9,69,64.0
2065,Bageshwar,2023-10-23 02:15:00,1.4,1.4,52,69.0
2066,Bageshwar,2023-10-24 02:15:00,1.9,1.4,50,52.0
2067,Bageshwar,2023-10-25 02:15:00,1.7,1.9,34,50.0
2068,Bageshwar,2023-10-26 02:00:00,2.0,1.7,42,34.0
2069,Bageshwar,2023-10-27 02:15:00,2.6,2.0,58,42.0
2070,Bageshwar,2023-10-28 02:00:00,3.2,2.6,65,58.0
2071,Bageshwar,2023-10-29 02:30:00,3.7,3.2,66,65.0
2072,Bageshwar,2023-10-30 01:45:00,3.3,3.7,62,66.0
2118,Baghpat,2023-10-15 02:30:00,24.0,25.0,74,69.0
2119,Baghpat,2023-10-16 02:30:00,26.0,24.0,65,74.0
2120,Baghpat,2023-10-17 02:30:00,19.0,26.0,94,65.0
2121,Baghpat,2023-10-18 02:30:00,21.0,19.0,78,94.0
2122,Baghpat,2023-10-19 02:30:00,21.0,21.0,69,78.0
2123,Baghpat,2023-10-20 02:30:00,21.0,21.0,69,69.0
2124,Baghpat,2023-10-21 02:15:00,20.0,21.0,73,69.0
2125,Baghpat,2023-10-22 02:30:00,21.0,20.0,69,73.0
2126,Baghpat,2023-10-23 02:15:00,21.0,21.0,78,69.0
2127,Baghpat,2023-10-24 02:15:00,22.0,21.0,65,78.0
2128,Baghpat,2023-10-25 02:30:00,21.0,22.0,64,65.0
2129,Baghpat,2023-10-26 02:00:00,22.0,21.0,61,64.0
2130,Baghpat,2023-10-27 02:30:00,21.0,22.0,60,61.0
2131,Baghpat,2023-10-28 02:00:00,20.0,21.0,60,60.0
2132,Baghpat,2023-10-29 02:45:00,20.0,20.0,73,60.0
2133,Baghpat,2023-10-30 02:00:00,22.0,20.0,69,73.0
2179,Bahraich,2023-10-15 02:30:00,22.7,21.9,64,64.0
2180,Bahraich,2023-10-16 02:30:00,23.1,22.7,66,64.0
2181,Bahraich,2023-10-17 02:30:00,21.3,23.1,80,66.0
2182,Bahraich,2023-10-18 02:30:00,20.5,21.3,77,80.0
2183,Bahraich,2023-10-19 02:30:00,19.3,20.5,70,77.0
2184,Bahraich,2023-10-20 02:30:00,18.8,19.3,59,70.0
2185,Bahraich,2023-10-21 02:15:00,18.9,18.8,53,59.0
2186,Bahraich,2023-10-22 02:30:00,20.0,18.9,58,53.0
2187,Bahraich,2023-10-23 02:15:00,19.9,20.0,65,58.0
2188,Bahraich,2023-10-24 02:15:00,20.0,19.9,64,65.0
2189,Bahraich,2023-10-25 02:30:00,21.2,20.0,69,64.0
2190,Bahraich,2023-10-26 02:00:00,20.7,21.2,60,69.0
2191,Bahraich,2023-10-27 02:30:00,20.5,20.7,58,60.0
2192,Bahraich,2023-10-28 02:00:00,20.3,20.5,55,58.0
2193,Bahraich,2023-10-29 02:45:00,20.4,20.3,53,55.0
2194,Bahraich,2023-10-30 02:00:00,20.3,20.4,57,53.0
2240,Baksa Duar,2023-10-15 02:30:00,15.3,15.4,82,86.0
2241,Baksa Duar,2023-10-16 02:30:00,14.8,15.3,82,82.0
2242,Baksa Duar,2023-10-17 02:15:00,15.5,14.8,71,82.0
2243,Baksa Duar,2023-10-18 02:15:00,15.0,15.5,60,71.0
2244,Baksa Duar,2023-10-19 02:15:00,13.8,15.0,75,60.0
2245,Baksa Duar,2023-10-20 02:30:00,14.1,13.8,65,75.0
2246,Baksa Duar,2023-10-21 02:15:00,14.2,14.1,60,65.0
2247,Baksa Duar,2023-10-22 02:15:00,14.7,14.2,54,60.0
2248,Baksa Duar,2023-10-23 02:15:00,14.5,14.7,47,54.0
2249,Baksa Duar,2023-10-24 02:15:00,15.6,14.5,48,47.0
2250,Baksa Duar,2023-10-25 02:15:00,15.2,15.6,48,48.0
2251,Baksa Duar,2023-10-26 02:00:00,14.9,15.2,52,48.0
2252,Baksa Duar,2023-10-27 02:15:00,14.3,14.9,61,52.0
2253,Baksa Duar,2023-10-28 02:00:00,13.9,14.3,71,61.0
2254,Baksa Duar,2023-10-29 02:30:00,14.8,13.9,71,71.0
2255,Baksa Duar,2023-10-30 01:45:00,15.4,14.8,62,71.0
2301,Balaghat,2023-10-15 02:30:00,23.1,21.6,71,68.0
2302,Balaghat,2023-10-16 02:30:00,22.4,23.1,74,71.0
2303,Balaghat,2023-10-17 02:15:00,21.4,22.4,71,74.0
2304,Balaghat,2023-10-18 02:15:00,22.0,21.4,75,71.0
2305,Balaghat,2023-10-19 02:15:00,20.5,22.0,74,75.0
2306,Balaghat,2023-10-20 02:15:00,20.5,20.5,81,74.0
2307,Balaghat,2023-10-21 02:00:00,19.1,20.5,69,81.0
2308,Balaghat,2023-10-22 02:15:00,18.5,19.1,67,69.0
2309,Balaghat,2023-10-23 02:00:00,17.9,18.5,68,67.0
2310,Balaghat,2023-10-24 02:15:00,17.1,17.9,65,68.0
2311,Balaghat,2023-10-25 02:15:00,17.2,17.1,68,65.0
2312,Balaghat,2023-10-26 02:00:00,17.2,17.2,61,68.0
2313,Balaghat,2023-10-27 02:15:00,16.7,17.2,55,61.0
2314,Balaghat,2023-10-28 02:00:00,17.3,16.7,68,55.0
2315,Balaghat,2023-10-29 02:30:00,17.1,17.3,70,68.0
2316,Balaghat,2023-10-30 01:45:00,18.2,17.1,69,70.0
2362,Balangir,2023-10-15 02:30:00,22.5,22.7,75,78.0
2363,Balangir,2023-10-16 02:30:00,21.3,22.5,70,75.0
2364,Balangir,2023-10-17 02:30:00,21.1,21.3,74,70.0
2365,Balangir,2023-10-18 02:30:00,21.8,21.1,79,74.0
2366,Balangir,2023-10-19 02:30:00,21.4,21.8,86,79.0
2367,Balangir,2023-10-20 02:30:00,21.2,21.4,87,86.0
2368,Balangir,2023-10-21 02:15:00,20.6,21.2,85,87.0
2369,Balangir,2023-10-22 02:30:00,19.2,20.6,76,85.0
2370,Balangir,2023-10-23 02:15:00,18.3,19.2,78,76.0
2371,Balangir,2023-10-24 02:15:00,18.4,18.3,85,78.0
2372,Balangir,2023-10-25 02:30:00,20.2,18.4,89,85.0
2373,Balangir,2023-10-26 02:00:00,19.4,20.2,81,89.0
2374,Balangir,2023-10-27 02:15:00,18.3,19.4,72,81.0
2375,Balangir,2023-10-28 02:00:00,17.9,18.3,73,72.0
2376,Balangir,2023-10-29 02:45:00,17.6,17.9,73,73.0
2377,Balangir,2023-10-30 02:00:00,18.0,17.6,78,73.0
2423,Baleshwar,2023-10-15 02:30:00,23.2,24.7,79,80.0
2424,Baleshwar,2023-10-16 02:30:00,22.7,23.2,72,79.0
2425,Baleshwar,2023-10-17 02:30:00,23.5,22.7,81,72.0
2426,Baleshwar,2023-10-18 02:30:00,23.6,23.5,80,81.0
2427,Baleshwar,2023-10-19 02:30:00,23.7,23.6,79,80.0
2428,Baleshwar,2023-10-20 02:30:00,22.8,23.7,81,79.0
2429,Baleshwar,2023-10-21 02:15:00,21.8,22.8,76,81.0
2430,Baleshwar,2023-10-22 02:30:00,20.9,21.8,72,76.0
2431,Baleshwar,2023-10-23 02:15:00,22.4,20.9,72,72.0
2432,Baleshwar,2023-10-24 02:15:00,21.9,22.4,94,72.0
2433,Baleshwar,2023-10-25 02:15:00,23.1,21.9,82,94.0
2434,Baleshwar,2023-10-26 02:00:00,23.0,23.1,82,82.0
2435,Baleshwar,2023-10-27 02:15:00,23.6,23.0,82,82.0
2436,Baleshwar,2023-10-28 02:00:00,24.7,23.6,72,82.0
2437,Baleshwar,2023-10-29 02:45:00,21.6,24.7,66,72.0
2438,Baleshwar,2023-10-30 02:00:00,20.9,21.6,71,66.0
2484,Ballia,2023-10-15 02:30:00,22.8,22.7,64,55.0
2485,Ballia,2023-10-16 02:30:00,23.5,22.8,72,64.0
2486,Ballia,2023-10-17 02:30:00,23.1,23.5,84,72.0
2487,Ballia,2023-10-18 02:30:00,22.2,23.1,81,84.0
2488,Ballia,2023-10-19 02:30:00,21.1,22.2,64,81.0
2489,Ballia,2023-10-20 02:30:00,21.1,21.1,52,64.0
2490,Ballia,2023-10-21 02:15:00,20.7,21.1,56,52.0
2491,Ballia,2023-10-22 02:30:00,21.0,20.7,61,56.0
2492,Ballia,2023-10-23 02:15:00,20.4,21.0,62,61.0
2493,Ballia,2023-10-24 02:15:00,20.9,20.4,61,62.0
2494,Ballia,2023-10-25 02:30:00,21.9,20.9,64,61.0
2495,Ballia,2023-10-26 02:00:00,20.8,21.9,56,64.0
2496,Ballia,2023-10-27 02:30:00,21.1,20.8,63,56.0
2497,Ballia,2023-10-28 02:00:00,21.3,21.1,54,63.0
2498,Ballia,2023-10-29 02:45:00,21.3,21.3,50,54.0
2499,Ballia,2023-10-30 02:00:00,21.0,21.3,53,50.0
2545,Balod,2023-10-15 02:30:00,22.1,22.2,70,71.0
2546,Balod,2023-10-16 02:30:00,21.9,22.1,70,70.0
2547,Balod,2023-10-17 02:30:00,20.9,21.9,71,70.0
2548,Balod,2023-10-18 02:30:00,21.6,20.9,72,71.0
2549,Balod,2023-10-19 02:15:00,20.8,21.6,83,72.0
2550,Balod,2023-10-20 02:30:00,20.8,20.8,87,83.0
2551,Balod,2023-10-21 02:15:00,19.7,20.8,86,87.0
2552,Balod,2023-10-22 02:15:00,18.0,19.7,71,86.0
2553,Balod,2023-10-23 02:15:00,17.2,18.0,72,71.0
2554,Balod,2023-10-24 02:15:00,17.0,17.2,78,72.0
2555,Balod,2023-10-25 02:15:00,17.6,17.0,75,78.0
2556,Balod,2023-10-26 02:00:00,17.9,17.6,68,75.0
2557,Balod,2023-10-27 02:15:00,17.1,17.9,65,68.0
2558,Balod,2023-10-28 02:00:00,17.6,17.1,70,65.0
2559,Balod,2023-10-29 02:30:00,17.3,17.6,74,70.0
2560,Balod,2023-10-30 01:45:00,17.9,17.3,76,74.0
2606,Baloda Bazar,2023-10-15 02:30:00,22.3,23.9,69,69.0
2607,Baloda Bazar,2023-10-16 02:30:00,22.4,22.3,71,69.0
2608,Baloda Bazar,2023-10-17 02:30:00,22.2,22.4,70,71.0
2609,Baloda Bazar,2023-10-18 02:30:00,21.4,22.2,81,70.0
2610,Baloda Bazar,2023-10-19 02:15:00,21.4,21.4,76,81.0
2611,Baloda Bazar,2023-10-20 02:30:00,21.6,21.4,73,76.0
2612,Baloda Bazar,2023-10-21 02:15:00,19.4,21.6,62,73.0
2613,Baloda Bazar,2023-10-22 02:15:00,19.0,19.4,68,62.0
2614,Baloda Bazar,2023-10-23 02:15:00,17.5,19.0,64,68.0
2615,Baloda Bazar,2023-10-24 02:15:00,17.8,17.5,66,64.0
2616,Baloda Bazar,2023-10-25 02:15:00,18.7,17.8,64,66.0
2617,Baloda Bazar,2023-10-26 02:00:00,18.6,18.7,62,64.0
2618,Baloda Bazar,2023-10-27 02:15:00,18.4,18.6,60,62.0
2619,Baloda Bazar,2023-10-28 02:00:00,18.2,18.4,61,60.0
2620,Baloda Bazar,2023-10-29 02:30:00,18.4,18.2,62,61.0
2621,Baloda Bazar,2023-10-30 01:45:00,19.0,18.4,64,62.0
2667,Balrampur,2023-10-15 02:30:00,22.1,21.5,65,65.0
2668,Balrampur,2023-10-16 02:30:00,22.5,22.1,75,65.0
2669,Balrampur,2023-10-17 02:30:00,20.5,22.5,88,75.0
2670,Balrampur,2023-10-18 02:30:00,20.3,20.5,78,88.0
2671,Balrampur,2023-10-19 02:15:00,19.1,20.3,73,78.0
2672,Balrampur,2023-10-20 02:30:00,18.9,19.1,62,73.0
2673,Balrampur,2023-10-21 02:15:00,18.7,18.9,54,62.0
2674,Balrampur,2023-10-22 02:15:00,19.8,18.7,60,54.0
2675,Balrampur,2023-10-23 02:15:00,20.1,19.8,70,60.0
2676,Balrampur,2023-10-24 02:15:00,20.6,20.1,66,70.0
2677,Balrampur,2023-10-25 02:15:00,21.2,20.6,67,66.0
2678,Balrampur,2023-10-26 02:00:00,20.6,21.2,66,67.0
2679,Balrampur,2023-10-27 02:15:00,20.3,20.6,63,66.0
2680,Balrampur,2023-10-28 02:00:00,20.2,20.3,55,63.0
2681,Balrampur,2023-10-29 02:30:00,20.6,20.2,52,55.0
2682,Balrampur,2023-10-30 01:45:00,20.4,20.6,56,52.0
2728,Banda,2023-10-15 02:30:00,26.1,25.6,44,43.0
2729,Banda,2023-10-16 02:30:00,26.3,26.1,43,44.0
2730,Banda,2023-10-17 02:30:00,21.2,26.3,81,43.0
2731,Banda,2023-10-18 02:30:00,23.3,21.2,70,81.0
2732,Banda,2023-10-19 02:30:00,23.5,23.3,50,70.0
2733,Banda,2023-10-20 02:30:00,22.6,23.5,45,50.0
2734,Banda,2023-10-21 02:15:00,22.1,22.6,47,45.0
2735,Banda,2023-10-22 02:30:00,21.5,22.1,45,47.0
2736,Banda,2023-10-23 02:15:00,21.4,21.5,52,45.0
2737,Banda,2023-10-24 02:15:00,21.6,21.4,50,52.0
2738,Banda,2023-10-25 02:30:00,21.8,21.6,48,50.0
2739,Banda,2023-10-26 02:00:00,22.1,21.8,45,48.0
2740,Banda,2023-10-27 02:30:00,21.6,22.1,36,45.0
2741,Banda,2023-10-28 02:00:00,21.6,21.6,37,36.0
2742,Banda,2023-10-29 02:45:00,22.2,21.6,39,37.0
2743,Banda,2023-10-30 02:00:00,22.3,22.2,39,39.0
2795,Bangalore,2023-10-15 02:30:00,23.0,22.0,89,83.0
2796,Bangalore,2023-10-16 02:30:00,24.0,23.0,83,89.0
2797,Bangalore,2023-10-17 02:15:00,23.0,24.0,89,83.0
2798,Bangalore,2023-10-17 02:30:00,23.0,23.0,89,89.0
2799,Bangalore,2023-10-18 02:30:00,22.0,23.0,83,89.0
2800,Bangalore,2023-10-19 02:15:00,22.0,22.0,83,83.0
2801,Bangalore,2023-10-20 02:30:00,23.0,22.0,83,83.0
2802,Bangalore,2023-10-21 02:15:00,23.0,23.0,83,83.0
2803,Bangalore,2023-10-22 02:15:00,23.0,23.0,83,83.0
2804,Bangalore,2023-10-23 02:15:00,22.0,23.0,78,83.0
2805,Bangalore,2023-10-24 02:15:00,19.0,22.0,73,78.0
2806,Bangalore,2023-10-25 02:15:00,20.0,19.0,68,73.0
2807,Bangalore,2023-10-26 02:00:00,22.0,20.0,61,68.0
2808,Bangalore,2023-10-27 02:15:00,22.0,22.0,83,61.0
2809,Bangalore,2023-10-28 02:00:00,22.0,22.0,88,83.0
2810,Bangalore,2023-10-29 02:45:00,23.0,22.0,89,88.0
2811,Bangalore,2023-10-30 01:45:00,22.0,23.0,88,89.0
2857,Banka,2023-10-15 02:30:00,22.0,23.3,73,71.0
2858,Banka,2023-10-16 02:30:00,23.6,22.0,69,73.0
2859,Banka,2023-10-17 02:15:00,23.5,23.6,75,69.0
2860,Banka,2023-10-18 02:30:00,23.1,23.5,78,75.0
2861,Banka,2023-10-19 02:15:00,21.6,23.1,80,78.0
2862,Banka,2023-10-20 02:30:00,21.0,21.6,73,80.0
2863,Banka,2023-10-21 02:15:00,20.2,21.0,71,73.0
2864,Banka,2023-10-22 02:15:00,19.8,20.2,70,71.0
2865,Banka,2023-10-23 02:00:00,20.3,19.8,68,70.0
2866,Banka,2023-10-24 02:15:00,21.8,20.3,82,68.0
2867,Banka,2023-10-25 02:15:00,22.0,21.8,86,82.0
2868,Banka,2023-10-26 02:00:00,21.2,22.0,84,86.0
2869,Banka,2023-10-27 02:15:00,20.6,21.2,61,84.0
2870,Banka,2023-10-28 02:00:00,20.5,20.6,64,61.0
2871,Banka,2023-10-29 02:30:00,20.7,20.5,56,64.0
2872,Banka,2023-10-30 01:45:00,21.2,20.7,68,56.0
2918,Bankura,2023-10-15 02:30:00,22.1,23.6,64,67.0
2919,Bankura,2023-10-16 02:30:00,22.6,22.1,69,64.0
2920,Bankura,2023-10-17 02:30:00,23.4,22.6,72,69.0
2921,Bankura,2023-10-18 02:30:00,23.4,23.4,76,72.0
2922,Bankura,2023-10-19 02:15:00,23.1,23.4,74,76.0
2923,Bankura,2023-10-20 02:30:00,22.2,23.1,70,74.0
2924,Bankura,2023-10-21 02:15:00,21.4,22.2,69,70.0
2925,Bankura,2023-10-22 02:15:00,20.5,21.4,65,69.0
2926,Bankura,2023-10-23 02:15:00,21.1,20.5,72,65.0
2927,Bankura,2023-10-24 02:15:00,22.5,21.1,79,72.0
2928,Bankura,2023-10-25 02:15:00,22.6,22.5,85,79.0
2929,Bankura,2023-10-26 02:00:00,24.2,22.6,70,85.0
2930,Bankura,2023-10-27 02:15:00,22.1,24.2,67,70.0
2931,Bankura,2023-10-28 02:00:00,21.7,22.1,51,67.0
2932,Bankura,2023-10-29 02:45:00,21.0,21.7,52,51.0
2933,Bankura,2023-10-30 02:00:00,20.5,21.0,63,52.0
2979,Banswara,2023-10-15 02:30:00,24.6,24.1,55,50.0
2980,Banswara,2023-10-16 02:30:00,23.2,24.6,66,55.0
2981,Banswara,2023-10-17 02:30:00,23.3,23.2,62,66.0
2982,Banswara,2023-10-18 02:30:00,22.1,23.3,62,62.0
2983,Banswara,2023-10-19 02:30:00,23.0,22.1,54,62.0
2984,Banswara,2023-10-20 02:30:00,22.5,23.0,51,54.0
2985,Banswara,2023-10-21 02:30:00,23.5,22.5,54,51.0
2986,Banswara,2023-10-22 02:30:00,23.0,23.5,55,54.0
2987,Banswara,2023-10-23 02:15:00,22.7,23.0,43,55.0
2988,Banswara,2023-10-24 02:15:00,23.2,22.7,40,43.0
2989,Banswara,2023-10-25 02:30:00,21.5,23.2,40,40.0
2990,Banswara,2023-10-26 02:00:00,21.2,21.5,34,40.0
2991,Banswara,2023-10-27 02:30:00,20.8,21.2,30,34.0
2992,Banswara,2023-10-28 02:00:00,20.4,20.8,37,30.0
2993,Banswara,2023-10-29 02:45:00,21.3,20.4,39,37.0
2994,Banswara,2023-10-30 02:00:00,21.3,21.3,41,39.0
3040,Bara Banki,2023-10-15 02:30:00,23.0,23.0,89,83.0
3041,Bara Banki,2023-10-16 02:30:00,23.0,23.0,89,89.0
3042,Bara Banki,2023-10-17 02:30:00,20.0,23.0,83,89.0
3043,Bara Banki,2023-10-18 02:30:00,20.0,20.0,88,83.0
3044,Bara Banki,2023-10-19 02:30:00,21.0,20.0,83,88.0
3045,Bara Banki,2023-10-20 02:30:00,19.0,21.0,83,83.0
3046,Bara Banki,2023-10-21 02:15:00,18.0,19.0,94,83.0
3047,Bara Banki,2023-10-22 02:30:00,18.0,18.0,83,94.0
3048,Bara Banki,2023-10-23 02:15:00,20.0,18.0,83,83.0
3049,Bara Banki,2023-10-24 02:15:00,19.0,20.0,88,83.0
3050,Bara Banki,2023-10-25 02:30:00,19.0,19.0,83,88.0
3051,Bara Banki,2023-10-26 02:00:00,22.0,19.0,69,83.0
3052,Bara Banki,2023-10-27 02:30:00,19.0,22.0,73,69.0
3053,Bara Banki,2023-10-28 02:00:00,19.0,19.0,73,73.0
3054,Bara Banki,2023-10-29 02:45:00,22.1,19.0,44,73.0
3055,Bara Banki,2023-10-30 02:00:00,19.0,22.1,83,44.0
3101,Baramula,2023-10-15 02:30:00,6.1,8.5,72,57.0
3102,Baramula,2023-10-16 02:30:00,5.9,6.1,72,72.0
3103,Baramula,2023-10-17 02:15:00,7.9,5.9,91,72.0
3104,Baramula,2023-10-18 02:15:00,1.8,7.9,84,91.0
3105,Baramula,2023-10-19 02:15:00,3.4,1.8,68,84.0
3106,Baramula,2023-10-20 02:15:00,4.1,3.4,59,68.0
3107,Baramula,2023-10-21 02:15:00,4.8,4.1,58,59.0
3108,Baramula,2023-10-22 02:15:00,5.6,4.8,62,58.0
3109,Baramula,2023-10-23 02:00:00,3.1,5.6,84,62.0
3110,Baramula,2023-10-24 02:15:00,4.1,3.1,65,84.0
3111,Baramula,2023-10-25 02:15:00,3.7,4.1,62,65.0
3112,Baramula,2023-10-26 02:00:00,4.4,3.7,54,62.0
3113,Baramula,2023-10-27 02:15:00,4.7,4.4,54,54.0
3114,Baramula,2023-10-28 02:00:00,5.1,4.7,55,54.0
3115,Baramula,2023-10-29 02:30:00,5.3,5.1,53,55.0
3116,Baramula,2023-10-30 01:45:00,6.2,5.3,49,53.0
3162,Baran,2023-10-15 02:30:00,26.9,26.0,35,45.0
3163,Baran,2023-10-16 02:30:00,26.4,26.9,42,35.0
3164,Baran,2023-10-17 02:30:00,20.8,26.4,79,42.0
3165,Baran,2023-10-18 02:30:00,24.0,20.8,62,79.0
3166,Baran,2023-10-19 02:30:00,22.9,24.0,59,62.0
3167,Baran,2023-10-20 02:30:00,22.4,22.9,47,59.0
3168,Baran,2023-10-21 02:30:00,22.8,22.4,46,47.0
3169,Baran,2023-10-22 02:30:00,23.2,22.8,43,46.0
3170,Baran,2023-10-23 02:15:00,22.9,23.2,48,43.0
3171,Baran,2023-10-24 02:15:00,22.7,22.9,40,48.0
3172,Baran,2023-10-25 02:30:00,21.8,22.7,37,40.0
3173,Baran,2023-10-26 02:00:00,22.2,21.8,39,37.0
3174,Baran,2023-10-27 02:30:00,21.8,22.2,38,39.0
3175,Baran,2023-10-28 02:00:00,21.4,21.8,32,38.0
3176,Baran,2023-10-29 02:45:00,22.5,21.4,39,32.0
3177,Baran,2023-10-30 02:00:00,22.9,22.5,42,39.0
3244,Barddhaman,2023-10-13 02:45:00,24.3,24.3,66,66.0
3245,Barddhaman,2023-10-14 02:30:00,24.3,24.3,62,66.0
3246,Barddhaman,2023-10-15 02:30:00,22.2,24.3,66,62.0
3247,Barddhaman,2023-10-16 02:30:00,22.3,22.2,70,66.0
3248,Barddhaman,2023-10-17 02:30:00,22.6,22.3,77,70.0
3249,Barddhaman,2023-10-18 02:30:00,23.0,22.6,74,77.0
3250,Barddhaman,2023-10-19 02:15:00,22.6,23.0,76,74.0
3251,Barddhaman,2023-10-19 02:30:00,22.6,22.6,76,76.0
3252,Barddhaman,2023-10-20 02:30:00,21.6,22.6,72,76.0
3253,Barddhaman,2023-10-21 02:15:00,20.8,21.6,76,72.0
3254,Barddhaman,2023-10-21 02:30:00,20.8,20.8,76,76.0
3255,Barddhaman,2023-10-22 02:15:00,20.6,20.8,72,76.0
3256,Barddhaman,2023-10-22 02:30:00,20.6,20.6,72,72.0
3257,Barddhaman,2023-10-23 02:15:00,21.6,20.6,76,72.0
3258,Barddhaman,2023-10-24 02:15:00,22.2,21.6,90,76.0
3259,Barddhaman,2023-10-25 02:15:00,22.4,22.2,89,90.0
3260,Barddhaman,2023-10-25 02:30:00,22.4,22.4,89,89.0
3261,Barddhaman,2023-10-26 02:00:00,25.2,22.4,69,89.0
3262,Barddhaman,2023-10-27 02:15:00,22.3,25.2,66,69.0
3263,Barddhaman,2023-10-27 02:30:00,22.3,22.3,66,66.0
3264,Barddhaman,2023-10-28 02:00:00,23.4,22.3,58,66.0
3265,Barddhaman,2023-10-29 02:45:00,20.4,23.4,61,58.0
3266,Barddhaman,2023-10-30 02:00:00,21.0,20.4,68,61.0
3312,Bareilly,2023-10-15 02:30:00,22.8,21.9,58,58.0
3313,Bareilly,2023-10-16 02:30:00,22.7,22.8,61,58.0
3314,Bareilly,2023-10-17 02:30:00,19.5,22.7,84,61.0
3315,Bareilly,2023-10-18 02:30:00,19.9,19.5,64,84.0
3316,Bareilly,2023-10-19 02:30:00,19.3,19.9,57,64.0
3317,Bareilly,2023-10-20 02:30:00,18.9,19.3,57,57.0
3318,Bareilly,2023-10-21 02:15:00,19.4,18.9,54,57.0
3319,Bareilly,2023-10-22 02:30:00,19.2,19.4,59,54.0
3320,Bareilly,2023-10-23 02:15:00,20.1,19.2,48,59.0
3321,Bareilly,2023-10-24 02:15:00,19.8,20.1,51,48.0
3322,Bareilly,2023-10-25 02:30:00,20.5,19.8,53,51.0
3323,Bareilly,2023-10-26 02:00:00,20.5,20.5,49,53.0
3324,Bareilly,2023-10-27 02:30:00,20.4,20.5,52,49.0
3325,Bareilly,2023-10-28 02:00:00,19.8,20.4,51,52.0
3326,Bareilly,2023-10-29 02:45:00,20.3,19.8,49,51.0
3327,Bareilly,2023-10-30 02:00:00,20.1,20.3,55,49.0
3373,Bargarh,2023-10-15 02:30:00,22.8,23.6,71,75.0
3374,Bargarh,2023-10-16 02:30:00,22.2,22.8,72,71.0
3375,Bargarh,2023-10-17 02:30:00,22.7,22.2,74,72.0
3376,Bargarh,2023-10-18 02:30:00,22.5,22.7,76,74.0
3377,Bargarh,2023-10-19 02:30:00,22.2,22.5,77,76.0
3378,Bargarh,2023-10-20 02:30:00,22.0,22.2,77,77.0
3379,Bargarh,2023-10-21 02:15:00,21.2,22.0,74,77.0
3380,Bargarh,2023-10-22 02:30:00,19.6,21.2,67,74.0
3381,Bargarh,2023-10-23 02:15:00,19.4,19.6,67,67.0
3382,Bargarh,2023-10-24 02:15:00,19.7,19.4,77,67.0
3383,Bargarh,2023-10-25 02:15:00,20.5,19.7,71,77.0
3384,Bargarh,2023-10-26 02:00:00,19.5,20.5,64,71.0
3385,Bargarh,2023-10-27 02:15:00,18.7,19.5,60,64.0
3386,Bargarh,2023-10-28 02:00:00,19.2,18.7,65,60.0
3387,Bargarh,2023-10-29 02:45:00,19.4,19.2,66,65.0
3388,Bargarh,2023-10-30 02:00:00,19.5,19.4,69,66.0
3434,Barmer,2023-10-15 02:30:00,27.6,28.5,35,47.0
3435,Barmer,2023-10-16 02:30:00,26.7,27.6,60,35.0
3436,Barmer,2023-10-17 02:30:00,26.8,26.7,60,60.0
3437,Barmer,2023-10-18 02:30:00,27.0,26.8,57,60.0
3438,Barmer,2023-10-19 02:30:00,26.7,27.0,44,57.0
3439,Barmer,2023-10-20 02:30:00,28.1,26.7,40,44.0
3440,Barmer,2023-10-21 02:15:00,28.3,28.1,28,40.0
3441,Barmer,2023-10-22 02:30:00,28.5,28.3,32,28.0
3442,Barmer,2023-10-23 02:15:00,28.7,28.5,32,32.0
3443,Barmer,2023-10-24 02:15:00,27.9,28.7,26,32.0
3444,Barmer,2023-10-25 02:30:00,27.9,27.9,32,26.0
3445,Barmer,2023-10-26 02:00:00,27.1,27.9,25,32.0
3446,Barmer,2023-10-27 02:15:00,27.1,27.1,35,25.0
3447,Barmer,2023-10-28 02:00:00,28.4,27.1,28,35.0
3448,Barmer,2023-10-29 02:45:00,26.8,28.4,32,28.0
3449,Barmer,2023-10-30 02:00:00,27.5,26.8,27,32.0
3495,Barnala,2023-10-15 02:30:00,24.0,23.2,44,38.0
3496,Barnala,2023-10-16 02:30:00,22.3,24.0,49,44.0
3497,Barnala,2023-10-17 02:30:00,18.6,22.3,83,49.0
3498,Barnala,2023-10-18 02:30:00,19.7,18.6,57,83.0
3499,Barnala,2023-10-19 02:15:00,19.4,19.7,51,57.0
3500,Barnala,2023-10-20 02:30:00,20.6,19.4,43,51.0
3501,Barnala,2023-10-21 02:15:00,20.3,20.6,35,43.0
3502,Barnala,2023-10-22 02:15:00,21.8,20.3,38,35.0
3503,Barnala,2023-10-23 02:15:00,21.3,21.8,45,38.0
3504,Barnala,2023-10-24 02:15:00,21.3,21.3,48,45.0
3505,Barnala,2023-10-25 02:15:00,21.4,21.3,42,48.0
3506,Barnala,2023-10-26 02:00:00,20.9,21.4,36,42.0
3507,Barnala,2023-10-27 02:15:00,20.5,20.9,36,36.0
3508,Barnala,2023-10-28 02:00:00,22.1,20.5,31,36.0
3509,Barnala,2023-10-29 02:45:00,22.3,22.1,34,31.0
3510,Barnala,2023-10-30 02:00:00,21.9,22.3,37,34.0
3556,Barpeta,2023-10-15 02:30:00,21.9,22.7,89,85.0
3557,Barpeta,2023-10-16 02:30:00,21.8,21.9,88,89.0
3558,Barpeta,2023-10-17 02:15:00,21.7,21.8,90,88.0
3559,Barpeta,2023-10-18 02:30:00,21.8,21.7,90,90.0
3560,Barpeta,2023-10-19 02:15:00,21.6,21.8,90,90.0
3561,Barpeta,2023-10-20 02:30:00,21.2,21.6,88,90.0
3562,Barpeta,2023-10-21 02:15:00,20.7,21.2,89,88.0
3563,Barpeta,2023-10-22 02:15:00,20.3,20.7,87,89.0
3564,Barpeta,2023-10-23 02:15:00,20.0,20.3,88,87.0
3565,Barpeta,2023-10-24 02:15:00,21.0,20.0,80,88.0
3566,Barpeta,2023-10-25 02:15:00,20.2,21.0,81,80.0
3567,Barpeta,2023-10-26 02:00:00,20.8,20.2,87,81.0
3568,Barpeta,2023-10-27 02:15:00,21.2,20.8,88,87.0
3569,Barpeta,2023-10-28 02:00:00,20.5,21.2,89,88.0
3570,Barpeta,2023-10-29 02:30:00,20.4,20.5,83,89.0
3571,Barpeta,2023-10-30 01:45:00,21.0,20.4,86,83.0
3617,Barwani,2023-10-15 02:30:00,26.3,26.4,47,50.0
3618,Barwani,2023-10-16 02:30:00,25.1,26.3,61,47.0
3619,Barwani,2023-10-17 02:15:00,24.2,25.1,57,61.0
3620,Barwani,2023-10-18 02:15:00,24.1,24.2,62,57.0
3621,Barwani,2023-10-19 02:15:00,24.1,24.1,55,62.0
3622,Barwani,2023-10-20 02:15:00,24.5,24.1,46,55.0
3623,Barwani,2023-10-21 02:00:00,24.6,24.5,49,46.0
3624,Barwani,2023-10-22 02:15:00,25.6,24.6,52,49.0
3625,Barwani,2023-10-23 02:00:00,24.9,25.6,45,52.0
3626,Barwani,2023-10-24 02:15:00,24.4,24.9,44,45.0
3627,Barwani,2023-10-25 02:15:00,23.7,24.4,45,44.0
3628,Barwani,2023-10-26 02:00:00,22.2,23.7,39,45.0
3629,Barwani,2023-10-27 02:15:00,22.1,22.2,38,39.0
3630,Barwani,2023-10-28 02:00:00,21.9,22.1,39,38.0
3631,Barwani,2023-10-29 02:30:00,21.9,21.9,37,39.0
3632,Barwani,2023-10-30 01:45:00,22.4,21.9,36,37.0
3678,Bastar,2023-10-15 02:30:00,20.2,19.6,72,74.0
3679,Bastar,2023-10-16 02:30:00,19.3,20.2,65,72.0
3680,Bastar,2023-10-17 02:30:00,18.8,19.3,73,65.0
3681,Bastar,2023-10-18 02:30:00,18.4,18.8,82,73.0
3682,Bastar,2023-10-19 02:15:00,19.2,18.4,87,82.0
3683,Bastar,2023-10-20 02:30:00,18.5,19.2,89,87.0
3684,Bastar,2023-10-21 02:15:00,18.2,18.5,91,89.0
3685,Bastar,2023-10-22 02:15:00,16.5,18.2,85,91.0
3686,Bastar,2023-10-23 02:15:00,15.7,16.5,85,85.0
3687,Bastar,2023-10-24 02:15:00,16.4,15.7,88,85.0
3688,Bastar,2023-10-25 02:15:00,17.8,16.4,92,88.0
3689,Bastar,2023-10-26 02:00:00,17.6,17.8,84,92.0
3690,Bastar,2023-10-27 02:15:00,16.2,17.6,75,84.0
3691,Bastar,2023-10-28 02:00:00,16.5,16.2,74,75.0
3692,Bastar,2023-10-29 02:30:00,16.6,16.5,77,74.0
3693,Bastar,2023-10-30 01:45:00,16.2,16.6,73,77.0
3739,Basti,2023-10-15 02:30:00,23.1,22.1,62,61.0
3740,Basti,2023-10-16 02:30:00,23.2,23.1,70,62.0
3741,Basti,2023-10-17 02:30:00,20.9,23.2,90,70.0
3742,Basti,2023-10-18 02:30:00,21.5,20.9,74,90.0
3743,Basti,2023-10-19 02:30:00,20.0,21.5,67,74.0
3744,Basti,2023-10-20 02:30:00,19.9,20.0,54,67.0
3745,Basti,2023-10-21 02:15:00,19.9,19.9,54,54.0
3746,Basti,2023-10-22 02:30:00,20.1,19.9,56,54.0
3747,Basti,2023-10-23 02:15:00,20.9,20.1,58,56.0
3748,Basti,2023-10-24 02:15:00,21.7,20.9,62,58.0
3749,Basti,2023-10-25 02:30:00,21.9,21.7,61,62.0
3750,Basti,2023-10-26 02:00:00,21.9,21.9,63,61.0
3751,Basti,2023-10-27 02:30:00,21.0,21.9,56,63.0
3752,Basti,2023-10-28 02:00:00,20.9,21.0,48,56.0
3753,Basti,2023-10-29 02:45:00,21.3,20.9,52,48.0
3754,Basti,2023-10-30 02:00:00,20.8,21.3,53,52.0
3800,Baudh,2023-10-15 02:30:00,20.8,21.4,75,81.0
3801,Baudh,2023-10-16 02:30:00,22.0,20.8,71,75.0
3802,Baudh,2023-10-17 02:30:00,22.0,22.0,71,71.0
3803,Baudh,2023-10-18 02:30:00,22.5,22.0,82,71.0
3804,Baudh,2023-10-19 02:30:00,22.0,22.5,88,82.0
3805,Baudh,2023-10-20 02:30:00,21.9,22.0,85,88.0
3806,Baudh,2023-10-21 02:15:00,21.7,21.9,82,85.0
3807,Baudh,2023-10-22 02:30:00,20.0,21.7,77,82.0
3808,Baudh,2023-10-23 02:15:00,18.5,20.0,71,77.0
3809,Baudh,2023-10-24 02:15:00,19.4,18.5,81,71.0
3810,Baudh,2023-10-25 02:15:00,19.1,19.4,88,81.0
3811,Baudh,2023-10-26 02:00:00,19.9,19.1,76,88.0
3812,Baudh,2023-10-27 02:15:00,19.3,19.9,69,76.0
3813,Baudh,2023-10-28 02:00:00,18.8,19.3,70,69.0
3814,Baudh,2023-10-29 02:45:00,19.2,18.8,70,70.0
3815,Baudh,2023-10-30 02:00:00,19.6,19.2,75,70.0
3861,Begusarai,2023-10-15 02:30:00,22.6,23.9,72,66.0
3862,Begusarai,2023-10-16 02:30:00,24.2,22.6,72,72.0
3863,Begusarai,2023-10-17 02:15:00,23.9,24.2,77,72.0
3864,Begusarai,2023-10-18 02:30:00,24.0,23.9,72,77.0
3865,Begusarai,2023-10-19 02:15:00,22.0,24.0,74,72.0
3866,Begusarai,2023-10-20 02:30:00,22.2,22.0,67,74.0
3867,Begusarai,2023-10-21 02:15:00,21.2,22.2,63,67.0
3868,Begusarai,2023-10-22 02:15:00,21.1,21.2,59,63.0
3869,Begusarai,2023-10-23 02:15:00,21.0,21.1,62,59.0
3870,Begusarai,2023-10-24 02:15:00,22.1,21.0,68,62.0
3871,Begusarai,2023-10-25 02:15:00,23.0,22.1,69,68.0
3872,Begusarai,2023-10-26 02:00:00,22.0,23.0,63,69.0
3873,Begusarai,2023-10-27 02:15:00,20.3,22.0,62,63.0
3874,Begusarai,2023-10-28 02:00:00,21.7,20.3,63,62.0
3875,Begusarai,2023-10-29 02:30:00,22.0,21.7,63,63.0
3876,Begusarai,2023-10-30 01:45:00,22.0,22.0,60,63.0
3922,Belgaum,2023-10-15 02:30:00,21.3,22.1,82,70.0
3923,Belgaum,2023-10-16 02:30:00,21.6,21.3,82,82.0
3924,Belgaum,2023-10-17 02:30:00,22.7,21.6,73,82.0
3925,Belgaum,2023-10-18 02:30:00,22.2,22.7,79,73.0
3926,Belgaum,2023-10-19 02:30:00,23.3,22.2,61,79.0
3927,Belgaum,2023-10-20 02:30:00,22.3,23.3,64,61.0
3928,Belgaum,2023-10-21 02:15:00,22.4,22.3,73,64.0
3929,Belgaum,2023-10-22 02:30:00,23.4,22.4,67,73.0
3930,Belgaum,2023-10-23 02:15:00,20.6,23.4,70,67.0
3931,Belgaum,2023-10-24 02:15:00,20.5,20.6,59,70.0
3932,Belgaum,2023-10-25 02:15:00,20.0,20.5,66,59.0
3933,Belgaum,2023-10-26 02:00:00,19.7,20.0,54,66.0
3934,Belgaum,2023-10-27 02:15:00,18.7,19.7,52,54.0
3935,Belgaum,2023-10-28 02:00:00,18.8,18.7,49,52.0
3936,Belgaum,2023-10-29 02:45:00,21.2,18.8,53,49.0
3937,Belgaum,2023-10-30 02:00:00,22.2,21.2,80,53.0
3983,Bellary,2023-10-15 02:30:00,25.7,24.3,51,55.0
3984,Bellary,2023-10-16 02:30:00,26.1,25.7,54,51.0
3985,Bellary,2023-10-17 02:30:00,25.7,26.1,62,54.0
3986,Bellary,2023-10-18 02:30:00,25.3,25.7,49,62.0
3987,Bellary,2023-10-19 02:15:00,23.1,25.3,66,49.0
3988,Bellary,2023-10-20 02:30:00,24.0,23.1,69,66.0
3989,Bellary,2023-10-21 02:15:00,23.4,24.0,73,69.0
3990,Bellary,2023-10-22 02:15:00,23.1,23.4,76,73.0
3991,Bellary,2023-10-23 02:15:00,21.5,23.1,57,76.0
3992,Bellary,2023-10-24 02:15:00,20.8,21.5,58,57.0
3993,Bellary,2023-10-25 02:15:00,20.4,20.8,56,58.0
3994,Bellary,2023-10-26 02:00:00,20.2,20.4,56,56.0
3995,Bellary,2023-10-27 02:15:00,19.7,20.2,58,56.0
3996,Bellary,2023-10-28 02:00:00,21.4,19.7,60,58.0
3997,Bellary,2023-10-29 02:45:00,23.8,21.4,78,60.0
3998,Bellary,2023-10-30 02:00:00,22.7,23.8,83,78.0
4044,Betul,2023-10-15 02:30:00,23.7,22.6,52,55.0
4045,Betul,2023-10-16 02:30:00,22.1,23.7,62,52.0
4046,Betul,2023-10-17 02:15:00,20.8,22.1,72,62.0
4047,Betul,2023-10-18 02:15:00,22.3,20.8,66,72.0
4048,Betul,2023-10-19 02:15:00,21.0,22.3,66,66.0
4049,Betul,2023-10-20 02:15:00,21.2,21.0,70,66.0
4050,Betul,2023-10-21 02:00:00,21.3,21.2,55,70.0
4051,Betul,2023-10-22 02:15:00,20.7,21.3,50,55.0
4052,Betul,2023-10-23 02:00:00,20.0,20.7,53,50.0
4053,Betul,2023-10-24 02:15:00,19.7,20.0,59,53.0
4054,Betul,2023-10-25 02:15:00,18.4,19.7,58,59.0
4055,Betul,2023-10-26 02:00:00,18.8,18.4,48,58.0
4056,Betul,2023-10-27 02:15:00,18.8,18.8,50,48.0
4057,Betul,2023-10-28 02:00:00,18.9,18.8,46,50.0
4058,Betul,2023-10-29 02:30:00,18.7,18.9,48,46.0
4059,Betul,2023-10-30 01:45:00,19.4,18.7,48,48.0
4105,Bhabua,2023-10-15 02:30:00,21.6,21.2,60,55.0
4106,Bhabua,2023-10-16 02:30:00,22.1,21.6,69,60.0
4107,Bhabua,2023-10-17 02:15:00,21.8,22.1,82,69.0
4108,Bhabua,2023-10-18 02:30:00,22.2,21.8,78,82.0
4109,Bhabua,2023-10-19 02:15:00,20.5,22.2,77,78.0
4110,Bhabua,2023-10-20 02:30:00,20.0,20.5,72,77.0
4111,Bhabua,2023-10-21 02:15:00,19.6,20.0,63,72.0
4112,Bhabua,2023-10-22 02:15:00,19.8,19.6,64,63.0
4113,Bhabua,2023-10-23 02:15:00,19.0,19.8,67,64.0
4114,Bhabua,2023-10-24 02:15:00,19.5,19.0,69,67.0
4115,Bhabua,2023-10-25 02:15:00,20.4,19.5,69,69.0
4116,Bhabua,2023-10-26 02:00:00,19.2,20.4,57,69.0
4117,Bhabua,2023-10-27 02:15:00,19.7,19.2,61,57.0
4118,Bhabua,2023-10-28 02:00:00,19.6,19.7,55,61.0
4119,Bhabua,2023-10-29 02:30:00,19.7,19.6,56,55.0
4120,Bhabua,2023-10-30 01:45:00,20.2,19.7,58,56.0
4166,Bhadohi,2023-10-15 02:30:00,23.5,22.6,51,50.0
4167,Bhadohi,2023-10-16 02:30:00,23.8,23.5,55,51.0
4168,Bhadohi,2023-10-17 02:30:00,23.2,23.8,68,55.0
4169,Bhadohi,2023-10-18 02:30:00,21.7,23.2,83,68.0
4170,Bhadohi,2023-10-19 02:30:00,21.5,21.7,59,83.0
4171,Bhadohi,2023-10-20 02:30:00,20.9,21.5,57,59.0
4172,Bhadohi,2023-10-21 02:15:00,20.9,20.9,58,57.0
4173,Bhadohi,2023-10-22 02:30:00,19.9,20.9,53,58.0
4174,Bhadohi,2023-10-23 02:15:00,19.6,19.9,53,53.0
4175,Bhadohi,2023-10-24 02:15:00,19.9,19.6,56,53.0
4176,Bhadohi,2023-10-25 02:30:00,20.3,19.9,52,56.0
4177,Bhadohi,2023-10-26 02:00:00,20.4,20.3,55,52.0
4178,Bhadohi,2023-10-27 02:30:00,20.5,20.4,53,55.0
4179,Bhadohi,2023-10-28 02:00:00,19.8,20.5,47,53.0
4180,Bhadohi,2023-10-29 02:45:00,20.2,19.8,49,47.0
4181,Bhadohi,2023-10-30 02:00:00,20.3,20.2,51,49.0
4227,Bhadrak,2023-10-15 02:30:00,23.5,25.1,82,80.0
4228,Bhadrak,2023-10-16 02:30:00,22.7,23.5,83,82.0
4229,Bhadrak,2023-10-17 02:30:00,23.3,22.7,83,83.0
4230,Bhadrak,2023-10-18 02:30:00,23.3,23.3,83,83.0
4231,Bhadrak,2023-10-19 02:30:00,23.3,23.3,80,83.0
4232,Bhadrak,2023-10-20 02:30:00,22.8,23.3,82,80.0
4233,Bhadrak,2023-10-21 02:15:00,22.1,22.8,76,82.0
4234,Bhadrak,2023-10-22 02:30:00,21.4,22.1,72,76.0
4235,Bhadrak,2023-10-23 02:15:00,22.4,21.4,70,72.0
4236,Bhadrak,2023-10-24 02:15:00,22.5,22.4,88,70.0
4237,Bhadrak,2023-10-25 02:30:00,23.0,22.5,82,88.0
4238,Bhadrak,2023-10-26 02:00:00,23.0,23.0,90,82.0
4239,Bhadrak,2023-10-27 02:15:00,22.6,23.0,84,90.0
4240,Bhadrak,2023-10-28 02:00:00,21.6,22.6,84,84.0
4241,Bhadrak,2023-10-29 02:45:00,21.2,21.6,71,84.0
4242,Bhadrak,2023-10-30 02:00:00,21.1,21.2,73,71.0
4288,Bhagalpur,2023-10-15 02:30:00,22.6,23.4,72,73.0
4289,Bhagalpur,2023-10-16 02:30:00,24.3,22.6,68,72.0
4290,Bhagalpur,2023-10-17 02:15:00,23.8,24.3,75,68.0
4291,Bhagalpur,2023-10-18 02:15:00,24.1,23.8,74,75.0
4292,Bhagalpur,2023-10-19 02:15:00,22.2,24.1,74,74.0
4293,Bhagalpur,2023-10-20 02:30:00,21.9,22.2,71,74.0
4294,Bhagalpur,2023-10-21 02:15:00,21.1,21.9,66,71.0
4295,Bhagalpur,2023-10-22 02:15:00,20.9,21.1,65,66.0
4296,Bhagalpur,2023-10-23 02:00:00,21.2,20.9,64,65.0
4297,Bhagalpur,2023-10-24 02:15:00,22.1,21.2,80,64.0
4298,Bhagalpur,2023-10-25 02:15:00,22.8,22.1,76,80.0
4299,Bhagalpur,2023-10-26 02:00:00,22.0,22.8,77,76.0
4300,Bhagalpur,2023-10-27 02:15:00,21.1,22.0,57,77.0
4301,Bhagalpur,2023-10-28 02:00:00,20.8,21.1,57,57.0
4302,Bhagalpur,2023-10-29 02:30:00,21.4,20.8,53,57.0
4303,Bhagalpur,2023-10-30 01:45:00,22.0,21.4,66,53.0
4349,Bhandara,2023-10-15 02:30:00,24.7,24.5,64,64.0
4350,Bhandara,2023-10-16 02:30:00,25.1,24.7,64,64.0
4351,Bhandara,2023-10-17 02:30:00,22.3,25.1,74,64.0
4352,Bhandara,2023-10-18 02:30:00,22.1,22.3,74,74.0
4353,Bhandara,2023-10-19 02:30:00,21.6,22.1,73,74.0
4354,Bhandara,2023-10-20 02:30:00,21.2,21.6,83,73.0
4355,Bhandara,2023-10-21 02:15:00,19.9,21.2,80,83.0
4356,Bhandara,2023-10-22 02:30:00,19.3,19.9,67,80.0
4357,Bhandara,2023-10-23 02:15:00,18.7,19.3,67,67.0
4358,Bhandara,2023-10-24 02:15:00,17.9,18.7,64,67.0
4359,Bhandara,2023-10-25 02:15:00,18.1,17.9,64,64.0
4360,Bhandara,2023-10-26 02:00:00,17.9,18.1,59,64.0
4361,Bhandara,2023-10-27 02:15:00,17.4,17.9,54,59.0
4362,Bhandara,2023-10-28 02:00:00,18.4,17.4,62,54.0
4363,Bhandara,2023-10-29 02:45:00,18.3,18.4,63,62.0
4364,Bhandara,2023-10-30 02:00:00,18.4,18.3,64,63.0
4410,Bharatpur,2023-10-15 02:30:00,28.8,27.3,33,36.0
4411,Bharatpur,2023-10-16 02:30:00,27.5,28.8,40,33.0
4412,Bharatpur,2023-10-17 02:30:00,21.6,27.5,74,40.0
4413,Bharatpur,2023-10-18 02:30:00,23.7,21.6,61,74.0
4414,Bharatpur,2023-10-19 02:30:00,23.5,23.7,43,61.0
4415,Bharatpur,2023-10-20 02:30:00,23.5,23.5,38,43.0
4416,Bharatpur,2023-10-21 02:15:00,23.5,23.5,44,38.0
4417,Bharatpur,2023-10-22 02:30:00,23.3,23.5,44,44.0
4418,Bharatpur,2023-10-23 02:15:00,23.7,23.3,34,44.0
4419,Bharatpur,2023-10-24 02:15:00,23.1,23.7,39,34.0
4420,Bharatpur,2023-10-25 02:30:00,22.7,23.1,40,39.0
4421,Bharatpur,2023-10-26 02:00:00,23.0,22.7,36,40.0
4422,Bharatpur,2023-10-27 02:15:00,22.5,23.0,27,36.0
4423,Bharatpur,2023-10-28 02:00:00,22.3,22.5,25,27.0
4424,Bharatpur,2023-10-29 02:45:00,23.4,22.3,39,25.0
4425,Bharatpur,2023-10-30 02:00:00,23.9,23.4,40,39.0
4471,Bharuch,2023-10-15 02:30:00,28.4,28.8,56,58.0
4472,Bharuch,2023-10-16 02:30:00,26.2,28.4,68,56.0
4473,Bharuch,2023-10-17 02:15:00,26.7,26.2,65,68.0
4474,Bharuch,2023-10-18 02:15:00,26.4,26.7,58,65.0
4475,Bharuch,2023-10-19 02:15:00,25.6,26.4,56,58.0
4476,Bharuch,2023-10-20 02:30:00,25.0,25.6,47,56.0
4477,Bharuch,2023-10-21 02:15:00,25.8,25.0,50,47.0
4478,Bharuch,2023-10-22 02:15:00,25.8,25.8,44,50.0
4479,Bharuch,2023-10-23 02:00:00,26.0,25.8,39,44.0
4480,Bharuch,2023-10-24 02:15:00,25.2,26.0,43,39.0
4481,Bharuch,2023-10-25 02:15:00,24.7,25.2,37,43.0
4482,Bharuch,2023-10-26 02:00:00,25.0,24.7,35,37.0
4483,Bharuch,2023-10-27 02:15:00,24.4,25.0,39,35.0
4484,Bharuch,2023-10-28 02:00:00,24.1,24.4,36,39.0
4485,Bharuch,2023-10-29 02:30:00,24.7,24.1,37,36.0
4486,Bharuch,2023-10-30 01:45:00,25.2,24.7,35,37.0
4532,Bhavnagar,2023-10-15 02:30:00,29.0,29.3,61,61.0
4533,Bhavnagar,2023-10-16 02:30:00,27.8,29.0,64,61.0
4534,Bhavnagar,2023-10-17 02:15:00,28.3,27.8,60,64.0
4535,Bhavnagar,2023-10-18 02:15:00,29.0,28.3,57,60.0
4536,Bhavnagar,2023-10-19 02:15:00,28.6,29.0,52,57.0
4537,Bhavnagar,2023-10-20 02:30:00,28.7,28.6,52,52.0
4538,Bhavnagar,2023-10-21 02:15:00,29.2,28.7,51,52.0
4539,Bhavnagar,2023-10-22 02:15:00,28.6,29.2,49,51.0
4540,Bhavnagar,2023-10-23 02:00:00,28.6,28.6,51,49.0
4541,Bhavnagar,2023-10-24 02:15:00,28.3,28.6,43,51.0
4542,Bhavnagar,2023-10-25 02:15:00,28.6,28.3,43,43.0
4543,Bhavnagar,2023-10-26 02:00:00,28.6,28.6,41,43.0
4544,Bhavnagar,2023-10-27 02:15:00,27.6,28.6,39,41.0
4545,Bhavnagar,2023-10-28 02:00:00,27.8,27.6,46,39.0
4546,Bhavnagar,2023-10-29 02:30:00,28.0,27.8,44,46.0
4547,Bhavnagar,2023-10-30 01:45:00,28.1,28.0,45,44.0
4593,Bhilwara,2023-10-15 02:30:00,24.4,25.3,46,47.0
4594,Bhilwara,2023-10-16 02:30:00,24.2,24.4,51,46.0
4595,Bhilwara,2023-10-17 02:30:00,21.8,24.2,66,51.0
4596,Bhilwara,2023-10-18 02:30:00,22.2,21.8,65,66.0
4597,Bhilwara,2023-10-19 02:30:00,22.8,22.2,54,65.0
4598,Bhilwara,2023-10-20 02:30:00,22.3,22.8,46,54.0
4599,Bhilwara,2023-10-21 02:15:00,23.0,22.3,43,46.0
4600,Bhilwara,2023-10-22 02:30:00,23.8,23.0,35,43.0
4601,Bhilwara,2023-10-23 02:15:00,24.0,23.8,36,35.0
4602,Bhilwara,2023-10-24 02:15:00,22.3,24.0,40,36.0
4603,Bhilwara,2023-10-25 02:30:00,22.1,22.3,31,40.0
4604,Bhilwara,2023-10-26 02:00:00,22.0,22.1,34,31.0
4605,Bhilwara,2023-10-27 02:15:00,21.6,22.0,30,34.0
4606,Bhilwara,2023-10-28 02:00:00,22.2,21.6,28,30.0
4607,Bhilwara,2023-10-29 02:45:00,22.9,22.2,29,28.0
4608,Bhilwara,2023-10-30 02:00:00,22.3,22.9,37,29.0
4654,Bhind,2023-10-15 02:30:00,28.0,25.9,36,36.0
4655,Bhind,2023-10-16 02:30:00,27.0,28.0,44,36.0
4656,Bhind,2023-10-17 02:15:00,21.6,27.0,72,44.0
4657,Bhind,2023-10-18 02:15:00,22.9,21.6,63,72.0
4658,Bhind,2023-10-19 02:15:00,23.6,22.9,46,63.0
4659,Bhind,2023-10-20 02:15:00,22.5,23.6,44,46.0
4660,Bhind,2023-10-21 02:00:00,22.1,22.5,45,44.0
4661,Bhind,2023-10-22 02:15:00,22.0,22.1,45,45.0
4662,Bhind,2023-10-23 02:00:00,22.3,22.0,42,45.0
4663,Bhind,2023-10-24 02:15:00,21.8,22.3,45,42.0
4664,Bhind,2023-10-25 02:15:00,21.8,21.8,47,45.0
4665,Bhind,2023-10-26 02:00:00,22.1,21.8,37,47.0
4666,Bhind,2023-10-27 02:15:00,21.8,22.1,34,37.0
4667,Bhind,2023-10-28 02:00:00,21.8,21.8,35,34.0
4668,Bhind,2023-10-29 02:30:00,22.8,21.8,32,35.0
4669,Bhind,2023-10-30 01:45:00,23.3,22.8,36,32.0
4715,Bhiwani,2023-10-15 02:30:00,26.6,26.4,31,28.0
4716,Bhiwani,2023-10-16 02:30:00,26.2,26.6,39,31.0
4717,Bhiwani,2023-10-17 02:15:00,19.7,26.2,77,39.0
4718,Bhiwani,2023-10-18 02:30:00,23.4,19.7,54,77.0
4719,Bhiwani,2023-10-19 02:15:00,21.9,23.4,42,54.0
4720,Bhiwani,2023-10-20 02:30:00,22.8,21.9,44,42.0
4721,Bhiwani,2023-10-21 02:15:00,23.6,22.8,47,44.0
4722,Bhiwani,2023-10-22 02:15:00,23.4,23.6,28,47.0
4723,Bhiwani,2023-10-23 02:15:00,23.4,23.4,38,28.0
4724,Bhiwani,2023-10-24 02:15:00,22.5,23.4,42,38.0
4725,Bhiwani,2023-10-25 02:15:00,23.2,22.5,40,42.0
4726,Bhiwani,2023-10-26 02:00:00,22.9,23.2,33,40.0
4727,Bhiwani,2023-10-27 02:15:00,22.2,22.9,27,33.0
4728,Bhiwani,2023-10-28 02:00:00,23.6,22.2,29,27.0
4729,Bhiwani,2023-10-29 02:30:00,24.7,23.6,28,29.0
4730,Bhiwani,2023-10-30 01:45:00,24.7,24.7,33,28.0
4776,Bhojpur,2023-10-15 02:30:00,20.9,21.8,72,75.0
4777,Bhojpur,2023-10-16 02:30:00,20.4,20.9,67,72.0
4778,Bhojpur,2023-10-17 02:15:00,20.4,20.4,71,67.0
4779,Bhojpur,2023-10-18 02:30:00,20.8,20.4,81,71.0
4780,Bhojpur,2023-10-19 02:15:00,20.3,20.8,81,81.0
4781,Bhojpur,2023-10-20 02:30:00,20.0,20.3,81,81.0
4782,Bhojpur,2023-10-21 02:15:00,19.1,20.0,78,81.0
4783,Bhojpur,2023-10-22 02:15:00,17.6,19.1,69,78.0
4784,Bhojpur,2023-10-23 02:15:00,18.3,17.6,69,69.0
4785,Bhojpur,2023-10-24 02:15:00,19.0,18.3,76,69.0
4786,Bhojpur,2023-10-25 02:15:00,21.2,19.0,78,76.0
4787,Bhojpur,2023-10-26 02:00:00,18.7,21.2,72,78.0
4788,Bhojpur,2023-10-27 02:15:00,17.0,18.7,62,72.0
4789,Bhojpur,2023-10-28 02:00:00,17.3,17.0,67,62.0
4790,Bhojpur,2023-10-29 02:30:00,17.9,17.3,72,67.0
4791,Bhojpur,2023-10-30 01:45:00,18.1,17.9,70,72.0
4837,Bhopal,2023-10-15 02:30:00,23.8,22.9,46,51.0
4838,Bhopal,2023-10-16 02:30:00,24.2,23.8,51,46.0
4839,Bhopal,2023-10-17 02:15:00,21.7,24.2,68,51.0
4840,Bhopal,2023-10-18 02:15:00,23.0,21.7,69,68.0
4841,Bhopal,2023-10-19 02:15:00,22.1,23.0,61,69.0
4842,Bhopal,2023-10-20 02:15:00,21.8,22.1,57,61.0
4843,Bhopal,2023-10-21 02:00:00,21.0,21.8,49,57.0
4844,Bhopal,2023-10-22 02:15:00,21.1,21.0,40,49.0
4845,Bhopal,2023-10-23 02:00:00,20.6,21.1,53,40.0
4846,Bhopal,2023-10-24 02:00:00,20.0,20.6,51,53.0
4847,Bhopal,2023-10-25 02:15:00,19.7,20.0,45,51.0
4848,Bhopal,2023-10-26 02:00:00,20.1,19.7,38,45.0
4849,Bhopal,2023-10-27 02:15:00,19.9,20.1,39,38.0
4850,Bhopal,2023-10-28 01:45:00,19.4,19.9,37,39.0
4851,Bhopal,2023-10-29 02:30:00,19.6,19.4,38,37.0
4852,Bhopal,2023-10-30 01:45:00,20.0,19.6,60,38.0
4898,Bid,2023-10-15 02:30:00,23.4,23.3,52,54.0
4899,Bid,2023-10-16 02:30:00,25.2,23.4,49,52.0
4900,Bid,2023-10-17 02:30:00,23.5,25.2,57,49.0
4901,Bid,2023-10-18 02:30:00,22.4,23.5,65,57.0
4902,Bid,2023-10-19 02:30:00,23.2,22.4,64,65.0
4903,Bid,2023-10-20 02:30:00,22.9,23.2,68,64.0
4904,Bid,2023-10-21 02:15:00,22.4,22.9,68,68.0
4905,Bid,2023-10-22 02:30:00,21.9,22.4,59,68.0
4906,Bid,2023-10-23 02:15:00,21.3,21.9,56,59.0
4907,Bid,2023-10-24 02:15:00,20.7,21.3,56,56.0
4908,Bid,2023-10-25 02:15:00,20.4,20.7,56,56.0
4909,Bid,2023-10-26 02:00:00,19.0,20.4,53,56.0
4910,Bid,2023-10-27 02:15:00,18.3,19.0,52,53.0
4911,Bid,2023-10-28 02:00:00,19.1,18.3,54,52.0
4912,Bid,2023-10-29 02:45:00,19.0,19.1,52,54.0
4913,Bid,2023-10-30 02:00:00,19.3,19.0,50,52.0
4959,Bidar,2023-10-15 02:30:00,23.1,22.3,67,74.0
4960,Bidar,2023-10-16 02:30:00,22.3,23.1,66,67.0
4961,Bidar,2023-10-17 02:30:00,21.9,22.3,71,66.0
4962,Bidar,2023-10-18 02:30:00,21.5,21.9,74,71.0
4963,Bidar,2023-10-19 02:15:00,21.9,21.5,69,74.0
4964,Bidar,2023-10-20 02:30:00,22.1,21.9,74,69.0
4965,Bidar,2023-10-21 02:15:00,21.0,22.1,80,74.0
4966,Bidar,2023-10-22 02:15:00,20.4,21.0,73,80.0
4967,Bidar,2023-10-23 02:15:00,19.5,20.4,64,73.0
4968,Bidar,2023-10-24 02:15:00,19.6,19.5,67,64.0
4969,Bidar,2023-10-25 02:15:00,19.5,19.6,59,67.0
4970,Bidar,2023-10-26 02:00:00,19.0,19.5,57,59.0
4971,Bidar,2023-10-27 02:15:00,18.3,19.0,59,57.0
4972,Bidar,2023-10-28 02:00:00,18.4,18.3,59,59.0
4973,Bidar,2023-10-29 02:45:00,19.1,18.4,66,59.0
4974,Bidar,2023-10-30 02:00:00,19.9,19.1,69,66.0
5020,Bijapur,2023-10-15 02:30:00,25.4,24.8,49,54.0
5021,Bijapur,2023-10-16 02:30:00,26.7,25.4,51,49.0
5022,Bijapur,2023-10-17 02:30:00,27.2,26.7,50,51.0
5023,Bijapur,2023-10-18 02:30:00,25.6,27.2,58,50.0
5024,Bijapur,2023-10-19 02:15:00,25.1,25.6,54,58.0
5025,Bijapur,2023-10-20 02:30:00,25.7,25.1,49,54.0
5026,Bijapur,2023-10-21 02:15:00,25.0,25.7,58,49.0
5027,Bijapur,2023-10-22 02:15:00,25.3,25.0,57,58.0
5028,Bijapur,2023-10-23 02:15:00,23.3,25.3,51,57.0
5029,Bijapur,2023-10-24 02:15:00,23.4,23.3,52,51.0
5030,Bijapur,2023-10-25 02:15:00,22.7,23.4,50,52.0
5031,Bijapur,2023-10-26 02:00:00,22.1,22.7,52,50.0
5032,Bijapur,2023-10-27 02:15:00,21.6,22.1,48,52.0
5033,Bijapur,2023-10-28 02:00:00,21.5,21.6,48,48.0
5034,Bijapur,2023-10-29 02:30:00,22.6,21.5,47,48.0
5035,Bijapur,2023-10-30 01:45:00,24.9,22.6,54,47.0
5081,Bijnor,2023-10-15 02:30:00,22.6,21.6,53,54.0
5082,Bijnor,2023-10-16 02:30:00,22.3,22.6,55,53.0
5083,Bijnor,2023-10-17 02:30:00,18.9,22.3,81,55.0
5084,Bijnor,2023-10-18 02:30:00,19.4,18.9,62,81.0
5085,Bijnor,2023-10-19 02:30:00,18.5,19.4,54,62.0
5086,Bijnor,2023-10-20 02:30:00,18.7,18.5,55,54.0
5087,Bijnor,2023-10-21 02:15:00,19.2,18.7,53,55.0
5088,Bijnor,2023-10-22 02:30:00,18.6,19.2,58,53.0
5089,Bijnor,2023-10-23 02:15:00,19.6,18.6,57,58.0
5090,Bijnor,2023-10-24 02:15:00,19.0,19.6,48,57.0
5091,Bijnor,2023-10-25 02:30:00,19.6,19.0,50,48.0
5092,Bijnor,2023-10-26 02:00:00,19.9,19.6,46,50.0
5093,Bijnor,2023-10-27 02:30:00,19.6,19.9,48,46.0
5094,Bijnor,2023-10-28 02:00:00,19.3,19.6,47,48.0
5095,Bijnor,2023-10-29 02:45:00,19.2,19.3,48,47.0
5096,Bijnor,2023-10-30 02:00:00,19.2,19.2,55,48.0
5142,Bikaner,2023-10-15 02:30:00,28.8,28.7,41,29.0
5143,Bikaner,2023-10-16 02:30:00,28.2,28.8,37,41.0
5144,Bikaner,2023-10-17 02:30:00,25.3,28.2,51,37.0
5145,Bikaner,2023-10-18 02:30:00,24.3,25.3,57,51.0
5146,Bikaner,2023-10-19 02:30:00,25.4,24.3,47,57.0
5147,Bikaner,2023-10-20 02:30:00,26.3,25.4,39,47.0
5148,Bikaner,2023-10-21 02:15:00,26.7,26.3,35,39.0
5149,Bikaner,2023-10-22 02:30:00,27.2,26.7,36,35.0
5150,Bikaner,2023-10-23 02:15:00,26.5,27.2,37,36.0
5151,Bikaner,2023-10-24 02:15:00,25.5,26.5,34,37.0
5152,Bikaner,2023-10-25 02:30:00,26.2,25.5,36,34.0
5153,Bikaner,2023-10-26 02:00:00,26.5,26.2,35,36.0
5154,Bikaner,2023-10-27 02:15:00,27.1,26.5,23,35.0
5155,Bikaner,2023-10-28 02:00:00,27.0,27.1,21,23.0
5156,Bikaner,2023-10-29 02:45:00,28.2,27.0,26,21.0
5157,Bikaner,2023-10-30 02:00:00,27.6,28.2,25,26.0
5203,Bilaspur,2023-10-15 02:30:00,22.3,23.5,66,66.0
5204,Bilaspur,2023-10-16 02:30:00,22.1,22.3,72,66.0
5205,Bilaspur,2023-10-17 02:15:00,22.0,22.1,70,72.0
5206,Bilaspur,2023-10-18 02:15:00,21.1,22.0,77,70.0
5207,Bilaspur,2023-10-19 02:15:00,20.9,21.1,76,77.0
5208,Bilaspur,2023-10-20 02:15:00,20.7,20.9,73,76.0
5209,Bilaspur,2023-10-21 02:15:00,19.0,20.7,61,73.0
5210,Bilaspur,2023-10-22 02:15:00,18.6,19.0,66,61.0
5211,Bilaspur,2023-10-23 02:00:00,17.5,18.6,59,66.0
5212,Bilaspur,2023-10-24 02:15:00,17.4,17.5,66,59.0
5213,Bilaspur,2023-10-25 02:15:00,18.0,17.4,62,66.0
5214,Bilaspur,2023-10-26 02:00:00,18.3,18.0,59,62.0
5215,Bilaspur,2023-10-27 02:15:00,17.8,18.3,62,59.0
5216,Bilaspur,2023-10-28 02:00:00,17.8,17.8,62,62.0
5217,Bilaspur,2023-10-29 02:30:00,17.8,17.8,62,62.0
5218,Bilaspur,2023-10-30 01:45:00,18.4,17.8,64,62.0
5264,Bishnupur,2023-10-15 02:30:00,27.0,26.0,84,74.0
5265,Bishnupur,2023-10-16 02:30:00,26.0,27.0,89,84.0
5266,Bishnupur,2023-10-17 02:15:00,27.0,26.0,84,89.0
5267,Bishnupur,2023-10-18 02:30:00,27.0,27.0,84,84.0
5268,Bishnupur,2023-10-19 02:15:00,26.0,27.0,84,84.0
5269,Bishnupur,2023-10-20 02:30:00,25.0,26.0,83,84.0
5270,Bishnupur,2023-10-21 02:15:00,24.0,25.0,83,83.0
5271,Bishnupur,2023-10-22 02:15:00,25.0,24.0,83,83.0
5272,Bishnupur,2023-10-23 02:15:00,26.0,25.0,84,83.0
5273,Bishnupur,2023-10-24 02:15:00,25.0,26.0,83,84.0
5274,Bishnupur,2023-10-25 02:15:00,24.0,25.0,94,83.0
5275,Bishnupur,2023-10-26 02:00:00,26.0,24.0,89,94.0
5276,Bishnupur,2023-10-27 02:15:00,26.0,26.0,84,89.0
5277,Bishnupur,2023-10-28 02:00:00,25.0,26.0,83,84.0
5278,Bishnupur,2023-10-29 02:30:00,24.0,25.0,83,83.0
5279,Bishnupur,2023-10-30 01:45:00,24.0,24.0,83,83.0
5325,Biswanath,2023-10-15 02:30:00,24.0,24.6,80,71.0
5326,Biswanath,2023-10-16 02:30:00,23.8,24.0,69,80.0
5327,Biswanath,2023-10-17 02:30:00,24.5,23.8,70,69.0
5328,Biswanath,2023-10-18 02:30:00,24.4,24.5,76,70.0
5329,Biswanath,2023-10-19 02:30:00,24.3,24.4,74,76.0
5330,Biswanath,2023-10-20 02:30:00,23.3,24.3,72,74.0
5331,Biswanath,2023-10-21 02:30:00,22.0,23.3,69,72.0
5332,Biswanath,2023-10-22 02:30:00,21.9,22.0,72,69.0
5333,Biswanath,2023-10-23 02:15:00,24.3,21.9,81,72.0
5334,Biswanath,2023-10-24 02:15:00,22.5,24.3,95,81.0
5335,Biswanath,2023-10-25 02:30:00,23.3,22.5,88,95.0
5336,Biswanath,2023-10-26 02:00:00,24.2,23.3,77,88.0
5337,Biswanath,2023-10-27 02:30:00,23.7,24.2,74,77.0
5338,Biswanath,2023-10-28 02:00:00,23.0,23.7,67,74.0
5339,Biswanath,2023-10-29 02:45:00,21.9,23.0,67,67.0
5340,Biswanath,2023-10-30 02:00:00,21.7,21.9,67,67.0
5386,Bokaro,2023-10-15 02:30:00,20.2,21.2,72,75.0
5387,Bokaro,2023-10-16 02:30:00,21.2,20.2,65,72.0
5388,Bokaro,2023-10-17 02:15:00,21.7,21.2,75,65.0
5389,Bokaro,2023-10-18 02:30:00,21.6,21.7,77,75.0
5390,Bokaro,2023-10-19 02:15:00,20.8,21.6,82,77.0
5391,Bokaro,2023-10-20 02:30:00,20.2,20.8,74,82.0
5392,Bokaro,2023-10-21 02:15:00,19.0,20.2,73,74.0
5393,Bokaro,2023-10-22 02:15:00,18.5,19.0,64,73.0
5394,Bokaro,2023-10-23 02:00:00,18.5,18.5,65,64.0
5395,Bokaro,2023-10-24 02:15:00,19.7,18.5,71,65.0
5396,Bokaro,2023-10-25 02:15:00,20.4,19.7,71,71.0
5397,Bokaro,2023-10-26 02:00:00,22.4,20.4,62,71.0
5398,Bokaro,2023-10-27 02:15:00,18.9,22.4,58,62.0
5399,Bokaro,2023-10-28 02:00:00,19.1,18.9,61,58.0
5400,Bokaro,2023-10-29 02:30:00,18.9,19.1,64,61.0
5401,Bokaro,2023-10-30 01:45:00,19.4,18.9,68,64.0
5447,Bongaigaon,2023-10-15 02:30:00,21.9,22.7,89,85.0
5448,Bongaigaon,2023-10-16 02:30:00,21.8,21.9,88,89.0
5449,Bongaigaon,2023-10-17 02:15:00,21.7,21.8,90,88.0
5450,Bongaigaon,2023-10-18 02:30:00,21.8,21.7,90,90.0
5451,Bongaigaon,2023-10-19 02:15:00,21.6,21.8,90,90.0
5452,Bongaigaon,2023-10-20 02:30:00,21.2,21.6,88,90.0
5453,Bongaigaon,2023-10-21 02:15:00,20.7,21.2,89,88.0
5454,Bongaigaon,2023-10-22 02:15:00,20.3,20.7,87,89.0
5455,Bongaigaon,2023-10-23 02:15:00,20.0,20.3,88,87.0
5456,Bongaigaon,2023-10-24 02:15:00,21.0,20.0,80,88.0
5457,Bongaigaon,2023-10-25 02:15:00,20.2,21.0,81,80.0
5458,Bongaigaon,2023-10-26 02:00:00,20.8,20.2,87,81.0
5459,Bongaigaon,2023-10-27 02:15:00,21.2,20.8,88,87.0
5460,Bongaigaon,2023-10-28 02:00:00,20.5,21.2,89,88.0
5461,Bongaigaon,2023-10-29 02:30:00,20.4,20.5,83,89.0
5462,Bongaigaon,2023-10-30 01:45:00,21.0,20.4,86,83.0
5508,Budaun,2023-10-15 02:30:00,24.7,23.5,52,52.0
5509,Budaun,2023-10-16 02:30:00,23.7,24.7,58,52.0
5510,Budaun,2023-10-17 02:30:00,21.1,23.7,75,58.0
5511,Budaun,2023-10-18 02:30:00,21.1,21.1,59,75.0
5512,Budaun,2023-10-19 02:30:00,21.1,21.1,53,59.0
5513,Budaun,2023-10-20 02:30:00,20.6,21.1,49,53.0
5514,Budaun,2023-10-21 02:15:00,21.1,20.6,48,49.0
5515,Budaun,2023-10-22 02:30:00,20.5,21.1,54,48.0
5516,Budaun,2023-10-23 02:15:00,21.6,20.5,42,54.0
5517,Budaun,2023-10-24 02:15:00,21.2,21.6,51,42.0
5518,Budaun,2023-10-25 02:30:00,21.8,21.2,50,51.0
5519,Budaun,2023-10-26 02:00:00,21.6,21.8,39,50.0
5520,Budaun,2023-10-27 02:30:00,21.6,21.6,44,39.0
5521,Budaun,2023-10-28 02:00:00,21.2,21.6,40,44.0
5522,Budaun,2023-10-29 02:45:00,21.8,21.2,44,40.0
5523,Budaun,2023-10-30 02:00:00,21.6,21.8,49,44.0
5569,Buddha Gaya,2023-10-15 02:30:00,21.7,22.2,75,78.0
5570,Buddha Gaya,2023-10-16 02:30:00,25.0,21.7,94,75.0
5571,Buddha Gaya,2023-10-17 02:30:00,23.0,25.0,89,94.0
5572,Buddha Gaya,2023-10-18 02:30:00,22.5,23.0,79,89.0
5573,Buddha Gaya,2023-10-19 02:30:00,21.1,22.5,81,79.0
5574,Buddha Gaya,2023-10-20 02:30:00,21.0,21.1,88,81.0
5575,Buddha Gaya,2023-10-21 02:15:00,20.0,21.0,88,88.0
5576,Buddha Gaya,2023-10-22 02:30:00,19.0,20.0,100,88.0
5577,Buddha Gaya,2023-10-23 02:15:00,19.3,19.0,66,100.0
5578,Buddha Gaya,2023-10-24 02:15:00,22.0,19.3,88,66.0
5579,Buddha Gaya,2023-10-25 02:30:00,22.0,22.0,94,88.0
5580,Buddha Gaya,2023-10-26 02:00:00,19.9,22.0,64,94.0
5581,Buddha Gaya,2023-10-27 02:30:00,19.8,19.9,62,64.0
5582,Buddha Gaya,2023-10-28 02:00:00,20.0,19.8,88,62.0
5583,Buddha Gaya,2023-10-29 02:45:00,19.0,20.0,88,88.0
5584,Buddha Gaya,2023-10-30 02:00:00,20.1,19.0,65,88.0
5630,Bulandshahr,2023-10-15 02:30:00,24.8,24.0,48,43.0
5631,Bulandshahr,2023-10-16 02:30:00,24.8,24.8,49,48.0
5632,Bulandshahr,2023-10-17 02:30:00,20.9,24.8,81,49.0
5633,Bulandshahr,2023-10-18 02:30:00,21.6,20.9,56,81.0
5634,Bulandshahr,2023-10-19 02:30:00,21.0,21.6,47,56.0
5635,Bulandshahr,2023-10-20 02:30:00,21.3,21.0,41,47.0
5636,Bulandshahr,2023-10-21 02:15:00,21.7,21.3,47,41.0
5637,Bulandshahr,2023-10-22 02:30:00,21.2,21.7,48,47.0
5638,Bulandshahr,2023-10-23 02:15:00,22.2,21.2,45,48.0
5639,Bulandshahr,2023-10-24 02:15:00,21.8,22.2,44,45.0
5640,Bulandshahr,2023-10-25 02:30:00,21.8,21.8,43,44.0
5641,Bulandshahr,2023-10-26 02:00:00,22.1,21.8,38,43.0
5642,Bulandshahr,2023-10-27 02:30:00,21.5,22.1,33,38.0
5643,Bulandshahr,2023-10-28 02:00:00,21.7,21.5,30,33.0
5644,Bulandshahr,2023-10-29 02:45:00,21.8,21.7,39,30.0
5645,Bulandshahr,2023-10-30 02:00:00,22.2,21.8,44,39.0
5691,Buldana,2023-10-15 02:30:00,24.7,23.9,47,55.0
5692,Buldana,2023-10-16 02:30:00,22.7,24.7,54,47.0
5693,Buldana,2023-10-17 02:30:00,23.3,22.7,55,54.0
5694,Buldana,2023-10-18 02:30:00,22.0,23.3,68,55.0
5695,Buldana,2023-10-19 02:30:00,22.4,22.0,60,68.0
5696,Buldana,2023-10-20 02:30:00,21.7,22.4,72,60.0
5697,Buldana,2023-10-21 02:15:00,21.8,21.7,64,72.0
5698,Buldana,2023-10-22 02:30:00,22.4,21.8,56,64.0
5699,Buldana,2023-10-23 02:15:00,21.8,22.4,45,56.0
5700,Buldana,2023-10-24 02:15:00,21.3,21.8,53,45.0
5701,Buldana,2023-10-25 02:15:00,20.4,21.3,50,53.0
5702,Buldana,2023-10-26 02:00:00,20.4,20.4,39,50.0
5703,Buldana,2023-10-27 02:15:00,20.4,20.4,44,39.0
5704,Buldana,2023-10-28 02:00:00,19.4,20.4,51,44.0
5705,Buldana,2023-10-29 02:45:00,19.7,19.4,49,51.0
5706,Buldana,2023-10-30 02:00:00,19.6,19.7,54,49.0
5752,Bundi,2023-10-15 02:30:00,26.5,25.9,41,46.0
5753,Bundi,2023-10-16 02:30:00,26.3,26.5,43,41.0
5754,Bundi,2023-10-17 02:30:00,21.4,26.3,75,43.0
5755,Bundi,2023-10-18 02:30:00,22.6,21.4,64,75.0
5756,Bundi,2023-10-19 02:30:00,23.6,22.6,52,64.0
5757,Bundi,2023-10-20 02:30:00,22.7,23.6,45,52.0
5758,Bundi,2023-10-21 02:15:00,23.2,22.7,44,45.0
5759,Bundi,2023-10-22 02:30:00,23.8,23.2,41,44.0
5760,Bundi,2023-10-23 02:15:00,24.1,23.8,43,41.0
5761,Bundi,2023-10-24 02:15:00,23.3,24.1,38,43.0
5762,Bundi,2023-10-25 02:30:00,22.5,23.3,34,38.0
5763,Bundi,2023-10-26 02:00:00,22.8,22.5,36,34.0
5764,Bundi,2023-10-27 02:15:00,22.6,22.8,32,36.0
5765,Bundi,2023-10-28 02:00:00,22.0,22.6,35,32.0
5766,Bundi,2023-10-29 02:45:00,22.8,22.0,38,35.0
5767,Bundi,2023-10-30 02:00:00,23.6,22.8,38,38.0
5813,Burhanpur,2023-10-15 02:30:00,24.6,23.7,48,56.0
5814,Burhanpur,2023-10-16 02:30:00,23.5,24.6,53,48.0
5815,Burhanpur,2023-10-17 02:15:00,23.2,23.5,59,53.0
5816,Burhanpur,2023-10-18 02:15:00,21.9,23.2,68,59.0
5817,Burhanpur,2023-10-19 02:15:00,23.1,21.9,62,68.0
5818,Burhanpur,2023-10-20 02:15:00,21.7,23.1,67,62.0
5819,Burhanpur,2023-10-21 02:00:00,21.9,21.7,54,67.0
5820,Burhanpur,2023-10-22 02:15:00,24.1,21.9,50,54.0
5821,Burhanpur,2023-10-23 02:00:00,22.0,24.1,43,50.0
5822,Burhanpur,2023-10-24 02:15:00,21.2,22.0,54,43.0
5823,Burhanpur,2023-10-25 02:15:00,20.7,21.2,51,54.0
5824,Burhanpur,2023-10-26 02:00:00,19.9,20.7,43,51.0
5825,Burhanpur,2023-10-27 02:15:00,19.9,19.9,43,43.0
5826,Burhanpur,2023-10-28 02:00:00,19.2,19.9,48,43.0
5827,Burhanpur,2023-10-29 02:30:00,19.4,19.2,48,48.0
5828,Burhanpur,2023-10-30 01:45:00,19.7,19.4,47,48.0
5874,Buxar,2023-10-15 02:30:00,22.0,22.0,65,58.0
5875,Buxar,2023-10-16 02:30:00,22.8,22.0,73,65.0
5876,Buxar,2023-10-17 02:15:00,22.4,22.8,86,73.0
5877,Buxar,2023-10-18 02:30:00,21.6,22.4,85,86.0
5878,Buxar,2023-10-19 02:15:00,20.8,21.6,66,85.0
5879,Buxar,2023-10-20 02:30:00,20.6,20.8,55,66.0
5880,Buxar,2023-10-21 02:15:00,20.2,20.6,61,55.0
5881,Buxar,2023-10-22 02:15:00,19.9,20.2,65,61.0
5882,Buxar,2023-10-23 02:15:00,19.7,19.9,65,65.0
5883,Buxar,2023-10-24 02:15:00,20.1,19.7,66,65.0
5884,Buxar,2023-10-25 02:15:00,21.0,20.1,67,66.0
5885,Buxar,2023-10-26 02:00:00,20.0,21.0,58,67.0
5886,Buxar,2023-10-27 02:15:00,20.5,20.0,64,58.0
5887,Buxar,2023-10-28 02:00:00,20.8,20.5,54,64.0
5888,Buxar,2023-10-29 02:30:00,20.6,20.8,53,54.0
5889,Buxar,2023-10-30 01:45:00,20.6,20.6,53,53.0
5935,Chamba,2023-10-15 02:30:00,11.6,13.0,58,50.0
5936,Chamba,2023-10-16 02:30:00,11.0,11.6,48,58.0
5937,Chamba,2023-10-17 02:15:00,9.3,11.0,72,48.0
5938,Chamba,2023-10-18 02:15:00,7.6,9.3,59,72.0
5939,Chamba,2023-10-19 02:15:00,8.5,7.6,56,59.0
5940,Chamba,2023-10-20 02:15:00,8.7,8.5,50,56.0
5941,Chamba,2023-10-21 02:15:00,9.4,8.7,54,50.0
5942,Chamba,2023-10-22 02:15:00,10.0,9.4,55,54.0
5943,Chamba,2023-10-23 02:00:00,9.3,10.0,52,55.0
5944,Chamba,2023-10-24 02:15:00,8.9,9.3,59,52.0
5945,Chamba,2023-10-25 02:15:00,9.2,8.9,46,59.0
5946,Chamba,2023-10-26 02:00:00,9.8,9.2,43,46.0
5947,Chamba,2023-10-27 02:15:00,10.2,9.8,51,43.0
5948,Chamba,2023-10-28 02:00:00,10.3,10.2,47,51.0
5949,Chamba,2023-10-29 02:30:00,10.8,10.3,54,47.0
5950,Chamba,2023-10-30 01:45:00,10.8,10.8,57,54.0
5996,Chamoli,2023-10-15 02:30:00,1.7,3.2,67,72.0
5997,Chamoli,2023-10-16 02:30:00,0.5,1.7,61,67.0
5998,Chamoli,2023-10-17 02:30:00,0.1,0.5,80,61.0
5999,Chamoli,2023-10-18 02:30:00,-1.5,0.1,69,80.0
6000,Chamoli,2023-10-19 02:15:00,-0.8,-1.5,57,69.0
6001,Chamoli,2023-10-20 02:30:00,-0.5,-0.8,59,57.0
6002,Chamoli,2023-10-21 02:15:00,0.2,-0.5,64,59.0
6003,Chamoli,2023-10-22 02:15:00,0.1,0.2,65,64.0
6004,Chamoli,2023-10-23 02:15:00,0.0,0.1,64,65.0
6005,Chamoli,2023-10-24 02:15:00,-1.9,0.0,59,64.0
6006,Chamoli,2023-10-25 02:15:00,-0.7,-1.9,44,59.0
6007,Chamoli,2023-10-26 02:00:00,-0.9,-0.7,46,44.0
6008,Chamoli,2023-10-27 02:15:00,0.7,-0.9,46,46.0
6009,Chamoli,2023-10-28 02:00:00,1.3,0.7,41,46.0
6010,Chamoli,2023-10-29 02:30:00,2.2,1.3,49,41.0
6011,Chamoli,2023-10-30 01:45:00,1.1,2.2,55,49.0
6057,Champawat,2023-10-15 02:30:00,16.9,16.8,69,73.0
6058,Champawat,2023-10-16 02:30:00,16.4,16.9,74,69.0
6059,Champawat,2023-10-17 02:30:00,15.9,16.4,84,74.0
6060,Champawat,2023-10-18 02:30:00,14.8,15.9,67,84.0
6061,Champawat,2023-10-19 02:15:00,14.3,14.8,73,67.0
6062,Champawat,2023-10-20 02:30:00,14.0,14.3,69,73.0
6063,Champawat,2023-10-21 02:15:00,14.4,14.0,72,69.0
6064,Champawat,2023-10-22 02:15:00,14.5,14.4,71,72.0
6065,Champawat,2023-10-23 02:15:00,14.7,14.5,71,71.0
6066,Champawat,2023-10-24 02:15:00,14.0,14.7,59,71.0
6067,Champawat,2023-10-25 02:15:00,14.8,14.0,58,59.0
6068,Champawat,2023-10-26 02:00:00,15.1,14.8,66,58.0
6069,Champawat,2023-10-27 02:15:00,15.1,15.1,70,66.0
6070,Champawat,2023-10-28 02:00:00,14.7,15.1,69,70.0
6071,Champawat,2023-10-29 02:30:00,15.0,14.7,69,69.0
6072,Champawat,2023-10-30 01:45:00,15.3,15.0,73,69.0
6118,Chandauli,2023-10-15 02:30:00,22.7,22.3,56,57.0
6119,Chandauli,2023-10-16 02:30:00,23.4,22.7,60,56.0
6120,Chandauli,2023-10-17 02:30:00,22.7,23.4,76,60.0
6121,Chandauli,2023-10-18 02:30:00,21.6,22.7,86,76.0
6122,Chandauli,2023-10-19 02:30:00,21.2,21.6,63,86.0
6123,Chandauli,2023-10-20 02:30:00,20.7,21.2,59,63.0
6124,Chandauli,2023-10-21 02:15:00,20.5,20.7,61,59.0
6125,Chandauli,2023-10-22 02:30:00,20.0,20.5,62,61.0
6126,Chandauli,2023-10-23 02:15:00,19.5,20.0,58,62.0
6127,Chandauli,2023-10-24 02:15:00,19.9,19.5,64,58.0
6128,Chandauli,2023-10-25 02:30:00,20.2,19.9,58,64.0
6129,Chandauli,2023-10-26 02:00:00,20.2,20.2,58,58.0
6130,Chandauli,2023-10-27 02:30:00,20.6,20.2,59,58.0
6131,Chandauli,2023-10-28 02:00:00,20.1,20.6,49,59.0
6132,Chandauli,2023-10-29 02:45:00,20.1,20.1,52,49.0
6133,Chandauli,2023-10-30 02:00:00,20.4,20.1,55,52.0
6179,Chandel,2023-10-15 02:30:00,25.5,26.4,89,82.0
6180,Chandel,2023-10-16 02:30:00,25.6,25.5,88,89.0
6181,Chandel,2023-10-17 02:15:00,26.2,25.6,83,88.0
6182,Chandel,2023-10-18 02:30:00,26.6,26.2,85,83.0
6183,Chandel,2023-10-19 02:15:00,26.5,26.6,85,85.0
6184,Chandel,2023-10-20 02:30:00,26.7,26.5,78,85.0
6185,Chandel,2023-10-21 02:15:00,26.6,26.7,84,78.0
6186,Chandel,2023-10-22 02:15:00,27.2,26.6,74,84.0
6187,Chandel,2023-10-23 02:15:00,26.1,27.2,72,74.0
6188,Chandel,2023-10-24 02:15:00,24.9,26.1,69,72.0
6189,Chandel,2023-10-25 02:15:00,24.5,24.9,79,69.0
6190,Chandel,2023-10-26 02:00:00,24.7,24.5,71,79.0
6191,Chandel,2023-10-27 02:15:00,24.2,24.7,59,71.0
6192,Chandel,2023-10-28 02:00:00,24.2,24.2,54,59.0
6193,Chandel,2023-10-29 02:30:00,24.5,24.2,68,54.0
6194,Chandel,2023-10-30 01:45:00,26.5,24.5,71,68.0
6240,Chandigarh,2023-10-15 02:30:00,21.2,20.2,43,45.0
6241,Chandigarh,2023-10-16 02:30:00,20.7,21.2,43,43.0
6242,Chandigarh,2023-10-17 02:15:00,19.1,20.7,59,43.0
6243,Chandigarh,2023-10-18 02:30:00,17.5,19.1,55,59.0
6244,Chandigarh,2023-10-19 02:15:00,16.7,17.5,51,55.0
6245,Chandigarh,2023-10-20 02:30:00,17.4,16.7,48,51.0
6246,Chandigarh,2023-10-21 02:15:00,17.3,17.4,48,48.0
6247,Chandigarh,2023-10-22 02:15:00,18.0,17.3,45,48.0
6248,Chandigarh,2023-10-23 02:15:00,18.1,18.0,43,45.0
6249,Chandigarh,2023-10-24 02:15:00,17.8,18.1,47,43.0
6250,Chandigarh,2023-10-25 02:15:00,18.3,17.8,44,47.0
6251,Chandigarh,2023-10-26 02:00:00,18.7,18.3,40,44.0
6252,Chandigarh,2023-10-27 02:15:00,17.8,18.7,42,40.0
6253,Chandigarh,2023-10-28 02:00:00,18.2,17.8,43,42.0
6254,Chandigarh,2023-10-29 02:30:00,18.1,18.2,48,43.0
6255,Chandigarh,2023-10-30 01:45:00,18.7,18.1,40,48.0
6301,Chandrapur,2023-10-15 02:30:00,23.0,23.0,71,73.0
6302,Chandrapur,2023-10-16 02:30:00,22.4,23.0,67,71.0
6303,Chandrapur,2023-10-17 02:30:00,22.2,22.4,70,67.0
6304,Chandrapur,2023-10-18 02:30:00,23.7,22.2,73,70.0
6305,Chandrapur,2023-10-19 02:30:00,22.4,23.7,74,73.0
6306,Chandrapur,2023-10-20 02:30:00,21.9,22.4,82,74.0
6307,Chandrapur,2023-10-21 02:15:00,21.6,21.9,79,82.0
6308,Chandrapur,2023-10-22 02:30:00,19.9,21.6,65,79.0
6309,Chandrapur,2023-10-23 02:15:00,18.9,19.9,69,65.0
6310,Chandrapur,2023-10-24 02:15:00,18.0,18.9,66,69.0
6311,Chandrapur,2023-10-25 02:15:00,18.7,18.0,64,66.0
6312,Chandrapur,2023-10-26 02:00:00,18.5,18.7,60,64.0
6313,Chandrapur,2023-10-27 02:15:00,18.0,18.5,56,60.0
6314,Chandrapur,2023-10-28 02:00:00,18.9,18.0,64,56.0
6315,Chandrapur,2023-10-29 02:45:00,18.5,18.9,64,64.0
6316,Chandrapur,2023-10-30 02:00:00,19.0,18.5,70,64.0
6362,Chatra,2023-10-15 02:30:00,19.8,20.4,74,76.0
6363,Chatra,2023-10-16 02:30:00,25.0,19.8,94,74.0
6364,Chatra,2023-10-17 02:15:00,23.0,25.0,89,94.0
6365,Chatra,2023-10-18 02:30:00,20.2,23.0,86,89.0
6366,Chatra,2023-10-19 02:15:00,19.4,20.2,90,86.0
6367,Chatra,2023-10-20 02:30:00,21.0,19.4,88,90.0
6368,Chatra,2023-10-21 02:15:00,20.0,21.0,88,88.0
6369,Chatra,2023-10-22 02:15:00,18.0,20.0,63,88.0
6370,Chatra,2023-10-23 02:00:00,17.0,18.0,71,63.0
6371,Chatra,2023-10-24 02:15:00,22.0,17.0,88,71.0
6372,Chatra,2023-10-25 02:15:00,22.0,22.0,94,88.0
6373,Chatra,2023-10-26 02:00:00,18.0,22.0,67,94.0
6374,Chatra,2023-10-27 02:15:00,17.3,18.0,67,67.0
6375,Chatra,2023-10-28 02:00:00,20.0,17.3,88,67.0
6376,Chatra,2023-10-29 02:30:00,17.6,20.0,68,88.0
6377,Chatra,2023-10-30 01:45:00,18.2,17.6,72,68.0
6423,Chennai,2023-10-15 02:30:00,27.0,28.0,89,84.0
6424,Chennai,2023-10-16 02:30:00,27.0,27.0,94,89.0
6425,Chennai,2023-10-17 02:30:00,27.0,27.0,89,94.0
6426,Chennai,2023-10-18 02:30:00,27.0,27.0,84,89.0
6427,Chennai,2023-10-19 02:30:00,28.0,27.0,84,84.0
6428,Chennai,2023-10-20 02:30:00,26.0,28.0,89,84.0
6429,Chennai,2023-10-21 02:15:00,28.0,26.0,84,89.0
6430,Chennai,2023-10-22 02:30:00,27.0,28.0,89,84.0
6431,Chennai,2023-10-23 02:15:00,27.0,27.0,84,89.0
6432,Chennai,2023-10-24 02:15:00,26.0,27.0,84,84.0
6433,Chennai,2023-10-25 02:30:00,27.0,26.0,84,84.0
6434,Chennai,2023-10-26 02:00:00,27.0,27.0,84,84.0
6435,Chennai,2023-10-27 02:30:00,27.0,27.0,84,84.0
6436,Chennai,2023-10-28 02:00:00,27.0,27.0,89,84.0
6437,Chennai,2023-10-29 02:45:00,27.0,27.0,84,89.0
6438,Chennai,2023-10-30 02:00:00,25.0,27.0,89,84.0
6484,Chhatarpur,2023-10-15 02:30:00,24.4,23.6,46,45.0
6485,Chhatarpur,2023-10-16 02:30:00,24.2,24.4,49,46.0
6486,Chhatarpur,2023-10-17 02:15:00,20.6,24.2,81,49.0
6487,Chhatarpur,2023-10-18 02:15:00,22.4,20.6,74,81.0
6488,Chhatarpur,2023-10-19 02:15:00,22.3,22.4,58,74.0
6489,Chhatarpur,2023-10-20 02:15:00,21.2,22.3,44,58.0
6490,Chhatarpur,2023-10-21 02:00:00,21.0,21.2,50,44.0
6491,Chhatarpur,2023-10-22 02:15:00,21.0,21.0,49,50.0
6492,Chhatarpur,2023-10-23 02:00:00,19.9,21.0,50,49.0
6493,Chhatarpur,2023-10-24 02:15:00,20.5,19.9,49,50.0
6494,Chhatarpur,2023-10-25 02:15:00,20.5,20.5,46,49.0
6495,Chhatarpur,2023-10-26 02:00:00,20.1,20.5,39,46.0
6496,Chhatarpur,2023-10-27 02:15:00,19.8,20.1,39,39.0
6497,Chhatarpur,2023-10-28 02:00:00,20.2,19.8,35,39.0
6498,Chhatarpur,2023-10-29 02:30:00,20.4,20.2,38,35.0
6499,Chhatarpur,2023-10-30 01:45:00,21.1,20.4,40,38.0
6545,Chhindwara,2023-10-15 02:30:00,22.4,21.5,58,51.0
6546,Chhindwara,2023-10-16 02:30:00,21.6,22.4,58,58.0
6547,Chhindwara,2023-10-17 02:15:00,20.7,21.6,70,58.0
6548,Chhindwara,2023-10-18 02:15:00,20.4,20.7,65,70.0
6549,Chhindwara,2023-10-19 02:15:00,19.8,20.4,69,65.0
6550,Chhindwara,2023-10-20 02:15:00,19.2,19.8,76,69.0
6551,Chhindwara,2023-10-21 02:00:00,18.6,19.2,53,76.0
6552,Chhindwara,2023-10-22 02:15:00,17.9,18.6,56,53.0
6553,Chhindwara,2023-10-23 02:00:00,17.9,17.9,62,56.0
6554,Chhindwara,2023-10-24 02:15:00,17.4,17.9,58,62.0
6555,Chhindwara,2023-10-25 02:15:00,17.5,17.4,50,58.0
6556,Chhindwara,2023-10-26 02:00:00,17.5,17.5,47,50.0
6557,Chhindwara,2023-10-27 02:15:00,17.1,17.5,50,47.0
6558,Chhindwara,2023-10-28 02:00:00,17.4,17.1,58,50.0
6559,Chhindwara,2023-10-29 02:30:00,17.3,17.4,57,58.0
6560,Chhindwara,2023-10-30 01:45:00,17.4,17.3,50,57.0
6606,Chikmagalur,2023-10-15 02:30:00,18.7,19.7,86,80.0
6607,Chikmagalur,2023-10-16 02:30:00,19.2,18.7,83,86.0
6608,Chikmagalur,2023-10-17 02:30:00,19.7,19.2,90,83.0
6609,Chikmagalur,2023-10-18 02:30:00,19.8,19.7,85,90.0
6610,Chikmagalur,2023-10-19 02:15:00,19.1,19.8,76,85.0
6611,Chikmagalur,2023-10-20 02:30:00,20.8,19.1,64,76.0
6612,Chikmagalur,2023-10-21 02:15:00,19.4,20.8,67,64.0
6613,Chikmagalur,2023-10-22 02:15:00,22.1,19.4,65,67.0
6614,Chikmagalur,2023-10-23 02:15:00,21.8,22.1,65,65.0
6615,Chikmagalur,2023-10-24 02:15:00,18.1,21.8,54,65.0
6616,Chikmagalur,2023-10-25 02:15:00,18.0,18.1,48,54.0
6617,Chikmagalur,2023-10-26 02:00:00,17.9,18.0,49,48.0
6618,Chikmagalur,2023-10-27 02:15:00,17.7,17.9,52,49.0
6619,Chikmagalur,2023-10-28 02:00:00,18.7,17.7,66,52.0
6620,Chikmagalur,2023-10-29 02:45:00,19.3,18.7,89,66.0
6621,Chikmagalur,2023-10-30 02:00:00,19.6,19.3,90,89.0
6667,Chitradurga,2023-10-15 02:30:00,24.0,22.9,58,55.0
6668,Chitradurga,2023-10-16 02:30:00,24.4,24.0,64,58.0
6669,Chitradurga,2023-10-17 02:30:00,23.8,24.4,70,64.0
6670,Chitradurga,2023-10-18 02:30:00,23.8,23.8,56,70.0
6671,Chitradurga,2023-10-19 02:15:00,22.6,23.8,60,56.0
6672,Chitradurga,2023-10-20 02:30:00,24.0,22.6,53,60.0
6673,Chitradurga,2023-10-21 02:15:00,23.1,24.0,66,53.0
6674,Chitradurga,2023-10-22 02:15:00,23.0,23.1,67,66.0
6675,Chitradurga,2023-10-23 02:15:00,24.1,23.0,47,67.0
6676,Chitradurga,2023-10-24 02:15:00,21.0,24.1,47,47.0
6677,Chitradurga,2023-10-25 02:15:00,20.6,21.0,46,47.0
6678,Chitradurga,2023-10-26 02:00:00,20.5,20.6,46,46.0
6679,Chitradurga,2023-10-27 02:15:00,19.9,20.5,45,46.0
6680,Chitradurga,2023-10-28 02:00:00,21.4,19.9,55,45.0
6681,Chitradurga,2023-10-29 02:30:00,23.5,21.4,76,55.0
6682,Chitradurga,2023-10-30 02:00:00,24.0,23.5,71,76.0
6728,Chittaurgarh,2023-10-15 02:30:00,23.3,23.5,49,51.0
6729,Chittaurgarh,2023-10-16 02:30:00,23.3,23.3,58,49.0
6730,Chittaurgarh,2023-10-17 02:30:00,22.0,23.3,59,58.0
6731,Chittaurgarh,2023-10-18 02:30:00,21.8,22.0,64,59.0
6732,Chittaurgarh,2023-10-19 02:30:00,21.6,21.8,56,64.0
6733,Chittaurgarh,2023-10-20 02:30:00,21.8,21.6,47,56.0
6734,Chittaurgarh,2023-10-21 02:15:00,22.1,21.8,47,47.0
6735,Chittaurgarh,2023-10-22 02:30:00,24.0,22.1,34,47.0
6736,Chittaurgarh,2023-10-23 02:15:00,22.8,24.0,39,34.0
6737,Chittaurgarh,2023-10-24 02:15:00,21.6,22.8,41,39.0
6738,Chittaurgarh,2023-10-25 02:30:00,21.5,21.6,34,41.0
6739,Chittaurgarh,2023-10-26 02:00:00,21.1,21.5,33,34.0
6740,Chittaurgarh,2023-10-27 02:15:00,20.4,21.1,28,33.0
6741,Chittaurgarh,2023-10-28 02:00:00,20.9,20.4,33,28.0
6742,Chittaurgarh,2023-10-29 02:45:00,21.5,20.9,34,33.0
6743,Chittaurgarh,2023-10-30 02:00:00,21.5,21.5,42,34.0
6789,Chittoor,2023-10-15 02:30:00,22.0,21.1,92,92.0
6790,Chittoor,2023-10-16 02:30:00,22.4,22.0,93,92.0
6791,Chittoor,2023-10-17 02:15:00,21.6,22.4,94,93.0
6792,Chittoor,2023-10-18 02:15:00,21.1,21.6,84,94.0
6793,Chittoor,2023-10-19 02:15:00,20.5,21.1,90,84.0
6794,Chittoor,2023-10-20 02:30:00,20.7,20.5,90,90.0
6795,Chittoor,2023-10-21 02:15:00,21.0,20.7,92,90.0
6796,Chittoor,2023-10-22 02:15:00,21.4,21.0,81,92.0
6797,Chittoor,2023-10-23 02:00:00,21.5,21.4,86,81.0
6798,Chittoor,2023-10-24 02:15:00,20.1,21.5,83,86.0
6799,Chittoor,2023-10-25 02:15:00,20.6,20.1,85,83.0
6800,Chittoor,2023-10-26 02:00:00,20.5,20.6,82,85.0
6801,Chittoor,2023-10-27 02:15:00,20.7,20.5,92,82.0
6802,Chittoor,2023-10-28 02:00:00,21.1,20.7,94,92.0
6803,Chittoor,2023-10-29 02:30:00,21.5,21.1,95,94.0
6804,Chittoor,2023-10-30 01:45:00,21.5,21.5,94,95.0
6850,Churachandpur,2023-10-15 02:30:00,14.7,15.7,98,98.0
6851,Churachandpur,2023-10-16 02:30:00,15.2,14.7,98,98.0
6852,Churachandpur,2023-10-17 02:15:00,15.2,15.2,96,98.0
6853,Churachandpur,2023-10-18 02:30:00,15.2,15.2,97,96.0
6854,Churachandpur,2023-10-19 02:15:00,14.2,15.2,96,97.0
6855,Churachandpur,2023-10-20 02:30:00,14.5,14.2,95,96.0
6856,Churachandpur,2023-10-21 02:15:00,14.6,14.5,96,95.0
6857,Churachandpur,2023-10-22 02:15:00,15.4,14.6,98,96.0
6858,Churachandpur,2023-10-23 02:15:00,17.2,15.4,97,98.0
6859,Churachandpur,2023-10-24 02:15:00,16.3,17.2,98,97.0
6860,Churachandpur,2023-10-25 02:15:00,16.3,16.3,99,98.0
6861,Churachandpur,2023-10-26 02:00:00,15.9,16.3,99,99.0
6862,Churachandpur,2023-10-27 02:15:00,15.0,15.9,99,99.0
6863,Churachandpur,2023-10-28 02:00:00,14.4,15.0,98,99.0
6864,Churachandpur,2023-10-29 02:30:00,14.1,14.4,98,98.0
6865,Churachandpur,2023-10-30 01:45:00,13.9,14.1,95,98.0
6911,Churu,2023-10-15 02:30:00,27.1,27.7,36,33.0
6912,Churu,2023-10-16 02:30:00,27.4,27.1,35,36.0
6913,Churu,2023-10-17 02:30:00,22.6,27.4,61,35.0
6914,Churu,2023-10-18 02:30:00,24.1,22.6,54,61.0
6915,Churu,2023-10-19 02:30:00,23.6,24.1,45,54.0
6916,Churu,2023-10-20 02:30:00,23.8,23.6,43,45.0
6917,Churu,2023-10-21 02:15:00,25.2,23.8,42,43.0
6918,Churu,2023-10-22 02:30:00,25.1,25.2,36,42.0
6919,Churu,2023-10-23 02:15:00,24.9,25.1,37,36.0
6920,Churu,2023-10-24 02:15:00,24.0,24.9,43,37.0
6921,Churu,2023-10-25 02:30:00,24.9,24.0,41,43.0
6922,Churu,2023-10-26 02:00:00,24.6,24.9,37,41.0
6923,Churu,2023-10-27 02:15:00,24.1,24.6,35,37.0
6924,Churu,2023-10-28 02:00:00,25.0,24.1,27,35.0
6925,Churu,2023-10-29 02:45:00,26.7,25.0,26,27.0
6926,Churu,2023-10-30 02:00:00,25.7,26.7,30,26.0
6972,Coimbatore,2023-10-15 02:30:00,23.6,24.0,84,89.0
6973,Coimbatore,2023-10-16 02:30:00,26.0,23.6,89,84.0
6974,Coimbatore,2023-10-17 02:30:00,23.0,26.0,94,89.0
6975,Coimbatore,2023-10-18 02:30:00,24.0,23.0,94,94.0
6976,Coimbatore,2023-10-19 02:30:00,26.0,24.0,70,94.0
6977,Coimbatore,2023-10-20 02:30:00,26.0,26.0,79,70.0
6978,Coimbatore,2023-10-21 02:15:00,25.0,26.0,94,79.0
6979,Coimbatore,2023-10-22 02:30:00,26.0,25.0,89,94.0
6980,Coimbatore,2023-10-23 02:15:00,25.0,26.0,89,89.0
6981,Coimbatore,2023-10-24 02:15:00,24.0,25.0,89,89.0
6982,Coimbatore,2023-10-25 02:30:00,25.0,24.0,89,89.0
6983,Coimbatore,2023-10-26 02:00:00,26.0,25.0,84,89.0
6984,Coimbatore,2023-10-27 02:30:00,27.0,26.0,74,84.0
6985,Coimbatore,2023-10-28 02:00:00,26.0,27.0,74,74.0
6986,Coimbatore,2023-10-29 02:45:00,26.0,26.0,79,74.0
6987,Coimbatore,2023-10-30 02:00:00,25.0,26.0,83,79.0
7033,Cuddalore,2023-10-15 02:30:00,26.9,26.2,77,82.0
7034,Cuddalore,2023-10-16 02:30:00,26.7,26.9,82,77.0
7035,Cuddalore,2023-10-17 02:30:00,26.8,26.7,81,82.0
7036,Cuddalore,2023-10-18 02:30:00,26.3,26.8,78,81.0
7037,Cuddalore,2023-10-19 02:30:00,26.3,26.3,82,78.0
7038,Cuddalore,2023-10-20 02:30:00,26.1,26.3,72,82.0
7039,Cuddalore,2023-10-21 02:15:00,26.1,26.1,81,72.0
7040,Cuddalore,2023-10-22 02:30:00,25.3,26.1,86,81.0
7041,Cuddalore,2023-10-23 02:15:00,26.1,25.3,82,86.0
7042,Cuddalore,2023-10-24 02:15:00,26.1,26.1,80,82.0
7043,Cuddalore,2023-10-25 02:30:00,26.5,26.1,77,80.0
7044,Cuddalore,2023-10-26 02:00:00,27.0,26.5,71,77.0
7045,Cuddalore,2023-10-27 02:30:00,26.9,27.0,76,71.0
7046,Cuddalore,2023-10-28 02:00:00,26.9,26.9,73,76.0
7047,Cuddalore,2023-10-29 02:45:00,26.3,26.9,82,73.0
7048,Cuddalore,2023-10-30 02:00:00,26.2,26.3,83,82.0
7094,Cuttack,2023-10-15 02:30:00,27.0,25.1,84,83.0
7095,Cuttack,2023-10-16 02:30:00,25.0,27.0,89,84.0
7096,Cuttack,2023-10-17 02:30:00,26.0,25.0,89,89.0
7097,Cuttack,2023-10-18 02:30:00,25.0,26.0,94,89.0
7098,Cuttack,2023-10-19 02:30:00,26.0,25.0,89,94.0
7099,Cuttack,2023-10-20 02:30:00,24.0,26.0,94,89.0
7100,Cuttack,2023-10-21 02:15:00,24.0,24.0,89,94.0
7101,Cuttack,2023-10-22 02:30:00,24.0,24.0,83,89.0
7102,Cuttack,2023-10-23 02:15:00,25.0,24.0,79,83.0
7103,Cuttack,2023-10-24 02:15:00,25.0,25.0,89,79.0
7104,Cuttack,2023-10-25 02:15:00,24.0,25.0,94,89.0
7105,Cuttack,2023-10-26 02:00:00,25.0,24.0,94,94.0
7106,Cuttack,2023-10-27 02:15:00,23.0,25.0,83,94.0
7107,Cuttack,2023-10-28 02:00:00,22.0,23.0,78,83.0
7108,Cuttack,2023-10-29 02:45:00,21.0,22.0,83,78.0
7109,Cuttack,2023-10-30 02:00:00,21.0,21.0,88,83.0
7155,Dadra,2023-10-15 02:30:00,26.2,26.4,78,73.0
7156,Dadra,2023-10-16 02:30:00,25.8,26.2,75,78.0
7157,Dadra,2023-10-17 02:15:00,26.4,25.8,72,75.0
7158,Dadra,2023-10-18 02:15:00,25.8,26.4,69,72.0
7159,Dadra,2023-10-19 02:15:00,25.5,25.8,63,69.0
7160,Dadra,2023-10-20 02:30:00,25.2,25.5,55,63.0
7161,Dadra,2023-10-21 02:15:00,26.5,25.2,65,55.0
7162,Dadra,2023-10-22 02:15:00,26.5,26.5,56,65.0
7163,Dadra,2023-10-23 02:00:00,25.6,26.5,57,56.0
7164,Dadra,2023-10-24 02:15:00,26.9,25.6,51,57.0
7165,Dadra,2023-10-25 02:15:00,25.2,26.9,51,51.0
7166,Dadra,2023-10-26 02:00:00,24.6,25.2,45,51.0
7167,Dadra,2023-10-27 02:15:00,24.6,24.6,44,45.0
7168,Dadra,2023-10-28 02:00:00,23.6,24.6,46,44.0
7169,Dadra,2023-10-29 02:30:00,23.8,23.6,48,46.0
7170,Dadra,2023-10-30 01:45:00,24.4,23.8,43,48.0
7216,Daman,2023-10-15 02:30:00,25.9,26.0,79,73.0
7217,Daman,2023-10-16 02:30:00,25.4,25.9,75,79.0
7218,Daman,2023-10-17 02:15:00,26.2,25.4,72,75.0
7219,Daman,2023-10-18 02:15:00,25.4,26.2,67,72.0
7220,Daman,2023-10-19 02:15:00,24.7,25.4,63,67.0
7221,Daman,2023-10-20 02:30:00,24.3,24.7,55,63.0
7222,Daman,2023-10-21 02:15:00,25.9,24.3,60,55.0
7223,Daman,2023-10-22 02:15:00,26.7,25.9,48,60.0
7224,Daman,2023-10-23 02:00:00,25.1,26.7,55,48.0
7225,Daman,2023-10-24 02:15:00,26.6,25.1,50,55.0
7226,Daman,2023-10-25 02:15:00,24.5,26.6,49,50.0
7227,Daman,2023-10-26 02:00:00,24.0,24.5,44,49.0
7228,Daman,2023-10-27 02:15:00,23.8,24.0,44,44.0
7229,Daman,2023-10-28 02:00:00,22.7,23.8,46,44.0
7230,Daman,2023-10-29 02:30:00,23.1,22.7,46,46.0
7231,Daman,2023-10-30 01:45:00,23.6,23.1,42,46.0
7277,Damoh,2023-10-15 02:30:00,24.7,22.3,51,53.0
7278,Damoh,2023-10-16 02:30:00,23.5,24.7,55,51.0
7279,Damoh,2023-10-17 02:15:00,21.7,23.5,72,55.0
7280,Damoh,2023-10-18 02:15:00,21.8,21.7,73,72.0
7281,Damoh,2023-10-19 02:15:00,22.4,21.8,63,73.0
7282,Damoh,2023-10-20 02:15:00,20.6,22.4,49,63.0
7283,Damoh,2023-10-21 02:00:00,20.3,20.6,54,49.0
7284,Damoh,2023-10-22 02:15:00,19.7,20.3,52,54.0
7285,Damoh,2023-10-23 02:00:00,18.5,19.7,54,52.0
7286,Damoh,2023-10-24 02:15:00,18.7,18.5,55,54.0
7287,Damoh,2023-10-25 02:15:00,18.9,18.7,48,55.0
7288,Damoh,2023-10-26 02:00:00,18.6,18.9,47,48.0
7289,Damoh,2023-10-27 02:15:00,18.6,18.6,46,47.0
7290,Damoh,2023-10-28 02:00:00,18.3,18.6,46,46.0
7291,Damoh,2023-10-29 02:30:00,18.5,18.3,45,46.0
7292,Damoh,2023-10-30 01:45:00,19.0,18.5,48,45.0
7338,Darbhanga,2023-10-15 02:30:00,22.4,22.5,68,58.0
7339,Darbhanga,2023-10-16 02:30:00,23.4,22.4,74,68.0
7340,Darbhanga,2023-10-17 02:15:00,23.0,23.4,82,74.0
7341,Darbhanga,2023-10-18 02:30:00,22.7,23.0,76,82.0
7342,Darbhanga,2023-10-19 02:15:00,21.2,22.7,70,76.0
7343,Darbhanga,2023-10-20 02:30:00,20.9,21.2,67,70.0
7344,Darbhanga,2023-10-21 02:15:00,20.6,20.9,67,67.0
7345,Darbhanga,2023-10-22 02:15:00,20.3,20.6,61,67.0
7346,Darbhanga,2023-10-23 02:15:00,20.9,20.3,63,61.0
7347,Darbhanga,2023-10-24 02:15:00,21.5,20.9,74,63.0
7348,Darbhanga,2023-10-25 02:15:00,22.1,21.5,64,74.0
7349,Darbhanga,2023-10-26 02:00:00,21.7,22.1,74,64.0
7350,Darbhanga,2023-10-27 02:15:00,21.4,21.7,65,74.0
7351,Darbhanga,2023-10-28 02:00:00,21.5,21.4,53,65.0
7352,Darbhanga,2023-10-29 02:30:00,21.5,21.5,63,53.0
7353,Darbhanga,2023-10-30 01:45:00,21.0,21.5,64,63.0
7399,Darjiling,2023-10-15 02:30:00,18.6,17.8,92,92.0
7400,Darjiling,2023-10-16 02:30:00,17.3,18.6,94,92.0
7401,Darjiling,2023-10-17 02:30:00,17.0,17.3,87,94.0
7402,Darjiling,2023-10-18 02:30:00,16.0,17.0,85,87.0
7403,Darjiling,2023-10-19 02:15:00,15.4,16.0,88,85.0
7404,Darjiling,2023-10-20 02:30:00,15.2,15.4,90,88.0
7405,Darjiling,2023-10-21 02:15:00,15.0,15.2,83,90.0
7406,Darjiling,2023-10-22 02:15:00,16.4,15.0,65,83.0
7407,Darjiling,2023-10-23 02:15:00,16.3,16.4,57,65.0
7408,Darjiling,2023-10-24 02:15:00,16.6,16.3,56,57.0
7409,Darjiling,2023-10-25 02:15:00,17.2,16.6,62,56.0
7410,Darjiling,2023-10-26 02:00:00,16.2,17.2,80,62.0
7411,Darjiling,2023-10-27 02:15:00,15.7,16.2,90,80.0
7412,Darjiling,2023-10-28 02:00:00,15.1,15.7,88,90.0
7413,Darjiling,2023-10-29 02:45:00,16.9,15.1,87,88.0
7414,Darjiling,2023-10-30 02:00:00,16.9,16.9,84,87.0
7460,Darrang,2023-10-15 02:30:00,20.8,21.5,96,94.0
7461,Darrang,2023-10-16 02:30:00,21.0,20.8,93,96.0
7462,Darrang,2023-10-17 02:15:00,20.5,21.0,90,93.0
7463,Darrang,2023-10-18 02:30:00,20.7,20.5,91,90.0
7464,Darrang,2023-10-19 02:15:00,20.1,20.7,90,91.0
7465,Darrang,2023-10-20 02:30:00,19.7,20.1,88,90.0
7466,Darrang,2023-10-21 02:15:00,19.7,19.7,88,88.0
7467,Darrang,2023-10-22 02:15:00,19.1,19.7,88,88.0
7468,Darrang,2023-10-23 02:15:00,18.9,19.1,87,88.0
7469,Darrang,2023-10-24 02:15:00,19.8,18.9,77,87.0
7470,Darrang,2023-10-25 02:15:00,19.3,19.8,87,77.0
7471,Darrang,2023-10-26 02:00:00,19.4,19.3,91,87.0
7472,Darrang,2023-10-27 02:15:00,20.0,19.4,94,91.0
7473,Darrang,2023-10-28 02:00:00,19.3,20.0,93,94.0
7474,Darrang,2023-10-29 02:30:00,19.2,19.3,91,93.0
7475,Darrang,2023-10-30 01:45:00,19.7,19.2,92,91.0
7521,Datia,2023-10-15 02:30:00,26.4,25.3,42,44.0
7522,Datia,2023-10-16 02:30:00,26.2,26.4,42,42.0
7523,Datia,2023-10-17 02:15:00,20.9,26.2,79,42.0
7524,Datia,2023-10-18 02:15:00,23.5,20.9,63,79.0
7525,Datia,2023-10-19 02:15:00,23.4,23.5,45,63.0
7526,Datia,2023-10-20 02:15:00,23.0,23.4,42,45.0
7527,Datia,2023-10-21 02:00:00,22.4,23.0,47,42.0
7528,Datia,2023-10-22 02:15:00,22.4,22.4,43,47.0
7529,Datia,2023-10-23 02:00:00,21.8,22.4,41,43.0
7530,Datia,2023-10-24 02:15:00,21.9,21.8,43,41.0
7531,Datia,2023-10-25 02:15:00,21.6,21.9,44,43.0
7532,Datia,2023-10-26 02:00:00,21.7,21.6,40,44.0
7533,Datia,2023-10-27 02:15:00,21.1,21.7,40,40.0
7534,Datia,2023-10-28 02:00:00,21.6,21.1,32,40.0
7535,Datia,2023-10-29 02:30:00,22.0,21.6,34,32.0
7536,Datia,2023-10-30 01:45:00,22.5,22.0,37,34.0
7582,Dausa,2023-10-15 02:30:00,29.0,28.0,40,51.0
7583,Dausa,2023-10-16 02:30:00,26.0,29.0,61,40.0
7584,Dausa,2023-10-17 02:30:00,22.0,26.0,69,61.0
7585,Dausa,2023-10-18 02:30:00,23.0,22.0,73,69.0
7586,Dausa,2023-10-19 02:30:00,23.0,23.0,65,73.0
7587,Dausa,2023-10-20 02:30:00,23.0,23.0,61,65.0
7588,Dausa,2023-10-21 02:15:00,23.0,23.0,61,61.0
7589,Dausa,2023-10-22 02:30:00,24.0,23.0,57,61.0
7590,Dausa,2023-10-23 02:15:00,24.0,24.0,61,57.0
7591,Dausa,2023-10-24 02:15:00,23.0,24.0,57,61.0
7592,Dausa,2023-10-25 02:30:00,24.0,23.0,54,57.0
7593,Dausa,2023-10-26 02:00:00,22.0,24.0,65,54.0
7594,Dausa,2023-10-27 02:15:00,21.0,22.0,49,65.0
7595,Dausa,2023-10-28 02:00:00,24.0,21.0,44,49.0
7596,Dausa,2023-10-29 02:45:00,21.0,24.0,64,44.0
7597,Dausa,2023-10-30 02:00:00,23.0,21.0,53,64.0
7643,Dehradun,2023-10-15 02:30:00,17.6,16.9,59,66.0
7644,Dehradun,2023-10-16 02:30:00,16.4,17.6,61,59.0
7645,Dehradun,2023-10-17 02:30:00,13.9,16.4,70,61.0
7646,Dehradun,2023-10-18 02:30:00,13.8,13.9,63,70.0
7647,Dehradun,2023-10-19 02:15:00,13.7,13.8,67,63.0
7648,Dehradun,2023-10-20 02:30:00,13.8,13.7,63,67.0
7649,Dehradun,2023-10-21 02:15:00,13.9,13.8,59,63.0
7650,Dehradun,2023-10-22 02:15:00,14.5,13.9,55,59.0
7651,Dehradun,2023-10-23 02:15:00,14.3,14.5,61,55.0
7652,Dehradun,2023-10-24 02:15:00,14.1,14.3,59,61.0
7653,Dehradun,2023-10-25 02:15:00,14.4,14.1,48,59.0
7654,Dehradun,2023-10-26 02:00:00,15.0,14.4,50,48.0
7655,Dehradun,2023-10-27 02:15:00,14.8,15.0,47,50.0
7656,Dehradun,2023-10-28 02:00:00,14.8,14.8,57,47.0
7657,Dehradun,2023-10-29 02:30:00,14.9,14.8,59,57.0
7658,Dehradun,2023-10-30 01:45:00,15.0,14.9,58,59.0
7704,Deoghar,2023-10-15 02:30:00,22.4,23.7,68,71.0
7705,Deoghar,2023-10-16 02:30:00,23.5,22.4,68,68.0
7706,Deoghar,2023-10-17 02:15:00,23.5,23.5,73,68.0
7707,Deoghar,2023-10-18 02:30:00,23.4,23.5,73,73.0
7708,Deoghar,2023-10-19 02:15:00,21.9,23.4,78,73.0
7709,Deoghar,2023-10-20 02:30:00,21.7,21.9,68,78.0
7710,Deoghar,2023-10-21 02:15:00,21.0,21.7,65,68.0
7711,Deoghar,2023-10-22 02:15:00,20.6,21.0,61,65.0
7712,Deoghar,2023-10-23 02:00:00,20.7,20.6,61,61.0
7713,Deoghar,2023-10-24 02:15:00,21.5,20.7,75,61.0
7714,Deoghar,2023-10-25 02:15:00,21.8,21.5,75,75.0
7715,Deoghar,2023-10-26 02:00:00,21.8,21.8,70,75.0
7716,Deoghar,2023-10-27 02:15:00,21.1,21.8,56,70.0
7717,Deoghar,2023-10-28 02:00:00,21.0,21.1,57,56.0
7718,Deoghar,2023-10-29 02:30:00,21.3,21.0,55,57.0
7719,Deoghar,2023-10-30 01:45:00,21.5,21.3,63,55.0
7765,Deoria,2023-10-15 02:30:00,22.9,22.2,63,61.0
7766,Deoria,2023-10-16 02:30:00,23.0,22.9,73,63.0
7767,Deoria,2023-10-17 02:30:00,22.8,23.0,85,73.0
7768,Deoria,2023-10-18 02:30:00,22.1,22.8,71,85.0
7769,Deoria,2023-10-19 02:30:00,20.7,22.1,64,71.0
7770,Deoria,2023-10-20 02:30:00,20.4,20.7,55,64.0
7771,Deoria,2023-10-21 02:15:00,20.2,20.4,58,55.0
7772,Deoria,2023-10-22 02:30:00,20.5,20.2,57,58.0
7773,Deoria,2023-10-23 02:15:00,20.8,20.5,58,57.0
7774,Deoria,2023-10-24 02:15:00,21.1,20.8,63,58.0
7775,Deoria,2023-10-25 02:30:00,22.1,21.1,63,63.0
7776,Deoria,2023-10-26 02:00:00,22.4,22.1,69,63.0
7777,Deoria,2023-10-27 02:30:00,21.6,22.4,57,69.0
7778,Deoria,2023-10-28 02:00:00,21.3,21.6,52,57.0
7779,Deoria,2023-10-29 02:45:00,21.5,21.3,53,52.0
7780,Deoria,2023-10-30 02:00:00,20.8,21.5,54,53.0
7826,Dewas,2023-10-15 02:30:00,22.7,22.1,50,53.0
7827,Dewas,2023-10-16 02:30:00,24.5,22.7,60,50.0
7828,Dewas,2023-10-17 02:15:00,22.0,24.5,66,60.0
7829,Dewas,2023-10-18 02:15:00,21.6,22.0,64,66.0
7830,Dewas,2023-10-19 02:15:00,22.0,21.6,58,64.0
7831,Dewas,2023-10-20 02:15:00,21.8,22.0,60,58.0
7832,Dewas,2023-10-21 02:00:00,21.2,21.8,55,60.0
7833,Dewas,2023-10-22 02:15:00,21.8,21.2,53,55.0
7834,Dewas,2023-10-23 02:00:00,23.0,21.8,65,53.0
7835,Dewas,2023-10-24 02:15:00,21.7,23.0,43,65.0
7836,Dewas,2023-10-25 02:15:00,20.2,21.7,43,43.0
7837,Dewas,2023-10-26 02:00:00,20.0,20.2,46,43.0
7838,Dewas,2023-10-27 02:15:00,19.7,20.0,35,46.0
7839,Dewas,2023-10-28 02:00:00,19.0,19.7,49,35.0
7840,Dewas,2023-10-29 02:30:00,18.0,19.0,60,49.0
7841,Dewas,2023-10-30 01:45:00,20.4,18.0,45,60.0
7887,Dhalai,2023-10-15 02:30:00,19.8,20.5,90,90.0
7888,Dhalai,2023-10-16 02:30:00,20.3,19.8,90,90.0
7889,Dhalai,2023-10-17 02:15:00,21.4,20.3,91,90.0
7890,Dhalai,2023-10-18 02:30:00,20.1,21.4,91,91.0
7891,Dhalai,2023-10-19 02:15:00,19.5,20.1,88,91.0
7892,Dhalai,2023-10-20 02:30:00,19.3,19.5,89,88.0
7893,Dhalai,2023-10-21 02:15:00,19.5,19.3,90,89.0
7894,Dhalai,2023-10-22 02:15:00,20.1,19.5,88,90.0
7895,Dhalai,2023-10-23 02:15:00,19.6,20.1,96,88.0
7896,Dhalai,2023-10-24 02:15:00,20.8,19.6,94,96.0
7897,Dhalai,2023-10-25 02:15:00,21.7,20.8,76,94.0
7898,Dhalai,2023-10-26 02:00:00,19.4,21.7,96,76.0
7899,Dhalai,2023-10-27 02:15:00,19.4,19.4,93,96.0
7900,Dhalai,2023-10-28 02:00:00,19.2,19.4,93,93.0
7901,Dhalai,2023-10-29 02:30:00,19.1,19.2,92,93.0
7902,Dhalai,2023-10-30 01:45:00,19.6,19.1,91,92.0
7948,Dhamtari,2023-10-15 02:30:00,22.1,22.2,70,71.0
7949,Dhamtari,2023-10-16 02:30:00,21.9,22.1,70,70.0
7950,Dhamtari,2023-10-17 02:30:00,20.9,21.9,71,70.0
7951,Dhamtari,2023-10-18 02:30:00,21.6,20.9,72,71.0
7952,Dhamtari,2023-10-19 02:15:00,20.8,21.6,83,72.0
7953,Dhamtari,2023-10-20 02:30:00,20.8,20.8,87,83.0
7954,Dhamtari,2023-10-21 02:15:00,19.7,20.8,86,87.0
7955,Dhamtari,2023-10-22 02:15:00,18.0,19.7,71,86.0
7956,Dhamtari,2023-10-23 02:15:00,17.2,18.0,72,71.0
7957,Dhamtari,2023-10-24 02:15:00,17.0,17.2,78,72.0
7958,Dhamtari,2023-10-25 02:15:00,17.6,17.0,75,78.0
7959,Dhamtari,2023-10-26 02:00:00,17.9,17.6,68,75.0
7960,Dhamtari,2023-10-27 02:15:00,17.1,17.9,65,68.0
7961,Dhamtari,2023-10-28 02:00:00,17.6,17.1,70,65.0
7962,Dhamtari,2023-10-29 02:30:00,17.3,17.6,74,70.0
7963,Dhamtari,2023-10-30 01:45:00,17.9,17.3,76,74.0
8009,Dhanbad,2023-10-15 02:30:00,22.6,24.3,66,65.0
8010,Dhanbad,2023-10-16 02:30:00,23.3,22.6,67,66.0
8011,Dhanbad,2023-10-17 02:15:00,24.1,23.3,71,67.0
8012,Dhanbad,2023-10-18 02:30:00,23.7,24.1,72,71.0
8013,Dhanbad,2023-10-19 02:15:00,22.9,23.7,76,72.0
8014,Dhanbad,2023-10-20 02:30:00,22.5,22.9,67,76.0
8015,Dhanbad,2023-10-21 02:15:00,21.5,22.5,68,67.0
8016,Dhanbad,2023-10-22 02:15:00,21.0,21.5,60,68.0
8017,Dhanbad,2023-10-23 02:00:00,21.1,21.0,61,60.0
8018,Dhanbad,2023-10-24 02:15:00,22.1,21.1,68,61.0
8019,Dhanbad,2023-10-25 02:15:00,22.9,22.1,71,68.0
8020,Dhanbad,2023-10-26 02:00:00,24.0,22.9,62,71.0
8021,Dhanbad,2023-10-27 02:15:00,21.7,24.0,54,62.0
8022,Dhanbad,2023-10-28 02:00:00,21.9,21.7,55,54.0
8023,Dhanbad,2023-10-29 02:30:00,21.4,21.9,62,55.0
8024,Dhanbad,2023-10-30 01:45:00,21.7,21.4,62,62.0
8070,Dhar,2023-10-15 02:30:00,24.5,23.3,54,54.0
8071,Dhar,2023-10-16 02:30:00,24.1,24.5,64,54.0
8072,Dhar,2023-10-17 02:15:00,22.4,24.1,65,64.0
8073,Dhar,2023-10-18 02:15:00,22.0,22.4,63,65.0
8074,Dhar,2023-10-19 02:15:00,22.5,22.0,55,63.0
8075,Dhar,2023-10-20 02:15:00,22.5,22.5,54,55.0
8076,Dhar,2023-10-21 02:00:00,22.9,22.5,57,54.0
8077,Dhar,2023-10-22 02:15:00,22.6,22.9,57,57.0
8078,Dhar,2023-10-23 02:00:00,23.0,22.6,65,57.0
8079,Dhar,2023-10-24 02:15:00,22.6,23.0,42,65.0
8080,Dhar,2023-10-25 02:15:00,21.6,22.6,40,42.0
8081,Dhar,2023-10-26 02:00:00,20.0,21.6,46,40.0
8082,Dhar,2023-10-27 02:15:00,20.5,20.0,33,46.0
8083,Dhar,2023-10-28 02:00:00,19.0,20.5,49,33.0
8084,Dhar,2023-10-29 02:30:00,18.0,19.0,60,49.0
8085,Dhar,2023-10-30 01:45:00,21.3,18.0,42,60.0
8140,Dharmanagar,2023-10-15 02:30:00,21.3,21.3,92,88.0
8141,Dharmanagar,2023-10-16 02:30:00,21.4,21.3,93,92.0
8142,Dharmanagar,2023-10-16 02:30:00,21.1,21.4,94,93.0
8143,Dharmanagar,2023-10-17 02:15:00,21.4,21.1,89,94.0
8144,Dharmanagar,2023-10-18 02:30:00,20.9,21.4,87,89.0
8145,Dharmanagar,2023-10-18 02:30:00,20.5,20.9,88,87.0
8146,Dharmanagar,2023-10-19 02:15:00,20.7,20.5,89,88.0
8147,Dharmanagar,2023-10-20 02:30:00,20.7,20.7,93,89.0
8148,Dharmanagar,2023-10-20 02:30:00,20.5,20.7,94,93.0
8149,Dharmanagar,2023-10-21 02:15:00,20.2,20.5,93,94.0
8150,Dharmanagar,2023-10-22 02:15:00,20.9,20.2,89,93.0
8151,Dharmanagar,2023-10-23 02:15:00,21.3,20.9,96,89.0
8152,Dharmanagar,2023-10-24 02:15:00,21.9,21.3,96,96.0
8153,Dharmanagar,2023-10-25 02:15:00,22.1,21.9,84,96.0
8154,Dharmanagar,2023-10-26 02:00:00,21.0,22.1,98,84.0
8155,Dharmanagar,2023-10-27 02:15:00,20.8,21.0,97,98.0
8156,Dharmanagar,2023-10-28 02:00:00,20.5,20.8,93,97.0
8157,Dharmanagar,2023-10-29 02:30:00,19.5,20.5,84,93.0
8158,Dharmanagar,2023-10-30 01:45:00,20.0,19.5,88,84.0
8204,Dharmapuri,2023-10-15 02:30:00,22.3,20.4,85,83.0
8205,Dharmapuri,2023-10-16 02:30:00,22.0,22.3,88,85.0
8206,Dharmapuri,2023-10-17 02:30:00,20.6,22.0,97,88.0
8207,Dharmapuri,2023-10-18 02:30:00,20.2,20.6,86,97.0
8208,Dharmapuri,2023-10-19 02:30:00,20.2,20.2,85,86.0
8209,Dharmapuri,2023-10-20 02:30:00,19.9,20.2,90,85.0
8210,Dharmapuri,2023-10-21 02:15:00,20.2,19.9,91,90.0
8211,Dharmapuri,2023-10-22 02:30:00,20.6,20.2,84,91.0
8212,Dharmapuri,2023-10-23 02:15:00,21.6,20.6,83,84.0
8213,Dharmapuri,2023-10-24 02:15:00,19.1,21.6,50,83.0
8214,Dharmapuri,2023-10-25 02:30:00,18.9,19.1,60,50.0
8215,Dharmapuri,2023-10-26 02:00:00,19.7,18.9,75,60.0
8216,Dharmapuri,2023-10-27 02:30:00,19.3,19.7,87,75.0
8217,Dharmapuri,2023-10-28 02:00:00,20.3,19.3,93,87.0
8218,Dharmapuri,2023-10-29 02:45:00,20.3,20.3,90,93.0
8219,Dharmapuri,2023-10-30 02:00:00,20.2,20.3,97,90.0
8265,Dharwad,2023-10-15 02:30:00,24.6,24.8,63,54.0
8266,Dharwad,2023-10-16 02:30:00,23.8,24.6,69,63.0
8267,Dharwad,2023-10-17 02:30:00,25.2,23.8,61,69.0
8268,Dharwad,2023-10-18 02:30:00,25.3,25.2,59,61.0
8269,Dharwad,2023-10-19 02:15:00,25.4,25.3,52,59.0
8270,Dharwad,2023-10-20 02:30:00,23.9,25.4,53,52.0
8271,Dharwad,2023-10-21 02:15:00,24.4,23.9,58,53.0
8272,Dharwad,2023-10-22 02:15:00,25.5,24.4,48,58.0
8273,Dharwad,2023-10-23 02:15:00,22.2,25.5,50,48.0
8274,Dharwad,2023-10-24 02:15:00,21.4,22.2,45,50.0
8275,Dharwad,2023-10-25 02:15:00,21.3,21.4,49,45.0
8276,Dharwad,2023-10-26 02:00:00,21.2,21.3,50,49.0
8277,Dharwad,2023-10-27 02:15:00,19.8,21.2,49,50.0
8278,Dharwad,2023-10-28 02:00:00,20.7,19.8,44,49.0
8279,Dharwad,2023-10-29 02:45:00,24.4,20.7,61,44.0
8280,Dharwad,2023-10-30 02:00:00,23.9,24.4,73,61.0
8326,Dhaulpur,2023-10-15 02:30:00,28.2,26.4,39,42.0
8327,Dhaulpur,2023-10-16 02:30:00,28.0,28.2,41,39.0
8328,Dhaulpur,2023-10-17 02:30:00,21.3,28.0,79,41.0
8329,Dhaulpur,2023-10-18 02:30:00,23.5,21.3,63,79.0
8330,Dhaulpur,2023-10-19 02:30:00,23.8,23.5,46,63.0
8331,Dhaulpur,2023-10-20 02:30:00,23.3,23.8,43,46.0
8332,Dhaulpur,2023-10-21 02:30:00,22.9,23.3,45,43.0
8333,Dhaulpur,2023-10-22 02:30:00,22.7,22.9,47,45.0
8334,Dhaulpur,2023-10-23 02:15:00,23.2,22.7,39,47.0
8335,Dhaulpur,2023-10-24 02:15:00,22.6,23.2,42,39.0
8336,Dhaulpur,2023-10-25 02:30:00,22.2,22.6,44,42.0
8337,Dhaulpur,2023-10-26 02:00:00,22.6,22.2,39,44.0
8338,Dhaulpur,2023-10-27 02:30:00,21.9,22.6,30,39.0
8339,Dhaulpur,2023-10-28 02:00:00,22.0,21.9,30,30.0
8340,Dhaulpur,2023-10-29 02:45:00,23.1,22.0,36,30.0
8341,Dhaulpur,2023-10-30 02:00:00,23.5,23.1,40,36.0
8387,Dhemaji,2023-10-15 02:30:00,20.6,21.0,96,97.0
8388,Dhemaji,2023-10-16 02:30:00,20.4,20.6,95,96.0
8389,Dhemaji,2023-10-17 02:15:00,20.0,20.4,93,95.0
8390,Dhemaji,2023-10-18 02:30:00,20.9,20.0,87,93.0
8391,Dhemaji,2023-10-19 02:15:00,19.8,20.9,93,87.0
8392,Dhemaji,2023-10-20 02:30:00,19.3,19.8,91,93.0
8393,Dhemaji,2023-10-21 02:15:00,19.2,19.3,90,91.0
8394,Dhemaji,2023-10-22 02:15:00,18.6,19.2,86,90.0
8395,Dhemaji,2023-10-23 02:15:00,17.9,18.6,83,86.0
8396,Dhemaji,2023-10-24 02:15:00,20.0,17.9,74,83.0
8397,Dhemaji,2023-10-25 02:15:00,18.9,20.0,64,74.0
8398,Dhemaji,2023-10-26 02:00:00,18.4,18.9,90,64.0
8399,Dhemaji,2023-10-27 02:15:00,19.3,18.4,96,90.0
8400,Dhemaji,2023-10-28 02:00:00,19.5,19.3,95,96.0
8401,Dhemaji,2023-10-29 02:30:00,18.9,19.5,95,95.0
8402,Dhemaji,2023-10-30 01:45:00,19.6,18.9,90,95.0
8448,Dhenkanal,2023-10-15 02:30:00,27.0,25.1,84,83.0
8449,Dhenkanal,2023-10-16 02:30:00,25.0,27.0,89,84.0
8450,Dhenkanal,2023-10-17 02:30:00,26.0,25.0,89,89.0
8451,Dhenkanal,2023-10-18 02:30:00,25.0,26.0,94,89.0
8452,Dhenkanal,2023-10-19 02:30:00,26.0,25.0,89,94.0
8453,Dhenkanal,2023-10-20 02:30:00,24.0,26.0,94,89.0
8454,Dhenkanal,2023-10-21 02:15:00,24.0,24.0,89,94.0
8455,Dhenkanal,2023-10-22 02:30:00,24.0,24.0,83,89.0
8456,Dhenkanal,2023-10-23 02:15:00,25.0,24.0,79,83.0
8457,Dhenkanal,2023-10-24 02:15:00,25.0,25.0,89,79.0
8458,Dhenkanal,2023-10-25 02:15:00,24.0,25.0,94,89.0
8459,Dhenkanal,2023-10-26 02:00:00,25.0,24.0,94,94.0
8460,Dhenkanal,2023-10-27 02:15:00,23.0,25.0,83,94.0
8461,Dhenkanal,2023-10-28 02:00:00,20.3,23.0,60,83.0
8462,Dhenkanal,2023-10-29 02:45:00,21.0,20.3,83,60.0
8463,Dhenkanal,2023-10-30 02:00:00,21.0,21.0,88,83.0
8509,Dhubri,2023-10-15 02:30:00,22.9,23.9,84,80.0
8510,Dhubri,2023-10-16 02:30:00,22.7,22.9,83,84.0
8511,Dhubri,2023-10-17 02:15:00,22.3,22.7,87,83.0
8512,Dhubri,2023-10-18 02:30:00,22.3,22.3,85,87.0
8513,Dhubri,2023-10-19 02:15:00,22.3,22.3,87,85.0
8514,Dhubri,2023-10-20 02:30:00,21.8,22.3,85,87.0
8515,Dhubri,2023-10-21 02:15:00,21.3,21.8,86,85.0
8516,Dhubri,2023-10-22 02:15:00,20.7,21.3,84,86.0
8517,Dhubri,2023-10-23 02:15:00,20.9,20.7,84,84.0
8518,Dhubri,2023-10-24 02:15:00,21.4,20.9,83,84.0
8519,Dhubri,2023-10-25 02:15:00,20.7,21.4,77,83.0
8520,Dhubri,2023-10-26 02:00:00,21.4,20.7,79,77.0
8521,Dhubri,2023-10-27 02:15:00,22.2,21.4,84,79.0
8522,Dhubri,2023-10-28 02:00:00,21.0,22.2,83,84.0
8523,Dhubri,2023-10-29 02:30:00,20.9,21.0,78,83.0
8524,Dhubri,2023-10-30 01:45:00,21.6,20.9,84,78.0
8570,Dhule,2023-10-15 02:30:00,26.2,27.8,49,45.0
8571,Dhule,2023-10-16 02:30:00,26.7,26.2,53,49.0
8572,Dhule,2023-10-17 02:30:00,25.6,26.7,56,53.0
8573,Dhule,2023-10-18 02:30:00,25.9,25.6,57,56.0
8574,Dhule,2023-10-19 02:30:00,26.2,25.9,49,57.0
8575,Dhule,2023-10-20 02:30:00,25.7,26.2,48,49.0
8576,Dhule,2023-10-21 02:15:00,24.2,25.7,52,48.0
8577,Dhule,2023-10-22 02:30:00,25.5,24.2,48,52.0
8578,Dhule,2023-10-23 02:15:00,25.1,25.5,43,48.0
8579,Dhule,2023-10-24 02:15:00,24.4,25.1,44,43.0
8580,Dhule,2023-10-25 02:15:00,23.9,24.4,46,44.0
8581,Dhule,2023-10-26 02:00:00,22.6,23.9,41,46.0
8582,Dhule,2023-10-27 02:15:00,22.2,22.6,42,41.0
8583,Dhule,2023-10-28 02:00:00,21.8,22.2,39,42.0
8584,Dhule,2023-10-29 02:45:00,22.2,21.8,42,39.0
8585,Dhule,2023-10-30 02:00:00,22.3,22.2,43,42.0
8631,Dibrugarh,2023-10-15 02:30:00,20.6,21.0,96,97.0
8632,Dibrugarh,2023-10-16 02:30:00,20.4,20.6,95,96.0
8633,Dibrugarh,2023-10-17 02:15:00,20.0,20.4,93,95.0
8634,Dibrugarh,2023-10-18 02:30:00,20.9,20.0,87,93.0
8635,Dibrugarh,2023-10-19 02:15:00,19.8,20.9,93,87.0
8636,Dibrugarh,2023-10-20 02:30:00,19.3,19.8,91,93.0
8637,Dibrugarh,2023-10-21 02:15:00,19.2,19.3,90,91.0
8638,Dibrugarh,2023-10-22 02:15:00,18.6,19.2,86,90.0
8639,Dibrugarh,2023-10-23 02:15:00,17.9,18.6,83,86.0
8640,Dibrugarh,2023-10-24 02:15:00,20.0,17.9,74,83.0
8641,Dibrugarh,2023-10-25 02:15:00,18.9,20.0,64,74.0
8642,Dibrugarh,2023-10-26 02:00:00,18.4,18.9,90,64.0
8643,Dibrugarh,2023-10-27 02:15:00,19.3,18.4,96,90.0
8644,Dibrugarh,2023-10-28 02:00:00,19.5,19.3,95,96.0
8645,Dibrugarh,2023-10-29 02:30:00,18.9,19.5,95,95.0
8646,Dibrugarh,2023-10-30 01:45:00,19.6,18.9,90,95.0
8692,Dimapur,2023-10-15 02:30:00,18.9,19.2,93,95.0
8693,Dimapur,2023-10-16 02:30:00,18.5,18.9,93,93.0
8694,Dimapur,2023-10-17 02:15:00,17.8,18.5,90,93.0
8695,Dimapur,2023-10-18 02:30:00,18.4,17.8,89,90.0
8696,Dimapur,2023-10-19 02:15:00,17.5,18.4,95,89.0
8697,Dimapur,2023-10-20 02:30:00,17.3,17.5,91,95.0
8698,Dimapur,2023-10-21 02:15:00,16.9,17.3,90,91.0
8699,Dimapur,2023-10-22 02:15:00,16.9,16.9,88,90.0
8700,Dimapur,2023-10-23 02:15:00,17.0,16.9,89,88.0
8701,Dimapur,2023-10-24 02:15:00,18.8,17.0,92,89.0
8702,Dimapur,2023-10-25 02:15:00,17.5,18.8,92,92.0
8703,Dimapur,2023-10-26 02:00:00,17.3,17.5,97,92.0
8704,Dimapur,2023-10-27 02:15:00,17.7,17.3,97,97.0
8705,Dimapur,2023-10-28 02:00:00,17.1,17.7,90,97.0
8706,Dimapur,2023-10-29 02:30:00,16.5,17.1,90,90.0
8707,Dimapur,2023-10-30 01:45:00,17.1,16.5,90,90.0
8753,Dindigul,2023-10-15 02:30:00,22.4,25.0,86,89.0
8754,Dindigul,2023-10-16 02:30:00,23.2,22.4,84,86.0
8755,Dindigul,2023-10-17 02:30:00,21.0,23.2,94,84.0
8756,Dindigul,2023-10-18 02:30:00,25.0,21.0,94,94.0
8757,Dindigul,2023-10-19 02:30:00,21.5,25.0,83,94.0
8758,Dindigul,2023-10-20 02:30:00,21.6,21.5,85,83.0
8759,Dindigul,2023-10-21 02:15:00,25.0,21.6,94,85.0
8760,Dindigul,2023-10-22 02:30:00,24.0,25.0,89,94.0
8761,Dindigul,2023-10-23 02:15:00,26.0,24.0,89,89.0
8762,Dindigul,2023-10-24 02:15:00,22.7,26.0,82,89.0
8763,Dindigul,2023-10-25 02:30:00,22.8,22.7,86,82.0
8764,Dindigul,2023-10-26 02:00:00,22.4,22.8,85,86.0
8765,Dindigul,2023-10-27 02:30:00,21.5,22.4,86,85.0
8766,Dindigul,2023-10-28 02:00:00,27.0,21.5,79,86.0
8767,Dindigul,2023-10-29 02:45:00,26.0,27.0,89,79.0
8768,Dindigul,2023-10-30 02:00:00,25.0,26.0,94,89.0
8814,Dindori,2023-10-15 02:30:00,15.9,14.1,67,67.0
8815,Dindori,2023-10-16 02:30:00,17.0,15.9,66,67.0
8816,Dindori,2023-10-17 02:15:00,16.0,17.0,74,66.0
8817,Dindori,2023-10-18 02:15:00,13.8,16.0,81,74.0
8818,Dindori,2023-10-19 02:15:00,9.7,13.8,81,81.0
8819,Dindori,2023-10-20 02:15:00,9.4,9.7,80,81.0
8820,Dindori,2023-10-21 02:00:00,8.7,9.4,62,80.0
8821,Dindori,2023-10-22 02:15:00,8.2,8.7,65,62.0
8822,Dindori,2023-10-23 02:00:00,6.6,8.2,64,65.0
8823,Dindori,2023-10-24 02:15:00,7.1,6.6,67,64.0
8824,Dindori,2023-10-25 02:15:00,7.2,7.1,69,67.0
8825,Dindori,2023-10-26 02:00:00,7.1,7.2,62,69.0
8826,Dindori,2023-10-27 02:15:00,7.0,7.1,60,62.0
8827,Dindori,2023-10-28 02:00:00,7.2,7.0,60,60.0
8828,Dindori,2023-10-29 02:30:00,7.2,7.2,59,60.0
8829,Dindori,2023-10-30 01:45:00,7.7,7.2,65,59.0
8875,Diu,2023-10-15 02:30:00,26.4,26.6,70,83.0
8876,Diu,2023-10-16 02:30:00,25.7,26.4,81,70.0
8877,Diu,2023-10-17 02:15:00,25.9,25.7,77,81.0
8878,Diu,2023-10-18 02:15:00,26.1,25.9,74,77.0
8879,Diu,2023-10-19 02:15:00,26.8,26.1,64,74.0
8880,Diu,2023-10-20 02:30:00,26.4,26.8,51,64.0
8881,Diu,2023-10-21 02:15:00,27.0,26.4,72,51.0
8882,Diu,2023-10-22 02:15:00,27.2,27.0,69,72.0
8883,Diu,2023-10-23 02:00:00,27.0,27.2,63,69.0
8884,Diu,2023-10-24 02:15:00,26.7,27.0,65,63.0
8885,Diu,2023-10-25 02:15:00,27.3,26.7,70,65.0
8886,Diu,2023-10-26 02:00:00,26.8,27.3,65,70.0
8887,Diu,2023-10-27 02:15:00,26.5,26.8,69,65.0
8888,Diu,2023-10-28 02:00:00,26.4,26.5,69,69.0
8889,Diu,2023-10-29 02:30:00,26.5,26.4,61,69.0
8890,Diu,2023-10-30 01:45:00,26.9,26.5,63,61.0
8936,Doda,2023-10-15 02:30:00,12.2,13.1,64,55.0
8937,Doda,2023-10-16 02:30:00,11.5,12.2,56,64.0
8938,Doda,2023-10-17 02:15:00,10.4,11.5,79,56.0
8939,Doda,2023-10-18 02:15:00,8.0,10.4,73,79.0
8940,Doda,2023-10-19 02:15:00,9.1,8.0,68,73.0
8941,Doda,2023-10-20 02:15:00,9.5,9.1,67,68.0
8942,Doda,2023-10-21 02:15:00,9.5,9.5,63,67.0
8943,Doda,2023-10-22 02:15:00,10.7,9.5,62,63.0
8944,Doda,2023-10-23 02:00:00,8.9,10.7,71,62.0
8945,Doda,2023-10-24 02:15:00,9.3,8.9,61,71.0
8946,Doda,2023-10-25 02:15:00,9.1,9.3,51,61.0
8947,Doda,2023-10-26 02:00:00,10.1,9.1,50,51.0
8948,Doda,2023-10-27 02:15:00,10.2,10.1,50,50.0
8949,Doda,2023-10-28 02:00:00,10.5,10.2,52,50.0
8950,Doda,2023-10-29 02:30:00,10.8,10.5,50,52.0
8951,Doda,2023-10-30 01:45:00,10.7,10.8,46,50.0
8997,Dohad,2023-10-15 02:30:00,24.8,25.6,57,53.0
8998,Dohad,2023-10-16 02:30:00,24.7,24.8,64,57.0
8999,Dohad,2023-10-17 02:15:00,24.1,24.7,58,64.0
9000,Dohad,2023-10-18 02:15:00,24.1,24.1,59,58.0
9001,Dohad,2023-10-19 02:15:00,23.7,24.1,58,59.0
9002,Dohad,2023-10-20 02:30:00,23.6,23.7,49,58.0
9003,Dohad,2023-10-21 02:15:00,24.7,23.6,54,49.0
9004,Dohad,2023-10-22 02:15:00,24.5,24.7,54,54.0
9005,Dohad,2023-10-23 02:00:00,24.6,24.5,41,54.0
9006,Dohad,2023-10-24 02:15:00,24.4,24.6,37,41.0
9007,Dohad,2023-10-25 02:15:00,23.0,24.4,39,37.0
9008,Dohad,2023-10-26 02:00:00,22.8,23.0,33,39.0
9009,Dohad,2023-10-27 02:15:00,22.3,22.8,32,33.0
9010,Dohad,2023-10-28 02:00:00,22.4,22.3,36,32.0
9011,Dohad,2023-10-29 02:30:00,23.5,22.4,36,36.0
9012,Dohad,2023-10-30 01:45:00,23.6,23.5,36,36.0
9058,Dumka,2023-10-15 02:30:00,21.8,23.1,70,65.0
9059,Dumka,2023-10-16 02:30:00,22.7,21.8,69,70.0
9060,Dumka,2023-10-17 02:15:00,23.5,22.7,75,69.0
9061,Dumka,2023-10-18 02:30:00,23.1,23.5,76,75.0
9062,Dumka,2023-10-19 02:15:00,21.6,23.1,79,76.0
9063,Dumka,2023-10-20 02:30:00,20.9,21.6,69,79.0
9064,Dumka,2023-10-21 02:15:00,20.4,20.9,71,69.0
9065,Dumka,2023-10-22 02:15:00,19.9,20.4,66,71.0
9066,Dumka,2023-10-23 02:00:00,20.4,19.9,68,66.0
9067,Dumka,2023-10-24 02:15:00,21.4,20.4,81,68.0
9068,Dumka,2023-10-25 02:15:00,21.7,21.4,88,81.0
9069,Dumka,2023-10-26 02:00:00,21.4,21.7,79,88.0
9070,Dumka,2023-10-27 02:15:00,20.6,21.4,61,79.0
9071,Dumka,2023-10-28 02:00:00,20.8,20.6,58,61.0
9072,Dumka,2023-10-29 02:30:00,19.9,20.8,58,58.0
9073,Dumka,2023-10-30 01:45:00,21.0,19.9,64,58.0
9119,Dungarpur,2023-10-15 02:30:00,26.7,24.9,48,46.0
9120,Dungarpur,2023-10-16 02:30:00,24.1,26.7,56,48.0
9121,Dungarpur,2023-10-17 02:30:00,24.3,24.1,47,56.0
9122,Dungarpur,2023-10-18 02:30:00,23.5,24.3,53,47.0
9123,Dungarpur,2023-10-19 02:30:00,24.2,23.5,48,53.0
9124,Dungarpur,2023-10-20 02:30:00,23.4,24.2,46,48.0
9125,Dungarpur,2023-10-21 02:15:00,23.6,23.4,45,46.0
9126,Dungarpur,2023-10-22 02:30:00,23.9,23.6,35,45.0
9127,Dungarpur,2023-10-23 02:15:00,25.0,23.9,37,35.0
9128,Dungarpur,2023-10-24 02:15:00,23.9,25.0,36,37.0
9129,Dungarpur,2023-10-25 02:30:00,23.3,23.9,33,36.0
9130,Dungarpur,2023-10-26 02:00:00,23.2,23.3,31,33.0
9131,Dungarpur,2023-10-27 02:15:00,22.8,23.2,34,31.0
9132,Dungarpur,2023-10-28 02:00:00,22.3,22.8,29,34.0
9133,Dungarpur,2023-10-29 02:45:00,22.5,22.3,34,29.0
9134,Dungarpur,2023-10-30 02:00:00,22.3,22.5,38,34.0
9180,Durg,2023-10-15 02:30:00,23.2,23.3,66,63.0
9181,Durg,2023-10-16 02:30:00,22.6,23.2,67,66.0
9182,Durg,2023-10-17 02:30:00,22.5,22.6,64,67.0
9183,Durg,2023-10-18 02:30:00,22.5,22.5,71,64.0
9184,Durg,2023-10-19 02:15:00,22.4,22.5,76,71.0
9185,Durg,2023-10-20 02:30:00,22.1,22.4,81,76.0
9186,Durg,2023-10-21 02:15:00,21.0,22.1,72,81.0
9187,Durg,2023-10-22 02:15:00,19.8,21.0,64,72.0
9188,Durg,2023-10-23 02:15:00,19.7,19.8,63,64.0
9189,Durg,2023-10-24 02:15:00,18.5,19.7,63,63.0
9190,Durg,2023-10-25 02:15:00,19.1,18.5,62,63.0
9191,Durg,2023-10-26 02:00:00,19.4,19.1,57,62.0
9192,Durg,2023-10-27 02:15:00,18.7,19.4,56,57.0
9193,Durg,2023-10-28 02:00:00,19.1,18.7,60,56.0
9194,Durg,2023-10-29 02:30:00,18.8,19.1,63,60.0
9195,Durg,2023-10-30 01:45:00,19.4,18.8,66,63.0
9241,Dwarka,2023-10-15 02:30:00,26.9,27.0,69,74.0
9242,Dwarka,2023-10-16 02:30:00,27.0,26.9,72,69.0
9243,Dwarka,2023-10-17 02:15:00,26.8,27.0,72,72.0
9244,Dwarka,2023-10-18 02:15:00,26.6,26.8,79,72.0
9245,Dwarka,2023-10-19 02:15:00,27.2,26.6,81,79.0
9246,Dwarka,2023-10-20 02:30:00,27.3,27.2,78,81.0
9247,Dwarka,2023-10-21 02:15:00,27.3,27.3,77,78.0
9248,Dwarka,2023-10-22 02:15:00,28.0,27.3,68,77.0
9249,Dwarka,2023-10-23 02:00:00,27.3,28.0,77,68.0
9250,Dwarka,2023-10-24 02:15:00,27.3,27.3,79,77.0
9251,Dwarka,2023-10-25 02:15:00,27.4,27.3,77,79.0
9252,Dwarka,2023-10-26 02:00:00,27.1,27.4,75,77.0
9253,Dwarka,2023-10-27 02:15:00,27.0,27.1,75,75.0
9254,Dwarka,2023-10-28 02:00:00,27.1,27.0,73,75.0
9255,Dwarka,2023-10-29 02:30:00,27.1,27.1,73,73.0
9256,Dwarka,2023-10-30 01:45:00,27.6,27.1,70,73.0
9334,East Godavari,2023-10-15 02:30:00,24.6,24.9,84,85.0
9335,East Godavari,2023-10-16 02:30:00,24.2,24.6,80,84.0
9336,East Godavari,2023-10-17 02:15:00,25.9,24.2,73,80.0
9337,East Godavari,2023-10-17 02:30:00,25.9,25.9,73,73.0
9338,East Godavari,2023-10-18 02:15:00,24.3,25.9,79,73.0
9339,East Godavari,2023-10-18 02:30:00,24.3,24.3,79,79.0
9340,East Godavari,2023-10-19 02:15:00,23.4,24.3,92,79.0
9341,East Godavari,2023-10-19 02:30:00,23.4,23.4,92,92.0
9342,East Godavari,2023-10-20 02:30:00,24.1,23.4,90,92.0
9343,East Godavari,2023-10-21 02:15:00,24.3,24.1,87,90.0
9344,East Godavari,2023-10-21 02:30:00,24.3,24.3,87,87.0
9345,East Godavari,2023-10-22 02:15:00,24.3,24.3,82,87.0
9346,East Godavari,2023-10-22 02:30:00,24.3,24.3,82,82.0
9347,East Godavari,2023-10-23 02:00:00,23.1,24.3,85,82.0
9348,East Godavari,2023-10-23 02:15:00,23.1,23.1,85,85.0
9349,East Godavari,2023-10-24 02:15:00,25.4,23.1,76,85.0
9350,East Godavari,2023-10-25 02:15:00,24.4,25.4,80,76.0
9351,East Godavari,2023-10-25 02:30:00,24.4,24.4,80,80.0
9352,East Godavari,2023-10-26 02:00:00,24.5,24.4,83,80.0
9353,East Godavari,2023-10-27 02:15:00,24.0,24.5,84,83.0
9354,East Godavari,2023-10-27 02:30:00,24.0,24.0,84,84.0
9355,East Godavari,2023-10-28 02:00:00,23.7,24.0,92,84.0
9356,East Godavari,2023-10-29 02:30:00,24.9,23.7,83,92.0
9357,East Godavari,2023-10-29 02:45:00,24.9,24.9,83,83.0
9358,East Godavari,2023-10-30 01:45:00,24.1,24.9,78,83.0
9359,East Godavari,2023-10-30 02:00:00,23.8,24.1,78,78.0
9405,Ernakulam,2023-10-15 02:30:00,25.0,25.0,94,94.0
9406,Ernakulam,2023-10-16 02:30:00,27.0,25.0,94,94.0
9407,Ernakulam,2023-10-17 02:30:00,24.0,27.0,94,94.0
9408,Ernakulam,2023-10-18 02:30:00,25.0,24.0,94,94.0
9409,Ernakulam,2023-10-19 02:15:00,26.0,25.0,94,94.0
9410,Ernakulam,2023-10-20 02:30:00,26.0,26.0,94,94.0
9411,Ernakulam,2023-10-21 02:15:00,25.0,26.0,94,94.0
9412,Ernakulam,2023-10-22 02:15:00,25.0,25.0,94,94.0
9413,Ernakulam,2023-10-23 02:15:00,24.0,25.0,94,94.0
9414,Ernakulam,2023-10-24 02:15:00,24.0,24.0,94,94.0
9415,Ernakulam,2023-10-25 02:15:00,24.0,24.0,100,94.0
9416,Ernakulam,2023-10-26 02:00:00,26.0,24.0,100,100.0
9417,Ernakulam,2023-10-27 02:15:00,25.0,26.0,94,100.0
9418,Ernakulam,2023-10-28 02:00:00,25.0,25.0,89,94.0
9419,Ernakulam,2023-10-29 02:30:00,25.0,25.0,94,89.0
9420,Ernakulam,2023-10-30 01:45:00,24.0,25.0,94,94.0
9466,Erode,2023-10-15 02:30:00,24.1,24.0,87,81.0
9467,Erode,2023-10-16 02:30:00,24.2,24.1,78,87.0
9468,Erode,2023-10-17 02:30:00,22.7,24.2,95,78.0
9469,Erode,2023-10-18 02:30:00,23.8,22.7,90,95.0
9470,Erode,2023-10-19 02:30:00,23.8,23.8,80,90.0
9471,Erode,2023-10-20 02:30:00,23.3,23.8,81,80.0
9472,Erode,2023-10-21 02:15:00,23.4,23.3,82,81.0
9473,Erode,2023-10-22 02:30:00,24.5,23.4,78,82.0
9474,Erode,2023-10-23 02:15:00,23.5,24.5,85,78.0
9475,Erode,2023-10-24 02:15:00,24.3,23.5,79,85.0
9476,Erode,2023-10-25 02:30:00,23.6,24.3,79,79.0
9477,Erode,2023-10-26 02:00:00,23.9,23.6,82,79.0
9478,Erode,2023-10-27 02:30:00,23.3,23.9,78,82.0
9479,Erode,2023-10-28 02:00:00,23.6,23.3,83,78.0
9480,Erode,2023-10-29 02:45:00,23.1,23.6,92,83.0
9481,Erode,2023-10-30 02:00:00,23.0,23.1,91,92.0
9527,Etah,2023-10-15 02:30:00,25.7,24.7,44,44.0
9528,Etah,2023-10-16 02:30:00,25.3,25.7,50,44.0
9529,Etah,2023-10-17 02:30:00,21.1,25.3,73,50.0
9530,Etah,2023-10-18 02:30:00,22.4,21.1,56,73.0
9531,Etah,2023-10-19 02:30:00,22.1,22.4,52,56.0
9532,Etah,2023-10-20 02:30:00,21.5,22.1,44,52.0
9533,Etah,2023-10-21 02:15:00,22.0,21.5,46,44.0
9534,Etah,2023-10-22 02:30:00,21.7,22.0,48,46.0
9535,Etah,2023-10-23 02:15:00,22.4,21.7,38,48.0
9536,Etah,2023-10-24 02:15:00,22.0,22.4,45,38.0
9537,Etah,2023-10-25 02:30:00,21.9,22.0,49,45.0
9538,Etah,2023-10-26 02:00:00,21.9,21.9,37,49.0
9539,Etah,2023-10-27 02:30:00,22.2,21.9,36,37.0
9540,Etah,2023-10-28 02:00:00,21.6,22.2,39,36.0
9541,Etah,2023-10-29 02:45:00,22.6,21.6,38,39.0
9542,Etah,2023-10-30 02:00:00,22.6,22.6,43,38.0
9588,Etawah,2023-10-15 02:30:00,26.7,25.0,37,36.0
9589,Etawah,2023-10-16 02:30:00,26.1,26.7,42,37.0
9590,Etawah,2023-10-17 02:30:00,21.0,26.1,74,42.0
9591,Etawah,2023-10-18 02:30:00,22.5,21.0,63,74.0
9592,Etawah,2023-10-19 02:30:00,23.0,22.5,47,63.0
9593,Etawah,2023-10-20 02:30:00,21.8,23.0,45,47.0
9594,Etawah,2023-10-21 02:15:00,21.3,21.8,46,45.0
9595,Etawah,2023-10-22 02:30:00,21.5,21.3,48,46.0
9596,Etawah,2023-10-23 02:15:00,21.6,21.5,46,48.0
9597,Etawah,2023-10-24 02:15:00,21.5,21.6,46,46.0
9598,Etawah,2023-10-25 02:30:00,21.5,21.5,49,46.0
9599,Etawah,2023-10-26 02:00:00,21.7,21.5,37,49.0
9600,Etawah,2023-10-27 02:30:00,21.8,21.7,33,37.0
9601,Etawah,2023-10-28 02:00:00,21.3,21.8,39,33.0
9602,Etawah,2023-10-29 02:45:00,22.4,21.3,33,39.0
9603,Etawah,2023-10-30 02:00:00,22.3,22.4,40,33.0
9649,Faizabad,2023-10-15 02:30:00,23.5,22.5,60,59.0
9650,Faizabad,2023-10-16 02:30:00,23.4,23.5,67,60.0
9651,Faizabad,2023-10-17 02:30:00,21.1,23.4,86,67.0
9652,Faizabad,2023-10-18 02:30:00,21.3,21.1,74,86.0
9653,Faizabad,2023-10-19 02:30:00,20.1,21.3,66,74.0
9654,Faizabad,2023-10-20 02:30:00,20.1,20.1,49,66.0
9655,Faizabad,2023-10-21 02:15:00,19.6,20.1,52,49.0
9656,Faizabad,2023-10-22 02:30:00,20.0,19.6,52,52.0
9657,Faizabad,2023-10-23 02:15:00,20.8,20.0,63,52.0
9658,Faizabad,2023-10-24 02:15:00,21.5,20.8,56,63.0
9659,Faizabad,2023-10-25 02:30:00,21.9,21.5,60,56.0
9660,Faizabad,2023-10-26 02:00:00,21.8,21.9,64,60.0
9661,Faizabad,2023-10-27 02:30:00,20.9,21.8,54,64.0
9662,Faizabad,2023-10-28 02:00:00,21.1,20.9,44,54.0
9663,Faizabad,2023-10-29 02:45:00,21.6,21.1,50,44.0
9664,Faizabad,2023-10-30 02:00:00,21.1,21.6,53,50.0
9710,Faridabad,2023-10-15 02:30:00,24.0,25.0,74,69.0
9711,Faridabad,2023-10-16 02:30:00,26.0,24.0,65,74.0
9712,Faridabad,2023-10-17 02:15:00,19.0,26.0,94,65.0
9713,Faridabad,2023-10-18 02:15:00,21.0,19.0,78,94.0
9714,Faridabad,2023-10-19 02:15:00,21.0,21.0,69,78.0
9715,Faridabad,2023-10-20 02:30:00,21.0,21.0,69,69.0
9716,Faridabad,2023-10-21 02:15:00,20.0,21.0,73,69.0
9717,Faridabad,2023-10-22 02:15:00,21.0,20.0,69,73.0
9718,Faridabad,2023-10-23 02:15:00,21.0,21.0,78,69.0
9719,Faridabad,2023-10-24 02:15:00,22.0,21.0,65,78.0
9720,Faridabad,2023-10-25 02:15:00,21.0,22.0,64,65.0
9721,Faridabad,2023-10-26 02:00:00,22.0,21.0,61,64.0
9722,Faridabad,2023-10-27 02:15:00,21.0,22.0,60,61.0
9723,Faridabad,2023-10-28 02:00:00,20.0,21.0,60,60.0
9724,Faridabad,2023-10-29 02:30:00,23.9,20.0,30,60.0
9725,Faridabad,2023-10-30 01:45:00,22.0,23.9,69,30.0
9771,Faridkot,2023-10-15 02:30:00,23.7,23.5,45,32.0
9772,Faridkot,2023-10-16 02:30:00,21.0,23.7,57,45.0
9773,Faridkot,2023-10-17 02:30:00,17.7,21.0,89,57.0
9774,Faridkot,2023-10-18 02:30:00,19.2,17.7,61,89.0
9775,Faridkot,2023-10-19 02:15:00,19.6,19.2,48,61.0
9776,Faridkot,2023-10-20 02:30:00,20.9,19.6,45,48.0
9777,Faridkot,2023-10-21 02:15:00,20.3,20.9,42,45.0
9778,Faridkot,2023-10-22 02:15:00,22.5,20.3,48,42.0
9779,Faridkot,2023-10-23 02:15:00,21.8,22.5,49,48.0
9780,Faridkot,2023-10-24 02:15:00,21.7,21.8,52,49.0
9781,Faridkot,2023-10-25 02:15:00,20.8,21.7,46,52.0
9782,Faridkot,2023-10-26 02:00:00,20.8,20.8,35,46.0
9783,Faridkot,2023-10-27 02:15:00,20.6,20.8,32,35.0
9784,Faridkot,2023-10-28 02:00:00,22.2,20.6,32,32.0
9785,Faridkot,2023-10-29 02:45:00,22.2,22.2,35,32.0
9786,Faridkot,2023-10-30 02:00:00,22.0,22.2,35,35.0
9832,Farrukhabad,2023-10-15 02:30:00,25.8,24.5,49,51.0
9833,Farrukhabad,2023-10-16 02:30:00,25.4,25.8,54,49.0
9834,Farrukhabad,2023-10-17 02:30:00,22.2,25.4,68,54.0
9835,Farrukhabad,2023-10-18 02:30:00,22.1,22.2,62,68.0
9836,Farrukhabad,2023-10-19 02:30:00,22.2,22.1,56,62.0
9837,Farrukhabad,2023-10-20 02:30:00,21.5,22.2,45,56.0
9838,Farrukhabad,2023-10-21 02:15:00,21.7,21.5,47,45.0
9839,Farrukhabad,2023-10-22 02:30:00,21.6,21.7,51,47.0
9840,Farrukhabad,2023-10-23 02:15:00,21.9,21.6,48,51.0
9841,Farrukhabad,2023-10-24 02:15:00,22.0,21.9,47,48.0
9842,Farrukhabad,2023-10-25 02:30:00,22.4,22.0,50,47.0
9843,Farrukhabad,2023-10-26 02:00:00,22.4,22.4,42,50.0
9844,Farrukhabad,2023-10-27 02:30:00,22.5,22.4,40,42.0
9845,Farrukhabad,2023-10-28 02:00:00,21.8,22.5,43,40.0
9846,Farrukhabad,2023-10-29 02:45:00,22.8,21.8,41,43.0
9847,Farrukhabad,2023-10-30 02:00:00,22.4,22.8,47,41.0
9893,Fatehabad,2023-10-15 02:30:00,25.6,24.8,34,27.0
9894,Fatehabad,2023-10-16 02:30:00,23.2,25.6,49,34.0
9895,Fatehabad,2023-10-17 02:15:00,19.4,23.2,81,49.0
9896,Fatehabad,2023-10-18 02:30:00,21.4,19.4,63,81.0
9897,Fatehabad,2023-10-19 02:15:00,20.3,21.4,43,63.0
9898,Fatehabad,2023-10-20 02:30:00,21.2,20.3,38,43.0
9899,Fatehabad,2023-10-21 02:15:00,22.3,21.2,34,38.0
9900,Fatehabad,2023-10-22 02:15:00,22.5,22.3,33,34.0
9901,Fatehabad,2023-10-23 02:15:00,22.4,22.5,37,33.0
9902,Fatehabad,2023-10-24 02:15:00,21.8,22.4,48,37.0
9903,Fatehabad,2023-10-25 02:15:00,21.6,21.8,39,48.0
9904,Fatehabad,2023-10-26 02:00:00,21.4,21.6,33,39.0
9905,Fatehabad,2023-10-27 02:15:00,21.4,21.4,29,33.0
9906,Fatehabad,2023-10-28 02:00:00,23.2,21.4,22,29.0
9907,Fatehabad,2023-10-29 02:30:00,23.8,23.2,27,22.0
9908,Fatehabad,2023-10-30 01:45:00,23.4,23.8,32,27.0
9954,Fatehgarh Sahib,2023-10-15 02:30:00,24.2,23.1,43,38.0
9955,Fatehgarh Sahib,2023-10-16 02:30:00,22.6,24.2,46,43.0
9956,Fatehgarh Sahib,2023-10-17 02:30:00,19.2,22.6,76,46.0
9957,Fatehgarh Sahib,2023-10-18 02:30:00,19.9,19.2,50,76.0
9958,Fatehgarh Sahib,2023-10-19 02:15:00,19.4,19.9,50,50.0
9959,Fatehgarh Sahib,2023-10-20 02:30:00,20.2,19.4,44,50.0
9960,Fatehgarh Sahib,2023-10-21 02:15:00,20.1,20.2,39,44.0
9961,Fatehgarh Sahib,2023-10-22 02:15:00,20.9,20.1,41,39.0
9962,Fatehgarh Sahib,2023-10-23 02:15:00,21.5,20.9,45,41.0
9963,Fatehgarh Sahib,2023-10-24 02:15:00,20.9,21.5,48,45.0
9964,Fatehgarh Sahib,2023-10-25 02:15:00,21.3,20.9,40,48.0
9965,Fatehgarh Sahib,2023-10-26 02:00:00,20.8,21.3,36,40.0
9966,Fatehgarh Sahib,2023-10-27 02:15:00,20.5,20.8,39,36.0
9967,Fatehgarh Sahib,2023-10-28 02:00:00,21.6,20.5,36,39.0
9968,Fatehgarh Sahib,2023-10-29 02:45:00,22.0,21.6,38,36.0
9969,Fatehgarh Sahib,2023-10-30 02:00:00,21.4,22.0,39,38.0
10015,Fatehpur,2023-10-15 02:30:00,22.4,21.4,53,52.0
10016,Fatehpur,2023-10-16 02:30:00,21.8,22.4,53,53.0
10017,Fatehpur,2023-10-17 02:30:00,17.8,21.8,81,53.0
10018,Fatehpur,2023-10-18 02:30:00,19.6,17.8,59,81.0
10019,Fatehpur,2023-10-19 02:30:00,18.5,19.6,51,59.0
10020,Fatehpur,2023-10-20 02:30:00,19.0,18.5,48,51.0
10021,Fatehpur,2023-10-21 02:15:00,19.2,19.0,51,48.0
10022,Fatehpur,2023-10-22 02:30:00,19.1,19.2,51,51.0
10023,Fatehpur,2023-10-23 02:15:00,19.9,19.1,48,51.0
10024,Fatehpur,2023-10-24 02:15:00,19.3,19.9,47,48.0
10025,Fatehpur,2023-10-25 02:30:00,20.0,19.3,48,47.0
10026,Fatehpur,2023-10-26 02:00:00,19.6,20.0,38,48.0
10027,Fatehpur,2023-10-27 02:30:00,18.9,19.6,45,38.0
10028,Fatehpur,2023-10-28 02:00:00,19.6,18.9,44,45.0
10029,Fatehpur,2023-10-29 02:45:00,19.8,19.6,43,44.0
10030,Fatehpur,2023-10-30 02:00:00,19.7,19.8,51,43.0
10076,Fazilka,2023-10-15 02:30:00,23.9,25.0,43,33.0
10077,Fazilka,2023-10-16 02:30:00,22.9,23.9,47,43.0
10078,Fazilka,2023-10-17 02:15:00,19.0,22.9,85,47.0
10079,Fazilka,2023-10-18 02:30:00,19.8,19.0,69,85.0
10080,Fazilka,2023-10-19 02:15:00,20.8,19.8,47,69.0
10081,Fazilka,2023-10-20 02:30:00,22.3,20.8,47,47.0
10082,Fazilka,2023-10-21 02:15:00,21.8,22.3,38,47.0
10083,Fazilka,2023-10-22 02:15:00,22.5,21.8,59,38.0
10084,Fazilka,2023-10-23 02:15:00,22.3,22.5,47,59.0
10085,Fazilka,2023-10-24 02:15:00,22.4,22.3,53,47.0
10086,Fazilka,2023-10-25 02:15:00,22.0,22.4,49,53.0
10087,Fazilka,2023-10-26 02:00:00,22.5,22.0,33,49.0
10088,Fazilka,2023-10-27 02:15:00,22.3,22.5,29,33.0
10089,Fazilka,2023-10-28 02:00:00,23.5,22.3,28,29.0
10090,Fazilka,2023-10-29 02:45:00,23.3,23.5,29,28.0
10091,Fazilka,2023-10-30 02:00:00,22.8,23.3,32,29.0
10137,Firozabad,2023-10-15 02:30:00,27.2,25.8,37,34.0
10138,Firozabad,2023-10-16 02:30:00,26.5,27.2,43,37.0
10139,Firozabad,2023-10-17 02:30:00,21.0,26.5,73,43.0
10140,Firozabad,2023-10-18 02:30:00,23.0,21.0,57,73.0
10141,Firozabad,2023-10-19 02:30:00,22.9,23.0,47,57.0
10142,Firozabad,2023-10-20 02:30:00,22.2,22.9,44,47.0
10143,Firozabad,2023-10-21 02:15:00,22.2,22.2,46,44.0
10144,Firozabad,2023-10-22 02:30:00,22.5,22.2,46,46.0
10145,Firozabad,2023-10-23 02:15:00,22.7,22.5,38,46.0
10146,Firozabad,2023-10-24 02:15:00,22.5,22.7,42,38.0
10147,Firozabad,2023-10-25 02:30:00,22.0,22.5,48,42.0
10148,Firozabad,2023-10-26 02:00:00,22.5,22.0,37,48.0
10149,Firozabad,2023-10-27 02:30:00,22.5,22.5,32,37.0
10150,Firozabad,2023-10-28 02:00:00,21.5,22.5,34,32.0
10151,Firozabad,2023-10-29 02:45:00,23.1,21.5,33,34.0
10152,Firozabad,2023-10-30 02:00:00,23.0,23.1,38,33.0
10198,Firozpur,2023-10-15 02:30:00,24.1,23.7,43,32.0
10199,Firozpur,2023-10-16 02:30:00,22.1,24.1,50,43.0
10200,Firozpur,2023-10-17 02:30:00,18.5,22.1,84,50.0
10201,Firozpur,2023-10-18 02:30:00,19.7,18.5,60,84.0
10202,Firozpur,2023-10-19 02:15:00,20.0,19.7,48,60.0
10203,Firozpur,2023-10-20 02:30:00,21.1,20.0,45,48.0
10204,Firozpur,2023-10-21 02:15:00,20.8,21.1,43,45.0
10205,Firozpur,2023-10-22 02:15:00,22.7,20.8,47,43.0
10206,Firozpur,2023-10-23 02:15:00,22.1,22.7,49,47.0
10207,Firozpur,2023-10-24 02:15:00,22.1,22.1,51,49.0
10208,Firozpur,2023-10-25 02:15:00,21.5,22.1,44,51.0
10209,Firozpur,2023-10-26 02:00:00,21.4,21.5,34,44.0
10210,Firozpur,2023-10-27 02:15:00,21.3,21.4,32,34.0
10211,Firozpur,2023-10-28 02:00:00,22.2,21.3,34,32.0
10212,Firozpur,2023-10-29 02:45:00,22.4,22.2,34,34.0
10213,Firozpur,2023-10-30 02:00:00,22.1,22.4,36,34.0
10259,Gadag,2023-10-15 02:30:00,25.5,25.2,55,54.0
10260,Gadag,2023-10-16 02:30:00,25.6,25.5,57,55.0
10261,Gadag,2023-10-17 02:30:00,25.8,25.6,59,57.0
10262,Gadag,2023-10-18 02:30:00,25.5,25.8,55,59.0
10263,Gadag,2023-10-19 02:15:00,24.7,25.5,53,55.0
10264,Gadag,2023-10-20 02:30:00,25.5,24.7,51,53.0
10265,Gadag,2023-10-21 02:15:00,24.7,25.5,52,51.0
10266,Gadag,2023-10-22 02:15:00,24.9,24.7,58,52.0
10267,Gadag,2023-10-23 02:15:00,23.1,24.9,50,58.0
10268,Gadag,2023-10-24 02:15:00,22.2,23.1,50,50.0
10269,Gadag,2023-10-25 02:15:00,21.6,22.2,50,50.0
10270,Gadag,2023-10-26 02:00:00,22.1,21.6,50,50.0
10271,Gadag,2023-10-27 02:15:00,20.8,22.1,45,50.0
10272,Gadag,2023-10-28 02:00:00,21.5,20.8,42,45.0
10273,Gadag,2023-10-29 02:30:00,24.7,21.5,66,42.0
10274,Gadag,2023-10-30 02:00:00,24.1,24.7,70,66.0
10320,Ganderbal,2023-10-15 02:30:00,7.1,10.5,73,55.0
10321,Ganderbal,2023-10-16 02:30:00,7.5,7.1,66,73.0
10322,Ganderbal,2023-10-17 02:15:00,5.0,7.5,92,66.0
10323,Ganderbal,2023-10-18 02:15:00,3.5,5.0,87,92.0
10324,Ganderbal,2023-10-19 02:15:00,5.3,3.5,61,87.0
10325,Ganderbal,2023-10-20 02:15:00,6.2,5.3,52,61.0
10326,Ganderbal,2023-10-21 02:15:00,6.3,6.2,46,52.0
10327,Ganderbal,2023-10-22 02:15:00,7.4,6.3,45,46.0
10328,Ganderbal,2023-10-23 02:00:00,3.8,7.4,83,45.0
10329,Ganderbal,2023-10-24 02:15:00,5.7,3.8,57,83.0
10330,Ganderbal,2023-10-25 02:15:00,6.0,5.7,58,57.0
10331,Ganderbal,2023-10-26 02:00:00,6.6,6.0,44,58.0
10332,Ganderbal,2023-10-27 02:15:00,6.5,6.6,45,44.0
10333,Ganderbal,2023-10-28 02:00:00,6.5,6.5,46,45.0
10334,Ganderbal,2023-10-29 02:30:00,6.4,6.5,45,46.0
10335,Ganderbal,2023-10-30 01:45:00,7.3,6.4,37,45.0
10381,Gandhinagar,2023-10-15 02:30:00,28.0,26.0,62,74.0
10382,Gandhinagar,2023-10-16 02:30:00,26.0,28.0,74,62.0
10383,Gandhinagar,2023-10-17 02:15:00,26.0,26.0,70,74.0
10384,Gandhinagar,2023-10-18 02:15:00,24.0,26.0,78,70.0
10385,Gandhinagar,2023-10-19 02:15:00,24.0,24.0,69,78.0
10386,Gandhinagar,2023-10-20 02:30:00,25.0,24.0,79,69.0
10387,Gandhinagar,2023-10-21 02:15:00,24.0,25.0,74,79.0
10388,Gandhinagar,2023-10-22 02:15:00,25.0,24.0,74,74.0
10389,Gandhinagar,2023-10-23 02:00:00,24.0,25.0,74,74.0
10390,Gandhinagar,2023-10-24 02:15:00,25.0,24.0,74,74.0
10391,Gandhinagar,2023-10-25 02:15:00,24.0,25.0,74,74.0
10392,Gandhinagar,2023-10-26 02:00:00,24.0,24.0,69,74.0
10393,Gandhinagar,2023-10-27 02:15:00,24.0,24.0,78,69.0
10394,Gandhinagar,2023-10-28 02:00:00,23.0,24.0,78,78.0
10395,Gandhinagar,2023-10-29 02:30:00,24.0,23.0,65,78.0
10396,Gandhinagar,2023-10-30 01:45:00,23.0,24.0,73,65.0
10442,Ganganagar,2023-10-15 02:30:00,25.9,27.3,36,33.0
10443,Ganganagar,2023-10-16 02:30:00,25.0,25.9,45,36.0
10444,Ganganagar,2023-10-17 02:30:00,19.9,25.0,80,45.0
10445,Ganganagar,2023-10-18 02:30:00,21.2,19.9,65,80.0
10446,Ganganagar,2023-10-19 02:30:00,21.7,21.2,44,65.0
10447,Ganganagar,2023-10-20 02:30:00,22.9,21.7,47,44.0
10448,Ganganagar,2023-10-21 02:15:00,23.6,22.9,46,47.0
10449,Ganganagar,2023-10-22 02:30:00,23.5,23.6,51,46.0
10450,Ganganagar,2023-10-23 02:15:00,23.4,23.5,43,51.0
10451,Ganganagar,2023-10-24 02:15:00,23.6,23.4,51,43.0
10452,Ganganagar,2023-10-25 02:30:00,23.3,23.6,52,51.0
10453,Ganganagar,2023-10-26 02:00:00,23.5,23.3,32,52.0
10454,Ganganagar,2023-10-27 02:15:00,23.3,23.5,29,32.0
10455,Ganganagar,2023-10-28 02:00:00,24.6,23.3,29,29.0
10456,Ganganagar,2023-10-29 02:45:00,24.8,24.6,27,29.0
10457,Ganganagar,2023-10-30 02:00:00,24.1,24.8,30,27.0
10503,Ganjam,2023-10-15 02:30:00,24.1,25.5,82,79.0
10504,Ganjam,2023-10-16 02:30:00,22.5,24.1,79,82.0
10505,Ganjam,2023-10-17 02:30:00,23.9,22.5,79,79.0
10506,Ganjam,2023-10-18 02:30:00,22.9,23.9,83,79.0
10507,Ganjam,2023-10-19 02:30:00,22.8,22.9,88,83.0
10508,Ganjam,2023-10-20 02:30:00,22.8,22.8,90,88.0
10509,Ganjam,2023-10-21 02:15:00,22.2,22.8,83,90.0
10510,Ganjam,2023-10-22 02:15:00,22.3,22.2,80,83.0
10511,Ganjam,2023-10-23 02:15:00,21.5,22.3,74,80.0
10512,Ganjam,2023-10-24 02:15:00,22.0,21.5,73,74.0
10513,Ganjam,2023-10-25 02:30:00,22.7,22.0,87,73.0
10514,Ganjam,2023-10-26 02:00:00,23.8,22.7,83,87.0
10515,Ganjam,2023-10-27 02:15:00,22.4,23.8,84,83.0
10516,Ganjam,2023-10-28 02:00:00,20.8,22.4,77,84.0
10517,Ganjam,2023-10-29 02:45:00,20.3,20.8,82,77.0
10518,Ganjam,2023-10-30 02:00:00,20.4,20.3,71,82.0
10564,Garhwa,2023-10-15 02:30:00,21.3,21.0,64,59.0
10565,Garhwa,2023-10-16 02:30:00,22.1,21.3,63,64.0
10566,Garhwa,2023-10-17 02:15:00,21.3,22.1,73,63.0
10567,Garhwa,2023-10-18 02:30:00,21.0,21.3,82,73.0
10568,Garhwa,2023-10-19 02:15:00,20.7,21.0,78,82.0
10569,Garhwa,2023-10-20 02:30:00,20.3,20.7,69,78.0
10570,Garhwa,2023-10-21 02:15:00,19.2,20.3,64,69.0
10571,Garhwa,2023-10-22 02:15:00,19.0,19.2,69,64.0
10572,Garhwa,2023-10-23 02:00:00,17.9,19.0,73,69.0
10573,Garhwa,2023-10-24 02:15:00,18.1,17.9,74,73.0
10574,Garhwa,2023-10-25 02:15:00,18.5,18.1,70,74.0
10575,Garhwa,2023-10-26 02:00:00,18.2,18.5,64,70.0
10576,Garhwa,2023-10-27 02:15:00,18.4,18.2,68,64.0
10577,Garhwa,2023-10-28 02:00:00,18.2,18.4,56,68.0
10578,Garhwa,2023-10-29 02:30:00,18.2,18.2,64,56.0
10579,Garhwa,2023-10-30 01:45:00,18.9,18.2,61,64.0
10625,Garhwal,2023-10-15 02:30:00,20.1,19.2,56,53.0
10626,Garhwal,2023-10-16 02:30:00,20.0,20.1,54,56.0
10627,Garhwal,2023-10-17 02:30:00,17.6,20.0,76,54.0
10628,Garhwal,2023-10-18 02:30:00,17.5,17.6,63,76.0
10629,Garhwal,2023-10-19 02:15:00,16.3,17.5,61,63.0
10630,Garhwal,2023-10-20 02:30:00,16.5,16.3,69,61.0
10631,Garhwal,2023-10-21 02:15:00,16.8,16.5,62,69.0
10632,Garhwal,2023-10-22 02:15:00,16.7,16.8,60,62.0
10633,Garhwal,2023-10-23 02:15:00,17.1,16.7,57,60.0
10634,Garhwal,2023-10-24 02:15:00,16.6,17.1,48,57.0
10635,Garhwal,2023-10-25 02:15:00,17.4,16.6,54,48.0
10636,Garhwal,2023-10-26 02:00:00,17.9,17.4,48,54.0
10637,Garhwal,2023-10-27 02:15:00,17.4,17.9,54,48.0
10638,Garhwal,2023-10-28 02:00:00,17.3,17.4,50,54.0
10639,Garhwal,2023-10-29 02:30:00,17.3,17.3,54,50.0
10640,Garhwal,2023-10-30 01:45:00,17.8,17.3,53,54.0
10686,Gariaband,2023-10-15 02:30:00,22.2,21.8,68,75.0
10687,Gariaband,2023-10-16 02:30:00,20.5,22.2,75,68.0
10688,Gariaband,2023-10-17 02:30:00,19.5,20.5,74,75.0
10689,Gariaband,2023-10-18 02:30:00,20.0,19.5,81,74.0
10690,Gariaband,2023-10-19 02:15:00,19.8,20.0,84,81.0
10691,Gariaband,2023-10-20 02:30:00,19.6,19.8,90,84.0
10692,Gariaband,2023-10-21 02:15:00,18.6,19.6,85,90.0
10693,Gariaband,2023-10-22 02:15:00,16.9,18.6,73,85.0
10694,Gariaband,2023-10-23 02:15:00,16.3,16.9,78,73.0
10695,Gariaband,2023-10-24 02:15:00,16.2,16.3,85,78.0
10696,Gariaband,2023-10-25 02:15:00,16.7,16.2,81,85.0
10697,Gariaband,2023-10-26 02:00:00,16.5,16.7,75,81.0
10698,Gariaband,2023-10-27 02:15:00,16.0,16.5,71,75.0
10699,Gariaband,2023-10-28 02:00:00,16.4,16.0,75,71.0
10700,Gariaband,2023-10-29 02:30:00,16.2,16.4,76,75.0
10701,Gariaband,2023-10-30 01:45:00,17.0,16.2,77,76.0
10747,Gaya,2023-10-15 02:30:00,21.7,22.2,75,78.0
10748,Gaya,2023-10-16 02:30:00,25.0,21.7,94,75.0
10749,Gaya,2023-10-17 02:15:00,23.0,25.0,89,94.0
10750,Gaya,2023-10-18 02:30:00,22.5,23.0,79,89.0
10751,Gaya,2023-10-19 02:15:00,21.1,22.5,81,79.0
10752,Gaya,2023-10-20 02:15:00,21.0,21.1,88,81.0
10753,Gaya,2023-10-21 02:15:00,20.0,21.0,88,88.0
10754,Gaya,2023-10-22 02:15:00,19.8,20.0,64,88.0
10755,Gaya,2023-10-23 02:00:00,19.3,19.8,66,64.0
10756,Gaya,2023-10-24 02:15:00,22.0,19.3,88,66.0
10757,Gaya,2023-10-25 02:15:00,22.0,22.0,94,88.0
10758,Gaya,2023-10-26 02:00:00,19.9,22.0,64,94.0
10759,Gaya,2023-10-27 02:15:00,19.8,19.9,62,64.0
10760,Gaya,2023-10-28 02:00:00,20.0,19.8,88,62.0
10761,Gaya,2023-10-29 02:30:00,19.0,20.0,88,88.0
10762,Gaya,2023-10-30 01:45:00,20.5,19.0,64,88.0
10808,Ghaziabad,2023-10-15 02:30:00,24.0,25.0,74,69.0
10809,Ghaziabad,2023-10-16 02:30:00,26.0,24.0,65,74.0
10810,Ghaziabad,2023-10-17 02:30:00,19.0,26.0,94,65.0
10811,Ghaziabad,2023-10-18 02:30:00,21.0,19.0,78,94.0
10812,Ghaziabad,2023-10-19 02:30:00,21.0,21.0,69,78.0
10813,Ghaziabad,2023-10-20 02:30:00,21.0,21.0,69,69.0
10814,Ghaziabad,2023-10-21 02:15:00,20.0,21.0,73,69.0
10815,Ghaziabad,2023-10-22 02:30:00,21.0,20.0,69,73.0
10816,Ghaziabad,2023-10-23 02:15:00,21.0,21.0,78,69.0
10817,Ghaziabad,2023-10-24 02:15:00,22.0,21.0,65,78.0
10818,Ghaziabad,2023-10-25 02:30:00,21.0,22.0,64,65.0
10819,Ghaziabad,2023-10-26 02:00:00,22.0,21.0,61,64.0
10820,Ghaziabad,2023-10-27 02:30:00,21.0,22.0,60,61.0
10821,Ghaziabad,2023-10-28 02:00:00,20.0,21.0,60,60.0
10822,Ghaziabad,2023-10-29 02:45:00,20.0,20.0,73,60.0
10823,Ghaziabad,2023-10-30 02:00:00,22.0,20.0,69,73.0
10869,Ghazipur,2023-10-15 02:30:00,22.6,22.5,61,56.0
10870,Ghazipur,2023-10-16 02:30:00,23.4,22.6,67,61.0
10871,Ghazipur,2023-10-17 02:30:00,23.1,23.4,83,67.0
10872,Ghazipur,2023-10-18 02:30:00,22.0,23.1,83,83.0
10873,Ghazipur,2023-10-19 02:30:00,21.2,22.0,63,83.0
10874,Ghazipur,2023-10-20 02:30:00,21.1,21.2,55,63.0
10875,Ghazipur,2023-10-21 02:15:00,20.8,21.1,59,55.0
10876,Ghazipur,2023-10-22 02:30:00,20.6,20.8,61,59.0
10877,Ghazipur,2023-10-23 02:15:00,20.2,20.6,59,61.0
10878,Ghazipur,2023-10-24 02:15:00,20.4,20.2,63,59.0
10879,Ghazipur,2023-10-25 02:30:00,21.3,20.4,61,63.0
10880,Ghazipur,2023-10-26 02:00:00,20.4,21.3,58,61.0
10881,Ghazipur,2023-10-27 02:30:00,21.1,20.4,60,58.0
10882,Ghazipur,2023-10-28 02:00:00,20.9,21.1,50,60.0
10883,Ghazipur,2023-10-29 02:45:00,21.0,20.9,50,50.0
10884,Ghazipur,2023-10-30 02:00:00,20.8,21.0,52,50.0
10930,Giridih,2023-10-15 02:30:00,22.0,23.0,71,77.0
10931,Giridih,2023-10-16 02:30:00,22.9,22.0,69,71.0
10932,Giridih,2023-10-17 02:15:00,23.2,22.9,74,69.0
10933,Giridih,2023-10-18 02:30:00,22.9,23.2,76,74.0
10934,Giridih,2023-10-19 02:15:00,21.6,22.9,81,76.0
10935,Giridih,2023-10-20 02:30:00,21.3,21.6,70,81.0
10936,Giridih,2023-10-21 02:15:00,20.5,21.3,69,70.0
10937,Giridih,2023-10-22 02:15:00,19.9,20.5,61,69.0
10938,Giridih,2023-10-23 02:00:00,20.1,19.9,61,61.0
10939,Giridih,2023-10-24 02:15:00,20.9,20.1,73,61.0
10940,Giridih,2023-10-25 02:15:00,21.4,20.9,73,73.0
10941,Giridih,2023-10-26 02:00:00,22.2,21.4,65,73.0
10942,Giridih,2023-10-27 02:15:00,20.2,22.2,56,65.0
10943,Giridih,2023-10-28 02:00:00,20.4,20.2,58,56.0
10944,Giridih,2023-10-29 02:30:00,20.5,20.4,65,58.0
10945,Giridih,2023-10-30 01:45:00,20.8,20.5,64,65.0
10993,Goa,2023-10-16 02:30:00,26.2,25.8,85,87.0
10994,Goa,2023-10-17 02:15:00,26.7,26.2,80,85.0
10995,Goa,2023-10-18 02:30:00,27.0,26.7,83,80.0
10996,Goa,2023-10-19 02:15:00,26.8,27.0,85,83.0
10997,Goa,2023-10-20 02:30:00,27.1,26.8,77,85.0
10998,Goa,2023-10-21 02:15:00,27.3,27.1,81,77.0
10999,Goa,2023-10-21 02:15:00,26.9,27.3,83,81.0
11000,Goa,2023-10-22 02:15:00,27.5,26.9,75,83.0
11001,Goa,2023-10-23 02:15:00,26.5,27.5,73,75.0
11002,Goa,2023-10-24 02:15:00,25.6,26.5,68,73.0
11003,Goa,2023-10-25 02:15:00,25.2,25.6,79,68.0
11004,Goa,2023-10-26 02:00:00,25.4,25.2,70,79.0
11005,Goa,2023-10-27 02:15:00,25.0,25.4,61,70.0
11006,Goa,2023-10-28 02:00:00,25.1,25.0,55,61.0
11007,Goa,2023-10-29 02:30:00,25.4,25.1,67,55.0
11008,Goa,2023-10-30 01:45:00,26.9,25.4,71,67.0
11054,Goalpara,2023-10-15 02:30:00,21.9,22.7,89,85.0
11055,Goalpara,2023-10-16 02:30:00,21.8,21.9,88,89.0
11056,Goalpara,2023-10-17 02:15:00,21.7,21.8,90,88.0
11057,Goalpara,2023-10-18 02:30:00,21.8,21.7,90,90.0
11058,Goalpara,2023-10-19 02:15:00,21.6,21.8,90,90.0
11059,Goalpara,2023-10-20 02:30:00,21.2,21.6,88,90.0
11060,Goalpara,2023-10-21 02:15:00,20.7,21.2,89,88.0
11061,Goalpara,2023-10-22 02:15:00,20.3,20.7,87,89.0
11062,Goalpara,2023-10-23 02:15:00,20.0,20.3,88,87.0
11063,Goalpara,2023-10-24 02:15:00,21.0,20.0,80,88.0
11064,Goalpara,2023-10-25 02:15:00,20.2,21.0,81,80.0
11065,Goalpara,2023-10-26 02:00:00,20.8,20.2,87,81.0
11066,Goalpara,2023-10-27 02:15:00,21.2,20.8,88,87.0
11067,Goalpara,2023-10-28 02:00:00,20.5,21.2,89,88.0
11068,Goalpara,2023-10-29 02:30:00,20.4,20.5,83,89.0
11069,Goalpara,2023-10-30 01:45:00,21.0,20.4,86,83.0
11115,Godda,2023-10-15 02:30:00,22.0,23.3,73,71.0
11116,Godda,2023-10-16 02:30:00,23.6,22.0,69,73.0
11117,Godda,2023-10-17 02:15:00,23.5,23.6,75,69.0
11118,Godda,2023-10-18 02:30:00,23.1,23.5,78,75.0
11119,Godda,2023-10-19 02:15:00,21.6,23.1,80,78.0
11120,Godda,2023-10-20 02:30:00,21.0,21.6,73,80.0
11121,Godda,2023-10-21 02:15:00,20.2,21.0,71,73.0
11122,Godda,2023-10-22 02:15:00,19.8,20.2,70,71.0
11123,Godda,2023-10-23 02:00:00,20.3,19.8,68,70.0
11124,Godda,2023-10-24 02:15:00,21.8,20.3,82,68.0
11125,Godda,2023-10-25 02:15:00,22.0,21.8,86,82.0
11126,Godda,2023-10-26 02:00:00,21.2,22.0,84,86.0
11127,Godda,2023-10-27 02:15:00,20.6,21.2,61,84.0
11128,Godda,2023-10-28 02:00:00,20.5,20.6,64,61.0
11129,Godda,2023-10-29 02:30:00,20.7,20.5,56,64.0
11130,Godda,2023-10-30 01:45:00,21.2,20.7,68,56.0
11176,Golaghat,2023-10-15 02:30:00,20.9,21.2,97,97.0
11177,Golaghat,2023-10-16 02:30:00,21.0,20.9,95,97.0
11178,Golaghat,2023-10-17 02:15:00,20.7,21.0,94,95.0
11179,Golaghat,2023-10-18 02:30:00,21.1,20.7,95,94.0
11180,Golaghat,2023-10-19 02:15:00,20.3,21.1,95,95.0
11181,Golaghat,2023-10-20 02:30:00,20.4,20.3,94,95.0
11182,Golaghat,2023-10-21 02:15:00,20.1,20.4,94,94.0
11183,Golaghat,2023-10-22 02:15:00,19.6,20.1,94,94.0
11184,Golaghat,2023-10-23 02:15:00,19.3,19.6,94,94.0
11185,Golaghat,2023-10-24 02:15:00,21.1,19.3,85,94.0
11186,Golaghat,2023-10-25 02:15:00,20.0,21.1,89,85.0
11187,Golaghat,2023-10-26 02:00:00,20.3,20.0,96,89.0
11188,Golaghat,2023-10-27 02:15:00,19.9,20.3,98,96.0
11189,Golaghat,2023-10-28 02:00:00,19.8,19.9,96,98.0
11190,Golaghat,2023-10-29 02:30:00,19.4,19.8,95,96.0
11191,Golaghat,2023-10-30 01:45:00,20.5,19.4,95,95.0
11237,Gonda,2023-10-15 02:30:00,23.4,22.4,61,61.0
11238,Gonda,2023-10-16 02:30:00,23.4,23.4,67,61.0
11239,Gonda,2023-10-17 02:30:00,21.3,23.4,80,67.0
11240,Gonda,2023-10-18 02:30:00,21.0,21.3,74,80.0
11241,Gonda,2023-10-19 02:30:00,19.8,21.0,68,74.0
11242,Gonda,2023-10-20 02:30:00,19.6,19.8,52,68.0
11243,Gonda,2023-10-21 02:15:00,19.3,19.6,54,52.0
11244,Gonda,2023-10-22 02:30:00,20.3,19.3,52,54.0
11245,Gonda,2023-10-23 02:15:00,20.6,20.3,64,52.0
11246,Gonda,2023-10-24 02:15:00,21.0,20.6,62,64.0
11247,Gonda,2023-10-25 02:30:00,21.8,21.0,61,62.0
11248,Gonda,2023-10-26 02:00:00,21.4,21.8,59,61.0
11249,Gonda,2023-10-27 02:30:00,20.9,21.4,55,59.0
11250,Gonda,2023-10-28 02:00:00,21.0,20.9,46,55.0
11251,Gonda,2023-10-29 02:45:00,21.7,21.0,49,46.0
11252,Gonda,2023-10-30 02:00:00,20.9,21.7,55,49.0
11298,Gopalganj,2023-10-15 02:30:00,22.7,22.1,65,61.0
11299,Gopalganj,2023-10-16 02:30:00,23.0,22.7,76,65.0
11300,Gopalganj,2023-10-17 02:15:00,22.9,23.0,84,76.0
11301,Gopalganj,2023-10-18 02:30:00,22.4,22.9,74,84.0
11302,Gopalganj,2023-10-19 02:15:00,20.8,22.4,65,74.0
11303,Gopalganj,2023-10-20 02:30:00,20.5,20.8,56,65.0
11304,Gopalganj,2023-10-21 02:15:00,20.3,20.5,59,56.0
11305,Gopalganj,2023-10-22 02:15:00,20.4,20.3,58,59.0
11306,Gopalganj,2023-10-23 02:15:00,20.6,20.4,61,58.0
11307,Gopalganj,2023-10-24 02:15:00,21.4,20.6,56,61.0
11308,Gopalganj,2023-10-25 02:15:00,22.2,21.4,66,56.0
11309,Gopalganj,2023-10-26 02:00:00,22.2,22.2,67,66.0
11310,Gopalganj,2023-10-27 02:15:00,21.7,22.2,58,67.0
11311,Gopalganj,2023-10-28 02:00:00,21.4,21.7,59,58.0
11312,Gopalganj,2023-10-29 02:30:00,21.7,21.4,56,59.0
11313,Gopalganj,2023-10-30 01:45:00,21.4,21.7,55,56.0
11359,Gorakhpur,2023-10-15 02:30:00,25.3,24.7,34,28.0
11360,Gorakhpur,2023-10-16 02:30:00,23.4,25.3,48,34.0
11361,Gorakhpur,2023-10-17 02:30:00,19.6,23.4,79,48.0
11362,Gorakhpur,2023-10-18 02:30:00,21.6,19.6,61,79.0
11363,Gorakhpur,2023-10-19 02:30:00,20.3,21.6,43,61.0
11364,Gorakhpur,2023-10-20 02:30:00,21.2,20.3,36,43.0
11365,Gorakhpur,2023-10-21 02:15:00,22.4,21.2,35,36.0
11366,Gorakhpur,2023-10-22 02:30:00,22.6,22.4,37,35.0
11367,Gorakhpur,2023-10-23 02:15:00,22.4,22.6,37,37.0
11368,Gorakhpur,2023-10-24 02:15:00,21.7,22.4,46,37.0
11369,Gorakhpur,2023-10-25 02:30:00,21.6,21.7,38,46.0
11370,Gorakhpur,2023-10-26 02:00:00,21.6,21.6,33,38.0
11371,Gorakhpur,2023-10-27 02:30:00,21.4,21.6,30,33.0
11372,Gorakhpur,2023-10-28 02:00:00,22.8,21.4,22,30.0
11373,Gorakhpur,2023-10-29 02:45:00,23.6,22.8,27,22.0
11374,Gorakhpur,2023-10-30 02:00:00,22.9,23.6,33,27.0
11420,Gulbarga,2023-10-15 02:30:00,24.0,23.6,64,62.0
11421,Gulbarga,2023-10-16 02:30:00,25.3,24.0,59,64.0
11422,Gulbarga,2023-10-17 02:30:00,23.5,25.3,65,59.0
11423,Gulbarga,2023-10-18 02:30:00,23.2,23.5,69,65.0
11424,Gulbarga,2023-10-19 02:15:00,22.7,23.2,67,69.0
11425,Gulbarga,2023-10-20 02:30:00,23.0,22.7,69,67.0
11426,Gulbarga,2023-10-21 02:15:00,22.5,23.0,73,69.0
11427,Gulbarga,2023-10-22 02:15:00,22.2,22.5,70,73.0
11428,Gulbarga,2023-10-23 02:15:00,21.3,22.2,58,70.0
11429,Gulbarga,2023-10-24 02:15:00,20.9,21.3,61,58.0
11430,Gulbarga,2023-10-25 02:15:00,20.6,20.9,55,61.0
11431,Gulbarga,2023-10-26 02:00:00,20.3,20.6,54,55.0
11432,Gulbarga,2023-10-27 02:15:00,19.5,20.3,57,54.0
11433,Gulbarga,2023-10-28 02:00:00,19.5,19.5,56,57.0
11434,Gulbarga,2023-10-29 02:30:00,20.7,19.5,59,56.0
11435,Gulbarga,2023-10-30 02:00:00,22.2,20.7,64,59.0
11481,Gumla,2023-10-15 02:30:00,19.0,19.8,62,54.0
11482,Gumla,2023-10-16 02:30:00,19.5,19.0,69,62.0
11483,Gumla,2023-10-17 02:15:00,20.4,19.5,72,69.0
11484,Gumla,2023-10-18 02:30:00,19.0,20.4,77,72.0
11485,Gumla,2023-10-19 02:15:00,18.9,19.0,83,77.0
11486,Gumla,2023-10-20 02:30:00,18.6,18.9,78,83.0
11487,Gumla,2023-10-21 02:15:00,16.6,18.6,71,78.0
11488,Gumla,2023-10-22 02:15:00,16.3,16.6,70,71.0
11489,Gumla,2023-10-23 02:00:00,16.1,16.3,73,70.0
11490,Gumla,2023-10-24 02:15:00,17.3,16.1,79,73.0
11491,Gumla,2023-10-25 02:15:00,17.7,17.3,86,79.0
11492,Gumla,2023-10-26 02:00:00,17.4,17.7,63,86.0
11493,Gumla,2023-10-27 02:15:00,16.3,17.4,66,63.0
11494,Gumla,2023-10-28 02:00:00,16.3,16.3,63,66.0
11495,Gumla,2023-10-29 02:30:00,16.5,16.3,71,63.0
11496,Gumla,2023-10-30 01:45:00,16.7,16.5,80,71.0
11542,Guna,2023-10-15 02:30:00,23.6,23.6,48,49.0
11543,Guna,2023-10-16 02:30:00,24.0,23.6,45,48.0
11544,Guna,2023-10-17 02:15:00,19.2,24.0,81,45.0
11545,Guna,2023-10-18 02:15:00,22.0,19.2,56,81.0
11546,Guna,2023-10-19 02:15:00,22.2,22.0,60,56.0
11547,Guna,2023-10-20 02:15:00,21.1,22.2,47,60.0
11548,Guna,2023-10-21 02:00:00,21.4,21.1,52,47.0
11549,Guna,2023-10-22 02:15:00,21.2,21.4,50,52.0
11550,Guna,2023-10-23 02:00:00,21.1,21.2,48,50.0
11551,Guna,2023-10-24 02:15:00,20.5,21.1,45,48.0
11552,Guna,2023-10-25 02:15:00,20.5,20.5,43,45.0
11553,Guna,2023-10-26 02:00:00,20.6,20.5,41,43.0
11554,Guna,2023-10-27 02:15:00,20.4,20.6,41,41.0
11555,Guna,2023-10-28 02:00:00,20.3,20.4,30,41.0
11556,Guna,2023-10-29 02:30:00,21.0,20.3,42,30.0
11557,Guna,2023-10-30 01:45:00,21.1,21.0,40,42.0
11603,Guntur,2023-10-15 02:30:00,23.5,23.5,85,91.0
11604,Guntur,2023-10-16 02:30:00,24.3,23.5,88,85.0
11605,Guntur,2023-10-17 02:15:00,23.4,24.3,87,88.0
11606,Guntur,2023-10-18 02:30:00,23.4,23.4,82,87.0
11607,Guntur,2023-10-19 02:15:00,23.2,23.4,88,82.0
11608,Guntur,2023-10-20 02:30:00,23.2,23.2,92,88.0
11609,Guntur,2023-10-21 02:15:00,23.2,23.2,91,92.0
11610,Guntur,2023-10-22 02:15:00,22.7,23.2,88,91.0
11611,Guntur,2023-10-23 02:00:00,21.0,22.7,73,88.0
11612,Guntur,2023-10-24 02:15:00,22.9,21.0,62,73.0
11613,Guntur,2023-10-25 02:15:00,20.4,22.9,74,62.0
11614,Guntur,2023-10-26 02:00:00,21.1,20.4,71,74.0
11615,Guntur,2023-10-27 02:15:00,21.5,21.1,75,71.0
11616,Guntur,2023-10-28 02:00:00,23.0,21.5,93,75.0
11617,Guntur,2023-10-29 02:30:00,23.6,23.0,92,93.0
11618,Guntur,2023-10-30 01:45:00,24.0,23.6,90,92.0
11664,Gurdaspur,2023-10-15 02:30:00,21.6,20.6,46,53.0
11665,Gurdaspur,2023-10-16 02:30:00,21.7,21.6,41,46.0
11666,Gurdaspur,2023-10-17 02:30:00,16.7,21.7,75,41.0
11667,Gurdaspur,2023-10-18 02:30:00,15.8,16.7,47,75.0
11668,Gurdaspur,2023-10-19 02:15:00,15.6,15.8,56,47.0
11669,Gurdaspur,2023-10-20 02:30:00,16.6,15.6,56,56.0
11670,Gurdaspur,2023-10-21 02:15:00,17.7,16.6,47,56.0
11671,Gurdaspur,2023-10-22 02:15:00,18.3,17.7,51,47.0
11672,Gurdaspur,2023-10-23 02:15:00,17.6,18.3,46,51.0
11673,Gurdaspur,2023-10-24 02:15:00,17.5,17.6,52,46.0
11674,Gurdaspur,2023-10-25 02:15:00,18.5,17.5,39,52.0
11675,Gurdaspur,2023-10-26 02:00:00,17.4,18.5,43,39.0
11676,Gurdaspur,2023-10-27 02:15:00,18.4,17.4,54,43.0
11677,Gurdaspur,2023-10-28 02:00:00,19.0,18.4,52,54.0
11678,Gurdaspur,2023-10-29 02:45:00,18.1,19.0,49,52.0
11679,Gurdaspur,2023-10-30 02:00:00,18.4,18.1,51,49.0
11725,Gurgaon,2023-10-15 02:30:00,24.0,25.0,74,69.0
11726,Gurgaon,2023-10-16 02:30:00,26.0,24.0,65,74.0
11727,Gurgaon,2023-10-17 02:15:00,19.0,26.0,94,65.0
11728,Gurgaon,2023-10-18 02:15:00,21.0,19.0,78,94.0
11729,Gurgaon,2023-10-19 02:15:00,21.0,21.0,69,78.0
11730,Gurgaon,2023-10-20 02:30:00,21.0,21.0,69,69.0
11731,Gurgaon,2023-10-21 02:15:00,20.0,21.0,73,69.0
11732,Gurgaon,2023-10-22 02:15:00,21.0,20.0,69,73.0
11733,Gurgaon,2023-10-23 02:00:00,21.0,21.0,78,69.0
11734,Gurgaon,2023-10-24 02:15:00,22.0,21.0,65,78.0
11735,Gurgaon,2023-10-25 02:15:00,21.0,22.0,64,65.0
11736,Gurgaon,2023-10-26 02:00:00,22.0,21.0,61,64.0
11737,Gurgaon,2023-10-27 02:15:00,21.0,22.0,60,61.0
11738,Gurgaon,2023-10-28 02:00:00,20.0,21.0,60,60.0
11739,Gurgaon,2023-10-29 02:30:00,24.8,20.0,28,60.0
11740,Gurgaon,2023-10-30 01:45:00,22.0,24.8,69,28.0
11786,Gwalior,2023-10-15 02:30:00,27.3,25.5,38,44.0
11787,Gwalior,2023-10-16 02:30:00,26.3,27.3,42,38.0
11788,Gwalior,2023-10-17 02:15:00,20.4,26.3,80,42.0
11789,Gwalior,2023-10-18 02:15:00,22.2,20.4,67,80.0
11790,Gwalior,2023-10-19 02:15:00,22.6,22.2,45,67.0
11791,Gwalior,2023-10-20 02:15:00,22.1,22.6,47,45.0
11792,Gwalior,2023-10-21 02:00:00,22.0,22.1,46,47.0
11793,Gwalior,2023-10-22 02:15:00,22.0,22.0,48,46.0
11794,Gwalior,2023-10-23 02:00:00,22.2,22.0,41,48.0
11795,Gwalior,2023-10-24 02:15:00,21.6,22.2,43,41.0
11796,Gwalior,2023-10-25 02:15:00,21.4,21.6,45,43.0
11797,Gwalior,2023-10-26 02:00:00,21.9,21.4,38,45.0
11798,Gwalior,2023-10-27 02:15:00,20.8,21.9,32,38.0
11799,Gwalior,2023-10-28 02:00:00,21.1,20.8,32,32.0
11800,Gwalior,2023-10-29 02:30:00,22.1,21.1,36,32.0
11801,Gwalior,2023-10-30 01:45:00,22.9,22.1,36,36.0
11847,Hailakandi,2023-10-15 02:30:00,20.3,20.1,90,89.0
11848,Hailakandi,2023-10-16 02:30:00,21.2,20.3,90,90.0
11849,Hailakandi,2023-10-17 02:15:00,21.6,21.2,91,90.0
11850,Hailakandi,2023-10-18 02:30:00,20.6,21.6,90,91.0
11851,Hailakandi,2023-10-19 02:15:00,20.3,20.6,88,90.0
11852,Hailakandi,2023-10-20 02:30:00,20.0,20.3,89,88.0
11853,Hailakandi,2023-10-21 02:15:00,20.3,20.0,90,89.0
11854,Hailakandi,2023-10-22 02:15:00,20.7,20.3,87,90.0
11855,Hailakandi,2023-10-23 02:15:00,20.5,20.7,96,87.0
11856,Hailakandi,2023-10-24 02:15:00,21.7,20.5,94,96.0
11857,Hailakandi,2023-10-25 02:15:00,22.6,21.7,76,94.0
11858,Hailakandi,2023-10-26 02:00:00,20.1,22.6,97,76.0
11859,Hailakandi,2023-10-27 02:15:00,20.0,20.1,93,97.0
11860,Hailakandi,2023-10-28 02:00:00,20.1,20.0,92,93.0
11861,Hailakandi,2023-10-29 02:30:00,19.3,20.1,91,92.0
11862,Hailakandi,2023-10-30 01:45:00,20.3,19.3,90,91.0
11908,Hamirpur,2023-10-15 02:30:00,26.7,25.8,38,40.0
11909,Hamirpur,2023-10-16 02:30:00,26.6,26.7,41,38.0
11910,Hamirpur,2023-10-17 02:15:00,21.0,26.6,79,41.0
11911,Hamirpur,2023-10-18 02:15:00,23.4,21.0,62,79.0
11912,Hamirpur,2023-10-19 02:15:00,23.4,23.4,46,62.0
11913,Hamirpur,2023-10-20 02:15:00,22.6,23.4,43,46.0
11914,Hamirpur,2023-10-21 02:15:00,21.9,22.6,44,43.0
11915,Hamirpur,2023-10-22 02:15:00,21.7,21.9,48,44.0
11916,Hamirpur,2023-10-23 02:00:00,21.7,21.7,51,48.0
11917,Hamirpur,2023-10-24 02:15:00,22.3,21.7,41,51.0
11918,Hamirpur,2023-10-25 02:15:00,22.1,22.3,47,41.0
11919,Hamirpur,2023-10-26 02:00:00,22.1,22.1,42,47.0
11920,Hamirpur,2023-10-27 02:15:00,21.7,22.1,36,42.0
11921,Hamirpur,2023-10-28 02:00:00,22.1,21.7,35,36.0
11922,Hamirpur,2023-10-29 02:30:00,22.7,22.1,36,35.0
11923,Hamirpur,2023-10-30 01:45:00,23.1,22.7,38,36.0
11969,Hanumangarh,2023-10-15 02:30:00,26.9,27.7,32,32.0
11970,Hanumangarh,2023-10-16 02:30:00,26.0,26.9,39,32.0
11971,Hanumangarh,2023-10-17 02:30:00,20.0,26.0,79,39.0
11972,Hanumangarh,2023-10-18 02:30:00,22.1,20.0,63,79.0
11973,Hanumangarh,2023-10-19 02:30:00,21.5,22.1,43,63.0
11974,Hanumangarh,2023-10-20 02:30:00,22.9,21.5,45,43.0
11975,Hanumangarh,2023-10-21 02:15:00,23.7,22.9,45,45.0
11976,Hanumangarh,2023-10-22 02:30:00,23.7,23.7,50,45.0
11977,Hanumangarh,2023-10-23 02:15:00,23.4,23.7,42,50.0
11978,Hanumangarh,2023-10-24 02:15:00,23.4,23.4,50,42.0
11979,Hanumangarh,2023-10-25 02:30:00,23.0,23.4,48,50.0
11980,Hanumangarh,2023-10-26 02:00:00,23.4,23.0,34,48.0
11981,Hanumangarh,2023-10-27 02:15:00,23.1,23.4,27,34.0
11982,Hanumangarh,2023-10-28 02:00:00,24.8,23.1,28,27.0
11983,Hanumangarh,2023-10-29 02:45:00,24.9,24.8,28,28.0
11984,Hanumangarh,2023-10-30 02:00:00,24.3,24.9,31,28.0
12030,Haora,2023-10-15 02:30:00,27.0,26.0,84,74.0
12031,Haora,2023-10-16 02:30:00,26.0,27.0,89,84.0
12032,Haora,2023-10-17 02:30:00,27.0,26.0,84,89.0
12033,Haora,2023-10-18 02:30:00,27.0,27.0,84,84.0
12034,Haora,2023-10-19 02:15:00,26.0,27.0,84,84.0
12035,Haora,2023-10-20 02:30:00,25.0,26.0,83,84.0
12036,Haora,2023-10-21 02:15:00,24.0,25.0,83,83.0
12037,Haora,2023-10-22 02:15:00,25.0,24.0,83,83.0
12038,Haora,2023-10-23 02:15:00,26.0,25.0,84,83.0
12039,Haora,2023-10-24 02:15:00,25.0,26.0,83,84.0
12040,Haora,2023-10-25 02:15:00,24.0,25.0,94,83.0
12041,Haora,2023-10-26 02:00:00,26.0,24.0,89,94.0
12042,Haora,2023-10-27 02:15:00,26.0,26.0,84,89.0
12043,Haora,2023-10-28 02:00:00,25.0,26.0,83,84.0
12044,Haora,2023-10-29 02:45:00,24.0,25.0,83,83.0
12045,Haora,2023-10-30 01:45:00,24.0,24.0,83,83.0
12091,Hapur,2023-10-15 02:30:00,24.3,23.3,51,47.0
12092,Hapur,2023-10-16 02:30:00,24.1,24.3,50,51.0
12093,Hapur,2023-10-17 02:30:00,20.2,24.1,82,50.0
12094,Hapur,2023-10-18 02:30:00,21.2,20.2,57,82.0
12095,Hapur,2023-10-19 02:30:00,20.3,21.2,47,57.0
12096,Hapur,2023-10-20 02:30:00,20.6,20.3,42,47.0
12097,Hapur,2023-10-21 02:15:00,20.8,20.6,48,42.0
12098,Hapur,2023-10-22 02:30:00,20.6,20.8,47,48.0
12099,Hapur,2023-10-23 02:15:00,21.6,20.6,49,47.0
12100,Hapur,2023-10-24 02:15:00,21.0,21.6,50,49.0
12101,Hapur,2023-10-25 02:30:00,21.2,21.0,38,50.0
12102,Hapur,2023-10-26 02:00:00,21.0,21.2,36,38.0
12103,Hapur,2023-10-27 02:30:00,20.8,21.0,36,36.0
12104,Hapur,2023-10-28 02:00:00,21.1,20.8,30,36.0
12105,Hapur,2023-10-29 02:45:00,21.1,21.1,39,30.0
12106,Hapur,2023-10-30 02:00:00,21.5,21.1,44,39.0
12152,Harda,2023-10-15 02:30:00,25.7,24.2,52,55.0
12153,Harda,2023-10-16 02:30:00,24.2,25.7,59,52.0
12154,Harda,2023-10-17 02:15:00,22.7,24.2,69,59.0
12155,Harda,2023-10-18 02:15:00,22.6,22.7,66,69.0
12156,Harda,2023-10-19 02:15:00,23.4,22.6,59,66.0
12157,Harda,2023-10-20 02:15:00,24.0,23.4,61,59.0
12158,Harda,2023-10-21 02:00:00,22.1,24.0,50,61.0
12159,Harda,2023-10-22 02:15:00,23.0,22.1,51,50.0
12160,Harda,2023-10-23 02:00:00,22.1,23.0,50,51.0
12161,Harda,2023-10-24 02:15:00,21.0,22.1,59,50.0
12162,Harda,2023-10-25 02:15:00,21.0,21.0,56,59.0
12163,Harda,2023-10-26 02:00:00,20.2,21.0,47,56.0
12164,Harda,2023-10-27 02:15:00,20.3,20.2,47,47.0
12165,Harda,2023-10-28 02:00:00,20.0,20.3,46,47.0
12166,Harda,2023-10-29 02:30:00,19.7,20.0,46,46.0
12167,Harda,2023-10-30 01:45:00,19.9,19.7,46,46.0
12213,Hardoi,2023-10-15 02:30:00,25.3,23.9,50,52.0
12214,Hardoi,2023-10-16 02:30:00,25.0,25.3,56,50.0
12215,Hardoi,2023-10-17 02:30:00,21.4,25.0,78,56.0
12216,Hardoi,2023-10-18 02:30:00,22.2,21.4,66,78.0
12217,Hardoi,2023-10-19 02:30:00,21.9,22.2,55,66.0
12218,Hardoi,2023-10-20 02:30:00,21.3,21.9,43,55.0
12219,Hardoi,2023-10-21 02:15:00,21.1,21.3,53,43.0
12220,Hardoi,2023-10-22 02:30:00,21.2,21.1,53,53.0
12221,Hardoi,2023-10-23 02:15:00,21.7,21.2,53,53.0
12222,Hardoi,2023-10-24 02:15:00,21.6,21.7,47,53.0
12223,Hardoi,2023-10-25 02:30:00,22.3,21.6,51,47.0
12224,Hardoi,2023-10-26 02:00:00,22.4,22.3,44,51.0
12225,Hardoi,2023-10-27 02:30:00,21.9,22.4,41,44.0
12226,Hardoi,2023-10-28 02:00:00,21.6,21.9,43,41.0
12227,Hardoi,2023-10-29 02:45:00,22.6,21.6,42,43.0
12228,Hardoi,2023-10-30 02:00:00,22.2,22.6,48,42.0
12274,Hardwar,2023-10-15 02:30:00,19.4,18.6,60,62.0
12275,Hardwar,2023-10-16 02:30:00,19.1,19.4,61,60.0
12276,Hardwar,2023-10-17 02:30:00,16.5,19.1,76,61.0
12277,Hardwar,2023-10-18 02:30:00,16.5,16.5,65,76.0
12278,Hardwar,2023-10-19 02:15:00,15.8,16.5,67,65.0
12279,Hardwar,2023-10-20 02:30:00,16.0,15.8,70,67.0
12280,Hardwar,2023-10-21 02:15:00,16.1,16.0,64,70.0
12281,Hardwar,2023-10-22 02:15:00,16.4,16.1,62,64.0
12282,Hardwar,2023-10-23 02:15:00,16.4,16.4,61,62.0
12283,Hardwar,2023-10-24 02:15:00,15.8,16.4,58,61.0
12284,Hardwar,2023-10-25 02:15:00,16.6,15.8,53,58.0
12285,Hardwar,2023-10-26 02:00:00,17.1,16.6,50,53.0
12286,Hardwar,2023-10-27 02:15:00,16.7,17.1,55,50.0
12287,Hardwar,2023-10-28 02:00:00,16.7,16.7,55,55.0
12288,Hardwar,2023-10-29 02:30:00,16.6,16.7,57,55.0
12289,Hardwar,2023-10-30 01:45:00,16.9,16.6,56,57.0
12335,Hassan,2023-10-16 02:30:00,19.9,19.0,76,92.0
12336,Hassan,2023-10-17 02:30:00,20.5,19.9,89,76.0
12337,Hassan,2023-10-18 02:30:00,21.5,20.5,81,89.0
12338,Hassan,2023-10-19 02:15:00,19.8,21.5,82,81.0
12339,Hassan,2023-10-20 02:30:00,20.1,19.8,71,82.0
12340,Hassan,2023-10-21 02:15:00,20.2,20.1,73,71.0
12341,Hassan,2023-10-22 02:15:00,22.7,20.2,66,73.0
12342,Hassan,2023-10-23 02:15:00,21.2,22.7,67,66.0
12343,Hassan,2023-10-24 02:15:00,18.8,21.2,50,67.0
12344,Hassan,2023-10-25 02:15:00,18.2,18.8,50,50.0
12345,Hassan,2023-10-26 02:00:00,18.3,18.2,49,50.0
12346,Hassan,2023-10-27 02:15:00,18.2,18.3,57,49.0
12347,Hassan,2023-10-28 02:00:00,21.3,18.2,63,57.0
12348,Hassan,2023-10-29 02:45:00,19.6,21.3,87,63.0
12349,Hassan,2023-10-30 02:00:00,19.7,19.6,91,87.0
12395,Haveri,2023-10-15 02:30:00,22.6,22.3,79,64.0
12396,Haveri,2023-10-16 02:30:00,21.6,22.6,90,79.0
12397,Haveri,2023-10-17 02:30:00,23.5,21.6,77,90.0
12398,Haveri,2023-10-18 02:30:00,24.4,23.5,73,77.0
12399,Haveri,2023-10-19 02:15:00,22.5,24.4,59,73.0
12400,Haveri,2023-10-20 02:30:00,22.4,22.5,61,59.0
12401,Haveri,2023-10-21 02:15:00,22.0,22.4,75,61.0
12402,Haveri,2023-10-22 02:15:00,23.4,22.0,68,75.0
12403,Haveri,2023-10-23 02:15:00,23.3,23.4,49,68.0
12404,Haveri,2023-10-24 02:15:00,20.6,23.3,50,49.0
12405,Haveri,2023-10-25 02:15:00,20.8,20.6,54,50.0
12406,Haveri,2023-10-26 02:00:00,20.8,20.8,50,54.0
12407,Haveri,2023-10-27 02:15:00,20.0,20.8,49,50.0
12408,Haveri,2023-10-28 02:00:00,20.9,20.0,47,49.0
12409,Haveri,2023-10-29 02:45:00,23.3,20.9,71,47.0
12410,Haveri,2023-10-30 02:00:00,23.1,23.3,76,71.0
12456,Hazaribagh,2023-10-15 02:30:00,19.5,19.9,72,81.0
12457,Hazaribagh,2023-10-16 02:30:00,20.5,19.5,66,72.0
12458,Hazaribagh,2023-10-17 02:15:00,20.1,20.5,79,66.0
12459,Hazaribagh,2023-10-18 02:30:00,20.1,20.1,83,79.0
12460,Hazaribagh,2023-10-19 02:15:00,19.0,20.1,91,83.0
12461,Hazaribagh,2023-10-20 02:30:00,18.9,19.0,77,91.0
12462,Hazaribagh,2023-10-21 02:15:00,17.7,18.9,73,77.0
12463,Hazaribagh,2023-10-22 02:15:00,17.1,17.7,64,73.0
12464,Hazaribagh,2023-10-23 02:00:00,17.2,17.1,70,64.0
12465,Hazaribagh,2023-10-24 02:15:00,19.1,17.2,67,70.0
12466,Hazaribagh,2023-10-25 02:15:00,18.6,19.1,77,67.0
12467,Hazaribagh,2023-10-26 02:00:00,18.8,18.6,67,77.0
12468,Hazaribagh,2023-10-27 02:15:00,17.5,18.8,65,67.0
12469,Hazaribagh,2023-10-28 02:00:00,18.0,17.5,77,65.0
12470,Hazaribagh,2023-10-29 02:30:00,17.6,18.0,66,77.0
12471,Hazaribagh,2023-10-30 01:45:00,17.9,17.6,72,66.0
12517,Hingoli,2023-10-15 02:30:00,23.0,23.2,59,63.0
12518,Hingoli,2023-10-16 02:30:00,23.4,23.0,62,59.0
12519,Hingoli,2023-10-17 02:30:00,22.7,23.4,64,62.0
12520,Hingoli,2023-10-18 02:30:00,22.8,22.7,67,64.0
12521,Hingoli,2023-10-19 02:30:00,23.0,22.8,61,67.0
12522,Hingoli,2023-10-20 02:30:00,21.6,23.0,74,61.0
12523,Hingoli,2023-10-21 02:15:00,21.8,21.6,78,74.0
12524,Hingoli,2023-10-22 02:30:00,21.1,21.8,58,78.0
12525,Hingoli,2023-10-23 02:15:00,20.1,21.1,61,58.0
12526,Hingoli,2023-10-24 02:15:00,20.0,20.1,62,61.0
12527,Hingoli,2023-10-25 02:15:00,20.0,20.0,57,62.0
12528,Hingoli,2023-10-26 02:00:00,19.5,20.0,46,57.0
12529,Hingoli,2023-10-27 02:15:00,19.0,19.5,52,46.0
12530,Hingoli,2023-10-28 02:00:00,19.5,19.0,55,52.0
12531,Hingoli,2023-10-29 02:45:00,19.2,19.5,51,55.0
12532,Hingoli,2023-10-30 02:00:00,19.5,19.2,58,51.0
12578,Hisar,2023-10-15 02:30:00,26.7,25.8,31,27.0
12579,Hisar,2023-10-16 02:30:00,25.2,26.7,42,31.0
12580,Hisar,2023-10-17 02:15:00,20.2,25.2,75,42.0
12581,Hisar,2023-10-18 02:30:00,22.6,20.2,58,75.0
12582,Hisar,2023-10-19 02:15:00,21.2,22.6,41,58.0
12583,Hisar,2023-10-20 02:30:00,22.2,21.2,35,41.0
12584,Hisar,2023-10-21 02:15:00,23.5,22.2,40,35.0
12585,Hisar,2023-10-22 02:15:00,23.7,23.5,39,40.0
12586,Hisar,2023-10-23 02:15:00,23.3,23.7,37,39.0
12587,Hisar,2023-10-24 02:15:00,22.4,23.3,45,37.0
12588,Hisar,2023-10-25 02:15:00,22.5,22.4,38,45.0
12589,Hisar,2023-10-26 02:00:00,22.5,22.5,31,38.0
12590,Hisar,2023-10-27 02:15:00,22.0,22.5,25,31.0
12591,Hisar,2023-10-28 02:00:00,23.4,22.0,25,25.0
12592,Hisar,2023-10-29 02:30:00,24.5,23.4,27,25.0
12593,Hisar,2023-10-30 01:45:00,24.7,24.5,30,27.0
12639,Hojai,2023-10-15 02:30:00,20.6,21.4,94,93.0
12640,Hojai,2023-10-16 02:30:00,20.8,20.6,93,94.0
12641,Hojai,2023-10-17 02:30:00,20.8,20.8,93,93.0
12642,Hojai,2023-10-18 02:30:00,20.8,20.8,94,93.0
12643,Hojai,2023-10-19 02:30:00,20.1,20.8,94,94.0
12644,Hojai,2023-10-20 02:30:00,20.0,20.1,92,94.0
12645,Hojai,2023-10-21 02:30:00,20.0,20.0,94,92.0
12646,Hojai,2023-10-22 02:30:00,19.7,20.0,93,94.0
12647,Hojai,2023-10-23 02:15:00,19.6,19.7,92,93.0
12648,Hojai,2023-10-24 02:15:00,20.5,19.6,85,92.0
12649,Hojai,2023-10-25 02:30:00,19.8,20.5,93,85.0
12650,Hojai,2023-10-26 02:00:00,19.7,19.8,96,93.0
12651,Hojai,2023-10-27 02:30:00,19.8,19.7,95,96.0
12652,Hojai,2023-10-28 02:00:00,19.4,19.8,95,95.0
12653,Hojai,2023-10-29 02:45:00,19.3,19.4,93,95.0
12654,Hojai,2023-10-30 02:00:00,19.8,19.3,94,93.0
12700,Hoshangabad,2023-10-15 02:30:00,22.9,21.8,55,56.0
12701,Hoshangabad,2023-10-16 02:30:00,21.8,22.9,56,55.0
12702,Hoshangabad,2023-10-17 02:15:00,22.9,21.8,73,56.0
12703,Hoshangabad,2023-10-18 02:15:00,21.2,22.9,64,73.0
12704,Hoshangabad,2023-10-19 02:15:00,21.9,21.2,61,64.0
12705,Hoshangabad,2023-10-20 02:15:00,20.7,21.9,69,61.0
12706,Hoshangabad,2023-10-21 02:00:00,19.3,20.7,54,69.0
12707,Hoshangabad,2023-10-22 02:15:00,19.4,19.3,53,54.0
12708,Hoshangabad,2023-10-23 02:00:00,19.1,19.4,60,53.0
12709,Hoshangabad,2023-10-24 02:15:00,18.5,19.1,61,60.0
12710,Hoshangabad,2023-10-25 02:15:00,17.9,18.5,52,61.0
12711,Hoshangabad,2023-10-26 02:00:00,17.8,17.9,47,52.0
12712,Hoshangabad,2023-10-27 02:15:00,18.3,17.8,46,47.0
12713,Hoshangabad,2023-10-28 02:00:00,18.0,18.3,48,46.0
12714,Hoshangabad,2023-10-29 02:30:00,17.9,18.0,46,48.0
12715,Hoshangabad,2023-10-30 01:45:00,18.0,17.9,52,46.0
12761,Hoshiarpur,2023-10-15 02:30:00,22.0,21.4,45,46.0
12762,Hoshiarpur,2023-10-16 02:30:00,21.3,22.0,50,45.0
12763,Hoshiarpur,2023-10-17 02:30:00,17.4,21.3,70,50.0
12764,Hoshiarpur,2023-10-18 02:30:00,17.0,17.4,50,70.0
12765,Hoshiarpur,2023-10-19 02:15:00,16.6,17.0,57,50.0
12766,Hoshiarpur,2023-10-20 02:30:00,17.5,16.6,51,57.0
12767,Hoshiarpur,2023-10-21 02:15:00,17.7,17.5,46,51.0
12768,Hoshiarpur,2023-10-22 02:15:00,18.5,17.7,47,46.0
12769,Hoshiarpur,2023-10-23 02:15:00,18.8,18.5,47,47.0
12770,Hoshiarpur,2023-10-24 02:15:00,18.5,18.8,53,47.0
12771,Hoshiarpur,2023-10-25 02:15:00,18.7,18.5,45,53.0
12772,Hoshiarpur,2023-10-26 02:00:00,18.3,18.7,42,45.0
12773,Hoshiarpur,2023-10-27 02:15:00,18.2,18.3,47,42.0
12774,Hoshiarpur,2023-10-28 02:00:00,19.0,18.2,45,47.0
12775,Hoshiarpur,2023-10-29 02:45:00,19.5,19.0,45,45.0
12776,Hoshiarpur,2023-10-30 02:00:00,19.1,19.5,46,45.0
12822,Hugli,2023-10-15 02:30:00,27.0,26.0,84,74.0
12823,Hugli,2023-10-16 02:30:00,26.0,27.0,89,84.0
12824,Hugli,2023-10-17 02:30:00,27.0,26.0,84,89.0
12825,Hugli,2023-10-18 02:30:00,27.0,27.0,84,84.0
12826,Hugli,2023-10-19 02:15:00,26.0,27.0,84,84.0
12827,Hugli,2023-10-20 02:30:00,25.0,26.0,83,84.0
12828,Hugli,2023-10-21 02:15:00,24.0,25.0,83,83.0
12829,Hugli,2023-10-22 02:15:00,25.0,24.0,83,83.0
12830,Hugli,2023-10-23 02:15:00,26.0,25.0,84,83.0
12831,Hugli,2023-10-24 02:15:00,25.0,26.0,83,84.0
12832,Hugli,2023-10-25 02:15:00,24.0,25.0,94,83.0
12833,Hugli,2023-10-26 02:00:00,26.0,24.0,89,94.0
12834,Hugli,2023-10-27 02:15:00,26.0,26.0,84,89.0
12835,Hugli,2023-10-28 02:00:00,25.0,26.0,83,84.0
12836,Hugli,2023-10-29 02:45:00,24.0,25.0,83,83.0
12837,Hugli,2023-10-30 02:00:00,24.0,24.0,83,83.0
12883,Idukki,2023-10-15 02:30:00,20.7,20.9,94,89.0
12884,Idukki,2023-10-16 02:30:00,20.6,20.7,83,94.0
12885,Idukki,2023-10-17 02:30:00,21.9,20.6,92,83.0
12886,Idukki,2023-10-18 02:30:00,22.1,21.9,93,92.0
12887,Idukki,2023-10-19 02:15:00,21.8,22.1,89,93.0
12888,Idukki,2023-10-20 02:30:00,18.4,21.8,91,89.0
12889,Idukki,2023-10-21 02:15:00,20.5,18.4,89,91.0
12890,Idukki,2023-10-22 02:15:00,17.7,20.5,89,89.0
12891,Idukki,2023-10-23 02:15:00,20.0,17.7,91,89.0
12892,Idukki,2023-10-24 02:15:00,22.2,20.0,94,91.0
12893,Idukki,2023-10-25 02:15:00,22.0,22.2,91,94.0
12894,Idukki,2023-10-26 02:00:00,21.7,22.0,92,91.0
12895,Idukki,2023-10-27 02:15:00,22.0,21.7,93,92.0
12896,Idukki,2023-10-28 02:00:00,19.9,22.0,94,93.0
12897,Idukki,2023-10-29 02:30:00,21.4,19.9,92,94.0
12898,Idukki,2023-10-30 02:00:00,18.8,21.4,93,92.0
12945,Imphal,2023-10-15 02:30:00,13.4,14.7,95,96.0
12946,Imphal,2023-10-16 02:30:00,14.2,13.4,94,95.0
12947,Imphal,2023-10-17 02:15:00,15.2,14.2,94,94.0
12948,Imphal,2023-10-18 02:30:00,14.9,15.2,92,94.0
12949,Imphal,2023-10-19 02:15:00,14.0,14.9,90,92.0
12950,Imphal,2023-10-20 02:30:00,14.3,14.0,92,90.0
12951,Imphal,2023-10-21 02:15:00,14.6,14.3,88,92.0
12952,Imphal,2023-10-22 02:15:00,14.4,14.6,94,88.0
12953,Imphal,2023-10-23 02:15:00,15.6,14.4,96,94.0
12954,Imphal,2023-10-24 02:15:00,16.0,15.6,89,96.0
12955,Imphal,2023-10-25 02:15:00,15.7,16.0,99,89.0
12956,Imphal,2023-10-26 02:00:00,15.8,15.7,98,99.0
12957,Imphal,2023-10-27 02:15:00,14.2,15.8,98,98.0
12958,Imphal,2023-10-28 02:00:00,13.4,14.2,94,98.0
12959,Imphal,2023-10-29 02:30:00,12.8,13.4,92,94.0
12960,Imphal,2023-10-30 01:45:00,13.2,12.8,94,92.0
13006,Indore,2023-10-15 02:30:00,22.6,22.0,51,54.0
13007,Indore,2023-10-16 02:30:00,23.9,22.6,62,51.0
13008,Indore,2023-10-17 02:15:00,21.9,23.9,64,62.0
13009,Indore,2023-10-18 02:15:00,21.6,21.9,62,64.0
13010,Indore,2023-10-19 02:15:00,22.0,21.6,56,62.0
13011,Indore,2023-10-20 02:15:00,22.1,22.0,58,56.0
13012,Indore,2023-10-21 02:00:00,21.8,22.1,53,58.0
13013,Indore,2023-10-22 02:15:00,21.7,21.8,56,53.0
13014,Indore,2023-10-23 02:00:00,23.0,21.7,65,56.0
13015,Indore,2023-10-24 02:15:00,20.6,23.0,45,65.0
13016,Indore,2023-10-25 02:15:00,21.0,20.6,42,45.0
13017,Indore,2023-10-26 02:00:00,20.0,21.0,46,42.0
13018,Indore,2023-10-27 02:15:00,19.4,20.0,36,46.0
13019,Indore,2023-10-28 01:45:00,19.0,19.4,49,36.0
13020,Indore,2023-10-29 02:30:00,18.0,19.0,60,49.0
13021,Indore,2023-10-30 01:45:00,20.5,18.0,42,60.0
13067,Jabalpur,2023-10-15 02:30:00,21.6,21.2,60,60.0
13068,Jabalpur,2023-10-16 02:30:00,21.8,21.6,65,60.0
13069,Jabalpur,2023-10-17 02:15:00,20.6,21.8,75,65.0
13070,Jabalpur,2023-10-18 02:15:00,20.7,20.6,75,75.0
13071,Jabalpur,2023-10-19 02:15:00,20.8,20.7,68,75.0
13072,Jabalpur,2023-10-20 02:15:00,19.5,20.8,63,68.0
13073,Jabalpur,2023-10-21 02:00:00,19.3,19.5,57,63.0
13074,Jabalpur,2023-10-22 02:15:00,18.8,19.3,55,57.0
13075,Jabalpur,2023-10-23 02:00:00,17.3,18.8,56,55.0
13076,Jabalpur,2023-10-24 02:15:00,17.3,17.3,63,56.0
13077,Jabalpur,2023-10-25 02:15:00,17.6,17.3,59,63.0
13078,Jabalpur,2023-10-26 02:00:00,17.5,17.6,54,59.0
13079,Jabalpur,2023-10-27 02:15:00,17.2,17.5,51,54.0
13080,Jabalpur,2023-10-28 02:00:00,17.4,17.2,49,51.0
13081,Jabalpur,2023-10-29 02:30:00,17.4,17.4,54,49.0
13082,Jabalpur,2023-10-30 01:45:00,17.7,17.4,50,54.0
13128,Jagatsinghapur,2023-10-15 02:30:00,27.0,25.6,84,82.0
13129,Jagatsinghapur,2023-10-16 02:30:00,25.0,27.0,89,84.0
13130,Jagatsinghapur,2023-10-17 02:30:00,26.0,25.0,89,89.0
13131,Jagatsinghapur,2023-10-18 02:30:00,25.0,26.0,94,89.0
13132,Jagatsinghapur,2023-10-19 02:30:00,26.0,25.0,89,94.0
13133,Jagatsinghapur,2023-10-20 02:30:00,24.0,26.0,94,89.0
13134,Jagatsinghapur,2023-10-21 02:15:00,24.0,24.0,89,94.0
13135,Jagatsinghapur,2023-10-22 02:30:00,24.0,24.0,83,89.0
13136,Jagatsinghapur,2023-10-23 02:15:00,25.0,24.0,79,83.0
13137,Jagatsinghapur,2023-10-24 02:15:00,25.0,25.0,89,79.0
13138,Jagatsinghapur,2023-10-25 02:15:00,24.0,25.0,94,89.0
13139,Jagatsinghapur,2023-10-26 02:00:00,25.0,24.0,94,94.0
13140,Jagatsinghapur,2023-10-27 02:15:00,23.0,25.0,83,94.0
13141,Jagatsinghapur,2023-10-28 02:00:00,22.0,23.0,78,83.0
13142,Jagatsinghapur,2023-10-29 02:45:00,21.0,22.0,83,78.0
13143,Jagatsinghapur,2023-10-30 02:00:00,21.0,21.0,88,83.0
13189,Jagtial,2023-10-15 02:30:00,23.1,22.8,68,73.0
13190,Jagtial,2023-10-16 02:30:00,23.4,23.1,63,68.0
13191,Jagtial,2023-10-17 02:30:00,22.7,23.4,70,63.0
13192,Jagtial,2023-10-18 02:30:00,22.1,22.7,71,70.0
13193,Jagtial,2023-10-19 02:30:00,22.2,22.1,72,71.0
13194,Jagtial,2023-10-20 02:30:00,23.2,22.2,81,72.0
13195,Jagtial,2023-10-21 02:30:00,22.4,23.2,77,81.0
13196,Jagtial,2023-10-22 02:30:00,20.2,22.4,65,77.0
13197,Jagtial,2023-10-23 02:15:00,19.4,20.2,59,65.0
13198,Jagtial,2023-10-24 02:15:00,18.9,19.4,68,59.0
13199,Jagtial,2023-10-25 02:30:00,18.8,18.9,65,68.0
13200,Jagtial,2023-10-26 02:00:00,18.8,18.8,60,65.0
13201,Jagtial,2023-10-27 02:30:00,18.1,18.8,54,60.0
13202,Jagtial,2023-10-28 02:00:00,18.6,18.1,61,54.0
13203,Jagtial,2023-10-29 02:45:00,19.2,18.6,61,61.0
13204,Jagtial,2023-10-30 02:00:00,19.5,19.2,63,61.0
13250,Jaipur,2023-10-15 02:30:00,29.0,28.0,40,51.0
13251,Jaipur,2023-10-16 02:30:00,26.0,29.0,61,40.0
13252,Jaipur,2023-10-17 02:30:00,22.0,26.0,69,61.0
13253,Jaipur,2023-10-18 02:30:00,23.0,22.0,73,69.0
13254,Jaipur,2023-10-19 02:30:00,23.0,23.0,65,73.0
13255,Jaipur,2023-10-20 02:30:00,23.0,23.0,61,65.0
13256,Jaipur,2023-10-21 02:15:00,23.0,23.0,61,61.0
13257,Jaipur,2023-10-22 02:30:00,24.0,23.0,57,61.0
13258,Jaipur,2023-10-23 02:15:00,24.0,24.0,61,57.0
13259,Jaipur,2023-10-24 02:15:00,23.0,24.0,57,61.0
13260,Jaipur,2023-10-25 02:15:00,24.0,23.0,54,57.0
13261,Jaipur,2023-10-26 02:00:00,22.0,24.0,65,54.0
13262,Jaipur,2023-10-27 02:15:00,21.0,22.0,49,65.0
13263,Jaipur,2023-10-28 02:00:00,24.0,21.0,44,49.0
13264,Jaipur,2023-10-29 02:45:00,21.0,24.0,64,44.0
13265,Jaipur,2023-10-30 02:00:00,23.0,21.0,53,64.0
13311,Jaisalmer,2023-10-15 02:30:00,26.9,27.7,47,45.0
13312,Jaisalmer,2023-10-16 02:30:00,29.7,26.9,31,47.0
13313,Jaisalmer,2023-10-17 02:30:00,26.3,29.7,54,31.0
13314,Jaisalmer,2023-10-18 02:30:00,25.5,26.3,58,54.0
13315,Jaisalmer,2023-10-19 02:30:00,26.3,25.5,53,58.0
13316,Jaisalmer,2023-10-20 02:30:00,28.1,26.3,38,53.0
13317,Jaisalmer,2023-10-21 02:15:00,29.2,28.1,31,38.0
13318,Jaisalmer,2023-10-22 02:30:00,29.1,29.2,31,31.0
13319,Jaisalmer,2023-10-23 02:15:00,28.1,29.1,37,31.0
13320,Jaisalmer,2023-10-24 02:15:00,27.5,28.1,28,37.0
13321,Jaisalmer,2023-10-25 02:30:00,28.0,27.5,24,28.0
13322,Jaisalmer,2023-10-26 02:00:00,27.9,28.0,21,24.0
13323,Jaisalmer,2023-10-27 02:15:00,27.3,27.9,27,21.0
13324,Jaisalmer,2023-10-28 02:00:00,28.4,27.3,32,27.0
13325,Jaisalmer,2023-10-29 02:45:00,26.7,28.4,30,32.0
13326,Jaisalmer,2023-10-30 02:00:00,27.9,26.7,26,30.0
13372,Jalandhar,2023-10-15 02:30:00,24.0,23.1,43,40.0
13373,Jalandhar,2023-10-16 02:30:00,22.4,24.0,46,43.0
13374,Jalandhar,2023-10-17 02:30:00,18.9,22.4,68,46.0
13375,Jalandhar,2023-10-18 02:30:00,18.6,18.9,50,68.0
13376,Jalandhar,2023-10-19 02:15:00,18.7,18.6,52,50.0
13377,Jalandhar,2023-10-20 02:30:00,19.6,18.7,48,52.0
13378,Jalandhar,2023-10-21 02:15:00,19.8,19.6,43,48.0
13379,Jalandhar,2023-10-22 02:15:00,20.3,19.8,48,43.0
13380,Jalandhar,2023-10-23 02:15:00,20.9,20.3,45,48.0
13381,Jalandhar,2023-10-24 02:15:00,20.6,20.9,50,45.0
13382,Jalandhar,2023-10-25 02:15:00,20.6,20.6,43,50.0
13383,Jalandhar,2023-10-26 02:00:00,20.3,20.6,38,43.0
13384,Jalandhar,2023-10-27 02:15:00,20.2,20.3,41,38.0
13385,Jalandhar,2023-10-28 02:00:00,20.9,20.2,40,41.0
13386,Jalandhar,2023-10-29 02:45:00,21.0,20.9,42,40.0
13387,Jalandhar,2023-10-30 01:45:00,21.4,21.0,42,42.0
13433,Jalaun,2023-10-15 02:30:00,27.3,26.4,37,38.0
13434,Jalaun,2023-10-16 02:30:00,27.2,27.3,40,37.0
13435,Jalaun,2023-10-17 02:30:00,21.6,27.2,72,40.0
13436,Jalaun,2023-10-18 02:30:00,23.9,21.6,60,72.0
13437,Jalaun,2023-10-19 02:30:00,24.0,23.9,44,60.0
13438,Jalaun,2023-10-20 02:30:00,23.0,24.0,43,44.0
13439,Jalaun,2023-10-21 02:15:00,22.5,23.0,42,43.0
13440,Jalaun,2023-10-22 02:30:00,22.4,22.5,45,42.0
13441,Jalaun,2023-10-23 02:15:00,22.3,22.4,47,45.0
13442,Jalaun,2023-10-24 02:15:00,22.7,22.3,41,47.0
13443,Jalaun,2023-10-25 02:30:00,22.6,22.7,45,41.0
13444,Jalaun,2023-10-26 02:00:00,22.2,22.6,39,45.0
13445,Jalaun,2023-10-27 02:30:00,22.1,22.2,34,39.0
13446,Jalaun,2023-10-28 02:00:00,22.5,22.1,35,34.0
13447,Jalaun,2023-10-29 02:45:00,23.1,22.5,34,35.0
13448,Jalaun,2023-10-30 02:00:00,23.0,23.1,38,34.0
13494,Jalgaon,2023-10-15 02:30:00,25.4,25.2,49,53.0
13495,Jalgaon,2023-10-16 02:30:00,23.8,25.4,58,49.0
13496,Jalgaon,2023-10-17 02:30:00,23.6,23.8,59,58.0
13497,Jalgaon,2023-10-18 02:30:00,23.3,23.6,68,59.0
13498,Jalgaon,2023-10-19 02:30:00,24.3,23.3,56,68.0
13499,Jalgaon,2023-10-20 02:30:00,23.1,24.3,73,56.0
13500,Jalgaon,2023-10-21 02:15:00,23.5,23.1,64,73.0
13501,Jalgaon,2023-10-22 02:30:00,23.8,23.5,54,64.0
13502,Jalgaon,2023-10-23 02:15:00,21.3,23.8,48,54.0
13503,Jalgaon,2023-10-24 02:15:00,21.2,21.3,57,48.0
13504,Jalgaon,2023-10-25 02:15:00,20.9,21.2,52,57.0
13505,Jalgaon,2023-10-26 02:00:00,20.4,20.9,43,52.0
13506,Jalgaon,2023-10-27 02:15:00,20.2,20.4,49,43.0
13507,Jalgaon,2023-10-28 02:00:00,20.5,20.2,52,49.0
13508,Jalgaon,2023-10-29 02:45:00,20.3,20.5,52,52.0
13509,Jalgaon,2023-10-30 02:00:00,20.7,20.3,54,52.0
13555,Jalna,2023-10-15 02:30:00,24.3,24.3,52,59.0
13556,Jalna,2023-10-16 02:30:00,23.9,24.3,51,52.0
13557,Jalna,2023-10-17 02:30:00,23.7,23.9,59,51.0
13558,Jalna,2023-10-18 02:30:00,23.1,23.7,66,59.0
13559,Jalna,2023-10-19 02:30:00,25.4,23.1,52,66.0
13560,Jalna,2023-10-20 02:30:00,22.3,25.4,68,52.0
13561,Jalna,2023-10-21 02:15:00,22.6,22.3,66,68.0
13562,Jalna,2023-10-22 02:30:00,22.8,22.6,52,66.0
13563,Jalna,2023-10-23 02:15:00,21.0,22.8,52,52.0
13564,Jalna,2023-10-24 02:15:00,20.9,21.0,55,52.0
13565,Jalna,2023-10-25 02:15:00,20.2,20.9,55,55.0
13566,Jalna,2023-10-26 02:00:00,20.1,20.2,42,55.0
13567,Jalna,2023-10-27 02:15:00,19.4,20.1,48,42.0
13568,Jalna,2023-10-28 02:00:00,18.7,19.4,58,48.0
13569,Jalna,2023-10-29 02:45:00,19.4,18.7,52,58.0
13570,Jalna,2023-10-30 02:00:00,19.8,19.4,53,52.0
13616,Jalor,2023-10-15 02:30:00,26.0,26.2,63,48.0
13617,Jalor,2023-10-16 02:30:00,25.3,26.0,58,63.0
13618,Jalor,2023-10-17 02:30:00,24.5,25.3,62,58.0
13619,Jalor,2023-10-18 02:30:00,24.9,24.5,54,62.0
13620,Jalor,2023-10-19 02:30:00,24.2,24.9,44,54.0
13621,Jalor,2023-10-20 02:30:00,24.6,24.2,38,44.0
13622,Jalor,2023-10-21 02:15:00,25.0,24.6,36,38.0
13623,Jalor,2023-10-22 02:30:00,25.4,25.0,32,36.0
13624,Jalor,2023-10-23 02:15:00,25.6,25.4,40,32.0
13625,Jalor,2023-10-24 02:15:00,24.7,25.6,34,40.0
13626,Jalor,2023-10-25 02:30:00,25.4,24.7,35,34.0
13627,Jalor,2023-10-26 02:00:00,24.0,25.4,32,35.0
13628,Jalor,2023-10-27 02:15:00,24.0,24.0,27,32.0
13629,Jalor,2023-10-28 02:00:00,25.1,24.0,31,27.0
13630,Jalor,2023-10-29 02:45:00,24.0,25.1,37,31.0
13631,Jalor,2023-10-30 02:00:00,24.3,24.0,34,37.0
13677,Jalpaiguri,2023-10-15 02:30:00,21.4,22.0,79,83.0
13678,Jalpaiguri,2023-10-16 02:30:00,21.9,21.4,76,79.0
13679,Jalpaiguri,2023-10-17 02:30:00,20.9,21.9,83,76.0
13680,Jalpaiguri,2023-10-18 02:30:00,20.9,20.9,75,83.0
13681,Jalpaiguri,2023-10-19 02:15:00,20.2,20.9,81,75.0
13682,Jalpaiguri,2023-10-20 02:30:00,20.1,20.2,76,81.0
13683,Jalpaiguri,2023-10-21 02:15:00,19.8,20.1,75,76.0
13684,Jalpaiguri,2023-10-22 02:15:00,19.8,19.8,69,75.0
13685,Jalpaiguri,2023-10-23 02:15:00,19.1,19.8,75,69.0
13686,Jalpaiguri,2023-10-24 02:15:00,19.9,19.1,69,75.0
13687,Jalpaiguri,2023-10-25 02:15:00,19.0,19.9,71,69.0
13688,Jalpaiguri,2023-10-26 02:00:00,20.2,19.0,78,71.0
13689,Jalpaiguri,2023-10-27 02:15:00,20.2,20.2,79,78.0
13690,Jalpaiguri,2023-10-28 02:00:00,19.3,20.2,78,79.0
13691,Jalpaiguri,2023-10-29 02:45:00,19.9,19.3,72,78.0
13692,Jalpaiguri,2023-10-30 02:00:00,20.0,19.9,77,72.0
13738,Jammu,2023-10-15 02:30:00,20.7,21.3,46,42.0
13739,Jammu,2023-10-16 02:30:00,21.3,20.7,43,46.0
13740,Jammu,2023-10-17 02:15:00,17.6,21.3,72,43.0
13741,Jammu,2023-10-18 02:15:00,16.5,17.6,54,72.0
13742,Jammu,2023-10-19 02:15:00,16.7,16.5,56,54.0
13743,Jammu,2023-10-20 02:15:00,17.4,16.7,62,56.0
13744,Jammu,2023-10-21 02:15:00,18.0,17.4,52,62.0
13745,Jammu,2023-10-22 02:15:00,19.0,18.0,50,52.0
13746,Jammu,2023-10-23 02:00:00,18.2,19.0,49,50.0
13747,Jammu,2023-10-24 02:15:00,18.2,18.2,54,49.0
13748,Jammu,2023-10-25 02:15:00,18.4,18.2,43,54.0
13749,Jammu,2023-10-26 02:00:00,18.6,18.4,44,43.0
13750,Jammu,2023-10-27 02:15:00,18.3,18.6,47,44.0
13751,Jammu,2023-10-28 02:00:00,18.8,18.3,45,47.0
13752,Jammu,2023-10-29 02:30:00,18.9,18.8,42,45.0
13753,Jammu,2023-10-30 01:45:00,19.6,18.9,42,42.0
13799,Jamnagar,2023-10-15 02:30:00,26.8,27.4,65,76.0
13800,Jamnagar,2023-10-16 02:30:00,26.6,26.8,73,65.0
13801,Jamnagar,2023-10-17 02:15:00,26.3,26.6,73,73.0
13802,Jamnagar,2023-10-18 02:15:00,26.5,26.3,75,73.0
13803,Jamnagar,2023-10-19 02:15:00,28.3,26.5,53,75.0
13804,Jamnagar,2023-10-20 02:30:00,27.7,28.3,58,53.0
13805,Jamnagar,2023-10-21 02:15:00,28.7,27.7,44,58.0
13806,Jamnagar,2023-10-22 02:15:00,28.9,28.7,44,44.0
13807,Jamnagar,2023-10-23 02:00:00,27.9,28.9,64,44.0
13808,Jamnagar,2023-10-24 02:15:00,28.2,27.9,56,64.0
13809,Jamnagar,2023-10-25 02:15:00,27.9,28.2,57,56.0
13810,Jamnagar,2023-10-26 02:00:00,27.5,27.9,58,57.0
13811,Jamnagar,2023-10-27 02:15:00,26.8,27.5,69,58.0
13812,Jamnagar,2023-10-28 02:00:00,27.1,26.8,66,69.0
13813,Jamnagar,2023-10-29 02:30:00,26.9,27.1,50,66.0
13814,Jamnagar,2023-10-30 01:45:00,28.2,26.9,37,50.0
13860,Jamtara,2023-10-15 02:30:00,22.3,24.2,69,62.0
13861,Jamtara,2023-10-16 02:30:00,23.0,22.3,67,69.0
13862,Jamtara,2023-10-17 02:15:00,23.8,23.0,73,67.0
13863,Jamtara,2023-10-18 02:30:00,23.5,23.8,73,73.0
13864,Jamtara,2023-10-19 02:15:00,22.7,23.5,77,73.0
13865,Jamtara,2023-10-20 02:30:00,22.2,22.7,67,77.0
13866,Jamtara,2023-10-21 02:15:00,21.3,22.2,68,67.0
13867,Jamtara,2023-10-22 02:15:00,20.6,21.3,62,68.0
13868,Jamtara,2023-10-23 02:00:00,21.0,20.6,64,62.0
13869,Jamtara,2023-10-24 02:15:00,22.0,21.0,75,64.0
13870,Jamtara,2023-10-25 02:15:00,22.5,22.0,81,75.0
13871,Jamtara,2023-10-26 02:00:00,24.1,22.5,67,81.0
13872,Jamtara,2023-10-27 02:15:00,21.6,24.1,58,67.0
13873,Jamtara,2023-10-28 02:00:00,21.6,21.6,58,58.0
13874,Jamtara,2023-10-29 02:30:00,20.8,21.6,58,58.0
13875,Jamtara,2023-10-30 01:45:00,21.5,20.8,62,58.0
13921,Jamui,2023-10-15 02:30:00,21.4,22.3,72,79.0
13922,Jamui,2023-10-16 02:30:00,23.1,21.4,69,72.0
13923,Jamui,2023-10-17 02:15:00,23.6,23.1,76,69.0
13924,Jamui,2023-10-18 02:30:00,22.6,23.6,76,76.0
13925,Jamui,2023-10-19 02:15:00,20.7,22.6,80,76.0
13926,Jamui,2023-10-20 02:30:00,20.6,20.7,72,80.0
13927,Jamui,2023-10-21 02:15:00,19.8,20.6,66,72.0
13928,Jamui,2023-10-22 02:15:00,19.4,19.8,62,66.0
13929,Jamui,2023-10-23 02:15:00,19.2,19.4,63,62.0
13930,Jamui,2023-10-24 02:15:00,20.4,19.2,69,63.0
13931,Jamui,2023-10-25 02:15:00,20.6,20.4,73,69.0
13932,Jamui,2023-10-26 02:00:00,20.3,20.6,66,73.0
13933,Jamui,2023-10-27 02:15:00,19.6,20.3,60,66.0
13934,Jamui,2023-10-28 02:00:00,20.2,19.6,63,60.0
13935,Jamui,2023-10-29 02:30:00,20.3,20.2,66,63.0
13936,Jamui,2023-10-30 01:45:00,20.1,20.3,64,66.0
13982,Jangaon,2023-10-15 02:30:00,23.9,23.3,72,76.0
13983,Jangaon,2023-10-16 02:30:00,24.8,23.9,73,72.0
13984,Jangaon,2023-10-17 02:30:00,23.2,24.8,77,73.0
13985,Jangaon,2023-10-18 02:30:00,22.8,23.2,75,77.0
13986,Jangaon,2023-10-19 02:30:00,22.9,22.8,68,75.0
13987,Jangaon,2023-10-20 02:30:00,22.7,22.9,76,68.0
13988,Jangaon,2023-10-21 02:30:00,22.3,22.7,75,76.0
13989,Jangaon,2023-10-22 02:30:00,21.9,22.3,65,75.0
13990,Jangaon,2023-10-23 02:15:00,20.6,21.9,55,65.0
13991,Jangaon,2023-10-24 02:15:00,19.9,20.6,63,55.0
13992,Jangaon,2023-10-25 02:30:00,19.7,19.9,60,63.0
13993,Jangaon,2023-10-26 02:00:00,19.9,19.7,57,60.0
13994,Jangaon,2023-10-27 02:30:00,19.0,19.9,55,57.0
13995,Jangaon,2023-10-28 02:00:00,20.4,19.0,50,55.0
13996,Jangaon,2023-10-29 02:45:00,21.7,20.4,68,50.0
13997,Jangaon,2023-10-30 02:00:00,22.0,21.7,88,68.0
14043,Janjgir,2023-10-15 02:30:00,22.3,23.9,69,69.0
14044,Janjgir,2023-10-16 02:30:00,22.4,22.3,71,69.0
14045,Janjgir,2023-10-17 02:30:00,22.2,22.4,70,71.0
14046,Janjgir,2023-10-18 02:30:00,21.4,22.2,81,70.0
14047,Janjgir,2023-10-19 02:15:00,21.4,21.4,76,81.0
14048,Janjgir,2023-10-20 02:30:00,21.6,21.4,73,76.0
14049,Janjgir,2023-10-21 02:15:00,19.4,21.6,62,73.0
14050,Janjgir,2023-10-22 02:15:00,19.0,19.4,68,62.0
14051,Janjgir,2023-10-23 02:15:00,17.5,19.0,64,68.0
14052,Janjgir,2023-10-24 02:15:00,17.8,17.5,66,64.0
14053,Janjgir,2023-10-25 02:15:00,18.7,17.8,64,66.0
14054,Janjgir,2023-10-26 02:00:00,18.6,18.7,62,64.0
14055,Janjgir,2023-10-27 02:15:00,18.4,18.6,60,62.0
14056,Janjgir,2023-10-28 02:00:00,18.2,18.4,61,60.0
14057,Janjgir,2023-10-29 02:30:00,18.4,18.2,62,61.0
14058,Janjgir,2023-10-30 01:45:00,19.0,18.4,64,62.0
14104,Jashpur,2023-10-15 02:30:00,19.0,19.8,62,54.0
14105,Jashpur,2023-10-16 02:30:00,19.5,19.0,69,62.0
14106,Jashpur,2023-10-17 02:30:00,20.4,19.5,72,69.0
14107,Jashpur,2023-10-18 02:30:00,19.0,20.4,77,72.0
14108,Jashpur,2023-10-19 02:15:00,18.9,19.0,83,77.0
14109,Jashpur,2023-10-20 02:30:00,18.6,18.9,78,83.0
14110,Jashpur,2023-10-21 02:15:00,16.6,18.6,71,78.0
14111,Jashpur,2023-10-22 02:15:00,16.3,16.6,70,71.0
14112,Jashpur,2023-10-23 02:15:00,16.1,16.3,73,70.0
14113,Jashpur,2023-10-24 02:15:00,17.3,16.1,79,73.0
14114,Jashpur,2023-10-25 02:15:00,17.7,17.3,86,79.0
14115,Jashpur,2023-10-26 02:00:00,17.4,17.7,63,86.0
14116,Jashpur,2023-10-27 02:15:00,16.3,17.4,66,63.0
14117,Jashpur,2023-10-28 02:00:00,16.3,16.3,63,66.0
14118,Jashpur,2023-10-29 02:30:00,16.5,16.3,71,63.0
14119,Jashpur,2023-10-30 01:45:00,16.7,16.5,80,71.0
14165,Jaunpur,2023-10-15 02:30:00,24.1,23.6,53,51.0
14166,Jaunpur,2023-10-16 02:30:00,24.5,24.1,62,53.0
14167,Jaunpur,2023-10-17 02:30:00,22.2,24.5,79,62.0
14168,Jaunpur,2023-10-18 02:30:00,22.6,22.2,74,79.0
14169,Jaunpur,2023-10-19 02:30:00,22.0,22.6,60,74.0
14170,Jaunpur,2023-10-20 02:30:00,21.7,22.0,53,60.0
14171,Jaunpur,2023-10-21 02:15:00,21.5,21.7,55,53.0
14172,Jaunpur,2023-10-22 02:30:00,20.8,21.5,51,55.0
14173,Jaunpur,2023-10-23 02:15:00,21.2,20.8,51,51.0
14174,Jaunpur,2023-10-24 02:15:00,21.2,21.2,54,51.0
14175,Jaunpur,2023-10-25 02:30:00,21.8,21.2,53,54.0
14176,Jaunpur,2023-10-26 02:00:00,22.0,21.8,62,53.0
14177,Jaunpur,2023-10-27 02:30:00,21.7,22.0,51,62.0
14178,Jaunpur,2023-10-28 02:00:00,21.3,21.7,38,51.0
14179,Jaunpur,2023-10-29 02:45:00,21.5,21.3,43,38.0
14180,Jaunpur,2023-10-30 02:00:00,21.6,21.5,47,43.0
14226,Jhabua,2023-10-15 02:30:00,24.8,25.6,57,53.0
14227,Jhabua,2023-10-16 02:30:00,24.7,24.8,64,57.0
14228,Jhabua,2023-10-17 02:15:00,24.1,24.7,58,64.0
14229,Jhabua,2023-10-18 02:15:00,24.1,24.1,59,58.0
14230,Jhabua,2023-10-19 02:15:00,23.7,24.1,58,59.0
14231,Jhabua,2023-10-20 02:15:00,23.6,23.7,49,58.0
14232,Jhabua,2023-10-21 02:00:00,24.7,23.6,54,49.0
14233,Jhabua,2023-10-22 02:15:00,24.5,24.7,54,54.0
14234,Jhabua,2023-10-23 02:00:00,24.6,24.5,41,54.0
14235,Jhabua,2023-10-24 02:15:00,24.4,24.6,37,41.0
14236,Jhabua,2023-10-25 02:15:00,23.0,24.4,39,37.0
14237,Jhabua,2023-10-26 02:00:00,22.8,23.0,33,39.0
14238,Jhabua,2023-10-27 02:15:00,22.3,22.8,32,33.0
14239,Jhabua,2023-10-28 02:00:00,22.4,22.3,36,32.0
14240,Jhabua,2023-10-29 02:30:00,23.5,22.4,36,36.0
14241,Jhabua,2023-10-30 01:45:00,23.6,23.5,36,36.0
14287,Jhajjar,2023-10-15 02:30:00,24.0,25.0,74,69.0
14288,Jhajjar,2023-10-16 02:30:00,26.0,24.0,65,74.0
14289,Jhajjar,2023-10-17 02:15:00,19.0,26.0,94,65.0
14290,Jhajjar,2023-10-18 02:30:00,21.0,19.0,78,94.0
14291,Jhajjar,2023-10-19 02:15:00,21.0,21.0,69,78.0
14292,Jhajjar,2023-10-20 02:30:00,21.0,21.0,69,69.0
14293,Jhajjar,2023-10-21 02:15:00,20.0,21.0,73,69.0
14294,Jhajjar,2023-10-22 02:15:00,21.0,20.0,69,73.0
14295,Jhajjar,2023-10-23 02:15:00,21.0,21.0,78,69.0
14296,Jhajjar,2023-10-24 02:15:00,22.0,21.0,65,78.0
14297,Jhajjar,2023-10-25 02:15:00,21.0,22.0,64,65.0
14298,Jhajjar,2023-10-26 02:00:00,22.0,21.0,61,64.0
14299,Jhajjar,2023-10-27 02:15:00,21.0,22.0,60,61.0
14300,Jhajjar,2023-10-28 02:00:00,20.0,21.0,60,60.0
14301,Jhajjar,2023-10-29 02:30:00,25.0,20.0,27,60.0
14302,Jhajjar,2023-10-30 01:45:00,22.0,25.0,69,27.0
14348,Jhalawar,2023-10-15 02:30:00,25.3,26.5,40,46.0
14349,Jhalawar,2023-10-16 02:30:00,24.5,25.3,59,40.0
14350,Jhalawar,2023-10-17 02:30:00,21.9,24.5,71,59.0
14351,Jhalawar,2023-10-18 02:30:00,22.1,21.9,66,71.0
14352,Jhalawar,2023-10-19 02:30:00,22.7,22.1,60,66.0
14353,Jhalawar,2023-10-20 02:30:00,21.8,22.7,48,60.0
14354,Jhalawar,2023-10-21 02:30:00,22.2,21.8,47,48.0
14355,Jhalawar,2023-10-22 02:30:00,22.5,22.2,41,47.0
14356,Jhalawar,2023-10-23 02:15:00,22.2,22.5,48,41.0
14357,Jhalawar,2023-10-24 02:15:00,22.0,22.2,40,48.0
14358,Jhalawar,2023-10-25 02:30:00,21.7,22.0,38,40.0
14359,Jhalawar,2023-10-26 02:00:00,21.9,21.7,36,38.0
14360,Jhalawar,2023-10-27 02:30:00,21.2,21.9,35,36.0
14361,Jhalawar,2023-10-28 02:00:00,21.1,21.2,35,35.0
14362,Jhalawar,2023-10-29 02:45:00,22.3,21.1,37,35.0
14363,Jhalawar,2023-10-30 02:00:00,22.1,22.3,43,37.0
14409,Jhansi,2023-10-15 02:30:00,26.4,25.1,42,44.0
14410,Jhansi,2023-10-16 02:30:00,26.1,26.4,42,42.0
14411,Jhansi,2023-10-17 02:30:00,20.9,26.1,79,42.0
14412,Jhansi,2023-10-18 02:30:00,23.5,20.9,63,79.0
14413,Jhansi,2023-10-19 02:30:00,23.5,23.5,45,63.0
14414,Jhansi,2023-10-20 02:30:00,23.1,23.5,42,45.0
14415,Jhansi,2023-10-21 02:15:00,22.4,23.1,47,42.0
14416,Jhansi,2023-10-22 02:30:00,22.4,22.4,43,47.0
14417,Jhansi,2023-10-23 02:15:00,21.9,22.4,41,43.0
14418,Jhansi,2023-10-24 02:15:00,22.0,21.9,43,41.0
14419,Jhansi,2023-10-25 02:30:00,21.6,22.0,44,43.0
14420,Jhansi,2023-10-26 02:00:00,21.8,21.6,40,44.0
14421,Jhansi,2023-10-27 02:30:00,21.2,21.8,40,40.0
14422,Jhansi,2023-10-28 02:00:00,21.7,21.2,32,40.0
14423,Jhansi,2023-10-29 02:45:00,22.1,21.7,33,32.0
14424,Jhansi,2023-10-30 02:00:00,22.0,22.1,38,33.0
14470,Jhargram,2023-10-15 02:30:00,22.7,25.3,61,69.0
14471,Jhargram,2023-10-16 02:30:00,22.8,22.7,70,61.0
14472,Jhargram,2023-10-17 02:30:00,24.0,22.8,74,70.0
14473,Jhargram,2023-10-18 02:30:00,23.8,24.0,76,74.0
14474,Jhargram,2023-10-19 02:30:00,23.9,23.8,75,76.0
14475,Jhargram,2023-10-20 02:30:00,22.3,23.9,72,75.0
14476,Jhargram,2023-10-21 02:30:00,21.4,22.3,71,72.0
14477,Jhargram,2023-10-22 02:30:00,20.9,21.4,71,71.0
14478,Jhargram,2023-10-23 02:15:00,21.5,20.9,76,71.0
14479,Jhargram,2023-10-24 02:15:00,21.9,21.5,91,76.0
14480,Jhargram,2023-10-25 02:30:00,22.8,21.9,87,91.0
14481,Jhargram,2023-10-26 02:00:00,23.4,22.8,71,87.0
14482,Jhargram,2023-10-27 02:30:00,23.4,23.4,65,71.0
14483,Jhargram,2023-10-28 02:00:00,21.8,23.4,53,65.0
14484,Jhargram,2023-10-29 02:45:00,20.6,21.8,63,53.0
14485,Jhargram,2023-10-30 02:00:00,20.9,20.6,67,63.0
14531,Jharsuguda,2023-10-15 02:30:00,22.6,24.3,71,70.0
14532,Jharsuguda,2023-10-16 02:30:00,22.6,22.6,68,71.0
14533,Jharsuguda,2023-10-17 02:30:00,23.0,22.6,73,68.0
14534,Jharsuguda,2023-10-18 02:30:00,22.0,23.0,78,73.0
14535,Jharsuguda,2023-10-19 02:30:00,22.5,22.0,73,78.0
14536,Jharsuguda,2023-10-20 02:30:00,21.7,22.5,71,73.0
14537,Jharsuguda,2023-10-21 02:15:00,20.0,21.7,70,71.0
14538,Jharsuguda,2023-10-22 02:30:00,19.3,20.0,68,70.0
14539,Jharsuguda,2023-10-23 02:15:00,18.6,19.3,64,68.0
14540,Jharsuguda,2023-10-24 02:15:00,19.6,18.6,72,64.0
14541,Jharsuguda,2023-10-25 02:30:00,20.9,19.6,69,72.0
14542,Jharsuguda,2023-10-26 02:00:00,19.5,20.9,61,69.0
14543,Jharsuguda,2023-10-27 02:15:00,18.4,19.5,60,61.0
14544,Jharsuguda,2023-10-28 02:00:00,18.8,18.4,64,60.0
14545,Jharsuguda,2023-10-29 02:45:00,19.0,18.8,67,64.0
14546,Jharsuguda,2023-10-30 02:00:00,19.3,19.0,67,67.0
14592,Jhunjhunun,2023-10-15 02:30:00,26.3,26.9,34,36.0
14593,Jhunjhunun,2023-10-16 02:30:00,26.1,26.3,36,34.0
14594,Jhunjhunun,2023-10-17 02:30:00,22.6,26.1,61,36.0
14595,Jhunjhunun,2023-10-18 02:30:00,23.4,22.6,54,61.0
14596,Jhunjhunun,2023-10-19 02:30:00,22.7,23.4,48,54.0
14597,Jhunjhunun,2023-10-20 02:30:00,22.8,22.7,45,48.0
14598,Jhunjhunun,2023-10-21 02:15:00,24.4,22.8,43,45.0
14599,Jhunjhunun,2023-10-22 02:30:00,24.3,24.4,33,43.0
14600,Jhunjhunun,2023-10-23 02:15:00,24.1,24.3,37,33.0
14601,Jhunjhunun,2023-10-24 02:15:00,22.8,24.1,43,37.0
14602,Jhunjhunun,2023-10-25 02:30:00,23.6,22.8,43,43.0
14603,Jhunjhunun,2023-10-26 02:00:00,23.4,23.6,39,43.0
14604,Jhunjhunun,2023-10-27 02:15:00,23.2,23.4,34,39.0
14605,Jhunjhunun,2023-10-28 02:00:00,24.0,23.2,28,34.0
14606,Jhunjhunun,2023-10-29 02:45:00,25.2,24.0,27,28.0
14607,Jhunjhunun,2023-10-30 02:00:00,24.7,25.2,30,27.0
14653,Jind,2023-10-15 02:30:00,24.5,23.8,37,34.0
14654,Jind,2023-10-16 02:30:00,24.1,24.5,46,37.0
14655,Jind,2023-10-17 02:15:00,19.6,24.1,77,46.0
14656,Jind,2023-10-18 02:30:00,21.7,19.6,57,77.0
14657,Jind,2023-10-19 02:15:00,20.6,21.7,43,57.0
14658,Jind,2023-10-20 02:30:00,20.9,20.6,34,43.0
14659,Jind,2023-10-21 02:15:00,22.1,20.9,36,34.0
14660,Jind,2023-10-22 02:15:00,22.0,22.1,31,36.0
14661,Jind,2023-10-23 02:15:00,22.2,22.0,39,31.0
14662,Jind,2023-10-24 02:15:00,21.1,22.2,42,39.0
14663,Jind,2023-10-25 02:15:00,22.1,21.1,39,42.0
14664,Jind,2023-10-26 02:00:00,21.5,22.1,32,39.0
14665,Jind,2023-10-27 02:15:00,21.1,21.5,30,32.0
14666,Jind,2023-10-28 02:00:00,21.9,21.1,24,30.0
14667,Jind,2023-10-29 02:30:00,23.0,21.9,28,24.0
14668,Jind,2023-10-30 01:45:00,23.1,23.0,34,28.0
14714,Jodhpur,2023-10-15 02:30:00,27.3,27.3,53,44.0
14715,Jodhpur,2023-10-16 02:30:00,26.9,27.3,50,53.0
14716,Jodhpur,2023-10-17 02:30:00,25.3,26.9,55,50.0
14717,Jodhpur,2023-10-18 02:30:00,24.2,25.3,60,55.0
14718,Jodhpur,2023-10-19 02:30:00,24.7,24.2,44,60.0
14719,Jodhpur,2023-10-20 02:30:00,25.6,24.7,38,44.0
14720,Jodhpur,2023-10-21 02:15:00,25.8,25.6,32,38.0
14721,Jodhpur,2023-10-22 02:30:00,26.2,25.8,33,32.0
14722,Jodhpur,2023-10-23 02:15:00,26.7,26.2,37,33.0
14723,Jodhpur,2023-10-24 02:15:00,24.8,26.7,29,37.0
14724,Jodhpur,2023-10-25 02:30:00,24.6,24.8,29,29.0
14725,Jodhpur,2023-10-26 02:00:00,24.6,24.6,27,29.0
14726,Jodhpur,2023-10-27 02:15:00,24.4,24.6,23,27.0
14727,Jodhpur,2023-10-28 02:00:00,27.9,24.4,22,23.0
14728,Jodhpur,2023-10-29 02:45:00,26.3,27.9,32,22.0
14729,Jodhpur,2023-10-30 02:00:00,25.7,26.3,29,32.0
14775,Jorhat,2023-10-15 02:30:00,20.6,20.7,96,96.0
14776,Jorhat,2023-10-16 02:30:00,20.8,20.6,95,96.0
14777,Jorhat,2023-10-17 02:15:00,20.4,20.8,94,95.0
14778,Jorhat,2023-10-18 02:30:00,20.5,20.4,95,94.0
14779,Jorhat,2023-10-19 02:15:00,20.1,20.5,96,95.0
14780,Jorhat,2023-10-20 02:30:00,20.0,20.1,94,96.0
14781,Jorhat,2023-10-21 02:15:00,19.6,20.0,94,94.0
14782,Jorhat,2023-10-22 02:15:00,19.4,19.6,94,94.0
14783,Jorhat,2023-10-23 02:15:00,18.9,19.4,93,94.0
14784,Jorhat,2023-10-24 02:15:00,20.0,18.9,88,93.0
14785,Jorhat,2023-10-25 02:15:00,19.4,20.0,93,88.0
14786,Jorhat,2023-10-26 02:00:00,19.8,19.4,96,93.0
14787,Jorhat,2023-10-27 02:15:00,19.1,19.8,96,96.0
14788,Jorhat,2023-10-28 02:00:00,19.3,19.1,96,96.0
14789,Jorhat,2023-10-29 02:30:00,19.2,19.3,95,96.0
14790,Jorhat,2023-10-30 01:45:00,19.9,19.2,95,95.0
14836,Junagadh,2023-10-15 02:30:00,25.1,25.7,64,82.0
14837,Junagadh,2023-10-16 02:30:00,24.0,25.1,81,64.0
14838,Junagadh,2023-10-17 02:15:00,24.0,24.0,76,81.0
14839,Junagadh,2023-10-18 02:15:00,24.5,24.0,73,76.0
14840,Junagadh,2023-10-19 02:15:00,26.3,24.5,48,73.0
14841,Junagadh,2023-10-20 02:30:00,25.1,26.3,44,48.0
14842,Junagadh,2023-10-21 02:15:00,25.2,25.1,61,44.0
14843,Junagadh,2023-10-22 02:15:00,25.5,25.2,65,61.0
14844,Junagadh,2023-10-23 02:00:00,26.1,25.5,51,65.0
14845,Junagadh,2023-10-24 02:15:00,25.6,26.1,53,51.0
14846,Junagadh,2023-10-25 02:15:00,25.5,25.6,62,53.0
14847,Junagadh,2023-10-26 02:00:00,25.4,25.5,54,62.0
14848,Junagadh,2023-10-27 02:15:00,24.4,25.4,65,54.0
14849,Junagadh,2023-10-28 02:00:00,24.2,24.4,60,65.0
14850,Junagadh,2023-10-29 02:30:00,25.0,24.2,56,60.0
14851,Junagadh,2023-10-30 01:45:00,25.7,25.0,54,56.0
14897,Kadapa,2023-10-15 02:30:00,25.6,22.7,63,79.0
14898,Kadapa,2023-10-16 02:30:00,26.0,25.6,71,63.0
14899,Kadapa,2023-10-17 02:15:00,25.6,26.0,72,71.0
14900,Kadapa,2023-10-18 02:30:00,23.6,25.6,70,72.0
14901,Kadapa,2023-10-19 02:15:00,23.2,23.6,78,70.0
14902,Kadapa,2023-10-20 02:30:00,23.4,23.2,83,78.0
14903,Kadapa,2023-10-21 02:15:00,23.4,23.4,83,83.0
14904,Kadapa,2023-10-22 02:15:00,23.5,23.4,79,83.0
14905,Kadapa,2023-10-23 02:00:00,22.9,23.5,61,79.0
14906,Kadapa,2023-10-24 02:15:00,22.1,22.9,52,61.0
14907,Kadapa,2023-10-25 02:15:00,21.7,22.1,61,52.0
14908,Kadapa,2023-10-26 02:00:00,22.0,21.7,68,61.0
14909,Kadapa,2023-10-27 02:15:00,22.0,22.0,76,68.0
14910,Kadapa,2023-10-28 02:00:00,23.2,22.0,87,76.0
14911,Kadapa,2023-10-29 02:30:00,24.3,23.2,84,87.0
14912,Kadapa,2023-10-30 01:45:00,24.9,24.3,80,84.0
14958,Kaithal,2023-10-15 02:30:00,24.0,22.7,44,44.0
14959,Kaithal,2023-10-16 02:30:00,23.7,24.0,44,44.0
14960,Kaithal,2023-10-17 02:15:00,18.4,23.7,83,44.0
14961,Kaithal,2023-10-18 02:30:00,21.0,18.4,53,83.0
14962,Kaithal,2023-10-19 02:15:00,19.8,21.0,45,53.0
14963,Kaithal,2023-10-20 02:30:00,20.2,19.8,42,45.0
14964,Kaithal,2023-10-21 02:15:00,20.8,20.2,35,42.0
14965,Kaithal,2023-10-22 02:15:00,20.7,20.8,37,35.0
14966,Kaithal,2023-10-23 02:15:00,21.5,20.7,41,37.0
14967,Kaithal,2023-10-24 02:15:00,20.7,21.5,44,41.0
14968,Kaithal,2023-10-25 02:15:00,21.5,20.7,38,44.0
14969,Kaithal,2023-10-26 02:00:00,20.9,21.5,34,38.0
14970,Kaithal,2023-10-27 02:15:00,20.4,20.9,35,34.0
14971,Kaithal,2023-10-28 02:00:00,21.1,20.4,35,35.0
14972,Kaithal,2023-10-29 02:30:00,21.8,21.1,39,35.0
14973,Kaithal,2023-10-30 01:45:00,21.7,21.8,40,39.0
15019,Kakching,2023-10-15 02:30:00,14.0,15.0,95,96.0
15020,Kakching,2023-10-16 02:30:00,14.6,14.0,94,95.0
15021,Kakching,2023-10-17 02:30:00,15.1,14.6,94,94.0
15022,Kakching,2023-10-18 02:30:00,14.8,15.1,92,94.0
15023,Kakching,2023-10-19 02:30:00,13.9,14.8,90,92.0
15024,Kakching,2023-10-20 02:30:00,14.3,13.9,92,90.0
15025,Kakching,2023-10-21 02:30:00,14.1,14.3,89,92.0
15026,Kakching,2023-10-22 02:30:00,14.6,14.1,94,89.0
15027,Kakching,2023-10-23 02:15:00,16.1,14.6,96,94.0
15028,Kakching,2023-10-24 02:15:00,16.1,16.1,92,96.0
15029,Kakching,2023-10-25 02:30:00,16.0,16.1,99,92.0
15030,Kakching,2023-10-26 02:00:00,15.9,16.0,98,99.0
15031,Kakching,2023-10-27 02:30:00,14.6,15.9,98,98.0
15032,Kakching,2023-10-28 02:00:00,13.7,14.6,94,98.0
15033,Kakching,2023-10-29 02:45:00,13.1,13.7,92,94.0
15034,Kakching,2023-10-30 02:00:00,13.3,13.1,94,92.0
15080,Kancheepuram,2023-10-15 02:30:00,27.0,28.0,89,84.0
15081,Kancheepuram,2023-10-16 02:30:00,27.0,27.0,94,89.0
15082,Kancheepuram,2023-10-17 02:30:00,27.0,27.0,89,94.0
15083,Kancheepuram,2023-10-18 02:30:00,27.0,27.0,84,89.0
15084,Kancheepuram,2023-10-19 02:30:00,28.0,27.0,84,84.0
15085,Kancheepuram,2023-10-20 02:30:00,26.0,28.0,89,84.0
15086,Kancheepuram,2023-10-21 02:15:00,28.0,26.0,84,89.0
15087,Kancheepuram,2023-10-22 02:30:00,27.0,28.0,89,84.0
15088,Kancheepuram,2023-10-23 02:15:00,27.0,27.0,84,89.0
15089,Kancheepuram,2023-10-24 02:15:00,26.0,27.0,84,84.0
15090,Kancheepuram,2023-10-25 02:30:00,27.0,26.0,84,84.0
15091,Kancheepuram,2023-10-26 02:00:00,27.0,27.0,84,84.0
15092,Kancheepuram,2023-10-27 02:30:00,27.0,27.0,84,84.0
15093,Kancheepuram,2023-10-28 02:00:00,27.0,27.0,89,84.0
15094,Kancheepuram,2023-10-29 02:45:00,27.0,27.0,84,89.0
15095,Kancheepuram,2023-10-30 02:00:00,25.0,27.0,89,84.0
15141,Kangpokpi,2023-10-15 02:30:00,13.4,14.7,95,96.0
15142,Kangpokpi,2023-10-16 02:30:00,14.2,13.4,94,95.0
15143,Kangpokpi,2023-10-17 02:15:00,15.2,14.2,94,94.0
15144,Kangpokpi,2023-10-18 02:30:00,14.9,15.2,92,94.0
15145,Kangpokpi,2023-10-19 02:15:00,14.0,14.9,90,92.0
15146,Kangpokpi,2023-10-20 02:30:00,14.3,14.0,92,90.0
15147,Kangpokpi,2023-10-21 02:15:00,14.6,14.3,88,92.0
15148,Kangpokpi,2023-10-22 02:15:00,14.4,14.6,94,88.0
15149,Kangpokpi,2023-10-23 02:15:00,15.6,14.4,96,94.0
15150,Kangpokpi,2023-10-24 02:15:00,16.0,15.6,89,96.0
15151,Kangpokpi,2023-10-25 02:15:00,15.7,16.0,99,89.0
15152,Kangpokpi,2023-10-26 02:00:00,15.8,15.7,98,99.0
15153,Kangpokpi,2023-10-27 02:15:00,14.2,15.8,98,98.0
15154,Kangpokpi,2023-10-28 02:00:00,13.4,14.2,94,98.0
15155,Kangpokpi,2023-10-29 02:30:00,12.8,13.4,92,94.0
15156,Kangpokpi,2023-10-30 01:45:00,13.2,12.8,94,92.0
15202,Kangra,2023-10-15 02:30:00,11.6,13.0,57,49.0
15203,Kangra,2023-10-16 02:30:00,11.9,11.6,40,57.0
15204,Kangra,2023-10-17 02:15:00,9.7,11.9,63,40.0
15205,Kangra,2023-10-18 02:15:00,8.4,9.7,48,63.0
15206,Kangra,2023-10-19 02:15:00,8.7,8.4,51,48.0
15207,Kangra,2023-10-20 02:15:00,9.0,8.7,45,51.0
15208,Kangra,2023-10-21 02:00:00,9.4,9.0,51,45.0
15209,Kangra,2023-10-22 02:15:00,9.9,9.4,50,51.0
15210,Kangra,2023-10-23 02:00:00,9.5,9.9,45,50.0
15211,Kangra,2023-10-24 02:15:00,9.6,9.5,49,45.0
15212,Kangra,2023-10-25 02:15:00,9.7,9.6,37,49.0
15213,Kangra,2023-10-26 02:00:00,11.4,9.7,42,37.0
15214,Kangra,2023-10-27 02:15:00,10.4,11.4,50,42.0
15215,Kangra,2023-10-28 02:00:00,11.2,10.4,47,50.0
15216,Kangra,2023-10-29 02:30:00,11.5,11.2,53,47.0
15217,Kangra,2023-10-30 01:45:00,13.0,11.5,55,53.0
15263,Kanker,2023-10-15 02:30:00,22.1,22.2,70,71.0
15264,Kanker,2023-10-16 02:30:00,21.9,22.1,70,70.0
15265,Kanker,2023-10-17 02:15:00,20.9,21.9,71,70.0
15266,Kanker,2023-10-18 02:30:00,21.6,20.9,72,71.0
15267,Kanker,2023-10-19 02:15:00,20.8,21.6,83,72.0
15268,Kanker,2023-10-20 02:30:00,20.8,20.8,87,83.0
15269,Kanker,2023-10-21 02:15:00,19.7,20.8,86,87.0
15270,Kanker,2023-10-22 02:15:00,18.0,19.7,71,86.0
15271,Kanker,2023-10-23 02:15:00,17.2,18.0,72,71.0
15272,Kanker,2023-10-24 02:15:00,17.0,17.2,78,72.0
15273,Kanker,2023-10-25 02:15:00,17.6,17.0,75,78.0
15274,Kanker,2023-10-26 02:00:00,17.9,17.6,68,75.0
15275,Kanker,2023-10-27 02:15:00,17.1,17.9,65,68.0
15276,Kanker,2023-10-28 02:00:00,17.6,17.1,70,65.0
15277,Kanker,2023-10-29 02:30:00,17.3,17.6,74,70.0
15278,Kanker,2023-10-30 01:45:00,17.9,17.3,76,74.0
15324,Kannauj,2023-10-15 02:30:00,25.3,23.9,50,52.0
15325,Kannauj,2023-10-16 02:30:00,25.0,25.3,56,50.0
15326,Kannauj,2023-10-17 02:30:00,21.4,25.0,78,56.0
15327,Kannauj,2023-10-18 02:30:00,22.2,21.4,66,78.0
15328,Kannauj,2023-10-19 02:30:00,21.9,22.2,55,66.0
15329,Kannauj,2023-10-20 02:30:00,21.3,21.9,43,55.0
15330,Kannauj,2023-10-21 02:15:00,21.1,21.3,53,43.0
15331,Kannauj,2023-10-22 02:30:00,21.2,21.1,53,53.0
15332,Kannauj,2023-10-23 02:15:00,21.7,21.2,53,53.0
15333,Kannauj,2023-10-24 02:15:00,21.6,21.7,47,53.0
15334,Kannauj,2023-10-25 02:30:00,22.3,21.6,51,47.0
15335,Kannauj,2023-10-26 02:00:00,22.4,22.3,44,51.0
15336,Kannauj,2023-10-27 02:30:00,21.9,22.4,41,44.0
15337,Kannauj,2023-10-28 02:00:00,21.6,21.9,43,41.0
15338,Kannauj,2023-10-29 02:45:00,22.6,21.6,42,43.0
15339,Kannauj,2023-10-30 02:00:00,22.2,22.6,48,42.0
15385,Kanniyakumari,2023-10-15 02:30:00,24.0,23.7,90,91.0
15386,Kanniyakumari,2023-10-16 02:30:00,23.9,24.0,86,90.0
15387,Kanniyakumari,2023-10-17 02:30:00,25.0,23.9,85,86.0
15388,Kanniyakumari,2023-10-18 02:30:00,23.4,25.0,94,85.0
15389,Kanniyakumari,2023-10-19 02:30:00,24.6,23.4,83,94.0
15390,Kanniyakumari,2023-10-20 02:30:00,24.3,24.6,84,83.0
15391,Kanniyakumari,2023-10-21 02:15:00,24.4,24.3,85,84.0
15392,Kanniyakumari,2023-10-22 02:30:00,24.4,24.4,86,85.0
15393,Kanniyakumari,2023-10-23 02:15:00,24.2,24.4,86,86.0
15394,Kanniyakumari,2023-10-24 02:15:00,24.0,24.2,88,86.0
15395,Kanniyakumari,2023-10-25 02:30:00,24.5,24.0,85,88.0
15396,Kanniyakumari,2023-10-26 02:00:00,24.6,24.5,84,85.0
15397,Kanniyakumari,2023-10-27 02:30:00,24.7,24.6,84,84.0
15398,Kanniyakumari,2023-10-28 02:00:00,24.7,24.7,84,84.0
15399,Kanniyakumari,2023-10-29 02:45:00,24.7,24.7,83,84.0
15400,Kanniyakumari,2023-10-30 02:00:00,24.5,24.7,83,83.0
15446,Kannur,2023-10-15 02:30:00,25.2,25.0,88,91.0
15447,Kannur,2023-10-16 02:30:00,25.1,25.2,89,88.0
15448,Kannur,2023-10-17 02:30:00,25.3,25.1,88,89.0
15449,Kannur,2023-10-18 02:30:00,25.0,25.3,92,88.0
15450,Kannur,2023-10-19 02:15:00,25.7,25.0,85,92.0
15451,Kannur,2023-10-20 02:30:00,25.7,25.7,85,85.0
15452,Kannur,2023-10-21 02:15:00,25.2,25.7,87,85.0
15453,Kannur,2023-10-22 02:15:00,24.7,25.2,91,87.0
15454,Kannur,2023-10-23 02:15:00,25.2,24.7,88,91.0
15455,Kannur,2023-10-24 02:15:00,25.5,25.2,86,88.0
15456,Kannur,2023-10-25 02:15:00,24.6,25.5,90,86.0
15457,Kannur,2023-10-26 02:00:00,24.7,24.6,87,90.0
15458,Kannur,2023-10-27 02:15:00,24.6,24.7,82,87.0
15459,Kannur,2023-10-28 02:00:00,25.3,24.6,83,82.0
15460,Kannur,2023-10-29 02:30:00,24.9,25.3,88,83.0
15461,Kannur,2023-10-30 01:45:00,25.1,24.9,89,88.0
15507,Kanpur,2023-10-15 02:30:00,22.4,23.7,77,74.0
15508,Kanpur,2023-10-16 02:30:00,21.9,22.4,70,77.0
15509,Kanpur,2023-10-17 02:30:00,21.9,21.9,73,70.0
15510,Kanpur,2023-10-18 02:30:00,22.3,21.9,77,73.0
15511,Kanpur,2023-10-19 02:30:00,22.2,22.3,81,77.0
15512,Kanpur,2023-10-20 02:30:00,22.1,22.2,81,81.0
15513,Kanpur,2023-10-21 02:15:00,21.2,22.1,78,81.0
15514,Kanpur,2023-10-22 02:30:00,20.0,21.2,69,78.0
15515,Kanpur,2023-10-23 02:15:00,20.4,20.0,71,69.0
15516,Kanpur,2023-10-24 02:15:00,20.5,20.4,80,71.0
15517,Kanpur,2023-10-25 02:30:00,21.6,20.5,83,80.0
15518,Kanpur,2023-10-26 02:00:00,20.7,21.6,74,83.0
15519,Kanpur,2023-10-27 02:30:00,19.1,20.7,66,74.0
15520,Kanpur,2023-10-28 02:00:00,18.8,19.1,68,66.0
15521,Kanpur,2023-10-29 02:45:00,19.0,18.8,69,68.0
15522,Kanpur,2023-10-30 02:00:00,19.2,19.0,73,69.0
15572,Kantha,2023-10-15 02:30:00,23.0,23.0,89,83.0
15571,Kantha,2023-10-15 02:30:00,23.0,23.0,89,89.0
15573,Kantha,2023-10-16 02:30:00,23.0,23.0,89,89.0
15574,Kantha,2023-10-17 02:15:00,20.0,23.0,83,89.0
15575,Kantha,2023-10-18 02:15:00,20.0,20.0,88,83.0
15576,Kantha,2023-10-19 02:15:00,21.0,20.0,83,88.0
15577,Kantha,2023-10-20 02:30:00,19.0,21.0,83,83.0
15578,Kantha,2023-10-21 02:15:00,18.0,19.0,94,83.0
15579,Kantha,2023-10-22 02:15:00,18.0,18.0,83,94.0
15580,Kantha,2023-10-23 02:00:00,20.0,18.0,83,83.0
15581,Kantha,2023-10-24 02:15:00,19.0,20.0,88,83.0
15582,Kantha,2023-10-25 02:15:00,19.0,19.0,83,88.0
15583,Kantha,2023-10-26 02:00:00,22.0,19.0,69,83.0
15584,Kantha,2023-10-27 02:15:00,19.0,22.0,73,69.0
15585,Kantha,2023-10-28 02:00:00,19.0,19.0,73,73.0
15586,Kantha,2023-10-29 02:30:00,22.6,19.0,41,73.0
15587,Kantha,2023-10-30 01:45:00,19.0,22.6,83,41.0
15633,Kapurthala,2023-10-15 02:30:00,20.0,24.0,88,83.0
15634,Kapurthala,2023-10-16 02:30:00,21.0,20.0,94,88.0
15635,Kapurthala,2023-10-17 02:30:00,18.0,21.0,94,94.0
15636,Kapurthala,2023-10-18 02:30:00,15.0,18.0,94,94.0
15637,Kapurthala,2023-10-19 02:15:00,17.0,15.0,94,94.0
15638,Kapurthala,2023-10-20 02:30:00,18.0,17.0,94,94.0
15639,Kapurthala,2023-10-21 02:15:00,18.0,18.0,94,94.0
15640,Kapurthala,2023-10-22 02:15:00,21.0,18.0,88,94.0
15641,Kapurthala,2023-10-23 02:15:00,19.0,21.0,94,88.0
15642,Kapurthala,2023-10-24 02:15:00,19.0,19.0,88,94.0
15643,Kapurthala,2023-10-25 02:15:00,19.0,19.0,88,88.0
15644,Kapurthala,2023-10-26 02:00:00,18.0,19.0,94,88.0
15645,Kapurthala,2023-10-27 02:15:00,17.0,18.0,94,94.0
15646,Kapurthala,2023-10-28 02:00:00,20.0,17.0,88,94.0
15647,Kapurthala,2023-10-29 02:45:00,21.0,20.0,42,88.0
15648,Kapurthala,2023-10-30 02:00:00,20.0,21.0,94,42.0
15694,Karaikal,2023-10-15 02:30:00,25.9,26.2,83,80.0
15695,Karaikal,2023-10-16 02:30:00,26.9,25.9,79,83.0
15696,Karaikal,2023-10-17 02:15:00,26.2,26.9,80,79.0
15697,Karaikal,2023-10-18 02:30:00,26.4,26.2,79,80.0
15698,Karaikal,2023-10-19 02:15:00,26.5,26.4,79,79.0
15699,Karaikal,2023-10-20 02:30:00,26.0,26.5,81,79.0
15700,Karaikal,2023-10-21 02:15:00,26.1,26.0,79,81.0
15701,Karaikal,2023-10-22 02:15:00,25.9,26.1,89,79.0
15702,Karaikal,2023-10-23 02:15:00,26.2,25.9,83,89.0
15703,Karaikal,2023-10-24 02:15:00,25.6,26.2,83,83.0
15704,Karaikal,2023-10-25 02:15:00,25.9,25.6,83,83.0
15705,Karaikal,2023-10-26 02:00:00,26.4,25.9,77,83.0
15706,Karaikal,2023-10-27 02:15:00,26.4,26.4,78,77.0
15707,Karaikal,2023-10-28 02:00:00,25.7,26.4,85,78.0
15708,Karaikal,2023-10-29 02:30:00,26.4,25.7,77,85.0
15709,Karaikal,2023-10-30 01:45:00,26.6,26.4,81,77.0
15755,Karauli,2023-10-15 02:30:00,27.9,26.8,40,40.0
15756,Karauli,2023-10-16 02:30:00,26.0,27.9,46,40.0
15757,Karauli,2023-10-17 02:30:00,21.1,26.0,82,46.0
15758,Karauli,2023-10-18 02:30:00,22.9,21.1,64,82.0
15759,Karauli,2023-10-19 02:30:00,23.2,22.9,45,64.0
15760,Karauli,2023-10-20 02:30:00,23.1,23.2,45,45.0
15761,Karauli,2023-10-21 02:30:00,23.3,23.1,44,45.0
15762,Karauli,2023-10-22 02:30:00,23.2,23.3,47,44.0
15763,Karauli,2023-10-23 02:15:00,23.5,23.2,41,47.0
15764,Karauli,2023-10-24 02:15:00,22.2,23.5,39,41.0
15765,Karauli,2023-10-25 02:30:00,22.1,22.2,43,39.0
15766,Karauli,2023-10-26 02:00:00,22.3,22.1,37,43.0
15767,Karauli,2023-10-27 02:30:00,21.7,22.3,30,37.0
15768,Karauli,2023-10-28 02:00:00,22.0,21.7,32,30.0
15769,Karauli,2023-10-29 02:45:00,22.7,22.0,40,32.0
15770,Karauli,2023-10-30 02:00:00,23.7,22.7,40,40.0
15816,Kargil,2023-10-15 02:30:00,2.5,5.6,67,50.0
15817,Kargil,2023-10-16 02:30:00,2.9,2.5,55,67.0
15818,Kargil,2023-10-17 02:15:00,3.6,2.9,52,55.0
15819,Kargil,2023-10-18 02:15:00,1.0,3.6,62,52.0
15820,Kargil,2023-10-19 02:15:00,2.2,1.0,55,62.0
15821,Kargil,2023-10-20 02:30:00,1.9,2.2,55,55.0
15822,Kargil,2023-10-21 02:15:00,1.3,1.9,57,55.0
15823,Kargil,2023-10-22 02:15:00,1.0,1.3,54,57.0
15824,Kargil,2023-10-23 02:00:00,1.2,1.0,67,54.0
15825,Kargil,2023-10-24 02:15:00,0.6,1.2,52,67.0
15826,Kargil,2023-10-25 02:15:00,0.7,0.6,54,52.0
15827,Kargil,2023-10-26 02:00:00,0.7,0.7,47,54.0
15828,Kargil,2023-10-27 02:15:00,1.1,0.7,45,47.0
15829,Kargil,2023-10-28 02:00:00,1.3,1.1,45,45.0
15830,Kargil,2023-10-29 02:30:00,1.0,1.3,41,45.0
15831,Kargil,2023-10-30 01:45:00,-0.9,1.0,40,41.0
15877,Karimganj,2023-10-15 03:00:00,20.7,21.2,93,90.0
15878,Karimganj,2023-10-16 03:00:00,21.1,20.7,90,93.0
15879,Karimganj,2023-10-17 02:45:00,21.3,21.1,90,90.0
15880,Karimganj,2023-10-18 03:00:00,20.2,21.3,84,90.0
15881,Karimganj,2023-10-19 02:45:00,20.2,20.2,87,84.0
15882,Karimganj,2023-10-20 03:00:00,20.0,20.2,89,87.0
15883,Karimganj,2023-10-21 02:45:00,20.4,20.0,90,89.0
15884,Karimganj,2023-10-22 02:45:00,20.6,20.4,85,90.0
15885,Karimganj,2023-10-23 02:45:00,21.4,20.6,93,85.0
15886,Karimganj,2023-10-24 02:45:00,21.7,21.4,94,93.0
15887,Karimganj,2023-10-25 02:45:00,22.1,21.7,76,94.0
15888,Karimganj,2023-10-26 02:30:00,20.4,22.1,96,76.0
15889,Karimganj,2023-10-27 02:45:00,20.4,20.4,95,96.0
15890,Karimganj,2023-10-28 02:30:00,20.2,20.4,91,95.0
15891,Karimganj,2023-10-29 03:00:00,19.9,20.2,91,91.0
15892,Karimganj,2023-10-30 02:15:00,20.3,19.9,88,91.0
15938,Karimnagar,2023-10-15 02:30:00,23.5,23.3,72,74.0
15939,Karimnagar,2023-10-16 02:30:00,23.7,23.5,65,72.0
15940,Karimnagar,2023-10-17 02:30:00,23.0,23.7,74,65.0
15941,Karimnagar,2023-10-18 02:30:00,22.9,23.0,68,74.0
15942,Karimnagar,2023-10-19 02:30:00,22.7,22.9,71,68.0
15943,Karimnagar,2023-10-20 02:30:00,22.5,22.7,80,71.0
15944,Karimnagar,2023-10-21 02:30:00,22.9,22.5,75,80.0
15945,Karimnagar,2023-10-22 02:30:00,20.6,22.9,63,75.0
15946,Karimnagar,2023-10-23 02:15:00,19.5,20.6,57,63.0
15947,Karimnagar,2023-10-24 02:15:00,19.2,19.5,64,57.0
15948,Karimnagar,2023-10-25 02:30:00,19.2,19.2,62,64.0
15949,Karimnagar,2023-10-26 02:00:00,19.5,19.2,59,62.0
15950,Karimnagar,2023-10-27 02:30:00,18.7,19.5,53,59.0
15951,Karimnagar,2023-10-28 02:00:00,19.2,18.7,57,53.0
15952,Karimnagar,2023-10-29 02:45:00,20.1,19.2,60,57.0
15953,Karimnagar,2023-10-30 02:00:00,20.4,20.1,61,60.0
15999,Karnal,2023-10-15 02:30:00,23.2,21.9,48,48.0
16000,Karnal,2023-10-16 02:30:00,22.2,23.2,51,48.0
16001,Karnal,2023-10-17 02:15:00,18.3,22.2,81,51.0
16002,Karnal,2023-10-18 02:30:00,20.1,18.3,56,81.0
16003,Karnal,2023-10-19 02:15:00,19.2,20.1,46,56.0
16004,Karnal,2023-10-20 02:30:00,19.7,19.2,42,46.0
16005,Karnal,2023-10-21 02:15:00,19.9,19.7,46,42.0
16006,Karnal,2023-10-22 02:15:00,19.6,19.9,46,46.0
16007,Karnal,2023-10-23 02:15:00,20.5,19.6,46,46.0
16008,Karnal,2023-10-24 02:15:00,20.0,20.5,48,46.0
16009,Karnal,2023-10-25 02:15:00,20.4,20.0,45,48.0
16010,Karnal,2023-10-26 02:00:00,20.2,20.4,36,45.0
16011,Karnal,2023-10-27 02:15:00,19.7,20.2,39,36.0
16012,Karnal,2023-10-28 02:00:00,20.2,19.7,39,39.0
16013,Karnal,2023-10-29 02:30:00,20.4,20.2,39,39.0
16014,Karnal,2023-10-30 01:45:00,20.7,20.4,46,39.0
16060,Karur,2023-10-15 02:30:00,25.2,25.2,82,81.0
16061,Karur,2023-10-16 02:30:00,25.0,25.2,77,82.0
16062,Karur,2023-10-17 02:30:00,23.4,25.0,91,77.0
16063,Karur,2023-10-18 02:30:00,24.2,23.4,89,91.0
16064,Karur,2023-10-19 02:30:00,24.0,24.2,81,89.0
16065,Karur,2023-10-20 02:30:00,24.2,24.0,83,81.0
16066,Karur,2023-10-21 02:15:00,23.7,24.2,84,83.0
16067,Karur,2023-10-22 02:30:00,24.7,23.7,81,84.0
16068,Karur,2023-10-23 02:15:00,24.2,24.7,82,81.0
16069,Karur,2023-10-24 02:15:00,25.0,24.2,78,82.0
16070,Karur,2023-10-25 02:30:00,24.3,25.0,83,78.0
16071,Karur,2023-10-26 02:00:00,27.0,24.3,89,83.0
16072,Karur,2023-10-27 02:30:00,23.9,27.0,81,89.0
16073,Karur,2023-10-28 02:00:00,25.2,23.9,76,81.0
16074,Karur,2023-10-29 02:45:00,23.5,25.2,91,76.0
16075,Karur,2023-10-30 02:00:00,23.6,23.5,90,91.0
16121,Kasaragod,2023-10-15 02:30:00,26.0,27.0,94,89.0
16122,Kasaragod,2023-10-16 02:30:00,27.0,26.0,94,94.0
16123,Kasaragod,2023-10-17 02:15:00,24.0,27.0,94,94.0
16124,Kasaragod,2023-10-18 02:30:00,25.0,24.0,100,94.0
16125,Kasaragod,2023-10-19 02:15:00,27.0,25.0,94,100.0
16126,Kasaragod,2023-10-20 02:30:00,26.0,27.0,84,94.0
16127,Kasaragod,2023-10-21 02:15:00,26.0,26.0,89,84.0
16128,Kasaragod,2023-10-22 02:15:00,24.0,26.0,94,89.0
16129,Kasaragod,2023-10-23 02:15:00,25.0,24.0,89,94.0
16130,Kasaragod,2023-10-24 02:15:00,27.0,25.0,89,89.0
16131,Kasaragod,2023-10-25 02:15:00,27.0,27.0,89,89.0
16132,Kasaragod,2023-10-26 02:00:00,27.0,27.0,89,89.0
16133,Kasaragod,2023-10-27 02:15:00,26.0,27.0,89,89.0
16134,Kasaragod,2023-10-28 02:00:00,27.0,26.0,84,89.0
16135,Kasaragod,2023-10-29 02:30:00,27.0,27.0,89,84.0
16136,Kasaragod,2023-10-30 01:45:00,23.0,27.0,94,89.0
16182,Kathua,2023-10-15 02:30:00,20.9,20.7,46,52.0
16183,Kathua,2023-10-16 02:30:00,20.9,20.9,42,46.0
16184,Kathua,2023-10-17 02:15:00,16.7,20.9,75,42.0
16185,Kathua,2023-10-18 02:15:00,15.9,16.7,47,75.0
16186,Kathua,2023-10-19 02:15:00,15.7,15.9,55,47.0
16187,Kathua,2023-10-20 02:30:00,16.5,15.7,55,55.0
16188,Kathua,2023-10-21 02:00:00,17.1,16.5,47,55.0
16189,Kathua,2023-10-22 02:15:00,18.3,17.1,51,47.0
16190,Kathua,2023-10-23 02:00:00,17.7,18.3,46,51.0
16191,Kathua,2023-10-24 02:15:00,17.6,17.7,52,46.0
16192,Kathua,2023-10-25 02:15:00,17.7,17.6,38,52.0
16193,Kathua,2023-10-26 02:00:00,17.5,17.7,42,38.0
16194,Kathua,2023-10-27 02:15:00,17.6,17.5,53,42.0
16195,Kathua,2023-10-28 02:00:00,18.2,17.6,52,53.0
16196,Kathua,2023-10-29 02:30:00,18.2,18.2,49,52.0
16197,Kathua,2023-10-30 01:45:00,18.5,18.2,51,49.0
16243,Katihar,2023-10-15 02:30:00,22.7,23.8,74,64.0
16244,Katihar,2023-10-16 02:30:00,25.4,22.7,66,74.0
16245,Katihar,2023-10-17 02:15:00,23.4,25.4,77,66.0
16246,Katihar,2023-10-18 02:30:00,23.7,23.4,76,77.0
16247,Katihar,2023-10-19 02:15:00,22.2,23.7,72,76.0
16248,Katihar,2023-10-20 02:30:00,22.3,22.2,72,72.0
16249,Katihar,2023-10-21 02:15:00,21.6,22.3,70,72.0
16250,Katihar,2023-10-22 02:15:00,21.7,21.6,71,70.0
16251,Katihar,2023-10-23 02:15:00,21.9,21.7,79,71.0
16252,Katihar,2023-10-24 02:15:00,21.9,21.9,82,79.0
16253,Katihar,2023-10-25 02:15:00,22.5,21.9,79,82.0
16254,Katihar,2023-10-26 02:00:00,21.7,22.5,80,79.0
16255,Katihar,2023-10-27 02:15:00,21.2,21.7,57,80.0
16256,Katihar,2023-10-28 02:00:00,21.3,21.2,60,57.0
16257,Katihar,2023-10-29 02:30:00,21.5,21.3,56,60.0
16258,Katihar,2023-10-30 01:45:00,22.0,21.5,66,56.0
16304,Katni,2023-10-15 02:30:00,27.0,25.6,84,82.0
16305,Katni,2023-10-16 02:30:00,25.0,27.0,89,84.0
16306,Katni,2023-10-17 02:15:00,26.0,25.0,89,89.0
16307,Katni,2023-10-18 02:15:00,25.0,26.0,94,89.0
16308,Katni,2023-10-19 02:15:00,26.0,25.0,89,94.0
16309,Katni,2023-10-20 02:15:00,24.0,26.0,94,89.0
16310,Katni,2023-10-21 02:00:00,24.0,24.0,89,94.0
16311,Katni,2023-10-22 02:15:00,24.0,24.0,83,89.0
16312,Katni,2023-10-23 02:00:00,25.0,24.0,79,83.0
16313,Katni,2023-10-24 02:15:00,25.0,25.0,89,79.0
16314,Katni,2023-10-25 02:15:00,24.0,25.0,94,89.0
16315,Katni,2023-10-26 02:00:00,25.0,24.0,94,94.0
16316,Katni,2023-10-27 02:15:00,23.0,25.0,83,94.0
16317,Katni,2023-10-28 02:00:00,22.0,23.0,78,83.0
16318,Katni,2023-10-29 02:30:00,21.0,22.0,83,78.0
16319,Katni,2023-10-30 01:45:00,21.0,21.0,88,83.0
16365,Kavaratti,2023-10-15 02:30:00,27.4,28.0,74,75.0
16366,Kavaratti,2023-10-16 02:30:00,27.3,27.4,79,74.0
16367,Kavaratti,2023-10-17 02:30:00,27.7,27.3,78,79.0
16368,Kavaratti,2023-10-18 02:30:00,28.2,27.7,71,78.0
16369,Kavaratti,2023-10-19 02:15:00,28.4,28.2,72,71.0
16370,Kavaratti,2023-10-20 02:30:00,28.0,28.4,70,72.0
16371,Kavaratti,2023-10-21 02:15:00,28.1,28.0,72,70.0
16372,Kavaratti,2023-10-22 02:15:00,28.1,28.1,72,72.0
16373,Kavaratti,2023-10-23 02:15:00,28.4,28.1,74,72.0
16374,Kavaratti,2023-10-24 02:15:00,28.4,28.4,71,74.0
16375,Kavaratti,2023-10-25 02:15:00,28.0,28.4,72,71.0
16376,Kavaratti,2023-10-26 02:00:00,28.1,28.0,68,72.0
16377,Kavaratti,2023-10-27 02:15:00,28.2,28.1,69,68.0
16378,Kavaratti,2023-10-28 02:00:00,28.2,28.2,67,69.0
16379,Kavaratti,2023-10-29 02:30:00,28.4,28.2,71,67.0
16380,Kavaratti,2023-10-30 01:45:00,28.4,28.4,70,71.0
16426,Kendrapara,2023-10-15 02:30:00,25.8,26.5,81,75.0
16427,Kendrapara,2023-10-16 02:30:00,25.9,25.8,76,81.0
16428,Kendrapara,2023-10-17 02:30:00,26.1,25.9,73,76.0
16429,Kendrapara,2023-10-18 02:30:00,25.6,26.1,75,73.0
16430,Kendrapara,2023-10-19 02:30:00,25.4,25.6,78,75.0
16431,Kendrapara,2023-10-20 02:30:00,25.5,25.4,78,78.0
16432,Kendrapara,2023-10-21 02:15:00,24.4,25.5,75,78.0
16433,Kendrapara,2023-10-22 02:30:00,23.8,24.4,74,75.0
16434,Kendrapara,2023-10-23 02:15:00,24.9,23.8,82,74.0
16435,Kendrapara,2023-10-24 02:15:00,23.5,24.9,89,82.0
16436,Kendrapara,2023-10-25 02:15:00,24.8,23.5,80,89.0
16437,Kendrapara,2023-10-26 02:00:00,24.7,24.8,84,80.0
16438,Kendrapara,2023-10-27 02:15:00,24.1,24.7,83,84.0
16439,Kendrapara,2023-10-28 02:00:00,23.4,24.1,82,83.0
16440,Kendrapara,2023-10-29 02:45:00,23.1,23.4,77,82.0
16441,Kendrapara,2023-10-30 02:00:00,23.4,23.1,70,77.0
16487,Khagaria,2023-10-15 02:30:00,22.5,23.7,72,71.0
16488,Khagaria,2023-10-16 02:30:00,24.0,22.5,71,72.0
16489,Khagaria,2023-10-17 02:15:00,23.6,24.0,75,71.0
16490,Khagaria,2023-10-18 02:30:00,23.9,23.6,72,75.0
16491,Khagaria,2023-10-19 02:15:00,21.9,23.9,75,72.0
16492,Khagaria,2023-10-20 02:30:00,22.0,21.9,68,75.0
16493,Khagaria,2023-10-21 02:15:00,21.0,22.0,64,68.0
16494,Khagaria,2023-10-22 02:15:00,21.0,21.0,62,64.0
16495,Khagaria,2023-10-23 02:15:00,20.8,21.0,62,62.0
16496,Khagaria,2023-10-24 02:15:00,22.2,20.8,74,62.0
16497,Khagaria,2023-10-25 02:15:00,22.6,22.2,73,74.0
16498,Khagaria,2023-10-26 02:00:00,21.9,22.6,69,73.0
16499,Khagaria,2023-10-27 02:15:00,20.5,21.9,59,69.0
16500,Khagaria,2023-10-28 02:00:00,21.0,20.5,62,59.0
16501,Khagaria,2023-10-29 02:30:00,21.9,21.0,59,62.0
16502,Khagaria,2023-10-30 01:45:00,21.9,21.9,63,59.0
16548,Khammam,2023-10-15 02:30:00,23.3,23.2,85,85.0
16549,Khammam,2023-10-16 02:30:00,23.5,23.3,87,85.0
16550,Khammam,2023-10-17 02:30:00,23.3,23.5,89,87.0
16551,Khammam,2023-10-18 02:30:00,22.9,23.3,86,89.0
16552,Khammam,2023-10-19 02:30:00,22.6,22.9,78,86.0
16553,Khammam,2023-10-20 02:30:00,22.4,22.6,90,78.0
16554,Khammam,2023-10-21 02:30:00,23.2,22.4,83,90.0
16555,Khammam,2023-10-22 02:30:00,21.9,23.2,84,83.0
16556,Khammam,2023-10-23 02:15:00,20.9,21.9,67,84.0
16557,Khammam,2023-10-24 02:15:00,20.5,20.9,68,67.0
16558,Khammam,2023-10-25 02:30:00,19.9,20.5,69,68.0
16559,Khammam,2023-10-26 02:00:00,19.9,19.9,69,69.0
16560,Khammam,2023-10-27 02:30:00,19.8,19.9,58,69.0
16561,Khammam,2023-10-28 02:00:00,24.1,19.8,73,58.0
16562,Khammam,2023-10-29 02:45:00,23.3,24.1,89,73.0
16563,Khammam,2023-10-30 02:00:00,22.1,23.3,94,89.0
16609,Khandwa,2023-10-15 02:30:00,25.1,24.4,50,54.0
16610,Khandwa,2023-10-16 02:30:00,23.9,25.1,60,50.0
16611,Khandwa,2023-10-17 02:15:00,22.7,23.9,63,60.0
16612,Khandwa,2023-10-18 02:15:00,22.8,22.7,64,63.0
16613,Khandwa,2023-10-19 02:15:00,23.6,22.8,61,64.0
16614,Khandwa,2023-10-20 02:15:00,23.0,23.6,65,61.0
16615,Khandwa,2023-10-21 02:00:00,23.3,23.0,47,65.0
16616,Khandwa,2023-10-22 02:15:00,23.0,23.3,53,47.0
16617,Khandwa,2023-10-23 02:00:00,22.8,23.0,47,53.0
16618,Khandwa,2023-10-24 02:15:00,21.5,22.8,58,47.0
16619,Khandwa,2023-10-25 02:15:00,21.6,21.5,53,58.0
16620,Khandwa,2023-10-26 02:00:00,20.6,21.6,46,53.0
16621,Khandwa,2023-10-27 02:15:00,20.8,20.6,45,46.0
16622,Khandwa,2023-10-28 02:00:00,20.4,20.8,45,45.0
16623,Khandwa,2023-10-29 02:30:00,20.2,20.4,46,45.0
16624,Khandwa,2023-10-30 01:45:00,20.5,20.2,45,46.0
16670,Khargone,2023-10-15 02:30:00,26.3,26.4,47,50.0
16671,Khargone,2023-10-16 02:30:00,25.1,26.3,61,47.0
16672,Khargone,2023-10-17 02:15:00,24.2,25.1,57,61.0
16673,Khargone,2023-10-18 02:15:00,24.1,24.2,62,57.0
16674,Khargone,2023-10-19 02:15:00,24.1,24.1,55,62.0
16675,Khargone,2023-10-20 02:15:00,24.5,24.1,46,55.0
16676,Khargone,2023-10-21 02:00:00,24.6,24.5,49,46.0
16677,Khargone,2023-10-22 02:15:00,25.6,24.6,52,49.0
16678,Khargone,2023-10-23 02:00:00,24.9,25.6,45,52.0
16679,Khargone,2023-10-24 02:15:00,24.4,24.9,44,45.0
16680,Khargone,2023-10-25 02:15:00,23.7,24.4,45,44.0
16681,Khargone,2023-10-26 02:00:00,22.2,23.7,39,45.0
16682,Khargone,2023-10-27 02:15:00,22.1,22.2,38,39.0
16683,Khargone,2023-10-28 02:00:00,21.9,22.1,39,38.0
16684,Khargone,2023-10-29 02:30:00,21.9,21.9,37,39.0
16685,Khargone,2023-10-30 01:45:00,22.4,21.9,36,37.0
16731,Kheda,2023-10-15 02:30:00,28.0,26.0,62,74.0
16732,Kheda,2023-10-16 02:30:00,26.0,28.0,74,62.0
16733,Kheda,2023-10-17 02:15:00,26.0,26.0,70,74.0
16734,Kheda,2023-10-18 02:15:00,24.0,26.0,78,70.0
16735,Kheda,2023-10-19 02:15:00,24.0,24.0,69,78.0
16736,Kheda,2023-10-20 02:15:00,25.0,24.0,79,69.0
16737,Kheda,2023-10-21 02:15:00,24.0,25.0,74,79.0
16738,Kheda,2023-10-22 02:15:00,25.0,24.0,74,74.0
16739,Kheda,2023-10-23 02:00:00,24.0,25.0,74,74.0
16740,Kheda,2023-10-24 02:15:00,25.0,24.0,74,74.0
16741,Kheda,2023-10-25 02:15:00,24.0,25.0,74,74.0
16742,Kheda,2023-10-26 02:00:00,24.0,24.0,69,74.0
16743,Kheda,2023-10-27 02:15:00,24.0,24.0,78,69.0
16744,Kheda,2023-10-28 02:00:00,23.0,24.0,78,78.0
16745,Kheda,2023-10-29 02:30:00,24.0,23.0,65,78.0
16746,Kheda,2023-10-30 01:45:00,23.0,24.0,73,65.0
16792,Kheri,2023-10-15 02:30:00,22.4,21.6,63,66.0
16793,Kheri,2023-10-16 02:30:00,22.9,22.4,69,63.0
16794,Kheri,2023-10-17 02:30:00,19.7,22.9,87,69.0
16795,Kheri,2023-10-18 02:30:00,20.1,19.7,75,87.0
16796,Kheri,2023-10-19 02:30:00,19.0,20.1,65,75.0
16797,Kheri,2023-10-20 02:30:00,18.4,19.0,61,65.0
16798,Kheri,2023-10-21 02:15:00,19.2,18.4,64,61.0
16799,Kheri,2023-10-22 02:30:00,19.6,19.2,60,64.0
16800,Kheri,2023-10-23 02:15:00,19.6,19.6,60,60.0
16801,Kheri,2023-10-24 02:15:00,19.4,19.6,54,60.0
16802,Kheri,2023-10-25 02:30:00,20.5,19.4,56,54.0
16803,Kheri,2023-10-26 02:00:00,20.4,20.5,57,56.0
16804,Kheri,2023-10-27 02:30:00,20.0,20.4,57,57.0
16805,Kheri,2023-10-28 02:00:00,20.3,20.0,53,57.0
16806,Kheri,2023-10-29 02:45:00,20.3,20.3,54,53.0
16807,Kheri,2023-10-30 02:00:00,20.0,20.3,59,54.0
16853,Khordha,2023-10-15 02:30:00,27.0,25.5,84,83.0
16854,Khordha,2023-10-16 02:30:00,25.0,27.0,89,84.0
16855,Khordha,2023-10-17 02:30:00,26.0,25.0,89,89.0
16856,Khordha,2023-10-18 02:30:00,25.0,26.0,94,89.0
16857,Khordha,2023-10-19 02:30:00,26.0,25.0,89,94.0
16858,Khordha,2023-10-20 02:30:00,24.0,26.0,94,89.0
16859,Khordha,2023-10-21 02:15:00,24.0,24.0,89,94.0
16860,Khordha,2023-10-22 02:30:00,24.0,24.0,83,89.0
16861,Khordha,2023-10-23 02:15:00,25.0,24.0,79,83.0
16862,Khordha,2023-10-24 02:15:00,25.0,25.0,89,79.0
16863,Khordha,2023-10-25 02:15:00,24.0,25.0,94,89.0
16864,Khordha,2023-10-26 02:00:00,25.0,24.0,94,94.0
16865,Khordha,2023-10-27 02:15:00,23.0,25.0,83,94.0
16866,Khordha,2023-10-28 02:00:00,22.0,23.0,78,83.0
16867,Khordha,2023-10-29 02:45:00,21.0,22.0,83,78.0
16868,Khordha,2023-10-30 02:00:00,21.0,21.0,88,83.0
16914,Khowai,2023-10-15 03:00:00,21.0,21.3,93,88.0
16915,Khowai,2023-10-16 03:00:00,21.1,21.0,94,93.0
16916,Khowai,2023-10-17 02:45:00,21.4,21.1,89,94.0
16917,Khowai,2023-10-18 03:00:00,20.5,21.4,88,89.0
16918,Khowai,2023-10-19 02:45:00,20.7,20.5,89,88.0
16919,Khowai,2023-10-20 03:00:00,20.5,20.7,94,89.0
16920,Khowai,2023-10-21 02:45:00,20.2,20.5,93,94.0
16921,Khowai,2023-10-22 02:45:00,20.9,20.2,89,93.0
16922,Khowai,2023-10-23 02:45:00,21.3,20.9,96,89.0
16923,Khowai,2023-10-24 02:45:00,21.9,21.3,96,96.0
16924,Khowai,2023-10-25 02:45:00,22.1,21.9,84,96.0
16925,Khowai,2023-10-26 02:30:00,21.0,22.1,98,84.0
16926,Khowai,2023-10-27 02:45:00,20.8,21.0,97,98.0
16927,Khowai,2023-10-28 02:30:00,20.5,20.8,93,97.0
16928,Khowai,2023-10-29 03:00:00,19.3,20.5,85,93.0
16929,Khowai,2023-10-30 02:15:00,20.0,19.3,88,85.0
16975,Khunti,2023-10-15 02:30:00,20.0,21.0,83,78.0
16976,Khunti,2023-10-16 02:30:00,19.0,20.0,94,83.0
16977,Khunti,2023-10-17 02:15:00,20.7,19.0,74,94.0
16978,Khunti,2023-10-18 02:30:00,20.0,20.7,94,74.0
16979,Khunti,2023-10-19 02:15:00,20.0,20.0,88,94.0
16980,Khunti,2023-10-20 02:30:00,20.0,20.0,83,88.0
16981,Khunti,2023-10-21 02:00:00,17.0,20.0,94,83.0
16982,Khunti,2023-10-22 02:15:00,16.0,17.0,94,94.0
16983,Khunti,2023-10-23 02:00:00,18.0,16.0,77,94.0
16984,Khunti,2023-10-24 02:15:00,20.0,18.0,78,77.0
16985,Khunti,2023-10-25 02:15:00,18.8,20.0,77,78.0
16986,Khunti,2023-10-26 02:00:00,21.0,18.8,83,77.0
16987,Khunti,2023-10-27 02:15:00,18.0,21.0,83,83.0
16988,Khunti,2023-10-28 02:00:00,18.0,18.0,77,83.0
16989,Khunti,2023-10-29 02:30:00,17.8,18.0,64,77.0
16990,Khunti,2023-10-30 01:45:00,17.0,17.8,83,64.0
17036,Kishanganj,2023-10-15 02:30:00,22.7,23.3,73,73.0
17037,Kishanganj,2023-10-16 02:30:00,23.6,22.7,71,73.0
17038,Kishanganj,2023-10-17 02:15:00,22.5,23.6,83,71.0
17039,Kishanganj,2023-10-18 02:30:00,22.9,22.5,82,83.0
17040,Kishanganj,2023-10-19 02:15:00,21.9,22.9,79,82.0
17041,Kishanganj,2023-10-20 02:30:00,21.8,21.9,81,79.0
17042,Kishanganj,2023-10-21 02:15:00,21.4,21.8,78,81.0
17043,Kishanganj,2023-10-22 02:15:00,21.7,21.4,77,78.0
17044,Kishanganj,2023-10-23 02:00:00,20.9,21.7,78,77.0
17045,Kishanganj,2023-10-24 02:15:00,20.9,20.9,79,78.0
17046,Kishanganj,2023-10-25 02:15:00,21.4,20.9,74,79.0
17047,Kishanganj,2023-10-26 02:00:00,22.0,21.4,75,74.0
17048,Kishanganj,2023-10-27 02:15:00,21.0,22.0,61,75.0
17049,Kishanganj,2023-10-28 02:00:00,20.6,21.0,65,61.0
17050,Kishanganj,2023-10-29 02:30:00,21.1,20.6,62,65.0
17051,Kishanganj,2023-10-30 01:45:00,21.7,21.1,71,62.0
17097,Kishtwar,2023-10-15 02:30:00,8.7,8.9,65,62.0
17098,Kishtwar,2023-10-16 02:30:00,6.9,8.7,65,65.0
17099,Kishtwar,2023-10-17 02:15:00,6.2,6.9,84,65.0
17100,Kishtwar,2023-10-18 02:15:00,3.7,6.2,77,84.0
17101,Kishtwar,2023-10-19 02:15:00,4.6,3.7,71,77.0
17102,Kishtwar,2023-10-20 02:30:00,5.2,4.6,72,71.0
17103,Kishtwar,2023-10-21 02:15:00,5.7,5.2,65,72.0
17104,Kishtwar,2023-10-22 02:15:00,6.3,5.7,64,65.0
17105,Kishtwar,2023-10-23 02:00:00,4.7,6.3,75,64.0
17106,Kishtwar,2023-10-24 02:15:00,5.4,4.7,63,75.0
17107,Kishtwar,2023-10-25 02:15:00,4.8,5.4,57,63.0
17108,Kishtwar,2023-10-26 02:00:00,5.6,4.8,55,57.0
17109,Kishtwar,2023-10-27 02:15:00,5.8,5.6,56,55.0
17110,Kishtwar,2023-10-28 02:00:00,6.2,5.8,57,56.0
17111,Kishtwar,2023-10-29 02:30:00,6.4,6.2,56,57.0
17112,Kishtwar,2023-10-30 01:45:00,6.5,6.4,52,56.0
17158,Koch Bihar,2023-10-15 02:30:00,21.0,22.2,85,84.0
17159,Koch Bihar,2023-10-16 02:30:00,21.1,21.0,81,85.0
17160,Koch Bihar,2023-10-17 02:30:00,20.9,21.1,83,81.0
17161,Koch Bihar,2023-10-18 02:30:00,20.9,20.9,78,83.0
17162,Koch Bihar,2023-10-19 02:15:00,20.2,20.9,88,78.0
17163,Koch Bihar,2023-10-20 02:30:00,20.5,20.2,80,88.0
17164,Koch Bihar,2023-10-21 02:15:00,19.9,20.5,75,80.0
17165,Koch Bihar,2023-10-22 02:15:00,19.8,19.9,70,75.0
17166,Koch Bihar,2023-10-23 02:15:00,19.0,19.8,66,70.0
17167,Koch Bihar,2023-10-24 02:15:00,19.8,19.0,63,66.0
17168,Koch Bihar,2023-10-25 02:15:00,19.3,19.8,67,63.0
17169,Koch Bihar,2023-10-26 02:00:00,19.9,19.3,78,67.0
17170,Koch Bihar,2023-10-27 02:15:00,20.1,19.9,84,78.0
17171,Koch Bihar,2023-10-28 02:00:00,19.3,20.1,84,84.0
17172,Koch Bihar,2023-10-29 02:45:00,19.7,19.3,76,84.0
17173,Koch Bihar,2023-10-30 02:00:00,19.9,19.7,77,76.0
17219,Kodarma,2023-10-15 02:30:00,20.6,21.4,73,75.0
17220,Kodarma,2023-10-16 02:30:00,21.9,20.6,67,73.0
17221,Kodarma,2023-10-17 02:15:00,21.7,21.9,82,67.0
17222,Kodarma,2023-10-18 02:30:00,21.4,21.7,78,82.0
17223,Kodarma,2023-10-19 02:15:00,20.2,21.4,86,78.0
17224,Kodarma,2023-10-20 02:30:00,20.2,20.2,74,86.0
17225,Kodarma,2023-10-21 02:15:00,18.9,20.2,71,74.0
17226,Kodarma,2023-10-22 02:15:00,18.7,18.9,61,71.0
17227,Kodarma,2023-10-23 02:00:00,18.5,18.7,65,61.0
17228,Kodarma,2023-10-24 02:15:00,20.0,18.5,64,65.0
17229,Kodarma,2023-10-25 02:15:00,19.9,20.0,75,64.0
17230,Kodarma,2023-10-26 02:00:00,19.4,19.9,68,75.0
17231,Kodarma,2023-10-27 02:15:00,18.5,19.4,62,68.0
17232,Kodarma,2023-10-28 02:00:00,19.4,18.5,61,62.0
17233,Kodarma,2023-10-29 02:30:00,19.2,19.4,62,61.0
17234,Kodarma,2023-10-30 01:45:00,19.5,19.2,67,62.0
17280,Kohima,2023-10-15 02:30:00,18.9,19.2,93,95.0
17281,Kohima,2023-10-16 02:30:00,18.5,18.9,93,93.0
17282,Kohima,2023-10-17 02:15:00,17.8,18.5,90,93.0
17283,Kohima,2023-10-18 02:30:00,18.4,17.8,89,90.0
17284,Kohima,2023-10-19 02:15:00,17.5,18.4,95,89.0
17285,Kohima,2023-10-20 02:30:00,17.3,17.5,91,95.0
17286,Kohima,2023-10-21 02:15:00,16.9,17.3,90,91.0
17287,Kohima,2023-10-22 02:15:00,16.9,16.9,88,90.0
17288,Kohima,2023-10-23 02:15:00,17.0,16.9,89,88.0
17289,Kohima,2023-10-24 02:15:00,18.8,17.0,92,89.0
17290,Kohima,2023-10-25 02:15:00,17.5,18.8,92,92.0
17291,Kohima,2023-10-26 02:00:00,17.3,17.5,97,92.0
17292,Kohima,2023-10-27 02:15:00,17.7,17.3,97,97.0
17293,Kohima,2023-10-28 02:00:00,17.1,17.7,90,97.0
17294,Kohima,2023-10-29 02:30:00,16.5,17.1,90,90.0
17295,Kohima,2023-10-30 01:45:00,17.1,16.5,90,90.0
17341,Kokrajhar,2023-10-15 02:30:00,21.9,22.7,89,85.0
17342,Kokrajhar,2023-10-16 02:30:00,21.8,21.9,88,89.0
17343,Kokrajhar,2023-10-17 02:15:00,21.7,21.8,90,88.0
17344,Kokrajhar,2023-10-18 02:30:00,21.8,21.7,90,90.0
17345,Kokrajhar,2023-10-19 02:15:00,21.6,21.8,90,90.0
17346,Kokrajhar,2023-10-20 02:30:00,21.2,21.6,88,90.0
17347,Kokrajhar,2023-10-21 02:15:00,20.7,21.2,89,88.0
17348,Kokrajhar,2023-10-22 02:15:00,20.3,20.7,87,89.0
17349,Kokrajhar,2023-10-23 02:15:00,20.0,20.3,88,87.0
17350,Kokrajhar,2023-10-24 02:15:00,21.0,20.0,80,88.0
17351,Kokrajhar,2023-10-25 02:15:00,20.2,21.0,81,80.0
17352,Kokrajhar,2023-10-26 02:00:00,20.8,20.2,87,81.0
17353,Kokrajhar,2023-10-27 02:15:00,21.2,20.8,88,87.0
17354,Kokrajhar,2023-10-28 02:00:00,20.5,21.2,89,88.0
17355,Kokrajhar,2023-10-29 02:30:00,20.4,20.5,83,89.0
17356,Kokrajhar,2023-10-30 01:45:00,21.0,20.4,86,83.0
17402,Kolar,2023-10-15 02:30:00,22.0,20.0,94,88.0
17403,Kolar,2023-10-16 02:30:00,22.0,22.0,88,94.0
17404,Kolar,2023-10-17 02:30:00,22.0,22.0,88,88.0
17405,Kolar,2023-10-18 02:30:00,21.0,22.0,88,88.0
17406,Kolar,2023-10-19 02:15:00,21.0,21.0,78,88.0
17407,Kolar,2023-10-20 02:30:00,21.0,21.0,83,78.0
17408,Kolar,2023-10-21 02:15:00,21.0,21.0,88,83.0
17409,Kolar,2023-10-22 02:15:00,22.0,21.0,78,88.0
17410,Kolar,2023-10-23 02:15:00,21.0,22.0,78,78.0
17411,Kolar,2023-10-24 02:15:00,19.0,21.0,68,78.0
17412,Kolar,2023-10-25 02:15:00,19.0,19.0,60,68.0
17413,Kolar,2023-10-26 02:00:00,18.0,19.0,68,60.0
17414,Kolar,2023-10-27 02:15:00,21.0,18.0,78,68.0
17415,Kolar,2023-10-28 02:00:00,21.0,21.0,88,78.0
17416,Kolar,2023-10-29 02:45:00,21.0,21.0,94,88.0
17417,Kolar,2023-10-30 02:00:00,22.0,21.0,88,94.0
17463,Kolhapur,2023-10-15 02:30:00,22.8,22.0,73,57.0
17464,Kolhapur,2023-10-16 02:30:00,21.8,22.8,86,73.0
17465,Kolhapur,2023-10-17 02:30:00,24.2,21.8,71,86.0
17466,Kolhapur,2023-10-18 02:30:00,23.2,24.2,79,71.0
17467,Kolhapur,2023-10-19 02:30:00,25.2,23.2,53,79.0
17468,Kolhapur,2023-10-20 02:30:00,23.9,25.2,66,53.0
17469,Kolhapur,2023-10-21 02:15:00,24.4,23.9,64,66.0
17470,Kolhapur,2023-10-22 02:30:00,22.3,24.4,65,64.0
17471,Kolhapur,2023-10-23 02:15:00,21.4,22.3,70,65.0
17472,Kolhapur,2023-10-24 02:15:00,20.8,21.4,67,70.0
17473,Kolhapur,2023-10-25 02:15:00,21.4,20.8,73,67.0
17474,Kolhapur,2023-10-26 02:00:00,20.7,21.4,54,73.0
17475,Kolhapur,2023-10-27 02:15:00,19.2,20.7,48,54.0
17476,Kolhapur,2023-10-28 02:00:00,19.5,19.2,49,48.0
17477,Kolhapur,2023-10-29 02:45:00,20.2,19.5,47,49.0
17478,Kolhapur,2023-10-30 02:00:00,23.6,20.2,51,47.0
17545,Kolkata,2023-10-14 02:30:00,26.0,28.0,74,89.0
17546,Kolkata,2023-10-15 02:30:00,27.0,26.0,84,74.0
17547,Kolkata,2023-10-16 02:30:00,26.0,27.0,89,84.0
17548,Kolkata,2023-10-17 02:30:00,27.0,26.0,84,89.0
17549,Kolkata,2023-10-18 02:30:00,27.0,27.0,84,84.0
17550,Kolkata,2023-10-19 02:15:00,26.0,27.0,84,84.0
17551,Kolkata,2023-10-19 02:30:00,26.0,26.0,84,84.0
17552,Kolkata,2023-10-20 02:30:00,25.0,26.0,83,84.0
17553,Kolkata,2023-10-21 02:15:00,24.0,25.0,83,83.0
17554,Kolkata,2023-10-21 02:30:00,24.0,24.0,83,83.0
17555,Kolkata,2023-10-22 02:15:00,25.0,24.0,83,83.0
17556,Kolkata,2023-10-22 02:30:00,25.0,25.0,83,83.0
17557,Kolkata,2023-10-23 02:15:00,26.0,25.0,84,83.0
17558,Kolkata,2023-10-24 02:15:00,25.0,26.0,83,84.0
17559,Kolkata,2023-10-25 02:15:00,24.0,25.0,94,83.0
17560,Kolkata,2023-10-25 02:30:00,24.0,24.0,94,94.0
17561,Kolkata,2023-10-26 02:00:00,26.0,24.0,89,94.0
17562,Kolkata,2023-10-27 02:15:00,26.0,26.0,84,89.0
17563,Kolkata,2023-10-27 02:30:00,26.0,26.0,84,84.0
17564,Kolkata,2023-10-28 02:00:00,25.0,26.0,83,84.0
17565,Kolkata,2023-10-29 02:45:00,24.0,25.0,83,83.0
17566,Kolkata,2023-10-30 02:00:00,24.0,24.0,83,83.0
17612,Kollam,2023-10-15 02:30:00,25.0,23.8,89,96.0
17613,Kollam,2023-10-16 02:30:00,25.5,25.0,83,89.0
17614,Kollam,2023-10-17 02:30:00,25.5,25.5,85,83.0
17615,Kollam,2023-10-18 02:30:00,25.1,25.5,87,85.0
17616,Kollam,2023-10-19 02:15:00,26.0,25.1,79,87.0
17617,Kollam,2023-10-20 02:30:00,25.6,26.0,81,79.0
17618,Kollam,2023-10-21 02:15:00,25.4,25.6,82,81.0
17619,Kollam,2023-10-22 02:15:00,25.1,25.4,88,82.0
17620,Kollam,2023-10-23 02:15:00,24.5,25.1,90,88.0
17621,Kollam,2023-10-24 02:15:00,25.6,24.5,83,90.0
17622,Kollam,2023-10-25 02:15:00,25.1,25.6,86,83.0
17623,Kollam,2023-10-26 02:00:00,25.4,25.1,85,86.0
17624,Kollam,2023-10-27 02:15:00,25.5,25.4,85,85.0
17625,Kollam,2023-10-28 02:00:00,25.8,25.5,84,85.0
17626,Kollam,2023-10-29 02:30:00,25.5,25.8,84,84.0
17627,Kollam,2023-10-30 01:45:00,25.7,25.5,84,84.0
17673,Kondagaon,2023-10-15 02:30:00,20.0,20.4,75,75.0
17674,Kondagaon,2023-10-16 02:30:00,19.5,20.0,63,75.0
17675,Kondagaon,2023-10-17 02:30:00,19.3,19.5,67,63.0
17676,Kondagaon,2023-10-18 02:30:00,19.3,19.3,78,67.0
17677,Kondagaon,2023-10-19 02:15:00,19.3,19.3,87,78.0
17678,Kondagaon,2023-10-20 02:30:00,19.1,19.3,87,87.0
17679,Kondagaon,2023-10-21 02:15:00,18.5,19.1,89,87.0
17680,Kondagaon,2023-10-22 02:15:00,16.5,18.5,80,89.0
17681,Kondagaon,2023-10-23 02:15:00,16.4,16.5,84,80.0
17682,Kondagaon,2023-10-24 02:15:00,16.6,16.4,86,84.0
17683,Kondagaon,2023-10-25 02:15:00,17.7,16.6,84,86.0
17684,Kondagaon,2023-10-26 02:00:00,17.5,17.7,66,84.0
17685,Kondagaon,2023-10-27 02:15:00,16.6,17.5,71,66.0
17686,Kondagaon,2023-10-28 02:00:00,16.4,16.6,77,71.0
17687,Kondagaon,2023-10-29 02:30:00,16.5,16.4,74,77.0
17688,Kondagaon,2023-10-30 01:45:00,16.4,16.5,76,74.0
17734,Koppal,2023-10-15 02:30:00,25.5,24.9,54,50.0
17735,Koppal,2023-10-16 02:30:00,25.8,25.5,55,54.0
17736,Koppal,2023-10-17 02:30:00,25.1,25.8,64,55.0
17737,Koppal,2023-10-18 02:30:00,25.4,25.1,50,64.0
17738,Koppal,2023-10-19 02:30:00,23.1,25.4,60,50.0
17739,Koppal,2023-10-20 02:30:00,23.1,23.1,67,60.0
17740,Koppal,2023-10-21 02:15:00,23.5,23.1,64,67.0
17741,Koppal,2023-10-22 02:30:00,22.5,23.5,68,64.0
17742,Koppal,2023-10-23 02:15:00,21.2,22.5,57,68.0
17743,Koppal,2023-10-24 02:15:00,21.2,21.2,54,57.0
17744,Koppal,2023-10-25 02:15:00,20.3,21.2,55,54.0
17745,Koppal,2023-10-26 02:00:00,20.5,20.3,55,55.0
17746,Koppal,2023-10-27 02:15:00,19.5,20.5,55,55.0
17747,Koppal,2023-10-28 02:00:00,20.1,19.5,49,55.0
17748,Koppal,2023-10-29 02:45:00,23.3,20.1,74,49.0
17749,Koppal,2023-10-30 02:00:00,23.7,23.3,74,74.0
17795,Koraput,2023-10-15 02:30:00,19.0,19.2,72,79.0
17796,Koraput,2023-10-16 02:30:00,18.6,19.0,73,72.0
17797,Koraput,2023-10-17 02:30:00,18.4,18.6,70,73.0
17798,Koraput,2023-10-18 02:30:00,18.2,18.4,80,70.0
17799,Koraput,2023-10-19 02:30:00,18.3,18.2,88,80.0
17800,Koraput,2023-10-20 02:30:00,17.9,18.3,89,88.0
17801,Koraput,2023-10-21 02:15:00,17.7,17.9,88,89.0
17802,Koraput,2023-10-22 02:30:00,17.0,17.7,86,88.0
17803,Koraput,2023-10-23 02:15:00,15.9,17.0,68,86.0
17804,Koraput,2023-10-24 02:15:00,16.1,15.9,76,68.0
17805,Koraput,2023-10-25 02:15:00,17.8,16.1,89,76.0
17806,Koraput,2023-10-26 02:00:00,17.6,17.8,84,89.0
17807,Koraput,2023-10-27 02:15:00,16.9,17.6,84,84.0
17808,Koraput,2023-10-28 02:00:00,17.0,16.9,85,84.0
17809,Koraput,2023-10-29 02:45:00,17.1,17.0,88,85.0
17810,Koraput,2023-10-30 02:00:00,16.1,17.1,88,88.0
17856,Korba,2023-10-15 02:30:00,21.9,22.4,67,65.0
17857,Korba,2023-10-16 02:30:00,21.6,21.9,72,67.0
17858,Korba,2023-10-17 02:30:00,21.5,21.6,70,72.0
17859,Korba,2023-10-18 02:30:00,20.8,21.5,75,70.0
17860,Korba,2023-10-19 02:15:00,20.6,20.8,81,75.0
17861,Korba,2023-10-20 02:30:00,20.5,20.6,72,81.0
17862,Korba,2023-10-21 02:15:00,18.6,20.5,61,72.0
17863,Korba,2023-10-22 02:15:00,18.6,18.6,67,61.0
17864,Korba,2023-10-23 02:15:00,17.4,18.6,64,67.0
17865,Korba,2023-10-24 02:15:00,17.4,17.4,74,64.0
17866,Korba,2023-10-25 02:15:00,18.0,17.4,75,74.0
17867,Korba,2023-10-26 02:00:00,17.4,18.0,66,75.0
17868,Korba,2023-10-27 02:15:00,17.3,17.4,69,66.0
17869,Korba,2023-10-28 02:00:00,17.4,17.3,63,69.0
17870,Korba,2023-10-29 02:30:00,17.5,17.4,62,63.0
17871,Korba,2023-10-30 01:45:00,17.8,17.5,65,62.0
17917,Kota,2023-10-15 02:30:00,26.7,25.4,40,46.0
17918,Kota,2023-10-16 02:30:00,26.2,26.7,43,40.0
17919,Kota,2023-10-17 02:30:00,21.4,26.2,74,43.0
17920,Kota,2023-10-18 02:30:00,22.7,21.4,64,74.0
17921,Kota,2023-10-19 02:30:00,23.0,22.7,54,64.0
17922,Kota,2023-10-20 02:30:00,22.4,23.0,45,54.0
17923,Kota,2023-10-21 02:15:00,22.9,22.4,44,45.0
17924,Kota,2023-10-22 02:30:00,23.5,22.9,40,44.0
17925,Kota,2023-10-23 02:15:00,23.2,23.5,45,40.0
17926,Kota,2023-10-24 02:15:00,23.0,23.2,38,45.0
17927,Kota,2023-10-25 02:30:00,22.0,23.0,35,38.0
17928,Kota,2023-10-26 02:00:00,22.5,22.0,34,35.0
17929,Kota,2023-10-27 02:15:00,22.3,22.5,32,34.0
17930,Kota,2023-10-28 02:00:00,21.9,22.3,34,32.0
17931,Kota,2023-10-29 02:45:00,22.9,21.9,37,34.0
17932,Kota,2023-10-30 02:00:00,23.4,22.9,38,37.0
17978,Kottayam,2023-10-15 02:30:00,24.3,23.7,93,97.0
17979,Kottayam,2023-10-16 02:30:00,23.0,24.3,93,93.0
17980,Kottayam,2023-10-17 02:30:00,24.0,23.0,94,93.0
17981,Kottayam,2023-10-18 02:30:00,23.7,24.0,95,94.0
17982,Kottayam,2023-10-19 02:15:00,23.4,23.7,95,95.0
17983,Kottayam,2023-10-20 02:30:00,24.4,23.4,90,95.0
17984,Kottayam,2023-10-21 02:15:00,24.3,24.4,91,90.0
17985,Kottayam,2023-10-22 02:15:00,24.0,24.3,94,91.0
17986,Kottayam,2023-10-23 02:15:00,23.8,24.0,96,94.0
17987,Kottayam,2023-10-24 02:15:00,23.4,23.8,95,96.0
17988,Kottayam,2023-10-25 02:15:00,23.6,23.4,97,95.0
17989,Kottayam,2023-10-26 02:00:00,23.6,23.6,96,97.0
17990,Kottayam,2023-10-27 02:15:00,23.8,23.6,95,96.0
17991,Kottayam,2023-10-28 02:00:00,23.6,23.8,96,95.0
17992,Kottayam,2023-10-29 02:45:00,23.6,23.6,95,96.0
17993,Kottayam,2023-10-30 02:00:00,23.8,23.6,96,95.0
18039,Kozhikode,2023-10-15 02:30:00,22.0,23.0,100,100.0
18040,Kozhikode,2023-10-16 02:30:00,25.0,22.0,89,100.0
18041,Kozhikode,2023-10-17 02:30:00,23.0,25.0,94,89.0
18042,Kozhikode,2023-10-18 02:30:00,24.0,23.0,94,94.0
18043,Kozhikode,2023-10-19 02:15:00,25.0,24.0,89,94.0
18044,Kozhikode,2023-10-20 02:30:00,26.0,25.0,89,89.0
18045,Kozhikode,2023-10-21 02:15:00,23.0,26.0,94,89.0
18046,Kozhikode,2023-10-22 02:15:00,25.0,23.0,83,94.0
18047,Kozhikode,2023-10-23 02:15:00,24.0,25.0,94,83.0
18048,Kozhikode,2023-10-24 02:15:00,23.0,24.0,94,94.0
18049,Kozhikode,2023-10-25 02:15:00,25.0,23.0,94,94.0
18050,Kozhikode,2023-10-26 02:00:00,25.0,25.0,89,94.0
18051,Kozhikode,2023-10-27 02:15:00,26.0,25.0,89,89.0
18052,Kozhikode,2023-10-28 02:00:00,23.0,26.0,100,89.0
18053,Kozhikode,2023-10-29 02:45:00,24.0,23.0,94,100.0
18054,Kozhikode,2023-10-30 02:00:00,24.0,24.0,94,94.0
18100,Krishna,2023-10-15 02:30:00,26.2,26.0,77,80.0
18101,Krishna,2023-10-16 02:30:00,26.6,26.2,78,77.0
18102,Krishna,2023-10-17 02:15:00,26.1,26.6,73,78.0
18103,Krishna,2023-10-18 02:15:00,25.9,26.1,77,73.0
18104,Krishna,2023-10-19 02:15:00,25.8,25.9,79,77.0
18105,Krishna,2023-10-20 02:30:00,26.1,25.8,79,79.0
18106,Krishna,2023-10-21 02:15:00,25.7,26.1,81,79.0
18107,Krishna,2023-10-22 02:15:00,25.4,25.7,82,81.0
18108,Krishna,2023-10-23 02:00:00,23.1,25.4,70,82.0
18109,Krishna,2023-10-24 02:15:00,24.9,23.1,63,70.0
18110,Krishna,2023-10-25 02:15:00,23.8,24.9,66,63.0
18111,Krishna,2023-10-26 02:00:00,24.9,23.8,79,66.0
18112,Krishna,2023-10-27 02:15:00,24.9,24.9,80,79.0
18113,Krishna,2023-10-28 02:00:00,25.9,24.9,82,80.0
18114,Krishna,2023-10-29 02:30:00,25.6,25.9,82,82.0
18115,Krishna,2023-10-30 01:45:00,25.8,25.6,82,82.0
18161,Krishnagiri,2023-10-15 02:30:00,22.2,19.6,87,87.0
18162,Krishnagiri,2023-10-16 02:30:00,21.0,22.2,89,87.0
18163,Krishnagiri,2023-10-17 02:30:00,20.9,21.0,96,89.0
18164,Krishnagiri,2023-10-18 02:30:00,19.4,20.9,87,96.0
18165,Krishnagiri,2023-10-19 02:30:00,19.4,19.4,86,87.0
18166,Krishnagiri,2023-10-20 02:30:00,18.8,19.4,89,86.0
18167,Krishnagiri,2023-10-21 02:15:00,19.3,18.8,93,89.0
18168,Krishnagiri,2023-10-22 02:30:00,19.6,19.3,84,93.0
18169,Krishnagiri,2023-10-23 02:15:00,20.5,19.6,85,84.0
18170,Krishnagiri,2023-10-24 02:15:00,18.1,20.5,68,85.0
18171,Krishnagiri,2023-10-25 02:30:00,18.6,18.1,79,68.0
18172,Krishnagiri,2023-10-26 02:00:00,19.1,18.6,89,79.0
18173,Krishnagiri,2023-10-27 02:30:00,18.9,19.1,90,89.0
18174,Krishnagiri,2023-10-28 02:00:00,19.6,18.9,95,90.0
18175,Krishnagiri,2023-10-29 02:45:00,20.1,19.6,91,95.0
18176,Krishnagiri,2023-10-30 02:00:00,19.8,20.1,95,91.0
18222,Kulgam,2023-10-15 02:30:00,10.1,12.2,67,56.0
18223,Kulgam,2023-10-16 02:30:00,10.6,10.1,56,67.0
18224,Kulgam,2023-10-17 02:15:00,8.9,10.6,89,56.0
18225,Kulgam,2023-10-18 02:15:00,8.5,8.9,81,89.0
18226,Kulgam,2023-10-19 02:15:00,8.5,8.5,61,81.0
18227,Kulgam,2023-10-20 02:15:00,9.0,8.5,56,61.0
18228,Kulgam,2023-10-21 02:15:00,9.5,9.0,52,56.0
18229,Kulgam,2023-10-22 02:15:00,10.5,9.5,47,52.0
18230,Kulgam,2023-10-23 02:00:00,6.7,10.5,82,47.0
18231,Kulgam,2023-10-24 02:15:00,8.7,6.7,53,82.0
18232,Kulgam,2023-10-25 02:15:00,8.4,8.7,61,53.0
18233,Kulgam,2023-10-26 02:00:00,8.9,8.4,43,61.0
18234,Kulgam,2023-10-27 02:15:00,9.1,8.9,45,43.0
18235,Kulgam,2023-10-28 02:00:00,9.5,9.1,47,45.0
18236,Kulgam,2023-10-29 02:30:00,9.6,9.5,44,47.0
18237,Kulgam,2023-10-30 01:45:00,10.1,9.6,37,44.0
18283,Kupwara,2023-10-15 02:00:00,9.6,12.4,60,46.0
18284,Kupwara,2023-10-16 02:00:00,10.3,9.6,52,60.0
18285,Kupwara,2023-10-17 01:45:00,6.8,10.3,83,52.0
18286,Kupwara,2023-10-18 01:45:00,5.0,6.8,71,83.0
18287,Kupwara,2023-10-19 01:45:00,6.5,5.0,66,71.0
18288,Kupwara,2023-10-20 01:45:00,8.0,6.5,59,66.0
18289,Kupwara,2023-10-21 01:45:00,8.4,8.0,56,59.0
18290,Kupwara,2023-10-22 01:45:00,9.0,8.4,56,56.0
18291,Kupwara,2023-10-23 01:30:00,7.2,9.0,70,56.0
18292,Kupwara,2023-10-24 01:45:00,7.7,7.2,65,70.0
18293,Kupwara,2023-10-25 01:45:00,7.8,7.7,56,65.0
18294,Kupwara,2023-10-26 01:30:00,8.3,7.8,47,56.0
18295,Kupwara,2023-10-27 01:45:00,8.7,8.3,52,47.0
18296,Kupwara,2023-10-28 01:30:00,9.1,8.7,54,52.0
18297,Kupwara,2023-10-29 02:00:00,9.0,9.1,51,54.0
18298,Kupwara,2023-10-30 01:15:00,9.2,9.0,49,51.0
18344,Kurnool,2023-10-15 02:30:00,25.2,25.6,66,66.0
18345,Kurnool,2023-10-16 02:30:00,24.6,25.2,66,66.0
18346,Kurnool,2023-10-17 02:15:00,25.7,24.6,64,66.0
18347,Kurnool,2023-10-18 02:15:00,24.3,25.7,71,64.0
18348,Kurnool,2023-10-19 02:15:00,23.3,24.3,69,71.0
18349,Kurnool,2023-10-20 02:30:00,23.0,23.3,72,69.0
18350,Kurnool,2023-10-21 02:15:00,23.7,23.0,74,72.0
18351,Kurnool,2023-10-22 02:15:00,23.9,23.7,69,74.0
18352,Kurnool,2023-10-23 02:00:00,21.4,23.9,55,69.0
18353,Kurnool,2023-10-24 02:15:00,21.0,21.4,65,55.0
18354,Kurnool,2023-10-25 02:15:00,20.4,21.0,59,65.0
18355,Kurnool,2023-10-26 02:00:00,20.9,20.4,58,59.0
18356,Kurnool,2023-10-27 02:15:00,20.0,20.9,48,58.0
18357,Kurnool,2023-10-28 02:00:00,21.1,20.0,63,48.0
18358,Kurnool,2023-10-29 02:30:00,25.7,21.1,66,63.0
18359,Kurnool,2023-10-30 01:45:00,24.1,25.7,79,66.0
18405,Lakhimpur,2023-10-15 02:30:00,22.4,21.6,63,66.0
18406,Lakhimpur,2023-10-16 02:30:00,22.9,22.4,69,63.0
18407,Lakhimpur,2023-10-17 02:15:00,19.7,22.9,87,69.0
18408,Lakhimpur,2023-10-18 02:30:00,20.1,19.7,75,87.0
18409,Lakhimpur,2023-10-19 02:15:00,19.0,20.1,65,75.0
18410,Lakhimpur,2023-10-20 02:30:00,18.4,19.0,61,65.0
18411,Lakhimpur,2023-10-21 02:15:00,19.2,18.4,64,61.0
18412,Lakhimpur,2023-10-22 02:15:00,19.6,19.2,60,64.0
18413,Lakhimpur,2023-10-23 02:15:00,19.6,19.6,60,60.0
18414,Lakhimpur,2023-10-24 02:15:00,19.4,19.6,54,60.0
18415,Lakhimpur,2023-10-25 02:15:00,20.5,19.4,56,54.0
18416,Lakhimpur,2023-10-26 02:00:00,20.4,20.5,57,56.0
18417,Lakhimpur,2023-10-27 02:15:00,20.0,20.4,57,57.0
18418,Lakhimpur,2023-10-28 02:00:00,20.3,20.0,53,57.0
18419,Lakhimpur,2023-10-29 02:30:00,20.3,20.3,54,53.0
18420,Lakhimpur,2023-10-30 01:45:00,20.4,20.3,58,54.0
18466,Lakhisarai,2023-10-15 02:30:00,22.6,23.8,72,66.0
18467,Lakhisarai,2023-10-16 02:30:00,24.1,22.6,72,72.0
18468,Lakhisarai,2023-10-17 02:15:00,23.9,24.1,77,72.0
18469,Lakhisarai,2023-10-18 02:30:00,23.9,23.9,72,77.0
18470,Lakhisarai,2023-10-19 02:15:00,21.9,23.9,74,72.0
18471,Lakhisarai,2023-10-20 02:30:00,22.1,21.9,68,74.0
18472,Lakhisarai,2023-10-21 02:15:00,21.2,22.1,63,68.0
18473,Lakhisarai,2023-10-22 02:15:00,21.1,21.2,59,63.0
18474,Lakhisarai,2023-10-23 02:15:00,20.9,21.1,62,59.0
18475,Lakhisarai,2023-10-24 02:15:00,22.1,20.9,68,62.0
18476,Lakhisarai,2023-10-25 02:15:00,23.0,22.1,69,68.0
18477,Lakhisarai,2023-10-26 02:00:00,21.9,23.0,63,69.0
18478,Lakhisarai,2023-10-27 02:15:00,20.2,21.9,62,63.0
18479,Lakhisarai,2023-10-28 02:00:00,21.6,20.2,63,62.0
18480,Lakhisarai,2023-10-29 02:30:00,21.9,21.6,63,63.0
18481,Lakhisarai,2023-10-30 01:45:00,22.0,21.9,60,63.0
18527,Lalitpur,2023-10-15 02:30:00,26.7,24.9,42,45.0
18528,Lalitpur,2023-10-16 02:30:00,24.9,26.7,46,42.0
18529,Lalitpur,2023-10-17 02:30:00,19.9,24.9,84,46.0
18530,Lalitpur,2023-10-18 02:30:00,22.5,19.9,65,84.0
18531,Lalitpur,2023-10-19 02:30:00,22.2,22.5,60,65.0
18532,Lalitpur,2023-10-20 02:30:00,21.5,22.2,44,60.0
18533,Lalitpur,2023-10-21 02:15:00,21.6,21.5,50,44.0
18534,Lalitpur,2023-10-22 02:30:00,21.6,21.6,49,50.0
18535,Lalitpur,2023-10-23 02:15:00,20.6,21.6,46,49.0
18536,Lalitpur,2023-10-24 02:15:00,20.5,20.6,48,46.0
18537,Lalitpur,2023-10-25 02:30:00,20.8,20.5,45,48.0
18538,Lalitpur,2023-10-26 02:00:00,20.8,20.8,43,45.0
18539,Lalitpur,2023-10-27 02:30:00,20.7,20.8,42,43.0
18540,Lalitpur,2023-10-28 02:00:00,20.3,20.7,32,42.0
18541,Lalitpur,2023-10-29 02:45:00,20.7,20.3,35,32.0
18542,Lalitpur,2023-10-30 02:00:00,20.8,20.7,41,35.0
18588,Latehar,2023-10-15 02:30:00,19.9,19.4,70,61.0
18589,Latehar,2023-10-16 02:30:00,20.5,19.9,70,70.0
18590,Latehar,2023-10-17 02:15:00,20.9,20.5,83,70.0
18591,Latehar,2023-10-18 02:30:00,20.1,20.9,86,83.0
18592,Latehar,2023-10-19 02:15:00,19.5,20.1,87,86.0
18593,Latehar,2023-10-20 02:30:00,19.4,19.5,80,87.0
18594,Latehar,2023-10-21 02:15:00,17.7,19.4,74,80.0
18595,Latehar,2023-10-22 02:15:00,17.4,17.7,75,74.0
18596,Latehar,2023-10-23 02:00:00,16.8,17.4,76,75.0
18597,Latehar,2023-10-24 02:15:00,17.9,16.8,83,76.0
18598,Latehar,2023-10-25 02:15:00,18.7,17.9,86,83.0
18599,Latehar,2023-10-26 02:00:00,17.1,18.7,67,86.0
18600,Latehar,2023-10-27 02:15:00,17.2,17.1,67,67.0
18601,Latehar,2023-10-28 02:00:00,16.9,17.2,67,67.0
18602,Latehar,2023-10-29 02:30:00,17.2,16.9,73,67.0
18603,Latehar,2023-10-30 01:45:00,17.7,17.2,77,73.0
18649,Latur,2023-10-15 02:30:00,22.7,21.9,55,62.0
18650,Latur,2023-10-16 02:30:00,22.6,22.7,63,55.0
18651,Latur,2023-10-17 02:30:00,22.7,22.6,62,63.0
18652,Latur,2023-10-18 02:30:00,22.2,22.7,71,62.0
18653,Latur,2023-10-19 02:30:00,22.4,22.2,66,71.0
18654,Latur,2023-10-20 02:30:00,22.0,22.4,76,66.0
18655,Latur,2023-10-21 02:15:00,21.3,22.0,75,76.0
18656,Latur,2023-10-22 02:15:00,20.5,21.3,67,75.0
18657,Latur,2023-10-23 02:15:00,20.5,20.5,60,67.0
18658,Latur,2023-10-24 02:15:00,20.0,20.5,63,60.0
18659,Latur,2023-10-25 02:15:00,20.0,20.0,58,63.0
18660,Latur,2023-10-26 02:00:00,18.9,20.0,60,58.0
18661,Latur,2023-10-27 02:15:00,18.3,18.9,59,60.0
18662,Latur,2023-10-28 02:00:00,18.8,18.3,57,59.0
18663,Latur,2023-10-29 02:45:00,19.2,18.8,57,57.0
18664,Latur,2023-10-30 02:00:00,19.4,19.2,63,57.0
18710,Lawngtlai,2023-10-15 02:30:00,16.5,17.8,86,99.0
18711,Lawngtlai,2023-10-16 02:30:00,17.0,16.5,86,86.0
18712,Lawngtlai,2023-10-17 02:15:00,17.1,17.0,84,86.0
18713,Lawngtlai,2023-10-18 02:30:00,16.6,17.1,80,84.0
18714,Lawngtlai,2023-10-19 02:15:00,16.7,16.6,83,80.0
18715,Lawngtlai,2023-10-20 02:30:00,16.5,16.7,81,83.0
18716,Lawngtlai,2023-10-21 02:15:00,17.2,16.5,78,81.0
18717,Lawngtlai,2023-10-22 02:15:00,17.8,17.2,96,78.0
18718,Lawngtlai,2023-10-23 02:15:00,18.9,17.8,99,96.0
18719,Lawngtlai,2023-10-24 02:15:00,18.4,18.9,100,99.0
18720,Lawngtlai,2023-10-25 02:15:00,18.1,18.4,100,100.0
18721,Lawngtlai,2023-10-26 02:00:00,18.4,18.1,99,100.0
18722,Lawngtlai,2023-10-27 02:15:00,17.2,18.4,97,99.0
18723,Lawngtlai,2023-10-28 02:00:00,16.7,17.2,92,97.0
18724,Lawngtlai,2023-10-29 02:30:00,15.9,16.7,86,92.0
18725,Lawngtlai,2023-10-30 01:45:00,16.7,15.9,80,86.0
18771,Leh,2023-10-15 02:30:00,-4.7,-3.1,68,47.0
18772,Leh,2023-10-16 02:30:00,-5.9,-4.7,64,68.0
18773,Leh,2023-10-17 02:15:00,-3.8,-5.9,51,64.0
18774,Leh,2023-10-18 02:15:00,-9.0,-3.8,65,51.0
18775,Leh,2023-10-19 02:15:00,-8.0,-9.0,55,65.0
18776,Leh,2023-10-20 02:15:00,-8.0,-8.0,52,55.0
18777,Leh,2023-10-21 02:00:00,-8.0,-8.0,51,52.0
18778,Leh,2023-10-22 02:15:00,-8.4,-8.0,46,51.0
18779,Leh,2023-10-23 02:00:00,-8.2,-8.4,57,46.0
18780,Leh,2023-10-24 02:15:00,-8.7,-8.2,52,57.0
18781,Leh,2023-10-25 02:15:00,-9.6,-8.7,49,52.0
18782,Leh,2023-10-26 02:00:00,-9.4,-9.6,41,49.0
18783,Leh,2023-10-27 02:15:00,-8.8,-9.4,39,41.0
18784,Leh,2023-10-28 02:00:00,-9.0,-8.8,44,39.0
18785,Leh,2023-10-29 02:30:00,-9.2,-9.0,41,44.0
18786,Leh,2023-10-30 01:45:00,-7.6,-9.2,42,41.0
18832,Lohardaga,2023-10-15 02:30:00,18.9,19.5,63,53.0
18833,Lohardaga,2023-10-16 02:30:00,19.6,18.9,70,63.0
18834,Lohardaga,2023-10-17 02:15:00,19.9,19.6,71,70.0
18835,Lohardaga,2023-10-18 02:30:00,19.4,19.9,78,71.0
18836,Lohardaga,2023-10-19 02:15:00,18.8,19.4,85,78.0
18837,Lohardaga,2023-10-20 02:30:00,18.8,18.8,78,85.0
18838,Lohardaga,2023-10-21 02:15:00,17.0,18.8,71,78.0
18839,Lohardaga,2023-10-22 02:15:00,16.4,17.0,70,71.0
18840,Lohardaga,2023-10-23 02:00:00,16.6,16.4,73,70.0
18841,Lohardaga,2023-10-24 02:15:00,18.1,16.6,77,73.0
18842,Lohardaga,2023-10-25 02:15:00,18.2,18.1,85,77.0
18843,Lohardaga,2023-10-26 02:00:00,17.8,18.2,62,85.0
18844,Lohardaga,2023-10-27 02:15:00,16.7,17.8,65,62.0
18845,Lohardaga,2023-10-28 02:00:00,16.7,16.7,64,65.0
18846,Lohardaga,2023-10-29 02:30:00,17.1,16.7,70,64.0
18847,Lohardaga,2023-10-30 01:45:00,17.2,17.1,78,70.0
18893,Lucknow,2023-10-15 02:30:00,23.0,23.0,89,83.0
18894,Lucknow,2023-10-16 02:30:00,23.0,23.0,89,89.0
18895,Lucknow,2023-10-17 02:30:00,20.0,23.0,83,89.0
18896,Lucknow,2023-10-18 02:30:00,20.0,20.0,88,83.0
18897,Lucknow,2023-10-19 02:30:00,21.0,20.0,83,88.0
18898,Lucknow,2023-10-20 02:30:00,19.0,21.0,83,83.0
18899,Lucknow,2023-10-21 02:15:00,18.0,19.0,94,83.0
18900,Lucknow,2023-10-22 02:30:00,18.0,18.0,83,94.0
18901,Lucknow,2023-10-23 02:15:00,20.0,18.0,83,83.0
18902,Lucknow,2023-10-24 02:15:00,19.0,20.0,88,83.0
18903,Lucknow,2023-10-25 02:15:00,19.0,19.0,83,88.0
18904,Lucknow,2023-10-26 02:00:00,22.0,19.0,69,83.0
18905,Lucknow,2023-10-27 02:30:00,19.0,22.0,73,69.0
18906,Lucknow,2023-10-28 02:00:00,19.0,19.0,73,73.0
18907,Lucknow,2023-10-29 02:45:00,22.7,19.0,42,73.0
18908,Lucknow,2023-10-30 02:00:00,19.0,22.7,83,42.0
18954,Ludhiana,2023-10-15 02:30:00,23.9,22.7,45,41.0
18955,Ludhiana,2023-10-16 02:30:00,21.8,23.9,49,45.0
18956,Ludhiana,2023-10-17 02:30:00,18.4,21.8,73,49.0
18957,Ludhiana,2023-10-18 02:30:00,18.8,18.4,47,73.0
18958,Ludhiana,2023-10-19 02:15:00,18.7,18.8,51,47.0
18959,Ludhiana,2023-10-20 02:30:00,19.5,18.7,47,51.0
18960,Ludhiana,2023-10-21 02:15:00,19.4,19.5,42,47.0
18961,Ludhiana,2023-10-22 02:15:00,20.0,19.4,44,42.0
18962,Ludhiana,2023-10-23 02:15:00,21.0,20.0,45,44.0
18963,Ludhiana,2023-10-24 02:15:00,20.4,21.0,50,45.0
18964,Ludhiana,2023-10-25 02:15:00,20.3,20.4,42,50.0
18965,Ludhiana,2023-10-26 02:00:00,20.2,20.3,38,42.0
18966,Ludhiana,2023-10-27 02:15:00,20.1,20.2,41,38.0
18967,Ludhiana,2023-10-28 02:00:00,20.9,20.1,39,41.0
18968,Ludhiana,2023-10-29 02:45:00,21.2,20.9,41,39.0
18969,Ludhiana,2023-10-30 01:45:00,21.3,21.2,41,41.0
19015,Lunglei,2023-10-15 02:30:00,16.5,17.8,89,99.0
19016,Lunglei,2023-10-16 02:30:00,17.2,16.5,88,89.0
19017,Lunglei,2023-10-17 02:15:00,17.4,17.2,82,88.0
19018,Lunglei,2023-10-18 02:30:00,16.6,17.4,79,82.0
19019,Lunglei,2023-10-19 02:15:00,16.5,16.6,80,79.0
19020,Lunglei,2023-10-20 02:30:00,17.7,16.5,79,80.0
19021,Lunglei,2023-10-21 02:15:00,16.8,17.7,77,79.0
19022,Lunglei,2023-10-22 02:15:00,17.5,16.8,94,77.0
19023,Lunglei,2023-10-23 02:15:00,18.9,17.5,100,94.0
19024,Lunglei,2023-10-24 02:15:00,18.3,18.9,100,100.0
19025,Lunglei,2023-10-25 02:15:00,17.7,18.3,99,100.0
19026,Lunglei,2023-10-26 02:00:00,17.2,17.7,99,99.0
19027,Lunglei,2023-10-27 02:15:00,17.2,17.2,98,99.0
19028,Lunglei,2023-10-28 02:00:00,16.4,17.2,90,98.0
19029,Lunglei,2023-10-29 02:30:00,15.8,16.4,87,90.0
19030,Lunglei,2023-10-30 01:45:00,16.3,15.8,78,87.0
19076,Madhubani,2023-10-15 02:30:00,21.9,22.0,69,63.0
19077,Madhubani,2023-10-16 02:30:00,22.9,21.9,75,69.0
19078,Madhubani,2023-10-17 02:15:00,22.4,22.9,84,75.0
19079,Madhubani,2023-10-18 02:30:00,22.2,22.4,79,84.0
19080,Madhubani,2023-10-19 02:15:00,21.0,22.2,74,79.0
19081,Madhubani,2023-10-20 02:30:00,20.6,21.0,74,74.0
19082,Madhubani,2023-10-21 02:15:00,20.3,20.6,72,74.0
19083,Madhubani,2023-10-22 02:15:00,20.1,20.3,64,72.0
19084,Madhubani,2023-10-23 02:15:00,20.9,20.1,71,64.0
19085,Madhubani,2023-10-24 02:15:00,20.9,20.9,74,71.0
19086,Madhubani,2023-10-25 02:15:00,21.5,20.9,68,74.0
19087,Madhubani,2023-10-26 02:00:00,21.5,21.5,77,68.0
19088,Madhubani,2023-10-27 02:15:00,21.1,21.5,66,77.0
19089,Madhubani,2023-10-28 02:00:00,21.1,21.1,61,66.0
19090,Madhubani,2023-10-29 02:30:00,21.0,21.1,66,61.0
19091,Madhubani,2023-10-30 01:45:00,20.6,21.0,70,66.0
19137,Madurai,2023-10-15 02:30:00,25.7,25.0,82,89.0
19138,Madurai,2023-10-16 02:30:00,25.9,25.7,85,82.0
19139,Madurai,2023-10-17 02:30:00,24.0,25.9,89,85.0
19140,Madurai,2023-10-18 02:30:00,25.0,24.0,94,89.0
19141,Madurai,2023-10-19 02:30:00,24.4,25.0,86,94.0
19142,Madurai,2023-10-20 02:30:00,24.6,24.4,83,86.0
19143,Madurai,2023-10-21 02:15:00,25.0,24.6,94,83.0
19144,Madurai,2023-10-22 02:30:00,24.0,25.0,89,94.0
19145,Madurai,2023-10-23 02:15:00,26.0,24.0,89,89.0
19146,Madurai,2023-10-24 02:15:00,24.9,26.0,86,89.0
19147,Madurai,2023-10-25 02:30:00,24.9,24.9,87,86.0
19148,Madurai,2023-10-26 02:00:00,24.9,24.9,86,87.0
19149,Madurai,2023-10-27 02:30:00,24.5,24.9,84,86.0
19150,Madurai,2023-10-28 02:00:00,27.0,24.5,79,84.0
19151,Madurai,2023-10-29 02:45:00,26.0,27.0,89,79.0
19152,Madurai,2023-10-30 02:00:00,25.0,26.0,94,89.0
19198,Mahamaya,2023-10-15 02:30:00,27.0,24.4,84,60.0
19199,Mahamaya,2023-10-16 02:30:00,23.6,27.0,68,84.0
19200,Mahamaya,2023-10-17 02:30:00,23.7,23.6,70,68.0
19201,Mahamaya,2023-10-18 02:30:00,24.4,23.7,75,70.0
19202,Mahamaya,2023-10-19 02:30:00,26.0,24.4,84,75.0
19203,Mahamaya,2023-10-20 02:30:00,23.3,26.0,75,84.0
19204,Mahamaya,2023-10-21 02:15:00,22.1,23.3,70,75.0
19205,Mahamaya,2023-10-22 02:30:00,22.4,22.1,71,70.0
19206,Mahamaya,2023-10-23 02:15:00,24.0,22.4,79,71.0
19207,Mahamaya,2023-10-24 02:15:00,22.4,24.0,96,79.0
19208,Mahamaya,2023-10-25 02:30:00,24.0,22.4,94,96.0
19209,Mahamaya,2023-10-26 02:00:00,24.0,24.0,75,94.0
19210,Mahamaya,2023-10-27 02:30:00,23.6,24.0,72,75.0
19211,Mahamaya,2023-10-28 02:00:00,23.2,23.6,58,72.0
19212,Mahamaya,2023-10-29 02:45:00,22.2,23.2,65,58.0
19213,Mahamaya,2023-10-30 02:00:00,21.9,22.2,67,65.0
19259,Mahasamund,2023-10-15 02:30:00,22.8,24.2,65,65.0
19260,Mahasamund,2023-10-16 02:30:00,23.6,22.8,65,65.0
19261,Mahasamund,2023-10-17 02:15:00,22.4,23.6,65,65.0
19262,Mahasamund,2023-10-18 02:30:00,22.5,22.4,70,65.0
19263,Mahasamund,2023-10-19 02:15:00,22.1,22.5,79,70.0
19264,Mahasamund,2023-10-20 02:30:00,22.2,22.1,78,79.0
19265,Mahasamund,2023-10-21 02:15:00,20.3,22.2,70,78.0
19266,Mahasamund,2023-10-22 02:15:00,19.4,20.3,66,70.0
19267,Mahasamund,2023-10-23 02:15:00,18.7,19.4,61,66.0
19268,Mahasamund,2023-10-24 02:15:00,18.3,18.7,64,61.0
19269,Mahasamund,2023-10-25 02:15:00,19.1,18.3,65,64.0
19270,Mahasamund,2023-10-26 02:00:00,18.9,19.1,60,65.0
19271,Mahasamund,2023-10-27 02:15:00,18.8,18.9,56,60.0
19272,Mahasamund,2023-10-28 02:00:00,18.8,18.8,63,56.0
19273,Mahasamund,2023-10-29 02:30:00,18.7,18.8,65,63.0
19274,Mahasamund,2023-10-30 01:45:00,19.3,18.7,67,65.0
19320,Mahe,2023-10-15 02:30:00,25.1,24.7,91,91.0
19321,Mahe,2023-10-16 02:30:00,24.8,25.1,90,91.0
19322,Mahe,2023-10-17 02:15:00,25.4,24.8,87,90.0
19323,Mahe,2023-10-18 02:30:00,24.7,25.4,93,87.0
19324,Mahe,2023-10-19 02:15:00,25.6,24.7,85,93.0
19325,Mahe,2023-10-20 02:30:00,25.6,25.6,84,85.0
19326,Mahe,2023-10-21 02:15:00,24.7,25.6,89,84.0
19327,Mahe,2023-10-22 02:15:00,24.4,24.7,92,89.0
19328,Mahe,2023-10-23 02:15:00,24.6,24.4,90,92.0
19329,Mahe,2023-10-24 02:15:00,25.1,24.6,87,90.0
19330,Mahe,2023-10-25 02:15:00,24.3,25.1,90,87.0
19331,Mahe,2023-10-26 02:00:00,24.4,24.3,89,90.0
19332,Mahe,2023-10-27 02:15:00,24.5,24.4,82,89.0
19333,Mahe,2023-10-28 02:00:00,24.9,24.5,84,82.0
19334,Mahe,2023-10-29 02:30:00,24.5,24.9,90,84.0
19335,Mahe,2023-10-30 01:45:00,24.5,24.5,93,90.0
19381,Mahendragarh,2023-10-15 02:30:00,26.7,26.7,33,32.0
19382,Mahendragarh,2023-10-16 02:30:00,27.1,26.7,38,33.0
19383,Mahendragarh,2023-10-17 02:15:00,20.4,27.1,79,38.0
19384,Mahendragarh,2023-10-18 02:30:00,23.2,20.4,57,79.0
19385,Mahendragarh,2023-10-19 02:15:00,22.2,23.2,45,57.0
19386,Mahendragarh,2023-10-20 02:30:00,22.8,22.2,43,45.0
19387,Mahendragarh,2023-10-21 02:15:00,23.6,22.8,42,43.0
19388,Mahendragarh,2023-10-22 02:15:00,23.3,23.6,34,42.0
19389,Mahendragarh,2023-10-23 02:15:00,23.7,23.3,37,34.0
19390,Mahendragarh,2023-10-24 02:15:00,22.0,23.7,65,37.0
19391,Mahendragarh,2023-10-25 02:15:00,23.0,22.0,40,65.0
19392,Mahendragarh,2023-10-26 02:00:00,22.9,23.0,42,40.0
19393,Mahendragarh,2023-10-27 02:15:00,22.3,22.9,34,42.0
19394,Mahendragarh,2023-10-28 02:00:00,22.9,22.3,21,34.0
19395,Mahendragarh,2023-10-29 02:30:00,24.0,22.9,31,21.0
19396,Mahendragarh,2023-10-30 01:45:00,24.5,24.0,36,31.0
19442,Mahesana,2023-10-15 02:30:00,26.4,26.8,67,50.0
19443,Mahesana,2023-10-16 02:30:00,25.5,26.4,65,67.0
19444,Mahesana,2023-10-17 02:15:00,25.0,25.5,67,65.0
19445,Mahesana,2023-10-18 02:15:00,24.7,25.0,62,67.0
19446,Mahesana,2023-10-19 02:15:00,25.2,24.7,46,62.0
19447,Mahesana,2023-10-20 02:30:00,25.7,25.2,43,46.0
19448,Mahesana,2023-10-21 02:15:00,25.8,25.7,43,43.0
19449,Mahesana,2023-10-22 02:15:00,26.3,25.8,38,43.0
19450,Mahesana,2023-10-23 02:00:00,25.9,26.3,39,38.0
19451,Mahesana,2023-10-24 02:15:00,25.5,25.9,38,39.0
19452,Mahesana,2023-10-25 02:15:00,25.4,25.5,33,38.0
19453,Mahesana,2023-10-26 02:00:00,24.7,25.4,39,33.0
19454,Mahesana,2023-10-27 02:15:00,24.4,24.7,39,39.0
19455,Mahesana,2023-10-28 02:00:00,24.8,24.4,33,39.0
19456,Mahesana,2023-10-29 02:30:00,24.6,24.8,33,33.0
19457,Mahesana,2023-10-30 01:45:00,25.2,24.6,34,33.0
19503,Mahoba,2023-10-15 02:30:00,26.2,25.4,41,42.0
19504,Mahoba,2023-10-16 02:30:00,26.0,26.2,42,41.0
19505,Mahoba,2023-10-17 02:30:00,21.3,26.0,76,42.0
19506,Mahoba,2023-10-18 02:30:00,23.6,21.3,69,76.0
19507,Mahoba,2023-10-19 02:30:00,23.8,23.6,48,69.0
19508,Mahoba,2023-10-20 02:30:00,22.9,23.8,43,48.0
19509,Mahoba,2023-10-21 02:15:00,22.5,22.9,46,43.0
19510,Mahoba,2023-10-22 02:30:00,22.0,22.5,45,46.0
19511,Mahoba,2023-10-23 02:15:00,21.3,22.0,51,45.0
19512,Mahoba,2023-10-24 02:15:00,21.7,21.3,49,51.0
19513,Mahoba,2023-10-25 02:30:00,21.7,21.7,48,49.0
19514,Mahoba,2023-10-26 02:00:00,21.9,21.7,41,48.0
19515,Mahoba,2023-10-27 02:30:00,21.7,21.9,34,41.0
19516,Mahoba,2023-10-28 02:00:00,21.7,21.7,35,34.0
19517,Mahoba,2023-10-29 02:45:00,22.1,21.7,37,35.0
19518,Mahoba,2023-10-30 02:00:00,22.1,22.1,39,37.0
19564,Mainpuri,2023-10-15 02:30:00,26.9,25.7,37,35.0
19565,Mainpuri,2023-10-16 02:30:00,26.6,26.9,42,37.0
19566,Mainpuri,2023-10-17 02:30:00,21.0,26.6,73,42.0
19567,Mainpuri,2023-10-18 02:30:00,22.9,21.0,58,73.0
19568,Mainpuri,2023-10-19 02:30:00,23.1,22.9,48,58.0
19569,Mainpuri,2023-10-20 02:30:00,22.1,23.1,45,48.0
19570,Mainpuri,2023-10-21 02:15:00,22.0,22.1,46,45.0
19571,Mainpuri,2023-10-22 02:30:00,22.3,22.0,47,46.0
19572,Mainpuri,2023-10-23 02:15:00,22.6,22.3,40,47.0
19573,Mainpuri,2023-10-24 02:15:00,22.2,22.6,43,40.0
19574,Mainpuri,2023-10-25 02:30:00,22.0,22.2,49,43.0
19575,Mainpuri,2023-10-26 02:00:00,22.4,22.0,37,49.0
19576,Mainpuri,2023-10-27 02:30:00,22.5,22.4,33,37.0
19577,Mainpuri,2023-10-28 02:00:00,21.4,22.5,37,33.0
19578,Mainpuri,2023-10-29 02:45:00,23.1,21.4,33,37.0
19579,Mainpuri,2023-10-30 02:00:00,22.9,23.1,38,33.0
19625,Majuli,2023-10-15 02:30:00,20.9,21.2,97,97.0
19626,Majuli,2023-10-16 02:30:00,21.0,20.9,95,97.0
19627,Majuli,2023-10-17 02:30:00,20.7,21.0,94,95.0
19628,Majuli,2023-10-18 02:30:00,21.1,20.7,95,94.0
19629,Majuli,2023-10-19 02:30:00,20.3,21.1,95,95.0
19630,Majuli,2023-10-20 02:30:00,20.4,20.3,94,95.0
19631,Majuli,2023-10-21 02:30:00,20.1,20.4,94,94.0
19632,Majuli,2023-10-22 02:30:00,19.6,20.1,94,94.0
19633,Majuli,2023-10-23 02:15:00,19.3,19.6,94,94.0
19634,Majuli,2023-10-24 02:15:00,21.1,19.3,85,94.0
19635,Majuli,2023-10-25 02:30:00,20.0,21.1,89,85.0
19636,Majuli,2023-10-26 02:00:00,20.3,20.0,96,89.0
19637,Majuli,2023-10-27 02:30:00,19.9,20.3,98,96.0
19638,Majuli,2023-10-28 02:00:00,19.8,19.9,96,98.0
19639,Majuli,2023-10-29 02:45:00,19.4,19.8,95,96.0
19640,Majuli,2023-10-30 02:00:00,20.2,19.4,96,95.0
19686,Malappuram,2023-10-15 02:30:00,22.0,23.0,100,100.0
19687,Malappuram,2023-10-16 02:30:00,25.0,22.0,89,100.0
19688,Malappuram,2023-10-17 02:30:00,23.0,25.0,94,89.0
19689,Malappuram,2023-10-18 02:30:00,24.0,23.0,94,94.0
19690,Malappuram,2023-10-19 02:15:00,25.0,24.0,89,94.0
19691,Malappuram,2023-10-20 02:30:00,26.0,25.0,89,89.0
19692,Malappuram,2023-10-21 02:15:00,23.0,26.0,94,89.0
19693,Malappuram,2023-10-22 02:15:00,25.0,23.0,83,94.0
19694,Malappuram,2023-10-23 02:15:00,24.0,25.0,94,83.0
19695,Malappuram,2023-10-24 02:15:00,23.0,24.0,94,94.0
19696,Malappuram,2023-10-25 02:15:00,25.0,23.0,94,94.0
19697,Malappuram,2023-10-26 02:00:00,25.0,25.0,89,94.0
19698,Malappuram,2023-10-27 02:15:00,26.0,25.0,89,89.0
19699,Malappuram,2023-10-28 02:00:00,23.0,26.0,100,89.0
19700,Malappuram,2023-10-29 02:45:00,24.0,23.0,94,100.0
19701,Malappuram,2023-10-30 02:00:00,24.0,24.0,94,94.0
19747,Maldah,2023-10-15 02:30:00,23.2,23.6,68,68.0
19748,Maldah,2023-10-16 02:30:00,23.9,23.2,69,68.0
19749,Maldah,2023-10-17 02:30:00,23.1,23.9,76,69.0
19750,Maldah,2023-10-18 02:30:00,23.7,23.1,76,76.0
19751,Maldah,2023-10-19 02:15:00,22.8,23.7,78,76.0
19752,Maldah,2023-10-20 02:30:00,22.2,22.8,74,78.0
19753,Maldah,2023-10-21 02:15:00,21.7,22.2,76,74.0
19754,Maldah,2023-10-22 02:15:00,21.8,21.7,77,76.0
19755,Maldah,2023-10-23 02:15:00,22.6,21.8,79,77.0
19756,Maldah,2023-10-24 02:15:00,21.8,22.6,95,79.0
19757,Maldah,2023-10-25 02:15:00,22.5,21.8,89,95.0
19758,Maldah,2023-10-26 02:00:00,23.1,22.5,79,89.0
19759,Maldah,2023-10-27 02:15:00,22.1,23.1,58,79.0
19760,Maldah,2023-10-28 02:00:00,22.6,22.1,63,58.0
19761,Maldah,2023-10-29 02:45:00,21.4,22.6,58,63.0
19762,Maldah,2023-10-30 01:45:00,22.0,21.4,69,58.0
19808,Malkangiri,2023-10-15 02:30:00,22.1,21.7,84,78.0
19809,Malkangiri,2023-10-16 02:30:00,21.7,22.1,82,84.0
19810,Malkangiri,2023-10-17 02:30:00,22.0,21.7,82,82.0
19811,Malkangiri,2023-10-18 02:30:00,20.9,22.0,79,82.0
19812,Malkangiri,2023-10-19 02:30:00,21.3,20.9,83,79.0
19813,Malkangiri,2023-10-20 02:30:00,20.5,21.3,83,83.0
19814,Malkangiri,2023-10-21 02:15:00,20.5,20.5,84,83.0
19815,Malkangiri,2023-10-22 02:30:00,19.2,20.5,76,84.0
19816,Malkangiri,2023-10-23 02:15:00,18.0,19.2,83,76.0
19817,Malkangiri,2023-10-24 02:15:00,19.0,18.0,84,83.0
19818,Malkangiri,2023-10-25 02:15:00,19.4,19.0,79,84.0
19819,Malkangiri,2023-10-26 02:00:00,19.7,19.4,78,79.0
19820,Malkangiri,2023-10-27 02:15:00,19.0,19.7,68,78.0
19821,Malkangiri,2023-10-28 02:00:00,19.7,19.0,68,68.0
19822,Malkangiri,2023-10-29 02:45:00,21.9,19.7,80,68.0
19823,Malkangiri,2023-10-30 02:00:00,20.2,21.9,72,80.0
19869,Mamit,2023-10-15 02:30:00,17.3,21.4,98,91.0
19870,Mamit,2023-10-16 02:30:00,18.6,17.3,98,98.0
19871,Mamit,2023-10-17 02:15:00,19.0,18.6,94,98.0
19872,Mamit,2023-10-18 02:30:00,19.5,19.0,92,94.0
19873,Mamit,2023-10-19 02:15:00,19.1,19.5,96,92.0
19874,Mamit,2023-10-20 02:30:00,19.1,19.1,92,96.0
19875,Mamit,2023-10-21 02:15:00,19.1,19.1,89,92.0
19876,Mamit,2023-10-22 02:15:00,20.2,19.1,93,89.0
19877,Mamit,2023-10-23 02:15:00,21.6,20.2,100,93.0
19878,Mamit,2023-10-24 02:15:00,20.6,21.6,100,100.0
19879,Mamit,2023-10-25 02:15:00,21.9,20.6,82,100.0
19880,Mamit,2023-10-26 02:00:00,20.8,21.9,96,82.0
19881,Mamit,2023-10-27 02:15:00,19.8,20.8,99,96.0
19882,Mamit,2023-10-28 02:00:00,18.8,19.8,98,99.0
19883,Mamit,2023-10-29 02:30:00,18.5,18.8,97,98.0
19884,Mamit,2023-10-30 01:45:00,18.6,18.5,84,97.0
19930,Mancherial,2023-10-16 02:30:00,23.9,23.9,69,69.0
19931,Mancherial,2023-10-17 02:30:00,25.1,23.9,64,69.0
19932,Mancherial,2023-10-18 02:30:00,22.7,25.1,75,64.0
19933,Mancherial,2023-10-19 02:30:00,22.8,22.7,75,75.0
19934,Mancherial,2023-10-20 02:30:00,23.2,22.8,76,75.0
19935,Mancherial,2023-10-21 02:30:00,24.0,23.2,70,76.0
19936,Mancherial,2023-10-22 02:30:00,20.2,24.0,61,70.0
19937,Mancherial,2023-10-23 02:15:00,19.9,20.2,61,61.0
19938,Mancherial,2023-10-24 02:15:00,19.3,19.9,65,61.0
19939,Mancherial,2023-10-25 02:30:00,19.4,19.3,62,65.0
19940,Mancherial,2023-10-26 02:00:00,19.6,19.4,57,62.0
19941,Mancherial,2023-10-27 02:30:00,18.6,19.6,53,57.0
19942,Mancherial,2023-10-28 02:00:00,19.3,18.6,63,53.0
19943,Mancherial,2023-10-29 02:45:00,19.8,19.3,59,63.0
19944,Mancherial,2023-10-30 02:00:00,19.8,19.8,66,59.0
19990,Mandi,2023-10-15 02:30:00,13.0,14.0,57,56.0
19991,Mandi,2023-10-16 02:30:00,13.9,13.0,59,57.0
19992,Mandi,2023-10-17 02:15:00,13.3,13.9,61,59.0
19993,Mandi,2023-10-18 02:15:00,10.2,13.3,54,61.0
19994,Mandi,2023-10-19 02:15:00,12.0,10.2,54,54.0
19995,Mandi,2023-10-20 02:15:00,10.5,12.0,53,54.0
19996,Mandi,2023-10-21 02:15:00,10.7,10.5,54,53.0
19997,Mandi,2023-10-22 02:15:00,10.8,10.7,45,54.0
19998,Mandi,2023-10-23 02:00:00,10.7,10.8,44,45.0
19999,Mandi,2023-10-24 02:15:00,10.9,10.7,49,44.0
20000,Mandi,2023-10-25 02:15:00,10.9,10.9,45,49.0
20001,Mandi,2023-10-26 02:00:00,11.0,10.9,40,45.0
20002,Mandi,2023-10-27 02:15:00,11.3,11.0,42,40.0
20003,Mandi,2023-10-28 02:00:00,11.6,11.3,47,42.0
20004,Mandi,2023-10-29 02:30:00,12.6,11.6,46,47.0
20005,Mandi,2023-10-30 01:45:00,11.8,12.6,45,46.0
20051,Mandla,2023-10-15 02:30:00,20.0,19.9,71,65.0
20052,Mandla,2023-10-16 02:30:00,20.1,20.0,71,71.0
20053,Mandla,2023-10-17 02:15:00,19.2,20.1,81,71.0
20054,Mandla,2023-10-18 02:15:00,19.2,19.2,79,81.0
20055,Mandla,2023-10-19 02:15:00,19.3,19.2,79,79.0
20056,Mandla,2023-10-20 02:15:00,18.7,19.3,80,79.0
20057,Mandla,2023-10-21 02:00:00,17.3,18.7,62,80.0
20058,Mandla,2023-10-22 02:15:00,16.7,17.3,63,62.0
20059,Mandla,2023-10-23 02:00:00,15.9,16.7,62,63.0
20060,Mandla,2023-10-24 02:15:00,15.6,15.9,65,62.0
20061,Mandla,2023-10-25 02:15:00,15.8,15.6,69,65.0
20062,Mandla,2023-10-26 02:00:00,15.8,15.8,63,69.0
20063,Mandla,2023-10-27 02:15:00,15.3,15.8,56,63.0
20064,Mandla,2023-10-28 02:00:00,15.2,15.3,59,56.0
20065,Mandla,2023-10-29 02:30:00,15.4,15.2,63,59.0
20066,Mandla,2023-10-30 01:45:00,15.9,15.4,61,63.0
20112,Mandsaur,2023-10-15 02:30:00,22.7,23.8,50,48.0
20113,Mandsaur,2023-10-16 02:30:00,22.5,22.7,68,50.0
20114,Mandsaur,2023-10-17 02:15:00,22.8,22.5,61,68.0
20115,Mandsaur,2023-10-18 02:15:00,21.6,22.8,59,61.0
20116,Mandsaur,2023-10-19 02:15:00,22.5,21.6,58,59.0
20117,Mandsaur,2023-10-20 02:15:00,21.7,22.5,50,58.0
20118,Mandsaur,2023-10-21 02:00:00,22.5,21.7,49,50.0
20119,Mandsaur,2023-10-22 02:15:00,21.8,22.5,40,49.0
20120,Mandsaur,2023-10-23 02:00:00,21.9,21.8,42,40.0
20121,Mandsaur,2023-10-24 02:15:00,23.5,21.9,40,42.0
20122,Mandsaur,2023-10-25 02:15:00,21.2,23.5,37,40.0
20123,Mandsaur,2023-10-26 02:00:00,21.5,21.2,35,37.0
20124,Mandsaur,2023-10-27 02:15:00,20.6,21.5,31,35.0
20125,Mandsaur,2023-10-28 02:00:00,20.5,20.6,36,31.0
20126,Mandsaur,2023-10-29 02:30:00,21.2,20.5,40,36.0
20127,Mandsaur,2023-10-30 01:45:00,21.7,21.2,38,40.0
20173,Mandya,2023-10-15 02:30:00,20.7,19.7,62,68.0
20174,Mandya,2023-10-16 02:30:00,20.5,20.7,75,62.0
20175,Mandya,2023-10-17 02:30:00,20.6,20.5,93,75.0
20176,Mandya,2023-10-18 02:30:00,21.3,20.6,82,93.0
20177,Mandya,2023-10-19 02:15:00,22.6,21.3,71,82.0
20178,Mandya,2023-10-20 02:30:00,20.2,22.6,75,71.0
20179,Mandya,2023-10-21 02:15:00,21.9,20.2,73,75.0
20180,Mandya,2023-10-22 02:15:00,21.3,21.9,76,73.0
20181,Mandya,2023-10-23 02:15:00,22.0,21.3,65,76.0
20182,Mandya,2023-10-24 02:15:00,18.5,22.0,52,65.0
20183,Mandya,2023-10-25 02:15:00,18.4,18.5,53,52.0
20184,Mandya,2023-10-26 02:00:00,18.6,18.4,55,53.0
20185,Mandya,2023-10-27 02:15:00,19.0,18.6,61,55.0
20186,Mandya,2023-10-28 02:00:00,19.8,19.0,75,61.0
20187,Mandya,2023-10-29 02:45:00,20.1,19.8,81,75.0
20188,Mandya,2023-10-30 02:00:00,20.7,20.1,89,81.0
20234,Mansa,2023-10-15 02:30:00,24.0,23.4,38,34.0
20235,Mansa,2023-10-16 02:30:00,21.2,24.0,57,38.0
20236,Mansa,2023-10-17 02:30:00,18.4,21.2,86,57.0
20237,Mansa,2023-10-18 02:30:00,19.7,18.4,67,86.0
20238,Mansa,2023-10-19 02:15:00,19.4,19.7,47,67.0
20239,Mansa,2023-10-20 02:30:00,20.4,19.4,42,47.0
20240,Mansa,2023-10-21 02:15:00,20.8,20.4,35,42.0
20241,Mansa,2023-10-22 02:15:00,22.0,20.8,42,35.0
20242,Mansa,2023-10-23 02:15:00,21.3,22.0,41,42.0
20243,Mansa,2023-10-24 02:15:00,21.1,21.3,49,41.0
20244,Mansa,2023-10-25 02:15:00,21.3,21.1,40,49.0
20245,Mansa,2023-10-26 02:00:00,20.6,21.3,36,40.0
20246,Mansa,2023-10-27 02:15:00,20.6,20.6,32,36.0
20247,Mansa,2023-10-28 02:00:00,22.1,20.6,25,32.0
20248,Mansa,2023-10-29 02:45:00,22.6,22.1,30,25.0
20249,Mansa,2023-10-30 02:00:00,22.2,22.6,33,30.0
20295,Mathura,2023-10-15 02:30:00,28.0,26.2,33,33.0
20296,Mathura,2023-10-16 02:30:00,26.7,28.0,41,33.0
20297,Mathura,2023-10-17 02:30:00,21.3,26.7,77,41.0
20298,Mathura,2023-10-18 02:30:00,23.1,21.3,59,77.0
20299,Mathura,2023-10-19 02:30:00,22.8,23.1,43,59.0
20300,Mathura,2023-10-20 02:30:00,22.5,22.8,39,43.0
20301,Mathura,2023-10-21 02:15:00,22.8,22.5,47,39.0
20302,Mathura,2023-10-22 02:30:00,22.7,22.8,46,47.0
20303,Mathura,2023-10-23 02:15:00,23.2,22.7,36,46.0
20304,Mathura,2023-10-24 02:15:00,23.0,23.2,39,36.0
20305,Mathura,2023-10-25 02:30:00,22.3,23.0,44,39.0
20306,Mathura,2023-10-26 02:00:00,22.7,22.3,39,44.0
20307,Mathura,2023-10-27 02:30:00,22.4,22.7,28,39.0
20308,Mathura,2023-10-28 02:00:00,21.8,22.4,27,28.0
20309,Mathura,2023-10-29 02:45:00,23.1,21.8,38,27.0
20310,Mathura,2023-10-30 02:00:00,23.5,23.1,39,38.0
20356,Mau,2023-10-15 02:30:00,23.1,22.8,60,56.0
20357,Mau,2023-10-16 02:30:00,23.6,23.1,69,60.0
20358,Mau,2023-10-17 02:30:00,23.0,23.6,85,69.0
20359,Mau,2023-10-18 02:30:00,22.1,23.0,79,85.0
20360,Mau,2023-10-19 02:30:00,21.3,22.1,62,79.0
20361,Mau,2023-10-20 02:30:00,21.1,21.3,54,62.0
20362,Mau,2023-10-21 02:15:00,21.0,21.1,56,54.0
20363,Mau,2023-10-22 02:30:00,21.0,21.0,55,56.0
20364,Mau,2023-10-23 02:15:00,21.0,21.0,56,55.0
20365,Mau,2023-10-24 02:15:00,21.1,21.0,56,56.0
20366,Mau,2023-10-25 02:30:00,21.9,21.1,60,56.0
20367,Mau,2023-10-26 02:00:00,21.6,21.9,56,60.0
20368,Mau,2023-10-27 02:30:00,21.7,21.6,56,56.0
20369,Mau,2023-10-28 02:00:00,21.5,21.7,51,56.0
20370,Mau,2023-10-29 02:45:00,21.7,21.5,49,51.0
20371,Mau,2023-10-30 02:00:00,21.5,21.7,51,49.0
20417,Mayurbhanj,2023-10-15 02:30:00,22.0,23.6,60,66.0
20418,Mayurbhanj,2023-10-16 02:30:00,21.9,22.0,63,60.0
20419,Mayurbhanj,2023-10-17 02:30:00,23.5,21.9,72,63.0
20420,Mayurbhanj,2023-10-18 02:30:00,22.8,23.5,70,72.0
20421,Mayurbhanj,2023-10-19 02:30:00,22.6,22.8,74,70.0
20422,Mayurbhanj,2023-10-20 02:30:00,21.8,22.6,79,74.0
20423,Mayurbhanj,2023-10-21 02:15:00,20.7,21.8,73,79.0
20424,Mayurbhanj,2023-10-22 02:30:00,19.9,20.7,62,73.0
20425,Mayurbhanj,2023-10-23 02:15:00,20.8,19.9,66,62.0
20426,Mayurbhanj,2023-10-24 02:15:00,20.9,20.8,94,66.0
20427,Mayurbhanj,2023-10-25 02:15:00,22.1,20.9,79,94.0
20428,Mayurbhanj,2023-10-26 02:00:00,22.1,22.1,71,79.0
20429,Mayurbhanj,2023-10-27 02:15:00,21.6,22.1,68,71.0
20430,Mayurbhanj,2023-10-28 02:00:00,21.8,21.6,55,68.0
20431,Mayurbhanj,2023-10-29 02:45:00,20.1,21.8,59,55.0
20432,Mayurbhanj,2023-10-30 02:00:00,19.9,20.1,67,59.0
20478,Medak,2023-10-15 02:30:00,23.4,22.6,72,75.0
20479,Medak,2023-10-16 02:30:00,22.6,23.4,69,72.0
20480,Medak,2023-10-17 02:30:00,22.4,22.6,77,69.0
20481,Medak,2023-10-18 02:30:00,22.2,22.4,70,77.0
20482,Medak,2023-10-19 02:30:00,22.3,22.2,70,70.0
20483,Medak,2023-10-20 02:30:00,22.4,22.3,73,70.0
20484,Medak,2023-10-21 02:30:00,22.1,22.4,77,73.0
20485,Medak,2023-10-22 02:30:00,20.5,22.1,65,77.0
20486,Medak,2023-10-23 02:15:00,19.5,20.5,57,65.0
20487,Medak,2023-10-24 02:15:00,19.1,19.5,66,57.0
20488,Medak,2023-10-25 02:30:00,19.0,19.1,62,66.0
20489,Medak,2023-10-26 02:00:00,18.9,19.0,59,62.0
20490,Medak,2023-10-27 02:30:00,18.4,18.9,56,59.0
20491,Medak,2023-10-28 02:00:00,18.8,18.4,56,56.0
20492,Medak,2023-10-29 02:45:00,20.1,18.8,66,56.0
20493,Medak,2023-10-30 02:00:00,20.4,20.1,63,66.0
20539,Medchal,2023-10-15 02:30:00,25.0,23.0,79,83.0
20540,Medchal,2023-10-16 02:30:00,23.0,25.0,83,79.0
20541,Medchal,2023-10-17 02:30:00,23.0,23.0,78,83.0
20542,Medchal,2023-10-18 02:30:00,22.0,23.0,73,78.0
20543,Medchal,2023-10-19 02:30:00,22.6,22.0,67,73.0
20544,Medchal,2023-10-20 02:30:00,22.0,22.6,78,67.0
20545,Medchal,2023-10-21 02:30:00,22.0,22.0,78,78.0
20546,Medchal,2023-10-22 02:30:00,24.0,22.0,69,78.0
20547,Medchal,2023-10-23 02:15:00,21.0,24.0,73,69.0
20548,Medchal,2023-10-24 02:15:00,19.0,21.0,73,73.0
20549,Medchal,2023-10-25 02:30:00,21.0,19.0,64,73.0
20550,Medchal,2023-10-26 02:00:00,20.0,21.0,60,64.0
20551,Medchal,2023-10-27 02:30:00,19.0,20.0,64,60.0
20552,Medchal,2023-10-28 02:00:00,21.0,19.0,56,64.0
20553,Medchal,2023-10-29 02:45:00,22.0,21.0,73,56.0
20554,Medchal,2023-10-30 02:00:00,22.0,22.0,88,73.0
20601,Medinipur,2023-10-15 02:30:00,22.5,24.6,63,75.0
20602,Medinipur,2023-10-16 02:30:00,22.7,22.5,73,63.0
20603,Medinipur,2023-10-17 02:30:00,23.6,22.7,74,73.0
20604,Medinipur,2023-10-18 02:30:00,23.6,23.6,77,74.0
20605,Medinipur,2023-10-19 02:15:00,23.5,23.6,73,77.0
20606,Medinipur,2023-10-20 02:30:00,22.2,23.5,72,73.0
20607,Medinipur,2023-10-21 02:15:00,21.4,22.2,71,72.0
20608,Medinipur,2023-10-22 02:15:00,20.9,21.4,73,71.0
20609,Medinipur,2023-10-23 02:15:00,22.1,20.9,74,73.0
20610,Medinipur,2023-10-24 02:15:00,21.8,22.1,93,74.0
20611,Medinipur,2023-10-25 02:15:00,22.7,21.8,88,93.0
20612,Medinipur,2023-10-26 02:00:00,23.6,22.7,76,88.0
20613,Medinipur,2023-10-27 02:15:00,24.1,23.6,70,76.0
20614,Medinipur,2023-10-28 02:00:00,22.7,24.1,61,70.0
20615,Medinipur,2023-10-29 02:45:00,21.3,22.7,63,61.0
20616,Medinipur,2023-10-30 02:00:00,20.8,21.3,69,63.0
20662,Meerut,2023-10-15 02:30:00,25.0,23.7,47,45.0
20663,Meerut,2023-10-16 02:30:00,24.7,25.0,48,47.0
20664,Meerut,2023-10-17 02:30:00,19.5,24.7,81,48.0
20665,Meerut,2023-10-18 02:30:00,21.5,19.5,56,81.0
20666,Meerut,2023-10-19 02:30:00,20.6,21.5,45,56.0
20667,Meerut,2023-10-20 02:30:00,21.0,20.6,41,45.0
20668,Meerut,2023-10-21 02:15:00,21.4,21.0,44,41.0
20669,Meerut,2023-10-22 02:30:00,21.0,21.4,43,44.0
20670,Meerut,2023-10-23 02:15:00,22.0,21.0,47,43.0
20671,Meerut,2023-10-24 02:15:00,21.2,22.0,49,47.0
20672,Meerut,2023-10-25 02:30:00,21.7,21.2,37,49.0
20673,Meerut,2023-10-26 02:00:00,21.5,21.7,31,37.0
20674,Meerut,2023-10-27 02:30:00,21.5,21.5,36,31.0
20675,Meerut,2023-10-28 02:00:00,21.5,21.5,30,36.0
20676,Meerut,2023-10-29 02:45:00,21.5,21.5,37,30.0
20677,Meerut,2023-10-30 02:00:00,21.6,21.5,43,37.0
20723,Mirzapur,2023-10-15 02:30:00,23.5,22.6,51,50.0
20724,Mirzapur,2023-10-16 02:30:00,23.8,23.5,55,51.0
20725,Mirzapur,2023-10-17 02:30:00,23.2,23.8,68,55.0
20726,Mirzapur,2023-10-18 02:30:00,21.7,23.2,83,68.0
20727,Mirzapur,2023-10-19 02:30:00,21.5,21.7,59,83.0
20728,Mirzapur,2023-10-20 02:30:00,20.9,21.5,57,59.0
20729,Mirzapur,2023-10-21 02:15:00,20.9,20.9,58,57.0
20730,Mirzapur,2023-10-22 02:30:00,19.9,20.9,53,58.0
20731,Mirzapur,2023-10-23 02:15:00,19.6,19.9,53,53.0
20732,Mirzapur,2023-10-24 02:15:00,19.9,19.6,56,53.0
20733,Mirzapur,2023-10-25 02:30:00,20.3,19.9,52,56.0
20734,Mirzapur,2023-10-26 02:00:00,20.4,20.3,55,52.0
20735,Mirzapur,2023-10-27 02:30:00,20.5,20.4,53,55.0
20736,Mirzapur,2023-10-28 02:00:00,19.8,20.5,47,53.0
20737,Mirzapur,2023-10-29 02:45:00,20.2,19.8,49,47.0
20738,Mirzapur,2023-10-30 02:00:00,20.3,20.2,51,49.0
20784,Moga,2023-10-15 02:30:00,24.1,23.4,43,36.0
20785,Moga,2023-10-16 02:30:00,21.9,24.1,51,43.0
20786,Moga,2023-10-17 02:30:00,18.4,21.9,83,51.0
20787,Moga,2023-10-18 02:30:00,19.6,18.4,52,83.0
20788,Moga,2023-10-19 02:15:00,19.7,19.6,52,52.0
20789,Moga,2023-10-20 02:30:00,20.7,19.7,45,52.0
20790,Moga,2023-10-21 02:15:00,20.2,20.7,37,45.0
20791,Moga,2023-10-22 02:15:00,22.5,20.2,40,37.0
20792,Moga,2023-10-23 02:15:00,21.8,22.5,46,40.0
20793,Moga,2023-10-24 02:15:00,21.7,21.8,48,46.0
20794,Moga,2023-10-25 02:15:00,21.2,21.7,45,48.0
20795,Moga,2023-10-26 02:00:00,21.2,21.2,35,45.0
20796,Moga,2023-10-27 02:15:00,20.6,21.2,37,35.0
20797,Moga,2023-10-28 02:00:00,21.9,20.6,34,37.0
20798,Moga,2023-10-29 02:45:00,22.0,21.9,37,34.0
20799,Moga,2023-10-30 02:00:00,22.0,22.0,36,37.0
20845,Mokokchung,2023-10-15 02:30:00,16.5,17.4,96,98.0
20846,Mokokchung,2023-10-16 02:30:00,16.4,16.5,95,96.0
20847,Mokokchung,2023-10-17 02:15:00,16.2,16.4,88,95.0
20848,Mokokchung,2023-10-18 02:30:00,16.8,16.2,93,88.0
20849,Mokokchung,2023-10-19 02:15:00,16.5,16.8,95,93.0
20850,Mokokchung,2023-10-20 02:30:00,16.2,16.5,95,95.0
20851,Mokokchung,2023-10-21 02:15:00,16.0,16.2,93,95.0
20852,Mokokchung,2023-10-22 02:15:00,15.3,16.0,85,93.0
20853,Mokokchung,2023-10-23 02:15:00,16.2,15.3,89,85.0
20854,Mokokchung,2023-10-24 02:15:00,17.6,16.2,91,89.0
20855,Mokokchung,2023-10-25 02:15:00,17.3,17.6,85,91.0
20856,Mokokchung,2023-10-26 02:00:00,16.7,17.3,98,85.0
20857,Mokokchung,2023-10-27 02:15:00,16.1,16.7,98,98.0
20858,Mokokchung,2023-10-28 02:00:00,14.0,16.1,97,98.0
20859,Mokokchung,2023-10-29 02:30:00,14.4,14.0,89,97.0
20860,Mokokchung,2023-10-30 01:45:00,15.3,14.4,96,89.0
20906,Mon,2023-10-15 02:30:00,17.5,20.0,93,96.0
20907,Mon,2023-10-16 02:30:00,19.4,17.5,97,93.0
20908,Mon,2023-10-17 02:15:00,19.8,19.4,86,97.0
20909,Mon,2023-10-18 02:30:00,19.8,19.8,94,86.0
20910,Mon,2023-10-19 02:15:00,18.8,19.8,94,94.0
20911,Mon,2023-10-20 02:30:00,18.5,18.8,95,94.0
20912,Mon,2023-10-21 02:15:00,18.6,18.5,81,95.0
20913,Mon,2023-10-22 02:15:00,19.0,18.6,81,81.0
20914,Mon,2023-10-23 02:15:00,19.1,19.0,81,81.0
20915,Mon,2023-10-24 02:15:00,18.7,19.1,83,81.0
20916,Mon,2023-10-25 02:15:00,19.9,18.7,85,83.0
20917,Mon,2023-10-26 02:00:00,19.8,19.9,97,85.0
20918,Mon,2023-10-27 02:15:00,18.8,19.8,98,97.0
20919,Mon,2023-10-28 02:00:00,17.5,18.8,94,98.0
20920,Mon,2023-10-29 02:30:00,18.2,17.5,90,94.0
20921,Mon,2023-10-30 01:45:00,18.7,18.2,93,90.0
20967,Moradabad,2023-10-15 02:30:00,22.5,21.5,55,57.0
20968,Moradabad,2023-10-16 02:30:00,22.5,22.5,57,55.0
20969,Moradabad,2023-10-17 02:30:00,19.2,22.5,86,57.0
20970,Moradabad,2023-10-18 02:30:00,19.4,19.2,62,86.0
20971,Moradabad,2023-10-19 02:30:00,18.6,19.4,57,62.0
20972,Moradabad,2023-10-20 02:30:00,18.5,18.6,63,57.0
20973,Moradabad,2023-10-21 02:15:00,19.3,18.5,53,63.0
20974,Moradabad,2023-10-22 02:30:00,18.6,19.3,61,53.0
20975,Moradabad,2023-10-23 02:15:00,19.6,18.6,57,61.0
20976,Moradabad,2023-10-24 02:15:00,19.1,19.6,49,57.0
20977,Moradabad,2023-10-25 02:30:00,19.7,19.1,51,49.0
20978,Moradabad,2023-10-26 02:00:00,20.1,19.7,48,51.0
20979,Moradabad,2023-10-27 02:30:00,19.6,20.1,55,48.0
20980,Moradabad,2023-10-28 02:00:00,19.4,19.6,48,55.0
20981,Moradabad,2023-10-29 02:45:00,19.3,19.4,49,48.0
20982,Moradabad,2023-10-30 02:00:00,19.3,19.3,56,49.0
21028,Morbi,2023-10-15 02:30:00,27.1,29.0,60,62.0
21029,Morbi,2023-10-16 02:30:00,26.5,27.1,72,60.0
21030,Morbi,2023-10-17 02:15:00,26.0,26.5,71,72.0
21031,Morbi,2023-10-18 02:15:00,26.6,26.0,70,71.0
21032,Morbi,2023-10-19 02:15:00,27.5,26.6,41,70.0
21033,Morbi,2023-10-20 02:15:00,27.0,27.5,38,41.0
21034,Morbi,2023-10-21 02:15:00,27.6,27.0,39,38.0
21035,Morbi,2023-10-22 02:15:00,28.2,27.6,39,39.0
21036,Morbi,2023-10-23 02:00:00,28.2,28.2,34,39.0
21037,Morbi,2023-10-24 02:15:00,28.1,28.2,40,34.0
21038,Morbi,2023-10-25 02:15:00,28.6,28.1,31,40.0
21039,Morbi,2023-10-26 02:00:00,27.3,28.6,40,31.0
21040,Morbi,2023-10-27 02:15:00,26.6,27.3,52,40.0
21041,Morbi,2023-10-28 02:00:00,27.3,26.6,38,52.0
21042,Morbi,2023-10-29 02:30:00,26.4,27.3,33,38.0
21043,Morbi,2023-10-30 01:45:00,27.4,26.4,33,33.0
21089,Morena,2023-10-15 02:30:00,27.4,26.1,40,44.0
21090,Morena,2023-10-16 02:30:00,27.4,27.4,41,40.0
21091,Morena,2023-10-17 02:15:00,21.1,27.4,80,41.0
21092,Morena,2023-10-18 02:15:00,23.3,21.1,64,80.0
21093,Morena,2023-10-19 02:15:00,23.6,23.3,46,64.0
21094,Morena,2023-10-20 02:15:00,22.8,23.6,46,46.0
21095,Morena,2023-10-21 02:00:00,22.7,22.8,45,46.0
21096,Morena,2023-10-22 02:15:00,22.6,22.7,47,45.0
21097,Morena,2023-10-23 02:00:00,23.0,22.6,40,47.0
21098,Morena,2023-10-24 02:15:00,22.3,23.0,42,40.0
21099,Morena,2023-10-25 02:15:00,21.9,22.3,45,42.0
21100,Morena,2023-10-26 02:00:00,22.3,21.9,39,45.0
21101,Morena,2023-10-27 02:15:00,21.3,22.3,32,39.0
21102,Morena,2023-10-28 02:00:00,21.7,21.3,31,32.0
21103,Morena,2023-10-29 02:30:00,22.9,21.7,36,31.0
21104,Morena,2023-10-30 01:45:00,23.8,22.9,37,36.0
21150,Muktsar,2023-10-15 02:30:00,23.2,23.9,44,28.0
21151,Muktsar,2023-10-16 02:30:00,20.1,23.2,61,44.0
21152,Muktsar,2023-10-17 02:30:00,18.0,20.1,88,61.0
21153,Muktsar,2023-10-18 02:30:00,18.7,18.0,68,88.0
21154,Muktsar,2023-10-19 02:15:00,19.6,18.7,48,68.0
21155,Muktsar,2023-10-20 02:30:00,21.1,19.6,47,48.0
21156,Muktsar,2023-10-21 02:15:00,20.5,21.1,37,47.0
21157,Muktsar,2023-10-22 02:15:00,21.9,20.5,53,37.0
21158,Muktsar,2023-10-23 02:15:00,21.5,21.9,48,53.0
21159,Muktsar,2023-10-24 02:15:00,21.3,21.5,54,48.0
21160,Muktsar,2023-10-25 02:15:00,20.7,21.3,47,54.0
21161,Muktsar,2023-10-26 02:00:00,21.1,20.7,34,47.0
21162,Muktsar,2023-10-27 02:15:00,21.0,21.1,30,34.0
21163,Muktsar,2023-10-28 02:00:00,22.5,21.0,28,30.0
21164,Muktsar,2023-10-29 02:45:00,22.2,22.5,34,28.0
21165,Muktsar,2023-10-30 02:00:00,21.8,22.2,34,34.0
21220,Mumbai,2023-10-17 02:15:00,31.0,29.0,66,89.0
21221,Mumbai,2023-10-17 02:30:00,31.0,31.0,66,66.0
21222,Mumbai,2023-10-18 02:30:00,29.0,31.0,94,66.0
21223,Mumbai,2023-10-19 02:15:00,30.0,29.0,70,94.0
21224,Mumbai,2023-10-19 02:30:00,30.0,30.0,70,70.0
21225,Mumbai,2023-10-20 02:30:00,30.0,30.0,59,70.0
21226,Mumbai,2023-10-21 02:15:00,31.0,30.0,59,59.0
21227,Mumbai,2023-10-22 02:15:00,30.0,31.0,66,59.0
21228,Mumbai,2023-10-22 02:30:00,30.0,30.0,66,66.0
21230,Mumbai,2023-10-23 02:15:00,29.0,30.0,89,66.0
21229,Mumbai,2023-10-23 02:15:00,29.0,29.0,89,89.0
21231,Mumbai,2023-10-24 02:15:00,30.0,29.0,55,89.0
21232,Mumbai,2023-10-25 02:15:00,29.0,30.0,62,55.0
21233,Mumbai,2023-10-26 02:00:00,29.0,29.0,52,62.0
21234,Mumbai,2023-10-27 02:15:00,28.0,29.0,55,52.0
21235,Mumbai,2023-10-28 02:00:00,29.0,28.0,48,55.0
21236,Mumbai,2023-10-29 02:45:00,28.0,29.0,51,48.0
21237,Mumbai,2023-10-30 01:45:00,28.0,28.0,58,51.0
21238,Mumbai,2023-10-30 02:00:00,28.0,28.0,58,58.0
21284,Mungeli,2023-10-15 02:30:00,24.1,24.5,64,60.0
21285,Mungeli,2023-10-16 02:30:00,24.8,24.1,64,64.0
21286,Mungeli,2023-10-17 02:30:00,22.2,24.8,70,64.0
21287,Mungeli,2023-10-18 02:30:00,21.9,22.2,76,70.0
21288,Mungeli,2023-10-19 02:15:00,21.5,21.9,75,76.0
21289,Mungeli,2023-10-20 02:30:00,21.9,21.5,72,75.0
21290,Mungeli,2023-10-21 02:15:00,19.9,21.9,58,72.0
21291,Mungeli,2023-10-22 02:15:00,19.7,19.9,67,58.0
21292,Mungeli,2023-10-23 02:15:00,18.2,19.7,57,67.0
21293,Mungeli,2023-10-24 02:15:00,17.9,18.2,63,57.0
21294,Mungeli,2023-10-25 02:15:00,18.7,17.9,58,63.0
21295,Mungeli,2023-10-26 02:00:00,19.3,18.7,59,58.0
21296,Mungeli,2023-10-27 02:15:00,19.1,19.3,54,59.0
21297,Mungeli,2023-10-28 02:00:00,18.8,19.1,63,54.0
21298,Mungeli,2023-10-29 02:30:00,19.0,18.8,61,63.0
21299,Mungeli,2023-10-30 01:45:00,19.5,19.0,63,61.0
21345,Munger,2023-10-15 02:30:00,22.7,23.7,72,71.0
21346,Munger,2023-10-16 02:30:00,24.2,22.7,71,72.0
21347,Munger,2023-10-17 02:15:00,23.8,24.2,75,71.0
21348,Munger,2023-10-18 02:30:00,24.0,23.8,72,75.0
21349,Munger,2023-10-19 02:15:00,21.8,24.0,75,72.0
21350,Munger,2023-10-20 02:30:00,22.1,21.8,68,75.0
21351,Munger,2023-10-21 02:15:00,21.1,22.1,64,68.0
21352,Munger,2023-10-22 02:15:00,21.0,21.1,61,64.0
21353,Munger,2023-10-23 02:15:00,20.9,21.0,62,61.0
21354,Munger,2023-10-24 02:15:00,22.1,20.9,74,62.0
21355,Munger,2023-10-25 02:15:00,22.7,22.1,73,74.0
21356,Munger,2023-10-26 02:00:00,21.8,22.7,69,73.0
21357,Munger,2023-10-27 02:15:00,20.4,21.8,59,69.0
21358,Munger,2023-10-28 02:00:00,21.1,20.4,62,59.0
21359,Munger,2023-10-29 02:30:00,21.9,21.1,60,62.0
21360,Munger,2023-10-30 01:45:00,21.8,21.9,62,60.0
21406,Murshidabad,2023-10-15 02:30:00,23.7,24.1,68,63.0
21407,Murshidabad,2023-10-16 02:30:00,24.4,23.7,67,68.0
21408,Murshidabad,2023-10-17 02:30:00,23.7,24.4,77,67.0
21409,Murshidabad,2023-10-18 02:30:00,24.4,23.7,69,77.0
21410,Murshidabad,2023-10-19 02:15:00,23.7,24.4,75,69.0
21411,Murshidabad,2023-10-20 02:30:00,22.6,23.7,69,75.0
21412,Murshidabad,2023-10-21 02:15:00,22.3,22.6,73,69.0
21413,Murshidabad,2023-10-22 02:15:00,22.4,22.3,79,73.0
21414,Murshidabad,2023-10-23 02:15:00,23.0,22.4,76,79.0
21415,Murshidabad,2023-10-24 02:15:00,22.6,23.0,90,76.0
21416,Murshidabad,2023-10-25 02:15:00,23.3,22.6,86,90.0
21417,Murshidabad,2023-10-26 02:00:00,25.5,23.3,70,86.0
21418,Murshidabad,2023-10-27 02:15:00,22.9,25.5,65,70.0
21419,Murshidabad,2023-10-28 02:00:00,23.2,22.9,58,65.0
21420,Murshidabad,2023-10-29 02:45:00,21.9,23.2,60,58.0
21421,Murshidabad,2023-10-30 02:00:00,22.3,21.9,67,60.0
21467,Muzaffarnagar,2023-10-15 02:30:00,22.3,21.6,53,51.0
21468,Muzaffarnagar,2023-10-16 02:30:00,22.0,22.3,53,53.0
21469,Muzaffarnagar,2023-10-17 02:30:00,17.6,22.0,87,53.0
21470,Muzaffarnagar,2023-10-18 02:30:00,19.5,17.6,61,87.0
21471,Muzaffarnagar,2023-10-19 02:30:00,18.2,19.5,52,61.0
21472,Muzaffarnagar,2023-10-20 02:30:00,18.8,18.2,51,52.0
21473,Muzaffarnagar,2023-10-21 02:15:00,19.1,18.8,53,51.0
21474,Muzaffarnagar,2023-10-22 02:30:00,18.9,19.1,53,53.0
21475,Muzaffarnagar,2023-10-23 02:15:00,19.9,18.9,52,53.0
21476,Muzaffarnagar,2023-10-24 02:15:00,18.8,19.9,48,52.0
21477,Muzaffarnagar,2023-10-25 02:30:00,20.0,18.8,50,48.0
21478,Muzaffarnagar,2023-10-26 02:00:00,19.5,20.0,40,50.0
21479,Muzaffarnagar,2023-10-27 02:30:00,19.5,19.5,43,40.0
21480,Muzaffarnagar,2023-10-28 02:00:00,19.3,19.5,47,43.0
21481,Muzaffarnagar,2023-10-29 02:45:00,19.4,19.3,43,47.0
21482,Muzaffarnagar,2023-10-30 02:00:00,19.4,19.4,51,43.0
21528,Muzaffarpur,2023-10-15 02:30:00,22.7,22.7,66,58.0
21529,Muzaffarpur,2023-10-16 02:30:00,23.7,22.7,74,66.0
21530,Muzaffarpur,2023-10-17 02:15:00,23.5,23.7,81,74.0
21531,Muzaffarpur,2023-10-18 02:30:00,22.8,23.5,77,81.0
21532,Muzaffarpur,2023-10-19 02:15:00,21.3,22.8,67,77.0
21533,Muzaffarpur,2023-10-20 02:30:00,21.1,21.3,60,67.0
21534,Muzaffarpur,2023-10-21 02:15:00,20.9,21.1,62,60.0
21535,Muzaffarpur,2023-10-22 02:15:00,20.9,20.9,58,62.0
21536,Muzaffarpur,2023-10-23 02:15:00,20.6,20.9,60,58.0
21537,Muzaffarpur,2023-10-24 02:15:00,21.9,20.6,68,60.0
21538,Muzaffarpur,2023-10-25 02:15:00,22.6,21.9,65,68.0
21539,Muzaffarpur,2023-10-26 02:00:00,22.0,22.6,65,65.0
21540,Muzaffarpur,2023-10-27 02:15:00,21.5,22.0,65,65.0
21541,Muzaffarpur,2023-10-28 02:00:00,22.2,21.5,54,65.0
21542,Muzaffarpur,2023-10-29 02:30:00,21.9,22.2,61,54.0
21543,Muzaffarpur,2023-10-30 01:45:00,21.5,21.9,59,61.0
21589,Mysore,2023-10-15 02:30:00,20.3,19.9,83,74.0
21590,Mysore,2023-10-16 02:30:00,21.1,20.3,78,83.0
21591,Mysore,2023-10-17 02:30:00,20.9,21.1,93,78.0
21592,Mysore,2023-10-18 02:30:00,21.4,20.9,87,93.0
21593,Mysore,2023-10-19 02:15:00,23.3,21.4,72,87.0
21594,Mysore,2023-10-20 02:30:00,20.9,23.3,72,72.0
21595,Mysore,2023-10-21 02:15:00,22.6,20.9,69,72.0
21596,Mysore,2023-10-22 02:15:00,22.4,22.6,70,69.0
21597,Mysore,2023-10-23 02:15:00,22.6,22.4,71,70.0
21598,Mysore,2023-10-24 02:15:00,19.3,22.6,60,71.0
21599,Mysore,2023-10-25 02:15:00,19.1,19.3,55,60.0
21600,Mysore,2023-10-26 02:00:00,19.0,19.1,54,55.0
21601,Mysore,2023-10-27 02:15:00,19.4,19.0,59,54.0
21602,Mysore,2023-10-28 02:00:00,20.8,19.4,75,59.0
21603,Mysore,2023-10-29 02:45:00,20.5,20.8,83,75.0
21604,Mysore,2023-10-30 02:00:00,20.9,20.5,89,83.0
21650,Nadia,2023-10-15 02:30:00,23.3,24.2,69,59.0
21651,Nadia,2023-10-16 02:30:00,23.9,23.3,66,69.0
21652,Nadia,2023-10-17 02:30:00,23.7,23.9,70,66.0
21653,Nadia,2023-10-18 02:30:00,24.0,23.7,69,70.0
21654,Nadia,2023-10-19 02:15:00,23.7,24.0,76,69.0
21655,Nadia,2023-10-20 02:30:00,22.7,23.7,71,76.0
21656,Nadia,2023-10-21 02:15:00,22.1,22.7,74,71.0
21657,Nadia,2023-10-22 02:15:00,21.8,22.1,71,74.0
21658,Nadia,2023-10-23 02:15:00,23.0,21.8,72,71.0
21659,Nadia,2023-10-24 02:15:00,22.8,23.0,89,72.0
21660,Nadia,2023-10-25 02:15:00,23.2,22.8,86,89.0
21661,Nadia,2023-10-26 02:00:00,26.2,23.2,70,86.0
21662,Nadia,2023-10-27 02:15:00,23.3,26.2,69,70.0
21663,Nadia,2023-10-28 02:00:00,24.4,23.3,58,69.0
21664,Nadia,2023-10-29 02:45:00,21.9,24.4,61,58.0
21665,Nadia,2023-10-30 02:00:00,22.0,21.9,68,61.0
21711,Nagaon,2023-10-15 02:30:00,20.2,22.6,83,79.0
21712,Nagaon,2023-10-16 02:30:00,21.3,20.2,91,83.0
21713,Nagaon,2023-10-17 02:15:00,23.9,21.3,87,91.0
21714,Nagaon,2023-10-18 02:30:00,21.8,23.9,94,87.0
21715,Nagaon,2023-10-19 02:15:00,21.4,21.8,73,94.0
21716,Nagaon,2023-10-20 02:30:00,24.5,21.4,69,73.0
21717,Nagaon,2023-10-21 02:15:00,24.3,24.5,72,69.0
21718,Nagaon,2023-10-22 02:15:00,24.8,24.3,72,72.0
21719,Nagaon,2023-10-23 02:15:00,20.5,24.8,85,72.0
21720,Nagaon,2023-10-24 02:15:00,20.8,20.5,74,85.0
21721,Nagaon,2023-10-25 02:15:00,22.6,20.8,78,74.0
21722,Nagaon,2023-10-26 02:00:00,22.6,22.6,74,78.0
21723,Nagaon,2023-10-27 02:15:00,20.7,22.6,48,74.0
21724,Nagaon,2023-10-28 02:00:00,19.7,20.7,50,48.0
21725,Nagaon,2023-10-29 02:30:00,20.4,19.7,56,50.0
21726,Nagaon,2023-10-30 01:45:00,22.2,20.4,61,56.0
21772,Nagapattinam,2023-10-15 02:30:00,26.1,26.3,82,79.0
21773,Nagapattinam,2023-10-16 02:30:00,26.7,26.1,81,82.0
21774,Nagapattinam,2023-10-17 02:30:00,26.2,26.7,81,81.0
21775,Nagapattinam,2023-10-18 02:30:00,26.5,26.2,79,81.0
21776,Nagapattinam,2023-10-19 02:30:00,26.4,26.5,79,79.0
21777,Nagapattinam,2023-10-20 02:30:00,26.1,26.4,81,79.0
21778,Nagapattinam,2023-10-21 02:15:00,26.2,26.1,78,81.0
21779,Nagapattinam,2023-10-22 02:30:00,26.1,26.2,89,78.0
21780,Nagapattinam,2023-10-23 02:15:00,26.3,26.1,83,89.0
21781,Nagapattinam,2023-10-24 02:15:00,25.7,26.3,84,83.0
21782,Nagapattinam,2023-10-25 02:30:00,26.6,25.7,80,84.0
21783,Nagapattinam,2023-10-26 02:00:00,26.5,26.6,77,80.0
21784,Nagapattinam,2023-10-27 02:30:00,26.4,26.5,78,77.0
21785,Nagapattinam,2023-10-28 02:00:00,25.8,26.4,85,78.0
21786,Nagapattinam,2023-10-29 02:45:00,26.6,25.8,76,85.0
21787,Nagapattinam,2023-10-30 02:00:00,26.2,26.6,84,76.0
21852,Nagar,2023-10-15 02:30:00,19.7,20.0,62,59.0
21853,Nagar,2023-10-16 02:30:00,20.9,19.7,64,62.0
21854,Nagar,2023-10-17 02:30:00,19.7,20.9,74,64.0
21855,Nagar,2023-10-18 02:30:00,18.6,19.7,85,74.0
21856,Nagar,2023-10-19 02:15:00,18.7,18.6,82,85.0
21857,Nagar,2023-10-19 02:30:00,18.7,18.7,82,82.0
21858,Nagar,2023-10-20 02:30:00,18.4,18.7,73,82.0
21859,Nagar,2023-10-21 02:15:00,17.3,18.4,61,73.0
21860,Nagar,2023-10-22 02:15:00,16.7,17.3,65,61.0
21861,Nagar,2023-10-22 02:30:00,16.7,16.7,65,65.0
21862,Nagar,2023-10-23 02:15:00,15.7,16.7,60,65.0
21863,Nagar,2023-10-24 02:15:00,16.1,15.7,67,60.0
21864,Nagar,2023-10-25 02:15:00,16.6,16.1,60,67.0
21865,Nagar,2023-10-25 02:30:00,16.6,16.6,60,60.0
21866,Nagar,2023-10-26 02:00:00,16.3,16.6,63,60.0
21867,Nagar,2023-10-27 02:15:00,15.9,16.3,65,63.0
21868,Nagar,2023-10-27 02:30:00,15.9,15.9,65,65.0
21869,Nagar,2023-10-28 02:00:00,15.8,15.9,52,65.0
21870,Nagar,2023-10-29 02:30:00,16.4,15.8,64,52.0
21871,Nagar,2023-10-29 02:45:00,16.4,16.4,64,64.0
21872,Nagar,2023-10-30 01:45:00,16.7,16.4,61,64.0
21873,Nagar,2023-10-30 02:00:00,16.4,16.7,62,61.0
21919,Nagaur,2023-10-15 02:30:00,27.7,27.7,49,36.0
21920,Nagaur,2023-10-16 02:30:00,27.2,27.7,46,49.0
21921,Nagaur,2023-10-17 02:30:00,23.3,27.2,58,46.0
21922,Nagaur,2023-10-18 02:30:00,22.0,23.3,60,58.0
21923,Nagaur,2023-10-19 02:30:00,23.7,22.0,52,60.0
21924,Nagaur,2023-10-20 02:30:00,25.0,23.7,41,52.0
21925,Nagaur,2023-10-21 02:15:00,25.4,25.0,37,41.0
21926,Nagaur,2023-10-22 02:30:00,25.7,25.4,36,37.0
21927,Nagaur,2023-10-23 02:15:00,25.3,25.7,39,36.0
21928,Nagaur,2023-10-24 02:15:00,24.3,25.3,33,39.0
21929,Nagaur,2023-10-25 02:30:00,24.8,24.3,36,33.0
21930,Nagaur,2023-10-26 02:00:00,24.5,24.8,34,36.0
21931,Nagaur,2023-10-27 02:15:00,24.6,24.5,29,34.0
21932,Nagaur,2023-10-28 02:00:00,26.1,24.6,24,29.0
21933,Nagaur,2023-10-29 02:45:00,25.9,26.1,30,24.0
21934,Nagaur,2023-10-30 02:00:00,25.6,25.9,30,30.0
21980,Nagpur,2023-10-15 02:30:00,23.0,24.0,89,78.0
21981,Nagpur,2023-10-16 02:30:00,24.0,23.0,83,89.0
21982,Nagpur,2023-10-17 02:30:00,24.0,24.0,89,83.0
21983,Nagpur,2023-10-18 02:30:00,25.0,24.0,79,89.0
21984,Nagpur,2023-10-19 02:30:00,26.0,25.0,84,79.0
21985,Nagpur,2023-10-20 02:30:00,25.0,26.0,79,84.0
21986,Nagpur,2023-10-21 02:15:00,23.0,25.0,83,79.0
21987,Nagpur,2023-10-22 02:30:00,22.0,23.0,83,83.0
21988,Nagpur,2023-10-23 02:15:00,22.0,22.0,78,83.0
21989,Nagpur,2023-10-24 02:15:00,21.0,22.0,78,78.0
21990,Nagpur,2023-10-25 02:15:00,21.0,21.0,78,78.0
21991,Nagpur,2023-10-26 02:00:00,20.0,21.0,83,78.0
21992,Nagpur,2023-10-27 02:15:00,20.0,20.0,83,83.0
21993,Nagpur,2023-10-28 02:00:00,20.0,20.0,78,83.0
21994,Nagpur,2023-10-29 02:45:00,19.0,20.0,83,78.0
21995,Nagpur,2023-10-30 02:00:00,20.0,19.0,78,83.0
22041,Nalbari,2023-10-15 02:30:00,20.8,21.0,90,92.0
22042,Nalbari,2023-10-16 02:30:00,20.6,20.8,93,90.0
22043,Nalbari,2023-10-17 02:15:00,21.6,20.6,91,93.0
22044,Nalbari,2023-10-18 02:30:00,20.3,21.6,93,91.0
22045,Nalbari,2023-10-19 02:15:00,20.1,20.3,95,93.0
22046,Nalbari,2023-10-20 02:30:00,20.0,20.1,91,95.0
22047,Nalbari,2023-10-21 02:15:00,19.8,20.0,93,91.0
22048,Nalbari,2023-10-22 02:15:00,19.9,19.8,91,93.0
22049,Nalbari,2023-10-23 02:15:00,19.9,19.9,91,91.0
22050,Nalbari,2023-10-24 02:15:00,20.7,19.9,90,91.0
22051,Nalbari,2023-10-25 02:15:00,19.8,20.7,93,90.0
22052,Nalbari,2023-10-26 02:00:00,24.0,19.8,94,93.0
22053,Nalbari,2023-10-27 02:15:00,19.5,24.0,94,94.0
22054,Nalbari,2023-10-28 02:00:00,23.0,19.5,94,94.0
22055,Nalbari,2023-10-29 02:30:00,22.0,23.0,94,94.0
22056,Nalbari,2023-10-30 01:45:00,22.0,22.0,94,94.0
22102,Nalgonda,2023-10-15 02:30:00,25.5,25.1,74,76.0
22103,Nalgonda,2023-10-16 02:30:00,26.5,25.5,73,74.0
22104,Nalgonda,2023-10-17 02:30:00,24.8,26.5,84,73.0
22105,Nalgonda,2023-10-18 02:30:00,24.7,24.8,80,84.0
22106,Nalgonda,2023-10-19 02:30:00,24.5,24.7,74,80.0
22107,Nalgonda,2023-10-20 02:30:00,24.0,24.5,87,74.0
22108,Nalgonda,2023-10-21 02:30:00,24.8,24.0,75,87.0
22109,Nalgonda,2023-10-22 02:30:00,23.7,24.8,73,75.0
22110,Nalgonda,2023-10-23 02:15:00,21.9,23.7,58,73.0
22111,Nalgonda,2023-10-24 02:15:00,20.1,21.9,68,58.0
22112,Nalgonda,2023-10-25 02:30:00,21.4,20.1,63,68.0
22113,Nalgonda,2023-10-26 02:00:00,21.5,21.4,64,63.0
22114,Nalgonda,2023-10-27 02:30:00,20.6,21.5,53,64.0
22115,Nalgonda,2023-10-28 02:00:00,23.9,20.6,51,53.0
22116,Nalgonda,2023-10-29 02:45:00,24.9,23.9,84,51.0
22117,Nalgonda,2023-10-30 02:00:00,24.1,24.9,89,84.0
22163,Namakkal,2023-10-15 02:30:00,21.0,21.9,96,86.0
22164,Namakkal,2023-10-16 02:30:00,23.0,21.0,83,96.0
22165,Namakkal,2023-10-17 02:30:00,21.7,23.0,86,83.0
22166,Namakkal,2023-10-18 02:30:00,21.8,21.7,90,86.0
22167,Namakkal,2023-10-19 02:30:00,21.2,21.8,84,90.0
22168,Namakkal,2023-10-20 02:30:00,21.1,21.2,87,84.0
22169,Namakkal,2023-10-21 02:15:00,21.4,21.1,86,87.0
22170,Namakkal,2023-10-22 02:30:00,22.5,21.4,82,86.0
22171,Namakkal,2023-10-23 02:15:00,22.0,22.5,85,82.0
22172,Namakkal,2023-10-24 02:15:00,22.0,22.0,81,85.0
22173,Namakkal,2023-10-25 02:30:00,21.9,22.0,85,81.0
22174,Namakkal,2023-10-26 02:00:00,21.5,21.9,87,85.0
22175,Namakkal,2023-10-27 02:30:00,20.9,21.5,89,87.0
22176,Namakkal,2023-10-28 02:00:00,22.3,20.9,87,89.0
22177,Namakkal,2023-10-29 02:45:00,20.8,22.3,89,87.0
22178,Namakkal,2023-10-30 02:00:00,21.2,20.8,92,89.0
22224,Nanded,2023-10-15 02:30:00,22.9,23.5,67,64.0
22225,Nanded,2023-10-16 02:30:00,22.8,22.9,62,67.0
22226,Nanded,2023-10-17 02:30:00,22.9,22.8,65,62.0
22227,Nanded,2023-10-18 02:30:00,23.5,22.9,66,65.0
22228,Nanded,2023-10-19 02:30:00,22.2,23.5,71,66.0
22229,Nanded,2023-10-20 02:30:00,22.1,22.2,77,71.0
22230,Nanded,2023-10-21 02:15:00,22.2,22.1,75,77.0
22231,Nanded,2023-10-22 02:30:00,20.7,22.2,61,75.0
22232,Nanded,2023-10-23 02:15:00,19.7,20.7,64,61.0
22233,Nanded,2023-10-24 02:15:00,19.9,19.7,66,64.0
22234,Nanded,2023-10-25 02:15:00,19.3,19.9,62,66.0
22235,Nanded,2023-10-26 02:00:00,18.9,19.3,56,62.0
22236,Nanded,2023-10-27 02:15:00,18.4,18.9,59,56.0
22237,Nanded,2023-10-28 02:00:00,18.9,18.4,56,59.0
22238,Nanded,2023-10-29 02:45:00,19.3,18.9,52,56.0
22239,Nanded,2023-10-30 02:00:00,19.6,19.3,58,52.0
22286,Nandi Hills,2023-10-15 02:30:00,22.0,20.0,94,88.0
22287,Nandi Hills,2023-10-16 02:30:00,22.0,22.0,88,94.0
22288,Nandi Hills,2023-10-17 02:15:00,22.0,22.0,88,88.0
22289,Nandi Hills,2023-10-18 02:30:00,21.0,22.0,88,88.0
22290,Nandi Hills,2023-10-19 02:15:00,21.0,21.0,78,88.0
22291,Nandi Hills,2023-10-20 02:30:00,21.0,21.0,83,78.0
22292,Nandi Hills,2023-10-21 02:15:00,21.0,21.0,88,83.0
22293,Nandi Hills,2023-10-22 02:15:00,22.0,21.0,78,88.0
22294,Nandi Hills,2023-10-23 02:15:00,21.0,22.0,78,78.0
22295,Nandi Hills,2023-10-24 02:15:00,19.0,21.0,68,78.0
22296,Nandi Hills,2023-10-25 02:15:00,19.0,19.0,60,68.0
22297,Nandi Hills,2023-10-26 02:00:00,18.0,19.0,68,60.0
22298,Nandi Hills,2023-10-27 02:15:00,21.0,18.0,78,68.0
22299,Nandi Hills,2023-10-28 02:00:00,21.0,21.0,88,78.0
22300,Nandi Hills,2023-10-29 02:30:00,21.0,21.0,94,88.0
22301,Nandi Hills,2023-10-30 01:45:00,21.0,21.0,88,94.0
22347,Nandurbar,2023-10-15 02:30:00,27.0,27.7,48,49.0
22348,Nandurbar,2023-10-16 02:30:00,26.0,27.0,61,48.0
22349,Nandurbar,2023-10-17 02:30:00,25.5,26.0,54,61.0
22350,Nandurbar,2023-10-18 02:30:00,25.5,25.5,57,54.0
22351,Nandurbar,2023-10-19 02:30:00,25.1,25.5,56,57.0
22352,Nandurbar,2023-10-20 02:30:00,25.3,25.1,48,56.0
22353,Nandurbar,2023-10-21 02:15:00,25.3,25.3,49,48.0
22354,Nandurbar,2023-10-22 02:30:00,27.0,25.3,44,49.0
22355,Nandurbar,2023-10-23 02:15:00,25.6,27.0,44,44.0
22356,Nandurbar,2023-10-24 02:15:00,25.3,25.6,42,44.0
22357,Nandurbar,2023-10-25 02:15:00,25.0,25.3,42,42.0
22358,Nandurbar,2023-10-26 02:00:00,23.5,25.0,36,42.0
22359,Nandurbar,2023-10-27 02:15:00,23.1,23.5,38,36.0
22360,Nandurbar,2023-10-28 02:00:00,23.2,23.1,36,38.0
22361,Nandurbar,2023-10-29 02:45:00,23.1,23.2,36,36.0
22362,Nandurbar,2023-10-30 02:00:00,23.3,23.1,36,36.0
22408,Narayanpet,2023-10-15 02:30:00,25.6,25.0,59,65.0
22409,Narayanpet,2023-10-16 02:30:00,25.5,25.6,61,59.0
22410,Narayanpet,2023-10-17 02:30:00,25.1,25.5,64,61.0
22411,Narayanpet,2023-10-18 02:30:00,24.3,25.1,69,64.0
22412,Narayanpet,2023-10-19 02:30:00,23.8,24.3,65,69.0
22413,Narayanpet,2023-10-20 02:30:00,23.7,23.8,69,65.0
22414,Narayanpet,2023-10-21 02:30:00,24.2,23.7,67,69.0
22415,Narayanpet,2023-10-22 02:30:00,24.8,24.2,61,67.0
22416,Narayanpet,2023-10-23 02:15:00,22.7,24.8,50,61.0
22417,Narayanpet,2023-10-24 02:15:00,21.4,22.7,61,50.0
22418,Narayanpet,2023-10-25 02:30:00,21.6,21.4,52,61.0
22419,Narayanpet,2023-10-26 02:00:00,21.3,21.6,53,52.0
22420,Narayanpet,2023-10-27 02:30:00,20.8,21.3,51,53.0
22421,Narayanpet,2023-10-28 02:00:00,20.8,20.8,51,51.0
22422,Narayanpet,2023-10-29 02:45:00,23.3,20.8,58,51.0
22423,Narayanpet,2023-10-30 02:00:00,23.4,23.3,81,58.0
22469,Narayanpur,2023-10-15 02:30:00,27.7,27.0,38,40.0
22470,Narayanpur,2023-10-16 02:30:00,26.8,27.7,44,38.0
22471,Narayanpur,2023-10-17 02:30:00,21.5,26.8,77,44.0
22472,Narayanpur,2023-10-18 02:30:00,23.0,21.5,64,77.0
22473,Narayanpur,2023-10-19 02:15:00,23.7,23.0,44,64.0
22474,Narayanpur,2023-10-20 02:30:00,23.5,23.7,44,44.0
22475,Narayanpur,2023-10-21 02:15:00,23.6,23.5,44,44.0
22476,Narayanpur,2023-10-22 02:15:00,23.8,23.6,43,44.0
22477,Narayanpur,2023-10-23 02:15:00,23.4,23.8,44,43.0
22478,Narayanpur,2023-10-24 02:15:00,22.4,23.4,38,44.0
22479,Narayanpur,2023-10-25 02:15:00,22.4,22.4,42,38.0
22480,Narayanpur,2023-10-26 02:00:00,22.8,22.4,36,42.0
22481,Narayanpur,2023-10-27 02:15:00,21.7,22.8,34,36.0
22482,Narayanpur,2023-10-28 02:00:00,22.0,21.7,34,34.0
22483,Narayanpur,2023-10-29 02:30:00,23.0,22.0,39,34.0
22484,Narayanpur,2023-10-30 01:45:00,24.3,23.0,38,39.0
22530,Narsimhapur,2023-10-16 02:30:00,22.6,24.3,59,58.0
22531,Narsimhapur,2023-10-17 02:15:00,21.5,22.6,74,59.0
22532,Narsimhapur,2023-10-18 02:15:00,22.0,21.5,65,74.0
22533,Narsimhapur,2023-10-19 02:15:00,22.3,22.0,64,65.0
22534,Narsimhapur,2023-10-20 02:15:00,20.9,22.3,51,64.0
22535,Narsimhapur,2023-10-21 02:00:00,20.6,20.9,52,51.0
22536,Narsimhapur,2023-10-22 02:15:00,20.2,20.6,49,52.0
22537,Narsimhapur,2023-10-23 02:00:00,19.6,20.2,60,49.0
22538,Narsimhapur,2023-10-24 02:00:00,18.8,19.6,57,60.0
22539,Narsimhapur,2023-10-25 02:15:00,18.8,18.8,50,57.0
22540,Narsimhapur,2023-10-26 02:00:00,18.9,18.8,47,50.0
22541,Narsimhapur,2023-10-27 02:15:00,18.8,18.9,46,47.0
22542,Narsimhapur,2023-10-28 02:00:00,18.9,18.8,48,46.0
22543,Narsimhapur,2023-10-29 02:30:00,18.4,18.9,48,48.0
22544,Narsimhapur,2023-10-30 01:45:00,19.2,18.4,48,48.0
22590,Navsari,2023-10-15 02:30:00,26.8,27.1,77,71.0
22591,Navsari,2023-10-16 02:30:00,26.3,26.8,74,77.0
22592,Navsari,2023-10-17 02:15:00,27.2,26.3,71,74.0
22593,Navsari,2023-10-18 02:15:00,26.4,27.2,64,71.0
22594,Navsari,2023-10-19 02:15:00,25.4,26.4,61,64.0
22595,Navsari,2023-10-20 02:30:00,25.1,25.4,53,61.0
22596,Navsari,2023-10-21 02:15:00,26.5,25.1,59,53.0
22597,Navsari,2023-10-22 02:15:00,27.0,26.5,50,59.0
22598,Navsari,2023-10-23 02:00:00,25.7,27.0,54,50.0
22599,Navsari,2023-10-24 02:15:00,26.6,25.7,50,54.0
22600,Navsari,2023-10-25 02:15:00,25.2,26.6,48,50.0
22601,Navsari,2023-10-26 02:00:00,24.8,25.2,44,48.0
22602,Navsari,2023-10-27 02:15:00,24.4,24.8,45,44.0
22603,Navsari,2023-10-28 02:00:00,23.7,24.4,44,45.0
22604,Navsari,2023-10-29 02:30:00,24.0,23.7,44,44.0
22605,Navsari,2023-10-30 01:45:00,24.6,24.0,42,44.0
22651,Nawada,2023-10-15 02:30:00,21.7,22.4,74,77.0
22652,Nawada,2023-10-16 02:30:00,23.4,21.7,73,74.0
22653,Nawada,2023-10-17 02:15:00,22.9,23.4,82,73.0
22654,Nawada,2023-10-18 02:30:00,23.2,22.9,78,82.0
22655,Nawada,2023-10-19 02:15:00,21.3,23.2,77,78.0
22656,Nawada,2023-10-20 02:30:00,21.3,21.3,72,77.0
22657,Nawada,2023-10-21 02:15:00,20.1,21.3,67,72.0
22658,Nawada,2023-10-22 02:15:00,20.2,20.1,61,67.0
22659,Nawada,2023-10-23 02:00:00,20.1,20.2,65,61.0
22660,Nawada,2023-10-24 02:15:00,21.0,20.1,63,65.0
22661,Nawada,2023-10-25 02:15:00,21.6,21.0,67,63.0
22662,Nawada,2023-10-26 02:00:00,20.4,21.6,61,67.0
22663,Nawada,2023-10-27 02:15:00,19.9,20.4,65,61.0
22664,Nawada,2023-10-28 02:00:00,22.2,19.9,61,65.0
22665,Nawada,2023-10-29 02:30:00,20.9,22.2,63,61.0
22666,Nawada,2023-10-30 01:45:00,21.0,20.9,62,63.0
22712,Nayagarh,2023-10-15 02:30:00,23.8,24.6,83,82.0
22713,Nayagarh,2023-10-16 02:30:00,23.0,23.8,76,83.0
22714,Nayagarh,2023-10-17 02:30:00,23.6,23.0,78,76.0
22715,Nayagarh,2023-10-18 02:30:00,23.3,23.6,76,78.0
22716,Nayagarh,2023-10-19 02:30:00,23.2,23.3,86,76.0
22717,Nayagarh,2023-10-20 02:30:00,23.1,23.2,86,86.0
22718,Nayagarh,2023-10-21 02:15:00,22.2,23.1,76,86.0
22719,Nayagarh,2023-10-22 02:30:00,22.2,22.2,73,76.0
22720,Nayagarh,2023-10-23 02:15:00,21.9,22.2,77,73.0
22721,Nayagarh,2023-10-24 02:15:00,21.8,21.9,74,77.0
22722,Nayagarh,2023-10-25 02:15:00,22.9,21.8,85,74.0
22723,Nayagarh,2023-10-26 02:00:00,24.9,22.9,76,85.0
22724,Nayagarh,2023-10-27 02:15:00,22.3,24.9,72,76.0
22725,Nayagarh,2023-10-28 02:00:00,20.9,22.3,63,72.0
22726,Nayagarh,2023-10-29 02:45:00,20.6,20.9,67,63.0
22727,Nayagarh,2023-10-30 02:00:00,21.0,20.6,69,67.0
22773,Neemuch,2023-10-15 02:30:00,22.7,23.4,52,51.0
22774,Neemuch,2023-10-16 02:30:00,22.4,22.7,63,52.0
22775,Neemuch,2023-10-17 02:15:00,22.0,22.4,58,63.0
22776,Neemuch,2023-10-18 02:15:00,21.6,22.0,62,58.0
22777,Neemuch,2023-10-19 02:15:00,21.9,21.6,58,62.0
22778,Neemuch,2023-10-20 02:15:00,22.1,21.9,48,58.0
22779,Neemuch,2023-10-21 02:00:00,22.1,22.1,50,48.0
22780,Neemuch,2023-10-22 02:15:00,23.5,22.1,34,50.0
22781,Neemuch,2023-10-23 02:00:00,22.2,23.5,46,34.0
22782,Neemuch,2023-10-24 02:15:00,22.2,22.2,44,46.0
22783,Neemuch,2023-10-25 02:15:00,21.7,22.2,37,44.0
22784,Neemuch,2023-10-26 02:00:00,21.7,21.7,33,37.0
22785,Neemuch,2023-10-27 02:15:00,20.6,21.7,28,33.0
22786,Neemuch,2023-10-28 02:00:00,20.5,20.6,39,28.0
22787,Neemuch,2023-10-29 02:30:00,21.8,20.5,37,39.0
22788,Neemuch,2023-10-30 01:45:00,21.9,21.8,42,37.0
22834,Nellore,2023-10-15 02:30:00,26.0,26.0,80,79.0
22835,Nellore,2023-10-16 02:30:00,26.5,26.0,80,80.0
22836,Nellore,2023-10-17 02:15:00,26.4,26.5,76,80.0
22837,Nellore,2023-10-18 02:15:00,26.1,26.4,73,76.0
22838,Nellore,2023-10-19 02:15:00,25.2,26.1,79,73.0
22839,Nellore,2023-10-20 02:30:00,25.3,25.2,81,79.0
22840,Nellore,2023-10-21 02:15:00,26.2,25.3,79,81.0
22841,Nellore,2023-10-22 02:15:00,26.6,26.2,71,79.0
22842,Nellore,2023-10-23 02:00:00,24.6,26.6,68,71.0
22843,Nellore,2023-10-24 02:15:00,24.0,24.6,65,68.0
22844,Nellore,2023-10-25 02:15:00,23.8,24.0,71,65.0
22845,Nellore,2023-10-26 02:00:00,24.3,23.8,77,71.0
22846,Nellore,2023-10-27 02:15:00,24.6,24.3,78,77.0
22847,Nellore,2023-10-28 02:00:00,25.8,24.6,81,78.0
22848,Nellore,2023-10-29 02:30:00,26.2,25.8,79,81.0
22849,Nellore,2023-10-30 01:45:00,26.5,26.2,76,79.0
22895,New Delhi,2023-10-15 02:30:00,24.0,25.0,74,69.0
22896,New Delhi,2023-10-16 02:30:00,26.0,24.0,65,74.0
22897,New Delhi,2023-10-17 02:30:00,19.0,26.0,94,65.0
22898,New Delhi,2023-10-18 02:30:00,21.0,19.0,78,94.0
22899,New Delhi,2023-10-19 02:30:00,21.0,21.0,69,78.0
22900,New Delhi,2023-10-20 02:30:00,21.0,21.0,69,69.0
22901,New Delhi,2023-10-21 02:30:00,20.0,21.0,73,69.0
22902,New Delhi,2023-10-22 02:30:00,21.0,20.0,69,73.0
22903,New Delhi,2023-10-23 02:15:00,21.0,21.0,78,69.0
22904,New Delhi,2023-10-24 02:15:00,22.0,21.0,65,78.0
22905,New Delhi,2023-10-25 02:30:00,21.0,22.0,64,65.0
22906,New Delhi,2023-10-26 02:00:00,22.0,21.0,61,64.0
22907,New Delhi,2023-10-27 02:30:00,21.0,22.0,60,61.0
22908,New Delhi,2023-10-28 02:00:00,20.0,21.0,60,60.0
22909,New Delhi,2023-10-29 02:45:00,20.0,20.0,73,60.0
22910,New Delhi,2023-10-30 02:00:00,22.0,20.0,69,73.0
22956,Nirmal,2023-10-15 02:30:00,22.7,22.5,69,73.0
22957,Nirmal,2023-10-16 02:30:00,22.1,22.7,69,69.0
22958,Nirmal,2023-10-17 02:30:00,22.1,22.1,67,69.0
22959,Nirmal,2023-10-18 02:30:00,22.3,22.1,71,67.0
22960,Nirmal,2023-10-19 02:30:00,21.7,22.3,75,71.0
22961,Nirmal,2023-10-20 02:30:00,22.3,21.7,81,75.0
22962,Nirmal,2023-10-21 02:30:00,21.8,22.3,75,81.0
22963,Nirmal,2023-10-22 02:30:00,20.4,21.8,64,75.0
22964,Nirmal,2023-10-23 02:15:00,19.9,20.4,62,64.0
22965,Nirmal,2023-10-24 02:15:00,19.5,19.9,66,62.0
22966,Nirmal,2023-10-25 02:30:00,19.2,19.5,59,66.0
22967,Nirmal,2023-10-26 02:00:00,19.2,19.2,56,59.0
22968,Nirmal,2023-10-27 02:30:00,18.6,19.2,54,56.0
22969,Nirmal,2023-10-28 02:00:00,18.5,18.6,58,54.0
22970,Nirmal,2023-10-29 02:45:00,18.8,18.5,57,58.0
22971,Nirmal,2023-10-30 02:00:00,19.2,18.8,61,57.0
23017,Niwari,2023-10-15 02:30:00,24.0,25.0,74,69.0
23018,Niwari,2023-10-16 02:30:00,26.0,24.0,65,74.0
23019,Niwari,2023-10-17 02:30:00,19.0,26.0,94,65.0
23020,Niwari,2023-10-18 02:30:00,21.0,19.0,78,94.0
23021,Niwari,2023-10-19 02:30:00,21.0,21.0,69,78.0
23022,Niwari,2023-10-20 02:30:00,21.0,21.0,69,69.0
23023,Niwari,2023-10-21 02:30:00,20.0,21.0,73,69.0
23024,Niwari,2023-10-22 02:30:00,21.0,20.0,69,73.0
23025,Niwari,2023-10-23 02:15:00,21.0,21.0,78,69.0
23026,Niwari,2023-10-24 02:15:00,22.0,21.0,65,78.0
23027,Niwari,2023-10-25 02:30:00,21.0,22.0,64,65.0
23028,Niwari,2023-10-26 02:00:00,22.0,21.0,61,64.0
23029,Niwari,2023-10-27 02:30:00,21.0,22.0,60,61.0
23030,Niwari,2023-10-28 02:00:00,20.0,21.0,60,60.0
23031,Niwari,2023-10-29 02:45:00,20.0,20.0,73,60.0
23032,Niwari,2023-10-30 02:00:00,22.0,20.0,69,73.0
23078,Nizamabad,2023-10-15 02:30:00,22.7,22.7,68,70.0
23079,Nizamabad,2023-10-16 02:30:00,22.2,22.7,68,68.0
23080,Nizamabad,2023-10-17 02:30:00,22.0,22.2,70,68.0
23081,Nizamabad,2023-10-18 02:30:00,21.7,22.0,71,70.0
23082,Nizamabad,2023-10-19 02:30:00,21.6,21.7,73,71.0
23083,Nizamabad,2023-10-20 02:30:00,22.8,21.6,79,73.0
23084,Nizamabad,2023-10-21 02:30:00,22.5,22.8,78,79.0
23085,Nizamabad,2023-10-22 02:30:00,20.2,22.5,66,78.0
23086,Nizamabad,2023-10-23 02:15:00,19.3,20.2,65,66.0
23087,Nizamabad,2023-10-24 02:15:00,18.8,19.3,73,65.0
23088,Nizamabad,2023-10-25 02:30:00,18.8,18.8,66,73.0
23089,Nizamabad,2023-10-26 02:00:00,18.7,18.8,61,66.0
23090,Nizamabad,2023-10-27 02:30:00,18.0,18.7,58,61.0
23091,Nizamabad,2023-10-28 02:00:00,18.2,18.0,61,58.0
23092,Nizamabad,2023-10-29 02:45:00,18.8,18.2,64,61.0
23093,Nizamabad,2023-10-30 02:00:00,19.4,18.8,65,64.0
23139,North Gauhati,2023-10-15 02:30:00,20.8,21.0,90,92.0
23140,North Gauhati,2023-10-16 02:30:00,20.6,20.8,93,90.0
23141,North Gauhati,2023-10-17 02:30:00,21.6,20.6,91,93.0
23142,North Gauhati,2023-10-18 02:30:00,20.3,21.6,93,91.0
23143,North Gauhati,2023-10-19 02:30:00,20.1,20.3,95,93.0
23144,North Gauhati,2023-10-20 02:30:00,20.0,20.1,91,95.0
23145,North Gauhati,2023-10-21 02:30:00,19.8,20.0,93,91.0
23146,North Gauhati,2023-10-22 02:30:00,19.9,19.8,91,93.0
23147,North Gauhati,2023-10-23 02:15:00,19.9,19.9,91,91.0
23148,North Gauhati,2023-10-24 02:15:00,20.7,19.9,90,91.0
23149,North Gauhati,2023-10-25 02:30:00,19.8,20.7,93,90.0
23150,North Gauhati,2023-10-26 02:00:00,24.0,19.8,94,93.0
23151,North Gauhati,2023-10-27 02:30:00,19.5,24.0,94,94.0
23152,North Gauhati,2023-10-28 02:00:00,23.0,19.5,94,94.0
23153,North Gauhati,2023-10-29 02:45:00,22.0,23.0,94,94.0
23154,North Gauhati,2023-10-30 02:00:00,22.0,22.0,94,94.0
23200,Osmanabad,2023-10-15 02:30:00,23.6,23.2,52,57.0
23201,Osmanabad,2023-10-16 02:30:00,23.8,23.6,57,52.0
23202,Osmanabad,2023-10-17 02:30:00,24.9,23.8,55,57.0
23203,Osmanabad,2023-10-18 02:30:00,23.3,24.9,66,55.0
23204,Osmanabad,2023-10-19 02:30:00,23.6,23.3,62,66.0
23205,Osmanabad,2023-10-20 02:30:00,23.3,23.6,66,62.0
23206,Osmanabad,2023-10-21 02:15:00,22.4,23.3,71,66.0
23207,Osmanabad,2023-10-22 02:30:00,23.2,22.4,61,71.0
23208,Osmanabad,2023-10-23 02:15:00,21.4,23.2,58,61.0
23209,Osmanabad,2023-10-24 02:15:00,21.3,21.4,56,58.0
23210,Osmanabad,2023-10-25 02:15:00,21.2,21.3,54,56.0
23211,Osmanabad,2023-10-26 02:00:00,20.3,21.2,55,54.0
23212,Osmanabad,2023-10-27 02:15:00,19.6,20.3,55,55.0
23213,Osmanabad,2023-10-28 02:00:00,19.9,19.6,54,55.0
23214,Osmanabad,2023-10-29 02:45:00,20.4,19.9,50,54.0
23215,Osmanabad,2023-10-30 02:00:00,20.7,20.4,54,50.0
23261,Palakkad,2023-10-15 02:30:00,21.7,24.0,93,89.0
23262,Palakkad,2023-10-16 02:30:00,26.0,21.7,89,93.0
23263,Palakkad,2023-10-17 02:30:00,23.0,26.0,94,89.0
23264,Palakkad,2023-10-18 02:30:00,24.0,23.0,94,94.0
23265,Palakkad,2023-10-19 02:15:00,26.0,24.0,70,94.0
23266,Palakkad,2023-10-20 02:30:00,26.0,26.0,79,70.0
23267,Palakkad,2023-10-21 02:15:00,25.0,26.0,94,79.0
23268,Palakkad,2023-10-22 02:15:00,26.0,25.0,89,94.0
23269,Palakkad,2023-10-23 02:15:00,25.0,26.0,89,89.0
23270,Palakkad,2023-10-24 02:15:00,24.0,25.0,89,89.0
23271,Palakkad,2023-10-25 02:15:00,25.0,24.0,89,89.0
23272,Palakkad,2023-10-26 02:00:00,26.0,25.0,84,89.0
23273,Palakkad,2023-10-27 02:15:00,27.0,26.0,74,84.0
23274,Palakkad,2023-10-28 02:00:00,26.0,27.0,74,74.0
23275,Palakkad,2023-10-29 02:45:00,26.0,26.0,79,74.0
23276,Palakkad,2023-10-30 02:00:00,25.0,26.0,83,79.0
23322,Palghar,2023-10-16 02:30:00,26.5,27.5,74,71.0
23323,Palghar,2023-10-17 02:30:00,27.1,26.5,71,74.0
23324,Palghar,2023-10-18 02:30:00,27.1,27.1,70,71.0
23325,Palghar,2023-10-19 02:30:00,26.9,27.1,66,70.0
23326,Palghar,2023-10-20 02:30:00,26.8,26.9,61,66.0
23327,Palghar,2023-10-21 02:15:00,27.1,26.8,71,61.0
23328,Palghar,2023-10-22 02:30:00,27.1,27.1,68,71.0
23329,Palghar,2023-10-23 02:15:00,27.0,27.1,64,68.0
23330,Palghar,2023-10-24 02:15:00,26.9,27.0,55,64.0
23331,Palghar,2023-10-25 02:15:00,26.5,26.9,53,55.0
23332,Palghar,2023-10-26 02:00:00,25.9,26.5,53,53.0
23333,Palghar,2023-10-27 02:15:00,25.0,25.9,51,53.0
23334,Palghar,2023-10-28 02:00:00,25.0,25.0,54,51.0
23335,Palghar,2023-10-29 02:45:00,25.4,25.0,48,54.0
23336,Palghar,2023-10-30 02:00:00,25.8,25.4,49,48.0
23382,Pali,2023-10-15 02:30:00,26.5,26.9,57,44.0
23383,Pali,2023-10-16 02:30:00,27.1,26.5,52,57.0
23384,Pali,2023-10-17 02:30:00,25.1,27.1,57,52.0
23385,Pali,2023-10-18 02:30:00,24.2,25.1,57,57.0
23386,Pali,2023-10-19 02:30:00,24.4,24.2,39,57.0
23387,Pali,2023-10-20 02:30:00,24.9,24.4,34,39.0
23388,Pali,2023-10-21 02:15:00,25.3,24.9,30,34.0
23389,Pali,2023-10-22 02:30:00,25.5,25.3,32,30.0
23390,Pali,2023-10-23 02:15:00,25.8,25.5,36,32.0
23391,Pali,2023-10-24 02:15:00,24.6,25.8,31,36.0
23392,Pali,2023-10-25 02:30:00,24.2,24.6,30,31.0
23393,Pali,2023-10-26 02:00:00,23.9,24.2,29,30.0
23394,Pali,2023-10-27 02:15:00,24.0,23.9,22,29.0
23395,Pali,2023-10-28 02:00:00,25.9,24.0,20,22.0
23396,Pali,2023-10-29 02:45:00,24.3,25.9,35,20.0
23397,Pali,2023-10-30 02:00:00,24.9,24.3,31,35.0
23443,Palwal,2023-10-15 02:30:00,24.0,25.0,74,69.0
23444,Palwal,2023-10-16 02:30:00,26.0,24.0,65,74.0
23445,Palwal,2023-10-17 02:15:00,19.0,26.0,94,65.0
23446,Palwal,2023-10-18 02:30:00,21.0,19.0,78,94.0
23447,Palwal,2023-10-19 02:15:00,21.0,21.0,69,78.0
23448,Palwal,2023-10-20 02:30:00,21.0,21.0,69,69.0
23449,Palwal,2023-10-21 02:15:00,20.0,21.0,73,69.0
23450,Palwal,2023-10-22 02:15:00,21.0,20.0,69,73.0
23451,Palwal,2023-10-23 02:15:00,21.0,21.0,78,69.0
23452,Palwal,2023-10-24 02:15:00,22.0,21.0,65,78.0
23453,Palwal,2023-10-25 02:15:00,21.0,22.0,64,65.0
23454,Palwal,2023-10-26 02:00:00,22.0,21.0,61,64.0
23455,Palwal,2023-10-27 02:15:00,21.0,22.0,60,61.0
23456,Palwal,2023-10-28 02:00:00,20.0,21.0,60,60.0
23457,Palwal,2023-10-29 02:30:00,22.7,20.0,34,60.0
23458,Palwal,2023-10-30 01:45:00,22.0,22.7,69,34.0
23504,Panipat,2023-10-15 02:30:00,23.6,22.5,48,45.0
23505,Panipat,2023-10-16 02:30:00,23.2,23.6,48,48.0
23506,Panipat,2023-10-17 02:15:00,18.4,23.2,83,48.0
23507,Panipat,2023-10-18 02:15:00,21.0,18.4,58,83.0
23508,Panipat,2023-10-19 02:15:00,19.9,21.0,44,58.0
23509,Panipat,2023-10-20 02:30:00,20.2,19.9,38,44.0
23510,Panipat,2023-10-21 02:15:00,20.6,20.2,43,38.0
23511,Panipat,2023-10-22 02:15:00,20.2,20.6,41,43.0
23512,Panipat,2023-10-23 02:15:00,21.4,20.2,45,41.0
23513,Panipat,2023-10-24 02:15:00,20.5,21.4,49,45.0
23514,Panipat,2023-10-25 02:15:00,20.9,20.5,41,49.0
23515,Panipat,2023-10-26 02:00:00,20.8,20.9,32,41.0
23516,Panipat,2023-10-27 02:15:00,20.3,20.8,36,32.0
23517,Panipat,2023-10-28 02:00:00,20.6,20.3,35,36.0
23518,Panipat,2023-10-29 02:30:00,21.2,20.6,33,35.0
23519,Panipat,2023-10-30 01:45:00,21.3,21.2,42,33.0
23565,Panna,2023-10-15 02:30:00,24.4,23.6,46,45.0
23566,Panna,2023-10-16 02:30:00,24.2,24.4,49,46.0
23567,Panna,2023-10-17 02:15:00,20.6,24.2,81,49.0
23568,Panna,2023-10-18 02:15:00,22.4,20.6,74,81.0
23569,Panna,2023-10-19 02:15:00,22.3,22.4,58,74.0
23570,Panna,2023-10-20 02:15:00,21.2,22.3,44,58.0
23571,Panna,2023-10-21 02:00:00,21.0,21.2,50,44.0
23572,Panna,2023-10-22 02:15:00,21.0,21.0,49,50.0
23573,Panna,2023-10-23 02:00:00,19.9,21.0,50,49.0
23574,Panna,2023-10-24 02:15:00,20.5,19.9,49,50.0
23575,Panna,2023-10-25 02:15:00,20.5,20.5,46,49.0
23576,Panna,2023-10-26 02:00:00,20.1,20.5,39,46.0
23577,Panna,2023-10-27 02:15:00,19.8,20.1,39,39.0
23578,Panna,2023-10-28 02:00:00,20.2,19.8,35,39.0
23579,Panna,2023-10-29 02:30:00,20.4,20.2,38,35.0
23580,Panna,2023-10-30 01:45:00,21.1,20.4,40,38.0
23626,Parbhani,2023-10-15 02:30:00,23.8,23.5,62,62.0
23627,Parbhani,2023-10-16 02:30:00,23.7,23.8,61,62.0
23628,Parbhani,2023-10-17 02:30:00,23.5,23.7,64,61.0
23629,Parbhani,2023-10-18 02:30:00,24.2,23.5,63,64.0
23630,Parbhani,2023-10-19 02:30:00,24.3,24.2,67,63.0
23631,Parbhani,2023-10-20 02:30:00,22.5,24.3,75,67.0
23632,Parbhani,2023-10-21 02:15:00,22.4,22.5,77,75.0
23633,Parbhani,2023-10-22 02:30:00,21.4,22.4,60,77.0
23634,Parbhani,2023-10-23 02:15:00,20.8,21.4,62,60.0
23635,Parbhani,2023-10-24 02:15:00,20.8,20.8,61,62.0
23636,Parbhani,2023-10-25 02:15:00,20.2,20.8,61,61.0
23637,Parbhani,2023-10-26 02:00:00,19.6,20.2,52,61.0
23638,Parbhani,2023-10-27 02:15:00,19.3,19.6,57,52.0
23639,Parbhani,2023-10-28 02:00:00,19.3,19.3,55,57.0
23640,Parbhani,2023-10-29 02:45:00,19.5,19.3,51,55.0
23641,Parbhani,2023-10-30 02:00:00,19.6,19.5,57,51.0
23687,Patan,2023-10-15 02:30:00,26.8,28.1,68,48.0
23688,Patan,2023-10-16 02:30:00,26.1,26.8,65,68.0
23689,Patan,2023-10-17 02:15:00,25.6,26.1,71,65.0
23690,Patan,2023-10-18 02:15:00,25.9,25.6,59,71.0
23691,Patan,2023-10-19 02:15:00,25.9,25.9,46,59.0
23692,Patan,2023-10-20 02:30:00,26.3,25.9,41,46.0
23693,Patan,2023-10-21 02:15:00,26.7,26.3,41,41.0
23694,Patan,2023-10-22 02:15:00,27.4,26.7,37,41.0
23695,Patan,2023-10-23 02:00:00,26.5,27.4,39,37.0
23696,Patan,2023-10-24 02:15:00,26.5,26.5,40,39.0
23697,Patan,2023-10-25 02:15:00,26.4,26.5,37,40.0
23698,Patan,2023-10-26 02:00:00,25.8,26.4,42,37.0
23699,Patan,2023-10-27 02:15:00,25.4,25.8,38,42.0
23700,Patan,2023-10-28 02:00:00,25.8,25.4,34,38.0
23701,Patan,2023-10-29 02:30:00,25.3,25.8,33,34.0
23702,Patan,2023-10-30 01:45:00,26.2,25.3,33,33.0
23748,Pathanamthitta,2023-10-15 02:30:00,22.3,22.3,97,98.0
23749,Pathanamthitta,2023-10-16 02:30:00,22.1,22.3,93,97.0
23750,Pathanamthitta,2023-10-17 02:30:00,22.9,22.1,95,93.0
23751,Pathanamthitta,2023-10-18 02:30:00,22.0,22.9,98,95.0
23752,Pathanamthitta,2023-10-19 02:15:00,22.0,22.0,95,98.0
23753,Pathanamthitta,2023-10-20 02:30:00,22.1,22.0,96,95.0
23754,Pathanamthitta,2023-10-21 02:15:00,22.2,22.1,95,96.0
23755,Pathanamthitta,2023-10-22 02:15:00,22.8,22.2,95,95.0
23756,Pathanamthitta,2023-10-23 02:15:00,22.0,22.8,98,95.0
23757,Pathanamthitta,2023-10-24 02:15:00,22.3,22.0,95,98.0
23758,Pathanamthitta,2023-10-25 02:15:00,21.5,22.3,99,95.0
23759,Pathanamthitta,2023-10-26 02:00:00,22.2,21.5,96,99.0
23760,Pathanamthitta,2023-10-27 02:15:00,22.4,22.2,96,96.0
23761,Pathanamthitta,2023-10-28 02:00:00,22.4,22.4,96,96.0
23762,Pathanamthitta,2023-10-29 02:30:00,22.7,22.4,95,96.0
23763,Pathanamthitta,2023-10-30 01:45:00,23.1,22.7,95,95.0
23809,Pathankot,2023-10-15 02:30:00,20.9,20.7,46,52.0
23810,Pathankot,2023-10-16 02:30:00,20.9,20.9,42,46.0
23811,Pathankot,2023-10-17 02:30:00,16.7,20.9,75,42.0
23812,Pathankot,2023-10-18 02:30:00,15.9,16.7,47,75.0
23813,Pathankot,2023-10-19 02:15:00,15.7,15.9,55,47.0
23814,Pathankot,2023-10-20 02:30:00,16.5,15.7,55,55.0
23815,Pathankot,2023-10-21 02:15:00,17.1,16.5,47,55.0
23816,Pathankot,2023-10-22 02:15:00,18.3,17.1,51,47.0
23817,Pathankot,2023-10-23 02:15:00,17.7,18.3,46,51.0
23818,Pathankot,2023-10-24 02:15:00,17.6,17.7,52,46.0
23819,Pathankot,2023-10-25 02:15:00,17.7,17.6,38,52.0
23820,Pathankot,2023-10-26 02:00:00,17.5,17.7,42,38.0
23821,Pathankot,2023-10-27 02:15:00,17.6,17.5,53,42.0
23822,Pathankot,2023-10-28 02:00:00,18.2,17.6,52,53.0
23823,Pathankot,2023-10-29 02:45:00,18.2,18.2,49,52.0
23824,Pathankot,2023-10-30 02:00:00,18.4,18.2,50,49.0
23870,Patiala,2023-10-15 02:30:00,23.4,22.1,44,48.0
23871,Patiala,2023-10-16 02:30:00,22.5,23.4,49,44.0
23872,Patiala,2023-10-17 02:30:00,18.1,22.5,81,49.0
23873,Patiala,2023-10-18 02:30:00,19.8,18.1,53,81.0
23874,Patiala,2023-10-19 02:15:00,19.1,19.8,48,53.0
23875,Patiala,2023-10-20 02:30:00,19.8,19.1,45,48.0
23876,Patiala,2023-10-21 02:15:00,19.8,19.8,43,45.0
23877,Patiala,2023-10-22 02:15:00,20.1,19.8,47,43.0
23878,Patiala,2023-10-23 02:15:00,20.8,20.1,44,47.0
23879,Patiala,2023-10-24 02:15:00,20.3,20.8,47,44.0
23880,Patiala,2023-10-25 02:15:00,20.8,20.3,40,47.0
23881,Patiala,2023-10-26 02:00:00,20.6,20.8,36,40.0
23882,Patiala,2023-10-27 02:15:00,20.2,20.6,41,36.0
23883,Patiala,2023-10-28 02:00:00,20.6,20.2,39,41.0
23884,Patiala,2023-10-29 02:45:00,21.1,20.6,42,39.0
23885,Patiala,2023-10-30 02:00:00,20.7,21.1,43,42.0
23931,Patna,2023-10-15 02:30:00,26.0,25.0,89,94.0
23932,Patna,2023-10-16 02:30:00,26.0,26.0,89,89.0
23933,Patna,2023-10-17 02:15:00,23.0,26.0,83,89.0
23934,Patna,2023-10-18 02:30:00,26.0,23.0,94,83.0
23935,Patna,2023-10-19 02:15:00,21.6,26.0,69,94.0
23936,Patna,2023-10-20 02:30:00,25.0,21.6,94,69.0
23937,Patna,2023-10-21 02:15:00,23.0,25.0,94,94.0
23938,Patna,2023-10-22 02:15:00,22.0,23.0,100,94.0
23939,Patna,2023-10-23 02:15:00,22.0,22.0,94,100.0
23940,Patna,2023-10-24 02:15:00,26.0,22.0,79,94.0
23941,Patna,2023-10-25 02:15:00,26.0,26.0,79,79.0
23942,Patna,2023-10-26 02:00:00,24.0,26.0,83,79.0
23943,Patna,2023-10-27 02:15:00,23.0,24.0,89,83.0
23944,Patna,2023-10-28 02:00:00,24.0,23.0,94,89.0
23945,Patna,2023-10-29 02:30:00,22.0,24.0,94,94.0
23946,Patna,2023-10-30 01:45:00,24.0,22.0,89,94.0
23992,Peddapalli,2023-10-15 02:30:00,23.7,24.0,75,75.0
23993,Peddapalli,2023-10-16 02:30:00,25.0,23.7,65,75.0
23994,Peddapalli,2023-10-17 02:30:00,25.1,25.0,65,65.0
23995,Peddapalli,2023-10-18 02:30:00,22.8,25.1,72,65.0
23996,Peddapalli,2023-10-19 02:30:00,22.9,22.8,74,72.0
23997,Peddapalli,2023-10-20 02:30:00,23.2,22.9,79,74.0
23998,Peddapalli,2023-10-21 02:30:00,23.7,23.2,73,79.0
23999,Peddapalli,2023-10-22 02:30:00,20.2,23.7,63,73.0
24000,Peddapalli,2023-10-23 02:15:00,19.6,20.2,62,63.0
24001,Peddapalli,2023-10-24 02:15:00,19.1,19.6,65,62.0
24002,Peddapalli,2023-10-25 02:30:00,19.1,19.1,64,65.0
24003,Peddapalli,2023-10-26 02:00:00,19.6,19.1,59,64.0
24004,Peddapalli,2023-10-27 02:30:00,18.4,19.6,55,59.0
24005,Peddapalli,2023-10-28 02:00:00,19.1,18.4,62,55.0
24006,Peddapalli,2023-10-29 02:45:00,19.8,19.1,59,62.0
24007,Peddapalli,2023-10-30 02:00:00,19.8,19.8,65,59.0
24053,Pendra,2023-10-15 02:30:00,28.5,29.2,48,51.0
24054,Pendra,2023-10-16 02:30:00,27.9,28.5,66,48.0
24055,Pendra,2023-10-17 02:30:00,27.9,27.9,52,66.0
24056,Pendra,2023-10-18 02:30:00,27.4,27.9,62,52.0
24057,Pendra,2023-10-19 02:30:00,27.3,27.4,56,62.0
24058,Pendra,2023-10-20 02:30:00,27.4,27.3,42,56.0
24059,Pendra,2023-10-21 02:30:00,27.8,27.4,51,42.0
24060,Pendra,2023-10-22 02:30:00,28.5,27.8,51,51.0
24061,Pendra,2023-10-23 02:15:00,27.7,28.5,43,51.0
24062,Pendra,2023-10-24 02:15:00,27.3,27.7,42,43.0
24063,Pendra,2023-10-25 02:30:00,26.6,27.3,43,42.0
24064,Pendra,2023-10-26 02:00:00,25.9,26.6,35,43.0
24065,Pendra,2023-10-27 02:30:00,25.5,25.9,41,35.0
24066,Pendra,2023-10-28 02:00:00,25.7,25.5,36,41.0
24067,Pendra,2023-10-29 02:45:00,25.9,25.7,34,36.0
24068,Pendra,2023-10-30 02:00:00,25.9,25.9,35,34.0
24114,Perambalur,2023-10-15 02:30:00,24.0,27.0,100,89.0
24115,Perambalur,2023-10-16 02:30:00,27.0,24.0,94,100.0
24116,Perambalur,2023-10-17 02:30:00,25.0,27.0,94,94.0
24117,Perambalur,2023-10-18 02:30:00,26.0,25.0,89,94.0
24118,Perambalur,2023-10-19 02:30:00,26.0,26.0,94,89.0
24119,Perambalur,2023-10-20 02:30:00,26.0,26.0,94,94.0
24120,Perambalur,2023-10-21 02:15:00,26.0,26.0,84,94.0
24121,Perambalur,2023-10-22 02:30:00,26.0,26.0,89,84.0
24122,Perambalur,2023-10-23 02:15:00,27.0,26.0,89,89.0
24123,Perambalur,2023-10-24 02:15:00,26.0,27.0,89,89.0
24124,Perambalur,2023-10-25 02:30:00,28.0,26.0,79,89.0
24125,Perambalur,2023-10-26 02:00:00,27.0,28.0,89,79.0
24126,Perambalur,2023-10-27 02:15:00,27.0,27.0,79,89.0
24127,Perambalur,2023-10-28 02:00:00,26.0,27.0,89,79.0
24128,Perambalur,2023-10-29 02:45:00,26.0,26.0,89,89.0
24129,Perambalur,2023-10-30 02:00:00,25.0,26.0,94,89.0
24175,Phek,2023-10-15 02:30:00,14.0,13.6,97,99.0
24176,Phek,2023-10-16 02:30:00,13.7,14.0,98,97.0
24177,Phek,2023-10-17 02:15:00,12.1,13.7,98,98.0
24178,Phek,2023-10-18 02:30:00,12.9,12.1,97,98.0
24179,Phek,2023-10-19 02:15:00,11.8,12.9,99,97.0
24180,Phek,2023-10-20 02:30:00,11.4,11.8,97,99.0
24181,Phek,2023-10-21 02:15:00,11.7,11.4,97,97.0
24182,Phek,2023-10-22 02:15:00,11.2,11.7,95,97.0
24183,Phek,2023-10-23 02:15:00,12.4,11.2,96,95.0
24184,Phek,2023-10-24 02:15:00,15.3,12.4,79,96.0
24185,Phek,2023-10-25 02:15:00,13.0,15.3,96,79.0
24186,Phek,2023-10-26 02:00:00,14.9,13.0,99,96.0
24187,Phek,2023-10-27 02:15:00,12.1,14.9,99,99.0
24188,Phek,2023-10-28 02:00:00,10.9,12.1,99,99.0
24189,Phek,2023-10-29 02:30:00,10.4,10.9,97,99.0
24190,Phek,2023-10-30 01:45:00,11.4,10.4,96,97.0
24236,Pilibhit,2023-10-15 02:30:00,20.7,20.1,70,69.0
24237,Pilibhit,2023-10-16 02:30:00,21.1,20.7,71,70.0
24238,Pilibhit,2023-10-17 02:30:00,19.4,21.1,84,71.0
24239,Pilibhit,2023-10-18 02:30:00,18.5,19.4,71,84.0
24240,Pilibhit,2023-10-19 02:30:00,17.4,18.5,69,71.0
24241,Pilibhit,2023-10-20 02:30:00,17.5,17.4,69,69.0
24242,Pilibhit,2023-10-21 02:15:00,17.7,17.5,70,69.0
24243,Pilibhit,2023-10-22 02:30:00,18.0,17.7,66,70.0
24244,Pilibhit,2023-10-23 02:15:00,18.0,18.0,61,66.0
24245,Pilibhit,2023-10-24 02:15:00,17.9,18.0,64,61.0
24246,Pilibhit,2023-10-25 02:30:00,18.7,17.9,59,64.0
24247,Pilibhit,2023-10-26 02:00:00,19.0,18.7,61,59.0
24248,Pilibhit,2023-10-27 02:15:00,18.9,19.0,63,61.0
24249,Pilibhit,2023-10-28 02:00:00,18.3,18.9,66,63.0
24250,Pilibhit,2023-10-29 02:45:00,18.7,18.3,58,66.0
24251,Pilibhit,2023-10-30 02:00:00,18.7,18.7,64,58.0
24297,Pithoragarh,2023-10-15 02:30:00,16.9,16.8,69,73.0
24298,Pithoragarh,2023-10-16 02:30:00,16.4,16.9,74,69.0
24299,Pithoragarh,2023-10-17 02:30:00,15.9,16.4,84,74.0
24300,Pithoragarh,2023-10-18 02:30:00,14.8,15.9,67,84.0
24301,Pithoragarh,2023-10-19 02:15:00,14.3,14.8,73,67.0
24302,Pithoragarh,2023-10-20 02:30:00,14.0,14.3,69,73.0
24303,Pithoragarh,2023-10-21 02:15:00,14.4,14.0,72,69.0
24304,Pithoragarh,2023-10-22 02:15:00,14.5,14.4,71,72.0
24305,Pithoragarh,2023-10-23 02:15:00,14.7,14.5,71,71.0
24306,Pithoragarh,2023-10-24 02:15:00,14.0,14.7,59,71.0
24307,Pithoragarh,2023-10-25 02:15:00,14.8,14.0,58,59.0
24308,Pithoragarh,2023-10-26 02:00:00,15.1,14.8,66,58.0
24309,Pithoragarh,2023-10-27 02:15:00,15.1,15.1,70,66.0
24310,Pithoragarh,2023-10-28 02:00:00,14.7,15.1,69,70.0
24311,Pithoragarh,2023-10-29 02:30:00,15.0,14.7,69,69.0
24312,Pithoragarh,2023-10-30 01:45:00,15.3,15.0,73,69.0
24358,Porbandar,2023-10-15 02:30:00,26.6,26.8,68,78.0
24359,Porbandar,2023-10-16 02:30:00,26.5,26.6,75,68.0
24360,Porbandar,2023-10-17 02:15:00,26.3,26.5,74,75.0
24361,Porbandar,2023-10-18 02:15:00,26.1,26.3,80,74.0
24362,Porbandar,2023-10-19 02:15:00,27.3,26.1,74,80.0
24363,Porbandar,2023-10-20 02:30:00,26.9,27.3,66,74.0
24364,Porbandar,2023-10-21 02:15:00,27.0,26.9,72,66.0
24365,Porbandar,2023-10-22 02:15:00,27.8,27.0,60,72.0
24366,Porbandar,2023-10-23 02:00:00,27.4,27.8,66,60.0
24367,Porbandar,2023-10-24 02:15:00,26.9,27.4,69,66.0
24368,Porbandar,2023-10-25 02:15:00,27.4,26.9,63,69.0
24369,Porbandar,2023-10-26 02:00:00,27.0,27.4,65,63.0
24370,Porbandar,2023-10-27 02:15:00,26.9,27.0,61,65.0
24371,Porbandar,2023-10-28 02:00:00,26.6,26.9,65,61.0
24372,Porbandar,2023-10-29 02:30:00,26.8,26.6,64,65.0
24373,Porbandar,2023-10-30 01:45:00,27.2,26.8,63,64.0
24419,Pratapgarh,2023-10-15 02:30:00,22.7,23.8,50,48.0
24420,Pratapgarh,2023-10-16 02:30:00,22.5,22.7,68,50.0
24421,Pratapgarh,2023-10-17 02:30:00,22.8,22.5,61,68.0
24422,Pratapgarh,2023-10-18 02:30:00,21.6,22.8,59,61.0
24423,Pratapgarh,2023-10-19 02:30:00,22.5,21.6,58,59.0
24424,Pratapgarh,2023-10-20 02:30:00,21.7,22.5,50,58.0
24425,Pratapgarh,2023-10-21 02:15:00,22.5,21.7,49,50.0
24426,Pratapgarh,2023-10-22 02:30:00,21.8,22.5,40,49.0
24427,Pratapgarh,2023-10-23 02:15:00,21.9,21.8,42,40.0
24428,Pratapgarh,2023-10-24 02:15:00,23.5,21.9,40,42.0
24429,Pratapgarh,2023-10-25 02:15:00,21.2,23.5,37,40.0
24430,Pratapgarh,2023-10-26 02:00:00,21.5,21.2,35,37.0
24431,Pratapgarh,2023-10-27 02:15:00,20.6,21.5,31,35.0
24432,Pratapgarh,2023-10-28 02:00:00,20.5,20.6,36,31.0
24433,Pratapgarh,2023-10-29 02:45:00,21.2,20.5,40,36.0
24434,Pratapgarh,2023-10-30 02:00:00,21.3,21.2,39,40.0
24480,Puducherry,2023-10-15 02:30:00,26.4,25.9,80,84.0
24481,Puducherry,2023-10-16 02:30:00,26.4,26.4,84,80.0
24482,Puducherry,2023-10-17 02:15:00,26.7,26.4,81,84.0
24483,Puducherry,2023-10-18 02:30:00,25.8,26.7,79,81.0
24484,Puducherry,2023-10-19 02:15:00,25.9,25.8,82,79.0
24485,Puducherry,2023-10-20 02:30:00,26.0,25.9,74,82.0
24486,Puducherry,2023-10-21 02:15:00,25.6,26.0,82,74.0
24487,Puducherry,2023-10-22 02:15:00,25.5,25.6,86,82.0
24488,Puducherry,2023-10-23 02:15:00,25.9,25.5,82,86.0
24489,Puducherry,2023-10-24 02:15:00,26.1,25.9,78,82.0
24490,Puducherry,2023-10-25 02:15:00,26.4,26.1,77,78.0
24491,Puducherry,2023-10-26 02:00:00,26.3,26.4,72,77.0
24492,Puducherry,2023-10-27 02:15:00,26.2,26.3,78,72.0
24493,Puducherry,2023-10-28 02:00:00,26.2,26.2,74,78.0
24494,Puducherry,2023-10-29 02:30:00,25.6,26.2,86,74.0
24495,Puducherry,2023-10-30 01:45:00,26.1,25.6,83,86.0
24541,Pudukkottai,2023-10-15 02:30:00,24.0,27.0,100,89.0
24542,Pudukkottai,2023-10-16 02:30:00,27.0,24.0,94,100.0
24543,Pudukkottai,2023-10-17 02:30:00,25.0,27.0,94,94.0
24544,Pudukkottai,2023-10-18 02:30:00,26.0,25.0,89,94.0
24545,Pudukkottai,2023-10-19 02:30:00,26.0,26.0,94,89.0
24546,Pudukkottai,2023-10-20 02:30:00,26.0,26.0,94,94.0
24547,Pudukkottai,2023-10-21 02:15:00,26.0,26.0,84,94.0
24548,Pudukkottai,2023-10-22 02:30:00,26.0,26.0,89,84.0
24549,Pudukkottai,2023-10-23 02:15:00,27.0,26.0,89,89.0
24550,Pudukkottai,2023-10-24 02:15:00,26.0,27.0,89,89.0
24551,Pudukkottai,2023-10-25 02:30:00,28.0,26.0,79,89.0
24552,Pudukkottai,2023-10-26 02:00:00,25.5,28.0,83,79.0
24553,Pudukkottai,2023-10-27 02:30:00,27.0,25.5,79,83.0
24554,Pudukkottai,2023-10-28 02:00:00,26.0,27.0,89,79.0
24555,Pudukkottai,2023-10-29 02:45:00,26.0,26.0,89,89.0
24556,Pudukkottai,2023-10-30 02:00:00,25.0,26.0,94,89.0
24602,Pulwama,2023-10-15 02:30:00,6.7,8.9,73,56.0
24603,Pulwama,2023-10-16 02:30:00,8.8,6.7,66,73.0
24604,Pulwama,2023-10-17 02:15:00,6.9,8.8,92,66.0
24605,Pulwama,2023-10-18 02:15:00,5.4,6.9,87,92.0
24606,Pulwama,2023-10-19 02:15:00,8.0,5.4,61,87.0
24607,Pulwama,2023-10-20 02:15:00,8.4,8.0,53,61.0
24608,Pulwama,2023-10-21 02:15:00,9.9,8.4,47,53.0
24609,Pulwama,2023-10-22 02:15:00,10.7,9.9,46,47.0
24610,Pulwama,2023-10-23 02:00:00,3.4,10.7,82,46.0
24611,Pulwama,2023-10-24 02:15:00,5.2,3.4,57,82.0
24612,Pulwama,2023-10-25 02:15:00,4.9,5.2,58,57.0
24613,Pulwama,2023-10-26 02:00:00,5.2,4.9,44,58.0
24614,Pulwama,2023-10-27 02:15:00,5.5,5.2,45,44.0
24615,Pulwama,2023-10-28 02:00:00,6.0,5.5,46,45.0
24616,Pulwama,2023-10-29 02:30:00,6.0,6.0,45,46.0
24617,Pulwama,2023-10-30 01:45:00,7.1,6.0,37,45.0
24663,Punch,2023-10-15 02:30:00,27.5,26.5,38,37.0
24664,Punch,2023-10-16 02:30:00,28.2,27.5,38,38.0
24665,Punch,2023-10-17 02:15:00,22.0,28.2,69,38.0
24666,Punch,2023-10-18 02:15:00,24.3,22.0,58,69.0
24667,Punch,2023-10-19 02:15:00,24.3,24.3,41,58.0
24668,Punch,2023-10-20 02:15:00,23.5,24.3,41,41.0
24669,Punch,2023-10-21 02:15:00,22.8,23.5,43,41.0
24670,Punch,2023-10-22 02:15:00,22.8,22.8,42,43.0
24671,Punch,2023-10-23 02:00:00,22.4,22.8,44,42.0
24672,Punch,2023-10-24 02:15:00,22.8,22.4,40,44.0
24673,Punch,2023-10-25 02:15:00,22.7,22.8,43,40.0
24674,Punch,2023-10-26 02:00:00,22.5,22.7,35,43.0
24675,Punch,2023-10-27 02:15:00,22.1,22.5,34,35.0
24676,Punch,2023-10-28 02:00:00,22.4,22.1,34,34.0
24677,Punch,2023-10-29 02:30:00,23.0,22.4,33,34.0
24678,Punch,2023-10-30 01:45:00,23.4,23.0,36,33.0
24724,Pune,2023-10-15 02:30:00,22.8,23.0,70,72.0
24725,Pune,2023-10-16 02:30:00,23.4,22.8,71,70.0
24726,Pune,2023-10-17 02:15:00,23.4,23.4,67,71.0
24727,Pune,2023-10-18 02:30:00,23.4,23.4,69,67.0
24728,Pune,2023-10-19 02:15:00,23.9,23.4,60,69.0
24729,Pune,2023-10-20 02:30:00,24.6,23.9,70,60.0
24730,Pune,2023-10-21 02:15:00,23.3,24.6,66,70.0
24731,Pune,2023-10-22 02:15:00,24.0,23.3,62,66.0
24732,Pune,2023-10-23 02:15:00,22.4,24.0,66,62.0
24733,Pune,2023-10-24 02:15:00,22.7,22.4,59,66.0
24734,Pune,2023-10-25 02:15:00,22.3,22.7,57,59.0
24735,Pune,2023-10-26 02:00:00,21.8,22.3,49,57.0
24736,Pune,2023-10-27 02:15:00,20.2,21.8,45,49.0
24737,Pune,2023-10-28 02:00:00,20.1,20.2,46,45.0
24738,Pune,2023-10-29 02:45:00,20.5,20.1,47,46.0
24739,Pune,2023-10-30 01:45:00,20.8,20.5,50,47.0
24785,Puri,2023-10-15 02:30:00,27.0,28.1,84,70.0
24786,Puri,2023-10-16 02:30:00,25.0,27.0,89,84.0
24787,Puri,2023-10-17 02:30:00,26.0,25.0,89,89.0
24788,Puri,2023-10-18 02:30:00,25.0,26.0,94,89.0
24789,Puri,2023-10-19 02:30:00,26.0,25.0,89,94.0
24790,Puri,2023-10-20 02:30:00,24.0,26.0,94,89.0
24791,Puri,2023-10-21 02:15:00,24.0,24.0,89,94.0
24792,Puri,2023-10-22 02:15:00,24.0,24.0,83,89.0
24793,Puri,2023-10-23 02:15:00,25.0,24.0,79,83.0
24794,Puri,2023-10-24 02:15:00,25.0,25.0,89,79.0
24795,Puri,2023-10-25 02:15:00,24.0,25.0,94,89.0
24796,Puri,2023-10-26 02:00:00,25.0,24.0,94,94.0
24797,Puri,2023-10-27 02:15:00,23.0,25.0,83,94.0
24798,Puri,2023-10-28 02:00:00,22.0,23.0,78,83.0
24799,Puri,2023-10-29 02:45:00,21.0,22.0,83,78.0
24800,Puri,2023-10-30 02:00:00,21.0,21.0,88,83.0
24849,Puri District,2023-10-17 02:30:00,26.0,25.0,89,89.0
24850,Puri District,2023-10-18 02:30:00,25.0,26.0,94,89.0
24851,Puri District,2023-10-19 02:15:00,26.0,25.0,89,94.0
24852,Puri District,2023-10-20 02:30:00,24.0,26.0,94,89.0
24853,Puri District,2023-10-21 02:15:00,24.0,24.0,89,94.0
24854,Puri District,2023-10-22 02:15:00,24.0,24.0,83,89.0
24855,Puri District,2023-10-23 02:15:00,25.0,24.0,79,83.0
24856,Puri District,2023-10-24 02:15:00,25.0,25.0,89,79.0
24857,Puri District,2023-10-25 02:15:00,24.0,25.0,94,89.0
24858,Puri District,2023-10-26 02:00:00,25.0,24.0,94,94.0
24859,Puri District,2023-10-27 02:15:00,23.0,25.0,83,94.0
24860,Puri District,2023-10-28 02:00:00,22.0,23.0,78,83.0
24861,Puri District,2023-10-29 02:30:00,21.0,22.0,83,78.0
24862,Puri District,2023-10-29 02:45:00,21.0,21.0,83,83.0
24863,Puri District,2023-10-30 01:45:00,21.0,21.0,88,83.0
24864,Puri District,2023-10-30 02:00:00,21.0,21.0,88,88.0
24910,Purnia,2023-10-15 02:30:00,22.9,23.5,73,66.0
24911,Purnia,2023-10-16 02:30:00,24.9,22.9,69,73.0
24912,Purnia,2023-10-17 02:15:00,23.2,24.9,79,69.0
24913,Purnia,2023-10-18 02:30:00,23.3,23.2,77,79.0
24914,Purnia,2023-10-19 02:15:00,21.8,23.3,72,77.0
24915,Purnia,2023-10-20 02:30:00,22.1,21.8,78,72.0
24916,Purnia,2023-10-21 02:15:00,21.4,22.1,75,78.0
24917,Purnia,2023-10-22 02:15:00,21.7,21.4,72,75.0
24918,Purnia,2023-10-23 02:00:00,21.7,21.7,78,72.0
24919,Purnia,2023-10-24 02:15:00,21.6,21.7,77,78.0
24920,Purnia,2023-10-25 02:15:00,22.1,21.6,73,77.0
24921,Purnia,2023-10-26 02:00:00,22.1,22.1,76,73.0
24922,Purnia,2023-10-27 02:15:00,21.0,22.1,57,76.0
24923,Purnia,2023-10-28 02:00:00,20.9,21.0,63,57.0
24924,Purnia,2023-10-29 02:30:00,21.6,20.9,59,63.0
24925,Purnia,2023-10-30 01:45:00,21.7,21.6,66,59.0
24971,Puruliya,2023-10-15 02:30:00,21.5,23.5,69,68.0
24972,Puruliya,2023-10-16 02:30:00,22.1,21.5,66,69.0
24973,Puruliya,2023-10-17 02:30:00,23.1,22.1,76,66.0
24974,Puruliya,2023-10-18 02:30:00,22.6,23.1,74,76.0
24975,Puruliya,2023-10-19 02:15:00,22.2,22.6,78,74.0
24976,Puruliya,2023-10-20 02:30:00,21.5,22.2,71,78.0
24977,Puruliya,2023-10-21 02:15:00,20.3,21.5,72,71.0
24978,Puruliya,2023-10-22 02:15:00,19.8,20.3,65,72.0
24979,Puruliya,2023-10-23 02:15:00,20.1,19.8,67,65.0
24980,Puruliya,2023-10-24 02:15:00,21.1,20.1,72,67.0
24981,Puruliya,2023-10-25 02:15:00,21.9,21.1,73,72.0
24982,Puruliya,2023-10-26 02:00:00,23.4,21.9,68,73.0
24983,Puruliya,2023-10-27 02:15:00,20.7,23.4,61,68.0
24984,Puruliya,2023-10-28 02:00:00,18.0,20.7,77,61.0
24985,Puruliya,2023-10-29 02:45:00,20.1,18.0,62,77.0
24986,Puruliya,2023-10-30 02:00:00,20.3,20.1,62,62.0
25032,Rae Bareli,2023-10-15 02:30:00,24.8,23.3,48,50.0
25033,Rae Bareli,2023-10-16 02:30:00,24.1,24.8,61,48.0
25034,Rae Bareli,2023-10-17 02:30:00,21.0,24.1,80,61.0
25035,Rae Bareli,2023-10-18 02:30:00,22.2,21.0,69,80.0
25036,Rae Bareli,2023-10-19 02:30:00,21.3,22.2,57,69.0
25037,Rae Bareli,2023-10-20 02:30:00,21.0,21.3,49,57.0
25038,Rae Bareli,2023-10-21 02:15:00,20.2,21.0,52,49.0
25039,Rae Bareli,2023-10-22 02:30:00,20.0,20.2,51,52.0
25040,Rae Bareli,2023-10-23 02:15:00,20.9,20.0,61,51.0
25041,Rae Bareli,2023-10-24 02:15:00,21.2,20.9,58,61.0
25042,Rae Bareli,2023-10-25 02:30:00,21.6,21.2,53,58.0
25043,Rae Bareli,2023-10-26 02:00:00,22.2,21.6,62,53.0
25044,Rae Bareli,2023-10-27 02:30:00,20.9,22.2,42,62.0
25045,Rae Bareli,2023-10-28 02:00:00,21.1,20.9,36,42.0
25046,Rae Bareli,2023-10-29 02:45:00,21.7,21.1,45,36.0
25047,Rae Bareli,2023-10-30 02:00:00,21.5,21.7,47,45.0
25093,Raichur,2023-10-15 02:30:00,25.4,25.6,64,65.0
25094,Raichur,2023-10-16 02:30:00,25.3,25.4,62,64.0
25095,Raichur,2023-10-17 02:30:00,26.3,25.3,62,62.0
25096,Raichur,2023-10-18 02:30:00,24.7,26.3,65,62.0
25097,Raichur,2023-10-19 02:15:00,23.8,24.7,66,65.0
25098,Raichur,2023-10-20 02:30:00,23.8,23.8,68,66.0
25099,Raichur,2023-10-21 02:15:00,24.2,23.8,69,68.0
25100,Raichur,2023-10-22 02:15:00,24.1,24.2,69,69.0
25101,Raichur,2023-10-23 02:15:00,22.5,24.1,54,69.0
25102,Raichur,2023-10-24 02:15:00,21.5,22.5,63,54.0
25103,Raichur,2023-10-25 02:15:00,21.3,21.5,55,63.0
25104,Raichur,2023-10-26 02:00:00,21.5,21.3,56,55.0
25105,Raichur,2023-10-27 02:15:00,20.6,21.5,49,56.0
25106,Raichur,2023-10-28 02:00:00,21.3,20.6,59,49.0
25107,Raichur,2023-10-29 02:45:00,26.0,21.3,65,59.0
25108,Raichur,2023-10-30 02:00:00,24.7,26.0,77,65.0
25154,Raigarh,2023-10-15 02:30:00,21.8,23.3,72,72.0
25155,Raigarh,2023-10-16 02:30:00,21.8,21.8,68,72.0
25156,Raigarh,2023-10-17 02:30:00,22.8,21.8,71,68.0
25157,Raigarh,2023-10-18 02:30:00,21.3,22.8,76,71.0
25158,Raigarh,2023-10-19 02:15:00,21.4,21.3,75,76.0
25159,Raigarh,2023-10-20 02:30:00,21.4,21.4,71,75.0
25160,Raigarh,2023-10-21 02:15:00,19.9,21.4,63,71.0
25161,Raigarh,2023-10-22 02:15:00,19.1,19.9,66,63.0
25162,Raigarh,2023-10-23 02:15:00,18.4,19.1,63,66.0
25163,Raigarh,2023-10-24 02:15:00,19.1,18.4,76,63.0
25164,Raigarh,2023-10-25 02:15:00,19.5,19.1,69,76.0
25165,Raigarh,2023-10-26 02:00:00,18.5,19.5,60,69.0
25166,Raigarh,2023-10-27 02:15:00,18.3,18.5,60,60.0
25167,Raigarh,2023-10-28 02:00:00,18.5,18.3,65,60.0
25168,Raigarh,2023-10-29 02:30:00,18.6,18.5,66,65.0
25169,Raigarh,2023-10-30 01:45:00,19.3,18.6,66,66.0
25215,Raipur,2023-10-15 02:30:00,22.8,24.2,65,65.0
25216,Raipur,2023-10-16 02:30:00,23.6,22.8,65,65.0
25217,Raipur,2023-10-17 02:30:00,22.4,23.6,65,65.0
25218,Raipur,2023-10-18 02:30:00,22.5,22.4,70,65.0
25219,Raipur,2023-10-19 02:15:00,22.1,22.5,79,70.0
25220,Raipur,2023-10-20 02:30:00,22.2,22.1,78,79.0
25221,Raipur,2023-10-21 02:15:00,20.3,22.2,70,78.0
25222,Raipur,2023-10-22 02:15:00,19.4,20.3,66,70.0
25223,Raipur,2023-10-23 02:15:00,18.7,19.4,61,66.0
25224,Raipur,2023-10-24 02:15:00,18.3,18.7,64,61.0
25225,Raipur,2023-10-25 02:15:00,19.1,18.3,65,64.0
25226,Raipur,2023-10-26 02:00:00,18.9,19.1,60,65.0
25227,Raipur,2023-10-27 02:15:00,18.8,18.9,56,60.0
25228,Raipur,2023-10-28 02:00:00,18.8,18.8,63,56.0
25229,Raipur,2023-10-29 02:30:00,18.7,18.8,65,63.0
25230,Raipur,2023-10-30 01:45:00,19.3,18.7,67,65.0
25276,Raisen,2023-10-15 02:30:00,25.0,23.9,44,47.0
25277,Raisen,2023-10-16 02:30:00,23.9,25.0,50,44.0
25278,Raisen,2023-10-17 02:15:00,20.5,23.9,74,50.0
25279,Raisen,2023-10-18 02:15:00,23.0,20.5,69,74.0
25280,Raisen,2023-10-19 02:15:00,22.2,23.0,65,69.0
25281,Raisen,2023-10-20 02:15:00,21.4,22.2,52,65.0
25282,Raisen,2023-10-21 02:00:00,20.8,21.4,50,52.0
25283,Raisen,2023-10-22 02:15:00,21.5,20.8,40,50.0
25284,Raisen,2023-10-23 02:00:00,20.4,21.5,54,40.0
25285,Raisen,2023-10-24 02:15:00,19.9,20.4,51,54.0
25286,Raisen,2023-10-25 02:15:00,19.6,19.9,45,51.0
25287,Raisen,2023-10-26 02:00:00,20.1,19.6,43,45.0
25288,Raisen,2023-10-27 02:15:00,19.6,20.1,44,43.0
25289,Raisen,2023-10-28 02:00:00,18.9,19.6,41,44.0
25290,Raisen,2023-10-29 02:30:00,19.2,18.9,41,41.0
25291,Raisen,2023-10-30 01:45:00,20.0,19.2,60,41.0
25337,Rajgarh,2023-10-15 02:30:00,27.1,27.2,35,38.0
25338,Rajgarh,2023-10-16 02:30:00,26.3,27.1,44,35.0
25339,Rajgarh,2023-10-17 02:15:00,21.3,26.3,72,44.0
25340,Rajgarh,2023-10-18 02:15:00,22.8,21.3,62,72.0
25341,Rajgarh,2023-10-19 02:15:00,23.0,22.8,47,62.0
25342,Rajgarh,2023-10-20 02:15:00,23.0,23.0,43,47.0
25343,Rajgarh,2023-10-21 02:00:00,23.4,23.0,44,43.0
25344,Rajgarh,2023-10-22 02:15:00,23.2,23.4,44,44.0
25345,Rajgarh,2023-10-23 02:00:00,23.4,23.2,40,44.0
25346,Rajgarh,2023-10-24 02:15:00,22.4,23.4,38,40.0
25347,Rajgarh,2023-10-25 02:15:00,22.4,22.4,37,38.0
25348,Rajgarh,2023-10-26 02:00:00,22.9,22.4,36,37.0
25349,Rajgarh,2023-10-27 02:15:00,22.2,22.9,29,36.0
25350,Rajgarh,2023-10-28 02:00:00,22.2,22.2,24,29.0
25351,Rajgarh,2023-10-29 02:30:00,23.6,22.2,35,24.0
25352,Rajgarh,2023-10-30 01:45:00,24.2,23.6,36,35.0
25398,Rajkot,2023-10-15 02:30:00,26.7,28.5,57,63.0
25399,Rajkot,2023-10-16 02:30:00,26.0,26.7,73,57.0
25400,Rajkot,2023-10-17 02:15:00,25.4,26.0,74,73.0
25401,Rajkot,2023-10-18 02:15:00,25.8,25.4,70,74.0
25402,Rajkot,2023-10-19 02:15:00,26.9,25.8,38,70.0
25403,Rajkot,2023-10-20 02:30:00,27.1,26.9,38,38.0
25404,Rajkot,2023-10-21 02:15:00,27.9,27.1,40,38.0
25405,Rajkot,2023-10-22 02:15:00,27.9,27.9,46,40.0
25406,Rajkot,2023-10-23 02:00:00,28.0,27.9,40,46.0
25407,Rajkot,2023-10-24 02:15:00,27.5,28.0,39,40.0
25408,Rajkot,2023-10-25 02:15:00,27.2,27.5,34,39.0
25409,Rajkot,2023-10-26 02:00:00,27.4,27.2,33,34.0
25410,Rajkot,2023-10-27 02:15:00,26.4,27.4,51,33.0
25411,Rajkot,2023-10-28 02:00:00,26.3,26.4,49,51.0
25412,Rajkot,2023-10-29 02:30:00,26.0,26.3,47,49.0
25413,Rajkot,2023-10-30 01:45:00,27.4,26.0,30,47.0
25459,Rajsamand,2023-10-15 02:30:00,23.0,23.6,66,50.0
25460,Rajsamand,2023-10-16 02:30:00,22.9,23.0,59,66.0
25461,Rajsamand,2023-10-17 02:30:00,22.2,22.9,57,59.0
25462,Rajsamand,2023-10-18 02:30:00,21.4,22.2,62,57.0
25463,Rajsamand,2023-10-19 02:30:00,21.7,21.4,52,62.0
25464,Rajsamand,2023-10-20 02:30:00,21.9,21.7,49,52.0
25465,Rajsamand,2023-10-21 02:15:00,22.6,21.9,41,49.0
25466,Rajsamand,2023-10-22 02:30:00,23.8,22.6,35,41.0
25467,Rajsamand,2023-10-23 02:15:00,23.1,23.8,37,35.0
25468,Rajsamand,2023-10-24 02:15:00,21.3,23.1,39,37.0
25469,Rajsamand,2023-10-25 02:30:00,21.4,21.3,36,39.0
25470,Rajsamand,2023-10-26 02:00:00,21.3,21.4,34,36.0
25471,Rajsamand,2023-10-27 02:15:00,21.1,21.3,25,34.0
25472,Rajsamand,2023-10-28 02:00:00,21.7,21.1,30,25.0
25473,Rajsamand,2023-10-29 02:45:00,21.8,21.7,35,30.0
25474,Rajsamand,2023-10-30 02:00:00,21.3,21.8,38,35.0
25520,Ramanathapuram,2023-10-15 02:30:00,27.2,27.1,79,79.0
25521,Ramanathapuram,2023-10-16 02:30:00,27.6,27.2,76,79.0
25522,Ramanathapuram,2023-10-17 02:30:00,26.3,27.6,83,76.0
25523,Ramanathapuram,2023-10-18 02:30:00,27.2,26.3,80,83.0
25524,Ramanathapuram,2023-10-19 02:30:00,27.2,27.2,76,80.0
25525,Ramanathapuram,2023-10-20 02:30:00,26.6,27.2,79,76.0
25526,Ramanathapuram,2023-10-21 02:15:00,27.2,26.6,72,79.0
25527,Ramanathapuram,2023-10-22 02:30:00,27.4,27.2,75,72.0
25528,Ramanathapuram,2023-10-23 02:15:00,27.3,27.4,73,75.0
25529,Ramanathapuram,2023-10-24 02:15:00,27.3,27.3,78,73.0
25530,Ramanathapuram,2023-10-25 02:30:00,27.1,27.3,77,78.0
25531,Ramanathapuram,2023-10-26 02:00:00,27.3,27.1,76,77.0
25532,Ramanathapuram,2023-10-27 02:15:00,27.3,27.3,75,76.0
25533,Ramanathapuram,2023-10-28 02:00:00,27.3,27.3,77,75.0
25534,Ramanathapuram,2023-10-29 02:45:00,27.1,27.3,79,77.0
25535,Ramanathapuram,2023-10-30 02:00:00,26.8,27.1,78,79.0
25581,Ramban,2023-10-15 02:30:00,14.7,15.2,61,59.0
25582,Ramban,2023-10-16 02:30:00,13.9,14.7,58,61.0
25583,Ramban,2023-10-17 02:15:00,12.9,13.9,77,58.0
25584,Ramban,2023-10-18 02:15:00,10.0,12.9,75,77.0
25585,Ramban,2023-10-19 02:15:00,11.4,10.0,65,75.0
25586,Ramban,2023-10-20 02:15:00,11.9,11.4,61,65.0
25587,Ramban,2023-10-21 02:15:00,12.6,11.9,60,61.0
25588,Ramban,2023-10-22 02:15:00,12.9,12.6,66,60.0
25589,Ramban,2023-10-23 02:00:00,10.4,12.9,77,66.0
25590,Ramban,2023-10-24 02:15:00,12.1,10.4,60,77.0
25591,Ramban,2023-10-25 02:15:00,11.8,12.1,58,60.0
25592,Ramban,2023-10-26 02:00:00,12.2,11.8,43,58.0
25593,Ramban,2023-10-27 02:15:00,12.3,12.2,42,43.0
25594,Ramban,2023-10-28 02:00:00,13.0,12.3,43,42.0
25595,Ramban,2023-10-29 02:30:00,13.0,13.0,41,43.0
25596,Ramban,2023-10-30 01:45:00,13.1,13.0,37,41.0
25642,Ramgarh,2023-10-15 02:30:00,20.0,21.0,83,78.0
25643,Ramgarh,2023-10-16 02:30:00,19.0,20.0,94,83.0
25644,Ramgarh,2023-10-17 02:15:00,20.7,19.0,74,94.0
25645,Ramgarh,2023-10-18 02:30:00,20.0,20.7,94,74.0
25646,Ramgarh,2023-10-19 02:15:00,20.0,20.0,88,94.0
25647,Ramgarh,2023-10-20 02:30:00,20.0,20.0,83,88.0
25648,Ramgarh,2023-10-21 02:15:00,17.0,20.0,94,83.0
25649,Ramgarh,2023-10-22 02:15:00,16.0,17.0,94,94.0
25650,Ramgarh,2023-10-23 02:00:00,18.0,16.0,77,94.0
25651,Ramgarh,2023-10-24 02:15:00,20.0,18.0,78,77.0
25652,Ramgarh,2023-10-25 02:15:00,18.8,20.0,77,78.0
25653,Ramgarh,2023-10-26 02:00:00,21.0,18.8,83,77.0
25654,Ramgarh,2023-10-27 02:15:00,18.0,21.0,83,83.0
25655,Ramgarh,2023-10-28 02:00:00,18.0,18.0,77,83.0
25656,Ramgarh,2023-10-29 02:30:00,17.8,18.0,64,77.0
25657,Ramgarh,2023-10-30 01:45:00,17.0,17.8,83,64.0
25703,Rampur,2023-10-15 02:30:00,21.8,21.1,59,59.0
25704,Rampur,2023-10-16 02:30:00,22.0,21.8,60,59.0
25705,Rampur,2023-10-17 02:30:00,18.9,22.0,85,60.0
25706,Rampur,2023-10-18 02:30:00,19.1,18.9,64,85.0
25707,Rampur,2023-10-19 02:30:00,18.3,19.1,59,64.0
25708,Rampur,2023-10-20 02:30:00,18.2,18.3,67,59.0
25709,Rampur,2023-10-21 02:15:00,18.8,18.2,58,67.0
25710,Rampur,2023-10-22 02:30:00,18.5,18.8,61,58.0
25711,Rampur,2023-10-23 02:15:00,19.4,18.5,55,61.0
25712,Rampur,2023-10-24 02:15:00,19.0,19.4,53,55.0
25713,Rampur,2023-10-25 02:30:00,19.4,19.0,54,53.0
25714,Rampur,2023-10-26 02:00:00,19.8,19.4,50,54.0
25715,Rampur,2023-10-27 02:30:00,19.3,19.8,58,50.0
25716,Rampur,2023-10-28 02:00:00,19.0,19.3,53,58.0
25717,Rampur,2023-10-29 02:45:00,18.9,19.0,53,53.0
25718,Rampur,2023-10-30 02:00:00,19.2,18.9,58,53.0
25764,Ranchi,2023-10-15 02:30:00,20.0,21.0,83,78.0
25765,Ranchi,2023-10-16 02:30:00,19.0,20.0,94,83.0
25766,Ranchi,2023-10-17 02:15:00,20.7,19.0,74,94.0
25767,Ranchi,2023-10-18 02:30:00,20.0,20.7,94,74.0
25768,Ranchi,2023-10-19 02:15:00,20.0,20.0,88,94.0
25769,Ranchi,2023-10-20 02:30:00,20.0,20.0,83,88.0
25770,Ranchi,2023-10-21 02:15:00,17.0,20.0,94,83.0
25771,Ranchi,2023-10-22 02:15:00,16.0,17.0,94,94.0
25772,Ranchi,2023-10-23 02:00:00,18.0,16.0,77,94.0
25773,Ranchi,2023-10-24 02:15:00,20.0,18.0,78,77.0
25774,Ranchi,2023-10-25 02:15:00,18.7,20.0,77,78.0
25775,Ranchi,2023-10-26 02:00:00,21.0,18.7,83,77.0
25776,Ranchi,2023-10-27 02:15:00,18.0,21.0,83,83.0
25777,Ranchi,2023-10-28 02:00:00,18.0,18.0,77,83.0
25778,Ranchi,2023-10-29 02:30:00,17.7,18.0,64,77.0
25779,Ranchi,2023-10-30 01:45:00,17.0,17.7,83,64.0
25825,Ranipet,2023-10-15 02:30:00,23.8,22.9,90,90.0
25826,Ranipet,2023-10-16 02:30:00,24.1,23.8,92,90.0
25827,Ranipet,2023-10-17 02:30:00,23.6,24.1,92,92.0
25828,Ranipet,2023-10-18 02:30:00,23.0,23.6,83,92.0
25829,Ranipet,2023-10-19 02:30:00,22.5,23.0,89,83.0
25830,Ranipet,2023-10-20 02:30:00,22.6,22.5,87,89.0
25831,Ranipet,2023-10-21 02:30:00,22.9,22.6,89,87.0
25832,Ranipet,2023-10-22 02:30:00,23.3,22.9,80,89.0
25833,Ranipet,2023-10-23 02:15:00,23.4,23.3,85,80.0
25834,Ranipet,2023-10-24 02:15:00,22.4,23.4,78,85.0
25835,Ranipet,2023-10-25 02:30:00,22.8,22.4,79,78.0
25836,Ranipet,2023-10-26 02:00:00,22.6,22.8,78,79.0
25837,Ranipet,2023-10-27 02:30:00,22.7,22.6,89,78.0
25838,Ranipet,2023-10-28 02:00:00,22.9,22.7,92,89.0
25839,Ranipet,2023-10-29 02:45:00,23.2,22.9,94,92.0
25840,Ranipet,2023-10-30 02:00:00,23.1,23.2,92,94.0
25886,Ratlam,2023-10-15 02:30:00,24.7,24.1,54,50.0
25887,Ratlam,2023-10-16 02:30:00,23.3,24.7,66,54.0
25888,Ratlam,2023-10-17 02:15:00,23.2,23.3,62,66.0
25889,Ratlam,2023-10-18 02:15:00,21.9,23.2,62,62.0
25890,Ratlam,2023-10-19 02:15:00,22.9,21.9,54,62.0
25891,Ratlam,2023-10-20 02:15:00,22.6,22.9,52,54.0
25892,Ratlam,2023-10-21 02:00:00,23.4,22.6,54,52.0
25893,Ratlam,2023-10-22 02:15:00,23.0,23.4,55,54.0
25894,Ratlam,2023-10-23 02:00:00,22.7,23.0,43,55.0
25895,Ratlam,2023-10-24 02:15:00,22.9,22.7,40,43.0
25896,Ratlam,2023-10-25 02:15:00,21.4,22.9,40,40.0
25897,Ratlam,2023-10-26 02:00:00,21.1,21.4,34,40.0
25898,Ratlam,2023-10-27 02:15:00,21.0,21.1,30,34.0
25899,Ratlam,2023-10-28 02:00:00,20.4,21.0,37,30.0
25900,Ratlam,2023-10-29 02:30:00,21.3,20.4,39,37.0
25901,Ratlam,2023-10-30 01:45:00,21.6,21.3,40,39.0
25947,Ratnagiri,2023-10-15 02:30:00,26.0,25.4,70,79.0
25948,Ratnagiri,2023-10-16 02:30:00,25.3,26.0,83,70.0
25949,Ratnagiri,2023-10-17 02:30:00,26.4,25.3,80,83.0
25950,Ratnagiri,2023-10-18 02:30:00,25.7,26.4,84,80.0
25951,Ratnagiri,2023-10-19 02:30:00,25.6,25.7,80,84.0
25952,Ratnagiri,2023-10-20 02:30:00,26.2,25.6,75,80.0
25953,Ratnagiri,2023-10-21 02:15:00,26.9,26.2,73,75.0
25954,Ratnagiri,2023-10-22 02:30:00,26.3,26.9,71,73.0
25955,Ratnagiri,2023-10-23 02:15:00,25.2,26.3,77,71.0
25956,Ratnagiri,2023-10-24 02:15:00,24.5,25.2,69,77.0
25957,Ratnagiri,2023-10-25 02:15:00,24.3,24.5,75,69.0
25958,Ratnagiri,2023-10-26 02:00:00,24.5,24.3,72,75.0
25959,Ratnagiri,2023-10-27 02:15:00,23.7,24.5,57,72.0
25960,Ratnagiri,2023-10-28 02:00:00,23.8,23.7,53,57.0
25961,Ratnagiri,2023-10-29 02:45:00,23.9,23.8,59,53.0
25962,Ratnagiri,2023-10-30 02:00:00,24.3,23.9,60,59.0
26008,Rayagada,2023-10-15 02:30:00,17.9,19.2,83,81.0
26009,Rayagada,2023-10-16 02:30:00,17.2,17.9,75,83.0
26010,Rayagada,2023-10-17 02:30:00,21.0,17.2,71,75.0
26011,Rayagada,2023-10-18 02:30:00,18.5,21.0,81,71.0
26012,Rayagada,2023-10-19 02:30:00,17.6,18.5,88,81.0
26013,Rayagada,2023-10-20 02:30:00,17.1,17.6,90,88.0
26014,Rayagada,2023-10-21 02:15:00,16.8,17.1,88,90.0
26015,Rayagada,2023-10-22 02:30:00,16.0,16.8,81,88.0
26016,Rayagada,2023-10-23 02:15:00,15.5,16.0,67,81.0
26017,Rayagada,2023-10-24 02:15:00,15.3,15.5,74,67.0
26018,Rayagada,2023-10-25 02:15:00,17.0,15.3,94,74.0
26019,Rayagada,2023-10-26 02:00:00,16.3,17.0,90,94.0
26020,Rayagada,2023-10-27 02:15:00,15.8,16.3,77,90.0
26021,Rayagada,2023-10-28 02:00:00,15.3,15.8,75,77.0
26022,Rayagada,2023-10-29 02:45:00,15.2,15.3,88,75.0
26023,Rayagada,2023-10-30 02:00:00,14.5,15.2,86,88.0
26069,Rewa,2023-10-15 02:30:00,23.4,23.0,54,52.0
26070,Rewa,2023-10-16 02:30:00,23.9,23.4,55,54.0
26071,Rewa,2023-10-17 02:15:00,21.4,23.9,67,55.0
26072,Rewa,2023-10-18 02:15:00,22.0,21.4,69,67.0
26073,Rewa,2023-10-19 02:15:00,21.9,22.0,60,69.0
26074,Rewa,2023-10-20 02:15:00,20.9,21.9,50,60.0
26075,Rewa,2023-10-21 02:00:00,20.9,20.9,54,50.0
26076,Rewa,2023-10-22 02:15:00,19.7,20.9,52,54.0
26077,Rewa,2023-10-23 02:00:00,19.0,19.7,51,52.0
26078,Rewa,2023-10-24 02:15:00,19.0,19.0,53,51.0
26079,Rewa,2023-10-25 02:15:00,19.9,19.0,53,53.0
26080,Rewa,2023-10-26 02:00:00,19.6,19.9,52,53.0
26081,Rewa,2023-10-27 02:15:00,19.3,19.6,39,52.0
26082,Rewa,2023-10-28 02:00:00,19.2,19.3,42,39.0
26083,Rewa,2023-10-29 02:30:00,19.4,19.2,43,42.0
26084,Rewa,2023-10-30 01:45:00,20.0,19.4,45,43.0
26130,Rewari,2023-10-15 02:30:00,26.7,26.7,33,32.0
26131,Rewari,2023-10-16 02:30:00,27.1,26.7,38,33.0
26132,Rewari,2023-10-17 02:15:00,20.4,27.1,78,38.0
26133,Rewari,2023-10-18 02:30:00,23.2,20.4,58,78.0
26134,Rewari,2023-10-19 02:15:00,22.2,23.2,46,58.0
26135,Rewari,2023-10-20 02:30:00,22.8,22.2,43,46.0
26136,Rewari,2023-10-21 02:15:00,23.6,22.8,42,43.0
26137,Rewari,2023-10-22 02:15:00,23.3,23.6,34,42.0
26138,Rewari,2023-10-23 02:15:00,23.6,23.3,37,34.0
26139,Rewari,2023-10-24 02:15:00,22.8,23.6,41,37.0
26140,Rewari,2023-10-25 02:15:00,23.0,22.8,40,41.0
26141,Rewari,2023-10-26 02:00:00,22.9,23.0,42,40.0
26142,Rewari,2023-10-27 02:15:00,22.3,22.9,34,42.0
26143,Rewari,2023-10-28 02:00:00,22.9,22.3,21,34.0
26144,Rewari,2023-10-29 02:30:00,23.9,22.9,31,21.0
26145,Rewari,2023-10-30 01:45:00,24.4,23.9,36,31.0
26191,Rohtak,2023-10-15 02:30:00,25.6,25.2,33,31.0
26192,Rohtak,2023-10-16 02:30:00,26.1,25.6,40,33.0
26193,Rohtak,2023-10-17 02:15:00,19.2,26.1,81,40.0
26194,Rohtak,2023-10-18 02:15:00,22.8,19.2,54,81.0
26195,Rohtak,2023-10-19 02:15:00,21.3,22.8,43,54.0
26196,Rohtak,2023-10-20 02:30:00,21.6,21.3,38,43.0
26197,Rohtak,2023-10-21 02:15:00,23.1,21.6,42,38.0
26198,Rohtak,2023-10-22 02:15:00,22.4,23.1,33,42.0
26199,Rohtak,2023-10-23 02:15:00,22.9,22.4,39,33.0
26200,Rohtak,2023-10-24 02:15:00,21.9,22.9,37,39.0
26201,Rohtak,2023-10-25 02:15:00,22.9,21.9,37,37.0
26202,Rohtak,2023-10-26 02:00:00,21.7,22.9,34,37.0
26203,Rohtak,2023-10-27 02:15:00,21.6,21.7,26,34.0
26204,Rohtak,2023-10-28 02:00:00,22.7,21.6,25,26.0
26205,Rohtak,2023-10-29 02:30:00,23.6,22.7,29,25.0
26206,Rohtak,2023-10-30 01:45:00,24.0,23.6,34,29.0
26252,Rudraprayag,2023-10-15 02:30:00,12.5,12.7,70,75.0
26253,Rudraprayag,2023-10-16 02:30:00,11.3,12.5,74,70.0
26254,Rudraprayag,2023-10-17 02:30:00,10.1,11.3,77,74.0
26255,Rudraprayag,2023-10-18 02:30:00,9.0,10.1,77,77.0
26256,Rudraprayag,2023-10-19 02:15:00,9.5,9.0,67,77.0
26257,Rudraprayag,2023-10-20 02:30:00,9.7,9.5,70,67.0
26258,Rudraprayag,2023-10-21 02:15:00,9.7,9.7,73,70.0
26259,Rudraprayag,2023-10-22 02:15:00,10.2,9.7,73,73.0
26260,Rudraprayag,2023-10-23 02:15:00,10.0,10.2,61,73.0
26261,Rudraprayag,2023-10-24 02:15:00,9.8,10.0,63,61.0
26262,Rudraprayag,2023-10-25 02:15:00,9.8,9.8,55,63.0
26263,Rudraprayag,2023-10-26 02:00:00,9.9,9.8,59,55.0
26264,Rudraprayag,2023-10-27 02:15:00,10.1,9.9,63,59.0
26265,Rudraprayag,2023-10-28 02:00:00,10.2,10.1,67,63.0
26266,Rudraprayag,2023-10-29 02:30:00,10.5,10.2,65,67.0
26267,Rudraprayag,2023-10-30 01:45:00,10.4,10.5,66,65.0
26313,Rupnagar,2023-10-15 02:30:00,22.3,20.0,42,44.0
26314,Rupnagar,2023-10-16 02:30:00,21.6,22.3,43,42.0
26315,Rupnagar,2023-10-17 02:30:00,18.3,21.6,58,43.0
26316,Rupnagar,2023-10-18 02:30:00,17.2,18.3,55,58.0
26317,Rupnagar,2023-10-19 02:15:00,16.7,17.2,51,55.0
26318,Rupnagar,2023-10-20 02:30:00,17.2,16.7,49,51.0
26319,Rupnagar,2023-10-21 02:15:00,18.2,17.2,48,49.0
26320,Rupnagar,2023-10-22 02:15:00,18.9,18.2,45,48.0
26321,Rupnagar,2023-10-23 02:15:00,17.8,18.9,43,45.0
26322,Rupnagar,2023-10-24 02:15:00,17.5,17.8,47,43.0
26323,Rupnagar,2023-10-25 02:15:00,19.3,17.5,44,47.0
26324,Rupnagar,2023-10-26 02:00:00,18.6,19.3,40,44.0
26325,Rupnagar,2023-10-27 02:15:00,17.8,18.6,42,40.0
26326,Rupnagar,2023-10-28 02:00:00,18.5,17.8,43,42.0
26327,Rupnagar,2023-10-29 02:45:00,17.8,18.5,47,43.0
26328,Rupnagar,2023-10-30 02:00:00,18.1,17.8,41,47.0
26374,Sagar,2023-10-15 02:30:00,23.5,22.5,53,52.0
26375,Sagar,2023-10-16 02:30:00,24.5,23.5,47,53.0
26376,Sagar,2023-10-17 02:15:00,21.0,24.5,70,47.0
26377,Sagar,2023-10-18 02:15:00,21.2,21.0,69,70.0
26378,Sagar,2023-10-19 02:15:00,22.0,21.2,63,69.0
26379,Sagar,2023-10-20 02:15:00,20.3,22.0,47,63.0
26380,Sagar,2023-10-21 02:00:00,20.2,20.3,52,47.0
26381,Sagar,2023-10-22 02:15:00,20.0,20.2,46,52.0
26382,Sagar,2023-10-23 02:00:00,18.5,20.0,58,46.0
26383,Sagar,2023-10-24 02:00:00,18.6,18.5,53,58.0
26384,Sagar,2023-10-25 02:15:00,19.2,18.6,46,53.0
26385,Sagar,2023-10-26 02:00:00,19.1,19.2,44,46.0
26386,Sagar,2023-10-27 02:15:00,19.0,19.1,42,44.0
26387,Sagar,2023-10-28 02:00:00,18.4,19.0,44,42.0
26388,Sagar,2023-10-29 02:30:00,18.7,18.4,42,44.0
26389,Sagar,2023-10-30 01:45:00,19.3,18.7,45,42.0
26435,Saharanpur,2023-10-15 02:30:00,21.7,20.7,54,60.0
26436,Saharanpur,2023-10-16 02:30:00,21.6,21.7,55,54.0
26437,Saharanpur,2023-10-17 02:30:00,17.2,21.6,80,55.0
26438,Saharanpur,2023-10-18 02:30:00,18.8,17.2,63,80.0
26439,Saharanpur,2023-10-19 02:30:00,17.6,18.8,60,63.0
26440,Saharanpur,2023-10-20 02:30:00,18.2,17.6,61,60.0
26441,Saharanpur,2023-10-21 02:15:00,18.4,18.2,58,61.0
26442,Saharanpur,2023-10-22 02:30:00,18.7,18.4,57,58.0
26443,Saharanpur,2023-10-23 02:15:00,18.8,18.7,58,57.0
26444,Saharanpur,2023-10-24 02:15:00,18.5,18.8,55,58.0
26445,Saharanpur,2023-10-25 02:30:00,19.1,18.5,54,55.0
26446,Saharanpur,2023-10-26 02:00:00,19.4,19.1,48,54.0
26447,Saharanpur,2023-10-27 02:30:00,18.7,19.4,51,48.0
26448,Saharanpur,2023-10-28 02:00:00,19.2,18.7,48,51.0
26449,Saharanpur,2023-10-29 02:45:00,19.1,19.2,52,48.0
26450,Saharanpur,2023-10-30 02:00:00,18.9,19.1,55,52.0
26496,Saharsa,2023-10-15 02:30:00,22.9,23.5,68,64.0
26497,Saharsa,2023-10-16 02:30:00,24.1,22.9,72,68.0
26498,Saharsa,2023-10-17 02:15:00,23.2,24.1,80,72.0
26499,Saharsa,2023-10-18 02:30:00,23.5,23.2,75,80.0
26500,Saharsa,2023-10-19 02:15:00,21.6,23.5,70,75.0
26501,Saharsa,2023-10-20 02:30:00,21.8,21.6,69,70.0
26502,Saharsa,2023-10-21 02:15:00,21.1,21.8,65,69.0
26503,Saharsa,2023-10-22 02:15:00,20.9,21.1,64,65.0
26504,Saharsa,2023-10-23 02:15:00,21.5,20.9,68,64.0
26505,Saharsa,2023-10-24 02:15:00,21.5,21.5,74,68.0
26506,Saharsa,2023-10-25 02:15:00,22.4,21.5,66,74.0
26507,Saharsa,2023-10-26 02:00:00,21.9,22.4,73,66.0
26508,Saharsa,2023-10-27 02:15:00,21.1,21.9,58,73.0
26509,Saharsa,2023-10-28 02:00:00,21.0,21.1,55,58.0
26510,Saharsa,2023-10-29 02:30:00,21.9,21.0,61,55.0
26511,Saharsa,2023-10-30 01:45:00,21.6,21.9,66,61.0
26557,Sahibganj,2023-10-15 02:30:00,22.0,23.0,72,68.0
26558,Sahibganj,2023-10-16 02:30:00,25.4,22.0,64,72.0
26559,Sahibganj,2023-10-17 02:15:00,23.7,25.4,75,64.0
26560,Sahibganj,2023-10-18 02:30:00,24.0,23.7,76,75.0
26561,Sahibganj,2023-10-19 02:15:00,22.4,24.0,77,76.0
26562,Sahibganj,2023-10-20 02:30:00,22.1,22.4,71,77.0
26563,Sahibganj,2023-10-21 02:15:00,21.5,22.1,69,71.0
26564,Sahibganj,2023-10-22 02:15:00,21.4,21.5,69,69.0
26565,Sahibganj,2023-10-23 02:00:00,22.6,21.4,74,69.0
26566,Sahibganj,2023-10-24 02:15:00,21.7,22.6,87,74.0
26567,Sahibganj,2023-10-25 02:15:00,22.3,21.7,85,87.0
26568,Sahibganj,2023-10-26 02:00:00,21.5,22.3,82,85.0
26569,Sahibganj,2023-10-27 02:15:00,21.4,21.5,58,82.0
26570,Sahibganj,2023-10-28 02:00:00,21.4,21.4,58,58.0
26571,Sahibganj,2023-10-29 02:30:00,21.5,21.4,56,58.0
26572,Sahibganj,2023-10-30 01:45:00,21.4,21.5,68,56.0
26618,Saiha,2023-10-15 02:30:00,16.5,17.8,86,99.0
26619,Saiha,2023-10-16 02:30:00,17.0,16.5,86,86.0
26620,Saiha,2023-10-17 02:15:00,17.1,17.0,84,86.0
26621,Saiha,2023-10-18 02:30:00,16.6,17.1,80,84.0
26622,Saiha,2023-10-19 02:15:00,16.7,16.6,83,80.0
26623,Saiha,2023-10-20 02:30:00,16.5,16.7,81,83.0
26624,Saiha,2023-10-21 02:15:00,17.2,16.5,78,81.0
26625,Saiha,2023-10-22 02:15:00,17.8,17.2,96,78.0
26626,Saiha,2023-10-23 02:15:00,18.9,17.8,99,96.0
26627,Saiha,2023-10-24 02:15:00,18.4,18.9,100,99.0
26628,Saiha,2023-10-25 02:15:00,18.1,18.4,100,100.0
26629,Saiha,2023-10-26 02:00:00,18.4,18.1,99,100.0
26630,Saiha,2023-10-27 02:15:00,17.2,18.4,97,99.0
26631,Saiha,2023-10-28 02:00:00,16.7,17.2,92,97.0
26632,Saiha,2023-10-29 02:30:00,15.9,16.7,86,92.0
26633,Saiha,2023-10-30 01:45:00,16.7,15.9,80,86.0
26679,Saitual,2023-10-15 02:30:00,17.3,21.4,98,91.0
26680,Saitual,2023-10-16 02:30:00,18.6,17.3,98,98.0
26681,Saitual,2023-10-17 02:30:00,19.0,18.6,94,98.0
26682,Saitual,2023-10-18 02:30:00,19.5,19.0,92,94.0
26683,Saitual,2023-10-19 02:30:00,19.1,19.5,96,92.0
26684,Saitual,2023-10-20 02:30:00,19.1,19.1,92,96.0
26685,Saitual,2023-10-21 02:30:00,19.1,19.1,89,92.0
26686,Saitual,2023-10-22 02:30:00,20.2,19.1,93,89.0
26687,Saitual,2023-10-23 02:15:00,21.6,20.2,100,93.0
26688,Saitual,2023-10-24 02:15:00,20.6,21.6,100,100.0
26689,Saitual,2023-10-25 02:30:00,21.9,20.6,82,100.0
26690,Saitual,2023-10-26 02:00:00,20.8,21.9,96,82.0
26691,Saitual,2023-10-27 02:30:00,19.8,20.8,99,96.0
26692,Saitual,2023-10-28 02:00:00,18.8,19.8,98,99.0
26693,Saitual,2023-10-29 02:45:00,18.5,18.8,97,98.0
26694,Saitual,2023-10-30 02:00:00,18.4,18.5,84,97.0
26740,Salem,2023-10-15 02:30:00,21.4,21.4,94,87.0
26741,Salem,2023-10-16 02:30:00,22.5,21.4,85,94.0
26742,Salem,2023-10-17 02:30:00,21.2,22.5,92,85.0
26743,Salem,2023-10-18 02:30:00,21.1,21.2,92,92.0
26744,Salem,2023-10-19 02:30:00,20.9,21.1,86,92.0
26745,Salem,2023-10-20 02:30:00,20.7,20.9,87,86.0
26746,Salem,2023-10-21 02:15:00,20.9,20.7,87,87.0
26747,Salem,2023-10-22 02:30:00,21.6,20.9,80,87.0
26748,Salem,2023-10-23 02:15:00,21.8,21.6,85,80.0
26749,Salem,2023-10-24 02:15:00,21.2,21.8,73,85.0
26750,Salem,2023-10-25 02:30:00,21.1,21.2,78,73.0
26751,Salem,2023-10-26 02:00:00,21.0,21.1,86,78.0
26752,Salem,2023-10-27 02:15:00,20.4,21.0,87,86.0
26753,Salem,2023-10-28 02:00:00,21.8,20.4,88,87.0
26754,Salem,2023-10-29 02:45:00,20.6,21.8,90,88.0
26755,Salem,2023-10-30 02:00:00,20.8,20.6,94,90.0
26801,Samastipur,2023-10-15 02:30:00,23.0,23.4,70,55.0
26802,Samastipur,2023-10-16 02:30:00,24.0,23.0,73,70.0
26803,Samastipur,2023-10-17 02:15:00,23.0,24.0,83,73.0
26804,Samastipur,2023-10-18 02:30:00,23.5,23.0,73,83.0
26805,Samastipur,2023-10-19 02:15:00,21.8,23.5,69,73.0
26806,Samastipur,2023-10-20 02:30:00,21.7,21.8,60,69.0
26807,Samastipur,2023-10-21 02:15:00,21.2,21.7,61,60.0
26808,Samastipur,2023-10-22 02:15:00,21.2,21.2,58,61.0
26809,Samastipur,2023-10-23 02:15:00,21.0,21.2,60,58.0
26810,Samastipur,2023-10-24 02:15:00,22.3,21.0,73,60.0
26811,Samastipur,2023-10-25 02:15:00,23.1,22.3,64,73.0
26812,Samastipur,2023-10-26 02:00:00,22.1,23.1,63,64.0
26813,Samastipur,2023-10-27 02:15:00,21.7,22.1,63,63.0
26814,Samastipur,2023-10-28 02:00:00,22.1,21.7,54,63.0
26815,Samastipur,2023-10-29 02:30:00,22.4,22.1,60,54.0
26816,Samastipur,2023-10-30 01:45:00,21.9,22.4,61,60.0
26862,Samba,2023-10-15 02:30:00,20.6,21.2,45,42.0
26863,Samba,2023-10-16 02:30:00,21.3,20.6,43,45.0
26864,Samba,2023-10-17 02:15:00,17.4,21.3,73,43.0
26865,Samba,2023-10-18 02:15:00,16.5,17.4,54,73.0
26866,Samba,2023-10-19 02:15:00,16.5,16.5,56,54.0
26867,Samba,2023-10-20 02:15:00,17.2,16.5,61,56.0
26868,Samba,2023-10-21 02:15:00,18.1,17.2,52,61.0
26869,Samba,2023-10-22 02:15:00,18.9,18.1,50,52.0
26870,Samba,2023-10-23 02:00:00,18.1,18.9,49,50.0
26871,Samba,2023-10-24 02:15:00,18.1,18.1,54,49.0
26872,Samba,2023-10-25 02:15:00,18.3,18.1,43,54.0
26873,Samba,2023-10-26 02:00:00,18.5,18.3,43,43.0
26874,Samba,2023-10-27 02:15:00,18.2,18.5,46,43.0
26875,Samba,2023-10-28 02:00:00,18.7,18.2,45,46.0
26876,Samba,2023-10-29 02:30:00,19.0,18.7,42,45.0
26877,Samba,2023-10-30 01:45:00,19.8,19.0,42,42.0
26923,Sambalpur,2023-10-15 02:30:00,23.0,23.6,77,78.0
26924,Sambalpur,2023-10-16 02:30:00,22.3,23.0,69,77.0
26925,Sambalpur,2023-10-17 02:30:00,22.8,22.3,77,69.0
26926,Sambalpur,2023-10-18 02:30:00,22.5,22.8,77,77.0
26927,Sambalpur,2023-10-19 02:30:00,22.1,22.5,76,77.0
26928,Sambalpur,2023-10-20 02:30:00,21.9,22.1,75,76.0
26929,Sambalpur,2023-10-21 02:15:00,20.9,21.9,73,75.0
26930,Sambalpur,2023-10-22 02:30:00,19.8,20.9,68,73.0
26931,Sambalpur,2023-10-23 02:15:00,19.3,19.8,64,68.0
26932,Sambalpur,2023-10-24 02:15:00,20.0,19.3,75,64.0
26933,Sambalpur,2023-10-25 02:15:00,21.0,20.0,76,75.0
26934,Sambalpur,2023-10-26 02:00:00,20.0,21.0,68,76.0
26935,Sambalpur,2023-10-27 02:15:00,18.7,20.0,64,68.0
26936,Sambalpur,2023-10-28 02:00:00,19.2,18.7,65,64.0
26937,Sambalpur,2023-10-29 02:45:00,19.2,19.2,68,65.0
26938,Sambalpur,2023-10-30 02:00:00,19.6,19.2,69,68.0
26984,Sambhal,2023-10-15 02:30:00,24.0,22.6,53,53.0
26985,Sambhal,2023-10-16 02:30:00,22.8,24.0,58,53.0
26986,Sambhal,2023-10-17 02:30:00,19.5,22.8,87,58.0
26987,Sambhal,2023-10-18 02:30:00,20.3,19.5,60,87.0
26988,Sambhal,2023-10-19 02:30:00,19.7,20.3,55,60.0
26989,Sambhal,2023-10-20 02:30:00,19.8,19.7,52,55.0
26990,Sambhal,2023-10-21 02:15:00,20.3,19.8,47,52.0
26991,Sambhal,2023-10-22 02:30:00,19.7,20.3,54,47.0
26992,Sambhal,2023-10-23 02:15:00,20.9,19.7,50,54.0
26993,Sambhal,2023-10-24 02:15:00,20.3,20.9,53,50.0
26994,Sambhal,2023-10-25 02:30:00,20.8,20.3,47,53.0
26995,Sambhal,2023-10-26 02:00:00,20.8,20.8,41,47.0
26996,Sambhal,2023-10-27 02:15:00,20.6,20.8,47,41.0
26997,Sambhal,2023-10-28 02:00:00,20.7,20.6,39,47.0
26998,Sambhal,2023-10-29 02:45:00,20.5,20.7,44,39.0
26999,Sambhal,2023-10-30 02:00:00,20.5,20.5,50,44.0
27045,Sangli,2023-10-15 02:30:00,23.5,23.2,68,53.0
27046,Sangli,2023-10-16 02:30:00,23.4,23.5,72,68.0
27047,Sangli,2023-10-17 02:30:00,25.3,23.4,61,72.0
27048,Sangli,2023-10-18 02:30:00,25.1,25.3,59,61.0
27049,Sangli,2023-10-19 02:30:00,25.7,25.1,50,59.0
27050,Sangli,2023-10-20 02:30:00,25.5,25.7,54,50.0
27051,Sangli,2023-10-21 02:15:00,26.2,25.5,47,54.0
27052,Sangli,2023-10-22 02:30:00,24.2,26.2,59,47.0
27053,Sangli,2023-10-23 02:15:00,21.7,24.2,60,59.0
27054,Sangli,2023-10-24 02:15:00,24.5,21.7,50,60.0
27055,Sangli,2023-10-25 02:15:00,22.0,24.5,56,50.0
27056,Sangli,2023-10-26 02:00:00,20.7,22.0,51,56.0
27057,Sangli,2023-10-27 02:15:00,20.6,20.7,50,51.0
27058,Sangli,2023-10-28 02:00:00,20.7,20.6,48,50.0
27059,Sangli,2023-10-29 02:45:00,21.1,20.7,43,48.0
27060,Sangli,2023-10-30 02:00:00,24.5,21.1,45,43.0
27106,Sangrur,2023-10-15 02:30:00,24.2,23.2,43,39.0
27107,Sangrur,2023-10-16 02:30:00,22.7,24.2,46,43.0
27108,Sangrur,2023-10-17 02:30:00,18.2,22.7,84,46.0
27109,Sangrur,2023-10-18 02:30:00,20.4,18.2,56,84.0
27110,Sangrur,2023-10-19 02:15:00,19.7,20.4,50,56.0
27111,Sangrur,2023-10-20 02:30:00,20.6,19.7,40,50.0
27112,Sangrur,2023-10-21 02:15:00,20.9,20.6,35,40.0
27113,Sangrur,2023-10-22 02:15:00,22.0,20.9,30,35.0
27114,Sangrur,2023-10-23 02:15:00,21.7,22.0,41,30.0
27115,Sangrur,2023-10-24 02:15:00,21.2,21.7,47,41.0
27116,Sangrur,2023-10-25 02:15:00,21.7,21.2,38,47.0
27117,Sangrur,2023-10-26 02:00:00,21.0,21.7,35,38.0
27118,Sangrur,2023-10-27 02:15:00,20.8,21.0,35,35.0
27119,Sangrur,2023-10-28 02:00:00,22.2,20.8,32,35.0
27120,Sangrur,2023-10-29 02:45:00,22.3,22.2,36,32.0
27121,Sangrur,2023-10-30 02:00:00,21.9,22.3,36,36.0
27167,Sant,2023-10-15 02:30:00,25.6,26.0,62,54.0
27168,Sant,2023-10-16 02:30:00,24.9,25.6,67,62.0
27169,Sant,2023-10-17 02:30:00,24.9,24.9,55,67.0
27170,Sant,2023-10-18 02:30:00,24.8,24.9,57,55.0
27171,Sant,2023-10-19 02:30:00,24.1,24.8,57,57.0
27172,Sant,2023-10-20 02:30:00,24.3,24.1,51,57.0
27173,Sant,2023-10-21 02:15:00,25.0,24.3,48,51.0
27174,Sant,2023-10-22 02:30:00,25.0,25.0,42,48.0
27175,Sant,2023-10-23 02:15:00,24.6,25.0,42,42.0
27176,Sant,2023-10-24 02:15:00,24.4,24.6,38,42.0
27177,Sant,2023-10-25 02:30:00,24.0,24.4,36,38.0
27178,Sant,2023-10-26 02:00:00,23.7,24.0,32,36.0
27179,Sant,2023-10-27 02:30:00,23.2,23.7,35,32.0
27180,Sant,2023-10-28 02:00:00,23.0,23.2,34,35.0
27181,Sant,2023-10-29 02:45:00,23.5,23.0,36,34.0
27182,Sant,2023-10-30 02:00:00,23.9,23.5,34,36.0
27228,Saraikela,2023-10-15 02:30:00,22.0,24.4,68,69.0
27229,Saraikela,2023-10-16 02:30:00,22.0,22.0,75,68.0
27230,Saraikela,2023-10-17 02:15:00,23.1,22.0,75,75.0
27231,Saraikela,2023-10-18 02:30:00,23.1,23.1,75,75.0
27232,Saraikela,2023-10-19 02:15:00,22.4,23.1,73,75.0
27233,Saraikela,2023-10-20 02:30:00,21.6,22.4,67,73.0
27234,Saraikela,2023-10-21 02:15:00,20.4,21.6,66,67.0
27235,Saraikela,2023-10-22 02:15:00,19.9,20.4,64,66.0
27236,Saraikela,2023-10-23 02:00:00,20.5,19.9,66,64.0
27237,Saraikela,2023-10-24 02:15:00,21.5,20.5,76,66.0
27238,Saraikela,2023-10-25 02:15:00,22.2,21.5,77,76.0
27239,Saraikela,2023-10-26 02:00:00,23.2,22.2,69,77.0
27240,Saraikela,2023-10-27 02:15:00,21.1,23.2,63,69.0
27241,Saraikela,2023-10-28 02:00:00,20.3,21.1,60,63.0
27242,Saraikela,2023-10-29 02:30:00,19.9,20.3,57,60.0
27243,Saraikela,2023-10-30 01:45:00,20.2,19.9,63,57.0
27289,Saran,2023-10-15 02:30:00,21.7,23.0,71,77.0
27290,Saran,2023-10-16 02:30:00,22.9,21.7,69,71.0
27291,Saran,2023-10-17 02:15:00,23.2,22.9,74,69.0
27292,Saran,2023-10-18 02:30:00,22.9,23.2,76,74.0
27293,Saran,2023-10-19 02:15:00,21.6,22.9,81,76.0
27294,Saran,2023-10-20 02:30:00,21.3,21.6,70,81.0
27295,Saran,2023-10-21 02:15:00,20.5,21.3,69,70.0
27296,Saran,2023-10-22 02:15:00,19.9,20.5,61,69.0
27297,Saran,2023-10-23 02:15:00,20.1,19.9,61,61.0
27298,Saran,2023-10-24 02:15:00,20.9,20.1,73,61.0
27299,Saran,2023-10-25 02:15:00,21.4,20.9,73,73.0
27300,Saran,2023-10-26 02:00:00,22.2,21.4,65,73.0
27301,Saran,2023-10-27 02:15:00,20.2,22.2,56,65.0
27302,Saran,2023-10-28 02:00:00,20.4,20.2,58,56.0
27303,Saran,2023-10-29 02:30:00,20.5,20.4,65,58.0
27304,Saran,2023-10-30 01:45:00,20.8,20.5,64,65.0
27350,Satara,2023-10-15 02:30:00,21.2,20.9,72,60.0
27351,Satara,2023-10-16 02:30:00,22.1,21.2,69,72.0
27352,Satara,2023-10-17 02:30:00,23.1,22.1,61,69.0
27353,Satara,2023-10-18 02:30:00,21.7,23.1,74,61.0
27354,Satara,2023-10-19 02:30:00,22.1,21.7,62,74.0
27355,Satara,2023-10-20 02:30:00,23.2,22.1,69,62.0
27356,Satara,2023-10-21 02:15:00,21.9,23.2,70,69.0
27357,Satara,2023-10-22 02:30:00,23.6,21.9,60,70.0
27358,Satara,2023-10-23 02:15:00,20.3,23.6,68,60.0
27359,Satara,2023-10-24 02:15:00,20.5,20.3,64,68.0
27360,Satara,2023-10-25 02:15:00,21.0,20.5,63,64.0
27361,Satara,2023-10-26 02:00:00,20.3,21.0,54,63.0
27362,Satara,2023-10-27 02:15:00,18.5,20.3,44,54.0
27363,Satara,2023-10-28 02:00:00,18.7,18.5,50,44.0
27364,Satara,2023-10-29 02:45:00,18.9,18.7,48,50.0
27365,Satara,2023-10-30 02:00:00,19.8,18.9,51,48.0
27411,Satna,2023-10-15 02:30:00,23.7,23.4,51,50.0
27412,Satna,2023-10-16 02:30:00,25.5,23.7,49,51.0
27413,Satna,2023-10-17 02:15:00,21.2,25.5,73,49.0
27414,Satna,2023-10-18 02:15:00,22.2,21.2,70,73.0
27415,Satna,2023-10-19 02:15:00,22.2,22.2,61,70.0
27416,Satna,2023-10-20 02:15:00,21.4,22.2,49,61.0
27417,Satna,2023-10-21 02:00:00,21.2,21.4,53,49.0
27418,Satna,2023-10-22 02:15:00,20.3,21.2,50,53.0
27419,Satna,2023-10-23 02:00:00,19.5,20.3,48,50.0
27420,Satna,2023-10-24 02:15:00,19.7,19.5,53,48.0
27421,Satna,2023-10-25 02:15:00,20.0,19.7,52,53.0
27422,Satna,2023-10-26 02:00:00,19.9,20.0,49,52.0
27423,Satna,2023-10-27 02:15:00,19.5,19.9,40,49.0
27424,Satna,2023-10-28 02:00:00,19.5,19.5,41,40.0
27425,Satna,2023-10-29 02:30:00,20.0,19.5,42,41.0
27426,Satna,2023-10-30 01:45:00,20.3,20.0,43,42.0
27472,Sawai Madhopur,2023-10-15 02:30:00,27.7,27.9,41,42.0
27473,Sawai Madhopur,2023-10-16 02:30:00,27.1,27.7,44,41.0
27474,Sawai Madhopur,2023-10-17 02:30:00,22.2,27.1,78,44.0
27475,Sawai Madhopur,2023-10-18 02:30:00,23.5,22.2,68,78.0
27476,Sawai Madhopur,2023-10-19 02:30:00,24.0,23.5,52,68.0
27477,Sawai Madhopur,2023-10-20 02:30:00,24.0,24.0,44,52.0
27478,Sawai Madhopur,2023-10-21 02:30:00,23.9,24.0,45,44.0
27479,Sawai Madhopur,2023-10-22 02:30:00,24.1,23.9,47,45.0
27480,Sawai Madhopur,2023-10-23 02:15:00,24.3,24.1,46,47.0
27481,Sawai Madhopur,2023-10-24 02:15:00,23.0,24.3,42,46.0
27482,Sawai Madhopur,2023-10-25 02:30:00,22.6,23.0,40,42.0
27483,Sawai Madhopur,2023-10-26 02:00:00,23.8,22.6,36,40.0
27484,Sawai Madhopur,2023-10-27 02:30:00,22.8,23.8,33,36.0
27485,Sawai Madhopur,2023-10-28 02:00:00,22.8,22.8,35,33.0
27486,Sawai Madhopur,2023-10-29 02:45:00,23.1,22.8,42,35.0
27487,Sawai Madhopur,2023-10-30 02:00:00,23.3,23.1,44,42.0
27533,Sehore,2023-10-15 02:30:00,22.3,22.5,50,52.0
27534,Sehore,2023-10-16 02:30:00,22.9,22.3,59,50.0
27535,Sehore,2023-10-17 02:15:00,21.8,22.9,67,59.0
27536,Sehore,2023-10-18 02:15:00,23.0,21.8,69,67.0
27537,Sehore,2023-10-19 02:15:00,22.3,23.0,61,69.0
27538,Sehore,2023-10-20 02:15:00,22.1,22.3,58,61.0
27539,Sehore,2023-10-21 02:00:00,21.1,22.1,50,58.0
27540,Sehore,2023-10-22 02:15:00,21.4,21.1,42,50.0
27541,Sehore,2023-10-23 02:00:00,20.9,21.4,52,42.0
27542,Sehore,2023-10-24 02:15:00,20.5,20.9,49,52.0
27543,Sehore,2023-10-25 02:15:00,19.9,20.5,45,49.0
27544,Sehore,2023-10-26 02:00:00,20.7,19.9,36,45.0
27545,Sehore,2023-10-27 02:15:00,20.0,20.7,37,36.0
27546,Sehore,2023-10-28 02:00:00,19.5,20.0,35,37.0
27547,Sehore,2023-10-29 02:30:00,20.1,19.5,36,35.0
27548,Sehore,2023-10-30 01:45:00,20.0,20.1,60,36.0
27594,Seoni,2023-10-16 02:30:00,24.3,22.4,52,68.0
27595,Seoni,2023-10-17 02:15:00,20.9,24.3,74,52.0
27596,Seoni,2023-10-18 02:15:00,20.6,20.9,68,74.0
27597,Seoni,2023-10-19 02:15:00,20.1,20.6,73,68.0
27598,Seoni,2023-10-20 02:15:00,19.6,20.1,76,73.0
27599,Seoni,2023-10-21 02:00:00,18.6,19.6,57,76.0
27600,Seoni,2023-10-22 02:15:00,18.3,18.6,58,57.0
27601,Seoni,2023-10-23 02:00:00,17.9,18.3,66,58.0
27602,Seoni,2023-10-24 02:15:00,17.0,17.9,64,66.0
27603,Seoni,2023-10-25 02:15:00,17.3,17.0,58,64.0
27604,Seoni,2023-10-26 02:00:00,17.4,17.3,53,58.0
27605,Seoni,2023-10-27 02:15:00,17.4,17.4,50,53.0
27606,Seoni,2023-10-28 02:00:00,17.3,17.4,51,50.0
27607,Seoni,2023-10-29 02:30:00,17.6,17.3,56,51.0
27608,Seoni,2023-10-30 01:45:00,17.4,17.6,54,56.0
27654,Serchhip,2023-10-15 02:30:00,16.5,17.8,89,99.0
27655,Serchhip,2023-10-16 02:30:00,17.2,16.5,88,89.0
27656,Serchhip,2023-10-17 02:15:00,17.4,17.2,82,88.0
27657,Serchhip,2023-10-18 02:30:00,16.6,17.4,79,82.0
27658,Serchhip,2023-10-19 02:15:00,16.5,16.6,80,79.0
27659,Serchhip,2023-10-20 02:30:00,17.7,16.5,79,80.0
27660,Serchhip,2023-10-21 02:15:00,16.8,17.7,77,79.0
27661,Serchhip,2023-10-22 02:15:00,17.5,16.8,94,77.0
27662,Serchhip,2023-10-23 02:15:00,18.9,17.5,100,94.0
27663,Serchhip,2023-10-24 02:15:00,18.3,18.9,100,100.0
27664,Serchhip,2023-10-25 02:15:00,17.7,18.3,99,100.0
27665,Serchhip,2023-10-26 02:00:00,17.2,17.7,99,99.0
27666,Serchhip,2023-10-27 02:15:00,17.2,17.2,98,99.0
27667,Serchhip,2023-10-28 02:00:00,16.4,17.2,90,98.0
27668,Serchhip,2023-10-29 02:30:00,15.8,16.4,87,90.0
27669,Serchhip,2023-10-30 01:45:00,16.3,15.8,78,87.0
27715,Shahdara,2023-10-15 02:30:00,24.0,25.0,74,69.0
27716,Shahdara,2023-10-16 02:30:00,26.0,24.0,65,74.0
27717,Shahdara,2023-10-17 02:30:00,19.0,26.0,94,65.0
27718,Shahdara,2023-10-18 02:30:00,21.0,19.0,78,94.0
27719,Shahdara,2023-10-19 02:30:00,21.0,21.0,69,78.0
27720,Shahdara,2023-10-20 02:30:00,21.0,21.0,69,69.0
27721,Shahdara,2023-10-21 02:15:00,20.0,21.0,73,69.0
27722,Shahdara,2023-10-22 02:30:00,21.0,20.0,69,73.0
27723,Shahdara,2023-10-23 02:15:00,21.0,21.0,78,69.0
27724,Shahdara,2023-10-24 02:15:00,22.0,21.0,65,78.0
27725,Shahdara,2023-10-25 02:30:00,21.0,22.0,64,65.0
27726,Shahdara,2023-10-26 02:00:00,22.0,21.0,61,64.0
27727,Shahdara,2023-10-27 02:30:00,21.0,22.0,60,61.0
27728,Shahdara,2023-10-28 02:00:00,20.0,21.0,60,60.0
27729,Shahdara,2023-10-29 02:45:00,20.0,20.0,73,60.0
27730,Shahdara,2023-10-30 02:00:00,22.0,20.0,69,73.0
27776,Shahdol,2023-10-15 02:30:00,21.0,20.9,63,63.0
27777,Shahdol,2023-10-16 02:30:00,21.3,21.0,54,63.0
27778,Shahdol,2023-10-17 02:15:00,19.9,21.3,73,54.0
27779,Shahdol,2023-10-18 02:15:00,19.7,19.9,84,73.0
27780,Shahdol,2023-10-19 02:15:00,19.4,19.7,79,84.0
27781,Shahdol,2023-10-20 02:15:00,18.7,19.4,63,79.0
27782,Shahdol,2023-10-21 02:00:00,18.2,18.7,63,63.0
27783,Shahdol,2023-10-22 02:15:00,17.4,18.2,64,63.0
27784,Shahdol,2023-10-23 02:00:00,15.9,17.4,63,64.0
27785,Shahdol,2023-10-24 02:15:00,16.0,15.9,68,63.0
27786,Shahdol,2023-10-25 02:15:00,16.6,16.0,62,68.0
27787,Shahdol,2023-10-26 02:00:00,16.7,16.6,64,62.0
27788,Shahdol,2023-10-27 02:15:00,16.3,16.7,61,64.0
27789,Shahdol,2023-10-28 02:00:00,16.1,16.3,55,61.0
27790,Shahdol,2023-10-29 02:30:00,16.5,16.1,57,55.0
27791,Shahdol,2023-10-30 01:45:00,17.0,16.5,62,57.0
27837,Shahjahanpur,2023-10-15 02:30:00,23.5,22.6,57,56.0
27838,Shahjahanpur,2023-10-16 02:30:00,23.5,23.5,59,57.0
27839,Shahjahanpur,2023-10-17 02:30:00,20.8,23.5,77,59.0
27840,Shahjahanpur,2023-10-18 02:30:00,20.5,20.8,65,77.0
27841,Shahjahanpur,2023-10-19 02:30:00,20.0,20.5,59,65.0
27842,Shahjahanpur,2023-10-20 02:30:00,19.2,20.0,51,59.0
27843,Shahjahanpur,2023-10-21 02:15:00,19.9,19.2,55,51.0
27844,Shahjahanpur,2023-10-22 02:30:00,20.0,19.9,55,55.0
27845,Shahjahanpur,2023-10-23 02:15:00,20.2,20.0,53,55.0
27846,Shahjahanpur,2023-10-24 02:15:00,20.3,20.2,50,53.0
27847,Shahjahanpur,2023-10-25 02:30:00,21.1,20.3,53,50.0
27848,Shahjahanpur,2023-10-26 02:00:00,21.1,21.1,50,53.0
27849,Shahjahanpur,2023-10-27 02:30:00,20.9,21.1,48,50.0
27850,Shahjahanpur,2023-10-28 02:00:00,20.3,20.9,51,48.0
27851,Shahjahanpur,2023-10-29 02:45:00,21.1,20.3,48,51.0
27852,Shahjahanpur,2023-10-30 02:00:00,20.8,21.1,53,48.0
27898,Shajapur,2023-10-15 02:30:00,23.0,23.5,48,53.0
27899,Shajapur,2023-10-16 02:30:00,22.8,23.0,65,48.0
27900,Shajapur,2023-10-17 02:15:00,22.0,22.8,66,65.0
27901,Shajapur,2023-10-18 02:15:00,21.5,22.0,65,66.0
27902,Shajapur,2023-10-19 02:15:00,22.2,21.5,55,65.0
27903,Shajapur,2023-10-20 02:15:00,21.7,22.2,52,55.0
27904,Shajapur,2023-10-21 02:00:00,22.8,21.7,50,52.0
27905,Shajapur,2023-10-22 02:15:00,21.9,22.8,48,50.0
27906,Shajapur,2023-10-23 02:00:00,21.6,21.9,46,48.0
27907,Shajapur,2023-10-24 02:15:00,22.0,21.6,41,46.0
27908,Shajapur,2023-10-25 02:15:00,20.4,22.0,38,41.0
27909,Shajapur,2023-10-26 02:00:00,20.5,20.4,36,38.0
27910,Shajapur,2023-10-27 02:15:00,20.2,20.5,34,36.0
27911,Shajapur,2023-10-28 02:00:00,20.3,20.2,37,34.0
27912,Shajapur,2023-10-29 02:30:00,20.7,20.3,40,37.0
27913,Shajapur,2023-10-30 01:45:00,21.1,20.7,41,40.0
27959,Sheikhpura,2023-10-15 02:30:00,6.1,8.5,72,57.0
27960,Sheikhpura,2023-10-16 02:30:00,5.9,6.1,72,72.0
27961,Sheikhpura,2023-10-17 02:15:00,7.9,5.9,91,72.0
27962,Sheikhpura,2023-10-18 02:30:00,1.8,7.9,84,91.0
27963,Sheikhpura,2023-10-19 02:15:00,3.4,1.8,68,84.0
27964,Sheikhpura,2023-10-20 02:30:00,4.1,3.4,59,68.0
27965,Sheikhpura,2023-10-21 02:15:00,4.8,4.1,58,59.0
27966,Sheikhpura,2023-10-22 02:15:00,5.6,4.8,62,58.0
27967,Sheikhpura,2023-10-23 02:15:00,3.1,5.6,84,62.0
27968,Sheikhpura,2023-10-24 02:15:00,4.1,3.1,65,84.0
27969,Sheikhpura,2023-10-25 02:15:00,3.7,4.1,62,65.0
27970,Sheikhpura,2023-10-26 02:00:00,4.4,3.7,54,62.0
27971,Sheikhpura,2023-10-27 02:15:00,4.7,4.4,54,54.0
27972,Sheikhpura,2023-10-28 02:00:00,5.1,4.7,55,54.0
27973,Sheikhpura,2023-10-29 02:30:00,5.3,5.1,53,55.0
27974,Sheikhpura,2023-10-30 01:45:00,6.2,5.3,49,53.0
28020,Sheohar,2023-10-15 02:30:00,21.8,21.8,69,62.0
28021,Sheohar,2023-10-16 02:30:00,22.8,21.8,77,69.0
28022,Sheohar,2023-10-17 02:15:00,22.1,22.8,86,77.0
28023,Sheohar,2023-10-18 02:30:00,22.0,22.1,79,86.0
28024,Sheohar,2023-10-19 02:15:00,21.1,22.0,76,79.0
28025,Sheohar,2023-10-20 02:30:00,20.3,21.1,75,76.0
28026,Sheohar,2023-10-21 02:15:00,20.1,20.3,71,75.0
28027,Sheohar,2023-10-22 02:15:00,19.8,20.1,65,71.0
28028,Sheohar,2023-10-23 02:15:00,20.6,19.8,68,65.0
28029,Sheohar,2023-10-24 02:15:00,20.9,20.6,72,68.0
28030,Sheohar,2023-10-25 02:15:00,21.4,20.9,70,72.0
28031,Sheohar,2023-10-26 02:00:00,21.5,21.4,75,70.0
28032,Sheohar,2023-10-27 02:15:00,21.4,21.5,72,75.0
28033,Sheohar,2023-10-28 02:00:00,21.5,21.4,68,72.0
28034,Sheohar,2023-10-29 02:30:00,20.9,21.5,66,68.0
28035,Sheohar,2023-10-30 01:45:00,20.5,20.9,66,66.0
28081,Sheopur,2023-10-15 02:30:00,26.1,25.3,42,46.0
28082,Sheopur,2023-10-16 02:30:00,24.8,26.1,47,42.0
28083,Sheopur,2023-10-17 02:15:00,20.7,24.8,82,47.0
28084,Sheopur,2023-10-18 02:15:00,23.8,20.7,63,82.0
28085,Sheopur,2023-10-19 02:15:00,22.5,23.8,56,63.0
28086,Sheopur,2023-10-20 02:15:00,22.7,22.5,43,56.0
28087,Sheopur,2023-10-21 02:00:00,22.9,22.7,45,43.0
28088,Sheopur,2023-10-22 02:15:00,22.8,22.9,46,45.0
28089,Sheopur,2023-10-23 02:00:00,22.4,22.8,48,46.0
28090,Sheopur,2023-10-24 02:15:00,21.7,22.4,43,48.0
28091,Sheopur,2023-10-25 02:15:00,21.1,21.7,39,43.0
28092,Sheopur,2023-10-26 02:00:00,21.8,21.1,39,39.0
28093,Sheopur,2023-10-27 02:15:00,21.0,21.8,38,39.0
28094,Sheopur,2023-10-28 02:00:00,21.2,21.0,33,38.0
28095,Sheopur,2023-10-29 02:30:00,22.0,21.2,42,33.0
28096,Sheopur,2023-10-30 01:45:00,22.7,22.0,43,42.0
28142,Shimla,2023-10-15 02:30:00,15.4,16.1,68,56.0
28143,Shimla,2023-10-16 02:30:00,14.8,15.4,67,68.0
28144,Shimla,2023-10-17 02:15:00,13.8,14.8,65,67.0
28145,Shimla,2023-10-18 02:15:00,11.9,13.8,71,65.0
28146,Shimla,2023-10-19 02:15:00,12.4,11.9,63,71.0
28147,Shimla,2023-10-20 02:15:00,12.7,12.4,68,63.0
28148,Shimla,2023-10-21 02:00:00,13.1,12.7,68,68.0
28149,Shimla,2023-10-22 02:15:00,13.0,13.1,56,68.0
28150,Shimla,2023-10-23 02:00:00,13.0,13.0,54,56.0
28151,Shimla,2023-10-24 02:15:00,12.8,13.0,66,54.0
28152,Shimla,2023-10-25 02:15:00,13.3,12.8,62,66.0
28153,Shimla,2023-10-26 02:00:00,13.3,13.3,56,62.0
28154,Shimla,2023-10-27 02:15:00,13.1,13.3,53,56.0
28155,Shimla,2023-10-28 02:00:00,13.4,13.1,53,53.0
28156,Shimla,2023-10-29 02:30:00,14.5,13.4,55,53.0
28157,Shimla,2023-10-30 01:45:00,13.7,14.5,53,55.0
28203,Shimoga,2023-10-15 02:30:00,20.4,22.3,88,79.0
28204,Shimoga,2023-10-16 02:30:00,20.0,20.4,91,88.0
28205,Shimoga,2023-10-17 02:30:00,21.6,20.0,86,91.0
28206,Shimoga,2023-10-18 02:30:00,21.6,21.6,88,86.0
28207,Shimoga,2023-10-19 02:15:00,20.0,21.6,67,88.0
28208,Shimoga,2023-10-20 02:30:00,20.3,20.0,74,67.0
28209,Shimoga,2023-10-21 02:15:00,19.7,20.3,87,74.0
28210,Shimoga,2023-10-22 02:15:00,21.6,19.7,78,87.0
28211,Shimoga,2023-10-23 02:15:00,21.8,21.6,63,78.0
28212,Shimoga,2023-10-24 02:15:00,17.9,21.8,55,63.0
28213,Shimoga,2023-10-25 02:15:00,17.7,17.9,58,55.0
28214,Shimoga,2023-10-26 02:00:00,18.2,17.7,49,58.0
28215,Shimoga,2023-10-27 02:15:00,17.6,18.2,51,49.0
28216,Shimoga,2023-10-28 02:00:00,18.6,17.6,60,51.0
28217,Shimoga,2023-10-29 02:45:00,21.0,18.6,85,60.0
28218,Shimoga,2023-10-30 02:00:00,21.9,21.0,81,85.0
28264,Shivpuri,2023-10-15 02:30:00,23.7,25.1,44,42.0
28265,Shivpuri,2023-10-16 02:30:00,25.4,23.7,43,44.0
28266,Shivpuri,2023-10-17 02:15:00,19.2,25.4,87,43.0
28267,Shivpuri,2023-10-18 02:15:00,21.5,19.2,69,87.0
28268,Shivpuri,2023-10-19 02:15:00,21.6,21.5,58,69.0
28269,Shivpuri,2023-10-20 02:15:00,21.1,21.6,46,58.0
28270,Shivpuri,2023-10-21 02:00:00,20.8,21.1,50,46.0
28271,Shivpuri,2023-10-22 02:15:00,20.8,20.8,53,50.0
28272,Shivpuri,2023-10-23 02:00:00,20.8,20.8,45,53.0
28273,Shivpuri,2023-10-24 02:15:00,20.6,20.8,48,45.0
28274,Shivpuri,2023-10-25 02:15:00,19.8,20.6,45,48.0
28275,Shivpuri,2023-10-26 02:00:00,20.2,19.8,42,45.0
28276,Shivpuri,2023-10-27 02:15:00,19.6,20.2,41,42.0
28277,Shivpuri,2023-10-28 02:00:00,20.1,19.6,33,41.0
28278,Shivpuri,2023-10-29 02:30:00,21.2,20.1,40,33.0
28279,Shivpuri,2023-10-30 01:45:00,21.6,21.2,40,40.0
28325,Shupiyan,2023-10-15 02:30:00,10.1,12.2,67,56.0
28326,Shupiyan,2023-10-16 02:30:00,10.6,10.1,56,67.0
28327,Shupiyan,2023-10-17 02:15:00,8.9,10.6,89,56.0
28328,Shupiyan,2023-10-18 02:15:00,8.5,8.9,81,89.0
28329,Shupiyan,2023-10-19 02:15:00,8.5,8.5,61,81.0
28330,Shupiyan,2023-10-20 02:15:00,9.0,8.5,56,61.0
28331,Shupiyan,2023-10-21 02:15:00,9.5,9.0,52,56.0
28332,Shupiyan,2023-10-22 02:15:00,10.5,9.5,47,52.0
28333,Shupiyan,2023-10-23 02:00:00,6.7,10.5,82,47.0
28334,Shupiyan,2023-10-24 02:15:00,8.7,6.7,53,82.0
28335,Shupiyan,2023-10-25 02:15:00,8.4,8.7,61,53.0
28336,Shupiyan,2023-10-26 02:00:00,8.9,8.4,43,61.0
28337,Shupiyan,2023-10-27 02:15:00,9.1,8.9,45,43.0
28338,Shupiyan,2023-10-28 02:00:00,9.5,9.1,47,45.0
28339,Shupiyan,2023-10-29 02:30:00,9.6,9.5,44,47.0
28340,Shupiyan,2023-10-30 01:45:00,10.1,9.6,37,44.0
28413,Siang,2023-10-14 02:30:00,20.9,23.6,52,58.0
28414,Siang,2023-10-15 02:30:00,20.7,20.9,59,52.0
28415,Siang,2023-10-16 02:30:00,21.2,20.7,63,59.0
28416,Siang,2023-10-17 02:15:00,20.8,21.2,68,63.0
28417,Siang,2023-10-17 02:30:00,20.8,20.8,68,68.0
28418,Siang,2023-10-18 02:30:00,20.3,20.8,71,68.0
28419,Siang,2023-10-19 02:15:00,19.7,20.3,77,71.0
28420,Siang,2023-10-19 02:30:00,19.7,19.7,77,77.0
28421,Siang,2023-10-20 02:30:00,19.6,19.7,70,77.0
28422,Siang,2023-10-21 02:15:00,17.7,19.6,59,70.0
28423,Siang,2023-10-21 02:30:00,17.7,17.7,59,59.0
28424,Siang,2023-10-22 02:15:00,17.7,17.7,66,59.0
28425,Siang,2023-10-22 02:30:00,17.7,17.7,66,66.0
28426,Siang,2023-10-23 02:15:00,16.7,17.7,69,66.0
28427,Siang,2023-10-24 02:15:00,17.9,16.7,74,69.0
28428,Siang,2023-10-25 02:15:00,18.6,17.9,80,74.0
28429,Siang,2023-10-25 02:30:00,18.6,18.6,80,80.0
28430,Siang,2023-10-26 02:00:00,17.7,18.6,60,80.0
28431,Siang,2023-10-27 02:15:00,17.3,17.7,59,60.0
28432,Siang,2023-10-27 02:30:00,17.3,17.3,59,59.0
28433,Siang,2023-10-28 02:00:00,16.9,17.3,64,59.0
28434,Siang,2023-10-29 02:30:00,17.1,16.9,64,64.0
28435,Siang,2023-10-29 02:45:00,17.1,17.1,64,64.0
28436,Siang,2023-10-30 01:45:00,17.4,17.1,72,64.0
28437,Siang,2023-10-30 02:00:00,17.2,17.4,73,72.0
28483,Siddipet,2023-10-15 02:30:00,23.4,22.6,72,75.0
28484,Siddipet,2023-10-16 02:30:00,22.6,23.4,69,72.0
28485,Siddipet,2023-10-17 02:30:00,22.4,22.6,77,69.0
28486,Siddipet,2023-10-18 02:30:00,22.2,22.4,70,77.0
28487,Siddipet,2023-10-19 02:30:00,22.3,22.2,70,70.0
28488,Siddipet,2023-10-20 02:30:00,22.4,22.3,73,70.0
28489,Siddipet,2023-10-21 02:30:00,22.1,22.4,77,73.0
28490,Siddipet,2023-10-22 02:30:00,20.5,22.1,65,77.0
28491,Siddipet,2023-10-23 02:15:00,19.5,20.5,57,65.0
28492,Siddipet,2023-10-24 02:15:00,19.1,19.5,66,57.0
28493,Siddipet,2023-10-25 02:30:00,19.0,19.1,62,66.0
28494,Siddipet,2023-10-26 02:00:00,18.9,19.0,59,62.0
28495,Siddipet,2023-10-27 02:30:00,18.4,18.9,56,59.0
28496,Siddipet,2023-10-28 02:00:00,18.8,18.4,56,56.0
28497,Siddipet,2023-10-29 02:45:00,20.1,18.8,66,56.0
28498,Siddipet,2023-10-30 02:00:00,20.4,20.1,63,66.0
28544,Sidhi,2023-10-15 02:30:00,21.4,21.0,61,59.0
28545,Sidhi,2023-10-16 02:30:00,22.2,21.4,61,61.0
28546,Sidhi,2023-10-17 02:15:00,20.6,22.2,70,61.0
28547,Sidhi,2023-10-18 02:15:00,21.1,20.6,76,70.0
28548,Sidhi,2023-10-19 02:15:00,20.5,21.1,65,76.0
28549,Sidhi,2023-10-20 02:15:00,19.7,20.5,54,65.0
28550,Sidhi,2023-10-21 02:00:00,19.3,19.7,59,54.0
28551,Sidhi,2023-10-22 02:15:00,18.3,19.3,58,59.0
28552,Sidhi,2023-10-23 02:00:00,17.7,18.3,58,58.0
28553,Sidhi,2023-10-24 02:15:00,17.6,17.7,59,58.0
28554,Sidhi,2023-10-25 02:15:00,18.2,17.6,53,59.0
28555,Sidhi,2023-10-26 02:00:00,18.2,18.2,59,53.0
28556,Sidhi,2023-10-27 02:15:00,17.9,18.2,53,59.0
28557,Sidhi,2023-10-28 02:00:00,17.6,17.9,46,53.0
28558,Sidhi,2023-10-29 02:30:00,17.7,17.6,50,46.0
28559,Sidhi,2023-10-30 01:45:00,18.6,17.7,54,50.0
28605,Sikar,2023-10-15 02:30:00,25.2,25.6,40,39.0
28606,Sikar,2023-10-16 02:30:00,25.3,25.2,38,40.0
28607,Sikar,2023-10-17 02:30:00,22.0,25.3,65,38.0
28608,Sikar,2023-10-18 02:30:00,21.3,22.0,55,65.0
28609,Sikar,2023-10-19 02:30:00,21.7,21.3,53,55.0
28610,Sikar,2023-10-20 02:30:00,22.4,21.7,45,53.0
28611,Sikar,2023-10-21 02:15:00,23.3,22.4,45,45.0
28612,Sikar,2023-10-22 02:30:00,23.4,23.3,34,45.0
28613,Sikar,2023-10-23 02:15:00,23.5,23.4,38,34.0
28614,Sikar,2023-10-24 02:15:00,22.4,23.5,38,38.0
28615,Sikar,2023-10-25 02:30:00,22.2,22.4,45,38.0
28616,Sikar,2023-10-26 02:00:00,21.7,22.2,43,45.0
28617,Sikar,2023-10-27 02:15:00,22.0,21.7,36,43.0
28618,Sikar,2023-10-28 02:00:00,23.1,22.0,29,36.0
28619,Sikar,2023-10-29 02:45:00,23.9,23.1,27,29.0
28620,Sikar,2023-10-30 02:00:00,23.8,23.9,34,27.0
28666,Simdega,2023-10-15 02:30:00,20.7,21.7,66,63.0
28667,Simdega,2023-10-16 02:30:00,21.7,20.7,67,66.0
28668,Simdega,2023-10-17 02:15:00,23.0,21.7,67,67.0
28669,Simdega,2023-10-18 02:30:00,21.3,23.0,79,67.0
28670,Simdega,2023-10-19 02:15:00,21.6,21.3,75,79.0
28671,Simdega,2023-10-20 02:30:00,21.4,21.6,70,75.0
28672,Simdega,2023-10-21 02:15:00,19.3,21.4,66,70.0
28673,Simdega,2023-10-22 02:15:00,18.3,19.3,67,66.0
28674,Simdega,2023-10-23 02:00:00,17.8,18.3,71,67.0
28675,Simdega,2023-10-24 02:15:00,18.8,17.8,77,71.0
28676,Simdega,2023-10-25 02:15:00,22.2,18.8,73,77.0
28677,Simdega,2023-10-26 02:00:00,19.3,22.2,66,73.0
28678,Simdega,2023-10-27 02:15:00,17.8,19.3,66,66.0
28679,Simdega,2023-10-28 02:00:00,18.1,17.8,63,66.0
28680,Simdega,2023-10-29 02:30:00,18.1,18.1,67,63.0
28681,Simdega,2023-10-30 01:45:00,18.7,18.1,74,67.0
28727,Sirmaur,2023-10-15 02:30:00,25.0,24.5,49,43.0
28728,Sirmaur,2023-10-16 02:30:00,25.6,25.0,51,49.0
28729,Sirmaur,2023-10-17 02:15:00,22.6,25.6,65,51.0
28730,Sirmaur,2023-10-18 02:15:00,22.3,22.6,70,65.0
28731,Sirmaur,2023-10-19 02:15:00,22.4,22.3,57,70.0
28732,Sirmaur,2023-10-20 02:15:00,21.9,22.4,50,57.0
28733,Sirmaur,2023-10-21 02:15:00,21.4,21.9,57,50.0
28734,Sirmaur,2023-10-22 02:15:00,20.3,21.4,48,57.0
28735,Sirmaur,2023-10-23 02:00:00,20.1,20.3,52,48.0
28736,Sirmaur,2023-10-24 02:15:00,20.5,20.1,50,52.0
28737,Sirmaur,2023-10-25 02:15:00,21.2,20.5,47,50.0
28738,Sirmaur,2023-10-26 02:00:00,21.4,21.2,55,47.0
28739,Sirmaur,2023-10-27 02:15:00,21.1,21.4,41,55.0
28740,Sirmaur,2023-10-28 02:00:00,20.7,21.1,39,41.0
28741,Sirmaur,2023-10-29 02:30:00,21.0,20.7,42,39.0
28742,Sirmaur,2023-10-30 01:45:00,21.7,21.0,42,42.0
28788,Sirohi,2023-10-15 02:30:00,26.0,26.2,63,48.0
28789,Sirohi,2023-10-16 02:30:00,25.3,26.0,58,63.0
28790,Sirohi,2023-10-17 02:30:00,24.5,25.3,62,58.0
28791,Sirohi,2023-10-18 02:30:00,24.9,24.5,54,62.0
28792,Sirohi,2023-10-19 02:30:00,24.2,24.9,44,54.0
28793,Sirohi,2023-10-20 02:30:00,24.6,24.2,38,44.0
28794,Sirohi,2023-10-21 02:15:00,25.0,24.6,36,38.0
28795,Sirohi,2023-10-22 02:30:00,25.4,25.0,32,36.0
28796,Sirohi,2023-10-23 02:15:00,25.6,25.4,40,32.0
28797,Sirohi,2023-10-24 02:15:00,24.7,25.6,34,40.0
28798,Sirohi,2023-10-25 02:30:00,25.4,24.7,35,34.0
28799,Sirohi,2023-10-26 02:00:00,24.0,25.4,32,35.0
28800,Sirohi,2023-10-27 02:15:00,24.0,24.0,27,32.0
28801,Sirohi,2023-10-28 02:00:00,25.1,24.0,31,27.0
28802,Sirohi,2023-10-29 02:45:00,24.0,25.1,37,31.0
28803,Sirohi,2023-10-30 02:00:00,24.3,24.0,34,37.0
28849,Sirsa,2023-10-15 02:30:00,26.8,25.4,32,31.0
28850,Sirsa,2023-10-16 02:30:00,24.2,26.8,45,32.0
28851,Sirsa,2023-10-17 02:15:00,19.5,24.2,83,45.0
28852,Sirsa,2023-10-18 02:30:00,21.4,19.5,64,83.0
28853,Sirsa,2023-10-19 02:15:00,20.8,21.4,43,64.0
28854,Sirsa,2023-10-20 02:30:00,21.9,20.8,41,43.0
28855,Sirsa,2023-10-21 02:15:00,23.1,21.9,31,41.0
28856,Sirsa,2023-10-22 02:15:00,23.1,23.1,44,31.0
28857,Sirsa,2023-10-23 02:15:00,22.8,23.1,40,44.0
28858,Sirsa,2023-10-24 02:15:00,22.2,22.8,50,40.0
28859,Sirsa,2023-10-25 02:15:00,22.3,22.2,40,50.0
28860,Sirsa,2023-10-26 02:00:00,22.2,22.3,32,40.0
28861,Sirsa,2023-10-27 02:15:00,21.9,22.2,26,32.0
28862,Sirsa,2023-10-28 02:00:00,23.7,21.9,27,26.0
28863,Sirsa,2023-10-29 02:30:00,24.3,23.7,26,27.0
28864,Sirsa,2023-10-30 01:45:00,24.1,24.3,31,26.0
28910,Sitamarhi,2023-10-15 02:30:00,21.8,21.8,69,62.0
28911,Sitamarhi,2023-10-16 02:30:00,22.8,21.8,77,69.0
28912,Sitamarhi,2023-10-17 02:15:00,22.1,22.8,86,77.0
28913,Sitamarhi,2023-10-18 02:30:00,22.0,22.1,79,86.0
28914,Sitamarhi,2023-10-19 02:15:00,21.1,22.0,76,79.0
28915,Sitamarhi,2023-10-20 02:30:00,20.3,21.1,75,76.0
28916,Sitamarhi,2023-10-21 02:15:00,20.1,20.3,71,75.0
28917,Sitamarhi,2023-10-22 02:15:00,19.8,20.1,65,71.0
28918,Sitamarhi,2023-10-23 02:15:00,20.6,19.8,68,65.0
28919,Sitamarhi,2023-10-24 02:15:00,20.9,20.6,72,68.0
28920,Sitamarhi,2023-10-25 02:15:00,21.4,20.9,70,72.0
28921,Sitamarhi,2023-10-26 02:00:00,21.5,21.4,75,70.0
28922,Sitamarhi,2023-10-27 02:15:00,21.4,21.5,72,75.0
28923,Sitamarhi,2023-10-28 02:00:00,21.5,21.4,68,72.0
28924,Sitamarhi,2023-10-29 02:30:00,20.9,21.5,66,68.0
28925,Sitamarhi,2023-10-30 01:45:00,20.5,20.9,66,66.0
28971,Sitapur,2023-10-15 02:30:00,23.5,22.6,60,59.0
28972,Sitapur,2023-10-16 02:30:00,23.5,23.5,64,60.0
28973,Sitapur,2023-10-17 02:30:00,21.3,23.5,77,64.0
28974,Sitapur,2023-10-18 02:30:00,20.8,21.3,71,77.0
28975,Sitapur,2023-10-19 02:30:00,19.9,20.8,61,71.0
28976,Sitapur,2023-10-20 02:30:00,19.3,19.9,51,61.0
28977,Sitapur,2023-10-21 02:15:00,19.7,19.3,59,51.0
28978,Sitapur,2023-10-22 02:30:00,20.3,19.7,56,59.0
28979,Sitapur,2023-10-23 02:15:00,20.5,20.3,56,56.0
28980,Sitapur,2023-10-24 02:15:00,20.3,20.5,50,56.0
28981,Sitapur,2023-10-25 02:30:00,21.2,20.3,56,50.0
28982,Sitapur,2023-10-26 02:00:00,21.1,21.2,52,56.0
28983,Sitapur,2023-10-27 02:15:00,20.6,21.1,49,52.0
28984,Sitapur,2023-10-28 02:00:00,21.0,20.6,47,49.0
28985,Sitapur,2023-10-29 02:45:00,21.0,21.0,50,47.0
28986,Sitapur,2023-10-30 02:00:00,20.8,21.0,54,50.0
29032,Sivaganga,2023-10-15 02:30:00,26.4,25.0,82,89.0
29033,Sivaganga,2023-10-16 02:30:00,26.5,26.4,82,82.0
29034,Sivaganga,2023-10-17 02:30:00,24.0,26.5,89,82.0
29035,Sivaganga,2023-10-18 02:30:00,25.0,24.0,94,89.0
29036,Sivaganga,2023-10-19 02:30:00,25.0,25.0,86,94.0
29037,Sivaganga,2023-10-20 02:30:00,25.7,25.0,80,86.0
29038,Sivaganga,2023-10-21 02:15:00,25.0,25.7,94,80.0
29039,Sivaganga,2023-10-22 02:30:00,24.0,25.0,89,94.0
29040,Sivaganga,2023-10-23 02:15:00,26.0,24.0,89,89.0
29041,Sivaganga,2023-10-24 02:15:00,25.5,26.0,85,89.0
29042,Sivaganga,2023-10-25 02:30:00,25.6,25.5,84,85.0
29043,Sivaganga,2023-10-26 02:00:00,26.5,25.6,81,84.0
29044,Sivaganga,2023-10-27 02:15:00,25.4,26.5,82,81.0
29045,Sivaganga,2023-10-28 02:00:00,24.7,25.4,86,82.0
29046,Sivaganga,2023-10-29 02:45:00,26.0,24.7,89,86.0
29047,Sivaganga,2023-10-30 02:00:00,25.0,26.0,94,89.0
29093,Siwan,2023-10-15 02:30:00,22.8,22.5,63,59.0
29094,Siwan,2023-10-16 02:30:00,23.3,22.8,74,63.0
29095,Siwan,2023-10-17 02:15:00,23.1,23.3,84,74.0
29096,Siwan,2023-10-18 02:30:00,22.4,23.1,75,84.0
29097,Siwan,2023-10-19 02:15:00,21.0,22.4,65,75.0
29098,Siwan,2023-10-20 02:30:00,20.7,21.0,53,65.0
29099,Siwan,2023-10-21 02:15:00,20.5,20.7,55,53.0
29100,Siwan,2023-10-22 02:15:00,20.8,20.5,57,55.0
29101,Siwan,2023-10-23 02:15:00,20.7,20.8,54,57.0
29102,Siwan,2023-10-24 02:15:00,21.2,20.7,53,54.0
29103,Siwan,2023-10-25 02:15:00,22.5,21.2,65,53.0
29104,Siwan,2023-10-26 02:00:00,21.9,22.5,56,65.0
29105,Siwan,2023-10-27 02:15:00,21.7,21.9,59,56.0
29106,Siwan,2023-10-28 02:00:00,21.4,21.7,56,59.0
29107,Siwan,2023-10-29 02:30:00,21.8,21.4,53,56.0
29108,Siwan,2023-10-30 01:45:00,21.6,21.8,55,53.0
29154,Solan,2023-10-15 02:30:00,15.4,16.1,68,56.0
29155,Solan,2023-10-16 02:30:00,14.8,15.4,67,68.0
29156,Solan,2023-10-17 02:15:00,13.8,14.8,65,67.0
29157,Solan,2023-10-18 02:15:00,11.9,13.8,71,65.0
29158,Solan,2023-10-19 02:15:00,12.4,11.9,63,71.0
29159,Solan,2023-10-20 02:15:00,12.7,12.4,68,63.0
29160,Solan,2023-10-21 02:00:00,12.9,12.7,68,68.0
29161,Solan,2023-10-22 02:15:00,13.0,12.9,56,68.0
29162,Solan,2023-10-23 02:00:00,13.0,13.0,54,56.0
29163,Solan,2023-10-24 02:15:00,12.8,13.0,66,54.0
29164,Solan,2023-10-25 02:15:00,13.3,12.8,62,66.0
29165,Solan,2023-10-26 02:00:00,13.3,13.3,56,62.0
29166,Solan,2023-10-27 02:15:00,13.1,13.3,53,56.0
29167,Solan,2023-10-28 02:00:00,13.4,13.1,53,53.0
29168,Solan,2023-10-29 02:30:00,14.5,13.4,55,53.0
29169,Solan,2023-10-30 01:45:00,13.7,14.5,53,55.0
29215,Solapur,2023-10-15 02:30:00,25.2,24.8,51,54.0
29216,Solapur,2023-10-16 02:30:00,25.7,25.2,53,51.0
29217,Solapur,2023-10-17 02:30:00,25.4,25.7,55,53.0
29218,Solapur,2023-10-18 02:30:00,25.5,25.4,56,55.0
29219,Solapur,2023-10-19 02:30:00,25.6,25.5,57,56.0
29220,Solapur,2023-10-20 02:30:00,26.0,25.6,59,57.0
29221,Solapur,2023-10-21 02:15:00,25.2,26.0,54,59.0
29222,Solapur,2023-10-22 02:30:00,24.8,25.2,55,54.0
29223,Solapur,2023-10-23 02:15:00,23.0,24.8,53,55.0
29224,Solapur,2023-10-24 02:15:00,22.9,23.0,52,53.0
29225,Solapur,2023-10-25 02:15:00,22.4,22.9,52,52.0
29226,Solapur,2023-10-26 02:00:00,21.6,22.4,53,52.0
29227,Solapur,2023-10-27 02:15:00,21.2,21.6,50,53.0
29228,Solapur,2023-10-28 02:00:00,21.6,21.2,47,50.0
29229,Solapur,2023-10-29 02:45:00,22.1,21.6,46,47.0
29230,Solapur,2023-10-30 02:00:00,22.5,22.1,52,46.0
29276,Somnath,2023-10-15 02:30:00,26.4,26.7,70,83.0
29277,Somnath,2023-10-16 02:30:00,25.7,26.4,81,70.0
29278,Somnath,2023-10-17 02:15:00,25.9,25.7,77,81.0
29279,Somnath,2023-10-18 02:15:00,26.2,25.9,74,77.0
29280,Somnath,2023-10-19 02:15:00,26.9,26.2,64,74.0
29281,Somnath,2023-10-20 02:30:00,26.6,26.9,51,64.0
29282,Somnath,2023-10-21 02:15:00,27.1,26.6,72,51.0
29283,Somnath,2023-10-22 02:15:00,27.3,27.1,69,72.0
29284,Somnath,2023-10-23 02:00:00,27.2,27.3,63,69.0
29285,Somnath,2023-10-24 02:15:00,27.0,27.2,66,63.0
29286,Somnath,2023-10-25 02:15:00,27.5,27.0,69,66.0
29287,Somnath,2023-10-26 02:00:00,27.1,27.5,65,69.0
29288,Somnath,2023-10-27 02:15:00,26.7,27.1,69,65.0
29289,Somnath,2023-10-28 02:00:00,26.6,26.7,68,69.0
29290,Somnath,2023-10-29 02:30:00,26.7,26.6,61,68.0
29291,Somnath,2023-10-30 01:45:00,27.1,26.7,63,61.0
29337,Sonipat,2023-10-15 02:30:00,24.0,25.0,74,69.0
29338,Sonipat,2023-10-16 02:30:00,26.0,24.0,65,74.0
29339,Sonipat,2023-10-17 02:15:00,19.0,26.0,94,65.0
29340,Sonipat,2023-10-18 02:30:00,21.0,19.0,78,94.0
29341,Sonipat,2023-10-19 02:15:00,21.0,21.0,69,78.0
29342,Sonipat,2023-10-20 02:30:00,21.0,21.0,69,69.0
29343,Sonipat,2023-10-21 02:15:00,20.0,21.0,73,69.0
29344,Sonipat,2023-10-22 02:15:00,21.0,20.0,69,73.0
29345,Sonipat,2023-10-23 02:15:00,21.0,21.0,78,69.0
29346,Sonipat,2023-10-24 02:15:00,22.0,21.0,65,78.0
29347,Sonipat,2023-10-25 02:15:00,21.0,22.0,64,65.0
29348,Sonipat,2023-10-26 02:00:00,22.0,21.0,61,64.0
29349,Sonipat,2023-10-27 02:15:00,21.0,22.0,60,61.0
29350,Sonipat,2023-10-28 02:00:00,20.0,21.0,60,60.0
29351,Sonipat,2023-10-29 02:30:00,22.6,20.0,31,60.0
29352,Sonipat,2023-10-30 01:45:00,22.0,22.6,69,31.0
29401,South Salmara,2023-10-16 02:30:00,22.7,22.9,83,84.0
29402,South Salmara,2023-10-17 02:30:00,22.3,22.7,87,83.0
29403,South Salmara,2023-10-18 02:30:00,22.3,22.3,85,87.0
29404,South Salmara,2023-10-19 02:30:00,22.3,22.3,87,85.0
29405,South Salmara,2023-10-20 02:30:00,21.8,22.3,85,87.0
29406,South Salmara,2023-10-21 02:15:00,21.3,21.8,86,85.0
29407,South Salmara,2023-10-21 02:30:00,21.3,21.3,86,86.0
29408,South Salmara,2023-10-22 02:30:00,20.7,21.3,84,86.0
29409,South Salmara,2023-10-23 02:15:00,20.9,20.7,84,84.0
29410,South Salmara,2023-10-24 02:15:00,21.4,20.9,83,84.0
29411,South Salmara,2023-10-25 02:30:00,20.7,21.4,77,83.0
29412,South Salmara,2023-10-26 02:00:00,21.4,20.7,79,77.0
29413,South Salmara,2023-10-27 02:30:00,22.2,21.4,84,79.0
29414,South Salmara,2023-10-28 02:00:00,21.0,22.2,83,84.0
29415,South Salmara,2023-10-29 02:45:00,20.9,21.0,78,83.0
29416,South Salmara,2023-10-30 02:00:00,21.3,20.9,85,78.0
29462,South Suburban,2023-10-15 02:30:00,27.0,26.0,84,74.0
29463,South Suburban,2023-10-16 02:30:00,26.0,27.0,89,84.0
29464,South Suburban,2023-10-17 02:30:00,27.0,26.0,84,89.0
29465,South Suburban,2023-10-18 02:30:00,27.0,27.0,84,84.0
29466,South Suburban,2023-10-19 02:30:00,26.0,27.0,84,84.0
29467,South Suburban,2023-10-20 02:30:00,25.0,26.0,83,84.0
29468,South Suburban,2023-10-21 02:30:00,24.0,25.0,83,83.0
29469,South Suburban,2023-10-22 02:30:00,25.0,24.0,83,83.0
29470,South Suburban,2023-10-23 02:15:00,26.0,25.0,84,83.0
29471,South Suburban,2023-10-24 02:15:00,25.0,26.0,83,84.0
29472,South Suburban,2023-10-25 02:30:00,24.0,25.0,94,83.0
29473,South Suburban,2023-10-26 02:00:00,26.0,24.0,89,94.0
29474,South Suburban,2023-10-27 02:30:00,26.0,26.0,84,89.0
29475,South Suburban,2023-10-28 02:00:00,25.0,26.0,83,84.0
29476,South Suburban,2023-10-29 02:45:00,24.0,25.0,83,83.0
29477,South Suburban,2023-10-30 02:00:00,24.0,24.0,83,83.0
29523,Srikakulam,2023-10-15 02:30:00,24.4,25.4,83,81.0
29524,Srikakulam,2023-10-16 02:30:00,24.4,24.4,80,83.0
29525,Srikakulam,2023-10-17 02:15:00,24.1,24.4,80,80.0
29526,Srikakulam,2023-10-18 02:15:00,23.9,24.1,82,80.0
29527,Srikakulam,2023-10-19 02:15:00,24.0,23.9,87,82.0
29528,Srikakulam,2023-10-20 02:30:00,23.8,24.0,89,87.0
29529,Srikakulam,2023-10-21 02:15:00,23.6,23.8,85,89.0
29530,Srikakulam,2023-10-22 02:15:00,23.1,23.6,83,85.0
29531,Srikakulam,2023-10-23 02:00:00,22.5,23.1,67,83.0
29532,Srikakulam,2023-10-24 02:15:00,22.7,22.5,67,67.0
29533,Srikakulam,2023-10-25 02:15:00,24.0,22.7,82,67.0
29534,Srikakulam,2023-10-26 02:00:00,24.8,24.0,80,82.0
29535,Srikakulam,2023-10-27 02:15:00,23.7,24.8,84,80.0
29536,Srikakulam,2023-10-28 02:00:00,23.1,23.7,81,84.0
29537,Srikakulam,2023-10-29 02:30:00,22.7,23.1,81,81.0
29538,Srikakulam,2023-10-30 01:45:00,22.0,22.7,78,81.0
29584,Srinagar,2023-10-15 02:30:00,7.1,10.5,73,55.0
29585,Srinagar,2023-10-16 02:30:00,7.5,7.1,66,73.0
29586,Srinagar,2023-10-17 02:15:00,5.0,7.5,92,66.0
29587,Srinagar,2023-10-18 02:15:00,3.5,5.0,87,92.0
29588,Srinagar,2023-10-19 02:15:00,5.3,3.5,61,87.0
29589,Srinagar,2023-10-20 02:15:00,6.2,5.3,52,61.0
29590,Srinagar,2023-10-21 02:00:00,6.3,6.2,46,52.0
29591,Srinagar,2023-10-22 02:15:00,7.4,6.3,45,46.0
29592,Srinagar,2023-10-23 02:00:00,3.8,7.4,83,45.0
29593,Srinagar,2023-10-24 02:15:00,5.7,3.8,57,83.0
29594,Srinagar,2023-10-25 02:15:00,6.0,5.7,58,57.0
29595,Srinagar,2023-10-26 02:00:00,6.6,6.0,44,58.0
29596,Srinagar,2023-10-27 02:15:00,6.5,6.6,45,44.0
29597,Srinagar,2023-10-28 02:00:00,6.5,6.5,46,45.0
29598,Srinagar,2023-10-29 02:30:00,6.4,6.5,45,46.0
29599,Srinagar,2023-10-30 01:45:00,7.3,6.4,37,45.0
29645,Sukma,2023-10-15 02:30:00,22.1,21.7,84,78.0
29646,Sukma,2023-10-16 02:30:00,21.7,22.1,82,84.0
29647,Sukma,2023-10-17 02:30:00,22.0,21.7,82,82.0
29648,Sukma,2023-10-18 02:30:00,20.9,22.0,79,82.0
29649,Sukma,2023-10-19 02:15:00,21.3,20.9,83,79.0
29650,Sukma,2023-10-20 02:30:00,20.5,21.3,83,83.0
29651,Sukma,2023-10-21 02:15:00,20.5,20.5,84,83.0
29652,Sukma,2023-10-22 02:15:00,19.2,20.5,76,84.0
29653,Sukma,2023-10-23 02:15:00,18.0,19.2,83,76.0
29654,Sukma,2023-10-24 02:15:00,19.0,18.0,84,83.0
29655,Sukma,2023-10-25 02:15:00,19.4,19.0,79,84.0
29656,Sukma,2023-10-26 02:00:00,19.7,19.4,78,79.0
29657,Sukma,2023-10-27 02:15:00,19.0,19.7,68,78.0
29658,Sukma,2023-10-28 02:00:00,19.7,19.0,68,68.0
29659,Sukma,2023-10-29 02:30:00,21.9,19.7,80,68.0
29660,Sukma,2023-10-30 01:45:00,20.9,21.9,72,80.0
29706,Sultanpur,2023-10-15 02:30:00,23.7,23.0,52,53.0
29707,Sultanpur,2023-10-16 02:30:00,23.7,23.7,66,52.0
29708,Sultanpur,2023-10-17 02:30:00,21.1,23.7,88,66.0
29709,Sultanpur,2023-10-18 02:30:00,22.1,21.1,69,88.0
29710,Sultanpur,2023-10-19 02:30:00,20.8,22.1,61,69.0
29711,Sultanpur,2023-10-20 02:30:00,20.8,20.8,52,61.0
29712,Sultanpur,2023-10-21 02:15:00,20.0,20.8,55,52.0
29713,Sultanpur,2023-10-22 02:30:00,20.0,20.0,50,55.0
29714,Sultanpur,2023-10-23 02:15:00,20.8,20.0,55,50.0
29715,Sultanpur,2023-10-24 02:15:00,21.5,20.8,47,55.0
29716,Sultanpur,2023-10-25 02:30:00,21.4,21.5,55,47.0
29717,Sultanpur,2023-10-26 02:00:00,22.3,21.4,64,55.0
29718,Sultanpur,2023-10-27 02:30:00,21.5,22.3,51,64.0
29719,Sultanpur,2023-10-28 02:00:00,21.4,21.5,38,51.0
29720,Sultanpur,2023-10-29 02:45:00,21.3,21.4,46,38.0
29721,Sultanpur,2023-10-30 02:00:00,21.4,21.3,50,46.0
29767,Sundargarh,2023-10-15 02:30:00,22.5,24.1,70,69.0
29768,Sundargarh,2023-10-16 02:30:00,22.9,22.5,65,70.0
29769,Sundargarh,2023-10-17 02:30:00,22.8,22.9,72,65.0
29770,Sundargarh,2023-10-18 02:30:00,22.0,22.8,77,72.0
29771,Sundargarh,2023-10-19 02:30:00,22.9,22.0,70,77.0
29772,Sundargarh,2023-10-20 02:30:00,21.6,22.9,71,70.0
29773,Sundargarh,2023-10-21 02:15:00,20.0,21.6,71,71.0
29774,Sundargarh,2023-10-22 02:30:00,19.1,20.0,69,71.0
29775,Sundargarh,2023-10-23 02:15:00,18.4,19.1,65,69.0
29776,Sundargarh,2023-10-24 02:15:00,19.5,18.4,73,65.0
29777,Sundargarh,2023-10-25 02:30:00,21.2,19.5,69,73.0
29778,Sundargarh,2023-10-26 02:00:00,19.5,21.2,61,69.0
29779,Sundargarh,2023-10-27 02:15:00,18.2,19.5,60,61.0
29780,Sundargarh,2023-10-28 02:00:00,18.5,18.2,64,60.0
29781,Sundargarh,2023-10-29 02:45:00,18.8,18.5,67,64.0
29782,Sundargarh,2023-10-30 02:00:00,19.1,18.8,68,67.0
29828,Supaul,2023-10-15 02:30:00,22.9,23.5,68,64.0
29829,Supaul,2023-10-16 02:30:00,24.1,22.9,72,68.0
29830,Supaul,2023-10-17 02:15:00,23.2,24.1,80,72.0
29831,Supaul,2023-10-18 02:30:00,23.5,23.2,75,80.0
29832,Supaul,2023-10-19 02:15:00,21.6,23.5,70,75.0
29833,Supaul,2023-10-20 02:30:00,21.8,21.6,69,70.0
29834,Supaul,2023-10-21 02:15:00,21.1,21.8,65,69.0
29835,Supaul,2023-10-22 02:15:00,20.9,21.1,64,65.0
29836,Supaul,2023-10-23 02:15:00,21.5,20.9,68,64.0
29837,Supaul,2023-10-24 02:15:00,21.5,21.5,74,68.0
29838,Supaul,2023-10-25 02:15:00,22.4,21.5,66,74.0
29839,Supaul,2023-10-26 02:00:00,21.9,22.4,73,66.0
29840,Supaul,2023-10-27 02:15:00,21.1,21.9,58,73.0
29841,Supaul,2023-10-28 02:00:00,21.0,21.1,55,58.0
29842,Supaul,2023-10-29 02:30:00,21.9,21.0,61,55.0
29843,Supaul,2023-10-30 01:45:00,21.6,21.9,66,61.0
29889,Surajpur,2023-10-15 02:30:00,22.3,20.0,42,44.0
29890,Surajpur,2023-10-16 02:30:00,21.6,22.3,43,42.0
29891,Surajpur,2023-10-17 02:30:00,18.3,21.6,58,43.0
29892,Surajpur,2023-10-18 02:30:00,17.2,18.3,55,58.0
29893,Surajpur,2023-10-19 02:15:00,16.7,17.2,51,55.0
29894,Surajpur,2023-10-20 02:30:00,17.2,16.7,49,51.0
29895,Surajpur,2023-10-21 02:15:00,18.2,17.2,48,49.0
29896,Surajpur,2023-10-22 02:15:00,18.9,18.2,45,48.0
29897,Surajpur,2023-10-23 02:15:00,17.8,18.9,43,45.0
29898,Surajpur,2023-10-24 02:15:00,17.5,17.8,47,43.0
29899,Surajpur,2023-10-25 02:15:00,19.3,17.5,44,47.0
29900,Surajpur,2023-10-26 02:00:00,18.6,19.3,40,44.0
29901,Surajpur,2023-10-27 02:15:00,17.8,18.6,42,40.0
29902,Surajpur,2023-10-28 02:00:00,18.5,17.8,43,42.0
29903,Surajpur,2023-10-29 02:30:00,17.8,18.5,47,43.0
29904,Surajpur,2023-10-30 01:45:00,18.4,17.8,40,47.0
29950,Surat,2023-10-15 02:30:00,27.2,27.8,74,69.0
29951,Surat,2023-10-16 02:30:00,26.7,27.2,74,74.0
29952,Surat,2023-10-17 02:15:00,27.8,26.7,69,74.0
29953,Surat,2023-10-18 02:15:00,27.1,27.8,61,69.0
29954,Surat,2023-10-19 02:15:00,25.8,27.1,59,61.0
29955,Surat,2023-10-20 02:30:00,25.5,25.8,51,59.0
29956,Surat,2023-10-21 02:15:00,26.6,25.5,56,51.0
29957,Surat,2023-10-22 02:15:00,27.0,26.6,50,56.0
29958,Surat,2023-10-23 02:00:00,26.0,27.0,52,50.0
29959,Surat,2023-10-24 02:15:00,26.5,26.0,49,52.0
29960,Surat,2023-10-25 02:15:00,25.4,26.5,46,49.0
29961,Surat,2023-10-26 02:00:00,25.3,25.4,43,46.0
29962,Surat,2023-10-27 02:15:00,24.5,25.3,45,43.0
29963,Surat,2023-10-28 02:00:00,24.4,24.5,42,45.0
29964,Surat,2023-10-29 02:30:00,24.5,24.4,42,42.0
29965,Surat,2023-10-30 01:45:00,25.2,24.5,40,42.0
30011,Surendranagar,2023-10-15 02:30:00,28.6,30.0,56,55.0
30012,Surendranagar,2023-10-16 02:30:00,27.5,28.6,62,56.0
30013,Surendranagar,2023-10-17 02:15:00,26.8,27.5,66,62.0
30014,Surendranagar,2023-10-18 02:15:00,27.3,26.8,50,66.0
30015,Surendranagar,2023-10-19 02:15:00,27.4,27.3,43,50.0
30016,Surendranagar,2023-10-20 02:30:00,27.7,27.4,42,43.0
30017,Surendranagar,2023-10-21 02:15:00,28.1,27.7,40,42.0
30018,Surendranagar,2023-10-22 02:15:00,27.9,28.1,40,40.0
30019,Surendranagar,2023-10-23 02:00:00,28.2,27.9,35,40.0
30020,Surendranagar,2023-10-24 02:15:00,29.0,28.2,28,35.0
30021,Surendranagar,2023-10-25 02:15:00,27.8,29.0,33,28.0
30022,Surendranagar,2023-10-26 02:00:00,27.3,27.8,31,33.0
30023,Surendranagar,2023-10-27 02:15:00,27.1,27.3,34,31.0
30024,Surendranagar,2023-10-28 02:00:00,26.9,27.1,32,34.0
30025,Surendranagar,2023-10-29 02:30:00,26.5,26.9,29,32.0
30026,Surendranagar,2023-10-30 01:45:00,27.2,26.5,37,29.0
30072,Surguja,2023-10-15 02:30:00,19.9,20.1,68,59.0
30073,Surguja,2023-10-16 02:30:00,20.2,19.9,68,68.0
30074,Surguja,2023-10-17 02:30:00,20.1,20.2,76,68.0
30075,Surguja,2023-10-18 02:30:00,19.2,20.1,80,76.0
30076,Surguja,2023-10-19 02:15:00,19.1,19.2,84,80.0
30077,Surguja,2023-10-20 02:30:00,19.0,19.1,78,84.0
30078,Surguja,2023-10-21 02:15:00,17.4,19.0,63,78.0
30079,Surguja,2023-10-22 02:15:00,17.3,17.4,67,63.0
30080,Surguja,2023-10-23 02:15:00,15.8,17.3,65,67.0
30081,Surguja,2023-10-24 02:15:00,16.4,15.8,71,65.0
30082,Surguja,2023-10-25 02:15:00,17.0,16.4,69,71.0
30083,Surguja,2023-10-26 02:00:00,16.9,17.0,62,69.0
30084,Surguja,2023-10-27 02:15:00,16.8,16.9,66,62.0
30085,Surguja,2023-10-28 02:00:00,16.3,16.8,58,66.0
30086,Surguja,2023-10-29 02:30:00,16.7,16.3,71,58.0
30087,Surguja,2023-10-30 01:45:00,16.8,16.7,69,71.0
30133,Suryapet,2023-10-15 02:30:00,23.9,23.7,77,75.0
30134,Suryapet,2023-10-16 02:30:00,24.3,23.9,76,77.0
30135,Suryapet,2023-10-17 02:30:00,23.0,24.3,87,76.0
30136,Suryapet,2023-10-18 02:30:00,23.5,23.0,81,87.0
30137,Suryapet,2023-10-19 02:30:00,23.6,23.5,75,81.0
30138,Suryapet,2023-10-20 02:30:00,23.3,23.6,89,75.0
30139,Suryapet,2023-10-21 02:30:00,23.8,23.3,83,89.0
30140,Suryapet,2023-10-22 02:30:00,22.8,23.8,77,83.0
30141,Suryapet,2023-10-23 02:15:00,21.0,22.8,64,77.0
30142,Suryapet,2023-10-24 02:15:00,20.7,21.0,67,64.0
30143,Suryapet,2023-10-25 02:30:00,20.7,20.7,68,67.0
30144,Suryapet,2023-10-26 02:00:00,20.4,20.7,66,68.0
30145,Suryapet,2023-10-27 02:30:00,20.0,20.4,54,66.0
30146,Suryapet,2023-10-28 02:00:00,24.2,20.0,54,54.0
30147,Suryapet,2023-10-29 02:45:00,24.2,24.2,86,54.0
30148,Suryapet,2023-10-30 02:00:00,23.2,24.2,91,86.0
30194,Talab Data,2023-10-15 02:30:00,20.7,21.3,46,42.0
30195,Talab Data,2023-10-16 02:30:00,21.3,20.7,43,46.0
30196,Talab Data,2023-10-17 02:15:00,17.6,21.3,72,43.0
30197,Talab Data,2023-10-18 02:15:00,16.5,17.6,54,72.0
30198,Talab Data,2023-10-19 02:15:00,16.7,16.5,56,54.0
30199,Talab Data,2023-10-20 02:15:00,17.4,16.7,62,56.0
30200,Talab Data,2023-10-21 02:15:00,18.0,17.4,52,62.0
30201,Talab Data,2023-10-22 02:15:00,19.0,18.0,50,52.0
30202,Talab Data,2023-10-23 02:00:00,18.2,19.0,49,50.0
30203,Talab Data,2023-10-24 02:15:00,18.2,18.2,54,49.0
30204,Talab Data,2023-10-25 02:15:00,18.4,18.2,43,54.0
30205,Talab Data,2023-10-26 02:00:00,18.6,18.4,44,43.0
30206,Talab Data,2023-10-27 02:15:00,18.3,18.6,47,44.0
30207,Talab Data,2023-10-28 02:00:00,18.8,18.3,45,47.0
30208,Talab Data,2023-10-29 02:30:00,18.9,18.8,42,45.0
30209,Talab Data,2023-10-30 01:45:00,19.6,18.9,42,42.0
30255,Tamenglong,2023-10-15 02:30:00,14.9,15.8,88,91.0
30256,Tamenglong,2023-10-16 02:30:00,15.9,14.9,90,88.0
30257,Tamenglong,2023-10-17 02:15:00,15.8,15.9,85,90.0
30258,Tamenglong,2023-10-18 02:30:00,15.8,15.8,89,85.0
30259,Tamenglong,2023-10-19 02:15:00,15.3,15.8,88,89.0
30260,Tamenglong,2023-10-20 02:30:00,15.3,15.3,88,88.0
30261,Tamenglong,2023-10-21 02:15:00,15.3,15.3,81,88.0
30262,Tamenglong,2023-10-22 02:15:00,15.6,15.3,87,81.0
30263,Tamenglong,2023-10-23 02:15:00,15.0,15.6,98,87.0
30264,Tamenglong,2023-10-24 02:15:00,15.8,15.0,93,98.0
30265,Tamenglong,2023-10-25 02:15:00,17.0,15.8,86,93.0
30266,Tamenglong,2023-10-26 02:00:00,15.7,17.0,98,86.0
30267,Tamenglong,2023-10-27 02:15:00,14.9,15.7,97,98.0
30268,Tamenglong,2023-10-28 02:00:00,15.2,14.9,92,97.0
30269,Tamenglong,2023-10-29 02:30:00,14.3,15.2,83,92.0
30270,Tamenglong,2023-10-30 01:45:00,14.9,14.3,84,83.0
30316,Tarn Taran,2023-10-15 02:30:00,20.0,24.0,88,83.0
30317,Tarn Taran,2023-10-16 02:30:00,21.0,20.0,94,88.0
30318,Tarn Taran,2023-10-17 02:30:00,18.0,21.0,94,94.0
30319,Tarn Taran,2023-10-18 02:30:00,15.0,18.0,94,94.0
30320,Tarn Taran,2023-10-19 02:15:00,17.0,15.0,94,94.0
30321,Tarn Taran,2023-10-20 02:30:00,18.0,17.0,94,94.0
30322,Tarn Taran,2023-10-21 02:15:00,18.0,18.0,94,94.0
30323,Tarn Taran,2023-10-22 02:15:00,21.0,18.0,88,94.0
30324,Tarn Taran,2023-10-23 02:15:00,19.0,21.0,94,88.0
30325,Tarn Taran,2023-10-24 02:15:00,19.0,19.0,88,94.0
30326,Tarn Taran,2023-10-25 02:15:00,19.0,19.0,88,88.0
30327,Tarn Taran,2023-10-26 02:00:00,18.0,19.0,94,88.0
30328,Tarn Taran,2023-10-27 02:15:00,17.0,18.0,94,94.0
30329,Tarn Taran,2023-10-28 02:00:00,20.0,17.0,88,94.0
30330,Tarn Taran,2023-10-29 02:30:00,21.0,20.0,83,88.0
30331,Tarn Taran,2023-10-30 02:00:00,20.0,21.0,94,83.0
30377,Tawang,2023-10-15 02:30:00,1.0,2.6,85,82.0
30378,Tawang,2023-10-16 02:30:00,3.3,1.0,83,85.0
30379,Tawang,2023-10-17 02:15:00,4.4,3.3,75,83.0
30380,Tawang,2023-10-18 02:30:00,0.8,4.4,85,75.0
30381,Tawang,2023-10-19 02:15:00,1.5,0.8,80,85.0
30382,Tawang,2023-10-20 02:30:00,0.3,1.5,84,80.0
30383,Tawang,2023-10-21 02:15:00,3.0,0.3,83,84.0
30384,Tawang,2023-10-22 02:15:00,0.1,3.0,75,83.0
30385,Tawang,2023-10-23 02:15:00,1.0,0.1,66,75.0
30386,Tawang,2023-10-24 02:15:00,4.8,1.0,63,66.0
30387,Tawang,2023-10-25 02:15:00,2.1,4.8,60,63.0
30388,Tawang,2023-10-26 02:00:00,-0.2,2.1,78,60.0
30389,Tawang,2023-10-27 02:15:00,0.7,-0.2,72,78.0
30390,Tawang,2023-10-28 02:00:00,-1.3,0.7,77,72.0
30391,Tawang,2023-10-29 02:30:00,4.1,-1.3,81,77.0
30392,Tawang,2023-10-30 01:45:00,5.1,4.1,89,81.0
30438,Tehri-Garhwal,2023-10-15 02:30:00,13.4,13.6,68,75.0
30439,Tehri-Garhwal,2023-10-16 02:30:00,12.5,13.4,69,68.0
30440,Tehri-Garhwal,2023-10-17 02:30:00,10.9,12.5,72,69.0
30441,Tehri-Garhwal,2023-10-18 02:30:00,10.1,10.9,72,72.0
30442,Tehri-Garhwal,2023-10-19 02:15:00,10.4,10.1,72,72.0
30443,Tehri-Garhwal,2023-10-20 02:30:00,10.5,10.4,68,72.0
30444,Tehri-Garhwal,2023-10-21 02:15:00,10.5,10.5,63,68.0
30445,Tehri-Garhwal,2023-10-22 02:15:00,14.4,10.5,61,63.0
30446,Tehri-Garhwal,2023-10-23 02:15:00,11.5,14.4,69,61.0
30447,Tehri-Garhwal,2023-10-24 02:15:00,10.7,11.5,61,69.0
30448,Tehri-Garhwal,2023-10-25 02:15:00,11.5,10.7,53,61.0
30449,Tehri-Garhwal,2023-10-26 02:00:00,11.3,11.5,55,53.0
30450,Tehri-Garhwal,2023-10-27 02:15:00,11.2,11.3,55,55.0
30451,Tehri-Garhwal,2023-10-28 02:00:00,13.8,11.2,64,55.0
30452,Tehri-Garhwal,2023-10-29 02:30:00,14.3,13.8,64,64.0
30453,Tehri-Garhwal,2023-10-30 01:45:00,15.2,14.3,64,64.0
30499,Tenkasi,2023-10-15 02:30:00,23.0,21.7,92,88.0
30500,Tenkasi,2023-10-16 02:30:00,23.6,23.0,86,92.0
30501,Tenkasi,2023-10-17 02:30:00,24.3,23.6,89,86.0
30502,Tenkasi,2023-10-18 02:30:00,22.0,24.3,88,89.0
30503,Tenkasi,2023-10-19 02:30:00,22.1,22.0,82,88.0
30504,Tenkasi,2023-10-20 02:30:00,22.9,22.1,83,82.0
30505,Tenkasi,2023-10-21 02:30:00,22.6,22.9,84,83.0
30506,Tenkasi,2023-10-22 02:30:00,22.7,22.6,83,84.0
30507,Tenkasi,2023-10-23 02:15:00,20.8,22.7,88,83.0
30508,Tenkasi,2023-10-24 02:15:00,20.1,20.8,89,88.0
30509,Tenkasi,2023-10-25 02:30:00,21.0,20.1,87,89.0
30510,Tenkasi,2023-10-26 02:00:00,28.0,21.0,84,87.0
30511,Tenkasi,2023-10-27 02:30:00,21.2,28.0,87,84.0
30512,Tenkasi,2023-10-28 02:00:00,22.9,21.2,86,87.0
30513,Tenkasi,2023-10-29 02:45:00,24.0,22.9,88,86.0
30514,Tenkasi,2023-10-30 02:00:00,24.3,24.0,88,88.0
30560,Thane,2023-10-15 02:30:00,29.0,30.0,89,84.0
30561,Thane,2023-10-16 02:30:00,29.0,29.0,89,89.0
30562,Thane,2023-10-17 02:30:00,31.0,29.0,66,89.0
30563,Thane,2023-10-18 02:30:00,29.0,31.0,94,66.0
30564,Thane,2023-10-19 02:15:00,30.0,29.0,70,94.0
30565,Thane,2023-10-20 02:30:00,30.0,30.0,59,70.0
30566,Thane,2023-10-21 02:15:00,31.0,30.0,59,59.0
30567,Thane,2023-10-22 02:30:00,30.0,31.0,66,59.0
30568,Thane,2023-10-23 02:15:00,29.0,30.0,89,66.0
30569,Thane,2023-10-24 02:15:00,30.0,29.0,55,89.0
30570,Thane,2023-10-25 02:15:00,29.0,30.0,62,55.0
30571,Thane,2023-10-26 02:00:00,29.0,29.0,52,62.0
30572,Thane,2023-10-27 02:15:00,28.0,29.0,55,52.0
30573,Thane,2023-10-28 02:00:00,29.0,28.0,48,55.0
30574,Thane,2023-10-29 02:45:00,28.0,29.0,51,48.0
30575,Thane,2023-10-30 02:00:00,28.0,28.0,58,51.0
30621,Thanjavur,2023-10-15 02:30:00,24.0,27.0,100,89.0
30622,Thanjavur,2023-10-16 02:30:00,27.0,24.0,94,100.0
30623,Thanjavur,2023-10-17 02:30:00,25.0,27.0,94,94.0
30624,Thanjavur,2023-10-18 02:30:00,26.0,25.0,89,94.0
30625,Thanjavur,2023-10-19 02:30:00,26.0,26.0,94,89.0
30626,Thanjavur,2023-10-20 02:30:00,26.0,26.0,94,94.0
30627,Thanjavur,2023-10-21 02:15:00,26.0,26.0,84,94.0
30628,Thanjavur,2023-10-22 02:30:00,26.0,26.0,89,84.0
30629,Thanjavur,2023-10-23 02:15:00,27.0,26.0,89,89.0
30630,Thanjavur,2023-10-24 02:15:00,26.0,27.0,89,89.0
30631,Thanjavur,2023-10-25 02:30:00,28.0,26.0,79,89.0
30632,Thanjavur,2023-10-26 02:00:00,27.0,28.0,89,79.0
30633,Thanjavur,2023-10-27 02:15:00,27.0,27.0,79,89.0
30634,Thanjavur,2023-10-28 02:00:00,26.0,27.0,89,79.0
30635,Thanjavur,2023-10-29 02:45:00,26.0,26.0,89,89.0
30636,Thanjavur,2023-10-30 02:00:00,25.0,26.0,94,89.0
30682,Thiruvananthapuram,2023-10-15 02:30:00,25.0,26.0,100,89.0
30683,Thiruvananthapuram,2023-10-16 02:30:00,27.0,25.0,89,100.0
30684,Thiruvananthapuram,2023-10-17 02:15:00,27.0,27.0,84,89.0
30685,Thiruvananthapuram,2023-10-18 02:30:00,26.0,27.0,89,84.0
30686,Thiruvananthapuram,2023-10-19 02:15:00,27.0,26.0,94,89.0
30687,Thiruvananthapuram,2023-10-20 02:30:00,25.0,27.0,100,94.0
30688,Thiruvananthapuram,2023-10-21 02:15:00,27.0,25.0,89,100.0
30689,Thiruvananthapuram,2023-10-22 02:15:00,28.0,27.0,89,89.0
30690,Thiruvananthapuram,2023-10-23 02:15:00,27.0,28.0,89,89.0
30691,Thiruvananthapuram,2023-10-24 02:15:00,26.0,27.0,94,89.0
30692,Thiruvananthapuram,2023-10-25 02:15:00,28.0,26.0,89,94.0
30693,Thiruvananthapuram,2023-10-26 02:00:00,28.0,28.0,84,89.0
30694,Thiruvananthapuram,2023-10-27 02:15:00,27.0,28.0,84,84.0
30695,Thiruvananthapuram,2023-10-28 02:00:00,28.0,27.0,89,84.0
30696,Thiruvananthapuram,2023-10-29 02:30:00,27.0,28.0,89,89.0
30697,Thiruvananthapuram,2023-10-30 02:00:00,28.0,27.0,89,89.0
30743,Thiruvarur,2023-10-15 02:30:00,25.3,25.5,86,82.0
30744,Thiruvarur,2023-10-16 02:30:00,26.0,25.3,85,86.0
30745,Thiruvarur,2023-10-17 02:30:00,25.2,26.0,87,85.0
30746,Thiruvarur,2023-10-18 02:30:00,25.2,25.2,86,87.0
30747,Thiruvarur,2023-10-19 02:30:00,25.4,25.2,83,86.0
30748,Thiruvarur,2023-10-20 02:30:00,25.1,25.4,87,83.0
30749,Thiruvarur,2023-10-21 02:15:00,25.0,25.1,83,87.0
30750,Thiruvarur,2023-10-22 02:30:00,24.8,25.0,94,83.0
30751,Thiruvarur,2023-10-23 02:15:00,25.2,24.8,87,94.0
30752,Thiruvarur,2023-10-24 02:15:00,24.8,25.2,86,87.0
30753,Thiruvarur,2023-10-25 02:30:00,25.9,24.8,83,86.0
30754,Thiruvarur,2023-10-26 02:00:00,25.4,25.9,83,83.0
30755,Thiruvarur,2023-10-27 02:15:00,25.3,25.4,82,83.0
30756,Thiruvarur,2023-10-28 02:00:00,24.6,25.3,90,82.0
30757,Thiruvarur,2023-10-29 02:45:00,25.3,24.6,80,90.0
30758,Thiruvarur,2023-10-30 02:00:00,24.7,25.3,90,80.0
30804,Thoubal,2023-10-15 02:30:00,13.4,14.7,95,96.0
30805,Thoubal,2023-10-16 02:30:00,14.2,13.4,94,95.0
30806,Thoubal,2023-10-17 02:15:00,15.2,14.2,94,94.0
30807,Thoubal,2023-10-18 02:30:00,14.9,15.2,92,94.0
30808,Thoubal,2023-10-19 02:15:00,14.0,14.9,90,92.0
30809,Thoubal,2023-10-20 02:30:00,14.3,14.0,92,90.0
30810,Thoubal,2023-10-21 02:15:00,14.6,14.3,88,92.0
30811,Thoubal,2023-10-22 02:15:00,14.4,14.6,94,88.0
30812,Thoubal,2023-10-23 02:15:00,15.6,14.4,96,94.0
30813,Thoubal,2023-10-24 02:15:00,16.0,15.6,89,96.0
30814,Thoubal,2023-10-25 02:15:00,15.7,16.0,99,89.0
30815,Thoubal,2023-10-26 02:00:00,15.8,15.7,98,99.0
30816,Thoubal,2023-10-27 02:15:00,14.2,15.8,98,98.0
30817,Thoubal,2023-10-28 02:00:00,13.4,14.2,94,98.0
30818,Thoubal,2023-10-29 02:30:00,12.8,13.4,92,94.0
30819,Thoubal,2023-10-30 01:45:00,13.2,12.8,94,92.0
30865,Thrissur,2023-10-15 02:30:00,25.0,25.0,94,94.0
30866,Thrissur,2023-10-16 02:30:00,27.0,25.0,94,94.0
30867,Thrissur,2023-10-17 02:30:00,24.0,27.0,94,94.0
30868,Thrissur,2023-10-18 02:30:00,25.0,24.0,94,94.0
30869,Thrissur,2023-10-19 02:15:00,26.0,25.0,94,94.0
30870,Thrissur,2023-10-20 02:30:00,26.0,26.0,94,94.0
30871,Thrissur,2023-10-21 02:15:00,25.0,26.0,94,94.0
30872,Thrissur,2023-10-22 02:15:00,25.0,25.0,94,94.0
30873,Thrissur,2023-10-23 02:15:00,24.0,25.0,94,94.0
30874,Thrissur,2023-10-24 02:15:00,24.0,24.0,94,94.0
30875,Thrissur,2023-10-25 02:15:00,24.0,24.0,100,94.0
30876,Thrissur,2023-10-26 02:00:00,26.0,24.0,100,100.0
30877,Thrissur,2023-10-27 02:15:00,25.0,26.0,94,100.0
30878,Thrissur,2023-10-28 02:00:00,25.0,25.0,89,94.0
30879,Thrissur,2023-10-29 02:45:00,25.0,25.0,94,89.0
30880,Thrissur,2023-10-30 02:00:00,24.0,25.0,94,94.0
30926,Tikamgarh,2023-10-15 02:30:00,26.1,25.2,42,45.0
30927,Tikamgarh,2023-10-16 02:30:00,24.5,26.1,46,42.0
30928,Tikamgarh,2023-10-17 02:15:00,19.8,24.5,84,46.0
30929,Tikamgarh,2023-10-18 02:15:00,22.8,19.8,66,84.0
30930,Tikamgarh,2023-10-19 02:15:00,22.3,22.8,60,66.0
30931,Tikamgarh,2023-10-20 02:15:00,21.8,22.3,44,60.0
30932,Tikamgarh,2023-10-21 02:00:00,21.2,21.8,50,44.0
30933,Tikamgarh,2023-10-22 02:15:00,21.5,21.2,49,50.0
30934,Tikamgarh,2023-10-23 02:00:00,20.2,21.5,46,49.0
30935,Tikamgarh,2023-10-24 02:15:00,20.6,20.2,48,46.0
30936,Tikamgarh,2023-10-25 02:15:00,20.3,20.6,45,48.0
30937,Tikamgarh,2023-10-26 02:00:00,20.4,20.3,43,45.0
30938,Tikamgarh,2023-10-27 02:15:00,20.6,20.4,42,43.0
30939,Tikamgarh,2023-10-28 02:00:00,19.8,20.6,32,42.0
30940,Tikamgarh,2023-10-29 02:30:00,20.4,19.8,35,32.0
30941,Tikamgarh,2023-10-30 01:45:00,21.1,20.4,40,35.0
30987,Tinsukia,2023-10-15 02:30:00,20.5,20.6,98,98.0
30988,Tinsukia,2023-10-16 02:30:00,20.0,20.5,97,98.0
30989,Tinsukia,2023-10-17 02:15:00,19.5,20.0,96,97.0
30990,Tinsukia,2023-10-18 02:30:00,21.3,19.5,90,96.0
30991,Tinsukia,2023-10-19 02:15:00,19.7,21.3,97,90.0
30992,Tinsukia,2023-10-20 02:30:00,19.2,19.7,96,97.0
30993,Tinsukia,2023-10-21 02:15:00,19.4,19.2,89,96.0
30994,Tinsukia,2023-10-22 02:15:00,17.9,19.4,89,89.0
30995,Tinsukia,2023-10-23 02:15:00,17.3,17.9,90,89.0
30996,Tinsukia,2023-10-24 02:15:00,19.2,17.3,73,90.0
30997,Tinsukia,2023-10-25 02:15:00,20.0,19.2,68,73.0
30998,Tinsukia,2023-10-26 02:00:00,18.1,20.0,97,68.0
30999,Tinsukia,2023-10-27 02:15:00,19.5,18.1,99,97.0
31000,Tinsukia,2023-10-28 02:00:00,19.2,19.5,98,99.0
31001,Tinsukia,2023-10-29 02:30:00,18.7,19.2,98,98.0
31002,Tinsukia,2023-10-30 01:45:00,19.2,18.7,94,98.0
31048,Tirap,2023-10-15 02:30:00,17.8,17.6,87,97.0
31049,Tirap,2023-10-16 02:30:00,17.6,17.8,84,87.0
31050,Tirap,2023-10-17 02:30:00,17.8,17.6,82,84.0
31051,Tirap,2023-10-18 02:30:00,17.9,17.8,86,82.0
31052,Tirap,2023-10-19 02:30:00,17.5,17.9,83,86.0
31053,Tirap,2023-10-20 02:30:00,17.4,17.5,79,83.0
31054,Tirap,2023-10-21 02:30:00,17.9,17.4,77,79.0
31055,Tirap,2023-10-22 02:30:00,16.0,17.9,68,77.0
31056,Tirap,2023-10-23 02:15:00,15.7,16.0,59,68.0
31057,Tirap,2023-10-24 02:15:00,18.3,15.7,60,59.0
31058,Tirap,2023-10-25 02:30:00,19.6,18.3,78,60.0
31059,Tirap,2023-10-26 02:00:00,17.9,19.6,98,78.0
31060,Tirap,2023-10-27 02:30:00,17.9,17.9,98,98.0
31061,Tirap,2023-10-28 02:00:00,16.7,17.9,87,98.0
31062,Tirap,2023-10-29 02:45:00,16.0,16.7,80,87.0
31063,Tirap,2023-10-30 02:00:00,17.0,16.0,79,80.0
31109,Tiruchirappalli,2023-10-15 02:30:00,24.0,27.0,100,89.0
31110,Tiruchirappalli,2023-10-16 02:30:00,27.0,24.0,94,100.0
31111,Tiruchirappalli,2023-10-17 02:30:00,25.0,27.0,94,94.0
31112,Tiruchirappalli,2023-10-18 02:30:00,26.0,25.0,89,94.0
31113,Tiruchirappalli,2023-10-19 02:30:00,26.0,26.0,94,89.0
31114,Tiruchirappalli,2023-10-20 02:30:00,26.0,26.0,94,94.0
31115,Tiruchirappalli,2023-10-21 02:15:00,26.0,26.0,84,94.0
31116,Tiruchirappalli,2023-10-22 02:30:00,26.0,26.0,89,84.0
31117,Tiruchirappalli,2023-10-23 02:15:00,27.0,26.0,89,89.0
31118,Tiruchirappalli,2023-10-24 02:15:00,26.0,27.0,89,89.0
31119,Tiruchirappalli,2023-10-25 02:30:00,28.0,26.0,79,89.0
31120,Tiruchirappalli,2023-10-26 02:00:00,27.0,28.0,89,79.0
31121,Tiruchirappalli,2023-10-27 02:15:00,27.0,27.0,79,89.0
31122,Tiruchirappalli,2023-10-28 02:00:00,26.0,27.0,89,79.0
31123,Tiruchirappalli,2023-10-29 02:45:00,26.0,26.0,89,89.0
31124,Tiruchirappalli,2023-10-30 02:00:00,25.0,26.0,94,89.0
31170,Tirunelveli,2023-10-15 02:30:00,26.5,26.7,75,77.0
31171,Tirunelveli,2023-10-16 02:30:00,26.9,26.5,67,75.0
31172,Tirunelveli,2023-10-17 02:30:00,26.6,26.9,77,67.0
31173,Tirunelveli,2023-10-18 02:30:00,26.6,26.6,78,77.0
31174,Tirunelveli,2023-10-19 02:30:00,26.3,26.6,75,78.0
31175,Tirunelveli,2023-10-20 02:30:00,26.8,26.3,71,75.0
31176,Tirunelveli,2023-10-21 02:15:00,26.8,26.8,72,71.0
31177,Tirunelveli,2023-10-22 02:30:00,26.7,26.8,72,72.0
31178,Tirunelveli,2023-10-23 02:15:00,26.1,26.7,77,72.0
31179,Tirunelveli,2023-10-24 02:15:00,25.8,26.1,79,77.0
31180,Tirunelveli,2023-10-25 02:30:00,26.1,25.8,78,79.0
31181,Tirunelveli,2023-10-26 02:00:00,27.1,26.1,72,78.0
31182,Tirunelveli,2023-10-27 02:15:00,26.5,27.1,76,72.0
31183,Tirunelveli,2023-10-28 02:00:00,26.5,26.5,77,76.0
31184,Tirunelveli,2023-10-29 02:45:00,26.1,26.5,80,77.0
31185,Tirunelveli,2023-10-30 02:00:00,25.8,26.1,79,80.0
31231,Tiruppur,2023-10-15 02:30:00,24.7,24.0,81,89.0
31232,Tiruppur,2023-10-16 02:30:00,26.0,24.7,89,81.0
31233,Tiruppur,2023-10-17 02:30:00,23.0,26.0,94,89.0
31234,Tiruppur,2023-10-18 02:30:00,24.0,23.0,94,94.0
31235,Tiruppur,2023-10-19 02:30:00,26.0,24.0,70,94.0
31236,Tiruppur,2023-10-20 02:30:00,26.0,26.0,79,70.0
31237,Tiruppur,2023-10-21 02:15:00,25.0,26.0,94,79.0
31238,Tiruppur,2023-10-22 02:30:00,26.0,25.0,89,94.0
31239,Tiruppur,2023-10-23 02:15:00,25.0,26.0,89,89.0
31240,Tiruppur,2023-10-24 02:15:00,24.0,25.0,89,89.0
31241,Tiruppur,2023-10-25 02:30:00,25.0,24.0,89,89.0
31242,Tiruppur,2023-10-26 02:00:00,26.0,25.0,84,89.0
31243,Tiruppur,2023-10-27 02:15:00,27.0,26.0,74,84.0
31244,Tiruppur,2023-10-28 02:00:00,26.0,27.0,74,74.0
31245,Tiruppur,2023-10-29 02:45:00,26.0,26.0,79,74.0
31246,Tiruppur,2023-10-30 02:00:00,25.0,26.0,83,79.0
31292,Tiruvannamalai,2023-10-15 02:30:00,24.7,23.7,88,86.0
31293,Tiruvannamalai,2023-10-16 02:30:00,24.2,24.7,91,88.0
31294,Tiruvannamalai,2023-10-17 02:30:00,23.7,24.2,92,91.0
31295,Tiruvannamalai,2023-10-18 02:30:00,22.9,23.7,81,92.0
31296,Tiruvannamalai,2023-10-19 02:30:00,22.8,22.9,84,81.0
31297,Tiruvannamalai,2023-10-20 02:30:00,22.5,22.8,86,84.0
31298,Tiruvannamalai,2023-10-21 02:15:00,22.8,22.5,91,86.0
31299,Tiruvannamalai,2023-10-22 02:30:00,23.3,22.8,80,91.0
31300,Tiruvannamalai,2023-10-23 02:15:00,23.8,23.3,84,80.0
31301,Tiruvannamalai,2023-10-24 02:15:00,23.3,23.8,82,84.0
31302,Tiruvannamalai,2023-10-25 02:30:00,23.7,23.3,86,82.0
31303,Tiruvannamalai,2023-10-26 02:00:00,23.5,23.7,81,86.0
31304,Tiruvannamalai,2023-10-27 02:15:00,23.2,23.5,85,81.0
31305,Tiruvannamalai,2023-10-28 02:00:00,23.0,23.2,90,85.0
31306,Tiruvannamalai,2023-10-29 02:45:00,23.6,23.0,88,90.0
31307,Tiruvannamalai,2023-10-30 02:00:00,23.2,23.6,91,88.0
31353,Tonk,2023-10-15 02:30:00,26.7,28.0,38,39.0
31354,Tonk,2023-10-16 02:30:00,26.9,26.7,39,38.0
31355,Tonk,2023-10-17 02:30:00,22.0,26.9,71,39.0
31356,Tonk,2023-10-18 02:30:00,23.4,22.0,63,71.0
31357,Tonk,2023-10-19 02:30:00,23.6,23.4,48,63.0
31358,Tonk,2023-10-20 02:30:00,23.8,23.6,42,48.0
31359,Tonk,2023-10-21 02:15:00,24.0,23.8,42,42.0
31360,Tonk,2023-10-22 02:30:00,24.4,24.0,41,42.0
31361,Tonk,2023-10-23 02:15:00,25.6,24.4,41,41.0
31362,Tonk,2023-10-24 02:15:00,23.4,25.6,36,41.0
31363,Tonk,2023-10-25 02:30:00,22.7,23.4,37,36.0
31364,Tonk,2023-10-26 02:00:00,23.2,22.7,34,37.0
31365,Tonk,2023-10-27 02:15:00,23.0,23.2,29,34.0
31366,Tonk,2023-10-28 02:00:00,23.4,23.0,31,29.0
31367,Tonk,2023-10-29 02:45:00,23.3,23.4,36,31.0
31368,Tonk,2023-10-30 02:00:00,24.3,23.3,35,36.0
31414,Tuensang,2023-10-15 02:30:00,16.5,17.4,96,98.0
31415,Tuensang,2023-10-16 02:30:00,16.4,16.5,95,96.0
31416,Tuensang,2023-10-17 02:15:00,16.2,16.4,88,95.0
31417,Tuensang,2023-10-18 02:30:00,16.8,16.2,93,88.0
31418,Tuensang,2023-10-19 02:15:00,16.5,16.8,95,93.0
31419,Tuensang,2023-10-20 02:30:00,16.2,16.5,95,95.0
31420,Tuensang,2023-10-21 02:15:00,16.0,16.2,93,95.0
31421,Tuensang,2023-10-22 02:15:00,15.3,16.0,85,93.0
31422,Tuensang,2023-10-23 02:15:00,16.2,15.3,89,85.0
31423,Tuensang,2023-10-24 02:15:00,17.6,16.2,91,89.0
31424,Tuensang,2023-10-25 02:15:00,17.3,17.6,85,91.0
31425,Tuensang,2023-10-26 02:00:00,16.7,17.3,98,85.0
31426,Tuensang,2023-10-27 02:15:00,16.1,16.7,98,98.0
31427,Tuensang,2023-10-28 02:00:00,14.0,16.1,97,98.0
31428,Tuensang,2023-10-29 02:30:00,14.4,14.0,89,97.0
31429,Tuensang,2023-10-30 01:45:00,15.3,14.4,96,89.0
31475,Tumkur,2023-10-15 02:30:00,20.6,19.5,67,78.0
31476,Tumkur,2023-10-16 02:30:00,20.5,20.6,78,67.0
31477,Tumkur,2023-10-17 02:30:00,21.4,20.5,81,78.0
31478,Tumkur,2023-10-18 02:30:00,20.3,21.4,75,81.0
31479,Tumkur,2023-10-19 02:15:00,21.2,20.3,76,75.0
31480,Tumkur,2023-10-20 02:30:00,19.9,21.2,82,76.0
31481,Tumkur,2023-10-21 02:15:00,21.7,19.9,75,82.0
31482,Tumkur,2023-10-22 02:15:00,20.2,21.7,82,75.0
31483,Tumkur,2023-10-23 02:15:00,19.7,20.2,66,82.0
31484,Tumkur,2023-10-24 02:15:00,19.0,19.7,45,66.0
31485,Tumkur,2023-10-25 02:15:00,19.0,19.0,47,45.0
31486,Tumkur,2023-10-26 02:00:00,18.9,19.0,46,47.0
31487,Tumkur,2023-10-27 02:15:00,18.8,18.9,59,46.0
31488,Tumkur,2023-10-28 02:00:00,21.9,18.8,76,59.0
31489,Tumkur,2023-10-29 02:45:00,20.5,21.9,86,76.0
31490,Tumkur,2023-10-30 02:00:00,20.0,20.5,91,86.0
31581,Udaipur,2023-10-16 02:30:00,21.3,22.5,70,75.0
31582,Udaipur,2023-10-16 02:30:00,25.5,21.3,37,70.0
31583,Udaipur,2023-10-17 02:15:00,21.1,25.5,74,37.0
31584,Udaipur,2023-10-17 02:30:00,22.1,21.1,62,74.0
31585,Udaipur,2023-10-18 02:15:00,21.8,22.1,79,62.0
31586,Udaipur,2023-10-18 02:30:00,22.4,21.8,52,79.0
31587,Udaipur,2023-10-19 02:15:00,21.4,22.4,86,52.0
31588,Udaipur,2023-10-19 02:30:00,22.0,21.4,50,86.0
31589,Udaipur,2023-10-20 02:30:00,21.2,22.0,87,50.0
31590,Udaipur,2023-10-20 02:30:00,22.3,21.2,45,87.0
31591,Udaipur,2023-10-21 02:15:00,20.6,22.3,85,45.0
31592,Udaipur,2023-10-21 02:15:00,23.6,20.6,43,85.0
31593,Udaipur,2023-10-22 02:15:00,19.2,23.6,76,43.0
31594,Udaipur,2023-10-22 02:30:00,23.8,19.2,32,76.0
31595,Udaipur,2023-10-23 02:00:00,18.3,23.8,78,32.0
31596,Udaipur,2023-10-23 02:15:00,23.5,18.3,38,78.0
31597,Udaipur,2023-10-24 02:15:00,18.4,23.5,85,38.0
31598,Udaipur,2023-10-24 02:15:00,22.1,18.4,40,85.0
31599,Udaipur,2023-10-25 02:15:00,20.2,22.1,89,40.0
31600,Udaipur,2023-10-25 02:30:00,22.7,20.2,45,89.0
31601,Udaipur,2023-10-26 02:00:00,19.4,22.7,81,45.0
31602,Udaipur,2023-10-26 02:00:00,22.2,19.4,42,81.0
31603,Udaipur,2023-10-27 02:15:00,18.3,22.2,72,42.0
31604,Udaipur,2023-10-27 02:15:00,22.0,18.3,36,72.0
31605,Udaipur,2023-10-28 02:00:00,17.9,22.0,73,36.0
31606,Udaipur,2023-10-28 02:00:00,23.3,17.9,29,73.0
31607,Udaipur,2023-10-29 02:30:00,17.6,23.3,73,29.0
31608,Udaipur,2023-10-29 02:45:00,24.7,17.6,26,73.0
31609,Udaipur,2023-10-30 01:45:00,18.4,24.7,77,26.0
31610,Udaipur,2023-10-30 02:00:00,23.9,18.4,32,77.0
31656,Udalguri,2023-10-15 02:30:00,21.5,21.7,89,90.0
31657,Udalguri,2023-10-16 02:30:00,21.7,21.5,86,89.0
31658,Udalguri,2023-10-17 02:15:00,21.5,21.7,86,86.0
31659,Udalguri,2023-10-18 02:30:00,21.4,21.5,85,86.0
31660,Udalguri,2023-10-19 02:15:00,20.9,21.4,84,85.0
31661,Udalguri,2023-10-20 02:30:00,20.8,20.9,79,84.0
31662,Udalguri,2023-10-21 02:15:00,20.8,20.8,77,79.0
31663,Udalguri,2023-10-22 02:15:00,20.0,20.8,77,77.0
31664,Udalguri,2023-10-23 02:15:00,19.5,20.0,71,77.0
31665,Udalguri,2023-10-24 02:15:00,20.9,19.5,70,71.0
31666,Udalguri,2023-10-25 02:15:00,20.1,20.9,78,70.0
31667,Udalguri,2023-10-26 02:00:00,20.5,20.1,77,78.0
31668,Udalguri,2023-10-27 02:15:00,20.6,20.5,86,77.0
31669,Udalguri,2023-10-28 02:00:00,20.2,20.6,85,86.0
31670,Udalguri,2023-10-29 02:30:00,20.2,20.2,82,85.0
31671,Udalguri,2023-10-30 01:45:00,20.7,20.2,83,82.0
31717,Udhampur,2023-10-15 02:30:00,20.7,21.3,46,42.0
31718,Udhampur,2023-10-16 02:30:00,21.3,20.7,43,46.0
31719,Udhampur,2023-10-17 02:15:00,17.6,21.3,72,43.0
31720,Udhampur,2023-10-18 02:15:00,16.5,17.6,54,72.0
31721,Udhampur,2023-10-19 02:15:00,16.7,16.5,56,54.0
31722,Udhampur,2023-10-20 02:15:00,17.4,16.7,62,56.0
31723,Udhampur,2023-10-21 02:15:00,18.0,17.4,52,62.0
31724,Udhampur,2023-10-22 02:15:00,19.0,18.0,50,52.0
31725,Udhampur,2023-10-23 02:00:00,18.2,19.0,49,50.0
31726,Udhampur,2023-10-24 02:15:00,18.2,18.2,54,49.0
31727,Udhampur,2023-10-25 02:15:00,18.4,18.2,43,54.0
31728,Udhampur,2023-10-26 02:00:00,18.6,18.4,44,43.0
31729,Udhampur,2023-10-27 02:15:00,18.3,18.6,47,44.0
31730,Udhampur,2023-10-28 02:00:00,18.8,18.3,45,47.0
31731,Udhampur,2023-10-29 02:30:00,18.9,18.8,42,45.0
31732,Udhampur,2023-10-30 01:45:00,19.6,18.9,42,42.0
31778,Udupi,2023-10-15 02:30:00,26.0,27.0,94,89.0
31779,Udupi,2023-10-16 02:30:00,24.7,26.0,91,94.0
31780,Udupi,2023-10-17 02:30:00,24.0,24.7,94,91.0
31781,Udupi,2023-10-18 02:30:00,25.0,24.0,100,94.0
31782,Udupi,2023-10-19 02:15:00,27.0,25.0,94,100.0
31783,Udupi,2023-10-20 02:30:00,26.0,27.0,84,94.0
31784,Udupi,2023-10-21 02:15:00,26.0,26.0,89,84.0
31785,Udupi,2023-10-22 02:15:00,24.0,26.0,94,89.0
31786,Udupi,2023-10-23 02:15:00,25.0,24.0,89,94.0
31787,Udupi,2023-10-24 02:15:00,27.0,25.0,89,89.0
31788,Udupi,2023-10-25 02:15:00,27.0,27.0,89,89.0
31789,Udupi,2023-10-26 02:00:00,27.0,27.0,89,89.0
31790,Udupi,2023-10-27 02:15:00,26.0,27.0,89,89.0
31791,Udupi,2023-10-28 02:00:00,23.5,26.0,84,89.0
31792,Udupi,2023-10-29 02:45:00,27.0,23.5,89,84.0
31793,Udupi,2023-10-30 02:00:00,23.0,27.0,94,89.0
31839,Ujjain,2023-10-15 02:30:00,22.6,22.7,56,55.0
31840,Ujjain,2023-10-16 02:30:00,24.2,22.6,60,56.0
31841,Ujjain,2023-10-17 02:15:00,21.9,24.2,66,60.0
31842,Ujjain,2023-10-18 02:15:00,21.3,21.9,65,66.0
31843,Ujjain,2023-10-19 02:15:00,22.1,21.3,56,65.0
31844,Ujjain,2023-10-20 02:15:00,21.8,22.1,55,56.0
31845,Ujjain,2023-10-21 02:00:00,22.0,21.8,58,55.0
31846,Ujjain,2023-10-22 02:15:00,21.9,22.0,57,58.0
31847,Ujjain,2023-10-23 02:00:00,23.0,21.9,65,57.0
31848,Ujjain,2023-10-24 02:00:00,21.0,23.0,53,65.0
31849,Ujjain,2023-10-25 02:15:00,20.1,21.0,42,53.0
31850,Ujjain,2023-10-26 02:00:00,20.0,20.1,46,42.0
31851,Ujjain,2023-10-27 02:15:00,19.7,20.0,34,46.0
31852,Ujjain,2023-10-28 02:00:00,19.0,19.7,49,34.0
31853,Ujjain,2023-10-29 02:30:00,18.0,19.0,60,49.0
31854,Ujjain,2023-10-30 01:45:00,20.5,18.0,44,60.0
31900,Ukhrul,2023-10-15 02:30:00,13.0,13.8,94,98.0
31901,Ukhrul,2023-10-16 02:30:00,13.8,13.0,96,94.0
31902,Ukhrul,2023-10-17 02:15:00,11.6,13.8,95,96.0
31903,Ukhrul,2023-10-18 02:30:00,11.8,11.6,92,95.0
31904,Ukhrul,2023-10-19 02:15:00,12.3,11.8,92,92.0
31905,Ukhrul,2023-10-20 02:30:00,12.3,12.3,94,92.0
31906,Ukhrul,2023-10-21 02:15:00,12.2,12.3,92,94.0
31907,Ukhrul,2023-10-22 02:15:00,12.8,12.2,89,92.0
31908,Ukhrul,2023-10-23 02:15:00,13.9,12.8,87,89.0
31909,Ukhrul,2023-10-24 02:15:00,14.6,13.9,83,87.0
31910,Ukhrul,2023-10-25 02:15:00,13.9,14.6,99,83.0
31911,Ukhrul,2023-10-26 02:00:00,15.1,13.9,99,99.0
31912,Ukhrul,2023-10-27 02:15:00,12.9,15.1,99,99.0
31913,Ukhrul,2023-10-28 02:00:00,11.8,12.9,95,99.0
31914,Ukhrul,2023-10-29 02:30:00,12.0,11.8,94,95.0
31915,Ukhrul,2023-10-30 01:45:00,12.2,12.0,92,94.0
31961,Umaria,2023-10-15 02:30:00,21.5,20.9,52,59.0
31962,Umaria,2023-10-16 02:30:00,20.7,21.5,62,52.0
31963,Umaria,2023-10-17 02:15:00,20.1,20.7,75,62.0
31964,Umaria,2023-10-18 02:15:00,19.5,20.1,84,75.0
31965,Umaria,2023-10-19 02:15:00,19.6,19.5,73,84.0
31966,Umaria,2023-10-20 02:15:00,18.3,19.6,63,73.0
31967,Umaria,2023-10-21 02:00:00,18.2,18.3,60,63.0
31968,Umaria,2023-10-22 02:15:00,17.3,18.2,62,60.0
31969,Umaria,2023-10-23 02:00:00,15.5,17.3,60,62.0
31970,Umaria,2023-10-24 02:15:00,15.6,15.5,66,60.0
31971,Umaria,2023-10-25 02:15:00,16.4,15.6,67,66.0
31972,Umaria,2023-10-26 02:00:00,16.2,16.4,56,67.0
31973,Umaria,2023-10-27 02:15:00,16.0,16.2,49,56.0
31974,Umaria,2023-10-28 02:00:00,16.0,16.0,51,49.0
31975,Umaria,2023-10-29 02:30:00,16.2,16.0,55,51.0
31976,Umaria,2023-10-30 01:45:00,16.5,16.2,57,55.0
32022,Una,2023-10-15 02:30:00,25.5,25.5,68,79.0
32023,Una,2023-10-16 02:30:00,24.4,25.5,77,68.0
32024,Una,2023-10-17 02:15:00,24.8,24.4,69,77.0
32025,Una,2023-10-18 02:15:00,25.4,24.8,65,69.0
32026,Una,2023-10-19 02:15:00,25.9,25.4,64,65.0
32027,Una,2023-10-20 02:15:00,25.1,25.9,50,64.0
32028,Una,2023-10-21 02:00:00,25.7,25.1,56,50.0
32029,Una,2023-10-22 02:15:00,25.9,25.7,60,56.0
32030,Una,2023-10-23 02:00:00,26.1,25.9,59,60.0
32031,Una,2023-10-24 02:15:00,26.1,26.1,57,59.0
32032,Una,2023-10-25 02:15:00,25.8,26.1,52,57.0
32033,Una,2023-10-26 02:00:00,25.8,25.8,47,52.0
32034,Una,2023-10-27 02:15:00,25.0,25.8,45,47.0
32035,Una,2023-10-28 02:00:00,24.8,25.0,47,45.0
32036,Una,2023-10-29 02:30:00,24.8,24.8,47,47.0
32037,Una,2023-10-30 01:45:00,25.1,24.8,47,47.0
32083,Unnao,2023-10-15 02:30:00,23.0,23.0,89,83.0
32084,Unnao,2023-10-16 02:30:00,23.0,23.0,89,89.0
32085,Unnao,2023-10-17 02:30:00,20.0,23.0,83,89.0
32086,Unnao,2023-10-18 02:30:00,20.0,20.0,88,83.0
32087,Unnao,2023-10-19 02:30:00,21.0,20.0,83,88.0
32088,Unnao,2023-10-20 02:30:00,19.0,21.0,83,83.0
32089,Unnao,2023-10-21 02:15:00,18.0,19.0,94,83.0
32090,Unnao,2023-10-22 02:30:00,18.0,18.0,83,94.0
32091,Unnao,2023-10-23 02:15:00,20.0,18.0,83,83.0
32092,Unnao,2023-10-24 02:15:00,19.0,20.0,88,83.0
32093,Unnao,2023-10-25 02:30:00,19.0,19.0,83,88.0
32094,Unnao,2023-10-26 02:00:00,22.0,19.0,69,83.0
32095,Unnao,2023-10-27 02:30:00,19.0,22.0,73,69.0
32096,Unnao,2023-10-28 02:00:00,19.0,19.0,73,73.0
32097,Unnao,2023-10-29 02:45:00,22.6,19.0,42,73.0
32098,Unnao,2023-10-30 02:00:00,19.0,22.6,83,42.0
32144,Upper Tirupati,2023-10-15 02:30:00,24.9,22.7,78,87.0
32145,Upper Tirupati,2023-10-16 02:30:00,23.7,24.9,92,78.0
32146,Upper Tirupati,2023-10-17 02:15:00,23.2,23.7,89,92.0
32147,Upper Tirupati,2023-10-18 02:30:00,23.0,23.2,80,89.0
32148,Upper Tirupati,2023-10-19 02:15:00,22.1,23.0,86,80.0
32149,Upper Tirupati,2023-10-20 02:30:00,22.5,22.1,89,86.0
32150,Upper Tirupati,2023-10-21 02:15:00,23.0,22.5,89,89.0
32151,Upper Tirupati,2023-10-22 02:15:00,22.3,23.0,87,89.0
32152,Upper Tirupati,2023-10-23 02:15:00,22.2,22.3,81,87.0
32153,Upper Tirupati,2023-10-24 02:15:00,21.4,22.2,65,81.0
32154,Upper Tirupati,2023-10-25 02:15:00,21.7,21.4,66,65.0
32155,Upper Tirupati,2023-10-26 02:00:00,22.0,21.7,75,66.0
32156,Upper Tirupati,2023-10-27 02:15:00,21.8,22.0,87,75.0
32157,Upper Tirupati,2023-10-28 02:00:00,22.4,21.8,91,87.0
32158,Upper Tirupati,2023-10-29 02:30:00,22.8,22.4,94,91.0
32159,Upper Tirupati,2023-10-30 01:45:00,22.6,22.8,92,94.0
32205,Uttarkashi,2023-10-15 02:30:00,-6.9,-4.7,78,81.0
32206,Uttarkashi,2023-10-16 02:30:00,-8.0,-6.9,74,78.0
32207,Uttarkashi,2023-10-17 02:30:00,-5.4,-8.0,83,74.0
32208,Uttarkashi,2023-10-18 02:30:00,-8.0,-5.4,64,83.0
32209,Uttarkashi,2023-10-19 02:15:00,-8.7,-8.0,68,64.0
32210,Uttarkashi,2023-10-20 02:30:00,-10.9,-8.7,55,68.0
32211,Uttarkashi,2023-10-21 02:15:00,-10.2,-10.9,68,55.0
32212,Uttarkashi,2023-10-22 02:15:00,-7.7,-10.2,75,68.0
32213,Uttarkashi,2023-10-23 02:15:00,-8.8,-7.7,77,75.0
32214,Uttarkashi,2023-10-24 02:15:00,-9.8,-8.8,73,77.0
32215,Uttarkashi,2023-10-25 02:15:00,-7.9,-9.8,64,73.0
32216,Uttarkashi,2023-10-26 02:00:00,-10.3,-7.9,59,64.0
32217,Uttarkashi,2023-10-27 02:15:00,-5.4,-10.3,47,59.0
32218,Uttarkashi,2023-10-28 02:00:00,-5.9,-5.4,34,47.0
32219,Uttarkashi,2023-10-29 02:30:00,-6.6,-5.9,53,34.0
32220,Uttarkashi,2023-10-30 01:45:00,-3.9,-6.6,65,53.0
32266,Vadodara,2023-10-15 02:30:00,30.2,29.3,50,52.0
32267,Vadodara,2023-10-16 02:30:00,27.8,30.2,61,50.0
32268,Vadodara,2023-10-17 02:15:00,28.8,27.8,48,61.0
32269,Vadodara,2023-10-18 02:15:00,28.1,28.8,55,48.0
32270,Vadodara,2023-10-19 02:15:00,27.7,28.1,54,55.0
32271,Vadodara,2023-10-20 02:30:00,27.0,27.7,48,54.0
32272,Vadodara,2023-10-21 02:15:00,27.9,27.0,47,48.0
32273,Vadodara,2023-10-22 02:15:00,27.7,27.9,42,47.0
32274,Vadodara,2023-10-23 02:00:00,28.2,27.7,38,42.0
32275,Vadodara,2023-10-24 02:15:00,27.2,28.2,39,38.0
32276,Vadodara,2023-10-25 02:15:00,27.0,27.2,36,39.0
32277,Vadodara,2023-10-26 02:00:00,27.4,27.0,31,36.0
32278,Vadodara,2023-10-27 02:15:00,26.8,27.4,33,31.0
32279,Vadodara,2023-10-28 02:00:00,25.8,26.8,35,33.0
32280,Vadodara,2023-10-29 02:30:00,26.7,25.8,34,35.0
32281,Vadodara,2023-10-30 01:45:00,26.9,26.7,31,34.0
32327,Valsad,2023-10-15 02:30:00,25.9,26.0,79,73.0
32328,Valsad,2023-10-16 02:30:00,25.4,25.9,75,79.0
32329,Valsad,2023-10-17 02:15:00,26.2,25.4,72,75.0
32330,Valsad,2023-10-18 02:15:00,25.4,26.2,67,72.0
32331,Valsad,2023-10-19 02:15:00,24.7,25.4,63,67.0
32332,Valsad,2023-10-20 02:30:00,24.3,24.7,55,63.0
32333,Valsad,2023-10-21 02:15:00,25.9,24.3,60,55.0
32334,Valsad,2023-10-22 02:15:00,26.7,25.9,48,60.0
32335,Valsad,2023-10-23 02:00:00,25.1,26.7,55,48.0
32336,Valsad,2023-10-24 02:15:00,26.6,25.1,50,55.0
32337,Valsad,2023-10-25 02:15:00,24.5,26.6,49,50.0
32338,Valsad,2023-10-26 02:00:00,24.0,24.5,44,49.0
32339,Valsad,2023-10-27 02:15:00,23.8,24.0,44,44.0
32340,Valsad,2023-10-28 02:00:00,22.7,23.8,46,44.0
32341,Valsad,2023-10-29 02:30:00,23.1,22.7,46,46.0
32342,Valsad,2023-10-30 01:45:00,23.6,23.1,42,46.0
32388,Varanasi,2023-10-15 02:30:00,23.0,22.4,55,55.0
32389,Varanasi,2023-10-16 02:30:00,23.6,23.0,60,55.0
32390,Varanasi,2023-10-17 02:30:00,22.8,23.6,74,60.0
32391,Varanasi,2023-10-18 02:30:00,21.7,22.8,85,74.0
32392,Varanasi,2023-10-19 02:30:00,21.4,21.7,62,85.0
32393,Varanasi,2023-10-20 02:30:00,20.9,21.4,58,62.0
32394,Varanasi,2023-10-21 02:15:00,20.7,20.9,61,58.0
32395,Varanasi,2023-10-22 02:30:00,20.0,20.7,59,61.0
32396,Varanasi,2023-10-23 02:15:00,19.8,20.0,56,59.0
32397,Varanasi,2023-10-24 02:15:00,20.0,19.8,62,56.0
32398,Varanasi,2023-10-25 02:30:00,20.5,20.0,56,62.0
32399,Varanasi,2023-10-26 02:00:00,20.6,20.5,58,56.0
32400,Varanasi,2023-10-27 02:30:00,20.7,20.6,57,58.0
32401,Varanasi,2023-10-28 02:00:00,20.2,20.7,47,57.0
32402,Varanasi,2023-10-29 02:45:00,20.3,20.2,51,47.0
32403,Varanasi,2023-10-30 02:00:00,20.6,20.3,54,51.0
32449,Vellore,2023-10-15 02:30:00,22.0,21.1,92,92.0
32450,Vellore,2023-10-16 02:30:00,22.4,22.0,93,92.0
32451,Vellore,2023-10-17 02:30:00,21.6,22.4,94,93.0
32452,Vellore,2023-10-18 02:30:00,21.1,21.6,84,94.0
32453,Vellore,2023-10-19 02:30:00,20.5,21.1,90,84.0
32454,Vellore,2023-10-20 02:30:00,20.7,20.5,90,90.0
32455,Vellore,2023-10-21 02:15:00,21.0,20.7,92,90.0
32456,Vellore,2023-10-22 02:30:00,21.4,21.0,81,92.0
32457,Vellore,2023-10-23 02:15:00,21.5,21.4,86,81.0
32458,Vellore,2023-10-24 02:15:00,20.1,21.5,83,86.0
32459,Vellore,2023-10-25 02:30:00,20.6,20.1,85,83.0
32460,Vellore,2023-10-26 02:00:00,20.5,20.6,82,85.0
32461,Vellore,2023-10-27 02:30:00,20.7,20.5,92,82.0
32462,Vellore,2023-10-28 02:00:00,21.1,20.7,94,92.0
32463,Vellore,2023-10-29 02:45:00,21.5,21.1,95,94.0
32464,Vellore,2023-10-30 02:00:00,21.3,21.5,94,95.0
32510,Vidisha,2023-10-15 02:30:00,25.0,23.9,44,47.0
32511,Vidisha,2023-10-16 02:30:00,23.9,25.0,50,44.0
32512,Vidisha,2023-10-17 02:15:00,20.5,23.9,74,50.0
32513,Vidisha,2023-10-18 02:15:00,23.0,20.5,69,74.0
32514,Vidisha,2023-10-19 02:15:00,22.1,23.0,64,69.0
32515,Vidisha,2023-10-20 02:15:00,21.3,22.1,52,64.0
32516,Vidisha,2023-10-21 02:00:00,20.8,21.3,50,52.0
32517,Vidisha,2023-10-22 02:15:00,21.4,20.8,41,50.0
32518,Vidisha,2023-10-23 02:00:00,20.3,21.4,54,41.0
32519,Vidisha,2023-10-24 02:15:00,19.8,20.3,51,54.0
32520,Vidisha,2023-10-25 02:15:00,19.5,19.8,45,51.0
32521,Vidisha,2023-10-26 02:00:00,19.9,19.5,43,45.0
32522,Vidisha,2023-10-27 02:15:00,19.5,19.9,44,43.0
32523,Vidisha,2023-10-28 02:00:00,18.8,19.5,41,44.0
32524,Vidisha,2023-10-29 02:30:00,19.1,18.8,41,41.0
32525,Vidisha,2023-10-30 01:45:00,20.0,19.1,60,41.0
32571,Vikarabad,2023-10-15 02:30:00,25.0,23.0,79,83.0
32572,Vikarabad,2023-10-16 02:30:00,23.0,25.0,83,79.0
32573,Vikarabad,2023-10-17 02:30:00,23.0,23.0,78,83.0
32574,Vikarabad,2023-10-18 02:30:00,22.0,23.0,73,78.0
32575,Vikarabad,2023-10-19 02:30:00,22.0,22.0,88,73.0
32576,Vikarabad,2023-10-20 02:30:00,22.0,22.0,78,88.0
32577,Vikarabad,2023-10-21 02:30:00,22.0,22.0,78,78.0
32578,Vikarabad,2023-10-22 02:30:00,24.0,22.0,69,78.0
32579,Vikarabad,2023-10-23 02:15:00,21.0,24.0,73,69.0
32580,Vikarabad,2023-10-24 02:15:00,19.0,21.0,73,73.0
32581,Vikarabad,2023-10-25 02:30:00,21.0,19.0,64,73.0
32582,Vikarabad,2023-10-26 02:00:00,20.0,21.0,60,64.0
32583,Vikarabad,2023-10-27 02:30:00,19.0,20.0,64,60.0
32584,Vikarabad,2023-10-28 02:00:00,21.0,19.0,56,64.0
32585,Vikarabad,2023-10-29 02:45:00,22.0,21.0,73,56.0
32586,Vikarabad,2023-10-30 02:00:00,20.7,22.0,75,73.0
32632,Visakhapatnam,2023-10-15 02:30:00,25.7,25.9,78,80.0
32633,Visakhapatnam,2023-10-16 02:30:00,25.8,25.7,74,78.0
32634,Visakhapatnam,2023-10-17 02:15:00,25.4,25.8,72,74.0
32635,Visakhapatnam,2023-10-18 02:15:00,25.1,25.4,74,72.0
32636,Visakhapatnam,2023-10-19 02:15:00,24.8,25.1,82,74.0
32637,Visakhapatnam,2023-10-20 02:30:00,25.1,24.8,83,82.0
32638,Visakhapatnam,2023-10-21 02:15:00,24.5,25.1,83,83.0
32639,Visakhapatnam,2023-10-22 02:15:00,24.0,24.5,81,83.0
32640,Visakhapatnam,2023-10-23 02:00:00,24.0,24.0,64,81.0
32641,Visakhapatnam,2023-10-24 02:15:00,24.7,24.0,73,64.0
32642,Visakhapatnam,2023-10-25 02:15:00,24.8,24.7,84,73.0
32643,Visakhapatnam,2023-10-26 02:00:00,25.8,24.8,78,84.0
32644,Visakhapatnam,2023-10-27 02:15:00,25.4,25.8,78,78.0
32645,Visakhapatnam,2023-10-28 02:00:00,25.2,25.4,81,78.0
32646,Visakhapatnam,2023-10-29 02:30:00,24.8,25.2,81,81.0
32647,Visakhapatnam,2023-10-30 01:45:00,24.8,24.8,70,81.0
32693,Vizianagaram,2023-10-15 02:30:00,23.7,24.2,84,85.0
32694,Vizianagaram,2023-10-16 02:30:00,23.6,23.7,79,84.0
32695,Vizianagaram,2023-10-17 02:15:00,23.4,23.6,77,79.0
32696,Vizianagaram,2023-10-18 02:30:00,23.5,23.4,79,77.0
32697,Vizianagaram,2023-10-19 02:15:00,23.5,23.5,86,79.0
32698,Vizianagaram,2023-10-20 02:30:00,23.3,23.5,88,86.0
32699,Vizianagaram,2023-10-21 02:15:00,23.0,23.3,85,88.0
32700,Vizianagaram,2023-10-22 02:15:00,22.6,23.0,84,85.0
32701,Vizianagaram,2023-10-23 02:00:00,22.2,22.6,65,84.0
32702,Vizianagaram,2023-10-24 02:15:00,22.3,22.2,79,65.0
32703,Vizianagaram,2023-10-25 02:15:00,22.9,22.3,90,79.0
32704,Vizianagaram,2023-10-26 02:00:00,24.5,22.9,83,90.0
32705,Vizianagaram,2023-10-27 02:15:00,23.9,24.5,85,83.0
32706,Vizianagaram,2023-10-28 02:00:00,23.4,23.9,85,85.0
32707,Vizianagaram,2023-10-29 02:30:00,22.7,23.4,87,85.0
32708,Vizianagaram,2023-10-30 01:45:00,22.3,22.7,78,87.0
32754,Wanaparthy,2023-10-15 02:30:00,24.4,24.0,70,74.0
32755,Wanaparthy,2023-10-16 02:30:00,24.3,24.4,69,70.0
32756,Wanaparthy,2023-10-17 02:30:00,24.4,24.3,71,69.0
32757,Wanaparthy,2023-10-18 02:30:00,23.9,24.4,76,71.0
32758,Wanaparthy,2023-10-19 02:30:00,22.8,23.9,74,76.0
32759,Wanaparthy,2023-10-20 02:30:00,22.5,22.8,79,74.0
32760,Wanaparthy,2023-10-21 02:30:00,23.1,22.5,76,79.0
32761,Wanaparthy,2023-10-22 02:30:00,22.4,23.1,75,76.0
32762,Wanaparthy,2023-10-23 02:15:00,20.7,22.4,58,75.0
32763,Wanaparthy,2023-10-24 02:15:00,20.6,20.7,66,58.0
32764,Wanaparthy,2023-10-25 02:30:00,20.2,20.6,60,66.0
32765,Wanaparthy,2023-10-26 02:00:00,20.5,20.2,59,60.0
32766,Wanaparthy,2023-10-27 02:30:00,19.7,20.5,49,59.0
32767,Wanaparthy,2023-10-28 02:00:00,20.8,19.7,64,49.0
32768,Wanaparthy,2023-10-29 02:45:00,24.4,20.8,74,64.0
32769,Wanaparthy,2023-10-30 02:00:00,22.9,24.4,85,74.0
32815,Warangal,2023-10-15 02:30:00,23.5,23.7,72,77.0
32816,Warangal,2023-10-16 02:30:00,23.1,23.5,73,72.0
32817,Warangal,2023-10-17 02:30:00,23.4,23.1,78,73.0
32818,Warangal,2023-10-18 02:30:00,23.0,23.4,75,78.0
32819,Warangal,2023-10-19 02:30:00,22.9,23.0,70,75.0
32820,Warangal,2023-10-20 02:30:00,22.7,22.9,80,70.0
32821,Warangal,2023-10-21 02:30:00,22.3,22.7,79,80.0
32822,Warangal,2023-10-22 02:30:00,20.8,22.3,71,79.0
32823,Warangal,2023-10-23 02:15:00,19.8,20.8,63,71.0
32824,Warangal,2023-10-24 02:15:00,19.0,19.8,68,63.0
32825,Warangal,2023-10-25 02:30:00,19.2,19.0,66,68.0
32826,Warangal,2023-10-26 02:00:00,19.4,19.2,67,66.0
32827,Warangal,2023-10-27 02:30:00,18.5,19.4,57,67.0
32828,Warangal,2023-10-28 02:00:00,20.5,18.5,55,57.0
32829,Warangal,2023-10-29 02:45:00,21.2,20.5,66,55.0
32830,Warangal,2023-10-30 02:00:00,20.7,21.2,65,66.0
32876,Wardha,2023-10-15 02:30:00,23.0,24.0,89,78.0
32877,Wardha,2023-10-16 02:30:00,24.0,23.0,83,89.0
32878,Wardha,2023-10-17 02:30:00,24.0,24.0,89,83.0
32879,Wardha,2023-10-18 02:30:00,25.0,24.0,79,89.0
32880,Wardha,2023-10-19 02:30:00,26.0,25.0,84,79.0
32881,Wardha,2023-10-20 02:30:00,25.0,26.0,79,84.0
32882,Wardha,2023-10-21 02:15:00,23.0,25.0,83,79.0
32883,Wardha,2023-10-22 02:30:00,22.0,23.0,83,83.0
32884,Wardha,2023-10-23 02:15:00,22.0,22.0,78,83.0
32885,Wardha,2023-10-24 02:15:00,21.0,22.0,78,78.0
32886,Wardha,2023-10-25 02:15:00,21.0,21.0,78,78.0
32887,Wardha,2023-10-26 02:00:00,20.0,21.0,83,78.0
32888,Wardha,2023-10-27 02:15:00,20.0,20.0,83,83.0
32889,Wardha,2023-10-28 02:00:00,20.1,20.0,53,83.0
32890,Wardha,2023-10-29 02:45:00,19.0,20.1,83,53.0
32891,Wardha,2023-10-30 02:00:00,20.0,19.0,78,83.0
32937,Washim,2023-10-15 02:30:00,23.0,23.2,59,63.0
32938,Washim,2023-10-16 02:30:00,23.4,23.0,62,59.0
32939,Washim,2023-10-17 02:30:00,22.7,23.4,64,62.0
32940,Washim,2023-10-18 02:30:00,22.8,22.7,67,64.0
32941,Washim,2023-10-19 02:15:00,23.0,22.8,61,67.0
32942,Washim,2023-10-20 02:30:00,21.6,23.0,74,61.0
32943,Washim,2023-10-21 02:15:00,21.8,21.6,78,74.0
32944,Washim,2023-10-22 02:30:00,21.1,21.8,58,78.0
32945,Washim,2023-10-23 02:15:00,20.1,21.1,61,58.0
32946,Washim,2023-10-24 02:15:00,20.0,20.1,62,61.0
32947,Washim,2023-10-25 02:15:00,20.0,20.0,57,62.0
32948,Washim,2023-10-26 02:00:00,19.5,20.0,46,57.0
32949,Washim,2023-10-27 02:15:00,19.0,19.5,52,46.0
32950,Washim,2023-10-28 02:00:00,19.5,19.0,55,52.0
32951,Washim,2023-10-29 02:45:00,19.2,19.5,51,55.0
32952,Washim,2023-10-30 02:00:00,19.5,19.2,58,51.0
32998,West Godavari,2023-10-15 02:30:00,24.0,23.7,84,88.0
32999,West Godavari,2023-10-16 02:30:00,23.9,24.0,88,84.0
33000,West Godavari,2023-10-17 02:15:00,24.2,23.9,84,88.0
33001,West Godavari,2023-10-18 02:30:00,23.6,24.2,84,84.0
33002,West Godavari,2023-10-19 02:15:00,24.7,23.6,83,84.0
33003,West Godavari,2023-10-20 02:30:00,23.6,24.7,88,83.0
33004,West Godavari,2023-10-21 02:15:00,23.7,23.6,88,88.0
33005,West Godavari,2023-10-22 02:15:00,23.5,23.7,88,88.0
33006,West Godavari,2023-10-23 02:00:00,21.9,23.5,72,88.0
33007,West Godavari,2023-10-24 02:15:00,23.3,21.9,67,72.0
33008,West Godavari,2023-10-25 02:15:00,22.1,23.3,67,67.0
33009,West Godavari,2023-10-26 02:00:00,23.1,22.1,79,67.0
33010,West Godavari,2023-10-27 02:15:00,23.2,23.1,87,79.0
33011,West Godavari,2023-10-28 02:00:00,23.0,23.2,92,87.0
33012,West Godavari,2023-10-29 02:30:00,24.0,23.0,88,92.0
33013,West Godavari,2023-10-30 01:45:00,23.3,24.0,90,88.0
33059,Wokha,2023-10-15 02:30:00,23.7,24.2,95,99.0
33060,Wokha,2023-10-16 02:30:00,14.0,23.7,98,95.0
33061,Wokha,2023-10-17 02:15:00,23.5,14.0,96,98.0
33062,Wokha,2023-10-18 02:30:00,19.4,23.5,96,96.0
33063,Wokha,2023-10-19 02:15:00,12.5,19.4,98,96.0
33064,Wokha,2023-10-20 02:30:00,23.0,12.5,97,98.0
33065,Wokha,2023-10-21 02:15:00,22.4,23.0,97,97.0
33066,Wokha,2023-10-22 02:15:00,22.6,22.4,94,97.0
33067,Wokha,2023-10-23 02:15:00,22.9,22.6,96,94.0
33068,Wokha,2023-10-24 02:15:00,24.3,22.9,92,96.0
33069,Wokha,2023-10-25 02:15:00,23.7,24.3,88,92.0
33070,Wokha,2023-10-26 02:00:00,23.3,23.7,99,88.0
33071,Wokha,2023-10-27 02:15:00,21.4,23.3,99,99.0
33072,Wokha,2023-10-28 02:00:00,22.1,21.4,98,99.0
33073,Wokha,2023-10-29 02:30:00,22.1,22.1,97,98.0
33074,Wokha,2023-10-30 01:45:00,23.3,22.1,98,97.0
33120,Yadgir,2023-10-15 02:30:00,25.6,25.0,59,65.0
33121,Yadgir,2023-10-16 02:30:00,25.5,25.6,61,59.0
33122,Yadgir,2023-10-17 02:30:00,25.1,25.5,64,61.0
33123,Yadgir,2023-10-18 02:30:00,24.3,25.1,69,64.0
33124,Yadgir,2023-10-19 02:15:00,23.8,24.3,65,69.0
33125,Yadgir,2023-10-20 02:30:00,23.7,23.8,69,65.0
33126,Yadgir,2023-10-21 02:15:00,24.2,23.7,67,69.0
33127,Yadgir,2023-10-22 02:15:00,24.8,24.2,61,67.0
33128,Yadgir,2023-10-23 02:15:00,22.7,24.8,50,61.0
33129,Yadgir,2023-10-24 02:15:00,21.4,22.7,61,50.0
33130,Yadgir,2023-10-25 02:15:00,21.6,21.4,52,61.0
33131,Yadgir,2023-10-26 02:00:00,21.3,21.6,53,52.0
33132,Yadgir,2023-10-27 02:15:00,20.8,21.3,51,53.0
33133,Yadgir,2023-10-28 02:00:00,20.8,20.8,51,51.0
33134,Yadgir,2023-10-29 02:45:00,23.3,20.8,58,51.0
33135,Yadgir,2023-10-30 02:00:00,23.4,23.3,81,58.0
33181,Yamunanagar,2023-10-15 02:30:00,21.4,20.6,55,60.0
33182,Yamunanagar,2023-10-16 02:30:00,21.2,21.4,56,55.0
33183,Yamunanagar,2023-10-17 02:15:00,17.0,21.2,81,56.0
33184,Yamunanagar,2023-10-18 02:30:00,18.7,17.0,61,81.0
33185,Yamunanagar,2023-10-19 02:15:00,17.5,18.7,57,61.0
33186,Yamunanagar,2023-10-20 02:30:00,18.1,17.5,57,57.0
33187,Yamunanagar,2023-10-21 02:15:00,18.2,18.1,56,57.0
33188,Yamunanagar,2023-10-22 02:15:00,18.6,18.2,55,56.0
33189,Yamunanagar,2023-10-23 02:15:00,18.8,18.6,56,55.0
33190,Yamunanagar,2023-10-24 02:15:00,18.6,18.8,54,56.0
33191,Yamunanagar,2023-10-25 02:15:00,19.2,18.6,52,54.0
33192,Yamunanagar,2023-10-26 02:00:00,19.1,19.2,45,52.0
33193,Yamunanagar,2023-10-27 02:15:00,18.5,19.1,52,45.0
33194,Yamunanagar,2023-10-28 02:00:00,19.1,18.5,48,52.0
33195,Yamunanagar,2023-10-29 02:30:00,19.1,19.1,51,48.0
33196,Yamunanagar,2023-10-30 01:45:00,19.1,19.1,53,51.0
33242,Yanam,2023-10-15 02:30:00,24.6,24.9,84,85.0
33243,Yanam,2023-10-16 02:30:00,24.2,24.6,80,84.0
33244,Yanam,2023-10-17 02:15:00,25.9,24.2,73,80.0
33245,Yanam,2023-10-18 02:30:00,24.3,25.9,79,73.0
33246,Yanam,2023-10-19 02:15:00,23.4,24.3,92,79.0
33247,Yanam,2023-10-20 02:30:00,24.1,23.4,90,92.0
33248,Yanam,2023-10-21 02:15:00,24.3,24.1,87,90.0
33249,Yanam,2023-10-22 02:15:00,24.3,24.3,82,87.0
33250,Yanam,2023-10-23 02:15:00,23.1,24.3,85,82.0
33251,Yanam,2023-10-24 02:15:00,25.4,23.1,76,85.0
33252,Yanam,2023-10-25 02:15:00,24.4,25.4,80,76.0
33253,Yanam,2023-10-26 02:00:00,24.5,24.4,83,80.0
33254,Yanam,2023-10-27 02:15:00,24.0,24.5,84,83.0
33255,Yanam,2023-10-28 02:00:00,23.7,24.0,92,84.0
33256,Yanam,2023-10-29 02:30:00,24.9,23.7,83,92.0
33257,Yanam,2023-10-30 01:45:00,24.1,24.9,78,83.0
33303,Yavatmal,2023-10-15 02:30:00,25.4,25.7,50,58.0
33304,Yavatmal,2023-10-16 02:30:00,26.0,25.4,52,50.0
33305,Yavatmal,2023-10-17 02:30:00,24.0,26.0,61,52.0
33306,Yavatmal,2023-10-18 02:30:00,23.6,24.0,69,61.0
33307,Yavatmal,2023-10-19 02:30:00,25.3,23.6,59,69.0
33308,Yavatmal,2023-10-20 02:30:00,22.8,25.3,81,59.0
33309,Yavatmal,2023-10-21 02:15:00,22.5,22.8,71,81.0
33310,Yavatmal,2023-10-22 02:30:00,22.2,22.5,62,71.0
33311,Yavatmal,2023-10-23 02:15:00,21.3,22.2,60,62.0
33312,Yavatmal,2023-10-24 02:15:00,20.7,21.3,59,60.0
33313,Yavatmal,2023-10-25 02:15:00,20.4,20.7,58,59.0
33314,Yavatmal,2023-10-26 02:00:00,20.5,20.4,52,58.0
33315,Yavatmal,2023-10-27 02:15:00,20.4,20.5,48,52.0
33316,Yavatmal,2023-10-28 02:00:00,20.2,20.4,56,48.0
33317,Yavatmal,2023-10-29 02:45:00,20.1,20.2,56,56.0
33318,Yavatmal,2023-10-30 02:00:00,20.1,20.1,63,56.0
33364,Zunheboto,2023-10-15 02:30:00,15.1,14.9,96,98.0
33365,Zunheboto,2023-10-16 02:30:00,11.8,15.1,98,96.0
33366,Zunheboto,2023-10-17 02:15:00,12.0,11.8,98,98.0
33367,Zunheboto,2023-10-18 02:30:00,13.8,12.0,94,98.0
33368,Zunheboto,2023-10-19 02:15:00,10.6,13.8,98,94.0
33369,Zunheboto,2023-10-20 02:30:00,10.3,10.6,97,98.0
33370,Zunheboto,2023-10-21 02:15:00,10.9,10.3,95,97.0
33371,Zunheboto,2023-10-22 02:15:00,10.6,10.9,91,95.0
33372,Zunheboto,2023-10-23 02:15:00,11.3,10.6,95,91.0
33373,Zunheboto,2023-10-24 02:15:00,14.9,11.3,81,95.0
33374,Zunheboto,2023-10-25 02:15:00,12.0,14.9,98,81.0
33375,Zunheboto,2023-10-26 02:00:00,12.7,12.0,100,98.0
33376,Zunheboto,2023-10-27 02:15:00,10.5,12.7,99,100.0
33377,Zunheboto,2023-10-28 02:00:00,10.4,10.5,98,99.0
33378,Zunheboto,2023-10-29 02:30:00,11.5,10.4,97,98.0
33379,Zunheboto,2023-10-30 01:45:00,10.7,11.5,98,97.0
