city,n_train_cities,n_test_rows,temp_r2,temp_rmse,temp_mae,hum_r2,hum_rmse,hum_mae,temp_variance,hum_variance,temp_r2_undefined,hum_r2_undefined,temp_test_unique_ratio,temp_test_max_run
Adilabad,551,179,0.8170317456187963,1.1654734302081722,0.8883453610232679,0.8985031621335053,6.8403555143638215,5.076150540367314,7.4238469461003085,461.0041509316189,False,False,0.4860335195530726,3
Agar,551,179,0.8806831856784466,1.012037211567593,0.7730169104043404,0.9057207805751994,6.395129289915936,4.913522827904928,8.584031709372367,433.79314003932467,False,False,0.5027932960893855,2
Agra,551,179,0.9487001365935541,1.4090620478804914,1.0042882825833943,0.7374020777788814,9.45660996521719,7.038056270444976,38.70294622514903,340.54904653412814,False,False,0.6368715083798883,2
Ahmadnagar,551,179,0.7265189952036439,1.050572602824129,0.8040924434449664,0.9203199263921087,5.89027052486074,4.647507188444836,4.035756686745108,435.4324147186417,False,False,0.39106145251396646,3
Aizawl,551,179,0.8645323171423607,1.4007578099205014,1.0154943873223572,0.8186015790956829,5.744120820302036,3.939395633420438,14.48406291938454,181.89201335788522,False,False,0.547486033519553,3
Ajmer,551,179,0.9318504839736679,1.2948883987932283,1.026025792432893,0.6564868524378558,10.722907597298587,7.120138124243903,24.603783901875723,334.7200774008302,False,False,0.5698324022346368,2
Akola,551,179,0.8360103558467729,0.9664198450141043,0.7438079035114107,0.9227846996566855,5.8721158185025955,4.548043393824094,5.695282294560096,446.5662120408227,False,False,0.441340782122905,3
Alappuzha,551,179,-0.143731025948312,0.8817689591013858,0.6912931380392132,0.0829876886896217,4.447310558892708,3.5569597914757045,0.6798071221247776,21.56849037171125,False,False,0.1787709497206704,3
Aligarh,551,179,0.9687290055064841,1.059104182429625,0.8203795138297941,0.7342617996804631,8.883905264827616,6.668585242301044,35.87035485783839,296.9982210293062,False,False,0.6815642458100558,2
Alipur,551,3,0.1625642300652197,0.5803751169300293,0.4754278111558013,-6.25756526415955,3.359991959286571,2.684068403918412,0.4022222222222225,1.5555555555555556,False,False,1.0,1
Alirajpur,551,179,0.8483557328468257,0.8689999455775368,0.6624356966349905,0.9034564699034642,6.663506304589005,4.90744261461219,4.979818357729159,459.9201647888642,False,False,0.40782122905027934,2
Allahabad,551,179,0.9457873297664477,1.2546104953953778,0.93703140327427,0.794960415768031,8.447808781633391,5.93815024612604,29.034679317124937,348.05705190225024,False,False,0.6759776536312849,2
Almora,551,179,0.9757294448433979,1.0973799512510576,0.8072143916509874,0.5942024778375545,10.3381672881032,7.7207160186797905,49.617437658000696,263.3769233170001,False,False,0.659217877094972,2
Alwar,551,179,0.967289939688233,1.0875424194327223,0.8159923211704647,0.6937088612056839,9.752109636333284,7.352324269399949,36.15855497643644,310.50079585531034,False,False,0.664804469273743,2
Ambala,551,179,0.9514471474107136,1.188400427015072,0.8555464056127238,0.8134515747240284,7.614896698527051,5.584630671520957,29.08779813364127,310.83967416747294,False,False,0.6424581005586593,3
Amethi,551,179,0.9554166207256681,1.102916925114437,0.8211054989056258,0.8119665027459737,7.8183304798960025,5.630843034510092,27.284287631472175,325.0819262819512,False,False,0.6536312849162011,3
Amravati,551,179,0.8457125781472933,0.9915756397434974,0.7822434883926038,0.9202788794717411,6.102861891160847,4.520183817911125,6.3726662713398445,467.19016260416345,False,False,0.44692737430167595,2
Amreli,551,179,0.8247276263959078,0.9692018151734635,0.7257502600068088,0.8353080337742435,8.526283743490964,6.41093209921893,5.359385162760214,441.4150619518742,False,False,0.4301675977653631,2
Amritsar,551,179,0.939540047417454,1.6574499751696532,1.2660330403853353,0.47463230555467506,6.5142131012376545,4.53212386012732,45.437356511969035,80.7719484410599,False,False,0.1564245810055866,4
Anand,551,179,0.8714542725293329,1.1638623834429673,0.8407256838930959,0.8018024565850627,8.106911307939706,5.69650607603919,10.537694828500983,331.5985144034206,False,False,0.46368715083798884,3
Anantapur,551,179,0.7927000081100285,0.9819716187124838,0.7479104569064889,0.7731185554715307,7.524871540004088,5.878423662779468,4.65155956430823,249.5739209138291,False,False,0.39106145251396646,3
Anantnag,551,178,0.9398510999375903,1.3062416541884663,1.0030918384041638,0.8298546004515406,8.18189446657129,5.879177467445729,28.367389218533017,393.44817573538694,False,False,0.6404494382022472,2
Anugul,551,179,0.869921908981294,1.199014427941618,0.9127595200807691,0.7022510737486569,7.653483675621515,5.553377867586488,11.052096376517587,196.72887862426265,False,False,0.5642458100558659,2
Anuppur,551,179,0.8707063998233254,1.3899525449291372,0.9935807140546012,0.808183844998738,8.885233654974293,6.127287652307791,14.942488062170344,411.57835273555753,False,False,0.5810055865921788,2
Araria,551,179,0.9570225332216156,0.9177396433292078,0.7319688704622094,0.8252745152079879,7.7958070184721295,5.471824742807001,19.597387097780967,347.82909397334663,False,False,0.6201117318435754,2
Ariyalur,551,179,0.30046761264829136,1.219102375959609,0.8976091002370346,0.24846767468212605,5.2435762545786115,4.021422765358741,2.124577260385131,36.585374988296245,False,False,0.0893854748603352,6
Arong,551,125,-0.7216989268875613,2.5655748970288568,1.0464082795489624,-0.02354407736268782,4.556906869165795,3.721905157690318,3.8230694399999994,20.287744000000004,False,False,0.216,2
Arwal,551,179,0.9025648982847847,1.7912008143369647,1.4238527829562755,0.5905972125767416,7.887087395533142,5.762962972099688,32.928588371149466,151.94363471801756,False,False,0.1787709497206704,5
Ashoknagar,551,179,0.9148576745119049,1.1688723921023287,0.8341126584718402,0.8341214077128558,8.20695886474885,6.0401120578399405,16.04680940045567,406.04500483755186,False,False,0.5586592178770949,2
Auraiya,551,179,0.9585461561738317,1.1531907965535266,0.859172405152966,0.7113814019141073,9.062156912458157,6.528921065834337,32.08023407509129,284.5370618894541,False,False,0.6368715083798883,3
Aurangabad,551,179,0.7440526908976548,1.2267877570983823,0.9328888442832304,0.8004177322781934,10.025818297112393,6.588561298949228,5.880148559657938,503.6370899784651,False,False,0.3854748603351955,4
Azamgarh,551,179,0.95308820509867,1.2127354628176696,0.9049407392389907,0.7852822395765036,8.438749982159328,6.014744685801734,31.3509066508536,331.656315345963,False,False,0.659217877094972,3
Badgam,551,178,0.912462627562692,1.5596058883900394,1.112796257654108,0.8332311586762139,8.469849523993089,6.153531157183421,27.786652253503348,430.1663931321803,False,False,0.6348314606741573,2
Bagalkot,551,179,0.6143195000380621,1.279474600766966,0.9125804580161001,0.8269899330236228,7.96522012584409,5.941286722828966,4.244589120189756,366.7112137573734,False,False,0.4301675977653631,2
Bageshwar,551,179,0.847386332711471,1.4088570141565244,0.9856477879635843,0.6561285692475749,11.025054026883103,8.460325639195476,13.005899940700978,353.4804157173622,False,False,0.553072625698324,2
Baghpat,551,179,0.9489088403481626,1.413732620923828,1.0478282069620024,0.6299322415733843,8.683915408662399,6.647965210013312,39.119094909647,203.77453887207014,False,False,0.1787709497206704,4
Bahraich,551,179,0.9608306275151011,1.059999871162102,0.7662167903461636,0.8037204157953969,7.7863276798455425,5.517918057160069,28.68567085921164,308.88030960332077,False,False,0.6536312849162011,2
Baksa Duar,551,179,0.954748604059801,0.8202071757386856,0.6446660199987344,0.7234652809021523,7.470416629788581,5.611814069029763,14.866719515620613,201.8087450454106,False,False,0.5642458100558659,2
Balaghat,551,179,0.8279084399945411,1.2140068432859916,0.9159095604062969,0.8943585375998809,7.011138480750708,4.974431850158962,8.564119097406447,465.31032115102516,False,False,0.4972067039106145,2
Balangir,551,179,0.8747769574841426,1.062228715319707,0.7724963064945298,0.8535001095752315,7.163410341106726,5.1336129701908195,9.01056084391873,350.2695296651165,False,False,0.5251396648044693,3
Baleshwar,551,179,0.8982440616238085,1.1301850766967998,0.8176709420274298,0.6102429097370222,9.609322972068675,6.582566608156166,12.552764270778065,236.91445335663687,False,False,0.553072625698324,2
Ballia,551,179,0.9532769987249907,1.2018427470746111,0.9188705828597004,0.7847096469248813,8.211662632562327,5.953751470062177,30.914666208919826,313.21144783246467,False,False,0.6312849162011173,3
Balod,551,179,0.8400526207353461,1.1873659635561975,0.8689470795379053,0.8558103920164224,7.589205318494992,5.461072001391193,8.81438594301052,399.4465216441434,False,False,0.4692737430167598,3
Baloda Bazar,551,179,0.8516211351512151,1.1506050088589508,0.825448498421252,0.8396232429325756,8.598052821798001,5.834527843437574,8.922375081926281,460.9552760525576,False,False,0.4860335195530726,3
Balrampur,551,179,0.9566437487092624,1.101140543152289,0.80244081883287,0.7045647021826785,9.632670104429849,6.674119485042889,27.96622077962611,314.0732811085796,False,False,0.6201117318435754,2
Banda,551,179,0.9518020568527107,1.1857452171528842,0.9024313704503225,0.7700212608916837,8.466933850129688,5.934626998897347,29.17119752816704,311.71998377079365,False,False,0.6033519553072626,2
Bangalore,551,198,0.49571013942115105,1.2663512494469686,0.884108466520362,0.7157737888065638,5.731383837293529,4.234907974897752,3.180007397204367,115.5725946332007,False,False,0.08080808080808081,10
Banka,551,179,0.927726396150652,1.225008339451834,0.9172771732112401,0.8269567910703463,7.850791192866703,5.679703764261959,20.763395649324302,356.18226647108395,False,False,0.6145251396648045,2
Bankura,551,179,0.886862277657551,1.2620415073224076,0.9527798876732683,0.8003979243364219,9.70504042153805,6.6103997363230675,14.077963858805903,471.8779064323835,False,False,0.5698324022346368,3
Banswara,551,179,0.7435178478362574,1.2060966015704155,0.931434477354538,0.8553323464376897,8.428036803067286,6.00381633275368,5.671618863331356,490.99990636996347,False,False,0.4581005586592179,2
Bara Banki,551,179,0.9165211041766713,1.738043763575662,1.3144083752747155,0.6057859283883947,8.024652568363708,5.935203910330582,36.18634499547454,163.35045722667832,False,False,0.1787709497206704,6
Baramula,551,179,0.8152967718926021,1.8816655822867572,1.281328424638477,0.7673773766052391,9.863106152260677,7.103043605450074,19.169482850098312,418.1917543147842,False,False,0.5810055865921788,3
Baran,551,179,0.9186442849871946,1.2029572431151572,0.8623587517883079,0.8572017190927677,7.215742061621841,5.02689331737678,17.787393651883527,364.6187697013202,False,False,0.5754189944134078,2
Barddhaman,551,255,0.9175315631992084,1.1144900701783096,0.77327276984987,0.8286115252223945,8.765373521056366,5.685412968403572,15.061375778546713,448.2901960784314,False,False,0.39215686274509803,4
Bareilly,551,179,0.9476202313996168,1.2730744468088844,0.9453616415141655,0.7927087121212032,9.984962138890094,7.284285915849335,30.941689710058988,480.9631409756251,False,False,0.5698324022346368,3
Bargarh,551,179,0.8704202887443249,1.0200577641942916,0.7496736873215347,0.8564240513262799,7.381208253023768,4.948406078027174,8.029944134078214,379.4663087918604,False,False,0.4972067039106145,2
Barjala,551,44,0.6012958053981134,1.6419670784811409,1.2396104124596845,-0.05928822377950582,12.773364412654471,8.972058159981918,6.762045454545455,154.02685950413223,False,False,0.7272727272727273,3
Barmer,551,179,0.9293965822270001,1.2095762994056058,0.8838563383273433,0.7067469416921872,10.329542553193242,7.691934229315479,20.72243625355014,363.84769514060105,False,False,0.5307262569832403,2
Barnala,551,179,0.9571016268251631,1.2559312004898586,0.9122208683739259,0.6691750173533386,10.646453514738162,7.087320327918235,36.76976686120907,342.6191442214663,False,False,0.6815642458100558,2
Barpeta,551,179,0.9447108122660935,0.9962827378715715,0.7365329909269338,0.635897784601298,6.086288134687275,4.219702749788507,17.95250273087607,101.73764863768298,False,False,0.5195530726256983,3
Barwani,551,178,0.7992560631515829,0.9433101262948218,0.7334981025990807,0.9063919889831454,6.792050107311982,5.072865482698448,4.432681795227876,492.8204772124731,False,False,0.42696629213483145,2
Bastar,551,193,0.8326119295714819,1.131659505778275,0.8418432528223069,0.8278623435867905,8.209647319955657,6.096502745382293,7.650803511503665,391.5372761684878,False,False,0.45077720207253885,3
Basti,551,178,0.953020847807546,1.1880162817944093,0.8428593514569935,0.6633405290817894,11.444289640617516,7.3069186048112496,30.042744918570893,389.0333606867819,False,False,0.6404494382022472,2
Baudh,551,179,0.8479069938315953,1.2418217326541963,0.9516695231216843,0.7652082008862273,7.2502565904183776,5.38538230232767,10.13933023313879,223.8843981149153,False,False,0.5418994413407822,2
Begusarai,551,179,0.95283701678631,1.1605381514796507,0.8916398210194447,0.801290836725833,7.88002613732037,5.510100945845538,28.55732842295809,312.49093349146403,False,False,0.659217877094972,2
Belgaum,551,179,0.5278049907229518,1.2165518348096387,0.9011251780211684,0.7089333371422513,10.090209242265464,7.170475086246343,3.1342948097749757,349.7903935582534,False,False,0.37988826815642457,2
Bellary,551,179,0.7929140489630102,0.9971470521377493,0.7638659311405621,0.800811327055271,7.92754025071299,5.973382486512048,4.801398832745544,315.50937860865764,False,False,0.4301675977653631,2
Betul,551,179,0.8222800898149214,1.0213770347962225,0.7884672224228263,0.9132445103013435,6.339951890445839,4.64906775376948,5.86997284728941,463.31350457226677,False,False,0.4581005586592179,2
Bhabua,551,179,0.9433928533166096,1.1651991001048498,0.8627177930474219,0.8151906700330647,7.690939864522635,5.669074015636406,23.984408726319405,320.06260728441686,False,False,0.6312849162011173,3
Bhadohi,551,179,0.9482961508368903,1.1592857383673612,0.8767186127427771,0.8303108409138534,7.688108459789495,5.63641083593368,25.993101963109766,348.3252083268313,False,False,0.6703910614525139,3
Bhadrak,551,179,0.9058410084822635,1.064859139997709,0.800897708592365,0.6481179481868578,8.865579974479228,6.125623678941439,12.04266283823851,223.3660622327643,False,False,0.5195530726256983,3
Bhagalpur,551,179,0.9330092171232056,1.2655808063265483,0.9483549945414353,0.8066202417538951,8.04785196100843,5.824845558825768,23.90918136138073,334.92606348116476,False,False,0.6201117318435754,3
Bhandara,551,179,0.7887733767866268,1.343742522739825,1.0058463464224452,0.8091866682817634,7.453057423869009,5.338427363470285,8.54837302206548,291.1120751537093,False,False,0.44692737430167595,3
Bharatpur,551,179,0.9540731661467019,1.3723515739843426,1.0052114946563986,0.6821565605081713,10.47896764800112,7.494834311518914,41.007591523360695,345.48066539745946,False,False,0.6536312849162011,3
Bharuch,551,179,0.8495759889095857,0.9426264126972922,0.7104711257174844,0.8661426999584017,7.803965375860856,5.537868469448312,5.906932992103867,454.9761243406885,False,False,0.46368715083798884,3
Bhavnagar,551,179,0.8822665056231549,0.891267844032182,0.7086903368483848,0.765343085872272,7.2397207120755604,5.135208132284693,6.747089042164726,223.3625042913767,False,False,0.4022346368715084,2
Bhilwara,551,179,0.9468716380142876,0.9848114440815658,0.7573964961106432,0.7840426184112608,8.864157627690537,6.246644490258666,18.254912143815737,363.8370213164383,False,False,0.5251396648044693,2
Bhind,551,179,0.9464609312894257,1.3238396028015782,0.9875828162017368,0.6449909659056667,10.102547631946146,7.291361403104828,32.73406385568491,287.4897787210137,False,False,0.659217877094972,2
Bhiwani,551,179,0.9597228340250413,1.2786342577743282,0.9659271903564739,0.673191119704313,9.579176500906703,7.287771814045127,40.591375425236414,280.7776286632752,False,False,0.659217877094972,2
Bhojpur,551,179,0.7926792569480123,1.8065675953085587,1.2125628632216296,0.7366455920370123,8.99560220572647,6.623377321214624,15.742209044661527,307.2698105552261,False,False,0.553072625698324,3
Bhopal,551,179,0.8407665346922283,1.2877485004527158,0.9755505089017312,0.7107813584327201,10.895728533008167,7.918954720067421,10.414244249555258,410.4745794450859,False,False,0.40782122905027934,4
Bid,551,179,0.7365205237666854,1.2649424904367157,0.9817018742476687,0.9319550391822715,5.267911645918784,3.9708944544526252,6.072880996223589,407.83171561436905,False,False,0.48044692737430167,2
Bidar,551,179,0.8064208130682626,1.0387496125790412,0.8031195934664948,0.8798648103695493,7.060133786731565,5.374758144888865,5.573950251240597,414.91164445554136,False,False,0.441340782122905,2
Bijapur,551,179,0.7049274059081324,1.196377816319283,0.9004243228197601,0.8511696704887574,7.730412758594097,5.84661027204923,4.850738116787866,401.5262320152304,False,False,0.43575418994413406,2
Bijnor,551,179,0.9646317660373157,0.9819601788773272,0.7699711492215642,0.7779245361149225,8.98410766867432,6.704648649348703,27.263046097187985,363.453887207016,False,False,0.6368715083798883,2
Bikaner,551,178,0.9485470809601375,1.4369761129740435,1.0752357004234512,0.6198062798732284,8.265162926600365,6.732784462290845,40.13184067668224,179.67923873248327,False,False,0.6292134831460674,2
Bilaspur,551,179,0.8791132358683632,1.1266491306333442,0.81824826720115,0.8389669351423773,8.26832132164941,5.68789785875641,10.50022533628788,424.5409943509878,False,False,0.5586592178770949,3
Bishnupur,551,179,0.8967866407500001,1.4624338879272922,1.1197746074665178,0.5458236594944349,7.242118071578594,4.9917004540425625,20.721279610499046,115.47997877719172,False,False,0.1340782122905028,4
Biswanath,551,179,0.890431504204061,1.0694518184920294,0.8057709112391644,0.7358548757467371,9.58702133962996,6.691597877325014,10.438467588402357,347.9563684029837,False,False,0.5251396648044693,2
Bokaro,551,179,0.8969684462053156,1.318627465786598,0.9570897778438996,0.8397264664749535,8.322411122951069,5.920841454491844,16.876173652507724,432.1519927592772,False,False,0.5865921787709497,3
Bongaigaon,551,179,0.9563637056020018,0.8641480888832935,0.6498414546808856,0.8824213257965687,6.12099874458861,4.356639413627237,17.113091975905867,318.65154021410075,False,False,0.553072625698324,2
Budaun,551,179,0.9505557188074465,1.3099247486968535,0.9447825554369128,0.798699432022955,9.860527499455959,7.548157818298452,34.70376767266939,483.0090821135421,False,False,0.6424581005586593,3
Buddha Gaya,551,179,0.8892947397113202,1.9026637788206933,1.4434349640381825,0.602538560118218,8.235120531319424,5.746679491544853,32.700609219437595,170.62588558409539,False,False,0.30726256983240224,4
Bulandshahr,551,179,0.9663831337648673,1.0619704431085295,0.7882509474944538,0.7996732028791069,8.83070138233749,6.679526952216257,33.548077151150096,389.27037233544524,False,False,0.5865921787709497,3
Buldana,551,178,0.7922342704285634,1.006980020296493,0.770259427082245,0.9259905371200454,5.9083447686611965,4.620188901438162,4.880539073349324,471.6766822370913,False,False,0.43258426966292135,3
Bundi,551,179,0.9367985695547059,1.113917358558295,0.844182311854514,0.8161467068354884,7.7071535268762705,5.5036095145886845,19.632655035735464,323.0848600230954,False,False,0.5865921787709497,3
Burhanpur,551,179,0.8163710457267193,1.0038810706433339,0.7662028082062062,0.9111888691977854,6.408590318770286,5.060829125558969,5.4881170999656685,462.4423707125246,False,False,0.44692737430167595,2
Buxar,551,179,0.9428079436622224,1.2812041855888545,0.9503444472173269,0.7949578438112362,8.093331389886835,5.915676889587293,28.70126150869199,319.4563215879654,False,False,0.664804469273743,2
Calcutta,551,14,0.380181510873677,2.7272370394807774,2.3135380515701294,-0.04455610411920308,11.778544248091114,9.184570751829161,12.0,132.81632653061226,False,False,0.7857142857142857,2
Chamba,551,179,0.9334942408825273,1.3209257412580835,0.9622958948983983,0.8044485261105809,8.877291140152746,6.712503454569071,26.235995755438342,402.9951624481133,False,False,0.6368715083798883,2
Chamoli,551,179,0.9216730818887342,1.571660155976666,1.1273684152547032,0.7418832154754561,11.761600320407625,8.953726130510772,31.535973908429824,535.9405137168004,False,False,0.6312849162011173,2
Champawat,551,179,0.9655023086688745,0.8931390301241737,0.6776463989201356,0.7316897758166787,8.566121003547032,5.88554907521906,23.123209013451515,273.48353671857933,False,False,0.6033519553072626,3
Chandauli,551,179,0.9512658302689001,1.1422432315824889,0.8596991207332016,0.8290118253311463,7.565518537164827,5.559317303963523,26.772172528947284,334.7428607097157,False,False,0.664804469273743,2
Chandel,551,179,0.6525287525052562,0.7696882401118395,0.5967331790249176,0.6311001391773271,7.124033426876788,5.325635094316646,1.7049467869292472,137.57623045472988,False,False,0.29608938547486036,2
Chandigarh,551,179,0.9453794024102002,1.2322376061214324,0.9105045208491415,0.7463720496833708,8.17158484237702,6.189043427102229,27.799211010892297,263.2785493586342,False,False,0.5810055865921788,4
Chandrapur,551,179,0.8296325033134447,1.1897188236250713,0.8591029351919006,0.8951107281375145,7.055056856735838,4.806037413412044,8.308103991760559,474.53687462938115,False,False,0.46368715083798884,2
Chatra,551,179,0.8796104632621016,1.9291490490483136,1.4927715360524068,0.4784905183986006,8.006760545372718,5.960096934618496,30.913118816516334,122.92818576199244,False,False,0.2849162011173184,6
Chennai,551,179,0.3089141806729925,1.0738366969391488,0.8475452038225848,0.5051724146266594,4.120731352722965,3.231362142533014,1.6685702693424047,34.31584532317967,False,False,0.061452513966480445,5
Chhatarpur,551,179,0.9238589766496983,1.232839339176897,0.9147098614840019,0.8133328159682496,8.131974896421422,5.829874524966428,19.961549889204456,354.26160232202494,False,False,0.6256983240223464,2
Chhindwara,551,179,0.8567724912233513,1.01443711229587,0.7572212261824784,0.8681800856223716,7.476275567363375,5.438571678725378,7.184951156330951,424.02315782903156,False,False,0.4581005586592179,2
Chikmagalur,551,179,0.3619341317858159,0.9661954864674541,0.7208405564081359,0.7624437991851012,8.407639958523058,5.59896814553684,1.4630679441964982,297.564994850348,False,False,0.2905027932960894,3
Chitradurga,551,179,0.621662727666483,1.128886339533393,0.8706195393227593,0.8341080349208899,7.7131804651376905,5.912334973038649,3.3683817608688864,358.6258855840954,False,False,0.3743016759776536,3
Chittaurgarh,551,179,0.9454547708278707,0.9576602085749708,0.7373007092212691,0.7982789980616164,8.819727159392741,6.257186116401473,16.813809181985583,385.61967479167316,False,False,0.5363128491620112,2
Chittoor,551,179,0.855583421657716,0.8900241731485428,0.7021345862738267,0.534345513355121,5.926532340316922,4.664113031677679,5.485125308198871,75.42885677725414,False,False,0.43575418994413406,2
Churachandpur,551,179,0.9273410875912366,1.2537883017404874,0.8917608685243652,0.7967751556635924,5.308843412908158,3.2862055617043575,21.63513123810118,138.68293748634562,False,False,0.5977653631284916,3
Churu,551,179,0.9601081808095814,1.2295036010239757,0.9131881327311137,0.6425707110576908,8.917184898675789,6.634560623750043,37.894463968040945,222.4669017820917,False,False,0.6312849162011173,2
Coimbatore,551,179,0.2435713790496582,1.3054138883669675,1.0219230541875768,0.6746386661066588,7.464992800173973,5.68332585456048,2.2528304360038707,171.2745544770762,False,False,0.08379888268156424,5
Cuddalore,551,179,0.45883732922280485,0.7943997109901572,0.6056175690690359,0.40544512628771634,4.653657002421693,3.715085176998062,1.1661390093942132,36.42476826565963,False,False,0.2346368715083799,2
Cuttack,551,179,0.8913979578280171,1.2490519687745143,0.9442222189018988,0.3480473204891288,6.381000096970959,4.707570099484949,14.365575356574391,62.45416809712557,False,False,0.1340782122905028,6
Dadra,551,179,0.7664158102383771,0.8340501691620762,0.6244202661691806,0.8687837211874259,6.7236878576500025,5.184085904097431,2.978111170063356,344.5302581068006,False,False,0.36312849162011174,3
Daman,551,179,0.733298553620495,0.8557250725425676,0.6419242239049734,0.8706040216681705,6.861983481799721,5.290109317325341,2.7456371523984897,363.89706937985704,False,False,0.35195530726256985,3
Damoh,551,179,0.8931517935002414,1.2533908022699796,0.9178460811920409,0.83550759524139,8.407868638819869,5.776221879335061,14.702993664367527,429.75999500639796,False,False,0.5418994413407822,3
Darbhanga,551,179,0.9602656165836589,1.0308661727340986,0.7906269573992067,0.8450277885707866,7.112327405117523,5.320232116617139,26.744722699041855,326.41465622171586,False,False,0.6368715083798883,3
Darjiling,551,179,0.4216491444193813,2.594101268182514,1.6719488961671631,0.43264919721799433,10.057460722921796,8.164649509044146,11.635430854218033,178.28919197278486,False,False,0.5027932960893855,2
Darrang,551,179,0.9374193164197182,1.023624715996193,0.7337528508872446,0.868254209863097,5.818166132564958,4.099124825422609,16.74330638868949,256.9422302674698,False,False,0.5810055865921788,3
Datia,551,178,0.9086355498041745,1.461004569018789,1.0248143467591753,0.7693859161439003,8.626823998412869,6.212796343754593,23.362854437571013,322.7126941042797,False,False,0.6404494382022472,2
Dausa,551,179,0.9243957192019391,1.51733916518533,1.1846019156891827,0.5331985594693813,10.074802217931195,8.035638825462415,30.452219343965545,217.44071658187949,False,False,0.1452513966480447,4
Dehradun,551,179,0.9503974314542921,1.0754164265024313,0.8053568579577421,0.8201346222293515,7.203459854145313,5.5388606899072785,23.315737960737803,288.49261883212137,False,False,0.5754189944134078,2
Deoghar,551,179,0.9206172646837956,1.1529644478919956,0.8404226878720307,0.8162946579618545,8.720599262804551,6.25837488440739,16.74579507506008,413.9719109890453,False,False,0.5865921787709497,2
Deoria,551,179,0.9529733811603305,1.2042371524965545,0.8932029922881881,0.6765104337721444,11.864097995600291,7.751945356395192,30.83757997565619,435.1201273368497,False,False,0.6424581005586593,2
Dewas,551,179,0.7432437029534824,1.4163640098255341,1.1157123071029749,0.7519938383474503,8.03408342612761,6.281230948950286,7.813194968946037,260.2616647420492,False,False,0.2122905027932961,6
Dhalai,551,179,0.9624324886562934,0.8481190948962372,0.6223730935461922,0.8307489476418698,5.3892338876550525,3.831117347898276,19.147022876938923,171.60213476483258,False,False,0.553072625698324,3
Dhamtari,551,178,0.8391194598333716,1.188320766534828,0.8701436720910892,0.8515683463244774,7.655402458846772,5.458080996566564,8.77735891932837,394.8294407271809,False,False,0.47191011235955055,3
Dhanbad,551,179,0.8986375703172513,1.1843351841442484,0.9005113397983986,0.8005977560173946,9.331767279765304,6.54624473337974,13.837965731406635,436.71464685871223,False,False,0.5139664804469274,3
Dhar,551,179,0.7513232136358607,1.4236662090187657,1.109742716009177,0.6997955896759855,8.841861174707587,6.637002082642064,8.150440997471987,260.4175899628601,False,False,0.21787709497206703,4
Dharmanagar,551,219,0.9668549066321769,0.8509882095757456,0.6032855334338622,0.7508577538196842,6.381364642060462,4.423215593874259,21.848812576885386,163.4480515418778,False,False,0.4794520547945205,4
Dharmapuri,551,179,0.7442547986097969,0.9510609885057129,0.721190293217249,0.6205847422354864,5.998534119429788,4.4536265205065755,3.5367897381479985,94.8364907462314,False,False,0.36312849162011174,2
Dharwad,551,179,0.6264141257354472,1.2186853409722007,0.8960144487883813,0.8292854156370953,7.9101466259368305,5.998877868896567,3.9755088792484625,366.5206454230517,False,False,0.4022346368715084,2
Dhaulpur,551,179,0.9454413568809309,1.417673371406755,1.0192905400096928,0.7471232155124508,9.437446475291313,6.773322615237505,36.837385849380475,352.20867014138133,False,False,0.6983240223463687,2
Dhemaji,551,179,0.9394203576816287,1.034418237681552,0.7294050053621435,0.8095194873511407,7.117593382242045,4.816642323834017,17.663047345588463,265.9596766642739,False,False,0.5865921787709497,2
Dhenkanal,551,179,0.894914613042008,1.228202853188818,0.9259305617312977,0.36713323883114946,6.304034939250358,4.646993916649188,14.354824131581413,62.794981430042746,False,False,0.13966480446927373,6
Dhubri,551,179,0.9500645102429229,0.8435278087790433,0.6598713723982399,0.8456284252163565,7.099440582834602,5.078626805486926,14.249167628975373,326.4982990543366,False,False,0.5027932960893855,3
Dhule,551,179,0.8009992512346576,0.9709231593931552,0.7570578410843449,0.9265938015738293,5.375772547989082,4.226044284370657,4.737126806279456,393.68515339720983,False,False,0.40782122905027934,2
Dibrugarh,551,179,0.9444016626424899,0.9835960820994948,0.7208906374566383,0.8121533753209886,7.04994189252776,4.7824881335028095,17.40090259355201,264.5864985487344,False,False,0.5865921787709497,2
Dimapur,551,179,0.969339204742242,0.7950399901050638,0.5932416742312139,0.7606431811685405,5.836268234676813,3.9121605490036426,20.615531350457225,142.3064823195281,False,False,0.5251396648044693,3
Dindigul,551,179,-0.5037457205279534,2.620091889557003,1.8112741591715675,0.364102085938091,5.997189973753429,4.469078489090558,4.565187728223213,56.55984519833963,False,False,0.25139664804469275,4
Dindori,551,179,0.9007962315583057,2.0854781015889845,1.377950463711105,0.7255135934945653,10.581821586268498,7.7717572860267685,43.84126712649418,407.9435098779688,False,False,0.6201117318435754,3
Diu,551,179,0.9007850372654593,0.8100602222394403,0.6267819726484474,0.7222861941991507,9.427323748946236,7.026985533450549,6.613897194219907,320.0216597484473,False,False,0.41899441340782123,2
Doda,551,179,0.9478950740243816,1.4586866965117495,1.046573492590925,0.8054675824981692,9.004899235851775,6.4350730625127195,40.83619425111576,416.83649074623133,False,False,0.7262569832402235,2
Dohad,551,179,0.8349850778203542,0.9762031728074864,0.7194824966543172,0.9088101849376284,6.46951419110563,4.931753421064381,5.775069442277081,458.98342748353673,False,False,0.45251396648044695,2
Dumka,551,179,0.9206590253046097,1.17104364312742,0.8775222112123293,0.8348023045836968,8.35852786151259,5.889606047873311,17.284174027027873,422.91744951780527,False,False,0.6312849162011173,2
Dungarpur,551,179,0.8773724373298063,1.1156493849046447,0.8353686367539989,0.8595409467164796,7.604702494188182,5.506530474616882,10.15003089791205,411.73209325551636,False,False,0.49162011173184356,2
Durg,551,179,0.8277715147489935,1.1598226556339142,0.8239240966612464,0.8240228758469392,8.694367123523966,5.970612376368609,7.810488436690491,429.5559439468181,False,False,0.4581005586592179,3
Dwarka,551,179,0.939646290165214,0.5504778641201855,0.42268430469359775,0.7260985594980383,6.95639295924686,5.340535021196451,5.0208326831247465,176.67451078305922,False,False,0.3240223463687151,3
East Godavari,551,305,0.8897982530337925,0.7024679934846325,0.46977441453471863,0.6081501791222408,4.051875172491402,3.0749018758441102,4.477799086267132,41.89791991400162,False,False,0.24262295081967214,4
Enounga,551,15,-1.1091511343190872,0.5548354040255288,0.4519266891506964,-0.19999143887373716,3.975913382033118,3.1093073579129045,0.14595555555555517,13.173333333333328,False,False,0.6666666666666666,1
Ernakulam,551,179,-0.08793283768748528,1.2224635878255457,0.9413305182813599,0.4869481108492706,5.4138304649218405,4.184046290383585,1.3736300365157144,57.127867419868295,False,False,0.061452513966480445,6
Erode,551,179,0.603309115260423,0.8660245162827866,0.67113154417496,0.7420304505915241,5.181242491508401,3.976249071813524,1.8906369963484289,104.06373084485506,False,False,0.30726256983240224,2
Etah,551,179,0.9657642760828492,1.089230860010301,0.845141560435635,0.7576291578555913,8.111216089466105,6.164698257077214,34.65455759807746,271.45107830592053,False,False,0.6871508379888268,3
Etawah,551,179,0.9598262727184749,1.1318753600073572,0.8551245282628726,0.7417086552149897,8.23650844502604,6.1943958411154005,31.89004150931619,262.649417933273,False,False,0.6536312849162011,2
Faizabad,551,179,0.9488671309031964,1.2096740959658427,0.8561297253703831,0.7720684775637402,8.888110861552033,6.262615645657843,28.617823413751132,346.58880808963517,False,False,0.664804469273743,2
Faridabad,551,179,0.9345127539848339,1.5954287719829832,1.1975860586998177,0.6665706545565055,8.632177689671074,6.419348729675521,38.86852969632658,223.47910489685094,False,False,0.18435754189944134,5
Faridkot,551,178,0.9673550041935018,1.0968051894984268,0.823589137748844,0.6392177503058558,10.789547445629704,6.998260450929598,36.85041440474687,322.67201110970836,False,False,0.6573033707865169,2
Farrukhabad,551,179,0.9630593042225655,1.1054599202451196,0.8235159397860143,0.7143912048127637,8.861002304083241,6.25188233511804,33.08117536905839,274.91226865578477,False,False,0.6145251396648045,3
Fatehabad,551,179,0.9600939383772421,1.2163361990523716,0.9142488776710392,0.6375392429081119,10.602104636402528,7.474158910469699,37.07391030242502,310.11528978496295,False,False,0.6480446927374302,2
Fatehgarh Sahib,551,179,0.9564799071500616,1.2422107561317426,0.9095422929293394,0.7502715072313935,9.108222976993494,6.789176755905323,35.456899597390844,332.19968165787583,False,False,0.6312849162011173,3
Fatehpur,551,179,0.9559197176642975,1.1232508135593078,0.8843564407455048,0.7947184555970792,8.329006443099217,6.50096239582198,28.622602290814893,337.9375799756562,False,False,0.6256983240223464,2
Fazilka,551,179,0.963716795659517,1.1909691592384357,0.8896090422193023,0.6612019161814513,9.15467753032808,6.656026247663856,39.09267563434349,247.36893355388406,False,False,0.6703910614525139,2
Firozabad,551,179,0.9473125036872573,1.3964176468618368,0.9989632391903123,0.7412259525152267,9.251173550881218,6.979688735806388,37.010341749633284,330.72950282450614,False,False,0.6424581005586593,2
Firozpur,551,179,0.9607081108196683,1.1852012789010034,0.893785729356543,0.7441541487241736,9.183619603517856,6.586954337356568,35.75043350706907,329.6472020224088,False,False,0.5977653631284916,3
Gadag,551,178,0.6800325142188337,1.1274449593782232,0.8267035724371451,0.8376629997439451,7.807684440984588,5.782212088413188,3.972691579346041,375.51473930059336,False,False,0.4101123595505618,2
Ganderbal,551,179,0.9139646180831941,1.5381198233350142,1.1034003172830391,0.8368988980207231,8.34548183004249,6.030911930481768,27.498135513872853,427.01775849692586,False,False,0.6368715083798883,2
Gandhinagar,551,179,0.8480558214237773,1.2974191026557225,0.9640798375436828,0.6941930086966379,8.327851154640255,6.576254038386529,11.078386442370714,226.78717892699981,False,False,0.1005586592178771,5
Ganganagar,551,179,0.9580929048984395,1.3679951577228682,0.9960346924957215,0.5953713153199762,9.116049259894172,6.58235294691394,44.65617927030991,205.37929527792517,False,False,0.659217877094972,2
Ganjam,551,179,0.9346730865320694,0.7745207558803163,0.6024653748220851,0.2977078797737216,6.80533728925024,5.059233775309327,9.182775818482568,65.94494553852876,False,False,0.5027932960893855,2
Garhwa,551,179,0.9320783552753689,1.0489310787200306,0.778981954707144,0.8205502193558267,8.238035495094552,6.000560233398497,16.19890702537374,378.18507537217937,False,False,0.5363128491620112,3
Garhwal,551,179,0.9617784916217129,0.9866332610088977,0.7460727289913107,0.754014370434061,8.894328173946905,6.6217039676304115,25.468518460722198,321.60038700415095,False,False,0.5698324022346368,2
Gariaband,551,179,0.8354692579176535,1.2299600655097136,0.8974814709478488,0.8630895835239061,7.202160381799009,5.415877108025306,9.194644986111545,378.8690115789146,False,False,0.4972067039106145,2
Gaya,551,179,0.9009566441833907,1.810181581349875,1.4082160009685463,0.5565717684035715,7.91534298026423,5.4437240745275375,33.08407040978746,141.29153272369777,False,False,0.26256983240223464,6
Geinyale,551,15,-1.0488092799749444,0.666196381810711,0.548994822474904,-0.534792124929117,6.873449807373639,4.704623491285448,0.21662222222222174,30.782222222222217,False,False,0.6666666666666666,2
Ghaziabad,551,177,0.9433472220203544,1.4934945352689417,1.1431320246620729,0.6153227553608613,8.541597704588375,6.438874776241952,39.37187206741357,189.66261291455203,False,False,0.1638418079096045,4
Ghazipur,551,179,0.9496083175755234,1.2175624855808018,0.904365378279002,0.830997692097783,7.434255776137741,5.395356096821265,29.418712274897782,327.0260603601635,False,False,0.6815642458100558,2
Giridih,551,179,0.9240382840301528,1.1224741778441611,0.8233052055922562,0.8331164949064176,8.397597460325422,6.1114418252664615,16.586622140382637,422.56808464155307,False,False,0.5586592178770949,2
Goa,551,188,0.5879760841594877,0.7044166801369058,0.5490225977841174,0.6728402429797249,5.9691743833106825,4.65068844427536,1.2043059642372116,108.91022521502943,False,False,0.24468085106382978,3
Goalpara,551,179,0.9545086215508234,0.846942547450358,0.6525861781458668,0.8624773968576047,6.594617597567591,4.59754652006936,15.768079647951064,316.2315158702912,False,False,0.5139664804469274,2
Godda,551,179,0.9248214638224296,1.2493093281664716,0.9422060294947303,0.8107550920055636,8.212270694169337,5.821245279816843,20.760896351549576,356.3709622046752,False,False,0.6145251396648045,2
Golaghat,551,179,0.947421417907406,0.9549024074693631,0.681874201577849,0.8695671809565488,4.989207170768056,3.6062343420511422,17.34239630473456,190.84298242876315,False,False,0.5865921787709497,3
Gonda,551,179,0.9433753712563054,1.276125570124,0.8851126254264956,0.7592069296963453,8.94214974916676,6.185271783272997,28.759508130208168,332.0778377703567,False,False,0.6145251396648045,2
Gopalganj,551,179,0.9593598699923008,1.0562161282842841,0.818905933720597,0.7879212936276068,8.125665121757251,5.7071183112849555,27.45051527730096,311.32985861864483,False,False,0.6536312849162011,2
Gorakhpur,551,179,0.9609463372885366,1.2135961149311838,0.9274714400764158,0.6736323309867533,10.099028685905315,7.2151653356855405,37.712609469117695,312.50148247557814,False,False,0.6536312849162011,2
Gulbarga,551,179,0.822741097934563,1.0896152199011966,0.8135573624115665,0.8726262425604294,7.123923842387319,5.352011031206598,6.69789394837864,398.4360038700416,False,False,0.45251396648044695,2
Gumla,551,179,0.9203222073746626,1.0617623704600587,0.784525761630133,0.8299192822965737,8.378449949206109,6.269174005874219,14.148726943603508,412.7359320870135,False,False,0.547486033519553,2
Guna,551,178,0.8964365813387152,1.2255706293795214,0.8724150989065214,0.8315036140206549,8.344370260025194,6.071072593287985,14.503416235323824,413.234471657619,False,False,0.5842696629213483,3
Guntur,551,179,0.6024381249328385,1.473871902408517,1.0370630562159062,0.062312909359040214,5.90969341772211,4.5979875170527595,5.464051059579913,37.24534190568335,False,False,0.39664804469273746,4
Gurdaspur,551,179,0.9506111498392592,1.1945412372569948,0.8614560102018866,0.6508719501123177,9.50463430796763,6.33880720804628,28.891718735370308,258.7534096938297,False,False,0.659217877094972,3
Gurgaon,551,179,0.9378840232897803,1.555000255611203,1.1764232882026529,0.6658283857290233,8.445348411006695,6.288957526509723,38.92759838956337,213.43497393963983,False,False,0.1787709497206704,5
Gwalior,551,178,0.9205719603421614,1.5875466111530616,1.1634559908169693,0.734918877227438,10.59321165180982,7.595601633502928,31.73066153263477,423.327515465219,False,False,0.6123595505617978,3
Hailakandi,551,179,0.9463942876095008,0.9785172437009876,0.7304718513404094,0.8045293734706771,5.899124065577125,3.964959013530136,17.861827658312784,178.03014887175806,False,False,0.5418994413407822,3
Hamirpur,551,179,0.9587782746621647,1.1462050462286868,0.8570847831613607,0.6987638597335324,9.296525819235521,6.581555999654852,31.871203770169473,286.9024687119628,False,False,0.6256983240223464,2
Hanumangarh,551,179,0.9558190195272391,1.3731319511874858,1.0145580971893347,0.6298838317673818,8.962213619122723,6.57490237654279,42.67653943385037,217.01638525639027,False,False,0.664804469273743,2
Haora,551,196,0.9152687129062681,1.3488275364796856,1.0215940930557856,0.6514863407226612,5.911413411504869,4.424155214062618,21.471829185755936,100.26811745106205,False,False,0.11224489795918367,5
Hapur,551,178,0.962776679573025,1.088790580179414,0.8050001466492612,0.8036296575729156,8.90898488508262,6.890496901740717,31.847371859613688,404.185330135084,False,False,0.6067415730337079,2
Harda,551,178,0.8542239310885869,1.0875848465066023,0.8149896697408282,0.8808140904903672,7.035069631490415,4.969875386837945,8.114094495644489,415.2521461936623,False,False,0.4943820224719101,2
Hardoi,551,178,0.9625823955077295,1.0896724101677009,0.8169827833979443,0.7525665432741105,8.390609697410795,6.121859472691921,31.733350587047095,284.53036232798894,False,False,0.7078651685393258,2
Hardwar,551,179,0.9679824254150912,0.8969731262494676,0.6833377542683287,0.8217501913978759,7.15545194956397,5.515759599114953,25.128723822602293,287.24009862363846,False,False,0.5810055865921788,3
Hassan,551,177,0.3286279655455603,1.0295993283534033,0.7793647508954059,0.6335878555024347,8.857930600942352,6.254741360323189,1.578967729579623,214.13846595805805,False,False,0.2994350282485876,2
Haveri,551,179,0.4716401325116636,1.2538492047045755,0.9242392263360818,0.7811876252894324,8.743204424721103,6.20308685992061,2.975505758247246,349.3569489092101,False,False,0.3743016759776536,3
Hazaribagh,551,179,0.9180032283541762,1.2215802377559057,0.8959820134136594,0.6798453361563034,9.414137094632544,6.7641325854864505,18.198988171405386,276.82238382072967,False,False,0.5754189944134078,3
Hingoli,551,178,0.7907821145952048,1.09231743152556,0.8095334955060121,0.9333518987873106,5.540748519803805,4.2963654794752815,5.70294154778437,460.6266885494255,False,False,0.4550561797752809,2
Hisar,551,179,0.9608544246580945,1.2178544321127835,0.9307254516428642,0.6483434098735119,10.0642542984743,7.2866648602370985,37.88855840953778,288.0344558534378,False,False,0.6983240223463687,2
Hojai,551,179,0.9335792989985965,1.0248656163979741,0.7233265280767244,0.8559317736295058,6.1950300900798725,4.209403946559226,15.813586966698916,266.39043725227054,False,False,0.5251396648044693,3
Hoshangabad,551,179,0.8624874475336003,1.1382262763871522,0.8232310864128322,0.7631995301411107,9.110218316097821,6.435233942554723,9.421387597141162,350.48949783090416,False,False,0.46368715083798884,4
Hoshiarpur,551,179,0.9601250469572019,1.1176608637169803,0.8216101089891725,0.7699975197173344,7.6688118022835585,5.129527066631865,31.32707905496083,255.6958272213726,False,False,0.6201117318435754,2
Hugli,551,179,0.9070181084665606,1.3916516077282022,1.0782881966005398,0.5844051196530261,6.029612865902985,4.527243379847069,20.828724446802536,87.47997877719173,False,False,0.12849162011173185,4
Idukki,551,178,0.4714069577857247,2.0926696812886605,1.4423526390887325,0.46353328991906806,4.3897393724528415,3.141416543848891,8.284759815679838,35.91986491604596,False,False,0.34831460674157305,3
Imphal,551,183,0.9430850702604934,1.2022554541194848,0.8622551067022004,0.7914970210080314,5.815522772734998,4.109939793803424,25.396116336707575,162.2053808713309,False,False,0.5519125683060109,3
Indore,551,179,0.7406648645247438,1.4137276617380032,1.1094682086440644,0.7284122947228509,8.2848691239506,6.395383454111484,7.706730127024749,252.73256140569893,False,False,0.2011173184357542,4
Jabalpur,551,179,0.878588894922821,1.2086905962643322,0.8950173020081821,0.8714431857427308,7.603543271936425,5.353631297267238,12.032943416247933,449.7145532286757,False,False,0.5083798882681564,2
Jagatsinghapur,551,179,0.8934063751788341,1.2325540693183952,0.9430206044902814,0.3482533544851931,6.3227255967686045,4.686331967255753,14.252161293342906,61.33803564183389,False,False,0.12849162011173185,6
Jagtial,551,179,0.8284012253886569,0.9975918802858275,0.7541565979489282,0.8887991238248367,6.839356115278274,5.29249778619436,5.799514372210606,420.6512905340033,False,False,0.46368715083798884,2
Jaipur,551,179,0.9236838529550815,1.5202888802272474,1.187154148469565,0.5335183267889186,10.070098970853524,8.039943683900658,30.28557348397366,217.38666084079773,False,False,0.1452513966480447,4
Jaisalmer,551,179,0.9307855414750309,1.3187334412390888,1.0007519883640021,0.7166407958841663,9.343995776248649,7.270754535746208,25.125644642801408,308.12571392902845,False,False,0.547486033519553,2
Jalandhar,551,179,0.9589656528503294,1.2138627230218342,0.8850318423515317,0.740613904756031,8.545442592047198,5.604505575000976,35.90803345713305,281.52854155613124,False,False,0.6815642458100558,2
Jalaun,551,179,0.9642816808619203,1.1155406405869899,0.850513137723914,0.7247636017539953,8.785292709402466,6.211970693206898,34.84013108205112,280.41846384320087,False,False,0.664804469273743,3
Jalgaon,551,179,0.8355498456918199,0.9277624275510311,0.7294642524470523,0.9297368798840117,5.646706147458952,4.361076752355709,5.234066976686121,453.7983833213695,False,False,0.46368715083798884,2
Jalna,551,179,0.7542299530387401,1.2844207697194445,0.9490114560435876,0.755880328041417,10.809356700243631,7.025272550299539,6.712521456883368,478.6266970444118,False,False,0.4245810055865922,4
Jalor,551,179,0.9257518851830393,1.1429206786486708,0.8566049718705391,0.840058795143717,7.818069427126416,5.760186726725032,17.59327736337817,382.15423988015357,False,False,0.5195530726256983,2
Jalpaiguri,551,179,0.9371591748513896,1.010535550834569,0.7479359221797215,0.8432807536941722,7.218243064562317,5.280202076940833,16.250297431416,332.4609718797791,False,False,0.5698324022346368,2
Jammu,551,179,0.9643747723699928,1.011132707175529,0.7677151753323381,0.8069297357113475,7.138351625451544,5.333654610859286,28.698465091601385,263.9249711307387,False,False,0.6256983240223464,2
Jamnagar,551,179,0.9317933272409155,0.7269971426376814,0.5487017995994887,0.7155240381490607,8.388886081906577,5.8969520239069215,7.748873006460472,247.37910801785213,False,False,0.43575418994413406,2
Jamtara,551,179,0.9101055814511065,1.1564975778947548,0.856306701522477,0.811490378396242,9.046670739972518,6.40193061400213,14.878417028182643,434.15423988015357,False,False,0.5195530726256983,3
Jamui,551,179,0.9361101898367178,1.230553144993566,0.8961097242233075,0.8207649803399073,7.836597341485279,5.945253385308064,23.701135420242814,342.6353734277956,False,False,0.6201117318435754,3
Jangaon,551,179,0.7214796052692293,1.144878369247996,0.8259002994086132,0.6168844377663651,9.455510157272956,6.796097057995522,4.706105926781311,233.36737305327551,False,False,0.4134078212290503,3
Janjgir,551,179,0.8535013623921429,1.1850246896101022,0.8404039924315984,0.8612459231592445,7.825789254072466,5.47964528422472,9.585642146000437,441.37785961736523,False,False,0.5195530726256983,3
Jashpur,551,179,0.9315644471228909,1.1480609433092606,0.828832148992014,0.7334546425838928,9.785274699172568,6.868219380261312,19.25963733965856,359.2319216004494,False,False,0.5977653631284916,2
Jaunpur,551,179,0.9546643363598215,1.1763769467639733,0.8561148369559075,0.8039448598618143,8.135091426063005,5.977820520399178,30.524814456477635,337.5566305670859,False,False,0.6480446927374302,3
Jhabua,551,179,0.8253012344233224,1.0035598974396824,0.7363543745611731,0.9099588163030791,6.443072785015476,5.017843696339479,5.764966137136794,461.04665896819694,False,False,0.44692737430167595,2
Jhajjar,551,179,0.943246920403035,1.4877298117563043,1.1242596077617908,0.6484967091417411,8.716092015202134,6.314990896071017,38.999469429793066,216.12958397053774,False,False,0.17318435754189945,5
Jhalawar,551,179,0.9172498355918455,1.109054132005551,0.8369495537210474,0.8559407881133055,7.358708466878282,5.349552911295612,14.864031709372368,375.89120189756875,False,False,0.5586592178770949,3
Jhansi,551,178,0.9476002687330818,1.1236387982022271,0.8395173306518943,0.8097912176649589,7.649398528168548,5.6857549536314025,24.094859234945083,307.6266885494255,False,False,0.6123595505617978,2
Jhargram,551,179,0.8904268242064576,1.2016124543177906,0.947008571749351,0.7793955089144884,9.590511466862957,6.577397398709769,13.177244155925221,416.9358010049624,False,False,0.5418994413407822,2
Jharsuguda,551,179,0.8606382524681161,1.2163925792006074,0.8982136783101847,0.7872378598854496,8.885467575952179,6.182299006079758,10.617051902250243,371.07886770075845,False,False,0.5307262569832403,2
Jhunjhunun,551,179,0.956835854333979,1.3029090779662165,0.9895592560529447,0.6626040388435621,8.851113083688208,6.5517614322579805,39.328290627633336,232.19662307668304,False,False,0.6536312849162011,2
Jind,551,179,0.9654347897933426,1.1170788360131296,0.8406296882573413,0.797620249872773,8.03129701056901,6.211786957542654,36.10176586248869,318.71633219936956,False,False,0.6256983240223464,2
Jodhpur,551,179,0.9284798011562012,1.3027060474415653,0.9665199594963493,0.5750765558138357,11.58394361059666,8.386241090742178,23.728164539184174,315.7927655191786,False,False,0.553072625698324,2
Jorhat,551,179,0.9276357722220887,1.0701844889794285,0.7421000721978954,0.8592795252830792,5.130435158387868,3.769098842818015,15.826809400455666,187.04715832839176,False,False,0.5418994413407822,2
Junagadh,551,179,0.8621581482663842,0.8495079285283761,0.6441777471739,0.7927349301334121,10.468257476553473,7.66420729935934,5.235447083424362,528.7162697793452,False,False,0.43575418994413406,2
Kadapa,551,179,0.8273109579257922,0.9946837876230161,0.7820403293150017,0.6002652566451616,7.160296445780037,5.563415592391166,5.729349271246215,128.25966730127024,False,False,0.44692737430167595,2
Kaithal,551,179,0.9586326775353059,1.2042494155025882,0.8956774669865952,0.7712974311054577,8.720476631106377,6.434285313249315,35.05705876845292,332.51359196030086,False,False,0.6256983240223464,3
Kakching,551,179,0.9382725055643973,1.1665242514535261,0.8445975315331703,0.8129935150950153,5.507942903994364,3.776617251102592,22.04493867232608,162.2266471083924,False,False,0.547486033519553,2
Kancheepuram,551,179,0.22419290588480112,1.2640160070100155,0.9570528816417694,0.5217556100820211,4.051756887557145,3.1794234409686197,2.0594507037857754,34.32708092756156,False,False,0.07262569832402235,5
Kangpokpi,551,179,0.9432632320688972,1.1959226503174425,0.869100875391061,0.7810941952194683,5.966345377097104,4.202605431447828,25.20818576199245,162.61458755968917,False,False,0.5642458100558659,3
Kangra,551,178,0.8060897530309729,1.625743658997809,1.1273340195109631,0.7124647584843706,8.528632240162315,6.262627795349667,13.630236081302867,252.96922737028154,False,False,0.5617977528089888,2
Kanker,551,164,0.8471144288941665,1.2172331085440182,0.8805106862719527,0.824138466760822,7.7419293199638926,5.446726138126157,9.69127714158239,340.82194378346225,False,False,0.524390243902439,3
Kannauj,551,179,0.9614846702316734,1.0935581645116814,0.8253041802908267,0.7397641931754411,8.668508199069963,6.251493316874714,31.04918136138073,288.74978933241783,False,False,0.6536312849162011,2
Kanniyakumari,551,179,0.4269160146276674,0.641355574631257,0.49697026536622513,0.5291111380920779,4.423695688511935,3.0979298206175434,0.7177603695265438,41.557754127524106,False,False,0.2011173184357542,3
Kannur,551,179,0.25222511526491354,0.5346901987815494,0.4153045442298962,0.3329846130256724,4.753442046414912,3.786645386884476,0.3823257701070505,33.87509753128804,False,False,0.17318435754189945,3
Kanpur,551,185,0.894040793049091,1.0421387190700404,0.7610800120400878,0.7123881265871972,5.93181385281264,4.46525787134537,10.249728560993423,122.33992695398102,False,False,0.4810810810810811,3
Kantha,551,187,0.9146534655254015,1.7626854797205118,1.3262082911780058,0.6204430400931339,8.003173948929033,5.847969428618488,36.405228631073236,168.7514655838028,False,False,0.17647058823529413,7
Kapurthala,551,179,0.9338003728037308,1.7345412199428765,1.3080845192082884,0.49413499106008485,9.509843620652305,5.762926707365478,45.447888018476334,178.7771917231048,False,False,0.21787709497206703,4
Karaikal,551,179,0.5092995029612193,0.7305582752792039,0.5387635486541309,0.46999361318294053,4.342824961871661,3.36456447698452,1.0876601853874721,35.584719578040634,False,False,0.24022346368715083,3
Karauli,551,179,0.952792058897938,1.0767403898259245,0.8137748177851083,0.8182609789091213,7.535610942853396,5.704866449365062,24.55878905152773,312.4559158578072,False,False,0.6033519553072626,2
Kargil,551,179,0.9188232309142091,2.844057978317733,1.8163143506244488,0.6946838901311072,9.706996790661698,7.0087790442234255,99.64261789582098,308.6171467806873,False,False,0.7094972067039106,3
Karimganj,551,179,0.9613649731040365,0.8228900760971791,0.603680854234676,0.8413918969131835,5.334719948073902,3.5901987640558213,17.52679192284885,179.43116631815488,False,False,0.5921787709497207,3
Karimnagar,551,179,0.8303569064198959,0.9318656360016446,0.7092439359096977,0.8197837479442516,7.87931230155233,5.559682118521041,5.118826503542337,344.4948035329734,False,False,0.40782122905027934,3
Karnal,551,179,0.9631722877735979,1.0608851487362398,0.8363771100404508,0.8033335307089207,8.190283316750127,6.32648524448377,30.56060859523735,341.08885490465343,False,False,0.6256983240223464,3
Karur,551,179,0.6749847403193421,0.9391017700364331,0.687818328034637,0.5539987932228085,5.039852915961291,3.9122338211043957,2.7134483942448733,56.95078181080491,False,False,0.30726256983240224,6
Kasaragod,551,179,-0.05230227293290546,1.209747100742545,0.9225056831308968,0.40565572832630903,6.2910704193537,4.9870140859089656,1.3907487281920041,66.59030617021939,False,False,0.0670391061452514,6
Kathua,551,179,0.9562097209975499,1.1045171525128266,0.7994041794970826,0.7672824217513927,7.520311514710376,5.257563637404058,27.85910864205237,243.02025529789958,False,False,0.6089385474860335,3
Katihar,551,179,0.9303574469419293,1.2340974073600053,0.9142100030278977,0.8064478740050794,8.292001147057073,5.823238818124799,21.868761898817144,355.239099903249,False,False,0.6703910614525139,2
Katni,551,179,0.8990626281065653,1.1828281307136632,0.9143291946287111,0.40734036668358786,5.8781842355142695,4.373468040191776,13.860895727349332,58.30167597765363,False,False,0.1340782122905028,6
Kavaratti,551,179,-1.61673489999276,0.8663626277603731,0.757646449253919,0.26725816786200973,4.454846922551654,3.578539861695443,0.28683998626759455,27.084110982803285,False,False,0.13966480446927373,3
Kendrapara,551,179,0.8614481129194216,1.1199202078044428,0.8286670934263294,0.6260826714537419,7.225717991728823,5.110586082054385,9.052357916419588,139.63247089666365,False,False,0.44692737430167595,2
Khagaria,551,179,0.9494832128952262,1.1545033196659495,0.8702337981171187,0.7803504714782304,8.383203501103022,6.121737094314044,26.384851284292004,319.95561936269155,False,False,0.6312849162011173,2
Khammam,551,178,0.8246334060640841,0.9288312752059873,0.6962465073251987,0.3456606209315475,7.314557821872397,5.334823650588164,4.919566027016789,81.76606489079661,False,False,0.4044943820224719,2
Khandwa,551,178,0.8255153594589153,1.0103937409687846,0.7622285349443154,0.9172835142726593,6.150121363162113,4.759244044385754,5.850919075874259,457.2727244034844,False,False,0.449438202247191,2
Khargone,551,179,0.7738026524178199,1.0001547201402654,0.776509864563324,0.9168262875939471,6.438235399677083,4.846747586545728,4.4222864454917135,498.36509472238697,False,False,0.4301675977653631,2
Kheda,551,179,0.8398620571486107,1.331062318663547,0.9933505353205981,0.6831776383525743,8.544352167292358,6.719324647969968,11.06375456446428,230.43182172841048,False,False,0.11173184357541899,5
Kheri,551,179,0.9558499093107735,1.0977174429382996,0.8234244768259903,0.8126568657997699,7.803964821903601,5.632250113861402,27.292890359227243,325.0819262819512,False,False,0.659217877094972,3
Khordha,551,179,0.8928703005084968,1.2331019678262911,0.9411457766883786,0.3445202122861265,6.108723481230424,4.536519376376038,14.193454012047063,56.930058362722754,False,False,0.12849162011173185,6
Khowai,551,179,0.9507085505656744,0.8964354042954926,0.6630864056524368,0.8350825320054494,6.2352710172273795,4.576339305099857,16.30295808495365,235.745825660872,False,False,0.5642458100558659,3
Khunti,551,179,0.8557844103189328,1.7177346030486107,1.319611141958564,0.49308897715802247,10.276312449897052,7.395096601407198,20.45973096969508,208.32570768702598,False,False,0.2122905027932961,4
Kishanganj,551,179,0.9484948563891595,0.9918780136555247,0.7599425356611573,0.8185688896820527,8.189485047993179,5.724760689548765,19.10143191535845,369.65912424705846,False,False,0.6145251396648045,3
Kishtwar,551,179,0.7631605287240831,3.004548201542993,1.9700353507463568,0.8400044207272814,8.545914603403489,6.373469435029523,38.11573234293561,456.4667145220187,False,False,0.7150837988826816,2
Koch Bihar,551,179,0.9420089426997657,0.8957407134568907,0.6638939437974923,0.8537474006101937,6.935761349065612,5.242184551735307,13.835778533753627,328.915764177148,False,False,0.5251396648044693,2
Kodarma,551,179,0.9191276506727888,1.29363641603623,0.9331945544205065,0.7700103904755787,8.060865032813998,5.769344363529844,20.693045160887614,282.52382884429323,False,False,0.5698324022346368,3
Kohima,551,179,0.981693645573497,0.8461351385909835,0.6005506631184266,0.7602388243496361,4.7121872766535615,3.4236203806094365,39.10907961674105,92.61177865859368,False,False,0.5642458100558659,3
Kokrajhar,551,179,0.9617889393081374,0.8081396369462398,0.6190827297761394,0.9021538217844881,5.591851192888238,4.15953273084849,17.091639461939387,319.57098717268497,False,False,0.553072625698324,2
Kolar,551,179,0.36698103207869437,1.2542994010780941,0.9646198324659789,0.6369163481618767,7.109893869938017,5.521932539638783,2.48533940888237,139.2257420180394,False,False,0.0782122905027933,8
Kolhapur,551,179,0.4391609523099431,1.4046503682885576,1.0488058031235434,0.7820206178767579,9.467404054501841,6.909390823750014,3.518019412627571,411.19365812552667,False,False,0.3743016759776536,2
Kolkata,551,234,0.9228403416251661,1.2690354802703887,0.9421469305962268,0.6335616694288512,5.781094612529255,4.144753043746127,20.87167159763314,91.2051282051282,False,False,0.10683760683760683,7
Kollam,551,178,0.5853474624234911,0.870429073515206,0.638637610233639,0.518557655581269,4.183379765640791,3.2996205484607595,1.8271846989016538,36.3504923620755,False,False,0.17415730337078653,5
Kondagaon,551,179,0.8165020358097232,1.1879710036217026,0.8612228431460225,0.8312181217514206,7.698510615058591,5.876336794856203,7.690957835273557,351.1459068069036,False,False,0.44692737430167595,3
Koppal,551,178,0.7006396134530359,1.0398228375492147,0.781408718797582,0.8382446147928413,7.590584841198672,5.296898080341095,3.6118056432268655,356.19820729705845,False,False,0.39325842696629215,3
Koraput,551,179,0.7974732570512993,1.0819287451130368,0.7823673187336329,0.646692304459197,9.48652320320586,6.510254118052526,5.779828344933055,254.7188290003433,False,False,0.4581005586592179,3
Korba,551,179,0.8831335466561545,1.2058432221124211,0.9010919013313254,0.8358570957708047,8.149611699815228,5.594577368686273,12.442046752598232,404.6240754033894,False,False,0.5195530726256983,2
Kota,551,179,0.9442462627420835,1.0659703886504217,0.8280494363925807,0.8484450888005574,7.06076414619276,5.073709928715059,20.38056864642177,328.95265441153526,False,False,0.5865921787709497,2
Kottayam,551,179,0.4969084403611955,1.022476199967054,0.7104007652328395,0.47670319894407864,4.664412188167227,3.6653098644574014,2.0780662276458286,41.57629287475423,False,False,0.18435754189944134,3
Kozhikode,551,179,0.2646085711968278,1.063887655264356,0.7997968894273213,0.5794831734188457,5.664907624109365,4.2533627630055095,1.5391217502574823,76.31366062232765,False,False,0.0670391061452514,8
Krishna,551,179,0.7879980896707913,0.7513824750669795,0.5750995533147957,0.36159382676098095,4.640939900587573,3.447529137221307,2.6630685683967417,33.73764863768297,False,False,0.3128491620111732,4
Krishnagiri,551,179,0.7077549674008625,1.0759835222819905,0.8226100421036412,0.6559649751539081,5.603149749350592,4.537847583181451,3.9615405262008054,91.25607814987049,False,False,0.4134078212290503,2
Kulgam,551,179,0.9335388803346903,1.3752043835366488,1.0298365684435664,0.8302972433133624,8.172279457266521,5.870240341695343,28.455540713460877,393.54782934365346,False,False,0.6424581005586593,2
Kupwara,551,179,0.887476112486576,2.2207561504900846,1.3990921689368907,0.7877765281512152,9.461150633807303,7.36208079734799,43.82854155613121,421.78827127742574,False,False,0.659217877094972,3
Kurnool,551,179,0.7604385908655675,0.9873595767198879,0.7690013156415063,0.6922710928668248,7.381398570043471,5.380019927663734,4.069432289878593,177.0553353515808,False,False,0.40782122905027934,2
Laful,551,7,-0.1356208445108682,0.5373752484104494,0.4771988030387467,-1.1911060157388627,5.092694826362561,4.1019478260354765,0.25428571428571417,11.836734693877547,False,False,1.0,1
Lakhimpur,551,179,0.9549951784854901,1.090967010992334,0.8038164978202086,0.8207672664025657,7.706823971092977,5.581566461421953,26.446255734839735,331.3855372803596,False,False,0.6480446927374302,2
Lakhisarai,551,179,0.949925713509198,1.1970662510951253,0.9189921222037122,0.8019538861291081,7.760086939847363,5.530888362021342,28.616835304765768,304.06529134546366,False,False,0.6424581005586593,2
Lalitpur,551,179,0.9227830127929,1.2617475677429166,0.9239740573348629,0.8177799423745987,8.107445476129184,5.785082506052438,20.617314690552732,360.7213882213414,False,False,0.6145251396648045,2
Latehar,551,178,0.929226671201331,1.1787341135282547,0.8743440742904913,0.7614083024994669,9.74627869249884,7.203772592653525,19.631888650422926,398.1276353995708,False,False,0.5955056179775281,3
Latur,551,179,0.8161995530014109,1.0072720281462686,0.7594745455166031,0.9184615355453412,6.173493039232951,4.7326964011045645,5.520100496239194,467.41150401048657,False,False,0.43575418994413406,2
Lawngtlai,551,178,0.8741196803208879,1.4189223990660176,1.0222813297536915,0.842811742670004,6.409957787781201,4.435348844397932,15.99408692084333,261.39076505491727,False,False,0.550561797752809,2
Leh,551,179,0.40621933443800495,6.518779704757215,4.881869309594186,0.4754971062985325,12.255589930085119,9.169461684867088,71.56596922692799,286.36540682250865,False,False,0.7262569832402235,3
Lohardaga,551,179,0.8927103929506731,1.254211168518926,0.9091647811304431,0.7266451682191196,9.382011124653468,6.871579789341431,14.661677850254362,322.00686620267777,False,False,0.5307262569832403,3
Lucknow,551,179,0.9107147827048729,1.804932384822102,1.3720966971152002,0.6072882209773778,7.77940165429352,5.690354630256768,36.48734933366624,154.10561468118973,False,False,0.16759776536312848,6
Ludhiana,551,178,0.9540422063684451,1.2675348537565532,0.9325294739666045,0.7745848344848388,8.33644354189014,6.011280038643,34.95913268526701,308.3035285948744,False,False,0.651685393258427,2
Lunglei,551,178,0.9029043223499356,1.3596644857513598,0.9874324762613207,0.8212626460812602,6.7117988804882796,4.359555616133565,19.039853869460927,252.03598030551697,False,False,0.5730337078651685,2
Madhubani,551,179,0.9612146272455193,0.9813797966197807,0.7553104938116463,0.8486806732285821,6.906464790663545,5.031024421186947,24.83168877375862,315.2224961767736,False,False,0.6424581005586593,2
Madurai,551,179,0.045389755338606785,1.2029439918659846,0.8840417664194986,0.41805686902972317,5.821459628953921,4.351926595981858,1.5158796541930648,58.23488655160575,False,False,0.19553072625698323,4
Mahamaya,551,179,0.8592951912430453,1.3269776469467354,0.9997596829066863,0.8405142648847336,7.205870891374899,5.475949626407743,12.514637495708621,325.5750444742674,False,False,0.48044692737430167,3
Mahasamund,551,179,0.8797279042750977,1.023606547196569,0.7757168039078226,0.860259274783281,7.248847057552498,5.187448947264618,8.711666302549858,376.02340750912884,False,False,0.5027932960893855,2
Mahe,551,179,0.247586169168172,0.5618046487723966,0.44042078202776197,0.26120780130059396,5.187094916090834,4.1194693162223786,0.4194825379981899,36.41883836334696,False,False,0.17318435754189945,3
Mahendragarh,551,179,0.9589088769804214,1.3253263114951532,0.9633991187999658,0.628092334549756,10.927854613420754,7.701556373566616,42.74621141662245,321.0958459473799,False,False,0.6536312849162011,2
Mahesana,551,179,0.9159158174829318,1.0807268976891171,0.776263524682987,0.7567192154513445,8.760051863687544,5.9020254799131635,13.890491557691709,315.43185293842265,False,False,0.49162011173184356,3
Mahoba,551,179,0.9491788063629542,1.1621889602692566,0.8742232384653631,0.7923637209770219,8.022609899719177,5.800514562391572,26.57716363409382,309.97603071065197,False,False,0.6145251396648045,2
Mainpuri,551,179,0.9627711085723467,1.1240876500374188,0.8456315764998836,0.7467655007508976,8.23113394683549,6.345217626241465,33.940657282856336,267.5447707624606,False,False,0.6256983240223464,2
Majuli,551,179,0.9313045565327548,1.0754667577875687,0.7605482251127319,0.8687710514151736,4.924722543295032,3.550368058831769,16.83705190225024,184.81358259729723,False,False,0.5865921787709497,3
Malappuram,551,179,0.08815949053453687,1.2325796014843156,0.8652239474671762,0.5858056048115767,5.6755383551925185,4.2621829500661725,1.6661383851939702,77.769607690147,False,False,0.05027932960893855,8
Maldah,551,178,0.9142717603841829,1.2356318622141136,0.9219270390162496,0.8416494145210804,7.884319594283764,5.957094777505156,17.80960516348946,392.5624605479105,False,False,0.5955056179775281,2
Malkangiri,551,179,0.8303895938349786,1.0822089623009807,0.8212823479540883,0.7629220063718922,8.052092166316344,5.9618423537405825,6.905096594987672,273.4804157173621,False,False,0.4692737430167598,2
Mamit,551,179,0.9315127222742711,1.4734024784824358,1.0469058434367287,0.8250460025488311,5.623766812869686,3.8880276166459677,31.698074966449234,180.7718236010112,False,False,0.6201117318435754,3
Mancherial,551,178,0.8328779637254784,1.0705173266333026,0.7931185442073763,0.8688879550904058,7.279295301560621,5.4291110338360875,6.857308420653958,404.14395278373945,False,False,0.4438202247191011,2
Mandi,551,178,0.8991760969860857,1.5019465708311013,1.1672843064457126,0.8367144178764322,8.232345650880111,6.143047174337131,22.37409418002777,415.04898371417744,False,False,0.6235955056179775,2
Mandla,551,179,0.857561422882862,1.2188981273092583,0.901148896272373,0.8747430914492118,7.576922800962784,5.651058055055448,10.430549608314347,458.3360694110671,False,False,0.5139664804469274,3
Mandsaur,551,179,0.8769244817074165,1.1306034467089177,0.8448789125476985,0.8761596001301846,7.109577518883215,5.240289503169825,10.386014793545769,408.1551137604944,False,False,0.4860335195530726,2
Mandya,551,179,0.5738184591646576,1.115257552275221,0.8203434203902005,0.7885403542798035,7.066609732151159,5.4514306142407865,2.918473206204551,236.15367809993447,False,False,0.3687150837988827,2
Mansa,551,179,0.9618350593080846,1.174195577024189,0.8798800755342668,0.6572992300804104,10.804889210965236,7.283208443709797,36.12570144502356,340.6634624387504,False,False,0.6983240223463687,2
Mathura,551,179,0.955937335880776,1.3330285559425263,0.9812174396211547,0.7360601622903175,9.681370353181192,7.216486895999338,40.32813645017321,355.1147592147561,False,False,0.6815642458100558,3
Mau,551,178,0.9557371504919335,1.170492130942859,0.8713314977173674,0.8187987136606868,7.64342307559177,5.420954547318794,30.952635083954043,322.4144678702184,False,False,0.6685393258426966,3
Mayurbhanj,551,179,0.9072995220646061,1.108156639775905,0.814552322494427,0.6598093773452043,10.433811290096884,7.119007394699609,13.247085296963268,320.0100496239194,False,False,0.547486033519553,3
Medak,551,179,0.8108701867435602,1.0580077465954194,0.7905895899518597,0.7672248768415719,8.740402108777028,6.435096853111988,5.9185824412471515,328.1906931743703,False,False,0.44692737430167595,3
Medchal,551,178,0.683090976378183,1.2181791783297158,0.9731787760016156,0.43968695846188266,8.645439664967666,6.6415623242574195,4.682607309683121,133.39619366241635,False,False,0.10112359550561797,6
Medinipur,551,184,0.893663319653968,1.1351734966577551,0.8437989534209992,0.8188208173923611,8.71166673099671,6.003651919207878,12.118291292533083,418.8844222589792,False,False,0.5163043478260869,3
Meerut,551,179,0.9587289376608834,1.104659107690792,0.8253362369431491,0.7963007788943104,9.308553959901275,7.057885825179738,29.567248213226808,425.3780468774383,False,False,0.5698324022346368,4
Mirzapur,551,179,0.9501974481052419,1.145398208320588,0.8677038858441318,0.8283645373783912,7.718526337624204,5.625244663992672,26.342767703879403,347.10570831122624,False,False,0.6424581005586593,3
Moga,551,179,0.9578433394140095,1.2795630800651492,0.944185220390364,0.7182574753276003,9.538816560319589,6.660001378008903,38.83803064823196,322.95096907087793,False,False,0.6759776536312849,2
Mokokchung,551,178,0.9224303864155893,1.1205003213921885,0.8495648127581585,0.7207620741781497,5.507775480845121,3.853978993506727,16.18573191516223,108.63707233935108,False,False,0.5393258426966292,3
Mon,551,178,0.9284786934120326,1.3085444632548715,0.9700776221144345,0.5942305429239096,6.219149308199739,4.647862588400561,23.940958212346928,95.31968817068552,False,False,0.5898876404494382,2
Moradabad,551,179,0.9642930764788652,1.005482031482257,0.7780557652896667,0.7185945089650838,10.181542474959837,7.556786794411222,28.31367185793202,368.3787647077182,False,False,0.6089385474860335,3
Morbi,551,179,0.9095473442152259,0.9394768498740875,0.678849941778403,0.7753598015052932,9.226049691957076,6.394557163442154,9.75777597453263,378.9170125776349,False,False,0.4692737430167598,2
Morena,551,179,0.9249402341935602,1.599056841375079,1.1627845966522499,0.7584835451206191,9.983141639690404,7.228184379796515,34.065957367123374,412.65559751568304,False,False,0.6480446927374302,2
Moshoit,551,5,-1.9795918959693166,0.5630529084652122,0.4468948672267096,-2.5884663602669185,4.997571997226029,2.882379576352889,0.10639999999999976,6.960000000000001,False,False,1.0,1
Muktsar,551,179,0.9630503146544186,1.1457146805808744,0.8485614591240249,0.6315166408103041,10.675741240439795,7.2854511580410986,35.525664617209195,309.2987734465217,False,False,0.6871508379888268,2
Mumbai,551,204,0.42650685373858477,1.1807982059408255,0.9231943548864879,0.7366252683629031,9.711851034683223,7.110213867947987,2.4312137158785085,358.121107266436,False,False,0.06862745098039216,6
Mungeli,551,179,0.8813058357756806,1.2851298981561425,0.9089371150322615,0.8244796071284881,8.351106031095417,5.664752802116626,13.914406541618549,397.3382853219312,False,False,0.5195530726256983,2
Munger,551,178,0.95129037087659,1.1519733527074505,0.8738089612998786,0.7901393177155562,8.133479364774294,5.931233165096609,27.2439480494887,315.2257290746118,False,False,0.6741573033707865,2
Murshidabad,551,179,0.9216281844729003,1.148481716069293,0.850958132723378,0.8495658978982686,7.7003850153104745,5.640098776123345,16.83016073156268,394.1654754845354,False,False,0.6033519553072626,2
Muzaffarnagar,551,179,0.9588961576396953,1.0653078645737468,0.8395578557267829,0.7706291379903734,9.067368205707062,6.777046332960535,27.610091445335666,358.4464280141069,False,False,0.6424581005586593,2
Muzaffarpur,551,178,0.94517610314226,1.1874651790453628,0.9168605317206986,0.8561665793441966,7.271724078797659,5.359301118931638,25.720053339224844,367.63341118545634,False,False,0.6067415730337079,3
Mysore,551,179,0.5100606597567164,1.0663037198528638,0.7982825951424893,0.8151364789266873,6.485031584102388,4.804835151937524,2.3207028494741113,227.49558378327768,False,False,0.33519553072625696,2
Nadia,551,179,0.8880299917684766,1.2558372158285032,0.9263398457723264,0.8142635713594626,8.607016101347044,6.155252287923983,14.085263880652914,398.84866265097844,False,False,0.5754189944134078,2
Nagaon,551,179,0.362561077889223,1.6274793180618572,1.2289363605761838,0.7598921254839239,9.521974779338652,6.629441644658047,4.155204269529665,377.6136200493118,False,False,0.39664804469273746,2
Nagapattinam,551,179,0.5252036960690598,0.74432135293727,0.5445911776409278,0.488166403692216,4.3183576086194435,3.4121735087294915,1.1668462282700292,36.434131269311195,False,False,0.22905027932960895,2
Nagar,551,340,0.8782024985289867,1.4560171073609427,0.965562709461295,0.6766213536606276,11.924047459785788,8.10857093171527,17.405823529411762,439.67933391003464,False,False,0.35294117647058826,3
Nagaur,551,179,0.9451992927819521,1.320663398196184,1.011768011293254,0.7203163212276179,8.319802500010832,6.585172621113673,31.82717705439905,247.49071502137886,False,False,0.6201117318435754,3
Nagpur,551,179,0.7388163056288113,1.5921743164610132,1.2394017620458555,0.6148166001376407,7.414372783906061,5.422162947419269,9.70588558409538,142.7188290003433,False,False,0.10614525139664804,5
Nalbari,551,179,0.8621584216962043,1.5061625811020167,1.1242645528413853,0.40681215045632513,5.414172693099095,3.7025050436861213,16.457485097219184,49.41649761243407,False,False,0.27932960893854747,4
Nalgonda,551,179,0.7258381034224495,1.0143964531206848,0.7884266537720147,0.4337089131816587,8.578334973430255,6.298961736931521,3.753257388970382,129.9470053993321,False,False,0.39664804469273746,2
Namakkal,551,179,0.41328293831329677,0.9799023830902125,0.7340067660687526,0.6422252886550914,5.068317951607791,3.992466935512895,1.6365787584657159,71.79894510158859,False,False,0.2681564245810056,2
Nanded,551,179,0.8050255730403935,1.1353830419307838,0.860160998600839,0.9167954986570178,6.218474915883301,4.703756310689886,6.6116088761274625,464.75166193314817,False,False,0.4581005586592179,2
Nandi Hills,551,183,0.4523161579804652,1.200188116881396,0.9367864562822653,0.6626374915858446,6.796642958095508,5.3018968257086865,2.6300785332497236,136.92794648989218,False,False,0.08196721311475409,9
Nandurbar,551,179,0.7673832527275143,0.9755703685689857,0.7366786973651395,0.9286776383475813,6.029430146962682,4.539522884187871,4.091440342061733,509.71430354857836,False,False,0.4022346368715084,2
Narayanpet,551,179,0.769514098735507,1.0905602401794923,0.7992775640993487,0.8173127546451686,7.911155982268752,6.048878407546374,5.160062420024345,342.5876221091726,False,False,0.43575418994413406,2
Narayanpur,551,179,0.7031049509044869,2.5718165445562957,1.4690168299578572,0.7744789087757818,8.350087534155008,5.8745210655944735,22.278041883836334,309.1682531756187,False,False,0.5921787709497207,2
Narsimhapur,551,178,0.8709920951881749,1.2193825951033581,0.9382162658911644,0.8449953392972283,7.848998318382689,5.40989117289816,11.525603143542481,397.45111097083696,False,False,0.5393258426966292,2
Navsari,551,179,0.7899427060681103,0.7957680923295367,0.5981642224455436,0.8765432451131228,6.624052704604436,4.743099358903743,3.014638744109111,355.4125027308761,False,False,0.3743016759776536,3
Nawada,551,179,0.9284148439357556,1.4193509898597036,1.0598542587528867,0.7592189557025424,8.036046646259019,5.71244713954175,28.142108548422335,268.2023657189226,False,False,0.5698324022346368,3
Nayagarh,551,179,0.9201308952853345,0.9647332055788159,0.7107528549081688,0.5761902284479083,7.07846797400573,5.240533779746938,11.65294341624793,118.2245248275647,False,False,0.5418994413407822,2
Neemuch,551,179,0.9201363531463957,0.979381970439527,0.7007187149950396,0.8678479917451491,7.340804287195931,5.51071209897651,12.010333635030115,407.76835928966017,False,False,0.4972067039106145,2
Nellore,551,179,0.8761581189048048,0.8832956439393898,0.6818584551768503,0.5290378051408775,5.725017826367074,4.249399394141475,6.300059299023126,69.59333354140009,False,False,0.43575418994413406,3
New Delhi,551,179,0.9337388366278625,1.6152089819720035,1.211648269219174,0.5641463699236682,9.491531353003941,7.113005044946506,39.37298898286569,206.6959208514091,False,False,0.17318435754189945,4
Nirmal,551,179,0.8391508184903225,0.9732368577421582,0.7387064431484158,0.9111229521277031,6.366961805785762,4.642429077002111,5.888683873786712,456.1155394650604,False,False,0.45251396648044695,2
Niwari,551,179,0.9448463581919483,1.4649800266426807,1.1026495612978198,0.5937537988777619,9.122851575630047,6.943744391909503,38.912507100277764,204.86695171811115,False,False,0.17318435754189945,4
Nizamabad,551,179,0.8176176000310684,1.0147315448869987,0.7523269180661627,0.9059702334032403,6.559276447791468,4.687965984872081,5.64572079523111,457.55837832776757,False,False,0.44692737430167595,2
North Gauhati,551,180,0.8626651472740035,1.5159708207244815,1.1447022748481372,0.41230986476123255,5.519396198534805,3.7668320016437606,16.734044444444443,51.836388888888884,False,False,0.2611111111111111,4
North Guwahati,551,24,0.49333430227659925,1.6009422012811656,1.3728779233785309,0.5280847253761961,9.52087490731055,7.448638516954979,5.05859375,192.08333333333334,False,False,0.4583333333333333,2
Osmanabad,551,179,0.745524385546878,1.1082042864513284,0.8566744594172201,0.9101317878722517,6.1624906429570885,4.748952069841615,4.826068474766704,422.57757248525326,False,False,0.4022346368715084,2
Palakkad,551,179,0.22173376736527162,1.3092450390825427,1.0087128068395312,0.6570723502547596,7.716252304788597,6.010923302614799,2.2024886863705873,173.62423145345025,False,False,0.0670391061452514,5
Palghar,551,178,0.7161601168174574,0.9862768183883336,0.7269765328841102,0.7982833016639073,7.185476834505227,5.125892594127231,3.427079914152254,255.95837015528338,False,False,0.33146067415730335,3
Pali,551,179,0.9299115885805396,1.2447837317873034,0.9372997470489923,0.7775977765703055,8.465473528356378,6.116321994156047,22.10759963796386,322.2280827689522,False,False,0.5810055865921788,2
Palwal,551,179,0.9487112275192551,1.4067949192887954,1.0497344841140628,0.6704006227896218,8.583521605457477,6.421318796154823,38.58684560406979,223.53453387846824,False,False,0.20670391061452514,5
Panipat,551,179,0.9622225009786265,1.1082346208027378,0.8334203902417758,0.8224133950675506,7.745864138688094,6.097677950648443,32.51099216628695,337.8543740832059,False,False,0.6424581005586593,2
Panna,551,178,0.9229616788292964,1.2626963534895357,0.9345708983493692,0.7834834394874725,8.873398052832947,6.149834445344115,20.696220489837142,363.6543681353365,False,False,0.6179775280898876,2
Parbhani,551,179,0.8191472336606747,1.0716620212626793,0.8161699197778095,0.9324960575704035,5.448218542374242,4.167582569520157,6.350245622795792,439.7237289722543,False,False,0.44692737430167595,2
Patan,551,178,0.9469750722968032,0.9454252264465007,0.6699002662763972,0.763769016979539,9.22433715520625,6.316235995418949,16.856767137987628,360.1915162226991,False,False,0.5337078651685393,2
Pathanamthitta,551,179,0.18394331591806,0.7308943370440348,0.5576662940940554,0.4926101628474383,5.020078748774155,3.566855184501334,0.6546193939015633,49.668299990637,False,False,0.18994413407821228,3
Pathankot,551,179,0.9611053218839871,1.0714829120651628,0.7724121098672256,0.7825095964678888,7.287051715273659,5.242659053818345,29.517550638244753,244.15386536000744,False,False,0.6089385474860335,3
Patiala,551,179,0.9527536132922081,1.2367767379716688,0.9054544045476323,0.7833597953039716,8.469729166751193,6.167326593216236,32.375316001373236,331.13111326113415,False,False,0.6312849162011173,2
Patna,551,179,0.9140421534656262,1.6802654078870747,1.3162306701333002,0.6069443152180135,7.954130317178031,5.668790706098621,32.84507412377891,160.96495115633095,False,False,0.20670391061452514,5
Peddapalli,551,179,0.8373633099289702,1.0419750024855978,0.7686712212701639,0.8742764640482454,7.160091059762431,5.201844689266529,6.675688648918573,407.7749133922162,False,False,0.4245810055865922,2
Pendra,551,179,-0.017367244191416553,2.6439315050484122,1.4847359407722474,0.9067229070195911,6.8021094387429955,5.165737055667842,6.871042726506663,496.0348927936082,False,False,0.46368715083798884,2
Perambalur,551,179,0.36958008448946655,1.0639606704654374,0.8096031233996066,0.2564352555569466,5.203505442887905,3.9380952802140605,1.7956480759027496,36.414406541618554,False,False,0.061452513966480445,6
Phek,551,179,0.9396430558094053,1.1890201973007681,0.9131588106735604,0.19592778916620102,5.574217784079561,3.72504931220982,23.42346930495303,38.643175930838616,False,False,0.6089385474860335,2
Pilibhit,551,179,0.9473670757501148,1.229064276201513,0.9074949929273681,0.7819807816197495,9.704373130574414,7.283279065134791,28.700647295652445,431.9566805031054,False,False,0.5921787709497207,2
Pithoragarh,551,178,0.9745666013286252,1.0966609866696357,0.7524970145440324,0.5180115901471076,10.284621512833585,7.110103322423027,47.2868504608004,219.45224719101122,False,False,0.6460674157303371,3
Porbandar,551,178,0.9203614501092362,0.6617703049251047,0.5001066788657136,0.8029913305980165,7.324993259502893,5.478737433672968,5.499094811261204,272.3510920338341,False,False,0.3595505617977528,3
Pratapgarh,551,179,0.8864439788988888,1.1070537412175425,0.8418969423293047,0.8286200796120613,8.353192849409863,6.023698895750609,10.79262881932524,407.1412253050778,False,False,0.4972067039106145,2
Puducherry,551,179,0.61207944119562,0.7342498004832161,0.5550461997115551,0.3572480661582593,4.484001993355005,3.504912239003757,1.3897762242127272,31.28154551980275,False,False,0.2569832402234637,2
Pudukkottai,551,179,0.36727904648067233,1.0462547090651066,0.8188373074865156,0.24685060650843627,5.222583666278169,3.9744195882703313,1.7300658531256827,36.215099403888765,False,False,0.061452513966480445,6
Pulwama,551,179,0.9041959808631358,1.9185360273631142,1.4189162573157852,0.8194596281119435,8.72244817826736,6.258618772134781,38.41989638275959,421.40769638900167,False,False,0.6480446927374302,2
Punch,551,179,0.9591949339570982,1.1715020787946826,0.8891941066015117,0.7567716114676417,8.307261372314642,5.840901645341659,33.63349833026435,283.7275365937393,False,False,0.6145251396648045,3
Pune,551,179,0.6381899361976286,1.0749974906026125,0.8033417363872757,0.8705173946892225,7.5213122786188595,5.484966455439058,3.1939951936581257,436.89372990855475,False,False,0.37988826815642457,3
Puri,551,179,0.8629879908141598,1.390770717794324,1.0304620875780437,0.30854058970925,6.602188791501276,4.940160601784306,14.117325926157111,63.03898130520271,False,False,0.11731843575418995,6
Puri District,551,194,0.8431676150876222,1.460321290506546,1.0540639049174294,0.27255351097399105,6.95792551116223,5.19825004015986,13.597563237325966,66.55159953236263,False,False,0.13917525773195877,6
Purnia,551,179,0.9476100006652721,1.06355683646383,0.8136003463888838,0.8357017091457843,7.724123763112496,5.629340221930425,21.59101276489498,363.1327361817671,False,False,0.5921787709497207,3
Puruliya,551,178,0.8621102538437414,1.3783295789993588,1.0380454288874388,0.8146244458005304,9.143668215918641,6.488276132417846,13.777619303118295,451.01237217523044,False,False,0.601123595505618,2
Rae Bareli,551,179,0.9467816868033365,1.2775834486200865,0.9318270485242286,0.8043105803405377,8.56441630923984,6.352337905179352,30.67025935520115,374.8246933616304,False,False,0.5921787709497207,3
Raichur,551,179,0.7281832188130104,1.1109064629713932,0.8523324949537573,0.7583068489985396,7.778555878539653,5.762548801941001,4.540239068693237,250.34193689335538,False,False,0.4301675977653631,2
Raigarh,551,179,0.8658842185409692,1.119915946282395,0.8215479383987413,0.8476168886924224,7.501271552493788,5.175652681355292,9.351708748166411,369.2605723916232,False,False,0.5307262569832403,2
Raipur,551,178,0.8448202942726344,1.0797199543108542,0.8061458952049777,0.8564038113396345,7.90266817084814,5.342566975380335,7.51254923620755,434.9151937886631,False,False,0.48314606741573035,2
Raisen,551,179,0.8582050234449856,1.2980759286503922,0.9988261689231441,0.6848900407617671,11.06040543648058,8.24145740658364,11.883362566711401,388.22184076651797,False,False,0.4245810055865922,4
Rajgarh,551,179,0.9557168356185137,1.1945866621638006,0.8466625789043111,0.7449770992238919,8.764322552267055,6.239703780213377,32.225278237258514,301.2017727286913,False,False,0.6480446927374302,3
Rajkot,551,179,0.8655736322485721,0.9408823175545697,0.692482646943962,0.8150402524860023,9.111698272235094,6.636405478538022,6.585460503729596,448.87088417964475,False,False,0.4301675977653631,2
Rajsamand,551,179,0.9418975631681349,0.9661310945285125,0.7377821299325035,0.8294950268093699,8.349846489252924,6.1906074770753,16.064890608907337,408.9026559720358,False,False,0.5307262569832403,3
Ramanathapuram,551,179,0.6698018440457221,0.6688727293189861,0.5442480951661189,0.433909102501265,4.415750818844525,3.549651479006207,1.354915889017197,34.444742673449646,False,False,0.2681564245810056,3
Ramban,551,179,0.9382158121614551,1.2691425836918877,0.8914682982565835,0.8124651672351191,9.069845851180316,6.542206057513792,26.070147623357574,438.6497300333947,False,False,0.6424581005586593,2
Ramgarh,551,178,0.8574596135265085,1.7124284382055808,1.3246749339305401,0.49812355458808244,10.127273900514439,7.271542766686684,20.572493372048985,204.35642595631865,False,False,0.2247191011235955,4
Rampur,551,179,0.9561206693071874,1.1048950243336082,0.8178514667823156,0.791845665735901,9.380739117183875,7.087022367456626,27.82159608002247,422.75490777441405,False,False,0.5865921787709497,3
Ranchi,551,179,0.860278587165584,1.6962095124338936,1.3041813012919818,0.509584435532543,9.88881481554165,7.1521856740354535,20.5918810274336,199.3995817858369,False,False,0.21787709497206703,4
Rangachang,551,3,-1.6451591641155905,1.330156973525884,1.215639670507726,-0.0966088407025043,7.944553546535285,6.09636231882704,0.668888888888889,57.555555555555564,False,False,1.0,1
Ranipet,551,179,0.8375471183318819,0.8713891184629758,0.6710934179736605,0.6006533528138325,5.3113339123830325,4.260078548018478,4.674087575294155,70.64105365001093,False,False,0.39664804469273746,2
Ratlam,551,179,0.8528962376351937,1.063730096278163,0.7763757846372229,0.896637735037852,6.895286600193895,5.179411584777399,7.69199712867888,459.98389563371927,False,False,0.5027932960893855,4
Ratnagiri,551,179,0.6966822979517585,0.7582856063349864,0.5583848552264282,0.5931360541904644,8.081930829236574,6.16739538613204,1.8956923941200343,160.53918417028186,False,False,0.3128491620111732,3
Rayagada,551,179,0.8520125960420064,1.3571308646178177,1.046730744262914,0.49297196469824156,7.775222517577275,5.87605550528225,12.445682094816018,119.23223370057114,False,False,0.5363128491620112,2
Rewa,551,179,0.939851752420823,1.1898210020944486,0.8730149920816074,0.6917898506138207,10.669917542475758,6.878686905704119,23.536413345401204,369.38154239880146,False,False,0.6480446927374302,2
Rewari,551,178,0.9661112551011063,1.1634710373916093,0.8601353438802879,0.839577325011048,8.12955168041227,6.3367264549664855,39.94437855068804,411.97175230400205,False,False,0.5842696629213483,2
Rohtak,551,179,0.9588441997923349,1.251320064563386,0.8870575863965481,0.8249447690118606,8.661952590675142,6.629269249877434,38.045716425829404,428.60428825567243,False,False,0.6368715083798883,3
Rudraprayag,551,178,0.9439580840726237,1.1681419952406427,0.7956874519449794,0.742437224322264,9.51273063586535,6.9523454280248425,24.348841371039015,351.3397613937634,False,False,0.5898876404494382,2
Rupnagar,551,179,0.9519315175277968,1.292597548804813,1.0112170117362649,0.8105211669151218,7.091259342810424,5.278079754662817,34.75891763677788,265.3909054024531,False,False,0.6312849162011173,2
Sagar,551,178,0.883742868143769,1.2473870822715953,0.9018935469589927,0.8180302957464161,8.870512610920564,6.15965235488732,13.383906072465596,432.41260573159957,False,False,0.5449438202247191,2
Saharanpur,551,178,0.9606863729357131,1.0404049168613603,0.7991314007655734,0.8297596730019974,7.452691096039748,5.570247533408134,27.533516285822493,326.2599734881959,False,False,0.6292134831460674,3
Saharsa,551,179,0.9569972564263189,1.0467985281146548,0.8404595008839777,0.8214105708615831,7.7575090584572255,5.3523031095862095,25.48179644830062,336.96813457757247,False,False,0.6256983240223464,3
Sahibganj,551,178,0.9240856182201818,1.2919478895318877,1.0042643389721466,0.8198965757235411,7.912891750374513,5.960086356039112,21.98699785380634,347.6549993687666,False,False,0.6235955056179775,2
Saiha,551,179,0.8690812571531566,1.4498989223400305,1.0384995460191795,0.825892850750657,6.836983509426485,4.599815199634735,16.057340906962953,268.48032208732565,False,False,0.5418994413407822,2
Saitual,551,178,0.931190588184594,1.4942995086919162,1.0697987337938395,0.8194640716788616,5.672514769016089,3.8733122347320905,32.4509534780962,178.23279888902917,False,False,0.6292134831460674,3
Salem,551,179,0.6775736004052233,0.8830949498502328,0.6533654101263405,0.6459802980558567,4.652815258541083,3.673244459323155,2.418712274897787,61.15108766892419,False,False,0.3407821229050279,3
Samastipur,551,178,0.9426131927885317,1.2239489649708575,0.9303856589169608,0.8569136402868617,7.269189696809087,5.382325415608478,26.104450511299078,369.2952909986112,False,False,0.6179775280898876,3
Samba,551,179,0.9633056727137297,1.0011870485696135,0.760185233176946,0.815847310176397,6.98142898454291,5.171022679016662,27.31690646359352,264.67357448269405,False,False,0.5921787709497207,2
Sambalpur,551,179,0.8847372513122482,1.0483496638997891,0.8107720071974682,0.8104057145779693,7.693030561744468,5.235402458319045,9.5350582066727,312.15455198027524,False,False,0.5363128491620112,2
Sambhal,551,179,0.9681770649489261,0.9918086186628158,0.7549044847211994,0.7110842350074769,9.98483729131312,7.387679575310493,30.911175681158525,345.072812958397,False,False,0.5977653631284916,2
Sangli,551,179,0.5287115724785721,1.3028670794893737,1.0009706670301073,0.8565459240826503,7.74730911565045,5.899383742391418,3.601749009082113,418.3973034549483,False,False,0.39106145251396646,2
Sangrur,551,179,0.9559366687392084,1.2809429738688125,0.9166969065769537,0.6922934403482477,10.19376261157864,6.888690819069647,37.23764988608345,337.7009456633688,False,False,0.6759776536312849,3
Sant,551,179,0.8529161491619552,0.9867939487570451,0.7605380690665923,0.8897362312221654,7.217004557147159,5.4098427232645845,6.620456914578195,472.36871508379886,False,False,0.4581005586592179,2
Saraikela,551,178,0.9094256536516281,1.1970817110113579,0.9180732811170997,0.8185910981542952,8.58685632930851,5.9798602648492425,15.821307915667214,406.45249968438327,False,False,0.5730337078651685,2
Saran,551,178,0.9117320583820252,1.2013871980345803,0.8750070038923589,0.8115156597468279,8.973959939327251,6.4033684781765725,16.351703383411184,427.26073096831215,False,False,0.5730337078651685,2
Satara,551,179,0.5634361477993377,1.17860888344094,0.9076873928746738,0.8624072663262421,7.517478042543006,5.42018618140846,3.1819375175556317,410.7228238819013,False,False,0.3854748603351955,2
Satna,551,179,0.9327294763524017,1.2506357040448322,0.8762782083211095,0.7510703113547053,9.589834093121429,6.552224654948128,23.250743110389806,369.4413407821229,False,False,0.5810055865921788,2
Sawai Madhopur,551,179,0.9399311583485241,1.2001016000664184,0.8866335201341519,0.7844995567788757,8.042731126659566,5.601897904196652,23.976554414656217,300.16422708404855,False,False,0.6033519553072626,2
Sehore,551,179,0.8370645856291068,1.2420990983968885,0.9665865871825008,0.7078110114399199,11.129666357150521,8.213673275445052,9.468844917449518,423.9361443150963,False,False,0.4245810055865922,4
Seoni,551,178,0.812343610791128,1.1968174328179273,0.899558230182122,0.8519390476782015,8.102790235543631,6.0354941483063875,7.632950700669106,443.4336573664942,False,False,0.47752808988764045,2
Serchhip,551,179,0.8909974226980092,1.4195365017061239,1.0175740785271885,0.736681865012391,7.250216109294419,4.828323042206748,18.486570955962673,199.62785181486223,False,False,0.5810055865921788,2
Shahdara,551,179,0.9363944854055959,1.5828667335572206,1.1912803178340163,0.5915469144228914,9.18623618465243,6.980507119479468,39.39072126338129,206.60129209450395,False,False,0.16201117318435754,4
Shahdol,551,179,0.8857268895317215,1.3632603543443296,0.9330235221023763,0.8186753419073005,8.720109516281845,6.1060220510609176,16.263483037358384,419.36000749040295,False,False,0.5865921787709497,2
Shahjahanpur,551,179,0.9552296432720303,1.1616858698990216,0.872033632526879,0.7739063173030312,9.175723271123308,6.710435379778519,30.143026746980432,372.3850067101526,False,False,0.5977653631284916,2
Shajapur,551,179,0.8809420193213935,1.017083144524618,0.7920757750134224,0.8777597809196316,7.178220429233693,5.31321512966775,8.688691988389873,421.52123841328296,False,False,0.5139664804469274,2
Sheikhpura,551,179,0.8137838991817019,2.347872144356356,1.4913787519209063,0.7950990282485072,9.168875788588954,6.519246022542509,29.602722761461877,410.2873817920789,False,False,0.659217877094972,3
Sheohar,551,179,0.9698010419454621,0.8974767017298365,0.6792533374774508,0.850485136733403,6.569102211708439,4.860590173858266,26.671927842451858,288.6208295621235,False,False,0.659217877094972,2
Sheopur,551,179,0.9306308475012067,1.1842784857906097,0.8864466869791932,0.8166314626943908,8.01058313748644,5.653515750734,20.218144252676257,349.94794169969725,False,False,0.6145251396648045,2
Shimla,551,178,0.8888298982590558,1.3603363457614177,0.9902279668913259,0.7535163113631975,9.229141782325364,6.8125267840147075,16.645797247822244,345.56874132054037,False,False,0.6179775280898876,3
Shimoga,551,179,0.3634026433915166,1.1429921485826846,0.8652022882411539,0.6542828490076181,9.562280989271395,6.6343550837622125,2.052209356761649,264.4856277893948,False,False,0.30726256983240224,2
Shivpuri,551,179,0.9220159033765902,1.1964740390516326,0.8783533546375103,0.808069118315775,8.54457501670704,6.1528280831467965,18.356949533410315,380.39611747448583,False,False,0.5810055865921788,3
Shupiyan,551,179,0.9351535084693716,1.35839684182307,1.0192734659615257,0.8307276883120055,8.161908528818035,5.8597048519179795,28.455540713460877,393.54782934365346,False,False,0.6424581005586593,2
Siang,551,293,0.932337294668284,0.880146982524366,0.6025238933910437,0.883717722503623,7.055733528080652,4.838238880898212,11.448828524502323,428.1252198627824,False,False,0.3412969283276451,4
Siddipet,551,179,0.8183908652674559,0.8830624428344616,0.6902071331397428,0.7844527130911666,8.414234501751563,6.324330731228553,4.293832901594832,328.4631565806311,False,False,0.40782122905027934,2
Sidhi,551,179,0.9280500824763079,1.1686817419481073,0.8522496150046143,0.7857010123000632,9.191360107601373,6.271017447967422,18.982885053525173,394.22071720607966,False,False,0.6312849162011173,2
Sikar,551,179,0.9564021769443622,1.2166103729872981,0.9264247844096823,0.6563496976197711,9.713404948930734,7.12419416806961,33.949878593052645,274.55304141568615,False,False,0.6256983240223464,2
Simdega,551,179,0.8958168512185924,1.1662339920209261,0.8590001385255591,0.8057825632527069,8.764208494128209,6.455139289177349,13.05491089541525,395.4915264816953,False,False,0.5307262569832403,3
Sirmaur,551,179,0.9479163412157031,1.1860685775541047,0.8934476230603227,0.7904799601692263,8.407883023954033,6.090891176645903,27.009597702943108,337.40207858681066,False,False,0.6759776536312849,2
Sirohi,551,179,0.9222560467868939,1.268173568502519,0.8940057995920447,0.8465751027711448,7.320256039891733,5.361837913042139,20.68667894260479,349.26631503386284,False,False,0.5363128491620112,2
Sirsa,551,179,0.9598625807948142,1.2537567462090078,0.9546263281216436,0.5905736891817175,10.486697575979697,7.766592348063594,39.16310539621111,268.59735963297027,False,False,0.6368715083798883,2
Sitamarhi,551,179,0.9690575042476778,0.9076941908475531,0.6914764258260947,0.8506640083673013,6.569811422191963,4.866625978243634,26.627094035766675,289.0289316812834,False,False,0.659217877094972,2
Sitapur,551,179,0.9595898650337478,1.06763859723359,0.798284408373974,0.81073964220618,7.712554758068687,5.687924167979807,28.20708654536375,314.2945600948784,False,False,0.6368715083798883,2
Sivaganga,551,179,0.14118135070717186,1.202567230001478,0.9043373752564361,0.338662747803671,6.16930625583135,4.596724466265013,1.6839037483224621,57.550575824724575,False,False,0.2011173184357542,4
Siwan,551,179,0.9570582901875773,1.109765658526968,0.8452893210643484,0.7969038782766327,7.96327876070846,5.584083656621772,28.68026965450516,312.23544833182484,False,False,0.7094972067039106,2
Solan,551,179,0.9414994252613478,1.4425160305889093,1.0357831330398948,0.754211468951442,9.171739237950199,6.904143573109468,35.5697787210137,342.2486813769857,False,False,0.6983240223463687,3
Solapur,551,179,0.7920765314769336,1.0858747280876102,0.8548123202103572,0.9083571954051984,5.962077483128014,4.328088930657735,5.670951593271122,387.8795293530164,False,False,0.4245810055865922,2
Somnath,551,179,0.8972407814918026,0.6657135195337494,0.5179499747063859,0.7000935349937605,9.17753712534497,6.7390474970250365,4.312746793171249,280.8448550294935,False,False,0.3575418994413408,3
Sonipat,551,179,0.9481079739227279,1.4128406723505642,1.0620249973702187,0.6814344949154317,8.318620980440116,6.24454988220612,38.466772572641304,217.2220592366031,False,False,0.18435754189944134,5
South Salmara,551,186,0.9532156324338332,0.8151418763454275,0.6399254082484958,0.8480231521289265,7.04764147551,5.036155182457254,14.202527748872702,326.82116429645043,False,False,0.5,3
South Suburban,551,179,0.903929574080654,1.4176039839966703,1.0958693072278365,0.6270815691539198,5.839624029843007,4.384471234302073,20.917998814019537,91.44414968321837,False,False,0.12849162011173185,4
Srikakulam,551,179,0.9267202130059857,0.6658113613763927,0.5229470235340369,0.4047179240447992,5.015780837639326,3.7369478627399033,6.0494822258980685,42.262413782341376,False,False,0.4581005586592179,3
Srinagar,551,178,0.9075677109427577,1.6040727427201102,1.1428635974461847,0.8314501222970292,8.479542533616454,6.166917619666318,27.8371269410428,426.5956318646635,False,False,0.6460674157303371,2
Sukma,551,179,0.8300565973124387,1.073496233912312,0.8173360105207589,0.7622745933697141,8.066919804299385,6.011221471742956,6.781046783808244,273.74101931899753,False,False,0.48044692737430167,3
Sultanpur,551,179,0.9473026665522578,1.2353600478037687,0.9004951693186637,0.7664977849811154,9.188464983077296,6.4185803640634225,28.959993757997566,361.57211073312317,False,False,0.6312849162011173,2
Sundargarh,551,179,0.866860266302002,1.2340631544802472,0.9161090684661318,0.7719872617334343,9.126482016145896,6.355765298224595,11.438447613994569,365.29833650635123,False,False,0.547486033519553,3
Supaul,551,179,0.9575183053169778,1.0264558336192555,0.8166803865131254,0.8418319344127455,7.288795574958703,5.234079212571594,24.801543023001777,335.8866452357916,False,False,0.6256983240223464,2
Surajpur,551,179,0.924437142648118,1.3699622028898806,1.0556031107432993,0.7584806870747953,7.937541036131069,5.352223087513457,24.837552510845477,260.8675759183546,False,False,0.6256983240223464,2
Surat,551,179,0.7780151920092147,0.807215979401849,0.6098578933356565,0.8784107112524856,6.592362221385295,4.58989759385114,2.9353253643768924,357.4265472363534,False,False,0.36312849162011174,3
Surendranagar,551,179,0.888799158757086,1.0661238657566725,0.7590625196467367,0.7831810667865134,7.9933200207573405,5.758114754491287,10.221326425517304,294.68443556692984,False,False,0.4581005586592179,2
Surguja,551,179,0.9149201306875927,1.2020456298170268,0.8809929598203957,0.789468083622794,8.884340769483956,6.40524342350553,16.983026746980432,374.91470303673424,False,False,0.5363128491620112,3
Suryapet,551,179,0.7722140433949025,0.9014543519155233,0.6670027863574206,0.35863849068157405,8.484065833055743,5.808189334999993,3.567471676913954,112.22901906931742,False,False,0.3854748603351955,3
Talab Data,551,161,0.959617793913085,1.058928748783018,0.7856911022546291,0.786429828865947,7.556887121865514,5.630054230408666,27.767925620153544,267.39006982755296,False,False,0.6708074534161491,2
Tamenglong,551,179,0.9101429782686066,1.218693350438718,0.8522193328485473,0.7795574128680004,6.550555554660198,4.6551580374771655,16.528630192565775,194.6528510346119,False,False,0.5363128491620112,3
Tarn Taran,551,178,0.9408372012860614,1.6422026770650544,1.261834458539756,0.4079039775263461,7.043890322867993,4.7100065588550715,45.58319909102386,83.7978790556748,False,False,0.15168539325842698,3
Tawang,551,179,0.5066348987020294,2.865476709143008,2.032356043591713,0.5316982955239306,7.960456032351015,5.988231948383612,16.64275958927624,135.31631347336227,False,False,0.6089385474860335,2
Tehri-Garhwal,551,178,0.9276192247744367,1.4493162532460573,0.9975417479111325,0.7705373816741917,8.05758718041725,5.727681970788622,29.020380002524934,282.94243151117286,False,False,0.6460674157303371,3
Tenkasi,551,178,0.7166014853336478,1.5282965495373055,1.0546301883033928,0.6318429164079464,4.4713345813301935,3.3557878947036293,8.241716954929933,54.30516980179271,False,False,0.3146067415730337,9
Thane,551,179,0.3352551620890646,1.2844503998036843,0.9912788008088809,0.7306473263322769,10.061509207366917,7.380568386929668,2.481873849130802,375.8417028182641,False,False,0.0670391061452514,6
Thanjavur,551,179,0.3419002938720298,1.107891709377604,0.8336132139619801,0.20460715604784618,5.365556305037589,4.056345860735676,1.8651034611903494,36.194937736025715,False,False,0.061452513966480445,6
Thiruvananthapuram,551,179,-0.2515696644022525,1.4240709257236217,1.1027932181055198,0.39384303790608044,5.77336036881321,4.675487140581592,1.620347679535595,54.9885459255329,False,False,0.05027932960893855,6
Thiruvarur,551,179,0.6401770270292958,0.866172932310937,0.6238856324578835,0.4017755999512542,5.1294911501594544,3.9388469592187305,2.0850685059767176,43.98295933335414,False,False,0.29608938547486036,3
Thoubal,551,179,0.9411674847659455,1.145871954578085,0.8399949649577139,0.7882000600691803,5.89362312435502,4.078446229338294,22.3179738460098,163.99812739926966,False,False,0.5363128491620112,3
Thrissur,551,179,-0.12641227597033855,1.2925120586451888,1.0067273032483468,0.48887927115989116,5.540920135204559,4.307553922736117,1.4831047720108612,60.067600886364346,False,False,0.0670391061452514,6
Tikamgarh,551,179,0.9201000807362261,1.2880563047173637,0.9382222488013124,0.8209446884248113,7.948713264604273,5.733665798551104,20.764589744389998,352.8632689366749,False,False,0.5977653631284916,2
Tinsukia,551,179,0.9332400022904388,1.1005494295013514,0.810024451589818,0.7845285670739282,6.819047518313972,4.677852487454115,18.142736493867233,215.80312724321962,False,False,0.553072625698324,2
Tirap,551,179,0.9595595056533784,1.0642514877099063,0.8273615833094505,0.6170502638828561,7.266535001754803,5.305530819568212,28.007353703067942,137.8837114946475,False,False,0.5754189944134078,2
Tiruchirappalli,551,179,0.38295942482212963,1.0421525436226706,0.7995198335341779,0.237967661127634,5.215411634386865,3.9849621210333934,1.760146687057208,35.69470366093443,False,False,0.055865921787709494,6
Tirunelveli,551,178,0.7496270126332065,0.7163691317758019,0.558774195526407,0.6807361305656463,4.5979851261392275,3.650013642103017,2.0496809115010737,66.21941674031056,False,False,0.30337078651685395,3
Tiruppur,551,179,0.29678233583315516,1.2185921184347255,0.9530579709045021,0.6493236780142615,7.764367192968827,5.897185319615488,2.1116744171530226,171.9118005056022,False,False,0.0670391061452514,5
Tiruvannamalai,551,179,0.831764537995212,0.8133405689691992,0.6294881286670941,0.5495986540699402,4.88063476770966,3.9523500148379562,3.9321250897287854,52.88748790612028,False,False,0.37988826815642457,2
Tonk,551,179,0.9434320245813447,1.2084846126027273,0.9224309571324718,0.7044541641639395,9.440839555580077,6.75754391773211,25.817347148965382,301.5757310945352,False,False,0.5642458100558659,3
Tuensang,551,179,0.9689624643354867,1.1561080671834307,0.7946904815475404,0.5059404565636099,5.775133980354814,4.211092764570677,43.06353047657689,67.50638244748914,False,False,0.5586592178770949,3
Tumkur,551,179,0.5821134202015006,1.1130823241256749,0.8596347874272977,0.6904806869620925,7.446835464411209,5.5043259280997905,2.9648050934739856,179.16606847476675,False,False,0.31843575418994413,3
Udaipur,551,351,0.08395952040717591,4.904401905776559,3.7998910321583432,-0.47024896896658475,25.479391531052904,20.747294828867194,26.257745797517877,441.5574548907882,False,False,0.4757834757834758,2
Udalguri,551,179,0.952117482971749,1.033689887549716,0.7232782059299468,0.8281329858243404,6.27509941243297,4.408796484342547,22.31534284198371,229.11244967385537,False,False,0.6368715083798883,2
Udhampur,551,179,0.9739206634896866,1.3553577402412316,0.9293755134391618,0.8096890954306044,7.965768041740524,5.888285599119573,70.43870166349365,333.41999313379733,False,False,0.6927374301675978,3
Udupi,551,178,-0.14360546798453977,1.27093620491784,0.9623534519585639,0.40120311618550175,6.273806805779679,4.98112306276879,1.4124441358414341,65.73289357404369,False,False,0.07303370786516854,6
Ujjain,551,178,0.7453224076809715,1.4160231923716713,1.0987589365528432,0.7225766798363495,8.295981093341187,6.320098132609132,7.873176682237091,248.0804507006691,False,False,0.2247191011235955,4
Ukhrul,551,179,0.936705662614002,1.0692783602421065,0.7882184962300264,0.6464627182361175,7.247906369184499,4.992445228714808,18.064115352204986,148.59011891014637,False,False,0.553072625698324,2
Umaria,551,178,0.8900068457337817,1.2797859119680794,0.9102794407120736,0.8223159654883464,8.71273536828003,5.930670054226092,14.890490152758492,427.2289168034339,False,False,0.5842696629213483,2
Una,551,179,0.8290916898933798,0.8680512859323771,0.6737992245239292,0.784141633863064,8.994001823570446,6.768026493733806,4.408873006460473,374.74604413095716,False,False,0.40782122905027934,2
Unnao,551,179,0.9128096104103397,1.7808888899449435,1.3349278084781269,0.6177708796300545,7.8733423994542235,5.823230429856931,36.37516993851627,162.1789582097937,False,False,0.17318435754189945,6
Upper Tirupati,551,179,0.8752758916393515,0.9221785071173926,0.7052173303553495,0.4913260846779085,6.380434758074636,4.963636343837979,6.818354608158297,80.03152211229363,False,False,0.45251396648044695,2
Uttarkashi,551,179,0.8862727024138565,2.534451431058988,1.7724757675065184,0.6389083731271537,10.458824873723014,8.134034327447194,56.481110452233075,302.9342405043538,False,False,0.7486033519553073,3
Vadodara,551,179,0.8281025839272647,1.0382683413241074,0.8249298620430858,0.838790378604741,8.4156965610597,6.037994373056927,6.271188789363627,439.3282981180362,False,False,0.44692737430167595,2
Valsad,551,179,0.7401747967510843,0.8461276520508504,0.6389926996927582,0.8679089009130281,6.933761893309195,5.196491014583456,2.7554370962204673,363.9689148278768,False,False,0.3575418994413408,3
Varanasi,551,179,0.9533414295784998,1.1234383659008205,0.8351349297603416,0.832780582965376,7.5353476261097025,5.427888434242076,27.049987828095254,339.5626228894229,False,False,0.6424581005586593,2
Vellore,551,179,0.8548743640774561,0.9206109242600884,0.7127565069559211,0.5834200623971845,5.505962202289473,4.332039277907399,5.839936331575169,72.77263506132768,False,False,0.4581005586592179,3
Vidisha,551,179,0.84906989468711,1.348215581493258,1.0194246994989538,0.6640295552096058,11.499436878703616,8.479069780099225,12.043225242657845,393.59726600293374,False,False,0.44692737430167595,4
Vikarabad,551,179,0.7137382513041688,1.1305756012771504,0.8993038554215561,0.47629505678666784,8.061064780642392,6.205863087765785,4.465148403607877,124.0789613307949,False,False,0.09497206703910614,9
Visakhapatnam,551,179,0.8896574356155184,0.5972134513488415,0.4387255600058982,0.4402669387832575,4.710377599569341,3.616605614196374,3.23233294840985,39.63971161948753,False,False,0.35195530726256985,2
Vizianagaram,551,179,0.9169475285896567,0.7005131459288793,0.5183861920422078,0.23419473824166614,5.66484716169844,4.2790217249636235,5.908537810929747,41.90424768265659,False,False,0.48044692737430167,3
Wanaparthy,551,179,0.7661597644425975,0.9843593148852612,0.7557359830126911,0.7475543506203364,7.793192464645658,5.8675236190050395,4.143697762242128,240.58187946693297,False,False,0.37988826815642457,2
Warangal,551,179,0.812708046096099,0.9713503889557351,0.7506973135565841,0.6278234668666655,10.156112542985193,6.919433387553738,5.037704815704878,277.144346306295,False,False,0.3854748603351955,3
Wardha,551,179,0.7452764952001526,1.567394286337898,1.2266634714394935,0.5928816328211715,7.795923808601519,5.625476494488942,9.644672763022378,149.28441684092257,False,False,0.11731843575418995,5
Washim,551,179,0.7706535306169282,1.0648182044596728,0.7993605664380152,0.9277180976257255,5.772572686387979,4.407896728842338,4.943777035673044,461.0088324334447,False,False,0.4245810055865922,2
West Godavari,551,179,0.4921472071418823,1.5787770401551926,1.0992199711376682,0.2498414737812653,5.246663411602807,4.031740915419224,4.907991011516496,36.69554633126307,False,False,0.37988826815642457,4
Wokha,551,179,0.5841678719395371,4.2301280259235705,2.9109307908257005,0.7012707667773364,5.336146471461492,3.6033035779827434,43.031747448581505,95.318623014263,False,False,0.7374301675977654,2
Yadgir,551,179,0.7733477444820661,1.0792322178968001,0.7956010032304349,0.8349791457512802,7.561114526104236,5.816341062620407,5.138895165569115,346.4438063730845,False,False,0.43575418994413406,2
Yamunanagar,551,179,0.9632147186609938,1.0051295005946588,0.7577194362612703,0.8377714685945868,7.246341025189344,5.522686681182031,27.4643900003121,323.6758528135826,False,False,0.6145251396648045,4
Yanam,551,179,0.8547308816282402,0.7946868389453676,0.6091547335076771,0.46901651571790504,4.485292161621201,3.4861047483278176,4.3472912830436,37.88789363627853,False,False,0.39664804469273746,2
Yavatmal,551,179,0.8251408100574826,1.073781032095701,0.8632333925650949,0.9071282022985762,6.58916954429233,5.00302557800872,6.593909678224773,467.4955837832777,False,False,0.4581005586592179,2
Zunheboto,551,179,0.9258547819556218,1.1434856973898373,0.832689916462687,0.5426389210291431,5.877787255214048,3.8505522453495526,17.63511625729534,75.53852876002621,False,False,0.4692737430167598,2
